gene	mean	CM_1_mean	CM_1_positive_frac	CM_2_mean	CM_2_positive_frac	log2FC	-log10 p-val	is_significant
ISG15	0.25031054	0.29725164	0.3658126422000198	0.1757669	0.1736395092796477	-0.757686	44.55244	1
CCNL2	0.22403136	0.25390425	0.32070432288060147	0.17662495	0.1819754639823844	-0.52334684	33.446995	1
TMEM52	0.011719912	0.007934036	0.011474923335641507	0.01773606	0.01871657754010695	1.1506003	6.9259906	1
PRDM16-DT	0.16204157	0.12605163	0.16539717083786726	0.21929036	0.20902799622522805	0.7983413	44.55244	1
ARHGEF16	0.01338168	0.009761924	0.013849045405084578	0.019131685	0.020446681346335326	0.9635441	5.854869	1
RNF207	0.063376926	0.07503154	0.0996142051637155	0.044826422	0.046240956275558354	-0.74185455	16.633574	1
ICMT	0.15920044	0.18057391	0.23691759817983973	0.12527256	0.13211701793016672	-0.52716666	23.548477	1
PER3	0.09133939	0.06668834	0.09278860421406668	0.13051961	0.13494809688581316	0.9677034	37.973213	1
SRM	0.28505006	0.32468405	0.3929172024928282	0.22211888	0.22617175212330923	-0.5474993	44.55244	1
FBXO2	0.28685436	0.23690884	0.28341082203976653	0.36633474	0.339572192513369	0.6286153	44.55244	1
C1orf167	0.020261662	0.028413996	0.040854683944999505	0.0073077558	0.00865051903114187	-1.9445618	32.459904	1
MTHFR	0.20254222	0.23294255	0.2935008408348996	0.15429856	0.15948411450141553	-0.5939341	37.497143	1
NPPA	0.5620362	0.82027054	0.48639825897714906	0.15154858	0.12016357345077068	-2.4355438	44.55244	1
NPPB	0.09631761	0.13458315	0.09278860421406668	0.03545727	0.031141868512110725	-1.9213529	44.55244	1
MIIP	0.0478946	0.055781227	0.07785141952715402	0.035336375	0.037275872916011324	-0.6571326	10.492967	1
DHRS3	0.0124109285	0.0053618317	0.008111583737263825	0.023615628	0.02500786410821013	2.1183815	18.504972	1
PDPN	0.23935117	0.29783472	0.3203086358690276	0.14645587	0.14768795218622208	-1.0235455	44.55244	1
TMEM51-AS1	0.033492077	0.026837688	0.03640320506479375	0.044078108	0.04749921358917899	0.71370566	8.164058	1
EFHD2	0.20928763	0.15222263	0.19507369670590563	0.30008203	0.2769738911607424	0.97870725	44.55244	1
FAM131C	0.029123507	0.02438861	0.0342269265011376	0.036661755	0.040421516200062915	0.58609486	5.336096	1
EPHA2	0.022571439	0.030898439	0.04461371055495103	0.009339627	0.010223340673167663	-1.7153939	28.700523	1
MFAP2	0.19654335	0.13543145	0.16717776238994955	0.2937597	0.2777603019817553	1.1164998	44.55244	1
ARHGEF10L	0.058892965	0.06680966	0.0952616480364032	0.046286058	0.050173010380622836	-0.5285234	8.796929	1
ALDH4A1	0.051611166	0.059566166	0.08339103768918785	0.038944017	0.04340987731991192	-0.6118116	10.221787	1
IFFO2	0.01848153	0.0220508	0.032050647937481455	0.012807954	0.014469959106637308	-0.77909845	6.1449423	1
EMC1-AS1	0.038507827	0.032534543	0.04589969334256603	0.048004735	0.051588549858446055	0.55977905	6.1989317	1
FAM43B	0.014685326	0.010943195	0.01553071520427342	0.020629121	0.022805913809374016	0.9085014	6.0181255	1
RAP1GAP	0.015958214	0.008146129	0.011771688594321891	0.028376032	0.031456432840515886	1.7879592	19.35345	1
EPHB2	0.08400988	0.09789987	0.1328519141359185	0.061904076	0.06590122680088079	-0.6604168	18.357101	1
GALE	0.09332376	0.11162445	0.1522405777030369	0.064205185	0.06936143441333753	-0.79693794	29.680277	1
TMEM50A	0.8400547	0.96095914	0.8171926006528836	0.6478546	0.5563070147845235	-0.56873244	44.55244	1
LDLRAP1	0.039973788	0.046382792	0.06578296567415175	0.029771568	0.0328719723183391	-0.6379239	8.545849	1
AL031280.1	0.020452175	0.024999935	0.03511722227717875	0.013228823	0.01368354828562441	-0.9131342	8.340662	1
SELENON	0.14999284	0.17696935	0.2318725887822732	0.10714324	0.11371500471846492	-0.7234279	40.31709	1
AUNIP	0.0033123752	0.0049944115	0.007913740231476903	0.0006388062	0.0009436929852154766	-2.7856476	10.726289	1
STMN1	1.3344678	1.5478837	0.9335245820555941	0.99516416	0.6950298836111984	-0.6372389	44.55244	1
EXTL1	0.018446352	0.024477337	0.035512909288752594	0.008862938	0.009908776344762504	-1.4552851	18.292976	1
FAM110D	0.064024314	0.075062834	0.10436244930260165	0.046454083	0.05033029254482542	-0.6911118	15.448063	1
SH3BGRL3	0.58117634	0.66187596	0.618260955584133	0.45291972	0.4045297263290343	-0.54720503	44.55244	1
MAP3K6	0.017617442	0.020783331	0.030072212879612228	0.012583281	0.014155394778232149	-0.7194239	5.096227	1
BX293535.1	0.012060412	0.008774946	0.013453358393510733	0.017279455	0.01918842403271469	0.96957254	5.664785	1
IFI6	0.11823085	0.13356361	0.17964190325452567	0.09383298	0.09893048128342247	-0.508903	15.965179	1
SESN2	0.17489702	0.102713175	0.14106241962607577	0.28969803	0.2577854671280277	1.4950225	44.55244	1
SNHG12	0.058264997	0.049695123	0.07082797507171827	0.07187017	0.07691097829506134	0.53139466	8.442538	1
EPB41	0.26689443	0.20255713	0.2578890097932535	0.3692556	0.34523435042466183	0.8659695	44.55244	1
TMEM200B	0.0719009	0.04212214	0.05678108616084677	0.11923611	0.120792702107581	1.498959	44.55244	1
PTPRU	0.034724444	0.024750462	0.03689781382926106	0.050586414	0.05536332179930796	1.0283265	16.815376	1
LINC01778	0.018552061	0.025075438	0.03561183104164606	0.008187516	0.009122365523749607	-1.6030053	21.15945	1
SDC3	0.55612844	0.641342	0.6291423484024137	0.42069823	0.3832966341616861	-0.6081903	44.55244	1
SERINC2	0.033858813	0.023353394	0.03373231773667029	0.050566103	0.0542623466498899	1.1112242	18.293964	1
COL16A1	0.11339445	0.13838731	0.18300524285290334	0.0736351	0.07816923560868197	-0.90933025	44.55244	1
CCDC28B	0.49756774	0.6022704	0.625581165298249	0.33116925	0.3195973576596414	-0.8626467	44.55244	1
TMEM234	0.07668178	0.0930024	0.12958749629043426	0.050712105	0.056307014784523435	-0.8736461	29.45081	1
FAM229A	0.047393758	0.059540723	0.08180828964289247	0.028059915	0.030827304183705568	-1.0826548	25.858753	1
ZBTB8B	0.007742881	0.010085683	0.015135028192699575	0.0040179896	0.004561182761874803	-1.3065307	6.9704547	1
YARS	0.393542	0.2751697	0.3387080819072114	0.58178806	0.4850581944007549	1.0798959	44.55244	1
FNDC5	0.06011537	0.05096989	0.07003660104857058	0.074634045	0.07864108210128971	0.5492927	8.971148	1
TMEM54	0.14000556	0.16185008	0.20724107231180136	0.10529657	0.10994023277760302	-0.61972123	27.0509	1
RNF19B	0.04597672	0.052580293	0.07359778415273519	0.035458572	0.039005976722239696	-0.5670659	7.859034	1
SFPQ	0.61194664	0.73036873	0.68562666930458	0.42371446	0.3837684806542938	-0.7853898	44.55244	1
C1orf216	0.039898258	0.046503108	0.06706894846176674	0.029383834	0.032557407989933944	-0.66050214	9.215882	1
CLSPN	0.01620395	0.021208843	0.028489464833316845	0.008243584	0.007864108210128971	-1.3527132	11.946409	1
AGO4	0.11553489	0.1314284	0.1792462162429518	0.09024515	0.09672853098458635	-0.54185534	17.909874	1
AGO1	0.12387862	0.14430133	0.1918092788604214	0.09138818	0.09908776344762504	-0.6584267	27.575438	1
EVA1B	0.11942222	0.14466375	0.18330200811158373	0.079266965	0.08320226486316452	-0.8670899	42.287624	1
AL139260.1	0.025059996	0.017429696	0.024631516470471855	0.037197273	0.04026423403586033	1.0892693	13.230979	1
MYCBP	0.13488583	0.1673601	0.22089227421109903	0.08326518	0.08996539792387544	-1.0063006	44.55244	1
HEYL	0.0043689013	0.0063018976	0.00929864477198536	0.0012964313	0.0014155394778232148	-2.196755	8.952084	1
MFSD2A	0.0051679355	0.0070518055	0.010386784053813434	0.0021734496	0.00267379679144385	-1.6534245	7.157706	1
CAP1	0.5614118	0.6339983	0.6367593233752102	0.44605464	0.4120792702107581	-0.50716275	44.55244	1
ZMPSTE24	0.09254799	0.11382028	0.1580769611237511	0.058704343	0.061969172695816296	-0.9540299	41.01576	1
EXO5	0.021743989	0.025374262	0.0372935008408349	0.015979566	0.017458320226486315	-0.6638119	5.289494	1
ZNF684	0.049983323	0.05784665	0.08378672470076169	0.03746206	0.04167977351368355	-0.62544906	10.431179	1
CTPS1	0.058434762	0.06699633	0.09377782174300128	0.044802837	0.050173010380622836	-0.5794272	10.515214	1
AC093151.8	0.025214069	0.030094763	0.04362449302601642	0.01746155	0.019345706196917268	-0.7818782	8.088262	1
FOXO6	0.046214435	0.036284517	0.05143931150459986	0.061992392	0.06621579112928594	0.77109176	12.905649	1
P3H1	0.06858569	0.077734515	0.10713225838361856	0.054018583	0.05803711859075181	-0.524286	9.832216	1
SLC2A1	0.873472	0.6922214	0.6271639133445445	1.1616697	0.7551116703365839	0.74681026	44.55244	1
SLC2A1-AS1	0.0553181	0.045985267	0.06469482639232367	0.070138544	0.07675369613085876	0.6079573	10.364175	1
CDC20	0.0051577515	0.00677281	0.01009001879513305	0.002590659	0.0029883611198490093	-1.3529404	5.060858	1
ELOVL1	0.088938646	0.10596358	0.14600850727074885	0.061848197	0.06637307329348852	-0.77579516	26.566778	1
ARTN	0.15564811	0.17687556	0.21208823820358097	0.12194981	0.12346649889902485	-0.5360802	21.565823	1
AL357079.1	0.014984355	0.009920534	0.0140468889108715	0.02303076	0.023435042466184334	1.2068533	9.003403	1
SLC6A9	0.01919794	0.012246766	0.01800375902660995	0.030248921	0.032557407989933944	1.297512	13.641714	1
AL139220.2	0.027497673	0.02274075	0.032347413196161835	0.035070565	0.03633217993079585	0.62275857	5.3111086	1
TMEM53	0.051156256	0.057868447	0.08279750717182709	0.0404653	0.045139981126140295	-0.5150217	7.4615993	1
PLK3	0.016507486	0.020177217	0.029379760609358	0.010668879	0.011953444479396037	-0.9129916	7.274109	1
UROD	0.26451784	0.30341187	0.3726382431496686	0.20276363	0.20887071406102548	-0.5812426	44.55244	1
TOE1	0.048063632	0.055758264	0.08062122860817093	0.03581052	0.03884869455803712	-0.63736427	10.310303	1
AKR1A1	0.3263675	0.37127796	0.4331783559204669	0.25504375	0.2529097200377477	-0.541578	44.55244	1
MAST2	0.1172876	0.13284045	0.17914729449005837	0.09253972	0.09908776344762504	-0.52107733	16.84049	1
PIK3R3	0.12037643	0.16553499	0.2150558907903848	0.0485551	0.05331865366467443	-1.7673446	44.55244	1
AL358075.2	0.0031306096	0.004611749	0.006924522702542289	0.0007764669	0.001100975149418056	-2.426491	8.660415	1
POMGNT1	0.17110993	0.20631538	0.27035315065782967	0.11522635	0.12299465240641712	-0.8398284	44.55244	1
LURAP1	0.03958617	0.04768413	0.06736571372044713	0.026695583	0.029097200377477195	-0.8345363	13.836803	1
MKNK1	0.083452664	0.09576791	0.1343357404293204	0.063849926	0.06857502359232463	-0.5841052	14.900603	1
TTC39A	0.07380229	0.088387914	0.12137699080027699	0.050590795	0.05536332179930796	-0.8037566	23.790707	1
ECHDC2	0.18545793	0.21839748	0.27223266396280543	0.13317707	0.1369927650204467	-0.71318805	44.55244	1
SCP2	0.62143713	0.7154128	0.6948263923236719	0.4720709	0.43252595155709345	-0.5996685	44.55244	1
PODN	0.0036696324	0.005333309	0.007419131467009596	0.0010253603	0.0009436929852154766	-2.271444	7.487556	1
LRP8	0.097403206	0.121060885	0.15847264813532497	0.059766766	0.06322743000943692	-1.0170968	44.55244	1
GLIS1	0.047725912	0.067755274	0.07923632406766248	0.015857635	0.015885498584460523	-2.0882142	44.55244	1
YIPF1	0.09947873	0.113279395	0.15540607379562765	0.07751432	0.08304498269896193	-0.54676366	15.666946	1
DHCR24	0.1519978	0.20890246	0.26095558413295084	0.06161352	0.06731676627870399	-1.7598615	44.55244	1
PLPP3	0.15153183	0.1266075	0.16134137896923534	0.19117878	0.18606480025165145	0.59417504	24.961548	1
DAB1	0.01093432	0.01453695	0.020081115837372637	0.0051991735	0.006448568732305757	-1.4657757	11.24939	1
CYP2J2	0.023135105	0.03155887	0.042338510238401426	0.009749431	0.01100975149418056	-1.6844976	27.286867	1
ROR1	0.23954022	0.28778613	0.34444554357503215	0.1629201	0.1659326832337213	-0.82044834	44.55244	1
CACHD1	0.23143597	0.26718795	0.31664853101196955	0.17468265	0.17709971689210444	-0.6128327	44.55244	1
SLC35D1	0.032096427	0.036426887	0.05203284202196063	0.025217427	0.02783894306385656	-0.52882814	5.0081277	1
GNG12	0.25553885	0.30037367	0.3634385201305767	0.1843424	0.19078326517772884	-0.7040681	44.55244	1
WLS	0.5724895	0.64660376	0.6480364032050648	0.4547005	0.4197860962566845	-0.50787127	44.55244	1
RPE65	0.008094383	0.010493286	0.014640419428232269	0.0042795385	0.004561182761874803	-1.2742995	6.419874	1
CTH	0.027826414	0.01787471	0.02552181224651301	0.043653715	0.04671280276816609	1.2834371	19.028778	1
FPGT	0.050444756	0.059084926	0.08408348995944208	0.036687903	0.04246618433469645	-0.68599826	12.709166	1
TNNI3K	0.035883117	0.047346383	0.06766247897912751	0.017646626	0.020289399182132746	-1.4187534	33.27404	1
CRYZ	0.13249508	0.15816781	0.20961519438124443	0.09167837	0.0962566844919786	-0.7861417	41.072147	1
NEXN	1.5207936	1.731726	0.9513304975764171	1.1854291	0.7513368983957219	-0.5467629	44.55244	1
PTGFR	0.013155121	0.004861595	0.0067266791967553665	0.026339471	0.02658068575023592	2.4138174	21.991087	1
ADGRL4	0.005705209	0.0078151645	0.009991097042239588	0.0023513685	0.00267379679144385	-1.6910318	6.986473	1
TTLL7	0.1874762	0.21822186	0.2768819863487981	0.13868289	0.1429694872601447	-0.6536269	41.159042	1
AL359504.2	0.07851422	0.06740586	0.09407458700168167	0.09615594	0.10003145643284052	0.51186293	10.28951	1
PRKACB	0.2794484	0.31516	0.3821347314274409	0.22275473	0.22601446995910665	-0.5004385	39.366463	1
CTBS	0.21037841	0.23860876	0.3022059550895242	0.16558321	0.1720666876376219	-0.5268242	31.402102	1
DDAH1	0.030161927	0.040301234	0.055594025126125234	0.0140485335	0.01620006291286568	-1.513747	30.470833	1
AC092807.3	0.007618453	0.009864099	0.014541497675338806	0.004048515	0.004561182761874803	-1.2641444	6.409734	1
CCN1	0.11442786	0.15462261	0.18181818181818182	0.05049761	0.05284680717206669	-1.612543	44.55244	1
ODF2L	0.2828944	0.32583398	0.3902463151647047	0.21470827	0.21516200062912866	-0.60153013	44.55244	1
PKN2-AS1	0.010120981	0.012462863	0.017608072015036107	0.006390606	0.007549543881723813	-0.9527401	5.0617375	1
GBP3	0.016349355	0.022120468	0.03274310020773568	0.0071706963	0.007706826045926392	-1.6117238	18.95442	1
GBP1	0.019670801	0.02685766	0.035710752794539516	0.008251713	0.00865051903114187	-1.6905513	22.211954	1
GBP2	0.09164944	0.11099496	0.13680878425165693	0.06086992	0.0627555835168292	-0.86562365	30.50797	1
GBP4	0.007994999	0.010842326	0.014541497675338806	0.0034673223	0.003932054105064486	-1.617006	9.233375	1
LINC02609	0.016862856	0.012769401	0.01879513304975764	0.02336641	0.026266121421830765	0.86665225	6.419711	1
CNN3	0.5349101	0.61456454	0.6264714610742902	0.40832177	0.37794904057879836	-0.5897395	44.55244	1
ALG14	0.05953928	0.06925944	0.09842714412899396	0.04406532	0.047656495753381566	-0.65117836	12.9833765	1
CDC14A	0.03547065	0.041225053	0.05697892966663369	0.026317501	0.027996225228059137	-0.6455227	7.623785	1
VCAM1	1.4358902	1.6814827	0.9353051736076763	1.045433	0.6846492607738283	-0.6855811	44.55244	1
EXTL2	0.2361982	0.280258	0.3472153526560491	0.16623336	0.1726958162944322	-0.7531926	44.55244	1
VAV3	0.0105317645	0.01327965	0.018102680779503413	0.0061556376	0.006448568732305757	-1.0968117	5.9403415	1
LINC02785	0.0011462654	0.001867717	0.0027698090810169156	-1.0768417e-09	0.0	-4.298466	6.326883	1
FAM102B	0.10001539	0.12241054	0.16559501434365417	0.06438575	0.06763133060710916	-0.9258536	41.27323	1
HENMT1	0.017862001	0.022850107	0.03264417845484222	0.009931352	0.01116703365838314	-1.1939849	12.536089	1
TAF13	0.093651146	0.10993638	0.15135028192699573	0.06773692	0.0742371815036175	-0.6978379	23.355577	1
SARS	0.51280725	0.4012173	0.4638440993174399	0.6902618	0.5526895250078641	0.7826092	44.55244	1
SORT1	0.18214966	0.21367711	0.2783658126422	0.13211352	0.13730732934885184	-0.69323766	44.55244	1
SYPL2	0.027548613	0.03607395	0.050845780987239096	0.01400131	0.015570934256055362	-1.359122	23.150284	1
WDR77	0.10692874	0.13156508	0.18082896428924722	0.067736596	0.07549543881723812	-0.95673704	44.55244	1
INKA2	0.058206033	0.07587579	0.10485705806706895	0.030091818	0.03334381881094684	-1.3313822	44.55244	1
RHOC	0.91343164	1.0489665	0.8420219606291424	0.697967	0.577068260459264	-0.58766884	44.55244	1
SLC16A1	0.6140151	0.73906714	0.6587199525175587	0.41524377	0.3829820698332809	-0.83159477	44.55244	1
PHTF1	0.17701803	0.21951148	0.2820259174992581	0.10954689	0.11560239068889588	-1.0020885	44.55244	1
OLFML3	0.024049174	0.030290298	0.042635275497081807	0.014133684	0.01620006291286568	-1.0943017	13.870708	1
VANGL1	0.05724065	0.06515198	0.09387674349589474	0.044642765	0.0489147530670022	-0.5443672	9.069872	1
CASQ2	0.007076188	0.010824567	0.015827480462953805	0.0011172593	0.0012582573136206354	-3.1658678	22.289198	1
MAB21L3	0.0019803853	0.0029459586	0.004352557127312296	0.0004459573	0.0004718464926077383	-2.4800363	5.6077285	1
ATP1A1	1.8392879	2.100369	0.9885250766643585	1.4241761	0.8419314249764077	-0.56048256	44.55244	1
LINC01762	0.013684875	0.016458385	0.023840142447324165	0.009267975	0.01116703365838314	-0.8217529	5.317108	1
CD58	0.12262086	0.15688626	0.20654862004154714	0.068118185	0.07219251336898395	-1.20241	44.55244	1
IGSF3	0.43720248	0.5146075	0.5396181620338313	0.31421065	0.30292544825416795	-0.7115617	44.55244	1
MAN1A2	0.43295124	0.49078295	0.5397170837867247	0.3410732	0.3285624410191884	-0.52487475	44.55244	1
PHGDH	0.3082455	0.11598118	0.14679988129389654	0.61395985	0.4770368040264234	2.4032452	44.55244	1
NBPF15	0.023016673	0.02667608	0.03838164012266297	0.017206013	0.019502988361119848	-0.62967134	5.1477475	1
NUDT17	0.049236193	0.057633244	0.08180828964289247	0.035865836	0.039792387543252594	-0.68277514	11.825282	1
ANKRD34A	0.0291931	0.034222204	0.04866950242358294	0.02120495	0.023749606794589494	-0.68795365	7.4232793	1
POLR3GL	0.54699856	0.62668514	0.6422989415372441	0.42035294	0.3938345391632589	-0.57602674	44.55244	1
LINC01719	0.020133816	0.023612475	0.03323770897220299	0.014606635	0.01651462724127084	-0.6891791	5.29487	1
NOTCH2NLA	0.020887438	0.024738725	0.03521614403007221	0.014770748	0.015570934256055362	-0.740114	6.06038	1
FMO5	0.017953254	0.023006657	0.033138787219309525	0.009920748	0.011638880150990877	-1.2053185	13.053123	1
CHD1L	0.0067240954	0.008664214	0.012266297358789197	0.003639861	0.0037747719408619063	-1.22864	5.136029	1
GJA5	0.057131093	0.08741214	0.11346325056880008	0.00896288	0.009908776344762504	-3.2714417	44.55244	1
LINC02805	0.006898886	0.009675905	0.013453358393510733	0.002484368	0.0031456432840515887	-1.9194188	11.539774	1
NBPF14	0.037364073	0.04557556	0.06499159165100406	0.024300624	0.028310789556464298	-0.9045045	15.655397	1
PDE4DIP	0.9584759	1.1854312	0.8623998417251953	0.59766084	0.4985844605221768	-0.98789334	44.55244	1
SV2A	0.11704965	0.13891773	0.18547828667523988	0.08225816	0.08681975463982385	-0.75528544	33.243183	1
VPS45	0.17402664	0.21137092	0.27520031654960925	0.1147409	0.12409562755583517	-0.88082266	44.55244	1
CA14	0.057408188	0.048637368	0.06776140073202097	0.071333356	0.0742371815036175	0.5515696	8.610384	1
CIART	0.06332227	0.054054376	0.07399347116430903	0.07803567	0.08100031456432841	0.5289033	8.724453	1
ECM1	0.013074341	0.017799558	0.024037985953111088	0.0055542616	0.006448568732305757	-1.6625135	15.331447	1
MCL1	0.2359495	0.27837735	0.34543476110396676	0.16858175	0.17395407360805284	-0.72325593	44.55244	1
PRUNE1	0.11384367	0.13198376	0.1777623899495499	0.08498021	0.09201006605850896	-0.63455755	23.634438	1
CDC42SE1	0.23181199	0.27115837	0.3389059254129983	0.16934331	0.1750550487574709	-0.6788649	44.55244	1
MLLT11	0.80970263	1.0453682	0.8245128103669997	0.43505633	0.3894306385655867	-1.2645435	44.55244	1
RFX5	0.06635565	0.076138146	0.1062419626075774	0.05078158	0.0550487574709028	-0.58336943	11.835045	1
AL391069.2	0.02153186	0.027600143	0.03986546641606489	0.011891234	0.013054419628814092	-1.2079133	15.137795	1
SELENBP1	0.12321597	0.15248518	0.20140468889108715	0.07665719	0.08194400754954388	-0.9912409	44.55244	1
TDRKH	0.021943199	0.026164042	0.03768918785240875	0.01523986	0.01667190940547342	-0.7758037	6.973864	1
S100A11	0.86973214	1.0310322	0.7759422296963102	0.61330956	0.49292230261088393	-0.7493068	44.55244	1
S100A9	0.0023190693	0.0034558224	0.004946087644673063	0.00051239756	0.0004718464926077383	-2.537643	6.0955124	1
S100A8	0.007299534	0.01072522	0.013750123652191117	0.0018537206	0.002201950298836112	-2.4701004	15.704831	1
S100A6	0.5828267	0.7252176	0.5713720447126323	0.35650143	0.2897137464611513	-1.0243005	44.55244	1
S100A5	0.0024176512	0.0035631885	0.004946087644673063	0.00059707556	0.0006291286568103177	-2.393713	6.041502	1
S100A4	0.6544277	0.86023486	0.684538530022752	0.32728353	0.2856244101918842	-1.3939166	44.55244	1
S100A2	0.014780127	0.021136293	0.03096250865565338	0.0046670474	0.0053475935828877	-2.155364	27.755123	1
S100A16	0.43850297	0.49995807	0.5462459194776932	0.34086382	0.33076439131802454	-0.55247694	44.55244	1
S100A13	0.7508715	0.91084605	0.7804926303294094	0.4965643	0.43755898081157596	-0.8750946	44.55244	1
CHTOP	0.38576755	0.43715996	0.5025225046987832	0.30413598	0.30009436929852157	-0.5233005	44.55244	1
CREB3L4	0.047256574	0.038806193	0.05668216440795331	0.06068171	0.06653035545769109	0.64363736	9.868808	1
AQP10	0.034507483	0.043496665	0.06182609555841329	0.020211056	0.02233406731676628	-1.1019526	20.182703	1
SHE	0.007251709	0.009947135	0.014244732416658423	0.002966711	0.0031456432840515887	-1.7120199	9.489292	1
PBXIP1	0.36295828	0.41240743	0.46602037788109607	0.28441644	0.2790185592953759	-0.5359081	44.55244	1
SHC1	0.16466852	0.20389469	0.26471461074290237	0.10239104	0.11072664359861592	-0.9930338	44.55244	1
EFNA3	0.06906038	0.057058696	0.07824710653872786	0.088122115	0.09452658068575023	0.6261673	13.3419485	1
SCAMP3	0.15160719	0.17845333	0.23404886734592936	0.108969994	0.11670336583831394	-0.7111007	39.728565	1
FDPS	0.56342417	0.7166889	0.6650509447027402	0.31981698	0.31094683862849953	-1.1638508	44.55244	1
MSTO1	0.041541792	0.04724281	0.0671678702146602	0.032462485	0.03523120478137779	-0.5399345	6.5302625	1
RIT1	0.5481597	0.6235316	0.6403205064793748	0.428376	0.3966656181189053	-0.5414797	44.55244	1
LMNA	1.0907649	1.2871608	0.9068157087743595	0.7785345	0.6116703365838314	-0.7252862	44.55244	1
BGLAP	0.041649897	0.047090232	0.06578296567415175	0.03298546	0.03538848694558037	-0.51229095	5.9519014	1
PAQR6	0.039491706	0.04675646	0.06479374814521713	0.027925966	0.03004089336269267	-0.741484	10.893473	1
C1orf61	0.023941182	0.01856805	0.025027203482045703	0.03248905	0.030512739855300407	0.8038162	6.3179464	1
IQGAP3	0.002010687	0.0030129794	0.004748244138886141	0.00041786005	0.0004718464926077383	-2.5876617	6.3156033	1
GPATCH4	0.0997353	0.12012294	0.16114353546344842	0.06729809	0.07124882038376848	-0.83493245	33.494064	1
NES	1.230428	1.5477248	0.9343159560787417	0.72596806	0.5621264548600189	-1.0920655	44.55244	1
TAGLN2	0.021676771	0.026672967	0.03521614403007221	0.01374067	0.014941805599245045	-0.9518632	9.283276	1
ATP1A2	0.23512878	0.18210599	0.2224750222573944	0.31950542	0.29348851840201323	0.81072146	44.55244	1
CASQ1	0.064257696	0.08577727	0.11811257295479276	0.030022465	0.03381566530355458	-1.5114365	44.55244	1
PEA15	0.5760792	0.6871381	0.6530814126026313	0.39955825	0.36725385341302297	-0.78204316	44.55244	1
F11R	0.14319737	0.16930115	0.21950736967059056	0.101719506	0.10883925762818496	-0.7344297	38.975845	1
TSTD1	0.82941747	0.94116133	0.7641705411019883	0.6517796	0.5308273041837056	-0.52998984	44.55244	1
TOMM40L	0.03715059	0.045416582	0.06509051340389752	0.023997428	0.025636992765020447	-0.9175131	15.5566635	1
NOS1AP	0.12633918	0.1460242	0.1890394697794045	0.09502619	0.10097514941805599	-0.61928064	24.50358	1
C1orf226	0.039345253	0.046859756	0.06429913938074983	0.027382012	0.03035545769109783	-0.7729373	11.8002615	1
HSD17B7	0.034121536	0.040947616	0.05648432090216639	0.023268152	0.026108839257628184	-0.81275487	11.412725	1
RGS4	0.0076877214	0.010054088	0.01236521911168266	0.0039257696	0.004089336269267065	-1.3347243	5.7012935	1
RGS5	0.87215185	1.1627532	0.8296567415174597	0.41016304	0.3416168606480025	-1.5030481	44.55244	1
AL357568.2	0.033475235	0.039300438	0.05430804233851024	0.024213243	0.025951557093425604	-0.69646937	8.314025	1
RXRG	0.23933974	0.31476653	0.35997625877930556	0.11950512	0.1215791129285939	-1.3964611	44.55244	1
LRRC52-AS1	0.07644721	0.11708427	0.1440300722128796	0.0118134115	0.013998112614029569	-3.2981205	44.55244	1
DUSP27	0.1633497	0.22066915	0.2776733603719458	0.072303966	0.07832651777288456	-1.608398	44.55244	1
RCSD1	0.6087194	0.72964364	0.6730636066871105	0.41651335	0.36300723497955334	-0.8086808	44.55244	1
DCAF6	0.39241278	0.44685405	0.5010386784053813	0.30593207	0.29553318653664673	-0.54644376	44.55244	1
GPR161	0.06333094	0.075574346	0.1039667622910278	0.04384518	0.047341931424976405	-0.7840993	19.134771	1
SFT2D2	0.1914602	0.23507687	0.29082995350677615	0.12220249	0.12566844919786097	-0.9432923	44.55244	1
NME7	0.15699236	0.18185635	0.2373132851914136	0.11751957	0.1223655237496068	-0.6294642	31.911007	1
PRRX1	0.0049742367	0.006904179	0.009496488277772282	0.0019065748	0.0017301038062283738	-1.803481	6.2284093	1
C1orf105	0.01127353	0.014920144	0.0201800375902661	0.0054683415	0.005662157911292859	-1.4315791	10.268826	1
GAS5	1.4132656	1.0998532	0.8358888119497477	1.9115978	0.9289084617804341	0.7974124	44.55244	1
PAPPA2	0.02237452	0.031921748	0.039370857651597584	0.007202664	0.008021390374331552	-2.1325574	33.841946	1
RASAL2	0.20113042	0.24938112	0.31437333069541995	0.1245046	0.13054419628814093	-1.0015733	44.55244	1
TEX35	0.0019467651	0.002867723	0.004352557127312296	0.00048325956	0.0006291286568103177	-2.3471465	5.4273057	1
ARPC5	1.0010774	1.1647357	0.8741715303195172	0.740892	0.5948411450141554	-0.65259653	44.55244	1
RGL1	0.1087357	0.1415921	0.18666534770996143	0.056473732	0.0603963510537905	-1.324555	44.55244	1
EDEM3	0.18033242	0.21323195	0.2730240379859531	0.12811495	0.13306071091538219	-0.73453546	44.55244	1
NIBAN1	0.024198154	0.009702584	0.014937184686912653	0.047247477	0.0481283422459893	2.2720537	37.14049	1
IVNS1ABP	0.18089625	0.20691046	0.26164803640320505	0.13962466	0.14642969487260143	-0.56711704	30.45393	1
HMCN1	0.013587777	0.018118743	0.025818577505193393	0.006376466	0.007234979553318654	-1.4921447	13.688656	1
ERVMER61-1	0.003788703	0.005602219	0.007913740231476903	0.0009060712	0.0009436929852154766	-2.502791	8.990992	1
BRINP3	0.081458434	0.092029445	0.11623305964981699	0.064628504	0.06464296948726014	-0.50926113	10.187353	1
LINC01351	0.064666964	0.076926544	0.10208724898605204	0.045154836	0.04702736709657125	-0.7672837	18.246605	1
GLRX2	0.19773434	0.23027492	0.2957760411514492	0.1460864	0.154451085246933	-0.6561745	44.55244	1
B3GALT2	0.0837013	0.09734947	0.12246513008210505	0.061980076	0.0627555835168292	-0.65052396	16.479776	1
KCNT2	0.02304965	0.016789047	0.024037985953111088	0.033008106	0.03601761560239069	0.97109663	10.045666	1
ASPM	0.030819658	0.038854875	0.05292313779800178	0.018051513	0.01997483485372759	-1.1017141	17.360355	1
ZBTB41	0.13688967	0.15892556	0.21090117716885942	0.10185913	0.10946838628499528	-0.64126766	29.10014	1
DENND1B	0.13374695	0.15697478	0.20813136808784252	0.09682517	0.10176156023906889	-0.6965083	32.891064	1
NEK7	0.37820798	0.42743278	0.47571470966465523	0.3000213	0.2944322113872287	-0.5104894	44.55244	1
MIR181A1HG	0.046692397	0.05695111	0.07854387179740825	0.030361418	0.03302925448254168	-0.9052718	18.463366	1
AC104461.1	0.021987246	0.027421853	0.038777327134236816	0.013354123	0.015099087763447625	-1.0325294	11.58218	1
CSRP1	0.3553217	0.44790292	0.45840340290829956	0.2082105	0.19927650204466812	-1.1047726	44.55244	1
SHISA4	0.089476235	0.106851764	0.14650311603521615	0.06182874	0.06715948411450141	-0.78827924	27.934683	1
LMOD1	0.2372639	0.30690053	0.35532693639331286	0.12663575	0.13117332494495124	-1.2764176	44.55244	1
TIMM17A	0.46012118	0.52009046	0.5652388960332377	0.3648385	0.3477508650519031	-0.5113867	44.55244	1
UBE2T	0.101302624	0.12347684	0.16787021466020377	0.06602514	0.07077697389116074	-0.90213764	40.50653	1
PCAT6	0.29107744	0.25023144	0.30072212879612226	0.35609064	0.3378420887071406	0.5088101	40.56228	1
RABIF	0.10073659	0.11856468	0.16153922247502225	0.07236877	0.07895564642969487	-0.7114593	26.056755	1
CYB5R1	0.31027895	0.35816288	0.4163616579285785	0.23423071	0.23356401384083045	-0.6124725	44.55244	1
ADORA1	0.028269399	0.037654802	0.05213176377485409	0.013354715	0.014469959106637308	-1.4885484	27.354239	1
PLEKHA6	0.104913376	0.12775339	0.1688594321891384	0.068576306	0.0718779490405788	-0.896606	40.371025	1
PIK3C2B	0.04657139	0.053439893	0.07429023642298942	0.035631634	0.03994966970745518	-0.58341235	8.455818	1
LRRN2	0.004575969	0.006220089	0.008902957760411515	0.0019627484	0.002201950298836112	-1.615377	5.8121877	1
MFSD4A	0.010846784	0.007106398	0.010584627559600357	0.016789978	0.017615602390688895	1.2288172	7.294285	1
SLC26A9	0.027918978	0.038253456	0.05420912058561678	0.0114952205	0.012582573136206355	-1.7258265	35.13544	1
RAB7B	0.010934422	0.015945006	0.022356316153922248	0.0029608335	0.0029883611198490093	-2.390128	22.398247	1
RHEX	0.0039504156	0.0056292443	0.008309427243050747	0.001281923	0.0015728216420257944	-2.0516677	7.798099	1
IKBKE	0.08032765	0.11401565	0.1540211692551192	0.026745208	0.028310789556464298	-2.0877602	44.55244	1
RASSF5	0.26102313	0.3017834	0.3583935107330102	0.19630532	0.19534444793960365	-0.62015736	44.55244	1
FCMR	0.009506458	0.013158144	0.01790483727371649	0.0036934728	0.0042466184334696445	-1.8052877	13.501123	1
PLXNA2	0.3460092	0.42213896	0.4594915421901276	0.22505422	0.21610569361434415	-0.9071461	44.55244	1
CAMK1G	0.02177592	0.02704411	0.0372935008408349	0.013407322	0.014312676942434727	-1.0068976	10.679699	1
G0S2	0.541924	0.6412622	0.5174596893856959	0.38404915	0.31016042780748665	-0.7394728	44.55244	1
KCNH1	0.013058664	0.004873861	0.00702344445543575	0.026069192	0.028153507392261717	2.3954313	23.098745	1
SLC30A1	0.038441155	0.04523717	0.06420021762785637	0.027623814	0.030984586347908148	-0.7095687	10.044568	1
DTL	0.00906159	0.012069953	0.017509150262142645	0.004272592	0.004403900597672224	-1.476763	8.979804	1
ATF3	0.047151085	0.03257933	0.041646057968147195	0.070309386	0.06873230575652721	1.1073893	21.988535	1
PROX1-AS1	0.02100152	0.015127304	0.02176278563656148	0.030341776	0.03334381881094684	0.999392	9.781304	1
PTPN14	0.032073196	0.03671952	0.052428529033534475	0.024690222	0.026737967914438502	-0.57069963	5.693397	1
GPATCH2	0.1877216	0.21366031	0.2786625779008804	0.14657025	0.15633847121736394	-0.5434177	30.199474	1
TGFB2	0.7593686	0.87123716	0.7271738055198338	0.5815437	0.47420572507077696	-0.58309543	44.55244	1
C1orf143	0.040236123	0.060579363	0.08289642892472054	0.007868677	0.008807801195344448	-2.928794	44.55244	1
MARK1	0.14233425	0.16563274	0.21723216935404097	0.105318874	0.11135577225542624	-0.65272546	31.024456	1
DUSP10	0.023287246	0.017596895	0.02571965575229993	0.032339275	0.03381566530355458	0.8742454	8.29061	1
SUSD4	0.046319183	0.032782976	0.04738351963596795	0.06783102	0.07282164202579428	1.0467296	22.708319	1
ITPKB	0.06266849	0.08274077	0.10188940548026511	0.030734826	0.030670022019502988	-1.4257803	44.55244	1
PSEN2	0.05180505	0.061117765	0.08695222079335246	0.036979366	0.04026423403586033	-0.7233337	13.848809	1
OBSCN-AS1	0.007906777	0.0040226975	0.0056385399149272925	0.014082388	0.015099087763447625	1.78244	9.686663	1
HIST3H2A	0.17810637	0.11277761	0.15303195172618458	0.28201658	0.26800880780119535	1.3215319	44.55244	1
HIST3H2BB	0.0056638494	0.003131406	0.0045504006330992185	0.009690587	0.01085246932997798	1.5992334	6.3627667	1
RNF187	0.5418582	0.45265812	0.5081610446137106	0.68370837	0.5501730103806228	0.5948517	44.55244	1
ACTA1	0.032959037	0.047390375	0.03580967454743298	0.010011116	0.008807801195344448	-2.231693	28.831188	1
GALNT2	0.16750124	0.19140804	0.24898605203284202	0.12956275	0.13652091852783893	-0.5626408	27.788103	1
PGBD5	0.006258349	0.008191618	0.012266297358789197	0.003185087	0.0031456432840515887	-1.3357221	5.7057943	1
AGT	0.039929528	0.02778354	0.039271935898704126	0.05923898	0.0649575338156653	1.0895666	20.925652	1
C1orf198	0.104645304	0.12724574	0.17044218023543378	0.06869005	0.07360805284680717	-0.8884789	40.511917	1
FAM89A	0.027518716	0.02260537	0.03333663072509645	0.035338823	0.03853413022963196	0.6422972	5.843813	1
SPRTN	0.089552395	0.10515688	0.14541497675338808	0.0647206	0.06983328090594526	-0.69939023	22.288254	1
DISC1	0.03993986	0.045242116	0.06429913938074983	0.03149806	0.03334381881094684	-0.52101576	5.8095994	1
AL136171.2	0.7046795	0.97572064	0.71391829063211	0.27382708	0.2255426234664989	-1.8328243	44.55244	1
MAP3K21	0.008055722	0.0053562694	0.008012661984370364	0.012347036	0.013054419628814092	1.1898155	5.2743754	1
KCNK1	0.009310626	0.01227029	0.016717776238994956	0.0045981104	0.0050330292544825414	-1.3967268	8.386755	1
RBM34	0.033907965	0.039979707	0.05648432090216639	0.02425504	0.02720981440704624	-0.7186518	9.212591	1
GNG4	0.010414786	0.0074257636	0.01088139281828074	0.0151647115	0.01620006291286568	1.0202904	5.2012353	1
NID1	0.27336767	0.31404597	0.36897813829261056	0.2087796	0.20761245674740483	-0.5887634	44.55244	1
LGALS8	0.183615	0.20992942	0.2689682461173212	0.14186756	0.14800251651462723	-0.56503016	31.04118	1
ACTN2	1.0440158	1.2960192	0.8669502423582945	0.64337903	0.4915067631330607	-1.0102333	44.55244	1
SH3BP5L	0.045825798	0.052415065	0.0758729844692848	0.035329852	0.040106951871657755	-0.56776583	8.131194	1
EIPR1	0.056346837	0.068413265	0.09674547432980513	0.037142664	0.039792387543252594	-0.879427	21.35791	1
TRAPPC12	0.15176484	0.17252448	0.22712434464338707	0.1187968	0.1269267065114816	-0.53792715	23.351212	1
ADI1	0.4086397	0.4640007	0.5067761400732022	0.32069698	0.29930795847750863	-0.5327773	44.55244	1
COLEC11	0.033893697	0.046043348	0.05638539914927292	0.014568169	0.015570934256055362	-1.6534339	33.265022	1
SILC1	0.007864347	0.010055839	0.014145810663764961	0.0043802345	0.005190311418685121	-1.1806633	5.891434	1
RRM2	0.008381277	0.011404245	0.015827480462953805	0.00357183	0.004089336269267065	-1.647595	10.1572	1
LINC01954	0.0068054753	0.009533062	0.013849045405084578	0.002469503	0.00267379679144385	-1.9065049	11.038711	1
ROCK2	0.42914665	0.4957567	0.5384311009991097	0.32331806	0.30701478452343506	-0.61652297	44.55244	1
GREB1	0.022192808	0.02591663	0.03788703135819567	0.01627963	0.018244731047499213	-0.6675314	5.5547147	1
TRIB2	0.08547012	0.096836425	0.1272133742209912	0.06737637	0.0718779490405788	-0.5226565	11.754881	1
LRATD1	0.022367291	0.029344419	0.038777327134236816	0.011281662	0.012268008807801196	-1.371283	17.750679	1
MYCN	0.028518518	0.021873927	0.03224849144326838	0.039090615	0.04325259515570934	0.8347156	9.632699	1
FAM49A	0.022905404	0.02713176	0.037788109605302204	0.016193287	0.017930166719094056	-0.7410125	6.5736165	1
VSNL1	0.16736406	0.23838769	0.27223266396280543	0.0545333	0.05567788612771312	-2.1260622	44.55244	1
GEN1	0.013384572	0.01663484	0.024037985953111088	0.008209464	0.008807801195344448	-1.0100275	7.048205	1
KCNS3	0.004925889	0.0067286417	0.009001879513304976	0.002060461	0.0025165146272412707	-1.6602592	6.347988	1
RDH14	0.51455146	0.58136386	0.6006528835690969	0.40838003	0.37669078326517774	-0.50942403	44.55244	1
LINC00954	0.018235045	0.014379071	0.021070333366307252	0.024364397	0.024536017615602392	0.7567147	5.0464444	1
AC079145.1	0.012418098	0.007258954	0.010584627559600357	0.02061715	0.022648631645171436	1.493253	11.560751	1
RHOB	0.120731905	0.14036609	0.1856761301810268	0.08949558	0.09436929852154766	-0.6487225	25.522259	1
FKBP1B	0.13110822	0.16034557	0.21030764665149868	0.084620185	0.09122365523749607	-0.9213063	44.55244	1
TP53I3	0.16278943	0.19173713	0.25037095657335046	0.11683392	0.12441019188424032	-0.71418846	43.190712	1
CENPO	0.0105158575	0.013748591	0.02087248986052033	0.005368806	0.006134004403900598	-1.3404413	9.520108	1
EFR3B	0.03209971	0.0376117	0.05381343357404293	0.023341741	0.025951557093425604	-0.6859325	7.933278	1
TMEM214	0.110955544	0.12713774	0.17222277178751608	0.08520569	0.09201006605850896	-0.5768128	19.315598	1
EMILIN1	0.0192807	0.024694795	0.030467899891186073	0.010678825	0.011324315822585718	-1.2018373	11.521305	1
PREB	0.13934954	0.15870026	0.2100108813928183	0.10860179	0.11670336583831394	-0.5468375	22.042055	1
SLC5A6	0.03920179	0.046899676	0.0684538530022752	0.026947528	0.029254482541679772	-0.7971541	12.699339	1
TRIM54	0.077847175	0.10678965	0.14313977643683845	0.031810015	0.03570305127398553	-1.7440408	44.55244	1
UCN	0.018838933	0.013017829	0.01869621129686418	0.02809301	0.03019817552689525	1.1038086	10.396055	1
ZNF513	0.050945003	0.06367539	0.08991987338015629	0.03068443	0.03413022963195973	-1.050799	27.203825	1
FNDC4	0.062720306	0.077094994	0.10475813631417549	0.039846603	0.04325259515570934	-0.95043445	27.236263	1
SUPT7L	0.17229366	0.19996932	0.2622415669205658	0.12837729	0.13715004718464927	-0.6389866	37.54845	1
FOSL2	0.031079818	0.025902495	0.03689781382926106	0.039321724	0.04403900597672224	0.6003409	5.8490915	1
ALK	0.055355474	0.08076685	0.10248293599762588	0.014929829	0.015728216420257943	-2.4277198	44.55244	1
EHD3	0.13091451	0.16797712	0.21594618656642595	0.0719923	0.07769738911607424	-1.2212063	44.55244	1
RASGRP3	0.1250505	0.14670649	0.19448016618854486	0.09060201	0.09814407046240957	-0.6947093	30.975164	1
FAM98A	0.21681151	0.26886526	0.33544366406172715	0.13413931	0.14108210128971374	-1.0026125	44.55244	1
CRIM1	0.06198231	0.0710507	0.09555841329508359	0.047544662	0.05174583202264863	-0.5785634	10.563509	1
FEZ2	0.35779536	0.4099719	0.4759125531704422	0.2749183	0.27351368354828565	-0.5763493	44.55244	1
HEATR5B	0.054634135	0.062013235	0.08853496883964784	0.04288268	0.04687008493236867	-0.53114516	8.287893	1
QPCT	0.043051653	0.057981268	0.0807201503610644	0.019291863	0.021233092167348224	-1.5826216	44.55244	1
CDC42EP3	0.24383336	0.29785135	0.3486002571965575	0.15803704	0.16184334696445424	-0.9139014	44.55244	1
LINC00211	0.001203509	0.001898754	0.002868730833910377	9.891007e-05	0.00015728216420257942	-3.3289127	5.419351	1
MORN2	0.18261379	0.21064287	0.27520031654960925	0.13813823	0.1475306700220195	-0.60832715	36.213062	1
PKDCC	0.16636129	0.21905088	0.2691660896231081	0.08267558	0.08776344762503932	-1.4046474	44.55244	1
EML4	0.1390727	0.16500634	0.2158472648135325	0.0978631	0.10333438188109469	-0.7530852	39.64937	1
ATP6V1E2	0.03713178	0.02931734	0.04144821446236027	0.049557175	0.05331865366467443	0.75533545	10.22381	1
EPCAM	0.024438236	0.019400917	0.026906716787021466	0.03245269	0.0328719723183391	0.739235	6.22871	1
STON1	0.04811263	0.05830972	0.08259966366604016	0.031880077	0.03523120478137779	-0.869035	18.170029	1
FSHR	0.004266931	0.006391974	0.009001879513304976	0.00088904536	0.0009436929852154766	-2.7145486	11.334384	1
NRXN1	0.50181454	0.5774193	0.5715698882184193	0.38167235	0.33878578169235607	-0.5971565	44.55244	1
CHAC2	0.020856125	0.027706562	0.04016223167474527	0.009971996	0.01085246932997798	-1.4650757	20.189186	1
PSME4	0.18496653	0.20998698	0.2727272727272727	0.14527503	0.1536646744259201	-0.5312073	28.277407	1
ACYP2	0.31794238	0.37601292	0.44148778316351767	0.22569895	0.22774457376533502	-0.7361271	44.55244	1
CLHC1	0.07924441	0.09146274	0.12345434761103967	0.05979651	0.06369927650204467	-0.6122887	14.964511	1
CCDC85A	0.01823468	0.010467	0.01553071520427342	0.030583492	0.03240012582573136	1.5378968	16.7303	1
COMMD1	0.46793512	0.5447787	0.5856167771292907	0.34582984	0.33501100975149417	-0.65545565	44.55244	1
B3GNT2	0.100076646	0.12575509	0.16411118805025224	0.05922778	0.06385655866624725	-1.0849838	44.55244	1
UGP2	1.1397889	1.290744	0.8996933425660303	0.8998009	0.6822900283107896	-0.5204765	44.55244	1
LINC02245	0.022217052	0.01817552	0.026807795034128005	0.028645603	0.03129915067631331	0.65342885	5.0074177	1
SPRED2	0.1398408	0.1598139	0.20882382035809674	0.108097814	0.11560239068889588	-0.56362396	23.084766	1
WDR92	0.10111824	0.11730275	0.1596597091700465	0.07536342	0.08068575023592324	-0.6376168	21.059483	1
ANTXR1	0.33390576	0.39825588	0.44208131368087844	0.23167662	0.22648631645171438	-0.78132284	44.55244	1
AAK1	0.5833009	0.66162455	0.657730734988624	0.45881927	0.41774142812205095	-0.52799046	44.55244	1
TIA1	0.26763445	0.3025312	0.36531803343555247	0.2122383	0.21311733249449513	-0.5111961	38.275013	1
NAGK	0.15109852	0.17295499	0.2289049361954694	0.11638959	0.12566844919786097	-0.57102954	26.356802	1
PAIP2B	0.1305134	0.097593136	0.13146700959541002	0.18285173	0.1896822900283108	0.90513396	44.55244	1
DYSF	0.065143414	0.077465534	0.11089128499357008	0.045531865	0.050173010380622836	-0.765374	19.577164	1
SPR	0.09195859	0.10369752	0.14620635077653577	0.07327202	0.08052846807172066	-0.5004701	12.51914	1
SFXN5	0.06282733	0.07304601	0.10366999703234742	0.046560388	0.04954388172381252	-0.64858097	13.483573	1
RAB11FIP5	0.054938957	0.046599966	0.06637649619151251	0.068178736	0.07360805284680717	0.5480148	8.403926	1
PRADC1	0.22240521	0.27195665	0.33682856860223565	0.14371099	0.1497326203208556	-0.91973317	44.55244	1
FBXO41	0.024677591	0.019705152	0.028390543080423384	0.032588445	0.03664674425920101	0.72290504	6.6024756	1
BOLA3	0.2358889	0.27432305	0.34108220397665445	0.17487067	0.17851525636992766	-0.6492885	44.55244	1
MTHFD2	0.29509717	0.11459023	0.14739341181125729	0.5821193	0.4460522176785153	2.34382	44.55244	1
SLC4A5	0.01127506	0.008100622	0.011969532100108813	0.016318299	0.017143755898081158	1.0014994	5.475073	1
MRPL53	0.021295719	0.026134877	0.03798595311108913	0.013609403	0.015256369927650204	-0.9363202	9.618649	1
DOK1	0.0398792	0.04553584	0.06410129587496291	0.030875858	0.03381566530355458	-0.55902314	6.737701	1
AC019069.1	0.008713721	0.011894419	0.017706993767929568	0.0036519878	0.004561182761874803	-1.6766362	11.8974285	1
HK2	0.3319455	0.25811931	0.3114056781086161	0.44938153	0.396036489462095	0.7996649	44.55244	1
POLE4	0.28421807	0.32854798	0.39143337619942625	0.21382284	0.2156338471217364	-0.6194525	44.55244	1
TACR1	0.0034597514	0.005272707	0.0073202097141161345	0.0005780765	0.0006291286568103177	-2.986129	10.32934	1
RETSAT	0.046090588	0.052931584	0.07557621921060441	0.035194624	0.03884869455803712	-0.58740336	8.515381	1
GGCX	0.12540421	0.14174247	0.19062221782569988	0.09941143	0.10254797106008179	-0.51135546	16.86254	1
VAMP8	0.10319204	0.13724883	0.17617964190325452	0.049023293	0.05300408933626927	-1.4833654	44.55244	1
VAMP5	0.19297054	0.2384457	0.2837075872984469	0.12075819	0.12425290972003775	-0.9809504	44.55244	1
ATOH8	0.038600717	0.04561853	0.06251854782866752	0.02743269	0.029411764705882353	-0.7316335	10.286146	1
MRPL35	0.21509913	0.24881777	0.31457117420120684	0.16157755	0.16640452972632905	-0.6225498	44.55244	1
KDM3A	0.4203912	0.33294892	0.3882678801068355	0.5594619	0.4839572192513369	0.74856365	44.55244	1
CYTOR	0.11807216	0.15891942	0.20644969828865367	0.05310597	0.05772255426234665	-1.5795429	44.55244	1
SMYD1	0.47338095	0.5832108	0.5824512810367	0.29883626	0.2853098458634791	-0.964427	44.55244	1
GPAT2	0.0066134916	0.009643789	0.013453358393510733	0.0017963585	0.0020446681346335325	-2.361251	14.259021	1
ADRA2B	0.022231644	0.026530443	0.0360075180532199	0.015404354	0.01651462724127084	-0.7804031	6.8898015	1
ARID5A	0.036898714	0.044114586	0.059155208230289844	0.025423279	0.02720981440704624	-0.79270875	11.125944	1
TXNDC9	0.2541598	0.29990706	0.3744188347017509	0.1815114	0.191097829506134	-0.72414166	44.55244	1
AFF3	0.108451344	0.13086076	0.16866158868335146	0.07279922	0.07848379993708714	-0.84515935	37.294044	1
PDCL3	0.19292003	0.22037081	0.2838065090513404	0.14936414	0.1590122680088078	-0.5607882	32.97459	1
CREG2	0.03783967	0.028542407	0.03867840538134336	0.05262084	0.055206039635105376	0.88022065	12.9958105	1
AC108058.1	0.008335312	0.011317093	0.015728558710060344	0.0035917233	0.003932054105064486	-1.628829	10.106504	1
ECRG4	0.024335716	0.016410379	0.02265308141260263	0.036942568	0.037275872916011324	1.165811	13.4472685	1
UXS1	0.06906733	0.08257008	0.11633198140271045	0.047578856	0.05363321799307959	-0.79401577	22.47264	1
ST6GAL2	0.0033280393	0.0047181426	0.006429913938074983	0.0011187026	0.0012582573136206354	-1.983131	5.923201	1
SULT1C2	0.0056559723	0.0034497215	0.005242852903353448	0.009164033	0.010223340673167663	1.3839346	5.0612826	1
SEPTIN10	0.45623085	0.5179543	0.5621723216935404	0.3581612	0.34067316766278705	-0.5320915	44.55244	1
AC074387.1	0.13154408	0.1530039	0.19883272331585716	0.09742595	0.10412079270210758	-0.6506529	28.21294	1
MIR4435-2HG	0.09059194	0.12664472	0.16648531011969533	0.03325005	0.03696130858760616	-1.9261647	44.55244	1
BCL2L11	0.045627832	0.035445597	0.04946087644673064	0.061808888	0.06668763762189368	0.80047566	13.626562	1
AC108463.3	0.017322054	0.025482036	0.036205361559006825	0.0043560658	0.004718464926077383	-2.5212889	38.506603	1
AC068491.3	0.008993054	0.013353331	0.019289741814224947	0.0020536517	0.0025165146272412707	-2.6431065	22.851759	1
TMEM87B	0.048781924	0.05689025	0.07824710653872786	0.035871066	0.03963510537905002	-0.6638781	11.049896	1
ACTR3	0.75894004	0.88505375	0.7828667523988525	0.55846214	0.4913494809688581	-0.6642103	44.55244	1
DBI	0.7623417	0.9095567	0.7817786131170245	0.5283151	0.46917269581629445	-0.78365034	44.55244	1
TMEM37	0.01615033	0.011753594	0.017509150262142645	0.023135917	0.025951557093425604	0.97103214	7.5330524	1
BIN1	0.03916788	0.049518682	0.06914630527252943	0.022691159	0.02485058194400755	-1.1224092	22.883362	1
LIMS2	0.18518299	0.21834947	0.2744089425264616	0.13254121	0.13872286882667506	-0.71977055	44.55244	1
UGGT1	0.15021436	0.17344351	0.22801464041942823	0.11332259	0.11859075180874488	-0.61358935	29.312967	1
CCDC74B	0.017182935	0.021430315	0.03096250865565338	0.010428714	0.011638880150990877	-1.0320402	9.294675	1
PTPN18	0.11298537	0.09467169	0.1310713225838362	0.14209054	0.14658697703680404	0.58529747	19.079224	1
ARHGEF4	0.021847498	0.016358593	0.025126125234939164	0.03057579	0.034287511796162316	0.89825946	8.737479	1
NCKAP5	0.004151066	0.0057086204	0.008606192501731131	0.0016755076	0.0018873859704309531	-1.709964	6.09863	1
AC110620.2	0.030017147	0.03737128	0.05232960728064101	0.018331917	0.020918527838943064	-1.0235794	15.41031	1
MCM6	0.05873521	0.066966556	0.09496488277772282	0.045628387	0.04938659955960994	-0.5525034	9.409918	1
AC068492.1	0.023739686	0.01928411	0.026708873281234544	0.030829284	0.0328719723183391	0.6740989	5.4635515	1
CXCR4	0.010498364	0.007393993	0.010782471065387279	0.015431042	0.015570934256055362	1.051348	5.2453594	1
HNMT	0.0521485	0.06808864	0.09555841329508359	0.026783708	0.029254482541679772	-1.3427993	42.351044	1
ZEB2	0.24473044	0.3071096	0.3498862399841725	0.14564216	0.14705882352941177	-1.075805	44.55244	1
ZEB2-AS1	0.0075023924	0.010091337	0.015135028192699575	0.0033867052	0.003617489776659327	-1.547407	8.718512	1
KIF5C	0.021161063	0.01697065	0.023642298941537243	0.027826611	0.030512739855300407	0.7101225	5.3723016	1
LYPD6B	0.031095788	0.045251578	0.05984766050054407	0.0085959425	0.008807801195344448	-2.3827386	44.55244	1
LYPD6	0.027102415	0.03543886	0.050845780987239096	0.01385537	0.015413652091852784	-1.3485771	22.345963	1
RND3	0.059184223	0.072204195	0.08576515975863093	0.038463905	0.03884869455803712	-0.9068281	19.985544	1
NMI	0.0028477914	0.0041739857	0.0061331486793945985	0.00073998695	0.001100975149418056	-2.3471432	7.014763	1
NEB	0.0056292685	0.007821389	0.009793253536452665	0.0021447097	0.0023592324630386913	-1.8192245	7.9993563	1
GALNT5	0.036204893	0.04749853	0.06034226926501138	0.018234638	0.019502988361119848	-1.3763453	28.207905	1
ACVR1	0.07426365	0.08714824	0.12098130378870313	0.05375714	0.05898081157596728	-0.6959884	18.255032	1
CD302	0.02243877	0.026215812	0.03838164012266297	0.016441042	0.018087448883296633	-0.6698798	5.5470862	1
LINC02478	0.014693517	0.020324292	0.028588386586210306	0.0057336744	0.006448568732305757	-1.8078092	20.588757	1
PSMD14	0.4213079	0.49352044	0.5420912058561678	0.30657065	0.3024536017615602	-0.686712	44.55244	1
GRB14	0.024721058	0.03174148	0.042437431991294884	0.013566474	0.013998112614029569	-1.2202665	16.225199	1
SCN7A	0.010194687	0.014615731	0.019190820061331486	0.0031585013	0.0034602076124567475	-2.1750786	17.970758	1
XIRP2	0.015337643	0.020301018	0.026016421010980315	0.007438843	0.007706826045926392	-1.436226	13.296502	1
NOSTRIN	0.04353574	0.061128397	0.08546839449995054	0.015541637	0.01730103806228374	-1.9688094	44.55244	1
FASTKD1	0.122858435	0.14625488	0.197942427539816	0.08563778	0.09185278389430639	-0.771468	37.2134	1
AC007405.3	0.12467335	0.094632015	0.13196161835987733	0.17242892	0.17458320226486315	0.86491424	43.32199	1
ERICH2	0.036329076	0.022372747	0.03224849144326838	0.058521084	0.06354199433784209	1.3832432	28.527853	1
ITGA6	0.089659415	0.11264887	0.13146700959541002	0.053086452	0.05614973262032086	-1.0839821	43.649353	1
AC078883.1	0.050886843	0.061161418	0.08566623800573746	0.03453133	0.03696130858760616	-0.82290095	16.88415	1
SCRN3	0.11091421	0.1283096	0.17350875457513107	0.08323525	0.0887071406102548	-0.62375414	22.233097	1
AC010894.2	0.043615147	0.03369678	0.04768028489464833	0.05937768	0.06464296948726014	0.81546247	13.853862	1
AGPS	0.16747932	0.1900035	0.2539321396775151	0.13173832	0.1413966656181189	-0.52801526	25.6063	1
RBM45	0.04003103	0.047413614	0.06914630527252943	0.028278122	0.031141868512110725	-0.7435619	11.527436	1
OSBPL6	0.026373817	0.01784906	0.02552181224651301	0.039934557	0.04498269896193772	1.1573377	15.952354	1
CHROMR	0.04598471	0.052685723	0.07518053219903056	0.035311352	0.03837684806542938	-0.5759357	8.107022	1
CCDC141	0.7553074	0.87226486	0.7467603125927391	0.56938595	0.47971060081786726	-0.61527145	44.55244	1
ZNF385B	0.16613272	0.19563837	0.21406667326145018	0.11930021	0.11198490091223655	-0.71312124	35.65776	1
ITGA4	0.007352361	0.010187103	0.014145810663764961	0.0028459216	0.00267379679144385	-1.8040459	9.122398	1
FRZB	0.2636338	0.38174978	0.36462558116529825	0.07592383	0.07439446366782007	-2.3284814	44.55244	1
DUSP19	0.035416886	0.039965995	0.05648432090216639	0.028182965	0.03129915067631331	-0.502445	5.0212836	1
ZNF804A	0.025342746	0.034108844	0.04589969334256603	0.011412651	0.011796162315193457	-1.5711492	25.520418	1
AC009315.1	0.018204669	0.021804105	0.03145711742012069	0.012482859	0.01384083044982699	-0.7997415	6.232463	1
ITGAV	0.5188409	0.6347701	0.6337916707884064	0.33459166	0.317867253853413	-0.923629	44.55244	1
CALCRL	0.041112423	0.05224254	0.07221287961222674	0.023394799	0.026266121421830765	-1.1556426	25.727741	1
TFPI	0.18106595	0.23242024	0.28093777821743	0.09950606	0.10239068889587921	-1.2230508	44.55244	1
COL3A1	0.44141266	0.5666652	0.3627460678603225	0.24236055	0.16703365838313936	-1.2250012	44.55244	1
COL5A2	0.9367115	1.1651499	0.8408348995944208	0.57354397	0.45926391947153195	-1.022412	44.55244	1
SLC40A1	0.09546299	0.0749656	0.1009001879513305	0.1280387	0.1284995281535074	0.7714824	25.441658	1
C2orf88	0.06497266	0.07681531	0.09684439608269858	0.046123963	0.04718464926077383	-0.73462975	16.117542	1
INPP1	0.09181435	0.11610739	0.15847264813532497	0.053169016	0.05756527209814407	-1.1253332	44.55244	1
AC108047.1	0.021183548	0.02880802	0.04174497972104066	0.009068784	0.010380622837370242	-1.6566675	26.165144	1
GLS	0.49680662	0.5634557	0.587397368681373	0.3908987	0.3631645171437559	-0.5273944	44.55244	1
STAT4	0.0052072583	0.0075500943	0.010584627559600357	0.0014830619	0.0017301038062283738	-2.27276	11.125134	1
MYO1B	0.18042104	0.21339625	0.2601642101098032	0.12808299	0.13085876061654608	-0.7360059	44.55244	1
CAVIN2	0.0038580114	0.00579448	0.008705114254624592	0.00077992113	0.001100975149418056	-2.7439184	11.24465	1
AC096647.1	0.035644725	0.04137215	0.059353051736076766	0.02653354	0.029097200377477195	-0.63889873	7.7925653	1
HECW2	0.017360598	0.02213865	0.030467899891186073	0.009761941	0.010537905001572822	-1.1731257	11.0234375	1
PGAP1	0.11889665	0.13476348	0.18171926006528835	0.09364966	0.09955960994023277	-0.5246143	17.015646	1
ANKRD44	0.0077036982	0.0099434005	0.014442575922445345	0.004143079	0.004561182761874803	-1.2430644	6.229588	1
COQ10B	0.2548252	0.29532006	0.36788999901078245	0.19052844	0.1972318339100346	-0.6320044	44.55244	1
RFTN2	0.03553369	0.044274226	0.06034226926501138	0.02163137	0.023592324630386914	-1.0299429	17.684072	1
CFLAR	0.18507773	0.21982647	0.2744089425264616	0.12992094	0.13510537905001574	-0.7582772	44.55244	1
CASP10	0.008271407	0.010804322	0.01562963695716688	0.0042425795	0.004875747090279962	-1.3282759	7.360176	1
FLACC1	0.0040714773	0.005660194	0.008705114254624592	0.0015463845	0.0018873859704309531	-1.8068161	6.917948	1
TRAK2	0.19245422	0.23011395	0.2949846671283015	0.13266777	0.1384083044982699	-0.7940703	44.55244	1
RAPH1	0.051560193	0.05816514	0.08259966366604016	0.041040253	0.0443535703051274	-0.5020823	7.023349	1
GPR1	0.0024604108	0.0038184195	0.00544069640914037	0.00030201822	0.00031456432840515884	-3.284939	8.8611	1
KLF7	0.100844435	0.116280176	0.1565931348303492	0.07628	0.08100031456432841	-0.6075785	18.917194	1
KLF7-IT1	0.0023806223	0.0033831	0.005045009397566525	0.00078754063	0.001100975149418056	-1.972487	5.034428	1
CCNYL1	0.03869171	0.04937939	0.06954199228410328	0.02167891	0.024536017615602392	-1.1838961	25.874126	1
ERBB4	0.30583373	0.25950179	0.3082401820160253	0.3795671	0.34995281535073924	0.5484346	44.55244	1
IKZF2	0.039106198	0.046466917	0.0658818874270452	0.027390731	0.029411764705882353	-0.7603601	11.406663	1
TNS1	0.26908594	0.32859114	0.3861905232960728	0.17456372	0.17568417741428122	-0.91215247	44.55244	1
GPBAR1	0.005338993	0.007553445	0.011573845088534969	0.0018189986	0.0018873859704309531	-1.9957557	9.560854	1
CNOT9	0.07134188	0.08232019	0.11623305964981699	0.053866126	0.05787983642654923	-0.6109436	13.766843	1
AC114803.1	0.023890099	0.018236293	0.02552181224651301	0.032883592	0.03523120478137779	0.8470466	8.118635	1
DES	0.06155331	0.08872972	0.11009991097042239	0.018321412	0.01903114186851211	-2.2696588	44.55244	1
SPEGNB	0.034569133	0.047019467	0.06439806113364328	0.014760616	0.015413652091852784	-1.6648294	39.220768	1
GMPPA	0.083199464	0.097998194	0.137896923533485	0.059648573	0.06480025165146272	-0.7153223	21.907887	1
TMEM198	0.017822444	0.021043228	0.03036897813829261	0.012700578	0.013526266121421831	-0.7239867	5.0486994	1
AC009955.3	0.0155925285	0.0099727325	0.014640419428232269	0.024523735	0.026737967914438502	1.2895945	11.157852	1
INHA	0.2912716	0.15212414	0.18547828667523988	0.5125453	0.4385026737967914	1.7517639	44.55244	1
SLC4A3	0.17122503	0.2017755	0.25996636660401623	0.122741595	0.13211701793016672	-0.71666676	44.55244	1
EPHA4	0.42050156	0.544506	0.47155999604312987	0.22343019	0.1925133689839572	-1.2847433	44.55244	1
AC079834.2	0.034072913	0.045246176	0.06004550400633099	0.016299428	0.017143755898081158	-1.4673353	30.732557	1
SGPP2	0.10960552	0.088576235	0.12147591255317045	0.14302792	0.1483170808430324	0.69068563	25.144897	1
KCNE4	0.007751652	0.011166162	0.014145810663764961	0.0023228836	0.00267379679144385	-2.217199	13.418219	1
SCG2	0.006582475	0.008788728	0.01009001879513305	0.0030753464	0.0029883611198490093	-1.4850631	5.3497767	1
PID1	0.028265834	0.0231197	0.03303986546641607	0.03645645	0.040106951871657755	0.6547769	6.186567	1
SLC16A14	0.009807434	0.004814503	0.006825600949648828	0.01774415	0.01981755268952501	1.8603339	12.823653	1
SP100	0.011450854	0.01441599	0.021169255119200713	0.0067291344	0.007706826045926392	-1.0878683	7.0695915	1
PSMD1	0.74814105	0.8737197	0.7737659511326541	0.54851717	0.4845863479081472	-0.67153585	44.55244	1
ARMC9	0.06251779	0.070564486	0.09931743990503512	0.049703393	0.054105064485687325	-0.50474125	8.574808	1
TIGD1	0.0333937	0.025381288	0.03679889207636759	0.04613928	0.05001572821642026	0.85968083	11.65324	1
SNORC	0.015520638	0.010584842	0.015135028192699575	0.023362715	0.02500786410821013	1.1348044	8.778383	1
DGKD	0.18332317	0.21160129	0.2704520724107231	0.13845256	0.14611513054419628	-0.6115966	36.043427	1
ARL4C	0.06538516	0.08362477	0.10554951033732318	0.036365945	0.037275872916011324	-1.1991048	39.114296	1
SH3BP4	0.0951249	0.108707264	0.1501632208922742	0.07350736	0.07848379993708714	-0.56385285	15.632973	1
COL6A3	0.030708788	0.040166292	0.03867840538134336	0.015679283	0.013368983957219251	-1.351541	16.513891	1
RAMP1	0.20566042	0.28931078	0.2923137798001781	0.07274962	0.07360805284680717	-1.9901253	44.55244	1
PER2	0.03669494	0.02998494	0.043228806014442574	0.04736661	0.049858446052217675	0.65787166	7.7517548	1
ASB1	0.09041944	0.104176305	0.14551389850628152	0.06852477	0.0742371815036175	-0.60361	17.235775	1
HDAC4-AS1	0.049454693	0.04253525	0.06133148679394599	0.060442302	0.06637307329348852	0.5058968	6.7769437	1
KIF1A	0.28913164	0.21182184	0.25808685329904046	0.41211352	0.3757470902799622	0.9598595	44.55244	1
LRRN1	0.071303636	0.082827285	0.1039667622910278	0.052960794	0.05457691097829506	-0.6442006	13.72843	1
SETMAR	0.072939	0.08323092	0.11672766841428431	0.056553915	0.06086819754639824	-0.5566762	11.874424	1
ITPR1	0.049105845	0.057326417	0.0799287763379167	0.036017068	0.040106951871657755	-0.66903377	11.267261	1
AC018816.1	0.006210187	0.008631808	0.012563062617469582	0.0023608212	0.0025165146272412707	-1.8271403	9.461008	1
BHLHE40	0.1493289	0.09264372	0.11939855574240775	0.23946938	0.23309216734822272	1.3691219	44.55244	1
SRGAP3	0.02028002	0.014336466	0.02077356810762687	0.029730802	0.03240012582573136	1.0470852	10.169707	1
IL17RC	0.06831037	0.07979475	0.11148481551093085	0.0500302	0.053475935828877004	-0.6724206	15.648556	1
CRELD1	0.34706697	0.39989614	0.4625581165298249	0.26315418	0.2623466498899025	-0.60352963	44.55244	1
SEC13	0.3553176	0.4048877	0.4703729350084083	0.2765853	0.2758729160113243	-0.5496321	44.55244	1
SLC6A1	0.0029273664	0.004122142	0.005737461667820754	0.0010285907	0.001100975149418056	-1.9034528	5.181458	1
TMEM40	0.008554356	0.011216341	0.016421010980314572	0.0043197037	0.004875747090279962	-1.356386	7.9994755	1
CAND2	0.1217114	0.13749583	0.18834701750915026	0.09659617	0.10364894620949984	-0.5089061	16.884386	1
FBLN2	0.06280593	0.08692339	0.1075279453951924	0.024438938	0.025636992765020447	-1.8263305	44.55244	1
SLC6A6	0.042038184	0.054038417	0.0733010188940548	0.02293678	0.02469329977980497	-1.2327137	28.662401	1
SH3BP5	0.10394417	0.120658726	0.1583737263824315	0.077347144	0.08414595784838	-0.6408435	21.641483	1
COLQ	0.02921181	0.039027456	0.05420912058561678	0.013613039	0.015570934256055362	-1.5126331	29.859152	1
DPH3	0.3140599	0.35798144	0.43288159066178655	0.24431026	0.2507077697389116	-0.5509829	44.55244	1
RFTN1	0.15550525	0.19015639	0.2242556138094767	0.10047345	0.10301981755268952	-0.91969544	44.55244	1
SATB1-AS1	0.0066749714	0.0039745457	0.006330992185181522	0.010968747	0.012425290972003775	1.4417807	6.302736	1
ZNF385D	0.02497417	0.01926417	0.024928281729152242	0.034059513	0.033972947467757156	0.8188978	7.4383707	1
RARB	0.014132971	0.017619621	0.025126125234939164	0.0085819885	0.009279647687952187	-1.0292503	7.6087527	1
GADL1	0.00701707	0.0022860565	0.0033633395983776833	0.014539348	0.015099087763447625	2.617151	14.1081	1
CMTM8	0.049774986	0.042487342	0.060441191017904836	0.061348505	0.06826045926391947	0.52895325	7.343952	1
UBP1	0.15540643	0.17597204	0.2318725887822732	0.12275932	0.13085876061654608	-0.51915854	22.477724	1
LINC01811	0.0068913167	0.008900328	0.01315659313483035	0.0036976016	0.004561182761874803	-1.2448889	5.870604	1
ARPP21	0.15152313	0.12889168	0.15214165595014342	0.18752718	0.17898710286253539	0.5405909	20.031887	1
STAC	0.034569554	0.01819304	0.025323968740726087	0.06060998	0.061340044039005975	1.730639	36.04649	1
TRANK1	0.028364135	0.036311153	0.05124146799881294	0.015736261	0.01667190940547342	-1.2011487	18.812815	1
AC097359.2	0.016465472	0.010894729	0.015728558710060344	0.025319299	0.026895250078641082	1.2091123	10.4759445	1
MYD88	0.025145628	0.031213352	0.04372341477890988	0.015505769	0.017143755898081158	-1.0046985	12.4757805	1
EXOG	0.08454381	0.10169061	0.1389850628153131	0.057259616	0.061969172695816296	-0.82749724	28.559029	1
TTC21A	0.008486157	0.0055516073	0.00850727074883767	0.0131513905	0.014469959106637308	1.2294106	6.085164	1
XIRP1	0.26100576	0.32903525	0.3874765060836878	0.15293102	0.15932683233721295	-1.1048564	44.55244	1
ZNF620	0.085007735	0.09854708	0.13502819269957464	0.06345958	0.06904687008493236	-0.6341667	17.669292	1
ULK4	0.052586634	0.07157197	0.09704223958848551	0.022379717	0.023592324630386914	-1.6727852	44.55244	1
LYZL4	0.02123168	0.026625682	0.03709565733504798	0.01266304	0.012582573136206355	-1.0662547	11.055807	1
HIGD1A	0.63993394	0.7417275	0.702542289049362	0.47813272	0.4367725699905631	-0.63337094	44.55244	1
ANO10	0.06318311	0.07575414	0.10643980611336433	0.043176487	0.04687008493236867	-0.8096445	20.662014	1
ABHD5	0.09400482	0.10879294	0.14986645563359383	0.070469655	0.0756527209814407	-0.6257906	18.962795	1
TCAIM	0.1511502	0.17423375	0.2342467108517163	0.11449736	0.1231519345706197	-0.605278	29.70275	1
ZNF660	0.045961037	0.052069232	0.07300425363537442	0.036230747	0.039005976722239696	-0.52200824	6.6340938	1
ZNF35	0.08067594	0.09144064	0.12751013947967157	0.06353935	0.06983328090594526	-0.5244933	11.791813	1
LARS2	0.046294704	0.05261338	0.07468592343456326	0.036229223	0.039792387543252594	-0.53703874	7.1972165	1
CCRL2	0.012199294	0.017585363	0.0263131862696607	0.0036286742	0.0042466184334696445	-2.2458212	25.22794	1
MYL3	1.7314186	2.0307214	0.8129389652784648	1.2555436	0.6203208556149733	-0.69363636	44.55244	1
KLHL18	0.061392333	0.07522593	0.10693441487783163	0.039378945	0.04309531299150676	-0.932063	26.307585	1
CDC25A	0.010661046	0.013360062	0.019091898308438025	0.0063624964	0.007234979553318654	-1.0585216	6.265076	1
SHISA5	0.4340273	0.5036614	0.546641606489267	0.3233885	0.3142497640767537	-0.6390264	44.55244	1
PFKFB4	0.12717032	0.089574225	0.12098130378870313	0.18694074	0.18622208241585403	1.0605873	44.55244	1
SLC25A20	0.11979431	0.15020922	0.2027895934315956	0.07141404	0.07801195344447939	-1.071635	44.55244	1
ARIH2OS	0.03517555	0.030075742	0.04441586704916411	0.04328817	0.04655552060396351	0.52391255	5.0994906	1
TCTA	0.09236401	0.11365006	0.15441685626669305	0.058498792	0.06385655866624725	-0.9569245	41.40384	1
RNF123	0.055646304	0.064037636	0.09081016915619745	0.042285122	0.0481283422459893	-0.59761316	10.756811	1
INKA1	0.03300987	0.041869223	0.05895736472450292	0.01892277	0.021233092167348224	-1.1416045	20.697824	1
SEMA3F	0.007510109	0.0047030076	0.0072212879612226725	0.011973501	0.013054419628814092	1.3298341	6.046129	1
SLC38A3	0.0080026835	0.0052587828	0.007715896725689979	0.012365254	0.013526266121421831	1.2179351	5.5999827	1
LSMEM2	0.07746905	0.09392952	0.12681768720941736	0.051275577	0.055992450456118274	-0.87203103	28.817446	1
HYAL3	0.01981294	0.024443552	0.03561183104164606	0.012456173	0.01384083044982699	-0.96694726	9.637074	1
CACNA2D2	0.03631909	0.02911401	0.039074092392917203	0.047776867	0.048757470902799624	0.71266836	8.468704	1
CYB561D2-1	0.018048372	0.0116025675	0.016717776238994956	0.028294468	0.031456432840515886	1.2787848	12.923772	1
MANF	0.49901548	0.60014683	0.5918488475615787	0.33829418	0.3112614029569047	-0.8268513	44.55244	1
TWF2	0.09315698	0.10736837	0.14798694232861806	0.070539266	0.07675369613085876	-0.60536987	17.660257	1
GLYCTK	0.009395932	0.011992867	0.017706993767929568	0.005260499	0.00550487574709028	-1.173717	6.7020655	1
TNNC1	2.519429	2.9536674	0.97942427539816	1.82902	0.8494809688581315	-0.6914064	44.55244	1
STIMATE	0.030597309	0.036232162	0.05282421604510832	0.02164614	0.023749606794589494	-0.740488	8.8463545	1
CACNA1D	0.2147879	0.28134188	0.3300029676525868	0.109062195	0.1100975149418056	-1.3663636	44.55244	1
CHDH	0.06573679	0.08440638	0.11197942427539816	0.036034774	0.037905001572821645	-1.2256724	43.707344	1
IL17RB	0.009242506	0.012423401	0.017608072015036107	0.004178133	0.004403900597672224	-1.5495732	10.002299	1
AC012467.2	0.029780552	0.034239434	0.049856563458304484	0.022699252	0.024378735451399812	-0.59087986	5.597004	1
ACTR8	0.13140807	0.14965248	0.20219606291423484	0.10239677	0.11182761874803397	-0.5470015	21.2531	1
ERC2	0.16441551	0.20155919	0.24433672964684935	0.10544728	0.10695187165775401	-0.93402976	44.55244	1
ERC2-IT1	0.015064589	0.019117905	0.026115342763873776	0.008612534	0.009436929852154765	-1.1412867	9.555218	1
PDE12	0.0757748	0.08989917	0.1261252349391631	0.053297684	0.05756527209814407	-0.7531345	21.579489	1
ARF4	0.612948	0.69831806	0.6833514689880305	0.4772591	0.4366152878263605	-0.54901594	44.55244	1
ABHD6	0.05025154	0.03651868	0.05411019883272332	0.07207331	0.07801195344447939	0.97888553	22.073072	1
PTPRG	0.1192505	0.13601884	0.17706993767929569	0.092569605	0.0956275558351683	-0.55469865	18.274006	1
CADPS	0.093970425	0.10810268	0.14155702839054307	0.07147812	0.07518087448883297	-0.59614563	16.642168	1
ADAMTS9	0.4002581	0.54596907	0.4985656345830448	0.16867457	0.15508021390374332	-1.6939859	44.55244	1
ADAMTS9-AS2	0.033665698	0.026691565	0.037788109605302204	0.044760555	0.04954388172381252	0.7436686	9.236809	1
LRIG1	0.0805897	0.09186561	0.12800474824413888	0.0626401	0.06841774142812206	-0.55170655	12.989546	1
KBTBD8	0.052710492	0.064930804	0.08804036007518053	0.033261433	0.03570305127398553	-0.9629419	22.843859	1
TAFA4	0.07842705	0.09053738	0.1180136512018993	0.05915254	0.06259830135262662	-0.61322904	14.326697	1
EOGT	0.029818108	0.03733965	0.054505885844297164	0.017866656	0.020603963510537907	-1.0592451	16.808685	1
LMOD3	0.04970251	0.067428775	0.08536947274705708	0.021496635	0.023277760301981754	-1.644696	44.55244	1
FRMD4B	0.88104373	1.0112369	0.7889999010782471	0.6740731	0.5399496697074552	-0.58507276	44.55244	1
LINC00877	0.007827952	0.010554178	0.01553071520427342	0.003492622	0.0037747719408619063	-1.5683103	9.280158	1
PDZRN3	0.090791516	0.07048923	0.09892175289346128	0.12305705	0.12881409248191256	0.80297923	27.391172	1
ROBO1	0.19362117	0.24454513	0.2904342664952023	0.11274514	0.11623151934570619	-1.1163462	44.55244	1
CADM2	0.0501583	0.042012874	0.050845780987239096	0.06309472	0.06071091538219566	0.5855426	7.565598	1
FILIP1L	0.010445549	0.01361753	0.01622316747452765	0.0053951	0.005819440075495438	-1.3198031	7.5870852	1
LNP1	0.040435184	0.049681403	0.0671678702146602	0.025714176	0.02783894306385656	-0.94744337	17.12319	1
ZBTB11-AS1	0.047160488	0.053386267	0.07676328024532594	0.037242778	0.04073608052846807	-0.5183393	6.938954	1
NFKBIZ	0.12522842	0.16230789	0.20170145414976753	0.066255294	0.06826045926391947	-1.2913382	44.55244	1
ZPLD1	0.01425813	0.019606823	0.028390543080423384	0.0057467637	0.006605850896508336	-1.752985	19.249517	1
ALCAM	0.41729435	0.48760474	0.4871896330002968	0.30558613	0.27162629757785467	-0.67395693	44.55244	1
CBLB	0.17270873	0.20434433	0.25729547927589275	0.12250162	0.12488203837684807	-0.7377301	44.55244	1
LINC00882	0.035511095	0.025323268	0.035908596300326445	0.051713455	0.05677886127713117	1.0271775	16.909931	1
DUBR	0.036136232	0.0410998	0.05826491245424869	0.028241226	0.031770997168921046	-0.5397352	5.783962	1
CD47	0.2671509	0.31210712	0.36254822435453554	0.19576104	0.19707455174583202	-0.672673	44.55244	1
IFT57	0.2663865	0.31654048	0.3803541398753586	0.18673176	0.1925133689839572	-0.76110595	44.55244	1
C3orf52	0.062454604	0.08211222	0.11376001582748047	0.031180022	0.03334381881094684	-1.3941114	44.55244	1
TBILA	0.010996489	0.014254554	0.021070333366307252	0.0058091013	0.006134004403900598	-1.2804979	8.904724	1
CCDC80	0.4750303	0.5798109	0.5426847363735285	0.30851555	0.2620320855614973	-0.9100207	44.55244	1
GTPBP8	0.18031064	0.20531186	0.2687704026115343	0.1406497	0.1469015413652092	-0.54538757	28.688057	1
BOC	0.035377257	0.042057224	0.05974873874765061	0.02475061	0.027052532242843663	-0.76249856	10.428503	1
CCDC191	0.03280027	0.026568085	0.038579483628449894	0.04271699	0.046240956275558354	0.6830692	7.51128	1
UPK1B	0.017482659	0.022185948	0.02878623009199723	0.010005496	0.010066058508965083	-1.1409941	9.838924	1
POPDC2	0.71334016	0.9353647	0.7389454941141557	0.3603968	0.31220509594212015	-1.3756968	44.55244	1
RABL3	0.06634112	0.081765	0.11504599861509546	0.04179847	0.04655552060396351	-0.9663493	30.672333	1
POLQ	0.008632208	0.0059190164	0.008902957760411515	0.012945035	0.01368354828562441	1.1159011	5.0579834	1
FBXO40	0.40367004	0.34116006	0.3861905232960728	0.5031045	0.43551431267694246	0.56027335	44.55244	1
PARP9	0.025083227	0.03187193	0.04500939756652488	0.0142971	0.015728216420257943	-1.1510278	15.869228	1
DTX3L	0.01919467	0.023235608	0.03383123948956376	0.01277307	0.013998112614029569	-0.85817695	7.370984	1
PARP14	0.07661073	0.09113945	0.12572954792758928	0.053490352	0.05567788612771312	-0.76768446	21.888447	1
ADCY5	0.3191	0.41609484	0.44999505391235534	0.16497074	0.16546083674111356	-1.3341745	44.55244	1
MYLK-AS1	0.042773545	0.054198585	0.07696112375111287	0.0245873	0.027052532242843663	-1.1371456	26.22352	1
MYLK	0.31122583	0.46641037	0.32357305371451184	0.0645792	0.05756527209814407	-2.8505352	44.55244	1
KALRN	0.042278126	0.04922167	0.07013552280146404	0.031220285	0.03413022963195973	-0.65512425	9.477735	1
ITGB5	0.08893638	0.1025244	0.14126026313186268	0.0673105	0.07439446366782007	-0.6063286	17.296755	1
HEG1	0.10434416	0.118205726	0.15995647442872687	0.08228274	0.0855614973262032	-0.5221059	14.542995	1
KLF15	0.012447904	0.0086329365	0.012464140864576121	0.0185085	0.01981755268952501	1.0914229	6.7563744	1
PODXL2	0.038350448	0.032282963	0.04669106736571372	0.0479965	0.051273985530040894	0.5706969	6.399202	1
MGLL	0.2847491	0.32575893	0.3655158769413394	0.21963297	0.21264548600188737	-0.5684961	44.55244	1
COPG1	0.18243577	0.20938484	0.27094668117519044	0.13967858	0.14768795218622208	-0.58370256	33.17242	1
TMCC1-AS1	0.033989	0.027956245	0.04144821446236027	0.043585923	0.04718464926077383	0.6388465	7.069777	1
NUDT16	0.17419618	0.19847703	0.2607577406271639	0.13567685	0.14171122994652408	-0.54846126	27.988554	1
ACPP	0.04004365	0.052478727	0.07221287961222674	0.020250233	0.02186222082415854	-1.369434	32.904446	1
UBA5	0.2444196	0.28129908	0.349985161737066	0.18587124	0.19141239383453917	-0.597538	44.55244	1
AMOTL2	0.038748235	0.049751483	0.07043228806014443	0.021232663	0.023277760301981754	-1.2245725	27.217718	1
PPP2R3A	0.27864975	0.32098508	0.3874765060836878	0.21142471	0.21390374331550802	-0.6021293	44.55244	1
PCCB	0.20282559	0.23487227	0.29765555445642494	0.15196277	0.1590122680088078	-0.6278235	42.441853	1
MRAS	0.43595594	0.5277835	0.5491146503116036	0.29003537	0.2799622522805914	-0.8634935	44.55244	1
CEP70	0.089492545	0.10268587	0.14165595014343654	0.06849411	0.0742371815036175	-0.58348525	15.842206	1
FAIM	0.051360767	0.06382738	0.08902957760411515	0.031519443	0.03570305127398553	-1.015622	25.88889	1
COPB2	0.60950434	0.6888694	0.6810762686714809	0.48336568	0.4429065743944637	-0.5110265	44.55244	1
RBP1	0.2544447	0.30890682	0.344841230586606	0.16794385	0.16703365838313936	-0.87880087	44.55244	1
NMNAT3	0.020658342	0.0131403	0.01958650707290533	0.03261112	0.036489462094998426	1.3048453	15.324968	1
ZBTB38	0.29728273	0.33972964	0.404886734592937	0.22987974	0.2310474992135892	-0.56330484	44.55244	1
PLS1	0.07570238	0.058221374	0.08161044613710555	0.10347948	0.10679458949355143	0.82864165	23.666903	1
PCOLCE2	0.03840162	0.027244916	0.03818379661687605	0.056141067	0.06055363321799308	1.0403514	18.43558	1
TSC22D2	0.41517314	0.3130165	0.3641309724008309	0.57763743	0.4751494180559924	0.8837145	44.55244	1
ERICH6-AS1	0.044179115	0.050200537	0.0720150361064398	0.03458603	0.03853413022963196	-0.53621894	6.99125	1
SIAH2	0.19098373	0.16369958	0.21743001285982788	0.2344233	0.23670965712488204	0.5177996	27.147322	1
MED12L	0.03843199	0.048779998	0.06855277475516866	0.021960665	0.023906888958792075	-1.147768	23.474676	1
P2RY14	0.0060787927	0.008388287	0.011969532100108813	0.0024076588	0.00267379679144385	-1.7591324	8.487803	1
IGSF10	0.029954182	0.03496424	0.047284597883074486	0.0219967	0.023277760301981754	-0.6661697	6.7708254	1
MBNL1-AS1	0.05526834	0.06536506	0.09081016915619745	0.039195936	0.042623466498899025	-0.736345	15.049775	1
ARHGEF26	0.023395663	0.028700057	0.042437431991294884	0.014969512	0.01667190940547342	-0.93443906	10.379841	1
STRIT1	0.0025761316	0.000105375126	0.00019784350578692255	0.0065045627	0.006920415224913495	5.0071297	9.365118	1
TIPARP-AS1	0.023906078	0.018882327	0.027401325551488772	0.03189906	0.03381566530355458	0.75337285	6.6240754	1
LINC00880	0.036159582	0.04715313	0.06162825205262637	0.01867412	0.01966027052532243	-1.3316647	26.951052	1
LXN	0.042060114	0.051511046	0.07122366208329212	0.027013153	0.029411764705882353	-0.9286871	17.141691	1
MFSD1	0.065355495	0.083534986	0.11732119893164507	0.03643216	0.03963510537905002	-1.1949396	43.950382	1
SCHIP1	0.04922469	0.062300377	0.08487486398258977	0.028414836	0.030512739855300407	-1.129842	29.096203	1
B3GALNT1	0.050969582	0.058187094	0.08121475912553171	0.039475434	0.0427807486631016	-0.5585713	8.324147	1
LINC01324	0.005308622	0.0022148776	0.0035611831041646056	0.0102277985	0.01116703365838314	2.1575248	9.008784	1
BCHE	0.22768618	0.2781008	0.30438223365318035	0.14762099	0.14344133375275245	-0.91325164	44.55244	1
MECOM	0.022685712	0.027874945	0.039568701157384506	0.014442718	0.01667190940547342	-0.9438384	10.11311	1
NLGN1	0.041993868	0.031115592	0.04253635374418835	0.059284944	0.06071091538219566	0.92783046	15.706899	1
GNB4	0.28656334	0.34665427	0.40953605697892964	0.19110726	0.19691726958162944	-0.8587763	44.55244	1
USP13	0.2504159	0.28800115	0.3517657532891483	0.19074543	0.19440075495438816	-0.59417075	44.55244	1
LAMP3	0.0028070572	0.00019980432	0.0003956870115738451	0.0069525293	0.006763133060710916	4.556048	9.04531	1
KLHL24	0.2607049	0.21193926	0.26728657631813235	0.33831444	0.3236866939289085	0.67445964	44.55244	1
PSMD2	0.7439218	0.84805334	0.766050054406964	0.57839555	0.5077068260459264	-0.5520192	44.55244	1
EPHB3	0.40649813	0.52181494	0.5497081808289643	0.22323377	0.22003774771940862	-1.2246133	44.55244	1
AC107294.2	0.3234338	0.43695927	0.45830448115540606	0.14302519	0.14312676942434727	-1.6105512	44.55244	1
AC107294.3	0.014397858	0.019937675	0.028291621327529923	0.0055825636	0.006605850896508336	-1.8181013	20.865679	1
AC107294.1	0.011675483	0.015514775	0.022356316153922248	0.005563808	0.00550487574709028	-1.4630675	11.209559	1
C3orf70	0.017753124	0.021077326	0.030072212879612228	0.01246572	0.014469959106637308	-0.7530271	5.5509324	1
LIPH	0.08829918	0.12461022	0.15916510040557919	0.03054614	0.03240012582573136	-2.0248024	44.55244	1
ETV5	0.16878855	0.21809998	0.27490355129092886	0.0904758	0.09263919471531928	-1.2684535	44.55244	1
DNAJB11	0.34583917	0.41999152	0.4773963794638441	0.22802427	0.2285309845863479	-0.88088363	44.55244	1
MASP1	1.2312704	1.493355	0.9002868730833911	0.8145935	0.5764391318024537	-0.8743245	44.55244	1
BCL6	0.04849437	0.041218746	0.058858442971609456	0.060048666	0.0649575338156653	0.54173625	7.349533	1
P3H2	0.29026097	0.40196136	0.4356513997428034	0.11275243	0.11575967285309846	-1.8329781	44.55244	1
IL1RAP	0.11076898	0.12644888	0.16292412701553072	0.085818656	0.0879207297892419	-0.55865145	16.89327	1
FGF12	0.0062528364	0.00899708	0.012266297358789197	0.001890486	0.0023592324630386913	-2.1922827	12.105831	1
HES1	0.3579717	0.4184465	0.42269265011376	0.26190627	0.23183391003460208	-0.6757866	44.55244	1
ATP13A3	0.9331966	1.1002893	0.835493124938174	0.667554	0.5364894620949985	-0.72084147	44.55244	1
TMEM44	0.05946109	0.06834567	0.09456919576614897	0.045315243	0.04954388172381252	-0.59178275	10.845954	1
AC046143.1	0.008215597	0.010806482	0.01553071520427342	0.0040953006	0.0042466184334696445	-1.3783398	7.1847577	1
TNK2	0.23054892	0.2855085	0.34543476110396676	0.14325716	0.14658697703680404	-0.99442494	44.55244	1
TNK2-AS1	0.007365874	0.010842052	0.015431793451379959	0.0018397571	0.0023592324630386913	-2.4959354	17.71661	1
TFRC	0.5432025	0.44382426	0.4704718567613018	0.70124334	0.5625983013526266	0.6598074	44.55244	1
PCYT1A	0.2444808	0.28399813	0.35305173607676327	0.1817385	0.18905316137150047	-0.64373165	44.55244	1
TCTEX1D2	0.23389484	0.26655245	0.33316846374517756	0.182059	0.18795218622208243	-0.5497622	38.61006	1
IQCG	0.06872306	0.07885263	0.11019883272331586	0.052597553	0.05709342560553633	-0.5832514	12.155359	1
ZNF595	0.037166037	0.03175649	0.04580077158967257	0.045766834	0.04844290657439446	0.52586406	5.3933406	1
PIGG	0.066403575	0.07631889	0.10554951033732318	0.050618146	0.055992450456118274	-0.59142727	12.135523	1
AC139887.2	0.08597258	0.1004079	0.13453358393510734	0.062999114	0.06700220195029884	-0.6716172	19.285973	1
FGFRL1	0.04237386	0.033239607	0.0464932238599268	0.05689292	0.061654608367411136	0.7735456	12.099733	1
RNF212	0.009446352	0.006412625	0.009199723019091898	0.014267993	0.015413652091852784	1.1415476	5.751386	1
SPON2	0.006040889	0.008789426	0.009496488277772282	0.0016717277	0.0020446681346335325	-2.3269334	8.927935	1
AC147067.1	0.025291735	0.020389445	0.02799485606884954	0.03309358	0.03302925448254168	0.69602334	5.7601295	1
TACC3	0.009514792	0.01231682	0.018498367791077257	0.0050532925	0.005976722239698019	-1.2687294	8.068827	1
MXD4	0.24034786	0.29696777	0.36165792857849444	0.15041484	0.15555206039635106	-0.9808863	44.55244	1
CRMP1	0.17807642	0.20747088	0.2584825403106143	0.13143213	0.13557722554262347	-0.6581888	38.867367	1
WFS1	0.082521215	0.093416095	0.13097240083094272	0.06517702	0.06999056307014785	-0.51863945	11.73651	1
AC097382.3	0.044945296	0.0385728	0.055495103373231776	0.05506735	0.058508965083359545	0.51249534	6.1663585	1
AFAP1-AS1	0.0030329272	0.004839446	0.006924522702542289	0.00016145568	0.00015728216420257942	-4.239711	13.345696	1
AFAP1	0.19553207	0.22979039	0.2853892570976358	0.14115496	0.1475306700220195	-0.7026446	44.55244	1
ABLIM2	0.02168057	0.025279429	0.036699970323474135	0.015966205	0.018559295375904374	-0.6596305	5.3578544	1
LINC02517	0.0012040599	0.0019167558	0.002868730833910377	7.171512e-05	0.00015728216420257942	-3.5539474	5.900296	1
ACOX3	0.08900614	0.10335473	0.14264516767237115	0.0661713	0.0726643598615917	-0.64254344	19.173342	1
TRMT44	0.03104425	0.036099657	0.0513403897517064	0.023013989	0.02516514627241271	-0.6472099	6.9443064	1
WDR1	0.43180576	0.5021174	0.55158769413394	0.32009187	0.3125196602705253	-0.64937544	44.55244	1
LINC01182	0.0047814352	0.006432971	0.009991097042239588	0.0021564239	0.0023592324630386913	-1.5337011	5.775852	1
QDPR	0.327513	0.37116435	0.4405974873874765	0.25819248	0.261402956904687	-0.5234412	44.55244	1
LAP3	0.27816817	0.32780793	0.39865466416064893	0.19932881	0.20446681346335324	-0.7174169	44.55244	1
SLIT2	0.3849386	0.48081127	0.4835295281432387	0.23259264	0.2201950298836112	-1.0473452	44.55244	1
KCNIP4-IT1	0.08526991	0.07323619	0.09130477792066476	0.10438715	0.09798678829820698	0.51072836	9.905739	1
SOD3	0.13938113	0.16892818	0.2027895934315956	0.09243093	0.09027996225228059	-0.8692562	44.55244	1
FAM114A1	0.2626454	0.30950937	0.3708576515975863	0.18822181	0.19204152249134948	-0.717249	44.55244	1
LIAS	0.15075088	0.12867793	0.17449797210406567	0.18586642	0.1912551116703366	0.5301568	21.866266	1
UGDH	0.11662714	0.13386555	0.1821149470768622	0.08919876	0.09468386284995281	-0.58515	20.710653	1
SMIM14	0.316428	0.3620346	0.4170541101988327	0.2440016	0.23733878578169235	-0.56904423	44.55244	1
ATP8A1	0.045056865	0.036651082	0.0513403897517064	0.058413714	0.06149732620320856	0.670988	9.704001	1
YIPF7	0.0033061614	0.0014337918	0.002077356810762687	0.00628339	0.006605850896508336	2.0572202	5.4570556	1
CORIN	0.49142304	0.62901294	0.5961024829359977	0.27274135	0.25243787354513997	-1.2052568	44.55244	1
CNGA1	0.009223481	0.0063991025	0.008902957760411515	0.013712869	0.014784523435042466	1.0877006	5.1898866	1
SGCB	0.4788472	0.5502798	0.5849243248590364	0.3653369	0.34696445423089023	-0.59080523	44.55244	1
SCFD2	0.02042734	0.024511613	0.03580967454743298	0.01394015	0.015570934256055362	-0.8097809	7.1997347	1
KDR	0.3761823	0.51145667	0.4723513700662776	0.1611935	0.1497326203208556	-1.6652057	44.55244	1
SRD5A3	0.084776394	0.096808635	0.13324760114749234	0.065623775	0.0710915382195659	-0.5602098	13.854626	1
TMEM165	0.47579733	0.5518718	0.5897714907508161	0.35491148	0.3416168606480025	-0.6367289	44.55244	1
HOPX	0.024163019	0.03557999	0.03482045701849837	0.0060185315	0.007077697389116074	-2.543858	37.64085	1
IGFBP7	1.6314064	1.9311476	0.9416361657928578	1.154835	0.7194086190625983	-0.7417215	44.55244	1
IGFBP7-AS1	0.0024897405	0.0037199236	0.005341774656246909	0.00053455826	0.0004718464926077383	-2.5897193	6.8054953	1
LINC02232	0.011267264	0.0153724225	0.02186170738945494	0.0047331927	0.005662157911292859	-1.6786507	14.532569	1
SULT1E1	0.0051231864	0.0071301665	0.0062320704322880605	0.0019330577	0.0020446681346335325	-1.8303777	5.1237316	1
ODAM	0.4132681	0.32598242	0.34939163121970523	0.55209315	0.42576281849638253	0.7599364	44.55244	1
MOB1B	0.23114601	0.2722159	0.3372242556138095	0.16593665	0.1695501730103806	-0.7137794	44.55244	1
MTHFD2L	0.19712813	0.22394739	0.2868730833910377	0.15457712	0.16168606480025166	-0.53454405	30.366217	1
CDKL2	0.017136527	0.010208095	0.014838262934019191	0.028150588	0.029254482541679772	1.4545032	14.276683	1
ART3	0.024144875	0.030569125	0.04303096250865565	0.013938328	0.016042780748663103	-1.1274159	14.98812	1
SHROOM3	0.020824324	0.02743311	0.039271935898704126	0.010324321	0.01116703365838314	-1.4012142	18.617998	1
ANXA3	0.07451253	0.06190267	0.08141260263131862	0.09454257	0.09767222396980182	0.610159	13.134143	1
COQ2	0.0591517	0.07034019	0.09931743990503512	0.04134321	0.04592639194715319	-0.76526296	17.854435	1
ABRAXAS1	0.1562226	0.123103224	0.16608962310812148	0.20890093	0.21374646115130544	0.76246935	44.55244	1
GPAT3	0.06769258	0.051394265	0.07033336630725097	0.09358708	0.09735765964139667	0.8634383	22.69916	1
WDFY3-AS2	0.11293701	0.07797881	0.10911069344148779	0.16850792	0.17128027681660898	1.1106693	44.55244	1
SPARCL1	0.031399056	0.01865868	0.023048768424176476	0.05166037	0.045139981126140295	1.4642895	20.806883	1
PKD2	0.13788158	0.16852108	0.2222771787516075	0.08918521	0.0956275558351683	-0.9172917	44.55244	1
PPM1K	1.0064162	1.1746148	0.8317340983282224	0.73901117	0.5465555206039635	-0.6684472	44.55244	1
NAP1L5	0.10790449	0.12913157	0.176278563656148	0.07413312	0.08100031456432841	-0.7998237	35.06254	1
GPRIN3	0.23246524	0.2636983	0.3059649816994757	0.18289503	0.18213274614658698	-0.5276307	32.818428	1
GRID2	0.013808691	0.008702439	0.011178158076961124	0.021922903	0.02170493865995596	1.3230295	9.322532	1
UNC5C	0.03806162	0.04850033	0.06726679196755367	0.021446776	0.023749606794589494	-1.1734942	24.353548	1
DAPP1	0.0055099754	0.0033815755	0.005242852903353448	0.008894399	0.010066058508965083	1.3692865	5.0306997	1
DDIT4L	0.0077049443	0.005109244	0.007419131467009596	0.011832071	0.012582573136206355	1.1956985	5.157391	1
EMCN	0.01821802	0.0229716	0.027895934315956078	0.010664605	0.010066058508965083	-1.0998228	8.669519	1
AP001816.1	0.022733152	0.01777829	0.026708873281234544	0.03061511	0.033972947467757156	0.7807398	6.9944715	1
NFKB1	0.10651159	0.12597054	0.1693540409536057	0.07555096	0.08194400754954388	-0.7368009	29.103594	1
AC004069.1	0.022110324	0.017331073	0.02433475121179147	0.02971197	0.032557407989933944	0.7742303	6.5429516	1
PAPSS1	0.18214886	0.2124286	0.26392323671975465	0.13409553	0.14186851211072665	-0.6633203	40.794666	1
SGMS2	0.004634145	0.0066457056	0.00929864477198536	0.0014367361	0.0015728216420257944	-2.1341	8.9596405	1
COL25A1	0.021462623	0.012411401	0.01780591552082303	0.035856497	0.037590437244416484	1.5230093	19.074877	1
ELOVL6	0.22175378	0.280887	0.33682856860223565	0.12782641	0.13101604278074866	-1.1351892	44.55244	1
ENPEP	0.024842806	0.031217994	0.04402018003759026	0.0147141535	0.015570934256055362	-1.0800157	13.684157	1
TIFA	0.08786305	0.074827634	0.10277970125630626	0.10857163	0.11701793016671909	0.5364057	13.019785	1
CAMK2D	0.7590632	0.87637407	0.7650608368780295	0.5725797	0.49339414910349166	-0.613983	44.55244	1
ARSJ	0.0022703453	0.0033566346	0.004748244138886141	0.00054396986	0.0006291286568103177	-2.424303	5.844745	1
NDST3	0.017675435	0.011002595	0.015135028192699575	0.028282981	0.028310789556464298	1.3541292	12.731521	1
SNHG8	0.6208359	0.47650903	0.5137995845286378	0.85033053	0.6483170808430324	0.8353872	44.55244	1
SEC24D	0.12649404	0.15644899	0.2058561677712929	0.07885246	0.08414595784838	-0.98755807	44.55244	1
SYNPO2	0.17066859	0.21404205	0.26065881887427045	0.10179689	0.10585089650833596	-1.0714581	44.55244	1
MYOZ2	0.7716051	0.9405505	0.7722821248392522	0.5030341	0.4279647687952186	-0.9027158	44.55244	1
NDNF	0.037886005	0.019419331	0.028588386586210306	0.0672448	0.07014784523435043	1.7866629	43.29717	1
TRPC3	0.12772155	0.16598888	0.21189039469779405	0.06686713	0.06999056307014785	-1.3104304	44.55244	1
ANKRD50	0.1436655	0.16538936	0.2194084479176971	0.109153174	0.11497326203208556	-0.5990632	26.602266	1
ABHD18	0.13592985	0.15669195	0.20803244633494905	0.10292685	0.10836741113557723	-0.60583115	25.704107	1
SCLT1	0.06416232	0.07266241	0.10188940548026511	0.05062758	0.05567788612771312	-0.520423	9.304575	1
C4orf33	0.04220672	0.04970037	0.07142150558907903	0.030273715	0.03302925448254168	-0.71333313	11.058749	1
SLC7A11-AS1	0.0021184261	0.00036206836	0.0004946087644673064	0.0049109985	0.004561182761874803	3.4389198	5.698376	1
SLC7A11	0.037630655	0.010587558	0.015135028192699575	0.08062519	0.08225857187794904	2.9170868	44.55244	1
MGST2	0.4203552	0.49144936	0.5426847363735285	0.30739674	0.30465555206039635	-0.67676514	44.55244	1
ELMOD2	0.16548881	0.18734029	0.2452270254228905	0.13081592	0.1368354828562441	-0.51779056	23.66018	1
TBC1D9	0.028134327	0.034650486	0.051142546245919476	0.017781612	0.01966027052532243	-0.9585564	13.10936	1
AC104596.1	0.008930817	0.0056015793	0.008606192501731131	0.0142226955	0.016042780748663103	1.3288695	7.206227	1
ARHGAP10	0.09385789	0.10765712	0.1466020377881096	0.071895815	0.07738282478766907	-0.58179826	16.398443	1
DCLK2	0.03499926	0.04504632	0.06459590463943021	0.019018445	0.021075810003145644	-1.2396432	25.242489	1
SH3D19	0.1100434	0.1336102	0.1795429815016322	0.07255108	0.07989933941491036	-0.88005346	42.527138	1
GATB	0.11177972	0.13730346	0.18508259966366605	0.07117636	0.07754010695187166	-0.9469228	44.55244	1
FBXW7	0.13630556	0.16636291	0.21960629142348403	0.08853383	0.09515570934256055	-0.9092713	44.55244	1
TRIM2	0.27379626	0.3431278	0.3895538628944505	0.16365199	0.16703365838313936	-1.0676539	44.55244	1
LRAT	0.017140497	0.011456638	0.01632208922742111	0.026173463	0.02736709657124882	1.1848847	10.252092	1
PDGFC	0.03994721	0.03392319	0.047779206647541796	0.049524393	0.0550487574709028	0.54453105	6.2180085	1
GLRB	0.010977344	0.0077072037	0.011573845088534969	0.016173538	0.017615602390688895	1.0596501	5.9912953	1
GASK1B	0.08109625	0.10898509	0.14828370758729845	0.036735054	0.03963510537905002	-1.5663027	44.55244	1
FNIP2	0.42412886	0.35753247	0.40983282223761003	0.5300568	0.45690468700849324	0.5679415	44.55244	1
FSTL5	0.008780746	0.0038809848	0.006034226926501137	0.016570507	0.01667190940547342	2.0661006	12.371688	1
MARCH1	0.026574397	0.012767993	0.018399446038183796	0.048529927	0.05190311418685121	1.9180574	33.918816	1
APELA	0.011435467	0.0083840685	0.01236521911168266	0.016282545	0.017615602390688895	0.94933134	5.11154	1
MSMO1	0.4508589	0.590696	0.5756256800870512	0.22860837	0.22900283107895564	-1.3691509	44.55244	1
DDX60L	0.0663861	0.07904505	0.10871500642991394	0.0462395	0.049858446052217675	-0.77225673	19.546618	1
PALLD	1.2588803	1.4388758	0.9225442674844199	0.9727151	0.6999056307014785	-0.56480485	44.55244	1
SH3RF1	0.05382456	0.0624998	0.08329211593629439	0.040013198	0.042308902170493864	-0.642081	10.85584	1
GALNTL6	0.012172315	0.007172276	0.010386784053813434	0.02011844	0.02233406731676628	1.4751929	11.088143	1
GALNT7	0.14009011	0.17089024	0.2222771787516075	0.09114502	0.09515570934256055	-0.90609616	44.55244	1
AC097534.2	0.18877898	0.1571607	0.20684538530022753	0.23911096	0.23309216734822272	0.6051253	34.265446	1
HAND2-AS1	0.38663557	0.32227826	0.36620832921159363	0.4890107	0.4120792702107581	0.6014065	44.55244	1
CEP44	0.13168663	0.11317706	0.15253734296171728	0.1611166	0.16483170808430325	0.5091446	17.231686	1
SPCS3	0.45375648	0.53296465	0.573449401523395	0.3278964	0.31582258571877947	-0.7006307	44.55244	1
VEGFC	0.05568538	0.025447099	0.038480561875556436	0.1037569	0.10270525322428437	2.0233657	44.55244	1
TENM3-AS1	0.00942635	0.0060145883	0.009595410030665743	0.014848721	0.015256369927650204	1.2896948	6.754738	1
TENM3	0.045723274	0.034170717	0.04817489365911564	0.06408355	0.06684491978609626	0.9052271	16.55577	1
CASP3	0.32083553	0.36666855	0.42852903353447425	0.24804743	0.24583202264863163	-0.56367236	44.55244	1
CENPU	0.011969963	0.014604126	0.021960629142348403	0.007774437	0.00833595470273671	-0.90097237	5.229742	1
ANKRD37	0.33129734	0.22367525	0.25531704421802354	0.5024633	0.4035860333438188	1.1672549	44.55244	1
C4orf47	0.073420264	0.06177454	0.08210505490157285	0.09191682	0.09515570934256055	0.5725517	11.537941	1
PDLIM3	0.30815715	0.3909667	0.3941042635275497	0.17658259	0.16404529726329034	-1.1462548	44.55244	1
SORBS2	1.3558922	1.5552837	0.9367889999010782	1.0388764	0.7164202579427493	-0.58210754	44.55244	1
LRRC14B	0.0075830775	0.00462211	0.0067266791967553665	0.012291118	0.013211701793016672	1.3918028	6.4411635	1
CLPTM1L	0.31961823	0.37820178	0.4467306360668711	0.22655834	0.22931739540736082	-0.7390183	44.55244	1
LPCAT1	0.05003369	0.05792429	0.08289642892472054	0.037469123	0.04105064485687323	-0.6271094	10.383038	1
IRX4	0.67613727	0.7745412	0.6873083391037689	0.51972246	0.44620949984271785	-0.5755092	44.55244	1
AC124852.1	0.060803622	0.07746169	0.10594519734889703	0.034299295	0.03664674425920101	-1.1729652	38.173836	1
IRX2	0.4293557	0.6124129	0.5064793748145218	0.13839135	0.1368354828562441	-2.1449444	44.55244	1
C5orf38	0.23731461	0.31557935	0.33455336828568605	0.11296743	0.11686064800251651	-1.4812764	44.55244	1
IRX1	0.11899666	0.17930986	0.176278563656148	0.0230795	0.021075810003145644	-2.952338	44.55244	1
UBE2QL1	0.043443397	0.032651126	0.04609753684835295	0.060597625	0.06542938030827304	0.8900955	15.745437	1
SEMA5A	0.4169059	0.5256586	0.5383321792462162	0.24407944	0.2332494495124253	-1.1064589	44.55244	1
DAP	0.37623376	0.4297437	0.4826392323671975	0.29123592	0.2853098458634791	-0.56112856	44.55244	1
TARS	0.42832732	0.3578154	0.42259372836086656	0.5404818	0.4548600188738597	0.5948944	44.55244	1
ADAMTS12	0.18392423	0.2442925	0.3028984073597784	0.088030815	0.09216734822271154	-1.4714814	44.55244	1
RAI14	0.08598286	0.106169455	0.14086457612028885	0.053865362	0.058823529411764705	-0.9776214	39.096718	1
SPEF2	0.047959935	0.04090479	0.057077851419527155	0.059163865	0.06291286568103177	0.5313603	6.8956733	1
IL7R	0.001840541	0.0028406046	0.004154713621525374	0.00025128326	0.00031456432840515884	-3.065406	6.514347	1
CARD6	0.00924962	0.013441876	0.0201800375902661	0.0025773474	0.0031456432840515887	-2.3385513	20.578556	1
C7	0.1716814	0.2068132	0.22029874369373825	0.11591705	0.11151305441962882	-0.8346889	44.55244	1
PLCXD3	0.3124616	0.25396106	0.2932040755762192	0.40553516	0.3524693299779805	0.67500746	44.55244	1
OXCT1	0.31830573	0.38653088	0.44603818379661686	0.20991817	0.21264548600188737	-0.8804427	44.55244	1
GHR	0.01357006	0.009882916	0.014937184686912653	0.01942646	0.01981755268952501	0.9678972	5.8937073	1
AC008875.3	0.0134565625	0.016973307	0.025422890493619548	0.00785785	0.008807801195344448	-1.101292	8.507296	1
AC025171.1	0.015917221	0.019638589	0.02888515184489069	0.009995078	0.010537905001572822	-0.9673669	7.5503545	1
HMGCS1	0.35756522	0.454588	0.4760114749233356	0.20339027	0.20509594212016358	-1.1599171	44.55244	1
FGF10-AS1	0.0064593353	0.008396257	0.011474923335641507	0.0033803773	0.003617489776659327	-1.2875836	5.382639	1
AC093297.2	0.024947673	0.020358805	0.03096250865565338	0.032251045	0.03491664045297263	0.66109055	5.643369	1
EMB	0.016124215	0.019429073	0.028093777821743	0.0108652245	0.012268008807801196	-0.83268815	6.0766697	1
AC022126.1	0.0018520432	0.0028285517	0.004748244138886141	0.0003002413	0.0004718464926077383	-2.8712454	7.3486786	1
ITGA1	0.020997088	0.028878713	0.03650212681768721	0.008473383	0.008807801195344448	-1.7570571	23.42016	1
ITGA2	0.037551407	0.045893654	0.05806706894846177	0.02427613	0.025322428436615287	-0.91596586	13.80716	1
FST	0.038721718	0.04921705	0.058858442971609456	0.022015205	0.02186222082415854	-1.157048	20.222296	1
HSPB3	0.55649126	0.72611976	0.6299337224255613	0.28687343	0.2623466498899025	-1.3394891	44.55244	1
SNX18	0.4552573	0.59924763	0.5751310713225838	0.22640364	0.22208241585404215	-1.4038588	44.55244	1
DHX29	0.3888337	0.45560065	0.5104362449302602	0.28275678	0.27430009436929853	-0.6880148	44.55244	1
IL6ST	0.8483373	0.9840864	0.7721832030863587	0.6325316	0.5154136520918527	-0.637566	44.55244	1
SETD9	0.044360276	0.051742446	0.07488376694035018	0.032603405	0.03570305127398553	-0.6646929	10.212482	1
PLK2	0.12918	0.15443407	0.17430012859827876	0.08902135	0.08383139351997483	-0.7940819	32.835514	1
CENPK	0.016185567	0.019382698	0.028390543080423384	0.01109674	0.011481597986788298	-0.7991147	5.3536773	1
SGTB	0.10724573	0.122382276	0.16767237115441685	0.0831579	0.08980811575967285	-0.5569139	17.463608	1
MAST4	0.34821266	0.4266608	0.4767039271935899	0.22357133	0.21940861906259831	-0.93204725	44.55244	1
PIK3R1	0.40667677	0.47150564	0.5041052527450787	0.3036827	0.2914438502673797	-0.6345413	44.55244	1
MCCC2	0.12787099	0.14534444	0.19675536650509448	0.10008002	0.10899653979238755	-0.5378733	19.817633	1
FOXD1	0.01779708	0.012350179	0.01780591552082303	0.02645537	0.02768166089965398	1.0928371	9.411343	1
ENC1	0.029239506	0.03522408	0.045998615095459494	0.019731922	0.020761245674740483	-0.8328275	9.49657	1
FAM169A	0.0296067	0.03589184	0.05223068552774755	0.019621123	0.02233406731676628	-0.8679282	11.448668	1
HMGCR	0.17770343	0.22606331	0.2776733603719458	0.10090515	0.10632274300094369	-1.162936	44.55244	1
SV2C	0.15201543	0.17936051	0.1971510535166683	0.10858605	0.10459263919471531	-0.7234996	33.499752	1
S100Z	0.0077953413	0.010783669	0.014838262934019191	0.003043748	0.0034602076124567475	-1.7916074	10.980383	1
CRHBP	0.19689664	0.25681192	0.17202492828172916	0.10172777	0.07014784523435043	-1.3351427	44.55244	1
PDE8B	0.008778045	0.0056352066	0.00850727074883767	0.013773924	0.014941805599245045	1.2744585	6.5258446	1
ARSB	0.048088297	0.055931304	0.07933524582055594	0.035599366	0.040106951871657755	-0.6503346	10.806158	1
DMGDH	0.017222887	0.0087493155	0.012464140864576121	0.03069366	0.033658383139351995	1.7989956	20.869625	1
BHMT2	0.0025270847	0.0006877801	0.001088139281828074	0.0054516476	0.005190311418685121	2.8170512	5.6097994	1
HOMER1	0.28293613	0.32103115	0.3769908002769809	0.22245349	0.22066687637621893	-0.5290104	42.612923	1
CMYA5	0.5461944	0.6984521	0.6146997724799683	0.30419472	0.2728845548914753	-1.1988986	44.55244	1
THBS4	0.17082332	0.2377633	0.2648135324957958	0.064483754	0.06527209814407046	-1.8808895	44.55244	1
FAM151B	0.0106517505	0.013155268	0.019784350578692253	0.0066640466	0.007234979553318654	-0.9706073	5.4516916	1
CKMT2	0.29451838	0.3446612	0.39509348105648434	0.21488093	0.21154451085246934	-0.6813887	44.55244	1
XRCC4	0.17495576	0.19764496	0.22702542289049363	0.13896519	0.14092481912551116	-0.50787956	21.508753	1
HAPLN1	0.02477958	0.030505376	0.035413987535859136	0.015683426	0.01635734507706826	-0.9553748	9.283168	1
EDIL3	0.036419272	0.04485627	0.056583242655059846	0.022997422	0.023435042466184334	-0.9607906	14.5662565	1
MEF2C	0.71820974	0.820286	0.7332080324463349	0.5559482	0.47672223969801825	-0.5610928	44.55244	1
LUCAT1	0.22390285	0.25594294	0.2715402116925512	0.17305562	0.15854042151620007	-0.5643165	30.309172	1
NR2F1	0.0080121495	0.011323259	0.012760906123256505	0.0027442034	0.00267379679144385	-2.0058777	10.463664	1
KIAA0825	0.01829865	0.023280945	0.03343555247798991	0.010380484	0.01116703365838314	-1.1576279	11.967716	1
SLF1	0.08670529	0.09877721	0.13443466218221387	0.06748974	0.07203523120478138	-0.54883367	13.446574	1
GLRX	0.36371148	0.47726858	0.5042041744979721	0.18324861	0.18386284995281535	-1.3805143	44.55244	1
ELL2	0.09322911	0.11298469	0.15293302997329114	0.061796475	0.06511481597986789	-0.86947435	33.986027	1
ERAP2	0.013450659	0.018147008	0.026807795034128005	0.005976392	0.006763133060710916	-1.5863731	15.898573	1
LNPEP	0.48129454	0.55072874	0.5753289148283708	0.37096235	0.35184020132117017	-0.56994236	44.55244	1
LIX1	0.43963522	0.59663606	0.5305173607676328	0.19010101	0.18370556778861277	-1.6495681	44.55244	1
EFNA5	0.022224236	0.0153306	0.022752003165496092	0.03318674	0.03570305127398553	1.1091536	12.222694	1
FER	0.23659989	0.2684028	0.3302997329112672	0.18612331	0.18842403271469016	-0.52790344	35.128624	1
STARD4	0.67620903	0.77458316	0.6964091403699674	0.51984733	0.4425920100660585	-0.5752409	44.55244	1
EPB41L4A	0.0839464	0.095786124	0.1322583836185577	0.065100715	0.07093425605536333	-0.5564343	13.533904	1
EPB41L4A-AS1	0.6800829	0.52761674	0.5562370165199327	0.92251325	0.6810317709971689	0.80596226	44.55244	1
YTHDC2	0.121787615	0.1396162	0.1864675042041745	0.09342167	0.09893048128342247	-0.5791268	21.081291	1
AC034236.2	0.019596413	0.014484101	0.021367098624987636	0.027725054	0.029411764705882353	0.93198806	7.9400573	1
SEMA6A	0.08683795	0.058357213	0.08141260263131862	0.13210735	0.13243158225857188	1.1773494	44.55244	1
TNFAIP8	0.28994742	0.24741244	0.311603521614403	0.35764554	0.3378420887071406	0.5314326	44.55244	1
PRR16	0.025647668	0.019337062	0.026708873281234544	0.035687543	0.037905001572821645	0.8806475	9.131219	1
LOX	0.08601785	0.049203534	0.06241962607577406	0.14453919	0.13652091852783893	1.5526956	44.55244	1
GRAMD2B	0.08634617	0.097937234	0.13502819269957464	0.06789566	0.07502359232463039	-0.52788717	12.778597	1
MARCH3	0.14286096	0.16136429	0.21030764665149868	0.11346881	0.11874803397294746	-0.5076484	19.102587	1
FBN2	2.0326796	2.3052533	0.988426154911465	1.5992984	0.8513683548285624	-0.52745855	44.55244	1
SLC27A6	0.3071002	0.3686939	0.3942031852804432	0.20925713	0.1995910663730733	-0.81684864	44.55244	1
ISOC1	0.67014956	0.821239	0.7169848649718072	0.42998004	0.38266750550487577	-0.93337274	44.55244	1
CHSY3	0.04251952	0.048881143	0.07082797507171827	0.032387525	0.03586033343818811	-0.59234065	8.085588	1
SEPTIN8	0.095385335	0.10870773	0.1491740033633396	0.07418169	0.08052846807172066	-0.5507026	15.208437	1
AC008608.2	0.03971706	0.03382544	0.04866950242358294	0.049081877	0.05331865366467443	0.5357594	5.938678	1
AC109439.2	0.016810229	0.02008566	0.028489464833316845	0.011598758	0.012425290972003775	-0.78697544	5.5509124	1
EGR1	0.1522454	0.12549089	0.1320605401127708	0.19483072	0.1590122680088078	0.63422966	22.206339	1
TMEM173	0.36046797	0.4648331	0.5093481056484321	0.19461851	0.19675998741742687	-1.2556331	44.55244	1
HBEGF	0.04392376	0.057622254	0.0758729844692848	0.022122344	0.024378735451399812	-1.3771167	35.769318	1
SRA1	0.4359996	0.51445526	0.5638539914927293	0.3113375	0.3037118590751809	-0.7243834	44.55244	1
EIF4EBP3	0.040706836	0.030526882	0.04461371055495103	0.056888826	0.061654608367411136	0.8958806	15.203574	1
SLC35A4	0.108993046	0.12675865	0.17301414581066377	0.08072452	0.08650519031141868	-0.6503568	23.55944	1
HARS	0.2152472	0.2542342	0.32426550598476606	0.15334947	0.1605850896508336	-0.72896165	44.55244	1
PCDHAC2	0.007040142	0.004616552	0.007122366208329211	0.010893695	0.011796162315193457	1.2208719	5.040617	1
DELE1	0.11886118	0.13417278	0.18181818181818182	0.09449718	0.10081786725385342	-0.50529784	16.104965	1
SPRY4	0.10223506	0.14265347	0.1821149470768622	0.03795265	0.040421516200062915	-1.9074569	44.55244	1
SPRY4-AS1	0.049260385	0.067079045	0.09249183895538629	0.020907376	0.022805913809374016	-1.6771153	44.55244	1
FGF1	0.016705716	0.022844756	0.03264417845484222	0.006943114	0.008493236866939289	-1.7038791	22.231968	1
AC005592.1	0.0068663703	0.010355888	0.014442575922445345	0.0013189899	0.0017301038062283738	-2.8813794	19.517902	1
LINC01844	0.017052874	0.021250488	0.03106143040854684	0.010377426	0.01100975149418056	-1.0269848	9.020114	1
ARHGAP26	0.10793543	0.12245149	0.16233059649816994	0.08483425	0.09043724441648317	-0.5289697	15.4343405	1
KCTD16	0.026727214	0.014687981	0.020575724601839946	0.04587193	0.04860018873859704	1.6363281	26.832708	1
DPYSL3	0.11600886	0.13730694	0.16994757147096645	0.08212504	0.08587606165460837	-0.74080527	29.835312	1
C5orf46	0.0059980657	0.009274128	0.01088139281828074	0.0007900925	0.0009436929852154766	-3.3966572	16.468695	1
ABLIM3	0.02199447	0.009747728	0.014442575922445345	0.041469283	0.044825416797735135	2.077655	32.19774	1
GRPEL2	0.024341688	0.019436855	0.02898407359778415	0.032146778	0.03538848694558037	0.72295684	6.4691186	1
IL17B	0.0298285	0.034581937	0.048570580670689485	0.022279114	0.023906888958792075	-0.6320317	6.2412825	1
AC131025.1	0.002492144	0.0037355064	0.0056385399149272925	0.00051603414	0.0007864108210128972	-2.6383348	7.9769607	1
CARMN	0.15068592	0.17255066	0.21367098624987635	0.11597829	0.11355772255426234	-0.5727576	23.487034	1
SLC26A2	0.1332543	0.15975586	0.20644969828865367	0.09111936	0.09735765964139667	-0.80935967	42.918972	1
PDGFRB	0.021102501	0.028640453	0.029379760609358	0.009125172	0.008807801195344448	-1.6394352	17.72949	1
NDST1	0.07291704	0.08405805	0.1185082599663666	0.055182405	0.058508965083359545	-0.6062808	13.83835	1
GPX3	0.10439789	0.12705025	0.16876051043624493	0.06835955	0.0740798993394149	-0.8932107	40.586063	1
SLC36A1	0.01686713	0.020754421	0.030072212879612228	0.010683587	0.012268008807801196	-0.9515161	8.104076	1
SPARC	0.56675386	0.7552126	0.6682164407953309	0.26719415	0.2544825416797735	-1.4986457	44.55244	1
GRIA1	0.046232153	0.06012117	0.07181719260065289	0.024127988	0.02406417112299465	-1.3135962	30.892138	1
GALNT10	0.022166928	0.02710958	0.03976654466317143	0.014315966	0.016829191569675998	-0.9164473	9.764507	1
HAND1	0.34116346	0.40917948	0.42259372836086656	0.23310687	0.2233406731676628	-0.81147605	44.55244	1
SGCD	0.032975867	0.044654526	0.05777030368978138	0.014405501	0.014312676942434727	-1.6254336	33.672775	1
ADAM19	0.04662666	0.06619905	0.09100801266198437	0.0154849645	0.017772884554891476	-2.0888333	44.55244	1
NIPAL4	0.0024039077	0.0035229381	0.005341774656246909	0.00062544295	0.0006291286568103177	-2.3202262	5.7224984	1
EBF1	0.0059078494	0.008930136	0.01088139281828074	0.001103428	0.0014155394778232148	-2.907598	14.102212	1
RNF145	0.18882628	0.21962398	0.2830151350281927	0.13995004	0.14627241270839886	-0.64974993	42.06108	1
C1QTNF2	0.014001192	0.021471957	0.03145711742012069	0.0021162347	0.0023592324630386913	-3.2829745	44.55244	1
PTTG1	0.14686607	0.18320948	0.1851815214165595	0.08912929	0.08587606165460837	-1.0386921	44.55244	1
GABRB2	0.049342584	0.064745575	0.08180828964289247	0.024831332	0.023906888958792075	-1.3790482	36.942062	1
HMMR	0.01629445	0.01956573	0.027895934315956078	0.01108874	0.012425290972003775	-0.81363606	5.778864	1
INSYN2B	0.1152901	0.09906333	0.12889504402018004	0.14107713	0.14108210128971374	0.50962776	14.439083	1
KCNMB1	0.060346268	0.077750884	0.10357107527945396	0.032654084	0.036174897766593266	-1.2490386	42.612923	1
FGF18	0.054545563	0.041208386	0.05381343357404293	0.0757355	0.07628184963825102	0.8764386	17.754885	1
NEURL1B	0.024165474	0.030599244	0.04223958848550796	0.013943648	0.014784523435042466	-1.1282854	14.240986	1
STC2	0.36404523	0.20870528	0.2495795825502028	0.61106616	0.4924504561182762	1.5494065	44.55244	1
LINC01411	0.0642702	0.097507864	0.1144524680977347	0.011401051	0.011953444479396037	-3.0852318	44.55244	1
MSX2	0.50240654	0.6298076	0.527351864675042	0.2999298	0.25636992765020444	-1.0700345	44.55244	1
DRD1	0.0071640364	0.0046632597	0.006627757443861905	0.0111403	0.012425290972003775	1.2386594	5.2316904	1
FAM153B	0.019010236	0.0142516615	0.0201800375902661	0.026575642	0.028468071720666878	0.8943052	7.264142	1
SNCB	0.021231968	0.012813379	0.017311306756355723	0.034618195	0.03711859075180875	1.4268255	17.3558	1
NSD1	0.4526921	0.5306727	0.5625680087051143	0.3287823	0.31519345706196916	-0.6905231	44.55244	1
PDLIM7	0.49569017	0.5593223	0.5887822732218815	0.3945757	0.368354828562441	-0.50327015	44.55244	1
B4GALT7	0.15126902	0.17236607	0.23048768424176477	0.11776492	0.12724127083988676	-0.5491781	24.683346	1
FAM153A	0.06382614	0.049588922	0.06815708774359482	0.08644216	0.09043724441648317	0.8004788	18.86122	1
FAM153CP	0.2506676	0.20410357	0.24710653872786625	0.3247824	0.30402642340358604	0.66990936	44.55244	1
COL23A1	0.08087253	0.05400627	0.07241072311801365	0.1235728	0.12566844919786097	1.1926605	44.55244	1
LTC4S	0.038426794	0.05250593	0.0702344445543575	0.016019182	0.01730103806228374	-1.706447	44.55244	1
AC008393.1	0.03303522	0.02767778	0.03996438816895835	0.041560788	0.04608367411135577	0.5847589	5.961457	1
GFPT2	0.07423687	0.08616215	0.11771688594321891	0.055255603	0.05898081157596728	-0.6399984	15.251843	1
LINC00847	0.056988724	0.04823825	0.06904738351963596	0.07088226	0.07754010695187166	0.5542933	9.093846	1
SERPINB9	0.0809873	0.11069707	0.140468889108715	0.033730436	0.03696130858760616	-1.711526	44.55244	1
AL133351.1	0.010330293	0.012738711	0.018399446038183796	0.0064939004	0.007392261717521233	-0.9612965	5.246522	1
RIPK1	0.03102653	0.03653253	0.052428529033534475	0.02228031	0.02469329977980497	-0.71089536	8.215398	1
BPHL	0.08607387	0.0975098	0.13403897517064003	0.067868814	0.0718779490405788	-0.5221531	12.258892	1
TUBB2A	0.1494751	0.17890312	0.22613512711445247	0.10272907	0.10758100031456433	-0.79973656	44.55244	1
TUBB2B	0.06349511	0.051561154	0.07033336630725097	0.08244811	0.0847750865051903	0.6761553	13.503025	1
AL159166.1	0.009098242	0.01270466	0.017311306756355723	0.00335699	0.003302925448254168	-1.8890806	12.78097	1
NRN1	0.008572956	0.0045552393	0.0061331486793945985	0.014960048	0.013526266121421831	1.6937991	8.104048	1
AL031058.1	0.082639724	0.09540359	0.13136808784251658	0.0623243	0.06810317709971689	-0.6134471	16.052593	1
GCNT2	0.13171923	0.16621707	0.21792462162429518	0.07687416	0.08367411135577225	-1.1114901	44.55244	1
ELOVL2	0.00087454234	0.001424541	0.0022752003165496092	-1.0768417e-09	0.0	-3.9303186	5.5524573	1
SMIM13	0.0936287	0.106687166	0.14927292511623305	0.07284406	0.0772255426234665	-0.54987586	14.799244	1
NEDD9	0.06944378	0.07872744	0.10297754476209318	0.054662507	0.05552060396351054	-0.5255094	9.338772	1
PHACTR1	0.093286596	0.078936204	0.10950638045306163	0.116086714	0.12142183076439132	0.55585945	14.333546	1
TBC1D7	0.29542607	0.35928366	0.42289049361954695	0.1939839	0.19534444793960365	-0.88884425	44.55244	1
GFOD1	0.5856999	0.7539838	0.6709862498763478	0.31821448	0.2853098458634791	-1.2442721	44.55244	1
RANBP9	0.1938771	0.21966079	0.2833119002868731	0.15297292	0.15948411450141553	-0.52171487	28.392008	1
GMPR	0.2394606	0.30786318	0.36897813829261056	0.13079329	0.13903743315508021	-1.2343667	44.55244	1
KIF13A	0.41754177	0.49039134	0.5290335344742308	0.30179143	0.2927021075810003	-0.70019794	44.55244	1
TPMT	0.13380016	0.15666394	0.21436343852013057	0.09745121	0.10490720352312048	-0.684362	32.940426	1
RNF144B	0.0098895775	0.0049533467	0.0072212879612226725	0.01773651	0.01966027052532243	1.8195223	12.665733	1
MBOAT1	0.048652776	0.054945327	0.07686220199821941	0.038629424	0.04089336269267065	-0.50719	6.6271973	1
CASC15	0.008173073	0.010346841	0.014442575922445345	0.0047150045	0.0053475935828877	-1.1174577	5.334021	1
RIPOR2	0.06739833	0.05721524	0.07735681076268672	0.08356675	0.08414595784838	0.5457355	9.446263	1
TRIM38	0.02147584	0.028460616	0.039370857651597584	0.010378026	0.011481597986788298	-1.4466602	19.868416	1
HIST1H3B	0.0028482324	0.004005789	0.0062320704322880605	0.001008643	0.001100975149418056	-1.8888646	5.2773466	1
HIST1H1C	0.48865536	0.5711313	0.5658324265505985	0.35759342	0.3192827933312362	-0.6753515	44.55244	1
HIST1H2BC	0.019990098	0.025097866	0.03719457908794144	0.011876221	0.013368983957219251	-1.0731288	11.6705	1
HIST1H2BE	0.009040159	0.0063572763	0.00929864477198536	0.013304423	0.014784523435042466	1.0537115	5.0156503	1
HIST1H2BG	0.01765312	0.013427269	0.018300524285290335	0.024368877	0.025636992765020447	0.85507727	6.081704	1
HIST1H3E	0.023587106	0.028700344	0.04115144920367989	0.015464892	0.017143755898081158	-0.88779056	9.582617	1
HIST1H3F	0.00462266	0.006717701	0.010188940548026512	0.0012924639	0.0014155394778232148	-2.2916455	10.380543	1
HIST1H4H	0.058318965	0.071833596	0.09991097042239588	0.036811855	0.04057879836426549	-0.9625814	26.394058	1
BTN2A1	0.18491945	0.21773067	0.2800474824413889	0.13284257	0.13809374016986473	-0.712404	44.55244	1
AL590062.1	0.02921807	0.0246214	0.035710752794539516	0.036536526	0.03994966970745518	0.56752235	5.0458994	1
PGBD1	0.062394284	0.07537535	0.10594519734889703	0.041736376	0.04466813463353256	-0.85124755	22.367586	1
GPX5	0.0022272358	0.00078320276	0.0012859827876149966	0.004523471	0.0053475935828877	2.3881598	5.0173593	1
MOG	0.0015472895	0.002339748	0.0033633395983776833	0.0002881174	0.00031456432840515884	-2.652167	5.0858173	1
ZFP57	0.0022590829	0.0034819196	0.004847165891779602	0.00031560851	0.00031456432840515884	-3.107436	7.690323	1
ATAT1	0.054869205	0.06566441	0.09288752596696014	0.037686966	0.04136520918527839	-0.79941833	17.705614	1
NRM	0.047027882	0.05351284	0.07547729745771095	0.036697958	0.04057879836426549	-0.5429528	7.508799	1
MDC1	0.07595622	0.087646894	0.12236620832921159	0.057347603	0.0627555835168292	-0.6111014	14.738153	1
IER3	0.2282005	0.27192354	0.31457117420120684	0.15877193	0.15916955017301038	-0.77586716	44.55244	1
MICA	0.06099691	0.07269769	0.1013947967157978	0.042373672	0.04671280276816609	-0.7773239	18.66273	1
C6orf47	0.12828167	0.14595637	0.19764566228113561	0.10017278	0.10726643598615918	-0.5425952	20.089956	1
LY6G5C	0.022135908	0.025956117	0.03759026609951528	0.016069505	0.018087448883296633	-0.6883466	5.8070207	1
ABHD16A	0.12865205	0.15362613	0.20694430705312097	0.08893711	0.09578483799937088	-0.78788364	40.765762	1
DDAH2	0.36616132	0.41772535	0.47155999604312987	0.2842584	0.2788612771311733	-0.55518967	44.55244	1
CLIC1	1.0299752	1.1939784	0.874962904342665	0.7692417	0.6124567474048442	-0.6342011	44.55244	1
HSPA1A	0.05776509	0.073285	0.0957562568008705	0.033069964	0.03538848694558037	-1.1456076	33.831852	1
SNHG32	1.1045868	0.9256937	0.7889009793253536	1.3890276	0.8537275872916011	0.5854165	44.55244	1
AL662884.5	0.005366832	0.002776845	0.0038579483628449897	0.0094850585	0.009436929852154765	1.7362998	6.244137	1
GPSM3	0.06786309	0.083039254	0.11217726778118509	0.04371426	0.04687008493236867	-0.92412937	27.425875	1
TAP2	0.011187087	0.013795116	0.021367098624987636	0.007033132	0.00833595470273671	-0.9619704	5.925526	1
PSMB9	0.02319883	0.027420742	0.03759026609951528	0.016493762	0.01651462724127084	-0.72987837	6.097805	1
TAP1	0.016361991	0.020009184	0.02888515184489069	0.0105592245	0.011796162315193457	-0.9157522	7.1464424	1
SLC39A7	0.61440545	0.69468	0.6849342170343259	0.48681742	0.4443221138722869	-0.5128792	44.55244	1
B3GALT4	0.07918303	0.09350972	0.12820259174992582	0.056383297	0.061025479710600815	-0.728834	21.176477	1
TAPBP	0.17932594	0.21021977	0.2728261944801662	0.13029699	0.13636363636363635	-0.6896739	44.55244	1
BAK1	0.11173241	0.12858449	0.17538826788010684	0.084917985	0.09279647687952186	-0.59799814	21.092638	1
ANKS1A	0.10680619	0.120762445	0.1645068750618261	0.08459547	0.09043724441648317	-0.51300925	14.833534	1
SCUBE3	0.30695868	0.41571784	0.459788307448808	0.13412678	0.13730732934885184	-1.6312791	44.55244	1
PPARD	0.082984634	0.10067281	0.1369077060045504	0.054840293	0.059138093740169866	-0.87517	31.03104	1
STK38	0.11960681	0.13953224	0.18636858245128105	0.08790598	0.09342560553633218	-0.6659586	26.979422	1
SRSF3	0.88932556	1.0474564	0.8284696804827382	0.63793975	0.5339729474677571	-0.71530974	44.55244	1
CPNE5	0.35318637	0.4035129	0.43476110396676226	0.27325186	0.261402956904687	-0.5622131	44.55244	1
Z85996.3	0.04083793	0.04842549	0.06212286081709368	0.028758015	0.031770997168921046	-0.7497707	11.192419	1
PPIL1	0.28841856	0.356913	0.42190127609061234	0.17960434	0.18748033972947467	-0.99035126	44.55244	1
DAAM2	0.018320436	0.02475802	0.03452369175981798	0.008091789	0.008807801195344448	-1.6014609	19.943367	1
APOBEC2	0.48049447	0.58348596	0.5779998021564942	0.31681994	0.29930795847750863	-0.88082695	44.55244	1
MED20	0.057676233	0.06550643	0.09179938668513206	0.045206632	0.050959421201635734	-0.5341149	8.910893	1
CCND3	0.10374727	0.12300201	0.1680680581659907	0.07311141	0.07895564642969487	-0.7497139	29.413261	1
RRP36	0.3641746	0.42760846	0.4895637550697398	0.26339975	0.2645486001887386	-0.6988262	44.55244	1
SRF	0.12079582	0.14090998	0.18834701750915026	0.0887944	0.09468386284995281	-0.66563284	27.374033	1
GTPBP2	0.062722504	0.05286726	0.07448807992877633	0.07836848	0.08273041837055678	0.5670123	9.958712	1
VEGFA	1.0465289	0.7726168	0.678306459590464	1.482046	0.8644227744573766	0.93967587	44.55244	1
AL109615.3	0.1027755	0.07713268	0.10554951033732318	0.14353365	0.14721610569361435	0.89511037	37.516438	1
C6orf223	0.0048574023	0.0069513493	0.009793253536452665	0.0015290198	0.0015728216420257944	-2.1138952	9.145174	1
AL109615.2	0.0197231	0.013359674	0.01800375902660995	0.029841164	0.03035545769109783	1.1534867	10.903356	1
CLIC5	0.03794131	0.04322718	0.05598971213769908	0.029532187	0.031770997168921046	-0.5481073	5.9191184	1
RCAN2	0.48331425	0.40826368	0.4492036798892076	0.60268056	0.5069204152249135	0.5617784	44.55244	1
SLC25A27	0.040560506	0.03344497	0.047779206647541796	0.051870357	0.0558351682919157	0.6315925	8.110513	1
ADGRF5	0.007978032	0.0120421	0.015827480462953805	0.0015120341	0.0015728216420257944	-2.9130638	20.434362	1
PTCHD4	0.007020616	0.00934087	0.012958749629043427	0.0033320992	0.003932054105064486	-1.4598285	7.2692685	1
TRAM2	0.0614606	0.07233671	0.10060342269265012	0.044148628	0.048757470902799624	-0.71108836	15.699718	1
FBXO9	0.6345051	0.7534917	0.7027401325551489	0.44537076	0.4081472161056936	-0.7584525	44.55244	1
ELOVL5	0.16000721	0.18605605	0.2426550598476605	0.11865425	0.12629757785467127	-0.6485333	35.17809	1
AL034374.1	0.0012534852	0.0019827844	0.002967652586803838	9.475485e-05	0.00015728216420257942	-3.4187825	6.021566	1
KLHL31	0.08360047	0.10678762	0.1433376199426254	0.046714224	0.05174583202264863	-1.1910759	44.55244	1
MLIP	0.265402	0.30772206	0.36917598179839745	0.19820094	0.2002201950298836	-0.6344051	44.55244	1
COL21A1	0.031556264	0.024579652	0.032050647937481455	0.042656425	0.04388172381251966	0.79281926	8.866619	1
BAG2	0.30538273	0.35440174	0.4181422494806608	0.22753192	0.23057565272098143	-0.6390897	44.55244	1
AL391807.1	0.024863884	0.01473209	0.021466020377881097	0.04097589	0.04340987731991192	1.46957	21.05912	1
COL9A1	0.07776647	0.09955251	0.12345434761103967	0.04310653	0.045454545454545456	-1.2056568	44.55244	1
CD109	0.3644975	0.43002006	0.46265703828271837	0.26040402	0.2485058194400755	-0.72343385	44.55244	1
AL391840.3	0.03221545	0.037321057	0.05331882480957562	0.024101164	0.025951557093425604	-0.628774	6.799027	1
IBTK	0.259376	0.29315457	0.36106439806113366	0.20575662	0.20902799622522805	-0.5105136	37.372307	1
TPBG	0.06495474	0.081307925	0.10179048372737165	0.038935058	0.03774771940861906	-1.0603988	29.75569	1
ME1	0.36025837	0.42372045	0.47808883173409833	0.25943843	0.2546398238439761	-0.7075051	44.55244	1
PRSS35	1.357641	1.6758285	0.9301612424572163	0.8517572	0.5657439446366782	-0.97627693	44.55244	1
SNAP91	0.054253697	0.06448083	0.08309427243050747	0.037974134	0.04026423403586033	-0.76229477	14.873828	1
CYB5R4	0.04998897	0.05736817	0.08002769809081017	0.038237683	0.04183705567788613	-0.5839999	8.972441	1
MRAP2	0.01796473	0.026918266	0.03501830052428529	0.003736903	0.0034602076124567475	-2.8159208	41.269367	1
RNGTT	0.08814421	0.103666104	0.14274408942526462	0.06344361	0.06888958792072979	-0.7075163	22.419533	1
UBE2J1	0.22298846	0.25459102	0.3217924621624295	0.17283043	0.1811890531613715	-0.5585562	38.27146	1
BACH2	0.041594207	0.04771264	0.0658818874270452	0.03185041	0.03460207612456748	-0.58155763	7.4081945	1
RTN4IP1	0.035554882	0.04025512	0.05648432090216639	0.028080985	0.03161371500471846	-0.51802963	5.3895745	1
FOXO3	0.2539053	0.21818623	0.27490355129092886	0.3107765	0.2997798049701164	0.51012045	35.009926	1
PPIL6	0.02719496	0.022378443	0.03353447423088337	0.034861565	0.03963510537905002	0.6372277	5.9308147	1
GTF3C6	0.71770203	0.83377934	0.758729844692848	0.5331873	0.4776659326832337	-0.6449256	44.55244	1
LAMA4	0.42046434	0.5001477	0.5038084874863983	0.2938526	0.2750865051903114	-0.7670592	44.55244	1
HDAC2-AS2	0.014959841	0.019112187	0.02730240379859531	0.008350621	0.009594212016357346	-1.1848924	10.441491	1
DSE	0.21963707	0.255066	0.3137798001780592	0.16339666	0.16939289084617803	-0.64217484	44.55244	1
CALHM5	0.007984079	0.011995576	0.017706993767929568	0.0016043235	0.0018873859704309531	-2.8272085	22.361603	1
ZUP1	0.048126895	0.056523643	0.0789395588089821	0.034757152	0.037905001572821645	-0.69994986	12.105228	1
SLC35F1	0.02009243	0.028294198	0.03887624888713028	0.0070596775	0.007706826045926392	-1.9876297	30.859747	1
PLN	2.021047	2.2797325	0.9845682065486201	1.6097444	0.8367411135577225	-0.5020064	44.55244	1
PKIB	0.12099413	0.1522095	0.1885448610149372	0.071341075	0.0742371815036175	-1.0921803	44.55244	1
FABP7	0.0099315895	0.014125393	0.017212385003462262	0.003256694	0.003302925448254168	-2.0833554	15.167126	1
SMPDL3A	0.02698164	0.03163284	0.04500939756652488	0.019593978	0.0213903743315508	-0.68822217	6.787768	1
TRDN	1.5001292	1.6944032	0.9603323770897221	1.1912539	0.7804340987731991	-0.50826025	44.55244	1
TPD52L1	0.35871914	0.42228127	0.44039964388168956	0.25774005	0.2538534130229632	-0.7120696	44.55244	1
ARHGAP18	0.03605655	0.048943583	0.06776140073202097	0.015550595	0.018087448883296633	-1.6478469	41.449665	1
L3MBTL3	0.029877402	0.034154017	0.048075971906222176	0.023086354	0.023906888958792075	-0.5629972	5.024821	1
AKAP7	0.09349773	0.10827502	0.14739341181125729	0.06998041	0.0742371815036175	-0.6289491	18.682955	1
ENPP1	0.027850589	0.036127727	0.048867345929369865	0.014697962	0.016042780748663103	-1.2916958	20.438402	1
CCN2	0.054578148	0.08023601	0.09318429122564052	0.013760679	0.014784523435042466	-2.535049	44.55244	1
MOXD1	0.05897058	0.0470519	0.06182609555841329	0.077900335	0.07533815665303555	0.7261644	13.170343	1
TCF21	0.002726298	0.003972684	0.005341774656246909	0.000745414	0.0007864108210128972	-2.2682498	5.806727	1
SGK1	0.033407703	0.026752146	0.0360075180532199	0.04399622	0.045454545454545456	0.7156176	7.9195385	1
AL078590.2	0.00519939	0.006985789	0.010683549312493818	0.00235999	0.00267379679144385	-1.526276	6.294993	1
BCLAF1	0.55081946	0.62566143	0.6292412701553072	0.43187794	0.39289084617804343	-0.5346552	44.55244	1
MAP3K5	0.03053823	0.035546385	0.050647937481452174	0.02258394	0.024536017615602392	-0.6520847	6.904658	1
PEX7	0.1345289	0.15220374	0.20348204570184983	0.10642791	0.11591695501730104	-0.51571995	19.32498	1
SLC35D3	0.108190104	0.15034807	0.177564546443763	0.041142248	0.04183705567788613	-1.8670707	44.55244	1
IL20RA	0.054571982	0.073251024	0.10060342269265012	0.024851782	0.028310789556464298	-1.5556742	44.55244	1
TNFAIP3	0.021988425	0.017357502	0.02552181224651301	0.02935438	0.03129915067631331	0.75463504	6.0867243	1
ARFGEF3	0.0664749	0.03854304	0.05124146799881294	0.110874504	0.11497326203208556	1.5219477	44.55244	1
TXLNB	0.35981402	0.4096858	0.423978632901375	0.28060308	0.25369613085876064	-0.54582506	44.55244	1
ADGRG6	0.06761304	0.08428021	0.11267187654565239	0.041094147	0.042938030827304186	-1.0344653	32.67748	1
FUCA2	0.18213233	0.20563456	0.2686714808586408	0.14485429	0.15508021390374332	-0.50518614	25.52933	1
PHACTR2	0.38683033	0.45504647	0.5009397566524879	0.27845195	0.27162629757785467	-0.7083846	44.55244	1
SASH1	0.08479765	0.06625228	0.0947670392719359	0.11426753	0.120792702107581	0.78545964	24.87584	1
LRP11	0.04738053	0.03852065	0.055791868631912156	0.061456263	0.06826045926391947	0.6725333	10.886473	1
ULBP1	0.005157324	0.0013801716	0.0022752003165496092	0.011163036	0.012110726643598616	2.9277594	12.467035	1
PPP1R14C	1.0902684	1.242316	0.8797111484815511	0.84854263	0.6344762503932054	-0.5499192	44.55244	1
PLEKHG1	0.042058017	0.024947545	0.03640320506479375	0.0692573	0.07203523120478138	1.4693785	35.150127	1
AKAP12	0.47301263	0.59137326	0.5654367395390246	0.28490615	0.26863793645800566	-1.05332	44.55244	1
SYNE1	0.35775703	0.4365884	0.47719853595805717	0.23250523	0.22585718779490405	-0.90872055	44.55244	1
RGS17	0.019027377	0.024470355	0.035908596300326445	0.01038025	0.01100975149418056	-1.2292455	13.434982	1
CNKSR3	0.10636102	0.13543871	0.1782569987140172	0.060107175	0.06527209814407046	-1.1706976	44.55244	1
TIAM2	0.047647517	0.053918786	0.07656543673953903	0.03765777	0.04183705567788613	-0.5166876	7.0274453	1
SYNJ2	0.022083297	0.028709562	0.042140666732614504	0.011555515	0.013211701793016672	-1.305535	17.833776	1
ACAT2	0.09052251	0.1259835	0.1635176575328915	0.034121573	0.03680402642340359	-1.8814015	44.55244	1
CAHM	0.055274207	0.046818025	0.06558512216836482	0.06869896	0.07140610254797106	0.5522443	8.32915	1
PDE10A	0.041333288	0.04812513	0.062023939064200215	0.030518273	0.03161371500471846	-0.6553923	8.390883	1
AL022069.3	0.047986686	0.036489554	0.05045009397566525	0.06625728	0.07282164202579428	0.85882294	16.616398	1
RPS6KA2	0.10523148	0.08496557	0.1154416856266693	0.13743925	0.14454230890217049	0.6931962	24.454092	1
AFDN-DT	0.061304957	0.07100426	0.09822930062320705	0.04586452	0.04844290657439446	-0.6294153	12.196537	1
PRKAR1B	0.019982463	0.024387209	0.03610643980611337	0.012984944	0.013998112614029569	-0.9041206	8.4495535	1
GPR146	0.058360446	0.048752565	0.06687110495597982	0.0736161	0.07816923560868197	0.59354544	10.119492	1
MAFK	0.031216254	0.03619151	0.05074685923434563	0.02331264	0.02516514627241271	-0.6323445	6.6825376	1
PSMG3-AS1	0.053162083	0.06317995	0.08853496883964784	0.037215017	0.04120792702107581	-0.761992	15.661112	1
ELFN1	0.015320202	0.009269496	0.013552280146404194	0.02493628	0.02783894306385656	1.4179767	13.269054	1
SDK1	0.051485255	0.040131874	0.055791868631912156	0.069522604	0.07549543881723812	0.79121673	15.3298025	1
FBXL18	0.05196023	0.06034374	0.085567316252844	0.03861211	0.04325259515570934	-0.642808	11.3629465	1
GLCCI1	0.13501628	0.10836257	0.14452468097734691	0.1773959	0.17458320226486315	0.7105884	31.54189	1
THSD7A	0.06891654	0.07904857	0.10505490157285587	0.052786484	0.05489147530670022	-0.58166414	11.503127	1
ARL4A	0.06965996	0.0817969	0.11524384212088239	0.050342012	0.05363321799307959	-0.69918305	17.203684	1
CRPPA	0.065482296	0.08182282	0.11405678108616085	0.03948256	0.04419628814092482	-1.0494004	34.952606	1
SOSTDC1	0.012339783	0.015560254	0.022158472648135325	0.007212128	0.00833595470273671	-1.0987445	7.694765	1
TSPAN13	0.3061224	0.3886576	0.4402018003759027	0.17498481	0.17442592010066058	-1.1508168	44.55244	1
AHR	0.031849515	0.037196785	0.051637155010386786	0.023353316	0.025479710600817867	-0.6692595	7.311479	1
HDAC9	0.30257607	0.34862545	0.4107231180136512	0.2294461	0.2255426234664989	-0.60330766	44.55244	1
CDCA7L	0.2129544	0.16808325	0.21337422099119596	0.28436047	0.27256999056307013	0.758194	44.55244	1
HOTAIRM1	0.018671956	0.02339408	0.03452369175981798	0.011168868	0.012425290972003775	-1.0599546	10.634585	1
CREB5	0.05821367	0.07394208	0.09179938668513206	0.033186316	0.03271469015413652	-1.1534162	31.720274	1
CHN2	0.02743717	0.03376396	0.046987832624394106	0.017385371	0.01966027052532243	-0.9536024	12.392072	1
FKBP14	0.20402561	0.24928866	0.3106143040854684	0.13215043	0.13652091852783893	-0.9151235	44.55244	1
GARS	0.401283	0.2828199	0.34780888317340986	0.58967555	0.48206983328090597	1.0597725	44.55244	1
AQP1	0.21612085	0.16173904	0.20466910673657138	0.30264932	0.27618748033972945	0.903564	44.55244	1
BBS9	0.0583521	0.07055143	0.09704223958848551	0.038936943	0.041994337842088704	-0.8558788	20.630741	1
AC018647.1	0.014744727	0.022393132	0.03175388267880107	0.0025770655	0.0029883611198490093	-3.0707603	43.25141	1
ANLN	0.030253552	0.039346594	0.05638539914927292	0.015803553	0.017143755898081158	-1.3105516	23.793188	1
EPDR1	0.22424018	0.29266697	0.34315956078741716	0.11553637	0.12094998427178358	-1.3401575	44.55244	1
SFRP4	0.013495835	0.021060562	0.025323968740726087	0.001461398	0.0014155394778232148	-3.7604678	37.176212	1
RALA	0.35764727	0.40631527	0.47195568305470376	0.28034788	0.280119534444794	-0.53522193	44.55244	1
LINC01449	0.0018361382	0.0027461865	0.0038579483628449897	0.0003899783	0.0004718464926077383	-2.5382404	5.3439445	1
INHBA	0.09115287	0.106690355	0.1297853397962212	0.06642695	0.06715948411450141	-0.68277055	19.183239	1
GLI3	0.12693496	0.14431526	0.19062221782569988	0.09928959	0.10443535703051274	-0.5390565	19.032427	1
STK17A	0.5740039	0.70739037	0.6629735878919775	0.36199182	0.3356401384083045	-0.966355	44.55244	1
AC004951.1	0.052288026	0.059953496	0.08586408151152439	0.040081985	0.04340987731991192	-0.57969934	9.234857	1
DBNL	0.3172256	0.3695195	0.43921258284696807	0.23416439	0.23875432525951557	-0.6579032	44.55244	1
PGAM2	0.581665	0.66524935	0.6100504500939756	0.44881737	0.3913180245360176	-0.5676621	44.55244	1
MYL7	2.8979774	3.5141022	0.952616480364032	1.918374	0.8079584775086506	-0.873238	44.55244	1
GCK	0.068762384	0.086645074	0.11395785933326738	0.040310636	0.04325259515570934	-1.1020467	38.099636	1
YKT6	0.14811853	0.16953583	0.22761895340785437	0.1141021	0.12205095942120163	-0.57085174	25.792627	1
PURB	0.35110092	0.39942583	0.4558314373330695	0.27435005	0.27036804026423406	-0.5417452	44.55244	1
IGFBP3	0.0878721	0.07427438	0.07043228806014443	0.10947412	0.10223340673167662	0.5590294	10.39167	1
TNS3	0.023519866	0.02984281	0.04303096250865565	0.01347437	0.015413652091852784	-1.1413244	14.998034	1
HUS1	0.11957971	0.14055885	0.18805025225046987	0.08620251	0.09279647687952186	-0.70472604	30.248627	1
UPP1	0.32137716	0.37781364	0.4091403699673558	0.2317299	0.22208241585404215	-0.7049899	44.55244	1
VWC2	0.097123206	0.123779185	0.14907508161044614	0.054718606	0.05614973262032086	-1.1761962	44.55244	1
GRB10	0.09379561	0.066257425	0.09259076070827975	0.13756733	0.13950927964768794	1.0528564	44.55244	1
LANCL2	0.04600207	0.054397155	0.07725788900979326	0.032634556	0.036489462094998426	-0.7353664	12.906473	1
ZNF713	0.030122997	0.034597322	0.05054901572855871	0.023017662	0.02422145328719723	-0.58582896	5.6027555	1
ASL	0.0789622	0.094560556	0.12800474824413888	0.05414013	0.058508965083359545	-0.80340284	25.108936	1
TPST1	0.05062724	0.057668455	0.08240182016025324	0.039413277	0.04340987731991192	-0.5479444	8.21808	1
CALN1	0.0401484	0.022258228	0.03165496092590761	0.068591684	0.07124882038376848	1.6193297	38.803375	1
ABHD11	0.12455602	0.14065634	0.18745672173310912	0.098940365	0.10569361434413338	-0.50711125	16.870817	1
GTF2IRD1	0.0688867	0.057197943	0.08111583737263825	0.08745091	0.09248191255111671	0.6116388	12.709995	1
CASTOR2	0.09196772	0.10393283	0.14571174201206846	0.07292178	0.07864108210128971	-0.51064	12.802971	1
POMZP3	0.042567454	0.05162332	0.07349886239984173	0.028148975	0.031456432840515886	-0.8726163	16.440512	1
FGL2	0.021320641	0.029617893	0.039568701157384506	0.008136177	0.008493236866939289	-1.851285	28.32117	1
CD36	0.009925694	0.0141363675	0.019091898308438025	0.0032239011	0.003617489776659327	-2.0986316	16.488813	1
SEMA3E	0.012242272	0.016134782	0.023642298941537243	0.0060460893	0.006763133060710916	-1.4013474	11.571367	1
SEMA3A	0.27976617	0.35456577	0.3923236719754674	0.16092803	0.15869770368040265	-1.1391482	44.55244	1
CROT	0.06730057	0.07742657	0.10851716292412701	0.051180497	0.055206039635105376	-0.5962806	12.4321	1
CYP51A1	0.7116777	0.8321216	0.7136215253734296	0.520218	0.45863479081472164	-0.67757404	44.55244	1
GNG11	0.58925617	0.70000684	0.6096547630824019	0.41322607	0.3483799937087134	-0.76029485	44.55244	1
COL1A2	0.18966846	0.22381212	0.19190820061331487	0.13547844	0.1100975149418056	-0.7238049	30.964842	1
PEG10	0.75324917	0.5882585	0.48441982391927985	1.0155886	0.6423403586033344	0.78769076	44.55244	1
PON2	0.48410487	0.57425493	0.604115144920368	0.34084195	0.3271469015413652	-0.7524165	44.55244	1
TAC1	0.013195896	0.017743697	0.01562963695716688	0.0059577418	0.0050330292544825414	-1.5585625	8.161346	1
ASNS	0.016961634	0.0066031627	0.009991097042239588	0.033430092	0.03664674425920101	2.3225427	29.363409	1
BRI3	1.2344065	1.0592653	0.8488475615787912	1.512878	0.8949355143126769	0.5141908	44.55244	1
BAIAP2L1	0.011894313	0.0066527193	0.010287862300919973	0.020224474	0.02233406731676628	1.5896776	12.272229	1
SMURF1	0.06921634	0.07841966	0.11049559798199624	0.054562457	0.0596099402327776	-0.5225037	10.104788	1
ARPC1B	0.20382689	0.24732924	0.3062617469581561	0.1347507	0.14013840830449828	-0.875653	44.55244	1
ZNF789	0.039901853	0.045892082	0.06598080917993866	0.03036626	0.03334381881094684	-0.5941731	7.52568	1
TMEM225B	0.010481407	0.0071591814	0.010584627559600357	0.015761325	0.017458320226486315	1.1276345	6.290794	1
MAP11	0.014941622	0.01795914	0.026016421010980315	0.010136522	0.01100975149418056	-0.8190035	5.4276557	1
GAL3ST4	0.005983752	0.008024734	0.011573845088534969	0.0027395333	0.003302925448254168	-1.5166668	6.9714327	1
GPC2	0.060155585	0.06977309	0.09634978731823128	0.04484514	0.047341931424976405	-0.6365718	12.36078	1
CASTOR3	0.061343294	0.08008088	0.11336432881590662	0.03153204	0.03444479396036489	-1.3418715	44.55244	1
POP7	0.16263524	0.19020198	0.2525472351370066	0.11887696	0.12629757785467127	-0.67760843	39.406406	1
SLC12A9	0.041883208	0.049044732	0.07082797507171827	0.0304806	0.03318653664674426	-0.68442005	10.244008	1
TRIP6	0.20118333	0.22785987	0.2941932931051538	0.15885809	0.1667190940547342	-0.5201334	29.871374	1
SRRT	0.17571345	0.21255633	0.27134236818676427	0.11722611	0.12330921673482227	-0.8579997	44.55244	1
UFSP1	0.015831817	0.018983133	0.02710456029280839	0.010815484	0.012425290972003775	-0.8059219	5.7296534	1
ACHE	0.021062745	0.026173586	0.03640320506479375	0.012944369	0.014312676942434727	-1.0101861	10.61844	1
SERPINE1	0.007992029	0.0102502685	0.013453358393510733	0.00440019	0.004875747090279962	-1.2016103	5.485215	1
ORAI2	0.17796096	0.21505329	0.27262835097437926	0.11907777	0.1245674740484429	-0.8522498	44.55244	1
LRWD1	0.05462438	0.06211567	0.08853496883964784	0.042693898	0.04749921358917899	-0.5398729	8.652749	1
LRRC17	0.111264974	0.14345647	0.17637748540904144	0.06006074	0.062441019188424034	-1.2547243	44.55244	1
NAMPT	0.46935365	0.400105	0.45533682856860225	0.57949525	0.5009436929852155	0.5343067	44.55244	1
PRKAR2B	0.6227684	0.7728822	0.7045207241072312	0.38415843	0.35435671594841145	-1.0083584	44.55244	1
AC006387.1	0.011341058	0.014025865	0.019091898308438025	0.0070650745	0.007864108210128971	-0.9792857	5.671758	1
GPR22	0.12044985	0.103194304	0.12810366999703235	0.14787227	0.1391947153192828	0.51856613	14.483716	1
LRRN3	0.16182329	0.09032611	0.10347215352656049	0.27552113	0.221767851525637	1.6078751	44.55244	1
AC018464.1	0.009615727	0.013425065	0.019190820061331486	0.003551961	0.0042466184334696445	-1.8888922	15.189912	1
PPP1R3A	0.09370995	0.114546746	0.13146700959541002	0.06055862	0.0596099402327776	-0.9184108	32.62971	1
MDFIC	0.20214997	0.25211924	0.30537145118211495	0.122792885	0.12739855300408934	-1.0372769	44.55244	1
CAV2	0.1529597	0.17369504	0.21080225541596598	0.120039724	0.12409562755583517	-0.53267366	21.33284	1
CAV1	0.122736946	0.14119601	0.15105351666831537	0.09337038	0.08917898710286254	-0.59613967	17.959852	1
ST7-OT4	0.023785276	0.028370533	0.04065684043921258	0.01650252	0.017772884554891476	-0.77806735	7.501923	1
WNT2	0.05525489	0.07386144	0.08546839449995054	0.025650574	0.025479710600817867	-1.5221689	44.55244	1
CPED1	0.009523412	0.013305736	0.019289741814224947	0.0035024595	0.003617489776659327	-1.8957962	14.201286	1
FAM3C	0.32776013	0.37722608	0.4402018003759027	0.24919413	0.2514941805599245	-0.59796286	44.55244	1
AASS	0.12811415	0.14838794	0.19507369670590563	0.09587493	0.09877319911921988	-0.6296163	25.291557	1
LMOD2	0.25656787	0.375064	0.35967949352062517	0.0682549	0.06307014784523435	-2.4564044	44.55244	1
GPR37	0.05897649	0.07359976	0.09694331783559204	0.035707455	0.036489462094998426	-1.0414	28.235708	1
HILPDA	0.5899533	0.44325665	0.4428726877040261	0.82321894	0.574079899339415	0.8929838	44.55244	1
FAM71F2	0.013549476	0.01736858	0.025917499258086854	0.0074699675	0.00817867253853413	-1.2064034	9.790463	1
AC018638.6	0.005783736	0.007934383	0.01167276684142843	0.0023651735	0.0029883611198490093	-1.704498	8.276286	1
CCDC136	0.054755658	0.04365076	0.05955089524186369	0.07239391	0.07628184963825102	0.7285517	13.589372	1
STRIP2	0.054737106	0.07066257	0.0965476308240182	0.02939631	0.03302925448254168	-1.262452	40.243195	1
CEP41	0.05579234	0.063703924	0.09011771688594322	0.04319442	0.04671280276816609	-0.55946404	9.296143	1
MEST	0.21537672	0.24438569	0.27787120387773273	0.16934709	0.16074237181503617	-0.5289151	28.147354	1
PLXNA4	0.56183916	0.7066569	0.6448709071124741	0.3316606	0.3062283737024221	-1.0910716	44.55244	1
AC018643.1	0.006520124	0.008720732	0.012266297358789197	0.003022023	0.003302925448254168	-1.4984171	7.1042275	1
SLC35B4	0.06764471	0.080420226	0.11385893758037392	0.04731253	0.05174583202264863	-0.7640828	20.09766	1
BPGM	0.12246133	0.14020488	0.1905232960728064	0.094230786	0.10113243158225857	-0.5727645	21.247948	1
CALD1	1.2051163	1.3678007	0.8804036007518053	0.94647735	0.6429694872601447	-0.53117114	44.55244	1
AC015987.1	0.012058617	0.016302943	0.022158472648135325	0.005303101	0.006134004403900598	-1.6020951	13.797163	1
MTPN	1.390749	1.6180918	0.9492531407656544	1.0293064	0.730732934885184	-0.6525699	44.55244	1
CHRM2	0.38692343	0.49108428	0.5119200712236621	0.22139823	0.21453287197231835	-1.148969	44.55244	1
PTN	0.42377636	0.53010356	0.502027895934316	0.2548058	0.23560868197546397	-1.0565822	44.55244	1
DGKI	0.31867895	0.42426348	0.40953605697892964	0.15089473	0.1469015413652092	-1.4908023	44.55244	1
CREB3L2	0.17310837	0.20095935	0.2608566623800574	0.12891646	0.13368983957219252	-0.64006627	36.61491	1
ZC3HAV1	0.1849035	0.21029744	0.2668908893065585	0.14462003	0.1481597986788298	-0.5398525	27.908518	1
TTC26	0.03248107	0.03975122	0.05727569492531408	0.020923996	0.023277760301981754	-0.92258704	14.045788	1
HIPK2	0.49757954	0.56747115	0.5810663764961915	0.38651878	0.3609625668449198	-0.55388963	44.55244	1
TBXAS1	0.002092043	0.0030241616	0.004748244138886141	0.00061076885	0.0006291286568103177	-2.1360166	5.0061083	1
PARP12	0.027927529	0.0322391	0.04718567613018103	0.021080207	0.022648631645171436	-0.6105629	5.685155	1
EPHB6	0.011282657	0.014312131	0.021070333366307252	0.0064585386	0.006920415224913495	-1.1358374	7.256964	1
KEL	0.02173032	0.026562434	0.036699970323474135	0.014055139	0.014941805599245045	-0.9134826	8.914786	1
AC004889.1	0.008216507	0.010480136	0.015926402215847266	0.004614963	0.0050330292544825414	-1.1660397	5.845017	1
EZH2	0.071345024	0.0815413	0.11277079829854585	0.05511265	0.05803711859075181	-0.56430036	11.679836	1
GHET1	0.0015930171	0.0023794323	0.0035611831041646056	0.0003434459	0.0004718464926077383	-2.48318	5.0979977	1
PDIA4	0.3415882	0.40896803	0.4624591947769314	0.23454377	0.22507077697389116	-0.80186856	44.55244	1
TMEM176B	0.4666409	0.5835565	0.5302205955089524	0.28083417	0.2529097200377477	-1.0548875	44.55244	1
TMEM176A	0.24844167	0.32174772	0.34494015233949943	0.13198087	0.12755583516829191	-1.2849567	44.55244	1
KCNH2	0.3171275	0.35960937	0.42872687704026113	0.24966823	0.2485058194400755	-0.5262417	44.55244	1
NOS3	0.024375014	0.030928835	0.045207241072311805	0.013962343	0.015728216420257943	-1.1417725	15.591261	1
ABCB8	0.050731897	0.061040357	0.08744682955781977	0.034322966	0.03774771940861906	-0.8287536	17.485352	1
CDK5	0.08538782	0.097532555	0.1343357404293204	0.06605644	0.07077697389116074	-0.5614807	13.987227	1
CHPF2	0.08195998	0.10383375	0.14234840241369076	0.04716153	0.05190311418685121	-1.1369259	44.55244	1
WDR86	0.036749616	0.027918482	0.040557918686319125	0.05079199	0.05567788612771312	0.86105984	13.010731	1
PRKAG2	0.8596723	0.98025453	0.797111484815511	0.6679832	0.5401069518716578	-0.5532759	44.55244	1
PRKAG2-AS1	0.012023966	0.007501913	0.01088139281828074	0.019210674	0.020918527838943064	1.3449641	9.426514	1
LINC01003	0.17377965	0.14093313	0.19091898308438027	0.22604704	0.22758729160113242	0.681227	40.40771	1
INSIG1	0.08183708	0.106754586	0.1386882975566327	0.042200536	0.045139981126140295	-1.336901	44.55244	1
PTPRN2	0.015085647	0.019312384	0.027500247304382233	0.0083579235	0.008807801195344448	-1.1986018	10.397898	1
ESYT2	0.20531219	0.16840436	0.21960629142348403	0.2640575	0.260301981755269	0.6486123	43.853474	1
VIPR2	0.023602488	0.027477494	0.037788109605302204	0.01744895	0.01903114186851211	-0.6521066	5.408864	1
CLN8	0.0916473	0.10390025	0.14323869818973192	0.07214398	0.07816923560868197	-0.5256377	13.391015	1
MYOM2	0.05881362	0.087623395	0.11178158076961124	0.012984648	0.013054419628814092	-2.7450867	44.55244	1
PRAG1	0.014987134	0.022298856	0.03096250865565338	0.003354853	0.003932054105064486	-2.6967287	36.3685	1
MSRA	0.10369098	0.123564966	0.16787021466020377	0.07207036	0.0764391318024536	-0.7769584	31.180616	1
MTMR9	0.15046741	0.1714562	0.2281135621723217	0.11713966	0.12346649889902485	-0.54922056	23.859179	1
FDFT1	0.44612986	0.5556491	0.5720644969828865	0.27207828	0.27115445108524694	-1.029882	44.55244	1
AC068587.4	0.109249264	0.13181254	0.15372440399643883	0.07335111	0.07392261717521233	-0.8447256	33.25529	1
PDGFRL	0.03996768	0.04711437	0.0671678702146602	0.028591746	0.03161371500471846	-0.7185902	10.638535	1
LPL	0.0044092364	0.006126156	0.007419131467009596	0.0016802687	0.0018873859704309531	-1.8062468	5.595149	1
BMP1	0.027026849	0.03260536	0.04738351963596795	0.01816485	0.020132117017930166	-0.8404572	9.834913	1
PHYHIP	0.0020156717	0.002996696	0.004253635374418835	0.0004566777	0.0006291286568103177	-2.4758155	5.624073	1
PDLIM2	0.302065	0.23561755	0.2766841428430112	0.4077727	0.3645800566215791	0.79105973	44.55244	1
C8orf58	0.096847884	0.07327414	0.0996142051637155	0.13431546	0.13715004718464927	0.8733554	33.17946	1
AC090197.1	0.00992394	0.013468667	0.019784350578692253	0.0042808643	0.004875747090279962	-1.6309917	12.375064	1
ENTPD4	0.29524207	0.33456627	0.40201800375902663	0.23280248	0.23670965712488204	-0.52299696	44.55244	1
AF106564.1	0.012987137	0.0072284485	0.010188940548026512	0.022139642	0.024378735451399812	1.6015539	13.329845	1
NEFM	0.178437	0.10739434	0.12266297358789198	0.29142225	0.24551745832022648	1.4393452	44.55244	1
NEFL	0.3281354	0.22471215	0.2470076169749728	0.4926272	0.4123938345391633	1.1320691	44.55244	1
AC107373.2	0.010305837	0.006825562	0.009595410030665743	0.015836872	0.017458320226486315	1.2023654	6.630899	1
CDCA2	0.023118297	0.016395168	0.02334553368285686	0.03381256	0.03523120478137779	1.0397763	10.881885	1
PNMA2	0.060460668	0.049815685	0.0679592442378079	0.07736447	0.08367411135577225	0.6340415	11.967496	1
EPHX2	0.12055017	0.10136942	0.1399742803442477	0.15103523	0.15791129285938973	0.57479507	20.153278	1
CLU	0.19011801	0.21894087	0.23869818973192206	0.14438318	0.14234035860333438	-0.6002986	30.178478	1
SCARA3	0.010344998	0.013035742	0.019388663567118408	0.0060596443	0.006448568732305757	-1.0925786	6.342743	1
PBK	0.0048847236	0.0067735207	0.010485705806706895	0.0018824952	0.0020446681346335325	-1.7937319	7.6178293	1
PNOC	0.011134567	0.016742079	0.012563062617469582	0.0022121074	0.0020446681346335325	-2.86479	13.034228	1
ZNF395	0.11885799	0.095561415	0.12840043525571274	0.15588652	0.1596413966656181	0.70541227	28.13537	1
INTS9	0.030738324	0.035084993	0.05074685923434563	0.023836046	0.025636992765020447	-0.55577546	5.2232485	1
DUSP4	0.016210394	0.022090819	0.028390543080423384	0.006856805	0.007234979553318654	-1.6734661	17.659863	1
DCTN6	0.48241514	0.5479745	0.5928380650905134	0.37824076	0.3609625668449198	-0.5346859	44.55244	1
UBXN8	0.039594524	0.046690196	0.0671678702146602	0.02829846	0.030670022019502988	-0.72039366	10.546621	1
PURG	0.027680011	0.031819493	0.04441586704916411	0.02110624	0.023906888958792075	-0.5899491	5.3278403	1
AC090204.1	0.46229216	0.3860149	0.44603818379661686	0.5836078	0.5080213903743316	0.59621614	44.55244	1
DUSP26	0.19513632	0.23532164	0.2902364229894154	0.13133536	0.13636363636363635	-0.8408935	44.55244	1
AC124067.2	0.024642633	0.03398727	0.04402018003759026	0.009792782	0.009751494180559924	-1.7847849	29.66333	1
ADGRA2	0.0589467	0.07239445	0.10179048372737165	0.03754687	0.04183705567788613	-0.9453407	25.625036	1
ADRB3	0.053031012	0.0653304	0.08804036007518053	0.03345688	0.033972947467757156	-0.9633525	22.15002	1
EIF4EBP1	0.860397	0.6724157	0.6558512216836483	1.1592945	0.7393834539163259	0.78573173	44.55244	1
LSM1	0.6148405	0.6950328	0.6899792264318924	0.48738346	0.44558037118590754	-0.5119355	44.55244	1
PLPP5	0.09408666	0.110953696	0.1527351864675042	0.067246206	0.06983328090594526	-0.72158885	24.096388	1
FGFR1	0.21996626	0.2687985	0.3264417845484222	0.14241627	0.14564328405158855	-0.915935	44.55244	1
AC069120.1	0.004447428	0.0065682987	0.00939756652487882	0.001076124	0.0014155394778232148	-2.5032785	11.354418	1
TACC1	0.31513825	0.36377323	0.42180235433771884	0.237897	0.23513683548285624	-0.61249244	44.55244	1
TM2D2	0.24341965	0.2746306	0.34345632604609755	0.19388363	0.19911921988046555	-0.50208265	34.131542	1
ADAM9	0.18523295	0.20939013	0.2701553071520427	0.14691468	0.15303554576910977	-0.5109221	25.92853	1
ZMAT4	0.037173945	0.023169253	0.03254525670194876	0.05944204	0.06527209814407046	1.3554838	28.549097	1
AC027702.1	0.0025120312	0.00071624096	0.001088139281828074	0.005367512	0.005819440075495438	2.7438173	6.188026	1
PLAT	0.052138712	0.07633475	0.08734790780492631	0.013645468	0.013998112614029569	-2.4752727	44.55244	1
SLC20A2	0.44155955	0.5147501	0.5567316252844	0.32526475	0.31472161056936143	-0.66209465	44.55244	1
TCEA1	1.0830251	0.92633426	0.8026511029775447	1.3321553	0.8230575652720982	0.5241101	44.55244	1
IMPAD1	0.35955998	0.4142672	0.47551686615886835	0.27266017	0.2681660899653979	-0.60327685	44.55244	1
TRIM55	0.5983841	0.7102361	0.6686121278069047	0.4205987	0.38361119849009123	-0.7557146	44.55244	1
SULF1	0.023904199	0.0341558	0.029775447620931844	0.0076122945	0.007706826045926392	-2.1511164	26.101152	1
SLCO5A1	0.005670291	0.007889005	0.009991097042239588	0.0021435055	0.002201950298836112	-1.8322611	7.7429304	1
GDAP1	0.05625099	0.06632601	0.09259076070827975	0.040213488	0.04498269896193772	-0.7204856	14.913341	1
CRISPLD1	0.04442732	0.05560786	0.08012661984370363	0.026630096	0.03019817552689525	-1.0594158	24.381273	1
ZFHX4	0.007309047	0.01033902	0.014244732416658423	0.0024923324	0.0025165146272412707	-2.0096636	11.605512	1
STMN2	0.033467684	0.043196324	0.03689781382926106	0.017998034	0.015728216420257943	-1.2584116	14.995055	1
MRPS28	0.33886805	0.38804737	0.4549411415570284	0.26075792	0.2588864422774457	-0.5733403	44.55244	1
AC009812.4	0.004406207	0.006121585	0.009199723019091898	0.0016797205	0.0015728216420257944	-1.8056315	6.5648923	1
PAG1	0.17937541	0.21753758	0.26985854189336234	0.118791424	0.12330921673482227	-0.87228304	44.55244	1
CA3	0.01431498	0.008474832	0.01167276684142843	0.0235967	0.023120478137779177	1.4665058	11.424261	1
MMP16	0.032990705	0.021913461	0.03096250865565338	0.050605815	0.05221767851525637	1.2037653	19.504454	1
AC090578.1	0.009218683	0.0051460247	0.007616974972796518	0.015692394	0.01667190940547342	1.5899334	9.305729	1
TMEM64	0.15102452	0.17089356	0.22534375309130478	0.119479805	0.1245674740484429	-0.51596826	21.109144	1
C8orf88	0.17765847	0.20233206	0.2638243149668612	0.13851945	0.14469959106637306	-0.5463081	28.143114	1
LRRC69	0.017246328	0.021337168	0.029874369373825305	0.010742422	0.011324315822585718	-0.98342735	8.18591	1
TMEM67	0.23516986	0.27663392	0.33910376891878524	0.1693346	0.17379679144385027	-0.7077708	44.55244	1
ESRP1	0.007073263	0.009448712	0.013849045405084578	0.0032970326	0.0034602076124567475	-1.491031	7.533008	1
DPY19L4	0.21983083	0.25923294	0.32456227124344644	0.1572737	0.16404529726329034	-0.7206109	44.55244	1
CPQ	0.042204108	0.04967447	0.07092689682461173	0.030308796	0.03240012582573136	-0.7109173	10.8024645	1
POP1	0.04320464	0.05180238	0.0720150361064398	0.02951457	0.031770997168921046	-0.8094936	13.962752	1
NIPAL2	0.027815668	0.033713438	0.05005440696409141	0.018446023	0.020446681346335326	-0.86648697	10.820008	1
AP003469.4	0.010868373	0.006916969	0.01009001879513305	0.017146708	0.018087448883296633	1.2974012	7.910597	1
NCALD	0.18254699	0.23168226	0.2868730833910377	0.10451516	0.10726643598615918	-1.1476783	44.55244	1
BAALC-AS1	0.031137194	0.036021214	0.05331882480957562	0.023379447	0.026737967914438502	-0.6214481	6.701204	1
CTHRC1	0.14008261	0.17915806	0.20852705509941635	0.07799871	0.07769738911607424	-1.1986673	44.55244	1
ABRA	0.010935186	0.017164106	0.02344445543575032	0.0010247133	0.001100975149418056	-3.9401464	38.73253	1
ANGPT1	0.06666415	0.08213774	0.09664655257691167	0.042043205	0.04026423403586033	-0.9645006	24.827787	1
KCNV1	0.013788289	0.009757383	0.013947967157978039	0.020192258	0.02154765649575338	1.0416528	6.929717	1
AARD	0.017433882	0.02596688	0.03650212681768721	0.0038749448	0.0042466184334696445	-2.713211	42.353786	1
EXT1	0.41514707	0.4789471	0.5128103669997033	0.31378713	0.3026108839257628	-0.6099216	44.55244	1
TNFRSF11B	0.004752776	0.007286499	0.009001879513304976	0.0007250561	0.0009436929852154766	-3.1623266	13.23938	1
TAF2	0.10989303	0.12508488	0.17044218023543378	0.085717104	0.09106637307329349	-0.5447232	17.026457	1
HAS2	0.61953086	0.83139837	0.5983776832525473	0.2827592	0.2294746775715634	-1.5556295	44.55244	1
TBC1D31	0.02699804	0.03165664	0.04609753684835295	0.019598579	0.02186222082415854	-0.6889668	6.984671	1
ATAD2	0.14440322	0.16298375	0.2107033336630725	0.11489287	0.11780434098773199	-0.5040686	18.74043	1
MTSS1	0.3771375	0.49031857	0.5024235829458898	0.1972725	0.194086190625983	-1.3130926	44.55244	1
SQLE	0.49474964	0.625793	0.6047086754377288	0.2864751	0.2731991192198805	-1.1270028	44.55244	1
LRATD2	0.1472392	0.17105328	0.21060441191017903	0.10941359	0.11119849009122365	-0.644179	29.257366	1
MYC	0.0065405285	0.0040750215	0.006528835690968444	0.010460717	0.011638880150990877	1.3388523	5.4758024	1
ASAP1-IT2	0.0131802475	0.016069844	0.023147690177069937	0.008578587	0.009436929852154765	-0.89777374	5.5338454	1
KCNQ3	0.12329911	0.15014677	0.17974082500741914	0.08058937	0.07974205725070777	-0.89688337	43.10528	1
TMEM71	0.028676031	0.041024067	0.055594025126125234	0.009051136	0.010537905001572822	-2.1679602	44.55244	1
NDRG1	0.21912973	0.12349657	0.15303195172618458	0.37122202	0.333595470273671	1.5870321	44.55244	1
ST3GAL1	0.3314823	0.38129187	0.4247700069245227	0.25237143	0.24127083988675685	-0.59515387	44.55244	1
TRAPPC9	0.11452266	0.13164929	0.17983974676031259	0.087271065	0.0932683233721296	-0.5925677	21.023012	1
LY6E-DT	0.030886948	0.023868293	0.035413987535859136	0.042056207	0.045454545454545456	0.81461793	9.786787	1
GSDMD	0.044053916	0.051459063	0.07142150558907903	0.03226085	0.034287511796162316	-0.6719765	10.008357	1
MROH6	0.031899568	0.027092159	0.038777327134236816	0.03955187	0.042623466498899025	0.5441983	5.0286417	1
TSTA3	0.14562501	0.1700242	0.22465130082105056	0.106861755	0.11324315822585719	-0.6694934	33.812286	1
EPPK1	0.023503348	0.029539473	0.04016223167474527	0.013913921	0.016042780748663103	-1.0806592	13.098826	1
SCX	0.013800853	0.008798784	0.01315659313483035	0.02174879	0.022963195973576597	1.2958734	9.827144	1
SLC52A2	0.10394409	0.11785675	0.16292412701553072	0.08180149	0.0879207297892419	-0.5262963	15.283578	1
FOXH1	0.045318834	0.03629921	0.051142546245919476	0.05965094	0.06401384083044982	0.7150542	11.213237	1
COMMD5	0.1765044	0.2044248	0.2678801068354931	0.13220255	0.1398238439760931	-0.62843484	37.169125	1
KANK1	0.1321929	0.15623102	0.20694430705312097	0.093978934	0.09955960994023277	-0.73266035	35.884647	1
AL392089.1	0.02034255	0.026707146	0.038282718369769514	0.010230784	0.01100975149418056	-1.3756679	17.55318	1
VLDLR-AS1	0.06949617	0.03597278	0.05153823325749332	0.12278591	0.12676942434727903	1.7683369	44.55244	1
IL33	0.004844304	0.007034888	0.008309427243050747	0.0013621994	0.0015728216420257944	-2.2867508	8.580171	1
ZDHHC21	0.16554336	0.1954138	0.25076664358492434	0.11813449	0.12205095942120163	-0.72561944	43.853474	1
CER1	0.0015034693	0.0023454612	0.0036601048570580673	0.00016556346	0.00015728216420257942	-3.2029781	6.3959403	1
FREM1	0.08802215	0.11159807	0.1478880205757246	0.050517462	0.053475935828877004	-1.1418971	44.55244	1
ADAMTSL1	0.02514947	0.031175425	0.044218023543377186	0.0155760255	0.015256369927650204	-0.99646974	11.629619	1
RRAGA	0.57842577	0.6526334	0.6593134830349194	0.46049234	0.4210443535703051	-0.50300366	44.55244	1
DCTN3	0.6349104	0.7249446	0.7013552280146405	0.4918085	0.4520289399182133	-0.55967975	44.55244	1
IL11RA	0.23613547	0.27800012	0.34494015233949943	0.16966154	0.177256999056307	-0.7120946	44.55244	1
CCL21	0.22360823	0.29625067	0.23513700662775744	0.10820555	0.08540421516200063	-1.452198	44.55244	1
DNAJB5	0.109898634	0.13838676	0.18557720842813336	0.06458233	0.07046240956275558	-1.0983044	44.55244	1
VCP	0.84540695	0.9915103	0.8179839746760312	0.6131496	0.5272098144070463	-0.6932988	44.55244	1
FAM214B	0.08061209	0.0973527	0.13483034919378772	0.053974554	0.06071091538219566	-0.84975225	29.55076	1
RMRP	0.011400144	0.015772816	0.021367098624987636	0.0044406713	0.004718464926077383	-1.8055807	15.45061	1
TPM2	1.1991056	1.3830945	0.9102779701256306	0.9065917	0.6715948411450141	-0.60932016	44.55244	1
CREB3	0.26751703	0.30687284	0.3753091304777921	0.2050285	0.2117017930166719	-0.58158296	44.55244	1
HRCT1	0.005602948	0.008144086	0.012068453853002275	0.0015634911	0.0018873859704309531	-2.3091455	12.824791	1
SPAAR	0.0030190512	0.004245171	0.0062320704322880605	0.0010704107	0.0012582573136206354	-1.892398	5.471717	1
GLIPR2	0.07872325	0.09133354	0.12622415669205658	0.058652595	0.06322743000943692	-0.6380708	16.440027	1
SLC25A51	0.050794307	0.058705453	0.08418241171233554	0.038196784	0.042308902170493864	-0.6187267	10.309381	1
SHB	0.22368291	0.28451025	0.3439509348105648	0.12706032	0.13101604278074866	-1.162339	44.55244	1
TJP2	0.28042114	0.3267332	0.38708081907211395	0.20687559	0.2039949669707455	-0.65909386	44.55244	1
FAM189A2	0.44613358	0.5149345	0.5243842120882382	0.33681804	0.3087448883296634	-0.6122715	44.55244	1
KLF9	0.08275151	0.062003653	0.0891284993570086	0.11572382	0.12047813777917585	0.8991819	30.351444	1
CEMIP2	0.06361752	0.074757256	0.10337323177366703	0.04588601	0.04938659955960994	-0.7029472	15.696123	1
ANXA1	0.29108644	0.4310698	0.39351073301018896	0.06860926	0.06763133060710916	-2.6496797	44.55244	1
OSTF1	0.16421238	0.19508676	0.25571273122959737	0.115197346	0.1215791129285939	-0.75949585	44.55244	1
PCSK5	0.023821468	0.028441494	0.03788703135819567	0.016483387	0.01730103806228374	-0.7833222	7.2107415	1
RFK	0.21912743	0.25540733	0.31833020081115837	0.16153346	0.17285309845863478	-0.6606387	44.55244	1
GCNT1	0.08708917	0.10684767	0.12820259174992582	0.055653017	0.05709342560553633	-0.93978333	33.02239	1
PRUNE2	0.028752921	0.036173247	0.050153328716984864	0.01696248	0.018402013211701793	-1.0880786	16.02522	1
GNA14	0.0052400217	0.00711135	0.009595410030665743	0.0022655826	0.0023592324630386913	-1.6080738	5.879969	1
GNAQ	0.3082659	0.3501428	0.4143832228707093	0.24176815	0.24142812205095943	-0.53413457	44.55244	1
PSAT1	0.21044882	0.061958842	0.07933524582055594	0.4465651	0.3586033343818811	2.8474848	44.55244	1
FRMD3	0.34488913	0.42136174	0.4452468097734692	0.22338706	0.21122994652406418	-0.91521025	44.55244	1
S1PR3	0.058291163	0.08196367	0.10950638045306163	0.020630654	0.022648631645171436	-1.9849782	44.55244	1
IARS	0.4521806	0.34950614	0.41626273617568504	0.61546177	0.5001572821642026	0.81617326	44.55244	1
IPPK	0.01966442	0.023730004	0.03511722227717875	0.013204153	0.014941805599245045	-0.84090257	7.509043	1
FAM120A	0.3284291	0.37067536	0.4346621822138688	0.26134297	0.2620320855614973	-0.5040491	44.55244	1
FBP1	0.01195364	0.017226785	0.023939064200217627	0.0035624243	0.003617489776659327	-2.2421331	21.918472	1
AOPEP	0.22730489	0.29661438	0.34879810070234446	0.1171977	0.12016357345077068	-1.3389001	44.55244	1
CTSV	0.094988324	0.11703729	0.14769017706993767	0.059910625	0.06322743000943692	-0.96491045	39.74728	1
ANKS6	0.03943919	0.04599887	0.06637649619151251	0.028998293	0.03240012582573136	-0.66379696	9.246005	1
COL15A1	0.0069933753	0.009208638	0.012068453853002275	0.0034717391	0.0037747719408619063	-1.3819433	5.978018	1
TMEFF1	0.084929265	0.06483051	0.08942526461568899	0.116868526	0.12472475621264549	0.84915185	28.535295	1
CAVIN4	0.013505133	0.017242912	0.02334553368285686	0.0075548934	0.00865051903114187	-1.1798921	9.06151	1
MRPL50	0.31055585	0.35537928	0.4253635374418835	0.23937222	0.24520289399182132	-0.56990707	44.55244	1
NIPSNAP3A	0.24499743	0.29031897	0.3598773370264121	0.17302804	0.17835797420572508	-0.74629617	44.55244	1
ABCA1	0.070778474	0.030635757	0.043228806014442574	0.13459775	0.13589178987102862	2.1317358	44.55244	1
SLC44A1	0.28631824	0.3279904	0.393312889504402	0.22014892	0.2195659012268009	-0.5749584	44.55244	1
EPB41L4B	0.018884618	0.01394861	0.020278959343159562	0.026732536	0.028939918213274615	0.933556	7.80472	1
PALM2-AKAP2	1.199981	1.3872974	0.9154219012760906	0.9021857	0.6653035545769109	-0.62072486	44.55244	1
AL158829.1	0.028156053	0.033132438	0.04876842417647641	0.020251391	0.0221767851525637	-0.7074648	7.5037374	1
GNG10	0.46079037	0.5481166	0.5859135423879711	0.32202125	0.3161371500471846	-0.7671423	44.55244	1
SUSD1	0.041312106	0.052785117	0.07676328024532594	0.023049189	0.025951557093425604	-1.1919003	28.225203	1
CDC26	0.30639914	0.34621322	0.4153724403996439	0.24318142	0.24268637936458007	-0.5094512	44.55244	1
BSPRY	0.05133838	0.035649758	0.05124146799881294	0.07627135	0.08241585404215163	1.095098	27.33819	1
RGS3	0.2471849	0.28074118	0.3459293698684341	0.1939202	0.1972318339100346	-0.5335476	38.136005	1
ZNF618	0.17613025	0.20324552	0.26036205361559006	0.13310844	0.14092481912551116	-0.6102478	34.5333	1
AKNA	0.07071976	0.0526459	0.07518053219903056	0.09943748	0.10317709971689211	0.91618097	26.47812	1
BRINP1	0.0081835305	0.011528073	0.01562963695716688	0.0028632865	0.0034602076124567475	-1.972342	13.1518135	1
STOM	0.11988161	0.13851999	0.18814917400336334	0.09022731	0.09547027367096571	-0.6179011	23.53214	1
RABEPK	0.03966238	0.04808135	0.06865169650806212	0.026260998	0.03035545769109783	-0.8700699	15.463212	1
HSPA5	1.2998077	1.520408	0.9173014145810664	0.94907933	0.657439446366782	-0.67980087	44.55244	1
SLC2A8	0.07110175	0.080519974	0.11514492036798891	0.05610572	0.06086819754639824	-0.52042025	10.365706	1
LRSAM1	0.07488706	0.084452964	0.11722227717875161	0.05965636	0.06385655866624725	-0.5007631	9.989682	1
PTRH1	0.0938711	0.109329395	0.1532297952319715	0.06927133	0.07581000314564329	-0.6575887	21.259037	1
SLC25A25	0.02291769	0.027276233	0.039370857651597584	0.015995419	0.017930166719094056	-0.76627386	7.2162895	1
SLC27A4	0.036323387	0.043362644	0.0623207043228806	0.025126223	0.027052532242843663	-0.78485185	11.317187	1
SPTAN1	0.5837453	0.6759027	0.6558512216836483	0.43726942	0.4013840830449827	-0.62817687	44.55244	1
WDR34	0.08300428	0.095878035	0.13344544465327926	0.062514305	0.06810317709971689	-0.616212	16.417847	1
LRRC8A	0.09089045	0.11051574	0.14947076862202	0.05966585	0.06338471217363952	-0.8881634	34.5243	1
PHYHD1	0.15371169	0.1896576	0.24384212088238202	0.09661792	0.10364894620949984	-0.9723025	44.55244	1
DOLK	0.06620611	0.08040806	0.11286972005143932	0.043606106	0.04860018873859704	-0.8812984	25.595654	1
C9orf50	0.013507478	0.016357586	0.023147690177069937	0.008968688	0.010223340673167663	-0.859787	5.443227	1
ASB6	0.038445417	0.043923687	0.06311207834602829	0.02972644	0.03271469015413652	-0.5616882	6.6822944	1
NCS1	0.275162	0.31199136	0.38381640122662974	0.21669063	0.22286882667505506	-0.525666	43.23022	1
ASS1	0.19671915	0.1292992	0.1716292412701553	0.30395928	0.2881409248191255	1.232524	44.55244	1
FAM78A	0.12353108	0.13947351	0.1826095558413295	0.09816416	0.10301981755268952	-0.50628793	16.325083	1
RAPGEF1	0.10642133	0.12519014	0.16767237115441685	0.07655827	0.08288770053475936	-0.7087596	26.975578	1
SETX	0.28829008	0.32988217	0.393312889504402	0.22224808	0.2223969801824473	-0.5695681	44.55244	1
SLC2A6	0.019427065	0.023634672	0.03580967454743298	0.012742289	0.01368354828562441	-0.8860937	8.057646	1
ADAMTSL2	0.046831988	0.05558142	0.07557621921060441	0.032901075	0.03633217993079585	-0.7546831	13.189569	1
NACC2	0.04480574	0.05138841	0.0745870016816698	0.034320302	0.037275872916011324	-0.58098793	8.074415	1
SNHG7	0.6955075	0.51473945	0.5464437629834801	0.98293716	0.7131173324944952	0.9331233	44.55244	1
LCN10	0.003577874	0.0017715702	0.0022752003165496092	0.0064502563	0.007392261717521233	1.8073022	5.1779165	1
PTGDS	0.41827136	0.32330343	0.284795726580275	0.5693085	0.3689839572192513	0.81612915	44.55244	1
UAP1L1	0.08038745	0.060927138	0.08339103768918785	0.11131264	0.11591695501730104	0.86839014	27.535656	1
LRRC26	0.010064193	0.006334075	0.008408348995944209	0.015992671	0.017458320226486315	1.3225992	7.7091813	1
ANAPC2	0.025306549	0.03067396	0.04510831931941834	0.016780213	0.01903114186851211	-0.86637706	9.955562	1
CACNA1B	0.011316185	0.014035348	0.021169255119200713	0.006985724	0.00817867253853413	-0.9963203	6.1777887	1
IDI1	0.47813147	0.6156184	0.594025126125235	0.25961503	0.25621264548600187	-1.2453413	44.55244	1
AL731533.3	0.015751658	0.011499327	0.015332871698486497	0.022507403	0.020446681346335326	0.9627542	5.855413	1
LINC00702	0.008165898	0.011292903	0.015827480462953805	0.0031922446	0.003617489776659327	-1.7909919	11.403308	1
AKR1C1	0.17838776	0.23157571	0.25966960134533584	0.09391187	0.09279647687952186	-1.3011919	44.55244	1
AKR1C2	0.036031127	0.044887118	0.06034226926501138	0.02194101	0.0221767851525637	-1.0293217	16.978617	1
AKR1C3	0.12569954	0.15029727	0.17390444158670493	0.086572304	0.08351682919156968	-0.7951353	33.29493	1
NET1	0.088131614	0.10153842	0.13878721930952617	0.0667938	0.07093425605536333	-0.60350144	16.226131	1
FBH1	0.43691593	0.50418127	0.5383321792462162	0.33004358	0.3136206354199434	-0.6111351	44.55244	1
PFKFB3	0.1278105	0.1067125	0.1425462459194777	0.16134916	0.16325888644227746	0.59599954	21.971434	1
LINC02649	0.017272748	0.013063239	0.01879513304975764	0.023963386	0.025951557093425604	0.87032515	6.4118	1
LINC02656	0.014781733	0.010024368	0.014640419428232269	0.022340344	0.02406417112299465	1.1482631	8.725241	1
GATA3	0.007280888	0.010040013	0.010782471065387279	0.0028947617	0.0028310789556464295	-1.7595464	7.3908615	1
NUDT5	0.57923084	0.6614104	0.6583242655059848	0.4486213	0.4149103491664045	-0.5599442	44.55244	1
CAMK1D	0.0717211	0.08585509	0.112375111286972	0.04922708	0.05331865366467443	-0.8012031	22.114323	1
CCDC3	0.01992094	0.026518965	0.034424770006924524	0.009438086	0.010380622837370242	-1.4806827	17.49817	1
FRMD4A	0.09465381	0.12006899	0.15698882184192303	0.054223605	0.05803711859075181	-1.1454135	44.55244	1
HSPA14-1	0.1269625	0.14772709	0.19655752299930754	0.09393566	0.09893048128342247	-0.65263075	27.407505	1
SUV39H2	0.038450636	0.04489431	0.06449698288653676	0.02819545	0.030670022019502988	-0.6691725	9.027592	1
DCLRE1C	0.07247626	0.08442525	0.11573845088534969	0.053457532	0.05787983642654923	-0.6582928	16.009972	1
ITGA8	0.0053912397	0.0075106756	0.009496488277772282	0.002022309	0.002201950298836112	-1.8423897	7.362776	1
RSU1	0.13315384	0.15374517	0.21010980314571173	0.100414224	0.1085246932997798	-0.61407954	26.765152	1
HACD1	0.9585842	1.1681728	0.8677416163814423	0.6253807	0.5267379679144385	-0.90133995	44.55244	1
AL390783.1	0.029568508	0.034570172	0.045998615095459494	0.021624358	0.02186222082415854	-0.6743815	6.611146	1
PLXDC2	0.19801833	0.092000216	0.12216836482342468	0.3666116	0.3173954073608053	1.9933693	44.55244	1
NEBL-AS1	0.034861714	0.028549314	0.040063309921851815	0.044902645	0.04781377791758415	0.6515093	7.281852	1
MIR1915HG	0.16840751	0.19710703	0.25581165298249087	0.12286101	0.1307014784523435	-0.68151003	40.663025	1
PIP4K2A	0.11453005	0.133591	0.18122465130082105	0.08420283	0.09153821956590123	-0.6652492	26.245388	1
KIAA1217	0.047409657	0.05634746	0.0820061331486794	0.033179633	0.03680402642340359	-0.7622691	14.266056	1
PRTFDC1	0.063583955	0.07379955	0.10386784053813433	0.047321573	0.05033029254482542	-0.64002204	13.203444	1
GPR158	0.020808438	0.025641017	0.032347413196161835	0.013132532	0.013998112614029569	-0.9599799	8.811797	1
PDSS1	0.027412225	0.031902704	0.04659214561282026	0.020280292	0.022805913809374016	-0.65101916	6.408125	1
BAMBI	1.045181	1.2295039	0.848155109308537	0.75214124	0.5635419943378421	-0.70892626	44.55244	1
JCAD	0.08449444	0.10143433	0.13314867939459887	0.057540063	0.061025479710600815	-0.81682366	26.871696	1
CREM	0.64478326	0.7745093	0.7082797507171827	0.4385789	0.40106951871657753	-0.8203036	44.55244	1
AL117336.1	0.005513931	0.007392056	0.011376001582748046	0.0025286267	0.0029883611198490093	-1.5110524	6.6072526	1
FZD8	0.20938405	0.24536097	0.300227520031655	0.15227294	0.15649575338156654	-0.6878869	44.55244	1
CXCL12	0.22745804	0.2640547	0.27628845583143735	0.16936226	0.1583831393519975	-0.64041895	40.337624	1
RASSF4	0.35140657	0.41447374	0.4720546048075972	0.25121647	0.25259515570934254	-0.7221235	44.55244	1
GDF2	0.11498923	0.17244573	0.20704322880601445	0.023614407	0.02485058194400755	-2.8631432	44.55244	1
TIMM23B	0.0502635	0.05888871	0.08378672470076169	0.036531195	0.04105064485687323	-0.6873661	12.4969	1
ZWINT	0.024103912	0.031519957	0.04669106736571372	0.012320437	0.013054419628814092	-1.3481196	19.906767	1
FAM13C	0.3216353	0.38143075	0.41497675338807005	0.22664972	0.2179930795847751	-0.75069857	44.55244	1
SLC16A9	0.021592239	0.014992825	0.021268176872094174	0.032087367	0.03444479396036489	1.0926318	11.393062	1
ANK3	0.6247017	0.72161186	0.6592145612820259	0.47066626	0.4175841459578484	-0.6164121	44.55244	1
CDK1	0.01819242	0.021765074	0.030764665149866456	0.012511576	0.013368983957219251	-0.79387975	5.8700013	1
RHOBTB1	0.06154995	0.07032144	0.09892175289346128	0.04758365	0.051273985530040894	-0.56252	10.271652	1
TMEM26	0.0040629576	0.0058401567	0.008210505490157286	0.0012381735	0.0012582573136206354	-2.150236	7.702725	1
AC013287.1	0.03141619	0.04118795	0.058165990701355225	0.015885677	0.017772884554891476	-1.368941	26.890732	1
CTNNA3	0.4369535	0.5221754	0.5496092590760708	0.30153382	0.28908461780434097	-0.79201263	44.55244	1
DNAJC12	0.034321852	0.040272318	0.05668216440795331	0.024860894	0.0275243787354514	-0.69369686	8.548857	1
MYPN	0.03480711	0.043636136	0.06133148679394599	0.020761319	0.022648631645171436	-1.0679954	18.952188	1
PBLD	0.038199954	0.048789535	0.06964091403699674	0.021347502	0.024378735451399812	-1.188716	26.003862	1
CCAR1	0.45558068	0.52064484	0.5545553467207439	0.35220212	0.33658383139352	-0.5637636	44.55244	1
KIF1BP	0.23871514	0.27499443	0.34315956078741716	0.18112122	0.1887385970430953	-0.60217494	44.55244	1
TSPAN15	0.05642735	0.065974645	0.09041448214462361	0.04122884	0.04529726329034287	-0.676948	13.251253	1
COL13A1	0.5424832	0.69702196	0.6322089227421109	0.296856	0.27036804026423406	-1.2311621	44.55244	1
AIFM2	0.076482326	0.09197952	0.12671876545652389	0.051821593	0.05614973262032086	-0.82654566	25.788252	1
DDIT4	1.2013168	0.8611231	0.7027401325551489	1.7422167	0.8818810946838629	1.016548	44.55244	1
DDIT4-AS1	0.010233409	0.0049045063	0.006429913938074983	0.018704204	0.01981755268952501	1.9097556	12.927827	1
MCU	0.08632093	0.10692343	0.14541497675338808	0.053543612	0.05803711859075181	-0.9964483	40.93839	1
OIT3	0.1472366	0.23345216	0.199228410327431	0.010255206	0.010380622837370242	-4.4953165	44.55244	1
PLA2G12B	0.0027060164	0.0042096847	0.006330992185181522	0.0003160486	0.0004718464926077383	-3.3727582	10.749495	1
MYOZ1	0.3204388	0.44026068	0.4587990899198734	0.13001728	0.1299150676313306	-1.7588731	44.55244	1
SYNPO2L	0.38535464	0.50341636	0.4832327628845583	0.19772737	0.18842403271469016	-1.3477967	44.55244	1
PLAU	0.010170183	0.012676755	0.018399446038183796	0.006177523	0.006448568732305757	-1.0252541	5.388457	1
VCL	0.99068505	1.1409415	0.8644771985359581	0.7518123	0.597986788298207	-0.601715	44.55244	1
AP3M1	0.15623528	0.18110985	0.23978632901375013	0.11674355	0.12488203837684807	-0.6330833	33.05167	1
LRMDA	0.03278962	0.037249397	0.05203284202196063	0.025702761	0.028153507392261717	-0.5335595	5.1545634	1
DLG5	0.11572154	0.13515548	0.1836976951231576	0.084801644	0.09138093740169864	-0.67182267	26.811789	1
LINC00595	0.010480907	0.014377788	0.02077356810762687	0.0042779655	0.004718464926077383	-1.7255087	13.861951	1
ANXA11	0.36687586	0.42128208	0.4860025719655752	0.2804534	0.2777603019817553	-0.58685344	44.55244	1
CCSER2	0.45182738	0.5136441	0.5539618162033831	0.35360897	0.33611198490091226	-0.5384872	44.55244	1
LDB3	1.0494587	1.255234	0.8652685725591057	0.7223151	0.5677886127713118	-0.7971713	44.55244	1
SNCG	0.035374362	0.047333926	0.06251854782866752	0.016344223	0.017615602390688895	-1.5283386	33.580677	1
ACTA2-AS1	0.005483272	0.007502791	0.010386784053813434	0.0022732224	0.00267379679144385	-1.6796818	7.439327	1
ACTA2	2.0233064	2.500178	0.9486596102482936	1.26511	0.676156023906889	-0.98271155	44.55244	1
IFIT2	0.007224985	0.009686028	0.013947967157978039	0.0033126348	0.0031456432840515887	-1.5198373	7.1199617	1
IFIT3	0.019099342	0.02366965	0.03254525670194876	0.011835759	0.011953444479396037	-0.99383044	8.344354	1
SLC16A12	0.12989649	0.1772712	0.22019982194084478	0.054578785	0.05756527209814407	-1.6977186	44.55244	1
ANKRD1	0.5555298	0.8499471	0.4528637847462657	0.08751439	0.06480025165146272	-3.278303	44.55244	1
PCGF5	0.28814235	0.32969508	0.38737758433079433	0.22216102	0.224756212645486	-0.5693148	44.55244	1
IDE	0.14667445	0.16673882	0.22237610050450093	0.11480591	0.120792702107581	-0.5380021	22.457327	1
HELLS	0.061445802	0.07248081	0.09387674349589474	0.04388165	0.04671280276816609	-0.7226865	15.198621	1
PDLIM1	0.71475464	0.8334391	0.690968443960827	0.526097	0.4359861591695502	-0.6636468	44.55244	1
ARHGAP19	0.044031855	0.05045371	0.07122366208329212	0.033802282	0.03711859075180875	-0.57643455	7.851622	1
PI4K2A	0.05450229	0.06467857	0.09160154317934514	0.03830329	0.04309531299150676	-0.7542867	16.073885	1
MARVELD1	0.19049358	0.23559508	0.2995350677614007	0.11887539	0.12488203837684807	-0.9862584	44.55244	1
PYROXD2	0.055300146	0.06928922	0.0978336136116332	0.03303864	0.03633217993079585	-1.0661973	30.06857	1
CNNM1	0.02358918	0.018585902	0.026609951528341082	0.031547863	0.03491664045297263	0.760158	6.8503323	1
AL391684.1	0.05008627	0.043115616	0.060144425759224455	0.061153498	0.06653035545769109	0.50323945	6.660157	1
ENTPD7	0.023261355	0.027917506	0.03996438816895835	0.01586588	0.01730103806228374	-0.81133664	7.9141183	1
KAZALD1	0.073785186	0.08484333	0.11366109407458701	0.05618245	0.06086819754639824	-0.5938155	13.252401	1
GBF1	0.19939014	0.22811712	0.29646849342170345	0.15380469	0.16184334696445424	-0.5683699	34.957626	1
ACTR1A	0.3639729	0.42172825	0.48748639825897716	0.2722252	0.2731991192198805	-0.6313253	44.55244	1
TRIM8	0.565032	0.6684359	0.6297358789197744	0.4006838	0.36111984900912236	-0.738181	44.55244	1
CNNM2	0.041922588	0.035629865	0.05223068552774755	0.051920824	0.0558351682919157	0.54195887	6.420341	1
NT5C2	0.0918209	0.10871468	0.15135028192699573	0.06493929	0.07140610254797106	-0.74248976	26.048079	1
SORCS3	0.029628506	0.023426777	0.03224849144326838	0.039498802	0.042308902170493864	0.7511532	8.013799	1
SORCS1	0.2687855	0.34986055	0.39776436838460777	0.13997234	0.14013840830449828	-1.3210201	44.55244	1
MXI1	0.50292933	0.43070093	0.4817489365911564	0.61780405	0.5272098144070463	0.5203615	44.55244	1
DUSP5	0.17626426	0.2168518	0.27421109902067464	0.11182313	0.11638880150990878	-0.95486647	44.55244	1
RBM20	0.079582326	0.091799185	0.12424572163418736	0.06013629	0.06542938030827304	-0.60941917	15.131688	1
VTI1A	0.08076044	0.09133831	0.12731229597388466	0.063920885	0.06999056307014785	-0.51425606	11.450226	1
AL158212.5	0.011945387	0.016611267	0.024037985953111088	0.0045197005	0.005190311418685121	-1.85495	18.07556	1
AFAP1L2	0.007856856	0.010227965	0.01562963695716688	0.0040860465	0.004561182761874803	-1.3028958	6.9336267	1
C10orf82	0.018321734	0.00906481	0.014145810663764961	0.033039313	0.03586033343818811	1.8543669	23.326056	1
LINC00867	0.0034117487	0.0047519957	0.006924522702542289	0.0012817087	0.001100975149418056	-1.8121248	5.110901	1
RGS10	0.012945866	0.016158085	0.02255415965970917	0.007831342	0.008807801195344448	-1.0355206	6.851069	1
FGFR2	0.05773825	0.042069606	0.057374616678207535	0.08263275	0.0847750865051903	0.97225493	23.55917	1
HTRA1	1.2537364	1.4342129	0.9006825600949648	0.96680117	0.6709657124882038	-0.5689195	44.55244	1
MKI67	0.015557224	0.019404188	0.024433672964684933	0.009434193	0.009436929852154765	-1.0326011	7.1934547	1
KNDC1	0.04128812	0.034279365	0.04896626768226333	0.052426014	0.05740798993394149	0.6114892	7.8371696	1
CALY	0.0512677	0.06447946	0.08477594222969631	0.030241417	0.03129915067631331	-1.089787	26.743534	1
FUOM	0.11573428	0.1332165	0.17697101592640221	0.08791879	0.09232463038691413	-0.5989719	21.049221	1
IFITM2	0.6647573	0.8022255	0.7211395785933327	0.44624242	0.3998112614029569	-0.84603673	44.55244	1
IFITM3	1.2413671	1.4184897	0.9205658324265505	0.9597609	0.6942434727901856	-0.5635601	44.55244	1
B4GALNT4	0.02404721	0.017454503	0.025422890493619548	0.03453409	0.03664674425920101	0.9803517	10.527904	1
HRAS	0.27895385	0.32116157	0.3919279849638936	0.21193199	0.2164202579427493	-0.5994664	44.55244	1
AP006284.1	0.010297649	0.0058104796	0.00850727074883767	0.01743	0.01871657754010695	1.5684788	10.125424	1
SCT	0.20405737	0.23600814	0.24819467800969433	0.15334979	0.14171122994652408	-0.62168103	33.934387	1
EPS8L2	0.119014986	0.08898718	0.11514492036798891	0.1667463	0.16530355457691098	0.90523	42.961376	1
TOLLIP-AS1	0.023605239	0.016243517	0.023741220694430704	0.03531325	0.038691412393834536	1.1155708	13.104383	1
MRPL23	0.1514866	0.17167488	0.22702542289049363	0.11943143	0.12598301352626612	-0.5231291	21.970161	1
ASCL2	0.0044700536	0.0014517372	0.0022752003165496092	0.009269437	0.01085246932997798	2.594078	10.195691	1
C11orf21	0.010804869	0.0050291494	0.007122366208329211	0.01998526	0.0213903743315508	1.9693457	14.968095	1
TSPAN32	0.032553684	0.024325743	0.034721535265604904	0.045642547	0.050173010380622836	0.9051343	12.516294	1
CDKN1C	0.3458788	0.28398004	0.33415768127411216	0.4443524	0.39650833595470275	0.64573145	44.55244	1
CARS	0.17215905	0.1352063	0.18073004253635375	0.23094876	0.22538534130229632	0.77196836	44.55244	1
ART5	0.013483971	0.009564034	0.014244732416658423	0.019710716	0.021233092167348224	1.0355836	6.7272153	1
PGAP2	0.092882216	0.07772053	0.10871500642991394	0.11697296	0.1245674740484429	0.5891852	16.1703	1
STIM1	0.105428346	0.120743945	0.16361657928578494	0.08105513	0.08729160113243158	-0.57439107	17.974224	1
TRIM34	0.01936752	0.023254538	0.03254525670194876	0.01319108	0.014155394778232149	-0.81324464	6.6448913	1
TRIM5	0.06589155	0.08677345	0.12048669502423583	0.032670755	0.034287511796162316	-1.4065063	44.55244	1
CAVIN3	0.31315452	0.38209477	0.41596597091700466	0.20362929	0.20242214532871972	-0.90765464	44.55244	1
AC068733.3	0.030233718	0.03635796	0.049856563458304484	0.020504022	0.02170493865995596	-0.82330805	10.030195	1
SMPD1	0.0909552	0.10324101	0.14472252448313383	0.071399495	0.07706826045926392	-0.5314079	13.690292	1
APBB1	0.20193847	0.23213369	0.29775447620931844	0.15401803	0.16262975778546712	-0.5915415	38.458107	1
ILK	0.6726103	0.7772578	0.72677811850826	0.5062734	0.4572192513368984	-0.6183772	44.55244	1
TAF10	0.75276417	0.8518821	0.7706993767929567	0.59520346	0.5154136520918527	-0.51719785	44.55244	1
PPFIBP2	0.024440862	0.028251361	0.04144821446236027	0.018389927	0.01918842403271469	-0.6166784	5.0202684	1
ST5	0.12387206	0.14471766	0.1977445840340291	0.090708	0.0986159169550173	-0.6733463	29.134548	1
AKIP1	0.16552712	0.18671079	0.24255613809476703	0.13191427	0.13966656181189052	-0.5008839	22.249659	1
TMEM9B	0.20403439	0.2338943	0.29973291126718765	0.15664878	0.1635734507706826	-0.57801914	36.82208	1
WEE1	0.32254717	0.37345722	0.42951825106340885	0.24168725	0.23686693928908462	-0.62759095	44.55244	1
MRVI1	0.07484347	0.09630888	0.12938965278464734	0.040695388	0.044825416797735135	-1.24076	44.55244	1
GALNT18	0.034301024	0.026737588	0.03768918785240875	0.046331163	0.049072035231204784	0.7908385	9.983119	1
DKK3	0.5858566	0.66106933	0.6471461074290237	0.46631753	0.41947153192827935	-0.50339794	44.55244	1
MICAL2	0.6136469	0.716279	0.6733603719457909	0.45051634	0.3976093111041208	-0.6688235	44.55244	1
PARVA	0.20980261	0.27813515	0.34207142150558906	0.101248056	0.1093111041207927	-1.4569862	44.55244	1
SOX6	0.27310297	0.3230025	0.3661094074587002	0.19385394	0.18826675055048758	-0.73627764	44.55244	1
PLEKHA7	0.104607426	0.13427122	0.1757839548916807	0.0574224	0.062441019188424034	-1.2240283	44.55244	1
SAA1	0.0041419636	0.006397741	0.008705114254624592	0.0005562086	0.0004718464926077383	-3.3077118	12.844221	1
HPS5	0.078925855	0.09453905	0.13324760114749234	0.05408066	0.058823529411764705	-0.8046575	25.703619	1
UEVLD	0.07195427	0.0857367	0.12088238203580967	0.050019916	0.05552060396351054	-0.77621055	22.16605	1
CSRP3	0.81371933	1.0227611	0.7234147789098823	0.48139888	0.36599559609940235	-1.087006	44.55244	1
E2F8	0.029087717	0.034098577	0.047284597883074486	0.021128459	0.02249134948096886	-0.6879368	7.0128345	1
NAV2	0.1508325	0.19335173	0.25175586111385895	0.08329835	0.08886442277445737	-1.2138829	44.55244	1
NAV2-AS2	0.10427285	0.13991019	0.17617964190325452	0.047590714	0.050959421201635734	-1.5537515	44.55244	1
HTATIP2	0.10380269	0.119204134	0.16045108319319418	0.07929301	0.08508965083359547	-0.58756	18.391872	1
ANO5	0.08917363	0.102392085	0.1396775150855673	0.068134986	0.07156338471217363	-0.5869289	15.582675	1
FIBIN	0.05511929	0.04666079	0.06241962607577406	0.06855016	0.07124882038376848	0.5539639	8.078018	1
BBOX1-AS1	0.047269225	0.060846407	0.07884063705608864	0.025661752	0.026266121421830765	-1.2423105	30.61175	1
CCDC34	0.36440313	0.2907264	0.3148679394598872	0.48159602	0.4005976722239698	0.7279648	44.55244	1
BDNF	0.0058057867	0.00790332	0.01009001879513305	0.0024716163	0.0025165146272412707	-1.6379231	6.4618526	1
KIF18A	0.032084756	0.040878337	0.057077851419527155	0.018107787	0.01966027052532243	-1.170306	20.475746	1
LINC01616	0.004518498	0.0061366092	0.008804036007518053	0.0019466354	0.002201950298836112	-1.6075078	5.9119215	1
KCNA4	0.06806783	0.08396781	0.11168265901671777	0.042767666	0.046240956275558354	-0.9716636	30.061604	1
DCDC1	0.013432363	0.01796735	0.025323968740726087	0.006214741	0.006920415224913495	-1.5165895	14.070337	1
RCN1	0.49805275	0.42558187	0.4817489365911564	0.61331445	0.5163573450770682	0.52708656	44.55244	1
TCP11L1	0.023516864	0.027842436	0.0403600751805322	0.016646935	0.018559295375904374	-0.7385607	6.894158	1
CSTF3	0.22081825	0.255529	0.32169354040953607	0.1657189	0.17348222711544511	-0.62444293	44.55244	1
LMO2	0.043500297	0.05803272	0.07310317538826788	0.020372128	0.02170493865995596	-1.5056894	38.19912	1
ABTB2	0.051707126	0.061736207	0.08715006429913938	0.03574215	0.03994966970745518	-0.7867947	16.393091	1
CD44	0.018790282	0.022414489	0.029379760609358	0.013030039	0.01368354828562441	-0.77798253	5.690492	1
LINC02704	0.008278915	0.012124489	0.017509150262142645	0.002160097	0.002201950298836112	-2.4353175	18.355585	1
TSPAN18	0.47456113	0.58651996	0.5908596300326442	0.29663107	0.28169235608681975	-0.9832702	44.55244	1
CREB3L1	0.04323065	0.033071324	0.04847165891779602	0.059378028	0.06480025165146272	0.84242016	14.587028	1
ARHGAP1	0.24983299	0.32297954	0.3874765060836878	0.13362364	0.14265492293173954	-1.2726347	44.55244	1
LRP4	0.031247998	0.035731576	0.05124146799881294	0.024126416	0.027052532242843663	-0.5646506	5.52756	1
C11orf49	0.15101764	0.17350362	0.23098229300623208	0.1153067	0.1245674740484429	-0.5890701	28.08162	1
DDB2	0.11245665	0.093837544	0.1272133742209912	0.14204723	0.14564328405158855	0.59761214	19.468159	1
ACP2	0.15993883	0.18335684	0.24176476407161934	0.12276824	0.13054419628814093	-0.5783286	28.471113	1
SLC39A13	0.114898436	0.13385263	0.18231279058264913	0.0847414	0.09027996225228059	-0.65888256	25.691118	1
PSMC3	0.5131131	0.5803715	0.610545058858443	0.40623334	0.38644227744573767	-0.51456153	44.55244	1
SERPING1	0.05171239	0.058937266	0.08190721139578594	0.040207297	0.04340987731991192	-0.5505848	8.263755	1
CTNND1	0.25265926	0.28647202	0.356217232169354	0.19898587	0.20289399182132747	-0.5255068	38.46571	1
AP004247.2	0.0011541613	0.0018138719	0.0027698090810169156	0.00010606663	0.00015728216420257942	-3.2153115	5.2887726	1
FAM111B	0.0065279775	0.008883076	0.012958749629043427	0.002784248	0.003302925448254168	-1.6390141	8.465216	1
FAM111A-DT	0.0071115303	0.009360317	0.013651201899297655	0.0035366034	0.003932054105064486	-1.3792969	6.82677	1
FAM111A	0.04147189	0.04971798	0.06855277475516866	0.028343035	0.03035545769109783	-0.8085912	13.198681	1
TMEM132A	0.086772844	0.06782579	0.09466811751904244	0.11688232	0.1245674740484429	0.7842592	25.46177	1
SYT7	0.015389706	0.010727697	0.015728558710060344	0.022796521	0.02516514627241271	1.080402	8.4679985	1
FEN1	0.03882213	0.045308214	0.06340884360470868	0.028498655	0.03129915067631331	-0.667006	8.939917	1
FADS2	0.15749824	0.17804156	0.23009199723019091	0.124890104	0.12960050330292544	-0.5112103	21.465935	1
FADS1	0.71608365	0.8142565	0.7334058759521219	0.560034	0.4839572192513369	-0.5398885	44.55244	1
FADS3	0.054921385	0.06209783	0.08705114254624592	0.04349169	0.04781377791758415	-0.51281106	7.784746	1
RAB3IL1	0.03218913	0.01917589	0.027599169057275694	0.052884527	0.05614973262032086	1.4587737	26.997463	1
BEST1	0.02360795	0.01490204	0.022158472648135325	0.03745449	0.040106951871657755	1.3238268	17.310644	1
ASRGL1	0.04248141	0.049832534	0.07181719260065289	0.030774029	0.033658383139351995	-0.6935864	10.607055	1
AHNAK	0.30121997	0.35020524	0.40043525571273125	0.22342105	0.22050959421201635	-0.6482018	44.55244	1
B3GAT3	0.14608628	0.16685298	0.2227717875160748	0.1130943	0.12110726643598616	-0.5606406	24.473778	1
CSKMT	0.05587686	0.047579918	0.06914630527252943	0.06904942	0.07234979553318653	0.53633535	8.112015	1
BSCL2	0.24066593	0.2762534	0.3316846374517756	0.18417166	0.18606480025165145	-0.58468014	42.74626	1
AP001160.2	0.0348244	0.040904738	0.058165990701355225	0.025156377	0.028782636049072035	-0.69914293	9.124436	1
SNHG1	0.24068075	0.19019027	0.24651300821050548	0.32103404	0.30528468071720666	0.7549737	44.55244	1
SLC3A2	0.3934083	0.27445412	0.3348501335443664	0.5825792	0.477194086190626	1.0856113	44.55244	1
RCOR2	0.096976615	0.067602515	0.09417350875457513	0.14366713	0.1491034916640453	1.0864526	44.55244	1
NUDT22	0.3519966	0.4020237	0.46503116035216147	0.2725363	0.2681660899653979	-0.5606616	44.55244	1
PPP1R14B-AS1	0.007110099	0.009100937	0.013552280146404194	0.003945324	0.004875747090279962	-1.1855257	5.5514445	1
LINC02723	0.011423738	0.014951722	0.021070333366307252	0.005807248	0.006605850896508336	-1.3493705	10.082896	1
RASGRP2	0.31996742	0.38142502	0.4289247205460481	0.22233813	0.22271154451085248	-0.7783735	44.55244	1
PYGM	0.21255945	0.24625474	0.307745573251558	0.15907457	0.16467442592010065	-0.63012725	44.55244	1
TM7SF2	0.355794	0.4148633	0.47195568305470376	0.26195845	0.2601446995910664	-0.6630951	44.55244	1
SLC25A45	0.02848469	0.03874471	0.05519833811455139	0.012179345	0.014469959106637308	-1.6614846	35.197056	1
FRMD8	0.027463112	0.032153375	0.046196458601246417	0.020013332	0.02201950298836112	-0.6812981	6.8917737	1
EHBP1L1	0.08577996	0.104879655	0.143040854683945	0.055392027	0.06228373702422145	-0.91975725	35.970463	1
FIBP	0.61066294	0.7047053	0.6910673657137204	0.46118766	0.42450456118276186	-0.61155814	44.55244	1
CD248	0.02897185	0.033549212	0.04659214561282026	0.021702183	0.023277760301981754	-0.6261002	5.972582	1
SLC29A2	0.06313468	0.07168743	0.10070234444554357	0.049515672	0.05316137150047184	-0.5329353	9.487902	1
AP001107.5	0.069535255	0.08278529	0.11099020674646355	0.048447978	0.05174583202264863	-0.7717049	20.3318	1
DPP3	0.07516212	0.09040246	0.12652092195073697	0.050910145	0.053790500157282164	-0.8271729	25.291222	1
RBM4B	0.1172501	0.13651326	0.18626966069838757	0.08660186	0.09311104120792701	-0.6559627	26.064516	1
SPTBN2	0.008180782	0.0045076385	0.006627757443861905	0.01402052	0.015728216420257943	1.6156938	8.90569	1
CARNS1	0.01553178	0.020177243	0.02878623009199723	0.008138759	0.00817867253853413	-1.2993627	11.904899	1
PITPNM1	0.042516857	0.04865221	0.0684538530022752	0.03274555	0.036489462094998426	-0.5697696	7.4772553	1
CDK2AP2	0.25256032	0.30925646	0.37659511326540707	0.16250509	0.16844919786096257	-0.92789763	44.55244	1
AP002813.1	0.010446341	0.007352782	0.010485705806706895	0.0153626185	0.017930166719094056	1.0529337	5.8846817	1
MRGPRF	0.057344142	0.06821765	0.09259076070827975	0.040037382	0.04215162000629129	-0.76731175	16.221151	1
TPCN2	0.05395131	0.06402624	0.09140369967355821	0.037913974	0.04152249134948097	-0.75438493	15.690582	1
SHANK2	0.0039782133	0.0013233245	0.0019784350578692256	0.00819965	0.00865051903114187	2.5437858	8.1841135	1
AP002387.2	0.022672899	0.017638355	0.0263131862696607	0.030681398	0.03350110097514942	0.79518646	7.1082783	1
ANAPC15	0.22855067	0.26174083	0.33020081115837374	0.17586936	0.17772884554891474	-0.5733658	40.17497	1
AP002761.3	0.003584988	0.004980713	0.007518053219903057	0.0013667148	0.0015728216420257944	-1.7924426	6.062606	1
ARHGEF17	0.114773	0.13051821	0.177564546443763	0.08971795	0.09499842717835798	-0.54028034	17.515093	1
C2CD3	0.030516122	0.038239002	0.054505885844297164	0.018244628	0.020132117017930166	-1.0634552	16.787127	1
ARRB1	0.04051083	0.04799442	0.0684538530022752	0.028597372	0.03224284366152878	-0.74495095	11.713151	1
DGAT2	0.06605721	0.056801096	0.0815115243842121	0.080752015	0.08603334381881095	0.5068273	8.768777	1
LRRC32	0.010213485	0.013123204	0.01879513304975764	0.0055798325	0.00550487574709028	-1.2191515	7.2032285	1
ACER3	0.09157475	0.104748614	0.14432683747156	0.07060664	0.07628184963825102	-0.56839013	15.4207535	1
KCTD21	0.026463497	0.031195922	0.04589969334256603	0.01894667	0.020289399182132746	-0.71643585	7.1590014	1
TENM4	0.07454218	0.088788815	0.11356217232169354	0.0518693	0.05284680717206669	-0.7743423	20.148968	1
ANKRD42	0.034178652	0.03909506	0.056187555643486	0.02636361	0.03035545769109783	-0.566662	6.230412	1
SYTL2	0.017853891	0.021203749	0.02947868236225146	0.01252703	0.01368354828562441	-0.75459194	5.4135885	1
ME3	0.076908104	0.099386744	0.1359184884756158	0.041148786	0.04451085246932998	-1.2701527	44.55244	1
PRSS23	1.3070095	1.6435541	0.9034523691759818	0.7719483	0.5261088392576282	-1.0901437	44.55244	1
AP000654.1	0.0027137485	0.0042273095	0.005737461667820754	0.00030804003	0.0004718464926077383	-3.4066877	9.912585	1
AP001528.1	0.10727027	0.09131062	0.1251360174102285	0.13263255	0.13872286882667506	0.5380885	15.576802	1
RAB38	0.061079487	0.048943173	0.06815708774359482	0.080353715	0.0847750865051903	0.71410674	14.592976	1
AP003120.1	0.016435824	0.009979446	0.015233949945593036	0.026697056	0.02988361119849009	1.4106581	13.978199	1
FAT3	0.0065633347	0.008975015	0.012167375605895736	0.0027295363	0.0029883611198490093	-1.6813343	8.347043	1
FUT4	0.023438567	0.027368475	0.039370857651597584	0.017197754	0.01903114186851211	-0.667192	5.7143598	1
AMOTL1	0.045054875	0.037561286	0.050153328716984864	0.05695899	0.05898081157596728	0.5993719	7.7509465	1
ENDOD1	0.037695408	0.045099493	0.06034226926501138	0.025914282	0.02783894306385656	-0.7970028	11.401848	1
SESN3	0.18412536	0.23170163	0.2855871006034227	0.10857203	0.11434413337527524	-1.09291	44.55244	1
MAML2	0.12926134	0.16350704	0.21436343852013057	0.07480712	0.07942749292230261	-1.12706	44.55244	1
AP001527.2	0.03136242	0.022054363	0.033138787219309525	0.046169385	0.04938659955960994	1.0624672	15.4923935	1
AP001830.1	0.015378283	0.010145256	0.014937184686912653	0.02369358	0.02500786410821013	1.2156162	9.8053	1
MMP1	0.029555004	0.03514592	0.037788109605302204	0.020673428	0.017143755898081158	-0.76271707	5.8868284	1
POGLUT3	0.04455648	0.053662974	0.07527945395192402	0.030057216	0.03381566530355458	-0.8341098	15.654195	1
ZC3H12C	0.06727224	0.07597846	0.10614304085468394	0.053409144	0.05898081157596728	-0.5077026	9.327306	1
FDX1	0.46754757	0.5473738	0.5847264813532496	0.3406998	0.33170808430324	-0.6838654	44.55244	1
PPP2R1B	0.026906373	0.032916255	0.046987832624394106	0.017358487	0.01966027052532243	-0.919248	11.525914	1
C11orf1	0.2548949	0.21972892	0.28024532594717577	0.31088856	0.30229631959735764	0.50048023	34.462833	1
CRYAB	0.86186194	1.0597142	0.7691166287466614	0.5473315	0.4155394778232148	-0.95306104	44.55244	1
HSPB2	0.23320845	0.27088466	0.28449896132159463	0.17339392	0.16152878263604908	-0.643326	42.12108	1
C11orf52	0.033612236	0.043343656	0.06162825205262637	0.018136572	0.020603963510537907	-1.252311	25.038961	1
DIXDC1	0.2097693	0.23729202	0.29943614600850726	0.1660985	0.17033658383139352	-0.514364	29.796926	1
BCO2	0.13297296	0.15128633	0.1913146700959541	0.103861004	0.10569361434413338	-0.5421924	19.321375	1
PTS	0.22942093	0.2665246	0.33524582055594027	0.17051776	0.17568417741428122	-0.6440421	44.55244	1
LINC02762	0.11521623	0.13511416	0.17885052923137798	0.08355819	0.0879207297892419	-0.6926676	27.44365	1
APOA1	0.24870342	0.30628318	0.3495894747254921	0.15724392	0.1583831393519975	-0.9614155	44.55244	1
TAGLN	0.5374968	0.7987094	0.5518844593926204	0.12227383	0.11041207927021075	-2.7065563	44.55244	1
PCSK7	0.14996971	0.18286712	0.23998417251953705	0.09771931	0.10301981755268952	-0.90339327	44.55244	1
FXYD2	0.014860769	0.01114323	0.01632208922742111	0.020765595	0.02201950298836112	0.8920695	5.812668	1
PHLDB1	0.07187498	0.08541362	0.11959639924819468	0.0503284	0.053790500157282164	-0.76191777	20.849234	1
CCDC84	0.08673877	0.10095688	0.13799584528637848	0.06411111	0.07014784523435043	-0.6542726	19.067984	1
HMBS	0.09440492	0.10836781	0.1517459689385696	0.07218281	0.07832651777288456	-0.5855423	17.077715	1
H2AFX	0.11951328	0.13652268	0.18448906914630528	0.092449956	0.09845863479081472	-0.5618928	19.776295	1
DPAGT1	0.07579528	0.088606454	0.12454248689286775	0.055405427	0.060239068889587924	-0.67641026	17.780106	1
C2CD2L	0.021550262	0.025923412	0.03818379661687605	0.0146048	0.01635734507706826	-0.8235229	7.8529725	1
CCDC153	0.036190804	0.044624712	0.061727173805519835	0.022773573	0.02485058194400755	-0.96739054	16.379404	1
CBL	0.23695701	0.26725677	0.33188248095756256	0.1888715	0.191097829506134	-0.50059736	32.14061	1
MCAM	0.18071651	0.21079813	0.2594717578395489	0.13298048	0.13557722554262347	-0.6642472	39.329655	1
THY1	0.023007505	0.03153949	0.030072212879612228	0.009449676	0.008807801195344448	-1.7282028	19.26121	1
NECTIN1	0.060798064	0.070243694	0.0952616480364032	0.045760702	0.049858446052217675	-0.61716264	11.707552	1
AP001994.2	0.0014722052	0.0022589506	0.0030665743396972992	0.0002221156	0.00031456432840515884	-2.8724947	5.0583305	1
LINC02744	0.003416519	0.00546106	0.007616974972796518	0.00016659737	0.00015728216420257942	-4.3826256	14.863295	1
OAF	0.004436165	0.0060399123	0.009991097042239588	0.0018871914	0.002201950298836112	-1.6274872	6.306335	1
ARHGEF12	0.40509117	0.4574351	0.5101394796715798	0.3219455	0.31283422459893045	-0.50661796	44.55244	1
TECTA	0.010719198	0.013424956	0.018894054802651102	0.006409943	0.007234979553318654	-1.0549071	6.2389297	1
SC5D	1.2520509	1.4117453	0.8972202987436937	0.99815977	0.671280276816609	-0.5000949	44.55244	1
MIR100HG	0.31048155	0.3604093	0.3975665248788208	0.23118728	0.22003774771940862	-0.6403504	44.55244	1
BLID	0.005928053	0.008147082	0.011178158076961124	0.0024008027	0.00267379679144385	-1.7214925	8.061059	1
JHY	0.021654868	0.02534718	0.03660104857058067	0.01579189	0.017930166719094056	-0.67921513	5.5604787	1
HSPA8	0.9882173	1.1356486	0.84538530022752	0.7538416	0.5839886756841774	-0.5911188	44.55244	1
VWA5A	0.052310504	0.05937558	0.08447917697101592	0.04105826	0.04466813463353256	-0.53111535	7.8977413	1
SPA17	0.027779128	0.034767706	0.048570580670689485	0.016675148	0.018244731047499213	-1.0555661	14.912307	1
AP000866.1	0.027624927	0.021723958	0.030467899891186073	0.037015103	0.04136520918527839	0.76609373	8.105313	1
CCDC15-DT	0.008391117	0.005017799	0.0072212879612226725	0.013753586	0.014941805599245045	1.4366641	7.513717	1
CHEK1	0.041469537	0.049620256	0.06875061826095559	0.028491387	0.03208556149732621	-0.7982531	13.3378	1
HYLS1	0.032298315	0.03761313	0.05381343357404293	0.02385377	0.026423403586033345	-0.6548143	7.430396	1
FAM118B	0.09655401	0.11189302	0.15421901276090613	0.07214391	0.07974205725070777	-0.63246083	20.347662	1
FOXRED1	0.11441594	0.12902707	0.17568503313878722	0.091165595	0.09845863479081472	-0.50064844	15.306315	1
TIRAP	0.019026376	0.02289727	0.03323770897220299	0.012874544	0.014469959106637308	-0.8257788	6.9771256	1
ETS1	0.02649433	0.031952597	0.04481155406073795	0.017823454	0.019345706196917268	-0.83859265	9.299133	1
KCNJ5	0.048490327	0.03939481	0.053219903056682165	0.062939264	0.06637307329348852	0.67458755	10.500695	1
ADAMTS15	0.010224861	0.013550067	0.019784350578692253	0.004930662	0.005190311418685121	-1.4400879	10.162721	1
NTM	0.006740197	0.008851801	0.011474923335641507	0.003383481	0.0034602076124567475	-1.3616483	5.4608693	1
B3GAT1	0.0040384363	0.0059082317	0.007715896725689979	0.0010663791	0.0012582573136206354	-2.3649037	8.724963	1
B4GALNT3	0.069986336	0.0901009	0.12147591255317045	0.037985835	0.04215162000629129	-1.2438873	44.55244	1
NINJ2	0.0065008076	0.0038760717	0.0056385399149272925	0.010674266	0.011796162315193457	1.438174	6.036452	1
AC021054.1	0.033261593	0.038438745	0.05539618162033831	0.02503264	0.0275243787354514	-0.6167475	6.8381104	1
CACNA1C	0.20260167	0.25032255	0.31269166089623107	0.12681887	0.13368983957219252	-0.9804578	44.55244	1
AC005342.1	0.017532162	0.020966975	0.03096250865565338	0.012070666	0.012897137464611514	-0.79157513	5.940645	1
FOXM1	0.008681649	0.011088461	0.016421010980314572	0.00485188	0.005190311418685121	-1.1759634	6.317696	1
TEAD4	0.022937045	0.027441835	0.039370857651597584	0.015782252	0.017772884554891476	-0.7942091	7.695152	1
CRACR2A	0.003811858	0.00531515	0.00781481847858344	0.0014225848	0.0014155394778232148	-1.8304788	6.102344	1
CCND2-AS1	0.058274195	0.066007115	0.09130477792066476	0.0459596	0.05064485687323057	-0.52130365	8.398428	1
TIGAR	0.15305275	0.18697867	0.24354535562370166	0.09917485	0.10522176785152564	-0.9141449	44.55244	1
GALNT8	0.028961452	0.038487986	0.05331882480957562	0.013822342	0.015728216420257943	-1.4707499	27.65383	1
LTBR	0.016811993	0.021252964	0.03106143040854684	0.009749619	0.010537905001572822	-1.1162965	10.2921	1
AC006064.4	0.056731958	0.047802016	0.06578296567415175	0.07090933	0.07360805284680717	0.56792223	8.857778	1
CD4	0.00528165	0.006905782	0.010386784053813434	0.0027001374	0.0031456432840515887	-1.3230485	5.1207395	1
ENO2	1.0616708	0.9080091	0.7184686912652092	1.3059963	0.8266750550487575	0.52432376	44.55244	1
PTPN6	0.026796566	0.03197915	0.04560292808388565	0.018564047	0.020132117017930166	-0.7813743	8.386623	1
AC092490.1	0.015225717	0.018115904	0.02651102977544762	0.010623106	0.011953444479396037	-0.7644758	5.006767	1
KLRG1	0.05401573	0.061432395	0.08695222079335246	0.042204853	0.045769109782950616	-0.540523	8.365088	1
A2M	0.6228966	0.75047034	0.6328024532594717	0.42011517	0.34759358288770054	-0.8368591	44.55244	1
MAGOHB	0.16368611	0.18765214	0.2477989909981205	0.1256508	0.1338471217363951	-0.57826185	29.29503	1
TAS2R14	0.033536788	0.038515314	0.055791868631912156	0.02562325	0.028782636049072035	-0.58610016	6.36439	1
SMIM10L1	0.62507623	0.7180215	0.698684340686517	0.477347	0.4372444164831708	-0.5888874	44.55244	1
LINC01252	0.021073757	0.02593963	0.03630428331190029	0.01334494	0.015570934256055362	-0.95364565	9.825205	1
ATF7IP	0.28266433	0.3446162	0.4021169255119201	0.18425357	0.18496382510223341	-0.90293366	44.55244	1
PLBD1	0.05442102	0.062044915	0.08715006429913938	0.042280193	0.046240956275558354	-0.55224615	8.822099	1
MGP	0.049887057	0.06810895	0.06429913938074983	0.020892901	0.0213903743315508	-1.7000597	38.610897	1
ARHGDIB	0.020063194	0.028582795	0.039074092392917203	0.006525185	0.007234979553318654	-2.1141531	33.276455	1
RERG	0.03635375	0.04825176	0.06825600949648827	0.01741901	0.018244731047499213	-1.4646472	34.168568	1
LMO3	0.010838283	0.006036641	0.00850727074883767	0.01847013	0.019502988361119848	1.5974629	10.8720875	1
AC092828.1	0.039353352	0.048993703	0.06617865268572559	0.02400891	0.02485058194400755	-1.0259717	19.23022	1
AC126468.1	0.12839875	0.15854144	0.2058561677712929	0.08046538	0.08587606165460837	-0.9775379	44.55244	1
PDE3A	0.016128428	0.019717047	0.02710456029280839	0.010417698	0.011638880150990877	-0.9139231	6.7639513	1
PYROXD1	0.092220806	0.10900615	0.14650311603521615	0.06551095	0.07093425605536333	-0.7337239	24.952524	1
GOLT1B	0.09337568	0.10885579	0.1496686121278069	0.06874137	0.07439446366782007	-0.66239506	21.013395	1
SPX	0.094838195	0.10733417	0.1453160550004946	0.07494749	0.08005662157911293	-0.51757723	13.192388	1
ETNK1	0.2270398	0.26478842	0.33287169848649717	0.16711158	0.17190940547341932	-0.66371	44.55244	1
BCAT1	0.2227816	0.1388992	0.17637748540904144	0.3561976	0.32227115445108523	1.358006	44.55244	1
BHLHE41	0.07646081	0.051807556	0.06726679196755367	0.1156422	0.11859075180874488	1.1568984	42.157993	1
SSPN	0.23805279	0.279416	0.33010188940548024	0.17237575	0.17411135577225542	-0.69653726	44.55244	1
STK38L	0.15728863	0.18531638	0.23671975467405282	0.11278925	0.11733249449512426	-0.7158606	40.35222	1
PPFIBP1	0.26849365	0.32446814	0.37511128697200513	0.17958616	0.18402013211701793	-0.853042	44.55244	1
KLHL42	0.21479994	0.2479861	0.3130873479078049	0.16212672	0.16640452972632905	-0.6128293	42.701183	1
TMTC1	0.304621	0.42213896	0.45167672371154416	0.11786361	0.11623151934570619	-1.8397177	44.55244	1
CAPRIN2	0.22055987	0.25736135	0.3211000098921753	0.16213791	0.16797735136835482	-0.66624475	44.55244	1
TSPAN11	0.00749693	0.00999189	0.015332871698486497	0.0035306034	0.004089336269267065	-1.4749151	8.437701	1
BICD1	0.31083682	0.36665532	0.4183400929864477	0.22217454	0.21830764391318025	-0.7224751	44.55244	1
AC026356.1	0.01569686	0.019721601	0.02799485606884954	0.009291274	0.010380622837370242	-1.0776808	9.289338	1
AC026356.2	0.052771036	0.063489825	0.08823820358096746	0.035709936	0.03837684806542938	-0.8284359	17.697569	1
FGD4	0.13977882	0.17943892	0.22722326639628054	0.076757446	0.07911292859389746	-1.2240397	44.55244	1
SYT10	0.011192447	0.01475444	0.01958650707290533	0.005521769	0.00550487574709028	-1.4017981	9.444057	1
ABCD2	0.006899225	0.010027853	0.01473934118112573	0.0019257035	0.002201950298836112	-2.3218334	15.207962	1
SLC2A13	0.10889424	0.14009094	0.17331091106934415	0.059271093	0.06149732620320856	-1.2395605	44.55244	1
LRRK2	0.054531105	0.07597486	0.09209615194381245	0.020414054	0.021075810003145644	-1.8908072	44.55244	1
TMEM117	0.08506698	0.09603671	0.1320605401127708	0.067604326	0.07470902799622522	-0.5058394	11.680849	1
NELL2	0.009665095	0.0064977477	0.008902957760411515	0.01469891	0.015099087763447625	1.1654454	5.790539	1
SLC38A2	0.7204391	0.8386179	0.7357799980215649	0.5325844	0.4580056621579113	-0.6549045	44.55244	1
AC008035.1	0.025742572	0.029819727	0.042437431991294884	0.019267583	0.021075810003145644	-0.6274531	5.5447106	1
RAPGEF3	0.020136463	0.024499336	0.03501830052428529	0.013206767	0.01368354828562441	-0.88645923	7.8684516	1
COL2A1	0.11285324	0.13599877	0.15639529132456226	0.07603038	0.07470902799622522	-0.8381099	33.400097	1
FKBP11	0.032224607	0.037755683	0.054703729350084086	0.023434842	0.025322428436615287	-0.6857118	7.952268	1
ARF3	0.45277044	0.5182106	0.5678108616084677	0.3487921	0.33752752437873546	-0.571036	44.55244	1
TUBA1A	1.0411114	1.213121	0.8438025521812247	0.7676504	0.5838313935199748	-0.6601331	44.55244	1
TROAP	0.008803345	0.011868537	0.016421010980314572	0.0039250096	0.0037747719408619063	-1.5721827	9.4952135	1
MCRS1	0.24742736	0.2923013	0.36136116331981405	0.17616753	0.18527838943063857	-0.7301829	44.55244	1
FMNL3	0.013076981	0.016880518	0.025323968740726087	0.007022203	0.007234979553318654	-1.2534851	9.896339	1
ASIC1	0.028830148	0.01868565	0.02730240379859531	0.04496433	0.0489147530670022	1.262355	19.581335	1
LIMA1	0.123317994	0.1420927	0.18112572954792758	0.09344695	0.09452658068575023	-0.6040849	21.668585	1
AC008147.2	0.009756062	0.01337098	0.01958650707290533	0.0040013273	0.004089336269267065	-1.715692	12.573419	1
METTL7A	0.04080815	0.04870972	0.07112474033039866	0.028227234	0.030827304183705568	-0.78497887	12.873102	1
LETMD1	0.17147005	0.14159761	0.1893362350380849	0.21900308	0.21940861906259831	0.62879425	33.982513	1
TFCP2	0.123730674	0.14054847	0.18943515679097833	0.096972816	0.10333438188109469	-0.53495455	18.508581	1
SLC4A8	0.08704428	0.11230209	0.14976753388070035	0.046866156	0.051273985530040894	-1.2589754	44.55244	1
KRT80	0.0017112156	0.002706832	0.003956870115738451	0.00012905197	0.00015728216420257942	-3.615196	7.715962	1
KRT8	1.1970854	1.3658909	0.9112671876545653	0.9287068	0.6813463353255741	-0.5564973	44.55244	1
KRT18	0.7530759	0.8648995	0.7218320308635869	0.5753218	0.4762503932054105	-0.5880794	44.55244	1
TNS2	0.044784453	0.05058077	0.07112474033039866	0.0355499	0.03774771940861906	-0.5075403	6.1515326	1
SPRYD3	0.08164085	0.095995076	0.1335443664061727	0.058797278	0.06369927650204467	-0.70626146	20.642647	1
IGFBP6	0.2428189	0.3490615	0.37431991294885747	0.07398745	0.07691097829506134	-2.2365932	44.55244	1
AMHR2	0.1343175	0.10077135	0.13473142744089425	0.18765824	0.18905316137150047	0.8963597	44.55244	1
ITGA5	0.08485256	0.0992978	0.13809476703927193	0.06186341	0.06778861277131173	-0.6817973	20.396166	1
METTL7B	0.015040608	0.020199772	0.02878623009199723	0.0068303416	0.007549543881723813	-1.5504652	16.217167	1
ITGA7	0.19725403	0.2548412	0.31635176575328916	0.10578411	0.11214218307643913	-1.2676784	44.55244	1
BLOC1S1	0.6976679	0.83447605	0.7610050450093976	0.48019674	0.4372444164831708	-0.79711753	44.55244	1
GDF11	0.22909103	0.28234595	0.3456326046097537	0.14450961	0.14894620949984272	-0.96581125	44.55244	1
ORMDL2	0.22938932	0.25930494	0.327035315065783	0.18191282	0.18748033972947467	-0.51116586	32.89891	1
PYM1	0.16096668	0.18933839	0.24997526956177663	0.115924396	0.12519660270525323	-0.7073005	42.63336	1
DGKA	0.02606366	0.031459354	0.045504006330992185	0.0174923	0.019502988361119848	-0.8431237	9.71395	1
SUOX	0.047681	0.056506645	0.0794341675734494	0.033629164	0.037275872916011324	-0.7469749	13.600891	1
ANKRD52	0.059499998	0.07008207	0.10050450093975666	0.042656135	0.04702736709657125	-0.7149711	15.79185	1
STAT2	0.08081523	0.092771605	0.12790582649124543	0.061783522	0.06700220195029884	-0.5856823	14.352341	1
NXPH4	0.011586574	0.003736183	0.005539618162033831	0.024066512	0.02500786410821013	2.6552658	22.66021	1
AC137834.2	0.0021711364	0.0003132907	0.0004946087644673064	0.005125098	0.005819440075495438	3.6602292	7.2523947	1
SHMT2	0.3118171	0.16293469	0.2111979424275398	0.54857093	0.4526580685750236	1.7507622	44.55244	1
NDUFA4L2	0.02574408	0.019341014	0.01780591552082303	0.035931017	0.02720981440704624	0.89013594	6.073208	1
STAC3	0.020407615	0.02645044	0.0372935008408349	0.010807463	0.011953444479396037	-1.2834202	15.610823	1
INHBE	0.014167283	0.0025871838	0.0045504006330992185	0.032577384	0.03334381881094684	3.6041255	36.145805	1
MARS	0.17993522	0.13918488	0.1895340785438718	0.24477449	0.2422145328719723	0.8140038	44.55244	1
DDIT3	0.32613063	0.19276698	0.23691759817983973	0.5382142	0.41538219565901224	1.4808424	44.55244	1
ARHGEF25	0.03185263	0.036437396	0.0495597981996241	0.02456812	0.02720981440704624	-0.5667261	5.516463	1
AVIL	0.0144143	0.01739296	0.024433672964684933	0.009670974	0.0106951871657754	-0.84020007	5.3966103	1
AC083805.1	0.014824264	0.011266143	0.016519932733208034	0.020474887	0.02186222082415854	0.8561417	5.3088183	1
ATP23	0.040359173	0.034079	0.049856563458304484	0.050340585	0.0542623466498899	0.5614748	6.582205	1
TAFA2	0.02065293	0.013870876	0.019091898308438025	0.031436484	0.03240012582573136	1.1745995	11.910521	1
XPOT	0.18288954	0.1256714	0.1719260065288357	0.27391222	0.26360490720352314	1.1234362	44.55244	1
RASSF3	0.1468372	0.18344288	0.2380057374616678	0.088680685	0.09751494180559925	-1.0477993	44.55244	1
MSRB3	0.56454396	0.6645429	0.6550598476605005	0.40560648	0.37967914438502676	-0.71214324	44.55244	1
AC026124.1	0.08986592	0.11318811	0.1470966465525769	0.052763253	0.05473419314249764	-1.0996593	44.55244	1
TMBIM4	0.5163568	0.5993992	0.6101493718468691	0.38438645	0.36111984900912236	-0.6408251	44.55244	1
AC090061.1	0.0038301058	0.0018872627	0.002967652586803838	0.00691944	0.007234979553318654	1.8205733	5.184043	1
LRRC10	0.375657	0.4304381	0.44940152339499456	0.288642	0.2637621893677257	-0.57636	44.55244	1
KCNMB4	0.37030432	0.43163714	0.4789791275101395	0.27286872	0.2653350110097515	-0.66141754	44.55244	1
PTPRR	0.026760299	0.038456373	0.04896626768226333	0.008171968	0.009436929852154765	-2.220667	44.55244	1
TMEM19	0.09202861	0.115264066	0.1598575526758334	0.055064417	0.0611827618748034	-1.064384	44.55244	1
PHLDA1	0.08891833	0.12091702	0.14452468097734691	0.038022652	0.040421516200062915	-1.6664896	44.55244	1
NAV3	0.106693424	0.065974124	0.08823820358096746	0.17142615	0.16876376218936773	1.3762711	44.55244	1
OTOGL	0.008537886	0.011316116	0.016816697991888417	0.0041169063	0.004403900597672224	-1.436815	8.352732	1
PPFIA2	0.048795827	0.06475614	0.08052230685527748	0.023398342	0.023749606794589494	-1.4646842	40.8797	1
METTL25	0.07076365	0.08425985	0.1144524680977347	0.049285274	0.05489147530670022	-0.7724757	21.159033	1
TMTC3	0.16333847	0.18659525	0.24384212088238202	0.12642743	0.13431896822900283	-0.561235	27.392902	1
KITLG	0.049955186	0.05787678	0.07735681076268672	0.03734118	0.037905001572821645	-0.6308492	9.603039	1
LINC02458	0.0012086838	0.0018984481	0.002967652586803838	0.00011280063	0.00015728216420257942	-3.2313056	5.7117505	1
DUSP6	0.26941928	0.39313638	0.3707587298446928	0.072804086	0.07093425605536333	-2.4313252	44.55244	1
GALNT4	0.030393863	0.03615643	0.05035117222277179	0.021239897	0.023592324630386914	-0.7646837	9.110998	1
LUM	0.015910681	0.021639576	0.021466020377881097	0.006799145	0.006605850896508336	-1.6558343	12.811008	1
LINC01619	0.01633681	0.023152083	0.03195172618458799	0.005499868	0.005819440075495438	-2.0538952	26.497538	1
AC123512.1	0.0027757261	0.0044018542	0.005836383420714215	0.00019105605	0.00031456432840515884	-3.9511504	11.405387	1
AC025164.1	0.0363624	0.03100905	0.04411910179048373	0.044876706	0.047656495753381566	0.53184366	5.2936535	1
LINC02412	0.002516656	0.0038975526	0.005836383420714215	0.0003218852	0.0004718464926077383	-3.2441947	9.927457	1
UBE2N	0.46323746	0.5550969	0.5955089524186369	0.31726155	0.3112614029569047	-0.80687237	44.55244	1
SOCS2	0.03724055	0.044378556	0.06182609555841329	0.025881102	0.028625353884869455	-0.77564734	11.340409	1
PLXNC1	0.11411982	0.13268973	0.1657928578494411	0.08457239	0.08351682919156968	-0.64918005	22.310375	1
CEP83	0.13002829	0.15525176	0.20130576713819368	0.089920826	0.0948411450141554	-0.78720784	39.70769	1
FGD6	0.09055725	0.10712176	0.14778909882283114	0.06419851	0.06873230575652721	-0.7377405	24.722483	1
SCYL2	0.22380036	0.2667898	0.331981402710456	0.15553956	0.1621579112928594	-0.77803534	44.55244	1
GNPTAB	0.05642903	0.06886286	0.09684439608269858	0.03664132	0.03884869455803712	-0.9084163	22.419378	1
IGF1	0.01384795	0.017448582	0.018300524285290335	0.00811573	0.007549543881723813	-1.0948937	6.278657	1
C12orf42	0.013035791	0.018508505	0.026708873281234544	0.0043273456	0.004875747090279962	-2.0714483	22.637167	1
NFYB	0.49757564	0.5701132	0.5750321495696904	0.38230845	0.3553004089336269	-0.576387	44.55244	1
CHST11	0.040873062	0.048130404	0.06835493124938175	0.029317599	0.03192827933312362	-0.7132635	10.618432	1
AC089985.1	0.0022954652	0.0033560372	0.004847165891779602	0.000609986	0.0007864108210128972	-2.2832563	5.76254	1
ALDH1L2	0.029925073	0.008700242	0.012958749629043427	0.06367423	0.06700220195029884	2.8573585	44.55244	1
C12orf75	0.38116157	0.29763234	0.316747452764863	0.5140155	0.4230890217049387	0.78807664	44.55244	1
NUAK1	0.08505067	0.104863256	0.14036996735582155	0.053527918	0.05803711859075181	-0.9688282	38.09504	1
CKAP4	0.69158006	0.78839135	0.7299436146008508	0.5376992	0.4757785467128028	-0.5520273	44.55244	1
POLR3B	0.06171401	0.07014243	0.09892175289346128	0.04829324	0.05316137150047184	-0.53753734	9.543548	1
RIC8B	0.1022839	0.117414534	0.15649421307745573	0.07820479	0.08320226486316452	-0.5856667	17.917477	1
AC007541.1	0.08232689	0.06913171	0.0965476308240182	0.10328829	0.10962566844919786	0.5785679	13.699826	1
MTERF2	0.32432732	0.39957088	0.4523691759817984	0.20478085	0.20383768480654293	-0.96402735	44.55244	1
CRY1	0.12766425	0.14780203	0.1956672272232664	0.09563466	0.10144699591066374	-0.6275285	25.684385	1
WSCD2	0.00691584	0.008909923	0.01315659313483035	0.0037459894	0.004089336269267065	-1.22816	5.3988996	1
UNG	0.09977563	0.11361169	0.15639529132456226	0.07775451	0.08288770053475936	-0.546528	15.565976	1
KCTD10	0.25913644	0.3311177	0.3836185577208428	0.14478128	0.1475306700220195	-1.1929085	44.55244	1
UBE3B	0.17672548	0.22212559	0.2717380551983381	0.104631774	0.11135577225542624	-1.0853257	44.55244	1
MMAB	0.41025367	0.49726152	0.5367494311999209	0.2719961	0.26800880780119535	-0.8701785	44.55244	1
MVK	0.19738404	0.2637901	0.30537145118211495	0.091891356	0.09672853098458635	-1.5203669	44.55244	1
TCHP	0.12228374	0.14768687	0.19556830547037293	0.081871785	0.08760616546083674	-0.8503188	43.649353	1
GIT2	0.12469221	0.14344962	0.19487585320011871	0.094851404	0.10270525322428437	-0.5962882	23.37689	1
ATP2A2	0.90010375	1.015297	0.8169947571470967	0.71697855	0.5761245674740484	-0.50184095	44.55244	1
ANAPC7	0.16941911	0.19895913	0.2598674448511228	0.12253853	0.13054419628814093	-0.69878477	43.37635	1
MYL2	0.1750093	0.23858114	0.2066475417944406	0.07402333	0.061340044039005975	-1.6870849	44.55244	1
TBX5	0.5135116	0.5898758	0.5950143436541695	0.39215747	0.3675684177414281	-0.58885497	44.55244	1
TBX5-AS1	0.031451013	0.036236443	0.046987832624394106	0.023848796	0.025479710600817867	-0.6014641	5.8527236	1
TBX3	0.72587913	0.8652973	0.6897813829261055	0.50425774	0.40154136520918526	-0.77891517	44.55244	1
TESC	0.2347583	0.27781996	0.31595607874171533	0.1663836	0.16404529726329034	-0.73928934	44.55244	1
TAOK3	0.36666125	0.45355833	0.48214462360273025	0.22858404	0.2233406731676628	-0.9882505	44.55244	1
CCDC60	0.006864718	0.008961704	0.013651201899297655	0.0035312243	0.003932054105064486	-1.3193262	6.3364177	1
POP5	0.31500915	0.3664918	0.43179345137995845	0.23323861	0.23608052846807173	-0.6517493	44.55244	1
MLEC	0.93687564	1.1325469	0.8658621030764665	0.62580425	0.5290972003774772	-0.8556842	44.55244	1
AC069234.2	0.005646027	0.007566429	0.010683549312493818	0.0025934775	0.0029883611198490093	-1.5090847	6.514731	1
HNF1A-AS1	0.41417181	0.47773555	0.4962904342664952	0.31318793	0.2938030827304184	-0.609025	44.55244	1
TMEM120B	0.120178804	0.10252166	0.13858937580373923	0.14824167	0.15020446681346336	0.5315886	16.675842	1
B3GNT4	0.0072649154	0.004700929	0.00702344445543575	0.011341879	0.012582573136206355	1.2529385	5.4782114	1
VPS37B	0.077438764	0.089760266	0.12572954792758928	0.05782727	0.06259830135262662	-0.6334406	16.144232	1
KMT5A	0.21289338	0.24907687	0.31031753882678803	0.15545249	0.16042780748663102	-0.6797687	44.55244	1
STX2	0.18043122	0.20680755	0.26263725393213966	0.13858512	0.14422774457376533	-0.57717335	31.375473	1
GOLGA3	0.21761379	0.25158688	0.31556039173014144	0.16368745	0.17017930166719095	-0.61980516	44.55244	1
CHFR	0.07168521	0.08213566	0.11722227717875161	0.05504838	0.0603963510537905	-0.5764456	12.633359	1
LINC01072	0.008532387	0.011805984	0.017608072015036107	0.0033220323	0.0037747719408619063	-1.7987616	12.648991	1
GJA3	0.531118	0.6604628	0.6384409931743991	0.32554194	0.30229631959735764	-1.0204092	44.55244	1
AL512652.1	0.008704282	0.011749636	0.017311306756355723	0.0038585232	0.0042466184334696445	-1.5818086	10.281027	1
XPO4	0.80201316	0.9330769	0.7698090810169156	0.5936664	0.48427178357974204	-0.65225524	44.55244	1
LATS2	0.123332486	0.14455757	0.19121574834306063	0.0895654	0.09578483799937088	-0.6900186	29.7899	1
ZDHHC20	0.14018488	0.1595522	0.2102087248986052	0.10940721	0.11717521233092168	-0.54390657	21.900251	1
MICU2	0.36769012	0.41848722	0.47977050153328715	0.28700578	0.2838943063856559	-0.5439459	44.55244	1
SACS	0.29328555	0.33446622	0.3961816203383124	0.22789711	0.22664359861591696	-0.5532762	44.55244	1
SHISA2	0.011378139	0.007202094	0.010683549312493818	0.018014502	0.019345706196917268	1.310763	8.457787	1
RASL11A	0.0052056448	0.0069680624	0.010287862300919973	0.0024043312	0.0028310789556464295	-1.4968894	6.1248403	1
FLT1	0.058865093	0.080131605	0.09724008309427243	0.025031349	0.024536017615602392	-1.6746826	44.55244	1
SLC7A1	0.08144379	0.05285647	0.07488376694035018	0.12688185	0.13117332494495124	1.2617434	44.55244	1
HSPH1	0.2548837	0.28831357	0.3521614403007221	0.20181923	0.20462409562755585	-0.51436067	36.825706	1
BRCA2	0.013545693	0.016857065	0.024532594717578394	0.0082733985	0.009122365523749607	-1.0180013	7.085519	1
STARD13	0.02744408	0.035894003	0.05124146799881294	0.014016665	0.014784523435042466	-1.3503573	22.545816	1
AL139383.1	0.011387911	0.01616608	0.023147690177069937	0.0037837122	0.004089336269267065	-2.0663583	19.888012	1
FREM2	0.06913523	0.054353893	0.07379562765852211	0.092616625	0.09578483799937088	0.7677929	18.613426	1
LHFPL6	0.075021245	0.088360876	0.11573845088534969	0.053791	0.056621579112928595	-0.7149951	18.240501	1
SLC25A15	0.0389583	0.046562947	0.06627757443861905	0.026856158	0.029411764705882353	-0.79166263	12.413393	1
DGKH	0.2888659	0.3343214	0.38173904441586703	0.21668077	0.21374646115130544	-0.62543035	44.55244	1
EPSTI1	0.040958147	0.056816988	0.07646651498664557	0.01572077	0.017615602390688895	-1.8470395	44.55244	1
DNAJC15	0.53189117	0.6556474	0.6150954594915422	0.33519858	0.3093740169864737	-0.9676939	44.55244	1
LACC1	0.015224743	0.019525107	0.026906716787021466	0.008380024	0.008493236866939289	-1.2105603	10.265918	1
LINC00390	0.0014784983	0.0023653829	0.0034622613512711444	6.919924e-05	0.00015728216420257942	-3.8650167	7.417687	1
SMIM2-AS1	0.0693414	0.080434285	0.11148481551093085	0.05168415	0.056307014784523435	-0.6370925	14.581914	1
SERP2	0.17608432	0.2097268	0.26698981105945196	0.12268556	0.12598301352626612	-0.77305794	44.55244	1
RB1-DT	0.0056536547	0.0026404753	0.004352557127312296	0.010444627	0.011324315822585718	1.94401	8.237624	1
RCBTB2	0.032051954	0.037287187	0.054505885844297164	0.023733566	0.025636992765020447	-0.6495492	7.175126	1
CAB39L	0.09612533	0.12046279	0.1619349094865961	0.057408947	0.06259830135262662	-1.0679263	44.55244	1
PHF11	0.0977842	0.12323723	0.16737560589573647	0.057293206	0.06008178672538534	-1.1036564	44.55244	1
FAM124A	0.012391712	0.0049524335	0.008012661984370364	0.024217661	0.025636992765020447	2.2669542	20.456059	1
INTS6-AS1	0.026520286	0.020930126	0.03017113463250569	0.035415776	0.037275872916011324	0.75600255	7.3210206	1
WDFY2	0.19153374	0.22348656	0.2763873775843308	0.14082147	0.14391318024536018	-0.665942	42.543842	1
DHRS12	0.05002079	0.05733624	0.08081907211395786	0.03837042	0.04325259515570934	-0.5782117	9.026237	1
PCDH8	0.0022477466	0.0034859108	0.00464932238599268	0.00027989244	0.00031456432840515884	-3.2386768	7.6568947	1
PCDH17	0.018128654	0.02260511	0.027401325551488772	0.011014461	0.01116703365838314	-1.0305791	7.9113894	1
PCDH9	0.11594339	0.13292363	0.15362548224354536	0.0889245	0.08603334381881095	-0.5794082	16.941372	1
BORA	0.0085368585	0.010844768	0.015431793451379959	0.004864203	0.004875747090279962	-1.1406074	5.5376916	1
UCHL3	0.23866452	0.29016653	0.36235038084874865	0.15686843	0.16640452972632905	-0.88690376	44.55244	1
LMO7	0.6316282	0.77560717	0.70363042833119	0.40276903	0.36111984900912236	-0.9452013	44.55244	1
SPRY2	0.44438076	0.5137388	0.5311108912849936	0.33417884	0.3073293488518402	-0.62026393	44.55244	1
SLITRK5	0.013190261	0.0051404587	0.0073202097141161345	0.025987454	0.027996225228059137	2.315591	22.179405	1
AL354811.1	0.031464335	0.025978805	0.039074092392917203	0.040195767	0.04340987731991192	0.62775064	6.3860497	1
GPC6	0.34291324	0.2790845	0.33940053417746563	0.4444559	0.3993394149103492	0.6711459	44.55244	1
DNAJC3-DT	0.07895197	0.06631932	0.09259076070827975	0.09901785	0.10254797106008179	0.577542	12.822759	1
DNAJC3	0.33275756	0.3771989	0.43812444356513996	0.2621805	0.2601446995910664	-0.5245973	44.55244	1
FARP1	0.3001661	0.3450324	0.4033039865466416	0.22891556	0.2301038062283737	-0.5917042	44.55244	1
DOCK9	0.06224245	0.07742459	0.10634088436047087	0.03808498	0.04057879836426549	-1.0216488	30.36311	1
UBAC2-AS1	0.037161954	0.029948235	0.04402018003759026	0.0486324	0.05394778232148474	0.6976011	9.042211	1
GPR183	0.04096733	0.048164062	0.06746463547334058	0.029508589	0.03208556149732621	-0.7049337	10.220223	1
TPP2	0.1441862	0.1698758	0.224750222573944	0.10336756	0.10962566844919786	-0.7161509	37.854874	1
FAM155A	0.054528847	0.063894086	0.08833712533386091	0.039620154	0.042623466498899025	-0.68806744	12.870683	1
LIG4	0.111951925	0.1347132	0.18171926006528835	0.07574068	0.08398867568417741	-0.829918	39.130344	1
IRS2	0.12169762	0.09230892	0.12216836482342468	0.16841581	0.16766278703994966	0.8667799	40.451416	1
CARS2	0.17661315	0.20099442	0.26422000197843504	0.13793583	0.1475306700220195	-0.54283017	28.253683	1
MCF2L-AS1	0.05059705	0.043178372	0.0605401127707983	0.062379077	0.06826045926391947	0.52972686	7.3897934	1
ADPRHL1	0.5816312	0.7691209	0.6942328618063112	0.28361222	0.26549229317395406	-1.4389697	44.55244	1
OSGEP	0.11608552	0.13110022	0.17934513799584528	0.0921933	0.09798678829820698	-0.50747234	15.854294	1
PNP	0.022896424	0.027247557	0.03897517064002374	0.015985945	0.018559295375904374	-0.7656113	7.2456393	1
ANG	0.04143948	0.03522949	0.050647937481452174	0.05130781	0.05457691097829506	0.54111457	6.2583275	1
LRP10	0.2715268	0.31402528	0.3836185577208428	0.20404363	0.2087134318968229	-0.6217554	44.55244	1
PPP1R3E	0.17034496	0.13407898	0.1754871896330003	0.22804692	0.22507077697389116	0.76580447	44.55244	1
MYH7	0.8108176	1.0220219	0.5173607676328025	0.47506544	0.24189996854356716	-1.1050655	44.55244	1
DHRS2	0.0036817852	0.0014099044	0.0022752003165496092	0.007294237	0.006763133060710916	2.291944	5.9892607	1
PCK2	0.058222767	0.02131161	0.03165496092590761	0.116903074	0.11827618748033973	2.4500813	44.55244	1
PSME2	0.5207314	0.62354666	0.6353744188347018	0.35732964	0.3386284995281535	-0.8030697	44.55244	1
REC8	0.028101236	0.035859104	0.05213176377485409	0.015774189	0.016986473733878578	-1.1796744	18.559402	1
TM9SF1	0.16247846	0.18532862	0.2452270254228905	0.12621117	0.13400440390059767	-0.55388165	26.708117	1
MDP1	0.30338413	0.3598428	0.42546245919477693	0.21370448	0.21752123309216734	-0.7514755	44.55244	1
AL096870.8	0.05776456	0.06661312	0.09367889999010783	0.043676198	0.04781377791758415	-0.60782397	11.25308	1
DHRS1	0.14522704	0.17026643	0.223464239786329	0.10544444	0.11261402956904687	-0.69079053	35.69685	1
STXBP6	0.055403244	0.032232497	0.046789989118607184	0.09223713	0.09452658068575023	1.5139259	44.55244	1
AP4S1	0.07144928	0.08459016	0.11742012068453853	0.050535753	0.0542623466498899	-0.7420379	19.658937	1
HEATR5A	0.1044057	0.12921329	0.17479473736274606	0.06494092	0.07014784523435043	-0.99145085	44.55244	1
AKAP6	0.19413099	0.24415411	0.2978533979622119	0.11468836	0.11811890531613715	-1.0894065	44.55244	1
EGLN3	0.8206361	0.6732473	0.6350776535760214	1.054992	0.7362378106322743	0.64794606	44.55244	1
CFL2	0.9201647	1.039091	0.8387575427836581	0.73110336	0.596885813148789	-0.50711614	44.55244	1
FAM177A1	0.39528197	0.45994562	0.5134038975170641	0.29255083	0.2859389745202894	-0.65259653	44.55244	1
PRORP	0.15699051	0.19141473	0.25076664358492434	0.1023261	0.10789556464296948	-0.9028719	44.55244	1
BRMS1L	0.14247482	0.16203278	0.21644079533089328	0.111402266	0.11906259830135263	-0.5401028	22.13624	1
SLC25A21-AS1	0.060273193	0.048704594	0.06983875754278365	0.07864541	0.0849323686693929	0.69017875	14.010612	1
SEC23A	0.42191947	0.480683	0.5365515876941339	0.328562	0.32022648631645173	-0.5487812	44.55244	1
AL049828.1	0.024473086	0.028767811	0.04095360569789297	0.017652202	0.01918842403271469	-0.70146376	6.377643	1
LRFN5	0.006226905	0.00807315	0.011969532100108813	0.003292024	0.0034602076124567475	-1.2687458	5.2605963	1
FKBP3	1.0784773	1.2183151	0.8954397071916115	0.85615623	0.6635734507706826	-0.5088913	44.55244	1
MIS18BP1	0.12781662	0.14756785	0.19250173113067565	0.0964064	0.10034602076124567	-0.61365926	24.073788	1
MGAT2	0.14167143	0.16006465	0.21545157780195864	0.112443194	0.12142183076439132	-0.5090769	19.81517	1
GNG2	0.0155723635	0.018768348	0.02562073399940647	0.010483867	0.011481597986788298	-0.8341013	5.501178	1
NID2	0.6464872	0.7714759	0.6877040261153428	0.4478147	0.3982384397609311	-0.78458416	44.55244	1
ERO1A	0.6641252	0.5555489	0.5480265110297754	0.8367759	0.6349480968858131	0.5908401	44.55244	1
AL133453.1	0.23561884	0.18134753	0.22494806607973095	0.3219794	0.30339729474677574	0.8278639	44.55244	1
CDKN3	0.05078977	0.05793739	0.07884063705608864	0.039407033	0.04246618433469645	-0.55487305	8.073497	1
GMFB	0.2009616	0.24041602	0.30359085963003263	0.1383214	0.14422774457376533	-0.797066	44.55244	1
SAMD4A	0.1869724	0.22630066	0.2846968048273815	0.12453354	0.13416168606480025	-0.8611857	44.55244	1
SOCS4	0.15000282	0.17040974	0.22583836185577208	0.11759611	0.12346649889902485	-0.5347875	22.584421	1
LGALS3	0.8025648	1.0280833	0.7130279948560688	0.444056	0.3590751808744888	-1.2109592	44.55244	1
AL049838.1	0.11672857	0.16137435	0.2097141161341379	0.04572369	0.05064485687323057	-1.8171394	44.55244	1
ARMH4	0.5265862	0.7024073	0.6364625581165299	0.24712369	0.23875432525951557	-1.5066963	44.55244	1
KIAA0586	0.11349999	0.13203135	0.1780591552082303	0.08401509	0.09012268008807801	-0.6515363	24.799313	1
DAAM1	0.32781857	0.3764668	0.42843011178158075	0.25055385	0.24583202264863163	-0.58720946	44.55244	1
PCNX4	0.24406956	0.27745345	0.3330695419922841	0.1910814	0.1887385970430953	-0.5378234	36.520267	1
SLC38A6	0.043143097	0.034374442	0.04946087644673064	0.057076477	0.06086819754639824	0.7298945	11.016136	1
PRKCH	0.10284971	0.13173135	0.17687209417350874	0.05690826	0.0603963510537905	-1.2094506	44.55244	1
HIF1A	0.45120317	0.54502547	0.5599960431298843	0.30211157	0.28656810317709974	-0.85102963	44.55244	1
HIF1A-AS3	0.32222024	0.21601053	0.2505688000791374	0.49113542	0.4311104120792702	1.1846452	44.55244	1
RHOJ	0.0077492474	0.011749121	0.017706993767929568	0.0013900782	0.0015728216420257944	-2.9913201	23.242912	1
HSPA2	0.016069816	0.021501381	0.031556039173014146	0.0074305385	0.00817867253853413	-1.5202987	16.981869	1
PPP1R36	0.0048442744	0.0064385566	0.009001879513304976	0.0023102742	0.0028310789556464295	-1.4397749	5.401341	1
SPTB	0.028330704	0.037110347	0.051637155010386786	0.014379015	0.015256369927650204	-1.3617405	23.13019	1
PLEK2	0.0033854453	0.0049665435	0.0073202097141161345	0.0008723461	0.0009436929852154766	-2.38146	8.146815	1
PLEKHH1	0.03478038	0.027910769	0.039370857651597584	0.045705874	0.050173010380622836	0.70955104	8.65302	1
ARG2	0.32048604	0.21434768	0.24819467800969433	0.48929602	0.35498584460522176	1.1903766	44.55244	1
RDH11	0.4206261	0.4832815	0.537837570481749	0.32108462	0.3104749921358918	-0.5897594	44.55244	1
ACTN1	0.5891045	0.72527134	0.6618854486101494	0.37267008	0.3496382510223341	-0.9604338	44.55244	1
SLC8A3	0.012903774	0.016350247	0.022356316153922248	0.007416726	0.007706826045926392	-1.129933	7.879915	1
AC004816.1	0.019878702	0.02404767	0.035512909288752594	0.013255418	0.014627241270839886	-0.8544588	7.679903	1
AC004816.2	0.0037109307	0.0051418855	0.007518053219903057	0.0014366409	0.0014155394778232148	-1.7703059	5.5995173	1
AC005476.2	0.025188813	0.03395885	0.04847165891779602	0.011252482	0.013054419628814092	-1.585022	28.68916	1
SIPA1L1	0.48000407	0.5784686	0.5712731229597389	0.32352656	0.30088078011953445	-0.8381582	44.55244	1
RGS6	0.005154794	0.007021872	0.00939756652487882	0.0021870884	0.0023592324630386913	-1.6387442	6.2997108	1
NUMB	0.24902079	0.28235888	0.3505786922544267	0.19610274	0.20132117017930168	-0.52569556	37.951817	1
ACOT2	0.020818207	0.024391742	0.034721535265604904	0.015143017	0.016829191569675998	-0.6841469	5.40863	1
DNAL1	0.114437304	0.13134995	0.18003759026609953	0.08752659	0.09515570934256055	-0.585073	20.645502	1
ELMSAN1	0.10402518	0.08894336	0.1241467998812939	0.12798986	0.13321799307958476	0.52457625	14.400355	1
AC005520.2	0.032864194	0.022475706	0.03303986546641607	0.049387325	0.0542623466498899	1.1322879	18.783543	1
AREL1	0.04187878	0.048262432	0.06944307053120981	0.03171367	0.03570305127398553	-0.6042401	8.283042	1
RPS6KL1	0.0054770205	0.007411729	0.01088139281828074	0.0024018234	0.00267379679144385	-1.586165	6.756344	1
FOS	0.37252712	0.30860648	0.3075477297457711	0.47419947	0.35121107266435986	0.61956257	44.55244	1
JDP2	0.07428919	0.051748563	0.0728064101295875	0.11011025	0.11277131173324945	1.0878825	37.333336	1
TTLL5	0.061114367	0.06899895	0.09852606588188742	0.04855819	0.05394778232148474	-0.505981	8.476177	1
ERG28	0.3048971	0.35526478	0.4223958848550796	0.22489883	0.2294746775715634	-0.6593831	44.55244	1
TGFB3	0.019087818	0.023983713	0.03452369175981798	0.011306369	0.012582573136206355	-1.0782182	11.027572	1
VASH1	0.17654468	0.23665851	0.28984073597784155	0.081055455	0.08587606165460837	-1.5446563	44.55244	1
NRXN3	0.0066176574	0.008738915	0.011474923335641507	0.003245691	0.003617489776659327	-1.4015651	6.204374	1
PTPN21	0.19744998	0.24191669	0.2993372242556138	0.12684123	0.13274614658697703	-0.93094575	44.55244	1
KCNK13	0.014146913	0.01738258	0.024037985953111088	0.008994945	0.009122365523749607	-0.9427813	6.1743255	1
LGMN	0.41995502	0.48938915	0.5320011870610347	0.3096359	0.30339729474677574	-0.6602383	44.55244	1
PRIMA1	0.0036523202	0.0011377418	0.0017805915520823028	0.0076506087	0.008021390374331552	2.6465993	7.9401445	1
ASB2	0.22443265	0.3134155	0.35730537145118213	0.083043136	0.0855614973262032	-1.9148676	44.55244	1
IFI27	0.011720966	0.014390081	0.021268176872094174	0.007470092	0.00817867253853413	-0.93668294	5.5771794	1
IFI27L2	0.92547727	1.0514613	0.8446928479572658	0.7251991	0.590122680088078	-0.53588504	44.55244	1
DICER1-AS1	0.07103653	0.058634505	0.08022554159659709	0.090735525	0.09688581314878893	0.6290483	13.77584	1
CLMN	0.031686567	0.022923257	0.032347413196161835	0.045627583	0.04687008493236867	0.9899728	13.501485	1
BDKRB2	0.0061808983	0.008046168	0.011474923335641507	0.003215915	0.003932054105064486	-1.2967144	5.560493	1
GSKIP	0.15330507	0.17364678	0.22949846671283014	0.121010154	0.13054419628814093	-0.52066636	22.340895	1
CYP46A1	0.07668634	0.08785111	0.11821149470768622	0.05891312	0.0611827618748034	-0.57566607	12.656093	1
DEGS2	0.013549008	0.0094899805	0.013057671381936888	0.019997593	0.020761245674740483	1.0674229	6.9315395	1
WARS	0.13369437	0.09049788	0.12760906123256505	0.2023751	0.1966027052532243	1.1601952	44.55244	1
DLK1	0.06282722	0.07292616	0.06340884360470868	0.046751123	0.04183705567788613	-0.6403298	7.2218614	1
MEG3	0.013070964	0.01817954	0.014640419428232269	0.0049411478	0.004561182761874803	-1.8584056	11.473298	1
MEG8	0.006618157	0.008729231	0.011376001582748046	0.003262409	0.0037747719408619063	-1.3927923	6.025451	1
TMEM179	0.013865742	0.009540547	0.01325551488772381	0.020736609	0.02170493865995596	1.1119337	7.482563	1
C14orf180	0.04108231	0.047354136	0.06598080917993866	0.031096617	0.03318653664674426	-0.60514426	7.7832227	1
AHNAK2	0.41950664	0.3011992	0.3131862696606984	0.6076481	0.47499213589178985	1.0122768	44.55244	1
CDCA4	0.10049169	0.072149456	0.10159264022158472	0.14554238	0.1491034916640453	1.0113716	44.55244	1
BTBD6	0.11108468	0.12744455	0.17360767632802454	0.08505199	0.09027996225228059	-0.5828891	19.633108	1
AC138649.1	0.06499336	0.07608214	0.10258185775051934	0.04734332	0.05001572821642026	-0.6832478	14.866208	1
GABRB3	0.0055680107	0.0033216411	0.004946087644673063	0.009139903	0.009908776344762504	1.4331893	5.182761	1
AC022613.3	0.018753648	0.02247083	0.03254525670194876	0.012845682	0.013998112614029569	-0.8019885	6.4182525	1
MTMR10	0.02985055	0.03510092	0.050944702740132554	0.021510815	0.024536017615602392	-0.7038597	8.056471	1
LINC02352	0.039056223	0.03019648	0.04402018003759026	0.05314038	0.05772255426234665	0.8133707	12.337484	1
ARHGAP11A	0.01615693	0.020020481	0.029082995350677612	0.010008699	0.01116703365838314	-0.9930674	8.22193	1
SCG5	0.10365728	0.11738027	0.1383915322979523	0.08181549	0.07974205725070777	-0.52021027	12.665165	1
AVEN	0.12623936	0.14997795	0.2025917499258087	0.08848372	0.09735765964139667	-0.76059854	37.899445	1
C15orf41	0.10003564	0.115225375	0.15451577801958652	0.075862326	0.08210128971374646	-0.60235393	18.67029	1
LINC01852	0.0076678097	0.010931307	0.016421010980314572	0.0024797271	0.0023592324630386913	-2.0963132	13.816374	1
SPRED1	0.13349958	0.15229961	0.19457908794143833	0.10361139	0.11151305441962882	-0.555285	21.032124	1
FAM98B	0.12555411	0.14162447	0.1910179048372737	0.09998795	0.10805284680717207	-0.5018206	16.955141	1
RASGRP1	0.016173152	0.011171665	0.016025323968740728	0.024121592	0.02500786410821013	1.1035931	8.643437	1
PLCB2	0.18560588	0.22806606	0.28341082203976653	0.118187465	0.12252280591380937	-0.94778705	44.55244	1
AC020658.5	0.01830226	0.02291204	0.03303986546641607	0.010974121	0.012425290972003775	-1.0551968	10.375083	1
INAFM2	0.41063437	0.47051653	0.5019289741814225	0.31550333	0.29396036489462096	-0.57643956	44.55244	1
CCDC9B	0.06699428	0.07795968	0.1093085369472747	0.049539287	0.05363321799307959	-0.6530951	14.655458	1
KNL1	0.00958789	0.012095642	0.018201602532396874	0.0055955728	0.006134004403900598	-1.0984529	6.1246586	1
CHAC1	0.060056977	0.014827049	0.02077356810762687	0.13196735	0.1231519345706197	3.145273	44.55244	1
INO80	0.11691462	0.13331404	0.18152141655950144	0.090820745	0.09798678829820698	-0.55322915	18.942282	1
NUSAP1	0.02040655	0.02501539	0.0342269265011376	0.013086172	0.01384083044982699	-0.9295459	8.363869	1
NDUFAF1	0.1513612	0.17794652	0.23671975467405282	0.10913828	0.11654608367411136	-0.70477575	39.230408	1
ITPKA	0.012118696	0.008763736	0.012266297358789197	0.017448908	0.01903114186851211	0.98539436	5.7122903	1
TYRO3	0.054109603	0.06327175	0.08804036007518053	0.03952351	0.04325259515570934	-0.6774833	12.673937	1
MAPKBP1	0.12064189	0.14671643	0.19329310515382334	0.07916183	0.0857187794904058	-0.8893152	44.55244	1
EHD4	0.32084507	0.3731809	0.42981501632208924	0.23771918	0.23686693928908462	-0.6503965	44.55244	1
TMEM87A	0.36360458	0.41510925	0.4670095954100307	0.2817972	0.272255426234665	-0.55866945	44.55244	1
CAPN3	0.2424654	0.35464102	0.39113661094074587	0.064202	0.06920415224913495	-2.4638305	44.55244	1
ZNF106	0.48461315	0.54912853	0.5703828271836977	0.38209906	0.3582887700534759	-0.5230824	44.55244	1
SNAP23	0.12181509	0.13927774	0.18706103472153526	0.09403086	0.10034602076124567	-0.5662605	20.421837	1
CCNDBP1	0.23145737	0.27356103	0.34207142150558906	0.16460358	0.17175212330921674	-0.7325181	44.55244	1
MAP1A	0.65061074	0.75790316	0.7007616974972797	0.4800696	0.4254482541679773	-0.6586598	44.55244	1
SORD	0.13927904	0.16166893	0.2114947076862202	0.103697196	0.11135577225542624	-0.6401671	29.54769	1
FBN1	0.020967675	0.027604505	0.033138787219309525	0.010423078	0.01085246932997798	-1.3965638	15.692505	1
FGF7	0.16452233	0.20553002	0.2529429221485805	0.09941224	0.10301981755268952	-1.047105	44.55244	1
AP4E1	0.079112776	0.09191851	0.12681768720941736	0.05873141	0.06464296948726014	-0.6453375	16.933111	1
LYSMD2	0.025972096	0.03110831	0.04491047581363142	0.01781333	0.020289399182132746	-0.8008967	8.730947	1
TMOD2	0.04532442	0.054207925	0.07527945395192402	0.031180585	0.03381566530355458	-0.79589534	13.982329	1
LEO1	0.18665981	0.21728605	0.27727767336037196	0.1380557	0.14517143755898082	-0.65396434	41.898262	1
FAM214A	0.14209671	0.16228119	0.21307745573251557	0.11002939	0.11575967285309846	-0.56018496	23.101887	1
RSL24D1	0.66963077	0.5692888	0.606687110495598	0.8291921	0.6524064171122995	0.5424662	44.55244	1
RAB27A	0.09926084	0.116058454	0.15867049164111188	0.07253139	0.07879836426549229	-0.6774291	23.403889	1
ZNF280D	0.15413184	0.18021616	0.2326639628054209	0.11271773	0.11811890531613715	-0.6765349	35.971428	1
AC090517.2	0.0056624827	0.0073990324	0.01088139281828074	0.0029022195	0.003302925448254168	-1.3206749	5.2886157	1
MYZAP	0.08334455	0.10421384	0.1376990800276981	0.050143067	0.05206039635105379	-1.0539341	41.974953	1
CCNB2	0.027444964	0.031785343	0.04332772776733604	0.020551825	0.021233092167348224	-0.6266242	5.5384173	1
ANXA2	0.7252026	0.8230441	0.7204471263230784	0.5696852	0.47106008178672537	-0.53072685	44.55244	1
RORA	0.30098462	0.24255964	0.2929073103175388	0.3939411	0.36599559609940235	0.6994119	44.55244	1
AC009560.1	0.010666711	0.0073867734	0.010782471065387279	0.015878567	0.017615602390688895	1.093722	6.1560507	1
AC103740.2	0.007467636	0.011752472	0.01701454149767534	0.0006556918	0.0007864108210128972	-3.9712462	28.532122	1
RAB8B	0.063415565	0.0544017	0.07686220199821941	0.077725254	0.0817867253853413	0.5139372	8.486804	1
FBXL22	0.12170634	0.15839817	0.19833811455138986	0.06334591	0.06967599874174268	-1.3208671	44.55244	1
CSNK1G1	0.16773051	0.19329557	0.2495795825502028	0.12716047	0.13400440390059767	-0.6037703	31.811623	1
PCLAF	0.07293356	0.08803358	0.09793253536452666	0.04890406	0.04419628814092482	-0.8467905	19.610117	1
AC100830.1	0.10424425	0.12181021	0.1627262835097438	0.076292664	0.07989933941491036	-0.674313	23.436346	1
RASL12	0.025010452	0.032069422	0.04431694529627065	0.01379462	0.015570934256055362	-1.2111638	17.193653	1
IGDCC3	0.032497652	0.02712114	0.03739242259372836	0.041054677	0.04451085246932998	0.596329	5.7846603	1
DPP8	0.19557816	0.22104312	0.28182807399347115	0.15518002	0.16262975778546712	-0.5101082	27.574455	1
AC013564.1	0.030498529	0.03739726	0.052725294292214855	0.019537361	0.020289399182132746	-0.9331842	12.701796	1
AC110048.2	0.0066464455	0.009181151	0.012859827876149966	0.0026171599	0.003302925448254168	-1.7722043	9.8958435	1
AAGAB	0.10771704	0.124573454	0.17044218023543378	0.080893844	0.087134318968229	-0.6222701	21.605747	1
ITGA11	0.011152379	0.014955684	0.018102680779503413	0.005098097	0.00550487574709028	-1.5342528	10.329379	1
KIF23	0.012649845	0.015398296	0.022356316153922248	0.008272767	0.009436929852154765	-0.88833326	5.380018	1
TLE3	0.08327181	0.1005567	0.13463250568800078	0.055768684	0.05992450456118276	-0.84933156	29.000837	1
UACA	0.5893984	0.6811753	0.650014838262934	0.44352937	0.4023277760301982	-0.61888313	44.55244	1
LRRC49	0.17508622	0.19951291	0.23850034622613514	0.13633576	0.13793645800566215	-0.5489833	25.839006	1
THSD4	0.05267143	0.035400607	0.048867345929369865	0.080117665	0.08241585404215163	1.1760762	29.858385	1
REC114	0.035907336	0.044958882	0.06469482639232367	0.02150697	0.023120478137779177	-1.0603148	19.399912	1
LOXL1	0.16264394	0.20245594	0.25907607082797507	0.09943456	0.10553633217993079	-1.0250509	44.55244	1
STOML1	0.038902804	0.04571184	0.06607973093283213	0.02806507	0.030827304183705568	-0.7018135	10.118729	1
ISLR	0.004752455	0.0067895963	0.009595410030665743	0.0015143803	0.0017301038062283738	-2.0934389	8.949844	1
CCDC33	0.037324104	0.029017067	0.04075576219210605	0.050533324	0.0542623466498899	0.7982223	11.253972	1
CSK	0.25884372	0.3225041	0.3829261054505886	0.15771568	0.16341616860648003	-1.0315242	44.55244	1
CSPG4	0.032999698	0.04167469	0.05767138193688792	0.019208115	0.02186222082415854	-1.1134218	19.663584	1
ETFA	0.5979863	0.67883945	0.6732614501928974	0.4694839	0.4312676942434728	-0.53190005	44.55244	1
CTSH	0.01847591	0.011698736	0.017212385003462262	0.029251473	0.03129915067631331	1.3148006	13.410689	1
FAH	0.047163505	0.055386376	0.07874171530319517	0.03407003	0.0374331550802139	-0.6994021	11.89233	1
CPEB1	0.04994153	0.036173426	0.05045009397566525	0.071820274	0.07691097829506134	0.98748547	21.65661	1
FSD2	0.0150367385	0.008998689	0.013453358393510733	0.02463235	0.026108839257628184	1.4426687	12.644884	1
HOMER2	0.15146028	0.18881351	0.22880601444257592	0.09213326	0.0948411450141554	-1.0343668	44.55244	1
TM6SF1	0.039717503	0.046117224	0.06261746958156099	0.02953195	0.032557407989933944	-0.6412771	8.453129	1
SH3GL3	0.22156614	0.2785488	0.33119002868730835	0.13105759	0.13825102233406733	-1.0871465	44.55244	1
UBE2Q2L	0.008662624	0.010925983	0.01553071520427342	0.005059669	0.0053475935828877	-1.095557	5.4481506	1
GOLGA6L4	0.01147882	0.014201182	0.020575724601839946	0.0071430397	0.007864108210128971	-0.9814672	5.907399	1
NMB	0.28091773	0.23977056	0.2720348204570185	0.34641585	0.29474677571563385	0.53066516	35.173637	1
MFGE8	0.41496852	0.5121303	0.5315065782965674	0.26056764	0.25369613085876064	-0.97458124	44.55244	1
ABHD2	0.18873289	0.243818	0.30270056385399147	0.101239696	0.10883925762818496	-1.2671968	44.55244	1
CIB1	0.32256702	0.38429448	0.4493026016421011	0.2245082	0.2271154451085247	-0.77517706	44.55244	1
GDPGP1	0.024344692	0.028869746	0.04174497972104066	0.01715767	0.019502988361119848	-0.7473093	7.3176255	1
FURIN	0.10364194	0.120277844	0.1606489266989811	0.07716965	0.08383139351997483	-0.6395961	21.7202	1
SLCO3A1	0.34957716	0.44467694	0.48412305866059946	0.19846106	0.19754639823843975	-1.1634992	44.55244	1
NR2F2	0.082552105	0.10413793	0.1113858937580374	0.048211068	0.04608367411135577	-1.1094546	37.987713	1
TTC23	0.091244705	0.10344871	0.14343654169551884	0.071819186	0.07801195344447939	-0.52586097	13.3368025	1
LYSMD4	0.04306565	0.04864412	0.07043228806014443	0.034179606	0.03711859075180875	-0.50787777	6.119276	1
AC090825.1	0.016761245	0.020597123	0.029973291126718767	0.01065849	0.011953444479396037	-0.9439547	7.7829657	1
SELENOS	0.44220594	0.5077424	0.5558413295083589	0.33807856	0.3280905945265807	-0.58659583	44.55244	1
SNRNP25	0.54182225	0.6152667	0.6339895142941933	0.4251034	0.3938345391632589	-0.5332933	44.55244	1
RHBDF1	0.038182057	0.047251303	0.06786032248491443	0.023748312	0.025322428436615287	-0.989517	18.06992	1
HBQ1	0.006920998	0.0044836435	0.006825600949648828	0.010796502	0.012268008807801196	1.2492983	5.3228946	1
AXIN1	0.04388667	0.03754982	0.054703729350084086	0.053953532	0.05929537590437244	0.52174586	6.324093	1
DECR2	0.09712491	0.11036336	0.15233949945593037	0.07605432	0.08210128971374646	-0.5365701	14.836057	1
JMJD8	0.14928997	0.17536105	0.23394994559303592	0.10788487	0.11481597986788299	-0.7003216	37.822353	1
FBXL16	0.011792946	0.0069559654	0.009892175289346126	0.019480107	0.020918527838943064	1.4724733	10.5223675	1
LMF1	0.061157502	0.06913514	0.09625086556533782	0.04845302	0.05237496067945895	-0.5119433	8.478253	1
AC009041.2	0.026206968	0.020107858	0.028093777821743	0.03591236	0.0374331550802139	0.83357584	8.360143	1
CACNA1H	0.011125947	0.007405777	0.010782471065387279	0.017037699	0.018402013211701793	1.1911	7.111956	1
TMEM204	0.013967668	0.01810265	0.02571965575229993	0.007386076	0.007864108210128971	-1.2818669	10.704431	1
EME2	0.021453269	0.026499256	0.03709565733504798	0.013438003	0.014469959106637308	-0.9743709	10.201391	1
MSRB1	0.1385072	0.1613001	0.21396775150855674	0.102281705	0.11056936143441334	-0.65668344	31.001766	1
SNHG9	0.09210933	0.105655454	0.14452468097734691	0.07054971	0.07581000314564329	-0.58197653	16.169794	1
PGP	0.4613604	0.54032046	0.5767138193688792	0.33589143	0.3254167977351368	-0.685658	44.55244	1
AMDHD2	0.035762202	0.030598713	0.04362449302601642	0.043974865	0.0481283422459893	0.5217781	5.2077293	1
ERVK13-1	0.07663643	0.08715961	0.12028885151844891	0.059883364	0.0627555835168292	-0.54075164	11.552058	1
LINC00514	0.024715692	0.019031644	0.02641210802255416	0.03375957	0.03460207612456748	0.82360303	7.7565713	1
CLDN9	0.0064441874	0.0040237526	0.006034226926501137	0.010292852	0.01100975149418056	1.333562	5.245317	1
TNFRSF12A	0.3876941	0.494376	0.458502324661193	0.21816331	0.20195029883611199	-1.1798308	44.55244	1
SLX4	0.014300068	0.01801261	0.026609951528341082	0.008389919	0.009279647687952187	-1.0931717	8.847747	1
SRL	0.10293593	0.12497835	0.16836482342467107	0.067867205	0.0726643598615917	-0.8799213	39.039234	1
TFAP4	0.03811063	0.021975277	0.0324463349490553	0.063765734	0.06999056307014785	1.5326107	35.91942	1
GLIS2	0.06769941	0.058152907	0.08190721139578594	0.08285619	0.08917898710286254	0.5100197	9.082488	1
HMOX2	0.29484513	0.33773467	0.4077554654268474	0.22673607	0.22963195973576597	-0.5746673	44.55244	1
ROGDI	0.36220124	0.41097003	0.47086754377287565	0.28474125	0.2815350739226172	-0.52922606	44.55244	1
C16orf89	0.007141935	0.0093150735	0.0140468889108715	0.0036873652	0.003932054105064486	-1.3137778	6.227847	1
PMM2	0.061705034	0.07427694	0.10376891878524087	0.041696813	0.04718464926077383	-0.8314624	21.661089	1
GRIN2A	0.010792569	0.015406928	0.018894054802651102	0.0034486556	0.0031456432840515887	-2.1275685	16.26341	1
ATF7IP2	0.09993918	0.12849467	0.1757839548916807	0.054516334	0.06055363321799308	-1.2354264	44.55244	1
EMP2	0.353528	0.40341574	0.44039964388168956	0.2742917	0.26612142183076437	-0.55638814	44.55244	1
NPIPB2	0.04586222	0.03302524	0.04896626768226333	0.06626386	0.07046240956275558	1.0024669	20.588062	1
SNX29	0.047990445	0.054374862	0.07706004550400633	0.037820313	0.042938030827304186	-0.52261966	7.2444963	1
NOMO1	0.034854736	0.043408044	0.0623207043228806	0.021251513	0.025322428436615287	-1.0269439	18.481604	1
BMERB1	0.15754718	0.18223406	0.23098229300623208	0.1183528	0.12362378106322743	-0.62227184	30.575815	1
NDE1	0.034994576	0.03983306	0.057077851419527155	0.027301475	0.031141868512110725	-0.5433301	5.797222	1
MYH11	0.13046138	0.19622914	0.16747452764862994	0.025937686	0.023120478137779177	-2.9146013	44.55244	1
ABCC6	0.039521407	0.04742441	0.0671678702146602	0.026942959	0.029726329034287513	-0.8134157	13.16715	1
GDE1	0.36424342	0.42043692	0.4845187456721733	0.27497944	0.2776030198175527	-0.61238414	44.55244	1
GPRC5B	0.016588125	0.012298433	0.01632208922742111	0.023403754	0.023906888958792075	0.9227335	6.340462	1
ACSM5	0.061014954	0.07180446	0.0991195963992482	0.04384018	0.04844290657439446	-0.7105404	15.691852	1
AC008915.2	0.056150027	0.06931603	0.09793253536452666	0.03519735	0.03837684806542938	-0.97570896	25.82684	1
PRKCB	0.009917127	0.013641674	0.017212385003462262	0.003988226	0.004561182761874803	-1.749011	12.060299	1
IL4R	0.055144433	0.06771862	0.09367889999010783	0.035133053	0.039005976722239696	-0.94475186	23.72916	1
NUPR1	0.15281315	0.038363922	0.048570580670689485	0.33479124	0.2606165460836741	3.1221147	44.55244	1
SULT1A2	0.048232518	0.06749096	0.09664655257691167	0.01758999	0.01981755268952501	-1.933897	44.55244	1
SULT1A1	0.11289904	0.14052859	0.18330200811158373	0.06894752	0.0726643598615917	-1.0262284	44.55244	1
AC145285.2	0.009307718	0.011881276	0.016717776238994956	0.0052107936	0.005976722239698019	-1.1737822	6.560206	1
ATXN2L	0.14665774	0.12085269	0.1662874666139084	0.187702	0.1918842403271469	0.6347696	29.471563	1
RABEP2	0.07781371	0.091483355	0.12741121772677813	0.056059115	0.06181189053161371	-0.7055652	19.959692	1
BOLA2	0.1451382	0.16432229	0.21832030863586901	0.11466449	0.1223655237496068	-0.5187296	20.890257	1
PAGR1	0.45302606	0.52115107	0.5712731229597389	0.34478047	0.33076439131802454	-0.59588206	44.55244	1
MVP	0.050207432	0.057290863	0.0820061331486794	0.038926415	0.04152249134948097	-0.55637	8.156147	1
SEZ6L2	0.21689168	0.25265983	0.3072509644870907	0.1601122	0.16011324315822587	-0.65778303	44.55244	1
ASPHD1	0.020134058	0.025813965	0.036205361559006825	0.011111016	0.012110726643598616	-1.2088127	13.611356	1
TAOK2	0.09388171	0.106309675	0.14858047284597883	0.07410015	0.08021390374331551	-0.5201352	13.525305	1
DOC2A	0.019732019	0.012488427	0.018201602532396874	0.031246835	0.033972947467757156	1.3162218	14.416453	1
AC012645.1	0.0123937195	0.009097206	0.013453358393510733	0.017630653	0.020132117017930166	0.9469781	5.709284	1
BOLA2B	0.03287903	0.03922985	0.05529725986744485	0.022785416	0.026266121421830765	-0.7811963	10.546128	1
CD2BP2	0.25393155	0.28757504	0.36195469383717477	0.20052633	0.2087134318968229	-0.51992893	39.037357	1
ZNF771	0.10942735	0.124191284	0.16668315362548225	0.085931934	0.09295375904372444	-0.53078085	16.172241	1
CCDC189	0.033283502	0.045419812	0.06429913938074983	0.013984152	0.015570934256055362	-1.692422	40.834522	1
BCL7C	0.24099673	0.27880493	0.3482045701849837	0.18097222	0.18480654293803084	-0.62320805	44.55244	1
COX6A2	0.026400587	0.021253914	0.02799485606884954	0.034590475	0.03696130858760616	0.7000392	6.2440314	1
TGFB1I1	0.6343081	0.718312	0.6761301810268078	0.50079066	0.43881723812519663	-0.5203158	44.55244	1
ZNF267	0.080110855	0.095430605	0.13087347907804928	0.055732418	0.060239068889587924	-0.77485996	23.924753	1
SHCBP1	0.0075627216	0.0097743515	0.014442575922445345	0.0040468858	0.004718464926077383	-1.2516577	6.339605	1
MYLK3	0.5082528	0.68630564	0.6377485409041448	0.22524178	0.2211387228688267	-1.6069466	44.55244	1
GPT2	0.12381096	0.08310485	0.11573845088534969	0.18852207	0.18983957219251338	1.1807591	44.55244	1
NETO2	0.030235743	0.023951806	0.03561183104164606	0.04023683	0.045454545454545456	0.74595255	8.5754175	1
PHKB	0.44934565	0.50669813	0.5502027895934316	0.35822633	0.3408304498269896	-0.5001372	44.55244	1
AC007611.1	0.01336918	0.009251647	0.013849045405084578	0.019911112	0.022963195973576597	1.0975089	7.787456	1
IRX3	1.0841316	1.3478025	0.8568602235631615	0.6649404	0.48175526895250076	-1.0192022	44.55244	1
CRNDE	1.0460433	1.2084455	0.86853299040459	0.78785473	0.5997168921044354	-0.6170872	44.55244	1
IRX5	0.1919127	0.24747665	0.28904936195469383	0.103659034	0.10412079270210758	-1.2546383	44.55244	1
LPCAT2	0.18285719	0.2107142	0.2497774260559897	0.13865624	0.13825102233406733	-0.60341936	31.643581	1
AC007336.1	0.012362674	0.015437034	0.02245523790681571	0.007467391	0.008493236866939289	-1.0378432	7.155614	1
SLC6A2	0.2801889	0.3374811	0.3200118706103472	0.18918592	0.16687637621893678	-0.83466697	44.55244	1
CES1	0.0032644342	0.004541858	0.006429913938074983	0.0012342591	0.0012582573136206354	-1.7986635	5.164708	1
GNAO1	0.03935334	0.04585133	0.06113364328815907	0.029011035	0.03192827933312362	-0.6585406	8.651212	1
MT3	0.04761842	0.03464271	0.04065684043921258	0.068238996	0.06212645486001887	0.9759987	16.370132	1
MT1E	0.011180705	0.014838026	0.020476802848946485	0.005358588	0.00550487574709028	-1.4523898	10.692719	1
NUP93	0.16655268	0.19792563	0.25709763577010586	0.116751604	0.1255111670336584	-0.7610096	44.55244	1
HERPUD1	0.44315064	0.34467074	0.40696409140369966	0.59976476	0.46445423089021703	0.799	44.55244	1
DOK4	1.0441307	1.2465473	0.8386586210307647	0.72232485	0.546398238439761	-0.78713393	44.55244	1
KIFC3	0.04844823	0.057982035	0.08210505490157285	0.033270817	0.03664674425920101	-0.799505	15.776511	1
TEPP	0.014087221	0.009061919	0.01236521911168266	0.02207254	0.02422145328719723	1.2750524	10.002341	1
USB1	0.16603616	0.19795978	0.25996636660401623	0.11536247	0.12330921673482227	-0.7785119	44.55244	1
LINC00920	0.014525421	0.017533632	0.02641210802255416	0.0097352015	0.011481597986788298	-0.8423032	5.834359	1
CES4A	0.048951898	0.058446076	0.07963201107923633	0.03383768	0.03570305127398553	-0.7866845	14.610183	1
HSF4	0.008875175	0.0054228604	0.007913740231476903	0.014362916	0.01620006291286568	1.388871	7.709044	1
FHOD1	0.021124188	0.025443733	0.03759026609951528	0.014263937	0.015413652091852784	-0.8305181	7.607476	1
AC126773.4	0.013598996	0.017999109	0.026609951528341082	0.0065957755	0.007234979553318654	-1.4345956	13.246748	1
TANGO6	0.022615371	0.028312864	0.04075576219210605	0.013564328	0.015099087763447625	-1.0561298	12.44699	1
NQO1	0.32909337	0.4222521	0.44000395687011573	0.18106706	0.16970745517458322	-1.2211254	44.55244	1
NOB1	0.16292544	0.13197367	0.18142249480660796	0.21216437	0.21972318339100347	0.68451935	39.02377	1
WWP2	0.047510132	0.061513167	0.08675437728756553	0.025224915	0.027052532242843663	-1.2826812	35.411526	1
AARS	0.30886865	0.21635512	0.27589276881986347	0.45601806	0.40279962252280593	1.0753394	44.55244	1
ST3GAL2	0.13945399	0.15743563	0.21090117716885942	0.11087947	0.11638880150990878	-0.5053852	18.898884	1
MTSS2	0.041894376	0.035242684	0.050845780987239096	0.05246466	0.05803711859075181	0.5726816	7.194369	1
ADAT1	0.07884212	0.095176704	0.13037887031358195	0.052850075	0.05898081157596728	-0.8474908	28.246695	1
MON1B	0.08720404	0.10119007	0.1374023147690177	0.064945005	0.07124882038376848	-0.6389826	18.34545	1
SYCE1L	0.025369424	0.030450407	0.042338510238401426	0.01729845	0.018559295375904374	-0.8122328	8.44001	1
VAT1L	0.032414578	0.046258837	0.06034226926501138	0.010402285	0.01100975149418056	-2.1421413	44.55244	1
AC105411.1	0.002957742	0.0043179533	0.006330992185181522	0.00079588837	0.001100975149418056	-2.3019872	7.2401185	1
CENPN	0.026153326	0.034096003	0.04916411118805025	0.013532485	0.015099087763447625	-1.3267792	21.548252	1
AC092718.4	0.0035207362	0.0048154877	0.007419131467009596	0.001462985	0.0018873859704309531	-1.6530306	5.4435997	1
PLCG2	0.18858124	0.2300608	0.28034424770006927	0.122722566	0.12472475621264549	-0.90606654	44.55244	1
MPHOSPH6	0.07367809	0.08617622	0.1185082599663666	0.053785767	0.055992450456118274	-0.6790586	16.840101	1
COTL1	0.073516674	0.08481084	0.11316648531011969	0.055539005	0.06055363321799308	-0.609852	13.726405	1
GINS2	0.030503975	0.03778448	0.050944702740132554	0.018935794	0.019502988361119848	-0.9928923	13.402178	1
C16orf74	0.12987219	0.10103363	0.13522603620536155	0.17572226	0.1796162315193457	0.7978549	39.08572	1
AC092720.2	0.043690328	0.03456013	0.04896626768226333	0.058198653	0.06228373702422145	0.7501855	11.660441	1
JPH3	0.05604343	0.046306375	0.0658818874270452	0.07150657	0.07832651777288456	0.6257689	11.1002245	1
SLC7A5	0.036136437	0.013861938	0.021564942130774558	0.071552075	0.0748663101604278	2.3595092	44.55244	1
CYBA	0.39918262	0.45331636	0.4948066079730933	0.31318945	0.3044982698961938	-0.5333402	44.55244	1
MVD	0.11535637	0.14212672	0.18884162627361756	0.07277096	0.07864108210128971	-0.9647767	44.55244	1
CTU2	0.033437412	0.03872842	0.05668216440795331	0.02502771	0.02783894306385656	-0.62783396	7.232007	1
CBFA2T3	0.007843242	0.004098105	0.006034226926501137	0.013797678	0.015570934256055362	1.7270339	9.532013	1
AC009113.1	0.047871422	0.039888382	0.05668216440795331	0.060551565	0.06527209814407046	0.6009639	8.673518	1
SPATA33	0.051171012	0.058287617	0.08428133346522901	0.03983751	0.042938030827304186	-0.547918	8.207852	1
VPS9D1	0.05317883	0.061302368	0.08546839449995054	0.040243827	0.045139981126140295	-0.60594636	10.359877	1
DEF8	0.14180276	0.17244913	0.22752003165496093	0.0931069	0.09924504561182762	-0.8884985	44.55244	1
MYO1C	0.17993583	0.20965785	0.2723315857156989	0.13276967	0.14029569046870086	-0.65871286	41.181927	1
TLCD2	0.05438675	0.032100067	0.04540508457809873	0.0898098	0.09279647687952186	1.4814147	44.55244	1
MIR22HG	0.04924221	0.06719155	0.09249183895538629	0.020681353	0.022805913809374016	-1.6951358	44.55244	1
SGSM2	0.07789928	0.08857746	0.12335542585814621	0.060900006	0.06605850896508336	-0.53975797	11.980282	1
TAX1BP3	0.4246952	0.4860714	0.535067761400732	0.32718545	0.3166089965397924	-0.57091564	44.55244	1
ITGAE	0.35734335	0.426854	0.48382629340191907	0.24690783	0.2507077697389116	-0.7895238	44.55244	1
P2RX1	0.18316129	0.26736653	0.29904045899693343	0.049373537	0.050173010380622836	-2.4346292	44.55244	1
ENO3	1.4490169	1.6609174	0.941042635275497	1.112119	0.7329348851840202	-0.57862633	44.55244	1
KIF1C	0.25285405	0.28891066	0.3580967454743298	0.19561288	0.2011638880150991	-0.5623839	44.07532	1
NUP88	0.081024	0.09226401	0.12820259174992582	0.06313142	0.06951871657754011	-0.54668915	12.885618	1
TXNDC17	0.75365967	0.8624766	0.7730734988623998	0.58068585	0.506763133060711	-0.5706462	44.55244	1
ASGR1	0.05397995	0.04544473	0.06518943515679097	0.067532234	0.07172066687637622	0.5704268	8.860014	1
SLC2A4	0.07105922	0.054882955	0.07488376694035018	0.09676069	0.10160427807486631	0.8169268	21.6575	1
ACAP1	0.048353236	0.03777369	0.05371451182114947	0.06516285	0.06999056307014785	0.78506595	14.069267	1
PLSCR3	0.07130975	0.082317114	0.11455138985062815	0.053788103	0.0596099402327776	-0.61297715	13.974501	1
TMEM102	0.020359972	0.024818825	0.03561183104164606	0.013277414	0.016042780748663103	-0.8974367	8.808142	1
FGF11	0.32888427	0.2803993	0.33811455138985064	0.40603262	0.37967914438502676	0.53395385	44.55244	1
CHRNB1	0.1012575	0.12846376	0.1742012068453853	0.057979338	0.06228373702422145	-1.1463871	44.55244	1
TNFSF12	0.039133955	0.047998127	0.06697002670887328	0.02502412	0.02658068575023592	-0.93690765	16.451744	1
MPDU1	0.12712616	0.14615338	0.19932733208032447	0.09686619	0.10207612456747404	-0.59291625	23.418554	1
KDM6B	0.3571572	0.30588815	0.36917598179839745	0.43872726	0.4023277760301982	0.5201774	44.55244	1
TMEM88	0.0893374	0.124541566	0.1522405777030369	0.033344608	0.03601761560239069	-1.8979397	44.55244	1
BORCS6	0.092671916	0.10579334	0.14749233356415076	0.071787894	0.07895564642969487	-0.55879116	15.568591	1
TMEM220	0.035710048	0.045307327	0.06578296567415175	0.020441603	0.02154765649575338	-1.1443764	22.124945	1
LINC00670	0.0059133857	0.0077587618	0.01167276684142843	0.0029799964	0.0029883611198490093	-1.3513733	5.5026374	1
MYOCD	0.6450046	0.7932576	0.6854288257987932	0.40934697	0.3663101604278075	-0.9542948	44.55244	1
HS3ST3A1	0.08862061	0.113788545	0.14106241962607577	0.048584305	0.048757470902799624	-1.226094	44.55244	1
PMP22	0.29837313	0.36477643	0.40755762192106043	0.19288287	0.19204152249134948	-0.9189352	44.55244	1
TVP23C	0.037902746	0.044095006	0.0623207043228806	0.02804744	0.03035545769109783	-0.6508797	8.3357935	1
AC015922.3	0.03835186	0.04582048	0.06558512216836482	0.02646602	0.029411764705882353	-0.7895556	12.239139	1
TRPV2	0.0049891337	0.0068523083	0.009991097042239588	0.0020276485	0.0023592324630386913	-1.708232	7.0709195	1
CCDC144A	0.040529326	0.049324173	0.06449698288653676	0.026527254	0.028310789556464298	-0.89231324	14.939537	1
FLCN	0.068170086	0.055140425	0.07725788900979326	0.08886695	0.09436929852154766	0.68754506	15.49443	1
FAM106A	0.010322026	0.013779001	0.019883272331585714	0.0048184907	0.005190311418685121	-1.4966162	10.707445	1
AC007952.4	0.0076971957	0.010304554	0.015332871698486497	0.003551585	0.004089336269267065	-1.5106205	8.848905	1
MFAP4	0.085307114	0.03412777	0.04768028489464833	0.16667478	0.15382195659012268	2.2846618	44.55244	1
NATD1	0.04181003	0.035832617	0.05223068552774755	0.051310126	0.05725070776973891	0.51675856	6.037105	1
NLK	0.10476367	0.12101258	0.16490256207339993	0.07890551	0.08446052217678515	-0.61632365	20.483961	1
TNFAIP1	0.14057085	0.16107245	0.21386882975566326	0.107996084	0.11418685121107267	-0.57629085	24.388247	1
PIGS	0.30702895	0.34832147	0.4176476407161935	0.24146053	0.2423718150361749	-0.5284487	44.55244	1
NEK8	0.014183489	0.017194428	0.024037985953111088	0.009388909	0.01085246932997798	-0.8659932	5.682552	1
TRAF4	0.058866594	0.0680572	0.09565733504797705	0.044233967	0.04938659955960994	-0.6204536	11.910229	1
MYO18A	0.21501516	0.24552391	0.30438223365318035	0.16659668	0.17017930166719095	-0.5592256	35.36871	1
CORO6	0.12322825	0.15069675	0.20031654960925907	0.07953252	0.08508965083359547	-0.9211757	44.55244	1
SSH2	0.28905785	0.33465558	0.39934711643090315	0.2166459	0.21815036174897767	-0.6271033	44.55244	1
SLC6A4	0.036839947	0.041573297	0.05717677317242061	0.029311458	0.03224284366152878	-0.5027451	5.0433097	1
RNF135	0.01288489	0.015828026	0.023147690177069937	0.0081981635	0.009279647687952187	-0.9407036	6.172635	1
RAB11FIP4	0.0082128225	0.005014714	0.0072212879612226725	0.013297213	0.015728216420257943	1.3892075	7.4644666	1
MYO1D	0.04220371	0.031296615	0.04510831931941834	0.05953972	0.06448568732305757	0.9256644	16.474276	1
UNC45B	0.6131403	0.7532556	0.6994757147096646	0.3904204	0.36426549229317395	-0.9479332	44.55244	1
SLFN12	0.003767263	0.005325996	0.007715896725689979	0.0012897894	0.0015728216420257944	-1.9650216	7.097535	1
SLFN13	0.01192399	0.0155533105	0.021564942130774558	0.006146318	0.006448568732305757	-1.32539	9.77429	1
ACACA	0.07465824	0.08829503	0.12404787812840043	0.052955844	0.055992450456118274	-0.73645353	20.282541	1
DUSP14	0.21762651	0.25451595	0.32090216638638835	0.15906419	0.1651462724127084	-0.6778069	44.55244	1
AC244153.1	0.0050895596	0.007875282	0.011771688594321891	0.0006611597	0.0007864108210128972	-3.3892646	18.104881	1
SRCIN1	0.029300833	0.024384197	0.034622613512711446	0.03712762	0.04026423403586033	0.6045227	5.5829	1
EPOP	0.02349512	0.017577961	0.024631516470471855	0.032907203	0.03696130858760616	0.900829	9.165271	1
LINC00672	0.3016864	0.35920158	0.4025126125234939	0.21032737	0.20525322428436615	-0.7718729	44.55244	1
CACNB1	0.06812659	0.08343114	0.11277079829854585	0.043772884	0.047971060081786726	-0.9289845	28.486893	1
TCAP	0.9140977	1.0330018	0.7477495301216738	0.725085	0.5253224284366153	-0.51056135	44.55244	1
PGAP3	0.035453934	0.042291827	0.0592541299831833	0.024578223	0.026108839257628184	-0.7805477	10.862918	1
ERBB2	0.41522607	0.47843546	0.5289346127213375	0.31480545	0.30166719094054734	-0.6037071	44.55244	1
MIEN1	0.5585339	0.64544356	0.650014838262934	0.4204053	0.39289084617804343	-0.6183905	44.55244	1
NR1D1	0.03408985	0.027827216	0.03976654466317143	0.044051275	0.04687008493236867	0.6607834	7.3676763	1
CDC6	0.00945954	0.0133205345	0.018498367791077257	0.0033137226	0.0034602076124567475	-1.9750243	14.600494	1
RARA-AS1	0.008614803	0.012077361	0.018102680779503413	0.0031052215	0.0034602076124567475	-1.9257054	14.22769	1
KRT19	0.46425572	0.31913424	0.2968641804332773	0.695031	0.42702107581000315	1.1226696	44.55244	1
ACLY	0.16315416	0.1965738	0.25739440102878625	0.110099874	0.11937716262975778	-0.8356821	44.55244	1
HCRT	0.0034560163	0.0049012285	0.007419131467009596	0.0011590275	0.0012582573136206354	-1.9899727	6.538453	1
CAVIN1	0.57931757	0.7244104	0.6716787021466021	0.34869546	0.3203837684806543	-1.0546253	44.55244	1
CCR10	0.10576695	0.088901855	0.1185082599663666	0.13256836	0.1369927650204467	0.57591707	17.180643	1
BECN1	0.23238629	0.27594694	0.346127213374221	0.16321631	0.17096571248820383	-0.7572447	44.55244	1
PSME3	0.1663337	0.19476631	0.2546245919477693	0.12120337	0.13038691412393835	-0.683865	40.935863	1
PTGES3L	0.43497828	0.5472842	0.5789890196854288	0.25649917	0.2522805913809374	-1.0930374	44.55244	1
IFI35	0.06548092	0.076757215	0.10802255415965971	0.047532078	0.05064485687323057	-0.69024724	15.826942	1
NBR2	0.034564447	0.028593862	0.04204174497972104	0.04406384	0.04749921358917899	0.62212354	6.813253	1
ARL4D	0.17256244	0.20592715	0.24255613809476703	0.11960526	0.1231519345706197	-0.78334796	44.55244	1
ETV4	0.029549787	0.042858712	0.059649816994757146	0.008396925	0.009908776344762504	-2.337938	44.55244	1
G6PC3	0.25272772	0.2928817	0.3621525373429617	0.18897244	0.19392890846178043	-0.63187134	44.55244	1
GJC1	0.28091022	0.31810415	0.38173904441586703	0.22186004	0.22271154451085248	-0.51965266	41.668213	1
C1QL1	0.034211278	0.02667236	0.03689781382926106	0.046204377	0.04828562441019189	0.7904044	9.813541	1
MAPT	0.03890213	0.03192728	0.04372341477890988	0.04999011	0.05489147530670022	0.6452245	8.106345	1
KANSL1-AS1	0.060296267	0.048899103	0.06934414877831635	0.07839596	0.08162944322113873	0.6798631	13.278325	1
CDC27	0.2733436	0.3202737	0.39173014145810664	0.19881392	0.20666876376218937	-0.6876114	44.55244	1
MYL4	3.0402136	3.444371	0.9970323474131961	2.3976305	0.9592639194715319	-0.52261305	44.55244	1
ITGB3	0.02638328	0.031562988	0.04510831931941834	0.018155307	0.020132117017930166	-0.7944816	8.683975	1
SP6	0.0072227865	0.009422733	0.012563062617469582	0.0037256067	0.0042466184334696445	-1.3156871	5.7545075	1
SP2	0.053303104	0.060747836	0.08685329904045899	0.04144737	0.04592639194715319	-0.55044866	8.757483	1
PNPO	0.057574682	0.06633835	0.09377782174300128	0.043621473	0.04781377791758415	-0.6036743	10.992719	1
COPZ2	0.15507247	0.18305282	0.2408744682955782	0.11064286	0.11717521233092168	-0.7258343	42.065304	1
HOXB-AS3	0.007447307	0.009806203	0.014343654169551884	0.0036972833	0.0037747719408619063	-1.3833644	6.915973	1
HOXB4	0.20265852	0.23637754	0.2790582649124542	0.14913933	0.14564328405158855	-0.6640754	42.60305	1
AC103702.1	0.008141624	0.010571243	0.015036106439806114	0.004276843	0.004718464926077383	-1.2857658	6.7421083	1
HOXB5	0.073249735	0.09187112	0.12028885151844891	0.043623418	0.0443535703051274	-1.0727746	37.407536	1
HOXB7	0.015156169	0.020542925	0.02878623009199723	0.0065841335	0.007549543881723813	-1.6268349	17.507542	1
ATP5MC1	1.3697964	1.5638944	0.9423286180631121	1.0612017	0.7282164202579428	-0.55940044	44.55244	1
SNF8	0.546821	0.64785653	0.6546641606489267	0.38623926	0.36804026423403585	-0.7460288	44.55244	1
NGFR	0.06327171	0.07820844	0.09140369967355821	0.039503686	0.037905001572821645	-0.9835331	24.31124	1
SLC35B1	0.3345904	0.37763494	0.44762093184291224	0.26623437	0.2653350110097515	-0.5041357	44.55244	1
ITGA3	0.12509477	0.14436282	0.191512513601741	0.09444343	0.09987417426863794	-0.61164904	23.758411	1
COL1A1	0.18762441	0.21668716	0.22969631021861708	0.14150858	0.14123938345391632	-0.6143706	28.8078	1
TMEM92	0.014404219	0.010568474	0.015332871698486497	0.020496717	0.0221767851525637	0.94906056	6.2450614	1
NME1	0.41962364	0.48565146	0.5353645266594124	0.31471914	0.3057565272098144	-0.62569517	44.55244	1
MMD	0.23696369	0.29752007	0.35364526659412404	0.1407725	0.14391318024536018	-1.0790817	44.55244	1
TMEM100	0.0082002515	0.011142728	0.01562963695716688	0.003519093	0.0037747719408619063	-1.6352919	9.7562	1
NOG	0.12573072	0.15976457	0.19734889702245523	0.07160197	0.07549543881723812	-1.1567656	44.55244	1
MSI2	0.6356245	0.72739863	0.6860223563161539	0.48975655	0.43630072349795535	-0.5705852	44.55244	1
CUEDC1	0.09097149	0.10423202	0.1448214462360273	0.06986604	0.07596728530984587	-0.57645524	15.916558	1
SEPTIN4	0.026742393	0.036246333	0.04946087644673064	0.011639238	0.013054419628814092	-1.6304711	29.894642	1
SKA2	0.3037602	0.35917282	0.42714412899396575	0.21574128	0.21815036174897767	-0.7351089	44.55244	1
TBX2	0.33853784	0.40544245	0.4300128598278761	0.23224868	0.22129600503302926	-0.80356145	44.55244	1
C17orf82	0.011333477	0.015629826	0.02334553368285686	0.004495376	0.004718464926077383	-1.775248	15.679671	1
INTS2	0.07891041	0.09397772	0.12869720051439312	0.054933336	0.058508965083359545	-0.77354723	23.337864	1
AC080038.1	0.015259483	0.00994157	0.014838262934019191	0.023709752	0.025322428436615287	1.2455677	10.273076	1
AC005972.3	0.012356253	0.015572265	0.022949846671283015	0.007235721	0.008021390374331552	-1.0952029	7.6493917	1
TANC2	0.39848977	0.4549615	0.4985656345830448	0.30878136	0.29553318653664673	-0.55900884	44.55244	1
LIMD2	0.121806554	0.14151235	0.1838955386289445	0.09045493	0.09547027367096571	-0.645082	25.314627	1
PSMC5	0.6970118	0.79354274	0.7374616678207537	0.5435723	0.48427178357974204	-0.5457524	44.55244	1
ERN1	0.051647045	0.042058434	0.06083687802947868	0.06687659	0.07234979553318653	0.66783565	11.387178	1
SMURF2	0.23741731	0.27834922	0.333267385498071	0.1724268	0.1810317709971689	-0.6905936	44.55244	1
AXIN2	0.056193847	0.06733682	0.09189830843802552	0.038458087	0.04183705567788613	-0.80650306	17.879507	1
KPNA2	0.28374645	0.33320093	0.398456820654862	0.20520324	0.20792702107581001	-0.69906896	44.55244	1
ARSG	0.047558267	0.054239865	0.07785141952715402	0.03691576	0.04026423403586033	-0.55387133	7.8363533	1
WIPI1	0.13578871	0.1596089	0.21297853397962213	0.09792522	0.10427807486631016	-0.7042197	34.669292	1
ABCA8	0.048068795	0.058611847	0.08220397665446631	0.031286266	0.033658383139351995	-0.90351826	19.163298	1
SOX9	0.013150423	0.017958531	0.022059550895241864	0.0054984684	0.005819440075495438	-1.6895765	14.343057	1
LINC00511	0.0057501383	0.008342476	0.011870610347215352	0.0016293154	0.0018873859704309531	-2.287465	12.020229	1
SLC39A11	0.024326723	0.029680785	0.04184390147393412	0.015821721	0.017458320226486315	-0.9033855	9.97091	1
TMEM104	0.019303087	0.023377	0.0342269265011376	0.012828083	0.014784523435042466	-0.8607397	7.740833	1
FDXR	0.09662254	0.13073966	0.1654960925907607	0.042358775	0.04419628814092482	-1.6236652	44.55244	1
KCTD2	0.09873452	0.11705249	0.16025323968740726	0.069587976	0.07549543881723812	-0.7494059	28.208387	1
SLC16A5	0.05235439	0.069184415	0.09615194381244435	0.025574476	0.029254482541679772	-1.4321961	44.55244	1
ARMC7	0.056516476	0.06894292	0.09506380453061629	0.03673977	0.04057879836426549	-0.9062293	22.825878	1
JPT1	0.60786825	0.69250715	0.6740528242160451	0.47334415	0.4281220509594212	-0.5488431	44.55244	1
TMEM94	0.10326098	0.1168625	0.16163814422791573	0.081613354	0.0879207297892419	-0.5174023	14.657603	1
UNC13D	0.02892563	0.036112707	0.0495597981996241	0.017506028	0.019345706196917268	-1.0404266	15.130949	1
TRIM47	0.020701917	0.024808299	0.035710752794539516	0.01417958	0.01635734507706826	-0.8026729	7.200814	1
ACOX1	0.15930915	0.1799247	0.23840142447324167	0.12658603	0.13479081472161056	-0.5069374	22.058273	1
TEN1	0.064557545	0.07833654	0.11000098921752893	0.04263027	0.04718464926077383	-0.87626743	24.62384	1
AC015802.6	0.08232019	0.06794019	0.09338213473142744	0.1051667	0.10978295061340045	0.6295901	15.694994	1
SRSF2	0.607215	0.7100452	0.6835493124938173	0.4437706	0.40563070147845237	-0.67797506	44.55244	1
SEC14L1	0.23026434	0.26004428	0.32891482837075875	0.18300526	0.18748033972947467	-0.50663865	32.41534	1
TNRC6C-AS1	0.015337754	0.02025318	0.030072212879612228	0.0075150705	0.008493236866939289	-1.418325	14.980611	1
TMC6	0.08682267	0.11608849	0.1573845088534969	0.040272355	0.04388172381251966	-1.5250275	44.55244	1
SYNGR2	0.27709478	0.31589812	0.38114551389850626	0.21548507	0.22161056936143442	-0.5516587	44.55244	1
TK1	0.010043635	0.013412114	0.018300524285290335	0.004680693	0.0050330292544825414	-1.4989617	9.744389	1
BIRC5	0.028288018	0.040510215	0.04946087644673064	0.008862938	0.009751494180559924	-2.179799	44.55244	1
PGS1	0.096411	0.10910815	0.15184489069146306	0.07620086	0.08068575023592324	-0.5173093	13.580256	1
SGSH	0.03732625	0.043476213	0.06261746958156099	0.027539758	0.029254482541679772	-0.65679586	8.394863	1
SLC38A10	0.100177385	0.118402295	0.1622316747452765	0.07117802	0.07455174583202265	-0.73338586	26.798386	1
AC027601.6	0.03563613	0.029466555	0.041349292709466814	0.04544822	0.047971060081786726	0.62342864	6.9164076	1
BAHCC1	0.046726402	0.052943517	0.07468592343456326	0.036822416	0.04026423403586033	-0.5226795	6.900061	1
ACTG1	1.809139	1.5107695	0.8836680185972895	2.2835417	0.9416483170808431	0.59595716	44.55244	1
NPLOC4	0.15991212	0.18495111	0.24532594717578396	0.12016521	0.1261402956904687	-0.62170446	32.624855	1
ARHGDIA	0.34951678	0.39672506	0.46127213374220993	0.27453962	0.27162629757785467	-0.5309634	44.55244	1
PCYT2	0.0964376	0.11968194	0.1622316747452765	0.05945903	0.06558666247247562	-1.0080183	44.55244	1
FASN	0.11636548	0.14775003	0.19626075774062715	0.0664432	0.0718779490405788	-1.1517714	44.55244	1
CCDC57	0.06452518	0.07788849	0.10822039766544664	0.043258533	0.04687008493236867	-0.8469453	22.704824	1
OGFOD3	0.109516345	0.12508391	0.172420615293303	0.08474359	0.09027996225228059	-0.5611716	18.073616	1
COLEC12	0.065513425	0.083037846	0.0991195963992482	0.037631735	0.040106951871657755	-1.1397269	35.65072	1
EMILIN2	0.35488957	0.43417352	0.47393411811257297	0.2289166	0.2255426234664989	-0.9231518	44.55244	1
AP000919.2	0.041574083	0.026968786	0.035710752794539516	0.06479218	0.06605850896508336	1.2614145	25.877813	1
MYOM1	0.9969705	1.1302595	0.8420219606291424	0.78507084	0.5935828877005348	-0.52570325	44.55244	1
TGIF1	0.07874744	0.065334186	0.09071124740330398	0.100055195	0.10427807486631016	0.6141207	14.422877	1
TMEM200C	0.13576536	0.15357195	0.19487585320011871	0.10746337	0.11324315822585719	-0.51466703	18.20048	1
L3MBTL4	0.056220382	0.06339742	0.08645761202888515	0.04478989	0.04844290657439446	-0.5003074	7.4289737	1
L3MBTL4-AS1	0.0036583457	0.0051199994	0.007715896725689979	0.0013352808	0.0012582573136206354	-1.8627166	5.742428	1
AP001094.3	0.0047235056	0.006948058	0.01009001879513305	0.0011873444	0.0014155394778232148	-2.4528277	11.439146	1
RAB31	0.32127222	0.39692017	0.44742308833712535	0.2010809	0.20273670965712487	-0.9807189	44.55244	1
APCDD1	0.06383051	0.09401062	0.11484815510930854	0.01582291	0.01667190940547342	-2.5632536	44.55244	1
NAPG	0.21174766	0.24501501	0.3105153823325749	0.15894386	0.1657754010695187	-0.62403417	44.07532	1
PIEZO2	0.008100225	0.011339431	0.014442575922445345	0.002946242	0.0034602076124567475	-1.9089127	11.540944	1
TUBB6	0.37339196	0.4518683	0.4886734592936987	0.2487023	0.24709027996225227	-0.8612217	44.55244	1
LDLRAD4	0.046927404	0.055329073	0.07804926303294095	0.033549517	0.036489462094998426	-0.7200571	12.388916	1
ZNF519	0.02072387	0.016138444	0.023840142447324165	0.02801595	0.03035545769109783	0.79197544	6.4249177	1
MIR133A1HG	0.12289391	0.14782566	0.18775348699178948	0.08323088	0.0817867253853413	-0.82794917	38.677204	1
TMEM241	0.01333597	0.016316822	0.02413690770600455	0.008589227	0.009908776344762504	-0.9178752	6.090643	1
B4GALT6	0.040376376	0.045934808	0.06558512216836482	0.031526856	0.03570305127398553	-0.54157495	6.5586176	1
INO80C	0.17035872	0.19260687	0.25195370461964584	0.13506225	0.14391318024536018	-0.5117157	24.217611	1
SLC39A6	0.1524543	0.17370111	0.22920170145414978	0.11871817	0.12472475621264549	-0.54868186	24.145557	1
MOCOS	0.013499902	0.017041584	0.024928281729152242	0.007861678	0.008807801195344448	-1.1063561	8.613667	1
CELF4	0.02964493	0.022269398	0.030665743396972995	0.041380674	0.04388172381251966	0.890913	10.62769	1
SLC14A2	0.002128031	0.0031007163	0.004352557127312296	0.0005823223	0.0006291286568103177	-2.2298696	5.0298586	1
LOXHD1	0.008222035	0.01217138	0.017509150262142645	0.0019384454	0.0018873859704309531	-2.5897563	19.270784	1
ST8SIA5	0.009507215	0.0145225525	0.019883272331585714	0.0015262992	0.0015728216420257944	-3.1685305	27.503578	1
HDHD2	0.3520958	0.41239715	0.4802651102977545	0.25630042	0.2609311104120793	-0.6859855	44.55244	1
ZBTB7C	0.008993143	0.0114142755	0.01622316747452765	0.0051396014	0.005190311418685121	-1.1358948	5.665226	1
MAPK4	0.09556065	0.1252687	0.16341873577999802	0.04830584	0.05190311418685121	-1.3729242	44.55244	1
RAB27B	0.051292006	0.071216926	0.08655653378177862	0.019589746	0.01981755268952501	-1.8568001	44.55244	1
CCDC68	0.09093132	0.115980476	0.14452468097734691	0.051084105	0.053790500157282164	-1.1813576	44.55244	1
FECH	0.08867864	0.10034314	0.1386882975566327	0.07011102	0.07691097829506134	-0.51660955	12.604126	1
PMAIP1	0.019082563	0.009546136	0.013651201899297655	0.03424439	0.03523120478137779	1.8320515	22.061144	1
MC4R	0.024182899	0.010323197	0.01553071520427342	0.046220385	0.0481283422459893	2.1518495	36.18083	1
AC090409.1	0.022899484	0.03557047	0.05025225046987833	0.0027613335	0.0031456432840515887	-3.6399705	44.55244	1
SERPINB8	0.0071294713	0.0098196305	0.014937184686912653	0.0028530569	0.0031456432840515887	-1.7480772	10.243421	1
DSEL	0.029405437	0.01853795	0.027797012563062617	0.046689913	0.047656495753381566	1.3279544	20.130835	1
DOK6	0.13233784	0.15285984	0.1974478187753487	0.099710256	0.10490720352312048	-0.61589295	25.198687	1
CNDP2	0.11586888	0.14076981	0.19161143535463449	0.07625545	0.08367411135577225	-0.8835594	44.55244	1
ZNF407	0.056344245	0.06569168	0.09189830843802552	0.041463226	0.04529726329034287	-0.66259754	12.748636	1
ZADH2	0.28377753	0.33119708	0.3929172024928282	0.20846952	0.20761245674740483	-0.66759706	44.55244	1
TSHZ1	0.1327392	0.15574595	0.2035809674547433	0.09616283	0.10097514941805599	-0.69506985	32.089077	1
AC068473.5	0.027911356	0.021388324	0.029775447620931844	0.038291905	0.04120792702107581	0.8372493	9.19609	1
FSTL3	0.0715209	0.060610548	0.08467702047680285	0.08884753	0.09358288770053476	0.5510074	10.8335905	1
PRTN3	0.010797618	0.0057363445	0.00781481847858344	0.018842323	0.020603963510537907	1.6984763	12.044631	1
KISS1R	0.11081956	0.07139011	0.08517162924127016	0.173499	0.16467442592010065	1.279943	44.55244	1
ARHGAP45	0.054568026	0.041558344	0.055791868631912156	0.075237185	0.07848379993708714	0.85475665	17.821583	1
CBARP	0.041064635	0.032176115	0.045998615095459494	0.055193353	0.05898081157596728	0.77663916	11.739265	1
EFNA2	0.021257205	0.016742311	0.023939064200217627	0.028437149	0.030512739855300407	0.76075107	6.064012	1
REEP6	0.039505612	0.027314274	0.04026115342763874	0.05888916	0.06307014784523435	1.1055226	20.998903	1
MEX3D	0.036139127	0.030277532	0.04372341477890988	0.04546208	0.04954388172381252	0.58482903	6.379014	1
AC012615.1	0.03509352	0.028261418	0.04095360569789297	0.045960523	0.04938659955960994	0.6996013	8.368358	1
LMNB2	0.06545475	0.075197764	0.1062419626075774	0.04994375	0.05677886127713117	-0.58941716	12.255961	1
SLC39A3	0.16167033	0.18459961	0.24641408645761204	0.12527621	0.13416168606480025	-0.5589172	27.459658	1
TLE6	0.08946618	0.105319336	0.14264516767237115	0.064237885	0.06826045926391947	-0.71239907	22.635124	1
NCLN	0.053916786	0.06384966	0.09150262142645167	0.038104992	0.04136520918527839	-0.7431754	15.057615	1
CELF5	0.04665535	0.03705859	0.05203284202196063	0.061904676	0.06605850896508336	0.7386812	12.054343	1
GIPC3	0.0045311046	0.006626121	0.009694331783559204	0.0012009251	0.0014155394778232148	-2.3702369	10.585468	1
TBXA2R	0.005664746	0.007519094	0.011178158076961124	0.002717233	0.0028310789556464295	-1.4353404	5.8204374	1
NMRK2	0.03920113	0.044918038	0.055594025126125234	0.030100787	0.03224284366152878	-0.5759172	6.456832	1
DAPK3	0.25749168	0.29102993	0.3552280146404194	0.2042536	0.20525322428436615	-0.51059544	36.50746	1
TNFAIP8L1	0.040460434	0.046842065	0.06617865268572559	0.030299783	0.03318653664674426	-0.6268203	8.326979	1
MYDGF	0.42171848	0.4845698	0.5367494311999209	0.3218654	0.31283422459893045	-0.5900965	44.55244	1
FEM1A	0.07258848	0.08347419	0.11722227717875161	0.055259764	0.061025479710600815	-0.5942197	13.502087	1
PLIN3	0.3894455	0.45685494	0.511029775447621	0.28234708	0.28169235608681975	-0.6940713	44.55244	1
UHRF1	0.005401595	0.0071832608	0.010782471065387279	0.0025696314	0.003302925448254168	-1.4479439	6.0918474	1
PTPRS	0.054657057	0.06277283	0.08823820358096746	0.04173431	0.045769109782950616	-0.5877501	9.897705	1
TUBB4A	0.011845835	0.007352801	0.010980314571174201	0.018985465	0.01966027052532243	1.3566197	9.062944	1
PNPLA6	0.0350548	0.042004574	0.06063903452369176	0.024002828	0.026266121421830765	-0.8047747	11.644191	1
EVI5L	0.05002687	0.05648711	0.07903848056187555	0.0397368	0.04372444164831708	-0.50637174	6.970202	1
TGFBR3L	0.02998486	0.021187082	0.029280838856464538	0.043980114	0.04718464926077383	1.0501499	14.692988	1
CTXN1	0.07386798	0.083893985	0.11465031160352161	0.05790562	0.06212645486001887	-0.53409326	10.902885	1
MARCH2	0.24962793	0.28832334	0.3580967454743298	0.18819234	0.19628814092481914	-0.61521363	44.55244	1
HNRNPM	0.62129414	0.7027762	0.6861212780690474	0.49178723	0.441648317080843	-0.5149431	44.55244	1
COL5A3	0.0009907201	0.0016143426	0.0026708873281234544	-1.0768417e-09	0.0	-4.099599	5.8337007	1
DNMT1	0.30713928	0.36098328	0.4249678504303096	0.22161542	0.221767851525637	-0.70362246	44.55244	1
ICAM3	0.03216362	0.040126745	0.05895736472450292	0.019506091	0.021233092167348224	-1.0368531	16.82513	1
CDKN2D	0.12812269	0.14783522	0.19448016618854486	0.09677617	0.10176156023906889	-0.6107518	24.270359	1
ILF3-DT	0.22540312	0.17500801	0.226036205361559	0.30559984	0.29238754325259514	0.80387056	44.55244	1
C19orf38	0.0076411115	0.004239306	0.006330992185181522	0.013050089	0.014469959106637308	1.5995364	8.309058	1
LDLR	0.2075117	0.30236167	0.3463250568800079	0.056796465	0.061340044039005975	-2.4103413	44.55244	1
PLPPR2	0.07769159	0.09156157	0.12849935700860618	0.055617936	0.06008178672538534	-0.71817523	20.15511	1
EPOR	0.16701536	0.14279026	0.1898308438025522	0.20557356	0.20698332809059453	0.5254488	23.546497	1
ZNF439	0.025269968	0.031073777	0.04283311900286873	0.01604978	0.017930166719094056	-0.94881845	11.251513	1
ZNF69	0.044020418	0.05662334	0.0807201503610644	0.023961188	0.025951557093425604	-1.2372347	31.578547	1
ZNF433	0.043495048	0.049771	0.07142150558907903	0.03349755	0.037590437244416484	-0.5698451	7.7304354	1
MAST1	0.023597816	0.019195661	0.027895934315956078	0.030599969	0.034287511796162316	0.66996074	5.6087537	1
CALR	1.532269	1.7875463	0.9527154021169255	1.1263951	0.7329348851840202	-0.6662202	44.55244	1
AC092069.1	0.032568138	0.03910422	0.0544069640914037	0.022176879	0.022805913809374016	-0.81546193	10.373359	1
LYL1	0.0071163904	0.0096617555	0.013849045405084578	0.003070026	0.003932054105064486	-1.622646	9.312205	1
NACC1	0.096429944	0.11426207	0.15778019586507072	0.068055764	0.0734507706826046	-0.746701	27.377775	1
NANOS3	0.015284474	0.01885092	0.026807795034128005	0.009606686	0.01116703365838314	-0.9652172	7.565129	1
C19orf67	0.0073948833	0.0047344523	0.006034226926501137	0.011625097	0.011638880150990877	1.2781755	5.196636	1
ADGRE5	0.03115129	0.022944693	0.0329409437135226	0.044208713	0.04608367411135577	0.943156	12.407706	1
DDX39A	0.11162666	0.12666582	0.17400336333959837	0.08769502	0.09531299150676313	-0.52995473	16.758265	1
SYDE1	0.08838975	0.10417851	0.1448214462360273	0.06326461	0.06778861277131173	-0.71869266	23.20794	1
TPM4	0.90120363	1.0355822	0.8126422000197844	0.6875787	0.5583516829191569	-0.5907748	44.55244	1
KLF2	0.0923189	0.108108625	0.14175487189633001	0.06719188	0.06904687008493236	-0.68531126	20.75243	1
F2RL3	0.010700211	0.015540371	0.021169255119200713	0.0029976787	0.0034602076124567475	-2.3360152	20.873444	1
DDA1	0.3391888	0.39668745	0.463646255811653	0.24785018	0.2491349480968858	-0.678316	44.55244	1
KCNN1	0.061644644	0.050920475	0.06914630527252943	0.078673504	0.08430324001258258	0.6266341	11.843571	1
IFI30	0.020889632	0.011195286	0.016717776238994956	0.03630421	0.03884869455803712	1.6883845	22.674568	1
MPV17L2	0.094780535	0.115709946	0.1598575526758334	0.06148246	0.06653035545769109	-0.9111678	38.97563	1
PDE4C	0.015555067	0.009473591	0.013453358393510733	0.02521994	0.026423403586033345	1.4031419	12.240009	1
GDF15	0.01438786	0.009661139	0.012958749629043427	0.021898013	0.020603963510537907	1.1722518	7.266532	1
CERS1	0.03160642	0.02617046	0.03798595311108913	0.040258907	0.04372444164831708	0.6194457	6.2029467	1
COPE	0.9250592	1.0439945	0.8500346226135127	0.73598856	0.5984586347908147	-0.5043011	44.55244	1
SUGP2	0.33642188	0.40100068	0.46057968147195566	0.23382944	0.23718150361748977	-0.777891	44.55244	1
ARMC6	0.046712965	0.055061433	0.07864279355030171	0.03341992	0.03633217993079585	-0.7186413	12.474748	1
MEF2B	0.016224414	0.0116195185	0.0171134632505688	0.023540754	0.025951557093425604	1.0123628	7.8962836	1
BORCS8	0.1838348	0.21372096	0.2786625779008804	0.13640764	0.14501415539477824	-0.6474216	41.214584	1
NR2C2AP	0.0352057	0.02765377	0.04075576219210605	0.047216438	0.05080213903743316	0.7696578	10.091051	1
ZNF14	0.032570835	0.027636059	0.04075576219210605	0.040425956	0.04403900597672224	0.5470835	5.2160563	1
ZNF90	0.024495497	0.019321099	0.029181917103571077	0.03272869	0.03586033343818811	0.75733244	6.9899087	1
AC092279.1	0.054467347	0.06354616	0.08853496883964784	0.040014196	0.042938030827304186	-0.66596055	12.263578	1
LINC00662	0.13758896	0.11265322	0.1504599861509546	0.17724274	0.17615602390688895	0.6533717	27.588238	1
DPY19L3	0.05780537	0.06568954	0.0929864477198536	0.045250587	0.04954388172381252	-0.5367371	8.983852	1
CEBPA	0.008162783	0.0037863832	0.005539618162033831	0.015120906	0.01667190940547342	1.9695541	11.675286	1
CEBPA-DT	0.0036273787	0.0014777009	0.0022752003165496092	0.007045583	0.007392261717521233	2.179228	6.4221597	1
CEBPG	0.19820909	0.13307126	0.17964190325452567	0.30182582	0.2864108210128971	1.1809114	44.55244	1
ETV2	0.016883958	0.021511154	0.029775447620931844	0.009525247	0.010223340673167663	-1.1668807	10.9334955	1
UPK1A	0.051260076	0.036841176	0.048867345929369865	0.074171685	0.07581000314564329	1.0075825	21.915947	1
UPK1A-AS1	0.055372283	0.041919	0.05460480759719062	0.07674508	0.07754010695187166	0.870911	17.839745	1
APLP1	0.16287695	0.19037119	0.24671085171629242	0.11923258	0.12708398867568418	-0.67458475	38.54119	1
TBCB	0.51281154	0.59740186	0.6207339994064694	0.37837958	0.3592324630386914	-0.6587278	44.55244	1
ZNF793-AS1	0.06419682	0.07530267	0.1062419626075774	0.04651889	0.05080213903743316	-0.693701	15.889375	1
DPF1	0.0151817985	0.019779919	0.029379760609358	0.007863589	0.008807801195344448	-1.3198214	12.923632	1
SPINT2	0.6405881	0.73903054	0.6775150855673162	0.4841191	0.43205410506448566	-0.61016923	44.55244	1
PPP1R14A	0.20877631	0.24194887	0.2856860223563161	0.15612452	0.15602390688895879	-0.6316775	40.694866	1
YIF1B	0.09443114	0.1130817	0.1558017608072015	0.06475614	0.07140610254797106	-0.8033257	31.030611	1
KCNK6	0.027327953	0.033163056	0.046196458601246417	0.018057948	0.01981755268952501	-0.8733196	10.4643	1
SPRED3	0.018005429	0.02154573	0.030764665149866456	0.012376574	0.01384083044982699	-0.79486066	6.1818666	1
NCCRP1	0.027996164	0.0231913	0.03254525670194876	0.03564392	0.03916325888644228	0.6179068	5.556273	1
PLEKHG2	0.07595689	0.08791562	0.12167375605895736	0.05692208	0.0603963510537905	-0.6262388	15.188456	1
PSMC4	0.4735097	0.5468738	0.5880898209516273	0.35693014	0.34193142497640766	-0.61542594	44.55244	1
C19orf47	0.07386125	0.09422035	0.1302799485606885	0.041472223	0.04639823843976093	-1.1819491	44.55244	1
SERTAD1	0.1746733	0.21581766	0.27628845583143735	0.10934704	0.11371500471846492	-0.9802483	44.55244	1
SHKBP1	0.11692408	0.13464013	0.1841923038876249	0.08873657	0.09735765964139667	-0.60095394	22.274195	1
RAB4B	0.09025446	0.116434	0.1580769611237511	0.04860974	0.0542623466498899	-1.2584687	44.55244	1
B3GNT8	0.00927298	0.01149357	0.01691561974478188	0.0057381783	0.006448568732305757	-0.98973465	5.084017	1
ATP1A3	0.026732722	0.010545223	0.01553071520427342	0.05247381	0.05835168291915697	2.3041382	44.55244	1
CNFN	0.019716704	0.02404843	0.03353447423088337	0.012834836	0.013526266121421831	-0.9006678	8.008977	1
ETHE1	0.17755815	0.20036703	0.26174695815609855	0.14138098	0.14800251651462723	-0.5027569	24.164396	1
PINLYP	0.044118028	0.05177526	0.07221287961222674	0.031923633	0.03538848694558037	-0.6959097	11.091474	1
IRGQ	0.13782623	0.15951435	0.21466020377881095	0.10335756	0.11135577225542624	-0.62555134	28.451618	1
PLAUR	0.022764979	0.027678238	0.039271935898704126	0.014960699	0.01667190940547342	-0.8831664	9.09673	1
AC243964.3	0.1440456	0.1638465	0.2089227421109902	0.11259332	0.11591695501730104	-0.5408229	21.248077	1
PVR	0.047466688	0.057823084	0.0815115243842121	0.03098086	0.03523120478137779	-0.898112	19.268896	1
NECTIN2	0.38906488	0.45729148	0.5165693936096548	0.2806697	0.2774457376533501	-0.7040424	44.55244	1
RTN2	0.23027739	0.27452067	0.3380156296369572	0.16002183	0.16388801509908776	-0.7782701	44.55244	1
VASP	0.26842377	0.31777096	0.3846077752497774	0.19005226	0.19644542308902171	-0.74128604	44.55244	1
OPA3	0.18793043	0.21468757	0.2743100207735681	0.1454786	0.15162000629128658	-0.5611121	31.426758	1
EML2	0.166538	0.1983859	0.2565041052527451	0.115982585	0.12441019188424032	-0.77388495	44.55244	1
AC074212.1	0.069160216	0.05800031	0.07973093283212979	0.086883225	0.0932683233721296	0.5821913	11.700406	1
DMPK	0.22829151	0.28221044	0.34939163121970523	0.1426528	0.1475306700220195	-0.98376334	44.55244	1
SLC1A5	0.09419935	0.06850238	0.09506380453061629	0.13504253	0.137621893677257	0.9781512	39.261475	1
BBC3	0.13993198	0.09781232	0.13186269660698388	0.20691036	0.20430953129915067	1.0801407	44.55244	1
PLA2G4C	0.123481035	0.14442426	0.18923731328519142	0.09016238	0.09374016986473734	-0.67911494	28.08242	1
CYTH2	0.20734093	0.23479883	0.29765555445642494	0.16377412	0.17033658383139352	-0.5194515	30.223326	1
SPHK2	0.032905374	0.039324418	0.056583242655059846	0.022701748	0.02516514627241271	-0.7899451	10.672064	1
DBP	0.21130997	0.16470914	0.2114947076862202	0.28546768	0.27854671280276816	0.79303646	44.55244	1
HSD17B14	0.17158453	0.14783108	0.19537046196458602	0.20939101	0.21075810003145642	0.50196314	22.235086	1
PLEKHA4	0.11822443	0.13716191	0.1826095558413295	0.088094436	0.09389745202893991	-0.63817185	24.555635	1
PPFIA3	0.09940326	0.11507378	0.15560391730141457	0.074465595	0.07816923560868197	-0.6272303	19.728912	1
TEAD2	0.1398565	0.16154756	0.21525373429617173	0.10538975	0.1100975149418056	-0.6157489	27.410284	1
DKKL1	0.021805722	0.017456977	0.025027203482045703	0.028720597	0.031456432840515886	0.7150558	5.7394753	1
PTH2	0.009810614	0.012968264	0.018300524285290335	0.0047830245	0.0050330292544825414	-1.4202206	9.343927	1
ALDH16A1	0.044483904	0.053680543	0.07646651498664557	0.02984137	0.033658383139351995	-0.8449442	16.188507	1
FCGRT	0.19351213	0.22065768	0.27094668117519044	0.15044285	0.15397923875432526	-0.5522894	30.014849	1
PNKP	0.1544392	0.18186	0.24067662478979127	0.11089429	0.1200062912865681	-0.7131359	41.333645	1
ATF5	0.3235066	0.11209215	0.1386882975566327	0.6596646	0.3782636049072035	2.5559797	44.55244	1
LRRC4B	0.049532253	0.04111567	0.058561677712929076	0.06290077	0.06715948411450141	0.61217636	9.23108	1
C19orf48	0.14015642	0.117520355	0.1585715698882184	0.17615516	0.17945894935514312	0.5835278	23.820873	1
ZNF331	0.0960836	0.07940594	0.1105945197348897	0.12258453	0.12787039949669707	0.6258187	18.324091	1
LENG1	0.112491444	0.12759371	0.174992580868533	0.08845935	0.09358288770053476	-0.52797085	16.549036	1
UBE2S	0.32628217	0.3789617	0.44247700069245227	0.24260794	0.24142812205095943	-0.6432114	44.55244	1
ISOC2	0.49405712	0.56770015	0.5894747254921358	0.37703067	0.35372758729160114	-0.59031874	44.55244	1
ZNF581	0.17474031	0.13308199	0.18171926006528835	0.24101017	0.24457376533501102	0.85629356	44.55244	1
ZSCAN5A	0.03316033	0.038549494	0.055594025126125234	0.024594164	0.02783894306385656	-0.64627945	7.523923	1
ZNF749	0.10751846	0.12417993	0.16688099713126917	0.0810055	0.08760616546083674	-0.61572164	21.039652	1
ZNF154	0.12360471	0.14064841	0.18834701750915026	0.09648761	0.10160427807486631	-0.54320854	18.878254	1
A1BG-AS1	0.04998614	0.061292846	0.08853496883964784	0.031989127	0.03538848694558037	-0.93598586	22.018663	1
ZBTB45	0.050767314	0.05771695	0.08269858541893363	0.03969886	0.0435671594841145	-0.5387654	8.020729	1
TRIB3	0.12124131	0.033506837	0.046196458601246417	0.26073268	0.21877949040578798	2.9562979	44.55244	1
TCF15	0.02088863	0.013086471	0.01879513304975764	0.033295833	0.03538848694558037	1.3406097	15.368207	1
RSPO4	0.010893985	0.0156015195	0.022257394401028786	0.0034022408	0.003932054105064486	-2.1645539	20.540247	1
TMEM74B	0.07512242	0.05202881	0.07102581857750519	0.11182311	0.11874803397294746	1.1023551	39.840687	1
SNPH	0.021954382	0.026815478	0.038480561875556436	0.014233058	0.015885498584460523	-0.9090895	9.304618	1
SDCBP2	0.02635617	0.020580718	0.029676525868038383	0.035545148	0.038691412393834536	0.7854195	7.9558825	1
SIRPA	0.22140713	0.2570198	0.32060540112770797	0.16487324	0.17128027681660898	-0.6402085	44.55244	1
ITPA	0.2805894	0.3236708	0.3956870115738451	0.21217708	0.21689210443535703	-0.6090242	44.55244	1
C20orf194	0.16654468	0.19767065	0.25937283608665546	0.117139824	0.12598301352626612	-0.7543656	44.55244	1
AP5S1	0.0521513	0.0630848	0.08873281234543476	0.034748264	0.03853413022963196	-0.85849077	19.244947	1
SMOX	0.021314317	0.014931362	0.022158472648135325	0.03146524	0.034287511796162316	1.0703611	11.006206	1
SHLD1	0.04880431	0.057016607	0.08210505490157285	0.035727914	0.040421516200062915	-0.6728262	11.800422	1
TRMT6	0.14104496	0.16077389	0.2092195073696706	0.109700635	0.11387228688266751	-0.5510437	22.034779	1
LRRN4	0.002224545	0.0034344376	0.004847165891779602	0.00030166394	0.0004718464926077383	-3.1374197	7.829736	1
FERMT1	0.10678118	0.15092184	0.19299633989514295	0.036580104	0.039792387543252594	-2.0416875	44.55244	1
JAG1	0.1807982	0.22580895	0.2513601741022851	0.10932459	0.10522176785152564	-1.0458044	44.55244	1
AL050403.2	0.0042009247	0.005638814	0.008210505490157286	0.0019156098	0.002201950298836112	-1.5095363	5.1526847	1
BTBD3	0.07280396	0.083386	0.11771688594321891	0.055958364	0.06008178672538534	-0.5746045	12.560016	1
SPTLC3	0.015056175	0.00963819	0.0140468889108715	0.023665406	0.025479710600817867	1.2871374	10.613065	1
TASP1	0.054753434	0.062031947	0.08833712533386091	0.04316226	0.045769109782950616	-0.52222615	7.892143	1
KIF16B	0.07736877	0.087867975	0.1215748343060639	0.06065453	0.06605850896508336	-0.5339864	11.600137	1
RRBP1	0.44568807	0.5174578	0.5462459194776932	0.33165333	0.31330607109153824	-0.6416092	44.55244	1
MGME1	0.16205318	0.18290845	0.2413690770600455	0.12895186	0.13667820069204153	-0.5039593	22.128616	1
RBBP9	0.066115536	0.078455985	0.10851716292412701	0.04647505	0.050959421201635734	-0.75416386	18.978298	1
LINC00653	0.017198378	0.013156328	0.01790483727371649	0.023621775	0.02500786410821013	0.83953077	5.7948956	1
RIN2	0.24023513	0.27565125	0.3379167078840637	0.18401358	0.18826675055048758	-0.5827713	43.438496	1
ENTPD6	0.047926173	0.055642538	0.07923632406766248	0.03563819	0.038691412393834536	-0.64131206	10.322372	1
PYGB	0.24333669	0.29691976	0.3581956672272233	0.15823102	0.16546083674111356	-0.90761495	44.55244	1
COX4I2	0.015831983	0.009343044	0.013552280146404194	0.026145129	0.028153507392261717	1.4747257	13.724951	1
BCL2L1	0.091177806	0.10426421	0.1463052725294292	0.07034932	0.07612456747404844	-0.56696934	15.420051	1
TPX2	0.03741474	0.047545627	0.06528835690968444	0.021295061	0.023277760301981754	-1.155066	22.747435	1
DUSP15	0.039968047	0.033699166	0.04817489365911564	0.04993116	0.05394778232148474	0.56583923	6.64517	1
E2F1	0.020382924	0.026752127	0.03798595311108913	0.0102639925	0.011796162315193457	-1.3734566	17.762453	1
PXMP4	0.053630304	0.06463714	0.09081016915619745	0.03611083	0.03932054105064486	-0.8381723	18.68505	1
MAP1LC3A	0.35940713	0.46269703	0.4948066079730933	0.19526787	0.18921044353570304	-1.2441863	44.55244	1
TP53INP2	0.11925901	0.1477506	0.20071223662083293	0.07393634	0.07942749292230261	-0.99783444	44.55244	1
ACSS2	0.13886897	0.1620521	0.21624295182510633	0.10202782	0.10868197546398238	-0.66697174	31.885908	1
GSS	0.19277269	0.21942867	0.2814323869818973	0.15048136	0.15602390688895879	-0.54386616	30.522171	1
SPAG4	0.012304807	0.008964778	0.01167276684142843	0.017610693	0.017930166719094056	0.9662771	5.2376356	1
DLGAP4-AS1	0.017896492	0.013347195	0.019388663567118408	0.025127022	0.02768166089965398	0.90766454	7.2082725	1
VSTM2L	0.36811548	0.45360115	0.4914432683747156	0.232282	0.2269581629443221	-0.965244	44.55244	1
TGM2	0.7845471	0.99608195	0.7519042437431991	0.44826555	0.3639509279647688	-1.1517339	44.55244	1
ZHX3	0.056010365	0.06402883	0.08991987338015629	0.04324221	0.04749921358917899	-0.5652004	9.43383	1
SRSF6	0.27666262	0.3201222	0.3902463151647047	0.20764978	0.21264548600188737	-0.62422633	44.55244	1
MYBL2	0.010115574	0.013496965	0.019883272331585714	0.004732157	0.004875747090279962	-1.4925454	10.339797	1
FITM2	0.124154486	0.15349914	0.20338312394895638	0.077476285	0.08461780434098773	-0.98548245	44.55244	1
ADA	0.05255867	0.041401923	0.06162825205262637	0.070281945	0.07596728530984587	0.76202714	14.627105	1
TNNC2	0.018409235	0.022744551	0.0329409437135226	0.01151855	0.012425290972003775	-0.9754201	8.849446	1
SNX21	0.15686926	0.181557	0.24028093777821743	0.11767106	0.12393834539163259	-0.6252319	32.083794	1
ACOT8	0.119531035	0.13493752	0.1838955386289445	0.095016696	0.10191884240327147	-0.50558984	16.295681	1
NEURL2	0.1264152	0.14489089	0.19171035710752796	0.09702744	0.10333438188109469	-0.57801133	21.811333	1
SLC12A5	0.12699522	0.14372098	0.19546938371747946	0.100389585	0.10695187165775401	-0.51722825	18.03676	1
NCOA5	0.04781367	0.055345617	0.07903848056187555	0.0358193	0.03837684806542938	-0.6263141	9.782328	1
ELMO2	0.064930975	0.076502815	0.10673657137204472	0.04651255	0.050959421201635734	-0.71667886	16.966558	1
NCOA3	0.105770044	0.11926521	0.1630230487684242	0.084291555	0.09059452658068574	-0.5002119	13.98597	1
ZFAS1	1.0779235	0.863767	0.7599169057275695	1.4184357	0.8537275872916011	0.7155212	44.55244	1
B4GALT5	0.16525266	0.20235024	0.26422000197843504	0.10635945	0.11056936143441334	-0.9272634	44.55244	1
CEBPB-AS1	0.023272956	0.018609356	0.02571965575229993	0.030691931	0.0328719723183391	0.71879244	5.948673	1
CEBPB	0.26966426	0.1507007	0.19675536650509448	0.4588554	0.39226171752123307	1.6057107	44.55244	1
KCNG1	0.031645857	0.042273205	0.05371451182114947	0.0147534665	0.015728216420257943	-1.5123526	28.643787	1
NFATC2	0.14665875	0.18550785	0.24018201602532396	0.0849449	0.08854985844605222	-1.1259611	44.55244	1
ATP9A	0.070943646	0.08112993	0.11306756355722623	0.054727335	0.0596099402327776	-0.5671161	11.873513	1
SALL4	0.01933702	0.024775524	0.03531506578296567	0.010695972	0.011953444479396037	-1.2042338	13.618065	1
TSHZ2	0.51785445	0.59952694	0.5537639726975963	0.3880636	0.34208870714061024	-0.62740046	44.55244	1
ZNF217	0.20963271	0.24162532	0.30279948560688497	0.15885653	0.16137150047184648	-0.6047364	40.0331	1
DOK5	0.02316389	0.028475624	0.040063309921851815	0.014726034	0.01635734507706826	-0.9466523	10.37479	1
BMP7	0.12919286	0.15353912	0.1890394697794045	0.09047646	0.09452658068575023	-0.7623375	35.538673	1
PMEPA1	0.160366	0.13772105	0.1780591552082303	0.19640131	0.19675998741742687	0.5117428	21.005133	1
NKILA	0.020247344	0.0155818835	0.02265308141260263	0.02766405	0.030827304183705568	0.8241192	6.903808	1
NPEPL1	0.11807069	0.13556845	0.18359877337026412	0.09023093	0.0962566844919786	-0.5867934	21.173138	1
CTSZ	0.7474656	0.9141643	0.7427045207241072	0.48247167	0.4287511796162315	-0.9218681	44.55244	1
PHACTR3	0.24270308	0.30911484	0.3394994559303591	0.13720371	0.13479081472161056	-1.1712389	44.55244	1
FAM217B	0.34264973	0.39055398	0.45098427144128994	0.26656625	0.2640767536961309	-0.5508562	44.55244	1
ADRM1	0.4300877	0.49532014	0.5455534672074389	0.32644778	0.3186536646744259	-0.6013585	44.55244	1
GATA5	0.15686357	0.17754301	0.23098229300623208	0.12403686	0.12802768166089964	-0.5170493	21.878155	1
MIR1-1HG-AS1	0.03985306	0.045389965	0.06340884360470868	0.031036908	0.032557407989933944	-0.5469227	6.182373	1
TCFL5	0.048173547	0.04101054	0.05905628647739638	0.05954812	0.06448568732305757	0.53696835	7.1904054	1
ZGPAT	0.09773112	0.11514751	0.15817588287664458	0.07001789	0.07581000314564329	-0.71688116	25.716045	1
UCKL1-AS1	0.0046347794	0.0062355883	0.008902957760411515	0.0020904448	0.0023592324630386913	-1.5322547	5.6555066	1
OPRL1	0.018294897	0.0128113115	0.018498367791077257	0.027010027	0.030670022019502988	1.070191	9.950476	1
LKAAEAR1	0.03875803	0.01586127	0.023741220694430704	0.07516002	0.07816923560868197	2.2373083	44.55244	1
AP003900.1	0.0028661168	0.0040822853	0.005737461667820754	0.00093331403	0.0012582573136206354	-2.0170126	5.858392	1
CXADR	0.5527836	0.6517609	0.6303294094371352	0.3954708	0.35876061654608365	-0.7206283	44.55244	1
BTG3-AS1	0.0077339103	0.009921306	0.014442575922445345	0.0042559723	0.004875747090279962	-1.2020038	5.9385934	1
ADAMTS1	0.4277011	0.57234114	0.5037095657335048	0.19781923	0.1797735136835483	-1.5322156	44.55244	1
LINC01697	0.15299135	0.18011956	0.22366208329211593	0.109921984	0.1093111041207927	-0.7119638	36.574123	1
N6AMT1	0.08967406	0.106735	0.14670095954100307	0.06252649	0.06653035545769109	-0.7705395	26.515484	1
TIAM1	0.04932214	0.06057977	0.08230289840735978	0.03140364	0.03318653664674426	-0.94569707	20.177925	1
HUNK	0.015054706	0.019727476	0.026115342763873776	0.007617852	0.008021390374331552	-1.3612297	12.272707	1
LINC00159	0.006818071	0.009835158	0.014442575922445345	0.002021902	0.002201950298836112	-2.2271848	13.983675	1
C21orf62-AS1	0.03617845	0.029737782	0.04273419724997527	0.046421196	0.05001572821642026	0.640748	7.4815207	1
TMEM50B	0.27464113	0.33237782	0.3964783855969928	0.18292965	0.188109468386285	-0.8611806	44.55244	1
ITSN1	0.3181501	0.37135595	0.43584924324859037	0.23363954	0.23576596413966655	-0.6682893	44.55244	1
RCAN1	0.20021267	0.24457529	0.2955781976456623	0.12976968	0.13589178987102862	-0.9138037	44.55244	1
RUNX1	0.011777994	0.016488105	0.02176278563656148	0.0042819856	0.004718464926077383	-1.9204924	16.374247	1
CBR3	0.00094856304	0.001545671	0.002176278563656148	-1.0768417e-09	0.0	-4.04062	5.1380286	1
DOP1B	0.023135668	0.02999295	0.04411910179048373	0.012240541	0.013368983957219251	-1.2860198	18.174747	1
ETS2	0.103823826	0.11934339	0.16282520526263725	0.0791258	0.08540421516200063	-0.59228474	18.913841	1
SH3BGR	1.1318935	1.3366303	0.7769314472252449	0.8063985	0.5511167033658383	-0.7289646	44.55244	1
B3GALT5-AS1	0.028417597	0.033429153	0.04787812840043525	0.020457132	0.02186222082415854	-0.7057771	7.3213997	1
ABCG1	0.009247949	0.0039208303	0.006034226926501137	0.017716687	0.01918842403271469	2.1476638	14.5190525	1
WDR4	0.0073811244	0.009322553	0.013947967157978039	0.004294872	0.0050330292544825414	-1.100297	5.1136603	1
PKNOX1	0.13523643	0.15598439	0.20694430705312097	0.10225302	0.11025479710600818	-0.6087725	26.089685	1
CFAP410	0.066565804	0.07906029	0.11069344148778316	0.04668035	0.05033029254482542	-0.7588741	19.241482	1
LINC00316	0.0015130651	0.0023386835	0.0030665743396972992	0.00020118855	0.00015728216420257942	-3.0173635	5.057513	1
S100B	0.008966859	0.011343453	0.015233949945593036	0.005184434	0.00550487574709028	-1.1147016	5.527885	1
PEX26	0.1275579	0.14592178	0.19784350578692256	0.098348014	0.10301981755268952	-0.56874955	21.505177	1
USP18	0.9969599	1.3916914	0.7799980215649421	0.36942455	0.2777603019817553	-1.913201	44.55244	1
AC023490.4	0.030008439	0.043635324	0.06063903452369176	0.008349964	0.009122365523749607	-2.3717818	44.55244	1
DGCR6	0.10855747	0.142177	0.18053219903056683	0.05508279	0.05976722239698018	-1.3664122	44.55244	1
UFD1	0.27343413	0.318661	0.38836680185972894	0.20161171	0.20682604592639195	-0.66018015	44.55244	1
GP1BB	0.4115297	0.4653023	0.4971807300425364	0.32611012	0.3074866310160428	-0.5126767	44.55244	1
TXNRD2	0.12035459	0.14159982	0.1910179048372737	0.086555116	0.09169550173010381	-0.70948106	30.79898	1
AC002470.1	0.016659822	0.012314182	0.018498367791077257	0.02356469	0.025322428436615287	0.9307469	6.9356937	1
AP000550.1	0.02049957	0.028100932	0.04045899693342566	0.008421507	0.009122365523749607	-1.7265624	26.078226	1
FAM230B	0.00324739	0.0048249066	0.0072212879612226725	0.00073993206	0.0007864108210128972	-2.5517516	8.931492	1
GGT2	0.020940682	0.026943972	0.03838164012266297	0.011403445	0.012582573136206355	-1.2332411	15.199966	1
SDF2L1	0.2528527	0.33649272	0.38975170640023743	0.11996057	0.12142183076439132	-1.4872414	44.55244	1
YPEL1	0.09652296	0.08262308	0.11039667622910278	0.11860786	0.1231519345706197	0.5210536	13.024619	1
PPM1F	0.041579995	0.04748502	0.0689484617667425	0.03217547	0.034759358288770054	-0.5600693	7.021344	1
PCAT14	0.029234882	0.020447697	0.026708873281234544	0.04321407	0.04561182761874803	1.0758591	14.414385	1
AP000350.5	0.016959248	0.009957136	0.014343654169551884	0.028089548	0.03004089336269267	1.4869409	15.00408	1
GGT1-1	0.013522838	0.017365623	0.024928281729152242	0.0074056378	0.008021390374331552	-1.2184716	9.842543	1
KIAA1671	0.112267494	0.12752745	0.17479473736274606	0.0879847	0.09735765964139667	-0.53497523	17.363169	1
AL022323.4	0.04641716	0.052684203	0.07231180136512019	0.036434952	0.037275872916011324	-0.53082883	6.6488028	1
KREMEN1	0.05809496	0.06555319	0.09031556039173014	0.04621739	0.05033029254482542	-0.5033111	7.8974004	1
RHBDD3	0.09418789	0.10628534	0.14670095954100307	0.07493196	0.07989933941491036	-0.5037223	12.601668	1
EWSR1	0.33833256	0.38550305	0.4495993669007815	0.2634171	0.2606165460836741	-0.5492199	44.55244	1
AP1B1	0.09844535	0.11686199	0.1606489266989811	0.06914234	0.07502359232463039	-0.7563133	28.678734	1
NF2	0.08470833	0.09804795	0.13621525373429616	0.06347754	0.0710915382195659	-0.6264409	17.52881	1
ASCC2	0.098028176	0.11057439	0.1519438124443565	0.07805817	0.0863479081472161	-0.50185287	13.314084	1
MTFP1	0.4262451	0.36104736	0.40825007419131465	0.5299504	0.46303869141239384	0.553542	44.55244	1
SMTN	0.06292776	0.08047442	0.1105945197348897	0.035010025	0.037590437244416484	-1.1984389	41.57472	1
PLA2G3	0.0053786784	0.008590491	0.01167276684142843	0.0002727821	0.00031456432840515884	-4.543033	22.3203	1
SLC5A1	0.0033375088	0.0051213414	0.007715896725689979	0.0005020721	0.0006291286568103177	-3.1164122	11.850537	1
TIMP3	1.050475	1.1851282	0.8501335443664062	0.83640707	0.6250393205410506	-0.50271523	44.55244	1
MCM5	0.026906602	0.032159865	0.044218023543377186	0.018561747	0.020289399182132746	-0.7896564	8.446031	1
MB	1.8819909	2.194757	0.9440102878623009	1.3847121	0.7845234350424661	-0.66443664	44.55244	1
RBFOX2	0.70517373	0.85259837	0.7542783658126422	0.47082236	0.412865681031771	-0.8565463	44.55244	1
KCTD17	0.15490894	0.18164779	0.23582945889801168	0.11245206	0.11890531613715005	-0.69134533	37.97455	1
CDC42EP1	0.046533085	0.053241447	0.07478484518745672	0.035847597	0.039792387543252594	-0.5693616	8.077682	1
LGALS1	0.3001772	0.41931897	0.35977841527351867	0.110840335	0.09578483799937088	-1.9186081	44.55244	1
NOL12	0.101717934	0.11578244	0.15975863092293996	0.07933376	0.0849323686693929	-0.5448377	15.854765	1
MICALL1	0.029493408	0.03402864	0.04965871995251756	0.022290694	0.024378735451399812	-0.6080837	5.970708	1
PICK1	0.105491176	0.12192323	0.16668315362548225	0.079342864	0.08461780434098773	-0.61916625	21.011656	1
KCNJ4	0.017834937	0.013869792	0.019289741814224947	0.024137912	0.026423403586033345	0.7949549	5.6639023	1
APOBEC3F	0.06483956	0.074244395	0.10456029280838856	0.04986608	0.05331865366467443	-0.57327497	11.104521	1
ATF4	0.5520459	0.45064786	0.505688000791374	0.7132911	0.5677886127713118	0.66237265	44.55244	1
L3MBTL2	0.07988076	0.09123522	0.12820259174992582	0.061806373	0.06621579112928594	-0.5610833	13.129907	1
POLR3H	0.10185621	0.11613222	0.15916510040557919	0.079136215	0.0857187794904058	-0.5527781	16.340666	1
SREBF2-AS1	0.017376024	0.022242537	0.03135819566722722	0.0096388515	0.009908776344762504	-1.1979694	11.547987	1
SREBF2	0.2322334	0.27686822	0.344841230586606	0.16135451	0.16876376218936773	-0.7785927	44.55244	1
CENPM	0.012785291	0.016109774	0.023543377188643782	0.0074921795	0.008493236866939289	-1.094278	7.811227	1
LINC01315	0.010245023	0.005048042	0.007518053219903057	0.018506605	0.020603963510537907	1.8537191	13.6281	1
A4GALT	0.10771523	0.125695	0.1680680581659907	0.07910599	0.08210128971374646	-0.66739315	24.010994	1
FBLN1	0.082445204	0.09686915	0.13018102680779503	0.059490994	0.06322743000943692	-0.70243144	19.919746	1
Z95331.1	0.03194088	0.036831558	0.052428529033534475	0.024170712	0.027052532242843663	-0.6056378	6.3553324	1
AL021392.1	0.037971105	0.044235434	0.0628153130873479	0.028003797	0.03035545769109783	-0.65769523	8.596572	1
AL118516.1	0.047005963	0.040020574	0.05727569492531408	0.05810096	0.06212645486001887	0.5367007	6.9736423	1
ALG12	0.056553993	0.06445464	0.09239291720249283	0.04397321	0.04781377791758415	-0.55061865	9.185494	1
CRELD2	0.10609305	0.1370097	0.1846869126520922	0.05691608	0.06228373702422145	-1.2658899	44.55244	1
PIM3	0.1452801	0.123023674	0.164704718567613	0.18068075	0.1804026423403586	0.55413294	21.904839	1
SELENOO	0.06299493	0.074398205	0.10327431002077357	0.04484438	0.0497011638880151	-0.7290648	17.019072	1
ADM2	0.013142862	0.002111276	0.0038579483628449897	0.03068114	0.03334381881094684	3.7990956	37.870167	1
KLHDC7B	0.0062771407	0.0010387844	0.0015827480462953804	0.014606024	0.016042780748663103	3.6908407	18.283232	1
CPT1B	0.032788016	0.03862185	0.05460480759719062	0.023515262	0.026423403586033345	-0.71342844	8.833247	1
CHKB	0.14212807	0.16074501	0.21189039469779405	0.11254913	0.11969172695816295	-0.513835	19.83603	1
ARSA	0.06413927	0.07582971	0.10762686714808586	0.045532033	0.050173010380622836	-0.7346175	17.796505	1
IL3RA	0.01125328	0.014218317	0.0201800375902661	0.006531731	0.007392261717521233	-1.1104045	7.1906033	1
ASMTL-AS1	0.004519295	0.006209579	0.009100801266198437	0.0018327006	0.0020446681346335325	-1.7069255	6.582355	1
ZBED1	0.09156463	0.10623289	0.14432683747156	0.06822115	0.07455174583202265	-0.63818365	19.18339	1
GYG2	0.047051314	0.05646426	0.08180828964289247	0.032065656	0.03491664045297263	-0.81436956	15.72831	1
ARSD	0.09864085	0.11143812	0.15233949945593037	0.078271426	0.08304498269896193	-0.5091371	13.383965	1
STS	0.0103508225	0.013177377	0.019289741814224947	0.005849435	0.006605850896508336	-1.1581457	7.251486	1
SHROOM2	0.03439797	0.03899983	0.05509941636165793	0.027081402	0.029411764705882353	-0.5245425	5.220648	1
WWC3	0.16023979	0.18226004	0.24117123355425857	0.12529238	0.1313306071091538	-0.54034	24.786463	1
CLCN4	0.07434121	0.08432574	0.11613413789692353	0.05844563	0.06291286568103177	-0.5281214	10.854255	1
MID1	0.17600654	0.22767678	0.2748046295380354	0.09394399	0.09578483799937088	-1.276213	44.55244	1
TMSB4X	1.0357339	1.2606466	0.7738648728855475	0.67815775	0.49292230261088393	-0.89437276	44.55244	1
SCML1	0.08726062	0.10013989	0.1359184884756158	0.06676189	0.07250707769738912	-0.5842007	15.372806	1
SMPX	1.3309817	1.7384607	0.9457908794143832	0.683138	0.526580685750236	-1.3474332	44.55244	1
PHEX	0.007865495	0.009899601	0.014838262934019191	0.0046309615	0.005190311418685121	-1.0797372	5.0724874	1
PTCHD1	0.03945982	0.03117081	0.044218023543377186	0.05263785	0.05709342560553633	0.7540222	10.740003	1
ACOT9	0.19326426	0.23168398	0.300227520031655	0.13226962	0.1407675369613086	-0.8082088	44.55244	1
APOO	0.16710082	0.19160604	0.2495795825502028	0.12821569	0.13494809688581316	-0.57919836	29.78512	1
PCYT1B	0.05072064	0.05981136	0.08339103768918785	0.036247805	0.03932054105064486	-0.7209614	13.2477865	1
DYNLT3	0.2497891	0.289831	0.35433771886437826	0.18621328	0.19015413652091853	-0.637979	44.55244	1
SYTL5	0.039952207	0.0494626	0.06835493124938175	0.02481252	0.026895250078641082	-0.99238104	18.70774	1
SRPX	0.11384997	0.13331647	0.18082896428924722	0.08287863	0.08949355143126769	-0.6851251	27.385593	1
EFHC2	0.022662416	0.028068298	0.03976654466317143	0.014074958	0.015885498584460523	-0.990728	11.2908745	1
FUNDC1	0.29052907	0.3279363	0.4008309427243051	0.23113823	0.23560868197546397	-0.5044754	42.441853	1
LINC01186	0.0008011901	0.0013050088	0.002077356810762687	-1.0768417e-09	0.0	-3.8125226	5.0284986	1
CHST7	0.04856901	0.057510484	0.08002769809081017	0.034332946	0.03837684806542938	-0.7425418	13.645623	1
RP2	0.018372234	0.021760346	0.032050647937481455	0.012985673	0.014469959106637308	-0.74032813	5.540595	1
ZNF81	0.021222264	0.025430387	0.03768918785240875	0.0145391645	0.01651462724127084	-0.80238223	7.422402	1
EBP	0.20889775	0.24869178	0.3088337125333861	0.1457165	0.15162000629128658	-0.7707848	44.55244	1
TBC1D25	0.06392847	0.072360925	0.10129587496290435	0.05050041	0.0558351682919157	-0.5180541	9.2729845	1
RBM3	0.40051016	0.47788244	0.5204273419724997	0.2775731	0.2708398867568418	-0.7835701	44.55244	1
WDR45	0.10302936	0.11741196	0.1614403007221288	0.08013989	0.087134318968229	-0.55041605	16.455143	1
GPKOW	0.08180976	0.09236804	0.12711445246809774	0.06500138	0.0710915382195659	-0.50626653	11.20962	1
MAGIX	0.018046634	0.021767419	0.03145711742012069	0.012129667	0.013368983957219251	-0.83839786	6.7129464	1
CLCN5	0.09935413	0.12782705	0.16846374517756454	0.05406306	0.05819440075495439	-1.2399402	44.55244	1
SHROOM4	0.06341793	0.089865215	0.12147591255317045	0.021345746	0.023120478137779177	-2.0686758	44.55244	1
MAGED1	0.6796964	0.78945714	0.7309328321297853	0.50522494	0.4532871972318339	-0.64383227	44.55244	1
HSD17B10	0.45055342	0.5341417	0.5746364625581165	0.31772882	0.3117332494495124	-0.74924284	44.55244	1
APEX2	0.046046715	0.05211518	0.0753783757048175	0.036378942	0.04073608052846807	-0.51740533	6.8733525	1
AL050309.1	0.05639199	0.067358494	0.09377782174300128	0.038936935	0.04073608052846807	-0.7891603	17.1996	1
AL354793.1	0.004859642	0.0064626294	0.009595410030665743	0.0023118344	0.00267379679144385	-1.444143	5.4324865	1
SPIN2B	0.10004072	0.11493037	0.1575823523592838	0.07634526	0.08288770053475936	-0.5895159	18.186205	1
SPIN4	0.036751546	0.041883513	0.060144425759224455	0.02858763	0.03192827933312362	-0.5493942	6.115113	1
MSN	0.41474763	0.5117487	0.5484221980413493	0.2606023	0.2588864422774457	-0.9733141	44.55244	1
HEPH	0.2552537	0.30842507	0.3717479473736275	0.17080224	0.17474048442906576	-0.8522164	44.55244	1
OPHN1	0.050173245	0.058453918	0.08042338510238402	0.036988176	0.04073608052846807	-0.65880626	11.216995	1
EFNB1	0.08245676	0.093795806	0.1294885745375408	0.06440657	0.06904687008493236	-0.54161465	12.573961	1
PDZD11	0.4012501	0.4552481	0.5195370461964586	0.31547123	0.3142497640767537	-0.5290042	44.55244	1
SLC7A3	0.003335658	0.0008447496	0.0012859827876149966	0.0072962134	0.007706826045926392	2.968783	8.248222	1
ITGB1BP2	0.26956615	0.35223392	0.4002374122069443	0.138219	0.1437558980811576	-1.348944	44.55244	1
NHSL2	0.0752246	0.100556076	0.1359184884756158	0.03492998	0.037590437244416484	-1.5227722	44.55244	1
CITED1	0.0073883953	0.010345646	0.012266297358789197	0.002687209	0.0028310789556464295	-1.9060085	9.136441	1
NAP1L2	0.06109961	0.07039562	0.09872390938767435	0.04629978	0.05143126769424347	-0.6034156	11.643619	1
CHIC1	0.094303064	0.10686526	0.14838262934019192	0.07430781	0.08084303240012583	-0.5236163	13.77622	1
SLC16A2	0.09794608	0.11235593	0.15372440399643883	0.075013414	0.08194400754954388	-0.5822173	17.488792	1
NEXMIF	0.013521653	0.0073906556	0.010683549312493818	0.023265809	0.025951557093425604	1.6412351	14.499442	1
MAGT1	0.37436655	0.43291864	0.4905529725986745	0.28135154	0.2805913809374017	-0.6215427	44.55244	1
TAF9B	0.057387557	0.074834354	0.1052527450786428	0.02962761	0.0328719723183391	-1.3338238	44.55244	1
CYSLTR1	0.0045705223	0.006789154	0.010188940548026512	0.0010438606	0.0012582573136206354	-2.5904157	12.124998	1
LPAR4	0.010249748	0.013655598	0.018992976555544563	0.0048275124	0.005662157911292859	-1.4810876	10.67692	1
HMGN5	0.15444325	0.18386228	0.23177366702937977	0.10772862	0.10978295061340045	-0.7706698	43.950382	1
SH3BGRL	0.84815496	1.0242119	0.8336136116331981	0.5682717	0.49716892104435356	-0.8497484	44.55244	1
HDX	0.032981064	0.040901877	0.059353051736076766	0.020389631	0.0221767851525637	-1.000796	16.227346	1
KLHL4	0.16997287	0.20726196	0.26065881887427045	0.11077617	0.11481597986788299	-0.903202	44.55244	1
NAP1L3	0.18801302	0.2180209	0.2743100207735681	0.14039215	0.14705882352941177	-0.6346384	39.209625	1
DIAPH2	0.08324354	0.06680894	0.09140369967355821	0.10935677	0.11277131173324945	0.7100903	19.50821	1
AL157778.1	0.03184603	0.03717603	0.052725294292214855	0.023376934	0.02406417112299465	-0.6670044	7.2609663	1
TNMD	0.005479953	0.008006541	0.011079236324067663	0.0014636207	0.0015728216420257944	-2.3741958	11.768654	1
TSPAN6	0.37056985	0.41862613	0.48016618854486104	0.29424214	0.2882982069833281	-0.5085129	44.55244	1
SYTL4	0.033349834	0.040785182	0.056286477396379465	0.021528907	0.0221767851525637	-0.9186173	13.303568	1
CSTF2	0.050200313	0.059906058	0.08517162924127016	0.034749314	0.03837684806542938	-0.78397787	15.651443	1
NOX1	0.009865177	0.014494083	0.020476802848946485	0.0024986614	0.0029883611198490093	-2.489543	22.590595	1
TRMT2B	0.036665376	0.04386058	0.06241962607577406	0.025216613	0.02736709657124882	-0.7961262	11.774329	1
TMEM35A	0.08097627	0.104510464	0.1391829063211	0.04353815	0.047971060081786726	-1.2613653	44.55244	1
DRP2	0.0090265665	0.013298429	0.01958650707290533	0.0022277401	0.0025165146272412707	-2.5250618	21.948898	1
TMSB15A	0.050751917	0.06785627	0.08477594222969631	0.023536086	0.023749606794589494	-1.5236155	44.55244	1
RAB9B	0.08573249	0.11594746	0.15135028192699573	0.037672997	0.03994966970745518	-1.6192878	44.55244	1
NRK	0.004400467	0.00610583	0.006627757443861905	0.0016899074	0.0017301038062283738	-1.7937392	5.1779633	1
ATG4A	0.074499145	0.09269303	0.1302799485606885	0.045551606	0.04954388172381252	-1.0233508	38.009693	1
ACSL4	0.23806112	0.2905461	0.35493124938173903	0.15470083	0.16089965397923875	-0.9088502	44.55244	1
AMMECR1	0.054131757	0.06309917	0.08823820358096746	0.03985567	0.04325259515570934	-0.6615053	12.189975	1
AMOT	0.022071756	0.02696991	0.039074092392917203	0.014291581	0.01620006291286568	-0.91146505	9.540078	1
KLHL13	0.08004602	0.09706427	0.13532495795825503	0.05296659	0.05709342560553633	-0.87262195	29.712334	1
WDR44	0.26732668	0.3467016	0.3913344544465328	0.14121495	0.14407046240956276	-1.2951963	44.55244	1
DOCK11	0.17615178	0.23690556	0.2720348204570185	0.07964458	0.08225857187794904	-1.5714624	44.55244	1
TMEM255A	0.020780986	0.029422155	0.03303986546641607	0.007049735	0.007549543881723813	-2.0458364	28.453718	1
ATP1B4	0.018950846	0.030329887	0.025422890493619548	0.00086703565	0.001100975149418056	-4.975776	44.55244	1
C1GALT1C1	0.1523252	0.17345123	0.22761895340785437	0.118780985	0.12409562755583517	-0.54584354	23.687067	1
GLUD2	0.0055025346	0.007340255	0.010386784053813434	0.0025813917	0.0031456432840515887	-1.47237	6.1461964	1
AL359851.1	0.0046373894	0.006472999	0.00929864477198536	0.0017197578	0.0018873859704309531	-1.8528054	7.4383817	1
APLN	0.012117613	0.008879771	0.012464140864576121	0.01726058	0.017458320226486315	0.95106447	5.093516	1
SLC25A14	0.037022326	0.043436147	0.06301315659313483	0.026818682	0.03035545769109783	-0.693606	9.5091915	1
ENOX2	0.066683665	0.081381954	0.11000098921752893	0.043294746	0.04608367411135577	-0.90896016	26.147081	1
GPC4	0.034667816	0.026148438	0.036699970323474135	0.048217416	0.05143126769424347	0.8803117	12.250184	1
MIR503HG	0.028468441	0.033334106	0.04659214561282026	0.020739986	0.02233406731676628	-0.6819663	6.858017	1
LINC00629	0.024957752	0.019349145	0.027895934315956078	0.03388167	0.037275872916011324	0.8050502	7.8980823	1
INTS6L	0.12797084	0.14759068	0.19368879216539717	0.09676765	0.10191884240327147	-0.60849196	24.022484	1
FHL1	0.25397465	0.2870704	0.33781778613117025	0.20143956	0.20132117017930168	-0.51084393	34.545322	1
ARHGEF6	0.008718561	0.0108876545	0.015728558710060344	0.0052677374	0.005976722239698019	-1.0334975	5.0444083	1
ATP11C	0.16460088	0.1905708	0.24582055594025126	0.123383336	0.12724127083988676	-0.62676764	32.93311	1
AFF2	0.040840544	0.051036663	0.0702344445543575	0.024608215	0.02720981440704624	-1.0493673	21.300028	1
TMEM185A	0.18194208	0.2074316	0.2671876545652389	0.14150578	0.1469015413652092	-0.55145085	29.171028	1
HMGB3	0.27406293	0.32304853	0.3737263824314967	0.19626461	0.1980182447310475	-0.7186624	44.55244	1
PRRG3	0.10826172	0.136517	0.18171926006528835	0.06331546	0.06715948411450141	-1.1072305	44.55244	1
CETN2	0.32389462	0.387399	0.4525670194875853	0.22300991	0.2231833910034602	-0.7964378	44.55244	1
NSDHL	0.07593232	0.09540508	0.13215946186566427	0.044951055	0.04922931739540736	-1.0840166	42.462536	1
PNMA6A	0.020634487	0.014457914	0.020674646354733407	0.030456198	0.03302925448254168	1.0696614	10.735938	1
BGN	0.019384798	0.02639416	0.025126125234939164	0.0082479315	0.008807801195344448	-1.6661837	16.221952	1
ARHGAP4	0.051361356	0.039020225	0.05371451182114947	0.070968896	0.07282164202579428	0.8613036	16.95355	1
NAA10	0.4343262	0.49319938	0.5432782668908893	0.34079152	0.3298206983328091	-0.53315073	44.55244	1
RENBP	0.032723166	0.026473587	0.03739242259372836	0.042667303	0.04702736709657125	0.6865153	7.75952	1
G6PD	0.045456402	0.052409407	0.07399347116430903	0.03438175	0.038691412393834536	-0.60674286	8.948245	1
MTCP1	0.044604346	0.036887877	0.05045009397566525	0.05686447	0.060239068889587924	0.6230098	8.507147	1
BRCC3	0.09763425	0.115963735	0.15669205658324264	0.068469614	0.07518087448883297	-0.7592759	28.434143	1
CLIC2	0.012312537	0.017663883	0.022949846671283015	0.0037971595	0.004561182761874803	-2.188452	21.81649	1
SPRY3	0.00815206	0.010847332	0.01562963695716688	0.0038640297	0.004089336269267065	-1.4655396	8.215084	1
ZFY	0.088504896	0.102624916	0.14224948066079732	0.066033415	0.07156338471217363	-0.63533485	18.398554	1
TMSB4Y	0.015558388	0.021438941	0.030566821644079534	0.006202548	0.007234979553318654	-1.7729403	21.3581	1
MT-CO2	3.6165988	4.1004343	0.998911860718172	2.847318	0.9698018244731047	-0.5261578	44.55244	1
MT-ND3	2.5261192	2.9323936	0.9936690078148185	1.8801644	0.8955646429694872	-0.64119226	44.55244	1
MT-ND4L	0.70674706	0.80246	0.7228212483925215	0.5546034	0.46288140924819127	-0.53289264	44.55244	1
MT-ND5	2.0502532	2.3932774	0.9826886932436443	1.5048611	0.8251022334067317	-0.6693216	44.55244	1
MT-CYB	3.0661938	3.5589008	0.9977247996834504	2.28281	0.9369298521547657	-0.6405983	44.55244	1
AC011043.1	0.05632625	0.0638663	0.09110693441487783	0.04431832	0.0489147530670022	-0.52615726	8.386228	1
AC004556.3	0.107114196	0.12183532	0.16480364032050648	0.08368696	0.09138093740169864	-0.5413184	16.616587	1
AC007325.4	0.23724565	0.30743665	0.33148679394598873	0.1257361	0.12897137464611513	-1.2892123	44.55244	1
