gene	mean	CM_1_mean	CM_1_positive_frac	CM_6_mean	CM_6_positive_frac	log2FC	-log10 p-val	is_significant
AL627309.1	0.0022393162	0.002265908	0.003165496092590761	-1.0186341e-10	0.0	-4.5643234	7.353337	1
PLEKHN1	0.0016917649	0.0017118569	0.0023741220694430704	-1.0186341e-10	0.0	-4.1793985	5.5719266	1
ATAD3C	0.0029082412	0.0029427737	0.004253635374418835	-1.0186341e-10	0.0	-4.9273167	9.776099	1
MMP23B	0.2213825	0.2228852	0.25709763577010586	0.09487743	0.16666666666666666	-1.2312914	7.698276	1
AL590822.2	0.002606798	0.002637752	0.0038579483628449897	-1.0186341e-10	0.0	-4.7749214	8.746902	1
TTC34	0.0049380227	0.0049966495	0.007122366208329211	-1.0186341e-10	0.0	-5.6714787	15.513688	1
AL031847.1	0.0034193168	0.003459916	0.004946087644673063	-1.0186341e-10	0.0	-5.153773	10.991024	1
ENO1-AS1	0.0044337735	0.004486415	0.0067266791967553665	-1.0186341e-10	0.0	-5.5192966	14.445451	1
AL139424.3	0.0016731563	0.0016930274	0.002868730833910377	-1.0186341e-10	0.0	-4.164327	6.5382776	1
AL354956.1	0.0016287012	0.0016480446	0.0024730438223365316	-1.0186341e-10	0.0	-4.1276717	5.971264	1
CASZ1	0.23166037	0.23309685	0.2986447719853596	0.11072816	0.19166666666666668	-1.0732238	6.8288007	1
AL139423.1	0.003300141	0.0033393255	0.004748244138886141	-1.0186341e-10	0.0	-5.1040554	10.893948	1
DISP3	0.004474277	0.0045273993	0.0061331486793945985	-1.0186341e-10	0.0	-5.532131	13.110706	1
DRAXIN	0.0014996155	0.0015174266	0.0022752003165496092	-1.0186341e-10	0.0	-4.01563	5.628824	1
NPPA	0.81357884	0.82027054	0.48639825897714906	0.24992673	0.23333333333333334	-1.7141935	19.877794	1
NPPB	0.1334328	0.13458315	0.09278860421406668	0.036504533	0.058333333333333334	-1.879475	7.8979907	1
LRRC38	0.003364225	0.00340417	0.004847165891779602	-1.0186341e-10	0.0	-5.1310024	10.940272	1
PDPN	0.29610425	0.29783472	0.3203086358690276	0.15040207	0.225	-0.985213	5.9523454	1
AL031283.2	0.0015364921	0.001554741	0.002176278563656148	-1.0186341e-10	0.0	-4.048535	5.2301617	1
HSPB7	2.2352095	2.2450225	0.9851617370659808	1.4085823	0.9583333333333334	-0.67244774	32.829685	1
ARHGEF19	0.004203304	0.0042532096	0.006429913938074983	-1.0186341e-10	0.0	-5.444009	13.747304	1
CPLANE2	0.015539041	0.015723417	0.022752003165496092	-1.0186341e-10	0.0	-7.3059187	44.55244	1
NECAP2	0.11255289	0.1094493	0.14986645563359383	0.37399325	0.5583333333333333	1.7718177	11.186011	1
AL137802.2	0.0072519416	0.0073380363	0.010980314571174201	-1.0186341e-10	0.0	-6.216851	23.074734	1
ACTL8	0.006296746	0.006371502	0.008902957760411515	-1.0186341e-10	0.0	-6.0160303	19.182758	1
NBL1	0.0054446915	0.0041751466	0.0067266791967553665	0.11239399	0.2	4.7177305	5.7229095	1
UBXN10	0.004112414	0.004161241	0.006330992185181522	-1.0186341e-10	0.0	-5.4132032	13.559556	1
ECE1	0.25584382	0.25165355	0.3080423385102384	0.60886353	0.75	1.2743438	13.835663	1
HSPG2	0.4832687	0.47384712	0.5216144030072213	1.2769641	0.975	1.4300331	35.56258	1
LINC01635	0.0022530884	0.0022798437	0.0036601048570580673	-1.0186341e-10	0.0	-4.5727963	8.486031	1
CDC42-AS1	0.0024976118	0.0025272698	0.0033633395983776833	-1.0186341e-10	0.0	-4.715494	7.8931026	1
EPHA8	0.0029481363	0.0029831422	0.004253635374418835	-1.0186341e-10	0.0	-4.946331	9.651187	1
EPHB2	0.09713621	0.09789987	0.1328519141359185	0.032783322	0.06666666666666667	-1.5754237	6.6292057	1
LUZP1	0.45419776	0.45026186	0.498169947571471	0.7857941	0.85	0.8032503	11.2987	1
TCEA3	0.6736703	0.67630154	0.6592145612820259	0.45206532	0.6	-0.5810297	7.080653	1
AL031432.4	0.009353678	0.009464721	0.013947967157978039	-1.0186341e-10	0.0	-6.5796523	29.353298	1
RHCE	0.0049313903	0.004989939	0.0072212879612226725	-1.0186341e-10	0.0	-5.669578	15.6464	1
SLC30A2	0.0016811187	0.0017010843	0.002868730833910377	-1.0186341e-10	0.0	-4.1707954	6.72593	1
TRIM63	0.51166594	0.5147418	0.5444653279256109	0.2526298	0.39166666666666666	-1.0265336	12.647487	1
CNKSR1	0.0054345904	0.005499112	0.008012661984370364	-1.0186341e-10	0.0	-5.8071275	17.329367	1
SH3BGRL3	0.67721003	0.66187596	0.618260955584133	1.9689759	0.9833333333333333	1.572668	44.55244	1
TENT5B	0.0041894563	0.0042391974	0.006034226926501137	-1.0186341e-10	0.0	-5.4393578	13.511082	1
SLC9A1	0.05423188	0.052143794	0.07518053219903056	0.23012249	0.39166666666666666	2.139697	8.218054	1
SYTL1	0.10444282	0.10544119	0.14205163715501037	0.020317238	0.041666666666666664	-2.3699465	14.632284	1
WASF2	0.81119084	0.80720145	0.7417153031951726	1.147322	0.95	0.5072167	12.534209	1
BX293535.1	0.008671994	0.008774946	0.013453358393510733	-1.0186341e-10	0.0	-6.471668	27.932713	1
AL020997.3	0.0014677625	0.0014851955	0.002176278563656148	-1.0186341e-10	0.0	-3.9865901	5.225904	1
AL353622.1	0.0051945634	0.005256236	0.007616974972796518	-1.0186341e-10	0.0	-5.7431493	16.599138	1
LAPTM5	0.007300686	0.0011851224	0.0019784350578692256	0.52248603	0.6666666666666666	8.667619	23.855402	1
LINC01778	0.024781348	0.025075438	0.03561183104164606	-1.0186341e-10	0.0	-7.9758744	44.55244	1
FABP3	1.1600785	1.1650221	0.8550796320110793	0.7436103	0.7916666666666666	-0.64766854	14.45808	1
COL16A1	0.13739431	0.13838731	0.18300524285290334	0.05372215	0.09166666666666666	-1.3634818	5.95921	1
ADGRB2	0.32101873	0.32276213	0.3895538628944505	0.17422412	0.275	-0.88914585	6.318928	1
AL136115.2	0.0020101268	0.002033998	0.002868730833910377	-1.0186341e-10	0.0	-4.4154887	6.6467133	1
AL445248.1	0.0033794323	0.003419558	0.004748244138886141	-1.0186341e-10	0.0	-5.137324	10.697007	1
AL049795.1	0.00197315	0.0019965824	0.0027698090810169156	-1.0186341e-10	0.0	-4.3899693	6.40311	1
FAM167B	0.0026106026	0.0012817279	0.002077356810762687	0.11455787	0.2	6.374718	5.947952	1
HDAC1	0.25361764	0.25154978	0.32119893164506874	0.4278534	0.6	0.7660364	5.328477	1
MARCKSL1	0.8279382	0.815884	0.7131269166089623	1.8434159	0.9833333333333333	1.175847	42.99614	1
AZIN2	0.010188999	0.010309959	0.015135028192699575	-1.0186341e-10	0.0	-6.7018223	31.519457	1
PHC2	0.17705676	0.17530157	0.2303887624888713	0.32490364	0.5333333333333333	0.8897942	5.39392	1
GJA4	0.0065173716	0.0041450914	0.00464932238599268	0.20636287	0.2833333333333333	5.603943	7.7299294	1
DLGAP3	0.0026394418	0.002670783	0.0037590266099515285	-1.0186341e-10	0.0	-4.7922235	8.335982	1
TMEM35B	0.1528263	0.15018263	0.20170145414976753	0.3755257	0.525	1.3216174	8.005331	1
PSMB2	0.76915145	0.7647601	0.7216341873577999	1.1390907	0.9666666666666667	0.5747415	12.581086	1
AL139286.3	0.004482223	0.0045354394	0.006330992185181522	-1.0186341e-10	0.0	-5.5346355	13.9751625	1
EVA1B	0.1539243	0.14466375	0.18330200811158373	0.934043	0.8333333333333334	2.689943	29.924618	1
CSF3R	0.004883171	0.004941147	0.0073202097141161345	-1.0186341e-10	0.0	-5.6556816	15.86131	1
GJA9	0.001872226	0.0018944602	0.0024730438223365316	-1.0186341e-10	0.0	-4.317928	5.862691	1
AL356055.1	0.006559392	0.006637266	0.009595410030665743	-1.0186341e-10	0.0	-6.074093	20.422913	1
MFSD2A	0.0069690687	0.0070518055	0.010386784053813434	-1.0186341e-10	0.0	-6.160237	22.279016	1
CAP1	0.6409744	0.6339983	0.6367593233752102	1.2286489	0.975	0.95441175	29.899315	1
RIMS3	0.026885398	0.027172638	0.03759026609951528	0.0026960853	0.008333333333333333	-3.285974	13.007641	1
AL031289.2	0.0019637628	0.0019870836	0.003165496092590761	-1.0186341e-10	0.0	-4.383418	7.4454956	1
CITED4	0.21573113	0.21297963	0.2668908893065585	0.4475604	0.5666666666666667	1.071012	6.4728565	1
AC098484.4	0.0014399163	0.0014570074	0.002176278563656148	-1.0186341e-10	0.0	-3.9607055	5.195643	1
P3H1	0.08043644	0.077734515	0.10713225838361856	0.30803937	0.475	1.9851009	9.846019	1
TIE1	0.0061650486	0.0017966277	0.0027698090810169156	0.37416846	0.5416666666666666	7.624493	17.74616	1
ELOVL1	0.11078097	0.10596358	0.14600850727074885	0.5165954	0.7333333333333333	2.2843847	20.895939	1
ARTN	0.17552432	0.17687556	0.21208823820358097	0.061674494	0.125	-1.518467	10.323676	1
ARMH1	0.0021836378	0.0022095689	0.0034622613512711444	-1.0186341e-10	0.0	-4.5295534	8.066841	1
BTBD19	0.0037006796	0.0037446185	0.005836383420714215	-1.0186341e-10	0.0	-5.26477	12.68934	1
PTCH2	0.0018390332	0.0018608734	0.0025719655752299933	-1.0186341e-10	0.0	-4.293426	6.205464	1
AL358075.2	0.004557638	0.004611749	0.006924522702542289	-1.0186341e-10	0.0	-5.5581923	15.424355	1
ATPAF1	0.38368875	0.3855265	0.4547432980512415	0.22893576	0.4	-0.75163126	6.691024	1
EFCAB14	0.3676145	0.36307508	0.4312988426154912	0.75004226	0.7916666666666666	1.046499	12.030857	1
LINC00853	0.0040124003	0.0040600393	0.005836383420714215	-1.0186341e-10	0.0	-5.3785267	12.905544	1
CMPK1	0.37483862	0.372856	0.43812444356513996	0.54189175	0.725	0.5392656	5.03039	1
TRABD2B	0.016253632	0.016446492	0.021960629142348403	-1.0186341e-10	0.0	-7.370383	44.55244	1
AL050343.2	0.0026938533	0.0027258408	0.004154713621525374	-1.0186341e-10	0.0	-4.8206096	9.509233	1
PODN	0.0052707326	0.005333309	0.007419131467009596	-1.0186341e-10	0.0	-5.7637606	15.808742	1
GLIS1	0.06709314	0.067755274	0.07923632406766248	0.011292347	0.016666666666666666	-2.5743961	8.524124	1
DHCR24-DT	0.0019931328	0.0020168023	0.002967652586803838	-1.0186341e-10	0.0	-4.403816	6.8831277	1
PLPP3	0.13839263	0.1266075	0.16134137896923534	1.1311916	0.8833333333333333	3.158397	33.885056	1
PRKAA2	0.4599958	0.46206415	0.5049955485211198	0.28582677	0.44166666666666665	-0.6927597	6.2213426	1
JUN	0.37493578	0.37122244	0.3766940350183005	0.68778807	0.7583333333333333	0.88950145	9.606282	1
HOOK1	0.21608369	0.21750283	0.2748046295380354	0.0966125	0.19166666666666668	-1.1699231	8.409068	1
PGM1	0.92903346	0.9323276	0.7952319715105352	0.6515439	0.7583333333333333	-0.51690793	8.749652	1
ROR1	0.28631008	0.28778613	0.34444554357503215	0.16203485	0.3	-0.828304	6.012642	1
ROR1-AS1	0.0025216169	0.0025515598	0.0037590266099515285	-1.0186341e-10	0.0	-4.7287707	8.478921	1
CACHD1	0.2653127	0.26718795	0.31664853101196955	0.107419096	0.2	-1.3138019	11.128189	1
JAK1	0.5582911	0.55008453	0.5854189336235038	1.2496336	0.975	1.183633	30.3727	1
AL139147.1	0.004349935	0.004401581	0.0061331486793945985	-1.0186341e-10	0.0	-5.492361	13.610326	1
GNG12-AS1	0.0021051038	0.0021301024	0.002967652586803838	-1.0186341e-10	0.0	-4.4790397	6.7680197	1
WLS	0.64339894	0.64660376	0.6480364032050648	0.3734599	0.525	-0.7917655	10.798859	1
RPE65	0.010370175	0.010493286	0.014640419428232269	-1.0186341e-10	0.0	-6.727008	30.417501	1
NEGR1	0.0047546197	0.0048110695	0.0072212879612226725	-1.0186341e-10	0.0	-5.6179667	15.449078	1
AL513166.1	0.005263975	0.005326471	0.007616974972796518	-1.0186341e-10	0.0	-5.761944	16.504354	1
AC093158.1	0.0026729757	0.0027047154	0.0037590266099515285	-1.0186341e-10	0.0	-4.809784	8.893731	1
AC135803.1	0.0035085597	0.003550218	0.00544069640914037	-1.0186341e-10	0.0	-5.1899123	12.115119	1
NEXN-AS1	0.025182819	0.025481854	0.0360075180532199	-1.0186341e-10	0.0	-7.9989786	44.55244	1
NEXN	1.7218064	1.731726	0.9513304975764171	0.8861573	0.85	-0.9664965	34.671	1
GIPC2	0.0018535032	0.0018755152	0.0025719655752299933	-1.0186341e-10	0.0	-4.3041587	5.8911414	1
IFI44	0.010569002	0.009273478	0.012760906123256505	0.1197067	0.2	3.6759803	5.172416	1
ADGRL4	0.023829203	0.0078151645	0.009991097042239588	1.3728783	0.9583333333333334	7.4384737	44.55244	1
ADGRL2	0.073313974	0.06946325	0.09377782174300128	0.39769596	0.525	2.5156312	12.233334	1
LINC01361	0.0015077258	0.0015256332	0.002176278563656148	-1.0186341e-10	0.0	-4.022931	5.0882134	1
TTLL7-IT1	0.0037824712	0.0038273812	0.006034226926501137	-1.0186341e-10	0.0	-5.2954974	13.0788555	1
WDR63	0.014135585	0.014303302	0.021169255119200713	-1.0186341e-10	0.0	-7.1702576	43.17223	1
MCOLN3	0.011123809	0.011255865	0.01632208922742111	-1.0186341e-10	0.0	-6.8272953	34.138264	1
BCL10	0.15792014	0.15549786	0.21040656840439212	0.3619582	0.55	1.2183993	7.6432657	1
LINC02795	0.0021393506	0.0021647557	0.0034622613512711444	-1.0186341e-10	0.0	-4.501285	7.7247615	1
LINC01140	0.0020162177	0.002040161	0.0027698090810169156	-1.0186341e-10	0.0	-4.419649	6.529122	1
GBP5	0.002854358	0.0028882506	0.0040557918686319125	-1.0186341e-10	0.0	-4.901231	9.335035	1
LRRC8C	0.019857822	0.017477663	0.02482935997625878	0.2203614	0.35833333333333334	3.648711	9.813553	1
TGFBR3	0.045079898	0.04354945	0.062023939064200215	0.17401373	0.2916666666666667	1.9959947	5.714057	1
FNBP1L	0.12419223	0.12094763	0.15896725689979227	0.39751276	0.5583333333333333	1.7157892	10.560167	1
DNTTIP2	0.36186877	0.35954684	0.42971609456919574	0.5575071	0.7333333333333333	0.63266814	5.8847146	1
GCLM	0.09853865	0.09488489	0.1320605401127708	0.40632895	0.5416666666666666	2.0972333	12.429757	1
ARHGAP29	0.1761385	0.16427909	0.20991195963992482	1.1751887	0.9333333333333333	2.8379164	40.25529	1
TLCD4	0.391285	0.39349836	0.44643387080819075	0.20489776	0.30833333333333335	-0.9411159	7.9394712	1
AC092802.1	0.0028358635	0.0028695366	0.004352557127312296	-1.0186341e-10	0.0	-4.8921676	9.740393	1
PTBP2	0.31511104	0.316723	0.3805519833811455	0.17938907	0.31666666666666665	-0.81978095	6.3968563	1
AGL	0.8692426	0.8744015	0.7574438619052329	0.4346635	0.575	-1.0082301	19.910501	1
LRRC39	0.20584033	0.2071255	0.2598674448511228	0.09765773	0.18333333333333332	-1.0839188	6.6938086	1
RTCA	0.27526948	0.27325916	0.3443466218221387	0.44466385	0.6583333333333333	0.70224184	5.8117595	1
GPR88	0.0021069432	0.0021319636	0.002967652586803838	-1.0186341e-10	0.0	-4.480243	6.9391623	1
VCAM1	1.6709918	1.6814827	0.9353051736076763	0.78722256	0.775	-1.094793	33.538296	1
S1PR1	0.0470006	0.044081435	0.06321100009892175	0.29292	0.44166666666666665	2.729487	10.859193	1
COL11A1	0.13713193	0.13317613	0.17271738055198338	0.47035804	0.5833333333333334	1.8196476	12.558454	1
RNPC3	0.48954266	0.49221608	0.5122168364823425	0.2643954	0.425	-0.8963424	10.1789255	1
VAV3	0.016350517	0.01327965	0.018102680779503413	0.2750409	0.44166666666666665	4.362058	12.572643	1
SLC25A24	0.2555268	0.2531176	0.31526362647146106	0.45852247	0.6416666666666667	0.8569295	6.742668	1
GNAI3	0.4192173	0.41610768	0.48085864081511526	0.6812048	0.7833333333333333	0.7109968	8.202802	1
GSTM4	0.3865511	0.3884249	0.45434761103966764	0.22876702	0.35833333333333334	-0.7634974	5.931251	1
GSTM3	0.8604975	0.86474556	0.7684241764764072	0.50264746	0.6166666666666667	-0.78260857	13.037965	1
CSF1	0.012995061	0.01314924	0.019784350578692253	-1.0186341e-10	0.0	-7.0497675	41.251846	1
AL160006.1	0.0047097444	0.0047656614	0.007122366208329211	-1.0186341e-10	0.0	-5.6045656	15.1645775	1
AL360270.1	0.0022503508	0.0022770735	0.002967652586803838	-1.0186341e-10	0.0	-4.571116	6.9442215	1
DENND2D	0.0014772224	0.0014947676	0.0023741220694430704	-1.0186341e-10	0.0	-3.9952757	5.5510426	1
RAP1A	0.32095814	0.3178961	0.3872786625779009	0.5789361	0.7333333333333333	0.8646443	8.691963	1
INKA2	0.07521362	0.07587579	0.10485705806706895	0.019411113	0.041666666666666664	-1.9612437	8.457357	1
CTTNBP2NL	0.20069993	0.19781698	0.257987931546147	0.44355756	0.6416666666666667	1.1645511	8.950629	1
RHOC	1.0542448	1.0489665	0.8420219606291424	1.4989028	0.975	0.51489687	17.729723	1
LINC01357	0.009753465	0.009869254	0.01473934118112573	-1.0186341e-10	0.0	-6.6394153	31.034395	1
SLC16A1	0.73522	0.73906714	0.6587199525175587	0.41117856	0.575	-0.8457848	13.637816	1
AL390242.1	0.0020673326	0.0020918828	0.0033633395983776833	-1.0186341e-10	0.0	-4.4541	7.550171	1
NRAS	0.16873391	0.16673684	0.2227717875160748	0.3369565	0.5	1.0145525	5.3368464	1
CASQ2	0.010697571	0.010824567	0.015827480462953805	-1.0186341e-10	0.0	-6.771434	33.304634	1
MAB21L3	0.002911389	0.0029459586	0.004352557127312296	-1.0186341e-10	0.0	-4.928826	9.719901	1
ATP1A1	2.0913093	2.100369	0.9885250766643585	1.3281616	0.95	-0.6611721	31.340391	1
IGSF3	0.51130676	0.5146075	0.5396181620338313	0.23332462	0.39166666666666666	-1.1407961	14.831347	1
AL358072.1	0.002104659	0.0021296523	0.0030665743396972992	-1.0186341e-10	0.0	-4.4787483	6.968427	1
SRGAP2C	0.07813191	0.07591419	0.10861608467702048	0.26494455	0.425	1.8018941	7.927322	1
LINC02798	0.003033606	0.0030696266	0.00464932238599268	-1.0186341e-10	0.0	-4.9862423	10.500277	1
AL592494.2	0.0016710624	0.0016909087	0.0023741220694430704	-1.0186341e-10	0.0	-4.1626215	5.537263	1
AC239800.2	0.00301319	0.0030489683	0.004847165891779602	-1.0186341e-10	0.0	-4.9768085	10.806732	1
SRGAP2B	0.05010967	0.04817908	0.06825600949648827	0.21275136	0.35	2.1403763	7.3538423	1
CD160	0.004634268	0.0046892893	0.00702344445543575	-1.0186341e-10	0.0	-5.5817413	15.18212	1
ANKRD35	0.0034008187	0.0034411983	0.004847165891779602	-1.0186341e-10	0.0	-5.1461673	10.853996	1
LIX1L-AS1	0.01838994	0.018608158	0.025027203482045703	-1.0186341e-10	0.0	-7.5475254	44.55244	1
NBPF10	0.015976805	0.01616638	0.022949846671283015	-1.0186341e-10	0.0	-7.345751	44.55244	1
AC239799.1	0.0015221597	0.0015402384	0.002176278563656148	-1.0186341e-10	0.0	-4.0358353	5.169516	1
AC239803.1	0.0018821004	0.0019044519	0.0024730438223365316	-1.0186341e-10	0.0	-4.325137	6.0099854	1
AC239809.3	0.006733684	0.0068136263	0.009694331783559204	-1.0186341e-10	0.0	-6.111372	20.394596	1
PDE4DIP	1.1787239	1.1854312	0.8623998417251953	0.61370265	0.7166666666666667	-0.9496868	25.09925	1
AC239802.2	0.001745635	0.0017663664	0.0023741220694430704	-1.0186341e-10	0.0	-4.222162	5.670836	1
AC239804.1	0.001593602	0.0016125287	0.0025719655752299933	-1.0186341e-10	0.0	-4.0980577	5.9978886	1
HIST2H2BF	0.006971601	0.0070543676	0.009694331783559204	-1.0186341e-10	0.0	-6.1607537	20.485094	1
HIST2H4A	0.0017932232	0.0018145196	0.0026708873281234544	-1.0186341e-10	0.0	-4.258912	6.048486	1
HIST2H2AB	0.0020343936	0.0020585528	0.003165496092590761	-1.0186341e-10	0.0	-4.431994	7.2954397	1
APH1A	0.28988066	0.2871741	0.3595805717677317	0.517922	0.6833333333333333	0.85058546	7.5467467	1
C1orf54	0.31877443	0.31639683	0.3790681570877436	0.51909304	0.675	0.7140801	5.590963	1
ANXA9	0.0034068744	0.0034473257	0.004847165891779602	-1.0186341e-10	0.0	-5.148661	10.806732	1
BNIPL	0.0027114756	0.002743672	0.0040557918686319125	-1.0186341e-10	0.0	-4.8296847	9.151173	1
SELENBP1	0.15145394	0.15248518	0.20140468889108715	0.064559	0.14166666666666666	-1.2386918	6.947408	1
PSMB4	0.69002956	0.68664074	0.6811751904243744	0.97552675	0.9083333333333333	0.5065637	9.097909	1
CGN	0.002231833	0.002258336	0.003264417845484222	-1.0186341e-10	0.0	-4.559699	7.694488	1
TUFT1	0.010033007	0.010152115	0.014343654169551884	-1.0186341e-10	0.0	-6.679779	30.305258	1
AL365436.2	0.005265814	0.005328332	0.007518053219903057	-1.0186341e-10	0.0	-5.762439	16.504774	1
S100A10	0.35386816	0.326838	0.3204075576219211	2.6309345	1.0	3.0085413	44.55244	1
S100A11	1.048503	1.0310322	0.7759422296963102	2.5202584	1.0	1.2893995	44.55244	1
S100A9	0.0034152712	0.0034558224	0.004946087644673063	-1.0186341e-10	0.0	-5.152113	10.943455	1
S100A6	0.74538463	0.7252176	0.5713720447126323	2.4442933	0.9333333333333333	1.7527916	35.72065	1
S100A5	0.003521378	0.0035631885	0.004946087644673063	-1.0186341e-10	0.0	-5.1950297	11.120136	1
S100A3	0.0031476673	0.0011239371	0.002077356810762687	0.17363039	0.275	7.149177	8.004103	1
S100A16	0.50680035	0.49995807	0.5462459194776932	1.0832356	0.925	1.1153128	23.267862	1
S100A13	0.9158525	0.91084605	0.7804926303294094	1.3375721	0.9583333333333334	0.55428696	16.098442	1
AL162258.2	0.0076604444	0.0077513885	0.011771688594321891	-1.0186341e-10	0.0	-6.2948775	24.836166	1
NPR1	0.004419252	0.0031247882	0.0051439311504599865	0.11346772	0.18333333333333332	5.1382046	5.3238916	1
SLC27A3	0.058220852	0.054784287	0.07419131467009596	0.34771365	0.49166666666666664	2.6638494	11.827924	1
AL358472.5	0.0058014994	0.0058703767	0.00850727074883767	-1.0186341e-10	0.0	-5.8997517	18.210756	1
SLC39A1	0.17104945	0.16907103	0.2255415965970917	0.3377037	0.5333333333333333	0.99770254	6.033567	1
AL358472.3	0.0018319418	0.0018536976	0.0026708873281234544	-1.0186341e-10	0.0	-4.288137	5.972122	1
RAB13	0.9874549	0.9798363	0.8184785834404986	1.6292931	0.9833333333333333	0.7335748	29.748941	1
TPM3	0.5341283	0.5200742	0.549411415570284	1.7180661	1.0	1.7238028	44.55244	1
SHE	0.012738064	0.009947135	0.014244732416658423	0.24785073	0.425	4.6251974	12.647561	1
KCNN3	0.021786826	0.0169956	0.023543377188643782	0.4254045	0.5583333333333333	4.6374774	17.38427	1
SHC1	0.20963787	0.20389469	0.26471461074290237	0.693476	0.775	1.7655225	19.402403	1
DCST2	0.001994614	0.002018301	0.002967652586803838	-1.0186341e-10	0.0	-4.404837	6.783892	1
ADAM15	0.025202934	0.020597385	0.03036897813829261	0.41317984	0.575	4.3195987	17.459387	1
EFNA1	0.080569446	0.07857538	0.10742902364229893	0.24854048	0.39166666666666666	1.660077	6.4248466	1
AC234582.1	0.008412347	0.008512217	0.012266297358789197	-1.0186341e-10	0.0	-6.428314	26.132126	1
AL353807.5	0.001950885	0.0019740527	0.0027698090810169156	-1.0186341e-10	0.0	-4.374382	6.5050406	1
AL365181.4	0.0044739065	0.004527024	0.006429913938074983	-1.0186341e-10	0.0	-5.5320144	13.931201	1
NES	1.5410546	1.5477248	0.9343159560787417	0.9791477	0.8916666666666667	-0.66049653	21.024397	1
AL590666.4	0.003807483	0.0038526899	0.006330992185181522	-1.0186341e-10	0.0	-5.3047643	13.550027	1
CRABP2	0.8170845	0.8209059	0.7136215253734296	0.49518558	0.5916666666666667	-0.7291321	10.520302	1
SH2D2A	0.0014533681	0.0014706188	0.0022752003165496092	-1.0186341e-10	0.0	-3.9732625	5.3868623	1
NTRK1	0.0015416121	0.0015599217	0.0025719655752299933	-1.0186341e-10	0.0	-4.053045	5.9429646	1
PEAR1	0.0043731607	0.0030887616	0.005045009397566525	0.11257377	0.20833333333333334	5.1430116	6.031068	1
IFI16	0.18143645	0.17652413	0.2168364823424671	0.5952497	0.7	1.7530549	15.796106	1
AL513323.1	0.0026049963	0.0026359288	0.0038579483628449897	-1.0186341e-10	0.0	-4.7739606	8.6512785	1
OR10J1	0.0024900169	0.0025195845	0.0034622613512711444	-1.0186341e-10	0.0	-4.7112675	8.201239	1
AL590560.3	0.0030795883	0.0031161546	0.004352557127312296	-1.0186341e-10	0.0	-5.0072665	9.349879	1
TAGLN2	0.037129592	0.026672967	0.03521614403007221	0.9180141	0.85	5.0998244	34.77927	1
CASQ1	0.08514628	0.08577727	0.11811257295479276	0.031969715	0.06666666666666667	-1.4210647	5.11739	1
PEX19	0.31010094	0.3115729	0.38223365318033437	0.18616547	0.3416666666666667	-0.74267244	5.5932	1
F11R	0.17218359	0.16930115	0.21950736967059056	0.41499442	0.5916666666666667	1.2929957	9.475002	1
TSTD1	0.9370432	0.94116133	0.7641705411019883	0.590127	0.6916666666666667	-0.6733254	11.604916	1
PCP4L1	0.002343664	0.0023714944	0.0035611831041646056	-1.0186341e-10	0.0	-4.627313	8.040766	1
MPZ	0.0029946663	0.0030302245	0.00464932238599268	-1.0186341e-10	0.0	-4.9681954	10.123759	1
AL592295.4	0.004362405	0.004414199	0.0062320704322880605	-1.0186341e-10	0.0	-5.4963994	13.862835	1
AL450163.1	0.0016473577	0.0016669226	0.002176278563656148	-1.0186341e-10	0.0	-4.1431684	5.2081723	1
RGS5	1.1584378	1.1627532	0.8296567415174597	0.7949392	0.7666666666666667	-0.548571	9.854922	1
AL357568.1	0.00205607	0.0020804864	0.002967652586803838	-1.0186341e-10	0.0	-4.4465795	7.0502434	1
RXRG	0.31210428	0.31476653	0.35997625877930556	0.087920345	0.175	-1.8388313	22.374538	1
LRRC52-AS1	0.11602946	0.11708427	0.1440300722128796	0.02714901	0.041666666666666664	-2.1045032	9.064877	1
DUSP27	0.21934593	0.22066915	0.2776733603719458	0.10795682	0.175	-1.0307485	5.1403747	1
AL136984.1	0.0022634652	0.0022903436	0.0033633395983776833	-1.0186341e-10	0.0	-4.579148	7.574626	1
RCSD1	0.72624016	0.72964364	0.6730636066871105	0.4395609	0.6	-0.73099864	10.501179	1
MPZL1	0.2666965	0.26322758	0.33138787219309523	0.5589587	0.7	1.0861412	10.709722	1
TBX19	0.0052157464	0.00527767	0.007518053219903057	-1.0186341e-10	0.0	-5.748911	16.43994	1
XCL1	0.0016349296	0.0016543468	0.0024730438223365316	-1.0186341e-10	0.0	-4.1328635	5.659428	1
AL031275.1	0.0021464778	0.0021719674	0.0030665743396972992	-1.0186341e-10	0.0	-4.505872	7.1377344	1
ATP1B1	2.1626005	2.1717162	0.9839746760312593	1.3946956	0.9333333333333333	-0.6388481	26.679987	1
FMO4	0.014298417	0.014468066	0.021268176872094174	-1.0186341e-10	0.0	-7.186667	44.25141	1
GAS5-AS1	0.0013960843	0.0014126551	0.002077356810762687	-1.0186341e-10	0.0	-3.9190128	5.029223	1
ASTN1	0.0035871847	0.0036297764	0.0051439311504599865	-1.0186341e-10	0.0	-5.221019	11.277799	1
RASAL2	0.25154912	0.24938112	0.31437333069541995	0.43422085	0.6083333333333333	0.7998305	5.7653213	1
TEX35	0.002834071	0.002867723	0.004352557127312296	-1.0186341e-10	0.0	-4.891286	9.652448	1
ANGPTL1	0.004201541	0.004251426	0.006429913938074983	-1.0186341e-10	0.0	-5.4434175	13.818425	1
ABL2	0.11675932	0.11391688	0.15669205658324264	0.35619906	0.525	1.6438411	9.527684	1
QSOX1	0.054167766	0.052477695	0.0733010188940548	0.1965273	0.30833333333333335	1.9029408	5.522592	1
AL162431.1	0.0018525847	0.0018745858	0.0025719655752299933	-1.0186341e-10	0.0	-4.3034797	6.159537	1
KIAA1614-AS1	0.0020790093	0.0021036982	0.002967652586803838	-1.0186341e-10	0.0	-4.4618564	6.9284496	1
IER5	0.06480415	0.06316698	0.08625976852309823	0.20270714	0.3416666666666667	1.6805837	5.4518237	1
LINC01686	0.005909674	0.005979835	0.00850727074883767	-1.0186341e-10	0.0	-5.925962	18.405638	1
LAMC1	0.6241545	0.61841625	0.6275596003561184	1.1075633	0.975	0.8406359	22.204092	1
AL445228.2	0.003695403	0.0037392792	0.00544069640914037	-1.0186341e-10	0.0	-5.262765	12.060223	1
C1orf21	0.58524865	0.58806294	0.5857156988821842	0.34819886	0.525	-0.75589025	9.325552	1
NIBAN1	0.011977646	0.009702584	0.014937184686912653	0.20363294	0.3333333333333333	4.377373	9.521619	1
IVNS1ABP	0.21766926	0.20691046	0.26164803640320505	1.1240021	0.925	2.4409976	33.84243	1
HMCN1	0.02037986	0.018118743	0.025818577505193393	0.21085538	0.31666666666666665	3.5334425	8.458483	1
AL390957.1	0.0038052495	0.0038504296	0.006034226926501137	-1.0186341e-10	0.0	-5.3039393	12.816232	1
RGS13	0.010116458	0.010236556	0.014343654169551884	-1.0186341e-10	0.0	-6.691613	29.663658	1
AL136456.1	0.0014701819	0.0014876436	0.002077356810762687	-1.0186341e-10	0.0	-3.9888165	5.079747	1
CRB1	0.004973147	0.005032191	0.00702344445543575	-1.0186341e-10	0.0	-5.6815047	15.155778	1
INAVA	0.002522182	0.0025521314	0.0035611831041646056	-1.0186341e-10	0.0	-4.729082	8.077684	1
IPO9-AS1	0.008664897	0.008767764	0.012464140864576121	-1.0186341e-10	0.0	-6.4705	26.202896	1
SHISA4	0.10600151	0.106851764	0.14650311603521615	0.034354754	0.06666666666666667	-1.6341852	7.301017	1
LMOD1	0.3046264	0.30690053	0.35532693639331286	0.11312979	0.2	-1.4389875	13.94828	1
ELF3	0.006964378	0.007047059	0.010683549312493818	-1.0186341e-10	0.0	-6.1592793	22.683113	1
PPP1R12B	0.60992604	0.61241597	0.5910574735384311	0.40022185	0.5916666666666667	-0.61358714	7.631428	1
MYOG	0.0018427953	0.00186468	0.0026708873281234544	-1.0186341e-10	0.0	-4.2962236	6.452944	1
ADORA1	0.037253942	0.037654802	0.05213176377485409	0.003492922	0.008333333333333333	-3.3934307	15.007946	1
AC105940.2	0.003964843	0.0040119183	0.005836383420714215	-1.0186341e-10	0.0	-5.361741	13.128125	1
CHI3L1	0.0020073238	0.0020311614	0.0024730438223365316	-1.0186341e-10	0.0	-4.4135695	5.289138	1
FMOD	0.0024721266	0.002501482	0.0030665743396972992	-1.0186341e-10	0.0	-4.7012634	6.3182926	1
PRELP	0.0032316213	0.0032699923	0.004154713621525374	-1.0186341e-10	0.0	-5.074675	8.810655	1
NFASC	0.004582952	0.004637364	0.006330992185181522	-1.0186341e-10	0.0	-5.566014	13.6393	1
LEMD1	0.002044314	0.002068591	0.0027698090810169156	-1.0186341e-10	0.0	-4.438688	6.368499	1
BLACAT1	0.0017994961	0.001820867	0.0026708873281234544	-1.0186341e-10	0.0	-4.263687	6.3760977	1
RHEX	0.005563196	0.0056292443	0.008309427243050747	-1.0186341e-10	0.0	-5.8402743	17.780329	1
AVPR1B	0.0025393057	0.0025694587	0.0034622613512711444	-1.0186341e-10	0.0	-4.7384768	7.627737	1
RASSF5	0.2996519	0.3017834	0.3583935107330102	0.1201662	0.225	-1.3277602	12.777838	1
AL591846.2	0.0025312707	0.002561328	0.0035611831041646056	-1.0186341e-10	0.0	-4.734076	7.9810166	1
CD46	0.537552	0.53223664	0.5673162528440004	0.9853298	0.9	0.8884142	16.78343	1
CD34	0.007877399	0.0017751628	0.0027698090810169156	0.52194005	0.5583333333333333	8.121001	17.705511	1
PLXNA2	0.42485133	0.42213896	0.4594915421901276	0.6533948	0.7166666666666667	0.6301162	5.771747	1
HSD11B1	0.0019556512	0.0019788756	0.003165496092590761	-1.0186341e-10	0.0	-4.377733	7.0852923	1
TRAF3IP3	0.001887034	0.001909444	0.0030665743396972992	-1.0186341e-10	0.0	-4.328726	7.1038804	1
AL590101.1	0.0016573613	0.0016770448	0.0025719655752299933	-1.0186341e-10	0.0	-4.1514096	5.943895	1
LINC02608	0.0055680335	0.0056341393	0.008111583737263825	-1.0186341e-10	0.0	-5.8415065	17.582888	1
AL360091.3	0.0021255245	0.0021507654	0.003165496092590761	-1.0186341e-10	0.0	-4.4923453	7.221691	1
SPATA45	0.0019180555	0.0019408338	0.0027698090810169156	-1.0186341e-10	0.0	-4.351088	6.27074	1
AC011700.1	0.0014199776	0.001436832	0.002176278563656148	-1.0186341e-10	0.0	-3.941889	5.2321553	1
PTPN14	0.038860027	0.03671952	0.052428529033534475	0.21918508	0.35833333333333334	2.574265	8.197904	1
ESRRG	0.24742071	0.24882166	0.3104164605796815	0.12947425	0.225	-0.94191265	5.7270284	1
TGFB2	0.8650214	0.87123716	0.7271738055198338	0.34145167	0.4583333333333333	-1.3511273	25.21098	1
C1orf143	0.059898183	0.060579363	0.08289642892472054	0.0024922378	0.008333333333333333	-4.548936	44.55244	1
LYPLAL1-DT	0.0044119023	0.0044642836	0.006627757443861905	-1.0186341e-10	0.0	-5.512318	14.073152	1
ZC3H11B	0.0031527765	0.0031902117	0.004946087644673063	-1.0186341e-10	0.0	-5.04011	11.10999	1
SLC30A10	0.0026216942	0.0026528249	0.0040557918686319125	-1.0186341e-10	0.0	-4.7828426	8.964155	1
HLX	0.012270554	0.0034572922	0.005242852903353448	0.754714	0.8333333333333334	7.729198	33.551838	1
AIDA	0.30221698	0.29870448	0.366505094470274	0.5981335	0.7583333333333333	1.001507	11.733883	1
CAPN2	0.21321289	0.20655863	0.2544267484419824	0.77379334	0.825	1.9048852	24.717075	1
TP53BP2	0.3232626	0.3250645	0.38816895835394205	0.17153996	0.275	-0.92178416	6.312479	1
CNIH4	0.4519368	0.44821253	0.508457809872391	0.7656845	0.8416666666666667	0.7724337	11.474493	1
LBR	0.14296158	0.14021641	0.1885448610149372	0.37420827	0.5416666666666666	1.4155431	8.69403	1
ENAH	0.8121191	0.8152785	0.7430012859827876	0.54597044	0.6833333333333333	-0.5783828	8.669104	1
LEFTY1	0.0016485975	0.0016681772	0.0023741220694430704	-1.0186341e-10	0.0	-4.144192	5.7217617	1
LINC01703	0.002289668	0.0023168575	0.0037590266099515285	-1.0186341e-10	0.0	-4.5950623	8.658996	1
ITPKB	0.08488301	0.08274077	0.10188940548026511	0.26533586	0.425	1.6799504	7.1945124	1
CDC42BPA	0.23234951	0.22896443	0.28944504896626766	0.5175548	0.6916666666666667	1.1762369	11.273076	1
OBSCN-AS1	0.003975496	0.0040226975	0.0056385399149272925	-1.0186341e-10	0.0	-5.365518	12.501417	1
AL353593.3	0.0068921796	0.0069740037	0.009892175289346126	-1.0186341e-10	0.0	-6.1444564	21.077692	1
AL670729.3	0.0039993124	0.0040467964	0.005836383420714215	-1.0186341e-10	0.0	-5.3739266	12.712293	1
HIST3H2BB	0.0030946606	0.003131406	0.0045504006330992185	-1.0186341e-10	0.0	-5.0140915	9.935757	1
AL158214.2	0.0016882626	0.001708313	0.0026708873281234544	-1.0186341e-10	0.0	-4.1765738	6.3537846	1
FAM89A	0.025675846	0.02260537	0.03333663072509645	0.2843354	0.4166666666666667	3.6469955	10.9165535	1
AL136171.2	0.9691656	0.97572064	0.71391829063211	0.4170217	0.5083333333333333	-1.2261478	21.20109	1
AL160408.2	0.0026166553	0.0026477263	0.003956870115738451	-1.0186341e-10	0.0	-4.780168	9.077012	1
NID1	0.32114193	0.31404597	0.36897813829261056	0.9189301	0.8333333333333334	1.5486772	20.321234	1
EDARADD	0.0037832612	0.0038281803	0.005737461667820754	-1.0186341e-10	0.0	-5.2957907	12.382572	1
ACTN2	1.2869902	1.2960192	0.8669502423582945	0.5263848	0.6416666666666667	-1.2997347	36.678257	1
RYR2	0.90870345	0.91307694	0.7583341576812741	0.54024136	0.7083333333333334	-0.75702333	15.076313	1
FMN2	0.0042584687	0.004309029	0.006528835690968444	-1.0186341e-10	0.0	-5.4623904	14.507209	1
GREM2	0.17468056	0.1761405	0.20565832426550598	0.051674142	0.09166666666666666	-1.7672418	11.773548	1
AKT3	0.21720831	0.21514808	0.27500247304382236	0.39081198	0.55	0.86084336	5.1698384	1
ADSS	0.1979611	0.19578785	0.2565041052527451	0.38102925	0.5666666666666667	0.96025234	6.4825144	1
BX323046.2	0.0014714013	0.0014888775	0.0022752003165496092	-1.0186341e-10	0.0	-3.9899373	5.2703514	1
BX323046.1	0.004247261	0.0042976886	0.0062320704322880605	-1.0186341e-10	0.0	-5.458675	13.794788	1
KIF26B	0.635395	0.6380542	0.6287466613908399	0.4114405	0.6166666666666667	-0.6328707	9.1854	1
AL591623.1	0.0032741826	0.003313059	0.0051439311504599865	-1.0186341e-10	0.0	-5.092995	11.4192295	1
AL627095.2	0.0027423208	0.0027748835	0.0040557918686319125	-1.0186341e-10	0.0	-4.845433	9.215953	1
TPO	0.0027053943	0.0027375186	0.003956870115738451	-1.0186341e-10	0.0	-4.8265595	8.734395	1
PXDN	0.42126042	0.4106997	0.4480166188544861	1.310946	0.9583333333333334	1.6742114	34.588722	1
AC231981.1	0.0021609396	0.002186601	0.003165496092590761	-1.0186341e-10	0.0	-4.5151343	7.448825	1
LINC01814	0.003737307	0.0037816807	0.005539618162033831	-1.0186341e-10	0.0	-5.278611	12.368128	1
ASAP2	0.031898957	0.028549246	0.04194282322682758	0.31408837	0.4583333333333333	3.4550607	12.569421	1
ITGB1BP1	0.391463	0.38857555	0.4544465327925611	0.63473135	0.75	0.7078071	7.5291395	1
AC073195.1	0.008824975	0.0089297425	0.012661984370363043	-1.0186341e-10	0.0	-6.4966145	26.729237	1
AC007240.3	0.0024235542	0.002452333	0.0035611831041646056	-1.0186341e-10	0.0	-4.673746	8.120008	1
ODC1-DT	0.003747198	0.0037916892	0.005539618162033831	-1.0186341e-10	0.0	-5.282326	12.115224	1
ATP6V1C2	0.011998791	0.012141234	0.016618854486101495	-1.0186341e-10	0.0	-6.9356065	35.282867	1
AC092687.3	0.0018256551	0.0018473364	0.002868730833910377	-1.0186341e-10	0.0	-4.2834315	6.8601046	1
ROCK2	0.4999191	0.4957567	0.5384311009991097	0.8506046	0.85	0.7787351	11.590044	1
FAM49A	0.029218782	0.02713176	0.037788109605302204	0.20503852	0.31666666666666665	2.9132364	7.7138805	1
RAD51AP2	0.006266852	0.006341253	0.009199723019091898	-1.0186341e-10	0.0	-6.0092707	20.095566	1
VSNL1	0.23673053	0.23838769	0.27223266396280543	0.09720906	0.175	-1.2932688	9.237591	1
NT5C1B	0.0016751885	0.0016950838	0.0025719655752299933	-1.0186341e-10	0.0	-4.165981	6.064485	1
LINC01376	0.004714989	0.0047709686	0.006825600949648828	-1.0186341e-10	0.0	-5.606138	14.882642	1
RHOB	0.14299715	0.14036609	0.1856761301810268	0.36463124	0.5166666666666667	1.3766117	8.013361	1
APOB	0.0051895725	0.0052511855	0.006825600949648828	-1.0186341e-10	0.0	-5.741788	13.905165	1
TP53I3	0.1942655	0.19173713	0.25037095657335046	0.4072487	0.6	1.0863823	7.710729	1
ITSN2	0.2162849	0.21374722	0.27213374220991193	0.43009776	0.6333333333333333	1.0084195	8.065039	1
AGBL5-AS1	0.0026609667	0.0026925637	0.0038579483628449897	-1.0186341e-10	0.0	-4.8035197	8.715848	1
AC013403.2	0.0023414243	0.0023692283	0.0035611831041646056	-1.0186341e-10	0.0	-4.62599	8.077983	1
CGREF1	0.0066958386	0.006775332	0.010485705806706895	-1.0186341e-10	0.0	-6.103359	22.590225	1
TRIM54	0.1059979	0.10678965	0.14313977643683845	0.039278824	0.08333333333333333	-1.4406302	6.509659	1
UCN	0.012865191	0.013017829	0.01869621129686418	-1.0186341e-10	0.0	-7.0353866	39.528145	1
FOSL2	0.029332884	0.025902495	0.03689781382926106	0.3183194	0.45	3.6142063	11.761404	1
PLB1	0.0024437152	0.0024727331	0.0034622613512711444	-1.0186341e-10	0.0	-4.6852317	7.9592204	1
AC016907.2	0.002415789	0.0024444757	0.0034622613512711444	-1.0186341e-10	0.0	-4.669298	7.9552245	1
LBH	0.6064817	0.59446645	0.5282421604510832	1.6186413	0.95	1.4449624	33.103447	1
CAPN14	0.0017359245	0.0017565406	0.0026708873281234544	-1.0186341e-10	0.0	-4.214546	6.2221355	1
AC019127.1	0.0020462219	0.0020705215	0.002868730833910377	-1.0186341e-10	0.0	-4.4399714	6.7745705	1
RASGRP3	0.15471154	0.14670649	0.19448016618854486	0.8290667	0.825	2.4977465	25.04628	1
CRIM1	0.07436401	0.0710507	0.09555841329508359	0.35347062	0.5	2.3130484	10.361841	1
QPCT	0.06190714	0.057981268	0.0807201503610644	0.3926202	0.575	2.757357	16.21094	1
CDC42EP3	0.30207413	0.29785135	0.3486002571965575	0.6578292	0.725	1.1428558	10.621888	1
CYP1B1-AS1	0.0015590575	0.0015775742	0.002176278563656148	-1.0186341e-10	0.0	-4.068306	5.1972594	1
ARHGEF33	0.0031121704	0.0031491236	0.00464932238599268	-1.0186341e-10	0.0	-5.0219803	10.111638	1
SLC8A1-AS1	0.15913375	0.16059335	0.19655752299930754	0.036154225	0.06666666666666667	-2.1480892	16.056053	1
SLC8A1	1.5954263	1.6034213	0.9471757839548917	0.9218907	0.9	-0.7984194	29.630705	1
AC007877.1	0.0025026412	0.0025323587	0.0035611831041646056	-1.0186341e-10	0.0	-4.7182856	8.115233	1
PKDCC	0.21777664	0.21905088	0.2691660896231081	0.11051231	0.19166666666666668	-0.9864125	5.162004	1
ZFP36L2	0.70043707	0.69662476	0.6098526065881887	1.0216024	0.875	0.5523143	8.170839	1
EPAS1	0.014132894	0.008204011	0.01236521911168266	0.51359147	0.625	5.95095	21.1732	1
AC018682.1	0.0015739787	0.0015926724	0.0022752003165496092	-1.0186341e-10	0.0	-4.0812325	5.383351	1
MCFD2	0.59779924	0.5948017	0.6185577208428134	0.85033745	0.85	0.51555383	7.187956	1
AC092650.1	0.0018228529	0.0018445009	0.0026708873281234544	-1.0186341e-10	0.0	-4.2813296	6.1961417	1
NRXN1	0.57505786	0.5774193	0.5715698882184193	0.3762004	0.48333333333333334	-0.61798435	5.3433585	1
GPR75	0.0015641263	0.0015827032	0.0023741220694430704	-1.0186341e-10	0.0	-4.0727105	5.292057	1
MDH1	1.7099138	1.7163355	0.9611237511128697	1.1689924	0.9583333333333334	-0.5540267	21.734972	1
UGP2	1.2851236	1.290744	0.8996933425660303	0.8116888	0.8833333333333333	-0.6691382	21.839153	1
SLC1A4	0.16987503	0.16812547	0.22079335245820556	0.3172506	0.5	0.9156815	5.040214	1
CEP68	0.11023153	0.10868084	0.1517459689385696	0.24085318	0.4083333333333333	1.1473284	5.057778	1
ACTR2	0.68372923	0.6787015	0.6707884063705609	1.1072801	0.9333333333333333	0.70608884	15.37635	1
LINC01873	0.0045696287	0.004623883	0.00702344445543575	-1.0186341e-10	0.0	-5.5619025	15.344027	1
LINC01798	0.0052417857	0.0053040185	0.007715896725689979	-1.0186341e-10	0.0	-5.7559624	16.609255	1
CNRIP1	0.063376024	0.06165682	0.08289642892472054	0.20819095	0.35	1.7539297	5.88522	1
ASPRV1	0.0069134934	0.0069955704	0.009694331783559204	-1.0186341e-10	0.0	-6.148848	20.644356	1
TGFA	0.0025301247	0.0025601687	0.0036601048570580673	-1.0186341e-10	0.0	-4.7334476	8.401026	1
AC007881.3	0.002125908	0.0021511533	0.003264417845484222	-1.0186341e-10	0.0	-4.492594	7.5304704	1
DYSF	0.08338727	0.077465534	0.11089128499357008	0.5822387	0.6916666666666667	2.9083707	20.403881	1
CYP26B1	0.0013707917	0.0013870622	0.002176278563656148	-1.0186341e-10	0.0	-3.8943946	5.274095	1
AC010913.1	0.008745281	0.008849103	0.012760906123256505	-1.0186341e-10	0.0	-6.4836726	27.105913	1
C2orf81	0.014661648	0.014835611	0.021367098624987636	-1.0186341e-10	0.0	-7.222614	44.55244	1
AC005041.4	0.0028913785	0.0029257105	0.0038579483628449897	-1.0186341e-10	0.0	-4.9192038	8.7920065	1
LBX2	0.0021171337	0.0021422752	0.003264417845484222	-1.0186341e-10	0.0	-4.486893	7.5877843	1
AUP1	0.24522209	0.24284108	0.3104164605796815	0.44583964	0.6333333333333333	0.876242	7.133699	1
TACR1	0.0052108415	0.005272707	0.0073202097141161345	-1.0186341e-10	0.0	-5.7475786	15.471399	1
AC005034.5	0.0020493132	0.0020736495	0.0027698090810169156	-1.0186341e-10	0.0	-4.442049	6.4808917	1
AC005034.4	0.0024169255	0.0024456256	0.0037590266099515285	-1.0186341e-10	0.0	-4.66995	8.506487	1
TMSB10	2.3184586	2.3018205	0.9930754772974577	3.7201986	1.0	0.6925804	44.55244	1
TCF7L1	0.10224619	0.0996537	0.13601741022850924	0.32063073	0.49166666666666664	1.6849202	9.051801	1
TGOLN2	0.41586494	0.41256398	0.473736274606786	0.69397384	0.7916666666666666	0.7501217	8.937183	1
VAMP8	0.13944884	0.13724883	0.17617964190325452	0.32477075	0.4666666666666667	1.2420211	6.211991	1
VAMP5	0.24597101	0.2384457	0.2837075872984469	0.8799365	0.7916666666666666	1.8832977	21.188059	1
REEP1	0.21708687	0.21839009	0.27925610841824117	0.10738294	0.20833333333333334	-1.0234601	6.3736963	1
RNF103	0.11584083	0.11368284	0.15827480462953802	0.2976211	0.48333333333333334	1.3876784	7.0844636	1
RGPD1	0.0025442243	0.0025744354	0.0038579483628449897	-1.0186341e-10	0.0	-4.741164	8.677691	1
AC068279.2	0.0026337442	0.002665018	0.0040557918686319125	-1.0186341e-10	0.0	-4.7892184	8.957134	1
CYTOR	0.16357897	0.15891942	0.20644969828865367	0.5560993	0.6833333333333333	1.806399	14.716015	1
SMYD1	0.578969	0.5832108	0.5824512810367	0.22168714	0.38333333333333336	-1.3950891	24.113148	1
EIF2AK3-DT	0.006934524	0.007016851	0.009793253536452665	-1.0186341e-10	0.0	-6.1531687	20.955605	1
AC062029.1	0.0062518017	0.0063260244	0.009199723019091898	-1.0186341e-10	0.0	-6.005856	19.528412	1
IGKC	0.062148042	0.06280441	0.059353051736076766	0.0068326173	0.016666666666666666	-3.181689	18.702698	1
GPAT2	0.009530645	0.009643789	0.013453358393510733	-1.0186341e-10	0.0	-6.6064124	28.145025	1
AC013270.1	0.0013311008	0.0013469002	0.002176278563656148	-1.0186341e-10	0.0	-3.854895	5.187476	1
SEMA4C	0.05482566	0.052611552	0.07488376694035018	0.24133252	0.4083333333333333	2.1954288	8.6920595	1
FAM178B	0.001632206	0.001651591	0.0025719655752299933	-1.0186341e-10	0.0	-4.1305957	6.1842823	1
LYG1	0.0042593805	0.004309952	0.006330992185181522	-1.0186341e-10	0.0	-5.4626923	13.279074	1
TXNDC9	0.3024612	0.29990706	0.3744188347017509	0.5176555	0.6916666666666667	0.7872746	6.9852257	1
NPAS2	0.0059279995	0.0038572985	0.006034226926501137	0.18036786	0.2833333333333333	5.511082	7.9700193	1
MAP4K4	0.6322691	0.62357	0.6218221386882976	1.3650931	0.9666666666666667	1.1302502	28.123297	1
SLC9A2	0.00567318	0.0057405336	0.007913740231476903	-1.0186341e-10	0.0	-5.8680296	17.16323	1
AC010884.1	0.0015740107	0.0015927049	0.002176278563656148	-1.0186341e-10	0.0	-4.08126	5.173228	1
FHL2	2.1778085	2.1892118	0.9759620140468889	1.2171879	0.8833333333333333	-0.846807	28.749893	1
AC108058.1	0.011184319	0.011317093	0.015728558710060344	-1.0186341e-10	0.0	-6.835053	33.334145	1
SULT1C4	0.06503264	0.060633697	0.08616084677020477	0.43559995	0.5916666666666667	2.8427658	15.706299	1
GCC2	0.47344962	0.47036058	0.5136017410228509	0.7336939	0.825	0.6413011	7.97977	1
LIMS1	0.40782934	0.39356688	0.4380255218122465	1.6093181	0.9916666666666667	2.031492	44.55244	1
SEPTIN10	0.5208919	0.5179543	0.5621723216935404	0.76837057	0.8666666666666667	0.5688867	8.609868	1
AC074387.1	0.15202461	0.1530039	0.19883272331585716	0.06950663	0.125	-1.1372143	5.1057773	1
MALL	0.00702447	0.0012667029	0.002176278563656148	0.49206847	0.6	8.492309	18.608496	1
ACOXL	0.0045520095	0.004606054	0.006528835690968444	-1.0186341e-10	0.0	-5.5564475	14.330726	1
MIR4435-2HG	0.12945588	0.12664472	0.16648531011969533	0.3662617	0.5083333333333333	1.531343	8.42601	1
AC092645.2	0.0014366402	0.0014536923	0.0023741220694430704	-1.0186341e-10	0.0	-3.9576304	5.5641017	1
RGPD8	0.0016898452	0.0017099144	0.002967652586803838	-1.0186341e-10	0.0	-4.177851	6.7500887	1
SLC20A1	0.05943132	0.056539007	0.08062122860817093	0.30307326	0.45	2.4202745	10.0136595	1
DPP10-AS1	0.0036209486	0.0036639413	0.004946087644673063	-1.0186341e-10	0.0	-5.234174	11.005016	1
DBI	0.9141077	0.9095567	0.7817786131170245	1.2975229	0.9583333333333334	0.51247704	14.442415	1
TMEM37	0.013644971	0.011753594	0.017509150262142645	0.1729752	0.275	3.8680027	7.649807	1
PTPN4	0.17271577	0.1705082	0.22821248392521515	0.3586729	0.5333333333333333	1.0723838	6.4130387	1
RALB	0.15586735	0.15238678	0.20348204570184983	0.44906613	0.6166666666666667	1.5585649	11.619819	1
INHBB	0.0052338676	0.00060222705	0.001088139281828074	0.39541104	0.45	9.137565	13.186414	1
GYPC	0.62694716	0.6198878	0.5732515580176081	1.2216675	0.9416666666666667	0.978658	24.04946	1
AC012508.2	0.003600281	0.0036430282	0.005242852903353448	-1.0186341e-10	0.0	-5.2261357	11.701487	1
BIN1	0.05115009	0.049518682	0.06914630527252943	0.18858021	0.30833333333333335	1.9269878	5.6039486	1
LIMS2	0.21681166	0.21834947	0.2744089425264616	0.0873487	0.15833333333333333	-1.3207908	9.330512	1
LINC02572	0.0019850864	0.0020086605	0.002967652586803838	-1.0186341e-10	0.0	-4.3982563	7.021234	1
CCDC74B	0.021178989	0.021430315	0.03096250865565338	-1.0186341e-10	0.0	-7.750227	44.55244	1
RAB6D	0.0018876087	0.0019100256	0.002967652586803838	-1.0186341e-10	0.0	-4.3291435	6.7931213	1
MZT2A	0.699075	0.69513273	0.6774161638144228	1.0311763	0.9333333333333333	0.56886303	13.285238	1
ANKRD30BL	0.01016568	0.010286363	0.015135028192699575	-1.0186341e-10	0.0	-6.6985483	31.895351	1
AC097532.3	0.0015672096	0.001585823	0.0024730438223365316	-1.0186341e-10	0.0	-4.0753827	6.049175	1
TMEM163	0.7224779	0.7266991	0.6708873281234543	0.36692837	0.5083333333333333	-0.98566514	15.752138	1
CXCR4	0.013744641	0.007393993	0.010782471065387279	0.54873353	0.55	6.1944904	14.901542	1
ZEB2-AS1	0.009972942	0.010091337	0.015135028192699575	-1.0186341e-10	0.0	-6.671201	31.717018	1
NMI	0.0052780015	0.0041739857	0.0061331486793945985	0.09828285	0.18333333333333332	4.524753	5.437477	1
CACNB4	0.004479885	0.0045330734	0.006924522702542289	-1.0186341e-10	0.0	-5.5338993	14.891722	1
FMNL2	0.037852827	0.0361034	0.051933920269067166	0.18523353	0.30833333333333335	2.3559268	6.371403	1
ARL6IP6	0.06123045	0.059701916	0.08259966366604016	0.1899833	0.3416666666666667	1.6683681	5.895	1
AC061961.1	0.004019546	0.00406727	0.005836383420714215	-1.0186341e-10	0.0	-5.381032	13.00444	1
GALNT5	0.046941213	0.04749853	0.06034226926501138	-1.0186341e-10	0.0	-8.894774	44.55244	1
PLA2R1	0.0029651097	0.0030003171	0.0045504006330992185	-1.0186341e-10	0.0	-4.9543457	10.432981	1
RBMS1	0.83239645	0.8283277	0.7467603125927391	1.175149	0.9583333333333334	0.50451875	14.045713	1
PSMD14	0.49607795	0.49352044	0.5420912058561678	0.7115373	0.7833333333333333	0.5277401	5.5406165	1
KCNH7	0.10496315	0.10577172	0.140468889108715	0.03682619	0.075	-1.5196009	6.642455	1
AC011900.1	0.0031857572	0.0032235838	0.004451478880205757	-1.0186341e-10	0.0	-5.0546694	10.043602	1
FIGN	0.5134338	0.51552093	0.547729745771095	0.33766288	0.49166666666666664	-0.6103001	5.295533	1
GRB14	0.031395946	0.03174148	0.042437431991294884	0.0022957004	0.008333333333333333	-3.732388	21.18607	1
SCN2A	0.003728213	0.0037724788	0.005341774656246909	-1.0186341e-10	0.0	-5.275187	11.570934	1
TTC21B-AS1	0.0020344309	0.0020585905	0.003165496092590761	-1.0186341e-10	0.0	-4.432019	7.069655	1
SCN9A	0.023878831	0.021981167	0.029973291126718767	0.18373606	0.2833333333333333	3.0575316	6.794639	1
CERS6-AS1	0.00808315	0.008179111	0.011474923335641507	-1.0186341e-10	0.0	-6.3714056	24.57456	1
KLHL41	0.43495202	0.43709132	0.4829359976258779	0.2547989	0.4166666666666667	-0.77833974	7.0036736	1
KLHL23	0.23822567	0.23955403	0.2991393807498269	0.12639533	0.24166666666666667	-0.92186904	6.238233	1
ITGA6	0.11959344	0.11264887	0.13146700959541002	0.70460725	0.7166666666666667	2.6439111	20.418219	1
PDK1	0.99964833	1.0042574	0.8048273815412009	0.611377	0.7416666666666667	-0.7159027	16.007437	1
RAPGEF4	0.017236752	0.01588574	0.022356316153922248	0.13104306	0.23333333333333334	3.036284	5.500066	1
MAP3K20	1.3898292	1.3964428	0.9229399544959936	0.83267987	0.85	-0.7458527	23.294413	1
GPR155	0.29885218	0.3004949	0.3581956672272233	0.16053031	0.3	-0.90407634	7.2599964	1
LNPK	0.5433922	0.5454823	0.5751310713225838	0.3673849	0.575	-0.5701119	5.9509172	1
HOXD8	0.0028379953	0.0010827022	0.0016816697991888416	0.15070723	0.25	6.994475	7.3530784	1
LINC01116	0.004777711	0.0036233687	0.005539618162033831	0.10202211	0.19166666666666668	4.777543	5.6110344	1
AC079305.3	0.006271493	0.0063459496	0.009199723019091898	-1.0186341e-10	0.0	-6.0103226	19.796324	1
AC079305.1	0.0043041315	0.0043552336	0.0062320704322880605	-1.0186341e-10	0.0	-5.477431	13.86064	1
AC010680.2	0.005583157	0.0056494423	0.008606192501731131	-1.0186341e-10	0.0	-5.8453517	18.917482	1
CCDC141	0.86622167	0.87226486	0.7467603125927391	0.35719177	0.5083333333333333	-1.287829	25.790478	1
SESTD1	0.15289453	0.15052679	0.1982391927984964	0.3523448	0.5166666666666667	1.226419	7.1048646	1
ZNF385B	0.19405662	0.19563837	0.21406667326145018	0.060785368	0.1	-1.684759	10.900948	1
ITGA4	0.012168363	0.010187103	0.014145810663764961	0.17907341	0.2833333333333333	4.122448	7.286634	1
ITPRID2	0.1992602	0.19510065	0.24532594717578396	0.54965794	0.6583333333333333	1.4938388	13.097149	1
FRZB	0.37951493	0.38174978	0.36462558116529825	0.19131681	0.2916666666666667	-0.9962875	8.28331	1
DUSP19	0.03953802	0.039965995	0.05648432090216639	0.003492922	0.008333333333333333	-3.4791489	16.58862	1
AC021851.1	0.003883567	0.003929677	0.005737461667820754	-1.0186341e-10	0.0	-5.332594	12.633302	1
AC097500.1	0.0021390663	0.002164468	0.0030665743396972992	-1.0186341e-10	0.0	-4.501102	7.1548038	1
FAM171B	0.057522472	0.05570575	0.0789395588089821	0.210552	0.35	1.916376	6.33144	1
CALCRL	0.062166013	0.05224254	0.07221287961222674	0.8981338	0.9	4.101035	34.246365	1
TFPI	0.23990111	0.23242024	0.28093777821743	0.8701165	0.8666666666666667	1.904018	22.517237	1
OSGEPL1-AS1	0.0022766679	0.002303703	0.003264417845484222	-1.0186341e-10	0.0	-4.5871882	7.3631563	1
AC013468.1	0.0017218564	0.0017423056	0.0024730438223365316	-1.0186341e-10	0.0	-4.203442	5.353058	1
C2orf88	0.07622245	0.07681531	0.09684439608269858	0.026258035	0.058333333333333334	-1.545028	5.254487	1
AC093388.1	0.0020836915	0.0021084358	0.0034622613512711444	-1.0186341e-10	0.0	-4.4649544	7.951479	1
GLS	0.5663059	0.5634557	0.587397368681373	0.80642766	0.9	0.51716584	7.9524593	1
STAT4	0.007461512	0.0075500943	0.010584627559600357	-1.0186341e-10	0.0	-6.257407	22.667149	1
MYO1B	0.21729012	0.21339625	0.2601642101098032	0.5453486	0.6583333333333333	1.3532325	11.375766	1
AC068135.2	0.003462658	0.0035037715	0.004748244138886141	-1.0186341e-10	0.0	-5.1714373	10.812579	1
DNAH7	0.0050291414	0.00508885	0.00781481847858344	-1.0186341e-10	0.0	-5.6973443	16.683985	1
AC114760.2	0.0032861738	0.0033251925	0.0045504006330992185	-1.0186341e-10	0.0	-5.0981145	10.066583	1
HECW2	0.03018674	0.02213865	0.030467899891186073	0.70817065	0.75	4.99316	25.690563	1
C2orf66	0.0023318299	0.00235952	0.0035611831041646056	-1.0186341e-10	0.0	-4.6203065	8.12002	1
FTCDNL1	0.002797364	0.00283058	0.0045504006330992185	-1.0186341e-10	0.0	-4.873116	10.128485	1
AC005037.1	0.0021034672	0.0021284462	0.0030665743396972992	-1.0186341e-10	0.0	-4.4779677	6.970895	1
CFLAR	0.2223682	0.21982647	0.2744089425264616	0.43653604	0.5333333333333333	0.9894099	5.5736194	1
CFLAR-AS1	0.0018692984	0.0018914979	0.0027698090810169156	-1.0186341e-10	0.0	-4.3157835	6.561123	1
AC007279.2	0.0028988572	0.0029332782	0.0040557918686319125	-1.0186341e-10	0.0	-4.922807	9.194043	1
AC064836.2	0.0015628327	0.0015813942	0.0024730438223365316	-1.0186341e-10	0.0	-4.0715876	5.8895483	1
RAPH1	0.059875228	0.05816514	0.08259966366604016	0.20392169	0.31666666666666665	1.8080176	5.6809864	1
NRP2	0.21945617	0.20952812	0.2181224651300821	1.0558261	0.9166666666666666	2.3326046	28.950407	1
ADAM23	0.24199468	0.2434757	0.30329409437135224	0.117304005	0.21666666666666667	-1.0528886	7.461797	1
KLF7-IT1	0.0033434022	0.0033831	0.005045009397566525	-1.0186341e-10	0.0	-5.1223016	11.114501	1
CCNYL1	0.050913163	0.04937939	0.06954199228410328	0.18011783	0.30833333333333335	1.864842	5.6360536	1
MYL1	0.0014412678	0.0014583749	0.0022752003165496092	-1.0186341e-10	0.0	-3.961972	5.3873677	1
AC108066.2	0.0032526548	0.0032912756	0.005242852903353448	-1.0186341e-10	0.0	-5.083758	11.498884	1
SNHG31	0.0038218603	0.003867238	0.00544069640914037	-1.0186341e-10	0.0	-5.310065	11.840232	1
FN1	0.33589482	0.3304845	0.3081412602631319	0.7916937	0.7083333333333334	1.2601055	9.492056	1
AC098820.1	0.0027734805	0.0028064132	0.004352557127312296	-1.0186341e-10	0.0	-4.8611693	9.670972	1
IGFBP2	1.0660087	1.0523341	0.7303393016124246	2.2179968	1.0	1.0755924	44.55244	1
TNS1	0.3268963	0.32859114	0.3861905232960728	0.1841851	0.2916666666666667	-0.83479303	5.5995665	1
VIL1	0.002739772	0.0027723042	0.0038579483628449897	-1.0186341e-10	0.0	-4.844138	8.690154	1
TUBA4A	0.036638662	0.033351906	0.04669106736571372	0.3135241	0.475	3.2288759	12.749542	1
DNAJB2	0.32825494	0.33017525	0.39776436838460777	0.16655394	0.30833333333333335	-0.9868133	9.017996	1
SPEG	0.64692515	0.65136266	0.6449698288653675	0.2731624	0.4166666666666667	-1.2533957	20.489412	1
ASIC4	0.059761584	0.06024967	0.08022554159659709	0.018623177	0.041666666666666664	-1.6885207	5.488857	1
CHPF	0.35215592	0.35400012	0.4047878128400435	0.19686253	0.3416666666666667	-0.846236	6.7888746	1
OBSL1	0.7340863	0.7379248	0.705114254624592	0.41076064	0.6	-0.8450203	14.818574	1
AC009955.4	0.0020096253	0.0020334905	0.002967652586803838	-1.0186341e-10	0.0	-4.4151454	7.04213	1
SLC4A3	0.20031919	0.2017755	0.25996636660401623	0.07763888	0.15	-1.3767577	9.6112385	1
AC009955.2	0.0019907688	0.0020144102	0.002967652586803838	-1.0186341e-10	0.0	-4.402185	6.9970436	1
EPHA4	0.54111874	0.544506	0.47155999604312987	0.25584814	0.3333333333333333	-1.0893614	11.061182	1
MOGAT1	0.0019826475	0.0020061925	0.002967652586803838	-1.0186341e-10	0.0	-4.396567	6.5714974	1
WDFY1	0.15125361	0.14862795	0.19784350578692256	0.3724372	0.575	1.3247087	8.957321	1
CCL20	0.0027146472	0.0027468815	0.0034622613512711444	-1.0186341e-10	0.0	-4.831312	7.6074843	1
SPHKAP	0.6638788	0.66707104	0.6016421010980315	0.39502066	0.55	-0.7557635	9.957431	1
SP100	0.017788816	0.01441599	0.021169255119200713	0.3019172	0.425	4.378916	12.228044	1
LINC00471	0.0073277075	0.007414702	0.011277079829854585	-1.0186341e-10	0.0	-6.2316456	24.48443	1
ECEL1	0.0029879266	0.0030234049	0.00464932238599268	-1.0186341e-10	0.0	-4.9650493	10.342786	1
EIF4E2	0.40844306	0.40543258	0.4679988129389653	0.66207224	0.8	0.7073888	9.245326	1
NGEF	0.0058751	0.0059448504	0.008902957760411515	-1.0186341e-10	0.0	-5.9176364	18.86946	1
ACKR3	0.0069356854	0.0016431744	0.0027698090810169156	0.45278576	0.4666666666666667	8.021286	14.331678	1
RAB17	0.011128763	0.011260878	0.016025323968740728	-1.0186341e-10	0.0	-6.827932	34.131683	1
RBM44	0.0017729778	0.0017940338	0.0025719655752299933	-1.0186341e-10	0.0	-4.2433915	6.07609	1
ESPNL	0.0043360763	0.0043875575	0.0062320704322880605	-1.0186341e-10	0.0	-5.4878597	13.6711855	1
KLHL30	0.027596831	0.0278848	0.03996438816895835	0.0033462779	0.008333333333333333	-3.0215325	9.626634	1
LINC02610	0.009694611	0.009809702	0.015233949945593036	-1.0186341e-10	0.0	-6.630771	32.2374	1
GPC1	0.72753555	0.7321414	0.7022455237906816	0.33959165	0.5416666666666666	-1.1080936	22.262482	1
GPR35	0.002034202	0.0020583589	0.003165496092590761	-1.0186341e-10	0.0	-4.4318643	7.162311	1
LINC01238	0.002154582	0.002180168	0.0030665743396972992	-1.0186341e-10	0.0	-4.51107	7.027848	1
LRRN1	0.08219882	0.082827285	0.1039667622910278	0.02923477	0.058333333333333334	-1.4992352	5.338755	1
AC023480.1	0.0014117488	0.0014285055	0.002077356810762687	-1.0186341e-10	0.0	-3.9340513	5.0497894	1
AC026202.2	0.005146821	0.0052079265	0.007419131467009596	-1.0186341e-10	0.0	-5.7300777	16.188652	1
CAV3	0.0017366271	0.0017572516	0.0027698090810169156	-1.0186341e-10	0.0	-4.215099	6.611443	1
OXTR	0.0015226037	0.0015406876	0.002077356810762687	-1.0186341e-10	0.0	-4.03623	5.0943193	1
ARPC4	0.4698805	0.4671198	0.5229003857948363	0.7024922	0.8083333333333333	0.5885861	7.643998	1
HRH1	0.0020356316	0.0020598054	0.002967652586803838	-1.0186341e-10	0.0	-4.432831	6.804119	1
AC093495.1	0.0016673366	0.0016871386	0.0023741220694430704	-1.0186341e-10	0.0	-4.159581	5.839544	1
FGD5	0.0050068684	0.0017969651	0.0027698090810169156	0.2754149	0.45	7.1822934	13.508552	1
SH3BP5	0.13235027	0.120658726	0.1583737263824315	1.1172647	0.95	3.2099009	41.62302	1
EAF1-AS1	0.002674728	0.0027064884	0.003956870115738451	-1.0186341e-10	0.0	-4.8106956	8.796994	1
COLQ	0.03860362	0.039027456	0.05420912058561678	0.002907051	0.008333333333333333	-3.70176	21.052576	1
ANKRD28	0.05738634	0.055162802	0.07725788900979326	0.24468851	0.4	2.1471553	7.867589	1
DPH3	0.3603231	0.35798144	0.43288159066178655	0.5576172	0.7083333333333334	0.63924605	5.691009	1
RFTN1	0.1890237	0.19015639	0.2242556138094767	0.0935852	0.175	-1.0220518	5.3135166	1
AC090948.1	0.0022855606	0.0023127012	0.0033633395983776833	-1.0186341e-10	0.0	-4.592579	7.8037767	1
AC090948.3	0.0017214981	0.001741943	0.0022752003165496092	-1.0186341e-10	0.0	-4.203158	5.331998	1
SATB1-AS1	0.0039279093	0.0039745457	0.006330992185181522	-1.0186341e-10	0.0	-5.348569	13.673163	1
KCNH8	0.0026296554	0.0026608808	0.0037590266099515285	-1.0186341e-10	0.0	-4.7870584	8.502375	1
EFHB	0.0024283829	0.002457219	0.0034622613512711444	-1.0186341e-10	0.0	-4.6765056	7.8329678	1
THRB	0.0036242038	0.0036672351	0.005242852903353448	-1.0186341e-10	0.0	-5.235436	11.19147	1
SLC4A7	0.15605678	0.15393254	0.19982194084479177	0.33499172	0.48333333333333334	1.1213208	5.5560927	1
RBMS3-AS2	0.002773544	0.0028064775	0.004253635374418835	-1.0186341e-10	0.0	-4.8612013	9.671728	1
TGFBR2	0.23956965	0.2299728	0.28954397071916116	1.0480229	0.9166666666666666	2.1876454	36.272842	1
OSBPL10	0.018230904	0.015746003	0.023642298941537243	0.2275588	0.39166666666666666	3.8446825	11.481469	1
CMTM7	0.042039916	0.04030848	0.057869225442674845	0.187905	0.30833333333333335	2.218041	6.514712	1
CMTM6	0.3270437	0.32426783	0.39242259372836086	0.5609143	0.7	0.7904069	7.3378325	1
LINC01811	0.008795905	0.008900328	0.01315659313483035	-1.0186341e-10	0.0	-6.491907	27.629988	1
ARPP21	0.12801988	0.12889168	0.15214165595014342	0.05455802	0.1	-1.2387729	5.248309	1
AC126118.1	0.0025184099	0.0025483146	0.0037590266099515285	-1.0186341e-10	0.0	-4.727004	8.350671	1
AC097359.2	0.010766909	0.010894729	0.015728558710060344	-1.0186341e-10	0.0	-6.7806697	33.56844	1
CTDSPL	0.13123883	0.12744841	0.17172816302304877	0.4505381	0.6	1.8209243	12.729804	1
ACAA1	0.47411552	0.47586536	0.5277475516866159	0.32676917	0.525	-0.5421432	5.1052322	1
ACVR2B-AS1	0.0024307815	0.0024596462	0.0037590266099515285	-1.0186341e-10	0.0	-4.677874	8.502763	1
AC092053.4	0.004295079	0.0043460736	0.006330992185181522	-1.0186341e-10	0.0	-5.4744616	13.910694	1
XIRP1	0.32695496	0.32903525	0.3874765060836878	0.15178208	0.26666666666666666	-1.1157289	10.141338	1
CTNNB1	0.6217677	0.6179516	0.6306261746958156	0.94327104	0.8916666666666667	0.6100981	10.794544	1
HHATL	0.1065221	0.107357316	0.13196161835987733	0.036143184	0.08333333333333333	-1.5679821	8.088745	1
CCDC13	0.0041326447	0.0041817115	0.0062320704322880605	-1.0186341e-10	0.0	-5.4201174	13.734552	1
AC006059.4	0.0040115844	0.004059214	0.005737461667820754	-1.0186341e-10	0.0	-5.3782406	12.53488	1
HIGD1A	0.73916215	0.7417275	0.702542289049362	0.5231	0.6666666666666666	-0.5037211	6.398788	1
SNRK	0.06357788	0.055978008	0.07933524582055594	0.7038004	0.7916666666666666	3.6498642	27.277706	1
ABHD5	0.11086659	0.10879294	0.14986645563359383	0.2855453	0.4583333333333333	1.3913143	7.0145693	1
AC104187.1	0.004575363	0.0046296846	0.006825600949648828	-1.0186341e-10	0.0	-5.5636735	14.73161	1
ZKSCAN7	0.033515323	0.033913273	0.04847165891779602	-1.0186341e-10	0.0	-8.409956	44.55244	1
AC124045.1	0.01214563	0.012289816	0.0171134632505688	-1.0186341e-10	0.0	-6.9530125	36.059914	1
KIF15	0.0066691036	0.0067482796	0.010683549312493818	-1.0186341e-10	0.0	-6.097671	22.663855	1
ZDHHC3	0.18925452	0.18626577	0.24740330398654664	0.44101778	0.6166666666666667	1.243027	9.895186	1
LARS2	0.0521925	0.05261338	0.07468592343456326	0.016715774	0.041666666666666664	-1.648354	5.132529	1
LIMD1	0.07006198	0.06731702	0.09585517855376398	0.30129054	0.45	2.1604495	9.25758	1
TMIE	0.0030443952	0.0030805438	0.004748244138886141	-1.0186341e-10	0.0	-4.9912033	10.738556	1
MYL3	2.0188377	2.0307214	0.8129389652784648	1.0177832	0.6333333333333333	-0.9964914	20.085436	1
NBEAL2	0.012841639	0.011237096	0.016421010980314572	0.14801048	0.25833333333333336	3.7075508	6.87787	1
FBXW12	0.0019987058	0.0020224415	0.0027698090810169156	-1.0186341e-10	0.0	-4.4076543	6.520672	1
SHISA5	0.5064091	0.5036614	0.546641606489267	0.7379	0.825	0.55088025	7.050679	1
BSN-DT	0.0021997723	0.0022258945	0.002967652586803838	-1.0186341e-10	0.0	-4.5397153	6.9004083	1
INKA1	0.045007043	0.041869223	0.05895736472450292	0.30934665	0.48333333333333334	2.8822868	12.38108	1
RBM5-AS1	0.0076233484	0.0077138515	0.01088139281828074	-1.0186341e-10	0.0	-6.2879634	23.669468	1
SEMA3F-AS1	0.0016602209	0.0016799384	0.0027698090810169156	-1.0186341e-10	0.0	-4.153757	6.5199075	1
SLC38A3	0.0051970803	0.0052587828	0.007715896725689979	-1.0186341e-10	0.0	-5.743835	16.663328	1
GNAI2	0.88545555	0.8739377	0.7643683846077752	1.8557146	1.0	1.0862851	44.55244	1
U73166.1	0.010503455	0.010628147	0.015036106439806114	-1.0186341e-10	0.0	-6.7452583	31.465609	1
SEMA3B-AS1	0.007156844	0.0072418097	0.010782471065387279	-1.0186341e-10	0.0	-6.1980653	23.305552	1
HYAL2	0.28199664	0.27411377	0.34118112572954795	0.94606215	0.925	1.7867864	30.707878	1
DOCK3	0.0040656254	0.0041138963	0.0056385399149272925	-1.0186341e-10	0.0	-5.397084	12.417896	1
TEX264	0.31555137	0.3127283	0.3809476703927194	0.5533967	0.7166666666666667	0.82320386	7.8223505	1
GPR62	0.0034503187	0.003491286	0.004847165891779602	-1.0186341e-10	0.0	-5.16643	10.642831	1
TWF2	0.10991123	0.10736837	0.14798694232861806	0.32411373	0.5	1.593033	8.522523	1
AC006252.1	0.0014963446	0.0015141168	0.0023741220694430704	-1.0186341e-10	0.0	-4.0126743	5.588286	1
TNNC1	2.940255	2.9536674	0.97942427539816	1.8103383	0.9416666666666667	-0.70621717	28.220617	1
STAB1	0.0020263218	0.00063794974	0.0009892175289346128	0.118985265	0.21666666666666667	7.3342566	6.65772	1
TKT	0.55915964	0.5555629	0.5613809476703927	0.8621751	0.875	0.6339382	9.763175	1
CACNA1D	0.27926219	0.28134188	0.3300029676525868	0.104146175	0.18333333333333332	-1.4328424	12.60907	1
ERC2	0.19994523	0.20155919	0.24433672964684935	0.06396236	0.125	-1.6543702	13.423045	1
ARHGEF3	0.03443026	0.033109706	0.047284597883074486	0.14568368	0.25833333333333336	2.1341522	5.132688	1
FLNB	0.028360585	0.026010523	0.03739242259372836	0.2263387	0.35833333333333334	3.1164172	8.748571	1
AC135507.1	0.0023485024	0.0023763904	0.0035611831041646056	-1.0186341e-10	0.0	-4.6301684	8.163066	1
CADPS	0.10729451	0.10810268	0.14155702839054307	0.03919154	0.08333333333333333	-1.4614455	6.754358	1
PSMD6-AS1	0.0025543966	0.0025847286	0.0036601048570580673	-1.0186341e-10	0.0	-4.746706	8.282649	1
ADAMTS9	0.5541811	0.54596907	0.4985656345830448	1.2459834	0.9333333333333333	1.1902452	22.101276	1
KBTBD8	0.064280674	0.064930804	0.08804036007518053	0.009490833	0.016666666666666666	-2.7613955	11.1748085	1
EOGT	0.03935735	0.03733965	0.054505885844297164	0.2093368	0.35	2.483876	7.863768	1
AC109587.1	0.0021788338	0.0022047076	0.003165496092590761	-1.0186341e-10	0.0	-4.526513	7.293148	1
FRMD4B	1.0068167	1.0112369	0.7889999010782471	0.6344948	0.7166666666666667	-0.67235607	13.0716	1
MITF	0.6820179	0.68597716	0.6686121278069047	0.34855852	0.5333333333333333	-0.9765563	17.273289	1
FOXP1	0.74101126	0.744499	0.7050153328716985	0.4472254	0.625	-0.7351391	12.181207	1
AC097634.3	0.0019353015	0.0019582843	0.0027698090810169156	-1.0186341e-10	0.0	-4.363372	6.4297066	1
GXYLT2	0.15285285	0.15396981	0.203086358690276	0.05873857	0.11666666666666667	-1.38875	7.770741	1
PDZRN3-AS1	0.001746531	0.0017672731	0.0024730438223365316	-1.0186341e-10	0.0	-4.2228627	6.034976	1
LINC00960	0.10713124	0.105009526	0.14175487189633001	0.28585342	0.43333333333333335	1.4438866	6.444605	1
ROBO2	0.12128358	0.12218192	0.14689880304678998	0.045587156	0.09166666666666666	-1.4203506	6.580652	1
ROBO1	0.24814208	0.24454513	0.2904342664952023	0.5511923	0.6916666666666667	1.1721269	10.289375	1
GBE1	0.6404081	0.6431412	0.6200415471362153	0.41020626	0.5666666666666667	-0.64865875	8.280413	1
AC129807.1	0.0028691161	0.002903184	0.004451478880205757	-1.0186341e-10	0.0	-4.9084225	10.153641	1
LINC02008	0.004084686	0.004133183	0.006429913938074983	-1.0186341e-10	0.0	-5.403672	14.323648	1
EPHA3	0.10211206	0.102904834	0.13809476703927193	0.035307717	0.058333333333333334	-1.5405762	5.518136	1
STX19	0.0022140513	0.002240343	0.003165496092590761	-1.0186341e-10	0.0	-4.54865	7.1085963	1
MTRNR2L12	0.7857169	0.7890382	0.7155999604312988	0.5059592	0.6416666666666667	-0.6409717	9.314701	1
CLDND1	0.24228247	0.23998578	0.3036897813829261	0.43580255	0.6	0.86045563	6.026495	1
DCBLD2	0.49925092	0.5020084	0.5426847363735285	0.26701856	0.425	-0.91051865	10.809348	1
ABI3BP	0.0014691349	0.0014865841	0.002176278563656148	-1.0186341e-10	0.0	-3.9878535	5.0946546	1
AC020651.1	0.0017231276	0.0017435919	0.0022752003165496092	-1.0186341e-10	0.0	-4.2044487	5.4820485	1
CD47	0.31444168	0.31210712	0.36254822435453554	0.51114583	0.6583333333333333	0.7115139	5.524232	1
DZIP3	0.27069107	0.2720636	0.3398951429419329	0.15513702	0.275	-0.81000143	5.079783	1
NECTIN3-AS1	0.0049202703	0.0049786866	0.0073202097141161345	-1.0186341e-10	0.0	-5.666385	16.037424	1
CD96	0.001992452	0.0020161134	0.002967652586803838	-1.0186341e-10	0.0	-4.4033465	6.8585515	1
TBILA	0.014087409	0.014254554	0.021070333366307252	-1.0186341e-10	0.0	-7.165366	44.07532	1
AC112487.1	0.00402852	0.0040763505	0.006330992185181522	-1.0186341e-10	0.0	-5.3841724	13.911132	1
CCDC80	0.57576364	0.5798109	0.5426847363735285	0.23487027	0.3416666666666667	-1.3033531	17.27568	1
AC078785.1	0.007164556	0.0072496133	0.010485705806706895	-1.0186341e-10	0.0	-6.199598	22.615444	1
AC026329.1	0.0015819349	0.0016007231	0.0023741220694430704	-1.0186341e-10	0.0	-4.088078	5.7081733	1
LINC02024	0.00176445	0.0017854049	0.0025719655752299933	-1.0186341e-10	0.0	-4.236804	5.686786	1
IGSF11	0.0018224649	0.0018441083	0.0026708873281234544	-1.0186341e-10	0.0	-4.2810383	6.2956223	1
CD80	0.0029218032	0.0029564963	0.004748244138886141	-1.0186341e-10	0.0	-4.9338083	10.504706	1
POPDC2	0.9285557	0.9353647	0.7389454941141557	0.354967	0.5083333333333333	-1.3975921	30.988407	1
STXBP5L	0.0015362808	0.0015545272	0.0024730438223365316	-1.0186341e-10	0.0	-4.0483484	5.5642667	1
POLQ	0.0058495686	0.0059190164	0.008902957760411515	-1.0186341e-10	0.0	-5.911457	18.403484	1
HCLS1	0.0023303046	0.0011416678	0.0017805915520823028	0.10246339	0.18333333333333332	6.3680925	5.400802	1
PARP14	0.09390408	0.09113945	0.12572954792758928	0.32679126	0.5	1.841081	9.946045	1
ADCY5	0.4129618	0.41609484	0.44999505391235534	0.14910977	0.25	-1.479917	18.247866	1
AC112503.1	0.0035518124	0.0035939843	0.004946087644673063	-1.0186341e-10	0.0	-5.2071075	11.250605	1
AC092902.4	0.0016516002	0.0016712154	0.0022752003165496092	-1.0186341e-10	0.0	-4.1466694	5.405183	1
ALG1L	0.0065771136	0.0066551976	0.010188940548026512	-1.0186341e-10	0.0	-6.0779276	21.949125	1
AC016924.1	0.0026781633	0.0027099645	0.004154713621525374	-1.0186341e-10	0.0	-4.8124814	9.565067	1
PLXND1	0.113059096	0.104215495	0.14313977643683845	0.85805434	0.8583333333333333	3.0402837	32.835815	1
TRH	1.6137486	1.6205415	0.8746661390839846	1.0415165	0.85	-0.6377407	14.718842	1
AC130888.1	0.0032875312	0.003326566	0.0045504006330992185	-1.0186341e-10	0.0	-5.098693	10.193492	1
AC010210.1	0.006712741	0.0067924354	0.009595410030665743	-1.0186341e-10	0.0	-6.1069436	20.77003	1
CPNE4	0.0052642194	0.0053267186	0.0073202097141161345	-1.0186341e-10	0.0	-5.7620096	16.056423	1
ACPP	0.051961906	0.052478727	0.07221287961222674	0.008402593	0.016666666666666666	-2.6285043	9.765257	1
ACKR4	0.0027567472	0.0027894813	0.004154713621525374	-1.0186341e-10	0.0	-4.8527403	9.472602	1
SLC35G2	0.039211817	0.03753649	0.05341774656246909	0.18034993	0.2916666666666667	2.2613945	6.133376	1
MRAS	0.5246846	0.5277835	0.5491146503116036	0.2636885	0.4083333333333333	-1.000838	13.06907	1
TFDP2	0.5991974	0.6013154	0.6206350776535761	0.42082736	0.6416666666666667	-0.51479053	6.3401647	1
CHST2	0.012931376	0.010511656	0.01473934118112573	0.21677211	0.3416666666666667	4.3531227	9.337172	1
HLTF	0.52207404	0.52407664	0.5607874171530319	0.35342225	0.5333333333333333	-0.5682521	5.6424475	1
TM4SF18	0.02095848	0.0043441416	0.00544069640914037	1.4205773	0.9583333333333334	8.320458	44.55244	1
TM4SF1	0.040317338	0.02012479	0.02255415965970917	1.7413708	0.975	6.4280376	44.55244	1
WWTR1	0.5316507	0.51925415	0.5505984766050055	1.5759581	0.9833333333333333	1.6015302	44.55244	1
COMMD2	0.3305426	0.32823232	0.4012266297358789	0.525184	0.7	0.6779409	5.9959507	1
RNF13	0.17423236	0.17209873	0.22712434464338707	0.35396224	0.5166666666666667	1.0399284	6.1285934	1
PFN2	0.6530249	0.6494899	0.6511029775447621	0.950854	0.9416666666666667	0.54984635	11.850438	1
SERP1	0.56272084	0.55826306	0.5924423780789395	0.9382514	0.9	0.74892473	14.858523	1
GPR171	0.0070073805	0.0070905723	0.009991097042239588	-1.0186341e-10	0.0	-6.168036	21.746492	1
RAP2B	0.16595683	0.16207425	0.20724107231180136	0.4930188	0.6166666666666667	1.6043905	12.154147	1
MME	0.0041515725	0.0018341708	0.002868730833910377	0.19937381	0.25833333333333336	6.68834	6.8702765	1
AC104472.5	0.0014768314	0.001494372	0.002077356810762687	-1.0186341e-10	0.0	-3.9949179	5.0526757	1
TIPARP	0.49464482	0.49682802	0.5203284202196063	0.3107819	0.49166666666666664	-0.6766703	6.303497	1
LEKR1	0.0063039204	0.0063787615	0.008902957760411515	-1.0186341e-10	0.0	-6.0176477	19.145073	1
LINC00880	0.04659986	0.04715313	0.06162825205262637	-1.0186341e-10	0.0	-8.884268	44.55244	1
LINC02029	0.0020281782	0.0020522636	0.002868730833910377	-1.0186341e-10	0.0	-4.4277844	6.7874813	1
LINC00881	0.7507173	0.75372124	0.6372539321396775	0.49769256	0.6583333333333333	-0.5986779	8.376128	1
VEPH1	0.0036896677	0.00096886273	0.0013849045405084578	0.23289512	0.375	7.7680793	11.408627	1
LXN	0.05817093	0.051511046	0.07122366208329212	0.6192055	0.7083333333333334	3.5848994	21.460457	1
AC080013.1	0.005261913	0.0053243847	0.008012661984370364	-1.0186341e-10	0.0	-5.761389	17.511068	1
AC080013.5	0.0015276312	0.0015457748	0.0023741220694430704	-1.0186341e-10	0.0	-4.0406966	5.5030847	1
C3orf80	0.0016444621	0.0016639926	0.0027698090810169156	-1.0186341e-10	0.0	-4.1407743	6.521323	1
LINC01324	0.0021888844	0.0022148776	0.0035611831041646056	-1.0186341e-10	0.0	-4.5328655	8.225932	1
SERPINI1	0.76394546	0.76709974	0.6029280838856464	0.4982618	0.625	-0.6224088	8.025345	1
AC079822.1	0.0041347495	0.004183841	0.005539618162033831	-1.0186341e-10	0.0	-5.4208345	12.256647	1
AC069243.1	0.024225892	0.024473248	0.03383123948956376	0.0033813766	0.008333333333333333	-2.8193588	7.4393806	1
MECOM	0.032882754	0.027874945	0.039568701157384506	0.45475322	0.5666666666666667	4.023194	17.261248	1
AC078802.1	0.0018865055	0.0019089092	0.002967652586803838	-1.0186341e-10	0.0	-4.328342	6.860997	1
CLDN11	0.0032570725	0.0032957457	0.004946087644673063	-1.0186341e-10	0.0	-5.085658	10.517924	1
SLC2A2	0.0035013258	0.0035428985	0.005045009397566525	-1.0186341e-10	0.0	-5.1870165	10.979869	1
AC092919.1	0.0019074808	0.0019301336	0.003264417845484222	-1.0186341e-10	0.0	-4.3435044	7.538466	1
PLD1	0.058797527	0.05656865	0.07903848056187555	0.24654736	0.38333333333333336	2.1218271	7.9211802	1
TNFSF10	0.0040075816	0.000982576	0.0015827480462953804	0.2588396	0.31666666666666665	7.9020033	8.914912	1
NCEH1	0.028360803	0.026988832	0.037788109605302204	0.14394353	0.24166666666666667	2.410735	5.1016345	1
PEX5L	0.003593168	0.0036358307	0.0051439311504599865	-1.0186341e-10	0.0	-5.2233586	11.131882	1
CCDC39	0.0027852228	0.0028182948	0.0038579483628449897	-1.0186341e-10	0.0	-4.8670554	8.866022	1
SOX2-OT	0.004419247	0.004471716	0.0067266791967553665	-1.0186341e-10	0.0	-5.514665	14.919866	1
AC131235.2	0.0015840131	0.0016028259	0.0022752003165496092	-1.0186341e-10	0.0	-4.0898604	5.295377	1
EPHB3	0.5176385	0.52181494	0.5497081808289643	0.16588323	0.2916666666666667	-1.6527772	25.558321	1
MAGEF1	1.0463657	1.0504272	0.848155109308537	0.7042445	0.7916666666666666	-0.5767603	11.682943	1
AC107294.2	0.43337008	0.43695927	0.45830448115540606	0.1310785	0.24166666666666667	-1.7362977	24.447718	1
AC107294.3	0.01970386	0.019937675	0.028291621327529923	-1.0186341e-10	0.0	-7.646573	44.55244	1
LIPH	0.12360472	0.12461022	0.15916510040557919	0.03888118	0.075	-1.6777301	8.1407795	1
IGF2BP2-AS1	0.0017136505	0.0017340023	0.0023741220694430704	-1.0186341e-10	0.0	-4.196925	5.5861287	1
MASP1	1.4840002	1.493355	0.9002868730833911	0.6959726	0.7333333333333333	-1.1013441	31.551575	1
P3H2	0.3998738	0.40196136	0.4356513997428034	0.2240879	0.30833333333333335	-0.8427072	6.071363	1
CLDN1	0.0064824694	0.0048914487	0.007419131467009596	0.14051318	0.225	4.8161297	5.8857512	1
CCDC50	0.41386676	0.4094318	0.4727470570778514	0.78750587	0.875	0.94349855	15.713195	1
FGF12	0.010800722	0.00899708	0.012266297358789197	0.16274303	0.275	4.161935	7.442761	1
LINC02028	0.0032603731	0.0032990854	0.004946087644673063	-1.0186341e-10	0.0	-5.087076	11.129442	1
LINC00887	0.0020293319	0.002053431	0.002967652586803838	-1.0186341e-10	0.0	-4.428567	6.9267745	1
ATP13A3	1.0942461	1.1002893	0.835493124938174	0.58519316	0.6833333333333333	-0.9107828	20.880129	1
AC108676.1	0.00365946	0.0037029097	0.005242852903353448	-1.0186341e-10	0.0	-5.2490335	11.727961	1
FAM43A	0.05012075	0.044674225	0.06340884360470868	0.5089457	0.675	3.5070548	21.255268	1
AC090018.2	0.0019755245	0.001998985	0.0030665743396972992	-1.0186341e-10	0.0	-4.3916216	6.797692	1
ACAP2	0.3462342	0.34344172	0.40864576120288854	0.5815018	0.75	0.75954646	7.4837484	1
TNK2	0.28393978	0.2855085	0.34543476110396676	0.15185805	0.26666666666666666	-0.9103659	6.581161	1
AC124944.3	0.0015529576	0.0015714018	0.0023741220694430704	-1.0186341e-10	0.0	-4.0629883	5.729472	1
TFRC	0.44159782	0.44382426	0.4704718567613018	0.2541085	0.38333333333333336	-0.80430144	7.4167013	1
AC117490.2	0.0029732033	0.0030085067	0.004352557127312296	-1.0186341e-10	0.0	-4.9581513	9.738162	1
SMCO1	0.0065621836	0.0066400906	0.009496488277772282	-1.0186341e-10	0.0	-6.0746975	20.482878	1
PAK2	0.6843161	0.6804126	0.6785043030962509	1.0131707	0.9166666666666666	0.5743259	11.561077	1
MELTF	0.005511196	0.005576627	0.00781481847858344	-1.0186341e-10	0.0	-5.8269634	17.0825	1
ZNF732	0.0022635062	0.002290385	0.0033633395983776833	-1.0186341e-10	0.0	-4.5791726	7.5182257	1
AC092574.1	0.0014593652	0.0014766871	0.0023741220694430704	-1.0186341e-10	0.0	-3.978826	5.6626515	1
AC107464.1	0.0031212897	0.003158351	0.004847165891779602	-1.0186341e-10	0.0	-5.0260715	10.627247	1
SLC26A1	0.008064921	0.008160667	0.011573845088534969	-1.0186341e-10	0.0	-6.368188	24.890392	1
FAM53A	0.0018357058	0.0018575065	0.002868730833910377	-1.0186341e-10	0.0	-4.2909465	6.4637694	1
FGFR3	0.005607664	0.00567424	0.008606192501731131	-1.0186341e-10	0.0	-5.8515606	18.882378	1
TNIP2	0.17353868	0.17138697	0.2308833712533386	0.35479343	0.5666666666666667	1.0492868	6.921295	1
SH3BP2	0.060899556	0.059047394	0.08329211593629439	0.21691504	0.35833333333333334	1.8754085	6.545669	1
MFSD10	0.30303547	0.29949448	0.36591156395291324	0.6013681	0.7416666666666667	1.0054774	10.302722	1
RGS12	0.0678165	0.06560239	0.09229399544959936	0.2543253	0.4166666666666667	1.9532243	8.10324	1
PSAPL1	0.0020534943	0.0020778803	0.0026708873281234544	-1.0186341e-10	0.0	-4.4448543	6.4963603	1
LINC02517	0.0018942602	0.0019167558	0.002868730833910377	-1.0186341e-10	0.0	-4.333966	6.5286465	1
AC108519.1	0.007965591	0.008060157	0.011474923335641507	-1.0186341e-10	0.0	-6.3505263	24.506666	1
AC105916.1	0.0018889221	0.0019113544	0.0025719655752299933	-1.0186341e-10	0.0	-4.3300967	6.095989	1
LDB2	0.058700114	0.04825983	0.06815708774359482	0.9382064	0.8916666666666667	4.278178	37.8513	1
AC006160.1	0.0016150554	0.0016342368	0.0025719655752299933	-1.0186341e-10	0.0	-4.1162305	5.907322	1
SLIT2	0.47840145	0.48081127	0.4835295281432387	0.27545705	0.4083333333333333	-0.80341965	7.565389	1
SLIT2-IT1	0.002276435	0.0023034676	0.0034622613512711444	-1.0186341e-10	0.0	-4.587047	7.8736672	1
AC096576.3	0.0015458553	0.0015642152	0.002176278563656148	-1.0186341e-10	0.0	-4.0567718	5.252913	1
SOD3	0.16768144	0.16892818	0.2027895934315956	0.06263336	0.1	-1.429959	7.1008825	1
STIM2	0.17246164	0.1698194	0.226036205361559	0.3950375	0.5416666666666666	1.2175041	7.4385667	1
PCDH7	1.6093905	1.6171893	0.9449005836383421	0.95241004	0.8833333333333333	-0.7637716	26.78227	1
LINC02506	0.002077706	0.0021023792	0.002967652586803838	-1.0186341e-10	0.0	-4.460993	7.004787	1
KLF3	0.15560175	0.15203457	0.20071223662083293	0.45609593	0.6166666666666667	1.5843056	11.420346	1
FAM114A1	0.31209502	0.30950937	0.3708576515975863	0.52993995	0.7	0.77565205	6.9462643	1
KLHL5	0.112517506	0.10992126	0.15293302997329114	0.33121857	0.5166666666666667	1.5904366	8.956195	1
RBM47	0.0016643084	0.0016840744	0.0025719655752299933	-1.0186341e-10	0.0	-4.1571054	5.905093	1
UCHL1	0.2626316	0.24594213	0.27549708180828963	1.6685939	0.8666666666666667	2.761742	32.706318	1
LIMCH1	0.028341318	0.023353636	0.0311603521614403	0.44851252	0.5916666666666667	4.2575865	17.870483	1
AC114757.1	0.002661573	0.00036836017	0.0006924522702542289	0.1958458	0.30833333333333335	8.70862	9.358301	1
YIPF7	0.0014169731	0.0014337918	0.002077356810762687	-1.0186341e-10	0.0	-3.939032	5.154824	1
GABRA4	0.0014692969	0.0014867481	0.0023741220694430704	-1.0186341e-10	0.0	-3.9880025	5.7311425	1
CORIN	0.6246052	0.62901294	0.5961024829359977	0.2533487	0.36666666666666664	-1.3116254	18.778309	1
LRRC66	0.0022544784	0.00228125	0.0038579483628449897	-1.0186341e-10	0.0	-4.573649	8.58367	1
RASL11B	0.017348748	0.017554607	0.02423582945889801	-1.0186341e-10	0.0	-7.4639025	44.55244	1
KDR	0.5207308	0.51145667	0.4723513700662776	1.302003	0.9666666666666667	1.3478776	32.261074	1
NMU	0.0016906387	0.0017107173	0.0025719655752299933	-1.0186341e-10	0.0	-4.178491	5.815298	1
AC068620.1	0.0032869342	0.0033259618	0.004946087644673063	-1.0186341e-10	0.0	-5.0984387	11.144052	1
SRP72	0.4038311	0.40059617	0.4658225343753091	0.6763708	0.8	0.75551903	9.169214	1
HOPX	0.044891533	0.03557999	0.03482045701849837	0.8293126	0.825	4.5389028	32.046062	1
IGFBP7	1.9236752	1.9311476	0.9416361657928578	1.2943183	0.9083333333333333	-0.57722914	16.940897	1
IGFBP7-AS1	0.0036762743	0.0037199236	0.005341774656246909	-1.0186341e-10	0.0	-5.255473	12.017729	1
AC111197.1	0.0014503339	0.0014675485	0.0023741220694430704	-1.0186341e-10	0.0	-3.9704397	5.6072683	1
AC020741.1	0.0051530804	0.0052142604	0.007518053219903057	-1.0186341e-10	0.0	-5.7317986	16.518387	1
TECRL	1.731898	1.7402364	0.9400534177465625	1.0294166	0.875	-0.7573992	25.045109	1
LINC02232	0.015192163	0.0153724225	0.02186170738945494	-1.0186341e-10	0.0	-7.2735567	44.55244	1
EPHA5-AS1	0.001841986	0.0018638613	0.0027698090810169156	-1.0186341e-10	0.0	-4.295623	6.5162373	1
SULT1E1	0.0070465105	0.0071301665	0.0062320704322880605	-1.0186341e-10	0.0	-6.1759586	11.786017	1
FDCSP	0.0027598024	0.0027925728	0.0040557918686319125	-1.0186341e-10	0.0	-4.854283	9.130283	1
ADAMTS3	0.1883668	0.1896149	0.21208823820358097	0.083204694	0.125	-1.1873633	5.2023616	1
BTC	0.0025724487	0.002602995	0.0037590266099515285	-1.0186341e-10	0.0	-4.7564883	8.490843	1
STBD1	0.39859113	0.4004066	0.44603818379661686	0.24571648	0.38333333333333336	-0.70424426	5.692741	1
SEPTIN11	0.22355165	0.21991812	0.2684736373528539	0.52967924	0.6666666666666666	1.267769	11.212317	1
CNOT6L	0.19094393	0.18769233	0.24601839944603818	0.4648559	0.625	1.3079557	9.942989	1
BMP2K	0.089848034	0.0880479	0.12256405183499852	0.24148123	0.4166666666666667	1.4545103	6.568168	1
LINC01088	0.006890373	0.0069721756	0.010188940548026512	-1.0186341e-10	0.0	-6.1440835	21.708532	1
FGF5	0.0017770415	0.0017981457	0.002868730833910377	-1.0186341e-10	0.0	-4.2465205	6.703059	1
PLAC8	0.0023105042	0.002337941	0.003264417845484222	-1.0186341e-10	0.0	-4.607593	7.014278	1
WDFY3-AS1	0.0031753313	0.0032130342	0.00464932238599268	-1.0186341e-10	0.0	-5.0500827	10.410234	1
PPM1K	1.1678697	1.1746148	0.8317340983282224	0.5996911	0.675	-0.9697784	22.946966	1
PPM1K-DT	0.004560604	0.004614751	0.0067266791967553665	-1.0186341e-10	0.0	-5.559111	14.630964	1
PIGY-DT	0.0023851437	0.0024134666	0.0035611831041646056	-1.0186341e-10	0.0	-4.651608	8.317706	1
AC093866.1	0.0018639365	0.0018860722	0.0027698090810169156	-1.0186341e-10	0.0	-4.3118477	6.2845693	1
PDLIM5	1.5687706	1.5748383	0.9543970719161143	1.0576273	0.9333333333333333	-0.5743275	21.92408	1
AC019077.1	0.0018891807	0.0019116161	0.0027698090810169156	-1.0186341e-10	0.0	-4.3302846	6.550058	1
AC019131.2	0.0018840419	0.0019064163	0.0026708873281234544	-1.0186341e-10	0.0	-4.3265505	6.132524	1
DAPP1	0.0033418955	0.0033815755	0.005242852903353448	-1.0186341e-10	0.0	-5.12167	11.412212	1
DNAJB14	0.3886523	0.38634712	0.449500445147888	0.5828656	0.7166666666666667	0.5931399	5.2331195	1
AC097460.1	0.0016332866	0.0016526844	0.0023741220694430704	-1.0186341e-10	0.0	-4.131496	5.6948996	1
EMCN	0.03289896	0.0229716	0.027895934315956078	0.8691969	0.775	5.235659	24.436274	1
BANK1	0.003196186	0.0032341364	0.004748244138886141	-1.0186341e-10	0.0	-5.0592427	10.842801	1
LINC02428	0.0016475123	0.001667079	0.0026708873281234544	-1.0186341e-10	0.0	-4.1432962	5.973706	1
CXXC4-AS1	0.0046422356	0.0046973517	0.006528835690968444	-1.0186341e-10	0.0	-5.5841675	14.019777	1
NPNT	0.23457403	0.23596442	0.26402215847264815	0.11752632	0.21666666666666667	-1.0049696	6.427146	1
AC092445.1	0.0025260348	0.0025560302	0.0037590266099515285	-1.0186341e-10	0.0	-4.731201	8.50819	1
AC096564.1	0.0016294236	0.0016487755	0.0027698090810169156	-1.0186341e-10	0.0	-4.1282744	6.137285	1
CFI	0.0020462514	0.0020705513	0.002967652586803838	-1.0186341e-10	0.0	-4.439991	6.850526	1
ELOVL6	0.27914134	0.280887	0.33682856860223565	0.13216424	0.225	-1.0870802	7.7024403	1
AC109347.1	0.008547505	0.0086489795	0.012563062617469582	-1.0186341e-10	0.0	-6.451044	26.350422	1
ANK2	0.25760606	0.2592448	0.324463349490553	0.119632624	0.2	-1.1150551	7.3986964	1
AC093879.1	0.003225308	0.0032636041	0.00464932238599268	-1.0186341e-10	0.0	-5.0719376	10.500412	1
CAMK2D	0.8715169	0.87637407	0.7650608368780295	0.46236148	0.625	-0.92237824	17.726404	1
ARSJ	0.0033172471	0.0033566346	0.004748244138886141	-1.0186341e-10	0.0	-5.1112976	10.253399	1
AC092661.1	0.0015169549	0.0015349718	0.0022752003165496092	-1.0186341e-10	0.0	-4.031195	5.4842505	1
MYOZ2	0.9348581	0.9405505	0.7722821248392522	0.45534462	0.625	-1.0463833	23.524971	1
AC093752.3	0.0015990764	0.0016180682	0.002077356810762687	-1.0186341e-10	0.0	-4.102717	5.091269	1
LINC02502	0.0023086222	0.0023360369	0.0034622613512711444	-1.0186341e-10	0.0	-4.606466	7.7151046	1
ANXA5	0.9884515	0.98323464	0.8103669997032348	1.427954	0.9666666666666667	0.5382961	16.561804	1
TRPC3	0.16486192	0.16598888	0.21189039469779405	0.06990496	0.125	-1.2464263	5.9673343	1
AC053545.1	0.0029387565	0.002973651	0.004253635374418835	-1.0186341e-10	0.0	-4.941883	9.619317	1
AC021205.3	0.0015165611	0.0015345733	0.0022752003165496092	-1.0186341e-10	0.0	-4.0308437	5.3650064	1
SPRY1	0.099279165	0.092187546	0.11474923335641507	0.69668335	0.7583333333333333	2.9165022	23.726898	1
LINC01091	0.0013803281	0.0013967118	0.0024730438223365316	-1.0186341e-10	0.0	-3.903726	5.849796	1
PCDH10	0.06675622	0.064721614	0.08170936788999901	0.2381421	0.36666666666666664	1.8778815	6.661235	1
AC015631.1	0.0019558254	0.0019790519	0.0027698090810169156	-1.0186341e-10	0.0	-4.3778553	6.5749393	1
AC093766.1	0.0017025337	0.0017227535	0.0026708873281234544	-1.0186341e-10	0.0	-4.188049	6.3644323	1
MGST2	0.49657893	0.49144936	0.5426847363735285	0.92871594	0.9166666666666666	0.9180565	18.50994	1
TBC1D9	0.0366404	0.034650486	0.051142546245919476	0.20428029	0.3333333333333333	2.556151	7.246875	1
RNF150	0.315111	0.3168398	0.37619942625383324	0.16955349	0.2833333333333333	-0.90161765	6.5151863	1
INPP4B	0.18160069	0.18271877	0.22662973587891977	0.08739303	0.18333333333333332	-1.0631742	6.2465234	1
AC104596.1	0.005535856	0.0056015793	0.008606192501731131	-1.0186341e-10	0.0	-5.833291	18.512983	1
SMARCA5-AS1	0.0025945646	0.0026253734	0.0037590266099515285	-1.0186341e-10	0.0	-4.7683835	8.664381	1
HHIP	0.002146864	0.0021723583	0.002967652586803838	-1.0186341e-10	0.0	-4.50612	6.749369	1
SMAD1	0.19712849	0.19287015	0.2529429221485805	0.5558498	0.6916666666666667	1.5265769	13.75445	1
NR3C2	0.019206937	0.019400673	0.027797012563062617	0.0028794473	0.008333333333333333	-2.7104073	6.4312024	1
AC002460.2	0.0027485052	0.0027811413	0.0040557918686319125	-1.0186341e-10	0.0	-4.8485703	9.31785	1
MAB21L2	0.0032066943	0.0032447695	0.00464932238599268	-1.0186341e-10	0.0	-5.0638366	9.967702	1
AC095055.1	0.0064512035	0.006527793	0.009199723019091898	-1.0186341e-10	0.0	-6.050458	19.435787	1
DCHS2	0.0016076779	0.0016267716	0.0022752003165496092	-1.0186341e-10	0.0	-4.110007	5.406972	1
FGB	0.0021957683	0.002221843	0.0025719655752299933	-1.0186341e-10	0.0	-4.5372	5.3151503	1
MAP9	0.45871183	0.46108872	0.5119200712236621	0.2585351	0.4166666666666667	-0.8344392	8.599404	1
GLRB	0.007616778	0.0077072037	0.011573845088534969	-1.0186341e-10	0.0	-6.2867355	25.091295	1
GASK1B	0.11106314	0.10898509	0.14828370758729845	0.28610778	0.4083333333333333	1.3916088	5.8182	1
CPE	0.804445	0.8077229	0.72677811850826	0.52833235	0.6666666666666666	-0.61232024	9.412183	1
PALLD	1.4314337	1.4388758	0.9225442674844199	0.8045039	0.8666666666666667	-0.8386917	28.72114	1
AC105285.1	0.0061157797	0.0061883875	0.009496488277772282	-1.0186341e-10	0.0	-5.9746194	20.346596	1
HAND2	0.6546524	0.65800786	0.6195469383717479	0.37203628	0.5166666666666667	-0.8224932	11.165587	1
LINC02269	0.0032274225	0.0032657436	0.0038579483628449897	-1.0186341e-10	0.0	-5.072855	7.5573173	1
HPGD	0.0047672573	0.0028685362	0.0038579483628449897	0.16471921	0.225	5.794989	6.083797	1
SPATA4	0.0058061904	0.005875123	0.008408348995944209	-1.0186341e-10	0.0	-5.900898	18.275053	1
ASB5	0.0018225773	0.0018442221	0.0026708873281234544	-1.0186341e-10	0.0	-4.2811227	6.284547	1
SPCS3	0.5366388	0.53296465	0.573449401523395	0.8461664	0.9	0.66680133	12.407232	1
VEGFC	0.02734897	0.025447099	0.038480561875556436	0.18757206	0.325	2.8769825	8.017623	1
AC107214.2	0.001656361	0.0016760328	0.002176278563656148	-1.0186341e-10	0.0	-4.1505876	5.2935457	1
AC099343.2	0.0017322357	0.001752808	0.0026708873281234544	-1.0186341e-10	0.0	-4.2116427	6.3396015	1
CFAP97	0.43883532	0.44095075	0.4960925907607083	0.26068243	0.4083333333333333	-0.758098	6.984944	1
PDLIM3	0.3876761	0.3909667	0.3941042635275497	0.11055074	0.20833333333333334	-1.8214016	25.009212	1
SORBS2	1.5464206	1.5552837	0.9367889999010782	0.7998035	0.8333333333333334	-0.95937264	31.583946	1
AC108472.1	0.008381337	0.0084808385	0.011969532100108813	-1.0186341e-10	0.0	-6.423048	26.257662	1
FAT1	0.37865	0.38101342	0.4349589474725492	0.1796183	0.3	-1.084483	10.390178	1
LINC01060	0.0018104491	0.0018319499	0.0026708873281234544	-1.0186341e-10	0.0	-4.2719874	6.161376	1
AC021087.1	0.0020479339	0.0020722537	0.0030665743396972992	-1.0186341e-10	0.0	-4.441122	7.020886	1
NKD2	0.0024604246	0.002489641	0.003956870115738451	-1.0186341e-10	0.0	-4.6946816	8.869439	1
LINC02116	0.009848969	0.009965892	0.013849045405084578	-1.0186341e-10	0.0	-6.6533327	29.206797	1
IRX4	0.77058744	0.7745412	0.6873083391037689	0.43755516	0.625	-0.8237337	14.072478	1
IRX2	0.6085569	0.6124129	0.5064793748145218	0.28377643	0.35	-1.1094773	11.326013	1
C5orf38	0.31315407	0.31557935	0.33455336828568605	0.1089301	0.175	-1.5337334	13.333297	1
MED10	0.31064752	0.30817366	0.3803541398753586	0.51908386	0.675	0.752034	5.674366	1
AC091965.4	0.0022663714	0.0022932843	0.003165496092590761	-1.0186341e-10	0.0	-4.580921	7.2516365	1
SEMA5A	0.52333486	0.5256586	0.5383321792462162	0.32762906	0.475	-0.68189704	6.7489815	1
SNHG18	0.35729674	0.3591683	0.42091205856167774	0.19970655	0.3	-0.8464577	5.949051	1
AC012629.2	0.0046649436	0.0047203293	0.0067266791967553665	-1.0186341e-10	0.0	-5.591061	14.745269	1
CTNND2	0.2493058	0.25093785	0.29943614600850726	0.111902036	0.19166666666666668	-1.1643798	7.970771	1
AC016575.1	0.0032497628	0.0032883491	0.004946087644673063	-1.0186341e-10	0.0	-5.0825124	11.067559	1
RETREG1	0.1489259	0.15016863	0.18765456523889604	0.044216335	0.08333333333333333	-1.7616333	10.63872	1
MYO10	0.039756313	0.02965051	0.04194282322682758	0.89108896	0.7916666666666666	4.904745	30.727375	1
LINC02211	0.0020315358	0.002055661	0.0026708873281234544	-1.0186341e-10	0.0	-4.43006	6.229851	1
CDH6	0.00335738	0.0033972438	0.004946087644673063	-1.0186341e-10	0.0	-5.128148	10.967498	1
NPR3	0.008619038	0.004235003	0.006034226926501137	0.37793776	0.44166666666666665	6.4463534	12.578613	1
ADAMTS12	0.24283992	0.2442925	0.3028984073597784	0.12055158	0.21666666666666667	-1.0183532	6.151356	1
SLC45A2	0.0025150115	0.002544876	0.0038579483628449897	-1.0186341e-10	0.0	-4.7251296	8.5255	1
RAI14	0.10982393	0.106169455	0.14086457612028885	0.41767097	0.55	1.9749851	11.333025	1
TTC23L	0.001716579	0.0017369655	0.0025719655752299933	-1.0186341e-10	0.0	-4.199254	6.1329117	1
PRLR	0.004465215	0.0045182295	0.0067266791967553665	-1.0186341e-10	0.0	-5.529269	13.808393	1
RANBP3L	0.0037263439	0.0037705875	0.005242852903353448	-1.0186341e-10	0.0	-5.2744823	11.396652	1
AC025449.2	0.004051843	0.0040999507	0.006330992185181522	-1.0186341e-10	0.0	-5.392302	13.852326	1
LIFR	0.12354429	0.121753916	0.16490256207339993	0.27435064	0.425	1.171394	5.061989	1
OSMR	0.0044037453	0.0029222474	0.004451478880205757	0.12920831	0.25	5.4190493	7.2460313	1
RICTOR	0.18330672	0.18126352	0.2365219111682659	0.3554181	0.5166666666666667	0.9710386	5.12393	1
DAB2	0.19767515	0.19145718	0.22979523197151053	0.7214839	0.7833333333333333	1.913392	20.423527	1
C7	0.2054985	0.2068132	0.22029874369373825	0.09482908	0.175	-1.1241035	6.4469156	1
OXCT1	0.38409075	0.38653088	0.44603818379661686	0.1786005	0.3333333333333333	-1.1134131	13.200095	1
OXCT1-AS1	0.004500253	0.0045536836	0.00702344445543575	-1.0186341e-10	0.0	-5.5403028	15.342919	1
AC025171.4	0.0029957376	0.0030313085	0.004451478880205757	-1.0186341e-10	0.0	-4.968695	9.991664	1
AC114956.3	0.0014909705	0.0015086789	0.0022752003165496092	-1.0186341e-10	0.0	-4.007806	5.3834043	1
NNT	0.44787198	0.44978097	0.5041052527450787	0.28711808	0.425	-0.64739686	5.101608	1
FGF10-AS1	0.008297748	0.008396257	0.011474923335641507	-1.0186341e-10	0.0	-6.4087567	24.357538	1
EMB	0.020913878	0.019429073	0.028093777821743	0.14599138	0.25833333333333336	2.9031758	5.9865513	1
ITGA1	0.037429795	0.028878713	0.03650212681768721	0.7577904	0.825	4.708924	31.613533	1
ITGA2	0.05200842	0.045893654	0.05806706894846177	0.5671295	0.675	3.624426	19.700737	1
HSPB3	0.7221671	0.72611976	0.6299337224255613	0.38923326	0.525	-0.8994007	13.523939	1
SNX18	0.5959255	0.59924763	0.5751310713225838	0.31611967	0.5	-0.922466	13.442217	1
AC016583.2	0.0017763731	0.0017974694	0.002868730833910377	-1.0186341e-10	0.0	-4.246006	6.5290866	1
ESM1	0.03840525	0.012390481	0.011376001582748046	2.2299335	0.9333333333333333	7.4800925	44.55244	1
PLK2	0.16855246	0.15443407	0.17430012859827876	1.357908	0.9333333333333333	3.1354952	42.68321	1
ZSWIM6	0.08488253	0.08178278	0.11583737263824315	0.34599808	0.5	2.0795488	10.6461935	1
IPO11	0.03861317	0.03452383	0.05074685923434563	0.3831101	0.5583333333333333	3.4682982	16.39269	1
SHISAL2B	0.0032988165	0.0033379851	0.004154713621525374	-1.0186341e-10	0.0	-5.1034927	8.535577	1
AC010359.2	0.0024471073	0.0024761658	0.0034622613512711444	-1.0186341e-10	0.0	-4.6871552	7.9082713	1
AC025442.2	0.0013364163	0.0013522787	0.0023741220694430704	-1.0186341e-10	0.0	-3.8602479	5.507576	1
MARVELD2	0.015458595	0.015642017	0.022850924918389554	-1.0186341e-10	0.0	-7.298478	44.55244	1
ARHGEF28	0.0045616897	0.002930189	0.004352557127312296	0.14200266	0.225	5.551382	6.4519086	1
HEXB	0.09759713	0.095185414	0.1320605401127708	0.3007532	0.475	1.6587323	8.938107	1
FAM169A	0.035542995	0.03589184	0.05223068552774755	0.006163879	0.016666666666666666	-2.5225418	8.7780905	1
ANKRD31	0.0018189198	0.0018405211	0.0026708873281234544	-1.0186341e-10	0.0	-4.2783737	6.4383736	1
AC010245.1	0.0026494863	0.002680947	0.0034622613512711444	-1.0186341e-10	0.0	-4.797506	7.85785	1
AC026774.1	0.0024561333	0.0024852988	0.0033633395983776833	-1.0186341e-10	0.0	-4.6922607	7.8816013	1
SV2C	0.17773215	0.17936051	0.1971510535166683	0.040536944	0.06666666666666667	-2.1428025	14.762197	1
IQGAP2	0.010090114	0.007169493	0.010782471065387279	0.25612846	0.38333333333333336	5.139432	10.65193	1
F2R	0.051885262	0.04636446	0.06321100009892175	0.51696724	0.6666666666666666	3.4761524	20.57277	1
S100Z	0.010657152	0.010783669	0.014838262934019191	-1.0186341e-10	0.0	-6.7660227	30.978487	1
SCAMP1	0.57944036	0.58172053	0.6116331981402711	0.38739002	0.5833333333333334	-0.5864152	6.7926087	1
HOMER1	0.31901821	0.32103115	0.3769908002769809	0.14952259	0.25	-1.1018345	9.414722	1
CMYA5	0.6930954	0.6984521	0.6146997724799683	0.24190933	0.38333333333333336	-1.5293051	27.668531	1
THBS4	0.23615189	0.2377633	0.2648135324957958	0.100487046	0.16666666666666666	-1.2416881	7.384091	1
RASGRF2	0.0035220254	0.0007321707	0.0012859827876149966	0.23854432	0.36666666666666664	8.163767	11.178806	1
CKMT2	0.3420184	0.3446612	0.39509348105648434	0.119465895	0.225	-1.5277915	17.736477	1
AC104118.1	0.0017994338	0.0018208039	0.0025719655752299933	-1.0186341e-10	0.0	-4.26364	6.0520287	1
HAPLN1	0.03947865	0.030505376	0.035413987535859136	0.7954047	0.7	4.7000136	20.470015	1
EDIL3	0.046791926	0.04485627	0.056583242655059846	0.20985994	0.325	2.2235198	6.5525446	1
AC113383.1	0.004130774	0.004179819	0.005935305173607676	-1.0186341e-10	0.0	-5.4194794	13.015132	1
MEF2C	0.824345	0.820286	0.7332080324463349	1.1663047	0.9166666666666666	0.50769377	10.212867	1
AC093510.1	0.0027651591	0.002797993	0.0038579483628449897	-1.0186341e-10	0.0	-4.8569837	8.850194	1
AC074132.1	0.0034133776	0.0034539062	0.004748244138886141	-1.0186341e-10	0.0	-5.1513352	10.299712	1
ARRDC3	0.36943418	0.365682	0.41032743100207736	0.68555146	0.775	0.90649134	9.90851	1
SPATA9	0.0038905025	0.003936695	0.005539618162033831	-1.0186341e-10	0.0	-5.335104	12.266395	1
RHOBTB3	1.455899	1.4609661	0.9393609654763082	1.0290525	0.9083333333333333	-0.5055647	16.19899	1
GLRX	0.4801436	0.47726858	0.5042041744979721	0.72235316	0.8	0.5978005	7.0635557	1
AC104123.1	0.0015299493	0.0015481204	0.0023741220694430704	-1.0186341e-10	0.0	-4.0427513	5.5493746	1
AC008906.1	0.0030689312	0.003105371	0.0045504006330992185	-1.0186341e-10	0.0	-5.002421	10.300015	1
ERAP2	0.019461915	0.018147008	0.026807795034128005	0.1302264	0.225	2.8363974	5.018616	1
LIX1	0.59213746	0.59663606	0.5305173607676328	0.21324147	0.3333333333333333	-1.4839284	23.087914	1
AC008522.1	0.007696345	0.0077877147	0.01088139281828074	-1.0186341e-10	0.0	-6.301537	23.427835	1
LINC02062	0.0052776914	0.0053403503	0.008111583737263825	-1.0186341e-10	0.0	-5.7656293	17.492628	1
AC021086.1	0.005196018	0.005257708	0.00781481847858344	-1.0186341e-10	0.0	-5.7435455	16.994825	1
ST8SIA4	0.006211432	0.0031532345	0.004748244138886141	0.26383933	0.425	6.342188	12.53827	1
TSLP	0.024457958	0.024712762	0.03580967454743298	0.002985884	0.008333333333333333	-3.0073266	9.381407	1
STARD4-AS1	0.8611104	0.86501706	0.6974972796517954	0.5320402	0.6416666666666667	-0.701089	10.229234	1
SEMA6A	0.06249769	0.058357213	0.08141260263131862	0.41128966	0.55	2.8150525	14.512911	1
SEMA6A-AS1	0.0024037461	0.0024322898	0.0033633395983776833	-1.0186341e-10	0.0	-4.662372	7.827884	1
AC113398.2	0.0024241242	0.0024529097	0.0034622613512711444	-1.0186341e-10	0.0	-4.6740723	7.8585415	1
AC011416.3	0.0013872767	0.0014037429	0.002077356810762687	-1.0186341e-10	0.0	-3.9104874	5.0473695	1
SLC12A2	0.07541421	0.06953743	0.0952616480364032	0.5704786	0.7416666666666667	3.0344908	22.495193	1
FBN2	2.2943003	2.3052533	0.988426154911465	1.3715954	0.9666666666666667	-0.74902767	33.391865	1
SLC27A6	0.36591172	0.3686939	0.3942031852804432	0.13161725	0.21666666666666667	-1.4853704	15.49745	1
ISOC1	0.8162237	0.821239	0.7169848649718072	0.39377773	0.525	-1.06023	17.768728	1
AC008591.1	0.0026449517	0.0026763587	0.0040557918686319125	-1.0186341e-10	0.0	-4.7951236	9.078732	1
AC104109.2	0.0034847597	0.0035261356	0.005341774656246909	-1.0186341e-10	0.0	-5.1803627	11.942615	1
CXCL14	0.015192942	0.01537321	0.011079236324067663	-1.0186341e-10	0.0	-7.27363	17.79154	1
SMAD5-AS1	0.005335336	0.0053986795	0.007715896725689979	-1.0186341e-10	0.0	-5.781015	16.758352	1
PKD2L2	0.0043498143	0.004401459	0.005935305173607676	-1.0186341e-10	0.0	-5.4923224	13.273733	1
REEP2	0.19889383	0.20026495	0.259273914333762	0.083368585	0.14166666666666666	-1.263325	6.9316177	1
AC011405.1	0.0030616855	0.0030980392	0.004352557127312296	-1.0186341e-10	0.0	-4.9991174	9.776723	1
AC135457.1	0.0019193586	0.0019421523	0.0026708873281234544	-1.0186341e-10	0.0	-4.35202	6.2476983	1
ECSCR	0.016081268	0.0040859515	0.006330992185181522	1.0265869	0.9083333333333333	7.938225	42.984238	1
CXXC5	0.33235165	0.32822892	0.384311009991097	0.6796823	0.7583333333333333	1.0499312	11.781812	1
AC011379.2	0.0018602122	0.0018823039	0.0027698090810169156	-1.0186341e-10	0.0	-4.309108	6.5379176	1
HBEGF	0.06185698	0.057622254	0.0758729844692848	0.4185894	0.6166666666666667	2.8586807	17.056784	1
PCDHA2	0.001819318	0.0018409241	0.0025719655752299933	-1.0186341e-10	0.0	-4.278673	6.1877747	1
PCDHA5	0.0064931666	0.006570254	0.01009001879513305	-1.0186341e-10	0.0	-6.0596714	21.597834	1
PCDHA6	0.0014501602	0.0014673729	0.0022752003165496092	-1.0186341e-10	0.0	-3.970278	5.5577316	1
AC005609.4	0.0016287128	0.0016480563	0.002176278563656148	-1.0186341e-10	0.0	-4.1276813	5.3105435	1
PCDHA13	0.0042756894	0.0043264544	0.0067266791967553665	-1.0186341e-10	0.0	-5.468081	14.649867	1
AC244517.5	0.0019549069	0.0019781226	0.0030665743396972992	-1.0186341e-10	0.0	-4.3772106	6.96359	1
PCDHB7	0.0027377063	0.002770214	0.004352557127312296	-1.0186341e-10	0.0	-4.843088	9.784777	1
PCDHB8	0.004747912	0.004804282	0.006924522702542289	-1.0186341e-10	0.0	-5.6159716	15.200891	1
AC005618.1	0.002098093	0.0021230085	0.003264417845484222	-1.0186341e-10	0.0	-4.474443	7.3295746	1
PCDHGA5	0.0017058335	0.0017260925	0.0026708873281234544	-1.0186341e-10	0.0	-4.1906896	6.18558	1
PCDHGA6	0.0013984279	0.0014150265	0.002176278563656148	-1.0186341e-10	0.0	-3.9212725	5.3051767	1
PCDHGB4	0.00176951	0.0017905248	0.002868730833910377	-1.0186341e-10	0.0	-4.2407165	6.7771606	1
PCDHGA9	0.001760403	0.0017813097	0.0024730438223365316	-1.0186341e-10	0.0	-4.233667	5.853414	1
AC008781.3	0.0023170596	0.0023445743	0.0036601048570580673	-1.0186341e-10	0.0	-4.611513	8.2910385	1
DIAPH1	0.124312975	0.12230312	0.16876051043624493	0.29361168	0.43333333333333335	1.2627602	5.578751	1
ARAP3	0.011208769	0.009166089	0.014244732416658423	0.18328789	0.3	4.306794	8.541914	1
PCDH1	0.0043069203	0.0030941344	0.0045504006330992185	0.106474794	0.19166666666666668	5.0602975	5.485196	1
DELE1	0.13585694	0.13417278	0.18181818181818182	0.27772054	0.4583333333333333	1.0489863	5.0558267	1
PCDH12	0.007368941	0.0013219512	0.0022752003165496092	0.5167773	0.6666666666666666	8.505806	24.643173	1
SPRY4	0.14695443	0.14265347	0.1821149470768622	0.5092649	0.6333333333333333	1.8351737	13.724678	1
FGF1	0.022576835	0.022844756	0.03264417845484222	-1.0186341e-10	0.0	-7.842022	44.55244	1
NR3C1	0.24951234	0.24727826	0.3054703729350084	0.43776295	0.5916666666666667	0.8237606	5.223701	1
AC132803.1	0.002946349	0.0029813338	0.0045504006330992185	-1.0186341e-10	0.0	-4.9454846	9.970709	1
PLAC8L1	0.0023080057	0.002335413	0.0033633395983776833	-1.0186341e-10	0.0	-4.606096	7.5165553	1
AC011370.1	0.0027149566	0.0027471946	0.0038579483628449897	-1.0186341e-10	0.0	-4.831471	8.798239	1
HTR4	0.006412255	0.006488382	0.009001879513304976	-1.0186341e-10	0.0	-6.041854	19.34242	1
AC116312.1	0.0035801167	0.0036226246	0.005242852903353448	-1.0186341e-10	0.0	-5.21825	11.358744	1
AFAP1L1	0.15271065	0.14349176	0.1869621129686418	0.9293213	0.8833333333333333	2.6943598	31.067812	1
AC131025.2	0.0024743266	0.0025037082	0.0037590266099515285	-1.0186341e-10	0.0	-4.7024975	8.544346	1
CAMK2A	0.14645003	0.14755622	0.19546938371747946	0.053242777	0.10833333333333334	-1.4688773	8.418629	1
ARSI	0.0014963738	0.0015141465	0.002176278563656148	-1.0186341e-10	0.0	-4.012701	5.181153	1
NDST1	0.0863938	0.08405805	0.1185082599663666	0.2831512	0.45	1.750909	8.503581	1
ANXA6	1.1945734	1.1994948	0.8929666633692749	0.7800244	0.825	-0.62077105	16.387688	1
CCDC69	0.47411597	0.47716597	0.5217133247601148	0.21724331	0.38333333333333336	-1.1348177	15.373254	1
AC011337.1	0.0020986143	0.0021235358	0.003165496092590761	-1.0186341e-10	0.0	-4.4747853	7.382762	1
SPARC	0.7726827	0.7552126	0.6682164407953309	2.2443826	1.0	1.5712371	44.55244	1
ATOX1	0.76684326	0.75970954	0.724008309427243	1.3678066	0.9583333333333334	0.84826	25.879671	1
AC091982.3	0.002219324	0.0022456783	0.003165496092590761	-1.0186341e-10	0.0	-4.5519347	7.366484	1
G3BP1	0.62133133	0.6180219	0.630922939954496	0.9001621	0.9	0.5424537	9.305874	1
LINC01470	0.0017545156	0.0017753524	0.0024730438223365316	-1.0186341e-10	0.0	-4.229091	5.861845	1
HAND1	0.4064664	0.40917948	0.42259372836086656	0.17799462	0.275	-1.2004423	12.0694475	1
CYFIP2	0.4269677	0.42923787	0.48372737164902563	0.23580419	0.4083333333333333	-0.8639124	9.539717	1
AC016571.1	0.0016894571	0.0017095216	0.0027698090810169156	-1.0186341e-10	0.0	-4.177538	6.50907	1
NIPAL4	0.0034815997	0.0035229381	0.005341774656246909	-1.0186341e-10	0.0	-5.17909	11.875948	1
EBF1	0.0106579205	0.008930136	0.01088139281828074	0.15620999	0.24166666666666667	4.113518	6.4012384	1
RNF145	0.22183461	0.21962398	0.2830151350281927	0.40811202	0.5916666666666667	0.8936262	6.0994325	1
AC008691.1	0.0019588084	0.0019820703	0.002967652586803838	-1.0186341e-10	0.0	-4.3799486	7.002402	1
ADRA1B	0.026399868	0.026666293	0.036699970323474135	0.0039642695	0.008333333333333333	-2.7193494	6.575054	1
FABP6	0.003163063	0.0032006202	0.00464932238599268	-1.0186341e-10	0.0	-5.044667	10.525782	1
AC109466.1	0.005547073	0.00561293	0.007419131467009596	-1.0186341e-10	0.0	-5.83616	15.953465	1
WWC1	0.013156177	0.013312267	0.019982194084479175	-1.0186341e-10	0.0	-7.067411	42.452072	1
AC011389.1	0.0048844325	0.0049424237	0.0072212879612226725	-1.0186341e-10	0.0	-5.656047	15.764485	1
STK10	0.033183392	0.03133407	0.045998615095459494	0.18897974	0.3	2.588594	6.6711693	1
SH3PXD2B	0.050777752	0.04910723	0.06924522702542289	0.19150566	0.3416666666666667	1.9611979	6.748808	1
DUSP1	0.10335981	0.099704325	0.13394005341774656	0.411293	0.5583333333333333	2.0433428	10.300453	1
NKX2-5	2.1268055	2.136673	0.9917894945098427	1.2956187	0.9416666666666667	-0.721681	32.690422	1
CPEB4	0.55983984	0.5622719	0.58502324661193	0.35502988	0.49166666666666664	-0.6631779	6.4979672	1
LINC01411	0.09661805	0.097507864	0.1144524680977347	0.021636928	0.041666666666666664	-2.1668494	10.845768	1
MSX2	0.6255287	0.6298076	0.527351864675042	0.26513845	0.38333333333333336	-1.2478504	18.113403	1
SNCB	0.012663141	0.012813379	0.017311306756355723	-1.0186341e-10	0.0	-7.0127244	36.585033	1
AC139795.2	0.003009232	0.003044963	0.004451478880205757	-1.0186341e-10	0.0	-4.9749727	10.163647	1
N4BP3	0.02340794	0.02217387	0.032050647937481455	0.12736282	0.23333333333333334	2.5166523	5.0758452	1
ZFP2	0.0040716785	0.0041200216	0.006330992185181522	-1.0186341e-10	0.0	-5.39918	13.7090225	1
ZNF454	0.0015707347	0.00158939	0.0024730438223365316	-1.0186341e-10	0.0	-4.078432	5.9027357	1
RNF130	0.21101023	0.20901354	0.2694628548817885	0.37925622	0.5583333333333333	0.8592667	5.231056	1
RASGEF1C	0.0020905384	0.002115364	0.002868730833910377	-1.0186341e-10	0.0	-4.4694734	6.653075	1
FLT4	0.0030179978	0.0010324911	0.001483826293401919	0.17028064	0.2833333333333333	7.233118	8.441513	1
BTNL9	0.0031006983	0.0010186459	0.0017805915520823028	0.17849664	0.3	7.3188076	8.598732	1
AC008443.6	0.002086825	0.0021116065	0.003165496092590761	-1.0186341e-10	0.0	-4.4670243	7.3442454	1
MYLK4	0.0019413392	0.0019643935	0.0030665743396972992	-1.0186341e-10	0.0	-4.3676476	7.283234	1
AL133351.1	0.0125893485	0.012738711	0.018399446038183796	-1.0186341e-10	0.0	-7.0043583	38.56089	1
PXDC1	0.05031479	0.04803616	0.07092689682461173	0.24227417	0.375	2.332043	8.3435135	1
AL590004.3	0.003786411	0.0038313677	0.005935305173607676	-1.0186341e-10	0.0	-5.296961	12.787428	1
AL359643.2	0.0021474427	0.002172944	0.003264417845484222	-1.0186341e-10	0.0	-4.5064917	7.4570026	1
AL358777.1	0.0026087589	0.002639736	0.003956870115738451	-1.0186341e-10	0.0	-4.7759666	8.956978	1
C6orf52	0.01593063	0.016119655	0.023147690177069937	-1.0186341e-10	0.0	-7.341601	44.55244	1
MAK	0.0018449333	0.0018668434	0.0026708873281234544	-1.0186341e-10	0.0	-4.2978115	6.198399	1
NEDD9	0.08162693	0.07872744	0.10297754476209318	0.32587612	0.49166666666666664	2.0479963	10.25627	1
AL157373.2	0.005652424	0.0057195313	0.008606192501731131	-1.0186341e-10	0.0	-5.8628325	18.317673	1
AL008729.1	0.007144034	0.0072288476	0.010584627559600357	-1.0186341e-10	0.0	-6.195516	22.663229	1
AL008729.2	0.0032466918	0.0032852418	0.004748244138886141	-1.0186341e-10	0.0	-5.0811887	10.640579	1
GFOD1	0.7501347	0.7539838	0.6709862498763478	0.42592382	0.5916666666666667	-0.8237908	12.781542	1
AL023583.1	0.0020987652	0.0021236886	0.003264417845484222	-1.0186341e-10	0.0	-4.4748845	7.418466	1
JARID2	0.19920753	0.19679895	0.25600949648827775	0.40209907	0.6	1.0304543	7.3326187	1
GMPR	0.305703	0.30786318	0.36897813829261056	0.12380252	0.23333333333333334	-1.3135523	13.19272	1
AL137003.1	0.0074971947	0.0075862003	0.010980314571174201	-1.0186341e-10	0.0	-6.2642	23.681711	1
RBM24	0.70300037	0.7068862	0.6723711544168562	0.3757172	0.575	-0.9116511	15.839962	1
CAP2	1.3467597	1.3533709	0.9173014145810664	0.78983045	0.825	-0.7768663	23.162632	1
AL138824.1	0.002877712	0.002911882	0.004154713621525374	-1.0186341e-10	0.0	-4.912595	9.455978	1
NHLRC1	0.009261431	0.00937138	0.013552280146404194	-1.0186341e-10	0.0	-6.565504	28.819418	1
MBOAT1	0.054436702	0.054945327	0.07686220199821941	0.011567515	0.025	-2.2381227	8.188991	1
E2F3-IT1	0.0033078198	0.0033470953	0.005341774656246909	-1.0186341e-10	0.0	-5.107311	11.870101	1
CASC15	0.01177373	0.010346841	0.014442575922445345	0.13197802	0.20833333333333334	3.6602519	5.5365252	1
C6orf62	0.23859967	0.23582399	0.3012167375605896	0.47246888	0.625	1.0022024	7.728493	1
TRIM38	0.030029176	0.028460616	0.039370857651597584	0.16217366	0.26666666666666666	2.5063298	5.591296	1
HIST1H4D	0.0012532973	0.0012681731	0.002176278563656148	-1.0186341e-10	0.0	-3.7741804	5.0685205	1
HIST1H3F	0.0066388836	0.006717701	0.010188940548026512	-1.0186341e-10	0.0	-6.0912147	21.499235	1
HIST1H3G	0.004374671	0.00442661	0.0072212879612226725	-1.0186341e-10	0.0	-5.5003605	15.605425	1
AL021918.5	0.0016991715	0.0017193514	0.0025719655752299933	-1.0186341e-10	0.0	-4.1853538	6.0883346	1
AL009179.2	0.0015219758	0.0015400524	0.0023741220694430704	-1.0186341e-10	0.0	-4.035671	5.638901	1
AL358933.1	0.0023342897	0.002362009	0.0034622613512711444	-1.0186341e-10	0.0	-4.6217656	7.9151855	1
Z98745.2	0.002473537	0.0025029094	0.0036601048570580673	-1.0186341e-10	0.0	-4.702055	8.482372	1
AL662890.1	0.00488597	0.0049439794	0.0073202097141161345	-1.0186341e-10	0.0	-5.6564918	16.013258	1
HCG14	0.0014666498	0.0014840696	0.002176278563656148	-1.0186341e-10	0.0	-3.9855654	5.053459	1
MOG	0.00231229	0.002339748	0.0033633395983776833	-1.0186341e-10	0.0	-4.6086617	7.8637247	1
HLA-G	0.004086297	0.0041348133	0.005935305173607676	-1.0186341e-10	0.0	-5.4042277	13.257478	1
HLA-E	0.1326817	0.12082874	0.16114353546344842	1.1311886	0.9083333333333333	3.225738	41.62507	1
GNL1	0.1011745	0.099085815	0.1386882975566327	0.27711698	0.4583333333333333	1.4828098	7.2059298	1
PPP1R18	0.12151808	0.118423484	0.1619349094865961	0.3821979	0.5666666666666667	1.6895243	10.875129	1
AL662797.1	0.0041315407	0.0041805943	0.005935305173607676	-1.0186341e-10	0.0	-5.4197407	12.986472	1
IER3	0.270068	0.27192354	0.31457117420120684	0.113833696	0.20833333333333334	-1.2555369	10.429771	1
HCG20	0.0014341889	0.001451212	0.002176278563656148	-1.0186341e-10	0.0	-3.9553254	5.162956	1
LINC00243	0.0017557455	0.001776597	0.0024730438223365316	-1.0186341e-10	0.0	-4.230048	5.8253326	1
DDR1	0.30950034	0.31142178	0.38114551389850626	0.14771159	0.25	-1.0755736	8.787848	1
SFTA2	0.0014810194	0.0014986097	0.0022752003165496092	-1.0186341e-10	0.0	-3.9987473	5.496295	1
HCG22	0.012106525	0.0122502465	0.017509150262142645	-1.0186341e-10	0.0	-6.9483976	36.65476	1
HCG27	0.004254534	0.0043050474	0.0062320704322880605	-1.0186341e-10	0.0	-5.461087	13.417903	1
HLA-C	0.475463	0.46595103	0.47551686615886835	1.2767727	0.95	1.4540551	31.799095	1
HLA-B	0.12467789	0.11838794	0.1527351864675042	0.6545484	0.7333333333333333	2.46598	19.19496	1
DDAH2	0.42010576	0.41772535	0.47155999604312987	0.62065345	0.7666666666666667	0.5711204	5.9551177	1
CLIC1	1.2015289	1.1939784	0.874962904342665	1.837629	1.0	0.62202644	38.883514	1
VWA7	0.0036540115	0.0036973965	0.005341774656246909	-1.0186341e-10	0.0	-5.24694	11.880872	1
ZBTB12	0.012460136	0.012607965	0.018201602532396874	-1.0186341e-10	0.0	-6.9895906	38.320522	1
CFB	0.001447964	0.0014651505	0.0023741220694430704	-1.0186341e-10	0.0	-3.968231	5.4527373	1
AL662884.3	0.03384082	0.03424263	0.0482738154120091	-1.0186341e-10	0.0	-8.423859	44.55244	1
GPSM3	0.08567633	0.083039254	0.11217726778118509	0.3078181	0.48333333333333334	1.888945	9.216744	1
NOTCH4	0.01837489	0.013323958	0.019289741814224947	0.44387022	0.5833333333333334	5.0475807	17.864882	1
PSMB8	0.02806228	0.026897527	0.037788109605302204	0.1261894	0.25	2.2258344	5.2988825	1
HLA-DPA1	0.010249419	0.008958959	0.013552280146404194	0.11896059	0.20833333333333334	3.7162068	5.511098	1
RGL2	0.13810024	0.13460182	0.1841923038876249	0.4328034	0.6083333333333333	1.6842757	12.0040865	1
IP6K3	0.0032085895	0.0032466871	0.005045009397566525	-1.0186341e-10	0.0	-5.0646634	10.746098	1
PACSIN1	0.014188553	0.014356899	0.019982194084479175	-1.0186341e-10	0.0	-7.175616	42.11628	1
SCUBE3	0.4132908	0.41571784	0.459788307448808	0.20891166	0.35	-0.9923682	9.718777	1
CDKN1A	0.29276502	0.2840526	0.26629735878919775	1.0267334	0.8416666666666667	1.8534644	22.639421	1
KIF6	0.0019212133	0.0019440291	0.0030665743396972992	-1.0186341e-10	0.0	-4.3533454	6.9827642	1
UNC5CL	0.006381582	0.006457345	0.009595410030665743	-1.0186341e-10	0.0	-6.0350413	20.669785	1
APOBEC2	0.57946914	0.58348596	0.5779998021564942	0.24116288	0.375	-1.2743393	18.842794	1
FOXP4-AS1	0.00700391	0.0070870603	0.01009001879513305	-1.0186341e-10	0.0	-6.167331	21.692587	1
C6orf132	0.001811085	0.0018325935	0.0026708873281234544	-1.0186341e-10	0.0	-4.2724676	6.059239	1
DLK2	0.009149785	0.009258408	0.013354436640617272	-1.0186341e-10	0.0	-6.5481925	28.36711	1
YIPF3	0.439212	0.436931	0.5019289741814225	0.63139457	0.8083333333333333	0.53103477	6.131507	1
RSPH9	0.045344245	0.045742456	0.06241962607577406	0.011806852	0.025	-1.9448924	5.0054755	1
ADGRF5	0.020240266	0.0120421	0.015827480462953805	0.71086603	0.7666666666666667	5.8716908	29.230837	1
AL353138.1	0.012589434	0.010045202	0.01473934118112573	0.2269197	0.35833333333333334	4.4839478	9.730584	1
ELOVL5	0.18819872	0.18605605	0.2426550598476605	0.36868575	0.5583333333333333	0.98627037	6.0771284	1
AL034374.1	0.0019595139	0.0019827844	0.002967652586803838	-1.0186341e-10	0.0	-4.380443	6.9595532	1
KLHL31	0.10590993	0.10678762	0.1433376199426254	0.031950645	0.06666666666666667	-1.7376695	8.877372	1
MLIP	0.30570725	0.30772206	0.36917598179839745	0.1360523	0.23333333333333334	-1.1768752	10.233835	1
FAM83B	0.00245949	0.0024886953	0.0040557918686319125	-1.0186341e-10	0.0	-4.6941547	9.182106	1
BMP5	1.4025823	1.4106395	0.920664754179444	0.7238564	0.7916666666666666	-0.96247685	28.699228	1
COL21A1	0.028061382	0.024579652	0.032050647937481455	0.32137123	0.44166666666666665	3.7032957	10.764981	1
AL512422.1	0.006625479	0.006704137	0.009100801266198437	-1.0186341e-10	0.0	-6.0883417	19.87087	1
BAG2	0.35258803	0.35440174	0.4181422494806608	0.19986445	0.35	-0.82604903	6.880788	1
AL021368.1	0.002254453	0.0022812244	0.0036601048570580673	-1.0186341e-10	0.0	-4.573633	8.375494	1
EYS	0.0038423839	0.0038880052	0.005737461667820754	-1.0186341e-10	0.0	-5.317597	12.909512	1
COL19A1	0.01383746	0.014001639	0.019685428825798792	-1.0186341e-10	0.0	-7.1397204	41.351864	1
COL9A1	0.09876072	0.09955251	0.12345434761103967	0.03203731	0.058333333333333334	-1.6326569	6.077075	1
AL589935.1	0.0016099112	0.0016290315	0.0024730438223365316	-1.0186341e-10	0.0	-4.1118937	5.9966736	1
FO393414.3	0.0027107336	0.0027429212	0.0040557918686319125	-1.0186341e-10	0.0	-4.8293037	9.421207	1
KCNQ5-AS1	0.006235794	0.006309827	0.009001879513304976	-1.0186341e-10	0.0	-6.002215	19.514635	1
CD109	0.43374708	0.43002006	0.46265703828271837	0.7477478	0.8333333333333334	0.7980053	10.651827	1
COL12A1	0.0033369076	0.0033765284	0.0045504006330992185	-1.0186341e-10	0.0	-5.119577	9.3216505	1
TMEM30A	0.37083834	0.36745447	0.43258482540310617	0.6559295	0.7416666666666667	0.83580273	9.415473	1
AL080250.1	0.033742473	0.034068998	0.047779206647541796	0.0062434413	0.016666666666666666	-2.4293504	7.6013803	1
FILIP1	1.8733753	1.8798648	0.9781382926105451	1.326783	0.975	-0.5026645	23.500423	1
MYO6	0.2445894	0.23909599	0.2891482837075873	0.70738494	0.7833333333333333	1.5645063	18.828009	1
HTR1B	0.0015559464	0.0015744261	0.002176278563656148	-1.0186341e-10	0.0	-4.065596	5.0193973	1
LINC01621	0.0013611664	0.0013773226	0.0022752003165496092	-1.0186341e-10	0.0	-3.8849144	5.5202723	1
ELOVL4	0.10754243	0.10843379	0.14818478583440498	0.0324332	0.058333333333333334	-1.7381595	7.9811516	1
AL359715.3	0.0082325125	0.008330247	0.012464140864576121	-1.0186341e-10	0.0	-6.3975043	27.052696	1
AL122017.1	0.006040572	0.0061122873	0.008705114254624592	-1.0186341e-10	0.0	-5.957054	18.694414	1
PRSS35	1.6651924	1.6758285	0.9301612424572163	0.7691355	0.75	-1.1234634	33.063644	1
SNAP91	0.063926846	0.06448083	0.08309427243050747	0.017236566	0.03333333333333333	-1.8972878	5.9722466	1
RIPPLY2	0.0021498606	0.0021753905	0.0027698090810169156	-1.0186341e-10	0.0	-4.508044	5.96458	1
NT5E	0.004356106	0.0018089338	0.003165496092590761	0.21893448	0.35833333333333334	6.842247	10.57226	1
GJB7	0.0065084477	0.0065857167	0.009694331783559204	-1.0186341e-10	0.0	-6.0630116	21.028238	1
UBE2J1	0.26194358	0.25459102	0.3217924621624295	0.8813444	0.85	1.7911215	25.21649	1
EPHA7	0.42935926	0.43182176	0.4591947769314472	0.2219759	0.38333333333333336	-0.95971715	10.425576	1
AL591519.1	0.0051492173	0.005210351	0.007419131467009596	-1.0186341e-10	0.0	-5.7307367	16.370241	1
KLHL32	0.0045039454	0.00455742	0.006429913938074983	-1.0186341e-10	0.0	-5.5414605	13.678521	1
PRDM1	0.007535693	0.0024664102	0.0038579483628449897	0.43458062	0.55	7.40406	17.331522	1
AL024507.2	0.0040232684	0.004071037	0.005836383420714215	-1.0186341e-10	0.0	-5.3823357	12.305967	1
AL359711.2	0.00445027	0.004503107	0.00702344445543575	-1.0186341e-10	0.0	-5.5245376	15.275793	1
METTL24	0.0022374454	0.002264015	0.0037590266099515285	-1.0186341e-10	0.0	-4.5631685	8.637586	1
FYN	0.21438049	0.20906423	0.2690671678702147	0.6622527	0.8166666666666667	1.6629635	21.19085	1
LAMA4	0.51122266	0.5001477	0.5038084874863983	1.4442036	0.9916666666666667	1.5296594	38.937046	1
MARCKS	0.36174142	0.34276384	0.30299732911267185	1.960451	1.0	2.5155516	44.55244	1
RSPH4A	0.0016989666	0.001719144	0.0025719655752299933	-1.0186341e-10	0.0	-4.1851892	5.9334803	1
PLN	2.2679985	2.2797325	0.9845682065486201	1.2795402	0.8916666666666667	-0.8331895	27.914661	1
AL137009.1	0.0018309697	0.0018527141	0.0026708873281234544	-1.0186341e-10	0.0	-4.2874103	6.238788	1
GJA1	0.26001173	0.25256428	0.27727767336037196	0.88741714	0.85	1.8125534	23.272709	1
TRDN	1.6843593	1.6944032	0.9603323770897221	0.8382992	0.8166666666666667	-1.015153	32.755924	1
AL445259.1	0.0019491505	0.0019722977	0.0027698090810169156	-1.0186341e-10	0.0	-4.373161	6.563622	1
TPD52L1	0.42016244	0.42228127	0.44039964388168956	0.24172065	0.38333333333333336	-0.8046084	6.8056684	1
AL365259.1	0.002044749	0.0020690311	0.003264417845484222	-1.0186341e-10	0.0	-4.4389806	7.570332	1
AL035603.1	0.004240029	0.0042903703	0.0062320704322880605	-1.0186341e-10	0.0	-5.456272	13.507234	1
RSPO3	1.3466499	1.3537316	0.6430903155603918	0.7501171	0.575	-0.8516682	12.3491	1
LAMA2	0.48851833	0.49113992	0.5240874468295578	0.2677331	0.43333333333333335	-0.8750935	10.290897	1
ARHGAP18	0.054352373	0.048943583	0.06776140073202097	0.5099912	0.6083333333333333	3.378619	17.047392	1
L3MBTL3	0.035797164	0.034154017	0.048075971906222176	0.17422473	0.2916666666666667	2.3474321	6.158262	1
EPB41L2	0.06030135	0.057035487	0.07775249777426056	0.3354154	0.5166666666666667	2.5539198	13.094838	1
AL133346.1	0.002363293	0.0023913563	0.0035611831041646056	-1.0186341e-10	0.0	-4.638861	7.7822113	1
AL021408.1	0.0017300418	0.0017505882	0.0024730438223365316	-1.0186341e-10	0.0	-4.2099133	5.9225416	1
TCF21	0.0039260695	0.003972684	0.005341774656246909	-1.0186341e-10	0.0	-5.3479095	11.078148	1
SGK1	0.02978317	0.026752146	0.0360075180532199	0.28512722	0.325	3.4090023	6.5758452	1
AL353596.1	0.0018214122	0.0018430433	0.0024730438223365316	-1.0186341e-10	0.0	-4.2802477	5.987721	1
IFNGR1	0.18683039	0.18447904	0.2424572163418736	0.38489854	0.525	1.0606141	6.095677	1
WAKMAR2	0.013482482	0.011153339	0.016421010980314572	0.2096919	0.325	4.220534	8.983835	1
TNFAIP3	0.02127154	0.017357502	0.02552181224651301	0.35099298	0.475	4.329934	12.846264	1
ABRACL	0.12348371	0.118317135	0.16074784845187456	0.55871534	0.6916666666666667	2.238494	18.550297	1
TXLNB	0.40727082	0.4096858	0.423978632901375	0.20388655	0.35	-1.0063958	9.962335	1
AL592429.2	0.0027560757	0.002788802	0.004154713621525374	-1.0186341e-10	0.0	-4.852401	9.328131	1
CITED2	0.60347444	0.59900445	0.5963003264417845	0.98003	0.9	0.71016556	12.496892	1
AL355304.1	0.0027743345	0.0028072773	0.004154713621525374	-1.0186341e-10	0.0	-4.8615985	9.421788	1
PHACTR2	0.45857784	0.45504647	0.5009397566524879	0.7560987	0.8416666666666667	0.7324345	9.972172	1
PLAGL1	0.11419446	0.11084607	0.1509545949154219	0.39625645	0.55	1.8369398	11.318016	1
UTRN	0.42630875	0.41979006	0.46602037788109607	0.97546387	0.8833333333333333	1.2162248	20.785593	1
AL023806.1	0.0030609735	0.0030973188	0.004451478880205757	-1.0186341e-10	0.0	-4.998792	10.065111	1
RAB32	0.1518215	0.14900012	0.19734889702245523	0.38949078	0.5666666666666667	1.385678	8.947536	1
SASH1	0.07007254	0.06625228	0.0947670392719359	0.39188895	0.5666666666666667	2.5625951	13.41991	1
AL355312.2	0.002571056	0.0026015856	0.0037590266099515285	-1.0186341e-10	0.0	-4.755736	8.557917	1
PPP1R14C	1.2348812	1.242316	0.8797111484815511	0.60859185	0.725	-1.0293643	25.62471	1
PLEKHG1	0.028979568	0.024947545	0.03640320506479375	0.36864704	0.525	3.8798904	14.916073	1
SYNE1-AS1	0.0015383757	0.001556647	0.0024730438223365316	-1.0186341e-10	0.0	-4.0501957	5.976867	1
MYCT1	0.010517896	0.0028623661	0.003956870115738451	0.65543246	0.7666666666666667	7.7897735	28.083838	1
AL080276.2	0.021024205	0.021235961	0.03145711742012069	0.0031787322	0.008333333333333333	-2.7020772	6.410723	1
AL390955.2	0.0043297554	0.004381162	0.006528835690968444	-1.0186341e-10	0.0	-5.4858027	14.37557	1
SNX9	0.257653	0.25429642	0.32485903650212683	0.5404477	0.6666666666666666	1.0873437	8.737114	1
SYNJ2	0.030328147	0.028709562	0.042140666732614504	0.16668645	0.2833333333333333	2.5333824	6.26916	1
TMEM181	0.17672792	0.17465432	0.23108121475912552	0.35139623	0.5416666666666666	1.008181	6.165801	1
C6orf99	0.0036370014	0.0036801845	0.004847165891779602	-1.0186341e-10	0.0	-5.2403865	10.995904	1
SOD2-OT1	0.002379928	0.0024081888	0.003264417845484222	-1.0186341e-10	0.0	-4.648576	7.6452947	1
IGF2R	0.42443776	0.42015532	0.475022257394401	0.78521013	0.775	0.90199655	11.128387	1
RPS6KA2	0.08907525	0.08496557	0.1154416856266693	0.43527296	0.5666666666666667	2.3556044	13.4475765	1
RNASET2	0.065009736	0.06342685	0.0891284993570086	0.1983406	0.3333333333333333	1.6432687	5.4588857	1
KIF25-AS1	0.0018300916	0.0018518256	0.0026708873281234544	-1.0186341e-10	0.0	-4.2867537	6.4148655	1
AL009176.1	0.0019605346	0.0019838172	0.002868730833910377	-1.0186341e-10	0.0	-4.3811584	6.583478	1
AL008628.1	0.0014691468	0.0014865962	0.0022752003165496092	-1.0186341e-10	0.0	-3.9878645	5.310731	1
AC226118.1	0.0029182117	0.0029528625	0.003956870115738451	-1.0186341e-10	0.0	-4.932092	9.003236	1
PDGFA	0.06018722	0.05497755	0.07626867148085864	0.49904993	0.5916666666666667	3.179937	16.137043	1
PRKAR1B	0.024139725	0.024387209	0.03610643980611337	0.003284395	0.008333333333333333	-2.8550584	7.824712	1
AC073957.3	0.009821772	0.009938371	0.014244732416658423	-1.0186341e-10	0.0	-6.649383	30.094378	1
GPER1	0.013938253	0.014103628	0.020081115837372637	-1.0186341e-10	0.0	-7.150117	42.67738	1
TTYH3	0.12554772	0.123910055	0.17004649322385992	0.26349637	0.4583333333333333	1.0878732	5.4392033	1
AC092171.3	0.003366467	0.0034064387	0.0051439311504599865	-1.0186341e-10	0.0	-5.131936	11.486408	1
AC092171.2	0.0021474834	0.002172985	0.003264417845484222	-1.0186341e-10	0.0	-4.506518	7.5170197	1
ACTB	1.7276574	1.7086447	0.9319418340092986	3.3292665	1.0	0.96231073	44.55244	1
FSCN1	0.3514264	0.3419827	0.4041942823226828	1.1469797	0.9666666666666667	1.7455487	35.828075	1
KDELR2	0.7369132	0.73314136	0.7007616974972797	1.0546851	0.9166666666666666	0.52458906	9.913824	1
C1GALT1	0.59795094	0.60020214	0.5848254031061431	0.40836227	0.5666666666666667	-0.555486	5.963866	1
COL28A1	0.0016412002	0.0016606919	0.0024730438223365316	-1.0186341e-10	0.0	-4.138072	5.803359	1
AC060834.2	0.002008232	0.002032081	0.0033633395983776833	-1.0186341e-10	0.0	-4.4141917	7.2044616	1
ARL4A	0.08462553	0.0817969	0.11524384212088239	0.32290077	0.475	1.9796568	9.069807	1
AC011287.1	0.00256615	0.0025966212	0.0037590266099515285	-1.0186341e-10	0.0	-4.7530823	8.395673	1
ETV1	0.4411372	0.44306922	0.48679394598872294	0.27845874	0.45	-0.6698761	6.354532	1
DGKB	0.016014267	0.016204286	0.022158472648135325	-1.0186341e-10	0.0	-7.349109	44.55244	1
AC005014.2	0.002933119	0.0029679465	0.004154713621525374	-1.0186341e-10	0.0	-4.939203	9.322883	1
BZW2	0.9401344	0.94422454	0.8032446334949055	0.59560466	0.725	-0.6646854	13.19368	1
AHR	0.0392934	0.037196785	0.051637155010386786	0.21592128	0.3333333333333333	2.5340502	7.226402	1
HDAC9	0.34647107	0.34862545	0.4107231180136512	0.16505313	0.2833333333333333	-1.0782872	10.081622	1
AC010082.1	0.0033515182	0.0033913124	0.004451478880205757	-1.0186341e-10	0.0	-5.125699	9.997998	1
ITGB8	0.0027592639	0.0027920275	0.0040557918686319125	-1.0186341e-10	0.0	-4.854011	8.926422	1
DNAH11	0.005473465	0.005538448	0.008012661984370364	-1.0186341e-10	0.0	-5.817228	17.267986	1
RAPGEF5	0.012178738	0.0038195618	0.0051439311504599865	0.71636975	0.7333333333333333	7.5140696	26.170336	1
SNHG26	0.0049114083	0.0049697193	0.0072212879612226725	-1.0186341e-10	0.0	-5.6638355	15.467971	1
FAM126A	0.13028654	0.1278386	0.17311306756355724	0.33649325	0.5333333333333333	1.3955547	8.532584	1
OSBPL3	0.032300904	0.03039406	0.04075576219210605	0.19294196	0.31666666666666665	2.6623144	7.1049733	1
AC005165.1	0.0013570633	0.0013731709	0.002077356810762687	-1.0186341e-10	0.0	-3.8808544	5.009293	1
AC010719.1	0.001765673	0.0017866424	0.002868730833910377	-1.0186341e-10	0.0	-4.2377505	6.6404963	1
NFE2L3	0.0070210462	0.005774061	0.008606192501731131	0.11206986	0.2	4.255183	5.6522145	1
SKAP2	0.114708565	0.11158623	0.14620635077653577	0.37772718	0.5416666666666666	1.758275	10.771062	1
HOXA10	0.0047255782	0.003573523	0.004847165891779602	0.10177731	0.18333333333333332	4.7935247	5.418511	1
AC005162.3	0.0028047708	0.002838075	0.004154713621525374	-1.0186341e-10	0.0	-4.876801	9.335977	1
CPVL	0.33197856	0.33362848	0.3858937580373924	0.19305608	0.3333333333333333	-0.7889077	5.9949045	1
CHN2	0.033454865	0.03376396	0.046987832624394106	0.007424546	0.016666666666666666	-2.1700745	5.182904	1
AC005400.1	0.0031235225	0.0031606103	0.0045504006330992185	-1.0186341e-10	0.0	-5.0270715	10.100078	1
AC018647.1	0.02213051	0.022393132	0.03175388267880107	-1.0186341e-10	0.0	-7.813342	44.55244	1
SEPTIN7-AS1	0.014575702	0.014748643	0.021169255119200713	-1.0186341e-10	0.0	-7.2141886	44.07532	1
POU6F2	0.0044761407	0.004529285	0.006429913938074983	-1.0186341e-10	0.0	-5.5327187	14.033039	1
RALA	0.41394776	0.40631527	0.47195568305470376	1.0569475	0.925	1.3790137	23.556358	1
AC072061.1	0.0018083996	0.0018298761	0.002868730833910377	-1.0186341e-10	0.0	-4.2704377	6.387733	1
LINC01449	0.0027139604	0.0027461865	0.0038579483628449897	-1.0186341e-10	0.0	-4.83096	8.621134	1
STK17A	0.7040268	0.70739037	0.6629735878919775	0.4207237	0.6	-0.74949455	11.880195	1
SPDYE1	0.0013817601	0.0013981609	0.002077356810762687	-1.0186341e-10	0.0	-3.9051223	5.0856786	1
PGAM2	0.6616395	0.66524935	0.6100504500939756	0.35759127	0.5	-0.89539725	12.547675	1
AEBP1	0.44248292	0.4448349	0.49698288653674944	0.24440044	0.4083333333333333	-0.86375713	9.488516	1
MYL7	3.4992104	3.5141022	0.952616480364032	2.244614	0.9416666666666667	-0.64666563	18.72293	1
IGFBP3	0.09735162	0.07427438	0.07043228806014443	2.0414143	0.9333333333333333	4.77869	44.55244	1
ABCA13	0.0035826287	0.0036251664	0.005341774656246909	-1.0186341e-10	0.0	-5.2192345	11.791182	1
VWC2	0.12285152	0.123779185	0.14907508161044614	0.0446824	0.075	-1.4679301	5.835101	1
GRB10	0.0720638	0.066257425	0.09259076070827975	0.561197	0.6916666666666667	3.0804346	20.846132	1
AC074351.1	0.0017053465	0.0017255996	0.0023741220694430704	-1.0186341e-10	0.0	-4.1903	5.5861187	1
NIPSNAP2	0.80220944	0.8052811	0.7436937382530419	0.5434827	0.6583333333333333	-0.56717205	7.85716	1
SUMF2	0.2901549	0.28736326	0.35364526659412404	0.52536356	0.6833333333333333	0.87021327	7.766846	1
CT66	0.002034962	0.002059128	0.002967652586803838	-1.0186341e-10	0.0	-4.4323783	6.8405743	1
GALNT17	0.0076129427	0.007703323	0.010485705806706895	-1.0186341e-10	0.0	-6.2860184	22.55382	1
METTL27	0.006945915	0.0070283767	0.01088139281828074	-1.0186341e-10	0.0	-6.1555033	23.107092	1
AC211486.5	0.0024437439	0.0024727623	0.0037590266099515285	-1.0186341e-10	0.0	-4.685248	8.367844	1
HIP1	0.47392932	0.47583637	0.5171629241270155	0.31332827	0.475	-0.60263336	5.152158	1
CCL26	0.0015998369	0.0016188376	0.0024730438223365316	-1.0186341e-10	0.0	-4.103363	5.82817	1
PTPN12	0.2967191	0.29135537	0.35967949352062517	0.74858946	0.8416666666666667	1.3610926	20.067535	1
PHTF2	0.5958297	0.5987218	0.6074784845187456	0.35224837	0.5416666666666666	-0.76512426	10.954453	1
GNAI1	0.1423121	0.13739654	0.18666534770996143	0.556398	0.6833333333333333	2.0169811	17.62738	1
HGF	0.0021589743	0.0021846122	0.003264417845484222	-1.0186341e-10	0.0	-4.513879	6.8384976	1
CACNA2D1	0.1752711	0.17638263	0.23048768424176477	0.081615604	0.15833333333333333	-1.1108426	5.9669394	1
SEMA3A	0.35197818	0.35456577	0.3923236719754674	0.13406856	0.23333333333333334	-1.4024132	15.143849	1
TP53TG1	0.1378624	0.135663	0.18448906914630528	0.32312846	0.48333333333333334	1.2514638	6.3289747	1
SRI	0.61042786	0.6056698	0.6250865565337818	1.0112749	0.9083333333333333	0.7394763	15.377684	1
CYP51A1-AS1	0.0019545923	0.0019778041	0.0025719655752299933	-1.0186341e-10	0.0	-4.3769894	6.1938033	1
LRRD1	0.0047239657	0.0047800518	0.006825600949648828	-1.0186341e-10	0.0	-5.608826	14.965083	1
GNG11	0.71507066	0.70000684	0.6096547630824019	1.9840754	0.9916666666666667	1.5028926	44.55244	1
PPP1R9A	0.29346842	0.29500383	0.35235928380650905	0.16419858	0.25833333333333336	-0.84490263	5.1676946	1
AC079781.5	0.010666473	0.0107931	0.01612424572163419	-1.0186341e-10	0.0	-6.7672725	34.281113	1
BRI3	1.0647364	1.0592653	0.8488475615787912	1.5256466	0.9916666666666667	0.5263152	21.086243	1
AC004834.1	0.002571901	0.0026024408	0.0036601048570580673	-1.0186341e-10	0.0	-4.7561927	8.44474	1
ARPC1B	0.2595358	0.24732924	0.3062617469581561	1.2878319	0.9666666666666667	2.3799684	44.55244	1
AC073842.2	0.0016013745	0.0016203935	0.0023741220694430704	-1.0186341e-10	0.0	-4.104668	5.6726475	1
SAP25	0.00602809	0.0060996567	0.008309427243050747	-1.0186341e-10	0.0	-5.954118	18.255894	1
GNB2	0.64070964	0.6361372	0.648728855475319	1.0259068	0.9416666666666667	0.68940365	16.30524	1
EPHB4	0.05201831	0.050568644	0.0720150361064398	0.17412573	0.2916666666666667	1.7817925	5.117053	1
AP1S1	0.25562432	0.25315893	0.32189138391532296	0.46334565	0.6333333333333333	0.87178713	6.7028546	1
AC006329.1	0.006167428	0.0062406487	0.008902957760411515	-1.0186341e-10	0.0	-5.98656	18.86727	1
CUX1	0.77787507	0.78063834	0.7217331091106934	0.5451337	0.7166666666666667	-0.5179644	7.5338407	1
ORAI2	0.21757895	0.21505329	0.27262835097437926	0.4303856	0.6166666666666667	1.0006	7.459704	1
RASA4B	0.003482696	0.0035240473	0.005242852903353448	-1.0186341e-10	0.0	-5.1795316	11.8430195	1
FBXL13	0.006370992	0.006446629	0.009100801266198437	-1.0186341e-10	0.0	-6.032682	19.940468	1
PRKAR2B	0.76894855	0.7728822	0.7045207241072312	0.4376007	0.6166666666666667	-0.82049054	15.352442	1
SLC26A4	0.0015849562	0.0016037803	0.0022752003165496092	-1.0186341e-10	0.0	-4.0906687	5.4423995	1
LAMB1	0.49016142	0.485528	0.5079632011079236	0.88050586	0.8416666666666667	0.85864496	12.566561	1
DOCK4	0.04845407	0.04048231	0.05638539914927292	0.7200098	0.8166666666666667	4.149294	31.840265	1
BMT2	0.31899732	0.32065952	0.3834207142150559	0.17903857	0.31666666666666665	-0.84041595	6.3835726	1
PPP1R3A	0.1136116	0.114546746	0.13146700959541002	0.034812488	0.06666666666666667	-1.7153803	8.392446	1
TES	0.10429884	0.102258146	0.1386882975566327	0.276196	0.43333333333333335	1.4325887	6.4088044	1
CAV2	0.17776127	0.17369504	0.21080225541596598	0.520296	0.6333333333333333	1.5822228	12.387384	1
CAV1	0.15384555	0.14119601	0.15105351666831537	1.2194566	0.9	3.109564	34.48949	1
ST7-OT4	0.028109701	0.028370533	0.04065684043921258	0.0061451346	0.016666666666666666	-2.188665	5.408543	1
CTTNBP2	0.3671203	0.36907274	0.4233851023840142	0.20270663	0.3416666666666667	-0.8641912	7.1989594	1
AASS	0.14740205	0.14838794	0.19507369670590563	0.06433092	0.125	-1.2045206	5.2978244	1
AC015983.2	0.0029067313	0.0029412457	0.004352557127312296	-1.0186341e-10	0.0	-4.926592	9.789917	1
LMOD2	0.3719457	0.375064	0.35967949352062517	0.109341495	0.16666666666666666	-1.7773615	18.760681	1
AC006148.1	0.0018227842	0.0018444315	0.0024730438223365316	-1.0186341e-10	0.0	-4.281278	5.8644495	1
LRRC4	0.008287197	0.0062444992	0.00929864477198536	0.18036793	0.26666666666666666	4.8300924	7.610775	1
FLNC	0.710427	0.7142974	0.6828568602235632	0.38440773	0.5583333333333333	-0.89371437	14.508687	1
SMKR1	0.0013395799	0.0013554799	0.0023741220694430704	-1.0186341e-10	0.0	-3.8634245	5.676081	1
CPA1	0.0021541822	0.0021797635	0.003264417845484222	-1.0186341e-10	0.0	-4.5108137	7.232656	1
MESTIT1	0.0025493826	0.002579655	0.0038579483628449897	-1.0186341e-10	0.0	-4.743977	8.669277	1
PODXL	0.024840437	0.019270055	0.02888515184489069	0.49409574	0.6083333333333333	4.6731825	18.80505	1
PLXNA4	0.70210105	0.7066569	0.6448709071124741	0.3183699	0.4666666666666667	-1.1500571	19.727287	1
AKR1B15	0.0048211836	0.0048784236	0.006627757443861905	-1.0186341e-10	0.0	-5.6376185	14.391515	1
SLC13A4	0.0020614997	0.0020859807	0.003264417845484222	-1.0186341e-10	0.0	-4.45021	7.3408833	1
AC091736.1	0.0017337749	0.0017543655	0.0025719655752299933	-1.0186341e-10	0.0	-4.2128553	5.8785143	1
AC009264.1	0.005121294	0.0051820967	0.007122366208329211	-1.0186341e-10	0.0	-5.72304	15.221537	1
CHRM2	0.48789042	0.49108428	0.5119200712236621	0.21890905	0.36666666666666664	-1.1652738	15.328206	1
PTN	0.52748895	0.53010356	0.502027895934316	0.30728108	0.4583333333333333	-0.7865181	7.981281	1
DGKI	0.4206688	0.42426348	0.40953605697892964	0.11793499	0.19166666666666668	-1.8460859	22.328508	1
SVOPL	0.007406417	0.007494345	0.010287862300919973	-1.0186341e-10	0.0	-6.2468553	22.314167	1
TMEM139	0.0023461124	0.002373972	0.0036601048570580673	-1.0186341e-10	0.0	-4.628759	8.369292	1
AC004889.1	0.012441956	0.010480136	0.015926402215847266	0.17770942	0.3	4.070902	8.721408	1
CNTNAP2	0.0063634184	0.0064389654	0.00939756652487882	-1.0186341e-10	0.0	-6.030992	18.860308	1
ZNF467	0.14712666	0.14362894	0.19190820061331487	0.44177294	0.625	1.6202809	12.168974	1
ATP6V0E2-AS1	0.0067907046	0.006871324	0.010287862300919973	-1.0186341e-10	0.0	-6.123362	22.200827	1
ATP6V0E2	0.21320374	0.21444573	0.2783658126422	0.108653136	0.2	-0.98022807	5.9433236	1
ACTR3C	0.0039663706	0.0040134634	0.0062320704322880605	-1.0186341e-10	0.0	-5.362283	13.547966	1
GIMAP4	0.0055890935	0.0006511948	0.001088139281828074	0.421566	0.5166666666666667	9.132698	15.715845	1
GIMAP6	0.001526026	0.00029548915	0.0004946087644673064	0.10518851	0.19166666666666668	8.056494	5.8205833	1
GIMAP1	0.0017384127	0.0005066744	0.0007913740231476902	0.10550212	0.2	7.4435005	6.059025	1
TMEM176B	0.57946205	0.5835565	0.5302205955089524	0.23460594	0.35833333333333334	-1.3142651	19.546024	1
TMEM176A	0.31959468	0.32174772	0.34494015233949943	0.13829003	0.25	-1.2176381	11.269888	1
NOS3	0.032663155	0.030928835	0.045207241072311805	0.17877097	0.325	2.527238	7.3418407	1
PRKAG2	0.975097	0.98025453	0.797111484815511	0.54062676	0.675	-0.85840374	18.000109	1
PAXIP1-AS2	0.0015413295	0.0015596359	0.002176278563656148	-1.0186341e-10	0.0	-4.0527964	5.3516316	1
AC009403.2	0.0048024063	0.0048594237	0.0072212879612226725	-1.0186341e-10	0.0	-5.632102	15.39699	1
AC005534.1	0.0070275823	0.0071110134	0.010188940548026512	-1.0186341e-10	0.0	-6.1721315	21.686039	1
MNX1	0.0015001431	0.0015179603	0.0022752003165496092	-1.0186341e-10	0.0	-4.0161057	5.3088245	1
PTPRN2	0.021525975	0.019312384	0.027500247304382233	0.20799759	0.325	3.4222112	7.9322453	1
LINC00689	0.0073860046	0.007473691	0.01009001879513305	-1.0186341e-10	0.0	-6.242926	22.089827	1
ANGPT2	0.027194768	0.020758841	0.029577604115144922	0.56936586	0.5083333333333333	4.7708783	13.973117	1
FAM85B	0.0019333469	0.0019563064	0.0025719655752299933	-1.0186341e-10	0.0	-4.3619847	6.195765	1
SOX7	0.0062064035	0.0040579243	0.006034226926501137	0.18719828	0.30833333333333335	5.4933305	8.780795	1
AF131216.1	0.0019964646	0.0020201735	0.003165496092590761	-1.0186341e-10	0.0	-4.406112	7.3990273	1
FAM167A	0.0015065717	0.0015244653	0.002077356810762687	-1.0186341e-10	0.0	-4.0218945	5.1373944	1
AC022239.2	0.0017694406	0.0017904546	0.0027698090810169156	-1.0186341e-10	0.0	-4.240663	6.4743867	1
GATA4	0.35882622	0.36126202	0.4233851023840142	0.15370716	0.24166666666666667	-1.2323222	11.209883	1
C8orf49	0.0078102387	0.00790296	0.01167276684142843	-1.0186341e-10	0.0	-6.3224635	24.837692	1
CTSB	0.35365552	0.35023782	0.4053813433574043	0.6415957	0.7583333333333333	0.8731427	9.873571	1
DLC1	0.25450733	0.25129068	0.3049757641705411	0.5255173	0.6833333333333333	1.0640818	9.886673	1
AC106845.1	0.0034539301	0.0034949402	0.004847165891779602	-1.0186341e-10	0.0	-5.167897	10.967647	1
MTMR7	0.01292227	0.013075585	0.018399446038183796	-1.0186341e-10	0.0	-7.0417247	39.37097	1
SLC7A2	0.19640791	0.1975714	0.2439410426352755	0.09837574	0.18333333333333332	-1.0052639	5.3586392	1
PDGFRL	0.046561554	0.04711437	0.0671678702146602	-1.0186341e-10	0.0	-8.883083	44.55244	1
MTUS1	1.5632396	1.5703174	0.8926698981105945	0.9669742	0.875	-0.6994496	22.219398	1
AC124242.3	0.0019587262	0.0019819872	0.002967652586803838	-1.0186341e-10	0.0	-4.379891	6.7343974	1
PSD3	0.842349	0.8455639	0.7481452171332476	0.5715325	0.7	-0.5649964	8.914553	1
AC100800.1	0.0037907208	0.0038357286	0.005539618162033831	-1.0186341e-10	0.0	-5.29856	12.452704	1
CSGALNACT1	0.005865669	0.0030327498	0.0045504006330992185	0.24451588	0.36666666666666664	6.286945	10.287985	1
GFRA2	0.0030450781	0.0030812349	0.0045504006330992185	-1.0186341e-10	0.0	-4.9915166	10.295329	1
HR	0.0016771107	0.0016970286	0.0023741220694430704	-1.0186341e-10	0.0	-4.167543	5.5096197	1
PHYHIP	0.002961531	0.002996696	0.004253635374418835	-1.0186341e-10	0.0	-4.9526596	9.153685	1
PIWIL2	0.0020284986	0.0020525877	0.0033633395983776833	-1.0186341e-10	0.0	-4.4280014	7.602523	1
PDLIM2	0.24023335	0.23561755	0.2766841428430112	0.62909263	0.7416666666666667	1.4164428	14.62572	1
TNFRSF10B	0.1407144	0.13856378	0.18508259966366605	0.3218742	0.475	1.2153541	6.4097686	1
TNFRSF10D	0.03677134	0.032902695	0.04758136314175487	0.36267695	0.5583333333333333	3.458427	15.946151	1
LOXL2	0.25165403	0.24896923	0.3039865466416065	0.47785896	0.65	0.9403399	7.721771	1
AC104561.4	0.0025468692	0.0025771118	0.0038579483628449897	-1.0186341e-10	0.0	-4.742607	8.671665	1
NKX3-1	0.024316823	0.024605397	0.03452369175981798	-1.0186341e-10	0.0	-7.948684	44.55244	1
NKX2-6	0.0032608132	0.0032995306	0.0045504006330992185	-1.0186341e-10	0.0	-5.087265	10.1524515	1
STC1	0.24813627	0.23357782	0.2601642101098032	1.4745742	0.8833333333333333	2.6578035	28.841055	1
AC107373.2	0.0067454795	0.006825562	0.009595410030665743	-1.0186341e-10	0.0	-6.1138606	20.430452	1
DPYSL2	0.26715326	0.26109943	0.32199030566821646	0.7771589	0.8166666666666667	1.5732436	20.64754	1
EXTL3-AS1	0.005335771	0.0053991196	0.007518053219903057	-1.0186341e-10	0.0	-5.7811303	16.29888	1
DUSP4	0.027440123	0.022090819	0.028390543080423384	0.47807354	0.5416666666666666	4.4294996	16.012785	1
AC090820.2	0.0013513864	0.0013674266	0.0022752003165496092	-1.0186341e-10	0.0	-3.875218	5.327085	1
DUSP26	0.2340168	0.23532164	0.2902364229894154	0.12417023	0.20833333333333334	-0.9217663	5.2773805	1
AC090809.1	0.0057417164	0.0058098836	0.008804036007518053	-1.0186341e-10	0.0	-5.8850594	19.229282	1
EIF4EBP1	0.676674	0.6724157	0.6558512216836483	1.035444	0.9083333333333333	0.62274903	10.863157	1
AC084024.4	0.0032004048	0.0032384053	0.00464932238599268	-1.0186341e-10	0.0	-5.0610886	10.447896	1
AC087623.2	0.007980314	0.008075055	0.012068453853002275	-1.0186341e-10	0.0	-6.353158	25.818527	1
FGFR1	0.27224138	0.2687985	0.3264417845484222	0.5623118	0.7083333333333334	1.0645653	9.838203	1
TACC1	0.36798525	0.36377323	0.42180235433771884	0.7228301	0.7916666666666666	0.9904204	11.408276	1
TM2D2	0.27804452	0.2746306	0.34345632604609755	0.5656749	0.7	1.0422106	10.289957	1
TCIM	0.009106061	0.002511909	0.0035611831041646056	0.56460834	0.5916666666666667	7.7562575	16.504139	1
SLC20A2	0.5120309	0.5147501	0.5567316252844	0.2830241	0.4666666666666667	-0.862718	10.952693	1
AC090739.1	0.006296781	0.006371537	0.00939756652487882	-1.0186341e-10	0.0	-6.016038	19.981144	1
HOOK3	0.3201786	0.31618395	0.37738648728855473	0.65670866	0.7583333333333333	1.0542529	11.696305	1
HGSNAT	0.11874247	0.116562545	0.16005539618162035	0.30237326	0.4666666666666667	1.3744661	6.7591257	1
AC064807.4	0.0054240185	0.005488415	0.00781481847858344	-1.0186341e-10	0.0	-5.8043685	17.446407	1
AC064807.2	0.0016039116	0.0016229608	0.0023741220694430704	-1.0186341e-10	0.0	-4.1068196	5.622227	1
AC022034.1	0.002281981	0.0023090793	0.0033633395983776833	-1.0186341e-10	0.0	-4.5904117	7.6891847	1
SOX17	0.008193539	0.0016060278	0.0024730438223365316	0.56313664	0.65	8.366957	20.404799	1
RP1	0.0014944403	0.00021474532	0.0003956870115738451	0.109298095	0.19166666666666668	8.441187	5.8327913	1
LYN	0.1646566	0.16200438	0.2087248986052033	0.38807037	0.5833333333333334	1.2597668	8.9944105	1
PENK	0.009777532	0.009893607	0.008804036007518053	-1.0186341e-10	0.0	-6.6429353	14.115274	1
ASPH	1.2510018	1.2555568	0.9030566821644079	0.8673084	0.85	-0.53365886	12.977253	1
TRIM55	0.70551646	0.7102361	0.6686121278069047	0.30798292	0.45	-1.2051831	21.109919	1
AC021321.1	0.0068926895	0.0069745197	0.009793253536452665	-1.0186341e-10	0.0	-6.144562	20.897425	1
PREX2	0.01913545	0.017748704	0.025323968740726087	0.13595206	0.24166666666666667	2.9302676	5.665176	1
TRAM1	0.44958252	0.44537982	0.5097437926600059	0.80364114	0.8666666666666667	0.85137093	14.514404	1
TRPA1	0.0015381612	0.0015564298	0.002077356810762687	-1.0186341e-10	0.0	-4.0500064	5.030445	1
TMEM70	0.35622677	0.35836864	0.421406667326145	0.17586397	0.275	-1.0265667	8.725729	1
AC087627.1	0.0017942812	0.00036479032	0.0005935305173607676	0.12221712	0.2	8.03983	5.616597	1
AC103952.1	0.0034119436	0.0034524552	0.0051439311504599865	-1.0186341e-10	0.0	-5.150746	11.415256	1
HEY1	0.056310378	0.04959136	0.06449698288653676	0.6223247	0.6833333333333333	3.6468325	21.430443	1
TPD52	0.4723256	0.47468495	0.5163715501038678	0.2736344	0.4	-0.79449743	7.338439	1
AC009812.3	0.001827637	0.0018493419	0.0024730438223365316	-1.0186341e-10	0.0	-4.284917	5.8153925	1
ZNF704	0.47876573	0.48135355	0.5134038975170641	0.26082867	0.425	-0.8837411	9.688874	1
AC009902.3	0.0020068546	0.002030687	0.003165496092590761	-1.0186341e-10	0.0	-4.413248	7.116363	1
SLC10A5	0.0024561046	0.0024852697	0.0034622613512711444	-1.0186341e-10	0.0	-4.6922445	7.948234	1
AC015522.1	0.38073707	0.38251156	0.4129983183302008	0.23131958	0.375	-0.72536945	5.612961	1
RALYL	0.2175249	0.2191136	0.2760906123256504	0.08377922	0.15	-1.385952	9.185968	1
CA2	0.02079952	0.0077145724	0.010485705806706895	1.1230963	0.8416666666666667	7.1672277	35.460533	1
AC004083.1	0.0024664963	0.0024957848	0.0036601048570580673	-1.0186341e-10	0.0	-4.6981006	8.497616	1
C8orf88	0.20108524	0.20233206	0.2638243149668612	0.09612178	0.175	-1.0730025	6.192061	1
RUNX1T1	0.6554841	0.6581271	0.6439806113364329	0.43288487	0.575	-0.60426897	7.2480044	1
AC010834.3	0.001461447	0.0014787936	0.002176278563656148	-1.0186341e-10	0.0	-3.980752	5.3000894	1
TMEM67	0.27487397	0.27663392	0.33910376891878524	0.12669496	0.225	-1.126002	8.71753	1
ESRP1	0.0093378555	0.009448712	0.013849045405084578	-1.0186341e-10	0.0	-6.5772357	28.960443	1
C8orf37-AS1	0.004124607	0.004173578	0.006034226926501137	-1.0186341e-10	0.0	-5.417374	13.373946	1
AP003352.1	0.00638042	0.0064561693	0.009100801266198437	-1.0186341e-10	0.0	-6.0347824	19.448433	1
ERICH5	0.010786477	0.010914528	0.01612424572163419	-1.0186341e-10	0.0	-6.7832656	33.606728	1
STK3	0.19476503	0.19599885	0.254129983183302	0.09080853	0.18333333333333332	-1.1090934	6.8462634	1
RNF19A	0.34716675	0.34462532	0.4060737956276585	0.561283	0.7	0.7035382	5.921242	1
PABPC1	0.8925348	0.8878687	0.776535760213671	1.2856538	0.9416666666666667	0.5340338	14.752741	1
ZNF706	0.5163967	0.51305866	0.5625680087051143	0.7976301	0.875	0.6364957	11.147393	1
AP000426.1	0.0015593453	0.0015778653	0.002077356810762687	-1.0186341e-10	0.0	-4.0685563	5.129402	1
RRM2B	0.11058443	0.10828435	0.1461074290236423	0.30433398	0.425	1.4899728	6.459262	1
KLF10	0.0820969	0.07929769	0.11069344148778316	0.31789392	0.45	2.00183	8.878016	1
BAALC	0.017557664	0.013606749	0.019388663567118408	0.35038581	0.5	4.676398	14.180004	1
ABRA	0.016962828	0.017164106	0.02344445543575032	-1.0186341e-10	0.0	-7.4316335	44.55244	1
EXT1	0.47671366	0.4789471	0.5128103669997033	0.28860354	0.4583333333333333	-0.7305788	7.256286	1
SNTB1	0.0032580572	0.0013818666	0.0023741220694430704	0.16131201	0.2916666666666667	6.7671885	8.447301	1
HAS2	0.8256563	0.83139837	0.5983776832525473	0.3419977	0.35833333333333334	-1.2813051	16.326633	1
AC016405.3	0.0014854945	0.001503138	0.0024730438223365316	-1.0186341e-10	0.0	-4.002828	5.8112326	1
AC016405.1	0.0021573252	0.0021829435	0.002967652586803838	-1.0186341e-10	0.0	-4.512825	6.993924	1
FBXO32	0.31015357	0.31180093	0.3509743792660006	0.17144954	0.2833333333333333	-0.8624625	5.9905896	1
KLHL38	0.0017736538	0.0017947179	0.0024730438223365316	-1.0186341e-10	0.0	-4.2439127	6.046557	1
FAM91A1	0.07164159	0.06989191	0.0983282223761005	0.2190241	0.4	1.6464882	7.168398	1
TMEM65	0.24238841	0.23979984	0.30101889405480264	0.4604986	0.6166666666666667	0.94107777	6.834491	1
LRATD2	0.1697836	0.17105328	0.21060441191017903	0.062805206	0.10833333333333334	-1.4440376	8.022156	1
PCAT1	0.007332793	0.0074198474	0.010386784053813434	-1.0186341e-10	0.0	-6.232633	22.595905	1
LINC00824	0.0032496369	0.0032882218	0.004748244138886141	-1.0186341e-10	0.0	-5.082458	10.584493	1
CCDC26	0.0025258793	0.0025558728	0.0037590266099515285	-1.0186341e-10	0.0	-4.731116	8.447091	1
ASAP1	0.46719396	0.46427938	0.5106340884360471	0.7127528	0.7916666666666666	0.6183004	7.0395427	1
TMEM71	0.040632654	0.041024067	0.055594025126125234	0.0076677008	0.016666666666666666	-2.4044235	6.9880424	1
AF228727.1	0.0014620622	0.0014794163	0.0022752003165496092	-1.0186341e-10	0.0	-3.981321	5.656035	1
AF230666.1	0.0020996355	0.0021245691	0.0027698090810169156	-1.0186341e-10	0.0	-4.4754553	6.724634	1
NDRG1	0.12719285	0.12349657	0.15303195172618458	0.43856406	0.5916666666666667	1.8274777	11.788653	1
PTK2	0.38676372	0.38326266	0.4455435750321496	0.6817049	0.8083333333333333	0.83064914	10.856039	1
DENND3	0.020226682	0.017933054	0.026906716787021466	0.2134408	0.3416666666666667	3.5657961	7.9424205	1
AC100803.3	0.0029359038	0.0029707646	0.004154713621525374	-1.0186341e-10	0.0	-4.9405274	9.403878	1
PTP4A3	0.32055557	0.31755072	0.38025521812246516	0.5737164	0.7166666666666667	0.853148	8.234692	1
TSNARE1	0.0031166333	0.0031536394	0.00464932238599268	-1.0186341e-10	0.0	-5.023984	10.197915	1
AC067930.8	0.0061784913	0.0062518436	0.008902957760411515	-1.0186341e-10	0.0	-5.989105	18.813578	1
AC067930.3	0.0025933257	0.0026241199	0.003956870115738451	-1.0186341e-10	0.0	-4.7677197	8.865588	1
MAPK15	0.0019468974	0.001970018	0.002868730833910377	-1.0186341e-10	0.0	-4.371573	6.704211	1
PLEC	0.30728996	0.3041776	0.36660401622316746	0.56951034	0.7083333333333334	0.9045872	8.658042	1
PARP10	0.0063573797	0.0064328555	0.009496488277772282	-1.0186341e-10	0.0	-6.0296435	20.188848	1
AC084125.2	0.0035676723	0.0036100324	0.0051439311504599865	-1.0186341e-10	0.0	-5.2133613	11.473757	1
MFSD3	0.22676781	0.22815192	0.2913245622712434	0.11024593	0.2	-1.0485936	6.7299457	1
AF235103.3	0.0039163856	0.003962885	0.005836383420714215	-1.0186341e-10	0.0	-5.3444343	12.97129	1
ZNF252P-AS1	0.003209517	0.0032476257	0.0045504006330992185	-1.0186341e-10	0.0	-5.065068	10.16708	1
LINC01231	0.0015575062	0.0015760044	0.0024730438223365316	-1.0186341e-10	0.0	-4.0669556	5.863698	1
RFX3-AS1	0.011152639	0.011285037	0.01622316747452765	-1.0186341e-10	0.0	-6.8309965	33.926674	1
AL354977.2	0.0068730325	0.0069546294	0.009892175289346126	-1.0186341e-10	0.0	-6.1405	21.259733	1
CDC37L1	0.31564823	0.31722394	0.3872786625779009	0.18296908	0.325	-0.7935682	6.1162057	1
RLN2	0.0041355994	0.004184701	0.0061331486793945985	-1.0186341e-10	0.0	-5.421124	13.160737	1
IL33	0.0069523496	0.007034888	0.008309427243050747	-1.0186341e-10	0.0	-6.1568203	16.476587	1
AL162411.1	0.0014439819	0.0014611213	0.002077356810762687	-1.0186341e-10	0.0	-3.964512	5.0517497	1
AL161443.1	0.001696454	0.0017166017	0.0025719655752299933	-1.0186341e-10	0.0	-4.1831717	6.112876	1
PTPRD	0.7184777	0.721421	0.676624789791275	0.47057623	0.65	-0.61630654	8.726933	1
CER1	0.0023179362	0.0023454612	0.0036601048570580673	-1.0186341e-10	0.0	-4.612036	8.456116	1
SH3GL2	0.004575097	0.004629416	0.006034226926501137	-1.0186341e-10	0.0	-5.5635915	12.957438	1
AL591222.1	0.0018796866	0.0019020092	0.0025719655752299933	-1.0186341e-10	0.0	-4.323378	5.955263	1
MLLT3	0.4606964	0.46261805	0.5023246611929963	0.2988703	0.5	-0.63013124	6.556567	1
CDKN2A	0.03985479	0.037862226	0.05213176377485409	0.20771793	0.275	2.4526834	5.8166676	1
TEK	0.00320883	0.0016000911	0.0027698090810169156	0.13873225	0.24166666666666667	6.351587	7.317748	1
B4GALT1	0.12389795	0.12191119	0.16658423187258878	0.29125276	0.44166666666666665	1.2557534	5.711501	1
MYORG	0.0048279483	0.0035987087	0.0051439311504599865	0.10838183	0.18333333333333332	4.874288	5.318417	1
FAM219A	0.11718271	0.114270255	0.15639529132456226	0.36252046	0.525	1.6647484	9.963546	1
CCL27	0.0035907826	0.0036334172	0.005045009397566525	-1.0186341e-10	0.0	-5.2224264	11.349157	1
DNAJB5	0.13742682	0.13838676	0.18557720842813336	0.056540452	0.125	-1.2898433	7.121325	1
AL353795.2	0.0016700624	0.0016898968	0.0025719655752299933	-1.0186341e-10	0.0	-4.161806	6.008493	1
HRCT1	0.008048535	0.008144086	0.012068453853002275	-1.0186341e-10	0.0	-6.365289	25.792799	1
CLTA	0.9570442	0.9522019	0.8135324957958255	1.3649647	0.9666666666666667	0.5194785	17.147896	1
SHB	0.28311574	0.28451025	0.3439509348105648	0.16570757	0.2916666666666667	-0.7794776	5.1021442	1
FAM201A	0.0033061486	0.0033454043	0.004748244138886141	-1.0186341e-10	0.0	-5.106603	10.367012	1
AL953883.1	0.003807517	0.0038527243	0.004946087644673063	-1.0186341e-10	0.0	-5.304777	10.89915	1
CBWD6	0.0076494073	0.00774022	0.011178158076961124	-1.0186341e-10	0.0	-6.292824	24.143234	1
LINC01410	0.0015750171	0.0015937232	0.0026708873281234544	-1.0186341e-10	0.0	-4.0821276	6.0344534	1
AL512625.3	0.0064735003	0.0065503544	0.009694331783559204	-1.0186341e-10	0.0	-6.055361	20.999369	1
FAM27E3	0.002225397	0.0022518234	0.0033633395983776833	-1.0186341e-10	0.0	-4.5557094	7.7242613	1
AL161457.1	0.0042783064	0.004329102	0.006627757443861905	-1.0186341e-10	0.0	-5.4689436	14.729575	1
BANCR	0.25116274	0.2528315	0.24710653872786625	0.11066638	0.16666666666666666	-1.1912265	6.4202914	1
FAM189A2	0.5122013	0.5149345	0.5243842120882382	0.28202176	0.425	-0.8683512	9.329133	1
SMC5-AS1	0.0047967876	0.004853738	0.007518053219903057	-1.0186341e-10	0.0	-5.630447	16.272625	1
CEMIP2	0.08040088	0.074757256	0.10337323177366703	0.55582434	0.675	2.8926744	20.083128	1
ANXA1	0.43777713	0.4310698	0.39351073301018896	1.0028262	0.8833333333333333	1.2178874	19.149734	1
OSTF1	0.20004399	0.19508676	0.25571273122959737	0.6176472	0.7583333333333333	1.6621614	17.794867	1
GCNT1	0.10578738	0.10684767	0.12820259174992582	0.016445	0.03333333333333333	-2.692438	17.97174	1
PCA3	0.0019656308	0.001988974	0.0025719655752299933	-1.0186341e-10	0.0	-4.384724	5.9465756	1
TLE1	0.022733383	0.02114031	0.029379760609358	0.15693137	0.26666666666666666	2.886176	6.390997	1
FRMD3	0.41910404	0.42136174	0.4452468097734692	0.22899516	0.3416666666666667	-0.87945473	7.7794204	1
SLC28A3	0.0034148188	0.0034553646	0.0051439311504599865	-1.0186341e-10	0.0	-5.151927	11.559998	1
NTRK2	0.0049469452	0.005005678	0.007616974972796518	-1.0186341e-10	0.0	-5.674032	15.9753065	1
AL353743.2	0.013894469	0.014059323	0.01958650707290533	-1.0186341e-10	0.0	-7.14561	41.96698	1
AL513318.2	0.0017029162	0.0017231406	0.0024730438223365316	-1.0186341e-10	0.0	-4.1883554	5.8025236	1
CTSL	0.25670424	0.25433466	0.3217924621624295	0.45636228	0.625	0.84320045	6.14586	1
CDK20	0.013770906	0.013934295	0.021070333366307252	-1.0186341e-10	0.0	-7.1328144	44.07532	1
AL353572.4	0.0029859398	0.0030213944	0.004847165891779602	-1.0186341e-10	0.0	-4.9641204	10.814151	1
SECISBP2	0.14941663	0.14758322	0.19784350578692256	0.30384877	0.49166666666666664	1.0413222	5.5299764	1
DIRAS2	0.03703998	0.037386555	0.05371451182114947	0.007852328	0.016666666666666666	-2.2369242	5.6922483	1
SYK	0.0014665825	0.0014840015	0.0022752003165496092	-1.0186341e-10	0.0	-3.9855032	5.463886	1
ASPN	0.015124823	0.015304283	0.0201800375902661	-1.0186341e-10	0.0	-7.267189	40.759277	1
CARD19	0.13780975	0.13520473	0.1836976951231576	0.35724702	0.5416666666666666	1.4011134	8.940996	1
WNK2	0.32760707	0.32924446	0.3916312197052132	0.18973866	0.3416666666666667	-0.79482335	6.338559	1
LINC02603	0.0023772405	0.0024054695	0.003165496092590761	-1.0186341e-10	0.0	-4.647011	7.2519374	1
AL691447.2	0.0061462778	0.0062192474	0.009001879513304976	-1.0186341e-10	0.0	-5.9816823	19.524853	1
AOPEP	0.29463238	0.29661438	0.34879810070234446	0.12773798	0.23333333333333334	-1.2147582	10.895107	1
AL161729.3	0.0013862561	0.0014027102	0.002176278563656148	-1.0186341e-10	0.0	-3.9094963	5.190158	1
AL161729.4	0.0019883036	0.0020119157	0.0025719655752299933	-1.0186341e-10	0.0	-4.4004817	6.05822	1
TMOD1	1.1220002	1.1279951	0.8630922939954496	0.6169651	0.7	-0.87039405	20.175753	1
TRIM14	0.005723587	0.0057915393	0.008606192501731131	-1.0186341e-10	0.0	-5.880574	18.047081	1
GALNT12	0.0067041535	0.0067837457	0.010287862300919973	-1.0186341e-10	0.0	-6.1051235	21.702633	1
COL15A1	0.015853303	0.009208638	0.012068453853002275	0.5756104	0.6083333333333333	5.950629	18.030102	1
GRIN3A	0.0023036276	0.0023309826	0.003264417845484222	-1.0186341e-10	0.0	-4.6034694	7.425537	1
CYLC2	0.0107352855	0.0108627295	0.015728558710060344	-1.0186341e-10	0.0	-6.776465	32.125923	1
CTNNAL1	0.5704238	0.57251626	0.5883865862103076	0.3941961	0.55	-0.53828937	5.2753444	1
TXN	1.0858791	1.0771451	0.8548817885052923	1.8216691	1.0	0.7579936	41.53374	1
LPAR1	0.0013652022	0.0013814063	0.0024730438223365316	-1.0186341e-10	0.0	-3.888897	5.6476865	1
GNG10	0.5520925	0.5481166	0.5859135423879711	0.88705397	0.8833333333333333	0.69443846	12.393104	1
PTBP3	0.18697898	0.18383491	0.23948956375506975	0.4518304	0.625	1.2969052	10.046987	1
C9orf147	0.0028409439	0.0028746773	0.004253635374418835	-1.0186341e-10	0.0	-4.894663	9.441384	1
RGS3	0.28347802	0.28074118	0.3459293698684341	0.5140711	0.675	0.87249416	7.0609617	1
PAPPA	0.0061083036	0.0061808224	0.007913740231476903	-1.0186341e-10	0.0	-5.972883	16.45998	1
B3GNT10	0.0063457666	0.0064211045	0.009199723019091898	-1.0186341e-10	0.0	-6.0270457	19.972063	1
TRAF1	0.0057794037	0.0058480185	0.008606192501731131	-1.0186341e-10	0.0	-5.8943386	18.520187	1
C5	0.0023043072	0.0023316704	0.0030665743396972992	-1.0186341e-10	0.0	-4.603877	7.0420694	1
AC007066.3	0.0021421264	0.0021675644	0.003264417845484222	-1.0186341e-10	0.0	-4.503073	7.6142144	1
LHX2	0.0015487205	0.0015671145	0.0023741220694430704	-1.0186341e-10	0.0	-4.059283	5.544274	1
NEK6	0.08503075	0.08338838	0.1154416856266693	0.22337127	0.36666666666666664	1.4204421	5.2346916	1
ARPC5L	0.59048957	0.5868756	0.6173706598080918	0.89495647	0.8833333333333333	0.60867816	10.853699	1
AL359632.1	0.0014838951	0.0015015195	0.0024730438223365316	-1.0186341e-10	0.0	-4.001371	5.731211	1
PBX3	0.8871882	0.89095527	0.7352853892570976	0.56986034	0.7083333333333334	-0.6446533	12.31325	1
RALGPS1	0.04712443	0.047519002	0.06766247897912751	0.013893304	0.03333333333333333	-1.7668008	5.1946197	1
ANGPTL2	0.020486444	0.018468654	0.0263131862696607	0.19046316	0.31666666666666665	3.359328	8.234022	1
AL445222.1	0.009254785	0.009364654	0.013651201899297655	-1.0186341e-10	0.0	-6.5644794	29.068491	1
NIBAN2	0.08353084	0.081469476	0.11336432881590662	0.2571705	0.4166666666666667	1.6571846	7.237016	1
SH2D3C	0.011675387	0.008766386	0.01315659313483035	0.25673485	0.4083333333333333	4.856351	11.941848	1
ENG	0.51666135	0.5114253	0.5115243842120882	0.95776844	0.8583333333333333	0.9050219	12.608944	1
AL162586.1	0.0028761488	0.0029103002	0.004154713621525374	-1.0186341e-10	0.0	-4.911837	9.26751	1
ST6GALNAC6	0.2089554	0.20675088	0.2681768720941735	0.39471155	0.5833333333333334	0.9325731	6.4457235	1
AL590708.1	0.0014145974	0.0014313878	0.002077356810762687	-1.0186341e-10	0.0	-3.9367692	5.011217	1
AL356481.2	0.0014378901	0.0014549571	0.002176278563656148	-1.0186341e-10	0.0	-3.9588044	5.1045656	1
HMGA1P4	0.003592956	0.0036356165	0.005737461667820754	-1.0186341e-10	0.0	-5.223276	12.465296	1
LRRC8A	0.11240087	0.11051574	0.14947076862202	0.2711926	0.45	1.2942928	6.5070195	1
AL158151.1	0.0068401513	0.006921358	0.010287862300919973	-1.0186341e-10	0.0	-6.1336794	21.714155	1
LINC01503	0.11905068	0.119836055	0.16173706598080917	0.05287004	0.11666666666666667	-1.1790168	5.2038074	1
AL391056.2	0.0015011701	0.0015189996	0.002077356810762687	-1.0186341e-10	0.0	-4.017032	5.030188	1
PRRX2	0.004966292	0.005025255	0.007419131467009596	-1.0186341e-10	0.0	-5.6795535	15.6975155	1
NCS1	0.31034327	0.31199136	0.38381640122662974	0.1715726	0.3	-0.8623085	6.277692	1
CEL	0.002483821	0.0025133153	0.004352557127312296	-1.0186341e-10	0.0	-4.707811	9.860705	1
MED22	0.16176605	0.1628309	0.21653971708378672	0.07204256	0.15	-1.1753377	6.6957927	1
STKLD1	0.008150364	0.008247124	0.012167375605895736	-1.0186341e-10	0.0	-6.3832088	25.800505	1
RXRA	0.118499264	0.11603886	0.16074784845187456	0.32575563	0.5083333333333333	1.4883821	8.703628	1
CARD9	0.0018885197	0.0019109471	0.002967652586803838	-1.0186341e-10	0.0	-4.329805	6.7788672	1
NOTCH1	0.02211335	0.019491589	0.028390543080423384	0.2429704	0.39166666666666666	3.6330678	10.580618	1
EGFL7	0.35413888	0.33827716	0.3673953902463152	1.6903586	0.9916666666666667	2.3207107	44.55244	1
DIPK1B	0.35672593	0.35106894	0.42180235433771884	0.833294	0.825	1.2468336	18.083424	1
SNHG7	0.51882166	0.51473945	0.5464437629834801	0.8627614	0.875	0.74500614	11.571004	1
LCN10	0.0017507777	0.0017715702	0.0022752003165496092	-1.0186341e-10	0.0	-4.2261786	5.2958565	1
C8G	0.0024177046	0.002446414	0.0035611831041646056	-1.0186341e-10	0.0	-4.670397	8.159892	1
LCNL1	0.0028013836	0.0028346474	0.0037590266099515285	-1.0186341e-10	0.0	-4.875117	8.694123	1
NPDC1	0.33962384	0.3341775	0.39964388168958354	0.79844004	0.8416666666666667	1.2563186	18.97242	1
LRRC26	0.006259758	0.006334075	0.008408348995944209	-1.0186341e-10	0.0	-6.0076623	17.707619	1
CYSRT1	0.005305397	0.0053683845	0.007616974972796518	-1.0186341e-10	0.0	-5.773044	16.300602	1
NRARP	0.024276804	0.021885794	0.030665743396972995	0.22569492	0.3416666666666667	3.3603694	8.832012	1
PNPLA7	0.00428813	0.0043390426	0.006330992185181522	-1.0186341e-10	0.0	-5.472178	13.566472	1
TUBB8	0.0018411975	0.0018630632	0.0024730438223365316	-1.0186341e-10	0.0	-4.2950363	5.5819297	1
AL359878.1	0.00512365	0.005184481	0.007419131467009596	-1.0186341e-10	0.0	-5.7236915	16.069046	1
PITRM1-AS1	0.0035302103	0.003572126	0.005242852903353448	-1.0186341e-10	0.0	-5.198545	11.788166	1
LINC02669	0.0018139738	0.000245674	0.0004946087644673064	0.1339302	0.23333333333333334	8.59893	6.9578733	1
KLF6	0.19694407	0.18518284	0.22722326639628054	1.1877201	0.9	2.680515	32.0452	1
AKR1C1	0.22980851	0.23157571	0.25966960134533584	0.081023216	0.13333333333333333	-1.5139201	10.616232	1
AKR1C2	0.044469416	0.044887118	0.06034226926501138	0.00928965	0.016666666666666666	-2.2603688	5.933712	1
CALML3-AS1	0.0024207213	0.0024494664	0.0037590266099515285	-1.0186341e-10	0.0	-4.672125	8.629934	1
AL137186.2	0.0026049993	0.002635932	0.003956870115738451	-1.0186341e-10	0.0	-4.773962	8.785945	1
AL157395.1	0.007035968	0.0071194987	0.010287862300919973	-1.0186341e-10	0.0	-6.173828	22.032284	1
CELF2	0.73564506	0.73838973	0.69334256603027	0.50446546	0.6666666666666666	-0.5495364	7.517832	1
CELF2-AS2	0.0030220223	0.0030579052	0.004352557127312296	-1.0186341e-10	0.0	-4.9808974	9.8050375	1
AL512770.1	0.0041534794	0.0042027934	0.0061331486793945985	-1.0186341e-10	0.0	-5.427203	13.318684	1
FAM107B	0.05851753	0.05005329	0.06983875754278365	0.7715573	0.8	3.943544	29.31798	1
CDNF	0.0030306983	0.0030666844	0.004451478880205757	-1.0186341e-10	0.0	-4.984903	10.2556	1
ACBD7	0.0049671815	0.005026154	0.007122366208329211	-1.0186341e-10	0.0	-5.679806	15.310187	1
ITGA8	0.010106676	0.0075106756	0.009496488277772282	0.22879848	0.30833333333333335	4.9105396	8.343759	1
VIM	2.3280802	2.3096128	0.9944603818379661	3.8837204	1.0	0.7497631	44.55244	1
HACD1	1.1612496	1.1681728	0.8677416163814423	0.57804924	0.6583333333333333	-1.0148634	23.942812	1
CACNB2	0.4950403	0.49751636	0.5334850133544367	0.2865227	0.425	-0.79588115	8.424246	1
NEBL	2.0391705	2.05042	0.9839746760312593	1.0915596	0.9333333333333333	-0.90946656	43.853474	1
AL358780.1	0.0018658395	0.001887998	0.0026708873281234544	-1.0186341e-10	0.0	-4.313246	6.311483	1
AL359697.1	0.002456012	0.002485176	0.0035611831041646056	-1.0186341e-10	0.0	-4.692192	8.185495	1
AL606469.1	0.0021310512	0.0021563577	0.003165496092590761	-1.0186341e-10	0.0	-4.4959254	7.251399	1
ARHGAP21	0.2314573	0.22879076	0.28944504896626766	0.4561276	0.5916666666666667	0.9950945	7.0502186	1
GPR158-AS1	0.00171754	0.0017379379	0.0023741220694430704	-1.0186341e-10	0.0	-4.2000175	5.7483025	1
MKX	0.005518965	0.005584488	0.007913740231476903	-1.0186341e-10	0.0	-5.82896	17.234234	1
BAMBI	1.2236925	1.2295039	0.848155109308537	0.7341888	0.7	-0.7437742	14.752367	1
JCAD	0.10552453	0.10143433	0.13314867939459887	0.45008072	0.575	2.1485367	12.549731	1
ZEB1	0.48893377	0.4839931	0.5296270649915916	0.9051612	0.8333333333333334	0.9030496	14.056788	1
NRP1	0.3735652	0.366398	0.40043525571273125	0.97734815	0.8916666666666667	1.4152149	24.12748	1
CREM	0.7798252	0.7745093	0.7082797507171827	1.2276611	0.9	0.6644892	13.299645	1
AL117336.1	0.0073053273	0.007392056	0.011376001582748046	-1.0186341e-10	0.0	-6.227291	23.58945	1
CCNY	0.44424364	0.44034955	0.5030171134632506	0.77233726	0.8333333333333334	0.810441	11.394495	1
AL603824.1	0.003226507	0.0032648172	0.0045504006330992185	-1.0186341e-10	0.0	-5.072458	10.159527	1
AL121749.2	0.002136963	0.0021623399	0.0034622613512711444	-1.0186341e-10	0.0	-4.4997454	7.9835815	1
AL022344.1	0.0034116963	0.0034522049	0.00544069640914037	-1.0186341e-10	0.0	-5.1506443	12.178983	1
RASGEF1A	0.0023052874	0.0023326622	0.003264417845484222	-1.0186341e-10	0.0	-4.6044655	7.61658	1
CXCL12	0.2621398	0.2640547	0.27628845583143735	0.10091078	0.16666666666666666	-1.3868736	10.166893	1
TMEM72	0.004086432	0.00413495	0.0056385399149272925	-1.0186341e-10	0.0	-5.4042745	12.1919565	1
AL353801.3	0.0071746698	0.0072598476	0.010287862300919973	-1.0186341e-10	0.0	-6.2016053	21.802443	1
RASSF4	0.41230044	0.41447374	0.4720546048075972	0.22927742	0.38333333333333336	-0.85390526	8.1469965	1
LINC00842	0.0027501057	0.002782761	0.0038579483628449897	-1.0186341e-10	0.0	-4.849381	8.693097	1
AL356056.2	0.0042091575	0.0042591323	0.006627757443861905	-1.0186341e-10	0.0	-5.4459705	14.427019	1
AL356056.1	0.0036506525	0.0036939976	0.005737461667820754	-1.0186341e-10	0.0	-5.2456484	12.62157	1
GDF2	0.17087127	0.17244573	0.20704322880601445	0.038217414	0.08333333333333333	-2.1709065	19.655428	1
PARG	0.13449955	0.13554044	0.1829063211000099	0.046792805	0.1	-1.5323488	8.655527	1
AL589794.2	0.0068792636	0.006960934	0.010287862300919973	-1.0186341e-10	0.0	-6.1417885	22.17882	1
PRKG1-AS1	0.008415982	0.008515894	0.012068453853002275	-1.0186341e-10	0.0	-6.4289303	26.420673	1
AC010996.1	0.0020961703	0.0021210627	0.002868730833910377	-1.0186341e-10	0.0	-4.47318	6.5758915	1
BICC1	0.20646898	0.20773724	0.2651102977544762	0.09971031	0.18333333333333332	-1.0581934	5.7837863	1
FAM13C	0.37912852	0.38143075	0.41497675338807005	0.18525696	0.2833333333333333	-1.0414929	8.713538	1
SLC16A9	0.014817019	0.014992825	0.021268176872094174	-1.0186341e-10	0.0	-7.2377205	44.25141	1
ANK3	0.71810395	0.72161186	0.6592145612820259	0.42263526	0.5666666666666667	-0.7716686	10.610388	1
AL592430.1	0.0017137446	0.0017340976	0.0026708873281234544	-1.0186341e-10	0.0	-4.197	6.1070895	1
ARID5B	0.15254135	0.15053418	0.19467800969433177	0.32161355	0.4666666666666667	1.0947274	5.087632	1
EGR2	0.004965816	0.005024773	0.0072212879612226725	-1.0186341e-10	0.0	-5.6794176	14.421345	1
LINC02671	0.0015097146	0.0015276456	0.0022752003165496092	-1.0186341e-10	0.0	-4.0247164	5.1734915	1
CTNNA3	0.5189229	0.5221754	0.5496092590760708	0.24499859	0.425	-1.0914485	15.831687	1
TET1	0.8049055	0.8082851	0.7279651795429815	0.52020454	0.6666666666666666	-0.63568646	10.005871	1
TSPAN15	0.069239564	0.065974645	0.09041448214462361	0.34427068	0.5333333333333333	2.3817935	12.795986	1
PALD1	0.014831684	0.013283605	0.019685428825798792	0.14523894	0.225	3.4408827	5.3010216	1
UNC5B	0.782606	0.7784166	0.7174794737362746	1.1355376	0.925	0.5447029	11.418665	1
AC091769.2	0.0014106442	0.0014273877	0.0022752003165496092	-1.0186341e-10	0.0	-3.9329958	5.490812	1
AC016394.2	0.0033973714	0.00343771	0.004946087644673063	-1.0186341e-10	0.0	-5.1447453	11.054955	1
AC073389.3	0.0015370897	0.0015553456	0.0024730438223365316	-1.0186341e-10	0.0	-4.0490623	5.7910295	1
MYOZ1	0.43674436	0.44026068	0.4587990899198734	0.14061183	0.24166666666666667	-1.645942	22.213829	1
SYNPO2L	0.49929163	0.50341636	0.4832327628845583	0.15189804	0.25	-1.727986	25.108217	1
CAMK2G	0.0722033	0.07066715	0.10030665743396973	0.20159744	0.35	1.511041	5.52144	1
PLAU	0.01717816	0.012676755	0.018399446038183796	0.39637965	0.475	4.9556537	13.311572	1
KAT6B	0.671361	0.6737105	0.6485310119695321	0.47347134	0.675	-0.5087612	6.855051	1
DUSP13	0.011678483	0.011817125	0.01553071520427342	-1.0186341e-10	0.0	-6.896894	32.59572	1
LINC00595	0.014209197	0.014377788	0.02077356810762687	-1.0186341e-10	0.0	-7.177699	43.552444	1
PPIF	0.3262311	0.32833672	0.3928182807399347	0.14893048	0.25833333333333336	-1.140008	9.840148	1
AL512662.2	0.005120719	0.005181514	0.007715896725689979	-1.0186341e-10	0.0	-5.7228813	16.802908	1
SFTPD	0.009205021	0.0093143	0.012958749629043427	-1.0186341e-10	0.0	-6.556783	27.628088	1
TMEM254-AS1	0.0043612844	0.004413065	0.006034226926501137	-1.0186341e-10	0.0	-5.496037	13.301205	1
MAT1A	0.0023359458	0.0023636848	0.0034622613512711444	-1.0186341e-10	0.0	-4.6227474	7.9898486	1
TSPAN14	0.09721564	0.09447032	0.13097240083094272	0.32847166	0.49166666666666664	1.7967485	9.41187	1
AL096706.1	0.0036788224	0.0037225022	0.0051439311504599865	-1.0186341e-10	0.0	-5.256447	11.529998	1
LDB3	1.2485125	1.255234	0.8652685725591057	0.6823098	0.7416666666666667	-0.8793609	22.948824	1
BMPR1A	0.32405856	0.32560608	0.3923236719754674	0.19375955	0.30833333333333335	-0.74855876	5.006496	1
MMRN2	0.012061542	0.004302782	0.006429913938074983	0.6656724	0.8	7.24047	31.026333	1
SNCG	0.051073384	0.047333926	0.06251854782866752	0.366091	0.5083333333333333	2.948605	12.97988	1
AL136982.3	0.0013042691	0.00131975	0.002176278563656148	-1.0186341e-10	0.0	-3.8275664	5.1789627	1
PAPSS2	0.044829573	0.0418878	0.057374616678207535	0.29265392	0.49166666666666664	2.8016462	12.284663	1
KLLN	0.0064693885	0.0065461937	0.010188940548026512	-1.0186341e-10	0.0	-6.054458	21.322647	1
STAMBPL1	0.07653068	0.07708366	0.10643980611336433	0.029926904	0.075	-1.3620398	5.1949086	1
ACTA2	2.4879968	2.500178	0.9486596102482936	1.4618776	0.9166666666666666	-0.77416724	29.179766	1
FAS	0.009627027	0.008125374	0.01315659313483035	0.13612938	0.225	4.049813	6.0407567	1
LIPA	0.03524842	0.02825666	0.039370857651597584	0.62424767	0.725	4.4605904	24.069561	1
IFIT3	0.027800385	0.02366965	0.03254525670194876	0.37578204	0.5333333333333333	3.9830873	15.180325	1
SLC16A12	0.17615901	0.1772712	0.22019982194084478	0.08244824	0.15	-1.1034625	5.723313	1
AL157400.2	0.0032263857	0.0032646947	0.00464932238599268	-1.0186341e-10	0.0	-5.0724053	10.567126	1
AL157400.3	0.004087404	0.0041359337	0.0061331486793945985	-1.0186341e-10	0.0	-5.4046097	13.32548	1
ANKRD1	0.8421165	0.8499471	0.4528637847462657	0.18253958	0.20833333333333334	-2.2185433	36.29754	1
FGFBP3	0.069117405	0.06969806	0.09565733504797705	0.02018141	0.03333333333333333	-1.783029	5.207816	1
HHEX	0.0054657245	0.0027441646	0.004352557127312296	0.23473483	0.35	6.367498	10.174736	1
AL157834.1	0.0095916055	0.009705474	0.013750123652191117	-1.0186341e-10	0.0	-6.6155167	29.21577	1
ENTPD1	0.010805595	0.0071143387	0.010485705806706895	0.32176325	0.45	5.479437	13.176716	1
CC2D2B	0.001739616	0.0017602762	0.0026708873281234544	-1.0186341e-10	0.0	-4.2174463	6.073042	1
AC021037.1	0.0055574095	0.005623389	0.008012661984370364	-1.0186341e-10	0.0	-5.838799	17.049154	1
BLNK	0.0022864577	0.002313609	0.0033633395983776833	-1.0186341e-10	0.0	-4.5931215	7.533728	1
AL355490.1	0.0018486469	0.0018706011	0.0026708873281234544	-1.0186341e-10	0.0	-4.3005652	6.1932564	1
UBTD1	0.033828333	0.03194085	0.046196458601246417	0.19283852	0.31666666666666665	2.5901568	7.2491713	1
HOGA1	0.0032545659	0.0032932092	0.004847165891779602	-1.0186341e-10	0.0	-5.08458	10.683382	1
SFRP5	0.005919715	0.0059899953	0.008804036007518053	-1.0186341e-10	0.0	-5.9283705	18.579638	1
GOT1	0.8069639	0.81011015	0.7335047977050153	0.5419417	0.6833333333333333	-0.5798922	9.029267	1
BLOC1S2	0.24263531	0.23944701	0.30566821644079534	0.5112619	0.6666666666666666	1.0940357	9.512225	1
SFXN3	0.04886247	0.04628026	0.06410129587496291	0.2663967	0.39166666666666666	2.5225348	8.848222	1
OGA	0.3720164	0.36977738	0.43436541695518843	0.5606565	0.6916666666666667	0.60032743	5.1111236	1
PITX3	0.005435095	0.0054996223	0.008408348995944209	-1.0186341e-10	0.0	-5.807259	18.120464	1
NEURL1	0.0061872127	0.0062606684	0.009100801266198437	-1.0186341e-10	0.0	-5.991108	19.572735	1
AL121929.2	0.0022877255	0.002314892	0.003264417845484222	-1.0186341e-10	0.0	-4.5938883	7.5277257	1
CFAP58	0.008156738	0.008253573	0.011376001582748046	-1.0186341e-10	0.0	-6.384323	24.141335	1
SORCS1	0.3479838	0.34986055	0.39776436838460777	0.1899532	0.30833333333333335	-0.8807889	6.7337894	1
AL158163.1	0.0020997168	0.0021246516	0.0030665743396972992	-1.0186341e-10	0.0	-4.475509	6.959596	1
AL158212.2	0.02662708	0.026943259	0.037491344346621824	-1.0186341e-10	0.0	-8.079126	44.55244	1
NRAP	0.008021589	0.00811682	0.010980314571174201	-1.0186341e-10	0.0	-6.36051	23.441345	1
AL592546.3	0.0021510548	0.0021765989	0.003165496092590761	-1.0186341e-10	0.0	-4.5088096	7.4632206	1
ABLIM1	0.6759305	0.6785512	0.6610940745870016	0.45519307	0.6333333333333333	-0.57587487	7.378835	1
ENO4	0.0025443702	0.0025745833	0.003956870115738451	-1.0186341e-10	0.0	-4.741244	9.179419	1
CASC2	0.017984735	0.018164968	0.02651102977544762	0.0027948122	0.008333333333333333	-2.6575375	6.013606	1
AL139407.1	0.0022077474	0.0022339644	0.0034622613512711444	-1.0186341e-10	0.0	-4.544712	7.702887	1
RGS10	0.019949416	0.016158085	0.02255415965970917	0.33933324	0.45	4.3838987	12.609813	1
PLPP4	0.0017847149	0.0018059103	0.0027698090810169156	-1.0186341e-10	0.0	-4.25241	6.3815846	1
AL731566.2	0.001950201	0.0019733608	0.0030665743396972992	-1.0186341e-10	0.0	-4.373901	7.3069005	1
PLEKHA1	0.42190576	0.41752273	0.47492333564150757	0.791159	0.7916666666666666	0.9219498	12.439584	1
CPXM2	0.012712318	0.0032635436	0.0051439311504599865	0.8086929	0.8333333333333334	7.9096446	31.64029	1
CHST15	0.0025714946	0.00047038664	0.0007913740231476902	0.1795724	0.25833333333333336	8.299212	7.405202	1
ADAM12	0.015071808	0.012082078	0.017212385003462262	0.26692784	0.4083333333333333	4.454158	11.932665	1
DOCK1	0.10472492	0.10310464	0.14205163715501037	0.24120626	0.4	1.2253575	5.330131	1
PTPRE	0.07396452	0.07060763	0.09536056978929666	0.3567443	0.5166666666666667	2.3353567	11.449777	1
AL139123.1	0.0019802896	0.0020038064	0.0027698090810169156	-1.0186341e-10	0.0	-4.394932	6.561665	1
AL451069.1	0.21449694	0.21576053	0.26550598476605003	0.10813481	0.2	-0.9959349	6.0718627	1
NKX6-2	0.0028759015	0.0029100499	0.004352557127312296	-1.0186341e-10	0.0	-4.911717	9.80282	1
ADAM8	0.0030772001	0.003113738	0.004748244138886141	-1.0186341e-10	0.0	-5.006182	10.86722	1
CALY	0.06393627	0.06447946	0.08477594222969631	0.018155936	0.03333333333333333	-1.8227099	5.687975	1
SCART1	0.0028698826	0.0029039595	0.004253635374418835	-1.0186341e-10	0.0	-4.908795	9.520159	1
AC069287.2	0.0017439402	0.0017646515	0.002868730833910377	-1.0186341e-10	0.0	-4.2208357	6.6562486	1
PSMD13	0.5581016	0.5550868	0.5937283608665546	0.81209415	0.85	0.54885143	7.7813144	1
IFITM2	0.8090622	0.8022255	0.7211395785933327	1.385031	0.9666666666666667	0.7877629	21.48771	1
IFITM3	1.4255008	1.4184897	0.9205658324265505	2.0161002	0.9916666666666667	0.5071814	27.644999	1
SIGIRR	0.14630556	0.14309722	0.1882480957562568	0.4165689	0.6083333333333333	1.540898	11.521312	1
HRAS	0.3235262	0.32116157	0.3919279849638936	0.52276695	0.675	0.70269555	5.556493	1
LRRC56	0.0030883898	0.0031250606	0.004451478880205757	-1.0186341e-10	0.0	-5.0112557	9.97585	1
SCT	0.2343349	0.23600814	0.24819467800969433	0.09346492	0.15	-1.3354082	8.500218	1
DEAF1	0.22014508	0.21804897	0.28093777821743	0.39676696	0.6	0.86334175	6.092944	1
TALDO1	0.5818482	0.5770843	0.6100504500939756	0.98318017	0.9083333333333333	0.7685704	13.881498	1
CTSD	0.5385397	0.5331328	0.5707785141952716	0.9940367	0.9333333333333333	0.8986787	16.434046	1
IGF2-AS	0.0025483703	0.0025786308	0.0037590266099515285	-1.0186341e-10	0.0	-4.7434254	8.649843	1
ASCL2	0.001434708	0.0014517372	0.0022752003165496092	-1.0186341e-10	0.0	-3.955814	5.3763328	1
SLC22A18	0.1234174	0.124285385	0.16658423187258878	0.050273985	0.1	-1.3040662	5.801762	1
PHLDA2	0.018834632	0.014863748	0.020278959343159562	0.3533446	0.49166666666666664	4.5619407	13.851787	1
RHOG	0.13059567	0.12597014	0.17350875457513107	0.5202518	0.7	2.0452607	17.62231	1
HBD	0.0023570533	0.0023850428	0.0027698090810169156	-1.0186341e-10	0.0	-4.6352005	5.7485747	1
AC104389.5	0.010600529	0.010726373	0.01553071520427342	-1.0186341e-10	0.0	-6.7584076	33.084938	1
OR51B5	0.0034408218	0.003481676	0.005045009397566525	-1.0186341e-10	0.0	-5.1625648	11.382734	1
CAVIN3	0.38699803	0.38209477	0.41596597091700466	0.800065	0.7833333333333333	1.0659895	12.1143265	1
AC068733.3	0.035931334	0.03635796	0.049856563458304484	-1.0186341e-10	0.0	-8.510092	44.55244	1
TPP1	0.13518406	0.1331866	0.18102680779503413	0.30343854	0.44166666666666665	1.187348	5.4088964	1
DCHS1	0.11793432	0.11506163	0.1560985260658819	0.35992512	0.5083333333333333	1.6444373	9.1084	1
OR2AG2	0.0031470202	0.0031843872	0.004352557127312296	-1.0186341e-10	0.0	-5.037554	9.736472	1
NRIP3	0.011795533	0.009284225	0.013354436640617272	0.22335276	0.39166666666666666	4.5735884	11.002176	1
SCUBE2	0.001956904	0.0019801434	0.002967652586803838	-1.0186341e-10	0.0	-4.3786125	6.630299	1
WEE1	0.37137306	0.37345722	0.42951825106340885	0.19586618	0.31666666666666665	-0.93072444	7.7451196	1
SWAP70	0.108343	0.10500296	0.14521713324760116	0.38970262	0.5833333333333334	1.8909403	12.679912	1
AC011092.2	0.0029768662	0.0030122132	0.004451478880205757	-1.0186341e-10	0.0	-4.9598703	9.866412	1
MRVI1-AS1	0.0037244542	0.0037686755	0.005836383420714215	-1.0186341e-10	0.0	-5.2737694	12.869971	1
LYVE1	0.010164268	0.001762659	0.0023741220694430704	0.71792984	0.5416666666666666	8.590536	16.89703	1
AC069360.1	0.0065390277	0.00661666	0.009595410030665743	-1.0186341e-10	0.0	-6.0696735	20.443472	1
GALNT18	0.030437663	0.026737588	0.03768918785240875	0.34214163	0.5	3.6726882	13.555502	1
DKK3	0.65784293	0.66106933	0.6471461074290237	0.38609987	0.5333333333333333	-0.7756722	10.62099	1
MICAL2	0.7120017	0.716279	0.6733603719457909	0.35172567	0.5333333333333333	-1.0258623	18.64173	1
FAR1-IT1	0.0038047784	0.0038499532	0.00544069640914037	-1.0186341e-10	0.0	-5.3037653	12.011543	1
SOX6	0.32118747	0.3230025	0.3661094074587002	0.1683571	0.3	-0.9396105	7.752947	1
PLEKHA7	0.13305669	0.13427122	0.1757839548916807	0.0307213	0.06666666666666667	-2.1242247	15.296942	1
AC124798.1	0.021449845	0.021669878	0.03106143040854684	0.002907051	0.008333333333333333	-2.855912	7.761052	1
SERGEF	0.13934603	0.14027032	0.1864675042041745	0.06146323	0.11666666666666667	-1.189097	5.483952	1
TPH1	0.0031781455	0.0032158818	0.0045504006330992185	-1.0186341e-10	0.0	-5.051322	10.239022	1
SAA1	0.0063226772	0.006397741	0.008705114254624592	-1.0186341e-10	0.0	-6.0218678	18.231441	1
SPTY2D1OS	0.03000779	0.03028813	0.043228806014442574	0.006399989	0.016666666666666666	-2.2249987	5.8228073	1
IGSF22	0.0016847095	0.0017047178	0.0026708873281234544	-1.0186341e-10	0.0	-4.1737027	6.2914934	1
CSRP3	1.0152568	1.0227611	0.7234147789098823	0.38312763	0.5	-1.4163369	30.379505	1
NAV2-AS3	0.0034605293	0.0035016176	0.004946087644673063	-1.0186341e-10	0.0	-5.1705747	11.007182	1
NAV2-AS2	0.13876906	0.13991019	0.17617964190325452	0.042618707	0.075	-1.712592	9.034213	1
HTATIP2	0.12193495	0.119204134	0.16045108319319418	0.3519724	0.48333333333333334	1.561228	7.958388	1
SVIP	0.15399879	0.1514811	0.20150361064398062	0.3660809	0.5666666666666667	1.2724667	8.571031	1
AC100771.2	0.0018352349	0.0018570299	0.0025719655752299933	-1.0186341e-10	0.0	-4.2905955	6.2709956	1
LINC01616	0.0060646087	0.0061366092	0.008804036007518053	-1.0186341e-10	0.0	-5.9626913	18.686811	1
RCN1	0.43003795	0.42558187	0.4817489365911564	0.80545336	0.8583333333333333	0.9202045	13.659759	1
PRRG4	0.0013474883	0.0013634822	0.002176278563656148	-1.0186341e-10	0.0	-3.8713348	5.2825513	1
CD59	0.7969979	0.7907861	0.7350875457513107	1.3203064	0.9416666666666667	0.7394402	18.060997	1
LINC02721	0.0012793028	0.0012944873	0.002077356810762687	-1.0186341e-10	0.0	-3.8016644	5.069937	1
LMO2	0.06717248	0.05803272	0.07310317538826788	0.8371183	0.8666666666666667	3.8481815	34.109566	1
CD44	0.02438827	0.022414489	0.029379760609358	0.19065765	0.275	3.0828154	5.770607	1
SLC1A2	0.008642551	0.0087451525	0.011573845088534969	-1.0186341e-10	0.0	-6.4668164	24.450108	1
TTC17	0.22155133	0.21938106	0.28311405678108614	0.40442207	0.575	0.8821219	5.7574296	1
ALKBH3-AS1	0.0019106074	0.0019332973	0.0026708873281234544	-1.0186341e-10	0.0	-4.345751	6.470885	1
TP53I11	0.12395556	0.110282004	0.1470966465525769	1.2758374	0.925	3.5309806	42.90899	1
CHST1	0.007069008	0.0023027428	0.0034622613512711444	0.40858713	0.4666666666666667	7.4101706	12.73641	1
DGKZ	0.14491722	0.14249566	0.19250173113067565	0.34890243	0.5416666666666666	1.2913069	7.808159	1
PACSIN3	0.13960057	0.14054427	0.18894054802651103	0.060082983	0.11666666666666667	-1.2246232	5.330381	1
DDB2	0.09583793	0.093837544	0.1272133742209912	0.26434156	0.4166666666666667	1.493175	6.4273367	1
MYBPC3	0.6468977	0.6493939	0.6091601543179345	0.43665618	0.6	-0.572488	6.595449	1
AP000781.1	0.0013489733	0.0013649848	0.002077356810762687	-1.0186341e-10	0.0	-3.8728151	5.089026	1
SLC43A3	0.0066148317	0.0034259693	0.005737461667820754	0.27525023	0.375	6.287104	10.538553	1
CTNND1	0.28866252	0.28647202	0.356217232169354	0.47323844	0.6583333333333333	0.7239744	5.8043594	1
AP004247.2	0.0017925831	0.0018138719	0.0027698090810169156	-1.0186341e-10	0.0	-4.258424	6.349727	1
OOSP1	0.003692663	0.003736507	0.005935305173607676	-1.0186341e-10	0.0	-5.261723	13.155062	1
TMEM109	0.12355706	0.121086575	0.16608962310812148	0.33166197	0.49166666666666664	1.4529185	7.54561	1
TMEM132A	0.069378786	0.06782579	0.09466811751904244	0.20019172	0.3333333333333333	1.5600715	5.264435	1
LRRC10B	0.0018666032	0.0018887705	0.0025719655752299933	-1.0186341e-10	0.0	-4.3138065	6.073005	1
AHNAK	0.36076313	0.35020524	0.40043525571273125	1.250194	0.9416666666666667	1.835583	34.77736	1
B3GAT3	0.16864644	0.16685298	0.2227717875160748	0.3197191	0.5	0.9378142	5.010036	1
LRRN4CL	0.0027887076	0.0028218208	0.004154713621525374	-1.0186341e-10	0.0	-4.8687973	9.446453	1
AP001160.4	0.0019505095	0.0019736728	0.002967652586803838	-1.0186341e-10	0.0	-4.374118	6.7848344	1
ATL3	0.045108207	0.042017628	0.0610347215352656	0.3054677	0.48333333333333334	2.858996	12.748176	1
AP006333.2	0.0034286692	0.0034693792	0.004847165891779602	-1.0186341e-10	0.0	-5.157603	10.586542	1
FLRT1	0.00511783	0.0051785912	0.006924522702542289	-1.0186341e-10	0.0	-5.7220826	14.93582	1
NUDT22	0.40006706	0.4020237	0.46503116035216147	0.23530143	0.36666666666666664	-0.77251625	6.5172853	1
AP001453.1	0.006781157	0.006861663	0.009892175289346126	-1.0186341e-10	0.0	-6.1213617	21.186813	1
VEGFB	1.0288714	1.0329741	0.8425165693936096	0.6832258	0.75	-0.5962982	11.998679	1
NRXN2	0.0019261743	0.001949049	0.0027698090810169156	-1.0186341e-10	0.0	-4.356884	6.241688	1
RASGRP2	0.37875763	0.38142502	0.4289247205460481	0.15412669	0.24166666666666667	-1.3067253	12.299638	1
PYGM	0.24474493	0.24625474	0.307745573251558	0.1176363	0.225	-1.065178	7.707909	1
MAP4K2	0.06646968	0.062320434	0.08744682955781977	0.4160003	0.5833333333333334	2.736841	15.4188795	1
MIR194-2HG	0.0014243758	0.0014412823	0.002176278563656148	-1.0186341e-10	0.0	-3.9460607	5.257826	1
TM7SF2	0.41295034	0.4148633	0.47195568305470376	0.2518634	0.43333333333333335	-0.71976954	6.735643	1
CDC42EP2	0.013345103	0.010750341	0.01612424572163419	0.2319315	0.39166666666666666	4.4185085	11.108926	1
NEAT1	1.8645946	1.8548396	0.9047383519635968	2.6863713	0.9916666666666667	0.5343402	22.86432	1
MAP3K11	0.08911558	0.08713059	0.12295973884657237	0.25632185	0.38333333333333336	1.555613	5.942216	1
AP006287.2	0.0023755068	0.0024037152	0.0033633395983776833	-1.0186341e-10	0.0	-4.646	7.6957893	1
AP000759.1	0.0039574094	0.004004396	0.005935305173607676	-1.0186341e-10	0.0	-5.3590994	13.099299	1
RAB1B	0.24805968	0.24522226	0.31071322583836186	0.48711446	0.7083333333333334	0.9898787	9.369898	1
AP001107.2	0.0022028135	0.0022289718	0.0030665743396972992	-1.0186341e-10	0.0	-4.5416226	6.8488235	1
CCDC87	0.005061318	0.005121409	0.006825600949648828	-1.0186341e-10	0.0	-5.7063684	14.731389	1
SPTBN2	0.0044547482	0.0045076385	0.006627757443861905	-1.0186341e-10	0.0	-5.525957	14.507215	1
PPP1CA	0.56986094	0.566342	0.6012464140864576	0.8663122	0.9	0.6131253	11.250713	1
ALDH3B1	0.001692932	0.0017130378	0.0023741220694430704	-1.0186341e-10	0.0	-4.1803384	5.7183814	1
AP002807.1	0.0032238867	0.003262166	0.004748244138886141	-1.0186341e-10	0.0	-5.0713205	10.65383	1
AP002992.1	0.0021269503	0.002152208	0.003264417845484222	-1.0186341e-10	0.0	-4.49327	7.5211387	1
AP002813.1	0.0072665145	0.007352782	0.010485705806706895	-1.0186341e-10	0.0	-6.2197084	22.297832	1
GAL	0.0033410534	0.0033807235	0.0045504006330992185	-1.0186341e-10	0.0	-5.121317	9.355922	1
CCND1	0.80455923	0.79334533	0.6795924423780789	1.7492461	0.9666666666666667	1.1406131	31.38052	1
CTTN	0.32885876	0.32597974	0.39271935898704124	0.57143223	0.7	0.8096102	7.1469126	1
RELT	0.020324772	0.01893905	0.025917499258086854	0.1370553	0.25	2.848777	6.2357945	1
PPME1	0.47131765	0.47326726	0.5242852903353448	0.30712926	0.5	-0.6236443	6.3053565	1
PGM2L1	0.1434359	0.14070527	0.18656642595706796	0.37345338	0.475	1.4076129	6.989213	1
AP001992.2	0.0018373244	0.0018591442	0.0027698090810169156	-1.0186341e-10	0.0	-4.2921534	6.1869435	1
ARRB1	0.050261497	0.04799442	0.0684538530022752	0.24124762	0.375	2.327171	8.111507	1
UVRAG-DT	0.0043252707	0.004376624	0.005836383420714215	-1.0186341e-10	0.0	-5.4843407	12.727989	1
LRRC32	0.015055507	0.013123204	0.01879513304975764	0.17783064	0.2833333333333333	3.7501712	7.6277046	1
AP003119.2	0.008611795	0.008714031	0.012760906123256505	-1.0186341e-10	0.0	-6.4617314	27.387133	1
RSF1-IT2	0.0020059717	0.0020297936	0.0026708873281234544	-1.0186341e-10	0.0	-4.4126434	6.304368	1
RSF1-IT1	0.0013944289	0.00141098	0.002176278563656148	-1.0186341e-10	0.0	-3.9174142	5.297836	1
PRCP	0.3295538	0.32535183	0.39380749826886935	0.6835636	0.7666666666666667	1.0708426	10.594994	1
RAB30-DT	0.24740425	0.24871871	0.3081412602631319	0.13674606	0.26666666666666666	-0.862541	5.7702656	1
DLG2	0.05679823	0.057265352	0.08101691561974478	0.017425679	0.041666666666666664	-1.7107095	5.663558	1
SYTL2	0.02095508	0.021203749	0.02947868236225146	-1.0186341e-10	0.0	-7.734965	44.55244	1
AP003059.1	0.0021579675	0.0021835936	0.002967652586803838	-1.0186341e-10	0.0	-4.5132356	6.764257	1
FZD4	0.074479125	0.072165094	0.09862498763478089	0.26940453	0.425	1.8989385	8.199972	1
RAB38	0.051066004	0.048943173	0.06815708774359482	0.22989318	0.39166666666666666	2.2294667	8.760622	1
CTSC	0.46845305	0.46458602	0.486596102482936	0.7942563	0.8	0.7735301	9.188572	1
NOX4	0.0037981335	0.0011649642	0.0019784350578692256	0.22562112	0.35	7.479301	10.279379	1
DEUP1	0.0023542668	0.0023822233	0.0033633395983776833	-1.0186341e-10	0.0	-4.6335626	7.826822	1
TAF1D	0.42110687	0.41861594	0.47294490058363836	0.6309809	0.8	0.5918532	6.930207	1
AP002784.1	0.0016437027	0.0016632242	0.0024730438223365316	-1.0186341e-10	0.0	-4.1401453	5.8124447	1
CCDC82	0.22818612	0.22613446	0.2855871006034227	0.40107107	0.5583333333333333	0.82639873	5.205884	1
ARHGAP42	0.5898891	0.5934056	0.6088633890592541	0.29371578	0.43333333333333335	-1.0143499	13.353747	1
YAP1	0.6482439	0.65204674	0.6526857255910574	0.3279576	0.5083333333333333	-0.9912476	16.707235	1
MMP1	0.046970725	0.03514592	0.037788109605302204	1.0431156	0.7	4.8874373	20.367182	1
CASP4	0.005835317	0.0038077554	0.005836383420714215	0.17664091	0.2833333333333333	5.499152	7.882101	1
CARD18	0.0017248924	0.0017453777	0.0023741220694430704	-1.0186341e-10	0.0	-4.205846	5.588776	1
ELMOD1	0.0148574095	0.015033696	0.019982194084479175	-1.0186341e-10	0.0	-7.241622	41.345886	1
ACAT1	0.35511565	0.35723165	0.42061529330299735	0.17692752	0.3	-1.0132899	9.001111	1
AP001981.2	0.006761149	0.006841418	0.01009001879513305	-1.0186341e-10	0.0	-6.11716	21.793585	1
LINC02732	0.0024147232	0.0024433972	0.0037590266099515285	-1.0186341e-10	0.0	-4.6686864	8.506748	1
ARHGAP20	0.0031476838	0.0031850585	0.00464932238599268	-1.0186341e-10	0.0	-5.0378485	10.485497	1
LAYN	0.023658216	0.0216232	0.028291621327529923	0.19508669	0.26666666666666666	3.1675463	5.882262	1
ALG9-IT1	0.0016527459	0.0016723747	0.0022752003165496092	-1.0186341e-10	0.0	-4.147613	5.559252	1
CRYAB	1.0523762	1.0597142	0.7691166287466614	0.43424472	0.5416666666666666	-1.286899	25.310781	1
HSPB2	0.2692637	0.27088466	0.28449896132159463	0.1327924	0.225	-1.0279526	6.8659873	1
PTS	0.26847416	0.2665246	0.33524582055594027	0.43275592	0.6166666666666667	0.69907695	5.214836	1
AP002884.3	0.0022861615	0.0023133093	0.0035611831041646056	-1.0186341e-10	0.0	-4.592942	8.106543	1
NCAM1	1.0401857	1.0458239	0.8188742704520724	0.5652489	0.6916666666666667	-0.8875645	21.391073	1
DRD2	0.003018697	0.0030545406	0.004154713621525374	-1.0186341e-10	0.0	-4.9793596	9.187471	1
CADM1	0.6382282	0.6412182	0.6199426253833218	0.38639832	0.525	-0.73057824	9.114033	1
LINC00900	0.0029720883	0.0030073787	0.0040557918686319125	-1.0186341e-10	0.0	-4.957628	9.137248	1
APOA4	0.0023774374	0.0024056686	0.002967652586803838	-1.0186341e-10	0.0	-4.6471252	6.694983	1
APOA1	0.3044278	0.30628318	0.3495894747254921	0.14820325	0.24166666666666667	-1.0467868	7.644361	1
APOA1-AS	0.009003229	0.009110113	0.01315659313483035	-1.0186341e-10	0.0	-6.5251484	28.314676	1
TAGLN	0.79274666	0.7987094	0.5518844593926204	0.29049206	0.30833333333333335	-1.4588561	17.511992	1
UPK2	0.0028195654	0.002853045	0.004154713621525374	-1.0186341e-10	0.0	-4.884133	9.301038	1
CCDC84-DT	0.007147438	0.007232292	0.010782471065387279	-1.0186341e-10	0.0	-6.1961937	22.599833	1
AP003392.1	0.0024786643	0.0025080973	0.0038579483628449897	-1.0186341e-10	0.0	-4.7049274	8.765823	1
MCAM	0.21981268	0.21079813	0.2594717578395489	0.97923166	0.825	2.2152512	26.35164	1
USP2	0.11195121	0.112763345	0.15520823028984074	0.04351496	0.09166666666666666	-1.371682	6.296579	1
USP2-AS1	0.016988456	0.01719004	0.024532594717578394	-1.0186341e-10	0.0	-7.433799	44.55244	1
THY1	0.04369565	0.03153949	0.030072212879612228	1.0677527	0.8416666666666667	5.0768423	32.379112	1
AP001994.2	0.0022324405	0.0022589506	0.0030665743396972992	-1.0186341e-10	0.0	-4.560075	6.950443	1
LINC02744	0.005396985	0.00546106	0.007616974972796518	-1.0186341e-10	0.0	-5.7972894	16.760181	1
OAF	0.008740761	0.0060399123	0.009991097042239588	0.23626517	0.39166666666666666	5.2666554	12.105662	1
ARHGEF12	0.46103677	0.4574351	0.5101394796715798	0.7644711	0.7666666666666667	0.7407683	7.99302	1
SC5D	1.4064643	1.4117453	0.8972202987436937	0.96161455	0.9083333333333333	-0.5539014	16.091953	1
MIR100HG	0.35776082	0.3604093	0.3975665248788208	0.13472894	0.23333333333333334	-1.4189062	14.602696	1
AP000755.1	0.0016554128	0.0016750733	0.0022752003165496092	-1.0186341e-10	0.0	-4.149808	5.3738284	1
SCN3B	0.008107894	0.006597789	0.009694331783559204	0.13532248	0.20833333333333334	4.337639	5.3448567	1
NRGN	0.01040499	0.006441266	0.00939756652487882	0.34431607	0.45	5.7184386	13.6706705	1
ESAM	0.02144824	0.0069633485	0.009793253536452665	1.2416795	0.95	7.457841	44.55244	1
ROBO4	0.005128974	0.0010307991	0.0016816697991888416	0.3503663	0.5	8.275789	15.608724	1
CCDC15-DT	0.004958924	0.005017799	0.0072212879612226725	-1.0186341e-10	0.0	-5.677453	15.823352	1
SLC37A2	0.0017320387	0.0017526088	0.0024730438223365316	-1.0186341e-10	0.0	-4.211488	5.8688564	1
AP000708.1	0.002102827	0.0021277985	0.0030665743396972992	-1.0186341e-10	0.0	-4.4775486	7.1077437	1
ST3GAL4	0.06691462	0.065321065	0.09239291720249283	0.2011435	0.3333333333333333	1.621115	5.3593097	1
ETS1	0.040076446	0.031952597	0.04481155406073795	0.72444475	0.8416666666666667	4.4985614	30.693655	1
FLI1	0.0047172545	0.002288921	0.0034622613512711444	0.20928463	0.31666666666666665	6.4536524	9.521642	1
APLP2	1.4836472	1.4733386	0.9395588089820952	2.3520925	1.0	0.6748191	38.893444	1
ZBTB44-DT	0.0021002525	0.0021251936	0.0030665743396972992	-1.0186341e-10	0.0	-4.4758606	7.0901704	1
ADAMTS8	0.0026043772	0.0026353025	0.0038579483628449897	-1.0186341e-10	0.0	-4.77363	8.456341	1
ADAMTS15	0.0133911865	0.013550067	0.019784350578692253	-1.0186341e-10	0.0	-7.092766	42.091545	1
OPCML	0.0036228371	0.0036658521	0.0051439311504599865	-1.0186341e-10	0.0	-5.234906	11.236681	1
JAM3	0.12934513	0.12279438	0.16866158868335146	0.6811828	0.7416666666666667	2.4708347	21.241077	1
SLC6A12	0.001560222	0.0015787525	0.0022752003165496092	-1.0186341e-10	0.0	-4.0693192	5.3138723	1
AC007406.4	0.0031166102	0.0031536159	0.00464932238599268	-1.0186341e-10	0.0	-5.0239735	10.075613	1
SLC6A13	0.0054826653	0.0055477573	0.008309427243050747	-1.0186341e-10	0.0	-5.8196077	17.903702	1
B4GALNT3	0.08940698	0.0901009	0.12147591255317045	0.030929102	0.058333333333333334	-1.53952	5.6456456	1
LINC02455	0.0019173544	0.0019401243	0.0026708873281234544	-1.0186341e-10	0.0	-4.3505864	6.1280446	1
WNT5B	0.1608548	0.16203259	0.2055594025126125	0.0616156	0.125	-1.393467	8.5492	1
LINC02371	0.002438189	0.0024671415	0.0034622613512711444	-1.0186341e-10	0.0	-4.682092	8.007529	1
NRIP2	0.0016620809	0.0016818205	0.0024730438223365316	-1.0186341e-10	0.0	-4.1552815	5.8572345	1
AC005911.1	0.0020932474	0.0021181053	0.0027698090810169156	-1.0186341e-10	0.0	-4.4712577	6.4817047	1
TSPAN9	0.55102414	0.553541	0.5814620635077653	0.33905444	0.55	-0.7070085	9.373213	1
AC005865.2	0.0026841438	0.002716016	0.003956870115738451	-1.0186341e-10	0.0	-4.815585	8.995464	1
AC005908.3	0.0034820705	0.0035234145	0.004946087644673063	-1.0186341e-10	0.0	-5.1792793	10.868163	1
AKAP3	0.005891456	0.0059614005	0.009001879513304976	-1.0186341e-10	0.0	-5.921581	19.278952	1
CD9	0.28790787	0.27154157	0.29765555445642494	1.6666298	0.9916666666666667	2.6172442	44.55244	1
TNFRSF1A	0.19732913	0.19444677	0.254129983183302	0.44013453	0.6333333333333333	1.1781552	9.173842	1
LPAR5	0.003890299	0.003936489	0.005737461667820754	-1.0186341e-10	0.0	-5.3350306	12.272058	1
PIANP	0.031223087	0.031513575	0.044218023543377186	0.0067600673	0.016666666666666666	-2.2042496	5.5522156	1
RBP5	0.0015977368	0.0016167127	0.0026708873281234544	-1.0186341e-10	0.0	-4.101578	6.376812	1
AC018653.3	0.0024133944	0.0024420526	0.003165496092590761	-1.0186341e-10	0.0	-4.6679235	7.340663	1
CLEC4C	0.007906021	0.00799988	0.011376001582748046	-1.0186341e-10	0.0	-6.3398304	24.788107	1
LINC02449	0.001547125	0.0015655002	0.0023741220694430704	-1.0186341e-10	0.0	-4.057885	5.642352	1
AC092745.5	0.002227551	0.002254003	0.003165496092590761	-1.0186341e-10	0.0	-4.557046	6.9934044	1
AC092745.4	0.0045047263	0.0045582103	0.0062320704322880605	-1.0186341e-10	0.0	-5.541705	12.97057	1
KLRF1	0.001668369	0.0016881833	0.0025719655752299933	-1.0186341e-10	0.0	-4.160424	5.9138184	1
CLEC2B	0.0040100277	0.0016416553	0.0025719655752299933	0.20352608	0.31666666666666665	6.8693194	8.60459	1
AC022075.1	0.0024577063	0.0024868904	0.0037590266099515285	-1.0186341e-10	0.0	-4.6931486	8.51191	1
YBX3	0.953901	0.94617337	0.7977050153328717	1.6048869	0.9916666666666667	0.7622326	30.928957	1
MANSC1	0.074758165	0.07295974	0.10337323177366703	0.22624719	0.4	1.6313888	6.797881	1
GPR19	0.0013580411	0.0013741603	0.002077356810762687	-1.0186341e-10	0.0	-3.881823	5.046939	1
AC008115.3	0.0036956037	0.0037394823	0.00544069640914037	-1.0186341e-10	0.0	-5.262841	11.906705	1
APOLD1	0.016868956	0.01403771	0.0201800375902661	0.2553729	0.35833333333333334	4.17555	9.472124	1
DDX47	0.003274368	0.0033132464	0.004748244138886141	-1.0186341e-10	0.0	-5.0930743	10.7191725	1
EMP1	0.019143442	0.006291315	0.008606192501731131	1.101827	0.8916666666666667	7.4297004	39.819195	1
H2AFJ	0.46295294	0.45975265	0.49965377386487286	0.73258674	0.8083333333333333	0.6720249	8.110096	1
ARHGDIB	0.039296385	0.028582795	0.039074092392917203	0.941828	0.9083333333333333	5.037359	40.539814	1
LINC01489	0.0034848999	0.0035262774	0.005242852903353448	-1.0186341e-10	0.0	-5.180419	11.787705	1
RERGL	0.0022314368	0.002257935	0.0030665743396972992	-1.0186341e-10	0.0	-4.5594535	6.8905625	1
PLEKHA5	0.7821261	0.7858513	0.7129290731031754	0.4683666	0.5833333333333334	-0.7464938	10.561459	1
AC092828.1	0.04852422	0.048993703	0.06617865268572559	0.008982442	0.016666666666666666	-2.4343858	7.90206	1
AC126468.1	0.15745254	0.15854144	0.2058561677712929	0.065702066	0.11666666666666667	-1.2695649	5.736693	1
RECQL	0.116676465	0.11355199	0.15560391730141457	0.37987515	0.5333333333333333	1.7412821	10.039887	1
AC053513.2	0.0014964488	0.0015142222	0.0023741220694430704	-1.0186341e-10	0.0	-4.0127687	5.5031834	1
SOX5	0.048515256	0.046738785	0.06301315659313483	0.19817433	0.31666666666666665	2.0817223	5.8658977	1
BCAT1	0.14126626	0.1388992	0.17637748540904144	0.34065834	0.525	1.2936721	7.6088867	1
SSPN	0.27741823	0.279416	0.33010188940548024	0.109201945	0.19166666666666668	-1.3546116	11.564516	1
AC024896.1	0.0015070074	0.0015249061	0.002077356810762687	-1.0186341e-10	0.0	-4.022286	5.053115	1
STK38L	0.18410312	0.18531638	0.23671975467405282	0.08187796	0.15	-1.1774607	6.8033285	1
PPFIBP1	0.32986003	0.32446814	0.37511128697200513	0.7841049	0.825	1.2727094	15.762425	1
AC009509.4	0.0015103904	0.0015283293	0.0022752003165496092	-1.0186341e-10	0.0	-4.025322	5.3521366	1
FAR2	0.005846792	0.0045952643	0.007419131467009596	0.111278266	0.19166666666666668	4.5681176	5.2057085	1
AC009318.4	0.0018168271	0.0018384036	0.002967652586803838	-1.0186341e-10	0.0	-4.2767987	6.9145613	1
AC009318.1	0.011546488	0.011683561	0.017212385003462262	-1.0186341e-10	0.0	-6.8806334	35.960144	1
AC009318.2	0.004440675	0.004493398	0.0067266791967553665	-1.0186341e-10	0.0	-5.5214915	14.606747	1
TMTC1	0.41908845	0.42213896	0.45167672371154416	0.16217612	0.275	-1.379609	16.032953	1
CAPRIN2	0.25586063	0.25736135	0.3211000098921753	0.12951389	0.24166666666666667	-0.9901355	6.903561	1
DENND5B	0.47797164	0.47986454	0.5260658818874271	0.31856018	0.4666666666666667	-0.5909091	5.160695	1
RESF1	0.14543924	0.14119458	0.18666534770996143	0.5030096	0.6916666666666667	1.8321667	15.107519	1
PKP2	0.9231041	0.92837083	0.7751508556731626	0.4794638	0.6333333333333333	-0.95313394	19.732885	1
CPNE8	0.041590456	0.03815618	0.049856563458304484	0.33090425	0.5166666666666667	3.1130848	14.246629	1
CPNE8-AS1	0.0017996741	0.0018210472	0.002868730833910377	-1.0186341e-10	0.0	-4.2638226	6.481648	1
ABCD2	0.009910203	0.010027853	0.01473934118112573	-1.0186341e-10	0.0	-6.662186	31.018194	1
MUC19	0.002504694	0.0025344358	0.003956870115738451	-1.0186341e-10	0.0	-4.719424	8.424284	1
PDZRN4	0.0023593754	0.002387392	0.0037590266099515285	-1.0186341e-10	0.0	-4.636564	8.098897	1
GXYLT1	0.1067607	0.10470858	0.14264516767237115	0.27962187	0.44166666666666665	1.4162362	6.6963334	1
YAF2	0.5306632	0.53317505	0.5733504797705016	0.3191144	0.4583333333333333	-0.7403543	7.913358	1
AC079601.1	0.004701284	0.004757101	0.0067266791967553665	-1.0186341e-10	0.0	-5.602025	14.738272	1
AC079600.3	0.0031053247	0.0031421965	0.00464932238599268	-1.0186341e-10	0.0	-5.0189013	10.216033	1
NELL2	0.006421511	0.0064977477	0.008902957760411515	-1.0186341e-10	0.0	-6.0439034	18.606707	1
SLC38A2	0.8351716	0.8386179	0.7357799980215649	0.54488486	0.6833333333333333	-0.6219695	10.094965	1
AC008014.1	0.214876	0.21639183	0.2779701256306262	0.08726293	0.16666666666666666	-1.3092195	9.301948	1
AC008083.3	0.0018040091	0.0018254335	0.0025719655752299933	-1.0186341e-10	0.0	-4.2671127	5.9711223	1
AC004241.1	0.0042832675	0.004334122	0.0061331486793945985	-1.0186341e-10	0.0	-5.470578	13.136915	1
ENDOU	0.005557615	0.005623597	0.007715896725689979	-1.0186341e-10	0.0	-5.8388515	16.665533	1
HDAC7	0.1409686	0.13629478	0.18171926006528835	0.53469247	0.7	1.9711907	17.449032	1
PFKM	0.59887606	0.6020398	0.6134137896923534	0.33242092	0.5	-0.8566535	11.145863	1
AC024257.4	0.0041907392	0.0042404956	0.005935305173607676	-1.0186341e-10	0.0	-5.4397893	13.03118	1
ADCY6-DT	0.009292026	0.0094023375	0.01315659313483035	-1.0186341e-10	0.0	-6.570212	28.239162	1
RND1	0.0023596545	0.0023876748	0.0038579483628449897	-1.0186341e-10	0.0	-4.6367273	8.680734	1
DDN	0.016681522	0.016879462	0.023741220694430704	-1.0186341e-10	0.0	-7.4076486	44.55244	1
TUBA1C	0.18174222	0.17806734	0.22900385794836284	0.49130836	0.65	1.4636896	11.137343	1
KCNH3	0.0019056889	0.0019283203	0.0025719655752299933	-1.0186341e-10	0.0	-4.342215	6.125248	1
FMNL3	0.021500729	0.016880518	0.025323968740726087	0.41071117	0.5666666666666667	4.5965233	16.802011	1
FAIM2	0.0014737347	0.0014912386	0.0022752003165496092	-1.0186341e-10	0.0	-3.9920797	5.2336345	1
LINC02395	0.0016505764	0.0016701794	0.002176278563656148	-1.0186341e-10	0.0	-4.1458254	5.233245	1
AQP5	0.003888523	0.003934692	0.005341774656246909	-1.0186341e-10	0.0	-5.3343883	11.6911955	1
AQP6	0.0034039966	0.0034444137	0.005045009397566525	-1.0186341e-10	0.0	-5.1474767	11.364346	1
LIMA1	0.14502686	0.1420927	0.18112572954792758	0.39219135	0.525	1.4640781	8.507636	1
SMAGP	0.017682154	0.014102777	0.021367098624987636	0.31921068	0.5083333333333333	4.490716	15.216448	1
ACVRL1	0.005743138	0.0021884444	0.0038579483628449897	0.3051967	0.43333333333333335	7.059701	13.260186	1
GRASP	0.048957903	0.046598356	0.0658818874270452	0.2477352	0.36666666666666664	2.4079375	8.182218	1
NR4A1	0.06878768	0.065709956	0.08675437728756553	0.32804906	0.44166666666666665	2.3179734	8.551891	1
KRT8	1.3604157	1.3658909	0.9112671876545653	0.89917743	0.8666666666666667	-0.60310966	16.871342	1
TNS2	0.052530292	0.05058077	0.07112474033039866	0.21674755	0.3	2.0971708	5.80007	1
AC023509.3	0.015818784	0.015975732	0.023741220694430704	0.0025905326	0.008333333333333333	-2.5789206	5.4128222	1
ATF7	0.14463487	0.14267738	0.19378771391829064	0.30952343	0.4583333333333333	1.1167473	5.459799	1
ITGA5	0.10716151	0.0992978	0.13809476703927193	0.7696067	0.7916666666666666	2.953023	27.027544	1
ITGA7	0.25299084	0.2548412	0.31635176575328916	0.09719823	0.18333333333333332	-1.3896791	11.923765	1
AC034102.8	0.0015162238	0.0015342319	0.002176278563656148	-1.0186341e-10	0.0	-4.0305424	5.133099	1
RBMS2	0.106808305	0.10468817	0.145612820259175	0.28540152	0.5083333333333333	1.4460225	8.572344	1
HSD17B6	0.00219061	0.0022166236	0.0033633395983776833	-1.0186341e-10	0.0	-4.533953	7.506513	1
GLI1	0.0044882866	0.004541575	0.006627757443861905	-1.0186341e-10	0.0	-5.536544	14.400514	1
KIF5A	0.010506466	0.010631193	0.015728558710060344	-1.0186341e-10	0.0	-6.7456684	33.030853	1
OS9	0.41827533	0.41585058	0.4804629538035414	0.62256986	0.7416666666666667	0.5820554	5.2408757	1
AC025165.4	0.001887034	0.001909444	0.0027698090810169156	-1.0186341e-10	0.0	-4.328726	6.5717144	1
AC083805.1	0.011133966	0.011266143	0.016519932733208034	-1.0186341e-10	0.0	-6.8286004	34.819645	1
SRGAP1	0.16854595	0.16631024	0.21268176872094174	0.35687032	0.475	1.1010599	5.571772	1
MSRB3	0.66177905	0.6645429	0.6550598476605005	0.42898157	0.6	-0.63132757	8.053369	1
LINC02454	0.001335653	0.0013515064	0.0022752003165496092	-1.0186341e-10	0.0	-3.8594806	5.3261743	1
HMGA2	0.24352522	0.23889442	0.2916213275299238	0.6336618	0.775	1.406964	15.561039	1
DYRK2	0.42497498	0.4271974	0.4843209021663864	0.23782766	0.375	-0.84471744	8.076239	1
AC078777.1	0.0023449475	0.0023727932	0.0035611831041646056	-1.0186341e-10	0.0	-4.6280713	8.387137	1
RAP1B	0.57738817	0.5722522	0.5984766050054406	1.01006	0.9	0.8196086	15.817948	1
MDM2	0.24993752	0.24723281	0.30151350281927	0.4778344	0.6	0.9503589	6.637311	1
CPM	0.004123202	0.0024809227	0.0037590266099515285	0.14247222	0.25	5.787662	7.349426	1
AC020656.1	0.0023654944	0.0023935838	0.0035611831041646056	-1.0186341e-10	0.0	-4.6401505	8.029063	1
LRRC10	0.42818287	0.4304381	0.44940152339499456	0.2382705	0.35833333333333334	-0.8529352	7.8155966	1
AC025263.1	0.0059702555	0.0060411356	0.008606192501731131	-1.0186341e-10	0.0	-5.940435	18.718225	1
RAB3IP	0.52106255	0.52358645	0.5464437629834801	0.30848056	0.4583333333333333	-0.7630562	8.330969	1
PTPRB	0.0065346593	0.0036116913	0.005242852903353448	0.25277093	0.375	6.0901804	10.589351	1
PTPRR	0.03800513	0.038456373	0.04896626768226333	-1.0186341e-10	0.0	-8.590827	44.55244	1
TBC1D15	0.15211385	0.15003015	0.20338312394895638	0.32763633	0.5	1.1263218	5.9258	1
TRHDE	0.0013810548	0.0013974471	0.002176278563656148	-1.0186341e-10	0.0	-3.9044347	5.086377	1
AC025257.1	0.0018415148	0.0018633845	0.0025719655752299933	-1.0186341e-10	0.0	-4.2952724	6.128813	1
AC121761.2	0.0042014606	0.004251344	0.0061331486793945985	-1.0186341e-10	0.0	-5.443391	13.261386	1
PHLDA1	0.12527919	0.12091702	0.14452468097734691	0.4927417	0.5666666666666667	2.0259142	12.22698	1
AC011611.4	0.0012638877	0.0012788892	0.002077356810762687	-1.0186341e-10	0.0	-3.7854362	5.009447	1
AC107032.2	0.0028624004	0.0028963885	0.0045504006330992185	-1.0186341e-10	0.0	-4.905154	9.953016	1
AC027288.3	0.0030675572	0.0031039808	0.00464932238599268	-1.0186341e-10	0.0	-5.0017953	10.152768	1
SLC6A15	0.0017224177	0.0017428736	0.0026708873281234544	-1.0186341e-10	0.0	-4.2038865	6.2208834	1
KITLG	0.061645355	0.05787678	0.07735681076268672	0.37910345	0.5083333333333333	2.7094247	11.45324	1
LINC02458	0.0018761671	0.0018984481	0.002967652586803838	-1.0186341e-10	0.0	-4.32081	6.9470315	1
DUSP6	0.39656115	0.39313638	0.3707587298446928	0.68509907	0.7333333333333333	0.8011264	7.503057	1
AC024909.1	0.002630967	0.002662208	0.0040557918686319125	-1.0186341e-10	0.0	-4.7877517	9.27274	1
AC010201.2	0.012888522	0.013041436	0.019091898308438025	-1.0186341e-10	0.0	-7.0379806	40.59121	1
AC010201.1	0.006291788	0.0063664853	0.009199723019091898	-1.0186341e-10	0.0	-6.014911	19.904263	1
AC025034.1	0.0034866706	0.003528069	0.005045009397566525	-1.0186341e-10	0.0	-5.1811314	11.163009	1
AC009522.1	0.0017840295	0.0018052168	0.0026708873281234544	-1.0186341e-10	0.0	-4.251885	6.336485	1
DCN	0.0027930369	0.0028262015	0.004154713621525374	-1.0186341e-10	0.0	-4.870959	7.7872534	1
AC123512.1	0.004350205	0.0044018542	0.005836383420714215	-1.0186341e-10	0.0	-5.492449	13.026374	1
NUDT4	1.6946139	1.7016044	0.9485606884954001	1.1057916	0.925	-0.6217705	24.25691	1
SOCS2-AS1	0.007295266	0.0073818746	0.010188940548026512	-1.0186341e-10	0.0	-6.2253294	21.666029	1
CEP83-DT	0.003118514	0.0031555423	0.004748244138886141	-1.0186341e-10	0.0	-5.0248275	10.689683	1
USP44	0.011959213	0.0121011855	0.017212385003462262	-1.0186341e-10	0.0	-6.930879	35.88288	1
AMDHD1	0.0017454966	0.0017662265	0.0027698090810169156	-1.0186341e-10	0.0	-4.2220535	6.3290963	1
ELK3	0.1301483	0.1261128	0.17024433672964684	0.47009307	0.6333333333333333	1.897395	13.657773	1
CDK17	0.14279187	0.14079474	0.1903254525670195	0.3110203	0.49166666666666664	1.1428548	6.177395	1
IKBIP	0.3489133	0.34467733	0.4037985953111089	0.705786	0.7916666666666666	1.0337703	13.378371	1
ANKS1B	0.0025720475	0.002602589	0.0040557918686319125	-1.0186341e-10	0.0	-4.756272	8.908409	1
ANO4	0.002800144	0.0028333932	0.004253635374418835	-1.0186341e-10	0.0	-4.8745003	9.577331	1
SYCP3	0.0016571949	0.0016768766	0.0023741220694430704	-1.0186341e-10	0.0	-4.1512733	5.684714	1
GNPTAB	0.071394175	0.06886286	0.09684439608269858	0.28462526	0.45	2.0456789	9.255415	1
DRAM1	0.0051563918	0.0035254103	0.005737461667820754	0.14255352	0.24166666666666667	5.2982273	7.138699	1
NFYB	0.5675535	0.5701132	0.5750321495696904	0.35198447	0.5	-0.6955799	7.429565	1
AC089985.1	0.0033166567	0.0033560372	0.004847165891779602	-1.0186341e-10	0.0	-5.111048	10.662444	1
RFX4	0.004051984	0.004100093	0.0061331486793945985	-1.0186341e-10	0.0	-5.392351	13.552103	1
TMEM263	0.77520543	0.7787456	0.7242061529330299	0.47704756	0.6166666666666667	-0.70690197	10.547198	1
MTERF2	0.3977882	0.39957088	0.4523691759817984	0.2476729	0.4	-0.689794	5.5189767	1
PWP1	0.19335884	0.19146256	0.2544267484419824	0.35309213	0.55	0.88263756	5.5639925	1
USP30-AS1	0.0013888432	0.001405328	0.002176278563656148	-1.0186341e-10	0.0	-3.9120076	5.0164914	1
TRPV4	0.00901642	0.009123459	0.0140468889108715	-1.0186341e-10	0.0	-6.5272374	30.00499	1
GLTP	0.31354013	0.31021154	0.3783757048174894	0.593973	0.7583333333333333	0.9369229	10.508938	1
GIT2	0.14545716	0.14344962	0.19487585320011871	0.3145621	0.48333333333333334	1.1322539	6.122495	1
ARPC3	1.0966636	1.0885005	0.8592343456326046	1.7843031	0.9916666666666667	0.71296686	37.110455	1
VPS29	0.55359846	0.54972875	0.5854189336235038	0.8796089	0.8583333333333333	0.6780439	11.047764	1
RAD9B	0.0034000208	0.0034403908	0.005045009397566525	-1.0186341e-10	0.0	-5.1458383	11.1081915	1
CCDC63	0.002887256	0.0029215391	0.004451478880205757	-1.0186341e-10	0.0	-4.9172134	10.163622	1
MYL2	0.236403	0.23858114	0.2066475417944406	0.0530045	0.075	-2.1681786	15.32597	1
SH2B3	0.032714818	0.028785123	0.04194282322682758	0.36376384	0.5333333333333333	3.6550002	16.167166	1
SDSL	0.11948827	0.12036119	0.16411118805025224	0.045932896	0.09166666666666666	-1.3878312	6.1769524	1
TBX5	0.5859953	0.5898758	0.5950143436541695	0.25914434	0.4166666666666667	-1.1863434	18.351427	1
TBX3	0.86079097	0.8652973	0.6897813829261055	0.48118675	0.575	-0.84646606	13.655477	1
HRK	0.011224554	0.011357806	0.015135028192699575	-1.0186341e-10	0.0	-6.8401885	30.007442	1
AC083806.2	0.0018035161	0.0018249346	0.0026708873281234544	-1.0186341e-10	0.0	-4.266739	6.23017	1
AC127164.1	0.0077272365	0.007818973	0.010782471065387279	-1.0186341e-10	0.0	-6.307243	23.231483	1
TAOK3	0.451292	0.45355833	0.48214462360273025	0.26043874	0.425	-0.8001083	7.961678	1
BICDL1	0.0013103173	0.0013258699	0.002176278563656148	-1.0186341e-10	0.0	-3.833772	5.1346602	1
TRIAP1	0.2795034	0.27669775	0.3415768127411218	0.51589173	0.6583333333333333	0.89851576	7.9481974	1
SRSF9	0.6035612	0.59756666	0.6115342763873776	1.1085618	0.9583333333333334	0.8914063	24.733112	1
MLEC	1.1273241	1.1325469	0.8658621030764665	0.6873761	0.8166666666666667	-0.72031677	20.139608	1
HNF1A-AS1	0.4741297	0.47773555	0.4962904342664952	0.17044234	0.3	-1.4863842	21.690348	1
HNF1A	0.0023711456	0.0023993023	0.003165496092590761	-1.0186341e-10	0.0	-4.643455	7.3562417	1
P2RX7	0.0031390276	0.0031762996	0.004451478880205757	-1.0186341e-10	0.0	-5.033997	9.577488	1
AC069503.1	0.009109665	0.009217812	0.013552280146404194	-1.0186341e-10	0.0	-6.5419207	28.83181	1
MLXIP	0.0726161	0.06992948	0.10000989217528934	0.29892963	0.4666666666666667	2.094254	9.836904	1
VPS37B	0.09148919	0.089760266	0.12572954792758928	0.23712401	0.4	1.4004947	5.9947667	1
CDK2AP1	0.5370993	0.5324951	0.5713720447126323	0.9249566	0.925	0.7965026	17.828773	1
AC145423.3	0.0019049273	0.0019275496	0.0030665743396972992	-1.0186341e-10	0.0	-4.3416667	7.3079977	1
AC068790.7	0.008653051	0.008755778	0.012859827876149966	-1.0186341e-10	0.0	-6.468549	27.5275	1
RFLNA	0.0026406678	0.0026720238	0.0040557918686319125	-1.0186341e-10	0.0	-4.792869	8.924792	1
AC073593.2	0.0026725284	0.0027042625	0.0038579483628449897	-1.0186341e-10	0.0	-4.8095512	8.82507	1
GLT1D1	0.0018508688	0.0018728495	0.0027698090810169156	-1.0186341e-10	0.0	-4.3022103	6.3639245	1
AC127070.1	0.0040134657	0.004061118	0.005935305173607676	-1.0186341e-10	0.0	-5.3789005	13.284502	1
AC127070.2	0.0014642692	0.0014816504	0.002176278563656148	-1.0186341e-10	0.0	-3.9833603	5.240086	1
GJA3	0.656496	0.6604628	0.6384409931743991	0.32237872	0.475	-1.0344918	16.855465	1
AL161772.1	0.31921563	0.32134348	0.3517657532891483	0.14003329	0.23333333333333334	-1.1977652	9.672343	1
XPO4	0.9282836	0.9330769	0.7698090810169156	0.52449447	0.65	-0.830948	15.799885	1
SGCG	0.0023796107	0.002407868	0.0034622613512711444	-1.0186341e-10	0.0	-4.6483912	7.6820307	1
AL445985.1	0.0020883768	0.0021131767	0.0027698090810169156	-1.0186341e-10	0.0	-4.4680486	6.491973	1
WASF3-AS1	0.0014598228	0.0014771501	0.002077356810762687	-1.0186341e-10	0.0	-3.9792495	5.0529304	1
RASL11A	0.006886308	0.0069680624	0.010287862300919973	-1.0186341e-10	0.0	-6.1432443	21.581171	1
FLT1	0.1076206	0.080131605	0.09724008309427243	2.4233425	0.9916666666666667	4.9167433	44.55244	1
MTUS2-AS1	0.0019027606	0.001925357	0.0027698090810169156	-1.0186341e-10	0.0	-4.3401055	6.534734	1
FRY-AS1	0.011598337	0.011736027	0.01612424572163419	-1.0186341e-10	0.0	-6.8870425	34.193108	1
SPART	0.34393898	0.34166905	0.4089425264615689	0.5351948	0.6916666666666667	0.6473121	5.1810718	1
SERTM1	0.0013658417	0.0013820535	0.0022752003165496092	-1.0186341e-10	0.0	-3.889527	5.4344063	1
SMAD9	0.7181333	0.72307396	0.6913641309724008	0.30197713	0.44166666666666665	-1.2594259	22.28338	1
LINC02334	0.0022030906	0.0022292521	0.0034622613512711444	-1.0186341e-10	0.0	-4.541796	7.778212	1
LINC00571	0.002156334	0.0021819407	0.003165496092590761	-1.0186341e-10	0.0	-4.512191	7.2857456	1
UFM1	0.37365195	0.37051958	0.43476110396676226	0.63754636	0.8083333333333333	0.7828175	9.97853	1
AL590064.1	0.0025622845	0.00259271	0.0037590266099515285	-1.0186341e-10	0.0	-4.7509885	8.650999	1
RGCC	0.011214873	0.0023627204	0.003264417845484222	0.75693506	0.6583333333333333	8.263964	21.450006	1
DGKH	0.338242	0.3343214	0.38173904441586703	0.6685397	0.7916666666666666	0.9995619	12.104692	1
LINC00390	0.002337624	0.0023653829	0.0034622613512711444	-1.0186341e-10	0.0	-4.623741	8.032756	1
SMIM2	0.0018577679	0.0018798305	0.002868730833910377	-1.0186341e-10	0.0	-4.3073063	6.6452494	1
SERP2	0.21185566	0.2097268	0.26698981105945196	0.39123207	0.575	0.89919436	5.676296	1
LRRC63	0.0027603651	0.002793142	0.004352557127312296	-1.0186341e-10	0.0	-4.854567	9.851658	1
LRCH1	0.062852405	0.061095152	0.085567316252844	0.21087407	0.35833333333333334	1.7855763	6.2830534	1
AL157369.1	0.0015275836	0.0015457267	0.0022752003165496092	-1.0186341e-10	0.0	-4.040654	5.4627256	1
RB1-DT	0.0026094895	0.0026404753	0.004352557127312296	-1.0186341e-10	0.0	-4.7763557	9.321021	1
RB1	0.42193344	0.41923103	0.4772974577109506	0.6496175	0.7916666666666666	0.63172305	7.383636	1
LPAR6	0.005880917	0.0039710216	0.005935305173607676	0.16677417	0.275	5.357226	7.8498583	1
FNDC3A	0.4672622	0.46350965	0.508259966366604	0.78341216	0.8333333333333334	0.75704515	10.692753	1
RNASEH2B-AS1	0.0030749333	0.0031114444	0.004154713621525374	-1.0186341e-10	0.0	-5.0051517	9.390239	1
THSD1	0.007905738	0.006316534	0.00929864477198536	0.14178368	0.24166666666666667	4.4667706	6.568327	1
PCDH8	0.003445007	0.0034859108	0.00464932238599268	-1.0186341e-10	0.0	-5.1642694	10.120024	1
PCDH17	0.03789499	0.02260511	0.027401325551488772	1.3259392	0.9166666666666666	5.8679624	41.15799	1
PCDH20	0.16908234	0.17017265	0.2092195073696706	0.07721242	0.14166666666666666	-1.1390746	5.7899137	1
KLF5	0.0048511173	0.0036513628	0.005341774656246909	0.10592105	0.19166666666666668	4.820792	5.438036	1
LMO7	0.77084506	0.77560717	0.70363042833119	0.36972892	0.5416666666666666	-1.0686542	20.321457	1
MYCBP2-AS1	0.005759614	0.0058279936	0.009100801266198437	-1.0186341e-10	0.0	-5.8894734	19.801329	1
MYCBP2	0.37876976	0.37494427	0.4311999208625977	0.70106095	0.775	0.9026848	10.431412	1
EDNRB	0.010732351	0.00896578	0.01325551488772381	0.15955195	0.21666666666666667	4.1383553	5.4670897	1
MIR17HG	0.0060959035	0.006168275	0.009199723019091898	-1.0186341e-10	0.0	-5.969998	19.740906	1
CLDN10	0.0016912675	0.0017113535	0.0024730438223365316	-1.0186341e-10	0.0	-4.1789975	5.5916	1
MBNL2	0.15055978	0.14747238	0.19418340092986447	0.41063553	0.575	1.476787	10.0128765	1
RAP2A	0.13943376	0.136894	0.18359877337026412	0.35337424	0.55	1.3674923	8.726834	1
AL445223.1	0.0040583126	0.004106497	0.005935305173607676	-1.0186341e-10	0.0	-5.394549	12.882806	1
STK24-AS1	0.0026597697	0.0026913525	0.0040557918686319125	-1.0186341e-10	0.0	-4.802894	9.21198	1
DOCK9	0.079660274	0.07742459	0.10634088436047087	0.26798403	0.38333333333333336	1.7899592	6.592009	1
LINC00449	0.009339231	0.009450103	0.013651201899297655	-1.0186341e-10	0.0	-6.577446	28.829159	1
AL356966.1	0.0020428533	0.0020671128	0.003165496092590761	-1.0186341e-10	0.0	-4.437704	7.2884336	1
EFNB2	0.094339035	0.08907455	0.10871500642991394	0.5378225	0.6666666666666666	2.5926943	16.712833	1
COL4A1	1.0604931	1.0402147	0.8008705114254625	2.7688246	1.0	1.4123057	44.55244	1
COL4A2	1.3061746	1.2926917	0.8871302799485606	2.4420457	1.0	0.91765934	44.55244	1
AL442128.2	0.0028550425	0.002888943	0.0040557918686319125	-1.0186341e-10	0.0	-4.901565	9.257704	1
ARHGEF7	0.15101385	0.14756042	0.19903056682164408	0.44192845	0.6	1.581856	10.866397	1
LAMP1	0.47149384	0.46827364	0.5217133247601148	0.74280024	0.8	0.6655086	8.718147	1
ADPRHL1	0.7632578	0.7691209	0.6942328618063112	0.26941037	0.425	-1.5130572	28.30475	1
TMCO3	0.18688034	0.18516454	0.24176476407161934	0.33140904	0.5416666666666666	0.8394614	5.2185264	1
TMEM255B	0.010788028	0.0025584474	0.0038579483628449897	0.7040616	0.7583333333333333	8.049179	29.501423	1
PNP	0.035483114	0.027247557	0.03897517064002374	0.7292619	0.7916666666666666	4.737151	29.001116	1
RNASE1	0.011228385	0.006363899	0.009694331783559204	0.42102084	0.6166666666666667	6.025686	21.708681	1
ZNF219	0.18272151	0.1838003	0.24305074685923433	0.09182382	0.175	-1.0004132	5.2265058	1
MMP14	0.021221992	0.018219568	0.02571965575229993	0.27414706	0.4166666666666667	3.9040186	11.955101	1
LRP10	0.31878945	0.31402528	0.3836185577208428	0.7201552	0.8083333333333333	1.1971681	16.042736	1
CMTM5	0.006102461	0.006174911	0.008902957760411515	-1.0186341e-10	0.0	-5.9715242	18.917545	1
MYH7	1.015123	1.0220219	0.5173607676328025	0.4340125	0.35	-1.2354264	12.93293	1
FITM1	0.40579802	0.40778247	0.4386190523296073	0.23870057	0.36666666666666664	-0.77234715	6.356974	1
AL136295.2	0.0017377068	0.0017583442	0.0024730438223365316	-1.0186341e-10	0.0	-4.215947	6.0287824	1
AL136295.6	0.0019757536	0.0019992166	0.0027698090810169156	-1.0186341e-10	0.0	-4.391781	6.4871125	1
AL096870.6	0.0014367753	0.0014538291	0.002176278563656148	-1.0186341e-10	0.0	-3.9577572	5.195844	1
ADCY4	0.0061481213	0.0027808228	0.0040557918686319125	0.2898152	0.43333333333333335	6.653006	12.505978	1
AL079343.1	0.004005252	0.004052806	0.005935305173607676	-1.0186341e-10	0.0	-5.376016	13.283662	1
AL356756.1	0.0020915319	0.0021163693	0.002967652586803838	-1.0186341e-10	0.0	-4.470128	7.068439	1
AL139353.2	0.0031774824	0.0032152107	0.004847165891779602	-1.0186341e-10	0.0	-5.05103	10.651594	1
NUBPL	0.17406699	0.17512308	0.23108121475912552	0.085079305	0.15833333333333333	-1.040618	5.203242	1
AKAP6	0.24224956	0.24415411	0.2978533979622119	0.08189115	0.16666666666666666	-1.5748427	14.685087	1
CFL2	1.0340853	1.039091	0.8387575427836581	0.6124273	0.7333333333333333	-0.76261485	17.950512	1
BAZ1A	0.18266828	0.18070474	0.2326639628054209	0.34806943	0.5166666666666667	0.94535697	5.3062925	1
NFKBIA	0.29548505	0.2932078	0.3563161539222475	0.48736152	0.675	0.73287296	5.9141064	1
CLEC14A	0.0072422754	0.0006215637	0.001088139281828074	0.564982	0.5833333333333334	9.613118	17.43336	1
ARF6	0.20522083	0.20279261	0.26629735878919775	0.40981704	0.575	1.0146157	6.741994	1
AL606834.2	0.002262731	0.002289601	0.0034622613512711444	-1.0186341e-10	0.0	-4.578699	7.790235	1
GNG2	0.022160241	0.018768348	0.02562073399940647	0.307895	0.475	4.028867	13.503408	1
ERO1A	0.5588841	0.5555489	0.5480265110297754	0.8398656	0.875	0.59615666	8.379226	1
AL139317.3	0.002165042	0.002190752	0.0030665743396972992	-1.0186341e-10	0.0	-4.5177507	6.465115	1
SAMD4A	0.22497515	0.22630066	0.2846968048273815	0.1133942	0.2	-0.99625957	5.77528	1
LGALS3	1.0228139	1.0280833	0.7130279948560688	0.5789573	0.6	-0.8283194	13.439658	1
LINC00520	0.0016314673	0.0016508434	0.0025719655752299933	-1.0186341e-10	0.0	-4.1299796	5.68428	1
AL391152.1	0.0017079486	0.0017282327	0.002868730833910377	-1.0186341e-10	0.0	-4.1923795	6.5946555	1
ARMH4	0.6976212	0.7024073	0.6364625581165299	0.2944953	0.4583333333333333	-1.2537788	22.811749	1
AL157756.1	0.0015070285	0.0015249276	0.0023741220694430704	-1.0186341e-10	0.0	-4.022305	5.6306286	1
SIX4	0.016770426	0.016938671	0.02482935997625878	0.0025905326	0.008333333333333333	-2.662849	6.0205154	1
TMEM30B	0.0015846265	0.0016034467	0.0024730438223365316	-1.0186341e-10	0.0	-4.0903864	5.8533497	1
HIF1A-AS1	0.0028311	0.0028647166	0.004253635374418835	-1.0186341e-10	0.0	-4.889824	9.742526	1
SYT16	0.0030785527	0.0031151066	0.004451478880205757	-1.0186341e-10	0.0	-5.0067964	9.802134	1
RHOJ	0.0140849	0.011749121	0.017706993767929568	0.21085246	0.36666666666666664	4.154066	10.7287445	1
AL161756.1	0.0041549806	0.004204313	0.0062320704322880605	-1.0186341e-10	0.0	-5.4277124	13.523741	1
AL122035.2	0.009650865	0.009765436	0.013750123652191117	-1.0186341e-10	0.0	-6.6243124	29.106213	1
MAX	0.17530812	0.17355832	0.22999307547729747	0.3227016	0.55	0.8943961	5.9184895	1
AL359232.1	0.0023758356	0.0024040479	0.0035611831041646056	-1.0186341e-10	0.0	-4.6461916	7.7444324	1
PLEK2	0.006178802	0.0049665435	0.0073202097141161345	0.10830212	0.18333333333333332	4.419247	5.049332	1
GALNT16	0.003799692	0.0038448062	0.005935305173607676	-1.0186341e-10	0.0	-5.301884	13.161801	1
SMOC1	0.003817545	0.0038628716	0.00544069640914037	-1.0186341e-10	0.0	-5.308476	11.667236	1
TTC9	0.012990569	0.010315195	0.014937184686912653	0.23836827	0.39166666666666666	4.5170355	11.180505	1
AC004816.2	0.005081555	0.0051418855	0.007518053219903057	-1.0186341e-10	0.0	-5.7120156	16.336147	1
AC004825.3	0.002197526	0.0022236216	0.003165496092590761	-1.0186341e-10	0.0	-4.538305	7.311386	1
SIPA1L1	0.5756156	0.5784686	0.5712731229597389	0.33532712	0.5	-0.7864889	9.669726	1
AC004900.1	0.0019052214	0.0019278472	0.002868730833910377	-1.0186341e-10	0.0	-4.3418784	6.8873506	1
RGS6	0.0069394866	0.007021872	0.00939756652487882	-1.0186341e-10	0.0	-6.154186	19.912045	1
DPF3	0.16905412	0.17035265	0.22128796122267286	0.059646003	0.10833333333333334	-1.5124569	8.935038	1
AL442663.3	0.0040299813	0.004077829	0.005836383420714215	-1.0186341e-10	0.0	-5.384683	12.632287	1
PAPLN	0.0028460536	0.0028798478	0.003956870115738451	-1.0186341e-10	0.0	-4.897168	8.987403	1
ACOT1	0.0035010981	0.003542668	0.005539618162033831	-1.0186341e-10	0.0	-5.186925	12.556391	1
AC005225.2	0.007944568	0.008038885	0.011969532100108813	-1.0186341e-10	0.0	-6.3467607	25.819357	1
ACOT4	0.008758414	0.008862391	0.012859827876149966	-1.0186341e-10	0.0	-6.485813	26.750017	1
AC005480.1	0.0031801153	0.0032178748	0.004748244138886141	-1.0186341e-10	0.0	-5.052189	10.662121	1
PGF	0.024736986	0.019979171	0.027895934315956078	0.42553887	0.48333333333333334	4.405858	12.912668	1
FLVCR2	0.0074794507	0.0075682458	0.011079236324067663	-1.0186341e-10	0.0	-6.260826	23.58873	1
ERG28	0.3574002	0.35526478	0.4223958848550796	0.53732365	0.725	0.59675914	5.7437873	1
ESRRB	0.0032863026	0.0033253226	0.004946087644673063	-1.0186341e-10	0.0	-5.0981693	10.918451	1
AC007262.2	0.0032562194	0.0032948824	0.004352557127312296	-1.0186341e-10	0.0	-5.0852914	9.631096	1
AL049775.1	0.0026668222	0.0026984888	0.0038579483628449897	-1.0186341e-10	0.0	-4.8065777	8.7946825	1
AL357093.2	0.002200956	0.0022270924	0.002967652586803838	-1.0186341e-10	0.0	-4.540458	6.913438	1
KCNK13	0.017212842	0.01738258	0.024037985953111088	0.002907051	0.008333333333333333	-2.539497	5.1217113	1
AL512791.2	0.0019445185	0.0019676108	0.002868730833910377	-1.0186341e-10	0.0	-4.3698945	6.7154884	1
CALM1	1.3693093	1.349123	0.9024631516470472	3.0698645	1.0	1.1860931	44.55244	1
FBLN5	0.0015989623	0.0016179527	0.0024730438223365316	-1.0186341e-10	0.0	-4.10262	5.7125163	1
MOAP1	0.5793472	0.5813573	0.6123256504105252	0.41006857	0.5916666666666667	-0.5034565	5.194201	1
AL122023.1	0.0055187927	0.005584314	0.008111583737263825	-1.0186341e-10	0.0	-5.8289156	17.321335	1
ASB2	0.31138864	0.3134155	0.35730537145118213	0.1407204	0.25	-1.1546804	9.508087	1
IFI27L2	1.0475082	1.0514613	0.8446928479572658	0.71449745	0.775	-0.5573303	11.328166	1
AL137786.1	0.0013092988	0.0013248394	0.002176278563656148	-1.0186341e-10	0.0	-3.8327289	5.1381235	1
AL133523.1	0.0018788938	0.0019012071	0.0027698090810169156	-1.0186341e-10	0.0	-4.3228	6.486253	1
AMN	0.002025334	0.0020493856	0.002868730833910377	-1.0186341e-10	0.0	-4.4258537	6.6440096	1
EXOC3L4	0.002743679	0.002776258	0.004154713621525374	-1.0186341e-10	0.0	-4.8461227	9.700398	1
TNFAIP2	0.0043295096	0.0017253846	0.0030665743396972992	0.22370589	0.35833333333333334	6.937904	10.603147	1
AL133367.1	0.0025132129	0.002543056	0.003956870115738451	-1.0186341e-10	0.0	-4.7241364	8.880662	1
XRCC3	0.0071527837	0.007237701	0.010485705806706895	-1.0186341e-10	0.0	-6.1972575	22.479319	1
RD3L	0.012791233	0.012942992	0.017410228509249184	-1.0186341e-10	0.0	-7.0271325	37.073357	1
ASPG	0.011598658	0.01173635	0.01632208922742111	-1.0186341e-10	0.0	-6.887082	34.393887	1
LINC00638	0.0019536866	0.0019768877	0.003165496092590761	-1.0186341e-10	0.0	-4.376353	7.2919426	1
AHNAK2	0.2996443	0.3011992	0.3131862696606984	0.16872662	0.26666666666666666	-0.8356543	5.0514264	1
GPR132	0.0021326726	0.0021579985	0.003264417845484222	-1.0186341e-10	0.0	-4.496974	7.512854	1
JAG2	0.061697204	0.05995448	0.08378672470076169	0.20849124	0.3333333333333333	1.7963347	5.9452963	1
NUDT14	0.2827294	0.28037962	0.3438520130576714	0.48071462	0.65	0.77758485	6.431768	1
AC087386.1	0.0017208492	0.0017412864	0.0026708873281234544	-1.0186341e-10	0.0	-4.2026434	6.2883205	1
CYFIP1	0.14237203	0.14015557	0.18943515679097833	0.32907817	0.5083333333333333	1.2308106	6.8548555	1
PWRN4	0.0015215537	0.0015396251	0.0022752003165496092	-1.0186341e-10	0.0	-4.0352955	5.5070815	1
NPAP1	0.0014405843	0.0014576833	0.0024730438223365316	-1.0186341e-10	0.0	-3.9613314	5.836809	1
AC124312.2	0.003218553	0.003256769	0.004352557127312296	-1.0186341e-10	0.0	-5.0690026	9.766639	1
GABRB3	0.003282664	0.0033216411	0.004946087644673063	-1.0186341e-10	0.0	-5.096618	11.011824	1
GOLGA8M	0.0020103736	0.0020342476	0.0027698090810169156	-1.0186341e-10	0.0	-4.415657	6.361508	1
GOLGA8M-1	0.0019357494	0.0019587376	0.0025719655752299933	-1.0186341e-10	0.0	-4.3636894	6.221962	1
GOLGA8R	0.008807726	0.0089122895	0.012859827876149966	-1.0186341e-10	0.0	-6.493823	27.550354	1
GOLGA8Q	0.0027083647	0.0027405245	0.004253635374418835	-1.0186341e-10	0.0	-4.828087	9.515102	1
AC091057.2	0.0018110246	0.0018325323	0.0026708873281234544	-1.0186341e-10	0.0	-4.2724223	6.042914	1
AC010809.2	0.00268849	0.002720414	0.004352557127312296	-1.0186341e-10	0.0	-4.8178363	9.577711	1
GJD2	0.0018664167	0.0018885819	0.002868730833910377	-1.0186341e-10	0.0	-4.3136697	6.5207167	1
ACTC1	3.75776	3.77096	0.9901078247106538	2.645768	0.9916666666666667	-0.51122904	28.662325	1
AC018563.1	0.0017817911	0.0018029517	0.0025719655752299933	-1.0186341e-10	0.0	-4.2501683	5.9182024	1
MEIS2	1.4353491	1.4403824	0.908002769809081	1.0113279	0.8583333333333333	-0.51015854	12.854378	1
AC078909.2	0.007818168	0.007910985	0.011376001582748046	-1.0186341e-10	0.0	-6.3239093	24.100883	1
AC087473.1	0.0025465193	0.0025767577	0.003956870115738451	-1.0186341e-10	0.0	-4.7424164	8.93631	1
SPRED1	0.15910499	0.15229961	0.19457908794143833	0.7323978	0.7583333333333333	2.2649653	22.060814	1
FSIP1	0.0037608454	0.0038054986	0.005539618162033831	-1.0186341e-10	0.0	-5.2874365	12.179439	1
GPR176	0.011681413	0.011820089	0.016717776238994956	-1.0186341e-10	0.0	-6.8972526	35.328354	1
C15orf56	0.0036577277	0.003701157	0.00544069640914037	-1.0186341e-10	0.0	-5.2483683	11.823367	1
PLCB2	0.22660898	0.22806606	0.28341082203976653	0.10394061	0.2	-1.1329373	7.9794207	1
INAFM2	0.46816134	0.47051653	0.5019289741814225	0.26980776	0.425	-0.80208564	7.7038474	1
GCHFR	0.37364754	0.37585247	0.42951825106340885	0.18797389	0.3	-0.9992507	8.681359	1
DLL4	0.003996394	0.00074045215	0.0012859827876149966	0.2782827	0.39166666666666666	8.371688	11.881022	1
NDUFAF1	0.17683008	0.17794652	0.23671975467405282	0.08276056	0.15833333333333333	-1.1034969	5.958553	1
ITPKA	0.008660916	0.008763736	0.012266297358789197	-1.0186341e-10	0.0	-6.4698443	26.442953	1
EHD4	0.3760752	0.3731809	0.42981501632208924	0.61991835	0.7666666666666667	0.7320493	7.942552	1
CAPN3	0.35156453	0.35464102	0.39113661094074587	0.09247268	0.16666666666666666	-1.9381077	22.968971	1
SNAP23	0.14168414	0.13927774	0.18706103472153526	0.34438854	0.5416666666666666	1.3054557	8.300827	1
AC018362.2	0.0025798832	0.0026105177	0.0035611831041646056	-1.0186341e-10	0.0	-4.760498	7.9700627	1
AC090510.1	0.0020943254	0.002119196	0.0033633395983776833	-1.0186341e-10	0.0	-4.4719667	7.7906146	1
PPIP5K1	0.02723306	0.027494675	0.03887624888713028	0.0052027563	0.016666666666666666	-2.3795755	7.102325	1
STRC	0.0026210581	0.0026521813	0.0038579483628449897	-1.0186341e-10	0.0	-4.782505	8.944613	1
AC051619.7	0.0014144012	0.0014311894	0.0022752003165496092	-1.0186341e-10	0.0	-3.936582	5.4896398	1
AC051619.8	0.0024566846	0.0024858566	0.0036601048570580673	-1.0186341e-10	0.0	-4.692572	8.407758	1
SLC28A2	0.0022482404	0.002274938	0.003165496092590761	-1.0186341e-10	0.0	-4.5698195	7.2909436	1
AC084882.1	0.0024126049	0.0024412537	0.003264417845484222	-1.0186341e-10	0.0	-4.66747	7.5903354	1
FBN1	0.028840533	0.027604505	0.033138787219309525	0.13297188	0.25	2.2640133	5.356185	1
FGF7	0.20431148	0.20553002	0.2529429221485805	0.101740696	0.18333333333333332	-1.0137367	5.601497	1
AC022087.1	0.006166687	0.0062398985	0.008902957760411515	-1.0186341e-10	0.0	-5.986389	19.44887	1
GLDN	0.004018306	0.004066015	0.005539618162033831	-1.0186341e-10	0.0	-5.3805976	11.601088	1
LYSMD2	0.034905054	0.03110831	0.04491047581363142	0.35475373	0.5166666666666667	3.5072224	14.575178	1
TMOD2	0.060719512	0.054207925	0.07527945395192402	0.60925776	0.6833333333333333	3.4880548	22.295952	1
TMOD3	0.19922929	0.19315404	0.24641408645761204	0.71101004	0.7916666666666666	1.8795743	21.00622	1
AC090971.1	0.001563994	0.0015825693	0.002077356810762687	-1.0186341e-10	0.0	-4.0725956	5.1513104	1
CERNA1	0.0027646648	0.0027974928	0.004253635374418835	-1.0186341e-10	0.0	-4.8567348	9.763725	1
AC009754.1	0.002852925	0.0028868008	0.004253635374418835	-1.0186341e-10	0.0	-4.900531	9.70333	1
WDR72	0.0019052563	0.0019278825	0.002868730833910377	-1.0186341e-10	0.0	-4.3419037	6.7790756	1
CCPG1	0.49733484	0.49418944	0.537639726975962	0.7623441	0.8166666666666667	0.6252756	7.441692	1
AC012378.2	0.0044288016	0.004481384	0.006825600949648828	-1.0186341e-10	0.0	-5.517713	14.419713	1
NEDD4	0.12457299	0.12239677	0.16569393609654762	0.30788973	0.49166666666666664	1.3301386	7.5157166	1
AC010999.2	0.001635313	0.001654735	0.0026708873281234544	-1.0186341e-10	0.0	-4.1331825	6.124592	1
CGNL1	0.91117525	0.9149443	0.7500247304382234	0.5936925	0.675	-0.6238827	9.691477	1
ADAM10	0.48674133	0.48327285	0.5287367692155505	0.7789488	0.825	0.6885773	9.046211	1
AC090515.2	0.0030371158	0.0030731778	0.004352557127312296	-1.0186341e-10	0.0	-4.987858	9.71274	1
MINDY2	0.37099057	0.36830577	0.4273419724997527	0.5971913	0.725	0.6971391	6.892435	1
AC092757.3	0.0020755643	0.0021002123	0.002967652586803838	-1.0186341e-10	0.0	-4.4595723	6.8723664	1
MYO1E	0.11280986	0.10946002	0.1458106637649619	0.39499387	0.575	1.850474	11.711942	1
ANXA2	0.8372491	0.8230441	0.7204471263230784	2.0339084	1.0	1.3051087	44.55244	1
RORA-AS1	0.0050672996	0.005127461	0.007122366208329211	-1.0186341e-10	0.0	-5.70804	15.452266	1
AC107241.1	0.001976457	0.0019999286	0.002868730833910377	-1.0186341e-10	0.0	-4.39227	6.6942554	1
AC103740.1	0.005251032	0.0053133746	0.007518053219903057	-1.0186341e-10	0.0	-5.7584577	16.064291	1
TPM1-AS	0.014487165	0.0146590555	0.02087248986052033	-1.0186341e-10	0.0	-7.205458	44.25141	1
RPS27L	1.1060522	1.0988193	0.812147591255317	1.7154179	1.0	0.64255875	29.406464	1
RAB8B	0.056507222	0.0544017	0.07686220199821941	0.23386733	0.35833333333333334	2.101934	7.1055436	1
FBXL22	0.1571441	0.15839817	0.19833811455138986	0.05148006	0.1	-1.6195809	9.983749	1
HERC1	0.30822042	0.30619532	0.37283608665545553	0.4788593	0.65	0.6449798	5.111993	1
RBPMS2	0.9375685	0.9419498	0.8074982688693244	0.5684895	0.7083333333333334	-0.7284159	14.352425	1
HACD3	0.47484377	0.47196627	0.5252745078642793	0.7172885	0.8083333333333333	0.6037653	7.030984	1
RAB11A	0.74296975	0.7390246	0.7142150558907904	1.0753083	0.9416666666666667	0.5409951	13.688812	1
MAP2K1	0.22336313	0.22089303	0.2827183697695123	0.43149576	0.6	0.96567976	7.111073	1
AC110048.2	0.009073434	0.009181151	0.012859827876149966	-1.0186341e-10	0.0	-6.5362334	27.396374	1
AC087482.1	0.0019669381	0.0019902966	0.0030665743396972992	-1.0186341e-10	0.0	-4.3856373	6.795687	1
AAGAB	0.12375431	0.124573454	0.17044218023543378	0.054728977	0.125	-1.1851438	5.669997	1
IQCH	0.007229413	0.0073152403	0.010485705806706895	-1.0186341e-10	0.0	-6.212423	22.666325	1
AC027237.3	0.0015994279	0.0016184238	0.0026708873281234544	-1.0186341e-10	0.0	-4.1030154	6.2784333	1
CELF6	0.002080923	0.0021056347	0.002967652586803838	-1.0186341e-10	0.0	-4.4631233	6.82192	1
HEXA	0.26826227	0.26587328	0.33049757641705413	0.46955615	0.625	0.8203236	6.0271864	1
HEXA-AS1	0.003966374	0.0040134666	0.005737461667820754	-1.0186341e-10	0.0	-5.362284	12.647724	1
AC079322.1	0.0032765842	0.003315489	0.004946087644673063	-1.0186341e-10	0.0	-5.094022	10.9694805	1
LINC02259	0.0015838015	0.0016026119	0.0024730438223365316	-1.0186341e-10	0.0	-4.0896792	5.751665	1
HCN4	0.2523008	0.2541392	0.3134830349193788	0.09751517	0.18333333333333332	-1.3810091	11.417472	1
CD276	0.17052424	0.16511075	0.21772677811850827	0.6265587	0.75	1.9233724	19.70919	1
AC100835.2	0.0032123341	0.0032504762	0.0045504006330992185	-1.0186341e-10	0.0	-5.0662956	10.18059	1
SCAMP5	0.041375287	0.039041225	0.057374616678207535	0.23800606	0.35833333333333334	2.6048434	8.004928	1
AC105137.2	0.0019218131	0.0019446359	0.002868730833910377	-1.0186341e-10	0.0	-4.3537736	6.5690317	1
FBXO22	0.33833158	0.33594385	0.40102878623009197	0.5395143	0.7	0.6832792	6.143364	1
AC090181.2	0.001941634	0.0019646918	0.002868730833910377	-1.0186341e-10	0.0	-4.367856	6.788214	1
LINGO1-AS1	0.006031512	0.0061031193	0.008408348995944209	-1.0186341e-10	0.0	-5.9549236	18.554512	1
IDH3A	0.4177205	0.4194739	0.4764071619349095	0.27006897	0.45	-0.63506293	5.642927	1
ACSBG1	0.002530339	0.0025603855	0.0033633395983776833	-1.0186341e-10	0.0	-4.733565	7.5392942	1
ADAMTS7	0.04253823	0.03982362	0.05757246018399446	0.2712254	0.425	2.7647095	10.3272505	1
MESD	0.49659303	0.49275905	0.5419922841032743	0.8195991	0.8666666666666667	0.7339194	11.752542	1
AC068870.2	0.0021755532	0.0022013881	0.0033633395983776833	-1.0186341e-10	0.0	-4.524434	7.6774697	1
TLNRD1	0.12485654	0.12284492	0.16787021466020377	0.294309	0.4666666666666667	1.2598095	6.7171893	1
IL16	0.0011648828	0.00012596988	0.00019784350578692255	0.08868461	0.16666666666666666	8.618035	5.1483827	1
SAXO2	0.017599605	0.017808441	0.02571965575229993	-1.0186341e-10	0.0	-7.4844975	44.55244	1
HOMER2	0.1874101	0.18881351	0.22880601444257592	0.069165096	0.125	-1.4475254	9.047952	1
SH3GL3	0.27689683	0.2785488	0.33119002868730835	0.13780776	0.25833333333333336	-1.0147443	7.744568	1
AC087468.2	0.0046995427	0.0047553387	0.0072212879612226725	-1.0186341e-10	0.0	-5.6015015	15.770851	1
PDE8A	0.05561176	0.05344933	0.0750816104461371	0.23776501	0.38333333333333336	2.1512027	8.227255	1
ISG20	0.00540388	0.003309068	0.005737461667820754	0.18187487	0.275	5.738218	7.779524	1
MFGE8	0.51010984	0.5121303	0.5315065782965674	0.33995894	0.5	-0.59100795	5.3987026	1
AC013565.3	0.0014960312	0.0015137997	0.0022752003165496092	-1.0186341e-10	0.0	-4.012391	5.5061707	1
KIF7	0.02527509	0.025524966	0.03719457908794144	0.0042334707	0.008333333333333333	-2.5639553	5.3903494	1
MESP1	0.06753187	0.068095356	0.09367889999010783	0.020042319	0.05	-1.7594438	6.9422536	1
MESP2	0.0013793632	0.0013957355	0.0022752003165496092	-1.0186341e-10	0.0	-3.9027846	5.4532013	1
GDPGP1	0.028580632	0.028869746	0.04174497972104066	0.0042334707	0.008333333333333333	-2.7409523	6.8083572	1
TTLL13P	0.0024440964	0.002473119	0.0035611831041646056	-1.0186341e-10	0.0	-4.6854477	8.307254	1
IQGAP1	0.16757795	0.16001378	0.19814027104560292	0.8047905	0.85	2.329695	25.7424	1
FURIN	0.12276165	0.120277844	0.1606489266989811	0.3319896	0.5333333333333333	1.4640025	8.702064	1
SLCO3A1	0.44214433	0.44467694	0.48412305866059946	0.22886698	0.36666666666666664	-0.9579424	10.003382	1
ST8SIA2	0.0041640704	0.00421351	0.005935305173607676	-1.0186341e-10	0.0	-5.430792	12.947274	1
LINC02253	0.018923106	0.019110221	0.028687308339103768	0.0031534047	0.008333333333333333	-2.561852	5.3327003	1
IRAIN	0.0016903153	0.0017103901	0.0024730438223365316	-1.0186341e-10	0.0	-4.1782303	5.970345	1
AC118658.1	0.002477424	0.0025068421	0.003264417845484222	-1.0186341e-10	0.0	-4.7042327	7.547686	1
AC036108.2	0.0027707666	0.002803667	0.004253635374418835	-1.0186341e-10	0.0	-4.8598056	9.858821	1
LRRK1	0.0014011181	0.0014177486	0.002176278563656148	-1.0186341e-10	0.0	-3.9238625	5.0633993	1
AC019254.1	0.0019714737	0.0019948862	0.0030665743396972992	-1.0186341e-10	0.0	-4.3888016	6.9884586	1
SELENOS	0.51061594	0.5077424	0.5558413295083589	0.7527222	0.8333333333333334	0.5679284	6.739945	1
PCSK6	0.018039122	0.013531748	0.01859728954397072	0.39774343	0.5083333333333333	4.8671584	14.3756895	1
AC140725.1	0.0016378798	0.0016573321	0.0022752003165496092	-1.0186341e-10	0.0	-4.1353164	5.54808	1
WASIR2	0.0054741027	0.005539093	0.00781481847858344	-1.0186341e-10	0.0	-5.817393	16.694157	1
MPG	0.42726296	0.42338312	0.4898605203284202	0.75410575	0.8166666666666667	0.8326537	11.372969	1
Z69706.1	0.0018761082	0.0018983885	0.002967652586803838	-1.0186341e-10	0.0	-4.3207664	6.824259	1
LINC00235	0.0017780631	0.0017991795	0.0023741220694430704	-1.0186341e-10	0.0	-4.247306	5.771964	1
MCRIP2	0.49307337	0.49506158	0.5462459194776932	0.32565352	0.5083333333333333	-0.60411865	6.125505	1
AL022341.1	0.0016747875	0.001694678	0.0025719655752299933	-1.0186341e-10	0.0	-4.1656547	5.990145	1
AL022341.2	0.0023055736	0.0023329519	0.002967652586803838	-1.0186341e-10	0.0	-4.6046376	6.875272	1
Z92544.1	0.0043639923	0.004415805	0.005935305173607676	-1.0186341e-10	0.0	-5.496913	12.819512	1
METRN	0.5528078	0.5550018	0.5903650212681769	0.36803764	0.49166666666666664	-0.5925071	5.11281	1
CHTF18	0.009730447	0.009845963	0.015233949945593036	-1.0186341e-10	0.0	-6.6360407	32.096867	1
AL031714.1	0.0022678191	0.0022947493	0.0035611831041646056	-1.0186341e-10	0.0	-4.5818043	8.259513	1
AL032819.1	0.005033174	0.0050929305	0.007122366208329211	-1.0186341e-10	0.0	-5.698478	15.643628	1
CCDC154	0.001487264	0.0015049283	0.0023741220694430704	-1.0186341e-10	0.0	-4.0044384	5.602756	1
TMEM204	0.02259371	0.01810265	0.02571965575229993	0.40092474	0.5666666666666667	4.4614706	17.360785	1
AC005606.2	0.0015415011	0.0015598094	0.0022752003165496092	-1.0186341e-10	0.0	-4.052947	5.360038	1
SLC9A3R2	0.19710746	0.18595025	0.2439410426352755	1.1370081	0.8916666666666667	2.6116052	36.61062	1
DNASE1L2	0.007050695	0.0071344003	0.010287862300919973	-1.0186341e-10	0.0	-6.176803	21.98528	1
AC093525.7	0.0059419023	0.006012446	0.00939756652487882	-1.0186341e-10	0.0	-5.9336796	20.047697	1
AC092117.1	0.0025126373	0.0025424736	0.0036601048570580673	-1.0186341e-10	0.0	-4.723819	8.263671	1
KREMEN2	0.0039422465	0.003989053	0.005836383420714215	-1.0186341e-10	0.0	-5.3536963	12.9198675	1
AC004233.3	0.0023547614	0.0023827236	0.0033633395983776833	-1.0186341e-10	0.0	-4.6338534	7.8756304	1
TNFRSF12A	0.49192324	0.494376	0.458502324661193	0.28537	0.39166666666666666	-0.7925614	6.66108	1
IL32	0.0063609784	0.0026225531	0.0038579483628449897	0.32129252	0.4083333333333333	6.883232	10.684254	1
AC108134.4	0.0014617587	0.001479109	0.0022752003165496092	-1.0186341e-10	0.0	-3.9810405	5.4254885	1
AC005736.1	0.002610667	0.002641667	0.0038579483628449897	-1.0186341e-10	0.0	-4.776983	8.8082	1
AC009171.2	0.0017322063	0.0017527784	0.0027698090810169156	-1.0186341e-10	0.0	-4.21162	6.350984	1
GLIS2-AS1	0.0044688494	0.0045219073	0.006528835690968444	-1.0186341e-10	0.0	-5.530418	14.148834	1
AC023830.3	0.001439976	0.0014570679	0.0023741220694430704	-1.0186341e-10	0.0	-3.9607615	5.5673885	1
AC020663.3	0.0024104607	0.002439084	0.0035611831041646056	-1.0186341e-10	0.0	-4.666238	8.093738	1
NAGPA-AS1	0.0021345308	0.0021598786	0.0030665743396972992	-1.0186341e-10	0.0	-4.498175	7.043696	1
ABAT	0.17735311	0.17843197	0.2232663962805421	0.08644802	0.15833333333333333	-1.0446097	5.1515703	1
CARHSP1	0.6376884	0.63247776	0.6436838460777525	1.0766504	0.9166666666666666	0.7673691	16.485804	1
GRIN2A	0.0152262645	0.015406928	0.018894054802651102	-1.0186341e-10	0.0	-7.2767706	38.078598	1
AC022168.1	0.0046572313	0.0047125253	0.006528835690968444	-1.0186341e-10	0.0	-5.5887237	13.976296	1
LINC01290	0.0017391167	0.0017597708	0.0025719655752299933	-1.0186341e-10	0.0	-4.2170544	6.065197	1
EMP2	0.40116805	0.40341574	0.44039964388168956	0.21189666	0.3416666666666667	-0.9285833	8.713523	1
AC027277.1	0.005035216	0.0050949967	0.00702344445543575	-1.0186341e-10	0.0	-5.6990523	15.142975	1
AC007613.1	0.0019165388	0.0019392989	0.002868730833910377	-1.0186341e-10	0.0	-4.350003	6.7685504	1
AC007216.3	0.00575482	0.0058231433	0.008210505490157286	-1.0186341e-10	0.0	-5.8882923	17.49833	1
NTAN1	0.35847217	0.35445255	0.4246710851716292	0.69710195	0.8333333333333334	0.97557724	14.645813	1
MYH11	0.19483745	0.19622914	0.16747452764862994	0.07758165	0.1	-1.3376286	5.2974105	1
AC138969.1	0.0021971157	0.0022232065	0.003264417845484222	-1.0186341e-10	0.0	-4.538047	7.5613065	1
ARL6IP1	0.45392898	0.4511653	0.4974774953012167	0.68677604	0.775	0.6060741	5.770145	1
SMG1	0.23797598	0.23584743	0.29874369373825305	0.41733482	0.5833333333333334	0.8230854	5.493803	1
AC092287.1	0.002773826	0.0028067627	0.0040557918686319125	-1.0186341e-10	0.0	-4.861343	9.409322	1
ITPRIPL2	0.08124509	0.07738633	0.10584627559600356	0.40630567	0.5833333333333334	2.3909068	14.337797	1
SYT17	0.004272492	0.0029300577	0.00464932238599268	0.11736213	0.2	5.2767067	5.5638924	1
AC130456.5	0.0013997318	0.001416346	0.002077356810762687	-1.0186341e-10	0.0	-3.9225285	5.0391912	1
KNOP1	0.2439094	0.24092266	0.2945889801167277	0.49554503	0.7	1.0401384	9.805194	1
ACSM3	0.0017628233	0.0017837588	0.002868730833910377	-1.0186341e-10	0.0	-4.2355437	6.5311427	1
CRYM	0.01878791	0.019010853	0.02720348204570185	-1.0186341e-10	0.0	-7.57825	44.55244	1
METTL9	0.66585535	0.66172945	0.6684142843011178	1.0134289	0.95	0.6148558	15.139397	1
IGSF6	0.002953223	0.0029882893	0.0038579483628449897	-1.0186341e-10	0.0	-4.9487376	8.862423	1
USP31	0.027372802	0.025403038	0.036205361559006825	0.19331478	0.3	2.922957	7.012342	1
GGA2	0.4356847	0.43770662	0.49470768622019984	0.26541227	0.425	-0.72151524	6.8184953	1
LINC02175	0.006352606	0.006428025	0.00929864477198536	-1.0186341e-10	0.0	-6.0285764	19.864643	1
KDM8	0.005309632	0.0053726705	0.007913740231476903	-1.0186341e-10	0.0	-5.7741747	16.984741	1
IL4R	0.070286565	0.06771862	0.09367889999010783	0.2866026	0.44166666666666665	2.0798016	9.280306	1
NPIPB6	0.003742287	0.0037867199	0.005341774656246909	-1.0186341e-10	0.0	-5.280483	11.883878	1
AC020765.2	0.0073155644	0.0074024145	0.010386784053813434	-1.0186341e-10	0.0	-6.2292843	22.572887	1
SULT1A2	0.066882566	0.06749096	0.09664655257691167	0.015609443	0.03333333333333333	-2.1051981	8.734803	1
SULT1A1	0.1394915	0.14052859	0.18330200811158373	0.05210517	0.09166666666666666	-1.4296253	6.758809	1
AC145285.2	0.011741882	0.011881276	0.016717776238994956	-1.0186341e-10	0.0	-6.9046392	34.89281	1
QPRT	1.3511475	1.3561251	0.9255119200712236	0.9318642	0.8583333333333333	-0.5412502	14.636983	1
AC120114.2	0.0021770298	0.0022028822	0.0033633395983776833	-1.0186341e-10	0.0	-4.52537	7.712641	1
TMEM219	0.54670143	0.54375875	0.589969334256603	0.79461706	0.8333333333333334	0.5472093	7.3208876	1
AC093512.1	0.0046000155	0.00465463	0.006528835690968444	-1.0186341e-10	0.0	-5.5712624	14.460676	1
MYLPF	0.0064434162	0.006519913	0.00939756652487882	-1.0186341e-10	0.0	-6.048742	19.551449	1
AC135048.3	0.007991215	0.008086085	0.012167375605895736	-1.0186341e-10	0.0	-6.3551035	25.922913	1
PRSS36	0.005978478	0.006049456	0.008705114254624592	-1.0186341e-10	0.0	-5.9423885	18.553375	1
PYCARD	0.014251277	0.01201981	0.01632208922742111	0.20223027	0.3	4.061273	7.9687653	1
PYDC1	0.0022133947	0.0022396788	0.0030665743396972992	-1.0186341e-10	0.0	-4.54824	7.2185564	1
COX6A2	0.021038437	0.021253914	0.02799485606884954	0.0028794473	0.008333333333333333	-2.841384	7.522194	1
SLC5A2	0.0015456884	0.0015640464	0.002176278563656148	-1.0186341e-10	0.0	-4.0566254	5.1347055	1
MYLK3	0.6814933	0.68630564	0.6377485409041448	0.27614355	0.425	-1.3131207	22.875092	1
C16orf87	0.5882767	0.59053594	0.6116331981402711	0.39800146	0.575	-0.569133	6.210705	1
AC018845.3	0.0015910111	0.001609907	0.0022752003165496092	-1.0186341e-10	0.0	-4.0958476	5.4039755	1
NETO2	0.026521737	0.023951806	0.03561183104164606	0.24301794	0.36666666666666664	3.3374393	9.193059	1
NKD1	0.0101006	0.010220511	0.015135028192699575	-1.0186341e-10	0.0	-6.689372	32.135212	1
IRX3	1.3390981	1.3478025	0.8568602235631615	0.6058545	0.6166666666666667	-1.1534348	26.040436	1
CRNDE	1.201924	1.2084455	0.86853299040459	0.6525615	0.75	-0.888865	23.996761	1
CES1	0.0044885664	0.004541858	0.006429913938074983	-1.0186341e-10	0.0	-5.536632	14.092116	1
AC040168.1	0.0059086494	0.0059787985	0.00781481847858344	-1.0186341e-10	0.0	-5.925716	16.735516	1
AC106779.1	0.0015399468	0.0015582365	0.002176278563656148	-1.0186341e-10	0.0	-4.0515795	5.343179	1
HERPUD1	0.3476806	0.34467074	0.40696409140369966	0.6012626	0.7083333333333334	0.80259794	7.4410787	1
CPNE2	0.026594369	0.022043517	0.032347413196161835	0.40996438	0.575	4.210894	17.967264	1
DOK4	1.24106	1.2465473	0.8386586210307647	0.77884763	0.8	-0.6784552	15.88488	1
AC106793.1	0.0028671776	0.0029012223	0.004253635374418835	-1.0186341e-10	0.0	-4.90748	9.51185	1
CDH8	0.01007017	0.0071201236	0.010188940548026512	0.25858733	0.3	5.163042	7.8101683	1
AC040174.2	0.004417484	0.004469932	0.0062320704322880605	-1.0186341e-10	0.0	-5.5141025	13.739935	1
AC138305.1	0.0068696104	0.006951167	0.010287862300919973	-1.0186341e-10	0.0	-6.1397915	21.87547	1
CDH5	0.016995098	0.0034807357	0.00464932238599268	1.1554675	0.9416666666666667	8.334129	44.55244	1
AC010542.4	0.0017287829	0.0017493143	0.0024730438223365316	-1.0186341e-10	0.0	-4.20892	5.884932	1
CKLF	0.15947774	0.15703753	0.20941735087545751	0.3650346	0.5666666666666667	1.2164005	8.17924	1
AC010542.5	0.0017228264	0.0017432871	0.0023741220694430704	-1.0186341e-10	0.0	-4.2042103	5.499352	1
CMTM3	0.36094463	0.35820293	0.41725195370461965	0.5919445	0.75	0.7245259	7.7034454	1
AC018557.2	0.0015094158	0.0015273432	0.0023741220694430704	-1.0186341e-10	0.0	-4.024448	5.3751884	1
AC044802.1	0.0018071387	0.0018286003	0.0027698090810169156	-1.0186341e-10	0.0	-4.2694836	6.350377	1
RRAD	0.44492725	0.44839954	0.43555247798991	0.152482	0.26666666666666666	-1.5555217	19.494684	1
HSF4	0.0053592334	0.0054228604	0.007913740231476903	-1.0186341e-10	0.0	-5.7873454	16.87148	1
EXOC3L1	0.0032671443	0.001969997	0.002967652586803838	0.112541705	0.20833333333333334	5.7659683	6.234774	1
ELMO3	0.0021674084	0.0021931466	0.003264417845484222	-1.0186341e-10	0.0	-4.519258	7.4749384	1
FHOD1	0.02816789	0.025443733	0.03759026609951528	0.25766018	0.43333333333333335	3.334988	11.504934	1
PLEKHG4	0.0014963244	0.0015140964	0.0023741220694430704	-1.0186341e-10	0.0	-4.012656	5.7087436	1
RIPOR1	0.10019536	0.09799424	0.13700662775744385	0.28561008	0.45	1.5423115	7.3746467	1
AC027682.4	0.0021847058	0.0022106494	0.0033633395983776833	-1.0186341e-10	0.0	-4.530228	7.895511	1
GFOD2	0.034320507	0.032224853	0.04669106736571372	0.21086748	0.36666666666666664	2.7063048	8.714569	1
AC020978.5	0.0031184335	0.0031554608	0.0045504006330992185	-1.0186341e-10	0.0	-5.0247912	10.118104	1
AC099521.3	0.0033336764	0.003373259	0.0051439311504599865	-1.0186341e-10	0.0	-5.1182194	11.310261	1
AC126773.6	0.0066879685	0.0067673684	0.009793253536452665	-1.0186341e-10	0.0	-6.101687	21.326021	1
CDH3	0.010999812	0.011130396	0.01622316747452765	-1.0186341e-10	0.0	-6.8112664	34.356728	1
AC126773.4	0.017824	0.017999109	0.026609951528341082	0.0030656224	0.008333333333333333	-2.5153575	5.005247	1
HAS3	0.0033331914	0.003372768	0.0045504006330992185	-1.0186341e-10	0.0	-5.118016	10.250837	1
NQO1	0.42662498	0.4222521	0.44000395687011573	0.79503316	0.7416666666666667	0.9127504	9.462405	1
HYDIN	0.0022824924	0.0023095966	0.003264417845484222	-1.0186341e-10	0.0	-4.590721	7.383844	1
AC010547.1	0.0021265694	0.002151823	0.003264417845484222	-1.0186341e-10	0.0	-4.493023	7.4232306	1
AC116667.1	0.0019474606	0.0019705878	0.0030665743396972992	-1.0186341e-10	0.0	-4.37197	7.0149736	1
MLKL	0.0033269033	0.0014877747	0.0023741220694430704	0.15825875	0.275	6.6400466	8.099421	1
ZNRF1	0.17827609	0.17615286	0.23375210208724898	0.35713017	0.5416666666666666	1.0192072	6.435068	1
CHST5	0.0018924804	0.0019149549	0.0027698090810169156	-1.0186341e-10	0.0	-4.332677	6.4957476	1
MAFTRR	0.0029654761	0.0030006878	0.004154713621525374	-1.0186341e-10	0.0	-4.954518	9.326634	1
AC105411.1	0.0042672884	0.0043179533	0.006330992185181522	-1.0186341e-10	0.0	-5.4653077	13.524623	1
CDYL2	0.022989158	0.021616865	0.030863586902759917	0.13858779	0.23333333333333334	2.674953	5.147376	1
ARLNC1	0.0018211681	0.0018427962	0.002868730833910377	-1.0186341e-10	0.0	-4.280064	6.7385874	1
AC009148.1	0.006144199	0.006217144	0.00850727074883767	-1.0186341e-10	0.0	-5.981202	18.277977	1
CDH13	0.015392242	0.010554052	0.014937184686912653	0.42296797	0.5916666666666667	5.311415	18.535204	1
MBTPS1	0.25083598	0.24838647	0.3151647047185676	0.45722887	0.6333333333333333	0.88006467	6.934469	1
COTL1	0.08841765	0.08481084	0.11316648531011969	0.39225066	0.525	2.2081227	11.4901	1
AC018695.6	0.0024442833	0.0024733082	0.0035611831041646056	-1.0186341e-10	0.0	-4.685554	8.145714	1
AC018695.9	0.0014644809	0.0014818666	0.0023741220694430704	-1.0186341e-10	0.0	-3.9835575	5.5471244	1
LINC02188	0.0013900062	0.0014065048	0.002176278563656148	-1.0186341e-10	0.0	-3.9131348	5.336639	1
CYBA	0.4620699	0.45331636	0.4948066079730933	1.1994723	0.9416666666666667	1.4036118	33.771168	1
AC138028.4	0.0016492588	0.0016688462	0.0022752003165496092	-1.0186341e-10	0.0	-4.144738	5.5406322	1
APRT	0.6369118	0.6335259	0.6457612028885152	0.9221521	0.9166666666666666	0.54152983	9.353012	1
SPG7	0.28879026	0.2864009	0.35829458898011673	0.49010965	0.6333333333333333	0.77485913	6.006295	1
TUBB3	0.05433976	0.05046811	0.06617865268572559	0.3804828	0.49166666666666664	2.9119105	12.027119	1
RFLNB	0.060810633	0.048027467	0.06459590463943021	1.1376824	0.875	4.5632205	38.10333	1
NXN	0.3446292	0.34668913	0.4176476407161935	0.17116992	0.3	-1.0177867	9.504109	1
CRK	0.24491426	0.24253346	0.30932832129785337	0.4455272	0.6	0.8770587	5.8715167	1
MYO1C	0.21319348	0.20965785	0.2723315857156989	0.5110757	0.675	1.2850944	11.175418	1
SCARF1	0.011908458	0.008570134	0.012958749629043427	0.29313472	0.4666666666666667	5.079858	14.125912	1
AC130343.2	0.0033500004	0.0033897767	0.0056385399149272925	-1.0186341e-10	0.0	-5.1250644	12.26319	1
AC005696.1	0.013569877	0.013730878	0.01859728954397072	-1.0186341e-10	0.0	-7.1117506	39.587036	1
TRPV3	0.0072608325	0.0073470324	0.010683549312493818	-1.0186341e-10	0.0	-6.218595	22.562946	1
P2RX1	0.2652448	0.26736653	0.29904045899693343	0.0865916	0.15	-1.6253941	14.4873495	1
CYB5D2	0.12723231	0.12499143	0.16955188445939262	0.3159945	0.4666666666666667	1.3373728	6.9086437	1
SMTNL2	0.22135624	0.22290912	0.28113562172321693	0.090618834	0.18333333333333332	-1.2976286	10.071896	1
AC091153.3	0.0049545974	0.005013421	0.007616974972796518	-1.0186341e-10	0.0	-5.6762185	16.346622	1
CHRNE	0.0016053095	0.0016243753	0.0022752003165496092	-1.0186341e-10	0.0	-4.1080036	5.431283	1
SLC25A11	0.8419069	0.8448195	0.7626867148085864	0.59654737	0.7666666666666667	-0.50193524	8.593679	1
ENO3	1.6525956	1.6609174	0.941042635275497	0.95158076	0.9	-0.80351764	29.681067	1
SPAG7	1.1908591	1.1949935	0.8882184192303888	0.8425789	0.7916666666666666	-0.5040686	10.033156	1
AC004771.4	0.0019416708	0.001964729	0.0027698090810169156	-1.0186341e-10	0.0	-4.3678823	6.352466	1
MED31	0.25064126	0.24833886	0.31269166089623107	0.44464287	0.6333333333333333	0.8400805	6.129349	1
AC040977.1	0.010188744	0.010309701	0.015332871698486497	-1.0186341e-10	0.0	-6.701786	32.196365	1
MIR497HG	0.0018133294	0.0018348644	0.0025719655752299933	-1.0186341e-10	0.0	-4.274162	6.120953	1
BCL6B	0.004192423	0.0008553049	0.0016816697991888416	0.2853169	0.43333333333333335	8.222894	13.177119	1
CLDN7	0.007891747	0.005866985	0.008408348995944209	0.17846146	0.31666666666666665	4.903275	9.253905	1
TNK1	0.0019768805	0.002000357	0.002868730833910377	-1.0186341e-10	0.0	-4.3925643	6.690659	1
PLSCR3	0.08403565	0.082317114	0.11455138985062815	0.22879386	0.36666666666666664	1.4736629	5.387425	1
TNFSF12	0.049987994	0.047998127	0.06697002670887328	0.21762137	0.35	2.1784303	7.233792	1
ATP1B2	0.51717675	0.51968503	0.5621723216935404	0.30593014	0.48333333333333334	-0.7642415	9.176695	1
ALOX12B	0.0017061186	0.001726381	0.0023741220694430704	-1.0186341e-10	0.0	-4.1909175	5.449393	1
HES7	0.008981473	0.009088098	0.012859827876149966	-1.0186341e-10	0.0	-6.521696	27.701395	1
AC129492.4	0.0018435483	0.001865442	0.0027698090810169156	-1.0186341e-10	0.0	-4.2967834	6.381023	1
ARHGEF15	0.003739911	0.0011933048	0.0019784350578692256	0.21827053	0.35833333333333334	7.399572	11.012484	1
MYH2	0.004329078	0.004380476	0.0061331486793945985	-1.0186341e-10	0.0	-5.4855814	13.247573	1
MYH3	0.003176862	0.0032145828	0.004847165891779602	-1.0186341e-10	0.0	-5.050757	11.047555	1
LINC00670	0.0076677315	0.0077587618	0.01167276684142843	-1.0186341e-10	0.0	-6.2962317	24.624096	1
MYOCD	0.7878796	0.7932576	0.6854288257987932	0.33487782	0.475	-1.2439058	22.90718	1
HS3ST3A1	0.112718746	0.113788545	0.14106241962607577	0.022574773	0.05	-2.3284626	16.085552	1
HS3ST3B1	0.024390772	0.024646044	0.03432584825403106	0.0028794473	0.008333333333333333	-3.0540812	9.876155	1
PMP22	0.36723	0.36477643	0.40755762192106043	0.5739454	0.75	0.653757	6.663406	1
AC093484.3	0.0013653587	0.0013815648	0.002077356810762687	-1.0186341e-10	0.0	-3.8890512	5.086168	1
AC122129.1	0.0018009489	0.0018223369	0.0027698090810169156	-1.0186341e-10	0.0	-4.2647905	6.6298103	1
MYO15A	0.004466241	0.004519268	0.0067266791967553665	-1.0186341e-10	0.0	-5.529594	14.70764	1
AC087164.1	0.003509836	0.0035515097	0.005341774656246909	-1.0186341e-10	0.0	-5.1904225	11.676601	1
AC127537.1	0.0025393257	0.0025694787	0.0033633395983776833	-1.0186341e-10	0.0	-4.7384877	7.7945213	1
LINC02076	0.0042956797	0.0043466818	0.006330992185181522	-1.0186341e-10	0.0	-5.4746585	13.803025	1
AC107982.3	0.0028533414	0.002887222	0.0038579483628449897	-1.0186341e-10	0.0	-4.900734	8.832767	1
SLC47A1	0.007775518	0.007867828	0.011474923335641507	-1.0186341e-10	0.0	-6.316116	24.08936	1
AC107926.1	0.0015811581	0.0015999371	0.0023741220694430704	-1.0186341e-10	0.0	-4.087411	5.717282	1
AC087294.1	0.0034712898	0.003512506	0.005045009397566525	-1.0186341e-10	0.0	-5.1749296	11.360404	1
AC069366.2	0.0034232233	0.0034638688	0.004847165891779602	-1.0186341e-10	0.0	-5.155374	10.923542	1
LGALS9	0.003203824	0.003241865	0.004748244138886141	-1.0186341e-10	0.0	-5.062583	10.858046	1
AC005697.2	0.0018560981	0.0018781408	0.0024730438223365316	-1.0186341e-10	0.0	-4.3060746	6.0913568	1
TNFAIP1	0.16495909	0.16107245	0.21386882975566326	0.4923663	0.6666666666666666	1.6114199	13.781109	1
VTN	0.0038016932	0.0038468314	0.005242852903353448	-1.0186341e-10	0.0	-5.3026247	10.145121	1
AC002094.4	0.0033939986	0.0034342972	0.00464932238599268	-1.0186341e-10	0.0	-5.143353	10.127257	1
ALDOC	0.43392277	0.43594685	0.47452764862993374	0.26348174	0.4083333333333333	-0.7262327	6.6862435	1
AC010761.1	0.0017160559	0.0017364363	0.0025719655752299933	-1.0186341e-10	0.0	-4.198838	6.002816	1
TRAF4	0.06971927	0.0680572	0.09565733504797705	0.20971893	0.3333333333333333	1.6222068	5.4071217	1
AC068025.2	0.0021179814	0.002143133	0.002967652586803838	-1.0186341e-10	0.0	-4.487445	6.7521605	1
CORO6	0.14962995	0.15069675	0.20031654960925907	0.059740856	0.11666666666666667	-1.3334026	6.681551	1
AC104564.2	0.0037477368	0.0037922345	0.005341774656246909	-1.0186341e-10	0.0	-5.2825284	11.894509	1
AC104564.5	0.0036132983	0.0036562001	0.005242852903353448	-1.0186341e-10	0.0	-5.2312036	11.552605	1
EFCAB5	0.0039634276	0.004010486	0.006034226926501137	-1.0186341e-10	0.0	-5.3612385	13.410302	1
AC127024.6	0.0069347373	0.0070170667	0.010485705806706895	-1.0186341e-10	0.0	-6.153212	22.512312	1
AC130324.1	0.002421453	0.0024502068	0.003264417845484222	-1.0186341e-10	0.0	-4.672544	7.5835967	1
AC005899.6	0.0119454255	0.012087234	0.01691561974478188	-1.0186341e-10	0.0	-6.9292283	35.871872	1
UNC45B	0.74812293	0.7532556	0.6994757147096646	0.31577796	0.48333333333333334	-1.2539638	24.60812	1
SLC35G3	0.0024513756	0.0024804845	0.0036601048570580673	-1.0186341e-10	0.0	-4.689572	7.7583675	1
SLFN5	0.15074076	0.14742424	0.18765456523889604	0.43011567	0.5666666666666667	1.544108	9.813396	1
RASL10B	0.12543343	0.12637164	0.16836482342467107	0.04637594	0.09166666666666666	-1.4442579	7.0460305	1
C17orf50	0.0027536196	0.0027863164	0.0038579483628449897	-1.0186341e-10	0.0	-4.851159	8.453791	1
AC243830.1	0.0027476326	0.0027802582	0.004154713621525374	-1.0186341e-10	0.0	-4.848128	9.245678	1
TBC1D3L	0.0021895687	0.0022155698	0.0030665743396972992	-1.0186341e-10	0.0	-4.533297	6.8837523	1
ARHGAP23	0.034178827	0.031796414	0.046295380354139874	0.23488249	0.36666666666666664	2.881087	8.787663	1
AC006449.5	0.004444084	0.0044968477	0.006528835690968444	-1.0186341e-10	0.0	-5.5225744	13.998105	1
LASP1	0.09880638	0.09688475	0.13453358393510734	0.26067507	0.39166666666666666	1.4269761	5.586096	1
LINC00672	0.357098	0.35920158	0.4025126125234939	0.17995782	0.30833333333333335	-0.996735	9.211482	1
AC091178.2	0.0018020417	0.0018234428	0.0026708873281234544	-1.0186341e-10	0.0	-4.26562	6.270655	1
CACNB1	0.082782805	0.08343114	0.11277079829854585	0.028145224	0.058333333333333334	-1.5643072	5.7025	1
STAC2	0.00558112	0.005647381	0.008309427243050747	-1.0186341e-10	0.0	-5.8448343	17.98254	1
AC005288.1	0.0034461946	0.0034871127	0.005341774656246909	-1.0186341e-10	0.0	-5.1647525	11.475803	1
TCAP	1.0272495	1.0330018	0.7477495301216738	0.54272264	0.625	-0.9284296	17.620996	1
ERBB2	0.4760067	0.47843546	0.5289346127213375	0.27147496	0.4083333333333333	-0.8172754	8.210405	1
GRB7	0.0024482254	0.002477297	0.0037590266099515285	-1.0186341e-10	0.0	-4.6877885	8.718519	1
AC090844.2	0.0016877302	0.0017077742	0.0023741220694430704	-1.0186341e-10	0.0	-4.176144	5.706744	1
IGFBP4	0.4945872	0.48884052	0.499455930359086	0.9787197	0.9	1.0013843	18.109692	1
KLHL10	0.0017304188	0.0017509696	0.0024730438223365316	-1.0186341e-10	0.0	-4.210211	5.995238	1
RAB5C	0.37241635	0.3675072	0.43772875655356613	0.78599995	0.7916666666666666	1.0965478	14.343578	1
HCRT	0.004843721	0.0049012285	0.007419131467009596	-1.0186341e-10	0.0	-5.6442122	15.844962	1
AC099811.5	0.0022063586	0.002232559	0.003264417845484222	-1.0186341e-10	0.0	-4.5438433	7.6047096	1
CAVIN1	0.7289544	0.7244104	0.6716787021466021	1.1117699	0.9416666666666667	0.6179096	12.481893	1
HSD17B1	0.02131129	0.021533437	0.03195172618458799	0.0025905326	0.008333333333333333	-3.0072992	9.3559675	1
RAMP2	0.10962289	0.0939246	0.12404787812840043	1.4320754	0.95	3.9290261	44.55244	1
AOC2	0.0018938048	0.001916295	0.002868730833910377	-1.0186341e-10	0.0	-4.3336363	6.6929483	1
PTGES3L	0.5427499	0.5472842	0.5789890196854288	0.16083358	0.2916666666666667	-1.7660884	30.686914	1
VAT1	0.22058757	0.21810655	0.27826689088930656	0.42962345	0.6666666666666666	0.977714	8.610306	1
GRN	0.68801147	0.680919	0.6666336927490355	1.2854954	0.9583333333333334	0.9166697	28.011578	1
FZD2	0.18843055	0.18970096	0.2444356513997428	0.08138874	0.15833333333333333	-1.2198147	7.5718393	1
MEIOC	0.002906482	0.0029409933	0.004253635374418835	-1.0186341e-10	0.0	-4.926472	9.730592	1
AC091152.2	0.0020632064	0.0020877076	0.0033633395983776833	-1.0186341e-10	0.0	-4.4513497	7.5709524	1
GJC1	0.31655166	0.31810415	0.38173904441586703	0.1858382	0.31666666666666665	-0.7751294	5.370514	1
GFAP	0.0064144	0.0064905523	0.009199723019091898	-1.0186341e-10	0.0	-6.042329	19.728527	1
MYL4	3.4312923	3.444371	0.9970323474131961	2.3295648	0.9833333333333333	-0.56416	30.924109	1
AC025682.1	0.0032841843	0.0033231792	0.005045009397566525	-1.0186341e-10	0.0	-5.0972667	11.09387	1
AC015674.1	0.0016271424	0.0016464673	0.0025719655752299933	-1.0186341e-10	0.0	-4.126369	6.027264	1
SP6	0.010628109	0.009422733	0.012563062617469582	0.1121717	0.2	3.559475	5.110193	1
HOXB-AS1	0.38019317	0.38197362	0.42872687704026113	0.23027526	0.375	-0.72986484	5.8068967	1
HOXB6	0.01493207	0.012894803	0.01869621129686418	0.1865501	0.2916666666666667	3.8443296	7.344364	1
HOXB7	0.024294082	0.020542925	0.02878623009199723	0.3402939	0.48333333333333334	4.043486	13.571517	1
HOXB8	0.0077356417	0.00507843	0.0073202097141161345	0.23158412	0.35	5.4835005	9.930394	1
HOXB9	0.005534766	0.0029742054	0.004847165891779602	0.22124109	0.3416666666666667	6.169914	10.113737	1
AC103702.2	0.0072518815	0.005890798	0.008804036007518053	0.1219126	0.21666666666666667	4.3481383	6.222704	1
PRAC2	0.0036751668	0.003718803	0.00544069640914037	-1.0186341e-10	0.0	-5.25505	11.715751	1
ABI3	0.0029931695	0.0010393307	0.0018795133049757642	0.16758811	0.275	7.2014503	7.617909	1
AC091180.2	0.0016019215	0.001620947	0.0025719655752299933	-1.0186341e-10	0.0	-4.105132	6.061925	1
NGFR	0.07755305	0.07820844	0.09140369967355821	0.022320101	0.041666666666666664	-1.804375	6.6319876	1
DLX4	0.0025209254	0.00255086	0.003264417845484222	-1.0186341e-10	0.0	-4.72839	7.5763326	1
DLX3	0.0016730435	0.0016929132	0.0024730438223365316	-1.0186341e-10	0.0	-4.164235	5.7508254	1
SGCA	0.38108557	0.38287127	0.4352557127312296	0.23072124	0.38333333333333336	-0.7304602	5.882198	1
CACNA1G-AS1	0.0042554885	0.0043060137	0.0061331486793945985	-1.0186341e-10	0.0	-5.4614034	13.466059	1
SPAG9	0.4381243	0.43498832	0.4919378771391829	0.70233476	0.7916666666666666	0.6910561	7.837786	1
NOG	0.15863973	0.15976457	0.19734889702245523	0.06386272	0.10833333333333334	-1.321547	6.294195	1
AC004584.3	0.007612434	0.0077028084	0.011178158076961124	-1.0186341e-10	0.0	-6.285923	23.287645	1
MSI2	0.7239823	0.72739863	0.6860223563161539	0.43622524	0.6166666666666667	-0.73754066	11.211646	1
AC015845.2	0.0022381898	0.0022647681	0.0035611831041646056	-1.0186341e-10	0.0	-4.563628	8.107059	1
AC005962.2	0.0018469475	0.0018688816	0.0027698090810169156	-1.0186341e-10	0.0	-4.299306	6.3723407	1
PPM1E	0.0016414901	0.0016609853	0.0025719655752299933	-1.0186341e-10	0.0	-4.1383123	5.879321	1
RNFT1-DT	0.0043762797	0.004428238	0.0067266791967553665	-1.0186341e-10	0.0	-5.5008793	14.592732	1
AC025048.4	0.0014338669	0.0014508861	0.0022752003165496092	-1.0186341e-10	0.0	-3.9550223	5.3774786	1
TBX2-AS1	0.51775175	0.52026033	0.5330893263428628	0.30648765	0.4666666666666667	-0.7632115	8.664048	1
TBX2	0.4032634	0.40544245	0.4300128598278761	0.2197564	0.3333333333333333	-0.8832913	7.102048	1
AC008026.3	0.003176772	0.0032144918	0.004451478880205757	-1.0186341e-10	0.0	-5.0507174	10.054792	1
MARCH10	0.0030435775	0.0030797163	0.0045504006330992185	-1.0186341e-10	0.0	-4.9908276	10.253293	1
ACE	0.00900003	0.007326797	0.011277079829854585	0.14995642	0.25833333333333336	4.3366213	7.164336	1
MAP3K3	0.08442106	0.082604	0.11603521614403008	0.23747866	0.4	1.5223762	6.367826	1
LIMD2	0.14390405	0.14151235	0.1838955386289445	0.3453719	0.5083333333333333	1.2866212	6.8822007	1
ICAM2	0.0073813377	0.0013298579	0.0018795133049757642	0.5171682	0.6166666666666667	8.498898	20.739693	1
PECAM1	0.022902882	0.005715238	0.007122366208329211	1.4708189	0.9333333333333333	7.9826636	44.55244	1
SMURF2	0.28122163	0.27834922	0.333267385498071	0.5232383	0.7083333333333334	0.9103297	8.850955	1
AC037487.1	0.0013685385	0.0013847823	0.002176278563656148	-1.0186341e-10	0.0	-3.892181	5.0825987	1
RGS9	0.2688009	0.2708937	0.3185280443169453	0.092586	0.15833333333333333	-1.5478358	12.3543	1
CEP112	0.06658845	0.06453624	0.09071124740330398	0.23945616	0.39166666666666666	1.8899487	7.8172665	1
CACNG4	0.0027172146	0.0027494794	0.0037590266099515285	-1.0186341e-10	0.0	-4.832628	8.634886	1
PITPNC1	0.029853338	0.026541237	0.03768918785240875	0.3088752	0.44166666666666665	3.535758	11.112468	1
AC145343.1	0.0037512912	0.0037958312	0.005539618162033831	-1.0186341e-10	0.0	-5.2838607	12.076679	1
AC005332.1	0.0014895587	0.0015072505	0.002176278563656148	-1.0186341e-10	0.0	-4.0065246	5.163354	1
ABCA6	0.0013746439	0.0013909602	0.0022752003165496092	-1.0186341e-10	0.0	-3.8981712	5.0086546	1
KCNJ2	0.012711631	0.0066646286	0.00939756652487882	0.52212125	0.6333333333333333	6.270507	21.266787	1
SDK2	0.24190493	0.2437363	0.30359085963003263	0.087719835	0.14166666666666666	-1.4732941	10.605317	1
AC064805.2	0.0023442854	0.0023721233	0.0034622613512711444	-1.0186341e-10	0.0	-4.6276803	8.012848	1
AC022211.2	0.0036623203	0.003705804	0.00544069640914037	-1.0186341e-10	0.0	-5.2501307	12.013664	1
ITGB4	0.0037316952	0.0037760024	0.005242852903353448	-1.0186341e-10	0.0	-5.2764993	11.739549	1
TRIM47	0.02711017	0.024808299	0.035710752794539516	0.22102804	0.38333333333333336	3.1501837	9.576928	1
RNF157-AS1	0.0020329116	0.0020570534	0.0027698090810169156	-1.0186341e-10	0.0	-4.4309916	6.5508842	1
UBALD2	0.10987563	0.10601455	0.14670095954100307	0.43512842	0.6333333333333333	2.0361502	14.890755	1
SEC14L1	0.27159834	0.26004428	0.32891482837075875	1.2449383	0.9416666666666667	2.2588062	39.717228	1
TMC6	0.1177889	0.11608849	0.1573845088534969	0.26102218	0.43333333333333335	1.1682577	5.4462113	1
AC022966.2	0.0034241679	0.0034648245	0.004847165891779602	-1.0186341e-10	0.0	-5.155761	10.947376	1
LGALS3BP	0.46003103	0.4619662	0.5071718270847759	0.2970722	0.44166666666666665	-0.63680035	5.194936	1
GAA	0.09301335	0.091303885	0.12632307844495005	0.23700938	0.4166666666666667	1.3752254	5.9892993	1
RNF213	0.14876051	0.14635184	0.19606291423484024	0.3516582	0.5166666666666667	1.2641577	7.4037004	1
AC110285.5	0.001965423	0.0019887637	0.0030665743396972992	-1.0186341e-10	0.0	-4.3845787	7.0954676	1
ACTG1	1.5290283	1.5107695	0.8836680185972895	3.0671759	1.0	1.0215788	44.55244	1
PDE6G	0.0018401647	0.0018620183	0.002967652586803838	-1.0186341e-10	0.0	-4.294268	6.857465	1
AC145207.3	0.001551516	0.0015699432	0.0023741220694430704	-1.0186341e-10	0.0	-4.0617285	5.809017	1
ARHGDIA	0.4020517	0.39672506	0.46127213374220993	0.85079986	0.8916666666666667	1.1004863	21.38842	1
MYADML2	0.01712662	0.017302591	0.024433672964684933	0.0022957004	0.008333333333333333	-2.8607826	7.6941504	1
NOTUM	0.0026817946	0.0027136388	0.0040557918686319125	-1.0186341e-10	0.0	-4.814367	9.145247	1
RAC3	0.15764597	0.1548289	0.20476802848946482	0.3949545	0.5666666666666667	1.3504453	8.881649	1
AC132872.5	0.0016363144	0.0016557481	0.0022752003165496092	-1.0186341e-10	0.0	-4.1340156	5.5811577	1
AC024361.1	0.0023294191	0.0023570803	0.0036601048570580673	-1.0186341e-10	0.0	-4.6188745	8.50842	1
LINC02564	0.0018358034	0.0018576052	0.0030665743396972992	-1.0186341e-10	0.0	-4.2910194	7.147689	1
AP000845.1	0.0021301985	0.0021554949	0.003264417845484222	-1.0186341e-10	0.0	-4.4953737	7.594848	1
COLEC12	0.0851439	0.083037846	0.0991195963992482	0.26254845	0.425	1.6595557	7.424053	1
YES1	0.19336362	0.18854827	0.2452270254228905	0.5990073	0.725	1.6671157	16.434607	1
AP000829.1	0.0018756691	0.0018979443	0.002868730833910377	-1.0186341e-10	0.0	-4.320446	6.754572	1
EMILIN2	0.4314026	0.43417352	0.47393411811257297	0.19804609	0.3	-1.1320394	11.266545	1
AP000919.4	0.0017708372	0.0017918678	0.0027698090810169156	-1.0186341e-10	0.0	-4.2417407	6.3816624	1
MYOM1	1.1239907	1.1302595	0.8420219606291424	0.5959701	0.7	-0.9232278	22.416447	1
MYL12A	1.3508774	1.3421535	0.9215550499554852	2.0858035	1.0	0.63601506	43.25141	1
MYL12B	1.0752848	1.0652683	0.8513206054011278	1.9191065	1.0	0.8491577	44.55244	1
AP005671.1	0.0014911165	0.0015088266	0.0022752003165496092	-1.0186341e-10	0.0	-4.0079384	5.4535604	1
EPB41L3	0.43341	0.4358219	0.4871896330002968	0.23029181	0.38333333333333336	-0.91998017	9.765581	1
TMEM200C	0.15237164	0.15357195	0.19487585320011871	0.0512378	0.11666666666666667	-1.5817604	10.880909	1
L3MBTL4-AS1	0.0050599254	0.0051199994	0.007715896725689979	-1.0186341e-10	0.0	-5.7059793	16.57264	1
PTPRM	0.18431202	0.18034858	0.235038084874864	0.51819116	0.7	1.522175	14.353176	1
AP005899.1	0.0017497849	0.0017705656	0.0024730438223365316	-1.0186341e-10	0.0	-4.2254043	5.8236217	1
AP001033.1	0.004762088	0.0048186267	0.0067266791967553665	-1.0186341e-10	0.0	-5.620185	14.520572	1
RALBP1	0.47073808	0.46813315	0.5231971510535167	0.69020927	0.8166666666666667	0.5600158	7.0450654	1
PPP4R1	0.1856524	0.1837008	0.24305074685923433	0.35005033	0.525	0.9298313	5.288269	1
RAB31	0.39963102	0.39692017	0.44742308833712535	0.62802815	0.75	0.6618467	6.573477	1
PIEZO2	0.015278715	0.011339431	0.014442575922445345	0.3471279	0.475	4.9237957	13.436803	1
AP005264.1	0.0047228117	0.004778884	0.00702344445543575	-1.0186341e-10	0.0	-5.6084805	15.343096	1
TUBB6	0.45629013	0.4518683	0.4886734592936987	0.8288106	0.85	0.87499493	14.044592	1
AP005482.3	0.004656146	0.004711427	0.006825600949648828	-1.0186341e-10	0.0	-5.588394	15.012365	1
AP005482.1	0.005131885	0.005192813	0.007616974972796518	-1.0186341e-10	0.0	-5.725964	16.121302	1
AP002449.1	0.0033747447	0.0034148146	0.0045504006330992185	-1.0186341e-10	0.0	-5.1353784	10.099136	1
SNRPD1	0.5477246	0.54477155	0.5851221683648234	0.79651386	0.825	0.5479644	7.3252935	1
AC090912.1	0.0013895425	0.0014060356	0.002077356810762687	-1.0186341e-10	0.0	-3.9126854	5.0363407	1
AC090912.2	0.0020786412	0.0021033257	0.003165496092590761	-1.0186341e-10	0.0	-4.461612	7.0262876	1
AC007996.1	0.0044915895	0.004544917	0.006627757443861905	-1.0186341e-10	0.0	-5.5375824	14.38258	1
CDH2	1.3879263	1.3938265	0.928578494410921	0.8908799	0.875	-0.64568967	19.484879	1
DSC3	0.0015586244	0.0015771359	0.0022752003165496092	-1.0186341e-10	0.0	-4.0679293	5.3585954	1
TTR	0.002335877	0.002363615	0.002967652586803838	-1.0186341e-10	0.0	-4.6227064	5.0195074	1
AC015563.1	0.0015385485	0.0015568216	0.0023741220694430704	-1.0186341e-10	0.0	-4.050348	5.60199	1
AC012123.1	0.0021968074	0.0022228945	0.003165496092590761	-1.0186341e-10	0.0	-4.5378532	7.1113787	1
DTNA	0.42250904	0.42493635	0.477594222969631	0.2181036	0.35833333333333334	-0.96191126	10.023205	1
MAPRE2	0.18647946	0.1842591	0.2436442773765951	0.37351817	0.55	1.0190458	6.187546	1
AC011815.1	0.004931328	0.0049898755	0.0073202097141161345	-1.0186341e-10	0.0	-5.66956	15.795462	1
GALNT1	0.5598949	0.55654657	0.5917499258086854	0.8419862	0.825	0.59720623	7.932338	1
AC090220.1	0.0015569506	0.0015754424	0.0023741220694430704	-1.0186341e-10	0.0	-4.0664716	5.6463747	1
FHOD3	0.58967644	0.59335554	0.6071817192600653	0.27981874	0.4666666666666667	-1.084132	17.964216	1
TPGS2	0.46067408	0.45834523	0.5197348897022456	0.65689456	0.7583333333333333	0.5191321	5.342019	1
AC120049.1	0.002439306	0.0024682716	0.0035611831041646056	-1.0186341e-10	0.0	-4.6827273	7.8669314	1
PSTPIP2	0.033653554	0.034006212	0.04837273716490256	0.0039531616	0.008333333333333333	-3.072915	10.324623	1
SNHG22	0.003952215	0.0039991396	0.005836383420714215	-1.0186341e-10	0.0	-5.3572507	12.529133	1
MYO5B	0.0025204539	0.0025503829	0.003956870115738451	-1.0186341e-10	0.0	-4.7281303	8.859212	1
MAPK4	0.12433298	0.1252687	0.16341873577999802	0.045487326	0.1	-1.4594725	7.723826	1
RAB27B	0.07053165	0.071216926	0.08655653378177862	0.01278178	0.025	-2.4689126	10.951939	1
TCF4	0.27105808	0.2547621	0.3085369472747057	1.643864	0.975	2.68939	44.55244	1
TCF4-AS2	0.0019415802	0.0019646375	0.0027698090810169156	-1.0186341e-10	0.0	-4.3678184	6.7105546	1
ONECUT2	0.0024197365	0.0024484699	0.0035611831041646056	-1.0186341e-10	0.0	-4.671561	8.100319	1
ALPK2	0.88988	0.89505345	0.7655554456424968	0.45409566	0.65	-0.9788211	21.936327	1
SEC11C	0.1336546	0.13172354	0.17736670293797607	0.2963192	0.45	1.1690307	5.5679893	1
BCL2	0.004372021	0.0033020016	0.005045009397566525	0.09451298	0.18333333333333332	4.797582	5.4555273	1
CDH19	0.0017252815	0.0017457713	0.0025719655752299933	-1.0186341e-10	0.0	-4.2061534	5.6521716	1
AC040896.1	0.0022306691	0.0022571583	0.003165496092590761	-1.0186341e-10	0.0	-4.558978	7.0326195	1
DOK6	0.15163971	0.15285984	0.1974478187753487	0.048834864	0.09166666666666666	-1.6442182	9.352225	1
AC027575.2	0.0028415062	0.0028752463	0.004352557127312296	-1.0186341e-10	0.0	-4.894939	10.045052	1
LINC01896	0.0013850342	0.0014014737	0.002176278563656148	-1.0186341e-10	0.0	-3.9083087	5.117209	1
SALL3	0.0029001532	0.0029345895	0.004253635374418835	-1.0186341e-10	0.0	-4.923431	9.691374	1
AC125437.3	0.0022831513	0.0023102632	0.003165496092590761	-1.0186341e-10	0.0	-4.5911202	7.211409	1
PARD6G-AS1	0.003268822	0.0033076347	0.004847165891779602	-1.0186341e-10	0.0	-5.0907	10.569545	1
PLPP2	0.0038100707	0.0019118603	0.0034622613512711444	0.16371915	0.2916666666666667	6.34743	8.397822	1
MADCAM1	0.0066272966	0.006705976	0.009595410030665743	-1.0186341e-10	0.0	-6.088732	20.790367	1
FGF22	0.0017387356	0.0017593851	0.002967652586803838	-1.0186341e-10	0.0	-4.216755	6.9723043	1
PRTN3	0.00566904	0.0057363445	0.00781481847858344	-1.0186341e-10	0.0	-5.8669944	16.838623	1
ARID3A	0.3642434	0.36186293	0.42546245919477693	0.5648136	0.6916666666666667	0.64218843	5.5238686	1
ABCA7	0.12607063	0.12692945	0.1619349094865961	0.053703684	0.1	-1.2393861	5.171588	1
AC004221.1	0.0018944858	0.0019169842	0.0027698090810169156	-1.0186341e-10	0.0	-4.3341293	6.3081574	1
MIDN	0.4180199	0.41449174	0.4773963794638441	0.715268	0.7916666666666666	0.78699434	9.816109	1
AC005329.1	0.0033093526	0.0033486462	0.0045504006330992185	-1.0186341e-10	0.0	-5.1079597	10.048007	1
APC2	0.0019552116	0.001978431	0.0024730438223365316	-1.0186341e-10	0.0	-4.3774242	5.909957	1
TCF3	0.12781487	0.1260966	0.17251953704619646	0.2725503	0.425	1.1113787	5.044863	1
ABHD17A	0.48446968	0.4791818	0.537639726975962	0.9299207	0.8916666666666667	0.9563888	18.101377	1
JSRP1	0.0022373584	0.002263927	0.0033633395983776833	-1.0186341e-10	0.0	-4.563115	7.9500346	1
LINGO3	0.0017044073	0.0017246493	0.0022752003165496092	-1.0186341e-10	0.0	-4.189549	5.4729953	1
AC119403.1	0.0046694153	0.0047248537	0.00702344445543575	-1.0186341e-10	0.0	-5.592415	15.364571	1
KF456478.1	0.0018743501	0.0018966094	0.0025719655752299933	-1.0186341e-10	0.0	-4.319482	6.2735214	1
SMIM24	0.0015473682	0.0015657461	0.002176278563656148	-1.0186341e-10	0.0	-4.058098	5.187573	1
GIPC3	0.00808911	0.006626121	0.009694331783559204	0.13133442	0.24166666666666667	4.2884245	6.7030883	1
TBXA2R	0.008961832	0.007519094	0.011178158076961124	0.13050118	0.21666666666666667	4.099405	5.5241613	1
ANKRD24	0.0016852797	0.0017052947	0.0024730438223365316	-1.0186341e-10	0.0	-4.174164	5.900566	1
AC007292.1	0.0027343344	0.0027668022	0.0038579483628449897	-1.0186341e-10	0.0	-4.841372	8.503522	1
TNFAIP8L1	0.05047929	0.046842065	0.06617865268572559	0.3568877	0.49166666666666664	2.9269211	12.432422	1
MYDGF	0.49129626	0.4845698	0.5367494311999209	1.0579461	0.925	1.1263285	23.821758	1
AC005790.1	0.0030068406	0.0030425433	0.00464932238599268	-1.0186341e-10	0.0	-4.973862	10.507838	1
PRR22	0.003805073	0.0038502512	0.005539618162033831	-1.0186341e-10	0.0	-5.303874	12.260869	1
NRTN	0.20856301	0.20976467	0.26431892373132854	0.107413426	0.20833333333333334	-0.9649425	5.5736003	1
CLPP	0.39223412	0.38990483	0.46325056880007914	0.5884801	0.775	0.59374696	6.766437	1
SLC25A41	0.0015968992	0.0016158652	0.002176278563656148	-1.0186341e-10	0.0	-4.100866	5.2841854	1
TUBB4A	0.007266533	0.007352801	0.010980314571174201	-1.0186341e-10	0.0	-6.2197123	22.858627	1
INSR	0.18390755	0.18054615	0.23385102384014245	0.467065	0.6416666666666667	1.3707656	10.181212	1
TEX45	0.0018312009	0.0018529481	0.0025719655752299933	-1.0186341e-10	0.0	-4.2875834	6.126746	1
PCP2	0.0020561758	0.0020805935	0.003264417845484222	-1.0186341e-10	0.0	-4.4466505	7.5468125	1
AC010336.3	0.005007814	0.00506727	0.00702344445543575	-1.0186341e-10	0.0	-5.691332	15.453067	1
LRRC8E	0.0023965824	0.002425041	0.0033633395983776833	-1.0186341e-10	0.0	-4.6582365	7.5892763	1
AC010336.1	0.0032842946	0.003323291	0.004847165891779602	-1.0186341e-10	0.0	-5.0973134	11.027313	1
AC010336.5	0.001599139	0.0016181314	0.0023741220694430704	-1.0186341e-10	0.0	-4.10277	5.810661	1
AC010336.6	0.001809978	0.0018314733	0.0026708873281234544	-1.0186341e-10	0.0	-4.2716312	6.011977	1
KANK3	0.0037753258	0.0017599108	0.0030665743396972992	0.17355773	0.275	6.5448694	7.9508467	1
AC008752.2	0.0017608621	0.0017817743	0.0024730438223365316	-1.0186341e-10	0.0	-4.234023	5.920442	1
COL5A3	0.0015953945	0.0016143426	0.0026708873281234544	-1.0186341e-10	0.0	-4.099585	5.8336935	1
ANGPTL6	0.005385128	0.005449062	0.007616974972796518	-1.0186341e-10	0.0	-5.7941737	16.21612	1
CDC37	0.53450745	0.5300086	0.5792857849441092	0.91352016	0.875	0.7853065	13.688838	1
DOCK6	0.030710194	0.025483841	0.03610643980611337	0.47099024	0.6416666666666667	4.2026987	20.171425	1
ELAVL3	0.001855286	0.0018773192	0.0026708873281234544	-1.0186341e-10	0.0	-4.305475	6.0617085	1
CNN1	1.1049726	1.1119558	0.8398456820654862	0.5167178	0.6583333333333333	-1.1055014	27.786583	1
ACP5	0.0014124297	0.0014291945	0.002176278563656148	-1.0186341e-10	0.0	-3.9347014	5.0847015	1
AC008543.1	0.0056747124	0.0057420842	0.008408348995944209	-1.0186341e-10	0.0	-5.8684125	18.274292	1
ZNF491	0.0061201323	0.0061927917	0.00929864477198536	-1.0186341e-10	0.0	-5.97563	19.898317	1
JUNB	0.2581907	0.2530717	0.29676525868038384	0.6894533	0.7583333333333333	1.4455462	16.027296	1
AC018761.2	0.0032698924	0.0033087179	0.00464932238599268	-1.0186341e-10	0.0	-5.091159	10.264399	1
DAND5	0.001361975	0.0013781408	0.002176278563656148	-1.0186341e-10	0.0	-3.8857133	5.3023562	1
IER2	0.41230813	0.40358418	0.4191314670095954	1.1472243	0.9333333333333333	1.5069743	28.087744	1
AC008686.1	0.004847289	0.004904839	0.0072212879612226725	-1.0186341e-10	0.0	-5.645253	15.722903	1
AC020916.1	0.039437406	0.03708846	0.05153823325749332	0.23732191	0.325	2.6745262	6.767769	1
C19orf57	0.006219479	0.0062933173	0.00939756652487882	-1.0186341e-10	0.0	-5.998494	19.960907	1
IL27RA	0.02085919	0.018585548	0.027698090810169156	0.21238919	0.31666666666666665	3.5073948	8.110206	1
PKN1	0.2302448	0.2282284	0.2957760411514492	0.40015477	0.6	0.80980814	5.6491365	1
PTGER1	0.0049048727	0.004963106	0.0067266791967553665	-1.0186341e-10	0.0	-5.6619525	14.508674	1
EPHX3	0.0055859815	0.0056523	0.008309427243050747	-1.0186341e-10	0.0	-5.8460684	17.911499	1
RASAL3	0.003571794	0.003614203	0.005341774656246909	-1.0186341e-10	0.0	-5.2149825	11.671155	1
TPM4	1.0460993	1.0355822	0.8126422000197844	1.9321134	1.0	0.89967304	38.809654	1
RAB8A	0.3672936	0.3652432	0.4375309130477792	0.5400515	0.7333333333333333	0.56411195	5.313167	1
KLF2	0.11257564	0.108108625	0.14175487189633001	0.48887658	0.55	2.1759498	10.988551	1
AC008764.6	0.0036979846	0.0037418918	0.005242852903353448	-1.0186341e-10	0.0	-5.2637467	11.377736	1
PLVAP	0.023854729	0.0076507777	0.009892175289346126	1.3889022	0.9416666666666667	7.485492	44.55244	1
PGLS	0.62998927	0.6262254	0.6378474626570383	0.9470547	0.9083333333333333	0.5966876	11.583323	1
COLGALT1	0.120560735	0.1187971	0.16262736175685033	0.26911655	0.4583333333333333	1.1790535	5.88782	1
FCHO1	0.0027289505	0.0027613547	0.003956870115738451	-1.0186341e-10	0.0	-4.838628	8.51523	1
AC005759.1	0.004593927	0.0046484694	0.006924522702542289	-1.0186341e-10	0.0	-5.569392	14.948252	1
JUND	1.0490484	1.0439494	0.8248095756256801	1.4785912	0.9916666666666667	0.50213087	18.184378	1
TMEM59L	0.017707504	0.01788476	0.026016421010980315	0.002768477	0.008333333333333333	-2.648418	5.9245834	1
HOMER3	0.17086962	0.16813211	0.22029874369373825	0.40147102	0.5583333333333333	1.2552019	8.343146	1
GATAD2A	0.20421319	0.2022869	0.2635275497081808	0.36652753	0.55	0.8571991	5.12222	1
AC011477.2	0.003859733	0.0039055601	0.005737461667820754	-1.0186341e-10	0.0	-5.3239336	12.694226	1
AC010300.1	0.0025796932	0.0026103253	0.0037590266099515285	-1.0186341e-10	0.0	-4.7603955	8.751431	1
CEBPA-DT	0.001460367	0.0014777009	0.0022752003165496092	-1.0186341e-10	0.0	-3.9797533	5.4157634	1
KCTD15	0.046153754	0.044607196	0.0658818874270452	0.17644422	0.31666666666666665	1.9814506	5.8536086	1
KIAA0355	0.19451487	0.1925687	0.2518547828667524	0.35845393	0.5416666666666666	0.89606786	5.2084794	1
AC008747.1	0.0019981335	0.0020218622	0.002967652586803838	-1.0186341e-10	0.0	-4.4072604	7.02309	1
ZNF30-AS1	0.0031707129	0.0032083609	0.004748244138886141	-1.0186341e-10	0.0	-5.048046	10.424447	1
GRAMD1A	0.12664728	0.12460641	0.1706400237412207	0.2985592	0.4583333333333333	1.2599645	6.4297175	1
FXYD3	0.0031421082	0.0031794165	0.0040557918686319125	-1.0186341e-10	0.0	-5.035369	8.437835	1
FXYD1	0.69867563	0.70231444	0.639726975962014	0.39218554	0.5333333333333333	-0.8404184	11.67848	1
FXYD5	0.10748669	0.10029264	0.12335542585814621	0.71351814	0.7833333333333333	2.8294988	26.123833	1
FFAR3	0.0022389658	0.0022655535	0.003165496092590761	-1.0186341e-10	0.0	-4.5641074	7.0797243	1
LINC01531	0.0030486598	0.0030848589	0.004451478880205757	-1.0186341e-10	0.0	-4.9931593	9.865634	1
KRTDAP	0.0019549155	0.0019781312	0.0027698090810169156	-1.0186341e-10	0.0	-4.3772163	6.588884	1
HSPB6	0.002412181	0.0024408249	0.0035611831041646056	-1.0186341e-10	0.0	-4.6672263	8.368426	1
AC092295.2	0.002455086	0.002484239	0.0035611831041646056	-1.0186341e-10	0.0	-4.691669	8.174259	1
AC074138.1	0.0024554573	0.002484615	0.0034622613512711444	-1.0186341e-10	0.0	-4.6918793	8.078304	1
AC016590.3	0.0016057601	0.0016248311	0.0023741220694430704	-1.0186341e-10	0.0	-4.1083846	5.7405133	1
AC093227.3	0.00221926	0.0022456136	0.003264417845484222	-1.0186341e-10	0.0	-4.551895	7.1162543	1
SPINT2	0.73577195	0.73903054	0.6775150855673162	0.4613069	0.625	-0.6797897	9.794194	1
PPP1R14A	0.2403031	0.24194887	0.2856860223563161	0.101747885	0.16666666666666666	-1.2488823	8.599789	1
AC011479.4	0.0021692477	0.0021950076	0.0033633395983776833	-1.0186341e-10	0.0	-4.5204287	7.017721	1
RYR1	0.003020796	0.0030566645	0.004946087644673063	-1.0186341e-10	0.0	-4.9803305	11.169066	1
ACTN4	0.32102993	0.31618252	0.37550697398357896	0.72939515	0.8333333333333334	1.2056847	16.878057	1
FBXO27	0.033991948	0.034320906	0.04995548521119794	0.00628843	0.016666666666666666	-2.4297519	7.758097	1
GMFG	0.016593779	0.010552986	0.01622316747452765	0.5254791	0.6916666666666667	5.624578	24.175228	1
TGFB1	0.21056223	0.20647731	0.26303294094371354	0.5547076	0.6916666666666667	1.4253057	13.4413805	1
PCAT19	0.0030993216	0.00080783304	0.0013849045405084578	0.19613828	0.2833333333333333	7.755964	7.62056	1
LINC01480	0.0019771543	0.00015174298	0.0003956870115738451	0.15575287	0.20833333333333334	9.274017	5.5046225	1
ARHGEF1	0.07697888	0.07518696	0.1057473538431101	0.22791772	0.35	1.5986739	5.2278705	1
PHLDB3	0.045075394	0.045485158	0.0653872786625779	0.010564298	0.025	-2.0957751	6.762126	1
PLAUR	0.033014175	0.027678238	0.039271935898704126	0.48252556	0.5916666666666667	4.1188774	18.231668	1
AC006213.3	0.0018717916	0.0018940206	0.0027698090810169156	-1.0186341e-10	0.0	-4.31761	6.5479665	1
AC021092.1	0.012924796	0.01307814	0.01879513304975764	-1.0186341e-10	0.0	-7.0420046	39.42494	1
APOE	1.3089099	1.3152153	0.8530022752003166	0.777766	0.7333333333333333	-0.7578152	14.714393	1
EXOC3L2	0.008143908	0.004583799	0.006627757443861905	0.30805367	0.45	6.039827	13.307121	1
CKM	1.3564163	1.3634348	0.8055198338114551	0.7652445	0.7083333333333334	-0.83317035	17.520168	1
VASP	0.3222148	0.31777096	0.3846077752497774	0.6965861	0.8416666666666667	1.1320676	16.212093	1
GPR4	0.003824948	0.000826789	0.0013849045405084578	0.25639516	0.45	8.112474	14.632221	1
BHMG1	0.0030026555	0.0030383084	0.0040557918686319125	-1.0186341e-10	0.0	-4.9719167	9.272241	1
DM1-AS	0.0016851928	0.0017052068	0.0024730438223365316	-1.0186341e-10	0.0	-4.1740937	6.005164	1
NOVA2	0.01132666	0.007863377	0.011969532100108813	0.30307963	0.44166666666666665	5.2506485	13.462333	1
CCDC8	0.33849922	0.3402411	0.4078543871797408	0.19182509	0.3416666666666667	-0.826438	6.6461086	1
AC093503.2	0.0022592193	0.0022860474	0.002868730833910377	-1.0186341e-10	0.0	-4.5765524	6.724082	1
PTGIR	0.0023352406	0.002362971	0.0037590266099515285	-1.0186341e-10	0.0	-4.622329	8.421866	1
DACT3-AS1	0.0037433554	0.003787801	0.00544069640914037	-1.0186341e-10	0.0	-5.280884	11.773411	1
PRKD2	0.034893826	0.032892875	0.048867345929369865	0.2034621	0.3333333333333333	2.6252425	8.15123	1
AP2S1	1.0180893	1.010263	0.8336136116331981	1.6773944	0.9916666666666667	0.7314342	34.48245	1
AC008532.1	0.006745089	0.0068251668	0.009595410030665743	-1.0186341e-10	0.0	-6.1137786	20.663786	1
MEIS3	0.12926657	0.13024835	0.1701454149767534	0.04654011	0.09166666666666666	-1.4827292	7.531239	1
EHD2	0.051527273	0.05000573	0.06904738351963596	0.17969541	0.31666666666666665	1.8433087	5.9297867	1
CRX	0.001333023	0.0013488451	0.002176278563656148	-1.0186341e-10	0.0	-3.856833	5.1828938	1
CARD8	0.08061603	0.0771001	0.10683549312493817	0.3767929	0.5333333333333333	2.28748	12.753038	1
CARD8-AS1	0.014936402	0.011714799	0.017410228509249184	0.2863272	0.44166666666666665	4.5995016	13.07281	1
SYNGR4	0.0026657376	0.0026973914	0.0035611831041646056	-1.0186341e-10	0.0	-4.8060117	8.223338	1
RASIP1	0.016379941	0.011125883	0.01612424572163419	0.45898813	0.5916666666666667	5.3538704	19.399483	1
PPP1R15A	0.22984695	0.2263723	0.2804431694529627	0.5225951	0.6583333333333333	1.2066351	9.426213	1
BAX	0.61975986	0.6123096	0.6071817192600653	1.2474062	0.9416666666666667	1.0264782	25.082047	1
KCNA7	0.0061208196	0.0061934874	0.008309427243050747	-1.0186341e-10	0.0	-5.975789	17.73305	1
HRC	0.80737436	0.81290907	0.7303393016124246	0.34114006	0.49166666666666664	-1.2524846	24.454336	1
GFY	0.0016223702	0.0016416385	0.0022752003165496092	-1.0186341e-10	0.0	-4.1223745	5.4774218	1
FCGRT	0.23433858	0.22065768	0.27094668117519044	1.3868606	0.9583333333333334	2.6513913	44.55244	1
SPIB	0.0028184045	0.0028518704	0.004253635374418835	-1.0186341e-10	0.0	-4.8835588	9.560862	1
EMC10	3.1683667	3.1807926	0.9970323474131961	2.1216779	0.9916666666666667	-0.58415806	28.014412	1
SYT3	0.002496149	0.0025257894	0.0036601048570580673	-1.0186341e-10	0.0	-4.714681	8.4528885	1
CLEC11A	0.22486252	0.22191367	0.2767830645959046	0.47331545	0.5666666666666667	1.0924582	5.9219007	1
IGLON5	0.02390753	0.02415807	0.03521614403007221	0.0027948122	0.008333333333333333	-3.0669231	10.08493	1
CLDND2	0.029992081	0.030276043	0.04372341477890988	0.006078849	0.016666666666666666	-2.297524	6.446332	1
ZNF528-AS1	0.0017539258	0.0017747557	0.0027698090810169156	-1.0186341e-10	0.0	-4.228632	6.57658	1
AC092070.3	0.0023359735	0.0023637128	0.0035611831041646056	-1.0186341e-10	0.0	-4.6227636	8.151628	1
MYADM	0.37755206	0.37230003	0.4318923731328519	0.82000923	0.8583333333333333	1.138963	17.203556	1
PRKCG	0.0021758995	0.0022017385	0.0030665743396972992	-1.0186341e-10	0.0	-4.5246534	7.23447	1
CACNG8	0.029555606	0.027354084	0.03719457908794144	0.21502103	0.3416666666666667	2.9700558	8.318	1
MBOAT7	0.19735959	0.19441643	0.2542289049361955	0.44528544	0.65	1.1951624	10.229162	1
CDC42EP5	0.118564256	0.11534923	0.14689880304678998	0.38938802	0.5083333333333333	1.7543204	9.329834	1
GP6	0.0015828346	0.0016016335	0.0026708873281234544	-1.0186341e-10	0.0	-4.08885	6.151123	1
TNNT1	0.14777115	0.14885391	0.1652982490849738	0.056537814	0.10833333333333334	-1.3950285	7.58458	1
TNNI3	0.10675448	0.107654	0.10495597981996241	0.030955669	0.05	-1.7948129	7.0491905	1
AC008735.1	0.004456497	0.0045094076	0.006924522702542289	-1.0186341e-10	0.0	-5.5265107	15.38189	1
AC006116.8	0.002607698	0.0026386627	0.0037590266099515285	-1.0186341e-10	0.0	-4.775401	8.458049	1
AURKC	0.0029063437	0.0029408534	0.004154713621525374	-1.0186341e-10	0.0	-4.926406	9.547149	1
ZSCAN1	0.0039999504	0.004047442	0.005836383420714215	-1.0186341e-10	0.0	-5.374151	12.657148	1
AC020915.1	0.0034335617	0.0034743298	0.004748244138886141	-1.0186341e-10	0.0	-5.159602	10.850799	1
A1BG	0.36299005	0.36069426	0.4280344247700069	0.5564186	0.6833333333333333	0.62525356	5.244166	1
ZNF497	0.004322619	0.0043739406	0.006330992185181522	-1.0186341e-10	0.0	-5.4834757	14.10814	1
AC012313.9	0.002329776	0.0023574415	0.0033633395983776833	-1.0186341e-10	0.0	-4.6190867	7.603066	1
TRIB3	0.035618808	0.033506837	0.046196458601246417	0.21354042	0.3416666666666667	2.6683578	8.061236	1
SDCBP2	0.023014726	0.020580718	0.029676525868038383	0.22805513	0.3416666666666667	3.463657	8.398332	1
FKBP1A	0.96596825	0.9514556	0.8151152438421209	2.1885817	0.9916666666666667	1.2017021	44.55244	1
AL109809.5	0.0036940495	0.00373791	0.005242852903353448	-1.0186341e-10	0.0	-5.2622504	11.4904	1
SNRPB	0.5544613	0.5499292	0.5841329508358888	0.93626523	0.9083333333333333	0.76756316	16.491217	1
IDH3B	0.4412574	0.44338745	0.5034128004748244	0.26188403	0.43333333333333335	-0.7594145	7.3095	1
LZTS3	0.045437753	0.045853227	0.06459590463943021	0.010445721	0.025	-2.1235085	7.0330896	1
SPEF1	0.002610721	0.0026417214	0.0037590266099515285	-1.0186341e-10	0.0	-4.7770114	8.245615	1
PRNP	0.59898216	0.6013839	0.6062914234840241	0.39669225	0.55	-0.6001424	6.2539043	1
RASSF2	0.0037774292	0.002044501	0.0030665743396972992	0.14976291	0.26666666666666666	6.1268578	8.071908	1
CHGB	0.0050229323	0.005082567	0.006825600949648828	-1.0186341e-10	0.0	-5.6955967	13.058967	1
LRRN4	0.0033941374	0.0034344376	0.004847165891779602	-1.0186341e-10	0.0	-5.14341	10.239066	1
AL118505.1	0.0034081596	0.003448626	0.005045009397566525	-1.0186341e-10	0.0	-5.14919	11.289904	1
FERMT1	0.14994109	0.15092184	0.19299633989514295	0.067300014	0.11666666666666667	-1.1639364	5.010571	1
BMP2	1.4531108	1.4604353	0.8355920466910673	0.8361337	0.7	-0.80451906	15.510003	1
PLCB4	0.34499797	0.34695202	0.4005341774656247	0.18045789	0.30833333333333335	-0.94269043	7.571143	1
LAMP5	0.004403215	0.0044554933	0.004253635374418835	-1.0186341e-10	0.0	-5.5095367	7.4927363	1
PAK5	0.001484228	0.0015018563	0.002176278563656148	-1.0186341e-10	0.0	-4.001674	5.1184583	1
SNAP25-AS1	0.0048158537	0.004873031	0.007122366208329211	-1.0186341e-10	0.0	-5.636055	15.484776	1
SNAP25	0.077233605	0.07795405	0.10287862300919973	0.016521899	0.041666666666666664	-2.2313883	12.289129	1
MKKS	0.18226801	0.18336837	0.2439410426352755	0.089554094	0.16666666666666666	-1.03309	5.3539767	1
SPTLC3	0.009525111	0.00963819	0.0140468889108715	-1.0186341e-10	0.0	-6.605583	29.60609	1
AL132765.2	0.0022312084	0.0022577038	0.003165496092590761	-1.0186341e-10	0.0	-4.5593123	7.4841275	1
RRBP1	0.52301866	0.5174578	0.5462459194776932	0.9915116	0.9083333333333333	0.9380552	17.586258	1
AL121761.1	0.0077553745	0.007847445	0.010782471065387279	-1.0186341e-10	0.0	-6.312421	22.919584	1
KIZ-AS1	0.0020454694	0.00206976	0.003165496092590761	-1.0186341e-10	0.0	-4.439465	7.2709694	1
THBD	0.003997672	0.0018549165	0.0026708873281234544	0.18450752	0.3	6.5612106	8.708621	1
CD93	0.020106055	0.0044166166	0.00544069640914037	1.3418106	0.9083333333333333	8.21483	42.69511	1
APMAP	0.18675537	0.18483688	0.24512810366999704	0.34836087	0.5416666666666666	0.9139636	5.2442827	1
PYGB	0.29514173	0.29691976	0.3581956672272233	0.14542508	0.2833333333333333	-1.029291	9.101745	1
HM13	0.3273055	0.32434148	0.3925215154812543	0.5770253	0.7083333333333334	0.83092636	7.706035	1
ABALON	0.0016478924	0.0016674636	0.002176278563656148	-1.0186341e-10	0.0	-4.14361	5.1909513	1
NOL4L	0.11065087	0.10793746	0.15055890790384804	0.33921733	0.525	1.6511034	9.839105	1
AL133343.2	0.0016318968	0.0016512781	0.0022752003165496092	-1.0186341e-10	0.0	-4.1303377	5.3912473	1
SNTA1	0.85538113	0.85900587	0.7689187852408744	0.5500163	0.7	-0.6430993	11.111024	1
AL121906.2	0.002111856	0.0021369345	0.003165496092590761	-1.0186341e-10	0.0	-4.483453	7.06202	1
NECAB3	0.20041804	0.20177785	0.263131862696607	0.08588578	0.15833333333333333	-1.2313126	7.514136	1
ACTL10	0.0027675964	0.002800459	0.003956870115738451	-1.0186341e-10	0.0	-4.858211	8.746095	1
AL031668.2	0.0041387645	0.004187904	0.0062320704322880605	-1.0186341e-10	0.0	-5.422202	13.422205	1
ASIP	0.0017677908	0.0017887852	0.002868730833910377	-1.0186341e-10	0.0	-4.2393885	6.618059	1
MYH7B	0.25357655	0.25572693	0.3071520427341973	0.07250696	0.14166666666666666	-1.8169883	18.202297	1
PROCR	0.04397507	0.03904113	0.055594025126125234	0.45962107	0.6333333333333333	3.5540013	19.623205	1
GDF5	0.0037171526	0.003761287	0.00544069640914037	-1.0186341e-10	0.0	-5.2710114	11.85651	1
MYL9	2.9454105	2.957351	0.9976258779305569	1.9396	1.0	-0.6085207	37.371147	1
RPN2	0.6425895	0.63915163	0.6401226629735879	0.93221456	0.9166666666666666	0.5444328	9.992326	1
AL109614.1	0.0032498448	0.0032884323	0.0051439311504599865	-1.0186341e-10	0.0	-5.0825477	11.448784	1
VSTM2L	0.45087695	0.45360115	0.4914432683747156	0.22145022	0.36666666666666664	-1.0341085	11.790118	1
TGM2	0.9912885	0.99608195	0.7519042437431991	0.5874928	0.6333333333333333	-0.7615925	12.600703	1
AL023803.3	0.0026810057	0.0027128407	0.0040557918686319125	-1.0186341e-10	0.0	-4.813957	9.066936	1
JPH2	0.2077716	0.209269	0.26698981105945196	0.081712864	0.14166666666666666	-1.3556483	8.865267	1
AL035447.1	0.003050482	0.0030867027	0.0045504006330992185	-1.0186341e-10	0.0	-4.9939938	10.191734	1
SERINC3	0.4662961	0.46283183	0.5169650806212286	0.75815445	0.8416666666666667	0.71188235	10.6040125	1
ADA	0.042931326	0.041401923	0.06162825205262637	0.17177638	0.2833333333333333	2.050121	5.27745	1
RIMS4	0.0053033233	0.0053662867	0.008705114254624592	-1.0186341e-10	0.0	-5.7724905	18.676586	1
STK4	0.16928056	0.16748758	0.22405777030368978	0.32030892	0.5	0.9349991	5.2510977	1
CD40	0.010236524	0.0029194804	0.004748244138886141	0.6266365	0.6916666666666667	7.697415	24.230852	1
AL031055.1	0.0018714747	0.0018937	0.0027698090810169156	-1.0186341e-10	0.0	-4.317378	6.543369	1
AL031666.1	0.0073623937	0.0074497997	0.011178158076961124	-1.0186341e-10	0.0	-6.238368	23.24587	1
NCOA3	0.121514656	0.11926521	0.1630230487684242	0.3109961	0.49166666666666664	1.3819778	7.6276264	1
SULF2	0.01399631	0.008212926	0.012464140864576121	0.50119764	0.6333333333333333	5.9141674	20.551897	1
PREX1	0.030862296	0.0262725	0.038282718369769514	0.41751888	0.575	3.9850807	17.630821	1
ZFAS1	0.8692269	0.863767	0.7599169057275695	1.3291755	0.9833333333333333	0.62175894	16.56627	1
LINC01270	0.0018923228	0.0019147956	0.0027698090810169156	-1.0186341e-10	0.0	-4.332563	6.3842554	1
RIPOR3	0.0033998156	0.0034401831	0.005045009397566525	-1.0186341e-10	0.0	-5.145754	10.984231	1
TSHZ2	0.59619313	0.59952694	0.5537639726975963	0.31540534	0.4166666666666667	-0.92640084	10.299219	1
AC005914.1	0.0024187479	0.0024474696	0.0034622613512711444	-1.0186341e-10	0.0	-4.6709948	7.9511538	1
AC005220.1	0.001933039	0.0019559949	0.0026708873281234544	-1.0186341e-10	0.0	-4.3617663	6.306226	1
AURKA	0.11849479	0.11935282	0.16411118805025224	0.046192456	0.08333333333333333	-1.3675919	5.5933647	1
FAM209B	0.0027225835	0.002754912	0.003956870115738451	-1.0186341e-10	0.0	-4.835376	9.026093	1
BMP7	0.15245603	0.15353912	0.1890394697794045	0.061193667	0.1	-1.3257357	5.5091605	1
RBM38	1.0509421	1.0556747	0.8359877337026412	0.65227926	0.7083333333333334	-0.6945191	12.462428	1
AL109955.2	0.002653858	0.0026853706	0.0038579483628449897	-1.0186341e-10	0.0	-4.799799	8.631645	1
PMEPA1	0.1417615	0.13772105	0.1780591552082303	0.4821267	0.5583333333333333	1.8069153	10.794622	1
TUBB1	0.00273831	0.002770825	0.0037590266099515285	-1.0186341e-10	0.0	-4.843395	8.15218	1
SYCP2	0.0038027626	0.0038479136	0.005737461667820754	-1.0186341e-10	0.0	-5.30302	12.294835	1
ADRM1	0.49856958	0.49532014	0.5455534672074389	0.77232283	0.825	0.6407383	7.90453	1
AL354836.1	0.0024104877	0.0024391112	0.0036601048570580673	-1.0186341e-10	0.0	-4.666253	8.168279	1
AL117379.1	0.005050576	0.005110539	0.0073202097141161345	-1.0186341e-10	0.0	-5.703362	15.918054	1
AL096828.3	0.0020452412	0.0020695291	0.0030665743396972992	-1.0186341e-10	0.0	-4.4393115	7.2703176	1
EEF1A2	1.1196958	1.1249963	0.8525076664358493	0.6731969	0.7666666666666667	-0.74073374	17.785398	1
SOX18	0.009609764	0.0020905593	0.0033633395983776833	0.64303994	0.7083333333333334	8.19769	24.160301	1
RGS19	0.040477213	0.039043352	0.056286477396379465	0.16127451	0.275	2.0435734	5.0579486	1
FP236315.1	0.0016849424	0.0017049534	0.0022752003165496092	-1.0186341e-10	0.0	-4.173891	5.4768653	1
AP003900.1	0.004034385	0.0040822853	0.005737461667820754	-1.0186341e-10	0.0	-5.386221	12.514541	1
NRIP1	0.15968996	0.1577342	0.20575724601839945	0.3244329	0.5083333333333333	1.0399549	5.8114624	1
MIR99AHG	0.307236	0.30888698	0.3634385201305767	0.16822924	0.2916666666666667	-0.87626016	6.378648	1
AP000962.1	0.0018646015	0.0018867453	0.002868730833910377	-1.0186341e-10	0.0	-4.3123364	6.646885	1
CXADR	0.6480027	0.6517609	0.6303294094371352	0.33148077	0.5083333333333333	-0.97520393	14.549366	1
AP000223.1	0.0051893746	0.0052509853	0.007518053219903057	-1.0186341e-10	0.0	-5.741734	16.138062	1
APP	0.9482217	0.93901193	0.7851419527154021	1.7241149	1.0	0.8765705	32.96174	1
AP001442.1	0.0019141383	0.00193687	0.002967652586803838	-1.0186341e-10	0.0	-4.3482833	6.9924364	1
CYYR1	0.008623455	0.005589496	0.008705114254624592	0.26420933	0.4166666666666667	5.5377827	12.101583	1
ADAMTS5	0.009754307	0.0064383037	0.008408348995944209	0.28910002	0.36666666666666664	5.4670076	9.830581	1
LINC01695	0.0014980433	0.0015158356	0.0022752003165496092	-1.0186341e-10	0.0	-4.01421	5.532279	1
AF165147.1	0.015593421	0.015778443	0.022949846671283015	-1.0186341e-10	0.0	-7.310927	44.55244	1
HUNK	0.019496124	0.019727476	0.026115342763873776	-1.0186341e-10	0.0	-7.6313586	44.55244	1
URB1-AS1	0.005348617	0.005412118	0.007913740231476903	-1.0186341e-10	0.0	-5.7845364	16.850416	1
IL10RB	0.10262113	0.10040121	0.1394796715797804	0.28961867	0.4166666666666667	1.5274398	6.5172877	1
IFNAR1	0.25242803	0.24930492	0.3147690177069938	0.51556355	0.6583333333333333	1.0479401	8.365891	1
IFNGR2	0.19082423	0.1887332	0.24770006924522703	0.36696532	0.5166666666666667	0.9589243	5.435791	1
MRPS6	1.6966633	1.7031745	0.963102186170739	1.1482006	0.9083333333333333	-0.5688105	18.941555	1
LINC00310	0.002104887	0.002129883	0.003165496092590761	-1.0186341e-10	0.0	-4.4788976	7.1447935	1
KCNE1	0.005064044	0.005124167	0.007122366208329211	-1.0186341e-10	0.0	-5.7071304	15.341306	1
LINC01426	0.0014039639	0.0014206283	0.0022752003165496092	-1.0186341e-10	0.0	-3.926597	5.5383244	1
AP000688.2	0.0015386404	0.0015569146	0.0023741220694430704	-1.0186341e-10	0.0	-4.050429	5.574007	1
AP001437.1	0.00337301	0.0034130595	0.004946087644673063	-1.0186341e-10	0.0	-5.1346574	11.025408	1
ERG	0.0034610103	0.00082420494	0.0013849045405084578	0.2255902	0.35833333333333334	7.9319153	10.660329	1
ETS2	0.123990536	0.11934339	0.16282520526263725	0.515464	0.6583333333333333	2.1098247	15.75414	1
SH3BGR	1.329671	1.3366303	0.7769314472252449	0.7434409	0.7	-0.8462244	17.827166	1
BACE2	0.048178893	0.043938216	0.06350776535760214	0.40542334	0.5666666666666667	3.202957	15.44882	1
MX1	0.0025191137	0.0025490269	0.0037590266099515285	-1.0186341e-10	0.0	-4.727392	8.375036	1
CBS	0.0032588474	0.0032975415	0.0051439311504599865	-1.0186341e-10	0.0	-5.086421	11.22255	1
PDXK	0.31870842	0.31621847	0.38282718369769514	0.5285003	0.7	0.7407996	7.0175605	1
CSTB	0.7641557	0.7521388	0.7098624987634781	1.7764735	0.9916666666666667	1.2398348	44.55244	1
AL844908.2	0.0026368503	0.0026681612	0.0036601048570580673	-1.0186341e-10	0.0	-4.7908573	8.395787	1
LINC00316	0.002311238	0.0023386835	0.0030665743396972992	-1.0186341e-10	0.0	-4.608032	7.065295	1
COL6A2	0.2601082	0.2538946	0.2985458502324661	0.7835703	0.825	1.6254491	22.11522	1
AP001469.3	0.0053403825	0.0054037855	0.007715896725689979	-1.0186341e-10	0.0	-5.782354	16.644152	1
DIP2A-IT1	0.0026535178	0.0026850263	0.003956870115738451	-1.0186341e-10	0.0	-4.7996206	9.151678	1
AC007064.2	0.002045567	0.0020698588	0.003165496092590761	-1.0186341e-10	0.0	-4.439531	7.3919992	1
MICAL3	0.329931	0.33211535	0.3909387674349589	0.14599217	0.23333333333333334	-1.1852398	9.782873	1
AC016026.2	0.0071226517	0.0072072116	0.01009001879513305	-1.0186341e-10	0.0	-6.1912503	21.763868	1
AC016027.3	0.0025028654	0.0025325855	0.0034622613512711444	-1.0186341e-10	0.0	-4.71841	7.833805	1
USP18	1.3834479	1.3916914	0.7799980215649421	0.6890048	0.5666666666666667	-1.0141478	17.970057	1
FAM230J	0.0023094825	0.0023369072	0.0035611831041646056	-1.0186341e-10	0.0	-4.606981	7.973919	1
TMEM191B	0.008128795	0.0082252985	0.011870610347215352	-1.0186341e-10	0.0	-6.3794317	25.744268	1
DGCR6	0.14112617	0.142177	0.18053219903056683	0.052583512	0.10833333333333334	-1.4332789	7.646325	1
PRODH	0.002813608	0.002847017	0.004253635374418835	-1.0186341e-10	0.0	-4.881185	9.416388	1
UFD1	0.32242206	0.318661	0.38836680185972894	0.63929164	0.7333333333333333	1.0042249	10.649996	1
CLDN5	0.010334234	0.0012744106	0.0018795133049757642	0.77354884	0.675	9.136722	23.062647	1
GP1BB	0.46323967	0.4653023	0.4971807300425364	0.28954387	0.44166666666666665	-0.68419826	6.2604737	1
COMT	0.25712222	0.25506395	0.32090216638638835	0.43054554	0.6166666666666667	0.7550764	5.386894	1
AC006547.3	0.0023726977	0.0024008728	0.0034622613512711444	-1.0186341e-10	0.0	-4.644361	7.8544316	1
AC007663.4	0.0016839815	0.0017039811	0.0023741220694430704	-1.0186341e-10	0.0	-4.173114	5.7204742	1
AIFM3	0.0027407669	0.0027733112	0.004154713621525374	-1.0186341e-10	0.0	-4.844644	9.150961	1
P2RX6	0.009637442	0.009751854	0.014145810663764961	-1.0186341e-10	0.0	-6.622325	30.13321	1
AP000550.1	0.027771171	0.028100932	0.04045899693342566	-1.0186341e-10	0.0	-8.139601	44.55244	1
FAM230B	0.0047682943	0.0048249066	0.0072212879612226725	-1.0186341e-10	0.0	-5.622026	15.923333	1
RIMBP3C	0.004251731	0.0043022116	0.006034226926501137	-1.0186341e-10	0.0	-5.460158	13.384341	1
PPM1F	0.05154433	0.04748502	0.0689484617667425	0.3935049	0.525	3.0481687	13.922107	1
RSPH14	0.003737713	0.0037820917	0.00544069640914037	-1.0186341e-10	0.0	-5.278764	12.29851	1
IGLL1	0.0016004678	0.0016194761	0.0022752003165496092	-1.0186341e-10	0.0	-4.1038985	5.1357965	1
AP000350.7	0.0030918345	0.0031285463	0.004154713621525374	-1.0186341e-10	0.0	-5.0128145	9.545131	1
AC253536.6	0.003334343	0.0033739333	0.004946087644673063	-1.0186341e-10	0.0	-5.1184998	10.874422	1
ADORA2A-AS1	0.0017663685	0.0017873462	0.0023741220694430704	-1.0186341e-10	0.0	-4.238289	5.5340834	1
AP000356.2	0.0021679585	0.002193703	0.0036601048570580673	-1.0186341e-10	0.0	-4.5196085	8.506131	1
AL022323.1	0.0015929537	0.0016118727	0.002176278563656148	-1.0186341e-10	0.0	-4.097505	5.216223	1
CRYBB2	0.003157515	0.0031950064	0.004352557127312296	-1.0186341e-10	0.0	-5.042211	9.798001	1
LRP5L	0.0030699961	0.0031064486	0.004451478880205757	-1.0186341e-10	0.0	-5.002906	10.22113	1
AL008721.2	0.0040680473	0.004116347	0.006034226926501137	-1.0186341e-10	0.0	-5.397923	13.255696	1
MYO18B	0.3354593	0.33791536	0.3948956375506974	0.12863585	0.23333333333333334	-1.3926749	14.521831	1
Z98949.1	0.0015731247	0.0015918083	0.0023741220694430704	-1.0186341e-10	0.0	-4.080496	5.7281847	1
TPST2	0.11489343	0.11298465	0.1522405777030369	0.27568117	0.43333333333333335	1.2861208	5.657573	1
MIAT	0.0051043043	0.0051649055	0.007616974972796518	-1.0186341e-10	0.0	-5.718337	16.56241	1
PITPNB	0.9082549	0.9117929	0.7899891186071817	0.6102455	0.7333333333333333	-0.5792382	10.691549	1
GAS2L1	0.051152643	0.049484003	0.07122366208329212	0.19171575	0.31666666666666665	1.9517745	5.879657	1
TCN2	0.014717975	0.0132991625	0.01958650707290533	0.13423584	0.225	3.3256297	5.630276	1
SELENOM	0.78995395	0.79316926	0.7111484815510931	0.51913637	0.6416666666666667	-0.61141914	8.421128	1
YWHAH	0.62752086	0.61737067	0.6280542091205856	1.4825951	0.9916666666666667	1.2637794	37.450397	1
SLC5A1	0.0050612516	0.0051213414	0.007715896725689979	-1.0186341e-10	0.0	-5.70635	16.873003	1
SLC5A4-AS1	0.0019919446	0.0020156	0.002967652586803838	-1.0186341e-10	0.0	-4.4029965	6.6986895	1
TIMP3	1.1922156	1.1851282	0.8501335443664062	1.7892842	0.9666666666666667	0.5942983	19.712822	1
RASD2	0.008808124	0.008912691	0.012859827876149966	-1.0186341e-10	0.0	-6.4938874	27.0742	1
MB	2.1840122	2.194757	0.9440102878623009	1.2788364	0.8833333333333333	-0.77918243	21.316854	1
MYH9	0.4306416	0.42319784	0.45840340290829956	1.0577257	0.9166666666666666	1.321357	23.040298	1
FO393418.1	0.0058857133	0.00595559	0.008804036007518053	-1.0186341e-10	0.0	-5.920197	19.123722	1
CDC42EP1	0.055442497	0.053241447	0.07478484518745672	0.24084929	0.4	2.1754005	8.489812	1
LGALS1	0.42529637	0.41931897	0.35977841527351867	0.9288787	0.7333333333333333	1.1472535	9.629042	1
TRIOBP	0.6258	0.622544	0.6378474626570383	0.9001075	0.925	0.5318501	10.12615	1
GCAT	0.17610402	0.17726459	0.23177366702937977	0.07831634	0.14166666666666666	-1.1774918	6.486906	1
SLC16A8	0.0071461676	0.007231007	0.010188940548026512	-1.0186341e-10	0.0	-6.195941	21.790567	1
MAFF	0.013077731	0.01055396	0.01562963695716688	0.2256835	0.36666666666666664	4.4054785	9.86992	1
TMEM184B	0.11738342	0.11539489	0.15797803937085766	0.2848872	0.44166666666666665	1.303068	6.098347	1
CSNK1E	0.4493068	0.44625998	0.505885844297161	0.7060077	0.775	0.6616807	7.543112	1
JOSD1	0.124744944	0.1230592	0.16727668414284302	0.2667408	0.43333333333333335	1.1154547	5.0515885	1
APOBEC3D	0.009419013	0.009530832	0.013947967157978039	-1.0186341e-10	0.0	-6.58959	29.354683	1
PDGFB	0.021315536	0.018070199	0.025126125234939164	0.29470378	0.425	4.020109	11.883907	1
SYNGR1	0.46101648	0.4632407	0.5149866455633594	0.27370986	0.45	-0.75889915	7.860378	1
CACNA1I	0.0016320039	0.0016513865	0.0023741220694430704	-1.0186341e-10	0.0	-4.130427	5.6433005	1
AL022238.2	0.0072847083	0.007371192	0.010683549312493818	-1.0186341e-10	0.0	-6.223268	22.626196	1
MRTFA-AS1	0.0025802576	0.0026108965	0.003956870115738451	-1.0186341e-10	0.0	-4.7606997	9.008212	1
DNAJB7	0.0027274438	0.00275983	0.003956870115738451	-1.0186341e-10	0.0	-4.837859	8.893717	1
TOB2	0.18350744	0.18171023	0.23770897220298745	0.33489588	0.525	0.8817099	5.142985	1
AL023553.1	0.00395046	0.003997364	0.005539618162033831	-1.0186341e-10	0.0	-5.3566256	12.462008	1
SREBF2-AS1	0.02198168	0.022242537	0.03135819566722722	-1.0186341e-10	0.0	-7.803651	44.55244	1
SEPTIN3	0.0028697373	0.0029038126	0.004154713621525374	-1.0186341e-10	0.0	-4.9087243	9.301489	1
Z99716.2	0.0014048074	0.0014214817	0.0022752003165496092	-1.0186341e-10	0.0	-3.9274065	5.3995214	1
AL021878.2	0.0043624714	0.0044142664	0.0061331486793945985	-1.0186341e-10	0.0	-5.4964213	12.663628	1
LINC01315	0.0049888124	0.005048042	0.007518053219903057	-1.0186341e-10	0.0	-5.6859536	16.54751	1
NFAM1	0.0014423964	0.001459517	0.002176278563656148	-1.0186341e-10	0.0	-3.963029	5.197885	1
Z93241.1	0.0021579687	0.0021835947	0.0030665743396972992	-1.0186341e-10	0.0	-4.5132365	6.8872375	1
TSPO	0.17931738	0.17390804	0.21990305668216442	0.63500017	0.7083333333333334	1.8678303	16.742998	1
SCUBE1	0.0021163772	0.0021415097	0.0027698090810169156	-1.0186341e-10	0.0	-4.4864	6.2301044	1
EFCAB6	0.004828122	0.0048854444	0.00702344445543575	-1.0186341e-10	0.0	-5.639652	15.58152	1
SHISAL1	0.0021068687	0.0021318882	0.002967652586803838	-1.0186341e-10	0.0	-4.4801946	6.81211	1
LINC00207	0.008813133	0.00891776	0.011870610347215352	-1.0186341e-10	0.0	-6.4946985	25.601377	1
ARHGAP8	0.009532306	0.00964547	0.013552280146404194	-1.0186341e-10	0.0	-6.6066613	28.31895	1
NUP50	0.093957365	0.09240311	0.1289939657730735	0.22487749	0.4	1.282207	5.281831	1
RIBC2	0.0014127059	0.001429474	0.0022752003165496092	-1.0186341e-10	0.0	-3.9349651	5.470663	1
AL078622.1	0.00242355	0.0024523288	0.0036601048570580673	-1.0186341e-10	0.0	-4.6737437	8.19179	1
Z98885.3	0.0034578133	0.0034988692	0.0051439311504599865	-1.0186341e-10	0.0	-5.169473	11.347302	1
BX539320.1	0.001618053	0.00163727	0.0023741220694430704	-1.0186341e-10	0.0	-4.1187515	5.5853624	1
PIM3	0.12562552	0.123023674	0.164704718567613	0.34479877	0.525	1.4860647	8.43081	1
MAPK8IP2	0.0024672698	0.0024965676	0.0034622613512711444	-1.0186341e-10	0.0	-4.6985354	7.842397	1
SHANK3	0.017703924	0.014852148	0.022752003165496092	0.25793794	0.39166666666666666	4.1091585	10.8137455	1
CSF2RA	0.0023765669	0.002404788	0.0035611831041646056	-1.0186341e-10	0.0	-4.646618	8.225283	1
IL3RA	0.01874374	0.014218317	0.0201800375902661	0.39996943	0.5416666666666666	4.8043165	16.978622	1
ASMTL-AS1	0.0061367224	0.006209579	0.009100801266198437	-1.0186341e-10	0.0	-5.979473	19.900236	1
CD99	1.3604661	1.3497313	0.9257097635770106	2.2647533	1.0	0.7466384	44.55244	1
BX890604.2	0.28490645	0.28271133	0.3442477000692452	0.46985397	0.675	0.7326796	6.02167	1
ANOS1	0.017588358	0.017797062	0.0263131862696607	-1.0186341e-10	0.0	-7.4835806	44.55244	1
MSL3	0.13828565	0.13623574	0.1836976951231576	0.31095892	0.4583333333333333	1.190024	5.8246965	1
TMSB4X	1.2967013	1.2606466	0.7738648728855475	4.3340306	1.0	1.7814643	44.55244	1
VEGFD	0.00201818	0.0020421466	0.003165496092590761	-1.0186341e-10	0.0	-4.420987	7.251467	1
ACE2	0.0025610242	0.0025914349	0.0038579483628449897	-1.0186341e-10	0.0	-4.750305	8.951999	1
CLTRN	0.011902009	0.012043303	0.017311306756355723	-1.0186341e-10	0.0	-6.9240184	36.519917	1
AP1S2	0.5340872	0.5311877	0.5694925314076565	0.7783552	0.8416666666666667	0.5511206	6.9165173	1
AL732509.1	0.0031347466	0.0031719676	0.004748244138886141	-1.0186341e-10	0.0	-5.0320883	10.663369	1
PDHA1	0.8450108	0.8480105	0.7656543673953903	0.59232247	0.725	-0.5176258	8.279301	1
MAP7D2	0.0017163295	0.001736713	0.0023741220694430704	-1.0186341e-10	0.0	-4.1990557	5.7025886	1
RPS6KA3	0.110143416	0.10837065	0.14838262934019192	0.25947002	0.4083333333333333	1.2588189	5.55144	1
KLHL34	0.0018029204	0.0018243318	0.0025719655752299933	-1.0186341e-10	0.0	-4.2662873	6.0098467	1
SMPX	1.7290306	1.7384607	0.9457908794143832	0.9346157	0.825	-0.8952939	28.818647	1
PHEX-AS1	0.0024783062	0.002507735	0.0036601048570580673	-1.0186341e-10	0.0	-4.704727	8.219584	1
PTCHD1	0.03307725	0.03117081	0.044218023543377186	0.19368586	0.2916666666666667	2.6315749	6.4709797	1
CXorf58	0.0016796577	0.0016996061	0.0023741220694430704	-1.0186341e-10	0.0	-4.1696105	5.751133	1
DMD	0.54856205	0.55250347	0.5504006330992185	0.21659844	0.30833333333333335	-1.3505559	17.114197	1
AC079177.1	0.0032465975	0.0032851463	0.0045504006330992185	-1.0186341e-10	0.0	-5.0811477	10.23595	1
SYTL5	0.048984908	0.0494626	0.06835493124938175	0.008751693	0.016666666666666666	-2.4852266	8.419883	1
AL606748.1	0.0016590153	0.0016787186	0.0024730438223365316	-1.0186341e-10	0.0	-4.152768	5.712811	1
EFHC2	0.027784975	0.028068298	0.03976654466317143	0.003925832	0.008333333333333333	-2.8067136	7.3902173	1
DIPK2B	0.004937909	0.0011022475	0.0016816697991888416	0.32806078	0.5083333333333333	8.0925255	15.749351	1
LINC01186	0.0012897009	0.0013050088	0.002077356810762687	-1.0186341e-10	0.0	-3.8125086	5.028491	1
ZNF157	0.0017127994	0.0017331411	0.0026708873281234544	-1.0186341e-10	0.0	-4.1962476	6.109333	1
UXT-AS1	0.003312806	0.0033521405	0.0051439311504599865	-1.0186341e-10	0.0	-5.109421	11.398456	1
AF196972.1	0.0025793214	0.0026099493	0.004154713621525374	-1.0186341e-10	0.0	-4.7601957	9.410406	1
WAS	0.0031555947	0.0031930632	0.004451478880205757	-1.0186341e-10	0.0	-5.04136	10.015764	1
PCSK1N	0.30101365	0.30258968	0.3256504105252745	0.16831377	0.2833333333333333	-0.8458293	5.1826987	1
KCND1	0.009675444	0.009790307	0.015036106439806114	-1.0186341e-10	0.0	-6.627945	31.624245	1
PLP2	0.34768024	0.34058425	0.40399643881689584	0.94546837	0.8666666666666667	1.4727466	22.09433	1
AL158055.1	0.0035409117	0.0035829542	0.005242852903353448	-1.0186341e-10	0.0	-5.202793	11.336062	1
MAGED1	0.7865298	0.78945714	0.7309328321297853	0.5399542	0.6416666666666667	-0.5479395	7.329544	1
FAM156A	0.0014460738	0.0014632379	0.002077356810762687	-1.0186341e-10	0.0	-3.966467	5.1134796	1
AL354793.1	0.006386805	0.0064626294	0.009595410030665743	-1.0186341e-10	0.0	-6.0362034	20.493423	1
MTMR8	0.001662494	0.0016822385	0.0026708873281234544	-1.0186341e-10	0.0	-4.15562	5.9130626	1
MSN	0.5209276	0.5117487	0.5484221980413493	1.2941515	0.9916666666666667	1.3383287	37.113316	1
HEPH	0.30681264	0.30842507	0.3717479473736275	0.1710482	0.2916666666666667	-0.8501416	6.2101316	1
AL139398.1	0.0057670753	0.005835544	0.008111583737263825	-1.0186341e-10	0.0	-5.8913097	17.389748	1
ITGB1BP2	0.3497948	0.35223392	0.4002374122069443	0.1443913	0.26666666666666666	-1.2859607	13.72855	1
PGAM4	0.0022052433	0.0022314307	0.003264417845484222	-1.0186341e-10	0.0	-4.543145	7.4356303	1
CYSLTR1	0.01028131	0.006789154	0.010188940548026512	0.3044667	0.4166666666666667	5.4662876	11.937689	1
ITM2A	0.1352721	0.13098143	0.16292412701553072	0.4967139	0.5666666666666667	1.9222422	10.765743	1
POF1B	0.0017795687	0.0018007031	0.0026708873281234544	-1.0186341e-10	0.0	-4.2484627	6.2321987	1
FAM133A	0.024068631	0.024307659	0.0342269265011376	0.003925832	0.008333333333333333	-2.599975	5.6245337	1
DIAPH2	0.071172476	0.06680894	0.09140369967355821	0.43875346	0.575	2.7134683	15.781923	1
SYTL4	0.042337187	0.040785182	0.056286477396379465	0.17308697	0.2833333333333333	2.0826805	5.341277	1
XKRX	0.0021787195	0.0022045919	0.003264417845484222	-1.0186341e-10	0.0	-4.526441	7.5120697	1
GLA	0.037098072	0.03537103	0.05203284202196063	0.18259318	0.2833333333333333	2.3647096	5.8178916	1
AC234775.3	0.0058243787	0.0058935275	0.008606192501731131	-1.0186341e-10	0.0	-5.905335	18.780632	1
ARMCX5-GPRASP2-1	0.0014731608	0.0014906579	0.002176278563656148	-1.0186341e-10	0.0	-3.991553	5.249556	1
Z69733.1	0.002943957	0.0029789133	0.0045504006330992185	-1.0186341e-10	0.0	-4.9443507	10.068672	1
TMSB15B-1	0.010538585	0.010663694	0.015233949945593036	-1.0186341e-10	0.0	-6.750031	32.116993	1
ZCCHC18	0.0048124064	0.0048695426	0.006825600949648828	-1.0186341e-10	0.0	-5.6350427	14.925788	1
PWWP3B	0.32499447	0.32695013	0.39242259372836086	0.16032267	0.275	-1.0276338	8.559696	1
NCBP2L	0.0014168097	0.0014336265	0.002176278563656148	-1.0186341e-10	0.0	-3.9388766	5.129146	1
PSMD10	0.25080845	0.24754612	0.31506578296567417	0.52567	0.6583333333333333	1.0861517	9.035595	1
RTL9	0.0016977822	0.0017179456	0.0024730438223365316	-1.0186341e-10	0.0	-4.1842384	5.8253546	1
PAK3	0.006332859	0.0064080437	0.00929864477198536	-1.0186341e-10	0.0	-6.0241537	19.9316	1
LHFPL1	0.0014302932	0.0014472699	0.0022752003165496092	-1.0186341e-10	0.0	-3.9516544	5.5109367	1
KLHL13	0.09629881	0.09706427	0.13532495795825503	0.03179401	0.075	-1.6071403	7.668853	1
WDR44	0.34477472	0.3467016	0.3913344544465328	0.18252352	0.30833333333333335	-0.9252379	7.673459	1
DOCK11	0.23553406	0.23690556	0.2720348204570185	0.12007507	0.225	-0.9797832	6.3993645	1
ZCCHC12	0.0061842017	0.0062576216	0.009001879513304976	-1.0186341e-10	0.0	-5.9904165	19.482866	1
LINC01285	0.0043432033	0.004394769	0.006330992185181522	-1.0186341e-10	0.0	-5.4901767	14.040001	1
SOWAHD	0.0013683259	0.0013845671	0.0022752003165496092	-1.0186341e-10	0.0	-3.8919718	5.4404836	1
ATP1B4	0.029973976	0.030329887	0.025422890493619548	-1.0186341e-10	0.0	-8.249347	44.55244	1
LAMP2	0.3544374	0.35190502	0.41428430111781583	0.56780404	0.7416666666666667	0.69005126	6.586105	1
GLUD2	0.0072541344	0.007340255	0.010386784053813434	-1.0186341e-10	0.0	-6.217282	22.126228	1
AC002377.1	0.00194891	0.0019720544	0.0030665743396972992	-1.0186341e-10	0.0	-4.3729916	7.0985646	1
XIAP	0.37622672	0.37399048	0.44000395687011573	0.5646352	0.7583333333333333	0.59418744	6.090274	1
AL008633.1	0.0016683175	0.0016881311	0.0024730438223365316	-1.0186341e-10	0.0	-4.1603823	5.8846073	1
APLN	0.020944038	0.008879771	0.012464140864576121	1.0372568	0.8	6.852018	27.877743	1
AIFM1	0.402752	0.40521446	0.4709664655257691	0.19537729	0.3416666666666667	-1.0520406	11.258302	1
AL365256.1	0.0025151358	0.0025450017	0.0035611831041646056	-1.0186341e-10	0.0	-4.7251983	8.217995	1
STK26	0.22011845	0.22166255	0.28420219606291425	0.09012639	0.15833333333333333	-1.2973944	8.738392	1
MIR503HG	0.034723703	0.033334106	0.04659214561282026	0.15179224	0.25833333333333336	2.1836557	5.2635655	1
FGF13	0.36220908	0.36434755	0.42150558907903846	0.18212278	0.31666666666666665	-1.0000079	9.519112	1
MCF2	0.0019203963	0.0019432023	0.002967652586803838	-1.0186341e-10	0.0	-4.3527617	6.87752	1
SOX3	0.00215267	0.0021782331	0.003165496092590761	-1.0186341e-10	0.0	-4.5098453	7.357407	1
IDS	0.36374193	0.35873252	0.42289049361954695	0.78576285	0.8333333333333334	1.130967	16.006157	1
GABRE	0.01190794	0.008568272	0.011870610347215352	0.29324764	0.425	5.0807233	11.741038	1
HAUS7	0.0028666102	0.0029006484	0.004451478880205757	-1.0186341e-10	0.0	-4.9072037	9.803321	1
BGN	0.028361859	0.02639416	0.025126125234939164	0.19413075	0.25833333333333336	2.8740253	5.9206643	1
DUSP9	0.0015747094	0.0015934119	0.0023741220694430704	-1.0186341e-10	0.0	-4.0818624	5.3992467	1
PNCK	0.1329436	0.13402963	0.15184489069146306	0.04143454	0.08333333333333333	-1.6912444	9.84625	1
BCAP31	0.6004298	0.59482	0.6210307646651498	1.073008	0.95	0.85102755	20.94477	1
SRPK3	0.0019193174	0.0019421106	0.0024730438223365316	-1.0186341e-10	0.0	-4.3519907	5.8682365	1
PDZD4	0.0035797833	0.0036222872	0.005341774656246909	-1.0186341e-10	0.0	-5.218119	11.759957	1
L1CAM	0.0017102989	0.001730611	0.002967652586803838	-1.0186341e-10	0.0	-4.194255	6.614741	1
FLNA	0.31680274	0.3107382	0.34207142150558906	0.82770234	0.8666666666666667	1.4131227	20.079649	1
ATP6AP1	0.3872303	0.38334632	0.4528637847462657	0.7144408	0.8	0.89799196	11.240242	1
RAB39B	0.05517907	0.055709857	0.07864279355030171	0.010443233	0.025	-2.4042027	9.910967	1
AC006157.1	0.0035698335	0.0036122194	0.005737461667820754	-1.0186341e-10	0.0	-5.2142115	12.55937	1
NLGN4Y	0.025811084	0.024374258	0.035710752794539516	0.14685266	0.24166666666666667	2.5860145	5.225392	1
AC010889.1	0.0019114931	0.0019341934	0.0026708873281234544	-1.0186341e-10	0.0	-4.3463864	6.2306166	1
MT-ND6	0.8909134	0.89437145	0.7417153031951726	0.59960353	0.6916666666666667	-0.5767859	8.243958	1
AC007325.4	0.30533555	0.30743665	0.33148679394598873	0.12841146	0.24166666666666667	-1.2588613	12.174648	1
AC007325.2	0.0013097023	0.0013252476	0.002176278563656148	-1.0186341e-10	0.0	-3.833142	5.2006483	1
