gene	mean	CM_2_mean	CM_2_positive_frac	CM_6_mean	CM_6_positive_frac	log2FC	-log10 p-val	is_significant
GNB1	0.6091015	0.6010874	0.5248505819440076	1.0337201	0.9166666666666666	0.7820985	17.44083	1
RER1	0.35209462	0.34750903	0.3372129600503303	0.5950771	0.7666666666666667	0.7758536	9.755839	1
TTC34	0.005356044	0.005457149	0.005976722239698019	-1.0186341e-10	0.0	-5.7962747	8.685793	1
PRDM16-DT	0.2170057	0.21929036	0.20902799622522805	0.09593702	0.15833333333333333	-1.1918375	6.849823	1
AL031847.1	0.002760213	0.0028123246	0.0034602076124567475	-1.0186341e-10	0.0	-4.864101	5.010997	1
ACOT7	0.039217766	0.037066415	0.03994966970745518	0.15319821	0.275	2.0442693	5.1621904	1
VAMP3	0.37452948	0.36988607	0.35687323057565273	0.62057525	0.75	0.74636775	7.4226313	1
PER3	0.12869053	0.13051961	0.13494809688581316	0.031758945	0.06666666666666667	-2.0356011	13.063239	1
ENO1-AS1	0.003771634	0.003842835	0.0042466184334696445	-1.0186341e-10	0.0	-5.301163	6.384287	1
PGD	0.2178775	0.21432571	0.2201950298836112	0.40605316	0.5916666666666667	0.92154586	6.216552	1
SRM	0.22645625	0.22211888	0.22617175212330923	0.45625332	0.625	1.0381699	7.6986113	1
FBXO2	0.36257145	0.36633474	0.339572192513369	0.16325028	0.25833333333333336	-1.1655873	10.575204	1
DRAXIN	0.0032991625	0.0033614459	0.003617489776659327	-1.0186341e-10	0.0	-5.113304	5.5634217	1
DHRS3	0.023242995	0.023615628	0.02500786410821013	0.003492922	0.008333333333333333	-2.7226086	5.983883	1
HSPB7	2.1172013	2.1305766	0.9572192513368984	1.4085823	0.9583333333333334	-0.5969652	27.653643	1
ARHGEF19	0.0045895525	0.0046761907	0.0050330292544825414	-1.0186341e-10	0.0	-5.57779	7.4092855	1
CPLANE2	0.0162529	0.01655967	0.018559295375904374	-1.0186341e-10	0.0	-7.3802176	25.126764	1
NECAP2	0.096187264	0.09094383	0.09720037747719408	0.37399325	0.5583333333333333	2.0387647	12.384651	1
AL137802.2	0.01383297	0.014094066	0.015256369927650204	-1.0186341e-10	0.0	-7.1491456	20.903646	1
ACTL8	0.00591124	0.006022823	0.007077697389116074	-1.0186341e-10	0.0	-5.9361267	9.762919	1
AKR7A2	0.4360439	0.43258107	0.4051588549858446	0.6195396	0.775	0.5181255	5.378564	1
CAPZB	0.6459719	0.6389721	0.5471846492607738	1.0168542	0.9	0.67020404	13.4319725	1
NBL1	0.0061200527	0.004114267	0.004718464926077383	0.11239399	0.2	4.7384224	5.7257	1
DDOST	0.48725423	0.48349348	0.4391318024536018	0.68653506	0.8	0.5057488	5.3443675	1
HP1BP3	0.47208107	0.46786353	0.4274929223026109	0.69556355	0.8	0.57199377	6.9020085	1
ECE1	0.23171592	0.22459748	0.22522805913809374	0.60886353	0.75	1.4383719	15.37182	1
HSPG2	0.53567034	0.5216793	0.4609940232777603	1.2769641	0.975	1.2913193	33.36702	1
EPHA8	0.007908124	0.008057396	0.009279647687952187	-1.0186341e-10	0.0	-6.350038	12.635919	1
LUZP1	0.34905133	0.3408087	0.3233721296005033	0.7857941	0.85	1.2049496	17.166075	1
TCEA3	0.819899	0.8268424	0.6428122050959422	0.45206532	0.6	-0.8709367	15.615215	1
ID3	1.3805908	1.3690512	0.7816923560868198	1.991965	1.0	0.54098296	28.706621	1
AL031432.4	0.015185354	0.015471976	0.01635734507706826	-1.0186341e-10	0.0	-7.2828097	22.2032	1
TMEM50A	0.6591964	0.6478546	0.5563070147845235	1.260119	0.95	0.9597097	28.01735	1
RHCE	0.00497964	0.0050736405	0.005976722239698019	-1.0186341e-10	0.0	-5.6931095	8.575516	1
SELENON	0.110695735	0.10714324	0.11371500471846492	0.29890975	0.49166666666666664	1.4793057	8.055563	1
STMN1	1.0071189	0.99516416	0.6950298836111984	1.640552	0.9916666666666667	0.72111785	27.805595	1
TRIM63	0.39832282	0.40107378	0.3692985215476565	0.2526298	0.39166666666666666	-0.6666317	5.0089583	1
CNKSR1	0.0031830913	0.003243184	0.003617489776659327	-1.0186341e-10	0.0	-5.0631523	5.3976936	1
SH3BGRL3	0.4810035	0.45291972	0.4045297263290343	1.9689759	0.9833333333333333	2.119873	44.25141	1
TENT5B	0.0034112628	0.0034756619	0.003932054105064486	-1.0186341e-10	0.0	-5.16014	5.877464	1
SLC9A1	0.045163687	0.04167289	0.04451085246932998	0.23012249	0.39166666666666666	2.46239	8.985981	1
SYTL1	0.10423486	0.10581832	0.1085246932997798	0.020317238	0.041666666666666664	-2.3750925	14.165715	1
BX293535.1	0.016959352	0.017279455	0.01918842403271469	-1.0186341e-10	0.0	-7.4412403	25.859684	1
IFI6	0.096788816	0.09383298	0.09893048128342247	0.25338635	0.4	1.4322042	5.940046	1
STX12	0.18688126	0.18354872	0.18905316137150047	0.3634378	0.5583333333333333	0.98515654	6.5627613	1
YTHDF2	0.43179587	0.42818072	0.4007549543881724	0.6233606	0.75	0.54174167	5.1870475	1
EPB41	0.3661934	0.3692556	0.34523435042466183	0.20401616	0.3333333333333333	-0.85561997	7.021686	1
TMEM200B	0.11761717	0.11923611	0.120792702107581	0.03182021	0.075	-1.9024885	11.871398	1
LAPTM5	0.011140733	0.0014896747	0.0018873859704309531	0.52248603	0.6666666666666666	8.360793	23.83761	1
LINC01778	0.008035833	0.008187516	0.009122365523749607	-1.0186341e-10	0.0	-6.3728695	12.620792	1
FABP3	1.055961	1.0618567	0.7447310474992136	0.7436103	0.7916666666666666	-0.5139123	9.283291	1
AL445248.1	0.0033838693	0.0034477515	0.0034602076124567475	-1.0186341e-10	0.0	-5.1488347	5.2420278	1
FAM167B	0.0036730033	0.001580185	0.0017301038062283738	0.11455787	0.2	6.0925717	5.9211674	1
HDAC1	0.21722448	0.21324894	0.2154765649575338	0.4278534	0.6	1.0042388	7.2958975	1
MARCKSL1	0.88976854	0.87176925	0.6566530355457691	1.8434159	0.9833333333333333	1.0802761	40.970833	1
ZBTB8OS	0.27725655	0.27392632	0.27178357974205725	0.45369485	0.6833333333333333	0.72772586	6.3662395	1
YARS	0.57678235	0.58178806	0.4850581944007549	0.3116054	0.48333333333333334	-0.9005586	12.441826	1
AZIN2	0.011209161	0.011420736	0.013054419628814092	-1.0186341e-10	0.0	-6.8480906	17.865852	1
PHC2	0.15327837	0.15003893	0.157439446366782	0.32490364	0.5333333333333333	1.1141578	6.9165325	1
GJA4	0.0054966565	0.0017055431	0.0014155394778232148	0.20636287	0.2833333333333333	6.8373055	7.8805804	1
DLGAP3	0.0032619752	0.0033235566	0.0037747719408619063	-1.0186341e-10	0.0	-5.0974255	5.763484	1
TMEM35B	0.12197908	0.117193505	0.12425290972003775	0.3755257	0.525	1.6791726	9.921328	1
SFPQ	0.43028527	0.42371446	0.3837684806542938	0.77844286	0.85	0.8773438	12.954091	1
PSMB2	0.6573054	0.6482123	0.5503302925448255	1.1390907	0.9666666666666667	0.81324834	18.64148	1
EVA1B	0.09510111	0.079266965	0.08320226486316452	0.934043	0.8333333333333334	3.5570328	32.78952	1
MRPS15	0.3920438	0.38738072	0.37102862535388487	0.63913304	0.8083333333333333	0.7222175	8.761458	1
CSF3R	0.005417746	0.005520015	0.0062912865681031774	-1.0186341e-10	0.0	-5.8125033	9.0118885	1
POU3F1	0.0026868107	0.0027375366	0.0034602076124567475	-1.0186341e-10	0.0	-4.8265686	5.25747	1
MYCBP	0.08598923	0.08326518	0.08996539792387544	0.23030496	0.36666666666666664	1.4666549	5.483438	1
MACF1	0.9021383	0.89401245	0.6670336583831393	1.332664	0.9833333333333333	0.57589316	17.872189	1
CAP1	0.46055153	0.44605464	0.4120792702107581	1.2286489	0.975	1.4615744	40.75124	1
ZMPSTE24	0.061626542	0.058704343	0.061969172695816296	0.21646023	0.35833333333333334	1.8807737	6.2782545	1
RIMS3	0.033095017	0.033668634	0.03633217993079585	0.0026960853	0.008333333333333333	-3.5942035	16.146818	1
P3H1	0.05872404	0.054018583	0.05803711859075181	0.30803937	0.475	2.509387	11.455833	1
SLC2A1	1.1531482	1.1616697	0.7551116703365839	0.7016547	0.7416666666666667	-0.7272855	14.121034	1
TIE1	0.007821447	0.0009070661	0.0014155394778232148	0.37416846	0.5416666666666666	8.537771	17.805698	1
ELOVL1	0.070272	0.061848197	0.06637307329348852	0.5165954	0.7333333333333333	3.06018	23.892368	1
AL139220.2	0.034504116	0.035070565	0.03633217993079585	0.0044849655	0.008333333333333333	-2.939386	8.094395	1
ARMH1	0.0032187246	0.00327949	0.0034602076124567475	-1.0186341e-10	0.0	-5.0787354	5.3177557	1
AKR1A1	0.2583829	0.25504375	0.2529097200377477	0.4352886	0.6083333333333333	0.7709934	5.429616	1
EFCAB14	0.31616583	0.3079768	0.30465555206039635	0.75004226	0.7916666666666666	1.2838743	14.658903	1
CMPK1	0.30596408	0.30151108	0.29553318653664673	0.54189175	0.725	0.84558153	8.847798	1
TRABD2B	0.01184784	0.012071469	0.012425290972003775	-1.0186341e-10	0.0	-6.927361	17.067133	1
TMEM59	0.85902494	0.85081095	0.6638880150990878	1.2942294	0.9666666666666667	0.6051248	18.225626	1
PLPP3	0.2085918	0.19117878	0.18606480025165145	1.1311916	0.8833333333333333	2.564222	31.48814	1
JUN	0.39111936	0.3855207	0.31597986788298205	0.68778807	0.7583333333333333	0.83499146	8.854215	1
HOOK1	0.2208432	0.22318758	0.22680088078011953	0.0966125	0.19166666666666668	-1.2071286	8.842918	1
PGM1	0.9443881	0.9499159	0.7117017930166719	0.6515439	0.7583333333333333	-0.5438678	9.526254	1
JAK1	0.5077504	0.49374816	0.4429065743944637	1.2496336	0.975	1.3394811	33.322475	1
GADD45A	0.35064608	0.34637848	0.316766278703995	0.57678944	0.6916666666666667	0.7355292	6.6537848	1
RPE65	0.004200248	0.0042795385	0.004561182761874803	-1.0186341e-10	0.0	-5.4527082	6.6292367	1
NEGR1	0.008660075	0.008823539	0.009594212016357346	-1.0186341e-10	0.0	-6.4795456	13.153192	1
AL513166.1	0.0071073123	0.0072414703	0.007706826045926392	-1.0186341e-10	0.0	-6.1979985	10.551793	1
AC135803.1	0.0039626616	0.0040374678	0.004875747090279962	-1.0186341e-10	0.0	-5.3706775	7.1647496	1
NEXN-AS1	0.029751336	0.03031273	0.03271469015413652	-1.0186341e-10	0.0	-8.248533	43.25141	1
IFI44	0.009996632	0.007925992	0.008493236866939289	0.1197067	0.2	3.8998852	5.2725663	1
ADGRL4	0.027739335	0.0023513685	0.00267379679144385	1.3728783	0.9583333333333334	9.129506	44.25141	1
ADGRL2	0.075501986	0.069421016	0.07455174583202265	0.39769596	0.525	2.5165074	12.220496	1
WDR63	0.008940845	0.009109608	0.010066058508965083	-1.0186341e-10	0.0	-6.525069	13.781385	1
MCOLN3	0.013481781	0.013736249	0.014627241270839886	-1.0186341e-10	0.0	-7.1123104	19.62214	1
BCL10	0.14392428	0.13980895	0.14627241270839886	0.3619582	0.55	1.3717333	8.557985	1
CCN1	0.05483171	0.05049761	0.05284680717206669	0.28447214	0.4	2.4916532	7.1643796	1
ODF2L	0.21870731	0.21470827	0.21516200062912866	0.43057546	0.575	1.0035515	6.47088	1
SELENOF	0.34445873	0.34090415	0.33170808430324	0.5328252	0.6666666666666666	0.64414376	5.195356	1
LMO4	1.181742	1.1896703	0.7815350739226172	0.76169866	0.8083333333333333	-0.6432015	14.6385145	1
LRRC8C	0.018033456	0.014214759	0.01651462724127084	0.2203614	0.35833333333333334	3.9449508	10.057832	1
TGFBR3	0.04156822	0.03906852	0.04215162000629129	0.17401373	0.2916666666666667	2.1522634	6.0218425	1
TMED5	0.13358852	0.13064311	0.13746461151305442	0.2896332	0.44166666666666665	1.1479901	5.2255025	1
FNBP1L	0.15513474	0.15055998	0.15146272412708398	0.39751276	0.5583333333333333	1.4000678	8.790475	1
DNTTIP2	0.3359055	0.3317237	0.3243158225857188	0.5575071	0.7333333333333333	0.7488321	7.230029	1
GCLM	0.100015424	0.09423393	0.10176156023906889	0.40632895	0.5416666666666666	2.1071544	12.446135	1
ARHGAP29	0.17414491	0.15525125	0.15649575338156654	1.1751887	0.9333333333333333	2.9194093	40.700813	1
CNN3	0.41615167	0.40832177	0.37794904057879836	0.83102787	0.8583333333333333	1.0250108	15.867962	1
AC092802.1	0.003525317	0.0035918688	0.003932054105064486	-1.0186341e-10	0.0	-5.2062807	5.903956	1
AGL	0.63979834	0.6436709	0.5303554576910978	0.4346635	0.575	-0.56631666	6.272712	1
AC118553.1	0.022737188	0.023113945	0.02500786410821013	0.002768477	0.008333333333333333	-3.016635	8.366761	1
LRRC39	0.25629747	0.25929126	0.25117961623151935	0.09765773	0.18333333333333332	-1.407847	12.166863	1
RTCA	0.27398688	0.27076533	0.2695816294432211	0.44466385	0.6583333333333333	0.7154638	5.887921	1
SLC30A7	0.0683848	0.06566386	0.07156338471217363	0.21255368	0.36666666666666664	1.693139	6.01102	1
S1PR1	0.037495192	0.032674257	0.035073922617175214	0.29292	0.44166666666666665	3.160364	11.627909	1
COL11A1	0.13359892	0.12724283	0.131645171437559	0.47035804	0.5833333333333334	1.8853482	12.868574	1
RNPC3	0.5648322	0.5705036	0.4707455174583202	0.2643954	0.425	-1.1092464	15.772813	1
VAV3	0.011136526	0.0061556376	0.006448568732305757	0.2750409	0.44166666666666665	5.45887	13.092304	1
SLC25A24	0.22373033	0.21929865	0.22161056936143442	0.45852247	0.6416666666666667	1.0637524	8.573985	1
PRPF38B	0.4313365	0.4276537	0.3982384397609311	0.6264908	0.775	0.5507433	5.430187	1
PSMA5	0.5220705	0.51541245	0.4655552060396351	0.8748541	0.8333333333333334	0.7632	10.091012	1
GNAI3	0.45075512	0.44640595	0.41695501730103807	0.6812048	0.7833333333333333	0.60962105	6.6772785	1
CSF1	0.019956155	0.020332675	0.022805913809374016	-1.0186341e-10	0.0	-7.674736	30.84834	1
AL160006.1	0.005918353	0.0060300706	0.006605850896508336	-1.0186341e-10	0.0	-5.9378333	9.4919	1
RAP1A	0.29459238	0.28922552	0.2873545139981126	0.5789361	0.7333333333333333	1.0009599	10.194847	1
CTTNBP2NL	0.15160258	0.14609213	0.15335011009751495	0.44355756	0.6416666666666667	1.6015809	12.033596	1
CAPZA1	0.5670577	0.5613904	0.49575338156653037	0.86734265	0.8666666666666667	0.6275071	9.901191	1
RHOC	0.7128036	0.697967	0.577068260459264	1.4989028	0.975	1.1025655	36.71974	1
LINC01357	0.007944181	0.008094134	0.008807801195344448	-1.0186341e-10	0.0	-6.356521	12.308317	1
PHTF1	0.11341791	0.10954689	0.11560239068889588	0.31850818	0.5	1.5389184	8.520514	1
NRAS	0.123237565	0.119203694	0.12661214218307643	0.3369565	0.5	1.4983517	7.9411426	1
CD58	0.07059967	0.068118185	0.07219251336898395	0.20208225	0.3416666666666667	1.567428	5.3194647	1
AL358072.1	0.0039023312	0.003975999	0.004089336269267065	-1.0186341e-10	0.0	-5.3490834	6.046363	1
MAN1A2	0.34514475	0.3410732	0.3285624410191884	0.5609076	0.6666666666666666	0.7175162	6.1115894	1
PHGDH	0.6078301	0.61395985	0.4770368040264234	0.2831177	0.375	-1.116468	13.415529	1
SRGAP2C	0.069412	0.06572166	0.07219251336898395	0.26494455	0.425	2.0096004	8.600753	1
SRGAP2B	0.054446597	0.05145889	0.055992450456118274	0.21275136	0.35	2.045553	7.095467	1
CD160	0.0032766187	0.0033384764	0.0034602076124567475	-1.0186341e-10	0.0	-5.103699	5.2201285	1
LIX1L-AS1	0.016158482	0.016463472	0.018559295375904374	-1.0186341e-10	0.0	-7.371863	25.461401	1
NBPF10	0.00936484	0.0095416065	0.01100975149418056	-1.0186341e-10	0.0	-6.591203	15.049567	1
AC239809.3	0.0036272965	0.0036957732	0.004403900597672224	-1.0186341e-10	0.0	-5.2463236	6.4938016	1
HIST2H2BF	0.0061747325	0.006291289	0.006605850896508336	-1.0186341e-10	0.0	-5.9980364	9.708252	1
APH1A	0.27130625	0.26665145	0.2639194715319283	0.517922	0.6833333333333333	0.9575174	8.59638	1
C1orf54	0.27750388	0.27294394	0.2689525007864108	0.51909304	0.675	0.92713803	7.6236906	1
ENSA	0.20231931	0.19865039	0.2017930166719094	0.3967052	0.6083333333333333	0.99747324	7.5050964	1
ANXA9	0.0048924633	0.0049848184	0.00550487574709028	-1.0186341e-10	0.0	-5.6681256	8.059333	1
CDC42SE1	0.17380854	0.16934331	0.1750550487574709	0.41038254	0.6083333333333333	1.2765182	8.971162	1
MLLT11	0.44603264	0.43505633	0.3894306385655867	1.0276102	0.85	1.2398278	19.181215	1
PSMB4	0.5577584	0.54987365	0.4899339414910349	0.97552675	0.9083333333333333	0.82696676	16.35889	1
CGN	0.0038201695	0.003892286	0.004403900597672224	-1.0186341e-10	0.0	-5.3191447	6.4995217	1
TUFT1	0.010927839	0.011134105	0.012110726643598616	-1.0186341e-10	0.0	-6.811743	16.821156	1
AL365436.2	0.0050272513	0.0051221503	0.005819440075495438	-1.0186341e-10	0.0	-5.7065735	8.283652	1
S100A10	0.46199507	0.4210588	0.3565586662472476	2.6309345	1.0	2.643194	44.25141	1
S100A11	0.64863455	0.61330956	0.49292230261088393	2.5202584	1.0	2.0387063	44.25141	1
S100A6	0.39517605	0.35650143	0.2897137464611513	2.4442933	0.9333333333333333	2.777092	43.5982	1
S100A4	0.33463535	0.32728353	0.2856244101918842	0.72420114	0.6666666666666666	1.1456081	8.251296	1
S100A3	0.0035695108	0.0003598061	0.00031456432840515884	0.17363039	0.275	8.561608	8.060982	1
S100A16	0.35461566	0.34086382	0.33076439131802454	1.0832356	0.925	1.6677897	31.347784	1
S100A13	0.5121433	0.4965643	0.43755898081157596	1.3375721	0.9583333333333334	1.4293816	38.039368	1
AL162258.2	0.0058758254	0.0059867403	0.006763133060710916	-1.0186341e-10	0.0	-5.9275994	9.561144	1
ILF2	0.48492628	0.48118532	0.4422774457376534	0.6831551	0.7583333333333333	0.50553197	5.1219535	1
NPR1	0.0030523334	0.0009683712	0.0012582573136206354	0.11346772	0.18333333333333332	6.731996	5.4956822	1
SLC27A3	0.06186699	0.05647203	0.06008178672538534	0.34771365	0.49166666666666664	2.6201537	11.707954	1
AL358472.5	0.0046579484	0.0047458773	0.0050330292544825414	-1.0186341e-10	0.0	-5.598687	7.419865	1
SLC39A1	0.14175975	0.13806134	0.14611513054419628	0.3377037	0.5333333333333333	1.289831	7.8973236	1
CREB3L4	0.05986833	0.06068171	0.06653035545769109	0.016781006	0.041666666666666664	-1.8482364	6.699066	1
RAB13	0.7805925	0.7645746	0.6116703365838314	1.6292931	0.9833333333333333	1.0914168	41.168625	1
TPM3	0.4077255	0.38299423	0.35734507706826046	1.7180661	1.0	2.1650984	44.25141	1
SHE	0.0075029903	0.002966711	0.0031456432840515887	0.24785073	0.425	6.3372173	13.212111	1
KCNN3	0.019438302	0.011776159	0.013368983957219251	0.4254045	0.5583333333333333	5.163034	17.696846	1
SHC1	0.11334052	0.10239104	0.11072664359861592	0.693476	0.775	2.7585561	24.882265	1
ADAM15	0.033250246	0.026079448	0.028782636049072035	0.41317984	0.575	3.9806123	17.109577	1
EFNA1	0.07855409	0.07534587	0.08068575023592324	0.24854048	0.39166666666666666	1.7205473	6.6021113	1
AC234582.1	0.008248531	0.008404228	0.009436929852154765	-1.0186341e-10	0.0	-6.41011	13.038225	1
MTX1	0.11139908	0.10879262	0.11780434098773199	0.24948382	0.43333333333333335	1.1966183	5.4419827	1
FDPS	0.330809	0.31981698	0.31094683862849953	0.91321117	0.9166666666666666	1.5134089	25.941597	1
RUSC1	0.06815098	0.06580034	0.0710915382195659	0.19270125	0.36666666666666664	1.5487566	5.8615174	1
RIT1	0.43210384	0.428376	0.3966656181189053	0.62964493	0.7583333333333333	0.55555326	5.4959655	1
LMNA	0.7941268	0.7785345	0.6116703365838314	1.6202621	0.9666666666666667	1.0572982	32.22531	1
AL365181.4	0.0043207947	0.0044023604	0.0050330292544825414	-1.0186341e-10	0.0	-5.492611	7.298266	1
AL590666.4	0.0036070922	0.0036751875	0.0042466184334696445	-1.0186341e-10	0.0	-5.2384777	6.07341	1
CRABP2	0.7179941	0.7222002	0.5688895879207297	0.49518558	0.5916666666666667	-0.544338	5.812317	1
SH2D2A	0.0028902728	0.0029448387	0.0034602076124567475	-1.0186341e-10	0.0	-4.9282956	5.211154	1
PEAR1	0.006017435	0.004006319	0.004561182761874803	0.11257377	0.20833333333333334	4.778162	5.9457297	1
IFI16	0.14410016	0.1355851	0.13809374016986473	0.5952497	0.7	2.133475	18.03051	1
AL590560.3	0.0067232093	0.006850118	0.007549543881723813	-1.0186341e-10	0.0	-6.118967	10.720188	1
TAGLN2	0.030491661	0.01374067	0.014941805599245045	0.9180141	0.85	6.0516877	35.32549	1
ATP1A2	0.31617674	0.31950542	0.29348851840201323	0.13980003	0.25	-1.1918955	10.540317	1
PEA15	0.4068565	0.39955825	0.36725385341302297	0.79355454	0.8666666666666667	0.9897444	17.286518	1
PEX19	0.3184678	0.3209658	0.3173954073608053	0.18616547	0.3416666666666667	-0.78550863	6.167179	1
COPA	0.54244506	0.5377265	0.4814407046240956	0.7924733	0.8666666666666667	0.5594035	8.51643	1
F11R	0.107522845	0.101719506	0.10883925762818496	0.41499442	0.5916666666666667	2.0274255	13.762747	1
PCP4L1	0.0030153943	0.0030723219	0.003302925448254168	-1.0186341e-10	0.0	-4.9874687	5.05225	1
MPZ	0.004347662	0.0044297343	0.004561182761874803	-1.0186341e-10	0.0	-5.501356	6.8520536	1
AL592295.4	0.0036507873	0.003719707	0.0042466184334696445	-1.0186341e-10	0.0	-5.2553916	6.3706083	1
RGS5	0.41729042	0.41016304	0.3416168606480025	0.7949392	0.7666666666666667	0.9544769	10.556306	1
TMCO1	0.48592514	0.48144582	0.4410191884240327	0.7232726	0.8083333333333333	0.58706605	6.675557	1
MPZL1	0.22930528	0.22308324	0.22444164831708086	0.5589587	0.7	1.3247712	12.9761	1
TBX19	0.00482324	0.0049142884	0.005662157911292859	-1.0186341e-10	0.0	-5.6479745	7.9184446	1
FMO4	0.015039696	0.015323569	0.016986473733878578	-1.0186341e-10	0.0	-7.2689943	22.448578	1
RASAL2	0.13024202	0.1245046	0.13054419628814093	0.43422085	0.6083333333333333	1.8014038	13.070643	1
ANGPTL1	0.0033128601	0.0033754022	0.0034602076124567475	-1.0186341e-10	0.0	-5.1191096	5.2440395	1
ABL2	0.09994154	0.09510479	0.10113243158225857	0.35619906	0.525	1.9039825	10.687192	1
QSOX1	0.04535573	0.042502653	0.04561182761874803	0.1965273	0.30833333333333335	2.2064486	6.1487885	1
IER5	0.06304919	0.060413413	0.06291286568103177	0.20270714	0.3416666666666667	1.7447816	5.60798	1
LINC01686	0.00464949	0.0047372594	0.0050330292544825414	-1.0186341e-10	0.0	-5.5961194	7.1390715	1
LAMC1	0.48659217	0.47487205	0.4348851840201321	1.1075633	0.975	1.2216048	30.72158	1
ARPC5	0.7539147	0.740892	0.5948411450141554	1.443899	0.9833333333333333	0.96254	32.284267	1
RGL1	0.0596821	0.056473732	0.0603963510537905	0.22967704	0.4	2.0220304	8.082246	1
AL445228.2	0.006252224	0.006370243	0.006920415224913495	-1.0186341e-10	0.0	-6.0157495	10.01749	1
C1orf21	0.5708728	0.57507634	0.4926077382824788	0.34819886	0.525	-0.72367865	8.410995	1
EDEM3	0.13209087	0.12811495	0.13306071091538219	0.34273636	0.49166666666666664	1.4189556	7.372514	1
NIBAN1	0.05014429	0.047247477	0.0481283422459893	0.20363294	0.3333333333333333	2.1053197	6.710646	1
RNF2	0.11848065	0.11558412	0.12409562755583517	0.27193552	0.43333333333333335	1.2336042	5.5453205	1
IVNS1ABP	0.15785953	0.13962466	0.14642969487260143	1.1240021	0.925	3.0081146	36.573368	1
HMCN1	0.010164277	0.006376466	0.007234979553318654	0.21085538	0.31666666666666665	5.0255876	9.293125	1
RGS13	0.007643732	0.0077880146	0.008021390374331552	-1.0186341e-10	0.0	-6.301592	10.62833	1
KCNT2	0.03253162	0.033008106	0.03601761560239069	0.0072791744	0.016666666666666666	-2.1656532	5.0857253	1
CRB1	0.005077831	0.0051736846	0.00550487574709028	-1.0186341e-10	0.0	-5.720741	7.971166	1
ZNF281	0.18373854	0.18054734	0.185121107266436	0.35281187	0.5333333333333333	0.96613187	5.4853764	1
CSRP1	0.21147214	0.2082105	0.19927650204466812	0.38427567	0.55	0.88378143	5.360738	1
NAV1	0.55923975	0.5544438	0.46508335954702734	0.81336224	0.8166666666666667	0.552774	6.8749228	1
IPO9-AS1	0.0069238856	0.0070545813	0.007706826045926392	-1.0186341e-10	0.0	-6.160797	10.923333	1
ELF3	0.0054004323	0.0055023744	0.006134004403900598	-1.0186341e-10	0.0	-5.807968	8.809414	1
PPP1R12B	0.5753075	0.57861286	0.4770368040264234	0.40022185	0.5916666666666667	-0.53168744	5.647652	1
PCAT6	0.35296467	0.35609064	0.3378420887071406	0.18741038	0.30833333333333335	-0.925679	7.3877435	1
ADIPOR1	0.2510555	0.24733452	0.25117961623151935	0.44819364	0.6083333333333333	0.85739714	6.3317757	1
AC105940.2	0.002954315	0.0030100897	0.003617489776659327	-1.0186341e-10	0.0	-4.9588857	5.3498454	1
PRELP	0.008947019	0.0091159	0.008965083359547028	-1.0186341e-10	0.0	-6.5260544	12.693742	1
SRGAP2	0.087745816	0.08485783	0.08996539792387544	0.24074748	0.38333333333333336	1.503301	6.0306587	1
CD46	0.49538097	0.48613393	0.4380308273041837	0.9853298	0.9	1.0191026	19.193861	1
CD34	0.010663504	0.0010137426	0.001100975149418056	0.52194005	0.5583333333333333	8.872601	17.74186	1
PLXNA2	0.23298915	0.22505422	0.21610569361434415	0.6533948	0.7166666666666667	1.5372622	15.185537	1
LINC02608	0.005062047	0.005157603	0.005819440075495438	-1.0186341e-10	0.0	-5.716335	8.458398	1
PROX1-AS1	0.02984198	0.030341776	0.03334381881094684	0.0033543275	0.008333333333333333	-3.1395757	10.046043	1
PTPN14	0.028293181	0.024690222	0.026737967914438502	0.21918508	0.35833333333333334	3.1449645	9.069178	1
TGFB2	0.5770951	0.5815437	0.47420572507077696	0.34145167	0.4583333333333333	-0.7680318	7.757091	1
LYPLAL1-DT	0.008038236	0.008189964	0.009279647687952187	-1.0186341e-10	0.0	-6.3732953	12.94056	1
ZC3H11B	0.0028840748	0.002938524	0.003302925448254168	-1.0186341e-10	0.0	-4.9253	5.0644584	1
HLX	0.015453532	0.001500832	0.0015728216420257944	0.754714	0.8333333333333334	8.881156	33.648323	1
AIDA	0.2338779	0.22700283	0.2301038062283737	0.5981335	0.7583333333333333	1.3973632	16.13356	1
CAPN2	0.18908499	0.17804916	0.17993079584775087	0.77379334	0.825	2.119049	26.297216	1
TP53BP2	0.33352572	0.33658436	0.32211387228688265	0.17153996	0.275	-0.9720112	6.9832067	1
DEGS1	0.48324856	0.47871697	0.43252595155709345	0.72336113	0.8083333333333333	0.59544134	7.20763	1
CNIH4	0.42196518	0.41547817	0.393048128342246	0.7656845	0.8416666666666667	0.8818186	13.25423	1
WDR26	0.19674043	0.1931431	0.19833280905945266	0.3873285	0.575	1.0035131	6.335219	1
LBR	0.1343032	0.1297751	0.13479081472161056	0.37420827	0.5416666666666666	1.527102	9.283729	1
LINC01703	0.0048522586	0.004943855	0.005662157911292859	-1.0186341e-10	0.0	-5.6564565	8.241075	1
ITPKB	0.03508071	0.030734826	0.030670022019502988	0.26533586	0.425	3.1057305	10.724942	1
CDC42BPA	0.23233931	0.22695605	0.22868826675055048	0.5175548	0.6916666666666667	1.188942	11.338899	1
OBSCN-AS1	0.013821508	0.014082388	0.015099087763447625	-1.0186341e-10	0.0	-7.1479583	20.567667	1
AL353593.3	0.0032787048	0.0033406022	0.0042466184334696445	-1.0186341e-10	0.0	-5.104591	6.296016	1
AL670729.3	0.0077568516	0.0079032695	0.008021390374331552	-1.0186341e-10	0.0	-6.3225193	11.322779	1
HIST3H2BB	0.009511062	0.009690587	0.01085246932997798	-1.0186341e-10	0.0	-6.613325	15.035173	1
FAM89A	0.039951343	0.035338823	0.03853413022963196	0.2843354	0.4166666666666667	3.0046983	10.086218	1
NID1	0.2219347	0.2087796	0.20761245674740483	0.9189301	0.8333333333333334	2.1374404	25.074366	1
EDARADD	0.006313966	0.0064331503	0.006920415224913495	-1.0186341e-10	0.0	-6.0297084	9.93522	1
LGALS8	0.1459198	0.14186756	0.14800251651462723	0.3606109	0.5166666666666667	1.3452816	7.0957117	1
RYR2	0.81356776	0.8187273	0.612928593897452	0.54024136	0.7083333333333334	-0.5996881	9.496981	1
GREM2	0.17458178	0.17690116	0.16797735136835482	0.051674142	0.09166666666666666	-1.773455	11.588362	1
CEP170	0.37465447	0.37032348	0.34995281535073924	0.6041613	0.725	0.7059971	6.1776147	1
ADSS	0.19842263	0.19497593	0.20084932368669392	0.38102925	0.5666666666666667	0.96624446	6.4807954	1
AL627095.2	0.0033825617	0.0034464193	0.0034602076124567475	-1.0186341e-10	0.0	-5.1482925	5.229964	1
PXDN	0.44045904	0.42402956	0.3812519660270525	1.310946	0.9583333333333334	1.6281415	34.12603	1
AC231981.1	0.0033956557	0.0034597602	0.003617489776659327	-1.0186341e-10	0.0	-5.15371	5.420259	1
LINC01814	0.0038285155	0.00390079	0.004403900597672224	-1.0186341e-10	0.0	-5.3222146	6.694724	1
ASAP2	0.03671269	0.03147747	0.034759358288770054	0.31408837	0.4583333333333333	3.3146622	12.363843	1
ITGB1BP1	0.35072008	0.34536016	0.33674111355772257	0.63473135	0.75	0.8778541	9.68978	1
AC073195.1	0.011497905	0.01171493	0.012582573136206355	-1.0186341e-10	0.0	-6.8844686	17.39782	1
ODC1	0.5466352	0.55048525	0.47923875432525953	0.3426963	0.55	-0.6836145	8.376686	1
ODC1-DT	0.003393261	0.0034573204	0.004089336269267065	-1.0186341e-10	0.0	-5.1527205	5.9240885	1
ATP6V1C2	0.011967106	0.012192986	0.012582573136206355	-1.0186341e-10	0.0	-6.9416933	16.289658	1
ROCK2	0.33308554	0.32331806	0.30701478452343506	0.8506046	0.85	1.3952581	20.597895	1
FAM49A	0.019691495	0.016193287	0.017930166719094056	0.20503852	0.31666666666666665	3.6542487	8.485405	1
RAD51AP2	0.0044658305	0.0045501334	0.0050330292544825414	-1.0186341e-10	0.0	-5.5392017	7.297412	1
LINC01376	0.006898696	0.0070289164	0.007077697389116074	-1.0186341e-10	0.0	-6.1556125	10.11955	1
AC079145.1	0.020297494	0.02061715	0.022648631645171436	0.0033543275	0.008333333333333333	-2.5843487	5.0335174	1
LAPTM4A	0.90312237	0.8956436	0.6926706511481598	1.2993617	0.9833333333333333	0.5367564	17.689905	1
RHOB	0.09459245	0.08949558	0.09436929852154766	0.36463124	0.5166666666666667	2.0253344	11.05353	1
APOB	0.003875835	0.003949003	0.004089336269267065	-1.0186341e-10	0.0	-5.339496	6.0989203	1
FKBP1B	0.08818913	0.084620185	0.09122365523749607	0.27727258	0.45	1.7110474	8.111002	1
TP53I3	0.1222138	0.11683392	0.12441019188424032	0.4072487	0.6	1.8005708	12.30904	1
RAB10	0.33211353	0.32760343	0.32006920415224915	0.57109916	0.7166666666666667	0.8016032	7.55838	1
CGREF1	0.010638648	0.010839455	0.012268008807801196	-1.0186341e-10	0.0	-6.7733984	17.22984	1
UCN	0.027572734	0.02809301	0.03019817552689525	-1.0186341e-10	0.0	-8.139195	41.003315	1
MPV17	0.26112717	0.25742596	0.25636992765020444	0.45721662	0.6416666666666667	0.8284755	6.60269	1
PPM1G	0.5842434	0.5786583	0.506763133060711	0.8801751	0.9	0.60499346	11.024929	1
MRPL33	0.44260615	0.43866003	0.407989933941491	0.6517089	0.8	0.57101697	6.1186194	1
FOSL2	0.044489883	0.039321724	0.04403900597672224	0.3183194	0.45	3.0138652	10.927202	1
LBH	0.5243025	0.50364816	0.40217049386599557	1.6186413	0.95	1.6840978	36.44525	1
BIRC6	0.40056238	0.39469793	0.3746461151305442	0.7112897	0.8333333333333334	0.84952575	11.7357645	1
RASGRP3	0.10428158	0.09060201	0.09814407046240957	0.8290667	0.825	3.1924558	27.618692	1
CRIM1	0.053211622	0.047544662	0.05174583202264863	0.35347062	0.5	2.8916118	11.719794	1
FEZ2	0.27865246	0.2749183	0.27351368354828565	0.4764903	0.625	0.79322207	5.989294	1
QPCT	0.02620753	0.019291863	0.021233092167348224	0.3926202	0.575	4.3399787	18.918137	1
CDC42EP3	0.16729544	0.15803704	0.16184334696445424	0.6578292	0.725	2.0567572	17.332144	1
SRSF7	0.6566443	0.65077966	0.5467128027681661	0.9673955	0.9	0.57186407	10.095574	1
ARHGEF33	0.0032655546	0.0033272037	0.0037747719408619063	-1.0186341e-10	0.0	-5.098962	5.7412343	1
SLC8A1-AS1	0.13424182	0.13609271	0.13431896822900283	0.036154225	0.06666666666666667	-1.9094284	11.169712	1
SLC8A1	1.3325676	1.3403182	0.8247876690783266	0.9218907	0.9	-0.5398591	15.324248	1
EML4	0.1007361	0.0978631	0.10333438188109469	0.2529437	0.4083333333333333	1.3690761	5.7727246	1
ZFP36L2	0.6166924	0.6090505	0.48804655552060394	1.0216024	0.875	0.7461043	11.835616	1
EPAS1	0.018714573	0.009374336	0.009908776344762504	0.51359147	0.625	5.7607336	21.107113	1
MCFD2	0.5770185	0.5718601	0.49889902485058196	0.85033745	0.85	0.5722907	8.177192	1
AC092650.1	0.003317427	0.003380055	0.003617489776659327	-1.0186341e-10	0.0	-5.12104	5.5665374	1
ERLEC1	0.35961303	0.3554398	0.3411450141553948	0.58075446	0.7416666666666667	0.7081657	7.0954456	1
SPTBN1	1.2484596	1.2385097	0.7956904687008494	1.7756397	0.9916666666666667	0.5196985	21.040785	1
ACTR2	0.5388775	0.52814966	0.47294746775715635	1.1072801	0.9333333333333333	1.0678587	23.326424	1
LINC01798	0.0066218525	0.0067468476	0.007234979553318654	-1.0186341e-10	0.0	-6.0973697	10.21418	1
CNRIP1	0.0582725	0.055443067	0.05819440075495439	0.20819095	0.35	1.9069213	6.278326	1
ANXA4	0.14148407	0.13855805	0.1443850267379679	0.29650402	0.475	1.0970067	5.69465	1
ASPRV1	0.009025841	0.009196209	0.010537905001572822	-1.0186341e-10	0.0	-6.538572	14.70296	1
TGFA	0.003349251	0.00341248	0.004089336269267065	-1.0186341e-10	0.0	-5.1344194	6.1221623	1
NAGK	0.11991305	0.11638959	0.12566844919786097	0.30658627	0.4583333333333333	1.3965625	6.6972647	1
AC007881.3	0.003840084	0.0039125765	0.004403900597672224	-1.0186341e-10	0.0	-5.3264585	6.440223	1
PAIP2B	0.18053925	0.18285173	0.1896822900283108	0.05799566	0.10833333333333334	-1.6549609	11.042607	1
DYSF	0.05547391	0.045531865	0.050173010380622836	0.5822387	0.6916666666666667	3.673745	22.14059	1
AC010913.1	0.015445203	0.015736729	0.018087448883296633	-1.0186341e-10	0.0	-7.3071322	24.776333	1
MTHFD2	0.5766	0.5821193	0.4460522176785153	0.28423738	0.39166666666666666	-1.0339589	11.5035715	1
C2orf81	0.0147845615	0.015063618	0.01620006291286568	-1.0186341e-10	0.0	-7.2444715	21.952818	1
AC005041.4	0.0031976902	0.0032580586	0.003617489776659327	-1.0186341e-10	0.0	-5.069557	5.552659	1
LBX2	0.003308108	0.0033705602	0.003617489776659327	-1.0186341e-10	0.0	-5.1170983	5.349351	1
AUP1	0.21864209	0.21435389	0.21877949040578798	0.44583964	0.6333333333333333	1.056181	8.758741	1
HK2	0.44493282	0.44938153	0.396036489462095	0.20928943	0.325	-1.1020731	11.211423	1
TMSB10	2.1065753	2.0761187	0.9559609940232777	3.7201986	1.0	0.84146	44.25141	1
TCF7L1	0.12550229	0.12181926	0.12755583516829191	0.32063073	0.49166666666666664	1.3954365	7.601316	1
TGOLN2	0.3408047	0.3341396	0.3229002831078956	0.69397384	0.7916666666666666	1.0542067	13.043381	1
VAMP8	0.05413123	0.049023293	0.05300408933626927	0.32477075	0.4666666666666667	2.7253866	11.492507	1
VAMP5	0.13482147	0.12075819	0.12425290972003775	0.8799365	0.7916666666666666	2.864248	26.319378	1
KDM3A	0.5562087	0.5594619	0.4839572192513369	0.3838814	0.5666666666666667	-0.5432614	5.2157283	1
CHMP3	0.4506054	0.44619533	0.4119219880465555	0.68428653	0.7833333333333333	0.61681277	7.069827	1
RNF103	0.086615704	0.08263301	0.08965083359547027	0.2976211	0.48333333333333334	1.8474263	9.078656	1
AC068279.2	0.0035890513	0.003656806	0.003932054105064486	-1.0186341e-10	0.0	-5.2314363	5.821346	1
CYTOR	0.062423475	0.05310597	0.05772255426234665	0.5560993	0.6833333333333333	3.385942	20.546806	1
EIF2AK3-DT	0.0078734355	0.008022053	0.00865051903114187	-1.0186341e-10	0.0	-6.343774	12.250312	1
AC062029.1	0.008750886	0.008916064	0.009436929852154765	-1.0186341e-10	0.0	-6.494427	12.693634	1
IGKC	0.05372631	0.05461153	0.0443535703051274	0.0068326173	0.016666666666666666	-2.980373	13.462818	1
LINC00342	0.11023009	0.10684342	0.10915382195659012	0.2896547	0.4083333333333333	1.4379843	5.978695	1
AC013270.1	0.0036101795	0.003678333	0.0042466184334696445	-1.0186341e-10	0.0	-5.2396793	6.338348	1
SEMA4C	0.04775838	0.04410499	0.04828562441019189	0.24133252	0.4083333333333333	2.449339	9.306156	1
LYG1	0.0036877743	0.0037573923	0.0042466184334696445	-1.0186341e-10	0.0	-5.2695556	6.2908015	1
TXNDC9	0.18773843	0.1815114	0.191097829506134	0.5176555	0.6916666666666667	1.5114162	13.780735	1
NPAS2	0.0071924143	0.003923936	0.0042466184334696445	0.18036786	0.2833333333333333	5.486991	7.9632163	1
MAP4K4	0.51877046	0.5027971	0.4433784208870714	1.3650931	0.9666666666666667	1.4407698	33.625034	1
SLC9A2	0.005507909	0.0056118798	0.005819440075495438	-1.0186341e-10	0.0	-5.835895	8.326023	1
FHL2	1.777502	1.7880775	0.87621893677257	1.2171879	0.8833333333333333	-0.5548195	13.888617	1
AC108058.1	0.0035251742	0.0035917233	0.003932054105064486	-1.0186341e-10	0.0	-5.206224	5.880549	1
UXS1	0.05072069	0.047578856	0.05363321799307959	0.21719109	0.31666666666666665	2.1882074	6.260594	1
SULT1C4	0.054201562	0.04700316	0.05033029254482542	0.43559995	0.5916666666666667	3.209439	16.527332	1
GCC2	0.4537389	0.44845545	0.40657439446366783	0.7336939	0.825	0.7100887	8.993467	1
LIMS1	0.34898582	0.32519847	0.311890531613715	1.6093181	0.9916666666666667	2.3067033	44.25141	1
SEPTIN10	0.36575973	0.3581612	0.34067316766278705	0.76837057	0.8666666666666667	1.1009783	18.146746	1
MALL	0.009634471	0.0005290816	0.0004718464926077383	0.49206847	0.6	9.61169	18.647196	1
MIR4435-2HG	0.039418895	0.03325005	0.03696130858760616	0.3662617	0.5083333333333333	3.4575078	14.037127	1
SLC20A1	0.061585248	0.05702752	0.06149732620320856	0.30307326	0.45	2.4078846	9.96456	1
ACTR3	0.56728005	0.55846214	0.4913494809688581	1.0344855	0.925	0.88926315	20.290655	1
DPP10-AS1	0.005520927	0.005625143	0.006605850896508336	-1.0186341e-10	0.0	-5.8392415	9.440162	1
DBI	0.54256403	0.5283151	0.46917269581629445	1.2975229	0.9583333333333334	1.2961276	35.34564	1
TMEM37	0.025911663	0.023135917	0.025951557093425604	0.1729752	0.275	2.8969705	6.7824116	1
PTPN4	0.13326272	0.12900819	0.13589178987102862	0.3586729	0.5333333333333333	1.4744903	8.814627	1
RALB	0.12508765	0.11897278	0.12519660270525323	0.44906613	0.6166666666666667	1.9154055	13.637538	1
INHBB	0.007811959	0.0004964692	0.0004718464926077383	0.39541104	0.45	9.3730545	13.191598	1
GYPC	0.504575	0.4910407	0.4212016357345077	1.2216675	0.9416666666666667	1.3147615	30.610506	1
BIN1	0.025764218	0.022691159	0.02485058194400755	0.18858021	0.30833333333333335	3.049397	7.4654517	1
CCDC74B	0.0102355145	0.010428714	0.011638880150990877	-1.0186341e-10	0.0	-6.718187	15.93575	1
PLEKHB2	0.28460237	0.28043714	0.2788612771311733	0.50528216	0.7	0.8491831	7.926009	1
ANKRD30BL	0.007860996	0.008009378	0.00865051903114187	-1.0186341e-10	0.0	-6.341521	11.790649	1
TMEM163	0.5725539	0.5764358	0.4847436300723498	0.36692837	0.5083333333333333	-0.6515187	6.6767683	1
CXCR4	0.025310103	0.015431042	0.015570934256055362	0.54873353	0.55	5.143142	14.575562	1
ZEB2-AS1	0.003323954	0.0033867052	0.003617489776659327	-1.0186341e-10	0.0	-5.123794	5.510025	1
NMI	0.002546894	0.00073998695	0.001100975149418056	0.09828285	0.18333333333333332	6.8718963	5.767566	1
CACNB4	0.0043902136	0.0044730892	0.004875747090279962	-1.0186341e-10	0.0	-5.5150986	6.9303236	1
FMNL2	0.047681943	0.04508593	0.04954388172381252	0.18523353	0.30833333333333335	2.0361786	5.7381043	1
ARL6IP6	0.06735062	0.06503616	0.06873230575652721	0.1899833	0.3416666666666667	1.545101	5.474493	1
AC061961.1	0.0035736323	0.003641096	0.003932054105064486	-1.0186341e-10	0.0	-5.2253904	5.8971405	1
GALNT5	0.01789684	0.018234638	0.019502988361119848	-1.0186341e-10	0.0	-7.5184298	25.625599	1
BAZ2B	0.40865692	0.40488747	0.368354828562441	0.6083951	0.7583333333333333	0.5873685	6.0332727	1
RBMS1	0.80446833	0.79747206	0.6338471217363951	1.175149	0.9583333333333334	0.5592797	15.813426	1
TANK	0.16974019	0.16669242	0.1726958162944322	0.33120736	0.5166666666666667	0.9901164	5.8500624	1
PSMD14	0.3140725	0.30657065	0.3024536017615602	0.7115373	0.7833333333333333	1.2144521	14.685278	1
SCN9A	0.02836476	0.025432207	0.026895250078641082	0.18373606	0.2833333333333333	2.8480296	6.549883	1
CERS6-AS1	0.0088447975	0.009011748	0.009594212016357346	-1.0186341e-10	0.0	-6.5096574	13.36671	1
NOSTRIN	0.018772399	0.015541637	0.01730103806228374	0.18994942	0.2833333333333333	3.6029112	7.5637865	1
KLHL41	0.43689135	0.44032928	0.39572192513368987	0.2547989	0.4166666666666667	-0.78898543	7.0863643	1
KLHL23	0.23101401	0.23298827	0.2338785781692356	0.12639533	0.24166666666666667	-0.88179225	5.528754	1
AC007405.3	0.17077646	0.17242892	0.17458320226486315	0.08320395	0.15833333333333333	-1.0503814	5.001924	1
GAD1	0.0037848144	0.0038562638	0.004403900597672224	-1.0186341e-10	0.0	-5.3060684	6.414675	1
ITGA6	0.065155335	0.053086452	0.05614973262032086	0.70460725	0.7166666666666667	3.7278934	23.179441	1
PDK1	1.092286	1.1013633	0.7577854671280276	0.611377	0.7416666666666667	-0.8490513	21.752258	1
RAPGEF4	0.011485911	0.009229418	0.009594212016357346	0.13104306	0.23333333333333334	3.8132107	6.0258346	1
LNPK	0.5526605	0.55615807	0.4913494809688581	0.3673849	0.575	-0.5980695	6.4364524	1
HOXD8	0.0034143308	0.00063434715	0.0006291286568103177	0.15070723	0.25	7.682028	7.388471	1
LINC01116	0.0035055669	0.0016461883	0.0020446681346335325	0.10202211	0.19166666666666668	5.869942	5.7964115	1
AC079305.3	0.006986335	0.0071182097	0.007549543881723813	-1.0186341e-10	0.0	-6.1735706	10.696843	1
AC079305.1	0.004921411	0.005014313	0.0053475935828877	-1.0186341e-10	0.0	-5.6764703	7.678992	1
AC010680.2	0.0052039763	0.005302211	0.0062912865681031774	-1.0186341e-10	0.0	-5.7554793	9.089202	1
CCDC141	0.5654543	0.56938595	0.47971060081786726	0.35719177	0.5083333333333333	-0.6725577	6.8330026	1
SESTD1	0.14805366	0.1441977	0.14957533815665303	0.3523448	0.5166666666666667	1.2883489	7.432109	1
ITGA4	0.0061103916	0.0028459216	0.00267379679144385	0.17907341	0.2833333333333333	5.9264936	7.804823	1
ITPRID2	0.17004389	0.16287892	0.16546083674111356	0.54965794	0.6583333333333333	1.7541112	14.881463	1
DNAJC10	0.29649684	0.29177296	0.28845548914753066	0.54677314	0.65	0.9058658	7.4288383	1
DUSP19	0.027725726	0.028182965	0.03129915067631331	0.003492922	0.008333333333333333	-2.976704	8.315974	1
AC021851.1	0.003510165	0.003576431	0.0037747719408619063	-1.0186341e-10	0.0	-5.2002354	5.681129	1
FAM171B	0.052082177	0.04909135	0.05441962881409248	0.210552	0.35	2.098385	6.760741	1
CALCRL	0.039598685	0.023394799	0.026266121421830765	0.8981338	0.9	5.2566776	35.515125	1
TFPI	0.113781095	0.09950606	0.10239068889587921	0.8701165	0.8666666666666667	3.127069	28.550478	1
COL5A2	0.58198625	0.57354397	0.45926391947153195	1.0293019	0.9	0.84357876	16.391895	1
GLS	0.3985958	0.3908987	0.3631645171437559	0.80642766	0.9	1.0445602	17.98364	1
MYO1B	0.13581264	0.12808299	0.13085876061654608	0.5453486	0.6583333333333333	2.0892384	16.009787	1
AC068135.2	0.004049399	0.0041258424	0.004561182761874803	-1.0186341e-10	0.0	-5.4011683	6.658532	1
DNAH7	0.005477474	0.0055808704	0.006134004403900598	-1.0186341e-10	0.0	-5.8280416	8.644566	1
AC114760.2	0.003621333	0.003689697	0.004089336269267065	-1.0186341e-10	0.0	-5.2440124	6.2038016	1
HECW2	0.022699436	0.009761941	0.010537905001572822	0.70817065	0.75	6.1662855	26.265694	1
COQ10B	0.19369872	0.19052844	0.1972318339100346	0.36165583	0.5416666666666666	0.9242528	5.5059543	1
SPATS2L	0.1733688	0.16996598	0.17222396980182447	0.35364455	0.4666666666666667	1.0566132	5.0077686	1
BZW1	0.8441548	0.8371607	0.6497326203208557	1.2147162	0.9666666666666667	0.5369892	14.5302305	1
CFLAR	0.13560094	0.12992094	0.13510537905001574	0.43653604	0.5333333333333333	1.7476872	9.739723	1
RAPH1	0.0440574	0.041040253	0.0443535703051274	0.20392169	0.31666666666666665	2.3100998	6.7971525	1
NRP2	0.30738503	0.29325897	0.25574079899339414	1.0558261	0.9166666666666666	1.84777	25.50005	1
KLF7	0.07926856	0.07628	0.08100031456432841	0.2376173	0.375	1.6379801	6.270215	1
CREB1	0.24679013	0.24373439	0.2409562755583517	0.40867856	0.5833333333333334	0.7454179	5.0252385	1
CCNYL1	0.024613965	0.02167891	0.024536017615602392	0.18011783	0.30833333333333335	3.0487382	7.702256	1
ERBB4	0.3758951	0.3795671	0.34995281535073924	0.18141761	0.2833333333333333	-1.0646253	9.56025	1
SNHG31	0.0090153925	0.009185563	0.009751494180559924	-1.0186341e-10	0.0	-6.536919	13.361436	1
FN1	0.2507188	0.24050835	0.2124882038376848	0.7916937	0.7083333333333334	1.7184379	12.509506	1
IGFBP2	1.2519727	1.2337403	0.71280276816609	2.2179968	1.0	0.84616655	43.190712	1
IGFBP5	1.7569901	1.7420424	0.8018244731047499	2.5489962	0.95	0.5491232	9.942571	1
ARPC2	1.2161909	1.2000922	0.8079584775086506	2.0691571	1.0	0.78584737	44.25141	1
VIL1	0.00393139	0.004005606	0.004403900597672224	-1.0186341e-10	0.0	-5.3595247	6.613493	1
CNOT9	0.05624164	0.053866126	0.05787983642654923	0.18211067	0.31666666666666665	1.7554814	5.6366553	1
TUBA4A	0.03975799	0.034590896	0.03774771940861906	0.3135241	0.475	3.1764073	12.653017	1
DNAJB2	0.30742526	0.31008372	0.30150990877634476	0.16655394	0.30833333333333335	-0.89626735	7.1541944	1
SPEG	0.4880891	0.49214685	0.44369298521547657	0.2731624	0.4166666666666667	-0.84909517	8.9221735	1
OBSL1	0.7364404	0.742588	0.6012897137464611	0.41076064	0.6	-0.8541072	14.977462	1
INHA	0.5060628	0.5125453	0.4385026737967914	0.16267692	0.25	-1.6550648	23.029688	1
WDFY1	0.15022132	0.14602707	0.1522491349480969	0.3724372	0.575	1.350161	9.078582	1
SPHKAP	0.78638655	0.79377425	0.5992450456118276	0.39502066	0.55	-1.0066173	17.610983	1
TRIP12	0.3959928	0.39180043	0.36819754639823843	0.61813813	0.725	0.6576755	6.0732837	1
SP100	0.012197263	0.0067291344	0.007706826045926392	0.3019172	0.425	5.466784	12.72714	1
PSMD1	0.55600154	0.54851717	0.4845863479081472	0.95255464	0.9	0.7961535	14.351642	1
LINC00471	0.013521429	0.013776646	0.014627241270839886	-1.0186341e-10	0.0	-7.1165166	19.004482	1
EIF4E2	0.35301584	0.34718314	0.33516829191569675	0.66207224	0.8	0.9310943	12.639211	1
NGEF	0.010275646	0.010469602	0.011324315822585718	-1.0186341e-10	0.0	-6.7237787	15.504149	1
DGKD	0.14269194	0.13845256	0.14611513054419628	0.3672979	0.5166666666666667	1.40691	8.13018	1
ACKR3	0.009114861	0.0007410784	0.0009436929852154766	0.45278576	0.4666666666666667	9.072691	14.373994	1
RAB17	0.011178182	0.011389174	0.011796162315193457	-1.0186341e-10	0.0	-6.844133	16.130247	1
UBE2F	0.20886858	0.20493165	0.21217363950927964	0.4174479	0.5916666666666667	1.026095	7.1738977	1
ESPNL	0.005856149	0.005966692	0.006763133060710916	-1.0186341e-10	0.0	-5.9228396	9.552208	1
LINC02610	0.015793404	0.016091501	0.01887385970430953	-1.0186341e-10	0.0	-7.3390946	25.299215	1
COPS9	0.6988634	0.69186425	0.5759672853098459	1.0697018	0.9583333333333334	0.62857413	16.1386	1
GPC1	0.6241312	0.62950253	0.5311418685121108	0.33959165	0.5416666666666666	-0.89021575	14.310081	1
GPR35	0.0035169048	0.0035832978	0.004089336269267065	-1.0186341e-10	0.0	-5.2029276	6.175786	1
KIF1A	0.4085105	0.41211352	0.3757470902799622	0.21767664	0.36666666666666664	-0.92054254	9.59544	1
STK25	0.29932076	0.29585153	0.29207297892419	0.48312074	0.6583333333333333	0.7073215	5.6017666	1
DTYMK	0.16721459	0.1640204	0.17017930166719095	0.3364418	0.5083333333333333	1.036031	5.6818466	1
LINC01238-1	0.0035106456	0.0035769206	0.0037747719408619063	-1.0186341e-10	0.0	-5.2004275	5.71455	1
AC026202.2	0.0032541219	0.0033155552	0.0037747719408619063	-1.0186341e-10	0.0	-5.09405	5.6964016	1
ARPC4	0.362254	0.3558327	0.3427178357974206	0.7024922	0.8083333333333333	0.9810831	13.934775	1
EMC3	0.35411292	0.35054123	0.339572192513369	0.5433897	0.725	0.6322571	5.936085	1
FGD5	0.0060206684	0.00093616365	0.001100975149418056	0.2754149	0.45	8.054734	13.57199	1
SH3BP5	0.096610874	0.077347144	0.08414595784838	1.1172647	0.95	3.8507442	43.40631	1
ANKRD28	0.060314946	0.0568352	0.062441019188424034	0.24468851	0.4	2.104143	7.7367086	1
DPH3	0.25011417	0.24431026	0.2507077697389116	0.5576172	0.7083333333333334	1.1902289	11.660167	1
SATB1-AS1	0.010765544	0.010968747	0.012425290972003775	-1.0186341e-10	0.0	-6.7903495	16.651484	1
KCNH8	0.0035867353	0.0036544462	0.004089336269267065	-1.0186341e-10	0.0	-5.23053	6.021038	1
THRB	0.004504257	0.0045892852	0.004875747090279962	-1.0186341e-10	0.0	-5.5512977	6.928475	1
SLC4A7	0.16017659	0.15687694	0.1590122680088078	0.33499172	0.48333333333333334	1.0940034	5.377401	1
TGFBR2	0.30506527	0.2910428	0.28106322743000944	1.0480229	0.9166666666666666	1.8480091	33.425144	1
OSBPL10	0.018062232	0.014108228	0.015256369927650204	0.2275588	0.39166666666666666	4.0020747	11.610749	1
CMTM7	0.048683606	0.046056073	0.049858446052217675	0.187905	0.30833333333333335	2.0261786	6.0859437	1
CMTM6	0.23600963	0.22987726	0.2308902170493866	0.5609143	0.7	1.2865463	12.418159	1
LINC01811	0.0036290912	0.0036976016	0.004561182761874803	-1.0186341e-10	0.0	-5.2470183	6.604794	1
ARPP21	0.1850644	0.18752718	0.17898710286253539	0.05455802	0.1	-1.7793636	12.936099	1
AC097359.2	0.024850406	0.025319299	0.026895250078641082	-1.0186341e-10	0.0	-7.989782	36.170856	1
CTDSPL	0.11476869	0.10843126	0.11371500471846492	0.4505381	0.6	2.0538585	13.849323	1
ACVR2B-AS1	0.004610845	0.004697885	0.005976722239698019	-1.0186341e-10	0.0	-5.584328	8.591376	1
EXOG	0.05956343	0.057259616	0.061969172695816296	0.18163294	0.325	1.6637126	5.610909	1
AC092053.4	0.0060192537	0.006132876	0.006920415224913495	-1.0186341e-10	0.0	-5.9618278	9.733673	1
AC099332.1	0.0029825172	0.0030388243	0.003302925448254168	-1.0186341e-10	0.0	-4.9721537	5.0347457	1
CTNNB1	0.57275146	0.5657585	0.49276502044668136	0.94327104	0.8916666666666667	0.73738396	13.472394	1
NKTR	0.51605386	0.51121503	0.44935514312676944	0.7724391	0.8416666666666667	0.59539557	7.4706144	1
HHATL	0.11723988	0.118770115	0.11717521233092168	0.036143184	0.08333333333333333	-1.7136045	9.87666	1
AC006059.4	0.0031216634	0.0031805967	0.0034602076124567475	-1.0186341e-10	0.0	-5.0358877	5.1747494	1
SNRK	0.06737065	0.055358797	0.061969172695816296	0.7038004	0.7916666666666666	3.665883	27.31558	1
ABHD5	0.0744537	0.070469655	0.0756527209814407	0.2855453	0.4583333333333333	2.0171046	9.588119	1
AC006058.3	0.0032848006	0.003346813	0.003617489776659327	-1.0186341e-10	0.0	-5.1071925	5.4292088	1
AC104187.1	0.0049566515	0.005050218	0.005662157911292859	-1.0186341e-10	0.0	-5.686563	8.14638	1
ZKSCAN7	0.024019856	0.024473075	0.026737967914438502	-1.0186341e-10	0.0	-7.940936	35.564617	1
AC124045.1	0.0068313265	0.006960275	0.007864108210128971	-1.0186341e-10	0.0	-6.141654	11.24364	1
KIF15	0.0064912364	0.006613767	0.007392261717521233	-1.0186341e-10	0.0	-6.069052	10.340721	1
ZDHHC3	0.17033727	0.1652282	0.17316766278703996	0.44101778	0.6166666666666667	1.415831	11.158411	1
LIMD1	0.06365015	0.059165057	0.06369927650204467	0.30129054	0.45	2.3463802	9.754676	1
TMIE	0.0035972157	0.0036651245	0.003932054105064486	-1.0186341e-10	0.0	-5.2346272	5.9899487	1
NBEAL2	0.012007001	0.009440102	0.010223340673167663	0.14801048	0.25833333333333336	3.9565253	7.0203543	1
ELP6	0.21818452	0.21547212	0.21988046555520604	0.36188456	0.5916666666666667	0.7477575	5.1715508	1
FBXW12	0.0031800116	0.003240046	0.004089336269267065	-1.0186341e-10	0.0	-5.0617976	6.1250424	1
SHISA5	0.33106664	0.3233885	0.3142497640767537	0.7379	0.825	1.1899066	16.979502	1
IMPDH2	0.5759818	0.58001214	0.5050330292544826	0.3624827	0.5416666666666666	-0.67802185	8.034591	1
LAMB2	0.3415364	0.3370325	0.31629443221138726	0.58021057	0.7	0.78350955	7.278964	1
BSN-DT	0.004607096	0.004694065	0.0050330292544825414	-1.0186341e-10	0.0	-5.583179	7.461765	1
INKA1	0.024302704	0.01892277	0.021233092167348224	0.30934665	0.48333333333333334	4.0238914	14.011304	1
RBM5-AS1	0.009407382	0.009584952	0.010066058508965083	-1.0186341e-10	0.0	-6.5976744	13.803476	1
SLC38A3	0.012136182	0.012365254	0.013526266121421831	-1.0186341e-10	0.0	-6.96177	18.47828	1
GNAI2	0.6959581	0.6740691	0.5666876376218937	1.8557146	1.0	1.46087	44.25141	1
U73166.1	0.007238601	0.0073752366	0.00833595470273671	-1.0186341e-10	0.0	-6.2240486	11.622548	1
SEMA3B-AS1	0.0047871773	0.0048775454	0.005190311418685121	-1.0186341e-10	0.0	-5.637364	7.3493843	1
HYAL2	0.21401465	0.20019802	0.20446681346335324	0.94606215	0.925	2.2399392	34.617565	1
DOCK3	0.0061559062	0.0062721074	0.007077697389116074	-1.0186341e-10	0.0	-5.9937	10.033167	1
MANF	0.34565243	0.33829418	0.3112614029569047	0.73553634	0.775	1.120288	12.864667	1
TEX264	0.28266373	0.27755383	0.2758729160113243	0.5533967	0.7166666666666667	0.99528754	9.670048	1
PARP3	0.04137341	0.041964963	0.04419628814092482	0.010039318	0.025	-2.0526586	5.71471	1
TWF2	0.07523647	0.070539266	0.07675369613085876	0.32411373	0.5	2.198403	10.898921	1
AC006252.1	0.0031242338	0.0031832156	0.003617489776659327	-1.0186341e-10	0.0	-5.0370393	5.453506	1
STAB1	0.0033452706	0.0011627019	0.0014155394778232148	0.118985265	0.21666666666666667	6.559337	6.6088786	1
ARHGEF3	0.02985191	0.027665624	0.029411764705882353	0.14568368	0.25833333333333336	2.3924575	5.533006	1
ARF4	0.48293236	0.4772591	0.4366152878263605	0.7835379	0.8583333333333333	0.71511227	10.730355	1
FLNB	0.032263473	0.028600445	0.03004089336269267	0.2263387	0.35833333333333334	2.9799755	8.556312	1
AC135507.1	0.0029309308	0.0029862644	0.003617489776659327	-1.0186341e-10	0.0	-4.9477916	5.632447	1
PTPRG	0.09564761	0.092569605	0.0956275558351683	0.25871867	0.44166666666666665	1.4817735	6.5626173	1
ATXN7	0.08267883	0.08013371	0.08650519031141868	0.21751656	0.35833333333333334	1.439508	5.3887644	1
PSMD6	0.39681455	0.39250508	0.3708713431896823	0.6251822	0.75	0.6714288	6.7846694	1
ADAMTS9	0.18863086	0.16867457	0.15508021390374332	1.2459834	0.9333333333333333	2.884231	36.953537	1
TAFA1	0.0032641212	0.0033257434	0.003302925448254168	-1.0186341e-10	0.0	-5.0983467	5.058142	1
EOGT	0.021413505	0.017866656	0.020603963510537907	0.2093368	0.35	3.543121	9.329671	1
FOXP1	0.7097612	0.71471685	0.5874488832966341	0.4472254	0.625	-0.6762491	10.198861	1
GPR27	0.045839656	0.046479728	0.05033029254482542	0.011934525	0.025	-1.9525231	5.1859374	1
GXYLT2	0.14925417	0.1509622	0.15633847121736394	0.05873857	0.11666666666666667	-1.3603086	7.1809416	1
LINC00960	0.0867017	0.082942694	0.08776344762503932	0.28585342	0.43333333333333335	1.783855	7.745081	1
ROBO2	0.13037969	0.13197966	0.12865681031770998	0.045587156	0.09166666666666666	-1.5315477	7.7518787	1
ROBO1	0.12086716	0.11274514	0.11623151934570619	0.5511923	0.6916666666666667	2.2884731	17.564196	1
GBE1	0.6705391	0.6754533	0.5515885498584461	0.41020626	0.5666666666666667	-0.7193686	10.044157	1
EPHA3	0.11091018	0.11233671	0.11717521233092168	0.035307717	0.058333333333333334	-1.6669773	6.635019	1
PROS1	0.39923015	0.39550644	0.3715004718464926	0.5965538	0.725	0.5928283	5.5505433	1
CLDND1	0.26300165	0.25974005	0.2615602390688896	0.43580255	0.6	0.7463819	5.020395	1
DCBLD2	0.43130693	0.4344088	0.40405787983642655	0.26701856	0.425	-0.70190525	6.1725774	1
CBLB	0.12602803	0.12250162	0.12488203837684807	0.31285807	0.475	1.3519913	6.687293	1
LINC00882	0.05090117	0.051713455	0.05677886127713117	0.007871985	0.016666666666666666	-2.700316	9.945143	1
CD47	0.20160347	0.19576104	0.19707455174583202	0.51114583	0.6583333333333333	1.3841867	11.522462	1
NECTIN3-AS1	0.008613823	0.008776414	0.009594212016357346	-1.0186341e-10	0.0	-6.4719067	13.552446	1
TBILA	0.0057014767	0.0058091013	0.006134004403900598	-1.0186341e-10	0.0	-5.884868	8.903946	1
AC112487.1	0.006323299	0.0064426595	0.007549543881723813	-1.0186341e-10	0.0	-6.031807	10.758788	1
AC078785.1	0.0038164447	0.0038884908	0.004561182761874803	-1.0186341e-10	0.0	-5.3177724	6.9385476	1
CD80	0.004567087	0.004653301	0.004718464926077383	-1.0186341e-10	0.0	-5.5708594	6.9681873	1
POLQ	0.012705223	0.012945035	0.01368354828562441	-1.0186341e-10	0.0	-7.0273585	18.626764	1
ARGFX	0.0031527528	0.003212273	0.0034602076124567475	-1.0186341e-10	0.0	-5.0497513	5.1808205	1
FBXO40	0.49751183	0.5031045	0.43551431267694246	0.20126316	0.31666666666666665	-1.3213452	16.545057	1
HCLS1	0.0025998682	0.0007150587	0.0006291286568103177	0.10246339	0.18333333333333332	6.975396	5.437595	1
FAM162A	3.0787437	3.0979557	0.9973262032085561	2.0608628	0.9916666666666667	-0.58804464	38.28452	1
PARP14	0.058552966	0.053490352	0.05567788612771312	0.32679126	0.5	2.6087654	12.496866	1
MYLK	0.07168678	0.0645792	0.05756527209814407	0.44827434	0.5583333333333333	2.79333	11.73875	1
ITGB5	0.070579946	0.0673105	0.07439446366782007	0.24381141	0.39166666666666666	1.8553121	7.0752673	1
HEG1	0.08564798	0.08228274	0.0855614973262032	0.26393443	0.4	1.680312	6.783958	1
ALG1L	0.007981583	0.008132241	0.008965083359547028	-1.0186341e-10	0.0	-6.363215	12.782776	1
MGLL	0.2237788	0.21963297	0.21264548600188737	0.4434309	0.6083333333333333	1.0132831	6.9538465	1
SEC61A1	0.17950977	0.17657122	0.18166089965397925	0.33519092	0.525	0.9243463	5.413606	1
RPN1	0.3053303	0.30000365	0.29537590437244415	0.5875433	0.7666666666666667	0.96948	11.571678	1
PLXND1	0.12545381	0.11162678	0.11811890531613715	0.85805434	0.8583333333333333	2.9412622	32.509678	1
AC130888.1	0.0050941515	0.0051903133	0.005662157911292859	-1.0186341e-10	0.0	-5.7252827	8.165371	1
AC010210.1	0.0045107477	0.004595898	0.004875747090279962	-1.0186341e-10	0.0	-5.5533304	6.9716697	1
CPNE4	0.0054425485	0.005545286	0.0062912865681031774	-1.0186341e-10	0.0	-5.8189764	8.793937	1
SLC35G2	0.03447573	0.031722426	0.03381566530355458	0.18034993	0.2916666666666667	2.5034828	6.532914	1
COPB2	0.4877907	0.48336568	0.4429065743944637	0.7222596	0.8416666666666667	0.57930374	8.102658	1
PLS1	0.10204604	0.10347948	0.10679458949355143	0.026076788	0.05	-1.9843782	9.586895	1
PCOLCE2	0.05528631	0.056141067	0.06055363321799308	0.010006867	0.016666666666666666	-2.476288	7.3402	1
CHST2	0.0101498235	0.006250072	0.007234979553318654	0.21677211	0.3416666666666667	5.093928	9.642629	1
PLOD2	0.79197824	0.797327	0.6156023906888959	0.5086161	0.6666666666666666	-0.64849174	9.861784	1
TM4SF18	0.028682433	0.0024120002	0.0025165146272412707	1.4205773	0.9583333333333334	9.143527	44.25141	1
TM4SF1	0.046231966	0.014238156	0.012582573136206355	1.7413708	0.975	6.924303	44.25141	1
WWTR1	0.40219462	0.38004106	0.35372758729160114	1.5759581	0.9833333333333333	2.0517142	44.25141	1
COMMD2	0.2882698	0.28379825	0.28295061340044037	0.525184	0.7	0.88772374	8.282401	1
RNF13	0.19122747	0.18815583	0.1918842403271469	0.35396224	0.5166666666666667	0.9113084	5.22636	1
SERP1	0.6094323	0.6032265	0.5267379679144385	0.9382514	0.9	0.6371893	12.194501	1
GPR171	0.0057419124	0.0058502997	0.006134004403900598	-1.0186341e-10	0.0	-5.8948917	8.792372	1
RAP2B	0.13158672	0.12476492	0.12818496382510222	0.4930188	0.6166666666666667	1.981567	14.253927	1
MME	0.0046696644	0.0009948486	0.001100975149418056	0.19937381	0.25833333333333336	7.509324	6.91751	1
STRIT1	0.0063840556	0.0065045627	0.006920415224913495	-1.0186341e-10	0.0	-6.0453925	9.699847	1
TIPARP	0.51070976	0.51448417	0.43928908461780436	0.3107819	0.49166666666666664	-0.7270405	7.1850386	1
LEKR1	0.0044508274	0.004534847	0.004875747090279962	-1.0186341e-10	0.0	-5.5344515	7.0702214	1
LINC00880	0.018328182	0.01867412	0.01966027052532243	-1.0186341e-10	0.0	-7.552603	26.007187	1
LINC00881	0.9101905	0.91797656	0.6291286568103177	0.49769256	0.6583333333333333	-0.88306993	17.716427	1
VEPH1	0.0057553495	0.0014683513	0.0015728216420257944	0.23289512	0.375	7.214907	11.370023	1
LXN	0.03798311	0.027013153	0.029411764705882353	0.6192055	0.7083333333333334	4.5135865	22.686577	1
AC080013.1	0.003735994	0.0038065219	0.0042466184334696445	-1.0186341e-10	0.0	-5.287814	6.2890506	1
SCHIP1	0.031001385	0.028414836	0.030512739855300407	0.16804041	0.275	2.559882	6.0845942	1
LINC01324	0.010038321	0.0102277985	0.01116703365838314	-1.0186341e-10	0.0	-6.6903906	15.412799	1
SERPINI1	0.88317865	0.8904443	0.6100975149418056	0.4982618	0.625	-0.8374939	14.342544	1
AC079822.1	0.00621565	0.006332979	0.0062912865681031774	-1.0186341e-10	0.0	-6.0074167	9.096135	1
MECOM	0.022599151	0.014442718	0.01667190940547342	0.45475322	0.5666666666666667	4.9670324	18.02949	1
PLD1	0.060612157	0.05710294	0.06071091538219566	0.24654736	0.38333333333333336	2.1082885	7.8641224	1
FNDC3B	0.31133884	0.30677062	0.2887700534759358	0.5533692	0.65	0.8508727	7.074639	1
TNFSF10	0.0050265365	0.00023610529	0.00031456432840515884	0.2588396	0.31666666666666665	9.589486	8.955999	1
NCEH1	0.029714737	0.0275587	0.03035545769109783	0.14394353	0.24166666666666667	2.3806996	5.0496545	1
NLGN1	0.0584917	0.059284944	0.06071091538219566	0.01647093	0.03333333333333333	-1.8414427	5.6649776	1
ZMAT3	0.33927605	0.33456516	0.3117332494495124	0.5889101	0.7166666666666667	0.81557405	7.694835	1
PIK3CA	0.11285029	0.110334896	0.11638880150990878	0.24611129	0.4166666666666667	1.1567008	5.1217346	1
PEX5L	0.0046665585	0.00475465	0.00550487574709028	-1.0186341e-10	0.0	-5.601297	7.941885	1
SOX2-OT	0.0077530267	0.007899372	0.00817867253853413	-1.0186341e-10	0.0	-6.3218164	11.412943	1
LAMP3	0.006823724	0.0069525293	0.006763133060710916	-1.0186341e-10	0.0	-6.1400704	9.619518	1
AP2M1	0.8826307	0.8728856	0.6767851525636993	1.3989744	0.9833333333333333	0.6804429	25.99593	1
PSMD2	0.58457464	0.57839555	0.5077068260459264	0.9119671	0.8833333333333333	0.65683407	10.836436	1
EIF4G1	0.4751841	0.47043544	0.429694872601447	0.72680175	0.8	0.6274571	7.833262	1
AC107294.3	0.0054791356	0.0055825636	0.006605850896508336	-1.0186341e-10	0.0	-5.8284717	9.431497	1
DNAJB11	0.23308511	0.22802427	0.2285309845863479	0.5012167	0.65	1.1359024	9.327663	1
LPP	0.66466063	0.65784043	0.5500157282164203	1.026016	0.9166666666666666	0.6411649	13.221946	1
CLDN1	0.005839805	0.003298011	0.0034602076124567475	0.14051318	0.225	5.370898	5.9979935	1
CCDC50	0.3455756	0.33723488	0.3271469015413652	0.78750587	0.875	1.2232925	20.077822	1
FGF12	0.00487015	0.001890486	0.0023592324630386913	0.16274303	0.275	6.3542175	8.006512	1
LINC02028	0.0027289214	0.002780442	0.0034602076124567475	-1.0186341e-10	0.0	-4.84822	5.457116	1
FAM43A	0.05430084	0.045719974	0.05033029254482542	0.5089457	0.675	3.4737465	21.18777	1
ACAP2	0.33380678	0.3291323	0.31849638251022333	0.5815018	0.75	0.82092595	8.159751	1
TFRC	0.6929592	0.70124334	0.5625983013526266	0.2541085	0.38333333333333336	-1.4641088	26.241894	1
PCYT1A	0.18500987	0.1817385	0.18905316137150047	0.35833004	0.525	0.9790338	5.436701	1
AC117490.2	0.0043835286	0.004466278	0.0050330292544825414	-1.0186341e-10	0.0	-5.512948	7.3938947	1
SMCO1	0.0062228497	0.006340314	0.007392261717521233	-1.0186341e-10	0.0	-6.009061	10.577027	1
PAK2	0.65459204	0.64782465	0.5498584460522177	1.0131707	0.9166666666666666	0.64512175	13.234659	1
MELTF	0.0030642	0.0031220487	0.003302925448254168	-1.0186341e-10	0.0	-5.0099077	5.016964	1
AC107464.1	0.0047760014	0.004866158	0.0053475935828877	-1.0186341e-10	0.0	-5.63406	7.933333	1
SLC26A1	0.011742577	0.01196422	0.012582573136206355	-1.0186341e-10	0.0	-6.9145923	17.096657	1
FGFR3	0.008127733	0.00828115	0.009751494180559924	-1.0186341e-10	0.0	-6.3890777	13.412957	1
MXD4	0.155075	0.15041484	0.15555206039635106	0.40197635	0.5583333333333333	1.4175637	9.517881	1
TNIP2	0.188281	0.18513809	0.19015413652091853	0.35479343	0.5666666666666667	0.93800503	6.0439568	1
SH3BP2	0.07215994	0.06942797	0.0740798993394149	0.21691504	0.35833333333333334	1.6421297	5.831787	1
MFSD10	0.26569468	0.25935912	0.2585718779490406	0.6013681	0.7416666666666667	1.2129812	12.44733	1
RGS12	0.072445646	0.06901297	0.07282164202579428	0.2543253	0.4166666666666667	1.8802136	7.8416343	1
CRMP1	0.13504736	0.13143213	0.13557722554262347	0.32658333	0.49166666666666664	1.3124775	6.848031	1
AC108519.1	0.009201363	0.009375043	0.0106951871657754	-1.0186341e-10	0.0	-6.566062	14.745341	1
WDR1	0.32569575	0.32009187	0.3125196602705253	0.62262464	0.8	0.9596578	11.878512	1
LDB2	0.054347806	0.03766599	0.04057879836426549	0.9382064	0.8916666666666667	4.6348996	38.335255	1
AC006160.1	0.005562593	0.005667596	0.006605850896508336	-1.0186341e-10	0.0	-5.8499	9.126258	1
AC096576.3	0.0045332084	0.004618783	0.004718464926077383	-1.0186341e-10	0.0	-5.560344	6.93978	1
STIM2	0.14301772	0.13826096	0.14344133375275245	0.3950375	0.5416666666666666	1.5139178	9.147198	1
PCDH7	1.3880649	1.3962876	0.8243158225857188	0.95241004	0.8833333333333333	-0.5518931	15.353924	1
KLF3	0.15857074	0.15295511	0.15775401069518716	0.45609593	0.6166666666666667	1.5756023	11.330019	1
FAM114A1	0.19455208	0.18822181	0.19204152249134948	0.52993995	0.7	1.4929011	13.798292	1
KLHL5	0.08318403	0.0785026	0.0849323686693929	0.33121857	0.5166666666666667	2.07557	11.013244	1
WDR19	0.03724129	0.037793502	0.040106951871657755	0.007976618	0.016666666666666666	-2.2301276	5.577189	1
UBE2K	0.52518934	0.5205963	0.47121736395092795	0.7685453	0.8833333333333333	0.5618758	8.47535	1
PDS5A	0.18627031	0.18278325	0.18622208241585403	0.3710185	0.525	1.0209569	5.62522	1
UCHL1	0.30748668	0.28179723	0.24284366152878264	1.6685939	0.8666666666666667	2.565478	31.804056	1
LIMCH1	0.027619844	0.01967592	0.0221767851525637	0.44851252	0.5916666666666667	4.503653	18.084846	1
AC114757.1	0.0036278921	-1.0768417e-09	0.0	0.1958458	0.30833333333333335	10.9362545	9.386277	1
YIPF7	0.0061669797	0.00628339	0.006605850896508336	-1.0186341e-10	0.0	-5.9962525	9.546566	1
SGCB	0.37152916	0.3653369	0.34696445423089023	0.6996257	0.8416666666666667	0.9371672	14.8920145	1
RASL11B	0.011242803	0.011455013	0.012739855300408933	-1.0186341e-10	0.0	-6.8523765	17.550066	1
KDR	0.18232615	0.1611935	0.1497326203208556	1.302003	0.9666666666666667	3.0130835	44.25141	1
SRD5A3	0.06852024	0.065623775	0.0710915382195659	0.22199026	0.36666666666666664	1.7566588	6.4039345	1
TMEM165	0.36200184	0.35491148	0.3416168606480025	0.7376937	0.7833333333333333	1.055352	12.996997	1
AC068620.1	0.0032052274	0.003265738	0.0037747719408619063	-1.0186341e-10	0.0	-5.0728526	5.818852	1
PAICS	0.5698477	0.57346314	0.5026737967914439	0.37833405	0.5583333333333333	-0.59991056	6.5657964	1
SRP72	0.39873123	0.3934917	0.3733878578169236	0.6763708	0.8	0.78132796	9.474022	1
HOPX	0.021269433	0.0060185315	0.007077697389116074	0.8293126	0.825	7.082761	33.37339	1
AC020741.1	0.0051095877	0.0052060406	0.005819440075495438	-1.0186341e-10	0.0	-5.729565	8.583576	1
LINC02232	0.0046454985	0.0047331927	0.005662157911292859	-1.0186341e-10	0.0	-5.594906	8.20556	1
UBA6	0.16741094	0.16343357	0.1651462724127084	0.37813362	0.55	1.2096907	7.1932616	1
ODAM	0.54761124	0.55209315	0.42576281849638253	0.31020868	0.4	-0.8314691	7.2665935	1
SEPTIN11	0.23788112	0.2323736	0.22916011324315821	0.52967924	0.6666666666666666	1.1883245	10.469679	1
CNOT6L	0.18276781	0.17744356	0.18181818181818182	0.4648559	0.625	1.3889208	10.484528	1
BMP2K	0.09417186	0.09139131	0.0962566844919786	0.24148123	0.4166666666666667	1.4008017	6.299432	1
LINC01088	0.011637251	0.011856906	0.012582573136206355	-1.0186341e-10	0.0	-6.901702	17.442423	1
PLAC8	0.0039972654	0.0040727244	0.004403900597672224	-1.0186341e-10	0.0	-5.3829193	6.4292045	1
WDFY3-AS1	0.0034472789	0.0035123578	0.003932054105064486	-1.0186341e-10	0.0	-5.1748705	5.921539	1
WDFY3-AS2	0.16681	0.16850792	0.17128027681660898	0.07683105	0.13333333333333333	-1.1320343	5.336481	1
DAPP1	0.008729622	0.008894399	0.010066058508965083	-1.0186341e-10	0.0	-6.4909563	14.061618	1
DNAJB14	0.2905084	0.28499028	0.27540106951871657	0.5828656	0.7166666666666667	1.0319921	10.187233	1
AC097460.1	0.003674583	0.0037439521	0.003932054105064486	-1.0186341e-10	0.0	-5.26452	6.084473	1
EMCN	0.026568271	0.010664605	0.010066058508965083	0.8691969	0.775	6.3354816	24.886074	1
CXXC4-AS1	0.003954599	0.004029253	0.004403900597672224	-1.0186341e-10	0.0	-5.3678102	6.572058	1
PAPSS1	0.13815564	0.13409553	0.14186851211072665	0.35326365	0.5333333333333333	1.396817	8.506408	1
CASP6	0.10354285	0.10056042	0.10695187165775401	0.26155043	0.45	1.378144	6.681839	1
AC109347.1	0.014652659	0.014929227	0.016042780748663103	-1.0186341e-10	0.0	-7.2316284	21.93473	1
ANK2	0.27015936	0.27300003	0.2691097829506134	0.119632624	0.2	-1.1896131	8.442821	1
AC093879.1	0.004813296	0.0049041566	0.005662157911292859	-1.0186341e-10	0.0	-5.6450562	7.9896607	1
SEC24D	0.082894266	0.07885246	0.08414595784838	0.29703307	0.49166666666666664	1.912053	9.297482	1
NDNF	0.066223234	0.0672448	0.07014784523435043	0.012105105	0.025	-2.4640818	10.641082	1
ANXA5	0.7996385	0.78777957	0.6264548600188738	1.427954	0.9666666666666667	0.8580035	27.042028	1
AC053545.1	0.005397951	0.005499847	0.006134004403900598	-1.0186341e-10	0.0	-5.807317	8.717161	1
SPRY1	0.09222824	0.08081973	0.08320226486316452	0.69668335	0.7583333333333333	3.1061466	24.30006	1
ANKRD50	0.11289474	0.109153174	0.11497326203208556	0.3111216	0.44166666666666665	1.510267	6.626624	1
PCDH10	0.090090334	0.087295786	0.0855614973262032	0.2381421	0.36666666666666664	1.4467928	5.2742295	1
SLC7A11-AS1	0.004820011	0.0049109985	0.004561182761874803	-1.0186341e-10	0.0	-5.6470275	6.7330856	1
MGST2	0.3189062	0.30739674	0.30465555206039635	0.92871594	0.9166666666666666	1.5948217	29.248367	1
TBC1D9	0.021236371	0.017781612	0.01966027052532243	0.20428029	0.3333333333333333	3.5147076	8.437241	1
RNF150	0.3059852	0.3085599	0.2938030827304184	0.16955349	0.2833333333333333	-0.86342686	5.8185987	1
AC104596.1	0.013959216	0.0142226955	0.016042780748663103	-1.0186341e-10	0.0	-7.162161	21.423567	1
SMARCA5-AS1	0.0034613044	0.0035266478	0.0042466184334696445	-1.0186341e-10	0.0	-5.1805663	6.090407	1
SMAD1	0.1757356	0.16856124	0.17489776659326833	0.5558498	0.6916666666666667	1.7208263	15.108781	1
NR3C2	0.018657535	0.018955344	0.021075810003145644	0.0028794473	0.008333333333333333	-2.677079	5.571369	1
AC002460.2	0.003490674	0.0035565721	0.003617489776659327	-1.0186341e-10	0.0	-5.1924214	5.340227	1
AC095055.1	0.0059608906	0.006073411	0.006448568732305757	-1.0186341e-10	0.0	-5.9479976	9.240297	1
FBXW7	0.092670575	0.08853383	0.09515570934256055	0.31183723	0.425	1.8153262	7.2986565	1
DCHS2	0.0033179712	0.0033806097	0.0034602076124567475	-1.0186341e-10	0.0	-5.1212697	5.3333435	1
LRAT	0.025748372	0.026173463	0.02736709657124882	0.0032188753	0.008333333333333333	-2.98484	8.1797905	1
MAP9	0.5103474	0.5151012	0.4556464296948726	0.2585351	0.4166666666666667	-0.99421805	12.285233	1
GLRB	0.01587392	0.016173538	0.017615602390688895	-1.0186341e-10	0.0	-7.3463855	24.000477	1
GASK1B	0.041354515	0.036735054	0.03963510537905002	0.28610778	0.4083333333333333	2.9579115	10.088083	1
RAPGEF2	0.30709293	0.30359003	0.28924189996854355	0.49268216	0.65	0.6983505	5.124369	1
MARCH1	0.047815885	0.048529927	0.05190311418685121	0.009991912	0.016666666666666666	-2.2686448	5.8032217	1
MSMO1	0.235766	0.22860837	0.22900283107895564	0.6149951	0.7583333333333333	1.4273005	15.278582	1
CPE	0.7757931	0.7804644	0.6149732620320856	0.52833235	0.6666666666666666	-0.5627988	7.877172	1
AC105285.1	0.006097516	0.006212615	0.007234979553318654	-1.0186341e-10	0.0	-5.9801674	10.355351	1
GALNT7	0.0943883	0.09114502	0.09515570934256055	0.2662165	0.43333333333333335	1.545324	7.2410755	1
SAP30	0.5398722	0.543272	0.4701163888015099	0.35978943	0.5	-0.59438664	5.3925395	1
SCRG1	0.113456205	0.1147111	0.11607423718150361	0.046947025	0.09166666666666666	-1.2870867	5.114286	1
HAND2	0.8806493	0.8902497	0.6462724127083989	0.37203628	0.5166666666666667	-1.2585411	26.031057	1
HAND2-AS1	0.48359838	0.4890107	0.4120792702107581	0.19690804	0.3	-1.3119063	16.15555	1
HPGD	0.006313183	0.003323461	0.003617489776659327	0.16471921	0.225	5.589285	6.0547876	1
SPATA4	0.01138405	0.011598927	0.012897137464611514	-1.0186341e-10	0.0	-6.870234	17.843739	1
SPCS3	0.3374967	0.3278964	0.31582258571877947	0.8461664	0.9	1.367432	25.217335	1
IRF2	0.17153734	0.16826957	0.17253853413022963	0.34466574	0.5083333333333333	1.0339848	5.7707524	1
CFAP97	0.43407363	0.43734726	0.405001572821642	0.26068243	0.4083333333333333	-0.74626243	6.646996	1
ANKRD37	0.49865195	0.5024633	0.4035860333438188	0.2967739	0.4166666666666667	-0.7594551	6.8153343	1
AC108472.1	0.0039985096	0.0040739924	0.004561182761874803	-1.0186341e-10	0.0	-5.3833575	6.563338	1
PLEKHG4B	0.021519382	0.02185999	0.023906888958792075	0.0034660895	0.008333333333333333	-2.6224625	5.2944794	1
PDCD6	0.57419014	0.5681699	0.506763133060711	0.8931685	0.875	0.6525177	10.741427	1
NKD2	0.004057489	0.0041340846	0.004403900597672224	-1.0186341e-10	0.0	-5.40398	6.5966454	1
CLPTM1L	0.23034294	0.22655834	0.22931739540736082	0.4308552	0.5916666666666667	0.92701864	6.49968	1
LINC02116	0.00869901	0.008863209	0.010537905001572822	-1.0186341e-10	0.0	-6.4859447	14.784718	1
AC091965.4	0.0031829244	0.003243014	0.003302925448254168	-1.0186341e-10	0.0	-5.063079	5.0571647	1
AC012629.2	0.0033314517	0.0033943446	0.0037747719408619063	-1.0186341e-10	0.0	-5.1269517	5.7964773	1
AC016575.1	0.0052715396	0.0053710495	0.005819440075495438	-1.0186341e-10	0.0	-5.773747	8.524191	1
RETREG1	0.12741488	0.12898478	0.13243158225857188	0.044216335	0.08333333333333333	-1.5424083	7.2591004	1
MYO10	0.04415744	0.028172549	0.028468071720666878	0.89108896	0.7916666666666666	4.9782577	30.79377	1
NPR3	0.009940286	0.0029947564	0.003302925448254168	0.37793776	0.44166666666666665	6.9325604	12.641368	1
RAI14	0.060604513	0.053865362	0.058823529411764705	0.41767097	0.55	2.9526064	14.328117	1
AC025449.2	0.0039474606	0.00402198	0.004561182761874803	-1.0186341e-10	0.0	-5.365267	6.8509154	1
OSMR	0.003645937	0.001276094	0.0012582573136206354	0.12920831	0.25	6.5540924	7.398975	1
RICTOR	0.17200254	0.16854055	0.17190940547341932	0.3554181	0.5166666666666667	1.0759714	5.7189035	1
DAB2	0.18081933	0.17061484	0.1596413966656181	0.7214839	0.7833333333333333	2.0795786	21.498146	1
PLCXD3	0.40233952	0.40553516	0.3524693299779805	0.23309119	0.35833333333333334	-0.79866934	6.130604	1
OXCT1-AS1	0.007079179	0.007212806	0.008021390374331552	-1.0186341e-10	0.0	-6.1923547	11.468107	1
SELENOP	0.18436866	0.18092196	0.18496382510223341	0.36697873	0.5416666666666666	1.0199248	6.30024	1
AC114956.3	0.0027171401	0.0027684383	0.003302925448254168	-1.0186341e-10	0.0	-4.842195	5.0949135	1
FGF10-AS1	0.003317743	0.0033803773	0.003617489776659327	-1.0186341e-10	0.0	-5.1211734	5.4478106	1
EMB	0.013368324	0.0108652245	0.012268008807801196	0.14599138	0.25833333333333336	3.735864	6.6579604	1
PELO	0.16003291	0.15691721	0.1612142183076439	0.32510087	0.5	1.0504084	5.554228	1
ITGA1	0.022353908	0.008473383	0.008807801195344448	0.7577904	0.825	6.465981	32.61081	1
ITGA2	0.034332123	0.02427613	0.025322428436615287	0.5671295	0.675	4.5403914	20.813309	1
ESM1	0.050237022	0.009097744	0.008807801195344448	2.2299335	0.9333333333333333	7.9215693	44.25141	1
DHX29	0.2865837	0.28275678	0.27430009436929853	0.4893378	0.6416666666666667	0.79105383	6.0765977	1
PLK2	0.11252653	0.08902135	0.08383139351997483	1.357908	0.9333333333333333	3.929577	44.25141	1
ZSWIM6	0.06790812	0.06265958	0.06794589493551431	0.34599808	0.5	2.4632733	11.844063	1
IPO11	0.04604142	0.0396797	0.0427807486631016	0.3831101	0.5583333333333333	3.2680311	16.033356	1
MAST4	0.23056504	0.22357133	0.21940861906259831	0.60110474	0.75	1.426476	15.220934	1
PIK3R1	0.3088378	0.3036827	0.2914438502673797	0.58196545	0.6833333333333333	0.9381417	7.34069	1
MARVELD2	0.018650383	0.019002402	0.02154765649575338	-1.0186341e-10	0.0	-7.577612	28.764904	1
BDP1	0.4448268	0.44079873	0.4007549543881724	0.65827745	0.7833333333333333	0.5784677	6.141461	1
ARHGEF28	0.0032721749	0.00065379706	0.0007864108210128972	0.14200266	0.225	7.558542	6.624948	1
ENC1	0.022553358	0.019731922	0.020761245674740483	0.17203827	0.25	3.1176715	5.460136	1
HEXB	0.0987564	0.09494374	0.1001887385970431	0.3007532	0.475	1.6623961	8.918171	1
ANKRD31	0.0039367904	0.004011108	0.004089336269267065	-1.0186341e-10	0.0	-5.361457	6.0907474	1
HMGCR	0.10546765	0.10090515	0.10632274300094369	0.34719205	0.49166666666666664	1.7817205	9.140774	1
AC010245.1	0.0034901241	0.0035560117	0.003617489776659327	-1.0186341e-10	0.0	-5.1922	5.6009235	1
IQGAP2	0.017443808	0.012938913	0.013054419628814092	0.25612846	0.38333333333333336	4.296535	10.2626705	1
F2R	0.044824682	0.03591354	0.038691412393834536	0.51696724	0.6666666666666666	3.8437407	21.185108	1
S100Z	0.0029873496	0.003043748	0.0034602076124567475	-1.0186341e-10	0.0	-4.9744153	5.212365	1
RASGRF2	0.005585186	0.0011883532	0.0015728216420257944	0.23854432	0.36666666666666664	7.5331903	11.145213	1
HAPLN1	0.030127192	0.015683426	0.01635734507706826	0.7954047	0.7	5.6553884	21.003876	1
EDIL3	0.026458994	0.022997422	0.023435042466184334	0.20985994	0.325	3.1843102	8.010621	1
MEF2C	0.5672545	0.5559482	0.47672223969801825	1.1663047	0.9166666666666666	1.0687866	23.254229	1
ARRDC3	0.4004976	0.39511806	0.3559295375904372	0.68555146	0.775	0.7948266	8.438108	1
GLRX	0.1932352	0.18324861	0.18386284995281535	0.72235316	0.8	1.9783148	22.963945	1
ERAP2	0.008278016	0.005976392	0.006763133060710916	0.1302264	0.225	4.4227705	5.942039	1
AC008522.1	0.008881818	0.009049468	0.009908776344762504	-1.0186341e-10	0.0	-6.5156174	13.733155	1
LINC02062	0.004468585	0.0045529394	0.0053475935828877	-1.0186341e-10	0.0	-5.540072	7.780684	1
AC021086.1	0.007972293	0.008122777	0.008807801195344448	-1.0186341e-10	0.0	-6.361555	12.478973	1
FAM174A	0.13995515	0.13694674	0.1429694872601447	0.2993387	0.48333333333333334	1.1275927	5.829383	1
ST8SIA4	0.0066145416	0.00175972	0.0018873859704309531	0.26383933	0.425	7.1489773	12.639565	1
TSLP	0.022218065	0.022580924	0.02469329977980497	0.002985884	0.008333333333333333	-2.8777237	7.1704025	1
STARD4-AS1	1.0956143	1.106252	0.727744573765335	0.5320402	0.6416666666666667	-1.0559322	22.632917	1
EPB41L4A-AS1	0.9153066	0.92251325	0.6810317709971689	0.53350157	0.7083333333333334	-0.78996307	17.60781	1
APC	0.27290782	0.26869157	0.2626612142183076	0.49629045	0.6583333333333333	0.8849875	7.141462	1
REEP5	0.67516243	0.66873956	0.5659012268008807	1.0155072	0.9	0.6026104	10.683728	1
SEMA6A	0.13727915	0.13210735	0.13243158225857188	0.41128966	0.55	1.6377031	10.108579	1
SEMA6A-AS1	0.0047190683	0.0048081507	0.005190311418685121	-1.0186341e-10	0.0	-5.6171093	7.4230623	1
LOX	0.14271271	0.14453919	0.13652091852783893	0.04591977	0.075	-1.6521327	7.87164	1
SNCAIP	0.07722989	0.07825352	0.08037118590751809	0.023002794	0.05	-1.761931	6.8349814	1
SLC12A2	0.0771647	0.06785402	0.07250707769738912	0.5704786	0.7416666666666667	3.069795	22.59177	1
TXNDC15	0.19600403	0.19272555	0.20006291286568104	0.3696985	0.575	0.939443	6.33407	1
CXCL14	0.012075748	0.01230368	0.009279647687952187	-1.0186341e-10	0.0	-6.954626	10.592718	1
SMAD5-AS1	0.003961072	0.0040358477	0.004403900597672224	-1.0186341e-10	0.0	-5.3701124	6.409549	1
PKD2L2	0.0034286971	0.0034934252	0.003932054105064486	-1.0186341e-10	0.0	-5.1672893	5.7246647	1
CTNNA1	0.6601759	0.6534861	0.5497011638880152	1.0146445	0.9333333333333333	0.6346674	14.095811	1
ECSCR	0.021143826	0.0021672351	0.0023592324630386913	1.0265869	0.9083333333333333	8.822846	43.06108	1
TMEM173	0.20061594	0.19461851	0.19675998741742687	0.51836973	0.6916666666666667	1.4128698	12.815714	1
CXXC5	0.3532362	0.34707534	0.3310789556464297	0.6796823	0.7583333333333333	0.9694084	10.760918	1
HBEGF	0.029466657	0.022122344	0.024378735451399812	0.4185894	0.6166666666666667	4.2357974	19.444462	1
SRA1	0.31549844	0.3113375	0.3037118590751809	0.5359528	0.6833333333333333	0.7834325	6.669256	1
PCDHA5	0.0049166004	0.005009411	0.00550487574709028	-1.0186341e-10	0.0	-5.6750865	7.7933416	1
PCDHA13	0.0034854223	0.0035512212	0.0042466184334696445	-1.0186341e-10	0.0	-5.1903086	6.260926	1
PCDHB8	0.0035082314	0.0035744605	0.0037747719408619063	-1.0186341e-10	0.0	-5.199462	5.6743274	1
DIAPH1	0.09199073	0.08818512	0.0948411450141554	0.29361168	0.43333333333333335	1.7341584	7.477704	1
ARAP3	0.008507745	0.005208978	0.005819440075495438	0.18328789	0.3	5.1103206	8.851774	1
PCDH1	0.0027926166	0.00083573733	0.001100975149418056	0.106474794	0.19166666666666668	6.831547	5.683201	1
DELE1	0.09789145	0.09449718	0.10081786725385342	0.27772054	0.4583333333333333	1.5542841	7.5031295	1
PCDH12	0.010138245	0.00057601	0.0007864108210128972	0.5167773	0.6666666666666666	9.578562	24.6882	1
SPRY4	0.046683323	0.03795265	0.040421516200062915	0.5092649	0.6333333333333333	3.7426307	19.674942	1
FGF1	0.006814483	0.006943114	0.008493236866939289	-1.0186341e-10	0.0	-6.138143	11.987831	1
NR3C1	0.2520668	0.2485618	0.24189996854356716	0.43776295	0.5916666666666667	0.81629443	5.127482	1
YIPF5	0.30277237	0.29820833	0.29458949355143127	0.5445784	0.7166666666666667	0.8686005	8.710732	1
KCTD16	0.04514258	0.04587193	0.04860018873859704	0.0065077534	0.016666666666666666	-2.7985215	11.578755	1
AC132803.1	0.0033680485	0.003431632	0.0037747719408619063	-1.0186341e-10	0.0	-5.1422644	5.681635	1
HTR4	0.008688888	0.008852896	0.009908776344762504	-1.0186341e-10	0.0	-6.484284	13.506885	1
AFAP1L1	0.18480505	0.17075309	0.17568417741428122	0.9293213	0.8833333333333333	2.4435763	29.84991	1
SLC26A2	0.09345674	0.09111936	0.09735765964139667	0.21728548	0.38333333333333336	1.2528437	5.179761	1
CAMK2A	0.12733477	0.1287328	0.13494809688581316	0.053242777	0.10833333333333334	-1.2721351	5.7069044	1
NDST1	0.05940527	0.055182405	0.058508965083359545	0.2831512	0.45	2.3571897	10.517014	1
RBM22	0.20818889	0.20522562	0.2077697389116074	0.36518204	0.5666666666666667	0.83109707	5.4368515	1
SPARC	0.30382016	0.26719415	0.2544825416797735	2.2443826	1.0	3.0698826	44.25141	1
ATOX1	0.6282223	0.6142635	0.5301981755268953	1.3678066	0.9583333333333334	1.1548053	33.544422	1
AC091982.3	0.005278293	0.00537793	0.006134004403900598	-1.0186341e-10	0.0	-5.7755604	8.854697	1
G3BP1	0.5747548	0.56861323	0.4918213274614659	0.9001621	0.9	0.66264373	11.87543	1
CLINT1	0.44922858	0.44486263	0.4123938345391633	0.6805782	0.825	0.6132887	7.581641	1
EBF1	0.00397665	0.001103428	0.0014155394778232148	0.15620999	0.24166666666666667	7.0211167	6.9660997	1
RNF145	0.1449177	0.13995004	0.14627241270839886	0.40811202	0.5916666666666667	1.5433762	10.704642	1
AC008691.1	0.0036871878	0.0037567948	0.004561182761874803	-1.0186341e-10	0.0	-5.269332	6.800058	1
AC109466.1	0.004483574	0.0045682117	0.004561182761874803	-1.0186341e-10	0.0	-5.5448	6.921827	1
WWC1	0.009034162	0.009204687	0.010066058508965083	-1.0186341e-10	0.0	-6.539887	13.954613	1
AC011389.1	0.0043875277	0.004470353	0.004718464926077383	-1.0186341e-10	0.0	-5.514235	6.823126	1
FGF18	0.07467418	0.0757355	0.07628184963825102	0.018450508	0.03333333333333333	-2.0314147	7.1478047	1
STK10	0.025132123	0.022039594	0.025636992765020447	0.18897974	0.3	3.0942943	7.314658	1
SH3PXD2B	0.04681988	0.0440892	0.0481283422459893	0.19150566	0.3416666666666667	2.1163743	7.1185784	1
DUSP1	0.08320555	0.07701318	0.07989933941491036	0.411293	0.5583333333333333	2.4154677	11.474002	1
ERGIC1	0.18109757	0.17806134	0.18606480025165145	0.3419558	0.5083333333333333	0.94104743	5.2331653	1
RPL26L1	0.4617317	0.45805767	0.4234035860333438	0.65640956	0.7916666666666666	0.518972	5.4299626	1
STC2	0.6029484	0.61106616	0.4924504561182762	0.1729183	0.25	-1.82064	28.019772	1
SNCB	0.033977047	0.034618195	0.03711859075180875	-1.0186341e-10	0.0	-8.439549	44.25141	1
PRELID1	0.6243801	0.6182755	0.5402642340358603	0.9478334	0.9083333333333333	0.6163025	12.045978	1
LMAN2	0.5063744	0.50127834	0.45501730103806226	0.7764041	0.8416666666666667	0.63109374	8.801916	1
AC139795.2	0.0042675906	0.004348152	0.004561182761874803	-1.0186341e-10	0.0	-5.475136	6.684188	1
FAM153A	0.08521648	0.08644216	0.09043724441648317	0.02025474	0.03333333333333333	-2.0880382	7.778044	1
FAM153CP	0.32075992	0.3247824	0.30402642340358604	0.107717074	0.18333333333333332	-1.5913318	15.492152	1
COL23A1	0.12193597	0.1235728	0.12566844919786097	0.035190962	0.075	-1.8091575	10.009661	1
ZFP2	0.005506568	0.005610514	0.006134004403900598	-1.0186341e-10	0.0	-5.8355503	8.886959	1
FLT4	0.00503426	0.0019154296	0.0018873859704309531	0.17028064	0.2833333333333333	6.4015303	8.36983	1
MGAT1	0.10841948	0.10557139	0.11355772255426234	0.25930798	0.43333333333333335	1.295638	6.408887	1
LINC00847	0.06997957	0.07088226	0.07754010695187166	0.022160297	0.041666666666666664	-1.6729857	5.2914147	1
BTNL9	0.0040065353	0.00071323774	0.0006291286568103177	0.17849664	0.3	7.778812	8.6219225	1
DUSP22	0.13820678	0.13502486	0.14249764076753696	0.3067856	0.48333333333333334	1.1834078	6.345221	1
SERPINB1	0.27247286	0.26908332	0.26171752123309217	0.452053	0.6166666666666667	0.74822205	5.0969105	1
SERPINB6	0.5889124	0.5808199	0.5099087763447625	1.0176947	0.9416666666666667	0.8090354	18.6755	1
AL133351.1	0.006373591	0.0064939004	0.007392261717521233	-1.0186341e-10	0.0	-6.0430617	10.468982	1
TUBB2A	0.10724875	0.10272907	0.10758100031456433	0.34670606	0.49166666666666664	1.753881	8.64787	1
PXDC1	0.05828914	0.05481674	0.06055363321799308	0.24227417	0.375	2.141918	7.859208	1
AL590004.3	0.00470112	0.0047898637	0.0053475935828877	-1.0186341e-10	0.0	-5.611724	7.754203	1
LYRM4	0.30626082	0.30318347	0.2997798049701164	0.46930823	0.6833333333333333	0.6301763	5.263725	1
SSR1	0.3246043	0.32085967	0.3129915067631331	0.523034	0.7	0.7047885	6.3625736	1
C6orf52	0.013311889	0.0135631515	0.014941805599245045	-1.0186341e-10	0.0	-7.094148	20.191214	1
NEDD9	0.059686467	0.054662507	0.05552060396351054	0.32587612	0.49166666666666664	2.5735056	11.831126	1
AL157373.2	0.0060830154	0.006197841	0.006134004403900598	-1.0186341e-10	0.0	-5.976787	8.71492	1
AL008729.1	0.0057318984	0.005840097	0.006448568732305757	-1.0186341e-10	0.0	-5.892416	9.270845	1
AL137003.1	0.003696138	0.003765914	0.004561182761874803	-1.0186341e-10	0.0	-5.272739	6.4880066	1
RBM24	0.7404586	0.7473439	0.5940547341931425	0.3757172	0.575	-0.99193424	18.549719	1
AL138824.1	0.003249153	0.0033104925	0.0034602076124567475	-1.0186341e-10	0.0	-5.09191	5.31363	1
NHLRC1	0.0058720075	0.0059828507	0.006763133060710916	-1.0186341e-10	0.0	-5.926677	9.738229	1
ID4	1.2938334	1.3030943	0.6925133689839572	0.80319625	0.7416666666666667	-0.6980481	13.097118	1
CASC15	0.007072441	0.0047150045	0.0053475935828877	0.13197802	0.20833333333333334	4.7777095	5.9616976	1
C6orf62	0.23876971	0.23435873	0.23435042466184336	0.47246888	0.625	1.0111905	7.7566705	1
CARMIL1	0.3459909	0.34891954	0.32384397609311105	0.19088942	0.31666666666666665	-0.86981505	6.71346	1
TRIM38	0.013189911	0.010378026	0.011481597986788298	0.16217366	0.26666666666666666	3.9529898	6.877043	1
HIST1H2BG	0.023990817	0.024368877	0.025636992765020447	0.0039531616	0.008333333333333333	-2.5938284	5.15125	1
Z98745.2	0.0030574033	0.0031151238	0.003932054105064486	-1.0186341e-10	0.0	-5.006804	5.91111	1
AL662890.1	0.0030300226	0.0030872263	0.003302925448254168	-1.0186341e-10	0.0	-4.994231	5.090147	1
HLA-G	0.005257184	0.005356423	0.0062912865681031774	-1.0186341e-10	0.0	-5.769885	8.93142	1
HLA-E	0.11849148	0.09937792	0.10506448568732306	1.1311886	0.9083333333333333	3.5074468	42.548122	1
GNL1	0.09735455	0.09396151	0.10066058508965084	0.27711698	0.4583333333333333	1.5593392	7.5124125	1
PPP1R18	0.09239734	0.08692752	0.09452658068575023	0.3821979	0.5666666666666667	2.1351535	12.908324	1
AL662797.1	0.0036709483	0.0037402487	0.004089336269267065	-1.0186341e-10	0.0	-5.263129	6.1555824	1
HCG22	0.014705477	0.014983042	0.015885498584460523	-1.0186341e-10	0.0	-7.236785	21.266352	1
HCG27	0.005358539	0.005459691	0.006134004403900598	-1.0186341e-10	0.0	-5.796934	8.59726	1
HLA-C	0.41514975	0.3988877	0.354513998112614	1.2767727	0.95	1.6781987	34.864838	1
HLA-B	0.112826295	0.10260179	0.10585089650833596	0.6545484	0.7333333333333333	2.6722589	19.965136	1
MICA	0.044742838	0.042373672	0.04671280276816609	0.17027551	0.2833333333333333	2.0040772	5.337816	1
DDAH2	0.29048994	0.2842584	0.2788612771311733	0.62065345	0.7666666666666667	1.1263101	13.227892	1
CLIC1	0.7890325	0.7692417	0.6124567474048442	1.837629	1.0	1.2562275	44.25141	1
SNHG32	1.378973	1.3890276	0.8537275872916011	0.8462533	0.85	-0.71484715	20.918085	1
ZBTB12	0.015358554	0.015648445	0.01730103806228374	-1.0186341e-10	0.0	-7.299067	23.703045	1
AL662884.3	0.046111584	0.046982046	0.04938659955960994	-1.0186341e-10	0.0	-8.879035	44.25141	1
GPSM3	0.048606496	0.04371426	0.04687008493236867	0.3078181	0.48333333333333334	2.813074	11.8475065	1
NOTCH4	0.020483395	0.012492446	0.013054419628814092	0.44387022	0.5833333333333334	5.1398325	17.911076	1
PSMB8	0.019634632	0.017623546	0.018244731047499213	0.1261894	0.25	2.8329945	6.123411	1
BRD2	0.35786206	0.35321277	0.34004403900597674	0.6042194	0.7583333333333333	0.7743654	8.505278	1
HLA-DPA1	0.007709092	0.0056093605	0.0062912865681031774	0.11896059	0.20833333333333334	4.382223	5.786185	1
RGL2	0.11493967	0.10894019	0.11418685121107267	0.4328034	0.6083333333333333	1.989185	13.576282	1
IP6K3	0.0034448944	0.0035099285	0.003932054105064486	-1.0186341e-10	0.0	-5.1739	5.6585426	1
NUDT3	0.25280666	0.24948728	0.24457376533501102	0.42866093	0.5916666666666667	0.780629	5.3749456	1
PACSIN1	0.012291999	0.012524012	0.01368354828562441	-1.0186341e-10	0.0	-6.980028	18.774866	1
KCTD20	0.21483827	0.21128191	0.21469015413652093	0.40325707	0.5583333333333333	0.93220556	5.924078	1
SRSF3	0.6459761	0.63793975	0.5339729474677571	1.0717894	0.9416666666666667	0.7484378	16.280542	1
CDKN1A	0.23890314	0.22403365	0.19487260144699592	1.0267334	0.8416666666666667	2.195771	25.023527	1
CCDC167	0.2477521	0.24365546	0.24551745832022648	0.4647973	0.625	0.9314774	6.954447	1
UNC5CL	0.0057321163	0.005840319	0.006134004403900598	-1.0186341e-10	0.0	-5.89247	9.026579	1
FOXP4-AS1	0.010049464	0.010239152	0.011638880150990877	-1.0186341e-10	0.0	-6.6919756	16.19834	1
MRPS10	0.31345832	0.3102842	0.30638565586662475	0.48162395	0.675	0.6341515	5.265777	1
RRP36	0.26939157	0.26339975	0.2645486001887386	0.58684796	0.75	1.1554312	13.129877	1
DLK2	0.011794409	0.01201703	0.01384083044982699	-1.0186341e-10	0.0	-6.9208937	19.023088	1
YIPF3	0.41060218	0.4064354	0.3867568417741428	0.63139457	0.8083333333333333	0.63538945	7.6890674	1
VEGFA	1.4671043	1.482046	0.8644227744573766	0.67546034	0.75	-1.1335311	34.717514	1
AL109615.3	0.14200523	0.14353365	0.14721610569361435	0.06100641	0.11666666666666667	-1.2329981	5.7910633	1
AL109615.2	0.029353648	0.029841164	0.03035545769109783	0.0035167125	0.008333333333333333	-3.0493796	8.930094	1
ADGRF5	0.0146522755	0.0015120341	0.0015728216420257944	0.71086603	0.7666666666666667	8.784755	29.746971	1
AL353138.1	0.009329541	0.005222782	0.0062912865681031774	0.2269197	0.35833333333333334	5.414493	10.072019	1
ELOVL5	0.12328606	0.11865425	0.12629757785467127	0.36868575	0.5583333333333333	1.6348038	10.046433	1
FAM83B	0.003111725	0.0031704707	0.0037747719408619063	-1.0186341e-10	0.0	-5.031428	5.5845118	1
BMP5	1.1615521	1.1698135	0.7716262975778547	0.7238564	0.7916666666666666	-0.69242716	16.02292	1
COL21A1	0.047819305	0.042656425	0.04388172381251966	0.32137123	0.44166666666666665	2.9104764	9.744502	1
AL512422.1	0.007319667	0.007457833	0.007706826045926392	-1.0186341e-10	0.0	-6.239902	10.785092	1
AL021368.1	0.0034760067	0.0035416277	0.0034602076124567475	-1.0186341e-10	0.0	-5.186513	5.2269564	1
EYS	0.0034802125	0.0035459131	0.004089336269267065	-1.0186341e-10	0.0	-5.18821	6.18834	1
COL19A1	0.008460725	0.008620427	0.009279647687952187	-1.0186341e-10	0.0	-6.4463286	12.85937	1
FO393414.3	0.0028397664	0.0028933794	0.003302925448254168	-1.0186341e-10	0.0	-4.9037046	5.027293	1
KCNQ5-AS1	0.006917834	0.0070484155	0.007864108210128971	-1.0186341e-10	0.0	-6.159553	11.056859	1
CD109	0.2694318	0.26040402	0.2485058194400755	0.7477478	0.8333333333333334	1.5214391	19.982662	1
TMEM30A	0.32582927	0.31959948	0.3096885813148789	0.6559295	0.7416666666666667	1.0370443	11.906348	1
AL080250.1	0.02855315	0.028974097	0.030827304183705568	0.0062434413	0.016666666666666666	-2.1963968	5.1048517	1
MYO6	0.27791032	0.2698044	0.25432525951557095	0.70738494	0.7833333333333333	1.3902512	17.070063	1
IMPG1	0.0032169025	0.0032776333	0.003617489776659327	-1.0186341e-10	0.0	-5.0779424	5.404591	1
AL359715.3	0.008057729	0.0082098255	0.008807801195344448	-1.0186341e-10	0.0	-6.3767476	12.104921	1
AL122017.1	0.0044744737	0.00455894	0.0050330292544825414	-1.0186341e-10	0.0	-5.541931	7.4280977	1
NT5E	0.004399959	0.00035086478	0.0004718464926077383	0.21893448	0.35833333333333334	8.924248	10.683177	1
SNX14	0.25161052	0.24820104	0.2522805913809374	0.43224216	0.6166666666666667	0.80008316	5.858521	1
GJB7	0.0059747393	0.0060875216	0.006763133060710916	-1.0186341e-10	0.0	-5.951291	9.715258	1
UBE2J1	0.1859551	0.17283043	0.1811890531613715	0.8813444	0.85	2.3496778	29.311731	1
RRAGD	0.716159	0.7215945	0.5918527838943064	0.42821604	0.5666666666666667	-0.7527126	10.843771	1
AL591519.1	0.0051229335	0.005219639	0.006134004403900598	-1.0186341e-10	0.0	-5.733258	8.608031	1
KLHL32	0.0037733952	0.0038446293	0.0042466184334696445	-1.0186341e-10	0.0	-5.3018193	6.2462416	1
PRDM1	0.008617062	0.0005774866	0.0007864108210128972	0.43458062	0.55	9.325548	17.438656	1
AL024507.2	0.004405891	0.004489063	0.004875747090279962	-1.0186341e-10	0.0	-5.520129	7.105257	1
AL359711.2	0.006248927	0.006366884	0.006920415224913495	-1.0186341e-10	0.0	-6.0150003	10.0441885	1
METTL24	0.002707617	0.0027587356	0.003302925448254168	-1.0186341e-10	0.0	-4.8373065	5.0868955	1
GTF3C6	0.5387858	0.5331873	0.4776659326832337	0.8354197	0.8833333333333333	0.6477608	11.862256	1
FYN	0.19024712	0.18133835	0.18449197860962566	0.6622527	0.8166666666666667	1.8681203	22.915731	1
LAMA4	0.315162	0.2938526	0.2750865051903114	1.4442036	0.9916666666666667	2.2967186	44.25141	1
MARCKS	0.35160282	0.32123777	0.2620320855614973	1.960451	1.0	2.6090968	44.25141	1
DCBLD1	0.02444287	0.022170618	0.023592324630386914	0.14482917	0.25	2.7021346	5.640731	1
GJA1	0.19720833	0.18418132	0.17316766278703996	0.88741714	0.85	2.2678652	26.501131	1
TRDN	1.1847157	1.1912539	0.7804340987731991	0.8382992	0.8166666666666667	-0.5068928	9.5251	1
NKAIN2	0.04583952	0.04648926	0.049858446052217675	0.011422359	0.025	-2.0155613	5.7638855	1
AL035603.1	0.003887478	0.0039608655	0.004718464926077383	-1.0186341e-10	0.0	-5.3437166	6.904583	1
RSPO3	1.0897975	1.0962093	0.5371185907518088	0.7501171	0.575	-0.54727477	5.0140896	1
LAMA2	0.54282326	0.54801637	0.4731047499213589	0.2677331	0.43333333333333335	-1.033148	14.389568	1
ARHGAP18	0.024709756	0.015550595	0.018087448883296633	0.5099912	0.6083333333333333	5.026466	18.803282	1
L3MBTL3	0.025886174	0.023086354	0.023906888958792075	0.17422473	0.2916666666666667	2.9104295	6.9607773	1
EPB41L2	0.0707542	0.065759085	0.07046240956275558	0.3354154	0.5166666666666667	2.3489244	12.455065	1
SGK1	0.048462886	0.04399622	0.045454545454545456	0.28512722	0.325	2.6933846	5.868516	1
BCLAF1	0.43860123	0.43187794	0.39289084617804343	0.7948345	0.8583333333333333	0.8798784	13.363776	1
IFNGR1	0.17082313	0.16678244	0.17379679144385027	0.38489854	0.525	1.2060208	6.9630156	1
WAKMAR2	0.018475108	0.014866118	0.015885498584460523	0.2096919	0.325	3.809187	8.7105875	1
TNFAIP3	0.035312556	0.02935438	0.03129915067631331	0.35099298	0.475	3.575299	12.142813	1
HEBP2	0.42820415	0.4239411	0.39556464296948723	0.6541075	0.75	0.6255443	6.5880027	1
ABRACL	0.11559723	0.10723375	0.11245674740484429	0.55871534	0.6916666666666667	2.3802679	19.186344	1
AL592429.2	0.002946954	0.0030025898	0.0037747719408619063	-1.0186341e-10	0.0	-4.9554024	5.4755383	1
CITED2	0.4429611	0.4328248	0.38597043095312994	0.98003	0.9	1.1788567	21.02879	1
AL355304.1	0.0045548324	0.0046408153	0.0053475935828877	-1.0186341e-10	0.0	-5.567065	7.8324656	1
PHACTR2	0.28730008	0.27845195	0.27162629757785467	0.7560987	0.8416666666666667	1.440819	19.75279	1
PLAGL1	0.13104166	0.12603588	0.12975778546712802	0.39625645	0.55	1.6518196	10.358611	1
UTRN	0.3289821	0.31678072	0.3027681660899654	0.97546387	0.8833333333333333	1.6222965	25.939005	1
AL023806.1	0.0066892384	0.0068155057	0.007392261717521233	-1.0186341e-10	0.0	-6.1117644	10.568268	1
RAB32	0.1552495	0.1508283	0.15885498584460522	0.38949078	0.5666666666666667	1.3680961	8.801239	1
SASH1	0.11941042	0.11426753	0.120792702107581	0.39188895	0.5666666666666667	1.7771354	10.476021	1
PLEKHG1	0.074803196	0.0692573	0.07203523120478138	0.36864704	0.525	2.4105117	12.10529	1
AKAP12	0.29470447	0.28490615	0.26863793645800566	0.8138442	0.75	1.513937	15.578612	1
MYCT1	0.014138049	0.0020343491	0.0020446681346335325	0.65543246	0.7666666666666667	8.262727	28.12685	1
CNKSR3	0.06323624	0.060107175	0.06527209814407046	0.22903048	0.3333333333333333	1.928162	6.1165004	1
ARID1B	0.4302186	0.42654264	0.3908461780434099	0.6250118	0.8083333333333333	0.5510862	6.6725283	1
AL390955.2	0.008238396	0.008393901	0.009279647687952187	-1.0186341e-10	0.0	-6.408357	12.837732	1
SNX9	0.24662761	0.24108197	0.2407989933941491	0.5404477	0.6666666666666666	1.1643	9.344628	1
SYNJ2	0.014429184	0.011555515	0.013211701793016672	0.16668645	0.2833333333333333	3.8389175	7.5811977	1
TMEM181	0.1345436	0.13045056	0.140610254797106	0.35139623	0.5416666666666666	1.4289006	8.814103	1
C6orf99	0.0028589298	0.0029129044	0.003302925448254168	-1.0186341e-10	0.0	-4.9130845	5.017208	1
ACAT2	0.037717942	0.034121573	0.03680402642340359	0.22826055	0.3333333333333333	2.7383354	7.1365747	1
IGF2R	0.39851382	0.3912158	0.37118590751808744	0.78521013	0.775	1.0049292	12.461373	1
RPS6KA2	0.14295655	0.13743925	0.14454230890217049	0.43527296	0.5666666666666667	1.6624084	10.453909	1
AFDN	0.51609725	0.5098358	0.4540736080528468	0.84786814	0.85	0.7336945	10.912788	1
PDGFA	0.08368563	0.07584601	0.0817867253853413	0.49904993	0.5916666666666667	2.716427	15.034606	1
AC073957.3	0.009127627	0.009299916	0.010066058508965083	-1.0186341e-10	0.0	-6.5545774	14.047414	1
GPER1	0.0076448545	0.0077891573	0.008965083359547028	-1.0186341e-10	0.0	-6.3018007	12.252168	1
CHST12	0.08327409	0.08058152	0.08681975463982385	0.22592051	0.375	1.4861435	5.673769	1
TTYH3	0.11834712	0.11560737	0.1215791129285939	0.26349637	0.4583333333333333	1.1878496	5.938249	1
AC092171.3	0.0037205268	0.0037907627	0.004089336269267065	-1.0186341e-10	0.0	-5.2819824	6.193116	1
ACTB	1.8909222	1.8637755	0.9172695816294433	3.3292665	1.0	0.8369422	44.25141	1
FSCN1	0.3188459	0.30321556	0.29647687952186225	1.1469797	0.9666666666666667	1.9190743	37.801674	1
KDELR2	0.62998796	0.6219722	0.5386914123938346	1.0546851	0.9166666666666666	0.76179516	15.509252	1
PHF14	0.33401915	0.3300769	0.31645171437558983	0.5429215	0.7166666666666667	0.7177702	7.0443225	1
ARL4A	0.055390876	0.050342012	0.05363321799307959	0.32290077	0.475	2.6788397	10.984897	1
DGKB	0.010698946	0.010900892	0.011481597986788298	-1.0186341e-10	0.0	-6.781478	15.419875	1
TSPAN13	0.17939879	0.17498481	0.17442592010066058	0.41325536	0.6166666666666667	1.2393286	9.017017	1
AHR	0.026920574	0.023353316	0.025479710600817867	0.21592128	0.3333333333333333	3.2033095	8.144075	1
DNAH11	0.009050417	0.009221249	0.009279647687952187	-1.0186341e-10	0.0	-6.542453	12.886231	1
CDCA7L	0.2819558	0.28436047	0.27256999056307013	0.15453109	0.25833333333333336	-0.87939763	5.5019264	1
RAPGEF5	0.015677318	0.0024525474	0.00267379679144385	0.71636975	0.7333333333333333	8.132824	26.232368	1
SNHG26	0.0047230464	0.004812204	0.005190311418685121	-1.0186341e-10	0.0	-5.6183	7.323164	1
FAM126A	0.10097508	0.09652977	0.10286253538848694	0.33649325	0.5333333333333333	1.8004665	10.614154	1
OSBPL3	0.033250526	0.030236445	0.03208556149732621	0.19294196	0.31666666666666665	2.6697905	7.1038694	1
NFE2L3	0.0045918976	0.0025633862	0.0029883611198490093	0.11206986	0.2	5.39628	5.9338136	1
SKAP2	0.1342937	0.12969898	0.13400440390059767	0.37772718	0.5416666666666666	1.5414474	9.605591	1
HOXA10	0.0030987395	0.001236299	0.0014155394778232148	0.10177731	0.18333333333333332	6.252446	5.6319604	1
AC005162.3	0.004861644	0.0049534175	0.005819440075495438	-1.0186341e-10	0.0	-5.6591887	8.300612	1
FKBP14	0.13594839	0.13215043	0.13652091852783893	0.3371664	0.48333333333333334	1.3506162	7.3285213	1
GGCT	0.2248141	0.2212279	0.22161056936143442	0.41481027	0.6083333333333333	0.906614	6.632187	1
GARS	0.5853753	0.58967555	0.48206983328090597	0.35759243	0.5166666666666667	-0.72144645	8.198866	1
AQP1	0.29993686	0.30264932	0.27618748033972945	0.15620731	0.25	-0.9537384	5.7679124	1
TBX20	0.17194515	0.17373107	0.18087448883296633	0.077302985	0.14166666666666666	-1.1672249	6.0308027	1
SEPTIN7-AS1	0.0142306285	0.01449923	0.015728216420257943	-1.0186341e-10	0.0	-7.18975	21.401268	1
STARD3NL	0.3905887	0.38666633	0.36804026423403585	0.59844226	0.7833333333333333	0.629991	7.0793343	1
RALA	0.29473385	0.28034788	0.280119534444794	1.0569475	0.925	1.9142357	29.358955	1
DBNL	0.23756404	0.23416439	0.23875432525951557	0.4176807	0.6	0.8346082	5.690436	1
IGFBP3	0.14526188	0.10947412	0.10223340673167662	2.0414143	0.9333333333333333	4.2196608	44.25141	1
TNS3	0.015563849	0.01347437	0.015413652091852784	0.12627208	0.23333333333333334	3.2187207	5.7264566	1
GRB10	0.14541484	0.13756733	0.13950927964768794	0.561197	0.6916666666666667	2.027578	16.77603	1
AC074351.1	0.0039313035	0.004005518	0.004561182761874803	-1.0186341e-10	0.0	-5.3594937	6.716602	1
SUMF2	0.28435594	0.27980703	0.27650204466813466	0.52536356	0.6833333333333333	0.9086431	8.111837	1
ASL	0.057440076	0.05414013	0.058508965083359545	0.23228781	0.375	2.0991018	7.1271386	1
TMEM248	0.26521462	0.26152933	0.26187480339729474	0.4604628	0.6416666666666667	0.81587374	6.313515	1
CT66	0.0053308606	0.00543149	0.005819440075495438	-1.0186341e-10	0.0	-5.7895975	8.39648	1
GALNT17	0.0038061487	0.003878001	0.004718464926077383	-1.0186341e-10	0.0	-5.3139734	6.7898965	1
CALN1	0.067547694	0.068591684	0.07124882038376848	0.012241919	0.025	-2.476569	10.703239	1
TYW1B	0.098550074	0.09966557	0.10176156023906889	0.039427646	0.08333333333333333	-1.3356799	5.23163	1
VPS37D	0.07542198	0.07651447	0.08162944322113873	0.017546277	0.041666666666666664	-2.118253	9.987223	1
METTL27	0.012432945	0.012667618	0.014155394778232149	-1.0186341e-10	0.0	-6.996347	18.905243	1
YWHAG	0.5629505	0.5582927	0.49591066373073295	0.8097527	0.8416666666666667	0.53637946	7.360349	1
PTPN12	0.30786273	0.2995444	0.2938030827304184	0.74858946	0.8416666666666667	1.3211161	19.540106	1
PHTF2	0.5110418	0.5140398	0.45297263290342876	0.35224837	0.5416666666666666	-0.54515827	5.4601316	1
GNAI1	0.11456354	0.106224276	0.11292859389745202	0.556398	0.6833333333333333	2.3879054	19.466879	1
SEMA3D	0.07458993	0.07554767	0.07470902799622522	0.02385382	0.05	-1.65904	5.8588033	1
TP53TG1	0.14858307	0.14528853	0.15303554576910977	0.32312846	0.48333333333333334	1.1526407	5.773482	1
SRI	0.58074766	0.5726221	0.5055048757470902	1.0112749	0.9083333333333333	0.82041067	17.151438	1
CYP51A1	0.52467966	0.520218	0.45863479081472164	0.76108557	0.8	0.5488546	5.856949	1
LRRD1	0.0041989754	0.0042782417	0.004561182761874803	-1.0186341e-10	0.0	-5.452281	6.7259955	1
GNG11	0.44232473	0.41322607	0.3483799937087134	1.9840754	0.9916666666666667	2.2631874	44.25141	1
PEG10	1.0054088	1.0155886	0.6423403586033344	0.4660877	0.5166666666666667	-1.1234754	19.612116	1
PON2	0.34812284	0.34084195	0.3271469015413652	0.73390704	0.8166666666666667	1.1062679	14.617193	1
SEM1	0.74492264	0.7375246	0.6093111041207927	1.1369026	0.95	0.62427676	15.708216	1
DLX6-AS1	0.003538889	0.0036056968	0.003302925448254168	-1.0186341e-10	0.0	-5.2116747	5.0120215	1
DLX6	0.0027795418	0.0028320178	0.003302925448254168	-1.0186341e-10	0.0	-4.8738236	5.0394063	1
AC079781.5	0.01049799	0.010696143	0.011796162315193457	-1.0186341e-10	0.0	-6.7543736	16.42426	1
ARPC1B	0.15611063	0.1347507	0.14013840830449828	1.2878319	0.9666666666666667	3.2556214	44.25141	1
LAMTOR4	0.73812306	0.7322605	0.6034916640452973	1.0487514	0.925	0.51818424	10.48818	1
SAP25	0.0060365535	0.0061505022	0.006448568732305757	-1.0186341e-10	0.0	-5.965902	9.242757	1
GNB2	0.54518443	0.5361115	0.48112614029569045	1.0259068	0.9416666666666667	0.93616635	22.354292	1
POP7	0.122492254	0.11887696	0.12629757785467127	0.31403205	0.5083333333333333	1.4006889	7.952665	1
EPHB4	0.050880678	0.048554674	0.05143126769424347	0.17412573	0.2916666666666667	1.8403074	5.235224	1
AP1S1	0.21696337	0.21231298	0.2154765649575338	0.46334565	0.6333333333333333	1.1255281	8.877108	1
PLOD3	0.1188363	0.11599307	0.1215791129285939	0.2694684	0.43333333333333335	1.2153695	5.4567184	1
ZNHIT1	0.6687473	0.66285473	0.5629128656810317	0.9809676	0.9	0.5654422	10.501216	1
AC006329.1	0.011042523	0.011250954	0.012268008807801196	-1.0186341e-10	0.0	-6.826671	16.771368	1
ORAI2	0.124844685	0.11907777	0.1245674740484429	0.4303856	0.6166666666666667	1.8528497	13.280464	1
RASA4B	0.004057651	0.00413425	0.004718464926077383	-1.0186341e-10	0.0	-5.404036	7.0274525	1
POLR2J3	0.4553537	0.44857714	0.39116074237181503	0.8144113	0.8583333333333333	0.860257	12.927446	1
FBXL13	0.0074067633	0.007546573	0.00833595470273671	-1.0186341e-10	0.0	-6.256743	11.619426	1
PSMC2	0.2917776	0.28814748	0.28656810317709974	0.48410484	0.6416666666666667	0.74830955	5.518025	1
LAMB1	0.48555785	0.4781039	0.41852783894306383	0.88050586	0.8416666666666667	0.8808706	12.861592	1
LRRN3	0.27291128	0.27552113	0.221767851525637	0.13461345	0.19166666666666668	-1.0327924	5.6599255	1
DOCK4	0.062476635	0.050066475	0.052689525007864106	0.7200098	0.8166666666666667	3.8434215	31.34884	1
TES	0.10790576	0.104729235	0.10899653979238755	0.276196	0.43333333333333335	1.3981735	6.22992	1
CAV2	0.12745434	0.120039724	0.12409562755583517	0.520296	0.6333333333333333	2.1148965	15.340802	1
CAV1	0.11423034	0.09337038	0.08917898710286254	1.2194566	0.9	3.7057035	36.15511	1
FAM3C	0.25383955	0.24919413	0.2514941805599245	0.4999592	0.6833333333333333	1.0042499	9.125544	1
ARF5	0.3216188	0.31830844	0.31157596728530984	0.49703014	0.675	0.64274496	5.2997303	1
LRRC4	0.009007433	0.00577321	0.006134004403900598	0.18036793	0.26666666666666666	4.9414496	7.641325	1
HILPDA	0.81480503	0.82321894	0.574079899339415	0.3690615	0.5083333333333333	-1.1571994	19.88492	1
FLNC	0.57341456	0.5769828	0.4946524064171123	0.38440773	0.5583333333333333	-0.5857658	6.110993	1
PODXL	0.030000545	0.021241223	0.02201950298836112	0.49409574	0.6083333333333333	4.5333676	18.694036	1
CALD1	0.96159714	0.94647735	0.6429694872601447	1.7627153	0.9833333333333333	0.89708906	36.18354	1
SLC13A4	0.0028858562	0.0029403388	0.003302925448254168	-1.0186341e-10	0.0	-4.926162	5.157763	1
SVOPL	0.007878422	0.0080271335	0.008493236866939289	-1.0186341e-10	0.0	-6.344676	11.89448	1
ZC3HAV1	0.1479093	0.14462003	0.1481597986788298	0.3221749	0.475	1.1550272	5.7991076	1
KDM7A-DT	0.12962186	0.13103335	0.13777917584145957	0.05481603	0.1	-1.2557354	5.2377615	1
MKRN1	0.62898695	0.6324967	0.5418370556778861	0.4430615	0.6583333333333333	-0.51345354	6.3428283	1
ZYX	0.2044444	0.20054212	0.20682604592639195	0.41118988	0.5833333333333334	1.035531	6.821124	1
AC004889.1	0.007821397	0.004614963	0.0050330292544825414	0.17770942	0.3	5.2369413	9.211834	1
CNTNAP2	0.0039610853	0.0040358617	0.0042466184334696445	-1.0186341e-10	0.0	-5.3701177	6.280497	1
PDIA4	0.24026434	0.23454377	0.22507077697389116	0.5433511	0.7166666666666667	1.2116781	12.457095	1
ZNF467	0.16333202	0.15807657	0.1621579112928594	0.44177294	0.625	1.4820956	11.229754	1
ATP6V0E2-AS1	0.0067523276	0.0068797856	0.007549543881723813	-1.0186341e-10	0.0	-6.125112	10.547792	1
GIMAP4	0.00905338	0.0012676755	0.0012582573136206354	0.421566	0.5166666666666667	8.26823	15.682189	1
GIMAP6	0.0019485358	-1.0768417e-09	0.0	0.10518851	0.19166666666666668	10.040148	5.8475595	1
GIMAP1	0.0025387474	0.0005954311	0.0004718464926077383	0.10550212	0.2	7.2465158	6.049881	1
NOS3	0.01701529	0.013962343	0.015728216420257943	0.17877097	0.325	3.6690104	8.739325	1
CHPF2	0.049539242	0.04716153	0.05190311418685121	0.17552356	0.35	1.8937482	6.9559293	1
AC009403.2	0.005428292	0.00553076	0.005976722239698019	-1.0186341e-10	0.0	-5.8152595	8.630459	1
LINC01006	0.10388165	0.1050253	0.11056936143441334	0.043267664	0.1	-1.2774181	5.507683	1
AC005534.1	0.0058347946	0.005944935	0.006605850896508336	-1.0186341e-10	0.0	-5.9176564	9.436746	1
PTPRN2	0.01205609	0.0083579235	0.008807801195344448	0.20799759	0.325	4.620813	8.681253	1
LINC00689	0.003564165	0.00363145	0.0037747719408619063	-1.0186341e-10	0.0	-5.221666	5.567993	1
CLN8	0.07480505	0.07214398	0.07816923560868197	0.21580319	0.36666666666666664	1.5794353	5.987579	1
ARHGEF10	0.094963826	0.09224166	0.09735765964139667	0.23918062	0.4	1.3736501	5.720656	1
ANGPT2	0.026128268	0.015875237	0.01635734507706826	0.56936586	0.5083333333333333	5.1557	14.156519	1
PPP1R3B	0.34102896	0.34371525	0.32620320855614976	0.19877324	0.325	-0.7897844	5.721783	1
SOX7	0.00798095	0.004598436	0.0053475935828877	0.18719828	0.30833333333333335	5.3170133	8.737369	1
MTMR9	0.12074372	0.11713966	0.12346649889902485	0.31168762	0.4583333333333333	1.4111029	6.8214655	1
FAM167A	0.005311316	0.0054115765	0.005819440075495438	-1.0186341e-10	0.0	-5.7843947	8.378411	1
GATA4	0.31041938	0.31337687	0.30229631959735764	0.15370716	0.24166666666666667	-1.0272363	7.2634816	1
C8orf49	0.0049089743	0.0050016413	0.005662157911292859	-1.0186341e-10	0.0	-5.672891	8.287441	1
FDFT1	0.27682284	0.27207828	0.27115445108524694	0.52819735	0.7083333333333334	0.9567983	9.329943	1
CTSB	0.31708983	0.31096497	0.3019817552689525	0.6415957	0.7583333333333333	1.0446734	11.964598	1
DLC1	0.23374173	0.22823465	0.22412708398867567	0.5255173	0.6833333333333333	1.2028629	11.164559	1
MTMR7	0.012541583	0.012778306	0.013526266121421831	-1.0186341e-10	0.0	-7.0088005	18.601078	1
PDGFRL	0.028062232	0.028591746	0.03161371500471846	-1.0186341e-10	0.0	-8.164494	41.84317	1
AC100800.1	0.0042695827	0.0043501817	0.004403900597672224	-1.0186341e-10	0.0	-5.475794	6.519769	1
CSGALNACT1	0.0075754975	0.0031035254	0.0034602076124567475	0.24451588	0.36666666666666664	6.2547135	10.282188	1
HR	0.0050043683	0.0050988356	0.005190311418685121	-1.0186341e-10	0.0	-5.700118	7.60334	1
PIWIL2	0.004779391	0.004869612	0.00550487574709028	-1.0186341e-10	0.0	-5.6350627	7.94015	1
PDLIM2	0.41187218	0.4077727	0.3645800566215791	0.62909263	0.7416666666666667	0.62538296	5.8459063	1
TNFRSF10B	0.15715164	0.15404248	0.15854042151620007	0.3218742	0.475	1.0626804	5.511541	1
TNFRSF10D	0.03732518	0.031184474	0.033972947467757156	0.36267695	0.5583333333333333	3.535564	16.057447	1
TNFRSF10A	0.0033176828	0.0014988095	0.0017301038062283738	0.0996878	0.16666666666666666	5.9637933	5.030257	1
LOXL2	0.19654001	0.1912303	0.1925133689839572	0.47785896	0.65	1.3208213	10.991631	1
NKX3-1	0.018120108	0.01846212	0.01903114186851211	-1.0186341e-10	0.0	-7.536219	25.311203	1
STC1	0.32423288	0.3025215	0.2774457376533501	1.4745742	0.8833333333333333	2.28481	26.930048	1
AF106564.1	0.021795774	0.022139642	0.024378735451399812	0.0035697739	0.008333333333333333	-2.5993705	5.1650505	1
NEFM	0.28820628	0.29142225	0.24551745832022648	0.11779608	0.175	-1.3060901	9.2191	1
NEFL	0.48639226	0.4926272	0.4123938345391633	0.15612087	0.23333333333333334	-1.6572019	19.789112	1
AC107373.2	0.015543491	0.015836872	0.017458320226486315	-1.0186341e-10	0.0	-7.316226	22.603817	1
PPP2R2A	0.4716684	0.4679376	0.4285938974520289	0.669354	0.7833333333333333	0.5163607	5.7623916	1
PNMA2	0.07641778	0.07736447	0.08367411135577225	0.026267264	0.058333333333333334	-1.5547868	5.510433	1
DPYSL2	0.23334005	0.22307603	0.221767851525637	0.7771589	0.8166666666666667	1.8002131	22.687895	1
EXTL3-AS1	0.0057704067	0.005879332	0.0062912865681031774	-1.0186341e-10	0.0	-5.9019136	8.952518	1
DUSP4	0.01558573	0.006856805	0.007234979553318654	0.47807354	0.5416666666666666	6.1029654	16.785679	1
LEPROTL1	0.34968877	0.34630805	0.3356401384083045	0.52884185	0.6916666666666667	0.6106367	5.004816	1
PPP2CB	0.45553893	0.45158252	0.41852783894306383	0.665179	0.775	0.5586505	5.945724	1
AC087623.2	0.006792068	0.006920276	0.007234979553318654	-1.0186341e-10	0.0	-6.133457	10.263411	1
FGFR1	0.15019463	0.14241627	0.14564328405158855	0.5623118	0.7083333333333334	1.9805003	16.872206	1
TACC1	0.24688014	0.237897	0.23513683548285624	0.7228301	0.7916666666666666	1.6029129	17.78266	1
TM2D2	0.20077097	0.19388363	0.19911921988046555	0.5656749	0.7	1.5442933	14.904844	1
TCIM	0.012255741	0.0018307132	0.0015728216420257944	0.56460834	0.5916666666666667	8.192228	16.532497	1
ZMAT4	0.058654863	0.05944204	0.06527209814407046	0.01695558	0.03333333333333333	-1.8036649	5.385992	1
AC027702.1	0.0052680676	0.005367512	0.005819440075495438	-1.0186341e-10	0.0	-5.7728143	8.49451	1
HOOK3	0.32153267	0.31520665	0.30591380937401697	0.65670866	0.7583333333333333	1.0587176	11.693089	1
HGSNAT	0.093599506	0.08965892	0.0970430953129915	0.30237326	0.4666666666666667	1.7526803	8.385102	1
AC064807.4	0.0045059132	0.004590973	0.004875747090279962	-1.0186341e-10	0.0	-5.5518165	7.2630286	1
TCEA1	1.3242072	1.3321553	0.8230575652720982	0.90310615	0.8666666666666667	-0.5607433	16.457771	1
LYPLA1	0.50014436	0.49443835	0.45077068260459263	0.80248785	0.8583333333333333	0.698577	11.382261	1
SOX17	0.011429786	0.0010169473	0.0012582573136206354	0.56313664	0.65	8.978036	20.433624	1
RP1	0.0020246627	-1.0768417e-09	0.0	0.109298095	0.19166666666666668	10.095387	5.851637	1
LYN	0.1646296	0.16041219	0.16137150047184648	0.38807037	0.5833333333333334	1.2740071	9.044231	1
PENK	0.003916845	0.0039907866	0.003932054105064486	-1.0186341e-10	0.0	-5.3543077	5.3787446	1
ASPH	1.2254374	1.2321968	0.8117332494495124	0.8673084	0.85	-0.50656646	11.691808	1
AC021321.1	0.006148708	0.006264773	0.007234979553318654	-1.0186341e-10	0.0	-5.9920387	10.295473	1
PREX2	0.014510443	0.012218384	0.01368354828562441	0.13595206	0.24166666666666667	3.4652739	6.100144	1
TRAM1	0.38439324	0.37648055	0.3590751808744888	0.80364114	0.8666666666666667	1.0937725	18.648582	1
AC087627.1	0.0023401026	7.756023e-05	0.00015728216420257942	0.12221712	0.2	9.4281025	5.6383348	1
AC103952.1	0.0069341846	0.007065075	0.007549543881723813	-1.0186341e-10	0.0	-6.1629114	10.397571	1
HEY1	0.07078647	0.060376883	0.061654608367411136	0.6223247	0.6833333333333333	3.3634436	20.889658	1
TPD52	0.60263515	0.6088458	0.5204466813463353	0.2736344	0.4	-1.153537	16.062588	1
AC009902.3	0.003186283	0.003246436	0.0037747719408619063	-1.0186341e-10	0.0	-5.064555	5.755392	1
AC015522.1	0.45718494	0.46144918	0.396036489462095	0.23131958	0.375	-0.99597347	10.846669	1
RALYL	0.19559158	0.19770156	0.1980182447310475	0.08377922	0.15	-1.2376684	6.814721	1
CA2	0.027671475	0.0069965636	0.007392261717521233	1.1230963	0.8416666666666667	7.306274	35.48667	1
ESRP1	0.0032359425	0.0032970326	0.0034602076124567475	-1.0186341e-10	0.0	-5.0862045	5.1620836	1
AP003352.1	0.0049097645	0.0050024465	0.0053475935828877	-1.0186341e-10	0.0	-5.6731186	7.886702	1
ERICH5	0.0069509954	0.007082203	0.008493236866939289	-1.0186341e-10	0.0	-6.166356	12.072466	1
RNF19A	0.3632599	0.35952288	0.33501100975149417	0.561283	0.7	0.6425006	5.2204957	1
ZNF706	0.5494948	0.5448117	0.48411450141553947	0.7976301	0.875	0.54987806	9.141246	1
RRM2B	0.08563773	0.08150989	0.08776344762503932	0.30433398	0.425	1.8993134	7.9299917	1
KLF10	0.10444948	0.10042073	0.10459263919471531	0.31789392	0.45	1.661506	7.623452	1
BAALC	0.016553879	0.0102531845	0.01100975149418056	0.35038581	0.5	5.0812097	14.387189	1
ENY2	0.72166663	0.71490556	0.596099402327776	1.0799031	0.9583333333333334	0.5950091	15.942228	1
SNTB1	0.0052162977	0.002270179	0.00267379679144385	0.16131201	0.2916666666666667	6.089608	8.370742	1
AC016405.3	0.0032304747	0.0032914616	0.003617489776659327	-1.0186341e-10	0.0	-5.083837	5.5018888	1
FBXO32	0.32919258	0.33217114	0.3005662157911293	0.17144954	0.2833333333333333	-0.9537356	7.3273025	1
FAM91A1	0.060435176	0.057442095	0.061340044039005975	0.2190241	0.4	1.9290586	8.13066	1
MTSS1	0.2056735	0.1972725	0.194086190625983	0.6507812	0.7333333333333333	1.7214733	16.082897	1
SQLE	0.2964533	0.2864751	0.2731991192198805	0.8251278	0.8083333333333333	1.5258793	18.204117	1
PCAT1	0.0068249046	0.0069537326	0.007549543881723813	-1.0186341e-10	0.0	-6.1403165	10.649607	1
ASAP1	0.4248192	0.41938522	0.38864422774457374	0.7127528	0.7916666666666666	0.7649843	9.128456	1
PHF20L1	0.49232045	0.48801416	0.4397609311104121	0.7205167	0.8	0.56201357	6.717894	1
PTK2	0.30405548	0.29692766	0.29333123623781066	0.6817049	0.8083333333333333	1.1987617	15.877042	1
DENND3	0.017265256	0.013562675	0.015099087763447625	0.2134408	0.3416666666666667	3.9661999	8.225056	1
PTP4A3	0.26740703	0.26162562	0.2592010066058509	0.5737164	0.7166666666666667	1.1325343	11.198985	1
TSNARE1	0.0057808366	0.0058899587	0.006605850896508336	-1.0186341e-10	0.0	-5.9044757	9.345889	1
AC067930.8	0.005315094	0.0054154256	0.005976722239698019	-1.0186341e-10	0.0	-5.785402	8.616707	1
AC067930.3	0.0030668627	0.0031247616	0.0037747719408619063	-1.0186341e-10	0.0	-5.011122	5.672	1
PLEC	0.2381604	0.23190638	0.23372129600503302	0.56951034	0.7083333333333334	1.2958108	12.572839	1
PARP10	0.0042560236	0.004336367	0.004875747090279962	-1.0186341e-10	0.0	-5.471308	7.1623716	1
HSF1	0.599164	0.60256	0.4907203523120478	0.41927817	0.5583333333333333	-0.52309257	5.1379323	1
SLC52A2	0.0844332	0.08180149	0.0879207297892419	0.22385566	0.38333333333333336	1.4512515	5.4597716	1
VPS28	0.7093265	0.7018841	0.5828877005347594	1.1036502	0.95	0.6529035	16.2681	1
ZNF252P-AS1	0.0051840683	0.005281927	0.005976722239698019	-1.0186341e-10	0.0	-5.7500525	8.243655	1
VLDLR-AS1	0.12115025	0.12278591	0.12676942434727903	0.034466837	0.075	-1.829859	10.9436455	1
RFX3-AS1	0.014384098	0.0146555975	0.015570934256055362	-1.0186341e-10	0.0	-7.20512	20.93416	1
AL354977.2	0.008009787	0.008160978	0.008965083359547028	-1.0186341e-10	0.0	-6.3682423	12.570946	1
RLN2	0.006596111	0.0067206207	0.007077697389116074	-1.0186341e-10	0.0	-6.0918326	10.123873	1
PTPRD	0.69322664	0.6974298	0.5509594212016358	0.47057623	0.65	-0.5675199	7.2934546	1
NFIB	0.30880675	0.30350932	0.2870399496697075	0.5894715	0.7083333333333334	0.95745087	9.513576	1
ZDHHC21	0.122048646	0.11813449	0.12205095942120163	0.32942203	0.5	1.4787239	8.419383	1
SH3GL2	0.00976193	0.009946191	0.010380622837370242	-1.0186341e-10	0.0	-6.6505065	14.403837	1
MLLT3	0.58289135	0.58825284	0.5011009751494181	0.2988703	0.5	-0.9766796	15.772999	1
CDKN2A	0.03424318	0.030968942	0.03334381881094684	0.20771793	0.275	2.741775	6.1998734	1
TEK	0.0028417727	0.0002769953	0.00031456432840515884	0.13873225	0.24166666666666667	8.524581	7.4323945	1
B4GALT1	0.122568734	0.11938481	0.12488203837684807	0.29125276	0.44166666666666665	1.2859396	5.821589	1
MYORG	0.0041951183	0.0022287252	0.0025165146272412707	0.10838183	0.18333333333333332	5.541769	5.432123	1
FAM219A	0.112453	0.10773307	0.11434413337527524	0.36252046	0.525	1.7496606	10.346777	1
DCTN3	0.49710903	0.4918085	0.4520289399182133	0.777965	0.8416666666666667	0.66150075	9.312715	1
CCL27	0.003444628	0.003509657	0.004089336269267065	-1.0186341e-10	0.0	-5.1737914	6.139348	1
AL162231.1	0.15437472	0.15595958	0.16137150047184648	0.070384234	0.13333333333333333	-1.1467243	5.419993	1
VCP	0.6232856	0.6131496	0.5272098144070463	1.1603256	0.9583333333333334	0.92010784	24.615198	1
POLR1E	0.09655173	0.09762939	0.10522176785152564	0.039433975	0.09166666666666666	-1.3056993	5.1503606	1
TOMM5	0.7293682	0.7235663	0.6036489462094998	1.0367943	0.925	0.5188724	10.187661	1
AL953883.1	0.003631193	0.003699743	0.0042466184334696445	-1.0186341e-10	0.0	-5.2478313	6.185145	1
CBWD6	0.008341013	0.008498456	0.009279647687952187	-1.0186341e-10	0.0	-6.4260073	12.85202	1
AL512625.3	0.005560877	0.005665847	0.0062912865681031774	-1.0186341e-10	0.0	-5.849462	9.119991	1
FAM27E3	0.0029069127	0.0029617928	0.003617489776659327	-1.0186341e-10	0.0	-4.936306	5.364521	1
AL161457.1	0.0033917245	0.003455755	0.0037747719408619063	-1.0186341e-10	0.0	-5.152086	5.6588664	1
PIP5K1B	0.05339503	0.054109316	0.05819440075495439	0.015557796	0.03333333333333333	-1.7916598	5.072291	1
TJP2	0.21022204	0.20687559	0.2039949669707455	0.38751718	0.5333333333333333	0.9051719	5.3311977	1
BANCR	0.24373403	0.24624522	0.2003774771940862	0.11066638	0.16666666666666666	-1.1531614	5.825688	1
SMC5-AS1	0.0059211035	0.006032873	0.006763133060710916	-1.0186341e-10	0.0	-5.938493	9.204961	1
CEMIP2	0.055332184	0.04588601	0.04938659955960994	0.55582434	0.675	3.5956216	21.713274	1
ANXA1	0.085914925	0.06860926	0.06763133060710916	1.0028262	0.8833333333333333	3.867567	35.12922	1
OSTF1	0.12450498	0.115197346	0.1215791129285939	0.6176472	0.7583333333333333	2.421657	22.519825	1
PSAT1	0.44149765	0.4465651	0.3586033343818811	0.17308313	0.26666666666666666	-1.3668951	14.70948	1
TLE1	0.017211247	0.014574201	0.015570934256055362	0.15693137	0.26666666666666666	3.419699	6.8957596	1
UBQLN1	0.29090175	0.28786558	0.2820069204152249	0.45175862	0.6583333333333333	0.6499751	5.263263	1
NTRK2	0.011443862	0.011659867	0.011324315822585718	-1.0186341e-10	0.0	-6.8777294	14.94975	1
AL353743.2	0.013005036	0.013250507	0.014155394778232149	-1.0186341e-10	0.0	-7.0607524	18.951044	1
CTSL	0.26243544	0.25877514	0.2547971060081787	0.45636228	0.625	0.81823915	5.878501	1
CDK20	0.014219434	0.014487825	0.015728216420257943	-1.0186341e-10	0.0	-7.1886225	21.503784	1
AL353572.4	0.0054753153	0.0055786707	0.006448568732305757	-1.0186341e-10	0.0	-5.8274827	9.304927	1
SECISBP2	0.14027552	0.13718808	0.14249764076753696	0.30384877	0.49166666666666664	1.1466218	6.1063247	1
IARS	0.6118042	0.61546177	0.5001572821642026	0.41804996	0.6083333333333333	-0.55788326	6.4068475	1
ASPN	0.010867158	0.011072279	0.011324315822585718	-1.0186341e-10	0.0	-6.803781	15.3744545	1
CARD19	0.123113714	0.118694514	0.12787039949669707	0.35724702	0.5416666666666666	1.5888574	9.980711	1
WNK2	0.35961604	0.36282358	0.3446052217678515	0.18973866	0.3416666666666667	-0.9348919	8.809136	1
BARX1	0.005445826	0.005548625	0.006134004403900598	-1.0186341e-10	0.0	-5.819829	8.894829	1
AL691447.2	0.004202333	0.0042816624	0.004561182761874803	-1.0186341e-10	0.0	-5.453408	6.624488	1
TMOD1	0.88454735	0.88959855	0.6667190940547342	0.6169651	0.7	-0.52789384	7.716289	1
TRIM14	0.0035799232	0.0036475055	0.004403900597672224	-1.0186341e-10	0.0	-5.2278605	6.665417	1
GALNT12	0.0070277797	0.0071604364	0.008021390374331552	-1.0186341e-10	0.0	-6.181986	11.447971	1
COL15A1	0.014070166	0.0034717391	0.0037747719408619063	0.5756104	0.6083333333333333	7.332573	18.2855	1
CYLC2	0.010720226	0.0109225735	0.01116703365838314	-1.0186341e-10	0.0	-6.784319	15.270829	1
SLC44A1	0.2253803	0.22014892	0.2195659012268009	0.5025431	0.6416666666666667	1.1903995	9.452429	1
EPB41L4B	0.026291313	0.026732536	0.028939918213274615	0.002907051	0.008333333333333333	-3.157562	9.970592	1
TXN	1.0874008	1.0735425	0.760301981755269	1.8216691	1.0	0.76282644	42.332333	1
GNG10	0.33248782	0.32202125	0.3161371500471846	0.88705397	0.8833333333333333	1.4615808	25.406393	1
PTBP3	0.14791085	0.14217459	0.15004718464926078	0.4518304	0.625	1.6674225	12.533085	1
C9orf147	0.003436389	0.0035012623	0.0037747719408619063	-1.0186341e-10	0.0	-5.170432	5.745853	1
CDC26	0.24782348	0.24318142	0.24268637936458007	0.49376982	0.675	1.0215046	9.397442	1
BSPRY	0.075201705	0.07627135	0.08241585404215163	0.018536448	0.03333333333333333	-2.0349045	7.681956	1
HDHD3	0.17243035	0.17430295	0.1813463353255741	0.07319519	0.13333333333333333	-1.2506341	6.6948028	1
RGS3	0.19985096	0.1939202	0.1972318339100346	0.5140711	0.675	1.4060417	11.628267	1
PAPPA	0.0048778774	0.0049699573	0.005190311418685121	-1.0186341e-10	0.0	-5.663903	7.4941306	1
B3GNT10	0.0076117464	0.007755425	0.00833595470273671	-1.0186341e-10	0.0	-6.295619	11.679191	1
TRAF1	0.0035178654	0.0035842767	0.004089336269267065	-1.0186341e-10	0.0	-5.203311	6.0028057	1
C5	0.0037791694	0.0038505124	0.004403900597672224	-1.0186341e-10	0.0	-5.3039694	6.3685827	1
RAB14	0.5105583	0.5053201	0.45674740484429066	0.78810996	0.8666666666666667	0.641097	10.122339	1
PDCL	0.15172078	0.14843486	0.15508021390374332	0.32580936	0.5083333333333333	1.1336691	6.235656	1
RC3H2	0.18575531	0.18192156	0.1865366467442592	0.38886648	0.575	1.0955365	7.380395	1
LHX2	0.004896788	0.0049892245	0.005190311418685121	-1.0186341e-10	0.0	-5.6693754	7.1550555	1
NEK6	0.06309429	0.060069352	0.06747404844290658	0.22337127	0.36666666666666664	1.8929887	6.7180414	1
PSMB7	0.5788652	0.57251775	0.5040893362692671	0.91519016	0.8666666666666667	0.6766568	10.803276	1
ARPC5L	0.47196868	0.46398547	0.424819125511167	0.89495647	0.8833333333333333	0.94758826	17.841566	1
HSPA5	0.9577397	0.94907933	0.657439446366782	1.4166034	0.9666666666666667	0.5777852	15.48263	1
ANGPTL2	0.017673695	0.014412498	0.015256369927650204	0.19046316	0.31666666666666665	3.7149014	8.54079	1
AL445222.1	0.0068200654	0.0069488017	0.007864108210128971	-1.0186341e-10	0.0	-6.1393075	10.984501	1
NIBAN2	0.06321677	0.059556212	0.06385655866624725	0.2571705	0.4166666666666667	2.1085417	8.723267	1
SH2D3C	0.013570977	0.008981543	0.010066058508965083	0.25673485	0.4083333333333333	4.8217597	11.922394	1
ENG	0.37626955	0.3652947	0.31582258571877947	0.95776844	0.8583333333333333	1.3903719	19.01699	1
ST6GALNAC6	0.18563038	0.18168394	0.18763762189367725	0.39471155	0.5833333333333334	1.1189393	7.8507214	1
SPTAN1	0.44413847	0.43726942	0.4013840830449827	0.80809677	0.85	0.8858543	14.320237	1
HMGA1P4	0.00298119	0.003037472	0.003302925448254168	-1.0186341e-10	0.0	-4.9715323	5.0842037	1
LRRC8A	0.06358412	0.05966585	0.06338471217363952	0.2711926	0.45	2.1824563	10.100478	1
AL158151.1	0.010646488	0.010847444	0.011481597986788298	-1.0186341e-10	0.0	-6.7744517	15.627216	1
LINC01503	0.12898616	0.1304224	0.1368354828562441	0.05287004	0.11666666666666667	-1.3010489	6.413215	1
FNBP1	0.24858645	0.24510066	0.2492922302610884	0.4332703	0.6083333333333333	0.82163733	5.9547515	1
ASS1	0.30059087	0.30395928	0.2881409248191255	0.1221047	0.24166666666666667	-1.3150527	12.808245	1
PRDM12	0.005860044	0.005970661	0.006763133060710916	-1.0186341e-10	0.0	-5.9237833	9.783694	1
RAPGEF1	0.07983693	0.07655827	0.08288770053475936	0.25355512	0.4	1.7263548	6.737699	1
SETX	0.22734042	0.22224808	0.2223969801824473	0.49713996	0.6416666666666667	1.1611222	9.519091	1
CEL	0.0038793932	0.003952628	0.004089336269267065	-1.0186341e-10	0.0	-5.3407874	6.124766	1
MED22	0.15099007	0.15247975	0.1612142183076439	0.07204256	0.15	-1.080641	5.354047	1
STKLD1	0.0068659135	0.0069955154	0.00817867253853413	-1.0186341e-10	0.0	-6.148837	11.560963	1
RXRA	0.14151467	0.13803715	0.14312676942434727	0.32575563	0.5083333333333333	1.2381315	7.235077	1
NOTCH1	0.020397488	0.016196672	0.018087448883296633	0.2429704	0.39166666666666666	3.898725	10.818758	1
EGFL7	0.38704655	0.36244804	0.3273041837055678	1.6903586	0.9916666666666667	2.2211707	44.25141	1
DIPK1B	0.32806358	0.31852818	0.31157596728530984	0.833294	0.825	1.3871249	19.769987	1
LCN10	0.0063307555	0.0064502563	0.007392261717521233	-1.0186341e-10	0.0	-6.033481	10.647439	1
LCN15	0.0034393913	0.0035043212	0.003617489776659327	-1.0186341e-10	0.0	-5.171657	5.0510974	1
PTGDS	0.56390035	0.5693085	0.3689839572192513	0.27741987	0.3333333333333333	-1.0368731	9.190821	1
LCNL1	0.005414975	0.0055171917	0.006448568732305757	-1.0186341e-10	0.0	-5.8117785	9.305712	1
NPDC1	0.31781837	0.3087471	0.3041837055677886	0.79844004	0.8416666666666667	1.3704721	20.386318	1
LRRC26	0.015696405	0.015992671	0.017458320226486315	-1.0186341e-10	0.0	-7.3302617	23.762964	1
CYSRT1	0.0053312113	0.005431847	0.005819440075495438	-1.0186341e-10	0.0	-5.789691	8.413277	1
NRARP	0.034589026	0.030982034	0.03381566530355458	0.22569492	0.3416666666666667	2.86086	8.197851	1
PNPLA7	0.004959208	0.0050528226	0.00550487574709028	-1.0186341e-10	0.0	-5.6872926	7.873645	1
AL359878.1	0.004918001	0.005010838	0.00550487574709028	-1.0186341e-10	0.0	-5.6754894	8.002367	1
IDI1	0.2663101	0.25961503	0.25621264548600187	0.62102765	0.7166666666666667	1.2579603	13.011214	1
LINC02669	0.0028046928	0.00032984905	0.00031456432840515884	0.1339302	0.23333333333333334	8.2845125	6.9504786	1
KLF6	0.21054521	0.19210197	0.19046870084932369	1.1877201	0.9	2.6276212	31.823086	1
AL157395.1	0.0108179385	0.01102213	0.011953444479396037	-1.0186341e-10	0.0	-6.797291	16.565294	1
NUDT5	0.4529594	0.4486213	0.4149103491664045	0.6828259	0.7833333333333333	0.6059094	6.700384	1
AL512770.1	0.0038583425	0.00393118	0.004089336269267065	-1.0186341e-10	0.0	-5.333132	5.8593755	1
OPTN	0.3069902	0.30261162	0.29285938974520287	0.5389747	0.6916666666666667	0.8325412	7.4027376	1
FRMD4A	0.056858286	0.054223605	0.05803711859075181	0.19645773	0.3416666666666667	1.855302	6.2353783	1
FAM107B	0.06257172	0.049190436	0.05253224284366153	0.7715573	0.8	3.9685805	29.3679	1
CDNF	0.003400028	0.003464215	0.0037747719408619063	-1.0186341e-10	0.0	-5.155514	5.623257	1
ITGA8	0.0062231575	0.002022309	0.002201950298836112	0.22879848	0.30833333333333335	6.752929	8.677321	1
RSU1	0.10406048	0.100414224	0.1085246932997798	0.29723787	0.44166666666666665	1.5647035	7.405907	1
VIM	2.6259704	2.60223	0.9896193771626297	3.8837204	1.0	0.5776726	44.25141	1
AL353147.1	0.0037563324	0.0038272443	0.0042466184334696445	-1.0186341e-10	0.0	-5.295447	6.3371325	1
PLXDC2	0.36193204	0.3666116	0.3173954073608053	0.1140725	0.2	-1.6834307	20.0562	1
NEBL	1.5599823	1.5688229	0.8729160113243158	1.0915596	0.9333333333333333	-0.52325135	19.106823	1
ARHGAP21	0.17790407	0.1726527	0.17709971689210444	0.4561276	0.5916666666666667	1.4010454	10.001757	1
MKX	0.007647908	0.007792269	0.009279647687952187	-1.0186341e-10	0.0	-6.3023696	13.006114	1
JCAD	0.06481152	0.057540063	0.061025479710600815	0.45008072	0.575	2.9653604	14.973456	1
ZEB1	0.43458208	0.42570087	0.39021704938659957	0.9051612	0.8333333333333334	1.0881553	16.937735	1
KIF5B	0.9020393	0.89095956	0.6816608996539792	1.4890895	0.975	0.74093354	23.726122	1
ITGB1	1.5444118	1.5292542	0.8905316137150047	2.3475175	1.0	0.6182747	44.25141	1
NRP1	0.29446048	0.2815717	0.2588864422774457	0.97734815	0.8916666666666667	1.7950058	28.393759	1
CREM	0.45319596	0.4385789	0.40106951871657753	1.2276611	0.9	1.4847928	28.381706	1
CCNY	0.4616409	0.45577726	0.4212016357345077	0.77233726	0.8333333333333334	0.7607724	10.505134	1
AL022344.1	0.0048316987	0.004922907	0.0053475935828877	-1.0186341e-10	0.0	-5.650452	7.73314	1
CSGALNACT2	0.05511452	0.052973364	0.056621579112928595	0.16856652	0.30833333333333335	1.6681137	5.1059513	1
RASGEF1A	0.0032118256	0.0032724605	0.0034602076124567475	-1.0186341e-10	0.0	-5.0757313	5.214685	1
TMEM72	0.0032366687	0.0032977727	0.0034602076124567475	-1.0186341e-10	0.0	-5.086519	5.301216	1
AL353801.3	0.007061974	0.007195276	0.007549543881723813	-1.0186341e-10	0.0	-6.1888924	10.953464	1
LINC00842	0.003205687	0.0032662062	0.0034602076124567475	-1.0186341e-10	0.0	-5.0730534	5.2620635	1
AL356056.2	0.0051729097	0.005270558	0.005662157911292859	-1.0186341e-10	0.0	-5.7470016	8.193393	1
AL356056.1	0.0028191607	0.0028723846	0.0034602076124567475	-1.0186341e-10	0.0	-4.8935504	5.2091837	1
PARG	0.1270636	0.12857825	0.13431896822900283	0.046792805	0.1	-1.4563296	7.359854	1
AL589794.2	0.01072499	0.010927428	0.011638880150990877	-1.0186341e-10	0.0	-6.784954	15.879021	1
PRKG1-AS1	0.0072095166	0.0073456033	0.007864108210128971	-1.0186341e-10	0.0	-6.2183185	10.994327	1
AC010996.1	0.0033995677	0.003463746	0.003932054105064486	-1.0186341e-10	0.0	-5.155324	5.7450895	1
SLC16A9	0.0314931	0.032087367	0.03444479396036489	-1.0186341e-10	0.0	-8.330353	44.25141	1
ARID5B	0.116679095	0.112810954	0.11859075180874488	0.32161355	0.4666666666666667	1.5105911	7.0233126	1
EGR2	0.0047920183	0.0048824777	0.004875747090279962	-1.0186341e-10	0.0	-5.638793	6.920726	1
REEP3	0.7721402	0.766079	0.6165460836741113	1.0932827	0.9916666666666667	0.513045	15.857067	1
TET1	0.97535884	0.98394984	0.7041522491349481	0.52020454	0.6666666666666666	-0.919375	20.182196	1
CCAR1	0.3558239	0.35220212	0.33658383139352	0.5477439	0.7416666666666667	0.6369519	6.29467	1
KIF1BP	0.18406506	0.18112122	0.1887385970430953	0.3400269	0.525	0.90832114	5.286294	1
TSPAN15	0.046842385	0.04122884	0.04529726329034287	0.34427068	0.5333333333333333	3.0587413	14.526066	1
COL13A1	0.3036598	0.296856	0.27036804026423406	0.66413677	0.6666666666666666	1.1614485	9.158631	1
SAR1A	0.28342468	0.27933344	0.2777603019817553	0.50018567	0.6833333333333333	0.8402476	7.4369736	1
PALD1	0.016259948	0.013825628	0.014784523435042466	0.14523894	0.225	3.383607	5.2598352	1
UNC5B	0.7698458	0.762944	0.6020761245674741	1.1355376	0.925	0.5736644	12.088444	1
PSAP	0.7875575	0.77956474	0.6231519345706197	1.2110455	0.9583333333333334	0.63544637	17.159107	1
DDIT4	1.726088	1.7422167	0.8818810946838629	0.87156826	0.8	-0.9991558	28.390629	1
OIT3	0.014433722	0.010255206	0.010380622837370242	0.23582588	0.24166666666666667	4.5099053	6.0855575	1
AC016394.2	0.003021219	0.0030782565	0.003302925448254168	-1.0186341e-10	0.0	-4.990165	5.0515604	1
CHCHD1	0.46395865	0.45947695	0.42780748663101603	0.7014303	0.825	0.6101991	8.091055	1
CAMK2G	0.071255095	0.068795145	0.07439446366782007	0.20159744	0.35	1.5497185	5.624626	1
PLAU	0.013405716	0.006177523	0.006448568732305757	0.39637965	0.475	5.9809074	13.649649	1
DUSP13	0.013131399	0.013379254	0.014312676942434727	-1.0186341e-10	0.0	-7.0745983	19.401155	1
LINC00595	0.0041987044	0.0042779655	0.004718464926077383	-1.0186341e-10	0.0	-5.45219	6.7761526	1
PPIF	0.33496776	0.3384805	0.3236866939289085	0.14893048	0.25833333333333336	-1.1838914	10.546263	1
AL512662.2	0.0041133896	0.0041910405	0.004403900597672224	-1.0186341e-10	0.0	-5.423257	6.6741104	1
SFTPD	0.0047825165	0.0048727966	0.005662157911292859	-1.0186341e-10	0.0	-5.635987	8.247551	1
TMEM254-AS1	0.003142873	0.0032022067	0.0034602076124567475	-1.0186341e-10	0.0	-5.04536	5.27338	1
ANXA11	0.28524765	0.2804534	0.2777603019817553	0.5392572	0.7333333333333333	0.9429658	9.787012	1
MAT1A	0.0060117417	0.006125222	0.006448568732305757	-1.0186341e-10	0.0	-5.960055	9.060216	1
TSPAN14	0.08354722	0.07892436	0.08414595784838	0.32847166	0.49166666666666664	2.0558386	10.390789	1
MMRN2	0.013925713	0.001624735	0.0015728216420257944	0.6656724	0.8	8.592511	31.170372	1
SNCG	0.022823052	0.016344223	0.017615602390688895	0.366091	0.5083333333333333	4.4769435	14.902365	1
PAPSS2	0.039111573	0.034326185	0.03711859075180875	0.29265392	0.49166666666666664	3.0881102	12.840049	1
KLLN	0.007838767	0.007986731	0.00865051903114187	-1.0186341e-10	0.0	-6.3374863	11.808573	1
STAMBPL1	0.08229703	0.08328508	0.09153821956590123	0.029926904	0.075	-1.4735336	6.1131935	1
FAS	0.0080102375	0.0055921427	0.005819440075495438	0.13612938	0.225	4.580922	6.233828	1
LIPA	0.03195272	0.020773796	0.0221767851525637	0.62424767	0.725	4.902585	24.454863	1
IFIT3	0.018577581	0.011835759	0.011953444479396037	0.37578204	0.5333333333333333	4.9769177	15.924716	1
AL157400.2	0.008345896	0.008503431	0.009908776344762504	-1.0186341e-10	0.0	-6.4268417	13.886205	1
AL157400.3	0.005724516	0.0058325757	0.006448568732305757	-1.0186341e-10	0.0	-5.8905883	8.8317	1
PPP1R3C	0.4527614	0.456611	0.3670965712488204	0.2488652	0.35833333333333334	-0.87533736	7.579247	1
HHEX	0.005504776	0.0011783234	0.0012582573136206354	0.23473483	0.35	7.52125	10.282196	1
AL157834.1	0.006462101	0.0065840813	0.007234979553318654	-1.0186341e-10	0.0	-6.062659	10.2921295	1
ENTPD1	0.009906205	0.0040202597	0.004403900597672224	0.32176325	0.45	6.2875686	13.370991	1
AC021037.1	0.0050098132	0.005104383	0.00550487574709028	-1.0186341e-10	0.0	-5.701657	7.9888926	1
TM9SF3	0.500171	0.49595234	0.4501415539477823	0.72371596	0.8083333333333333	0.5451306	6.4464755	1
UBTD1	0.03170051	0.028659124	0.030827304183705568	0.19283852	0.31666666666666665	2.7460496	7.4772778	1
SFRP5	0.00342176	0.0034863572	0.0037747719408619063	-1.0186341e-10	0.0	-5.1644487	5.732959	1
GOT1	0.8363925	0.8419506	0.6462724127083989	0.5419417	0.6833333333333333	-0.63550305	10.640193	1
BLOC1S2	0.17835861	0.17207527	0.1788298206983328	0.5112619	0.6666666666666666	1.5704666	13.360346	1
SFXN3	0.05347348	0.049454886	0.05221767851525637	0.2663967	0.39166666666666666	2.4270182	8.628802	1
ACTR1A	0.2754821	0.2722252	0.2731991192198805	0.448034	0.6583333333333333	0.7185997	5.591726	1
BORCS7	0.3382444	0.33480522	0.32447310474992136	0.52049387	0.7166666666666667	0.6364056	5.7881517	1
NEURL1	0.005922303	0.0060340953	0.006763133060710916	-1.0186341e-10	0.0	-5.9387803	9.889855	1
SH3PXD2A	0.39190492	0.38815054	0.3600188738597043	0.5908566	0.7	0.6060644	5.037427	1
GSTO1	0.5796287	0.5706582	0.49952815350739227	1.0549034	0.925	0.886296	19.356504	1
CFAP58	0.004356696	0.004438939	0.0053475935828877	-1.0186341e-10	0.0	-5.504285	7.798852	1
XPNPEP1	0.13490444	0.1317063	0.1399811261402957	0.3043399	0.4666666666666667	1.2077379	6.414291	1
ADD3	0.51301926	0.5083724	0.4539163258886442	0.75923437	0.85	0.5785657	8.403531	1
MXI1	0.61440897	0.61780405	0.5272098144070463	0.4345599	0.6	-0.5074958	5.1827755	1
AL158212.2	0.025817037	0.026304176	0.029097200377477195	-1.0186341e-10	0.0	-8.044623	39.08881	1
NRAP	0.0043555265	0.0044377474	0.0053475935828877	-1.0186341e-10	0.0	-5.503906	7.822276	1
AL592546.3	0.0030014343	0.0030580983	0.003302925448254168	-1.0186341e-10	0.0	-4.9809856	5.147153	1
C10orf82	0.03248024	0.033039313	0.03586033343818811	0.0028519798	0.008333333333333333	-3.4887888	14.604408	1
CACUL1	0.24863507	0.24501945	0.2447310474992136	0.44019052	0.6333333333333333	0.8449708	6.5425506	1
RGS10	0.013972157	0.007831342	0.008807801195344448	0.33933324	0.45	5.419419	13.103174	1
PLEKHA1	0.35544232	0.34721917	0.3315508021390374	0.791159	0.7916666666666666	1.187888	16.030373	1
CPXM2	0.016409287	0.0014558361	0.0017301038062283738	0.8086929	0.8333333333333334	9.021936	31.720985	1
CHST15	0.0035895107	0.00026803478	0.00031456432840515884	0.1795724	0.25833333333333336	8.931311	7.418669	1
ADAM12	0.015399809	0.010652511	0.01085246932997798	0.26692784	0.4083333333333333	4.6342444	12.03099	1
DOCK1	0.10012218	0.097459115	0.10207612456747404	0.24120626	0.4	1.3065168	5.6586967	1
PTPRE	0.07805653	0.07279668	0.0756527209814407	0.3567443	0.5166666666666667	2.2913694	11.293741	1
NKX6-2	0.007849641	0.007997809	0.00865051903114187	-1.0186341e-10	0.0	-6.3394613	12.128677	1
KNDC1	0.051678248	0.052426014	0.05740798993394149	0.01206743	0.025	-2.1100078	6.4033575	1
ADAM8	0.00356007	0.0036272777	0.0042466184334696445	-1.0186341e-10	0.0	-5.220052	6.319188	1
SCART1	0.0037911336	0.0038627025	0.004089336269267065	-1.0186341e-10	0.0	-5.3084145	6.0258718	1
PSMD13	0.4658139	0.45927843	0.4241899968543567	0.81209415	0.85	0.8221416	12.725829	1
IFITM2	0.46363273	0.44624242	0.3998112614029569	1.385031	0.9666666666666667	1.6337997	38.132145	1
IFITM3	0.97932863	0.9597609	0.6942434727901856	2.0161002	0.9916666666666667	1.0707415	44.25141	1
SIGIRR	0.13316838	0.12781939	0.13431896822900283	0.4165689	0.6083333333333333	1.7036664	12.487453	1
HRAS	0.21769013	0.21193199	0.2164202579427493	0.52276695	0.675	1.3021619	11.095017	1
LRRC56	0.004251161	0.0043314123	0.004718464926077383	-1.0186341e-10	0.0	-5.469696	7.002812	1
EPS8L2	0.16485922	0.1667463	0.16530355457691098	0.0648553	0.1	-1.3610005	6.291663	1
TALDO1	0.5210728	0.51235133	0.46524064171123	0.98318017	0.9083333333333333	0.9401875	17.173115	1
CD151	0.55899835	0.5499887	0.4845863479081472	1.036369	0.95	0.9139408	20.118925	1
POLR2L	0.83384126	0.8259939	0.6475306700220195	1.2496266	0.9666666666666667	0.5972349	18.127249	1
CTSD	0.5059493	0.49673748	0.44526580685750233	0.9940367	0.9333333333333333	1.0006702	18.259789	1
TNNI2	0.003159648	0.0032192983	0.003302925448254168	-1.0186341e-10	0.0	-5.052808	5.10947	1
ASCL2	0.009097713	0.009269437	0.01085246932997798	-1.0186341e-10	0.0	-6.549892	14.991744	1
TSPAN32	0.0449057	0.045642547	0.050173010380622836	0.005873615	0.016666666666666666	-2.9368608	13.408922	1
CDKN1C	0.44112793	0.4443524	0.39650833595470275	0.2703409	0.4	-0.71671563	5.7690372	1
PHLDA2	0.0146079585	0.0082146935	0.008965083359547028	0.3533446	0.49166666666666664	5.409677	14.256611	1
RHOG	0.15335503	0.14643012	0.15555206039635106	0.5202518	0.7	1.8282901	16.301542	1
STIM1	0.08438287	0.08105513	0.08729160113243158	0.2606848	0.4166666666666667	1.6841054	7.066104	1
AC104389.5	0.006070368	0.0061849547	0.006920415224913495	-1.0186341e-10	0.0	-5.9738317	9.502645	1
CAVIN3	0.2146778	0.20362929	0.20242214532871972	0.800065	0.7833333333333333	1.9736441	20.270247	1
AC068733.3	0.020124326	0.020504022	0.02170493865995596	-1.0186341e-10	0.0	-7.686784	29.161724	1
DCHS1	0.09098322	0.08590706	0.08996539792387544	0.35992512	0.5083333333333333	2.0655706	10.8483305	1
AKIP1	0.13460137	0.13191427	0.13966656181189052	0.27695853	0.45	1.0694968	5.042986	1
TMEM9B	0.16038997	0.15664878	0.1635734507706826	0.35859933	0.5666666666666667	1.1943207	8.270072	1
NRIP3	0.016522994	0.012619328	0.014312676942434727	0.22335276	0.39166666666666666	4.134876	10.730702	1
SWAP70	0.09735033	0.091832325	0.0970430953129915	0.38970262	0.5833333333333334	2.0840995	13.547281	1
AC011092.2	0.0038300434	0.0039023466	0.004561182761874803	-1.0186341e-10	0.0	-5.322776	6.529546	1
MRVI1-AS1	0.008525844	0.008686775	0.009751494180559924	-1.0186341e-10	0.0	-6.4572635	13.861862	1
LYVE1	0.014296074	0.0010157891	0.0009436929852154766	0.71792984	0.5416666666666666	9.329836	16.922022	1
AC069360.1	0.0045539835	0.00463995	0.0050330292544825414	-1.0186341e-10	0.0	-5.5668015	7.4203205	1
GALNT18	0.05181076	0.046331163	0.049072035231204784	0.34214163	0.5	2.8818498	12.288386	1
PARVA	0.106685236	0.101248056	0.1093111041207927	0.39475536	0.575	1.9620059	13.0833645	1
BTBD10	0.16697414	0.16396177	0.17301038062283736	0.3265662	0.49166666666666664	0.993578	5.3180256	1
FAR1-IT1	0.0041517396	0.0042301146	0.004403900597672224	-1.0186341e-10	0.0	-5.4363346	6.4263377	1
COPB1	0.5102069	0.50585276	0.45627555835168293	0.74092764	0.7416666666666667	0.55052465	5.288262	1
CALCB	0.003626709	0.0036951746	0.0042466184334696445	-1.0186341e-10	0.0	-5.246096	6.2187977	1
NUCB2	0.45083374	0.4471953	0.40279962252280593	0.6436364	0.7833333333333333	0.5252425	5.711729	1
AC124798.1	0.019291995	0.019601258	0.021075810003145644	0.002907051	0.008333333333333333	-2.7118664	5.7783794	1
USH1C	0.004107555	0.0041850954	0.004718464926077383	-1.0186341e-10	0.0	-5.421257	6.6766586	1
HTATIP2	0.08434437	0.07929301	0.08508965083359547	0.3519724	0.48333333333333334	2.1487882	10.217612	1
SVIP	0.19561532	0.19239776	0.19675998741742687	0.3660809	0.5666666666666667	0.9277149	6.03296	1
AC100771.2	0.0049517616	0.005045236	0.00550487574709028	-1.0186341e-10	0.0	-5.685167	8.0456	1
CD59	0.6109451	0.59755665	0.5210758100031456	1.3203064	0.9416666666666667	1.1435932	27.252443	1
LINC02721	0.0034754772	0.0035410882	0.004089336269267065	-1.0186341e-10	0.0	-5.1862993	6.1701183	1
LMO2	0.035501745	0.020372128	0.02170493865995596	0.8371183	0.8666666666666667	5.353871	35.89195	1
CD44	0.016320445	0.013030039	0.01368354828562441	0.19065765	0.275	3.860798	6.303345	1
SLC1A2	0.006172791	0.0062893108	0.006920415224913495	-1.0186341e-10	0.0	-5.9975896	9.741097	1
FJX1	0.005806667	0.0038035982	0.0042466184334696445	0.111936666	0.18333333333333332	4.843023	5.000515	1
COMMD9	0.15977263	0.15666203	0.16310160427807488	0.32457054	0.5	1.0504003	5.8443084	1
CD82	0.035374403	0.033151377	0.036489462094998426	0.15315238	0.25833333333333336	2.2044234	5.245081	1
TSPAN18	0.30200875	0.29663107	0.28169235608681975	0.5869282	0.7083333333333334	0.9842739	9.858283	1
TP53I11	0.11655118	0.09467089	0.10034602076124567	1.2758374	0.925	3.7509696	43.51105	1
CHST1	0.012674868	0.0052024745	0.0050330292544825414	0.40858713	0.4666666666666667	6.268187	12.59785	1
DGKZ	0.13642819	0.13241774	0.13809374016986473	0.34890243	0.5416666666666666	1.3970516	8.390776	1
PACSIN3	0.15514107	0.15693481	0.16310160427807488	0.060082983	0.11666666666666667	-1.3836569	7.029193	1
PSMC3	0.41087586	0.40623334	0.38644227744573767	0.6568796	0.7833333333333333	0.6931849	7.7855844	1
SLC43A3	0.0062597725	0.0011828871	0.0014155394778232148	0.27525023	0.375	7.74573	10.674175	1
CTNND1	0.2040664	0.19898587	0.20289399182132747	0.47323844	0.6583333333333333	1.2494811	10.713701	1
TMEM109	0.11501703	0.11092785	0.11764705882352941	0.33166197	0.49166666666666664	1.5792269	8.111181	1
SDHAF2	0.23048145	0.22660473	0.22837370242214533	0.43587464	0.625	0.94342965	7.273712	1
LRRC10B	0.0030347083	0.0030920003	0.003617489776659327	-1.0186341e-10	0.0	-4.9963903	5.4395666	1
FADS2	0.12805298	0.124890104	0.12960050330292544	0.29562026	0.425	1.2424191	5.5636497	1
BEST1	0.036913007	0.03745449	0.040106951871657755	0.008216729	0.016666666666666666	-2.1748972	5.126578	1
AHNAK	0.24244131	0.22342105	0.22050959421201635	1.250194	0.9416666666666667	2.4837847	40.035362	1
B3GAT3	0.116922066	0.1130943	0.12110726643598616	0.3197191	0.5	1.4984547	8.156935	1
ATL3	0.04018591	0.035178956	0.03837684806542938	0.3054677	0.48333333333333334	3.114612	13.238742	1
RCOR2	0.14209019	0.14366713	0.1491034916640453	0.058518924	0.10833333333333334	-1.2942954	5.8665175	1
AP006333.2	0.006034839	0.006148755	0.006920415224913495	-1.0186341e-10	0.0	-5.9654984	9.60796	1
FLRT1	0.008486129	0.008646311	0.009436929852154765	-1.0186341e-10	0.0	-6.4506044	13.3937235	1
AP001453.1	0.012648415	0.012887155	0.01384083044982699	-1.0186341e-10	0.0	-7.020943	18.7933	1
VEGFB	1.1059637	1.1139432	0.781220509594212	0.6832258	0.75	-0.7051597	16.272095	1
PPP1R14B	0.80773175	0.79756165	0.6307014784523435	1.3465776	0.9666666666666667	0.7555557	23.588541	1
NRXN2	0.0040696305	0.0041464553	0.0050330292544825414	-1.0186341e-10	0.0	-5.408189	7.4461837	1
MAP4K2	0.05985904	0.053137343	0.05819440075495439	0.4160003	0.5833333333333334	2.966421	15.991732	1
CDC42EP2	0.013028227	0.008896687	0.010223340673167663	0.2319315	0.39166666666666666	4.688783	11.249663	1
MAP3K11	0.082221836	0.078935735	0.08619062598301352	0.25632185	0.38333333333333336	1.697942	6.3984933	1
SIPA1	0.01786788	0.015812939	0.018087448883296633	0.12674622	0.225	2.9948084	5.3066	1
CFL1	1.9058022	1.8897316	0.9480968858131488	2.7572749	1.0	0.5450376	44.25141	1
FIBP	0.46530664	0.46118766	0.42450456118276186	0.68356603	0.775	0.56762516	5.971358	1
CCDC85B	0.8872735	0.87858653	0.6711229946524064	1.3475451	0.9666666666666667	0.61702025	19.238348	1
DRAP1	0.6550344	0.64968705	0.5519031141868512	0.9383722	0.9166666666666666	0.53034705	10.598047	1
AP000759.1	0.006743364	0.0068706525	0.007549543881723813	-1.0186341e-10	0.0	-6.1232233	10.79748	1
RAB1B	0.18060829	0.17482322	0.1819754639823844	0.48711446	0.7083333333333334	1.477835	13.859095	1
YIF1A	0.31082094	0.306177	0.29789241899968544	0.5568658	0.7166666666666667	0.8627519	8.268395	1
MRPL11	0.31498095	0.31145462	0.3067002201950299	0.5018033	0.6833333333333333	0.6879243	5.796645	1
CCDC87	0.002937085	0.0029925345	0.003302925448254168	-1.0186341e-10	0.0	-4.9507194	5.0855	1
SPTBN2	0.013760786	0.01402052	0.015728216420257943	-1.0186341e-10	0.0	-7.1416507	21.062065	1
PPP1CA	0.4315035	0.42329726	0.3993394149103492	0.8663122	0.9	1.0330417	19.89973	1
CORO1B	0.124662615	0.12103493	0.12724127083988676	0.31685594	0.44166666666666665	1.3876673	6.0639596	1
ALDH3B1	0.0040552407	0.004131794	0.004875747090279962	-1.0186341e-10	0.0	-5.4031987	7.0764027	1
AP002807.1	0.003929855	0.0040040417	0.004089336269267065	-1.0186341e-10	0.0	-5.358975	6.0811696	1
AP002813.1	0.015078022	0.0153626185	0.017930166719094056	-1.0186341e-10	0.0	-7.272642	24.370468	1
CCND1	0.6934138	0.67348653	0.5410506448568733	1.7492461	0.9666666666666667	1.3768805	35.92064	1
CTTN	0.23959194	0.23332867	0.23529411764705882	0.57143223	0.7	1.2918532	11.830358	1
SHANK2	0.008047743	0.00819965	0.00865051903114187	-1.0186341e-10	0.0	-6.37498	12.104902	1
RELT	0.018873818	0.01664329	0.018559295375904374	0.1370553	0.25	3.0341556	6.425906	1
PGM2L1	0.13815355	0.13371237	0.13888015099087764	0.37345338	0.475	1.481103	7.307186	1
ARRB1	0.032536633	0.028597372	0.03224284366152878	0.24124762	0.375	3.072122	9.440264	1
SERPINH1	0.98664683	0.9783024	0.7091852783894307	1.4287694	0.9833333333333333	0.54637414	21.751623	1
UVRAG-DT	0.0054816604	0.005585136	0.006134004403900598	-1.0186341e-10	0.0	-5.8291245	8.652044	1
WNT11	0.18337694	0.18523549	0.17835797420572508	0.08488677	0.15833333333333333	-1.1248289	6.0253315	1
LRRC32	0.008770639	0.0055798325	0.00550487574709028	0.17783064	0.2833333333333333	4.9693227	8.195788	1
AP003119.2	0.014594624	0.014870096	0.01620006291286568	-1.0186341e-10	0.0	-7.225941	21.898607	1
PRCP	0.25980008	0.25180194	0.2540106951871658	0.6835636	0.7666666666666667	1.4404246	14.055811	1
CCDC90B	0.36803868	0.36398545	0.3486945580371186	0.58281934	0.725	0.6790192	6.466952	1
DLG2	0.0608386	0.061658114	0.06715948411450141	0.017425679	0.041666666666666664	-1.8171585	6.3966017	1
SYTL2	0.012294961	0.01252703	0.01368354828562441	-1.0186341e-10	0.0	-6.980373	18.863834	1
HIKESHI	0.37078926	0.36733016	0.353413022963196	0.5541018	0.725	0.59294146	5.575829	1
PRSS23	0.78975606	0.7719483	0.5261088392576282	1.7332977	0.9833333333333333	1.1668397	38.512253	1
FZD4	0.07148841	0.06775306	0.07329348851840202	0.26940453	0.425	1.9898236	8.473392	1
RAB38	0.083124064	0.080353715	0.0847750865051903	0.22989318	0.39166666666666666	1.5153601	6.3998227	1
CTSC	0.5451606	0.54045945	0.458477508650519	0.7942563	0.8	0.555333	5.9670444	1
NOX4	0.005081661	0.0009192313	0.0012582573136206354	0.22562112	0.35	7.790916	10.29674	1
DEUP1	0.0045596575	0.0046457313	0.0050330292544825414	-1.0186341e-10	0.0	-5.56856	7.429928	1
ENDOD1	0.028217146	0.025914282	0.02783894306385656	0.15022554	0.25833333333333336	2.5307143	5.545701	1
MAML2	0.07856836	0.07480712	0.07942749292230261	0.2778566	0.45	1.8916848	8.941977	1
CCDC82	0.21758315	0.21411973	0.21531928279333123	0.40107107	0.5583333333333333	0.9051261	5.76335	1
YAP1	0.58328	0.5880999	0.5055048757470902	0.3279576	0.5083333333333333	-0.84235746	11.858408	1
MMP1	0.039613426	0.020673428	0.017143755898081158	1.0431156	0.7	5.650154	20.761183	1
CASP4	0.0047742785	0.001530494	0.0015728216420257944	0.17664091	0.2833333333333333	6.7601833	8.049327	1
CARD18	0.003038775	0.003096144	0.003617489776659327	-1.0186341e-10	0.0	-4.998262	5.4599853	1
ELMOD1	0.014041614	0.014306649	0.015413652091852784	-1.0186341e-10	0.0	-7.1705923	20.76619	1
ACAT1	0.31944463	0.32213572	0.31377791758414597	0.17692752	0.3	-0.86414266	6.2335143	1
AP001981.2	0.0034100458	0.003474422	0.004089336269267065	-1.0186341e-10	0.0	-5.15964	6.1907454	1
FDX1	0.34656346	0.3406998	0.33170808430324	0.6572715	0.75	0.9477846	10.216889	1
ARHGAP20	0.0054150596	0.005517278	0.005976722239698019	-1.0186341e-10	0.0	-5.8118005	8.531315	1
LAYN	0.01958644	0.016274082	0.017143755898081158	0.19508669	0.26666666666666666	3.575369	6.1781673	1
PTS	0.17537573	0.17051776	0.17568417741428122	0.43275592	0.6166666666666667	1.343119	10.826032	1
NCAM1	0.8714473	0.87722725	0.647373387857817	0.5652489	0.6916666666666667	-0.6339736	11.248436	1
DRD2	0.0031133082	0.0031720838	0.0037747719408619063	-1.0186341e-10	0.0	-5.0321393	5.9058304	1
REXO2	0.419577	0.41415447	0.38738597043095313	0.70690256	0.7916666666666666	0.7711983	9.36758	1
APOA1-AS	0.008233253	0.008388662	0.009908776344762504	-1.0186341e-10	0.0	-6.407467	13.861009	1
PCSK7	0.101132445	0.09771931	0.10301981755268952	0.28196082	0.4666666666666667	1.527815	7.9551973	1
DSCAML1	0.0029932966	0.0030498072	0.003617489776659327	-1.0186341e-10	0.0	-4.9771934	5.3039203	1
PHLDB1	0.0532876	0.0503284	0.053790500157282164	0.21008123	0.36666666666666664	2.0593255	7.464388	1
UPK2	0.005253047	0.005352208	0.005976722239698019	-1.0186341e-10	0.0	-5.76877	8.353429	1
CCDC84-DT	0.0074996804	0.0076412437	0.00817867253853413	-1.0186341e-10	0.0	-6.274495	11.303812	1
CBL	0.19228931	0.1888715	0.191097829506134	0.3733656	0.5416666666666666	0.9828067	6.1852145	1
MCAM	0.14865668	0.13298048	0.13557722554262347	0.97923166	0.825	2.8794985	29.613108	1
USP2-AS1	0.023074815	0.023510197	0.025794274929223027	-1.0186341e-10	0.0	-7.883268	34.53474	1
THY1	0.02905393	0.009449676	0.008807801195344448	1.0677527	0.8416666666666667	6.805045	33.147465	1
OAF	0.006228861	0.0018871914	0.002201950298836112	0.23626517	0.39166666666666666	6.8941426	12.439753	1
ARHGEF12	0.33014238	0.3219455	0.31283422459893045	0.7644711	0.7666666666666667	1.2473863	14.074403	1
HSPA8	0.76717323	0.7538416	0.5839886756841774	1.4735371	0.95	0.96685666	29.08566	1
SCN3B	0.009234241	0.006854483	0.008021390374331552	0.13532248	0.20833333333333334	4.28338	5.324814	1
NRGN	0.010859965	0.0045663654	0.005190311418685121	0.34431607	0.45	6.2057095	13.783102	1
ESAM	0.027007934	0.004082394	0.004403900597672224	1.2416795	0.95	8.213864	44.25141	1
ROBO4	0.007210047	0.0007333678	0.0007864108210128972	0.3503663	0.5	8.716106	15.627805	1
CCDC15-DT	0.013498796	0.013753586	0.014941805599245045	-1.0186341e-10	0.0	-7.114117	20.353796	1
EI24	0.48625815	0.48118067	0.43928908461780436	0.7552957	0.825	0.6503542	8.46549	1
ETS1	0.030913087	0.017823454	0.019345706196917268	0.72444475	0.8416666666666667	5.3371544	31.415504	1
FLI1	0.005213664	0.0013620628	0.0014155394778232148	0.20928463	0.31666666666666665	7.162007	9.588412	1
KCNJ5	0.06199747	0.062939264	0.06637307329348852	0.012106625	0.025	-2.3685863	9.429839	1
APLP2	1.2573975	1.2367363	0.8164517143755898	2.3520925	1.0	0.9273515	44.25141	1
ZBTB44-DT	0.0031887288	0.0032489279	0.003932054105064486	-1.0186341e-10	0.0	-5.065629	5.825738	1
ADAMTS8	0.0049849157	0.0050790156	0.005819440075495438	-1.0186341e-10	0.0	-5.6946073	8.578229	1
ADAMTS15	0.00483931	0.004930662	0.005190311418685121	-1.0186341e-10	0.0	-5.6526775	7.637451	1
OPCML	0.003525427	0.003591981	0.003932054105064486	-1.0186341e-10	0.0	-5.2063246	5.726977	1
JAM3	0.10829328	0.09748054	0.10490720352312048	0.6811828	0.7416666666666667	2.8035884	22.52	1
AC007406.4	0.0056968154	0.0058043515	0.006134004403900598	-1.0186341e-10	0.0	-5.8837085	8.749164	1
SLC6A13	0.0033947018	0.0034587882	0.003932054105064486	-1.0186341e-10	0.0	-5.1533155	6.025352	1
KDM5A	0.42411062	0.42048562	0.38738597043095313	0.6162016	0.7666666666666667	0.5512371	5.4127574	1
AC005908.3	0.00794961	0.008099666	0.009122365523749607	-1.0186341e-10	0.0	-6.357495	12.596105	1
AKAP3	0.00941721	0.009594964	0.01116703365838314	-1.0186341e-10	0.0	-6.599165	15.281969	1
CD9	0.22697079	0.19979881	0.18402013211701793	1.6666298	0.9916666666666667	3.0596786	44.25141	1
TNFRSF1A	0.1539445	0.1485428	0.1520918527838943	0.44013453	0.6333333333333333	1.5664226	11.9507475	1
PIANP	0.03162541	0.03209459	0.035073922617175214	0.0067600673	0.016666666666666666	-2.2305238	5.403753	1
ENO2	1.2965951	1.3059963	0.8266750550487575	0.79850364	0.8333333333333334	-0.7097097	17.938599	1
RBP5	0.0033913895	0.0034554135	0.0037747719408619063	-1.0186341e-10	0.0	-5.151947	5.72722	1
CLEC4C	0.009965365	0.010153465	0.01085246932997798	-1.0186341e-10	0.0	-6.6799693	14.747249	1
A2M	0.4288746	0.42011517	0.34759358288770054	0.89300895	0.8	1.087708	13.664224	1
KLRF1	0.002545694	0.0025937564	0.003302925448254168	-1.0186341e-10	0.0	-4.7515492	5.134835	1
CLEC2B	0.004985363	0.0012381397	0.0015728216420257944	0.20352608	0.31666666666666665	7.24955	8.631703	1
YBX3	1.0359219	1.0251839	0.7310474992135891	1.6048869	0.9916666666666667	0.6465381	26.531517	1
MANSC1	0.05619202	0.052982524	0.056621579112928595	0.22624719	0.4	2.0922287	8.264375	1
AC008115.3	0.004489048	0.004573789	0.0050330292544825414	-1.0186341e-10	0.0	-5.546522	6.9467325	1
APOLD1	0.025962	0.021632036	0.023277760301981754	0.2553729	0.35833333333333334	3.555275	8.996563	1
EMP1	0.02439927	0.0040640454	0.0042466184334696445	1.101827	0.8916666666666667	8.047827	39.901802	1
ATF7IP	0.18736704	0.18425357	0.18496382510223341	0.35232094	0.5416666666666666	0.9348242	5.2612367	1
H2AFJ	0.39575842	0.38940158	0.3570305127398553	0.73258674	0.8083333333333333	0.91156733	11.581187	1
ARHGDIB	0.02385096	0.006525185	0.007234979553318654	0.941828	0.9083333333333333	7.151512	41.50129	1
LINC01489	0.0035616846	0.0036289229	0.0037747719408619063	-1.0186341e-10	0.0	-5.220689	5.5982666	1
RECQL	0.086571135	0.08103516	0.08697703680402642	0.37987515	0.5333333333333333	2.227506	11.986533	1
GOLT1B	0.07151747	0.06874137	0.07439446366782007	0.21860912	0.35833333333333334	1.6676656	5.871306	1
ETNK1	0.17008539	0.16711158	0.17190940547341932	0.3276348	0.5166666666666667	0.9708541	5.4813075	1
SOX5	0.04076154	0.03779054	0.04026423403586033	0.19817433	0.31666666666666665	2.3875883	6.4310627	1
KRAS	0.30321428	0.29877642	0.29458949355143127	0.5383398	0.6916666666666667	0.849236	7.9383063	1
PPFIBP1	0.19078457	0.17958616	0.18402013211701793	0.7841049	0.825	2.1257513	23.003437	1
FAR2	0.0038383447	0.0018105452	0.0018873859704309531	0.111278266	0.19166666666666668	5.8653398	5.429812	1
AC009318.1	0.007206852	0.0073428885	0.00817867253853413	-1.0186341e-10	0.0	-6.217792	11.69923	1
RESF1	0.108464494	0.10101775	0.10883925762818496	0.5030096	0.6916666666666667	2.3148365	17.565828	1
CPNE8	0.04550831	0.040121876	0.03994966970745518	0.33090425	0.5166666666666667	3.0407975	14.090474	1
GXYLT1	0.106021926	0.102745175	0.10836741113557723	0.27962187	0.44166666666666665	1.4435189	6.7869253	1
AC079601.1	0.0044754655	0.0045599504	0.0053475935828877	-1.0186341e-10	0.0	-5.542244	7.6446085	1
NELL2	0.014426609	0.01469891	0.015099087763447625	-1.0186341e-10	0.0	-7.2093487	20.48714	1
AC004241.1	0.0044448017	0.004528708	0.004561182761874803	-1.0186341e-10	0.0	-5.532539	6.7417784	1
ENDOU	0.0051188995	0.0052155284	0.00550487574709028	-1.0186341e-10	0.0	-5.7321424	8.131135	1
HDAC7	0.1432322	0.13584371	0.14123938345391632	0.53469247	0.7	1.9759698	17.451979	1
AC024257.4	0.0043594064	0.0044417004	0.0050330292544825414	-1.0186341e-10	0.0	-5.5051622	7.30149	1
ADCY6-DT	0.009457902	0.0096364245	0.0106951871657754	-1.0186341e-10	0.0	-6.605322	14.627789	1
RND1	0.0030742406	0.0031322788	0.0037747719408619063	-1.0186341e-10	0.0	-5.014481	5.7951055	1
ARF3	0.35274613	0.3487921	0.33752752437873546	0.56227404	0.75	0.6887491	7.6829233	1
DDN	0.021517208	0.021923192	0.02469329977980497	-1.0186341e-10	0.0	-7.7828813	33.01204	1
TUBA1A	0.78038746	0.7676504	0.5838313935199748	1.4552271	0.9833333333333333	0.9226341	26.341898	1
TUBA1C	0.13651879	0.1298224	0.1354199433784209	0.49130836	0.65	1.9192722	13.827855	1
SPATS2	0.37891537	0.37502873	0.3570305127398553	0.5848672	0.7916666666666666	0.64097005	7.7208185	1
FMNL3	0.0145002315	0.007022203	0.007234979553318654	0.41071117	0.5666666666666667	5.850008	17.401087	1
TMBIM6	1.0997484	1.0913682	0.7651777288455489	1.5437533	0.9916666666666667	0.50026554	23.953135	1
FAIM2	0.0043079653	0.004389289	0.0053475935828877	-1.0186341e-10	0.0	-5.4884167	7.4441557	1
AQP5	0.008695315	0.008859444	0.009279647687952187	-1.0186341e-10	0.0	-6.4853387	12.878428	1
AQP6	0.0040499936	0.004126448	0.0042466184334696445	-1.0186341e-10	0.0	-5.4013753	6.2497945	1
LIMA1	0.09898114	0.09344695	0.09452658068575023	0.39219135	0.525	2.068163	11.236996	1
SMAGP	0.020862218	0.015231219	0.01651462724127084	0.31921068	0.5083333333333333	4.3804164	15.1288395	1
ACVRL1	0.006370087	0.000730077	0.0009436929852154766	0.3051967	0.43333333333333335	8.522751	13.35598	1
GRASP	0.062161162	0.058658764	0.06291286568103177	0.2477352	0.36666666666666664	2.0765052	7.3858786	1
NR4A1	0.07240338	0.06757845	0.06763133060710916	0.32804906	0.44166666666666665	2.277583	8.439169	1
KRT18	0.58044326	0.5753218	0.4762503932054105	0.8518151	0.8416666666666667	0.56608987	6.9425955	1
TNS2	0.038906544	0.0355499	0.03774771940861906	0.21674755	0.3	2.604711	6.6713424	1
IGFBP6	0.07735795	0.07398745	0.07691097829506134	0.25594357	0.38333333333333336	1.7890882	6.388523	1
AMHR2	0.18543029	0.18765824	0.18905316137150047	0.0673671	0.125	-1.4766202	9.117542	1
ATF7	0.10778868	0.103980936	0.1108839257628185	0.30952343	0.4583333333333333	1.5728086	7.643305	1
ITGA5	0.074973784	0.06186341	0.06778861277131173	0.7696067	0.7916666666666666	3.6348205	28.861475	1
PPP1R1A	0.57791597	0.5829191	0.4926077382824788	0.31288245	0.475	-0.8974615	11.534249	1
BLOC1S1	0.48840356	0.48019674	0.4372444164831708	0.92323864	0.8833333333333333	0.94293386	16.826136	1
ORMDL2	0.18556339	0.18191282	0.18748033972947467	0.37896785	0.55	1.0584159	6.855617	1
ESYT1	0.08374734	0.08114798	0.08854985844605222	0.22145605	0.35833333333333334	1.4472678	5.390534	1
CNPY2	0.5072811	0.5019179	0.45816294432211385	0.7914506	0.8666666666666667	0.65694284	9.873835	1
GLS2	0.0032583424	0.0033198553	0.003932054105064486	-1.0186341e-10	0.0	-5.095865	5.794306	1
RBMS2	0.08538922	0.081614	0.08807801195344447	0.28540152	0.5083333333333333	1.8048432	10.335445	1
LRP1	0.37816283	0.38110152	0.35797420572507077	0.22252694	0.35833333333333334	-0.7759256	5.751983	1
AC137834.2	0.0050301445	0.005125098	0.005819440075495438	-1.0186341e-10	0.0	-5.707388	8.343026	1
SHMT2	0.54351443	0.54857093	0.4526580685750236	0.27566323	0.43333333333333335	-0.9925112	11.939437	1
R3HDM2	0.44333586	0.44613677	0.40563070147845237	0.29498214	0.4666666666666667	-0.59669286	5.194159	1
INHBE	0.03209641	0.032577384	0.03334381881094684	0.006606054	0.016666666666666666	-2.2847567	5.8614664	1
GLI1	0.0048702946	0.004962231	0.0053475935828877	-1.0186341e-10	0.0	-5.661703	7.609432	1
MARS	0.2425404	0.24477449	0.2422145328719723	0.12415467	0.21666666666666667	-0.9787424	6.0778313	1
DDIT3	0.5329902	0.5382142	0.41538219565901224	0.2562704	0.38333333333333336	-1.0702189	12.549493	1
KIF5A	0.014604357	0.014880013	0.015728216420257943	-1.0186341e-10	0.0	-7.2268963	21.461157	1
OS9	0.32267472	0.31701493	0.3085876061654608	0.62256986	0.7416666666666667	0.9734617	9.804678	1
AC083805.1	0.02009573	0.020474887	0.02186222082415854	-1.0186341e-10	0.0	-7.6847425	28.925173	1
HMGA2	0.21446285	0.20655084	0.204938659955961	0.6336618	0.775	1.6167456	17.395903	1
TMBIM4	0.39249024	0.38438645	0.36111984900912236	0.8218727	0.8583333333333333	1.0961578	18.575397	1
RAP1B	0.4800696	0.47006682	0.43551431267694246	1.01006	0.9	1.1033392	21.19206	1
MDM2	0.22387643	0.21908303	0.2192513368983957	0.4778344	0.6	1.1246765	7.9604864	1
CPM	0.00722316	0.0046705008	0.0053475935828877	0.14247222	0.25	4.9014087	7.161085	1
AC025263.1	0.006367416	0.0064876094	0.007234979553318654	-1.0186341e-10	0.0	-6.0416846	10.414948	1
RAB3IP	0.4836363	0.4869433	0.42639194715319284	0.30848056	0.4583333333333333	-0.65840286	6.0499988	1
CNOT2	0.3178019	0.31367072	0.30843032400125825	0.5366831	0.6916666666666667	0.7746285	7.085745	1
PTPRB	0.006231678	0.0015785366	0.0020446681346335325	0.25277093	0.375	7.2350535	10.724084	1
PTPRR	0.008020573	0.008171968	0.009436929852154765	-1.0186341e-10	0.0	-6.37016	12.836016	1
TRHDE	0.0035572138	0.0036243675	0.003617489776659327	-1.0186341e-10	0.0	-5.218925	5.5627265	1
PHLDA1	0.046445925	0.038022652	0.040421516200062915	0.4927417	0.5666666666666667	3.6924038	16.477615	1
AC107032.2	0.0031077086	0.0031663785	0.0037747719408619063	-1.0186341e-10	0.0	-5.0296216	5.7271113	1
NAV3	0.16931999	0.17142615	0.16876376218936773	0.05770642	0.1	-1.5691268	8.937421	1
SLC6A15	0.004351391	0.004433534	0.0050330292544825414	-1.0186341e-10	0.0	-5.502566	7.296043	1
KITLG	0.043672036	0.03734118	0.037905001572821645	0.37910345	0.5083333333333333	3.340274	12.584592	1
DUSP6	0.084146395	0.072804086	0.07093425605536333	0.68509907	0.7333333333333333	3.2324517	22.64647	1
AC010201.2	0.009789246	0.009974023	0.010066058508965083	-1.0186341e-10	0.0	-6.6544976	13.898725	1
AC010201.1	0.004201233	0.004280542	0.004403900597672224	-1.0186341e-10	0.0	-5.4530387	6.598019	1
ATP2B1-AS1	0.26461765	0.2671899	0.25133689839572193	0.12831497	0.21666666666666667	-1.0575917	6.8733006	1
UBE2N	0.3223371	0.31726155	0.3112614029569047	0.59127074	0.75	0.8979356	9.771557	1
SOCS2-AS1	0.0057102754	0.0058180657	0.006605850896508336	-1.0186341e-10	0.0	-5.8870554	9.553107	1
CEP83-DT	0.0058125667	0.0059222877	0.006920415224913495	-1.0186341e-10	0.0	-5.912241	9.787492	1
USP44	0.012927064	0.013171063	0.013526266121421831	-1.0186341e-10	0.0	-7.0521417	18.52163	1
ELK3	0.118603766	0.111969694	0.11717521233092168	0.47009307	0.6333333333333333	2.068857	14.477071	1
IKBIP	0.29905662	0.29137996	0.2807486631016043	0.705786	0.7916666666666666	1.2760386	16.342798	1
ARL1	0.43740666	0.43353486	0.4089336269267065	0.6425737	0.8	0.5676058	6.5042477	1
GNPTAB	0.041235067	0.03664132	0.03884869455803712	0.28462526	0.45	2.9540951	11.497918	1
DRAM1	0.004467223	0.0018610089	0.002201950298836112	0.14255352	0.24166666666666667	6.1847754	7.2769427	1
TXNRD1	0.43093202	0.42719683	0.38408304498269896	0.62887114	0.7666666666666667	0.5577553	5.640401	1
ALDH1L2	0.06266491	0.06367423	0.06700220195029884	0.0091965245	0.016666666666666666	-2.7782102	10.889893	1
C12orf75	0.5100171	0.5140155	0.4230890217049387	0.29822415	0.4083333333333333	-0.78521174	7.3400226	1
RFX4	0.0036873163	0.0037569255	0.003932054105064486	-1.0186341e-10	0.0	-5.269381	5.690907	1
PWP1	0.17412688	0.17074887	0.17772884554891474	0.35309213	0.55	1.0477324	6.729849	1
CORO1C	0.22935723	0.22607133	0.22601446995910665	0.40344346	0.575	0.83530796	5.204802	1
SSH1	0.13037857	0.1269789	0.131645171437559	0.31049287	0.48333333333333334	1.2893001	6.8628764	1
TRPV4	0.006658322	0.006784006	0.007549543881723813	-1.0186341e-10	0.0	-6.105178	10.676795	1
GLTP	0.2311652	0.22431743	0.22837370242214533	0.593973	0.7583333333333333	1.4044554	15.642783	1
TCHP	0.08425339	0.081871785	0.08760616546083674	0.21042486	0.375	1.3607912	5.2603903	1
GIT2	0.098921575	0.094851404	0.10270525322428437	0.3145621	0.48333333333333334	1.7285421	9.142228	1
ARPC3	0.9450841	0.9292452	0.7033658383139352	1.7843031	0.9916666666666667	0.9411551	44.25141	1
VPS29	0.40891352	0.40003008	0.37873545139981124	0.8796089	0.8583333333333333	1.1365572	19.149874	1
RAD9B	0.0057381336	0.0058464496	0.006448568732305757	-1.0186341e-10	0.0	-5.893958	9.252516	1
SH2B3	0.034959752	0.028753888	0.03192827933312362	0.36376384	0.5333333333333333	3.6565611	16.161612	1
HRK	0.013841173	0.0141024245	0.014784523435042466	-1.0186341e-10	0.0	-7.149995	19.50344	1
AC127164.1	0.0062637227	0.0063819587	0.006605850896508336	-1.0186341e-10	0.0	-6.018359	9.528382	1
TRIAP1	0.2552649	0.2503456	0.25495438817238125	0.51589173	0.6583333333333333	1.0428509	9.342108	1
SRSF9	0.53491247	0.5240855	0.46995910663730733	1.1085618	0.9583333333333334	1.0806699	29.288218	1
HNF1A-AS1	0.31054392	0.31318793	0.2938030827304184	0.17044234	0.3	-0.8773592	6.6386952	1
HNF1A	0.0050349343	0.0051299785	0.0050330292544825414	-1.0186341e-10	0.0	-5.7087345	7.181626	1
AC069503.1	0.0113698365	0.011584444	0.013211701793016672	-1.0186341e-10	0.0	-6.868447	17.93922	1
MLXIP	0.07729469	0.07311167	0.07864108210128971	0.29892963	0.4666666666666667	2.030143	9.595484	1
VPS37B	0.061148506	0.05782727	0.06259830135262662	0.23712401	0.4	2.0339355	8.221273	1
CDK2AP1	0.41417727	0.40453714	0.38093740169864737	0.9249566	0.925	1.1929129	26.023216	1
AC068790.7	0.0053812126	0.0054827924	0.006134004403900598	-1.0186341e-10	0.0	-5.8029165	8.634514	1
RFLNA	0.0036629864	0.0037321367	0.003617489776659327	-1.0186341e-10	0.0	-5.2600784	5.4935975	1
STX2	0.1415557	0.13858512	0.14422774457376533	0.29893622	0.49166666666666664	1.108507	6.1051674	1
GOLGA3	0.16660075	0.16368745	0.17017930166719095	0.32094857	0.5	0.9709667	5.2244353	1
AL161772.1	0.2632354	0.2655604	0.24803397294746776	0.14003329	0.23333333333333334	-0.9227833	5.247044	1
ZDHHC20	0.11212717	0.10940721	0.11717521233092168	0.2562271	0.425	1.2269601	5.3319974	1
SGCG	0.0033358282	0.0033988035	0.0037747719408619063	-1.0186341e-10	0.0	-5.1287913	5.4113617	1
TNFRSF19	0.25870427	0.26158035	0.2521233092167348	0.1063032	0.18333333333333332	-1.2982639	9.980175	1
CDK8	0.17727429	0.1790611	0.18370556778861277	0.08258474	0.15833333333333333	-1.1155643	5.9975147	1
WASF3	0.17935748	0.18112545	0.18527838943063857	0.085664235	0.15	-1.0793375	5.2254753	1
USP12	0.09833918	0.09571673	0.10207612456747404	0.2372727	0.39166666666666666	1.3088045	5.1071534	1
FLT1	0.0694582	0.025031349	0.024536017615602392	2.4233425	0.9916666666666667	6.591426	44.25141	1
HSPH1	0.20515844	0.20181923	0.20462409562755585	0.38207027	0.525	0.92043716	5.2750025	1
FRY-AS1	0.011118695	0.011328563	0.012425290972003775	-1.0186341e-10	0.0	-6.8365016	16.837463	1
SMAD9	0.55341303	0.5581597	0.48521547656495756	0.30197713	0.44166666666666665	-0.8860196	10.65878	1
POSTN	0.15253074	0.15451515	0.13557722554262347	0.047370512	0.075	-1.7035781	7.726108	1
LINC02334	0.003996995	0.0040724487	0.0042466184334696445	-1.0186341e-10	0.0	-5.382824	6.470865	1
UFM1	0.35579932	0.350482	0.3373702422145329	0.63754636	0.8083333333333333	0.86300474	11.094517	1
FREM2	0.091448426	0.092616625	0.09578483799937088	0.029533334	0.06666666666666667	-1.6456071	7.3232255	1
FOXO1	0.06249185	0.060070213	0.06527209814407046	0.19080332	0.35	1.6657208	5.819511	1
RGCC	0.016535582	0.002561391	0.00267379679144385	0.75693506	0.6583333333333333	8.152036	21.442442	1
DGKH	0.22505121	0.21668077	0.21374646115130544	0.6685397	0.7916666666666666	1.6249923	18.809053	1
DNAJC15	0.3415828	0.33519858	0.3093740169864737	0.67986846	0.7833333333333333	1.0200216	11.372291	1
SERP2	0.12766033	0.12268556	0.12598301352626612	0.39123207	0.575	1.6722524	10.629911	1
LRRC63	0.0030881353	0.0031464356	0.0034602076124567475	-1.0186341e-10	0.0	-5.0207863	5.2061353	1
LRCH1	0.061833076	0.0590202	0.06432840515885499	0.21087407	0.35833333333333334	1.8353425	6.403431	1
ITM2B	1.4185913	1.4065925	0.8674111355772255	2.0543551	1.0	0.5464488	30.685944	1
RB1-DT	0.010251134	0.010444627	0.011324315822585718	-1.0186341e-10	0.0	-6.720366	15.62735	1
RB1	0.34623182	0.3405061	0.328719723183391	0.6496175	0.7916666666666666	0.93170834	11.696404	1
LPAR6	0.004799685	0.0017426055	0.0020446681346335325	0.16677417	0.275	6.5008698	8.023038	1
FNDC3A	0.37965918	0.3720391	0.3493236866939289	0.78341216	0.8333333333333334	1.0741137	15.589291	1
PHF11	0.06062804	0.057293206	0.06008178672538534	0.23732463	0.36666666666666664	2.0485177	7.027573	1
KPNA3	0.37894195	0.37570295	0.35876061654608365	0.5505831	0.7583333333333333	0.55124617	5.4485745	1
RNASEH2B-AS1	0.0038187795	0.0038908704	0.0042466184334696445	-1.0186341e-10	0.0	-5.318633	6.140342	1
THSD1	0.009429892	0.0069318768	0.007864108210128971	0.14178368	0.24166666666666667	4.3346553	6.516172	1
PCDH17	0.035372447	0.011014461	0.01116703365838314	1.3259392	0.9166666666666666	6.898542	41.519016	1
KLF5	0.005482098	0.003586441	0.004561182761874803	0.10592105	0.19166666666666668	4.8459783	5.4421244	1
UCHL3	0.15968113	0.15686843	0.16640452972632905	0.3086974	0.49166666666666664	0.97618616	5.0774574	1
KCTD12	0.65457404	0.65825456	0.5124252909720037	0.45962447	0.625	-0.5180954	5.3805485	1
MYCBP2-AS1	0.0052370317	0.00533589	0.005662157911292859	-1.0186341e-10	0.0	-5.764446	8.056628	1
MYCBP2	0.39210492	0.38627422	0.3559295375904372	0.70106095	0.775	0.8597469	9.802537	1
EDNRB	0.015073365	0.012346508	0.012582573136206355	0.15955195	0.21666666666666667	3.6811173	5.262745	1
MIR17HG	0.0064865304	0.0066089714	0.007392261717521233	-1.0186341e-10	0.0	-6.0680213	10.498491	1
MBNL2	0.15162078	0.14673197	0.15476564957533814	0.41063553	0.575	1.4840435	10.020334	1
RAP2A	0.113083996	0.108548604	0.11591695501730104	0.35337424	0.55	1.7019353	10.567025	1
STK24-AS1	0.0031435175	0.0032028633	0.0037747719408619063	-1.0186341e-10	0.0	-5.0456467	5.544268	1
DOCK9	0.042343687	0.03808498	0.04057879836426549	0.26798403	0.38333333333333336	2.811608	8.913104	1
LINC00449	0.010882291	0.011087697	0.012268008807801196	-1.0186341e-10	0.0	-6.805771	16.967848	1
EFNB2	0.07738934	0.068699226	0.06999056307014785	0.5378225	0.6666666666666666	2.9669342	17.79144	1
IRS2	0.16615145	0.16841581	0.16766278703994966	0.046158105	0.09166666666666666	-1.8651059	12.605325	1
COL4A1	0.81137395	0.774429	0.6038062283737025	2.7688246	1.0	1.8379345	44.25141	1
COL4A2	1.1196911	1.0947332	0.7522805913809374	2.4420457	1.0	1.157438	44.25141	1
ARHGEF7	0.13410482	0.12829481	0.13856558666247248	0.44192845	0.6	1.7835522	11.9562645	1
LAMP1	0.43282127	0.42697117	0.4024850581944008	0.74280024	0.8	0.7986921	10.805612	1
TMCO3	0.14717469	0.1436973	0.15004718464926078	0.33140904	0.5416666666666666	1.2050115	7.7953577	1
TMEM255B	0.014407802	0.0013913725	0.0014155394778232148	0.7040616	0.7583333333333333	8.883122	29.55915	1
CCNB1IP1	0.9382395	0.94367796	0.6992765020446682	0.6501231	0.75	-0.5375126	8.867006	1
PNP	0.02919886	0.015985945	0.018559295375904374	0.7292619	0.7916666666666666	5.5027623	29.551186	1
RNASE1	0.010284296	0.0025321152	0.0029883611198490093	0.42102084	0.6166666666666667	7.3218675	21.973661	1
DAD1	0.8215083	0.81077135	0.6476879521862221	1.3903936	0.9916666666666667	0.77805215	30.484137	1
MRPL52	0.5179039	0.51050556	0.46115130544196287	0.90991133	0.9	0.83367527	15.467907	1
MMP14	0.020380454	0.015590891	0.016986473733878578	0.27414706	0.4166666666666667	4.1274767	12.138131	1
LRP10	0.21360433	0.20404363	0.2087134318968229	0.7201552	0.8083333333333333	1.8189236	22.345964	1
PSMB5	0.91671664	0.9068859	0.6955017301038062	1.4375892	0.975	0.6645997	21.319502	1
C14orf119	0.36937833	0.3652923	0.35184020132117017	0.58589125	0.7416666666666667	0.68143296	7.1907034	1
PPP1R3E	0.22599004	0.22804692	0.22507077697389116	0.11699179	0.21666666666666667	-0.96232337	5.7233543	1
CMTM5	0.0040708715	0.00414772	0.004718464926077383	-1.0186341e-10	0.0	-5.4086185	6.94332	1
PSME2	0.36071363	0.35732964	0.3386284995281535	0.54003763	0.7166666666666667	0.5956679	5.6318045	1
TM9SF1	0.12904122	0.12621117	0.13400440390059767	0.27897653	0.475	1.1436785	5.9458785	1
AL136295.6	0.0052394303	0.005338334	0.005662157911292859	-1.0186341e-10	0.0	-5.7650943	8.104688	1
ADCY4	0.0065111234	0.0011640841	0.0014155394778232148	0.2898152	0.43333333333333335	7.8413944	12.612898	1
AL079343.1	0.0029507722	0.0030064802	0.003302925448254168	-1.0186341e-10	0.0	-4.9572105	5.0202713	1
HECTD1	0.44221342	0.43823785	0.40704624095627556	0.65287125	0.7666666666666667	0.5749763	6.3710933	1
HEATR5A	0.0673771	0.06494092	0.07014784523435043	0.1964594	0.35	1.5955456	5.1896386	1
AL139353.2	0.0040479223	0.004124338	0.004561182761874803	-1.0186341e-10	0.0	-5.400655	6.520133	1
SPTSSA	0.3616614	0.356316	0.3427178357974206	0.6448929	0.8083333333333333	0.8557212	11.499782	1
BAZ1A	0.15469451	0.15104459	0.15633847121736394	0.34806943	0.5166666666666667	1.20386	6.8919797	1
FAM177A1	0.2970059	0.29255083	0.2859389745202894	0.5330406	0.7083333333333334	0.8653357	8.344008	1
NFKBIA	0.2308284	0.2259864	0.22522805913809374	0.48736152	0.675	1.108414	9.508321	1
CLEC14A	0.011038761	0.0005837116	0.0007864108210128972	0.564982	0.5833333333333334	9.690857	17.434958	1
AL139099.1	0.0028491043	0.0029028933	0.003302925448254168	-1.0186341e-10	0.0	-4.9082828	5.0591526	1
AL627171.1	0.018576788	0.018872552	0.019502988361119848	0.002907051	0.008333333333333333	-2.6574924	5.3670073	1
ARF6	0.1771174	0.17272525	0.17867253853413023	0.40981704	0.575	1.2460178	8.353962	1
TMX1	0.13796723	0.13469401	0.14029569046870086	0.31138074	0.475	1.2083865	6.0066466	1
GNG2	0.015993178	0.010483867	0.011481597986788298	0.307895	0.475	4.8629684	14.082693	1
NID2	0.4556315	0.4478147	0.3982384397609311	0.8698033	0.8833333333333333	0.95763105	17.775764	1
EXOC5	0.263819	0.2605461	0.26250393205410505	0.43721727	0.6416666666666667	0.7465881	5.5868883	1
DHRS7	0.18011254	0.1761326	0.18071720666876376	0.39097112	0.5333333333333333	1.14995	6.638593	1
SIX4	0.018843828	0.019150605	0.020918527838943064	0.0025905326	0.008333333333333333	-2.8389401	6.651063	1
PRKCH	0.060815785	0.05690826	0.0603963510537905	0.26785496	0.425	2.2327476	9.126328	1
HIF1A	0.30936453	0.30211157	0.28656810317709974	0.69364756	0.7833333333333333	1.1988521	14.66127	1
HIF1A-AS3	0.48488265	0.49113542	0.4311104120792702	0.15366894	0.23333333333333334	-1.6756504	22.655495	1
SYT16	0.003421698	0.003486294	0.003617489776659327	-1.0186341e-10	0.0	-5.1644235	5.4860554	1
RHOJ	0.0052702045	0.0013900782	0.0015728216420257944	0.21085246	0.36666666666666664	7.145386	11.606289	1
AL161756.1	0.0046093026	0.0046963133	0.005190311418685121	-1.0186341e-10	0.0	-5.5838556	7.389432	1
AL122035.2	0.0123181045	0.01255061	0.01368354828562441	-1.0186341e-10	0.0	-6.9830647	18.59725	1
MAX	0.18931681	0.18679908	0.19046870084932369	0.3227016	0.55	0.7883882	5.024613	1
PLEK2	0.0028623985	0.0008723461	0.0009436929852154766	0.10830212	0.18333333333333332	6.8007073	5.3822303	1
ARG2	0.48483342	0.48929602	0.35498584460522176	0.24846181	0.35	-0.9773977	9.372222	1
RDH11	0.325778	0.32108462	0.3104749921358918	0.5744751	0.7583333333333333	0.83909273	9.1180315	1
ACTN1	0.3782244	0.37267008	0.3496382510223341	0.6725234	0.7833333333333333	0.85151297	10.126111	1
GALNT16	0.0040447842	0.00412114	0.0042466184334696445	-1.0186341e-10	0.0	-5.3995624	6.364315	1
COX16	0.4398152	0.4356882	0.4083044982698962	0.65849864	0.7833333333333333	0.5957725	6.630504	1
TTC9	0.014426149	0.010199505	0.011796162315193457	0.23836827	0.39166666666666666	4.5331507	11.185289	1
DPF3	0.14567319	0.14729649	0.15162000629128658	0.059646003	0.10833333333333334	-1.302788	5.9777427	1
AL442663.3	0.00444415	0.004528044	0.004718464926077383	-1.0186341e-10	0.0	-5.532332	7.059414	1
AC005225.2	0.0054985583	0.005602353	0.006448568732305757	-1.0186341e-10	0.0	-5.833487	9.323103	1
ACOT4	0.0067161648	0.00684294	0.007234979553318654	-1.0186341e-10	0.0	-6.1174765	10.171768	1
PGF	0.026380429	0.018846696	0.020761245674740483	0.42553887	0.48333333333333334	4.4896116	12.964217	1
FLVCR2	0.007747355	0.007893593	0.008493236866939289	-1.0186341e-10	0.0	-6.3207736	11.953309	1
ERG28	0.23068647	0.22489883	0.2294746775715634	0.53732365	0.725	1.2561423	13.488373	1
ESRRB	0.0044900496	0.004574809	0.004875747090279962	-1.0186341e-10	0.0	-5.546837	7.109537	1
VASH1	0.0852875	0.081055455	0.08587606165460837	0.3095051	0.475	1.9316692	9.49356	1
AC007262.2	0.0034333407	0.0034981563	0.003932054105064486	-1.0186341e-10	0.0	-5.1691875	5.772213	1
AL049775.1	0.003454815	0.003520036	0.003617489776659327	-1.0186341e-10	0.0	-5.1779337	5.521916	1
CALM1	1.1616066	1.1255902	0.7458320226486317	3.0698645	1.0	1.4474121	44.25141	1
BTBD7	0.3155017	0.31206638	0.30292544825416795	0.49750632	0.6833333333333333	0.6726897	5.50568	1
PRIMA1	0.007508872	0.0076506087	0.008021390374331552	-1.0186341e-10	0.0	-6.2762394	11.319808	1
DICER1	0.42620292	0.4208731	0.3862849952815351	0.70861775	0.7916666666666666	0.7514832	8.667601	1
AL137786.1	0.0038212633	0.0038934008	0.0042466184334696445	-1.0186341e-10	0.0	-5.3195477	6.3456626	1
DEGS2	0.019681038	0.019997593	0.020761245674740483	0.002907051	0.008333333333333333	-2.7406013	5.954992	1
AMN	0.003283955	0.0033459514	0.003302925448254168	-1.0186341e-10	0.0	-5.106832	5.122436	1
CDC42BPB	0.37391537	0.36921945	0.35058194400754955	0.6227542	0.75	0.75402534	8.087968	1
TNFAIP2	0.005650766	0.0015352328	0.0018873859704309531	0.22370589	0.35833333333333334	7.096608	10.616708	1
CKB	0.66184944	0.66631347	0.5018873859704309	0.42537662	0.5416666666666666	-0.64733785	7.0059133	1
AL133367.1	0.0055224965	0.0056267427	0.005976722239698019	-1.0186341e-10	0.0	-5.8396444	8.524713	1
XRCC3	0.0061949	0.0063118367	0.006920415224913495	-1.0186341e-10	0.0	-6.0026674	9.66924	1
RD3L	0.008408584	0.008567302	0.009436929852154765	-1.0186341e-10	0.0	-6.4375124	13.214725	1
ASPG	0.0069224285	0.007053097	0.00817867253853413	-1.0186341e-10	0.0	-6.1604977	11.388966	1
AHNAK2	0.5995161	0.6076481	0.47499213589178985	0.16872662	0.26666666666666666	-1.847931	30.120594	1
GPR132	0.004253149	0.004333438	0.004718464926077383	-1.0186341e-10	0.0	-5.4703555	6.9673657	1
JAG2	0.066368856	0.06368658	0.06794589493551431	0.20849124	0.3333333333333333	1.7093538	5.6799526	1
NUDT14	0.25299275	0.24869458	0.24787669078326519	0.48071462	0.65	0.95052564	8.104255	1
CYFIP1	0.123340674	0.11945741	0.12645486001887385	0.32907817	0.5083333333333333	1.4611651	8.076303	1
AC124312.2	0.0050614574	0.0051570022	0.005190311418685121	-1.0186341e-10	0.0	-5.71617	7.3989406	1
AC100774.1	0.0035297065	0.003596341	0.0034602076124567475	-1.0186341e-10	0.0	-5.2080274	5.341794	1
GABRB3	0.008970578	0.009139903	0.009908776344762504	-1.0186341e-10	0.0	-6.529807	13.641892	1
GOLGA8R	0.0053573004	0.0054584285	0.0062912865681031774	-1.0186341e-10	0.0	-5.7966065	9.085365	1
AVEN	0.09094564	0.08848372	0.09735765964139667	0.22137246	0.375	1.3220139	5.2222996	1
EMC7	0.5279133	0.52361834	0.47420572507077696	0.7554844	0.825	0.5288018	6.815943	1
KATNBL1	0.22055048	0.21707354	0.2211387228688267	0.40476048	0.6083333333333333	0.8985764	6.688583	1
GJD2	0.0034192025	0.0034837513	0.0037747719408619063	-1.0186341e-10	0.0	-5.1634	5.6384363	1
AC078909.2	0.009543215	0.009723348	0.010066058508965083	-1.0186341e-10	0.0	-6.6181445	13.72178	1
SPRED1	0.11525925	0.10361139	0.11151305441962882	0.7323978	0.7583333333333333	2.8202503	24.488129	1
GPR176	0.012791915	0.013033363	0.01384083044982699	-1.0186341e-10	0.0	-7.037094	19.00895	1
EIF2AK4	0.30353174	0.2996722	0.29396036489462096	0.5080165	0.6666666666666666	0.76129293	6.201911	1
CCDC32	0.14746465	0.14400308	0.15319282793331238	0.33085924	0.49166666666666664	1.1995524	6.503528	1
GCHFR	0.3395144	0.34237593	0.3233721296005033	0.18797389	0.3	-0.86470294	6.214247	1
DLL4	0.005778475	0.0006352696	0.0007864108210128972	0.2782827	0.39166666666666666	8.56458	11.887743	1
ITPKA	0.017125664	0.017448908	0.01903114186851211	-1.0186341e-10	0.0	-7.455239	25.664486	1
EHD4	0.24479926	0.23771918	0.23686693928908462	0.61991835	0.7666666666666667	1.3824459	15.580319	1
SNAP23	0.09866871	0.09403086	0.10034602076124567	0.34438854	0.5416666666666666	1.8717164	11.341169	1
STRC	0.0037289623	0.0037993577	0.004403900597672224	-1.0186341e-10	0.0	-5.2851663	6.544536	1
PDIA3	1.0259932	1.0157477	0.7239698018244731	1.5688559	1.0	0.62712073	29.479452	1
B2M	1.572394	1.5562983	0.8999685435671595	2.425249	1.0	0.6399811	40.650764	1
FBN1	0.012693187	0.010423078	0.01085246932997798	0.13297188	0.25	3.660577	6.85943	1
AC022087.1	0.0084263375	0.008585391	0.008807801195344448	-1.0186341e-10	0.0	-6.4405203	12.548265	1
SPPL2A	0.2906736	0.2875272	0.2818496382510223	0.4573691	0.6583333333333333	0.66947424	5.0671916	1
GLDN	0.004808289	0.0048990557	0.0050330292544825414	-1.0186341e-10	0.0	-5.643585	7.015343	1
LYSMD2	0.024054939	0.01781333	0.020289399182132746	0.35475373	0.5166666666666667	4.308119	15.457429	1
TMOD2	0.041889057	0.031180585	0.03381566530355458	0.60925776	0.6833333333333333	4.2839503	23.50488	1
TMOD3	0.18826531	0.17839895	0.18087448883296633	0.71101004	0.7916666666666666	1.9941572	21.798561	1
CERNA1	0.0064604254	0.006582374	0.007234979553318654	-1.0186341e-10	0.0	-6.06229	10.043255	1
CCPG1	0.5042539	0.49938306	0.43818810946838627	0.7623441	0.8166666666666667	0.61019593	7.1404405	1
AC012378.2	0.008496297	0.00865667	0.009122365523749607	-1.0186341e-10	0.0	-6.452312	12.927692	1
NEDD4	0.09446393	0.090435535	0.09672853098458635	0.30788973	0.49166666666666664	1.7663261	9.662412	1
AC010999.2	0.0028721306	0.002926354	0.003302925448254168	-1.0186341e-10	0.0	-4.9195104	5.107506	1
CGNL1	0.8747018	0.88000613	0.6321170179301667	0.5936925	0.675	-0.5677187	7.9554462	1
ADAM10	0.3853338	0.37790513	0.35986159169550175	0.7789488	0.825	1.0433079	14.418545	1
AC090515.2	0.0032022558	0.00326271	0.004089336269267065	-1.0186341e-10	0.0	-5.071554	5.9800262	1
MINDY2	0.2977205	0.29206818	0.28295061340044037	0.5971913	0.725	1.0316358	10.848497	1
AC092757.3	0.0029474697	0.003003115	0.003617489776659327	-1.0186341e-10	0.0	-4.955647	5.4299054	1
MYO1E	0.13215774	0.12719682	0.13243158225857188	0.39499387	0.575	1.6339991	10.566913	1
BNIP2	0.4759356	0.4721871	0.43394149103491664	0.6745691	0.7833333333333333	0.51451606	5.3718133	1
ANXA2	0.59680897	0.5696852	0.47106008178672537	2.0339084	1.0	1.8358355	44.25141	1
RORA-AS1	0.003177544	0.0032375322	0.0037747719408619063	-1.0186341e-10	0.0	-5.0607114	5.641913	1
AC103740.1	0.0035447136	0.0036116315	0.0037747719408619063	-1.0186341e-10	0.0	-5.213983	5.7159295	1
TPM1-AS	0.0115996245	0.01181857	0.012897137464611514	-1.0186341e-10	0.0	-6.897069	17.682156	1
RPS27L	1.1450105	1.1342447	0.759515570934256	1.7154179	1.0	0.59678507	27.387001	1
RAB8B	0.08061768	0.077725254	0.0817867253853413	0.23386733	0.35833333333333334	1.5879967	5.6365004	1
APH1B	0.069244266	0.06690664	0.0726643598615917	0.19310467	0.3333333333333333	1.5277541	5.210061	1
HERC1	0.24937205	0.24504046	0.2461465869770368	0.4788593	0.65	0.9662944	8.319944	1
PLEKHO2	0.02423254	0.022092901	0.02469329977980497	0.1375923	0.225	2.6332777	5.0299087	1
HACD3	0.35972142	0.3529732	0.33626926706511484	0.7172885	0.8083333333333333	1.0227873	13.053556	1
RAB11A	0.6225017	0.61395556	0.5331865366467443	1.0753083	0.9416666666666667	0.8084434	21.445868	1
AC110048.2	0.002568664	0.0026171599	0.003302925448254168	-1.0186341e-10	0.0	-4.764029	5.037362	1
IQCH	0.006780809	0.0069088046	0.008021390374331552	-1.0186341e-10	0.0	-6.131098	11.34875	1
AC026992.2	0.0044696447	0.00455402	0.004718464926077383	-1.0186341e-10	0.0	-5.5404067	7.008485	1
UACA	0.45083967	0.44352937	0.4023277760301982	0.8381781	0.85	0.9180742	11.929879	1
THSD4	0.07900752	0.080117665	0.08241585404215163	0.020186668	0.041666666666666664	-1.9833881	7.943617	1
HEXA	0.2741049	0.27041587	0.26926706511481596	0.46955615	0.625	0.7958917	5.7639737	1
HEXA-AS1	0.004526534	0.004611983	0.0050330292544825414	-1.0186341e-10	0.0	-5.558264	7.407009	1
AC079322.1	0.0042013642	0.0042806757	0.0050330292544825414	-1.0186341e-10	0.0	-5.453083	7.228933	1
CD276	0.13723592	0.12800042	0.13463353255740798	0.6265587	0.75	2.2904048	21.865063	1
AC100835.2	0.00425714	0.0043375045	0.004403900597672224	-1.0186341e-10	0.0	-5.4716783	6.443224	1
SCAMP5	0.04854846	0.044972766	0.04954388172381252	0.23800606	0.35833333333333334	2.4012764	7.608527	1
FBXO22	0.3124808	0.30819565	0.29789241899968544	0.5395143	0.7	0.80761415	7.5024185	1
RCN2	0.47290742	0.46708006	0.42780748663101603	0.7816806	0.8333333333333334	0.74278516	10.307298	1
LINGO1-AS1	0.008620972	0.008783698	0.009751494180559924	-1.0186341e-10	0.0	-6.47309	13.736799	1
PSMA4	0.7594211	0.75165504	0.6132431582258572	1.170895	0.9416666666666667	0.6394003	16.050547	1
ADAMTS7	0.0400504	0.035687186	0.040106951871657755	0.2712254	0.425	2.922509	10.604925	1
TMED3	0.25265345	0.24905714	0.2522805913809374	0.44318697	0.6083333333333333	0.831185	5.823514	1
MESD	0.43110704	0.42377496	0.39650833595470275	0.8195991	0.8666666666666667	0.9514558	15.601334	1
AC068870.2	0.0041607684	0.004239314	0.004089336269267065	-1.0186341e-10	0.0	-5.4393964	6.0798635	1
TLNRD1	0.0930317	0.08923261	0.0956275558351683	0.294309	0.4666666666666667	1.7205628	8.93597	1
IL16	0.0020321296	0.00039666233	0.0004718464926077383	0.08868461	0.16666666666666666	7.4819007	5.1222215	1
SAXO2	0.016794022	0.017111005	0.018402013211701793	-1.0186341e-10	0.0	-7.427189	24.911444	1
CPEB1	0.07078101	0.071820274	0.07691097829506134	0.01572538	0.03333333333333333	-2.1841583	9.029883	1
AP3B2	0.0037765326	0.003847826	0.004403900597672224	-1.0186341e-10	0.0	-5.302988	6.6584845	1
AC105339.6	0.016139906	0.01639565	0.018402013211701793	0.0025905326	0.008333333333333333	-2.616122	5.091056	1
AC087468.2	0.00858332	0.008745336	0.009908776344762504	-1.0186341e-10	0.0	-6.4668465	13.919292	1
PDE8A	0.051313326	0.047794376	0.05206039635105379	0.23776501	0.38333333333333336	2.3122149	8.616818	1
AKAP13	0.51810294	0.51140773	0.43519974834853725	0.8728581	0.8583333333333333	0.7711564	12.355358	1
ISG20	0.009173352	0.0059138187	0.006448568732305757	0.18187487	0.275	4.919314	7.594445	1
MESP1	0.075960696	0.07701624	0.07989933941491036	0.020042319	0.05	-1.9368051	8.6915655	1
ZNF710	0.024284285	0.02220469	0.02516514627241271	0.13446283	0.225	2.592861	5.0058117	1
CIB1	0.22916697	0.2245082	0.2271154451085247	0.47599226	0.65	1.0838305	8.789453	1
IQGAP1	0.1414651	0.12894553	0.13085876061654608	0.8047905	0.85	2.6409123	27.290974	1
FURIN	0.08189	0.07716965	0.08383139351997483	0.3319896	0.5333333333333333	2.1035986	11.622057	1
LINC02253	0.022949943	0.023323454	0.02500786410821013	0.0031534047	0.008333333333333333	-2.8479316	6.9410987	1
IRAIN	0.0028489765	0.002902763	0.003617489776659327	-1.0186341e-10	0.0	-4.9082203	5.517433	1
SELENOS	0.3457592	0.33807856	0.3280905945265807	0.7527222	0.8333333333333334	1.1545241	15.277687	1
SNRPA1	0.46359134	0.45990452	0.4219880465555206	0.65894914	0.7916666666666666	0.51873803	6.2879434	1
PCSK6	0.019595617	0.0124585135	0.013054419628814092	0.39774343	0.5083333333333333	4.985463	14.432631	1
WASIR2	0.0094261775	0.009604101	0.010537905001572822	-1.0186341e-10	0.0	-6.600524	14.402247	1
MPG	0.34918752	0.34154564	0.33375275243787356	0.75410575	0.8166666666666667	1.1424575	15.80359	1
AL022341.2	0.0044581066	0.0045422637	0.004561182761874803	-1.0186341e-10	0.0	-5.536758	6.8901095	1
Z92544.1	0.003480207	0.0035459073	0.003932054105064486	-1.0186341e-10	0.0	-5.1882076	6.0279393	1
CHTF18	0.011228385	0.011440324	0.011953444479396037	-1.0186341e-10	0.0	-6.8505416	16.362595	1
AL031714.1	0.0038674304	0.00394044	0.0042466184334696445	-1.0186341e-10	0.0	-5.336442	6.2699094	1
AL032819.1	0.0061152903	0.006230725	0.007392261717521233	-1.0186341e-10	0.0	-5.9843	10.470778	1
TMEM204	0.014676079	0.007386076	0.007864108210128971	0.40092474	0.5666666666666667	5.7433376	18.047543	1
SLC9A3R2	0.2383073	0.2213453	0.2255426234664989	1.1370081	0.8916666666666667	2.360347	35.224186	1
DNASE1L2	0.003602996	0.003671014	0.0042466184334696445	-1.0186341e-10	0.0	-5.236882	6.3171525	1
AC093525.7	0.0039433367	0.004017778	0.0042466184334696445	-1.0186341e-10	0.0	-5.3637958	6.3576627	1
AC092117.1	0.004032975	0.0041091084	0.004561182761874803	-1.0186341e-10	0.0	-5.3954444	6.8286276	1
KREMEN2	0.00582934	0.0059393775	0.006605850896508336	-1.0186341e-10	0.0	-5.9163294	9.071468	1
IL32	0.008062587	0.0021507354	0.0023592324630386913	0.32129252	0.4083333333333333	7.157796	10.708436	1
CORO7	0.05928147	0.057061482	0.06385655866624725	0.17690915	0.31666666666666665	1.6307087	5.067674	1
HMOX2	0.230778	0.22673607	0.22963195973576597	0.4449207	0.625	0.9722223	7.366064	1
PMM2	0.043948345	0.041696813	0.04718464926077383	0.16324805	0.275	1.9664843	5.137282	1
CARHSP1	0.5214478	0.51096916	0.4589493551431268	1.0766504	0.9166666666666666	1.0750934	22.98154	1
AC007216.3	0.004369981	0.004452475	0.0053475935828877	-1.0186341e-10	0.0	-5.5085807	7.7046013	1
SNX29	0.04018571	0.037820313	0.042938030827304186	0.16550803	0.2833333333333333	2.1267297	5.5739446	1
NTAN1	0.31115022	0.30386576	0.29930795847750863	0.69710195	0.8333333333333334	1.1976678	17.823833	1
ARL6IP1	0.44899985	0.44451246	0.40390059767222397	0.68677604	0.775	0.6275015	5.9889812	1
SMG1	0.21231692	0.20844726	0.210915382195659	0.41733482	0.5833333333333334	1.0011766	6.8682985	1
ITPRIPL2	0.06617661	0.059757117	0.06542938030827304	0.40630567	0.5833333333333334	2.7633257	15.468005	1
SYT17	0.0075094397	0.00543611	0.006448568732305757	0.11736213	0.2	4.4071794	5.3624525	1
KNOP1	0.2932473	0.28942904	0.27713117332494497	0.49554503	0.7	0.77559924	6.9165406	1
CRYM	0.0126867015	0.012926164	0.014312676942434727	-1.0186341e-10	0.0	-7.02527	19.613693	1
METTL9	0.70048785	0.6945815	0.5835168291915697	1.0134289	0.95	0.5449636	12.94265	1
CDR2	0.02909146	0.026816105	0.02988361119849009	0.14964196	0.25	2.475937	5.4557962	1
USP31	0.021911353	0.018676251	0.021075810003145644	0.19331478	0.3	3.3647172	7.4670887	1
GGA2	0.44403312	0.44740552	0.41160742371815034	0.26541227	0.425	-0.7531269	7.321756	1
LINC02175	0.0071082083	0.007242383	0.007392261717521233	-1.0186341e-10	0.0	-6.198178	10.456709	1
KDM8	0.0036711383	0.0037404422	0.004089336269267065	-1.0186341e-10	0.0	-5.263202	6.0526295	1
IL4R	0.03979141	0.035133053	0.039005976722239696	0.2866026	0.44166666666666665	3.0245535	11.522601	1
NPIPB6	0.004811085	0.004901904	0.005662157911292859	-1.0186341e-10	0.0	-5.644407	8.106495	1
NUPR1	0.32941404	0.33479124	0.2606165460836741	0.04460434	0.06666666666666667	-2.9052057	35.623474	1
AC020765.2	0.00565472	0.005761462	0.00550487574709028	-1.0186341e-10	0.0	-5.87319	7.9128513	1
AC145285.2	0.0051142527	0.0052107936	0.005976722239698019	-1.0186341e-10	0.0	-5.730857	8.41483	1
SEZ6L2	0.16400056	0.1601122	0.16011324315822587	0.37000746	0.525	1.2079601	7.1993566	1
TMEM219	0.45501485	0.44860554	0.41270839886756844	0.79461706	0.8333333333333334	0.8246724	12.096239	1
ALDOA	0.39105138	0.3942854	0.3691412393834539	0.21976966	0.375	-0.8429577	7.749007	1
AC093512.1	0.0046832864	0.0047716936	0.005662157911292859	-1.0186341e-10	0.0	-5.606353	8.390273	1
PPP4C	0.3398475	0.33486676	0.32840515885498583	0.60377437	0.725	0.85023063	8.456094	1
MAPK3	0.12804765	0.12514223	0.1313306071091538	0.28197378	0.48333333333333334	1.1713513	6.2457395	1
CD2BP2	0.20344247	0.20052633	0.2087134318968229	0.35793948	0.5666666666666667	0.8356077	5.1990595	1
MYLPF	0.002907909	0.002962808	0.0034602076124567475	-1.0186341e-10	0.0	-4.9367843	5.0677	1
BCL7C	0.18460459	0.18097222	0.18480654293803084	0.37704548	0.6	1.0585558	8.109289	1
AC135048.3	0.00732524	0.007463511	0.008021390374331552	-1.0186341e-10	0.0	-6.240986	11.088999	1
PRSS36	0.007862421	0.00801083	0.008965083359547028	-1.0186341e-10	0.0	-6.341779	12.772066	1
PYCARD	0.014529092	0.010986456	0.011324315822585718	0.20223027	0.3	4.189842	8.03407	1
COX6A2	0.03400318	0.034590475	0.03696130858760616	0.0028794473	0.008333333333333333	-3.541423	15.379854	1
ZNF720	0.15286914	0.15023981	0.15413652091852784	0.2921673	0.48333333333333334	0.9590613	5.2417784	1
GPT2	0.18659052	0.18852207	0.18983957219251338	0.08423184	0.15	-1.1613492	6.0738773	1
NETO2	0.043993093	0.04023683	0.045454545454545456	0.24301794	0.36666666666666664	2.5914867	8.1119585	1
PHKB	0.36206797	0.35822633	0.3408304498269896	0.56564176	0.6916666666666667	0.6588697	5.6946983	1
NKD1	0.012017463	0.012244294	0.012897137464611514	-1.0186341e-10	0.0	-6.947702	17.383745	1
AC040168.1	0.003105158	0.0031637799	0.003302925448254168	-1.0186341e-10	0.0	-5.0284734	5.0810785	1
CPNE2	0.028062694	0.020854674	0.022963195973576597	0.40996438	0.575	4.2905064	18.040531	1
ARL2BP	0.43893248	0.43303016	0.3988675684177414	0.75168145	0.8	0.79551274	10.198278	1
KIFC3	0.035802778	0.033270817	0.03664674425920101	0.16994938	0.2833333333333333	2.3492947	6.169041	1
CDH8	0.009417618	0.004714831	0.0050330292544825414	0.25858733	0.3	5.7475805	7.9297833	1
AC040174.2	0.004179248	0.0042581423	0.004403900597672224	-1.0186341e-10	0.0	-5.445643	6.574621	1
AC138305.1	0.009423878	0.009601759	0.0106951871657754	-1.0186341e-10	0.0	-6.600176	14.806722	1
CDH5	0.023696339	0.002335447	0.0025165146272412707	1.1554675	0.9416666666666667	8.8902	44.25141	1
CKLF	0.14001472	0.13576755	0.14249764076753696	0.3650346	0.5666666666666667	1.4262275	9.512125	1
CMTM3	0.30641803	0.30102888	0.2912865681031771	0.5919445	0.75	0.9753247	10.840774	1
DYNC1LI2	0.5803471	0.5708158	0.5025165146272412	1.0853539	0.9583333333333334	0.9269484	23.016768	1
AC044802.2	0.0037732974	0.0038445296	0.004089336269267065	-1.0186341e-10	0.0	-5.301783	5.9916005	1
RRAD	0.43786573	0.44325343	0.3615916955017301	0.152482	0.26666666666666666	-1.5388724	18.826187	1
HSF4	0.014096839	0.014362916	0.01620006291286568	-1.0186341e-10	0.0	-7.176216	21.987728	1
NOL3	0.54327947	0.547856	0.4683862849952815	0.3008606	0.4166666666666667	-0.86448544	8.950618	1
EXOC3L1	0.0054952023	0.0034748353	0.0034602076124567475	0.112541705	0.20833333333333334	4.9777203	6.093223	1
TMEM208	0.28067702	0.27679247	0.27854671280276816	0.4864833	0.6666666666666666	0.813361	7.0477104	1
FHOD1	0.018772654	0.014263937	0.015413652091852784	0.25766018	0.43333333333333335	4.1655064	12.359364	1
RIPOR1	0.110188626	0.10687752	0.11355772255426234	0.28561008	0.45	1.4172441	6.7825074	1
GFOD2	0.031001346	0.027606491	0.029411764705882353	0.21086748	0.36666666666666664	2.9287248	9.062787	1
NUTF2	0.5176119	0.5128398	0.4675998741742686	0.7704722	0.825	0.5871407	7.803036	1
AC020978.5	0.0037817638	0.003853156	0.004403900597672224	-1.0186341e-10	0.0	-5.3049345	6.524364	1
AC099521.3	0.0073981755	0.007537823	0.007864108210128971	-1.0186341e-10	0.0	-6.255091	11.202828	1
AC126773.6	0.005226479	0.005325138	0.005662157911292859	-1.0186341e-10	0.0	-5.7615895	8.127829	1
CDH3	0.0072533647	0.007390279	0.008021390374331552	-1.0186341e-10	0.0	-6.2269487	11.328423	1
NQO1	0.19244044	0.18106706	0.16970745517458322	0.79503316	0.7416666666666667	2.1338758	19.855652	1
AARS	0.45137134	0.45601806	0.40279962252280593	0.20523793	0.3333333333333333	-1.1514071	13.487147	1
MTSS2	0.051739316	0.05246466	0.05803711859075181	0.013316317	0.025	-1.9701046	5.385074	1
PSMD7	0.79758215	0.79052985	0.6307014784523435	1.1712371	0.9416666666666667	0.567082	12.82901	1
MLKL	0.0033510877	0.0004273816	0.0006291286568103177	0.15825875	0.275	8.230134	8.187695	1
ZNRF1	0.13791218	0.13377455	0.1428122050959421	0.35713017	0.5416666666666666	1.4159721	9.000909	1
TMEM170A	0.15954061	0.1564246	0.16451714375589807	0.32462642	0.5083333333333333	1.0528353	5.85442	1
CDYL2	0.019288251	0.01703662	0.01918842403271469	0.13858779	0.23333333333333334	3.0166862	5.475705	1
AC009148.1	0.0061081224	0.006223422	0.006920415224913495	-1.0186341e-10	0.0	-5.982635	9.816938	1
CDH13	0.018453097	0.010818343	0.011638880150990877	0.42296797	0.5916666666666667	5.2760634	18.516872	1
MBTPS1	0.19411328	0.18914717	0.18999685435671596	0.45722887	0.6333333333333333	1.2729602	10.291604	1
COTL1	0.061776243	0.055539005	0.06055363321799308	0.39225066	0.525	2.817975	13.188538	1
CYBA	0.3296072	0.31318945	0.3044982698961938	1.1994723	0.9416666666666667	1.9369521	40.702652	1
MVD	0.07545027	0.07277096	0.07864108210128971	0.21741495	0.36666666666666664	1.5776986	5.8241315	1
PIEZO1	0.09068398	0.08793318	0.0940547341931425	0.23641834	0.4	1.4258327	5.918367	1
APRT	0.57162285	0.5650072	0.49575338156653037	0.9221521	0.9166666666666666	0.7066366	12.929024	1
SPG7	0.23005861	0.22515033	0.2263290342875118	0.49010965	0.6333333333333333	1.1218696	9.138024	1
CPNE7	0.003057069	0.003114783	0.003617489776659327	-1.0186341e-10	0.0	-5.006651	5.393853	1
TUBB3	0.046232123	0.039923586	0.04183705567788613	0.3804828	0.49166666666666664	3.2492878	12.609689	1
DEF8	0.09613791	0.0931069	0.09924504561182762	0.2567191	0.43333333333333335	1.4622438	6.702229	1
AC129507.4	0.0029309664	0.0029863005	0.0034602076124567475	-1.0186341e-10	0.0	-4.9478083	5.157838	1
RFLNB	0.066287585	0.04606625	0.050173010380622836	1.1376824	0.875	4.6232424	38.18978	1
CRK	0.20939878	0.20494196	0.210915382195659	0.4455272	0.6	1.1199181	7.7009616	1
MYO1C	0.13977766	0.13276967	0.14029569046870086	0.5110757	0.675	1.9438074	15.70595	1
SCARF1	0.013827674	0.008556075	0.00865051903114187	0.29313472	0.4666666666666667	5.082199	14.123284	1
AC130343.2	0.006513566	0.006636517	0.007392261717521233	-1.0186341e-10	0.0	-6.0739326	10.128629	1
MIR22HG	0.023098841	0.020681353	0.022805913809374016	0.15118024	0.24166666666666667	2.863862	5.7496305	1
SERPINF1	0.28091967	0.2839037	0.2697389116074237	0.12279957	0.2	-1.2084297	8.792126	1
AC005696.1	0.020116968	0.020496523	0.022648631645171436	-1.0186341e-10	0.0	-7.6862583	30.49891	1
TRPV3	0.005013478	0.005108117	0.005662157911292859	-1.0186341e-10	0.0	-5.7026916	8.270569	1
TAX1BP3	0.33350468	0.32718545	0.3166089965397924	0.66834027	0.7916666666666666	1.0302492	13.219241	1
ITGAE	0.250749	0.24690783	0.2507077697389116	0.4542573	0.65	0.87927043	7.399335	1
CYB5D2	0.11849241	0.11476456	0.12189367725699905	0.3159945	0.4666666666666667	1.4604222	7.486714	1
SMTNL2	0.18859477	0.19044362	0.19204152249134948	0.090618834	0.18333333333333332	-1.0706474	6.248013	1
AC091153.3	0.004963673	0.0050573726	0.0053475935828877	-1.0186341e-10	0.0	-5.6885657	7.6701155	1
DERL2	0.18386753	0.18052858	0.18779490405787982	0.36076263	0.5333333333333333	0.99842346	5.869753	1
TXNDC17	0.5863858	0.58068585	0.506763133060711	0.8883947	0.875	0.6133568	10.66192	1
MED31	0.18369316	0.1787678	0.1811890531613715	0.44464287	0.6333333333333333	1.3140777	9.945521	1
AC040977.1	0.010415406	0.010612	0.011638880150990877	-1.0186341e-10	0.0	-6.7430854	15.806217	1
C17orf49	0.39714888	0.3924859	0.36882667505504874	0.6442304	0.7916666666666666	0.7147925	8.949576	1
BCL6B	0.0061085876	0.0008388495	0.0009436929852154766	0.2853169	0.43333333333333335	8.247961	13.177924	1
ACADVL	0.57772994	0.5727646	0.5009436929852155	0.8408242	0.85	0.5537816	8.115665	1
CLDN7	0.0064498237	0.0032033105	0.0031456432840515887	0.17846146	0.31666666666666665	5.7563643	9.479546	1
SLC2A4	0.09553457	0.09676069	0.10160427807486631	0.030549597	0.05	-1.6600431	5.472405	1
PLSCR3	0.05702985	0.053788103	0.0596099402327776	0.22879386	0.36666666666666664	2.0866401	7.1877737	1
FGF11	0.40318874	0.40603262	0.37967914438502676	0.25257185	0.4083333333333333	-0.68468595	5.57188	1
TNFSF12	0.028591927	0.02502412	0.02658068575023592	0.21762137	0.35	3.115338	8.86583	1
NAA38	0.5732075	0.5661555	0.5003145643284052	0.9468479	0.9333333333333333	0.7418319	16.83803	1
CHD3	0.21065432	0.20645776	0.2077697389116074	0.4329904	0.625	1.0681229	8.591289	1
TRAPPC1	0.8741007	0.8666024	0.6665618118905317	1.2713866	0.9833333333333333	0.5529077	18.223269	1
ALOX12B	0.0031144454	0.0031732423	0.003617489776659327	-1.0186341e-10	0.0	-5.03265	5.383684	1
HES7	0.013773917	0.0140339	0.014627241270839886	-1.0186341e-10	0.0	-7.1430173	19.820217	1
ARHGEF15	0.0047355224	0.0007052932	0.0007864108210128972	0.21827053	0.35833333333333334	8.083048	11.05059	1
MYH2	0.003678164	0.0037476006	0.003932054105064486	-1.0186341e-10	0.0	-5.2658887	5.6616526	1
MYH3	0.0041246586	0.0042025223	0.004403900597672224	-1.0186341e-10	0.0	-5.427112	6.456697	1
AC015908.2	0.0030534388	0.0031110845	0.003302925448254168	-1.0186341e-10	0.0	-5.00499	5.114658	1
COX10-AS1	0.03071145	0.031169055	0.03271469015413652	0.0064593903	0.016666666666666666	-2.253102	5.3227463	1
PMP22	0.19994189	0.19288287	0.19204152249134948	0.5739454	0.75	1.5726922	16.869617	1
AC127540.2	0.0032367595	0.003297865	0.0034602076124567475	-1.0186341e-10	0.0	-5.0865583	5.0391192	1
MPRIP	0.36907265	0.36450735	0.34696445423089023	0.6109825	0.7916666666666666	0.7450236	9.151344	1
MYO15A	0.0043537347	0.004435922	0.00550487574709028	-1.0186341e-10	0.0	-5.5033255	7.8090315	1
AC087164.1	0.003156901	0.0032164995	0.003617489776659327	-1.0186341e-10	0.0	-5.051591	5.40374	1
LINC02076	0.006625658	0.0067507247	0.006763133060710916	-1.0186341e-10	0.0	-6.098186	9.662259	1
EPN2	0.25172213	0.24823272	0.2500786410821013	0.43659008	0.6166666666666667	0.81433535	5.828386	1
MFAP4	0.1645696	0.16667478	0.15382195659012268	0.053011086	0.1	-1.6508161	9.920971	1
SLC47A1	0.010655197	0.010856317	0.012582573136206355	-1.0186341e-10	0.0	-6.7756205	17.304792	1
AC087294.1	0.0032850439	0.0033470606	0.0037747719408619063	-1.0186341e-10	0.0	-5.1072965	5.715775	1
MAP2K3	0.07349402	0.07075417	0.07769738911607424	0.21866566	0.38333333333333336	1.6264615	6.162084	1
AC069366.2	0.003409452	0.003473817	0.003617489776659327	-1.0186341e-10	0.0	-5.159395	5.4409966	1
NLK	0.08167518	0.07890551	0.08446052217678515	0.22841313	0.35833333333333334	1.532252	5.125639	1
IFT20	0.2580037	0.25354573	0.25668449197860965	0.4941928	0.675	0.96255106	9.014355	1
TNFAIP1	0.11511638	0.107996084	0.11418685121107267	0.4923663	0.6666666666666666	2.1877108	17.10159	1
VTN	0.0033260232	0.0033888135	0.003302925448254168	-1.0186341e-10	0.0	-5.124666	5.075651	1
AC002094.4	0.0034857483	0.0035515532	0.004089336269267065	-1.0186341e-10	0.0	-5.1904397	6.193947	1
SDF2	0.27488288	0.27141792	0.27634476250393203	0.45845354	0.6083333333333333	0.7560428	5.1433134	1
TRAF4	0.047299337	0.044233967	0.04938659955960994	0.20971893	0.3333333333333333	2.2426603	6.9572687	1
SSH2	0.21975003	0.2166459	0.21815036174897767	0.38420704	0.6	0.8262546	5.6870623	1
AC127024.6	0.008903199	0.009071251	0.009751494180559924	-1.0186341e-10	0.0	-6.519048	13.516883	1
ZNF207	0.47787973	0.47389016	0.4287511796162315	0.6892813	0.7916666666666666	0.54044515	5.704136	1
AC005899.6	0.012144285	0.012373511	0.01368354828562441	-1.0186341e-10	0.0	-6.962725	18.428581	1
PSMD11	0.4385467	0.43087548	0.40468700849323685	0.84500265	0.8666666666666667	0.97152084	17.48361	1
SLFN5	0.11742283	0.111520946	0.11811890531613715	0.43011567	0.5666666666666667	1.9464521	11.79952	1
AC243830.1	0.0028507859	0.0029046065	0.0034602076124567475	-1.0186341e-10	0.0	-4.909106	5.079524	1
TBC1D3L	0.0036979474	0.0037677574	0.0037747719408619063	-1.0186341e-10	0.0	-5.273427	5.3779893	1
ARHGAP23	0.032276135	0.028452087	0.030827304183705568	0.23488249	0.36666666666666664	3.0408852	9.008013	1
AC006449.5	0.009940193	0.010127818	0.01116703365838314	-1.0186341e-10	0.0	-6.6763563	15.426046	1
LASP1	0.07275216	0.06920542	0.07549543881723812	0.26067507	0.39166666666666666	1.9117658	7.188578	1
AC091178.2	0.0037331523	0.0038036269	0.0042466184334696445	-1.0186341e-10	0.0	-5.2867446	6.3715086	1
STAC2	0.00872629	0.008891005	0.008807801195344448	-1.0186341e-10	0.0	-6.4904118	12.1708	1
AC005288.1	0.004566833	0.004653042	0.0053475935828877	-1.0186341e-10	0.0	-5.5707808	7.7394066	1
AC090844.2	0.0036796676	0.0037491326	0.004089336269267065	-1.0186341e-10	0.0	-5.266463	6.1325355	1
PSMD3	0.35893333	0.3553003	0.34444793960364894	0.5514558	0.6916666666666667	0.634062	5.454689	1
THRA	0.43303457	0.4370596	0.40154136520918526	0.2198463	0.35	-0.9910088	9.974951	1
IGFBP4	0.48011097	0.47070056	0.40940547341931427	0.9787197	0.9	1.0559272	19.010029	1
KRT10	0.8286212	0.82205665	0.6549229317395407	1.176457	0.95	0.517086	12.100574	1
KRT19	0.6875325	0.695031	0.42702107581000315	0.29031837	0.30833333333333335	-1.2591522	13.804446	1
ACLY	0.114755765	0.110099874	0.11937716262975778	0.36143014	0.525	1.7139933	9.736013	1
RAB5C	0.2902307	0.28087354	0.2821642025794275	0.78599995	0.7916666666666666	1.4842786	18.772371	1
CAVIN1	0.36283073	0.34869546	0.3203837684806543	1.1117699	0.9416666666666667	1.672535	31.311453	1
HSD17B1	0.018702963	0.019007081	0.020446681346335326	0.0025905326	0.008333333333333333	-2.8281436	6.5265017	1
RAMP2	0.12161716	0.09688375	0.10034602076124567	1.4320754	0.95	3.8843212	44.25141	1
AOC2	0.0032878283	0.0033498977	0.0037747719408619063	-1.0186341e-10	0.0	-5.1084833	5.704238	1
VAT1	0.26081842	0.25763226	0.2547971060081787	0.42962345	0.6666666666666666	0.7375355	6.0885406	1
G6PC3	0.19185242	0.18897244	0.19392890846178043	0.3444272	0.5166666666666667	0.8656787	5.0209174	1
GRN	0.64043695	0.6282624	0.5388486945580371	1.2854954	0.9583333333333334	1.0327678	31.054905	1
MEIOC	0.0035625831	0.0036298381	0.003932054105064486	-1.0186341e-10	0.0	-5.2210426	5.906277	1
GFAP	0.0062390114	0.006356781	0.007077697389116074	-1.0186341e-10	0.0	-6.0127444	10.080439	1
CDC27	0.20208476	0.19881392	0.20666876376218937	0.37537426	0.525	0.9165697	5.0643406	1
SP6	0.0057344753	0.0037256067	0.0042466184334696445	0.1121717	0.2	4.875162	5.5836334	1
HOXB-AS1	0.45236257	0.45655552	0.4037433155080214	0.23027526	0.375	-0.98712045	10.854319	1
HOXB5	0.046274275	0.043623418	0.0443535703051274	0.18673156	0.2916666666666667	2.09526	5.5152016	1
HOXB6	0.010585095	0.0072639636	0.00833595470273671	0.1865501	0.2916666666666667	4.66371	7.7308044	1
HOXB7	0.012765849	0.0065841335	0.007549543881723813	0.3402939	0.48333333333333334	5.670321	14.461222	1
HOXB8	0.006446579	0.0021973716	0.002201950298836112	0.23158412	0.35	6.656031	10.128852	1
HOXB9	0.0070648077	0.0030224833	0.0034602076124567475	0.22124109	0.3416666666666667	6.1474333	10.108853	1
AC103702.2	0.0059000924	0.0037105018	0.003932054105064486	0.1219126	0.21666666666666667	5.0009055	6.412779	1
UBE2Z	0.32807305	0.32467535	0.31849638251022333	0.50812304	0.7	0.64601976	5.550738	1
SNF8	0.39217448	0.38623926	0.36804026423403585	0.70666856	0.8	0.87136966	11.498451	1
ABI3	0.0034325598	0.00033431157	0.00031456432840515884	0.16758811	0.275	8.592834	7.6698613	1
SPAG9	0.42113972	0.41583285	0.3832966341616861	0.70233476	0.7916666666666666	0.75601375	8.691098	1
NME1	0.32037193	0.31471914	0.3057565272098144	0.6198878	0.7416666666666667	0.97771674	10.493639	1
SCPEP1	0.22341864	0.2201535	0.22145328719723184	0.3964083	0.575	0.848186	5.6731057	1
AC004584.3	0.0064364052	0.0065579005	0.006920415224913495	-1.0186341e-10	0.0	-6.056997	9.677337	1
AC005962.2	0.0046891267	0.0047776443	0.00550487574709028	-1.0186341e-10	0.0	-5.6081142	8.037638	1
VMP1	0.33068904	0.32553232	0.3098458634790815	0.6039326	0.725	0.8913827	8.999095	1
RNFT1-DT	0.0069595017	0.0070908694	0.008021390374331552	-1.0186341e-10	0.0	-6.1680956	11.131841	1
MED13	0.20433524	0.2010328	0.20824158540421517	0.37929466	0.5416666666666666	0.9155509	5.3331757	1
MRC2	0.61693025	0.6215271	0.5281535073922617	0.37342185	0.5333333333333333	-0.73485684	9.067589	1
ACE	0.013041622	0.010457519	0.011953444479396037	0.14995642	0.25833333333333336	3.8291624	6.9048014	1
MAP3K3	0.082912296	0.079994775	0.0857187794904058	0.23747866	0.4	1.5686252	6.5142784	1
LIMD2	0.09517729	0.09045493	0.09547027367096571	0.3453719	0.5083333333333333	1.9317032	9.828009	1
PSMC5	0.5490995	0.5435723	0.48427178357974204	0.8419616	0.8	0.6311885	7.8215194	1
ICAM2	0.010216437	0.00064830174	0.0007864108210128972	0.5171682	0.6166666666666667	9.433077	20.776434	1
PECAM1	0.031126015	0.0039534583	0.004089336269267065	1.4708189	0.9333333333333333	8.503348	44.25141	1
SMURF2	0.17892545	0.1724268	0.1810317709971689	0.5232383	0.7083333333333334	1.6009233	15.349686	1
RGS9	0.19844204	0.20043962	0.1956590122680088	0.092586	0.15833333333333333	-1.1134639	5.427915	1
CEP112	0.05580042	0.052334223	0.05835168291915697	0.23945616	0.39166666666666666	2.1917832	8.69111	1
PSMD12	0.4324702	0.42780304	0.3988675684177414	0.67978424	0.75	0.6680053	6.822969	1
PITPNC1	0.029125992	0.023845967	0.026108839257628184	0.3088752	0.44166666666666665	3.6896365	11.27072	1
AC145343.1	0.0046242257	0.004711518	0.0053475935828877	-1.0186341e-10	0.0	-5.588422	7.968867	1
PRKAR1A	0.531566	0.5253956	0.4740484429065744	0.85850716	0.8583333333333333	0.7083196	10.154006	1
KCNJ2	0.013155006	0.0035488494	0.003932054105064486	0.52212125	0.6333333333333333	7.1610756	21.43767	1
SDK2	0.25596732	0.25914243	0.2502359232463039	0.087719835	0.14166666666666666	-1.5616829	12.043039	1
JPT1	0.4795656	0.47334415	0.4281220509594212	0.80921286	0.85	0.77350336	10.749568	1
AC022211.2	0.004973218	0.005067097	0.00550487574709028	-1.0186341e-10	0.0	-5.6912837	7.6442685	1
ITGB4	0.0042468086	0.0043269778	0.004875747090279962	-1.0186341e-10	0.0	-5.4682517	7.2231607	1
TRIM47	0.01801128	0.01417958	0.01635734507706826	0.22102804	0.38333333333333336	3.9528565	10.40056	1
UBALD2	0.09796254	0.09159877	0.0978295061340044	0.43512842	0.6333333333333333	2.2467985	15.830787	1
AC015802.6	0.10398855	0.1051667	0.10978295061340045	0.04154574	0.08333333333333333	-1.3378083	5.1897416	1
SRSF2	0.4487122	0.4437706	0.40563070147845237	0.7105568	0.8166666666666667	0.67901397	8.192513	1
SNHG20	0.038597148	0.036253974	0.03916325888644228	0.1627416	0.275	2.1632843	5.1202097	1
SEC14L1	0.20267682	0.18300526	0.18748033972947467	1.2449383	0.9416666666666667	2.765445	42.899227	1
SEPTIN9	0.35457054	0.3504929	0.33626926706511484	0.5706548	0.725	0.7030744	6.9424458	1
TMC6	0.044361494	0.040272355	0.04388172381251966	0.26102218	0.43333333333333335	2.6932852	10.716372	1
SYNGR2	0.21857287	0.21548507	0.22161056936143442	0.38216543	0.5916666666666667	0.8263175	5.6986246	1
PGS1	0.078701295	0.07620086	0.08068575023592324	0.21118885	0.3416666666666667	1.4694455	5.1439133	1
AC022966.2	0.0046152445	0.0047023674	0.005662157911292859	-1.0186341e-10	0.0	-5.5856752	8.187627	1
GAA	0.09700979	0.09436721	0.10459263919471531	0.23700938	0.4166666666666667	1.3276671	5.753748	1
RNF213	0.15698954	0.15331522	0.16105693614344133	0.3516582	0.5166666666666667	1.1971425	6.9617705	1
NDUFAF8	0.5246432	0.5186042	0.4638251022334067	0.8446258	0.8833333333333333	0.70357096	12.769538	1
NPLOC4	0.123356946	0.12016521	0.1261402956904687	0.29245228	0.45	1.2824751	5.987232	1
MCRIP1	0.4496516	0.4459403	0.4134948096885813	0.6463084	0.8	0.53527206	5.9629807	1
P4HB	0.83659494	0.82999706	0.6413966656181189	1.1861614	0.9333333333333333	0.51506996	11.789195	1
ARHGDIA	0.28521442	0.27453962	0.27162629757785467	0.85079986	0.8916666666666667	1.6314497	28.991295	1
MAFG-DT	0.069355264	0.070290126	0.07581000314564329	0.019831419	0.041666666666666664	-1.8203287	6.2310524	1
MYADML2	0.015757965	0.016012065	0.018244731047499213	0.0022957004	0.008333333333333333	-2.7496219	5.9087605	1
NOTUM	0.006345989	0.006465778	0.007549543881723813	-1.0186341e-10	0.0	-6.0368958	10.462601	1
RAC3	0.16522819	0.16089223	0.16939289084617803	0.3949545	0.5666666666666667	1.2950605	8.486678	1
LINC02564	0.0036010009	0.0036689811	0.004089336269267065	-1.0186341e-10	0.0	-5.236104	5.9883857	1
AP000845.1	0.0029528425	0.0030085894	0.0034602076124567475	-1.0186341e-10	0.0	-4.9581895	5.391436	1
COLEC12	0.04179816	0.037631735	0.040106951871657755	0.26254845	0.425	2.7992826	10.629373	1
YES1	0.1742661	0.16624942	0.17442592010066058	0.5990073	0.725	1.8485976	17.697283	1
MYL12A	1.0362451	1.016436	0.7414281220509594	2.0858035	1.0	1.037011	44.25141	1
MYL12B	0.85100555	0.83084613	0.6582258571877949	1.9191065	1.0	1.207683	44.25141	1
EPB41L3	0.39186653	0.3949173	0.3658383139351997	0.23029181	0.38333333333333336	-0.7778264	6.713005	1
PTPRM	0.16720632	0.16058175	0.16766278703994966	0.51819116	0.7	1.6895567	15.569853	1
AP001033.1	0.0030578393	0.003115568	0.0034602076124567475	-1.0186341e-10	0.0	-5.0070033	5.174302	1
RALBP1	0.40295878	0.39753756	0.3768480654293803	0.69020927	0.8166666666666667	0.7957889	10.862715	1
PPP4R1	0.1397257	0.13575587	0.1407675369613086	0.35005033	0.525	1.3658975	7.9531293	1
RAB31	0.20898993	0.2010809	0.20273670965712487	0.62802815	0.75	1.6425656	16.989164	1
NAPG	0.16322868	0.15894386	0.1657754010695187	0.39023948	0.6	1.2953045	10.087636	1
PIEZO2	0.009321939	0.002946242	0.0034602076124567475	0.3471279	0.475	6.8327084	13.941947	1
AP005264.1	0.006130404	0.0062461235	0.006920415224913495	-1.0186341e-10	0.0	-5.9878054	9.793303	1
TUBB6	0.25944847	0.2487023	0.24709027996225227	0.8288106	0.85	1.7362167	25.491926	1
AFG3L2	0.62770027	0.63147944	0.5374331550802139	0.42750198	0.5833333333333334	-0.5626958	6.1934233	1
AP005482.3	0.0067444327	0.0068717417	0.008021390374331552	-1.0186341e-10	0.0	-6.123449	11.299016	1
AP005482.1	0.0058450946	0.0059554293	0.006763133060710916	-1.0186341e-10	0.0	-5.920159	9.667508	1
AP002449.1	0.006637573	0.006762865	0.007077697389116074	-1.0186341e-10	0.0	-6.1007404	9.677444	1
RNMT	0.99841434	1.0053573	0.7376533501100975	0.63056666	0.7833333333333333	-0.67290217	16.510803	1
SNRPD1	0.41330478	0.4060724	0.38549858446052215	0.79651386	0.825	0.9717884	14.473928	1
GATA6-AS1	0.5618613	0.5649808	0.48206983328090597	0.39662528	0.5833333333333334	-0.51031685	5.1463704	1
GATA6	0.35512787	0.35796487	0.33941491034916643	0.20488147	0.35	-0.8047274	6.611483	1
AC007996.1	0.0034419945	0.0035069739	0.003617489776659327	-1.0186341e-10	0.0	-5.1727185	5.569573	1
CDH2	1.4298201	1.439992	0.8678829820698333	0.8908799	0.875	-0.6926961	21.906336	1
MAPRE2	0.15681265	0.15272239	0.15885498584460522	0.37351817	0.55	1.2897086	7.9086227	1
INO80C	0.13798201	0.13506225	0.14391318024536018	0.29266724	0.4666666666666667	1.1150618	5.473774	1
GALNT1	0.42749795	0.41967523	0.390059767222397	0.8419862	0.825	1.0043509	14.519161	1
FHOD3	0.4668007	0.47033054	0.4234035860333438	0.27981874	0.4666666666666667	-0.7489736	8.246907	1
TPGS2	0.4448094	0.4408071	0.4075180874488833	0.65689456	0.7583333333333333	0.57540673	6.0723095	1
PSTPIP2	0.04186451	0.0425802	0.04608367411135577	0.0039531616	0.008333333333333333	-3.3964474	13.890434	1
IER3IP1	0.4887963	0.48443502	0.4427492922302611	0.7198915	0.825	0.57137895	7.4313607	1
SMAD7	0.5075176	0.5114919	0.4443221138722869	0.29699504	0.45	-0.78406894	8.227838	1
SNHG22	0.0052459356	0.0053449622	0.00550487574709028	-1.0186341e-10	0.0	-5.7668514	8.046801	1
MYO5B	0.004948055	0.005041459	0.0053475935828877	-1.0186341e-10	0.0	-5.6841073	7.757235	1
MBD2	0.2014594	0.19850296	0.20368040264234036	0.3580894	0.5666666666666667	0.85083544	5.3645916	1
TCF4	0.2795014	0.25375065	0.24441648317080844	1.643864	0.975	2.695127	44.25141	1
ONECUT2	0.0061168424	0.0062323064	0.007077697389116074	-1.0186341e-10	0.0	-5.9846606	10.020282	1
NARS	0.7966434	0.8021606	0.6360490720352312	0.50436413	0.6666666666666666	-0.6693193	11.668147	1
ALPK2	0.7460845	0.7515967	0.5953129915067631	0.45409566	0.65	-0.72683686	12.28081	1
SEC11C	0.097539835	0.09378787	0.09971689210443535	0.2963192	0.45	1.6586281	7.7792873	1
BCL2	0.0040042866	0.0022960524	0.0028310789556464295	0.09451298	0.18333333333333332	5.3033066	5.5532866	1
TSHZ1	0.099273704	0.09616283	0.10097514941805599	0.26408553	0.45	1.4565005	7.139699	1
LINC01896	0.004251956	0.0043322225	0.004718464926077383	-1.0186341e-10	0.0	-5.4699597	6.861446	1
SALL3	0.0060798074	0.0061945724	0.006920415224913495	-1.0186341e-10	0.0	-5.976038	9.660514	1
PARD6G-AS1	0.0067987707	0.006927105	0.007234979553318654	-1.0186341e-10	0.0	-6.13486	10.380024	1
PLPP2	0.0062824315	0.0033110057	0.004089336269267065	0.16371915	0.2916666666666667	5.585763	8.279874	1
MADCAM1	0.013004407	0.013249867	0.014941805599245045	-1.0186341e-10	0.0	-7.060683	20.510958	1
TPGS1	0.29957107	0.2959597	0.2900283107895565	0.49090528	0.7	0.72985035	6.5859137	1
PTBP1	0.15903746	0.15623504	0.16231519345706197	0.30750763	0.5	0.9764501	5.4654756	1
PRTN3	0.018493269	0.018842323	0.020603963510537907	-1.0186341e-10	0.0	-7.5654707	27.436707	1
KISS1R	0.17101745	0.173499	0.16467442592010065	0.039516125	0.075	-2.131599	16.597704	1
ARID3A	0.34334767	0.33916843	0.32840515885498583	0.5648136	0.6916666666666667	0.7356032	6.5162945	1
ABCA7	0.16616601	0.16828823	0.16624724756212644	0.053703684	0.1	-1.6460143	10.348734	1
MIDN	0.37173012	0.3652466	0.3521547656495753	0.715268	0.7916666666666666	0.96942	12.359551	1
AC005329.1	0.0036193104	0.0036876362	0.004089336269267065	-1.0186341e-10	0.0	-5.2432275	6.1824446	1
ABHD17A	0.44986814	0.44080797	0.4081472161056936	0.9299207	0.8916666666666667	1.0767852	20.229786	1
AC119403.1	0.0056320643	0.005738379	0.006605850896508336	-1.0186341e-10	0.0	-5.8674974	9.472987	1
GNA11	0.12592903	0.12305996	0.1299150676313306	0.27792975	0.4166666666666667	1.1747059	5.2555685	1
SMIM24	0.0037420809	0.0038127236	0.0042466184334696445	-1.0186341e-10	0.0	-5.290103	6.3371067	1
GIPC3	0.0036115423	0.0012009251	0.0014155394778232148	0.13133442	0.24166666666666667	6.6586614	7.184016	1
TBXA2R	0.0050843204	0.002717233	0.0028310789556464295	0.13050118	0.21666666666666667	5.534745	5.88117	1
ANKRD24	0.0031144354	0.003173232	0.0037747719408619063	-1.0186341e-10	0.0	-5.0326457	5.4882574	1
AC007292.1	0.0039396724	0.0040140445	0.004403900597672224	-1.0186341e-10	0.0	-5.362487	6.5584445	1
TNFAIP8L1	0.036349643	0.030299783	0.03318653664674426	0.3568877	0.49166666666666664	3.5537415	13.441355	1
MYDGF	0.33550048	0.3218654	0.31283422459893045	1.0579461	0.925	1.716425	32.33709	1
PRR22	0.005176179	0.0052738893	0.005976722239698019	-1.0186341e-10	0.0	-5.747896	8.353042	1
CLPP	0.3204685	0.31541035	0.31314878892733566	0.5884801	0.775	0.8995516	11.173051	1
TUBB4A	0.018633759	0.018985465	0.01966027052532243	-1.0186341e-10	0.0	-7.576332	26.533964	1
INSR	0.2276538	0.22313496	0.22302610883925764	0.467065	0.6416666666666667	1.0653691	7.8328676	1
TEX45	0.0029108853	0.0029658403	0.003302925448254168	-1.0186341e-10	0.0	-4.9382124	5.065304	1
PCP2	0.00403482	0.0041109878	0.0042466184334696445	-1.0186341e-10	0.0	-5.396088	6.335951	1
TRAPPC5	0.6088995	0.60112536	0.5250078641082101	1.0208049	0.9416666666666667	0.76387066	19.03732	1
AC010336.3	0.0049732253	0.005067105	0.005662157911292859	-1.0186341e-10	0.0	-5.6912856	8.178712	1
AC010336.1	0.0043548006	0.004437008	0.004718464926077383	-1.0186341e-10	0.0	-5.5036707	6.9238944	1
AC010336.6	0.0029447603	0.0030003546	0.0037747719408619063	-1.0186341e-10	0.0	-4.954363	5.7505255	1
KANK3	0.006517688	0.0033650063	0.0037747719408619063	0.17355773	0.275	5.647245	7.829779	1
MARCH2	0.19121127	0.18819234	0.19628814092481914	0.35114974	0.55	0.8995228	5.412399	1
ANGPTL6	0.0042951824	0.0043762643	0.0053475935828877	-1.0186341e-10	0.0	-5.484225	7.7717013	1
ICAM3	0.02168231	0.019506091	0.021233092167348224	0.13698138	0.225	2.8056588	5.3017015	1
CDC37	0.48787677	0.47984335	0.4403900597672224	0.91352016	0.875	0.9287304	16.338467	1
ILF3-DT	0.30252525	0.30559984	0.29238754325259514	0.13960868	0.24166666666666667	-1.1296941	9.511503	1
SMARCA4	0.36559188	0.36179695	0.3491664045297263	0.56669545	0.7166666666666667	0.64724934	5.9601045	1
LDLR	0.06431966	0.056796465	0.061340044039005975	0.4629281	0.5916666666666667	3.0246887	16.52483	1
KANK2	0.2836955	0.27992967	0.27414281220509595	0.48321152	0.6166666666666667	0.7873737	5.590911	1
DOCK6	0.03091277	0.022606745	0.02485058194400755	0.47099024	0.6416666666666667	4.3748107	20.345396	1
RAB3D	0.037932	0.03569478	0.04026423403586033	0.1564624	0.26666666666666666	2.1289165	5.0020285	1
ELAVL3	0.0039050516	0.0039787707	0.004561182761874803	-1.0186341e-10	0.0	-5.350064	6.292945	1
CNN1	0.9495469	0.95771664	0.6921988046555521	0.5167178	0.6583333333333333	-0.8900938	18.610975	1
AC008543.1	0.0041795	0.0042583984	0.004561182761874803	-1.0186341e-10	0.0	-5.445728	6.8038507	1
ZNF491	0.0053630522	0.0054642893	0.006134004403900598	-1.0186341e-10	0.0	-5.798127	8.8546915	1
JUNB	0.3346423	0.3279462	0.2882982069833281	0.6894533	0.7583333333333333	1.0717632	12.035077	1
CALR	1.1400809	1.1263951	0.7329348851840202	1.8651907	1.0	0.72755945	37.39659	1
IER2	0.4041598	0.39013547	0.33170808430324	1.1472243	0.9333333333333333	1.5558566	28.745054	1
AC008686.1	0.004525898	0.0046113348	0.0050330292544825414	-1.0186341e-10	0.0	-5.5580654	7.2748127	1
AC020916.1	0.035240166	0.03142601	0.03350110097514942	0.23732191	0.325	2.9128385	7.0735946	1
C19orf57	0.0103312135	0.010526219	0.012110726643598616	-1.0186341e-10	0.0	-6.7314863	16.338324	1
IL27RA	0.02208839	0.018496621	0.020603963510537907	0.21238919	0.31666666666666665	3.514277	8.109384	1
PTGER1	0.0056497212	0.005756369	0.006448568732305757	-1.0186341e-10	0.0	-5.871936	9.056854	1
EPHX3	0.004281885	0.004362716	0.0050330292544825414	-1.0186341e-10	0.0	-5.4798512	7.4743347	1
RASAL3	0.0038066425	0.0038785038	0.003932054105064486	-1.0186341e-10	0.0	-5.3141556	5.949784	1
TPM4	0.71063244	0.6875787	0.5583516829191569	1.9321134	1.0	1.490448	44.25141	1
RAB8A	0.34192356	0.33818468	0.3296634161686065	0.5400515	0.7333333333333333	0.6751264	6.6563063	1
KLF2	0.075003184	0.06719188	0.06904687008493236	0.48887658	0.55	2.8612611	12.839472	1
AC008764.6	0.0059053996	0.006016873	0.006605850896508336	-1.0186341e-10	0.0	-5.934724	9.469708	1
BABAM1	0.30475065	0.30155742	0.30229631959735764	0.47392872	0.6916666666666667	0.6520634	5.746879	1
DDA1	0.25167477	0.24785018	0.2491349480968858	0.4543021	0.6166666666666667	0.87391925	6.2717366	1
PLVAP	0.031332314	0.0057097236	0.00550487574709028	1.3889022	0.9416666666666667	7.901364	44.25141	1
PGLS	0.58151793	0.57461905	0.5040893362692671	0.9470547	0.9083333333333333	0.7207432	14.427739	1
COLGALT1	0.10869118	0.105663106	0.11308587606165461	0.26911655	0.4583333333333333	1.3479306	6.7144146	1
MAP1S	0.12897912	0.12631072	0.13431896822900283	0.2703484	0.44166666666666665	1.0972344	5.2262483	1
RAB3A	0.10064774	0.10199232	0.10632274300094369	0.029386949	0.058333333333333334	-1.7917259	7.808638	1
AC005759.1	0.0039143707	0.003988265	0.004561182761874803	-1.0186341e-10	0.0	-5.3534184	6.718727	1
JUND	0.9923684	0.9831916	0.7091852783894307	1.4785912	0.9916666666666667	0.58862954	21.711811	1
REX1BD	0.34826523	0.3424723	0.3315508021390374	0.65522146	0.7583333333333333	0.93579435	10.473283	1
TMEM59L	0.02553698	0.025966581	0.028625353884869455	0.002768477	0.008333333333333333	-3.1838446	10.258888	1
COPE	0.7416428	0.73598856	0.5984586347908147	1.0412316	0.9583333333333334	0.50047827	11.492303	1
HOMER3	0.1854371	0.1813595	0.185121107266436	0.40147102	0.5583333333333333	1.1460075	7.5512853	1
GATAD2A	0.19886526	0.1957006	0.2003774771940862	0.36652753	0.55	0.9049299	5.4226193	1
CEBPA-DT	0.0069150534	0.007045583	0.007392261717521233	-1.0186341e-10	0.0	-6.1589813	10.723083	1
KCTD15	0.04655677	0.044105407	0.04844290657439446	0.17644422	0.31666666666666665	1.9977348	5.8708377	1
KIAA0355	0.18834281	0.185132	0.19204152249134948	0.35845393	0.5416666666666666	0.9528568	5.5575914	1
GPI	1.9457748	1.958353	0.9499842717835797	1.2794032	0.9666666666666667	-0.61413074	28.341291	1
ZNF30-AS1	0.005706088	0.0058138	0.006448568732305757	-1.0186341e-10	0.0	-5.886015	9.28199	1
GRAMD1A	0.14311373	0.1401796	0.14768795218622208	0.2985592	0.4583333333333333	1.0901948	5.4777365	1
FXYD1	0.5940621	0.5978731	0.4844290657439446	0.39218554	0.5333333333333333	-0.6081765	5.968276	1
FXYD5	0.105652556	0.094179645	0.0962566844919786	0.71351814	0.7833333333333333	2.920134	26.453453	1
LINC01531	0.0026304978	0.002680161	0.003302925448254168	-1.0186341e-10	0.0	-4.797098	5.0848184	1
TBCB	0.38434786	0.37837958	0.3592324630386914	0.700593	0.8	0.88856703	11.032927	1
CAPNS1	0.6289708	0.6214327	0.5375904372444165	1.0283742	0.9416666666666667	0.72660327	16.353516	1
AC092295.2	0.005280631	0.0053803124	0.00550487574709028	-1.0186341e-10	0.0	-5.776188	8.033772	1
AC093227.3	0.0044926605	0.00457747	0.004875747090279962	-1.0186341e-10	0.0	-5.547658	7.2291465	1
RYR1	0.0040845512	0.0041616578	0.004403900597672224	-1.0186341e-10	0.0	-5.4133444	6.109733	1
ACTN4	0.26761165	0.25889593	0.25353884869455806	0.72939515	0.8333333333333334	1.493969	20.20874	1
GMFG	0.01680601	0.0072053825	0.00817867253853413	0.5254791	0.6916666666666667	6.168804	24.375275	1
PSMC4	0.36380368	0.35693014	0.34193142497640766	0.72800165	0.7916666666666666	1.028094	12.817538	1
SERTAD1	0.11378744	0.10934704	0.11371500471846492	0.34904522	0.5083333333333333	1.6735942	9.31377	1
RAB4B	0.050739255	0.04860974	0.0542623466498899	0.1635745	0.2916666666666667	1.7485474	5.087513	1
TGFB1	0.19691542	0.19016229	0.19172695816294433	0.5547076	0.6916666666666667	1.543998	14.353127	1
BCKDHA	0.504082	0.50760925	0.45548914753067005	0.31725615	0.45	-0.6778998	6.3391166	1
PCAT19	0.004739228	0.0011267901	0.0012582573136206354	0.19613828	0.2833333333333333	7.321574	7.599997	1
LINC01480	0.0030412094	0.00015895115	0.00015728216420257942	0.15575287	0.20833333333333334	9.233289	5.50414	1
ARHGEF1	0.068374224	0.065363124	0.06920415224913495	0.22791772	0.35	1.8003916	5.772033	1
RABAC1	0.8944639	0.8844298	0.6810317709971689	1.426086	0.9916666666666667	0.6891795	27.570114	1
ATP1A3	0.051673178	0.05247381	0.05835168291915697	0.00926147	0.016666666666666666	-2.4895372	8.146907	1
ETHE1	0.14503351	0.14138098	0.14800251651462723	0.3385467	0.5333333333333333	1.2591727	7.189352	1
PLAUR	0.02362202	0.014960699	0.01667190940547342	0.48252556	0.5916666666666667	5.0020437	18.941595	1
AC021092.1	0.012318938	0.0125514595	0.01384083044982699	-1.0186341e-10	0.0	-6.9831614	18.829758	1
NECTIN2	0.28643775	0.2806697	0.2774457376533501	0.592042	0.7583333333333333	1.0765561	11.988906	1
APOE	1.1305473	1.1372062	0.716892104435357	0.777766	0.7333333333333333	-0.54802716	7.8028245	1
CLPTM1	0.18611333	0.18270937	0.1903114186851211	0.36645517	0.5333333333333333	1.0036904	6.038355	1
EXOC3L2	0.008766935	0.0031182433	0.0037747719408619063	0.30805367	0.45	6.5812325	13.403035	1
CKM	1.1599364	1.1673864	0.6697074551745832	0.7652445	0.7083333333333334	-0.6092246	9.507824	1
VASP	0.19943549	0.19005226	0.19644542308902171	0.6965861	0.8416666666666667	1.8733537	24.119747	1
GPR4	0.0050524743	0.0003086693	0.0004718464926077383	0.25639516	0.45	9.293782	14.67592	1
NOVA2	0.018221565	0.012845197	0.014155394778232149	0.30307963	0.44166666666666665	4.549684	13.11778	1
CCDC8	0.3555934	0.35868558	0.3453916325888644	0.19182509	0.3416666666666667	-0.9025785	7.886206	1
PRKD2	0.038905073	0.035799157	0.03916325888644228	0.2034621	0.3333333333333333	2.503447	7.911369	1
AP2S1	0.84017324	0.8243714	0.6528782636049072	1.6773944	0.9916666666666667	1.0247666	44.25141	1
AC008532.1	0.0044739973	0.0045584543	0.005190311418685121	-1.0186341e-10	0.0	-5.541781	7.687699	1
EHD2	0.03821726	0.035546932	0.0382195659012268	0.17969541	0.31666666666666665	2.3345063	7.0308895	1
CARD8	0.06474253	0.058853008	0.06448568732305757	0.3767929	0.5333333333333333	2.6765172	13.923231	1
CARD8-AS1	0.013424595	0.008273873	0.009122365523749607	0.2863272	0.44166666666666665	5.09613	13.317535	1
CYTH2	0.16702288	0.16377412	0.17033658383139352	0.33914256	0.525	1.0497291	6.389874	1
DBP	0.28164867	0.28546768	0.27854671280276816	0.07928504	0.15	-1.8468935	19.408516	1
RASIP1	0.015719708	0.007353524	0.008021390374331552	0.45898813	0.5916666666666667	5.9447045	19.622585	1
PPP1R15A	0.21289091	0.20704538	0.20320855614973263	0.5225951	0.6583333333333333	1.3353261	10.372116	1
NUCB1	0.46293682	0.45933378	0.42151620006291285	0.65386933	0.8	0.5093661	5.6427217	1
BAX	0.46719483	0.4524691	0.40783265177728845	1.2474062	0.9416666666666667	1.4628371	32.924534	1
KCNA7	0.0042096116	0.004289079	0.004561182761874803	-1.0186341e-10	0.0	-5.4558477	6.593388	1
HRC	0.62538964	0.63075554	0.5278389430638566	0.34114006	0.49166666666666664	-0.8865228	12.075477	1
FCGRT	0.17334653	0.15044285	0.15397923875432526	1.3868606	0.9583333333333334	3.2036805	44.25141	1
RRAS	0.55794823	0.5504697	0.4839572192513369	0.95420253	0.8833333333333333	0.79352146	13.699724	1
AC006942.1	0.027816916	0.028229656	0.029097200377477195	0.0059417537	0.016666666666666666	-2.2292738	5.363039	1
PNKP	0.11398295	0.11089429	0.1200062912865681	0.277616	0.425	1.3231248	5.7184405	1
ATF5	0.6517896	0.6596646	0.3782636049072035	0.23460831	0.3	-1.4910824	16.415768	1
SYT3	0.003587143	0.0036548618	0.004089336269267065	-1.0186341e-10	0.0	-5.2306895	5.9855733	1
CLEC11A	0.21302977	0.20811701	0.20682604592639195	0.47331545	0.5666666666666667	1.1850188	6.4363737	1
IGLON5	0.025264299	0.025688255	0.02720981440704624	0.0027948122	0.008333333333333333	-3.1551723	9.804193	1
ZNF528-AS1	0.0029867992	0.003043187	0.0034602076124567475	-1.0186341e-10	0.0	-4.974158	5.1822424	1
AC092070.3	0.0029405605	0.0029960757	0.003302925448254168	-1.0186341e-10	0.0	-4.95237	5.052155	1
MYADM	0.2851364	0.2750412	0.27162629757785467	0.82000923	0.8583333333333333	1.575644	22.512836	1
CACNG8	0.02817459	0.024647985	0.02658068575023592	0.21502103	0.3416666666666667	3.1197658	8.501291	1
MBOAT7	0.17339532	0.1682635	0.17489776659326833	0.44528544	0.65	1.403475	11.884876	1
CDC42EP5	0.14770514	0.14314349	0.14249764076753696	0.38938802	0.5083333333333333	1.4431094	7.8315907	1
TNNT1	0.17520669	0.17744607	0.1667190940547342	0.056537814	0.10833333333333334	-1.6483558	11.347857	1
AC008735.1	0.0031500598	0.0032095292	0.003302925448254168	-1.0186341e-10	0.0	-5.048556	5.224881	1
AURKC	0.003219047	0.0032798185	0.003617489776659327	-1.0186341e-10	0.0	-5.0788755	5.575472	1
ZNF749	0.08350018	0.0810055	0.08760616546083674	0.21566305	0.38333333333333336	1.4115762	5.739329	1
AC010642.2	0.23297694	0.22915807	0.23136206354199434	0.43530792	0.6083333333333333	0.9253951	6.417869	1
A1BG	0.32229003	0.3178713	0.3093740169864737	0.5564186	0.6833333333333333	0.8075335	7.1912475	1
ZNF497	0.0044413544	0.0045251953	0.004875747090279962	-1.0186341e-10	0.0	-5.5314436	7.109749	1
SDCBP2	0.039111327	0.035545148	0.038691412393834536	0.22805513	0.3416666666666667	2.6782374	7.432303	1
FKBP1A	0.77202195	0.74528605	0.6113557722554263	2.1885817	0.9916666666666667	1.5540023	44.25141	1
AL109809.5	0.00789904	0.00804814	0.008965083359547028	-1.0186341e-10	0.0	-6.3484	12.500894	1
SNRPB	0.51615864	0.50822955	0.4559609940232778	0.93626523	0.9083333333333333	0.88130724	19.003016	1
LZTS3	0.044990912	0.04564307	0.05033029254482542	0.010445721	0.025	-2.1168954	6.587397	1
C20orf194	0.119875185	0.117139824	0.12598301352626612	0.26479074	0.44166666666666665	1.1759346	5.2406926	1
SPEF1	0.0035600127	0.0036272192	0.004089336269267065	-1.0186341e-10	0.0	-5.2200294	6.209451	1
PRNP	0.72366047	0.7298323	0.5924819125511167	0.39669225	0.55	-0.8793789	13.38554	1
RASSF2	0.0034237502	0.0006617663	0.0007864108210128972	0.14976291	0.26666666666666666	7.620079	8.193597	1
SNAP25	0.06017522	0.06099928	0.06401384083044982	0.016521899	0.041666666666666664	-1.8780702	7.0149755	1
JAG1	0.113072954	0.10932459	0.10522176785152564	0.31165835	0.39166666666666666	1.5104911	5.4914045	1
BTBD3	0.059112325	0.055958364	0.06008178672538534	0.22622505	0.3416666666666667	2.0133948	6.564815	1
SPTLC3	0.023227148	0.023665406	0.025479710600817867	-1.0186341e-10	0.0	-7.8927207	33.691444	1
RRBP1	0.34387654	0.33165333	0.31330607109153824	0.9915116	0.9083333333333333	1.5796643	27.271965	1
AL121761.1	0.011187458	0.011398625	0.012582573136206355	-1.0186341e-10	0.0	-6.845319	17.25994	1
THBD	0.0044195815	0.0010206306	0.0009436929852154766	0.18450752	0.3	7.364007	8.771685	1
CD93	0.02794699	0.003149314	0.0031456432840515887	1.3418106	0.9083333333333333	8.689938	42.7329	1
APMAP	0.15726762	0.15366076	0.16089965397923875	0.34836087	0.5416666666666666	1.1803093	6.9375806	1
HM13	0.27106065	0.26528573	0.2658068575023592	0.5770253	0.7083333333333334	1.1207939	10.710042	1
NOL4L	0.10589724	0.1014934	0.10915382195659012	0.33921733	0.525	1.7398283	10.240117	1
MAP1LC3A	0.20042698	0.19526787	0.18921044353570304	0.47376075	0.625	1.2782699	9.510952	1
MYH7B	0.23787875	0.2409996	0.23136206354199434	0.07250696	0.14166666666666666	-1.7314496	15.812911	1
EDEM2	0.10811155	0.105447	0.11151305441962882	0.24927402	0.39166666666666666	1.2404255	5.032504	1
PROCR	0.04613566	0.038331624	0.04089336269267065	0.45962107	0.6333333333333333	3.5803928	19.662853	1
GDF5	0.0047374316	0.0048268605	0.0053475935828877	-1.0186341e-10	0.0	-5.622598	7.8288555	1
NORAD	0.8047748	0.7973074	0.6160742371815037	1.2004105	0.9666666666666667	0.59025913	13.978296	1
RAB5IF	0.6609973	0.6547809	0.5561497326203209	0.9903646	0.9083333333333333	0.59687275	11.1315565	1
RPN2	0.51071805	0.50276303	0.44982698961937717	0.93221456	0.9166666666666666	0.8906512	17.684366	1
SRSF6	0.21141714	0.20764978	0.21264548600188737	0.41101488	0.6	0.9846946	7.204626	1
AL035447.1	0.003384967	0.0034488698	0.003617489776659327	-1.0186341e-10	0.0	-5.149289	5.4908752	1
SERINC3	0.44975	0.44392967	0.4100346020761246	0.75815445	0.8416666666666667	0.77202606	11.590383	1
RIMS4	0.008860896	0.009028151	0.010380622837370242	-1.0186341e-10	0.0	-6.5122523	14.409392	1
YWHAB	1.156923	1.1446252	0.7912865681031771	1.8085114	1.0	0.6598812	39.83619	1
CTSA	0.1154115	0.11266256	0.120792702107581	0.26104635	0.4083333333333333	1.2115704	5.2527966	1
PLTP	0.15685442	0.15839452	0.1612142183076439	0.07523652	0.15833333333333333	-1.0730116	5.4950476	1
CD40	0.013325976	0.0017504378	0.0017301038062283738	0.6266365	0.6916666666666667	8.403849	24.2886	1
AL031666.1	0.005115237	0.005211797	0.00550487574709028	-1.0186341e-10	0.0	-5.7311296	7.855204	1
NCOA3	0.08849127	0.084291555	0.09059452658068574	0.3109961	0.49166666666666664	1.8821896	9.939575	1
SULF2	0.016020231	0.006863061	0.007549543881723813	0.50119764	0.6333333333333333	6.169802	20.627071	1
PREX1	0.033395372	0.02614542	0.028625353884869455	0.41751888	0.575	3.9920495	17.63389	1
B4GALT5	0.11045425	0.10635945	0.11056936143441334	0.32739827	0.5	1.6211832	8.7751255	1
UBE2V1	0.66311675	0.656769	0.5599245045611828	0.9994432	0.875	0.6056632	10.32445	1
TMEM189	0.11340164	0.110120066	0.11780434098773199	0.28725722	0.475	1.3824583	7.228316	1
CEBPB-AS1	0.03018314	0.030691931	0.0328719723183391	0.0032188753	0.008333333333333333	-3.2137861	10.823599	1
PARD6B	0.24998783	0.25252122	0.24834853727587292	0.11574775	0.20833333333333334	-1.1247457	7.541349	1
PFDN4	0.3037514	0.3003009	0.2963195973576596	0.4865607	0.675	0.69602716	5.96624	1
PMEPA1	0.20169432	0.19640131	0.19675998741742687	0.4821267	0.5583333333333333	1.2951726	7.9988623	1
RAB22A	0.15462492	0.15161334	0.15869770368040265	0.31417763	0.48333333333333334	1.0506916	5.579304	1
CTSZ	0.48807976	0.48247167	0.4287511796162315	0.7852357	0.7833333333333333	0.7025663	8.191703	1
PSMA7	1.3735332	1.3617762	0.853413022963196	1.99647	1.0	0.551928	35.362667	1
OSBPL2	0.23482628	0.23695451	0.2346649889902485	0.12204674	0.24166666666666667	-0.9566035	6.5413375	1
ADRM1	0.33470693	0.32644778	0.3186536646744259	0.77232283	0.825	1.2420967	16.392342	1
AL117379.1	0.0042519695	0.004332236	0.004089336269267065	-1.0186341e-10	0.0	-5.4699645	5.822156	1
EEF1A2	1.0397184	1.0466363	0.7316766278703994	0.6731969	0.7666666666666667	-0.6365833	13.327129	1
SOX18	0.012756365	0.0008604782	0.001100975149418056	0.64303994	0.7083333333333334	9.387164	24.219286	1
AP000223.1	0.0047522243	0.0048419326	0.0053475935828877	-1.0186341e-10	0.0	-5.627005	7.869175	1
APP	0.88618183	0.870367	0.6678200692041523	1.7241149	1.0	0.98607814	36.376858	1
CYYR1	0.009367537	0.0045576943	0.005190311418685121	0.26420933	0.4166666666666667	5.8264675	12.173871	1
ADAMTS1	0.20433503	0.19781923	0.1797735136835483	0.5495542	0.6333333333333333	1.4736127	9.774152	1
ADAMTS5	0.016517429	0.011372743	0.011481597986788298	0.28910002	0.36666666666666664	4.6557856	9.558304	1
AF165147.1	0.014252766	0.014521786	0.015885498584460523	-1.0186341e-10	0.0	-7.191977	21.999863	1
HUNK	0.007476722	0.007617852	0.008021390374331552	-1.0186341e-10	0.0	-6.270129	11.357266	1
URB1-AS1	0.00924871	0.009423285	0.0106951871657754	-1.0186341e-10	0.0	-6.573389	14.668297	1
IL10RB	0.08296542	0.0790649	0.08524693299779805	0.28961867	0.4166666666666667	1.8717198	7.7303376	1
IFNAR1	0.23441187	0.22910525	0.23214847436300723	0.51556355	0.6583333333333333	1.16979	9.357301	1
IFNGR2	0.18338299	0.1799179	0.18496382510223341	0.36696532	0.5166666666666667	1.0278964	5.8465395	1
AP001437.1	0.003684825	0.0037543874	0.003932054105064486	-1.0186341e-10	0.0	-5.268431	5.7330585	1
ERG	0.004518894	0.00034642476	0.0004718464926077383	0.2255902	0.35833333333333334	8.981711	10.695625	1
ETS2	0.087208696	0.0791258	0.08540421516200063	0.515464	0.6583333333333333	2.7021093	18.073576	1
BACE2	0.044774096	0.037967287	0.04152249134948097	0.40542334	0.5666666666666667	3.4131613	15.812672	1
CBS	0.006289823	0.0064085517	0.006920415224913495	-1.0186341e-10	0.0	-6.0242662	9.867465	1
PDXK	0.30840763	0.30425346	0.30088078011953445	0.5285003	0.7	0.79642963	7.6067057	1
CSTB	0.7982163	0.77975273	0.6247247562126454	1.7764735	0.9916666666666667	1.1878239	44.25141	1
COL6A2	0.23697147	0.22665507	0.2255426234664989	0.7835703	0.825	1.789112	23.611048	1
AP001469.3	0.005321656	0.0054221116	0.005819440075495438	-1.0186341e-10	0.0	-5.78715	8.19964	1
DIP2A	0.11409816	0.1106276	0.11890531613715005	0.29796553	0.45	1.4286146	6.6456676	1
PRMT2	0.426249	0.42257422	0.3869141239383454	0.62096965	0.7666666666666667	0.5552091	5.6699657	1
MICAL3	0.27743745	0.27991802	0.27241270839886755	0.14599217	0.23333333333333334	-0.93864065	5.655057	1
AC016026.2	0.004598309	0.004685112	0.004875747090279962	-1.0186341e-10	0.0	-5.580482	6.8487577	1
USP18	0.3753438	0.36942455	0.2777603019817553	0.6890048	0.5666666666666667	0.8990533	5.2747087	1
TMEM191B	0.0072191465	0.007355415	0.008021390374331552	-1.0186341e-10	0.0	-6.220218	11.134844	1
DGCR9	0.0031126041	0.0031713666	0.0034602076124567475	-1.0186341e-10	0.0	-5.031823	5.153696	1
UFD1	0.20971955	0.20161171	0.20682604592639195	0.63929164	0.7333333333333333	1.6644051	16.95157	1
CLDN5	0.01575702	0.0014545654	0.0014155394778232148	0.77354884	0.675	8.959023	23.055676	1
COMT	0.24089429	0.23731466	0.2354513998112614	0.43054554	0.6166666666666667	0.8590918	6.2557864	1
RANBP1	0.4627284	0.45901182	0.4230890217049387	0.65966225	0.8166666666666667	0.5231007	5.49738	1
P2RX6	0.0064499783	0.0065717297	0.007392261717521233	-1.0186341e-10	0.0	-6.0599904	10.545476	1
AP000550.1	0.00826549	0.008421507	0.009122365523749607	-1.0186341e-10	0.0	-6.4130383	12.521279	1
UBE2L3	0.7102947	0.7033874	0.5915382195659012	1.076278	0.9333333333333333	0.6135883	13.403008	1
SDF2L1	0.124594525	0.11996057	0.12142183076439132	0.37010702	0.55	1.6245698	9.807687	1
PPM1F	0.03886889	0.03217547	0.034759358288770054	0.3935049	0.525	3.608238	14.83609	1
RSPH14	0.008333028	0.00849032	0.009122365523749607	-1.0186341e-10	0.0	-6.4246416	12.668689	1
PCAT14	0.042532664	0.04321407	0.04561182761874803	0.0064378204	0.016666666666666666	-2.7279541	10.571686	1
LRP5L	0.004179858	0.0042587635	0.004718464926077383	-1.0186341e-10	0.0	-5.4458485	6.9307404	1
MYO18B	0.255726	0.2581244	0.25432525951557095	0.12863585	0.23333333333333334	-1.0042114	6.6979485	1
TPST2	0.114652924	0.11161348	0.12016357345077068	0.27568117	0.43333333333333335	1.3037206	5.7081356	1
GAS2L1	0.047711555	0.044993736	0.048757470902799624	0.19171575	0.31666666666666665	2.0887222	6.1688285	1
MTFP1	0.5264355	0.5299504	0.46303869141239384	0.34025496	0.475	-0.6390894	5.7006135	1
TCN2	0.015968742	0.013736597	0.015256369927650204	0.13423584	0.225	3.2792833	5.5901756	1
YWHAH	0.5077599	0.4893612	0.4425920100660585	1.4825951	0.9916666666666667	1.5989556	43.37635	1
SLC5A4-AS1	0.0032501833	0.0033115423	0.003617489776659327	-1.0186341e-10	0.0	-5.092354	5.4505568	1
FBXO7	0.3099629	0.30664575	0.3037118590751809	0.48571128	0.6916666666666667	0.66335267	5.572423	1
TIMP3	0.8540578	0.83640707	0.6250393205410506	1.7892842	0.9666666666666667	1.0970136	34.84414	1
RASD2	0.010905822	0.011111673	0.012425290972003775	-1.0186341e-10	0.0	-6.8088593	17.017532	1
RBFOX2	0.47449175	0.47082236	0.412865681031771	0.6689353	0.7666666666666667	0.50659317	5.149173	1
MYH9	0.44713902	0.43561503	0.393048128342246	1.0577257	0.9166666666666666	1.2796451	22.438774	1
FO393418.1	0.005561772	0.0056667593	0.005819440075495438	-1.0186341e-10	0.0	-5.8496904	8.215284	1
CDC42EP1	0.039645176	0.035847597	0.039792387543252594	0.24084929	0.4	2.7447622	9.762085	1
LGALS1	0.12599397	0.110840335	0.09578483799937088	0.9288787	0.7333333333333333	3.0658617	19.465828	1
TRIOBP	0.48524433	0.4774144	0.43614344133375277	0.9001075	0.925	0.9147134	18.903128	1
H1F0	0.6889559	0.69278735	0.5346020761245674	0.48598647	0.6416666666666667	-0.5114079	5.653379	1
SLC16A8	0.0042653615	0.004345881	0.004718464926077383	-1.0186341e-10	0.0	-5.4743986	6.7767043	1
MAFF	0.019279568	0.01538393	0.01620006291286568	0.2256835	0.36666666666666664	3.8660965	9.515012	1
TMEM184B	0.08613722	0.082385816	0.08980811575967285	0.2848872	0.44166666666666665	1.788679	8.116892	1
CSNK1E	0.42367738	0.4183492	0.39273356401384085	0.7060077	0.775	0.75483584	8.821961	1
JOSD1	0.112648234	0.109739654	0.11654608367411136	0.2667408	0.43333333333333335	1.2805802	5.81053	1
APOBEC3D	0.009402175	0.009579646	0.010223340673167663	-1.0186341e-10	0.0	-6.596884	13.897262	1
PDGFB	0.017527739	0.012296363	0.013211701793016672	0.29470378	0.425	4.5717664	12.261956	1
SYNGR1	0.5141017	0.51863974	0.4641396665618119	0.27370986	0.45	-0.9218367	11.620817	1
CACNA1I	0.0056868773	0.0057942257	0.005976722239698019	-1.0186341e-10	0.0	-5.881232	8.327731	1
SGSM3	0.14993598	0.14723036	0.1558666247247562	0.29327887	0.48333333333333334	0.99371016	5.1087117	1
AL022238.2	0.0068846247	0.0070145796	0.007234979553318654	-1.0186341e-10	0.0	-6.152708	10.436751	1
TOB2	0.13970245	0.1360182	0.14391318024536018	0.33489588	0.525	1.2992833	7.834874	1
AL023553.1	0.0046769534	0.004765241	0.0050330292544825414	-1.0186341e-10	0.0	-5.6044407	7.4639597	1
SREBF2-AS1	0.009460284	0.0096388515	0.009908776344762504	-1.0186341e-10	0.0	-6.6056814	13.445325	1
SHISA8	0.003094296	0.0031527127	0.0034602076124567475	-1.0186341e-10	0.0	-5.023573	5.3007097	1
SEPTIN3	0.0050260657	0.0051209424	0.0053475935828877	-1.0186341e-10	0.0	-5.7062397	7.9515862	1
AL021878.2	0.0028075394	0.002860544	0.003302925448254168	-1.0186341e-10	0.0	-4.887792	5.1596837	1
LINC01315	0.01816377	0.018506605	0.020603963510537907	-1.0186341e-10	0.0	-7.5396724	27.977865	1
Z93241.1	0.00461513	0.004702251	0.0053475935828877	-1.0186341e-10	0.0	-5.5856404	7.855541	1
CYB5R3	0.709992	0.70346314	0.5855614973262032	1.055924	0.9083333333333333	0.5858909	12.117309	1
TSPO	0.19572942	0.18743852	0.19015413652091853	0.63500017	0.7083333333333334	1.7597972	16.014875	1
EFCAB6	0.0033357178	0.003398691	0.004089336269267065	-1.0186341e-10	0.0	-5.128745	6.0404677	1
SHISAL1	0.003610295	0.0036784506	0.0037747719408619063	-1.0186341e-10	0.0	-5.2397246	5.5269127	1
LINC00207	0.004783237	0.00487353	0.0053475935828877	-1.0186341e-10	0.0	-5.6361995	7.614042	1
ARHGAP8	0.012054216	0.012281741	0.013526266121421831	-1.0186341e-10	0.0	-6.9520717	18.005724	1
AL078622.1	0.0032876167	0.003349682	0.004089336269267065	-1.0186341e-10	0.0	-5.108393	6.0688696	1
Z98885.3	0.0039030293	0.0039767106	0.0042466184334696445	-1.0186341e-10	0.0	-5.349335	6.2756295	1
CRELD2	0.06060673	0.05691608	0.06228373702422145	0.25615487	0.39166666666666666	2.1681385	8.041084	1
PIM3	0.18372113	0.18068075	0.1804026423403586	0.34479877	0.525	0.9319318	5.1229606	1
KLHDC7B	0.014335443	0.014606024	0.016042780748663103	-1.0186341e-10	0.0	-7.200265	21.67138	1
SHANK3	0.020560306	0.016080063	0.017615602390688895	0.25793794	0.39166666666666666	3.995294	10.722588	1
IL3RA	0.013819865	0.006531731	0.007392261717521233	0.39996943	0.5416666666666666	5.914721	17.459332	1
CD99	1.0819864	1.0596632	0.758414595784838	2.2647533	1.0	1.0956757	44.25141	1
BX890604.2	0.2686579	0.2648604	0.2623466498899025	0.46985397	0.675	0.8267428	6.9287224	1
ANOS1	0.025001146	0.025472885	0.026895250078641082	-1.0186341e-10	0.0	-7.9984727	36.004982	1
MSL3	0.11366669	0.10994282	0.11607423718150361	0.31095892	0.4583333333333333	1.4991227	7.290928	1
TMSB4X	0.74588025	0.67815775	0.49292230261088393	4.3340306	1.0	2.675837	44.25141	1
CLTRN	0.018680185	0.019032769	0.021075810003145644	-1.0186341e-10	0.0	-7.579903	28.269392	1
AP1S2	0.5542999	0.5500715	0.4833280905945266	0.7783552	0.8416666666666667	0.5007326	6.010006	1
SCML1	0.06949275	0.06676189	0.07250707769738912	0.21418817	0.3333333333333333	1.6802962	5.4914823	1
RPS6KA3	0.10515549	0.10224274	0.10994023277760302	0.25947002	0.4083333333333333	1.3427149	5.895315	1
PTCHD1	0.055250533	0.05263785	0.05709342560553633	0.19368586	0.2916666666666667	1.8775526	5.1145406	1
ACOT9	0.13614997	0.13226962	0.1407675369613086	0.341733	0.5166666666666667	1.3687196	7.9318647	1
DMD	0.42415106	0.42806968	0.37967914438502676	0.21659844	0.30833333333333335	-0.9824939	8.316354	1
DYNLT3	0.18974327	0.18621328	0.19015413652091853	0.37676057	0.5666666666666667	1.0163003	6.5963473	1
DDX3X	0.47435018	0.46892533	0.4259201006605851	0.7617859	0.8333333333333334	0.69990927	9.065849	1
DIPK2B	0.006421079	0.00035049857	0.00031456432840515884	0.32806078	0.5083333333333333	9.508664	15.801735	1
TIMP1	0.95678955	0.944799	0.694086190625983	1.5920882	1.0	0.7527788	30.766497	1
UXT-AS1	0.0059716236	0.0060843467	0.006605850896508336	-1.0186341e-10	0.0	-5.9505506	8.909381	1
AF196972.1	0.00297294	0.0030290664	0.0034602076124567475	-1.0186341e-10	0.0	-4.967662	5.1237817	1
EBP	0.14933063	0.1457165	0.15162000629128658	0.34080815	0.5083333333333333	1.225229	6.9289784	1
RBM3	0.2830034	0.2775731	0.2708398867568418	0.5707129	0.7083333333333334	1.0396307	10.100271	1
KCND1	0.008277689	0.008433936	0.009279647687952187	-1.0186341e-10	0.0	-6.415141	12.589131	1
PLP2	0.3231466	0.31140098	0.30213903743315507	0.94546837	0.8666666666666667	1.6019452	23.49498	1
SHROOM4	0.023622459	0.021345746	0.023120478137779177	0.14424528	0.24166666666666667	2.7507606	5.425121	1
MSN	0.27974805	0.2606023	0.2588864422774457	1.2941515	0.9916666666666667	2.3116431	44.25141	1
YIPF6	0.37235895	0.3686097	0.3571877949040579	0.5710337	0.75	0.6313433	6.128538	1
FTX	0.4419277	0.43706918	0.3752752437873545	0.69938415	0.7416666666666667	0.67809975	6.618817	1
MAGT1	0.2851967	0.28135154	0.2805913809374017	0.48891407	0.675	0.7969895	6.8182197	1
CYSLTR1	0.0066645336	0.0010438606	0.0012582573136206354	0.3044667	0.4166666666666667	8.056704	12.291508	1
ITM2A	0.17576554	0.16970779	0.16624724756212644	0.4967139	0.5666666666666667	1.5488029	9.000737	1
SH3BGRL	0.5749277	0.5682717	0.49716892104435356	0.92759216	0.925	0.7068114	13.315414	1
CHM	0.16268127	0.15976349	0.1651462724127084	0.31726196	0.48333333333333334	0.98928875	5.078943	1
DIAPH2	0.11545879	0.10935677	0.11277131173324945	0.43875346	0.575	2.0033782	13.156574	1
SYTL4	0.024336498	0.021528907	0.0221767851525637	0.17308697	0.2833333333333333	3.0012977	6.6637125	1
GLA	0.028233388	0.025319923	0.027996225228059137	0.18259318	0.2833333333333333	2.8453913	6.472607	1
AC234775.3	0.004421006	0.0045044627	0.0053475935828877	-1.0186341e-10	0.0	-5.5249624	7.8828616	1
BEX2	0.5498597	0.5555741	0.4609940232777603	0.2471627	0.35833333333333334	-1.1681945	14.279688	1
TMSB15B-1	0.008157512	0.008311491	0.009279647687952187	-1.0186341e-10	0.0	-6.3942914	12.852364	1
ZCCHC18	0.0038036595	0.003875465	0.004403900597672224	-1.0186341e-10	0.0	-5.313053	6.5219183	1
PWWP3B	0.29995185	0.30258688	0.2952186222082416	0.16032267	0.275	-0.91594815	6.506863	1
PSMD10	0.21606614	0.21022251	0.21358917898710286	0.52567	0.6583333333333333	1.3218286	10.973692	1
ATG4A	0.047977578	0.045551606	0.04954388172381252	0.17651907	0.3	1.9519036	5.6981454	1
PLS3	0.3932453	0.38891706	0.36174897766593267	0.62259054	0.775	0.678682	7.549693	1
LINC01285	0.004428472	0.0045120697	0.004718464926077383	-1.0186341e-10	0.0	-5.5273438	7.1421657	1
UBE2A	0.26324475	0.25907394	0.2590437244416483	0.48422056	0.6666666666666666	0.9020416	7.910869	1
SOWAHD	0.002948539	0.0030042047	0.003302925448254168	-1.0186341e-10	0.0	-4.9561534	5.0178514	1
LAMP2	0.33593568	0.33156008	0.32227115445108523	0.56780404	0.7416666666666667	0.77594185	7.5624924	1
MCTS1	0.35930407	0.35480645	0.3433469644542309	0.59762174	0.775	0.7520353	8.476033	1
XIAP	0.31858414	0.31394017	0.3065429380308273	0.5646352	0.7583333333333333	0.8466256	9.403708	1
APLN	0.036155257	0.01726058	0.017458320226486315	1.0372568	0.8	5.9009533	27.605627	1
MIR503HG	0.023167724	0.020739986	0.02233406731676628	0.15179224	0.25833333333333336	2.865622	6.2034373	1
FGF13	0.38542858	0.38926694	0.35608681975463985	0.18212278	0.31666666666666665	-1.095427	11.4351015	1
ATP11C	0.12674534	0.123383336	0.12724127083988676	0.3048635	0.4666666666666667	1.3043202	6.6873007	1
SOX3	0.0057915905	0.0059009157	0.0062912865681031774	-1.0186341e-10	0.0	-5.907112	9.141918	1
IDS	0.37906584	0.37139028	0.3516829191569676	0.78576285	0.8333333333333334	1.0809531	15.262072	1
GABRE	0.01066221	0.005328737	0.005190311418685121	0.29324764	0.425	5.755851	11.944786	1
PNMA6A	0.029970825	0.030456198	0.03302925448254168	0.0042473595	0.008333333333333333	-2.8132539	6.928365	1
HAUS7	0.0035265142	0.0035930886	0.003932054105064486	-1.0186341e-10	0.0	-5.2067575	5.5240316	1
BGN	0.011691259	0.0082479315	0.008807801195344448	0.19413075	0.25833333333333336	4.5402093	7.0046844	1
DUSP9	0.005223426	0.005322028	0.005976722239698019	-1.0186341e-10	0.0	-5.760762	8.747295	1
PNCK	0.14497542	0.14692926	0.12802768166089964	0.04143454	0.08333333333333333	-1.8237197	11.617874	1
SLC6A8	0.19396687	0.19618253	0.18213274614658698	0.07655487	0.13333333333333333	-1.3564824	7.683739	1
BCAP31	0.5090261	0.4983818	0.4556464296948726	1.073008	0.95	1.1061826	26.610231	1
PDZD4	0.0034602867	0.003525611	0.0034602076124567475	-1.0186341e-10	0.0	-5.180154	5.0467386	1
NAA10	0.34707612	0.34079152	0.3298206983328091	0.68007344	0.7916666666666666	0.99659	12.429658	1
FLNA	0.2716304	0.26113516	0.24331550802139038	0.82770234	0.8666666666666667	1.6639373	22.690435	1
ATP6AP1	0.3321693	0.32495466	0.31770997168921045	0.7144408	0.8	1.1363342	14.329715	1
FUNDC2	0.97486764	0.9806899	0.7102862535388487	0.66640514	0.775	-0.557328	11.093626	1
CMC4	0.63210547	0.636512	0.5195029883611199	0.39867595	0.6	-0.6748359	9.303791	1
MTCP1	0.05601776	0.05686447	0.060239068889587924	0.011164465	0.025	-2.3382835	8.818468	1
RAB39B	0.06604178	0.0670913	0.0740798993394149	0.010443233	0.025	-2.6719573	13.294017	1
AC006157.1	0.008934099	0.009102736	0.009279647687952187	-1.0186341e-10	0.0	-6.5239925	12.790931	1
NLGN4Y	0.026983058	0.024720559	0.026423403586033345	0.14685266	0.24166666666666667	2.565744	5.1903405	1
MT-ND3	1.897616	1.8801644	0.8955646429694872	2.8222213	1.0	0.58594656	33.974796	1
MT-CYB	2.304858	2.28281	0.9369298521547657	3.4730232	1.0	0.60535955	44.25141	1
