	gene	expression_1	expression_2	log2FC	-log10 p-val	significant
6	AL627309.5	0.0	0.014505041	7.190323	34.414154	1
14	LINC01409	0.0	0.028951738	8.182481	44.55244	1
17	LINC00115	0.0	0.0106693385	6.750786	25.265553	1
18	FAM41C	0.0	0.006691467	6.0856514	17.001926	1
20	AL645608.2	0.0	0.0033140625	5.0934176	7.936134	1
22	LINC02593	0.0	0.024251437	7.927863	44.55244	1
23	SAMD11	0.0	0.12480424	10.286607	44.55244	1
25	KLHL17	0.0	0.01643857	7.3696904	38.20651	1
28	AL645608.7	0.0	0.011825389	6.8978925	28.59565	1
36	C1orf159	0.0	0.025795223	8.016542	44.55244	1
42	TNFRSF18	0.0	0.0031003584	5.0001616	7.9012947	1
43	TNFRSF4	0.0	0.0032489945	5.065656	7.935	1
46	C1QTNF12	0.0	0.017254265	7.4391465	38.08252	1
48	UBE2J2	0.0	0.21061414	11.041072	44.55244	1
50	SCNN1D	0.0	0.0021757623	4.508278	5.7921233	1
57	DVL1	0.0	0.04615566	8.853486	44.55244	1
58	MXRA8	0.0	0.17363775	10.762695	44.55244	1
61	MRPL20-AS1	0.0	0.030282222	8.247084	44.55244	1
63	AL391244.2	0.0	0.002674405	4.7941065	6.876708	1
68	VWA1	0.0	0.043200392	8.758236	44.55244	1
69	ATAD3C	0.0	0.0027198335	4.8175383	6.5924864	1
70	ATAD3B	0.0	0.031231398	8.291466	44.55244	1
72	TMEM240	0.0	0.04807495	8.912139	44.55244	1
74	AL645728.1	0.0	0.0136485	7.1031303	31.93051	1
75	FNDC10	0.0	0.03994183	8.645364	44.55244	1
76	AL691432.4	0.0	0.0018989836	4.3211946	5.6265087	1
77	AL691432.2	0.0	0.035470545	8.47454	44.55244	1
79	MMP23B	0.0	0.06287799	9.298704	44.55244	1
80	CDK11B	0.0	0.15364687	10.586341	44.55244	1
81	FO704657.1	0.0	0.0028822406	4.898325	7.778664	1
82	SLC35E2B	0.0	0.09849178	9.945324	44.55244	1
83	CDK11A	0.0	0.13051899	10.351149	44.55244	1
89	TMEM52	0.0	0.001973329	4.373877	5.112759	1
94	PRKCZ	0.0	0.0036010013	5.2098436	8.949768	1
96	PRKCZ-AS1	0.0	0.0052516726	5.741918	11.968111	1
100	AL590822.3	0.0	0.0047071776	5.587118	12.430396	1
103	AL513477.2	0.0	0.0030260882	4.9662867	7.498806	1
105	PEX10	0.0	0.059199754	9.211883	44.55244	1
109	PANK4	0.0	0.032207362	8.335719	44.55244	1
110	HES5	0.0	0.0062700827	5.9932404	12.863671	1
111	AL139246.5	0.0	0.012037995	6.9233866	29.387466	1
113	TNFRSF14	0.0	0.0074375747	6.2360287	19.225725	1
115	PRXL2B	0.0	0.049475934	8.953496	44.55244	1
118	TTC34	0.0	0.003632642	5.2221255	9.323818	1
127	PRDM16	0.0	0.0049920734	5.6701813	10.911308	1
132	ARHGEF16	0.0	0.017424837	7.453257	41.47872	1
134	MEGF6	0.0	0.020588031	7.6926527	44.55244	1
137	WRAP73	0.0	0.06286007	9.298293	44.55244	1
142	SMIM1	0.0	0.055863846	9.128351	44.55244	1
143	LRRC47	0.0	0.10657357	10.058987	44.55244	1
146	DFFB	0.0	0.024952441	7.968807	44.55244	1
168	KCNAB2	0.0	0.008863128	6.4859304	20.798279	1
172	RNF207	0.0	0.011607254	6.8712587	28.197826	1
173	ICMT	0.0	0.09623019	9.911844	44.55244	1
178	AL031848.2	0.0	0.0030808502	4.9913406	7.9763308	1
182	TNFRSF25	0.0	0.027302675	8.098173	44.55244	1
183	PLEKHG5	0.0	0.034075122	8.416802	44.55244	1
184	NOL9	0.0	0.100640714	9.976431	44.55244	1
186	ZBTB48	0.0	0.03374507	8.4028015	44.55244	1
188	PHF13	0.0	0.0908495	9.828922	44.55244	1
204	PER3	0.0	0.027051887	8.0849085	44.55244	1
209	AL034417.4	0.0	0.0023146023	4.5937138	6.0502124	1
215	SLC45A1	0.0	0.0044985246	5.523099	11.482293	1
224	GPR157	0.0	0.015473584	7.282957	37.52311	1
225	MIR34AHG	0.0	0.015003105	7.2387013	35.704647	1
226	LNCTAM34A	0.0	0.0065813973	6.062078	15.338455	1
227	H6PD	0.0	0.10896381	10.090957	44.55244	1
228	SPSB1	0.0	0.03432863	8.427465	44.55244	1
230	LINC02606	0.0	0.008154108	6.3670406	19.56528	1
232	SLC25A33	0.0	0.08881996	9.796364	44.55244	1
233	TMEM201	0.0	0.027546216	8.110938	44.55244	1
234	PIK3CD	0.0	0.003409381	5.133145	9.209509	1
236	PIK3CD-AS2	0.0	0.039348338	8.62382	44.55244	1
243	NMNAT1	0.0	0.06300731	9.301663	44.55244	1
245	RBP7	0.0	0.033145063	8.376996	44.55244	1
246	UBE4B	0.0	0.1191316	10.219551	44.55244	1
248	AL139424.3	0.0	0.0039801826	5.3505616	10.153552	1
249	AL139424.2	0.0	0.003006121	4.957042	7.82708	1
252	CENPS	0.0	0.049714502	8.9604225	44.55244	1
253	CORT	0.0	0.00906707	6.5183887	22.198542	1
256	PEX14	0.0	0.032091882	8.330553	44.55244	1
263	AL109811.2	0.0	0.04566304	8.838039	44.55244	1
265	EXOSC10	0.0	0.1581889	10.628345	44.55244	1
267	EXOSC10-AS1	0.0	0.0034889646	5.165496	9.105043	1
271	UBIAD1	0.0	0.04673313	8.871386	44.55244	1
277	FBXO2	0.0	0.00558851	5.829979	13.654016	1
279	FBXO6	0.0	0.017952684	7.4960694	41.86136	1
282	AGTRAP	0.0	0.11975917	10.227124	44.55244	1
283	C1orf167	0.0	0.0020305405	4.4131474	5.2282243	1
286	CLCN6	0.0	0.04488151	8.813189	44.55244	1
289	AL021155.5	0.0	0.0054694633	5.7994666	12.754595	1
293	MFN2	0.0	0.072080776	9.495471	44.55244	1
294	MIIP	0.0	0.06605222	9.369646	44.55244	1
298	VPS13D	0.0	0.08536763	9.739234	44.55244	1
336	PDPN	0.0	0.0022316808	4.5432982	5.4010406	1
338	PRDM2	0.0	0.28240746	11.464073	44.55244	1
342	AL031293.1	0.0	0.0025561578	4.731269	5.8305798	1
344	TMEM51	0.0	0.018740559	7.557698	43.29717	1
354	CASP9	0.0	0.017312698	7.443996	40.731255	1
357	AGMAT	0.0	0.00498772	5.668947	13.43343	1
359	DDI2	0.0	0.07618276	9.575213	44.55244	1
364	SLC25A34	0.0	0.0048648147	5.633668	11.989551	1
368	UQCRHL	0.0	0.024814798	7.9608593	44.55244	1
378	EPHA2	0.0	0.012414252	6.967428	29.46191	1
382	ARHGEF19	0.0	0.006712371	6.090085	16.192743	1
383	AL109627.1	0.0	0.0030061705	4.957065	7.930194	1
384	CPLANE2	0.0	0.003964952	5.345166	9.53114	1
387	SPATA21	0.0	0.0029701476	4.940236	7.065814	1
389	LINC01772	0.0	0.010196484	6.686008	24.844368	1
390	AL137802.2	0.0	0.007960322	6.3327656	18.764587	1
393	NBPF1	0.0	0.054074634	9.081474	44.55244	1
398	CROCC	0.0	0.07013414	9.456029	44.55244	1
401	BX284668.5	0.0	0.013711455	7.1097217	33.40667	1
417	ARHGEF10L	0.0	0.031395826	8.299017	44.55244	1
428	ALDH4A1	0.0	0.012393767	6.9650645	30.355675	1
432	EMC1-AS1	0.0	0.010670424	6.7509313	24.4652	1
434	MRTO4	0.0	0.2324291	11.183195	44.55244	1
437	SLC66A1	0.0	0.03882522	8.604562	44.55244	1
441	NBL1	0.0	0.06554116	9.358458	44.55244	1
443	TMCO4	0.0	0.019517405	7.6159906	44.55244	1
448	PLA2G2A	0.0	0.0033675677	5.1158524	9.117305	1
449	PLA2G5	0.0	0.0033011646	5.087957	9.424281	1
454	UBXN10-AS1	0.0	0.0026992843	4.8069863	6.770998	1
466	FAM43B	0.0	0.023391275	7.8759813	44.55244	1
467	CDA	0.0	0.10227408	9.999635	44.55244	1
468	PINK1	0.0	0.22489722	11.135692	44.55244	1
469	PINK1-AS	0.0	0.0058069904	5.8843513	13.498029	1
471	KIF17	0.0	0.0018397307	4.2777843	5.157037	1
481	NBPF3	0.0	0.021038042	7.723698	44.55244	1
482	ALPL	0.0	0.0030333812	4.9696484	9.513922	1
484	RAP1GAP	0.0	0.0022621427	4.562024	5.4055147	1
486	LDLRAD2	0.0	0.001808082	4.254051	5.123229	1
494	CDC42-IT1	0.0	0.008474443	6.421971	19.9115	1
495	WNT4	0.0	0.0022287574	4.5414886	5.1883883	1
497	ZBTB40	0.0	0.063917994	9.322333	44.55244	1
503	EPHB2	0.0	0.020398943	7.6794057	42.899227	1
515	ZNF436-AS1	0.0	0.016847806	7.404955	38.271557	1
517	TCEA3	0.0	0.02448624	7.9417076	44.55244	1
518	ASAP3	0.0	0.044313364	8.79485	44.55244	1
519	E2F2	0.0	0.004878701	5.6376977	12.495893	1
525	ELOA-AS1	0.0	0.020472154	7.684549	44.55244	1
528	LYPLA2	0.0	0.21615098	11.078491	44.55244	1
529	GALE	0.0	0.085143335	9.735443	44.55244	1
530	HMGCL	0.0	0.0821513	9.683895	44.55244	1
531	FUCA1	0.0	0.069158755	9.435853	44.55244	1
544	STPG1	0.0	0.016943699	7.4130945	39.551945	1
545	NIPAL3	0.0	0.035711113	8.484263	44.55244	1
547	RCAN3	0.0	0.037592676	8.558141	44.55244	1
560	AL031432.4	0.0	0.0061310297	5.9613986	14.549395	1
567	MACO1	0.0	0.20561229	11.0064125	44.55244	1
568	LDLRAP1	0.0	0.018224565	7.5176353	44.55244	1
570	MAN1C1	0.0	0.007247829	6.199246	17.621778	1
572	SELENON	0.0	0.102852345	10.007761	44.55244	1
573	AL020996.1	0.0	0.00417185	5.416789	10.446035	1
574	MTFR1L	0.0	0.1424899	10.477656	44.55244	1
576	AUNIP	0.0	0.0063602664	6.0135217	15.966126	1
580	PAFAH2	0.0	0.026892195	8.076399	44.55244	1
581	EXTL1	0.0	0.002048855	4.425496	5.4989624	1
585	PDIK1L	0.0	0.04467961	8.806698	44.55244	1
586	FAM110D	0.0	0.03083601	8.273144	44.55244	1
592	CEP85	0.0	0.01716272	7.431516	40.156937	1
594	UBXN11	0.0	0.028100377	8.13957	44.55244	1
595	CD52	0.0	0.0031316027	5.014178	8.504535	1
602	RPS6KA1	0.0	0.020082712	7.656976	44.55244	1
605	PIGV	0.0	0.01658017	7.38199	39.13677	1
606	ZDHHC18	0.0	0.051831827	9.020475	44.55244	1
608	GPN2	0.0	0.06064164	9.246542	44.55244	1
614	TRNP1	0.0	0.0055833957	5.8286815	13.801284	1
616	SLC9A1	0.0	0.054925565	9.103958	44.55244	1
620	SYTL1	0.0	0.0056306915	5.840637	12.579713	1
621	MAP3K6	0.0	0.016658999	7.388792	40.68397	1
624	GPR3	0.0	0.0028237586	4.8697524	6.761358	1
627	BX293535.1	0.0	0.0023382648	4.607783	5.879387	1
628	AHDC1	0.0	0.18184225	10.829265	44.55244	1
631	IFI6	0.0	0.121489674	10.247805	44.55244	1
634	FAM76A	0.0	0.08107289	9.664854	44.55244	1
635	STX12	0.0	0.19171475	10.905498	44.55244	1
636	AL020997.2	0.0	0.0020203404	4.4062243	5.090437	1
639	PPP1R8	0.0	0.13000731	10.345487	44.55244	1
640	THEMIS2	0.0	0.0016551933	4.1335583	5.07009	1
644	XKR8	0.0	0.05067182	8.9878845	44.55244	1
645	EYA3	0.0	0.06927892	9.438354	44.55244	1
649	AL353622.1	0.0	0.0034527755	5.1508746	8.142586	1
652	MED18	0.0	0.036298383	8.5077305	44.55244	1
655	SNHG3	0.0	0.18217415	10.831894	44.55244	1
656	TRNAU1AP	0.0	0.13765474	10.427886	44.55244	1
659	RAB42	0.0	0.031615976	8.309066	44.55244	1
661	AL360012.1	0.0	0.002130904	4.4795566	5.7238564	1
664	OPRD1	0.0	0.0029906023	4.949816	7.5933	1
667	TMEM200B	0.0	0.011175031	6.8169875	27.174717	1
670	MECR	0.0	0.08481674	9.729905	44.55244	1
672	PTPRU	0.0	0.010469017	6.723697	26.1373	1
681	MATN1-AS1	0.0	0.0025975697	4.753588	6.4134607	1
683	LAPTM5	0.0	0.009733614	6.61965	23.09678	1
693	FABP3	0.0	0.03424889	8.42412	44.55244	1
694	SERINC2	0.0	0.08270289	9.693538	44.55244	1
697	TINAGL1	0.0	0.038915183	8.607892	44.55244	1
705	SPOCD1	0.0	0.0019192932	4.3357787	5.6945767	1
707	AL136115.2	0.0	0.0022466897	4.552555	5.9453907	1
712	AL445248.1	0.0	0.0063341353	6.007674	15.425589	1
718	AL049795.1	0.0	0.002058348	4.4318557	5.722689	1
719	IQCC	0.0	0.008598984	6.4427752	20.018505	1
721	TMEM234	0.0	0.054478973	9.092201	44.55244	1
723	FAM167B	0.0	0.0034797913	5.1618037	8.222583	1
728	TSSK3	0.0	0.004914423	5.6480117	11.650533	1
729	FAM229A	0.0	0.024937669	7.9679565	44.55244	1
731	ZBTB8B	0.0	0.010998343	6.7942004	24.22649	1
737	KIAA1522	0.0	0.0069422196	6.1379585	16.67294	1
740	FNDC5	0.0	0.022733696	7.8350205	44.55244	1
741	HPCA	0.0	0.003522148	5.178774	8.355503	1
748	TRIM62	0.0	0.013342203	7.070626	31.018345	1
753	AL513327.1	0.0	0.0042969384	5.4584274	10.715688	1
756	ZSCAN20	0.0	0.009352039	6.5625534	23.568277	1
767	GJA4	0.0	0.1754112	10.777348	44.55244	1
770	TMEM35B	0.0	0.19501022	10.930074	44.55244	1
778	NCDN	0.0	0.0472533	8.887321	44.55244	1
779	AC004865.2	0.0	0.0024927307	4.6964006	7.414248	1
780	TFAP2E	0.0	0.0018695168	4.29977	5.775997	1
782	C1orf216	0.0	0.064796835	9.342005	44.55244	1
787	AL139286.3	0.0	0.004193783	5.424177	10.397497	1
793	COL8A2	0.0	0.003436837	5.144388	7.859429	1
797	SH3D21	0.0	0.03168689	8.312288	44.55244	1
799	AL591845.1	0.0	0.004123876	5.4004955	10.926742	1
800	STK40	0.0	0.15169717	10.567929	44.55244	1
801	LSM10	0.0	0.29392937	11.521745	44.55244	1
802	OSCP1	0.0	0.022053909	7.7914176	44.55244	1
808	GRIK3	0.0	0.0043376856	5.4717355	10.112516	1
811	LINC01137	0.0	0.017753253	7.480043	44.251408	1
812	ZC3H12A	0.0	0.011706731	6.883466	28.690166	1
814	SNIP1	0.0	0.09262914	9.856879	44.55244	1
815	DNALI1	0.0	0.07628733	9.577189	44.55244	1
822	MANEAL	0.0	0.004351439	5.4761996	10.783244	1
828	INPP5B	0.0	0.06328213	9.307933	44.55244	1
829	SF3A3	0.0	0.25875124	11.337908	44.55244	1
832	POU3F1	0.0	0.06025277	9.237276	44.55244	1
841	AL139260.1	0.0	0.014588501	7.1985435	35.505238	1
843	GJA9	0.0	0.0048151086	5.6191516	11.513859	1
844	RHBDL2	0.0	0.005069745	5.6920214	13.247124	1
848	AL356055.1	0.0	0.0018961545	4.3191514	5.0031905	1
851	BMP8A	0.0	0.0023205483	4.597262	6.299904	1
865	TRIT1	0.0	0.06339234	9.310439	44.55244	1
868	MFSD2A	0.0	0.002223749	4.5383825	5.983922	1
873	AL050341.2	0.0	0.033011854	8.371204	44.55244	1
875	COL9A2	0.0	0.014708111	7.2102437	29.514431	1
876	SMAP2	0.0	0.21892443	11.096876	44.55244	1
878	ZFP69B	0.0	0.029629359	8.215745	44.55244	1
879	AL031985.3	0.0	0.008550417	6.4346976	20.88468	1
880	ZFP69	0.0	0.008242644	6.382433	19.210285	1
881	AL603839.3	0.0	0.0019826996	4.380383	5.2381105	1
885	ZNF684	0.0	0.030410035	8.25314	44.55244	1
887	RIMS3	0.0	0.004233779	5.4375534	9.832304	1
890	NFYC-AS1	0.0	0.013370009	7.073607	31.676392	1
892	KCNQ4	0.0	0.0066645816	6.079929	16.77926	1
893	CITED4	0.0	0.031051109	8.283139	44.55244	1
896	CTPS1	0.0	0.10481006	10.034937	44.55244	1
897	SLFNL1-AS1	0.0	0.0033592447	5.1123853	8.374788	1
900	AC093151.8	0.0	0.008354333	6.401619	21.269547	1
902	FOXO6	0.0	0.00354879	5.1893463	8.200679	1
905	HIVEP3	0.0	0.024070343	7.917094	44.55244	1
916	CCDC30	0.0	0.027972506	8.133014	44.55244	1
923	C1orf50	0.0	0.13659519	10.416747	44.55244	1
927	ERMAP	0.0	0.028401254	8.1548815	44.55244	1
928	AL512353.1	0.0	0.006416517	6.026029	16.090662	1
929	ZNF691	0.0	0.019790703	7.6359506	44.55244	1
931	SLC2A1-AS1	0.0	0.0022929918	4.580744	5.0143857	1
938	TIE1	0.0	0.009856291	6.6375365	24.13157	1
946	SZT2	0.0	0.07211527	9.4961605	44.55244	1
952	KDM4A-AS1	0.0	0.03698536	8.534706	44.55244	1
953	ST3GAL3	0.0	0.060693316	9.247769	44.55244	1
955	ARTN	0.0	0.01115938	6.814984	24.253126	1
959	DPH2	0.0	0.024510525	7.9431314	44.55244	1
961	B4GALT2	0.0	0.0847446	9.728679	44.55244	1
962	CCDC24	0.0	0.0072749285	6.204557	16.550367	1
963	SLC6A9	0.0	0.030486984	8.256774	44.55244	1
964	AL139220.2	0.0	0.007182513	6.186364	16.667688	1
970	RNF220	0.0	0.11509127	10.169816	44.55244	1
971	TMEM53	0.0	0.053491015	9.065847	44.55244	1
972	ARMH1	0.0	0.0031502068	5.0224595	8.227805	1
977	PLK3	0.0	0.05569651	9.124031	44.55244	1
979	BTBD19	0.0	0.028549526	8.162368	44.55244	1
980	PTCH2	0.0	0.0029105435	4.911952	7.194886	1
982	HECTD3	0.0	0.040586203	8.668396	44.55244	1
984	ZSWIM5	0.0	0.0042515066	5.443443	9.731338	1
987	MUTYH	0.0	0.032810353	8.362398	44.55244	1
988	TOE1	0.0	0.05397356	9.078779	44.55244	1
989	TESK2	0.0	0.024064468	7.9167433	44.55244	1
991	MMACHC	0.0	0.02127675	7.7398987	44.55244	1
995	CCDC17	0.0	0.0023875209	4.6366367	5.97617	1
996	GPBP1L1	0.0	0.18958202	10.889367	44.55244	1
997	TMEM69	0.0	0.086773925	9.762779	44.55244	1
998	IPP	0.0	0.091045275	9.832025	44.55244	1
999	AL604028.1	0.0	0.005919878	5.9116626	13.935867	1
1000	MAST2	0.0	0.047669955	8.89996	44.55244	1
1006	POMGNT1	0.0	0.09918259	9.955397	44.55244	1
1007	LURAP1	0.0	0.012226739	6.9456472	28.515627	1
1008	RAD54L	0.0	0.007168801	6.1836457	18.963644	1
1011	NSUN4	0.0	0.05689182	9.154612	44.55244	1
1012	FAAH	0.0	0.002628666	4.770124	6.703224	1
1018	MKNK1	0.0	0.04369772	8.774712	44.55244	1
1019	MOB3C	0.0	0.033667177	8.399478	44.55244	1
1026	CYP4X1	0.0	0.036365274	8.51038	44.55244	1
1032	TAL1	0.0	0.0028563023	4.885722	7.405019	1
1041	TRABD2B	0.0	0.0057378695	5.86737	13.040265	1
1064	FAF1	0.0	0.10616897	10.053505	44.55244	1
1071	TTC39A	0.0	0.0033643048	5.1144943	8.630933	1
1076	OSBPL9	0.0	0.36145112	11.8199835	44.55244	1
1078	AL050343.2	0.0	0.0049453033	5.656869	12.8789625	1
1080	RAB3B	0.0	0.010665577	6.750282	24.427467	1
1082	KTI12	0.0	0.03834856	8.586786	44.55244	1
1090	ORC1	0.0	0.0070068706	6.1511426	18.564943	1
1091	PRPF38A	0.0	0.3186357	11.6381445	44.55244	1
1097	ZYG11B	0.0	0.2224316	11.119795	44.55244	1
1100	ECHDC2	0.0	0.019704776	7.6297045	44.55244	1
1107	AL606760.2	0.0	0.0022981912	4.5838747	5.7010655	1
1111	AL606760.1	0.0	0.005983748	5.9268885	15.171188	1
1122	NDC1	0.0	0.024199089	7.9247584	44.55244	1
1123	YIPF1	0.0	0.08729428	9.771395	44.55244	1
1125	HSPB11	0.0	0.21833795	11.093008	44.55244	1
1126	LRRC42	0.0	0.12631987	10.304008	44.55244	1
1129	TCEANC2	0.0	0.03117899	8.28905	44.55244	1
1132	CYB5RL	0.0	0.025157884	7.98059	44.55244	1
1133	MRPL37	0.0	0.14865786	10.538751	44.55244	1
1140	ACOT11	0.0	0.034284383	8.42561	44.55244	1
1143	MROH7	0.0	0.004405983	5.4937696	10.701757	1
1144	TTC4	0.0	0.08776644	9.779168	44.55244	1
1145	PARS2	0.0	0.010874897	6.778064	26.875484	1
1152	DHCR24-DT	0.0	0.002469002	4.683136	6.1264596	1
1164	AC119674.1	0.0	0.0029025977	4.908139	7.213467	1
1166	PLPP3	0.0	0.15601479	10.608392	44.55244	1
1167	PRKAA2	0.0	0.0062458157	5.987734	13.650792	1
1173	DAB1	0.0	0.0065356847	6.0521736	15.065067	1
1177	OMA1	0.0	0.043799426	8.778058	44.55244	1
1186	LINC02777	0.0	0.0020301268	4.4128675	5.3525414	1
1190	AC093425.1	0.0	0.0019143972	4.3322763	5.075091	1
1192	FGGY	0.0	0.032016158	8.327156	44.55244	1
1194	HOOK1	0.0	0.0054481	5.793922	11.945169	1
1201	NFIA-AS2	0.0	0.0041210353	5.399525	9.577406	1
1206	AC099791.2	0.0	0.0052942373	5.753347	12.641387	1
1207	PATJ	0.0	0.016853422	7.4054327	39.62995	1
1208	L1TD1	0.0	0.035135183	8.460873	44.55244	1
1209	KANK4	0.0	0.024274051	7.929202	44.55244	1
1212	ANGPTL3	0.0	0.003058945	4.981371	7.941712	1
1214	ATG4C	0.0	0.03323527	8.380906	44.55244	1
1225	ALG6	0.0	0.03770822	8.562556	44.55244	1
1228	EFCAB7	0.0	0.0400891	8.6506605	44.55244	1
1229	DLEU2L	0.0	0.010867974	6.7771535	25.869179	1
1232	ROR1-AS1	0.0	0.0037595634	5.2703657	9.691178	1
1235	CACHD1	0.0	0.07706364	9.591778	44.55244	1
1236	RAVER2	0.0	0.031057728	8.283446	44.55244	1
1238	LINC01359	0.0	0.0052868007	5.7513566	13.138689	1
1244	LEPR	0.0	0.016229277	7.351317	39.65228	1
1247	PDE4B	0.0	0.016171204	7.346177	35.090553	1
1251	TCTEX1D1	0.0	0.008190142	6.373325	21.739773	1
1253	WDR78	0.0	0.024267705	7.928827	44.55244	1
1256	SLC35D1	0.0	0.04010607	8.65127	44.55244	1
1263	GADD45A	0.0	0.17167415	10.746297	44.55244	1
1265	GNG12-AS1	0.0	0.0042153094	5.431392	10.189896	1
1266	DIRAS3	0.0	0.007563819	6.2599916	17.604065	1
1268	RPE65	0.0	0.0023613302	4.6213665	6.9790807	1
1279	LRRC7	0.0	0.018779019	7.56064	41.460773	1
1288	CTH	0.0	0.0045941425	5.5527897	10.721898	1
1292	PTGER3	0.0	0.0364341	8.5131	44.55244	1
1297	ZRANB2-AS2	0.0	0.010905305	6.7820554	25.536325	1
1298	NEGR1	0.0	0.01588806	7.320851	34.242443	1
1309	FPGT	0.0	0.026378999	8.048705	44.55244	1
1317	CRYZ	0.0	0.055650778	9.1228485	44.55244	1
1318	TYW3	0.0	0.20719972	11.017503	44.55244	1
1324	SLC44A5	0.0	0.0061047715	5.955306	13.751127	1
1326	RABGGTB	0.0	0.15563008	10.604832	44.55244	1
1331	ST6GALNAC3	0.0	0.08035694	9.652073	44.55244	1
1332	AC104458.1	0.0	0.0022648796	4.563695	6.044856	1
1334	ST6GALNAC5	0.0	0.004180951	5.4198594	9.023832	1
1336	PIGK	0.0	0.07702853	9.591121	44.55244	1
1343	MIGA1	0.0	0.13423532	10.3916235	44.55244	1
1344	NEXN-AS1	0.0	0.0062377653	5.9859023	14.8410425	1
1345	NEXN	0.0	0.10150018	9.9886875	44.55244	1
1349	AC103591.3	0.0	0.0019896484	4.3851886	5.719013	1
1352	PTGFR	0.0	0.018897476	7.569664	35.707417	1
1353	IFI44L	0.0	0.042797696	8.744757	44.55244	1
1354	IFI44	0.0	0.07985115	9.642975	44.55244	1
1377	TTLL7-IT1	0.0	0.0031904713	5.0402226	8.697831	1
1381	SAMD13	0.0	0.017761903	7.480742	39.98613	1
1384	RPF1	0.0	0.12732829	10.31547	44.55244	1
1386	SPATA1	0.0	0.009824616	6.6329393	23.535929	1
1387	CTBS	0.0	0.12934285	10.3380995	44.55244	1
1391	SSX2IP	0.0	0.06736	9.397888	44.55244	1
1395	WDR63	0.0	0.008785692	6.473412	22.251238	1
1396	MCOLN3	0.0	0.012162322	6.9380884	28.992752	1
1397	SYDE2	0.0	0.05053456	8.983978	44.55244	1
1400	AL078459.1	0.0	0.0073653483	6.2221375	18.091711	1
1401	DDAH1	0.0	0.03877686	8.602768	44.55244	1
1403	AC092807.3	0.0	0.010802506	6.768516	26.401003	1
1404	AC092807.2	0.0	0.0022474932	4.553049	5.9684367	1
1407	ZNHIT6	0.0	0.2659846	11.377669	44.55244	1
1408	COL24A1	0.0	0.037872896	8.568827	44.55244	1
1409	LINC02795	0.0	0.0033429097	5.1055565	8.784489	1
1415	AL049597.2	0.0	0.005438869	5.7915196	14.169714	1
1421	LINC01140	0.0	0.00188601	4.311801	5.1384416	1
1425	PKN2-AS1	0.0	0.002717375	4.81628	6.746729	1
1429	KYAT3	0.0	0.1312536	10.35924	44.55244	1
1430	RBMXL1	0.0	0.07230237	9.499893	44.55244	1
1431	GBP3	0.0	0.054629043	9.096163	44.55244	1
1432	GBP1	0.0	0.0826065	9.691857	44.55244	1
1445	LRRC8C	0.0	0.02111354	7.7288413	44.55244	1
1447	AC099568.2	0.0	0.0026366573	4.774343	6.583065	1
1448	LRRC8D	0.0	0.041207034	8.690244	44.55244	1
1457	LINC02609	0.0	0.0066547873	6.0778384	17.11039	1
1462	HFM1	0.0	0.013533718	7.0910354	31.33539	1
1463	CDC7	0.0	0.071010254	9.473914	44.55244	1
1466	EPHX4	0.0	0.0027108244	4.8129215	6.9435506	1
1468	BTBD8	0.0	0.028939296	8.181863	44.55244	1
1474	EVI5	0.0	0.2656555	11.375884	44.55244	1
1476	DIPK1A	0.0	0.01844751	7.535082	44.55244	1
1480	CCDC18	0.0	0.05356548	9.067851	44.55244	1
1495	ABCD3	0.0	0.14179616	10.47062	44.55244	1
1498	SLC44A3	0.0	0.007880806	6.3184624	17.438747	1
1499	CNN3	0.0	1.0686575	13.383647	44.55244	1
1500	AC105942.1	0.0	0.025739804	8.013452	44.55244	1
1501	ALG14	0.0	0.0726003	9.505817	44.55244	1
1503	TLCD4	0.0	0.0038980988	5.3212423	8.562213	1
1505	AC092802.1	0.0	0.0030753817	4.988858	7.797804	1
1518	DPYD	0.0	0.017421992	7.453023	39.225555	1
1522	MIR137HG	0.0	0.0029072373	4.910367	7.3135405	1
1526	SNX7	0.0	0.16397218	10.680115	44.55244	1
1527	PLPPR5	0.0	0.0042938148	5.457402	9.236469	1
1529	PLPPR4	0.0	0.0019830654	4.380636	5.4202247	1
1531	PALMD	0.0	0.019345718	7.6033087	44.55244	1
1532	FRRS1	0.0	0.012282974	6.9522142	30.301256	1
1534	AC118553.1	0.0	0.002131207	4.4797525	5.54031	1
1536	MFSD14A	0.0	0.14651786	10.517845	44.55244	1
1539	TRMT13	0.0	0.13084717	10.35477	44.55244	1
1540	LRRC39	0.0	0.01580412	7.3132567	39.632885	1
1546	CDC14A	0.0	0.03357124	8.395373	44.55244	1
1551	VCAM1	0.0	0.12066896	10.238034	44.55244	1
1554	SLC30A7	0.0	0.15341485	10.584163	44.55244	1
1555	DPH5	0.0	0.1348111	10.397794	44.55244	1
1559	S1PR1	0.0	0.008629336	6.4478	20.868547	1
1562	OLFM3	0.0	0.04784879	8.905351	44.55244	1
1569	AMY2B	0.0	0.0026942845	4.804407	6.839601	1
1579	PRMT6	0.0	0.052359223	9.035053	44.55244	1
1580	NTNG1	0.0	0.030297957	8.24783	44.55244	1
1581	VAV3	0.0	0.13143046	10.361181	44.55244	1
1585	AL359258.2	0.0	0.007329386	6.2151713	18.027029	1
1590	FAM102B	0.0	0.07517048	9.555941	44.55244	1
1591	HENMT1	0.0	0.021411402	7.7489576	44.55244	1
1596	STXBP3	0.0	0.1521587	10.5723095	44.55244	1
1597	AKNAD1	0.0	0.004001268	5.357998	9.877058	1
1600	CLCC1	0.0	0.089153886	9.801771	44.55244	1
1601	WDR47	0.0	0.059662215	9.22309	44.55244	1
1602	TAF13	0.0	0.08312405	9.700857	44.55244	1
1603	AL356488.3	0.0	0.014029871	7.1426044	34.770535	1
1604	TMEM167B	0.0	0.113755286	10.152986	44.55244	1
1607	KIAA1324	0.0	0.0044823796	5.518025	11.190169	1
1609	CELSR2	0.0	0.012452084	6.971783	28.147274	1
1614	SYPL2	0.0	0.0037740355	5.2757654	10.1733	1
1616	CYB561D1	0.0	0.017106283	7.4267917	39.864395	1
1617	AMIGO1	0.0	0.00475901	5.6025906	10.922027	1
1623	AMPD2	0.0	0.06607276	9.370093	44.55244	1
1636	CSF1	0.0	0.07277645	9.509309	44.55244	1
1638	STRIP1	0.0	0.067358375	9.397854	44.55244	1
1639	AL160006.1	0.0	0.00989889	6.643696	22.79317	1
1640	ALX3	0.0	0.0035822024	5.202497	9.401151	1
1647	KCNC4	0.0	0.0066280295	6.072112	17.65868	1
1650	LAMTOR5-AS1	0.0	0.0066673616	6.0805216	16.639734	1
1651	SLC16A4	0.0	0.0407876	8.67552	44.55244	1
1652	AL355488.1	0.0	0.015648117	7.2990355	37.238117	1
1663	AL360270.2	0.0	0.0035753374	5.199805	8.9409275	1
1664	AL360270.1	0.0	0.004223566	5.4341497	10.930973	1
1666	AL360270.3	0.0	0.002567568	4.7374535	6.533265	1
1668	CEPT1	0.0	0.09012849	9.817439	44.55244	1
1675	PIFO	0.0	0.0081274975	6.362382	20.282902	1
1677	AL390195.2	0.0	0.007769149	6.2981358	18.710106	1
1681	C1orf162	0.0	0.00345262	5.1508117	8.981607	1
1686	INKA2	0.0	0.009236757	6.5448494	21.863062	1
1690	KCND3	0.0	0.0029452785	4.9285026	8.02473	1
1695	CTTNBP2NL	0.0	0.23833172	11.21936	44.55244	1
1696	WNT2B	0.0	0.022005543	7.7882643	44.55244	1
1698	ST7L	0.0	0.06987071	9.450607	44.55244	1
1700	MOV10	0.0	0.06078948	9.25005	44.55244	1
1703	PPM1J	0.0	0.00403833	5.370977	9.882203	1
1707	LINC01357	0.0	0.0038831986	5.3158555	10.917173	1
1714	PHTF1	0.0	0.06657918	9.381093	44.55244	1
1718	AP4B1-AS1	0.0	0.0026682594	4.7909074	7.088367	1
1719	BCL2L15	0.0	0.0025243154	4.713869	6.228981	1
1720	AP4B1	0.0	0.023231486	7.8661346	44.55244	1
1721	DCLRE1B	0.0	0.032970678	8.369409	44.55244	1
1722	HIPK1-AS1	0.0	0.0024383436	4.6658154	6.5412016	1
1726	SYT6	0.0	0.03990443	8.644016	44.55244	1
1730	DENND2C	0.0	0.036895193	8.531194	44.55244	1
1737	TSPAN2	0.0	0.032906376	8.366601	44.55244	1
1739	AL049825.1	0.0	0.001898744	4.321022	5.200568	1
1741	NGF	0.0	0.06575011	9.363042	44.55244	1
1747	SLC22A15	0.0	0.025444608	7.996875	44.55244	1
1753	ATP1A1-AS1	0.0	0.014023465	7.14195	31.106997	1
1759	IGSF3	0.0	0.050648637	8.987226	44.55244	1
1764	CD101	0.0	0.0030264936	4.9664736	7.864974	1
1767	TRIM45	0.0	0.0135172345	7.08929	32.361027	1
1775	WDR3	0.0	0.11120488	10.120301	44.55244	1
1776	SPAG17	0.0	0.008807445	6.4769397	20.451658	1
1778	TBX15	0.0	0.006293989	5.9986444	17.3823	1
1783	WARS2-AS1	0.0	0.022880504	7.8442664	44.55244	1
1790	LINC00622	0.0	0.030348448	8.250225	44.55244	1
1791	ZNF697	0.0	0.11292881	10.142475	44.55244	1
1792	PHGDH	0.0	0.39586526	11.951159	44.55244	1
1800	NBPF26	0.0	0.036905468	8.531594	44.55244	1
1801	AC253572.2	0.0	0.002543515	4.7243857	6.8073273	1
1803	LINC00623	0.0	0.13372989	10.386185	44.55244	1
1816	AC239800.2	0.0	0.0028749325	4.894785	7.106854	1
1817	LINC02591	0.0	0.037440915	8.5523205	44.55244	1
1834	NBPF20	0.0	0.0132842325	7.0643907	32.23426	1
1836	GPR89A	0.0	0.018120877	7.5094485	42.836437	1
1837	PDZK1	0.0	0.002896945	4.905421	7.048588	1
1838	CD160	0.0	0.008935487	6.4975305	21.91944	1
1843	ANKRD35	0.0	0.010948092	6.7876534	24.111965	1
1844	ITGA10	0.0	0.032873448	8.365161	44.55244	1
1846	PEX11B	0.0	0.060907688	9.252848	44.55244	1
1848	LIX1L-AS1	0.0	0.020062981	7.6555653	44.55244	1
1849	LIX1L	0.0	0.2211053	11.111171	44.55244	1
1850	ANKRD34A	0.0	0.0031690889	5.030817	7.965089	1
1855	AC239799.2	0.0	0.004522639	5.530645	11.428541	1
1856	LINC01719	0.0	0.0050118556	5.675775	11.99901	1
1857	NBPF10	0.0	0.05107737	8.999362	44.55244	1
1859	AC239799.1	0.0	0.0022519685	4.555797	5.9691453	1
1861	AC245407.2	0.0	0.03445843	8.432894	44.55244	1
1862	NBPF12	0.0	0.020372728	7.6775594	44.55244	1
1865	AC242426.2	0.0	0.031308442	8.295009	44.55244	1
1866	FMO5	0.0	0.0057725147	5.8759065	14.52786	1
1867	CHD1L	0.0	0.010822883	6.7712097	25.977688	1
1868	LINC00624	0.0	0.008391324	6.4079175	20.147472	1
1869	BCL9	0.0	0.116277754	10.1846	44.55244	1
1872	GJA5	0.0	0.011808744	6.8958774	28.071955	1
1876	GPR89B	0.0	0.014752014	7.2145147	35.830696	1
1879	NBPF11	0.0	0.03256543	8.351621	44.55244	1
1881	AC239809.3	0.0	0.002270201	4.5669374	5.602858	1
1883	LINC01138	0.0	0.027408628	8.103741	44.55244	1
1890	NUDT4B	0.0	0.0039447583	5.3379817	9.905746	1
1891	PDE4DIP	0.0	0.07654701	9.582086	44.55244	1
1896	AC245297.3	0.0	0.18607734	10.862462	44.55244	1
1897	AC245297.2	0.0	0.01246951	6.9737844	29.302835	1
1898	NOTCH2NLC	0.0	0.039521962	8.6301565	44.55244	1
1909	HIST2H2AA4	0.0	0.0046861204	5.580785	12.052707	1
1911	HIST2H4B	0.0	0.0017518277	4.210878	5.0780916	1
1912	AC239868.1	0.0	0.0058486457	5.8944893	13.592374	1
1913	HIST2H2BE	0.0	0.025660982	8.009044	44.55244	1
1915	HIST2H2AB	0.0	0.0052431826	5.7396274	13.7360325	1
1916	BOLA1	0.0	0.05463584	9.096342	44.55244	1
1917	SV2A	0.0	0.049494695	8.954042	44.55244	1
1919	MTMR11	0.0	0.02111149	7.728702	44.55244	1
1921	AC244033.2	0.0	0.018110925	7.5086603	43.17223	1
1922	VPS45	0.0	0.1112005	10.120244	44.55244	1
1927	CA14	0.0	0.0039492673	5.339589	8.797216	1
1933	RPRD2	0.0	0.18382046	10.844866	44.55244	1
1936	FALEC	0.0	0.0032174569	5.052006	7.9111433	1
1938	ADAMTSL4	0.0	0.005624773	5.8391466	13.849271	1
1939	ADAMTSL4-AS1	0.0	0.0066649215	6.0800014	16.972334	1
1942	GOLPH3L	0.0	0.046683405	8.869853	44.55244	1
1944	CTSS	0.0	0.004424477	5.499679	11.057657	1
1945	CTSK	0.0	0.01558852	7.2935658	36.119236	1
1948	SETDB1	0.0	0.08852163	9.791515	44.55244	1
1949	CERS2	0.0	0.16027634	10.647245	44.55244	1
1953	MINDY1	0.0	0.024164855	7.9227247	44.55244	1
1954	PRUNE1	0.0	0.049803764	8.963005	44.55244	1
1955	BNIPL	0.0	0.0021381276	4.4842205	5.663385	1
1956	C1orf56	0.0	0.08324847	9.703012	44.55244	1
1957	CDC42SE1	0.0	0.23384058	11.191927	44.55244	1
1959	GABPB2	0.0	0.05341641	9.063838	44.55244	1
1963	SCNM1	0.0	0.12916228	10.336085	44.55244	1
1964	LYSMD1	0.0	0.023829618	7.9026537	44.55244	1
1969	ZNF687-AS1	0.0	0.0050207255	5.6782765	12.726776	1
1971	PI4KB	0.0	0.09552721	9.901278	44.55244	1
1975	AL391069.2	0.0	0.02046801	7.6842585	44.55244	1
1976	SELENBP1	0.0	0.083442956	9.706374	44.55244	1
1980	TUFT1	0.0	0.0040185237	5.3640556	10.583807	1
1989	OAZ3	0.0	0.007537993	6.2551217	18.630558	1
1993	TDRKH	0.0	0.007594387	6.2657347	18.637856	1
2069	S100A3	0.0	0.0056729433	5.851235	14.6481905	1
2070	S100A2	0.0	0.0020153	4.4027905	5.39181	1
2072	S100A16	0.0	0.03433074	8.427553	44.55244	1
2074	S100A13	0.0	0.5755274	12.49092	44.55244	1
2076	AL162258.2	0.0	0.0035886103	5.2050056	9.334357	1
2078	SNAPIN	0.0	0.1935109	10.918944	44.55244	1
2080	NPR1	0.0	0.043639828	8.772804	44.55244	1
2084	SLC27A3	0.0	0.16053618	10.649581	44.55244	1
2086	AL358472.5	0.0	0.002928113	4.920347	7.591795	1
2087	DENND4B	0.0	0.044288274	8.794035	44.55244	1
2090	AL358472.4	0.0	0.0051975814	5.727262	12.6428995	1
2091	AL358472.3	0.0	0.0019230793	4.338481	5.129351	1
2092	CREB3L4	0.0	0.02502127	7.9727654	44.55244	1
2094	AL358472.2	0.0	0.0052155643	5.732151	12.111748	1
2104	ATP8B2	0.0	0.07504463	9.553526	44.55244	1
2107	SHE	0.0	0.0058066905	5.8842783	13.744156	1
2117	KCNN3	0.0	0.025835134	8.0187645	44.55244	1
2121	PYGO2	0.0	0.054136418	9.083118	44.55244	1
2127	ZBTB7B	0.0	0.019032195	7.579859	44.55244	1
2130	DCST1-AS1	0.0	0.0029654764	4.9380393	7.1882405	1
2131	ADAM15	0.0	0.022719366	7.834115	44.55244	1
2132	EFNA4	0.0	0.0755958	9.56407	44.55244	1
2133	EFNA3	0.0	0.01724626	7.438481	35.105274	1
2134	EFNA1	0.0	0.012628659	6.9919367	29.010338	1
2135	SLC50A1	0.0	0.09732923	9.928211	44.55244	1
2138	TRIM46	0.0	0.016225226	7.3509593	37.488174	1
2139	MUC1	0.0	0.002312965	4.5927353	5.942731	1
2140	AC234582.1	0.0	0.0025968843	4.7532215	7.1418295	1
2141	THBS3	0.0	0.026924366	8.078117	44.55244	1
2144	GBA	0.0	0.0404492	8.663529	44.55244	1
2146	SCAMP3	0.0	0.089220926	9.802855	44.55244	1
2147	CLK2	0.0	0.06273648	9.295459	44.55244	1
2148	HCN3	0.0	0.0137803415	7.1168995	32.25532	1
2151	RUSC1-AS1	0.0	0.00740694	6.230153	16.939924	1
2152	RUSC1	0.0	0.107306354	10.068864	44.55244	1
2155	ASH1L-AS1	0.0	0.015503615	7.2857366	36.283257	1
2157	MSTO1	0.0	0.044333752	8.795512	44.55244	1
2165	KHDC4	0.0	0.14306915	10.483505	44.55244	1
2172	UBQLN4	0.0	0.07400534	9.533434	44.55244	1
2178	SLC25A44	0.0	0.037706573	8.562493	44.55244	1
2180	BGLAP	0.0	0.05209005	9.027631	44.55244	1
2181	PAQR6	0.0	0.007149375	6.179785	17.03442	1
2182	SMG5	0.0	0.04242703	8.732236	44.55244	1
2183	TMEM79	0.0	0.011249256	6.826454	26.792921	1
2190	C1orf61	0.0	0.0022457673	4.551988	6.280198	1
2197	AL365181.4	0.0	0.0073521496	6.219585	16.973656	1
2198	HAPLN2	0.0	0.010285187	6.6983833	24.134161	1
2208	ISG20L2	0.0	0.1259488	10.299767	44.55244	1
2219	ARHGEF11	0.0	0.08911494	9.801142	44.55244	1
2221	ETV3	0.0	0.08227635	9.686087	44.55244	1
2280	IGSF9	0.0	0.004208279	5.4290395	10.01543	1
2284	PIGM	0.0	0.08708524	9.7679405	44.55244	1
2288	ATP1A2	0.0	0.009362974	6.564222	21.758726	1
2294	AL139011.1	0.0	0.00418949	5.4227343	9.775395	1
2295	PEX19	0.0	0.11015067	10.106572	44.55244	1
2298	NHLH1	0.0	0.0019332803	4.345737	5.258635	1
2313	F11R	0.0	0.011501186	6.8581285	26.11047	1
2315	USF1	0.0	0.037114065	8.539704	44.55244	1
2319	KLHDC9	0.0	0.008185031	6.372435	18.664307	1
2321	NIT1	0.0	0.07306	9.514912	44.55244	1
2325	USP21	0.0	0.026960786	8.08006	44.55244	1
2326	PPOX	0.0	0.04409684	8.7878	44.55244	1
2327	B4GALT3	0.0	0.098513015	9.945634	44.55244	1
2328	ADAMTS4	0.0	0.0136588	7.104211	32.12176	1
2330	FCER1G	0.0	0.006038356	5.93978	16.731749	1
2332	TOMM40L	0.0	0.017614543	7.4687905	42.21002	1
2335	MPZ	0.0	0.006709053	6.089382	17.086401	1
2339	AL592295.5	0.0	0.01716404	7.4316263	39.200615	1
2342	FCGR2A	0.0	0.041261345	8.69214	44.55244	1
2343	HSPA6	0.0	0.0037859664	5.2802014	9.647067	1
2350	FCRLB	0.0	0.01601821	7.3325477	37.588634	1
2351	DUSP12	0.0	0.12626874	10.303424	44.55244	1
2354	OLFML2B	0.0	0.054020744	9.080038	44.55244	1
2356	NOS1AP	0.0	0.0051347674	5.7100534	12.48343	1
2367	HSD17B7	0.0	0.040521067	8.666084	44.55244	1
2369	RGS4	0.0	0.03347382	8.391193	44.55244	1
2372	AL592435.1	0.0	0.013382227	7.074915	31.919106	1
2376	AL391001.1	0.0	0.0032507034	5.066392	7.9890585	1
2377	AL357568.1	0.0	0.0019951877	4.3890076	5.1915255	1
2378	AL357568.2	0.0	0.024526149	7.9440475	44.55244	1
2387	ALDH9A1	0.0	0.22706038	11.149495	44.55244	1
2392	AL358115.1	0.0	0.0029181968	4.915615	7.196283	1
2399	POGK	0.0	0.11488395	10.167217	44.55244	1
2400	TADA1	0.0	0.02540273	7.994508	44.55244	1
2409	AL136984.1	0.0	0.003982163	5.3512616	10.14522	1
2416	RCSD1	0.0	0.057145543	9.161019	44.55244	1
2425	TBX19	0.0	0.0052453633	5.7402163	12.621652	1
2440	BLZF1	0.0	0.09498331	9.893048	44.55244	1
2441	CCDC181	0.0	0.022144163	7.797283	44.55244	1
2442	SLC19A2	0.0	0.01512159	7.249975	35.971893	1
2443	Z99572.1	0.0	0.006759432	6.100017	15.461886	1
2446	C1orf112	0.0	0.018580597	7.545397	44.55244	1
2450	METTL18	0.0	0.05398079	9.078973	44.55244	1
2451	SCYL3	0.0	0.03437345	8.429342	44.55244	1
2462	Z97200.1	0.0	0.0073771044	6.2244077	17.689087	1
2469	FMO4	0.0	0.007264381	6.202492	18.055857	1
2473	VAMP4	0.0	0.05102351	8.997843	44.55244	1
2474	EEF1AKNMT	0.0	0.0536201	9.069319	44.55244	1
2475	DNM3	0.0	0.032372586	8.343079	44.55244	1
2478	AL137157.1	0.0	0.0034080467	5.132596	7.7507505	1
2479	PIGC	0.0	0.19248931	10.911312	44.55244	1
2485	TNFSF18	0.0	0.011460405	6.8530483	27.454054	1
2487	TNFSF4	0.0	0.0073850863	6.225947	19.279648	1
2488	AL645568.1	0.0	0.021510284	7.755574	44.55244	1
2492	ANKRD45	0.0	0.0045049163	5.525103	11.927544	1
2496	DARS2	0.0	0.031834923	8.318992	44.55244	1
2499	ZBTB37	0.0	0.1247874	10.286412	44.55244	1
2501	RC3H1	0.0	0.17657231	10.78686	44.55244	1
2502	RC3H1-IT1	0.0	0.0071589355	6.181686	17.726795	1
2505	RABGAP1L	0.0	0.09519996	9.896332	44.55244	1
2507	RABGAP1L-IT1	0.0	0.0018166611	4.2605233	5.1627026	1
2509	Z99127.4	0.0	0.018392172	7.530771	43.77429	1
2512	TNN	0.0	0.012697977	6.999772	31.061972	1
2513	KIAA0040	0.0	0.02566872	8.009477	44.55244	1
2520	COP1	0.0	0.11976097	10.227146	44.55244	1
2523	PAPPA2	0.0	0.0030888128	4.9949474	6.229595	1
2525	ASTN1	0.0	0.0043040714	5.460766	10.078462	1
2530	SEC16B	0.0	0.0055705635	5.8254204	13.861799	1
2531	RASAL2-AS1	0.0	0.004288592	5.455686	10.458561	1
2536	C1orf220	0.0	0.018254714	7.520007	39.818264	1
2537	AL137796.1	0.0	0.004625019	5.562248	9.958463	1
2540	ANGPTL1	0.0	0.078196876	9.612811	44.55244	1
2542	TOR3A	0.0	0.057166703	9.161552	44.55244	1
2544	SOAT1	0.0	0.078267194	9.614106	44.55244	1
2555	AL353708.3	0.0	0.0023952972	4.64114	6.1104393	1
2562	LHX4	0.0	0.011051468	6.80109	25.723505	1
2568	AL162431.1	0.0	0.003142134	5.018872	8.127627	1
2569	KIAA1614-AS1	0.0	0.0038832051	5.315858	10.024141	1
2571	MR1	0.0	0.0045847376	5.5498962	11.787524	1
2572	IER5	0.0	0.06791172	9.409639	44.55244	1
2588	RNASEL	0.0	0.028414814	8.155568	44.55244	1
2589	RGS16	0.0	0.24821268	11.277943	44.55244	1
2590	LINC01686	0.0	0.0038872117	5.3173084	10.218149	1
2593	NPL	0.0	0.02621967	8.039998	44.55244	1
2594	AL355999.1	0.0	0.0035105937	5.1741643	8.539129	1
2605	NCF2	0.0	0.004594514	5.552904	11.054579	1
2611	COLGALT2	0.0	0.033601668	8.396676	44.55244	1
2621	NIBAN1	0.0	0.10022111	9.970409	44.55244	1
2624	TRMT1L	0.0	0.07584148	9.568745	44.55244	1
2625	SWT1	0.0	0.040508498	8.665638	44.55244	1
2637	AL096803.2	0.0	0.017634878	7.4704456	40.985886	1
2640	PTGS2	0.0	0.013099201	7.0443068	29.344568	1
2647	AL691515.1	0.0	0.0053331316	5.763712	11.705881	1
2670	RGS2	0.0	0.15534994	10.602235	44.55244	1
2673	GLRX2	0.0	0.107333906	10.069234	44.55244	1
2675	B3GALT2	0.0	0.009247637	6.54653	18.926651	1
2685	KCNT2	0.0	0.023731748	7.896741	44.55244	1
2697	DENND1B	0.0	0.055135664	9.109456	44.55244	1
2699	C1orf53	0.0	0.03439782	8.430362	44.55244	1
2700	LHX9	0.0	0.006960144	6.141626	12.994797	1
2701	NEK7	0.0	0.12538703	10.293323	44.55244	1
2724	INAVA	0.0	0.01898599	7.5763702	43.70734	1
2725	KIF21B	0.0	0.093605936	9.871997	44.55244	1
2726	AL358473.1	0.0	0.0057478817	5.869842	13.757674	1
2728	CACNA1S	0.0	0.0022401086	4.5485034	5.5499783	1
2729	ASCL5	0.0	0.0024186124	4.654557	6.5256557	1
2730	TMEM9	0.0	0.19476601	10.928267	44.55244	1
2740	CSRP1	0.0	0.20682184	11.014871	44.55244	1
2744	IPO9-AS1	0.0	0.010596408	6.7409825	24.70407	1
2745	AL645504.1	0.0	0.0023446775	4.6115723	6.4602523	1
2747	SHISA4	0.0	0.034261737	8.42466	44.55244	1
2749	LMOD1	0.0	0.0049611754	5.6614003	12.349218	1
2752	ELF3-AS1	0.0	0.015038569	7.242085	35.8863	1
2760	PPP1R12B	0.0	0.06276911	9.296207	44.55244	1
2761	SYT2	0.0	0.0033789305	5.120572	8.327765	1
2768	KLHL12	0.0	0.038492493	8.592176	44.55244	1
2769	ADIPOR1	0.0	0.12927057	10.337294	44.55244	1
2770	CYB5R1	0.0	0.079777695	9.641649	44.55244	1
2772	PPFIA4	0.0	0.01140907	6.8466277	24.84621	1
2774	ADORA1	0.0	0.004791508	5.6122074	11.41815	1
2783	FMOD	0.0	0.0029416594	4.926787	6.80238	1
2786	ATP2B4	0.0	0.16982932	10.73072	44.55244	1
2788	ZC3H11A	0.0	0.0067861294	6.1056213	16.17034	1
2789	ZBED6	0.0	0.011681503	6.8803797	28.429882	1
2794	SOX13	0.0	0.036224134	8.504785	44.55244	1
2796	ETNK2	0.0	0.03870948	8.6002655	44.55244	1
2798	REN	0.0	0.051213305	9.003189	44.55244	1
2801	PLEKHA6	0.0	0.027145008	8.0898485	44.55244	1
2806	PIK3C2B	0.0	0.023963025	7.910674	44.55244	1
2809	LRRN2	0.0	0.026688252	8.065456	44.55244	1
2813	NFASC	0.0	0.006909082	6.1311536	15.488079	1
2815	TMEM81	0.0	0.0033754264	5.119118	8.285492	1
2816	RBBP5	0.0	0.084029675	9.716471	44.55244	1
2818	TMCC2	0.0	0.006839674	6.116796	15.841029	1
2820	NUAK2	0.0	0.0024817262	4.690264	7.142087	1
2826	CDK18	0.0	0.03346838	8.39096	44.55244	1
2827	MFSD4A	0.0	0.004396751	5.490811	10.870286	1
2829	SLC45A3	0.0	0.0053886347	5.7783756	13.7743635	1
2833	SLC41A1	0.0	0.06577808	9.363655	44.55244	1
2838	RAB7B	0.0	0.022912836	7.846295	44.55244	1
2845	FAM72A	0.0	0.004310357	5.4628234	11.988991	1
2847	IKBKE	0.0	0.047058508	8.881374	44.55244	1
2849	AC244034.2	0.0	0.0021136596	4.4683614	5.7877035	1
2850	RASSF5	0.0	0.011227656	6.8237057	27.210442	1
2851	EIF2D	0.0	0.13011031	10.346628	44.55244	1
2852	AL591846.2	0.0	0.0057054195	5.8593283	13.050109	1
2853	DYRK3	0.0	0.08073637	9.658861	44.55244	1
2854	MAPKAPK2	0.0	0.18026555	10.816709	44.55244	1
2855	IL10	0.0	0.0026245404	4.767941	7.127138	1
2856	IL19	0.0	0.0017416528	4.202929	5.1044564	1
2865	C4BPB	0.0	0.0040902966	5.3889804	10.746138	1
2878	MIR29B2CHG	0.0	0.011711461	6.8840437	25.45724	1
2879	CD34	0.0	0.015170366	7.254591	34.80688	1
2882	PLXNA2	0.0	0.06759484	9.402902	44.55244	1
2896	CAMK1G	0.0	0.028549891	8.162386	44.55244	1
2900	HSD11B1	0.0	0.004810007	5.617653	13.135722	1
2901	TRAF3IP3	0.0	0.0047554984	5.6015477	12.279254	1
2902	C1orf74	0.0	0.009145931	6.530747	21.6767	1
2903	IRF6	0.0	0.018061498	7.5047393	44.251408	1
2904	UTP25	0.0	0.07686097	9.587983	44.55244	1
2905	SYT14	0.0	0.01385249	7.1243787	29.537582	1
2907	SERTAD4-AS1	0.0	0.023124516	7.8595047	44.55244	1
2908	SERTAD4	0.0	0.040288016	8.6577835	44.55244	1
2909	HHAT	0.0	0.023852244	7.904017	44.55244	1
2918	LINC00467	0.0	0.07223296	9.498509	44.55244	1
2921	SLC30A1	0.0	0.011940151	6.91171	27.62292	1
2930	INTS7	0.0	0.038776714	8.602762	44.55244	1
2938	PACC1	0.0	0.0397864	8.639753	44.55244	1
2944	AC092803.1	0.0	0.006614722	6.069256	15.49936	1
2946	ATF3	0.0	0.03939224	8.625425	44.55244	1
2950	BATF3	0.0	0.005855632	5.8961825	14.683272	1
2954	FLVCR1-DT	0.0	0.010252178	6.6937904	23.959608	1
2955	FLVCR1	0.0	0.0586486	9.198411	44.55244	1
2957	VASH2	0.0	0.06937406	9.4403305	44.55244	1
2964	PROX1	0.0	0.0143025	7.1701756	31.566523	1
2970	PTPN14	0.0	0.11760083	10.200909	44.55244	1
2973	KCNK2	0.0	0.0050697373	5.692019	11.822837	1
2975	KCTD3	0.0	0.098659664	9.947778	44.55244	1
2980	ESRRG	0.0	0.014300725	7.1699977	32.67266	1
2982	SPATA17	0.0	0.008392723	6.4081554	19.872898	1
2988	RRP15	0.0	0.14142072	10.466798	44.55244	1
2994	LYPLAL1-DT	0.0	0.0025049725	4.7031965	6.274877	1
2997	AC096642.1	0.0	0.012181442	6.940336	28.851004	1
2999	LYPLAL1-AS1	0.0	0.0024639147	4.6802764	6.840348	1
3001	ZC3H11B	0.0	0.003783167	5.279162	9.565987	1
3010	MARK1	0.0	0.08156041	9.673493	44.55244	1
3012	MARC2	0.0	0.02980266	8.22413	44.55244	1
3030	AL513314.2	0.0	0.0027999594	4.8579607	7.089256	1
3032	TAF1A	0.0	0.028419226	8.155791	44.55244	1
3033	TAF1A-AS1	0.0	0.0097722085	6.625301	22.653708	1
3035	AL592148.3	0.0	0.008169382	6.3697076	20.123722	1
3041	DISP1	0.0	0.05657027	9.146448	44.55244	1
3043	TLR5	0.0	0.004714573	5.589336	11.7200775	1
3046	SUSD4	0.0	0.057580214	9.171933	44.55244	1
3050	TP53BP2	0.0	0.23852314	11.220518	44.55244	1
3053	DEGS1	0.0	0.29702285	11.536844	44.55244	1
3056	NVL	0.0	0.0928051	9.859614	44.55244	1
3059	CNIH3	0.0	0.02907931	8.188802	44.55244	1
3073	EPHX1	0.0	0.06936195	9.440079	44.55244	1
3074	AL591895.1	0.0	0.023190161	7.863577	44.55244	1
3075	TMEM63A	0.0	0.12545125	10.294061	44.55244	1
3079	LEFTY2	0.0	0.0058071325	5.884386	13.894442	1
3080	SDE2	0.0	0.10532069	10.041943	44.55244	1
3081	AL512343.2	0.0	0.0021605736	4.498617	5.247541	1
3083	LINC01703	0.0	0.0018537272	4.288157	5.115646	1
3087	LIN9	0.0	0.034181073	8.421268	44.55244	1
3090	STUM	0.0	0.00924603	6.546282	22.119152	1
3091	ITPKB	0.0	0.0600303	9.231949	44.55244	1
3095	PSEN2	0.0	0.028192779	8.14429	44.55244	1
3099	AL353689.3	0.0	0.0019706388	4.372004	5.3478866	1
3106	JMJD4	0.0	0.046427846	8.861951	44.55244	1
3120	IBA57	0.0	0.03615814	8.502161	44.55244	1
3121	OBSCN-AS1	0.0	0.015996149	7.3305717	38.05376	1
3123	AL353593.1	0.0	0.01057935	6.73868	23.926739	1
3128	TRIM11	0.0	0.0474897	8.8945055	44.55244	1
3131	TRIM17	0.0	0.00253975	4.7223296	7.159823	1
3133	HIST3H2A	0.0	0.10173604	9.992032	44.55244	1
3136	RHOU	0.0	0.08373518	9.711412	44.55244	1
3141	AL162595.1	0.0	0.00851372	6.4285645	20.554056	1
3147	NUP133	0.0	0.074010156	9.533527	44.55244	1
3150	ABCB10	0.0	0.024738925	7.956459	44.55244	1
3151	TAF5L	0.0	0.0603485	9.239563	44.55244	1
3152	URB2	0.0	0.023981284	7.9117684	44.55244	1
3168	AL118511.1	0.0	0.0018870764	4.3125753	5.283053	1
3171	TTC13	0.0	0.011399488	6.8454256	26.320559	1
3172	ARV1	0.0	0.07891874	9.626051	44.55244	1
3177	GNPAT	0.0	0.10556951	10.045343	44.55244	1
3178	EXOC8	0.0	0.030283565	8.247148	44.55244	1
3179	SPRTN	0.0	0.09043721	9.822367	44.55244	1
3181	AL445524.1	0.0	0.016744586	7.396141	40.91766	1
3184	DISC1	0.0	0.07328292	9.5193	44.55244	1
3186	DISC1-IT1	0.0	0.0019856088	4.3823967	5.771249	1
3192	MAP10	0.0	0.027135987	8.089371	44.55244	1
3195	PCNX2	0.0	0.03930357	8.622183	44.55244	1
3198	KCNK1	0.0	0.010819976	6.770826	25.652103	1
3202	SLC35F3	0.0	0.0037902743	5.2818	9.042258	1
3215	IRF2BP2	0.0	0.2888303	11.496506	44.55244	1
3227	AL391832.2	0.0	0.0032721595	5.075601	8.77324	1
3232	RBM34	0.0	0.020492949	7.6860065	44.55244	1
3235	TBCE	0.0	0.049164176	8.944395	44.55244	1
3237	TBCE-1	0.0	0.03750546	8.554798	44.55244	1
3239	GNG4	0.0	0.0021781505	4.5097914	5.8216166	1
3246	GPR137B	0.0	0.09427613	9.882278	44.55244	1
3248	EDARADD	0.0	0.006194147	5.975939	15.853603	1
3254	ACTN2	0.0	0.0037239324	5.256985	8.943817	1
3268	CHRM3	0.0	0.07028498	9.459124	44.55244	1
3269	CHRM3-AS2	0.0	0.037879806	8.569089	44.55244	1
3286	KMO	0.0	0.0019066496	4.326717	5.0586667	1
3287	OPN3	0.0	0.05299182	9.052346	44.55244	1
3294	PLD5	0.0	0.007885469	6.3193054	17.43984	1
3305	AKT3-IT1	0.0	0.003671088	5.236909	9.591422	1
3307	ZBTB18	0.0	0.020343436	7.6754937	44.55244	1
3323	AL356512.1	0.0	0.0030440881	4.97457	7.56121	1
3334	TFB2M	0.0	0.04227973	8.727231	44.55244	1
3335	CNST	0.0	0.045052934	8.818676	44.55244	1
3340	AL591848.4	0.0	0.0046208357	5.5609703	10.841928	1
3341	LINC01341	0.0	0.011905225	6.907519	28.62066	1
3343	ZNF695	0.0	0.010795705	6.767616	26.194551	1
3345	ZNF669	0.0	0.061381385	9.264006	44.55244	1
3347	C1orf229	0.0	0.0044124518	5.4958396	10.004552	1
3348	ZNF124	0.0	0.08140397	9.670727	44.55244	1
3350	AL390728.5	0.0	0.0045801215	5.5484743	11.228423	1
3351	ZNF496	0.0	0.06559004	9.359531	44.55244	1
3370	TRIM58	0.0	0.0037876382	5.2808223	10.507913	1
3405	SH3BP5L	0.0	0.031331584	8.296071	44.55244	1
3407	ZNF692	0.0	0.03554445	8.477534	44.55244	1
3409	PGBD2	0.0	0.046929676	8.877428	44.55244	1
3414	ALKAL2	0.0	0.004260069	5.446279	8.888216	1
3458	EIPR1	0.0	0.0631111	9.304034	44.55244	1
3460	TRAPPC12	0.0	0.10635258	10.055995	44.55244	1
3463	ADI1	0.0	0.32994524	11.688448	44.55244	1
3464	AC231981.1	0.0	0.0038450116	5.3019576	8.989521	1
3465	AC108488.1	0.0	0.0155608095	7.291015	36.574787	1
3466	RNASEH1	0.0	0.2054519	11.005287	44.55244	1
3467	RNASEH1-AS1	0.0	0.049152013	8.944039	44.55244	1
3468	AC108488.3	0.0	0.011638822	6.875144	27.151394	1
3481	SOX11	0.0	0.044462536	8.799687	44.55244	1
3485	SILC1	0.0	0.0029181037	4.9155707	6.79466	1
3496	RNF144A-AS1	0.0	0.017220007	7.4362955	40.526398	1
3497	RNF144A	0.0	0.09238448	9.853067	44.55244	1
3499	AC010904.2	0.0	0.0040939227	5.3902283	10.609564	1
3500	AC013460.1	0.0	0.0048721046	5.6357846	12.14238	1
3512	ID2-AS1	0.0	0.0024875996	4.6935425	6.2848716	1
3521	ITGB1BP1	0.0	0.34568906	11.755676	44.55244	1
3522	CPSF3	0.0	0.105231054	10.040715	44.55244	1
3523	IAH1	0.0	0.30197603	11.560696	44.55244	1
3526	AC073195.1	0.0	0.0047386615	5.596536	11.506068	1
3532	AC010969.2	0.0	0.026454581	8.052817	44.55244	1
3534	GRHL1	0.0	0.0053858114	5.777633	13.477702	1
3537	AC104794.3	0.0	0.023450473	7.8796124	44.55244	1
3538	KLF11	0.0	0.09534604	9.898541	44.55244	1
3544	HPCAL1	0.0	0.0106821135	6.7524962	25.552921	1
3549	RN7SL832P	0.0	0.0029918966	4.9504204	7.57237	1
3551	ATP6V1C2	0.0	0.011084823	6.8053985	26.337763	1
3552	AC092687.3	0.0	0.0034428302	5.1468306	8.597833	1
3556	KCNF1	0.0	0.0042415797	5.440148	9.942163	1
3564	AC099344.3	0.0	0.0050864387	5.6966724	12.776602	1
3573	MIR3681HG	0.0	0.005289273	5.7520185	13.018898	1
3578	AC064875.1	0.0	0.038438633	8.590161	44.55244	1
3584	LRATD1	0.0	0.008050802	6.3488703	17.986982	1
3595	MYCN	0.0	0.0030328508	4.969404	7.216847	1
3606	FAM49A	0.0	0.03889391	8.607105	44.55244	1
3610	VSNL1	0.0	0.003625958	5.2195396	8.979976	1
3614	KCNS3	0.0	0.030215405	8.243907	44.55244	1
3622	LINC01376	0.0	0.002382259	4.6335816	6.033328	1
3623	OSR1	0.0	0.06308021	9.3033285	44.55244	1
3627	LINC00954	0.0	0.0137945125	7.1183715	31.51055	1
3628	TTC32	0.0	0.026092801	8.033027	44.55244	1
3630	WDR35	0.0	0.040179543	8.653904	44.55244	1
3632	MATN3	0.0	0.0039451397	5.3381176	10.582095	1
3636	SDC1	0.0	0.022821015	7.840527	44.55244	1
3644	GDF7	0.0	0.018790096	7.5614862	44.55244	1
3645	AC012065.4	0.0	0.00422668	5.4351883	11.189061	1
3646	LDAH	0.0	0.07503193	9.553283	44.55244	1
3665	KLHL29	0.0	0.0416146	8.704409	44.55244	1
3667	AC009242.1	0.0	0.0022484986	4.553667	6.130096	1
3671	WDCP	0.0	0.040199347	8.654613	44.55244	1
3674	FAM228B	0.0	0.08674992	9.762381	44.55244	1
3676	PFN4	0.0	0.00417262	5.417049	10.383022	1
3681	AC009228.1	0.0	0.0036080698	5.2125964	8.550527	1
3683	NCOA1	0.0	0.2221801	11.118163	44.55244	1
3685	CENPO	0.0	0.031907186	8.322252	44.55244	1
3686	ADCY3	0.0	0.057726692	9.175591	44.55244	1
3687	AC012073.1	0.0	0.0021651697	4.5015473	5.646671	1
3688	DNAJC27	0.0	0.03676807	8.526228	44.55244	1
3689	DNAJC27-AS1	0.0	0.012465465	6.97332	27.777788	1
3691	EFR3B	0.0	0.014800283	7.219196	33.59664	1
3696	DTNB	0.0	0.026130894	8.035123	44.55244	1
3699	KIF3C	0.0	0.038141813	8.579007	44.55244	1
3701	GAREM2	0.0	0.030445892	8.254834	44.55244	1
3704	AC010896.1	0.0	0.016916692	7.4108067	39.14507	1
3706	SELENOI	0.0	0.05225528	9.032191	44.55244	1
3713	SLC35F6	0.0	0.083505996	9.707462	44.55244	1
3724	AC013403.2	0.0	0.002972637	4.9414053	7.423158	1
3727	KHK	0.0	0.012315494	6.955998	27.69541	1
3729	ABHD1	0.0	0.0023212463	4.597678	5.9062033	1
3733	SLC5A6	0.0	0.04812551	8.913652	44.55244	1
3739	UCN	0.0	0.0032956107	5.0855994	7.940739	1
3741	GTF3C2	0.0	0.095701486	9.903904	44.55244	1
3743	AC074117.1	0.0	0.010438196	6.7194843	24.67129	1
3744	EIF2B4	0.0	0.075020865	9.55307	44.55244	1
3746	ZNF513	0.0	0.04680043	8.873458	44.55244	1
3749	KRTCAP3	0.0	0.00468981	5.5818963	11.288212	1
3750	IFT172	0.0	0.038644977	8.597866	44.55244	1
3754	ZNF512	0.0	0.071164265	9.4770355	44.55244	1
3755	CCDC121	0.0	0.032750893	8.359789	44.55244	1
3761	RBKS	0.0	0.008314397	6.3947883	20.013922	1
3762	BABAM2	0.0	0.0910154	9.831552	44.55244	1
3763	AC093690.1	0.0	0.0112272035	6.823648	26.665607	1
3766	AC104695.4	0.0	0.006970232	6.1436853	16.355963	1
3771	AC092164.1	0.0	0.01053517	6.7326994	23.949377	1
3773	SPDYA	0.0	0.0034482977	5.149055	8.343705	1
3775	TRMT61B	0.0	0.051767014	9.018674	44.55244	1
3780	CLIP4	0.0	0.020813547	7.708294	44.55244	1
3790	LCLAT1	0.0	0.0618555	9.275088	44.55244	1
3793	GALNT14	0.0	0.0021977425	4.5221453	5.7259884	1
3801	AL121652.1	0.0	0.0064463904	6.0326276	15.667826	1
3802	MEMO1	0.0	0.08656393	9.759288	44.55244	1
3806	AL121658.1	0.0	0.0037145945	5.253458	9.02303	1
3810	AL133245.1	0.0	0.007600193	6.266823	18.47293	1
3814	AL133243.3	0.0	0.06560576	9.359876	44.55244	1
3816	TTC27	0.0	0.037208553	8.543363	44.55244	1
3832	CRIM1-DT	0.0	0.015345203	7.271015	34.134228	1
3833	CRIM1	0.0	0.053017147	9.053034	44.55244	1
3838	HEATR5B	0.0	0.064641505	9.338547	44.55244	1
3839	GPATCH11	0.0	0.11911138	10.219306	44.55244	1
3845	NDUFAF7	0.0	0.07042528	9.461997	44.55244	1
3849	QPCT	0.0	0.012248292	6.948168	28.725922	1
3852	CDC42EP3	0.0	0.05796486	9.181521	44.55244	1
3855	RMDN2	0.0	0.045038037	8.8182	44.55244	1
3858	CYP1B1-AS1	0.0	0.0038310818	5.2968545	9.636877	1
3872	DHX57	0.0	0.106431	10.057057	44.55244	1
3875	ARHGEF33	0.0	0.0034435731	5.147133	8.8035	1
3878	SOS1-IT1	0.0	0.0044096326	5.494938	11.546222	1
3881	AC007684.2	0.0	0.002772773	4.8443723	7.3253922	1
3883	TMEM178A	0.0	0.00890977	6.493418	19.085157	1
3885	SLC8A1-AS1	0.0	0.013598214	7.097844	30.561148	1
3894	C2orf91	0.0	0.0023798784	4.6321974	6.040634	1
3896	PKDCC	0.0	0.17097525	10.740416	44.55244	1
3902	OXER1	0.0	0.014460325	7.185899	33.77785	1
3909	AC010883.3	0.0	0.0030486041	4.9766407	7.664663	1
3914	PLEKHH2	0.0	0.19211805	10.908528	44.55244	1
3916	DYNC2LI1	0.0	0.12528819	10.292186	44.55244	1
3918	ABCG8	0.0	0.0024460256	4.670175	6.855155	1
3922	SLC3A1	0.0	0.009356745	6.5632715	21.448172	1
3923	PREPL	0.0	0.15382804	10.58804	44.55244	1
3924	CAMKMT	0.0	0.021642787	7.764393	44.55244	1
3936	PRKCE	0.0	0.05004802	8.970049	44.55244	1
3951	SOCS5	0.0	0.11221994	10.133398	44.55244	1
3952	LINC01119	0.0	0.002191533	4.5182414	5.4584427	1
3956	TTC7A	0.0	0.014165769	7.156414	33.801136	1
3962	EPCAM-DT	0.0	0.020410327	7.680207	44.55244	1
3964	EPCAM	0.0	0.009619734	6.602845	22.328913	1
3972	FOXN2	0.0	0.06263616	9.293154	44.55244	1
3973	AC093635.1	0.0	0.008141885	6.3649025	19.67154	1
3983	NRXN1	0.0	0.40748647	11.99289	44.55244	1
3986	AC007682.1	0.0	0.0052862554	5.7512107	11.987331	1
3994	ASB3	0.0	0.10589227	10.049744	44.55244	1
3995	CHAC2	0.0	0.01557292	7.29213	36.58945	1
3997	GPR75	0.0	0.0022766083	4.5708323	5.845679	1
3998	PSME4	0.0	0.15924159	10.637907	44.55244	1
3999	ACYP2	0.0	0.0906635	9.825969	44.55244	1
4000	AC008280.3	0.0	0.004346065	5.4744573	10.787528	1
4006	AC093110.1	0.0	0.0036421444	5.2257934	9.068276	1
4007	EML6	0.0	0.0690895	9.434409	44.55244	1
4011	CLHC1	0.0	0.06938372	9.440531	44.55244	1
4014	MTIF2	0.0	0.110448904	10.110469	44.55244	1
4015	AC012358.3	0.0	0.0059242486	5.912709	14.395449	1
4019	AC015982.2	0.0	0.0061981147	5.976848	14.834125	1
4021	EFEMP1	0.0	0.011172885	6.816713	21.683727	1
4025	AC007743.1	0.0	0.003698519	5.247365	8.665071	1
4026	CCDC85A	0.0	0.046783984	8.8729515	44.55244	1
4028	VRK2	0.0	0.034308955	8.4266405	44.55244	1
4030	FANCL	0.0	0.086724155	9.761952	44.55244	1
4033	LINC01122	0.0	0.00864442	6.4502907	20.078325	1
4042	BCL11A	0.0	0.14254516	10.478215	44.55244	1
4044	PAPOLG	0.0	0.07264467	9.506698	44.55244	1
4046	REL	0.0	0.10276342	10.006515	44.55244	1
4048	PUS10	0.0	0.037700444	8.56226	44.55244	1
4050	KIAA1841	0.0	0.065051965	9.347665	44.55244	1
4056	AC016727.1	0.0	0.01325474	7.0612082	29.947649	1
4059	FAM161A	0.0	0.10051875	9.974684	44.55244	1
4072	AC007098.1	0.0	0.016496617	7.3747454	37.527008	1
4081	AC012368.1	0.0	0.021427244	7.75002	44.55244	1
4085	LGALSL-DT	0.0	0.0024985021	4.6996083	6.7845016	1
4086	LGALSL	0.0	0.119474836	10.223699	44.55244	1
4088	AC008074.2	0.0	0.002101908	4.4606824	5.5946703	1
4089	AFTPH	0.0	0.091528535	9.839653	44.55244	1
4091	SERTAD2	0.0	0.085183635	9.736125	44.55244	1
4092	AC007365.1	0.0	0.0033051008	5.089626	7.8082423	1
4095	LINC02245	0.0	0.010723902	6.7580767	25.043814	1
4098	CEP68	0.0	0.089432225	9.806263	44.55244	1
4102	AC012370.1	0.0	0.002093977	4.4554768	5.270644	1
4103	AC007389.1	0.0	0.003532275	5.1828017	8.638144	1
4106	AC007389.5	0.0	0.0037794781	5.277791	8.837553	1
4109	LINC01873	0.0	0.009786746	6.627424	20.992306	1
4112	MEIS1-AS2	0.0	0.04320061	8.758244	44.55244	1
4113	LINC01798	0.0	0.0071782554	6.1855206	15.584871	1
4118	LINC01828	0.0	0.0021900325	4.5172963	6.000871	1
4119	LINC01829	0.0	0.005903043	5.907622	13.527578	1
4121	ETAA1	0.0	0.098716214	9.948604	44.55244	1
4122	LINC02831	0.0	0.0024204103	4.6555867	6.3774605	1
4123	AC007422.1	0.0	0.0022348182	4.5452385	6.089157	1
4127	WDR92	0.0	0.08262551	9.692188	44.55244	1
4129	PPP3R1	0.0	0.1546177	10.595423	44.55244	1
4130	AC017083.2	0.0	0.004006875	5.359969	10.226347	1
4131	AC017083.1	0.0	0.006704296	6.088374	16.454943	1
4135	FBXO48	0.0	0.01489952	7.2287726	35.75881	1
4136	APLF	0.0	0.025384715	7.9934883	44.55244	1
4153	MXD1	0.0	0.062263735	9.284564	44.55244	1
4154	ASPRV1	0.0	0.0017742283	4.2282248	5.1709805	1
4158	LINC01816	0.0	0.0033949774	5.127211	8.564858	1
4159	C2orf42	0.0	0.02608832	8.03278	44.55244	1
4168	ADD2	0.0	0.009754641	6.622731	24.42736	1
4175	VAX2	0.0	0.001845646	4.2821774	5.9261036	1
4178	TEX261	0.0	0.059721947	9.224531	44.55244	1
4186	PAIP2B	0.0	0.012037436	6.92332	27.78242	1
4188	AC007878.1	0.0	0.01834151	7.526813	42.50712	1
4189	DYSF	0.0	0.01263381	6.9925203	31.181477	1
4191	EXOC6B	0.0	0.07487208	9.55021	44.55244	1
4192	SPR	0.0	0.007542737	6.256017	19.347382	1
4196	RAB11FIP5	0.0	0.01023331	6.691159	24.014353	1
4199	SMYD5	0.0	0.019556658	7.6188745	44.55244	1
4202	FBXO41	0.0	0.0060477047	5.941976	16.068178	1
4203	EGR4	0.0	0.010349676	6.7073145	24.403492	1
4206	ALMS1	0.0	0.07147212	9.483254	44.55244	1
4207	ALMS1-IT1	0.0	0.010538044	6.733089	26.05524	1
4208	AC074008.1	0.0	0.002343028	4.6105986	6.752553	1
4217	ACTG2	0.0	0.015970182	7.3282423	33.243984	1
4220	AC073046.1	0.0	0.0020103552	4.399414	5.1501446	1
4223	BOLA3	0.0	0.18834028	10.879891	44.55244	1
4224	BOLA3-AS1	0.0	0.046700314	8.870375	44.55244	1
4228	SLC4A5	0.0	0.0071466253	6.1792374	16.832825	1
4231	C2orf81	0.0	0.0025469873	4.7262793	6.1376143	1
4234	RTKN	0.0	0.045637105	8.837221	44.55244	1
4235	INO80B	0.0	0.05041845	8.980667	44.55244	1
4239	MRPL53	0.0	0.0096254125	6.603688	23.569271	1
4245	PCGF1	0.0	0.046961598	8.878407	44.55244	1
4251	DOK1	0.0	0.041387144	8.696521	44.55244	1
4253	SEMA4F	0.0	0.01532147	7.2687964	35.3022	1
4256	AC019069.1	0.0	0.011982033	6.9167194	29.212307	1
4257	HK2	0.0	0.013110387	7.045529	29.338762	1
4262	TACR1	0.0	0.017330294	7.445453	36.410698	1
4263	AC007681.1	0.0	0.0039625242	5.3443046	10.264699	1
4264	EVA1A	0.0	0.10995998	10.1040745	44.55244	1
4268	GCFC2	0.0	0.08381092	9.712715	44.55244	1
4280	LRRTM4	0.0	0.021089287	7.7271914	42.565666	1
4308	SUCLG1	0.0	0.34422174	11.749541	44.55244	1
4315	TCF7L1	0.0	0.36780217	11.845106	44.55244	1
4319	ELMOD3	0.0	0.07839466	9.616451	44.55244	1
4324	PARTICL	0.0	0.013867181	7.125897	32.94578	1
4326	GGCX	0.0	0.13807511	10.432282	44.55244	1
4327	VAMP8	0.0	0.06446098	9.334518	44.55244	1
4330	TMEM150A	0.0	0.070478946	9.463094	44.55244	1
4332	C2orf68	0.0	0.13960464	10.448164	44.55244	1
4335	ATOH8	0.0	0.013390093	7.0757565	30.043247	1
4337	ST3GAL5	0.0	0.03739507	8.550557	44.55244	1
4341	POLR1A	0.0	0.06793524	9.410138	44.55244	1
4344	AC009309.1	0.0	0.003506204	5.172409	8.642138	1
4346	REEP1	0.0	0.0071580526	6.1815104	17.499432	1
4349	AC015971.1	0.0	0.0021713837	4.5055	5.503379	1
4350	RNF103	0.0	0.06720877	9.39465	44.55244	1
4355	PLGLB1	0.0	0.010362827	6.709129	24.588388	1
4358	AC068279.2	0.0	0.0050548883	5.687869	12.688577	1
4360	LINC01943	0.0	0.012046924	6.924447	30.661695	1
4363	PLGLB2	0.0	0.017408568	7.451917	41.17824	1
4364	RGPD2	0.0	0.004929824	5.652436	12.80711	1
4369	THNSL2	0.0	0.031715117	8.313569	44.55244	1
4374	EIF2AK3-DT	0.0	0.0074558863	6.239529	17.42169	1
4376	RPIA	0.0	0.117136694	10.195209	44.55244	1
4472	ZNF2	0.0	0.01791274	7.4928737	42.1545	1
4473	AC092835.1	0.0	0.019432763	7.609752	44.55244	1
4474	PROM2	0.0	0.0039779902	5.3497863	9.603434	1
4475	KCNIP3	0.0	0.0079126395	6.324206	18.280706	1
4476	FAHD2A	0.0	0.085264586	9.7374935	44.55244	1
4485	ADRA2B	0.0	0.0066045183	6.067062	16.776676	1
4487	DUSP2	0.0	0.05442045	9.090653	44.55244	1
4489	STARD7	0.0	0.157168	10.619009	44.55244	1
4490	STARD7-AS1	0.0	0.019228432	7.5945807	44.55244	1
4491	TMEM127	0.0	0.07374372	9.528332	44.55244	1
4492	CIAO1	0.0	0.32268283	11.656348	44.55244	1
4495	ITPRIPL1	0.0	0.011287172	6.831266	27.572798	1
4500	KANSL3	0.0	0.062077507	9.280249	44.55244	1
4501	FER1L5	0.0	0.0039203204	5.3292384	8.838701	1
4502	LMAN2L	0.0	0.0467069	8.870578	44.55244	1
4503	CNNM4	0.0	0.021694094	7.7677937	44.55244	1
4505	CNNM3	0.0	0.023640838	7.8912272	44.55244	1
4506	ANKRD23	0.0	0.006249624	5.9885993	15.159975	1
4507	ANKRD39	0.0	0.073740155	9.528262	44.55244	1
4508	SEMA4C	0.0	0.10863047	10.086541	44.55244	1
4509	FAM178B	0.0	0.003903324	5.3231263	9.678799	1
4514	FAHD2B	0.0	0.03595214	8.493941	44.55244	1
4515	ANKRD36	0.0	0.08149512	9.672339	44.55244	1
4516	AC159540.2	0.0	0.013232235	7.058775	31.884214	1
4528	ANKRD36B	0.0	0.035649136	8.481765	44.55244	1
4532	C2orf92	0.0	0.0077244993	6.2899265	19.838419	1
4533	ZAP70	0.0	0.0071344967	6.1768208	18.384216	1
4539	INPP4A	0.0	0.0868579	9.7641735	44.55244	1
4542	MGAT4A	0.0	0.0696921	9.44692	44.55244	1
4544	KIAA1211L	0.0	0.013243917	7.0600386	31.696358	1
4545	TSGA10	0.0	0.038949322	8.609154	44.55244	1
4546	C2orf15	0.0	0.0025541084	4.7301555	6.645954	1
4551	LYG2	0.0	0.0025054712	4.7034726	6.625244	1
4552	LYG1	0.0	0.002077767	4.4447775	5.9084897	1
4557	AFF3	0.0	0.09269739	9.857941	44.55244	1
4561	CHST10	0.0	0.022076765	7.7929053	44.55244	1
4569	NPAS2	0.0	0.03931453	8.622583	44.55244	1
4570	AC092168.2	0.0	0.0020923992	4.4544387	6.16723	1
4575	TBC1D8-AS1	0.0	0.0042167925	5.4318876	10.103854	1
4577	RNF149	0.0	0.13213508	10.368889	44.55244	1
4579	RFX8	0.0	0.003160228	5.0269012	9.230531	1
4591	IL18R1	0.0	0.010344868	6.7066503	24.82947	1
4597	MFSD9	0.0	0.030206867	8.243501	44.55244	1
4598	TMEM182	0.0	0.0127853	7.009582	30.757893	1
4626	LINC01918	0.0	0.0042001866	5.426327	9.891258	1
4629	TGFBRAP1	0.0	0.062162213	9.282213	44.55244	1
4631	AC012360.3	0.0	0.051559117	9.012879	44.55244	1
4632	C2orf49	0.0	0.13836855	10.435343	44.55244	1
4633	FHL2	0.0	0.08020133	9.649281	44.55244	1
4634	AC108058.1	0.0	0.002556864	4.7316523	6.334597	1
4638	AC010978.1	0.0	0.002476436	4.687305	6.842765	1
4640	ECRG4	0.0	0.004606645	5.5566273	10.221114	1
4641	UXS1	0.0	0.1267874	10.309333	44.55244	1
4647	ST6GAL2	0.0	0.09197634	9.846686	44.55244	1
4659	SLC5A7	0.0	0.06112367	9.257946	44.55244	1
4663	SULT1C2	0.0	0.009310171	6.556149	21.80292	1
4664	SULT1C4	0.0	0.26664793	11.381261	44.55244	1
4670	CCDC138	0.0	0.029806131	8.224298	44.55244	1
4673	SH3RF3	0.0	0.012321116	6.956651	28.791307	1
4675	AC011753.2	0.0	0.0017443561	4.205045	5.139627	1
4676	SOWAHC	0.0	0.068795525	9.428267	44.55244	1
4678	RGPD5	0.0	0.03594017	8.493463	44.55244	1
4681	MALL	0.0	0.010060512	6.6668296	24.574242	1
4682	NPHP1	0.0	0.04512686	8.821036	44.55244	1
4694	BCL2L11	0.0	0.123418294	10.270509	44.55244	1
4696	AC108463.3	0.0	0.13461317	10.395676	44.55244	1
4698	AC068491.3	0.0	0.07645789	9.580407	44.55244	1
4701	AC017002.3	0.0	0.0036508972	5.2291636	9.995407	1
4702	AC017002.1	0.0	0.0017946445	4.2438555	5.1180153	1
4704	ANAPC1	0.0	0.05814168	9.185908	44.55244	1
4705	MERTK	0.0	0.041479044	8.699713	44.55244	1
4706	AC093675.1	0.0	0.0019856633	4.3824344	5.558484	1
4709	FBLN7	0.0	0.004528887	5.5325937	11.505908	1
4711	AC092645.2	0.0	0.003963364	5.3446026	9.617473	1
4714	TTL	0.0	0.13580349	10.408367	44.55244	1
4715	POLR1B	0.0	0.044264738	8.79327	44.55244	1
4719	AC079922.2	0.0	0.0067186216	6.0914083	17.600554	1
4733	PSD4	0.0	0.00184865	4.284403	5.4346004	1
4739	AC016745.2	0.0	0.003284698	5.080955	8.264711	1
4743	PGM5P4-AS1	0.0	0.0238212	7.902146	44.55244	1
4751	AC104653.1	0.0	0.0032746668	5.076673	8.117593	1
4752	AC110769.2	0.0	0.020718012	7.701689	44.55244	1
4758	DPP10	0.0	0.06795583	9.410575	44.55244	1
4762	DPP10-AS1	0.0	0.024705954	7.9545426	44.55244	1
4767	AC009404.1	0.0	0.014743451	7.2136827	34.40494	1
4768	CCDC93	0.0	0.14469309	10.499777	44.55244	1
4772	THORLNC	0.0	0.002074537	4.4426365	5.552842	1
4780	C2orf76	0.0	0.08308373	9.700157	44.55244	1
4782	TMEM37	0.0	0.06894325	9.431356	44.55244	1
4785	CFAP221	0.0	0.011724793	6.885671	27.418451	1
4786	TMEM177	0.0	0.04884524	8.935025	44.55244	1
4787	PTPN4	0.0	0.07955651	9.637649	44.55244	1
4788	EPB41L5	0.0	0.06854274	9.422963	44.55244	1
4790	TMEM185B	0.0	0.06483455	9.342842	44.55244	1
4791	RALB	0.0	0.35650203	11.800099	44.55244	1
4793	INHBB	0.0	0.0021889508	4.5166144	5.713665	1
4797	GLI2	0.0	0.045314092	8.826997	44.55244	1
4808	AC011246.1	0.0	0.009513817	6.5870376	21.788784	1
4826	AC012508.1	0.0	0.0020958013	4.4566755	5.719811	1
4829	CYP27C1	0.0	0.06515268	9.349894	44.55244	1
4831	AC068282.1	0.0	0.0037330033	5.2604036	9.517879	1
4833	MAP3K2-DT	0.0	0.018939774	7.5728726	43.85347	1
4840	LIMS2	0.0	0.017104676	7.426657	40.01404	1
4843	SFT2D3	0.0	0.06293783	9.300075	44.55244	1
4845	AMMECR1L	0.0	0.059929684	9.229532	44.55244	1
4846	AC012306.2	0.0	0.015494416	7.284886	36.839256	1
4847	AC012306.3	0.0	0.0071134334	6.172614	17.916391	1
4850	HS6ST1	0.0	0.045065448	8.819076	44.55244	1
4867	POTEI	0.0	0.059956655	9.230181	44.55244	1
4878	ARHGEF4	0.0	0.0024973152	4.6989493	6.5728683	1
4882	POTEE	0.0	0.012482562	6.9752817	27.052279	1
4900	AC097532.2	0.0	0.0061862217	5.974121	14.647024	1
4903	LYPD1	0.0	0.02337418	7.874931	44.55244	1
4905	NCKAP5	0.0	0.0082726255	6.387608	18.590002	1
4913	TMEM163	0.0	0.020207534	7.665871	44.55244	1
4915	CCNT2-AS1	0.0	0.013384813	7.0751915	30.964964	1
4919	RAB3GAP1	0.0	0.18959545	10.889469	44.55244	1
4925	MCM6	0.0	0.0918512	9.844725	44.55244	1
4926	DARS	0.0	0.3757143	11.875804	44.55244	1
4927	DARS-AS1	0.0	0.005145557	5.713024	12.7535515	1
4930	THSD7B	0.0	0.032893006	8.366016	44.55244	1
4936	AC092620.1	0.0	0.025439609	7.9965925	44.55244	1
4939	NXPH2	0.0	0.018583104	7.5455904	40.246853	1
4946	LRP1B	0.0	0.10404494	10.024377	44.55244	1
4949	ARHGAP15	0.0	0.003355307	5.110742	9.040132	1
4958	GTDC1	0.0	0.061874874	9.275539	44.55244	1
4961	ZEB2-AS1	0.0	0.012343237	6.959218	28.79593	1
4962	AC009951.6	0.0	0.0093658455	6.5646596	22.25187	1
4964	TEX41	0.0	0.0020748386	4.4428368	5.388547	1
4975	ACVR2A	0.0	0.091446735	9.838365	44.55244	1
4979	EPC2	0.0	0.24679187	11.269664	44.55244	1
4981	KIF5C	0.0	0.13270901	10.375137	44.55244	1
4983	LYPD6B	0.0	0.0021079932	4.464664	5.2812705	1
4985	LYPD6	0.0	0.005856435	5.896377	13.602955	1
4987	AC007364.1	0.0	0.004555365	5.5408225	11.915605	1
5000	RBM43	0.0	0.09843359	9.944472	44.55244	1
5001	NMI	0.0	0.045849986	8.843921	44.55244	1
5004	NEB	0.0	0.004355607	5.47755	11.118235	1
5011	FMNL2	0.0	0.06732961	9.397239	44.55244	1
5020	GALNT13	0.0	0.0058339494	5.8909206	13.313855	1
5024	KCNJ3	0.0	0.003267256	5.0735016	7.0479665	1
5027	LINC01876	0.0	0.00759567	6.265975	18.11306	1
5029	NR4A2	0.0	0.0030800975	4.990999	7.453258	1
5030	GPD2	0.0	0.022501035	7.820245	44.55244	1
5035	GALNT5	0.0	0.0047484036	5.5994377	10.774102	1
5042	AC013731.1	0.0	0.0020741832	4.442402	5.023441	1
5046	CCDC148	0.0	0.0035596495	5.1936336	9.039463	1
5050	DAPL1	0.0	0.0072164373	6.1930695	17.871998	1
5056	AC009506.1	0.0	0.022303909	7.8076067	44.55244	1
5057	AC009961.1	0.0	0.015753884	7.3086925	36.539265	1
5060	AC009961.4	0.0	0.0022193114	4.5356245	6.2175226	1
5062	PLA2R1	0.0	0.02938207	8.203694	44.55244	1
5068	TANK	0.0	0.1984575	10.955341	44.55244	1
5077	DPP4	0.0	0.003402096	5.130147	7.380615	1
5083	IFIH1	0.0	0.02951129	8.210004	44.55244	1
5084	GCA	0.0	0.054949854	9.104595	44.55244	1
5087	FIGN	0.0	0.0850069	9.733132	44.55244	1
5089	GRB14	0.0	0.0063705924	6.0158257	14.483748	1
5093	SCN3A	0.0	0.0031647882	5.028918	7.773148	1
5094	SCN2A	0.0	0.015127225	7.2505093	34.78944	1
5102	TTC21B-AS1	0.0	0.0027500163	4.832898	6.7116113	1
5103	SCN1A-AS1	0.0	0.0043147285	5.464253	9.2106495	1
5106	SCN7A	0.0	0.02711376	8.088193	44.55244	1
5111	B3GALT1	0.0	0.02234044	7.809957	44.55244	1
5113	CERS6	0.0	0.19785087	10.950927	44.55244	1
5114	CERS6-AS1	0.0	0.008738325	6.465701	20.181772	1
5115	NOSTRIN	0.0	0.049077515	8.941855	44.55244	1
5116	SPC25	0.0	0.04176359	8.709553	44.55244	1
5124	FASTKD1	0.0	0.037389882	8.550358	44.55244	1
5126	CCDC173	0.0	0.007801763	6.304103	19.353903	1
5127	PHOSPHO2	0.0	0.06000051	9.231234	44.55244	1
5138	AC007405.3	0.0	0.0091815	6.536286	21.360916	1
5146	METTL8	0.0	0.11935606	10.222264	44.55244	1
5150	SLC25A12	0.0	0.060511425	9.243446	44.55244	1
5152	METAP1D	0.0	0.03983036	8.641342	44.55244	1
5154	DLX2	0.0	0.0023317188	4.6039047	6.1181893	1
5159	ITGA6	0.0	0.0115158195	6.859947	26.14991	1
5161	ITGA6-AS1	0.0	0.0043214485	5.4664474	9.769598	1
5162	AC078883.1	0.0	0.0035483488	5.189172	8.817101	1
5178	SCRN3	0.0	0.069376566	9.440383	44.55244	1
5180	AC010894.2	0.0	0.004253966	5.444258	10.076567	1
5182	WIPF1	0.0	0.08033721	9.651719	44.55244	1
5185	CHN1	0.0	0.018839361	7.5652437	44.251408	1
5194	HOXD13	0.0	0.01061953	6.7440977	25.157503	1
5196	HOXD11	0.0	0.059151877	9.210717	44.55244	1
5197	HOXD10	0.0	0.026420364	8.050957	44.55244	1
5198	HOXD-AS2	0.0	0.10284591	10.00767	44.55244	1
5199	HOXD9	0.0	0.04479214	8.810319	44.55244	1
5200	HOXD8	0.0	0.059565272	9.220748	44.55244	1
5201	HOXD3	0.0	0.011656836	6.877356	26.331432	1
5202	HOXD4	0.0	0.008748416	6.467347	20.81405	1
5205	HAGLROS	0.0	0.0022495496	4.554312	6.086011	1
5207	MTX2	0.0	0.25576147	11.321147	44.55244	1
5208	LINC01117	0.0	0.01302835	7.036542	29.357143	1
5216	AC079305.3	0.0	0.003607263	5.2122827	9.226394	1
5219	AC079305.1	0.0	0.002637464	4.7747684	7.294733	1
5220	AC019080.1	0.0	0.008164384	6.3688354	20.25813	1
5225	TTC30B	0.0	0.014209818	7.1608615	34.09524	1
5227	TTC30A	0.0	0.015988449	7.3298817	38.968136	1
5228	PDE11A	0.0	0.01593858	7.3254027	36.86276	1
5231	RBM45	0.0	0.05236081	9.035096	44.55244	1
5232	OSBPL6	0.0	0.05717547	9.161774	44.55244	1
5233	CHROMR	0.0	0.06488874	9.344046	44.55244	1
5235	PJVK	0.0	0.005394869	5.780013	12.797965	1
5237	PLEKHA3	0.0	0.22179304	11.115648	44.55244	1
5238	TTN-AS1	0.0	0.09108464	9.832647	44.55244	1
5240	AC009948.3	0.0	0.0029431358	4.927487	7.393589	1
5241	AC009948.2	0.0	0.0046229563	5.5616183	11.713499	1
5242	AC010680.3	0.0	0.01027929	6.697564	24.710564	1
5243	AC010680.2	0.0	0.0048293225	5.6233172	12.062593	1
5244	AC010680.4	0.0	0.0043377513	5.471757	11.17492	1
5245	AC010680.5	0.0	0.0020314758	4.4137807	5.348725	1
5248	CCDC141	0.0	0.007058098	6.1615043	18.937643	1
5251	ZNF385B	0.0	0.002560192	4.7334585	6.573162	1
5257	AC068196.1	0.0	0.001919618	4.3360105	5.205715	1
5261	CERKL	0.0	0.003799572	5.285244	8.832165	1
5265	AC009962.1	0.0	0.0029125335	4.912905	7.5208073	1
5267	PPP1R1C	0.0	0.0029931744	4.9510164	7.5153894	1
5272	NCKAP1	0.0	0.35992843	11.813895	44.55244	1
5273	DUSP19	0.0	0.015385167	7.274743	34.879093	1
5276	AC021851.1	0.0	0.003028466	4.9673834	7.6941705	1
5283	AC096667.1	0.0	0.0025287876	4.7163258	6.0034237	1
5284	ZNF804A	0.0	0.02998596	8.232946	44.55244	1
5285	AC009315.1	0.0	0.023232665	7.866207	44.55244	1
5286	FSIP2-AS1	0.0	0.0049458146	5.6570153	11.97787	1
5288	FSIP2	0.0	0.0900895	9.816815	44.55244	1
5291	AC017071.1	0.0	0.009451966	6.577726	22.994791	1
5295	FAM171B	0.0	0.08370688	9.710925	44.55244	1
5297	AC007319.1	0.0	0.00222803	4.541038	5.569077	1
5312	ANKAR	0.0	0.03147879	8.302812	44.55244	1
5313	OSGEPL1	0.0	0.055053566	9.10731	44.55244	1
5315	AC013468.1	0.0	0.002047668	4.4246993	5.537519	1
5318	C2orf88	0.0	0.02668518	8.065291	44.55244	1
5321	INPP1	0.0	0.0842797	9.720753	44.55244	1
5322	MFSD6	0.0	0.009926816	6.64772	23.327106	1
5323	AC093388.1	0.0	0.0019035431	4.3244815	5.3304806	1
5325	AC108047.1	0.0	0.0089641325	6.502097	20.926489	1
5326	AC006460.2	0.0	0.008067653	6.3518496	19.61465	1
5334	STAT4	0.0	0.0040250737	5.366348	10.410172	1
5340	CAVIN2	0.0	0.006948155	6.139174	15.656045	1
5342	TMEFF2	0.0	0.0069669764	6.143021	13.551594	1
5346	AC096647.1	0.0	0.0330953	8.374835	44.55244	1
5357	SLC39A10	0.0	0.25420475	11.312343	44.55244	1
5358	DNAH7	0.0	0.0068631936	6.1216774	16.583055	1
5360	AC114760.2	0.0	0.038765844	8.602359	44.55244	1
5361	HECW2	0.0	0.077610694	9.60197	44.55244	1
5362	HECW2-AS1	0.0	0.022662299	7.8305025	44.55244	1
5365	GTF3C3	0.0	0.12736794	10.315919	44.55244	1
5366	C2orf66	0.0	0.007748737	6.294389	19.895342	1
5370	ANKRD44-IT1	0.0	0.0064157657	6.0258627	16.051966	1
5377	RFTN2	0.0	0.11133106	10.121936	44.55244	1
5380	MARS2	0.0	0.014996694	7.238089	35.944366	1
5382	PLCL1	0.0	0.23926961	11.225024	44.55244	1
5383	AC011997.2	0.0	0.006895536	6.1283627	17.073656	1
5388	SATB2	0.0	0.03259879	8.353093	44.55244	1
5390	SATB2-AS1	0.0	0.0043580537	5.478342	12.421361	1
5392	FTCDNL1	0.0	0.0024564886	4.6760917	6.683398	1
5393	AC097717.1	0.0	0.0017822103	4.234356	5.38833	1
5394	C2orf69	0.0	0.0478692	8.905965	44.55244	1
5396	MAIP1	0.0	0.08117406	9.666652	44.55244	1
5406	CLK1	0.0	0.12599318	10.300275	44.55244	1
5410	AC005037.1	0.0	0.003798031	5.2846737	9.417951	1
5415	CFLAR-AS1	0.0	0.002433016	4.662784	6.163917	1
5417	CASP10	0.0	0.0022996597	4.584758	5.9176416	1
5420	TRAK2	0.0	0.09447552	9.885324	44.55244	1
5421	STRADB	0.0	0.050960112	8.996053	44.55244	1
5438	AC064836.3	0.0	0.0073806173	6.2250853	16.89535	1
5440	FAM117B	0.0	0.06361185	9.315418	44.55244	1
5441	ICA1L	0.0	0.08405135	9.716843	44.55244	1
5442	WDR12	0.0	0.09949089	9.95987	44.55244	1
5443	CARF	0.0	0.042483047	8.734136	44.55244	1
5464	AC007383.3	0.0	0.0046106265	5.557847	11.4351225	1
5474	MDH1B	0.0	0.0032348712	5.0595593	8.114561	1
5476	AC008269.1	0.0	0.002987671	4.948447	7.537262	1
5480	KLF7-IT1	0.0	0.0066547096	6.0778217	16.588266	1
5490	METTL21A	0.0	0.07743953	9.598788	44.55244	1
5492	CCNYL1	0.0	0.05049101	8.982738	44.55244	1
5494	FZD5	0.0	0.0041921167	5.4236174	10.744253	1
5502	IDH1	0.0	0.15469846	10.596175	44.55244	1
5503	IDH1-AS1	0.0	0.006446689	6.0326934	14.860876	1
5504	PIKFYVE	0.0	0.13182074	10.365456	44.55244	1
5509	MAP2	0.0	0.21223065	11.052097	44.55244	1
5510	UNC80	0.0	0.004482646	5.518109	11.368926	1
5511	RPE	0.0	0.1051473	10.039568	44.55244	1
5513	AC007038.2	0.0	0.0155496895	7.2899904	36.134182	1
5514	AC007038.1	0.0	0.0072966213	6.2087946	17.240551	1
5515	AC006994.2	0.0	0.0026144173	4.762571	7.3027153	1
5519	LANCL1	0.0	0.0958375	9.9059515	44.55244	1
5522	ERBB4	0.0	0.004073183	5.383076	9.105538	1
5527	IKZF2	0.0	0.022781583	7.838043	44.55244	1
5528	AC079610.1	0.0	0.0021596127	4.4980035	5.190266	1
5532	SPAG16	0.0	0.16771062	10.712618	44.55244	1
5536	BARD1	0.0	0.13680467	10.418956	44.55244	1
5537	SNHG31	0.0	0.0072578206	6.2012067	17.527153	1
5550	LINC00607	0.0	0.0022419856	4.54966	6.4986367	1
5551	LINC01614	0.0	0.0044930615	5.5213842	11.740579	1
5554	MREG	0.0	0.012479612	6.9749436	29.739967	1
5555	PECR	0.0	0.022406822	7.8142185	44.55244	1
5558	LINC01963	0.0	0.014879003	7.226798	36.176056	1
5559	MARCH4	0.0	0.0035661552	5.196196	8.95081	1
5571	AC007563.2	0.0	0.015761586	7.3093934	35.360474	1
5582	DIRC3-AS1	0.0	0.002390024	4.6380877	6.0340576	1
5583	DIRC3	0.0	0.07054069	9.464355	44.55244	1
5585	AC010136.1	0.0	0.009053957	6.5163236	20.700333	1
5590	AC021016.2	0.0	0.009460124	6.5789576	23.70662	1
5591	GPBAR1	0.0	0.02394044	7.9093194	44.55244	1
5598	SLC11A1	0.0	0.004246447	5.4417644	10.210041	1
5601	VIL1	0.0	0.0022444103	4.551153	5.681158	1
5603	CNOT9	0.0	0.1082565	10.08157	44.55244	1
5604	PLCD4	0.0	0.014376278	7.177547	32.553993	1
5605	AC012510.1	0.0	0.004840604	5.6266155	11.9325285	1
5608	RNF25	0.0	0.047190975	8.885421	44.55244	1
5611	CYP27A1	0.0	0.021142865	7.7308345	44.55244	1
5627	AC097468.3	0.0	0.00650979	6.0465326	16.175034	1
5629	SLC23A3	0.0	0.0054019094	5.7818604	13.237993	1
5630	CNPPD1	0.0	0.050156746	8.973173	44.55244	1
5632	ZFAND2B	0.0	0.1472065	10.524606	44.55244	1
5636	ANKZF1	0.0	0.092957295	9.861976	44.55244	1
5637	GLB1L	0.0	0.008751332	6.4678226	22.146788	1
5638	STK16	0.0	0.13225171	10.370161	44.55244	1
5639	TUBA4A	0.0	0.04188352	8.713679	44.55244	1
5645	DNPEP	0.0	0.16277674	10.669565	44.55244	1
5656	TMEM198	0.0	0.015670089	7.301047	37.334812	1
5658	OBSL1	0.0	0.15674098	10.615087	44.55244	1
5661	STK11IP	0.0	0.030381264	8.251779	44.55244	1
5663	SLC4A3	0.0	0.011125173	6.810594	25.167276	1
5675	AC079834.2	0.0	0.0040338123	5.369401	9.325362	1
5679	AC010980.1	0.0	0.0029477058	4.9296517	7.1700606	1
5680	SGPP2	0.0	0.0067460546	6.097201	16.22901	1
5681	FARSB	0.0	0.07582938	9.568515	44.55244	1
5688	SCG2	0.0	0.015889518	7.320983	27.666918	1
5689	AP1S3	0.0	0.0047090296	5.5876737	12.092219	1
5694	FAM124B	0.0	0.001963627	4.3671107	5.5406914	1
5698	DOCK10	0.0	0.060344435	9.239466	44.55244	1
5708	AC097662.1	0.0	0.01156639	6.8662143	27.155037	1
5725	SPHKAP	0.0	0.0023217555	4.5979815	6.5464554	1
5733	FBXO36	0.0	0.022470599	7.8183007	44.55244	1
5735	SLC16A14	0.0	0.003345284	5.106551	7.436087	1
5736	AC009950.1	0.0	0.010439213	6.7196236	24.694983	1
5754	HTR2B	0.0	0.013547301	7.0924716	29.658773	1
5756	AC017104.1	0.0	0.002858742	4.886912	7.5544558	1
5757	B3GNT7	0.0	0.0062017385	5.977678	16.507137	1
5760	LINC00471	0.0	0.004040397	5.371697	9.469145	1
5761	AC017104.6	0.0	0.0020718207	4.440833	6.336334	1
5762	NMUR1	0.0	0.014686921	7.2081776	39.368835	1
5768	AC073476.3	0.0	0.0041872384	5.4219766	9.890833	1
5770	DIS3L2	0.0	0.07333222	9.520269	44.55244	1
5784	EFHD1	0.0	0.0062909266	5.9979534	15.847065	1
5793	ATG16L1	0.0	0.037830025	8.567197	44.55244	1
5831	IQCA1	0.0	0.007961228	6.3329277	18.027687	1
5834	ACKR3	0.0	0.014284427	7.168364	31.006723	1
5836	AC012063.1	0.0	0.013295501	7.0656047	30.485533	1
5842	AC112721.1	0.0	0.0034230317	5.1387453	9.152671	1
5843	AC112721.2	0.0	0.0024671084	4.682072	6.8905263	1
5850	AC012076.1	0.0	0.0036157412	5.215578	8.940226	1
5851	RBM44	0.0	0.0020766868	4.4440618	5.580286	1
5852	RAMP1	0.0	0.015995167	7.330484	31.8433	1
5853	UBE2F	0.0	0.16332173	10.674384	44.55244	1
5859	LINC02610	0.0	0.002480385	4.6895146	5.991072	1
5861	HES6	0.0	0.022067372	7.792294	44.55244	1
5865	TRAF3IP1	0.0	0.15210307	10.571782	44.55244	1
5875	HDAC4	0.0	0.027523907	8.109774	44.55244	1
5878	HDAC4-AS1	0.0	0.004349239	5.4754868	11.054282	1
5898	DUSP28	0.0	0.024563259	7.9462194	44.55244	1
5900	CAPN10-DT	0.0	0.014237441	7.163644	34.191063	1
5901	CAPN10	0.0	0.041438665	8.698311	44.55244	1
5906	KIF1A	0.0	0.010640769	6.7469535	21.678408	1
5912	SNED1	0.0	0.026072586	8.031913	44.55244	1
5916	PASK	0.0	0.0088922875	6.4906163	21.586653	1
5918	ANO7	0.0	0.0057035	5.8588514	14.991283	1
5923	FARP2	0.0	0.060184024	9.235632	44.55244	1
5925	STK25	0.0	0.20655312	11.012996	44.55244	1
5927	BOK	0.0	0.034798257	8.447011	44.55244	1
5934	D2HGDH	0.0	0.050594404	8.9856825	44.55244	1
5968	TRNT1	0.0	0.14463161	10.499165	44.55244	1
5969	CRBN	0.0	0.27287754	11.414567	44.55244	1
5970	AC024060.2	0.0	0.012950754	7.0279894	31.069439	1
5972	SUMF1	0.0	0.048076868	8.912197	44.55244	1
5973	LRRN1	0.0	0.0028034856	4.859714	6.7106414	1
5976	SETMAR	0.0	0.063689224	9.317169	44.55244	1
5979	EGOT	0.0	0.0021308153	4.4794993	5.457786	1
5980	AC018816.1	0.0	0.0026304456	4.7710648	6.8559995	1
5986	EDEM1	0.0	0.04691943	8.877113	44.55244	1
5997	LMCD1-AS1	0.0	0.015533688	7.288514	35.624397	1
5999	AC023481.1	0.0	0.005740809	5.8680964	14.103171	1
6000	LMCD1	0.0	0.067267686	9.395913	44.55244	1
6004	OXTR	0.0	0.004900459	5.6439886	12.160655	1
6006	SRGAP3	0.0	0.036074482	8.498829	44.55244	1
6016	LHFPL4	0.0	0.009220278	6.542301	21.995424	1
6020	BRPF1	0.0	0.044405714	8.797847	44.55244	1
6021	OGG1	0.0	0.1003152	9.971762	44.55244	1
6022	CAMK1	0.0	0.06277205	9.296275	44.55244	1
6027	RPUSD3	0.0	0.15472008	10.596377	44.55244	1
6030	IL17RE	0.0	0.023466354	7.8805847	44.55244	1
6033	AC018809.1	0.0	0.008379168	6.405851	19.0027	1
6034	PRRT3	0.0	0.03408546	8.417239	44.55244	1
6035	PRRT3-AS1	0.0	0.0029038428	4.9087377	7.8914833	1
6036	AC018809.2	0.0	0.005066592	5.691141	11.904875	1
6038	AC022007.1	0.0	0.008143777	6.3652334	19.805822	1
6044	IRAK2	0.0	0.006291773	5.998144	15.372888	1
6045	TATDN2	0.0	0.05592796	9.130003	44.55244	1
6046	LINC00852	0.0	0.0043709464	5.482508	11.6696	1
6047	GHRL	0.0	0.007902417	6.322364	18.713993	1
6048	GHRLOS	0.0	0.006903146	6.129931	18.207592	1
6057	SLC6A1	0.0	0.0031079506	5.00358	9.323696	1
6060	HRH1	0.0	0.009580641	6.5970306	26.520607	1
6065	AC022001.3	0.0	0.0019718313	4.3728347	5.6037188	1
6066	TAMM41	0.0	0.06563347	9.360484	44.55244	1
6067	SYN2	0.0	0.002408119	4.648534	6.177579	1
6068	TIMP4	0.0	0.012869738	7.019006	31.56988	1
6069	PPARG	0.0	0.30252302	11.563306	44.55244	1
6070	TSEN2	0.0	0.03739117	8.550407	44.55244	1
6072	MKRN2	0.0	0.09653359	9.916381	44.55244	1
6075	CAND2	0.0	0.011403067	6.845875	25.460876	1
6082	HDAC11	0.0	0.012102975	6.931089	28.80886	1
6083	FBLN2	0.0	0.01847869	7.537505	40.300922	1
6087	CHCHD4	0.0	0.044857122	8.812406	44.55244	1
6088	TMEM43	0.0	0.10114792	9.983677	44.55244	1
6089	AC093495.1	0.0	0.003350527	5.108745	9.387484	1
6090	XPC	0.0	0.21493542	11.070358	44.55244	1
6103	FGD5	0.0	0.06993378	9.451907	44.55244	1
6107	RBSN	0.0	0.11310986	10.144784	44.55244	1
6108	CAPN7	0.0	0.17372301	10.763404	44.55244	1
6109	SH3BP5-AS1	0.0	0.019837264	7.6393237	44.55244	1
6112	EAF1	0.0	0.04404142	8.78599	44.55244	1
6113	EAF1-AS1	0.0	0.0029394336	4.9257307	7.937472	1
6114	COLQ	0.0	0.0057522333	5.8709154	13.813024	1
6124	OXNAD1	0.0	0.038420413	8.589479	44.55244	1
6125	RFTN1	0.0	0.11338959	10.148344	44.55244	1
6126	AC090948.1	0.0	0.002070685	4.4400783	5.9163384	1
6135	PLCL2	0.0	0.011575379	6.867326	27.481892	1
6138	TBC1D5	0.0	0.15511331	10.600037	44.55244	1
6144	SATB1-AS1	0.0	0.0025694983	4.738497	6.4685173	1
6145	KCNH8	0.0	0.003582653	5.2026734	8.667683	1
6147	EFHB	0.0	0.0025584346	4.7325053	6.2037063	1
6150	KAT2B	0.0	0.02986904	8.227329	44.55244	1
6151	SGO1	0.0	0.039584424	8.632429	44.55244	1
6155	ZNF385D	0.0	0.03588085	8.491085	44.55244	1
6160	UBE2E1-AS1	0.0	0.0025834483	4.746016	6.218354	1
6162	NKIRAS1	0.0	0.075090185	9.5544	44.55244	1
6166	THRB	0.0	0.009742199	6.6209087	21.898533	1
6171	RARB	0.0	0.006137309	5.962852	13.714919	1
6174	OXSM	0.0	0.032389253	8.343819	44.55244	1
6176	AC099754.1	0.0	0.002393456	4.6400747	6.4080906	1
6178	NEK10	0.0	0.009519743	6.5879264	23.70267	1
6183	LINC01980	0.0	0.005132796	5.70951	11.993757	1
6187	AZI2	0.0	0.2680287	11.38871	44.55244	1
6188	ZCWPW2	0.0	0.018283926	7.522301	42.64935	1
6190	RBMS3-AS3	0.0	0.003973051	5.348038	10.007676	1
6197	AC096921.2	0.0	0.0024529102	4.674071	6.4282575	1
6200	OSBPL10	0.0	0.040337358	8.659545	44.55244	1
6203	GPD1L	0.0	0.011482435	6.855795	27.496052	1
6205	CMTM8	0.0	0.011781633	6.892589	28.593737	1
6209	CNOT10	0.0	0.12312466	10.267076	44.55244	1
6211	TRIM71	0.0	0.03410587	8.4181	44.55244	1
6214	TMPPE	0.0	0.0018473901	4.28347	5.190242	1
6217	SUSD5	0.0	0.02152704	7.7566924	44.55244	1
6218	FBXL2	0.0	0.05074542	8.989974	44.55244	1
6220	CLASP2	0.0	0.08148289	9.672123	44.55244	1
6221	AC112220.2	0.0	0.015035994	7.2418394	36.635693	1
6228	ARPP21	0.0	0.0026377996	4.774945	5.3617764	1
6233	TRANK1	0.0	0.04457744	8.803403	44.55244	1
6236	MLH1	0.0	0.08313967	9.701128	44.55244	1
6238	AC126118.1	0.0	0.0028608488	4.887939	7.7753053	1
6242	C3orf35	0.0	0.00953057	6.5895495	22.335861	1
6243	ITGA9	0.0	0.024163159	7.9226236	44.55244	1
6244	ITGA9-AS1	0.0	0.04371279	8.775208	44.55244	1
6245	CTDSPL	0.0	0.1441158	10.494014	44.55244	1
6246	VILL	0.0	0.0055155833	5.811364	13.024828	1
6247	PLCD1	0.0	0.018898876	7.5697703	44.55244	1
6254	XYLB	0.0	0.017290866	7.442186	40.722878	1
6256	ACVR2B	0.0	0.084930494	9.731836	44.55244	1
6257	EXOG	0.0	0.12286562	10.264039	44.55244	1
6258	SCN5A	0.0	0.0022055723	4.5270534	5.112648	1
6261	SCN11A	0.0	0.0051504103	5.7143583	12.105199	1
6262	WDR48	0.0	0.20307957	10.98854	44.55244	1
6263	GORASP1	0.0	0.03694324	8.533067	44.55244	1
6264	TTC21A	0.0	0.012851471	7.016972	30.640858	1
6266	AC092053.3	0.0	0.0020290238	4.4121203	5.6508837	1
6275	SLC25A38	0.0	0.06625066	9.373967	44.55244	1
6278	AC099332.1	0.0	0.0028936462	4.903832	6.94781	1
6281	MYRIP	0.0	0.005038089	5.68316	10.525636	1
6282	EIF1B-AS1	0.0	0.015437882	7.279646	35.54578	1
6284	ENTPD3-AS1	0.0	0.025004916	7.971826	44.55244	1
6285	ENTPD3	0.0	0.011070522	6.8035526	24.045763	1
6287	ZNF619	0.0	0.010275416	6.6970253	24.080708	1
6288	ZNF620	0.0	0.032746114	8.359579	44.55244	1
6289	ZNF621	0.0	0.08696986	9.766029	44.55244	1
6295	CTNNB1	0.0	0.5530437	12.433438	44.55244	1
6296	ULK4	0.0	0.01190895	6.907966	29.159117	1
6297	TRAK1	0.0	0.09180352	9.843976	44.55244	1
6306	AC006059.1	0.0	0.009678628	6.6115603	22.909477	1
6325	POMGNT2	0.0	0.03388937	8.40894	44.55244	1
6329	SNRK-AS1	0.0	0.0070290565	6.155639	17.240854	1
6330	ANO10	0.0	0.068773136	9.427797	44.55244	1
6331	ABHD5	0.0	0.06706811	9.391633	44.55244	1
6340	ZNF445	0.0	0.15748833	10.621945	44.55244	1
6341	ZNF852	0.0	0.010152188	6.679788	23.735634	1
6342	ZKSCAN7	0.0	0.032328438	8.341116	44.55244	1
6345	ZNF197	0.0	0.09160319	9.840828	44.55244	1
6348	AC124045.1	0.0	0.010312665	6.7021956	24.73369	1
6350	ZNF501	0.0	0.021679053	7.7667975	44.55244	1
6352	KIF15	0.0	0.05364406	9.069962	44.55244	1
6359	CDCP1	0.0	0.0023197203	4.5967684	5.968981	1
6360	TMEM158	0.0	0.051592663	9.013816	44.55244	1
6363	LIMD1	0.0	0.047065534	8.881589	44.55244	1
6364	LIMD1-AS1	0.0	0.012506851	6.978064	31.246338	1
6365	SACM1L	0.0	0.09659653	9.91732	44.55244	1
6367	LZTFL1	0.0	0.04358914	8.7711315	44.55244	1
6370	FYCO1	0.0	0.04037172	8.66077	44.55244	1
6374	CCR1	0.0	0.03254752	8.35083	44.55244	1
6378	CCRL2	0.0	0.0032137344	5.050386	9.316063	1
6382	LRRC2	0.0	0.0046051457	5.5561676	11.918422	1
6387	ALS2CL	0.0	0.0038311856	5.2968926	10.714102	1
6390	MYL3	0.0	0.003818575	5.2922573	8.679734	1
6391	PTH1R	0.0	0.04562654	8.836888	44.55244	1
6393	NBEAL2	0.0	0.012881796	7.020346	30.7485	1
6395	KIF9-AS1	0.0	0.01461507	7.2011504	33.908447	1
6396	KIF9	0.0	0.04118209	8.689372	44.55244	1
6397	KLHL18	0.0	0.04950406	8.954314	44.55244	1
6398	AC099778.1	0.0	0.016599694	7.383678	39.486294	1
6401	ELP6	0.0	0.19265153	10.912526	44.55244	1
6404	AC112512.1	0.0	0.0027051186	4.80999	7.1951194	1
6407	CDC25A	0.0	0.016331727	7.3603406	40.274372	1
6409	ZNF589	0.0	0.020593693	7.6930475	44.55244	1
6413	PLXNB1	0.0	0.025056776	7.9748034	44.55244	1
6414	CCDC51	0.0	0.06469221	9.339677	44.55244	1
6422	COL7A1	0.0	0.00426965	5.4494457	10.588273	1
6425	SLC26A6	0.0	0.018452374	7.53546	43.273685	1
6426	CELSR3	0.0	0.004038499	5.3710356	9.5205345	1
6429	NCKIPSD	0.0	0.030467248	8.255843	44.55244	1
6433	SLC25A20	0.0	0.040792458	8.675691	44.55244	1
6441	DALRD3	0.0	0.12524414	10.291678	44.55244	1
6444	AC137630.3	0.0	0.0038110989	5.289502	9.545702	1
6447	USP19	0.0	0.056118146	9.134892	44.55244	1
6449	CCDC71	0.0	0.020801445	7.707459	44.55244	1
6454	C3orf62	0.0	0.041249357	8.691721	44.55244	1
6455	USP4	0.0	0.12133104	10.245921	44.55244	1
6458	TCTA	0.0	0.055798706	9.126671	44.55244	1
6463	BSN	0.0	0.0033750948	5.1189804	8.653882	1
6466	MST1	0.0	0.022444678	7.816643	44.55244	1
6467	RNF123	0.0	0.041181836	8.6893635	44.55244	1
6469	GMPPB	0.0	0.038502965	8.592567	44.55244	1
6473	UBA7	0.0	0.0353805	8.470882	44.55244	1
6474	TRAIP	0.0	0.017009977	7.418694	41.046745	1
6482	RBM5-AS1	0.0	0.014998155	7.2382283	35.3642	1
6483	SEMA3F-AS1	0.0	0.0032976035	5.086446	8.760867	1
6484	SEMA3F	0.0	0.011580894	6.8680067	26.633295	1
6488	U73169.1	0.0	0.0020043275	4.3952875	5.2176247	1
6489	U73166.1	0.0	0.0072719557	6.2039757	17.874502	1
6491	SEMA3B	0.0	0.003846144	5.3023715	8.507757	1
6493	IFRD2	0.0	0.10818945	10.080677	44.55244	1
6494	HYAL3	0.0	0.013333862	7.0697303	32.0717	1
6495	NAA80	0.0	0.021199696	7.734689	44.55244	1
6498	TUSC2	0.0	0.16722572	10.708444	44.55244	1
6500	RASSF1-AS1	0.0	0.003316181	5.0943127	8.447351	1
6504	CYB561D2	0.0	0.056935664	9.155721	44.55244	1
6505	TMEM115	0.0	0.1226833	10.261899	44.55244	1
6506	CACNA2D2	0.0	0.0125520155	6.9832234	27.778044	1
6507	CYB561D2-1	0.0	0.002366317	4.6242867	5.626016	1
6508	C3orf18	0.0	0.011596142	6.869889	26.362167	1
6511	CISH	0.0	0.017185202	7.4333935	40.647076	1
6513	LINC02019	0.0	0.008406608	6.410512	19.754808	1
6517	DCAF1	0.0	0.047856864	8.905594	44.55244	1
6529	RRP9	0.0	0.046174612	8.854077	44.55244	1
6530	PARP3	0.0	0.005727941	5.8649144	13.966479	1
6532	PCBP4	0.0	0.082632005	9.692302	44.55244	1
6533	ABHD14B	0.0	0.057424873	9.168042	44.55244	1
6534	ABHD14A	0.0	0.14756882	10.52815	44.55244	1
6535	ACY1	0.0	0.050128076	8.97235	44.55244	1
6538	DUSP7	0.0	0.07665727	9.58416	44.55244	1
6539	POC1A	0.0	0.018798312	7.562114	44.55244	1
6541	ALAS1	0.0	0.14472434	10.500089	44.55244	1
6543	TWF2	0.0	0.1563925	10.611877	44.55244	1
6545	PPM1M	0.0	0.023285072	7.869444	44.55244	1
6546	WDR82	0.0	0.32080933	11.64795	44.55244	1
6547	GLYCTK	0.0	0.020482816	7.6852965	44.55244	1
6549	DNAH1	0.0	0.0051935967	5.7261763	13.4561	1
6551	PHF7	0.0	0.014422756	7.1821713	33.97084	1
6552	SEMA3G	0.0	0.0029703071	4.940311	8.125241	1
6554	NISCH	0.0	0.1608411	10.652317	44.55244	1
6555	STAB1	0.0	0.00382569	5.294874	9.550286	1
6557	SMIM4	0.0	0.12581787	10.298267	44.55244	1
6565	ITIH4	0.0	0.0045379368	5.5354114	10.892051	1
6568	STIMATE	0.0	0.053976074	9.078847	44.55244	1
6569	SFMBT1	0.0	0.015409179	7.2769785	38.301723	1
6577	CHDH	0.0	0.0033676059	5.115868	9.230921	1
6579	AC012467.2	0.0	0.01121123	6.821612	25.975525	1
6580	ACTR8	0.0	0.06045414	9.242082	44.55244	1
6594	WNT5A-AS1	0.0	0.014996865	7.2381053	31.541523	1
6596	ERC2	0.0	0.005016541	5.677097	11.941856	1
6601	ARHGEF3	0.0	0.025838036	8.018926	44.55244	1
6605	IL17RD	0.0	0.054050956	9.080843	44.55244	1
6606	HESX1	0.0	0.0060299295	5.9377985	13.61884	1
6614	ARF4-AS1	0.0	0.007842388	6.311501	18.680918	1
6627	PXK	0.0	0.08704198	9.767224	44.55244	1
6628	PDHB	0.0	0.29950297	11.548836	44.55244	1
6632	ACOX2	0.0	0.012794769	7.010642	29.882168	1
6642	FHIT	0.0	0.047361538	8.890615	44.55244	1
6645	PTPRG-AS1	0.0	0.035697993	8.483735	44.55244	1
6657	ATXN7	0.0	0.12357165	10.272299	44.55244	1
6659	PSMD6-AS2	0.0	0.010811945	6.7697644	25.921099	1
6662	PSMD6-AS1	0.0	0.004416292	5.497067	11.782107	1
6663	AC012557.2	0.0	0.0027881637	4.852081	7.4225273	1
6664	AC092040.1	0.0	0.013256043	7.061349	32.509514	1
6672	ADAMTS9-AS1	0.0	0.0061939596	5.975896	14.603325	1
6673	ADAMTS9-AS2	0.0	0.006721604	6.092039	15.065889	1
6677	MAGI1-IT1	0.0	0.002716732	4.8159504	6.9187746	1
6680	LRIG1	0.0	0.03640523	8.511959	44.55244	1
6687	SUCLG2-AS1	0.0	0.027063482	8.085525	44.55244	1
6691	EOGT	0.0	0.040605728	8.669088	44.55244	1
6692	AC109587.1	0.0	0.0020853449	4.449789	5.468894	1
6696	LMOD3	0.0	0.008186011	6.372606	22.715908	1
6700	MITF	0.0	0.019155579	7.589133	44.55244	1
6701	SAMMSON	0.0	0.0022850188	4.5759287	6.17135	1
6708	FOXP1-IT1	0.0	0.0113973925	6.845163	28.678104	1
6710	AC097634.1	0.0	0.007193046	6.1884494	18.516176	1
6711	EIF4E3	0.0	0.010887754	6.7797527	25.382256	1
6712	GPR27	0.0	0.0043291124	5.4689455	10.135703	1
6715	LINC00877	0.0	0.0076151122	6.269615	16.52723	1
6726	SHQ1	0.0	0.03953644	8.630684	44.55244	1
6727	GXYLT2	0.0	0.012596558	6.9882936	29.167145	1
6729	EBLN2	0.0	0.025061939	7.9750996	44.55244	1
6734	CNTN3	0.0	0.012854375	7.0172954	26.835455	1
6736	LINC02018	0.0	0.0064360593	6.0303493	15.328611	1
6738	LINC00960	0.0	0.13901263	10.442038	44.55244	1
6739	ZNF717	0.0	0.03383923	8.40681	44.55244	1
6740	ROBO2	0.0	0.09547678	9.9005165	44.55244	1
6746	AC117461.1	0.0	0.0026195769	4.7653103	6.197602	1
6761	LINC00971	0.0	0.0038011759	5.285837	10.405227	1
6764	CADM2	0.0	0.011003889	6.7949214	24.026012	1
6769	VGLL3	0.0	0.003284496	5.080869	7.7864866	1
6777	C3orf38	0.0	0.13463573	10.395917	44.55244	1
6783	STX19	0.0	0.0044845454	5.518707	11.358586	1
6784	DHFR2	0.0	0.025673943	8.009769	44.55244	1
6790	EPHA6	0.0	0.0066505596	6.0769353	14.724358	1
6794	CRYBG3	0.0	0.2582981	11.33538	44.55244	1
6796	RIOX2	0.0	0.09327221	9.86685	44.55244	1
6815	CPOX	0.0	0.06016918	9.235277	44.55244	1
6816	ST3GAL6-AS1	0.0	0.0024436563	4.668832	6.1654124	1
6817	ST3GAL6	0.0	0.03303107	8.372041	44.55244	1
6824	COL8A1	0.0	0.020955196	7.7180324	44.55244	1
6830	NIT2	0.0	0.1301325	10.346874	44.55244	1
6832	LNP1	0.0	0.010807146	6.7691298	25.272943	1
6836	ABI3BP	0.0	0.014031737	7.142795	31.384762	1
6837	IMPG2	0.0	0.0067168833	6.09104	16.27761	1
6841	ZBTB11	0.0	0.1307236	10.353407	44.55244	1
6844	AC084198.2	0.0	0.010394575	6.7135	24.508411	1
6848	NFKBIZ	0.0	0.18969111	10.890197	44.55244	1
6855	CBLB	0.0	0.16519116	10.690794	44.55244	1
6858	LINC00882	0.0	0.024827095	7.9615707	44.55244	1
6860	DUBR	0.0	0.07559076	9.563973	44.55244	1
6864	LINC01990	0.0	0.0023183092	4.595927	6.082412	1
6885	DPPA4	0.0	0.058119554	9.18536	44.55244	1
6889	NECTIN3-AS1	0.0	0.0074767545	6.2435083	18.778782	1
6891	CD96	0.0	0.014612712	7.2009196	36.569717	1
6894	PLCXD2	0.0	0.0048514837	5.629789	11.636897	1
6898	ABHD10	0.0	0.073178224	9.517241	44.55244	1
6901	C3orf52	0.0	0.009002245	6.5081506	21.614634	1
6906	CD200	0.0	0.030050516	8.236039	44.55244	1
6917	GTPBP8	0.0	0.13765539	10.427893	44.55244	1
6919	AC078785.1	0.0	0.008986247	6.5056124	21.100168	1
6923	AC026329.1	0.0	0.0071415203	6.1782207	16.50688	1
6927	SIDT1	0.0	0.0074556354	6.239481	20.15546	1
6929	USF3	0.0	0.12309143	10.266686	44.55244	1
6936	CCDC191	0.0	0.03335518	8.3860855	44.55244	1
6946	ZBTB20-AS1	0.0	0.002260142	4.560802	5.7592773	1
6948	ZBTB20-AS2	0.0	0.014699306	7.209386	31.659666	1
6950	ZBTB20-AS4	0.0	0.0047844904	5.610136	11.82373	1
6954	GAP43	0.0	0.03549144	8.475387	44.55244	1
6957	LSAMP-AS1	0.0	0.0021695849	4.504357	5.240416	1
6959	TUSC7	0.0	0.005026451	5.6798882	11.986664	1
6961	AC092691.1	0.0	0.0400944	8.650851	44.55244	1
6962	LINC02024	0.0	0.015674885	7.3014855	36.80766	1
6963	AC092691.3	0.0	0.0034322604	5.14252	8.532468	1
6974	TMEM39A	0.0	0.092181005	9.84989	44.55244	1
6980	ADPRH	0.0	0.0036923776	5.245031	10.09257	1
6982	POPDC2	0.0	0.026492257	8.054862	44.55244	1
6985	MAATS1	0.0	0.002554446	4.730339	5.781429	1
6989	AC092910.3	0.0	0.016057651	7.336074	37.29878	1
7007	HCLS1	0.0	0.028057445	8.137373	44.55244	1
7010	EAF2	0.0	0.0036623292	5.2335544	8.713333	1
7018	WDR5B	0.0	0.021459242	7.7521625	44.55244	1
7019	AC083798.2	0.0	0.011344425	6.838501	26.76822	1
7022	PARP9	0.0	0.0492799	8.947781	44.55244	1
7026	HSPBAP1	0.0	0.04408637	8.787457	44.55244	1
7027	SLC49A4	0.0	0.047499396	8.894799	44.55244	1
7028	LINC02035	0.0	0.0151117155	7.249039	34.523476	1
7029	SEMA5B	0.0	0.1872976	10.871887	44.55244	1
7030	PDIA5	0.0	0.059234705	9.212732	44.55244	1
7033	ADCY5	0.0	0.055927053	9.12998	44.55244	1
7035	HACD2	0.0	0.10218151	9.99833	44.55244	1
7036	MYLK-AS1	0.0	0.01563367	7.2977114	36.362843	1
7037	MYLK	0.0	0.22980116	11.166798	44.55244	1
7040	CCDC14	0.0	0.2903621	11.504134	44.55244	1
7042	KALRN	0.0	0.17310338	10.758251	44.55244	1
7044	UMPS	0.0	0.10633643	10.055777	44.55244	1
7050	SLC12A8	0.0	0.0050118314	5.6757684	13.2695055	1
7051	ZNF148	0.0	0.37067303	11.85632	44.55244	1
7053	OSBPL11	0.0	0.1322619	10.370273	44.55244	1
7057	LINC02614	0.0	0.016272059	7.355092	37.163155	1
7058	AC092903.2	0.0	0.0055193217	5.812324	12.775011	1
7059	ALG1L	0.0	0.007731227	6.2911663	17.416174	1
7063	AC079848.1	0.0	0.0030227613	4.9647503	7.853428	1
7067	AC079848.2	0.0	0.003966381	5.3456736	9.649539	1
7074	ZXDC	0.0	0.040322967	8.659032	44.55244	1
7079	TXNRD3	0.0	0.025201416	7.983074	44.55244	1
7080	CHCHD6	0.0	0.08782852	9.780188	44.55244	1
7091	TPRA1	0.0	0.050630722	8.986716	44.55244	1
7092	MCM2	0.0	0.030911317	8.276651	44.55244	1
7094	PODXL2	0.0	0.043362375	8.763623	44.55244	1
7095	ABTB1	0.0	0.047354497	8.890401	44.55244	1
7102	EEFSEC	0.0	0.044061	8.786629	44.55244	1
7106	GATA2	0.0	0.0089635225	6.502	20.27628	1
7111	RAB7A	0.0	0.35661003	11.800536	44.55244	1
7112	AC112484.3	0.0	0.0028189458	4.8673754	7.1332603	1
7115	ACAD9	0.0	0.068377584	9.419488	44.55244	1
7116	KIAA1257	0.0	0.0029534944	4.9323893	7.431475	1
7119	RAB43	0.0	0.022884168	7.8444967	44.55244	1
7120	AC108673.2	0.0	0.0025862567	4.747525	7.596752	1
7122	AC108673.3	0.0	0.00702294	6.154401	16.430365	1
7126	HMCES	0.0	0.0654734	9.356967	44.55244	1
7128	H1FX-AS1	0.0	0.01426771	7.1666865	32.937218	1
7135	TMCC1	0.0	0.09718095	9.926014	44.55244	1
7136	AC083799.1	0.0	0.021534948	7.75722	44.55244	1
7137	TMCC1-AS1	0.0	0.011964019	6.914567	28.753183	1
7140	ALG1L2	0.0	0.0056195934	5.8378406	14.238306	1
7142	LINC02021	0.0	0.0022213017	4.5368624	5.59573	1
7146	PIK3R4	0.0	0.0335076	8.392644	44.55244	1
7148	ATP2C1	0.0	0.10615534	10.05332	44.55244	1
7150	ASTE1	0.0	0.035699636	8.483801	44.55244	1
7151	NEK11	0.0	0.02335104	7.873508	44.55244	1
7153	AC010210.1	0.0	0.008017268	6.342922	19.049267	1
7154	NUDT16	0.0	0.0951938	9.896238	44.55244	1
7155	AC107027.3	0.0	0.0031661193	5.0295057	7.803359	1
7161	ACAD11	0.0	0.035863955	8.490408	44.55244	1
7162	ACKR4	0.0	0.0025354836	4.719996	6.782878	1
7164	NPHP3	0.0	0.27764362	11.439538	44.55244	1
7168	TMEM108-AS1	0.0	0.0032049858	5.046572	8.53518	1
7174	TF	0.0	0.00470888	5.5876293	11.374713	1
7177	RAB6B	0.0	0.011220377	6.822778	26.220663	1
7183	AMOTL2	0.0	0.018264627	7.520786	42.638626	1
7186	EPHB1	0.0	0.014440543	7.183937	35.330143	1
7189	AC092969.1	0.0	0.012739402	7.004434	29.274586	1
7192	MSL2	0.0	0.07277216	9.509224	44.55244	1
7193	PCCB	0.0	0.08504326	9.733748	44.55244	1
7194	STAG1	0.0	0.2467258	11.269278	44.55244	1
7197	SLC35G2	0.0	0.046522412	8.86488	44.55244	1
7198	NCK1-DT	0.0	0.038438287	8.590149	44.55244	1
7199	AC096992.2	0.0	0.0155767985	7.292487	36.381546	1
7201	IL20RB	0.0	0.0020235158	4.408383	5.739256	1
7208	DZIP1L	0.0	0.029496327	8.209274	44.55244	1
7210	DBR1	0.0	0.06173411	9.272259	44.55244	1
7211	ARMC8	0.0	0.12089989	10.24079	44.55244	1
7213	MRAS	0.0	0.017670851	7.473369	40.662632	1
7215	CEP70	0.0	0.062322773	9.285929	44.55244	1
7217	PIK3CB	0.0	0.02187522	7.7797337	44.55244	1
7222	MRPS22	0.0	0.21187674	11.04969	44.55244	1
7228	AC024933.1	0.0	0.0023359244	4.6063976	6.529548	1
7234	NMNAT3	0.0	0.017129937	7.428774	38.745728	1
7238	CLSTN2	0.0	0.026315147	8.045221	44.55244	1
7248	PXYLP1	0.0	0.025019923	7.972688	44.55244	1
7251	ZBTB38	0.0	0.24531378	11.261001	44.55244	1
7260	GK5	0.0	0.068663836	9.425507	44.55244	1
7262	ATR	0.0	0.14768967	10.529329	44.55244	1
7268	PCOLCE2	0.0	0.017293626	7.4424148	44.55244	1
7273	AC026304.1	0.0	0.008038741	6.3467336	19.25534	1
7277	SLC9A9	0.0	0.08412514	9.718107	44.55244	1
7281	DIPK2A	0.0	0.087957956	9.78231	44.55244	1
7291	PLSCR5	0.0	0.007078186	6.1655474	14.366975	1
7309	CPB1	0.0	0.01832135	7.525235	37.168987	1
7313	GYG1	0.0	0.13515362	10.401451	44.55244	1
7317	CP	0.0	0.002131452	4.479911	5.2412314	1
7320	TM4SF18	0.0	0.022437844	7.816206	44.55244	1
7327	WWTR1-AS1	0.0	0.0031974514	5.0432796	8.164906	1
7330	RNF13	0.0	0.17514838	10.775186	44.55244	1
7339	TSC22D2	0.0	0.14902443	10.542301	44.55244	1
7359	IGSF10	0.0	0.0058254763	5.8888593	12.510796	1
7364	SUCNR1	0.0	0.029731408	8.220688	44.55244	1
7367	MBNL1-AS1	0.0	0.034180358	8.421239	44.55244	1
7379	ARHGEF26-AS1	0.0	0.0024264222	4.659024	5.8537087	1
7380	ARHGEF26	0.0	0.016374579	7.3640976	37.124454	1
7386	MME	0.0	0.054056145	9.080981	44.55244	1
7396	SLC33A1	0.0	0.10539237	10.042923	44.55244	1
7399	AC104472.5	0.0	0.0019482403	4.356313	5.330196	1
7400	KCNAB1	0.0	0.044994026	8.8167925	44.55244	1
7404	AC084036.1	0.0	0.004337902	5.471806	10.663259	1
7406	TIPARP-AS1	0.0	0.0042828983	5.453813	10.484508	1
7409	LEKR1	0.0	0.0024812017	4.689971	6.3578577	1
7417	VEPH1	0.0	0.0027952087	4.8555956	7.366889	1
7418	PTX3	0.0	0.0069097686	6.1312947	14.627452	1
7419	SLC66A1L	0.0	0.002560257	4.733494	6.5965023	1
7423	SHOX2	0.0	0.00727706	6.204974	13.249557	1
7425	AC106707.1	0.0	0.013288149	7.0648127	31.023746	1
7426	MLF1	0.0	0.099700265	9.9629	44.55244	1
7427	GFM1	0.0	0.11484933	10.166782	44.55244	1
7428	LXN	0.0	0.04016765	8.653478	44.55244	1
7431	RARRES1	0.0	0.004642941	5.56771	10.423796	1
7436	IQCJ-SCHIP1	0.0	0.0039117807	5.326171	10.369256	1
7440	SCHIP1	0.0	0.015685827	7.302486	37.666725	1
7444	C3orf80	0.0	0.02862604	8.166215	44.55244	1
7448	KPNA4	0.0	0.35784328	11.805515	44.55244	1
7450	AC069224.1	0.0	0.0038258887	5.2949476	9.814057	1
7453	NMD3	0.0	0.1329473	10.377724	44.55244	1
7455	LINC02067	0.0	0.0026503294	4.781533	6.637253	1
7467	SLITRK3	0.0	0.024196565	7.9246087	44.55244	1
7472	ZBBX	0.0	0.0031392677	5.017596	8.08604	1
7478	AC079822.1	0.0	0.0067614573	6.100443	16.398817	1
7483	LINC02082	0.0	0.010983967	6.7923307	25.300394	1
7487	MECOM	0.0	0.3596831	11.812912	44.55244	1
7489	AC007849.1	0.0	0.003927069	5.3316584	10.277903	1
7492	AC078802.1	0.0	0.0023903947	4.6383023	6.265403	1
7493	MYNN	0.0	0.07575412	9.567084	44.55244	1
7494	AC078795.1	0.0	0.0022968731	4.5830817	5.393916	1
7495	LRRC34	0.0	0.008002869	6.3403606	19.1458	1
7506	PRKCI	0.0	0.11641378	10.186285	44.55244	1
7510	CLDN11	0.0	0.009093836	6.522595	19.40429	1
7517	EIF5A2	0.0	0.039187714	8.617934	44.55244	1
7529	TNFSF10	0.0	0.011976252	6.916029	25.78543	1
7531	NCEH1	0.0	0.007810373	6.3056736	19.63973	1
7536	NLGN1	0.0	0.0036445726	5.2267294	8.134711	1
7538	NAALADL2	0.0	0.018289804	7.5227623	41.556366	1
7545	LINC01209	0.0	0.0020889959	4.4521976	5.638768	1
7558	KCNMB2	0.0	0.0112847565	6.83096	26.573124	1
7560	KCNMB2-AS1	0.0	0.004459172	5.5106997	11.509663	1
7564	KCNMB3	0.0	0.015826222	7.3152604	38.29193	1
7565	ZNF639	0.0	0.11877271	10.215202	44.55244	1
7569	AC007620.2	0.0	0.017155247	7.4308915	41.287857	1
7574	MRPL47	0.0	0.40466374	11.982864	44.55244	1
7577	PEX5L	0.0	0.002407428	4.6481366	5.4038205	1
7585	CCDC39	0.0	0.0029995393	4.953982	7.738179	1
7590	SOX2-OT	0.0	0.003430387	5.1417546	8.460855	1
7607	DCUN1D1	0.0	0.1704773	10.73621	44.55244	1
7608	MCCC1	0.0	0.032659467	8.355768	44.55244	1
7611	MCF2L2	0.0	0.0050115315	5.6756835	11.768576	1
7612	B3GNT5	0.0	0.046969395	8.878646	44.55244	1
7617	YEATS2-AS1	0.0	0.0023814335	4.633102	5.9364343	1
7618	MAP6D1	0.0	0.0032428652	5.0630136	8.459475	1
7619	PARL	0.0	0.20129693	10.975826	44.55244	1
7620	ABCC5	0.0	0.19040282	10.8955965	44.55244	1
7629	DVL3	0.0	0.21867736	11.095248	44.55244	1
7634	EEF1AKMT4	0.0	0.027604925	8.113998	44.55244	1
7639	FAM131A	0.0	0.057912707	9.180225	44.55244	1
7640	CLCN2	0.0	0.013245173	7.0601745	30.612118	1
7643	CHRD	0.0	0.018501552	7.539279	43.32199	1
7647	EPHB3	0.0	0.091118015	9.833175	44.55244	1
7649	AC107294.2	0.0	0.015786413	7.31165	34.432186	1
7654	C3orf70	0.0	0.030205011	8.243413	44.55244	1
7656	EHHADH	0.0	0.0055732755	5.82611	14.198316	1
7658	TMEM41A	0.0	0.081619315	9.674533	44.55244	1
7667	DGKG	0.0	0.0039888243	5.353614	11.052141	1
7671	CRYGS	0.0	0.023703381	7.895023	44.55244	1
7672	TBCCD1	0.0	0.02278548	7.838289	44.55244	1
7674	AC068631.1	0.0	0.0040498287	5.37498	9.748261	1
7686	ST6GAL1	0.0	0.021970052	7.7859464	44.55244	1
7697	BCL6	0.0	0.026035931	8.029891	44.55244	1
7705	LPP-AS2	0.0	0.009105371	6.524404	22.801022	1
7709	TPRG1	0.0	0.0035443222	5.1875787	9.699707	1
7712	P3H2	0.0	0.039195422	8.618217	44.55244	1
7714	CLDN1	0.0	0.0061163343	5.957992	14.10498	1
7717	IL1RAP	0.0	0.08367287	9.71034	44.55244	1
7729	FGF12	0.0	0.009915306	6.646063	22.653214	1
7733	MB21D2	0.0	0.008255918	6.3847265	19.968805	1
7761	LINC00884	0.0	0.0031948169	5.0421267	8.500335	1
7764	TMEM44	0.0	0.0475357	8.8959	44.55244	1
7765	AC046143.1	0.0	0.028372388	8.1534195	44.55244	1
7767	LSG1	0.0	0.099509306	9.960136	44.55244	1
7768	FAM43A	0.0	0.03776077	8.56456	44.55244	1
7774	XXYLT1	0.0	0.13321297	10.380602	44.55244	1
7783	AC233280.1	0.0	0.0034299374	5.141571	8.911754	1
7784	MUC20	0.0	0.01992084	7.6453586	44.55244	1
7787	TNK2	0.0	0.043149125	8.756527	44.55244	1
7791	TFRC	0.0	0.08996579	9.814836	44.55244	1
7794	SLC51A	0.0	0.0029933108	4.95108	7.527959	1
7805	WDR53	0.0	0.022522626	7.821623	44.55244	1
7806	FBXO45	0.0	0.0932199	9.866041	44.55244	1
7809	NRROS	0.0	0.0027679133	4.8419294	7.182017	1
7811	CEP19	0.0	0.053224992	9.058668	44.55244	1
7817	NCBP2AS2	0.0	0.22390808	11.129335	44.55244	1
7818	PIGZ	0.0	0.004451374	5.50823	12.447653	1
7820	MELTF	0.0	0.01628256	7.356017	36.11389	1
7821	MELTF-AS1	0.0	0.015505844	7.2859426	35.03672	1
7829	BDH1	0.0	0.0020877258	4.45136	5.354328	1
7830	AC024560.3	0.0	0.0020822329	4.4477334	5.1167088	1
7831	AC024560.4	0.0	0.0024971457	4.698855	6.1560264	1
7834	RUBCN	0.0	0.04304463	8.753037	44.55244	1
7841	LMLN	0.0	0.03962912	8.634053	44.55244	1
7842	AC135893.1	0.0	0.0016493951	4.128784	5.0411773	1
7844	ZNF595	0.0	0.032138575	8.332644	44.55244	1
7845	ZNF718	0.0	0.033210333	8.379827	44.55244	1
7846	AC253576.2	0.0	0.0031134975	5.0060725	7.797182	1
7849	ZNF141	0.0	0.1143293	10.160241	44.55244	1
7851	AC092574.1	0.0	0.0031860617	5.0382876	8.034123	1
7853	PIGG	0.0	0.06295919	9.300563	44.55244	1
7854	TMEM271	0.0	0.0056210514	5.838208	13.627614	1
7855	AC116565.1	0.0	0.005398704	5.7810197	12.546723	1
7864	AC139887.4	0.0	0.004428229	5.500875	11.380682	1
7865	AC139887.2	0.0	0.060505252	9.2432995	44.55244	1
7871	TMEM175	0.0	0.05214247	9.029079	44.55244	1
7872	DGKQ	0.0	0.018159362	7.5124927	43.190712	1
7873	SLC26A1	0.0	0.0026946175	4.804579	6.7834334	1
7874	IDUA	0.0	0.022561183	7.8240795	44.55244	1
7875	FGFRL1	0.0	0.026107734	8.033849	44.55244	1
7877	RNF212	0.0	0.006966224	6.1428676	15.707363	1
7882	CTBP1-AS	0.0	0.021613836	7.7624707	44.55244	1
7889	CRIPAK	0.0	0.015262544	7.2632732	36.58759	1
7892	AC147067.1	0.0	0.0065909927	6.0641484	16.855755	1
7895	AC016773.1	0.0	0.006570813	6.0597906	15.968801	1
7896	TACC3	0.0	0.04232308	8.728705	44.55244	1
7897	TMEM129	0.0	0.054785274	9.100275	44.55244	1
7901	NELFA	0.0	0.10160028	9.9901085	44.55244	1
7903	NAT8L	0.0	0.002261311	4.5615163	5.818901	1
7904	POLN	0.0	0.00868383	6.456778	21.037043	1
7913	FAM193A	0.0	0.14258848	10.478653	44.55244	1
7915	SH3BP2	0.0	0.2041907	10.9964075	44.55244	1
7919	NOP14-AS1	0.0	0.026428577	8.051403	44.55244	1
7921	GRK4	0.0	0.08398985	9.715788	44.55244	1
7935	ADRA2C	0.0	0.0060546785	5.9436116	14.755595	1
7939	ZBTB49	0.0	0.021127708	7.729805	44.55244	1
7942	STX18	0.0	0.13933566	10.445384	44.55244	1
7944	STX18-AS1	0.0	0.02971324	8.21981	44.55244	1
7948	STK32B	0.0	0.0034913465	5.166453	9.863628	1
7950	EVC2	0.0	0.03724498	8.54477	44.55244	1
7951	EVC	0.0	0.0321932	8.335087	44.55244	1
7952	CRMP1	0.0	0.17970859	10.812246	44.55244	1
7958	WFS1	0.0	0.041917864	8.714859	44.55244	1
7963	LINC02482	0.0	0.016167907	7.345885	36.97949	1
7964	AC093323.1	0.0	0.05240455	9.036299	44.55244	1
7971	TBC1D14	0.0	0.047567844	8.8968725	44.55244	1
7972	AC097382.3	0.0	0.01788527	7.490672	39.301357	1
7975	CCDC96	0.0	0.018050069	7.5038314	44.55244	1
7977	GRPEL1	0.0	0.13253622	10.373259	44.55244	1
7979	SORCS2	0.0	0.007027823	6.15539	16.70029	1
7991	AC104825.1	0.0	0.010212985	6.6883183	23.380936	1
7992	ACOX3	0.0	0.03573933	8.4854	44.55244	1
7993	TRMT44	0.0	0.021145703	7.731027	44.55244	1
7995	AC105345.1	0.0	0.0030177047	4.9624124	7.45775	1
8001	AC108519.1	0.0	0.009287266	6.5526333	21.828695	1
8032	ZNF518B	0.0	0.11050075	10.111146	44.55244	1
8044	AC007370.2	0.0	0.006180966	5.9729147	14.21446	1
8049	NKX3-2	0.0	0.044075716	8.787109	44.55244	1
8050	LINC01096	0.0	0.004426596	5.500355	9.813809	1
8059	LINC00504	0.0	0.0037476483	5.2659054	9.221482	1
8061	CPEB2	0.0	0.019461025	7.6118383	44.55244	1
8065	CC2D2A	0.0	0.14091732	10.461657	44.55244	1
8069	BST1	0.0	0.0027041736	4.8095036	6.9817624	1
8073	PROM1	0.0	0.022714324	7.833796	44.55244	1
8075	TAPT1	0.0	0.05261523	9.042076	44.55244	1
8077	TAPT1-AS1	0.0	0.0026850458	4.799629	6.740964	1
8098	SLIT2	0.0	0.24003935	11.229656	44.55244	1
8099	SLIT2-IT1	0.0	0.0018906001	4.3151317	5.0676165	1
8100	PACRGL	0.0	0.050255533	8.9760065	44.55244	1
8101	KCNIP4	0.0	0.050011	8.968984	44.55244	1
8104	AC096576.6	0.0	0.042784348	8.7443075	44.55244	1
8105	AC096576.3	0.0	0.002659522	4.7863464	6.3629823	1
8107	KCNIP4-IT1	0.0	0.07814159	9.611792	44.55244	1
8109	ADGRA3	0.0	0.09830839	9.942637	44.55244	1
8114	PPARGC1A	0.0	0.019282	7.5985737	43.95038	1
8118	SOD3	0.0	0.01170433	6.8831725	28.772522	1
8119	CCDC149	0.0	0.031775836	8.316319	44.55244	1
8120	LGI2	0.0	0.037617788	8.559101	44.55244	1
8121	SEPSECS	0.0	0.027460549	8.106461	44.55244	1
8125	ZCCHC4	0.0	0.023584107	7.8877754	44.55244	1
8126	ANAPC4	0.0	0.07078674	9.469372	44.55244	1
8129	SEL1L3	0.0	0.005495175	5.8061113	13.329764	1
8138	STIM2-AS1	0.0	0.0032690666	5.074277	8.8267355	1
8147	AC097480.1	0.0	0.004883931	5.639212	11.934214	1
8171	ARAP2	0.0	0.017682916	7.474348	38.193623	1
8179	NWD2	0.0	0.006321767	6.0048985	13.877628	1
8180	C4orf19	0.0	0.0029124853	4.9128823	7.2766957	1
8183	RELL1	0.0	0.052128818	9.028703	44.55244	1
8184	PGM2	0.0	0.08845595	9.790445	44.55244	1
8193	KLF3-AS1	0.0	0.041198775	8.689956	44.55244	1
8198	TLR6	0.0	0.0024559768	4.6758027	7.191305	1
8202	AC079921.1	0.0	0.012320383	6.956566	29.7214	1
8204	WDR19	0.0	0.06264218	9.293292	44.55244	1
8210	UGDH-AS1	0.0	0.013636324	7.101852	32.817944	1
8213	AC108471.3	0.0	0.004490402	5.5205483	10.495344	1
8214	AC108471.2	0.0	0.0070632254	6.1625376	16.401285	1
8218	AC095057.3	0.0	0.011534523	6.8622684	26.275305	1
8227	NSUN7	0.0	0.015350999	7.2715564	35.172516	1
8228	APBB2	0.0	0.14177036	10.470358	44.55244	1
8240	TMEM33	0.0	0.14316398	10.48446	44.55244	1
8243	SLC30A9	0.0	0.16948809	10.727819	44.55244	1
8248	ATP8A1	0.0	0.0121711055	6.9391212	28.161432	1
8260	GUF1	0.0	0.08561532	9.743409	44.55244	1
8261	GNPDA2	0.0	0.12624629	10.303167	44.55244	1
8263	AC096586.1	0.0	0.002375158	4.629449	6.3589535	1
8266	AC104072.1	0.0	0.0027753655	4.8456736	6.259768	1
8267	GABRA2	0.0	0.10253343	10.003285	44.55244	1
8271	GABRB1	0.0	0.030145684	8.240585	44.55244	1
8272	AC107398.3	0.0	0.021227622	7.7365794	44.55244	1
8278	CORIN	0.0	0.03788833	8.569412	44.55244	1
8280	AC107068.1	0.0	0.012694741	6.9994073	29.85384	1
8282	NIPAL1	0.0	0.029149748	8.192281	44.55244	1
8283	CNGA1	0.0	0.010772765	6.764575	25.284517	1
8284	TXK	0.0	0.0023597162	4.62042	6.60491	1
8287	SLC10A4	0.0	0.013617202	7.0998425	29.745073	1
8294	DCUN1D4	0.0	0.1024067	10.001503	44.55244	1
8295	AC027271.1	0.0	0.0024447567	4.669456	6.3568907	1
8296	LRRC66	0.0	0.0022066454	4.5277243	5.5383763	1
8299	SPATA18	0.0	0.014703738	7.209818	35.06366	1
8301	USP46	0.0	0.28233305	11.463693	44.55244	1
8302	USP46-AS1	0.0	0.018102419	7.5079865	42.397102	1
8308	RASL11B	0.0	0.005714319	5.8615384	13.8516865	1
8312	LNX1	0.0	0.013268059	7.0626464	31.466833	1
8332	KDR	0.0	0.023647867	7.891654	44.55244	1
8335	SRD5A3-AS1	0.0	0.005480211	5.802248	13.360988	1
8346	CEP135	0.0	0.15108642	10.562113	44.55244	1
8347	KIAA1211	0.0	0.038795352	8.603454	44.55244	1
8350	AC068620.1	0.0	0.0029164823	4.9147954	7.458921	1
8351	PPAT	0.0	0.071306966	9.479921	44.55244	1
8355	ARL9	0.0	0.011181647	6.817834	26.50746	1
8357	HOPX	0.0	0.033899345	8.409363	44.55244	1
8361	NOA1	0.0	0.08265037	9.692622	44.55244	1
8386	ADGRL3	0.0	0.03981809	8.640899	44.55244	1
8387	AC020741.1	0.0	0.0022182944	4.5349917	5.7796006	1
8395	EPHA5	0.0	0.0030881665	4.994655	6.851121	1
8402	AC104806.2	0.0	0.0021518571	4.4930434	6.304314	1
8406	UBA6-AS1	0.0	0.06279612	9.296827	44.55244	1
8426	SULT1B1	0.0	0.0074863294	6.2453303	20.25853	1
8427	SULT1E1	0.0	0.09751712	9.93099	44.55244	1
8447	UTP3	0.0	0.17653497	10.786555	44.55244	1
8448	AC009570.1	0.0	0.0025743905	4.7411385	6.8487463	1
8452	DCK	0.0	0.07417933	9.536817	44.55244	1
8459	COX18	0.0	0.05631705	9.139988	44.55244	1
8472	PF4	0.0	0.0026415982	4.776945	8.069946	1
8476	CXCL3	0.0	0.0018178765	4.261438	5.2950206	1
8479	MTHFD2L	0.0	0.103986174	10.023562	44.55244	1
8480	AC093677.2	0.0	0.009755643	6.622878	22.754246	1
8484	AREG	0.0	0.007095435	6.16901	17.617226	1
8488	PARM1	0.0	0.01683999	7.4042892	36.46739	1
8498	THAP6	0.0	0.080199584	9.649249	44.55244	1
8500	CDKL2	0.0	0.005393048	5.779535	12.644748	1
8505	NAAA	0.0	0.019247409	7.5959964	44.55244	1
8506	SDAD1	0.0	0.17844501	10.802073	44.55244	1
8510	CXCL10	0.0	0.01892833	7.5720053	34.270252	1
8512	NUP54	0.0	0.18947671	10.888566	44.55244	1
8517	STBD1	0.0	0.034174494	8.420992	44.55244	1
8519	SHROOM3	0.0	0.08218107	9.684417	44.55244	1
8520	AC107072.2	0.0	0.010851499	6.7749844	25.23218	1
8522	SOWAHB	0.0	0.0029461358	4.9289083	7.1461167	1
8530	FRAS1	0.0	0.062062707	9.279905	44.55244	1
8531	ANXA3	0.0	0.0077114403	6.2875166	19.732237	1
8534	AC098818.2	0.0	0.0033761095	5.119402	8.608313	1
8537	LINC01088	0.0	0.007644694	6.2751365	18.957567	1
8546	PRDM8	0.0	0.015186421	7.256107	34.21368	1
8547	FGF5	0.0	0.0026856766	4.799956	6.5147686	1
8549	BMP3	0.0	0.0030093256	4.95853	8.002677	1
8552	RASGEF1B	0.0	0.017407404	7.4518213	43.438496	1
8553	AC124016.2	0.0	0.012026547	6.922025	28.216034	1
8558	TMEM150C	0.0	0.008229006	6.3800726	19.277035	1
8561	SCD5	0.0	0.01729305	7.442367	37.26114	1
8563	THAP9-AS1	0.0	0.064047806	9.325256	44.55244	1
8564	THAP9	0.0	0.0168699	7.406834	38.6953	1
8565	LIN54	0.0	0.031175507	8.28889	44.55244	1
8566	COPS4	0.0	0.2316036	11.178064	44.55244	1
8570	COQ2	0.0	0.036812358	8.52796	44.55244	1
8572	HELQ	0.0	0.07447323	9.542514	44.55244	1
8575	GPAT3	0.0	0.0017289459	4.1929407	5.3338265	1
8580	CDS1	0.0	0.004062684	5.379442	9.659384	1
8581	WDFY3	0.0	0.14002188	10.452466	44.55244	1
8583	WDFY3-AS2	0.0	0.023882046	7.905811	44.55244	1
8590	C4orf36	0.0	0.0024813332	4.6900444	6.918045	1
8591	AC093827.4	0.0	0.01152123	6.860619	28.787092	1
8592	AFF1	0.0	0.2686857	11.392241	44.55244	1
8597	NUDT9	0.0	0.21881165	11.096133	44.55244	1
8606	SPP1	0.0	0.009005174	6.5086145	16.981071	1
8607	PKD2	0.0	0.18939446	10.88794	44.55244	1
8613	HERC6	0.0	0.026680332	8.06503	44.55244	1
8614	HERC5	0.0	0.0653661	9.354605	44.55244	1
8619	NAP1L5	0.0	0.089916036	9.814038	44.55244	1
8620	FAM13A-AS1	0.0	0.010428425	6.718146	25.31281	1
8622	TIGD2	0.0	0.02606883	8.031706	44.55244	1
8624	GPRIN3	0.0	0.10768609	10.073956	44.55244	1
8631	MMRN1	0.0	0.011392971	6.844608	29.014282	1
8633	CCSER1	0.0	0.017574467	7.465523	44.55244	1
8640	GRID2	0.0	0.007865646	6.3157196	16.631674	1
8651	BMPR1B	0.0	0.0029563815	4.933753	6.981612	1
8653	AC106881.1	0.0	0.048660643	8.929573	44.55244	1
8662	RAP1GDS1	0.0	0.12675875	10.309008	44.55244	1
8666	EIF4E	0.0	0.2864647	11.484645	44.55244	1
8669	METAP1	0.0	0.09338884	9.86865	44.55244	1
8670	AC019131.2	0.0	0.0037989437	5.2850113	9.874311	1
8672	AP002026.1	0.0	0.010322396	6.703543	23.54434	1
8680	TRMT10A	0.0	0.051505066	9.011369	44.55244	1
8685	LAMTOR3	0.0	0.20737322	11.018709	44.55244	1
8686	DNAJB14	0.0	0.42159793	12.041994	44.55244	1
8689	DDIT4L	0.0	0.003051183	4.977822	7.557012	1
8692	AC097459.1	0.0	0.0021284523	4.47797	5.461327	1
8697	AP001816.1	0.0	0.04633717	8.859137	44.55244	1
8698	BANK1	0.0	0.008883839	6.48926	21.582548	1
8701	SLC39A8	0.0	0.046205092	8.855027	44.55244	1
8702	AC098487.1	0.0	0.023712331	7.895565	44.55244	1
8703	AF213884.3	0.0	0.0020316304	4.4138856	5.611015	1
8707	AC018797.3	0.0	0.0032164291	5.051559	8.711763	1
8708	UBE2D3-AS1	0.0	0.027800245	8.124134	44.55244	1
8709	CISD2	0.0	0.27026275	11.400681	44.55244	1
8710	SLC9B1	0.0	0.0035429138	5.187021	9.010807	1
8711	SLC9B2	0.0	0.019234544	7.595037	44.55244	1
8717	TACR3	0.0	0.0029786667	4.944234	7.4248815	1
8721	CXXC4	0.0	0.12645704	10.3055725	44.55244	1
8722	CXXC4-AS1	0.0	0.002381315	4.633033	6.1992855	1
8733	INTS12	0.0	0.0888434	9.796743	44.55244	1
8736	NPNT	0.0	0.021560527	7.7589245	44.55244	1
8738	AC109361.1	0.0	0.003264699	5.072406	8.396844	1
8739	TBCK	0.0	0.102841586	10.00761	44.55244	1
8743	AC092445.1	0.0	0.0018881216	4.313334	5.1614127	1
8744	DKK2	0.0	0.013571867	7.0950665	28.249104	1
8746	PAPSS1	0.0	0.22489634	11.135686	44.55244	1
8747	SGMS2	0.0	0.006236299	5.9855685	15.702426	1
8748	AC096564.1	0.0	0.0018615025	4.293887	5.260103	1
8749	CYP2U1	0.0	0.020818017	7.7086024	44.55244	1
8753	LEF1-AS1	0.0	0.019592414	7.621496	44.55244	1
8759	COL25A1	0.0	0.1796142	10.811489	44.55244	1
8761	SEC24B-AS1	0.0	0.023766123	7.8988204	44.55244	1
8763	MCUB	0.0	0.005511595	5.810339	13.189088	1
8764	CASP6	0.0	0.15231429	10.573783	44.55244	1
8767	CFI	0.0	0.0025319215	4.7180448	6.35751	1
8769	GAR1	0.0	0.20608898	11.009751	44.55244	1
8770	RRH	0.0	0.003138949	5.017454	8.0102005	1
8774	ENPEP	0.0	0.00659579	6.065182	17.138676	1
8776	PANCR	0.0	0.005692858	5.8562036	14.151726	1
8783	FAM241A	0.0	0.20318963	10.989321	44.55244	1
8784	AC109347.1	0.0	0.0049117273	5.647236	12.151872	1
8787	TIFA	0.0	0.039379753	8.6249695	44.55244	1
8791	ZGRF1	0.0	0.04226197	8.726626	44.55244	1
8800	ARSJ	0.0	0.097522154	9.931065	44.55244	1
8801	AC104779.1	0.0	0.0024043333	4.6463547	6.234536	1
8803	NDST4	0.0	0.011566058	6.8661733	22.381351	1
8806	AC093765.5	0.0	0.0060934406	5.952669	13.832322	1
8807	AC093765.4	0.0	0.0063263844	6.0059357	14.727865	1
8816	NDST3	0.0	0.02819337	8.1443205	44.55244	1
8822	SYNPO2	0.0	0.0066126506	6.0688105	14.944173	1
8824	USP53	0.0	0.071388446	9.481566	44.55244	1
8835	AC073475.1	0.0	0.005563266	5.8235626	13.103869	1
8837	PRDM5	0.0	0.024006529	7.91328	44.55244	1
8849	TRPC3	0.0	0.010212282	6.6882195	23.895424	1
8856	BBS12	0.0	0.018340707	7.52675	42.163273	1
8857	FGF2	0.0	0.02731668	8.09891	44.55244	1
8865	LINC01091	0.0	0.006731493	6.094129	16.37122	1
8867	AC108075.1	0.0	0.0029788008	4.944297	6.666883	1
8871	ANKRD50	0.0	0.28717202	11.488202	44.55244	1
8872	FAT4	0.0	0.08212393	9.683414	44.55244	1
8882	HSPA4L	0.0	0.012296831	6.953828	27.96711	1
8884	PLK4	0.0	0.015093758	7.247335	38.036938	1
8887	LARP1B	0.0	0.090136714	9.817571	44.55244	1
8889	LINC02615	0.0	0.0031721129	5.0321507	8.177759	1
8903	LINC02377	0.0	0.0025820308	4.745254	6.569559	1
8929	LINC02511	0.0	0.0049748747	5.6653004	12.12833	1
8949	NOCT	0.0	0.016763011	7.3977184	41.036697	1
8951	MGARP	0.0	0.0024048497	4.646652	5.8881626	1
8952	NDUFC1	0.0	0.6217809	12.602423	44.55244	1
8955	RAB33B	0.0	0.032975905	8.369637	44.55244	1
8958	AC112236.3	0.0	0.0018011727	4.2488174	5.0575147	1
8960	MGST2	0.0	0.23242122	11.183146	44.55244	1
8965	SCOC-AS1	0.0	0.012132385	6.9345617	28.22532	1
8966	CLGN	0.0	0.005720908	5.8631725	12.3638935	1
8968	ELMOD2	0.0	0.11162539	10.125741	44.55244	1
8971	TBC1D9	0.0	0.063390255	9.310391	44.55244	1
8973	AC096733.2	0.0	0.0061177337	5.958317	14.532607	1
8974	RNF150	0.0	0.1341156	10.390337	44.55244	1
8975	ZNF330	0.0	0.13105983	10.35711	44.55244	1
8980	IL15	0.0	0.0023294205	4.6025405	6.5211267	1
8984	AC104596.1	0.0	0.00408147	5.385938	9.652883	1
8989	SMARCA5-AS1	0.0	0.0029363644	4.924273	7.6502013	1
8991	AC107223.1	0.0	0.013276175	7.063522	29.235123	1
8993	GYPE	0.0	0.0030159988	4.9616227	7.005412	1
8999	HHIP-AS1	0.0	0.0043783025	5.48488	10.391032	1
9000	HHIP	0.0	0.0034225404	5.1385446	8.832041	1
9001	ANAPC10	0.0	0.11262915	10.138645	44.55244	1
9007	SMAD1	0.0	0.12218912	10.256081	44.55244	1
9010	MMAA	0.0	0.027008533	8.082603	44.55244	1
9013	ZNF827	0.0	0.16166146	10.659652	44.55244	1
9020	SLC10A7	0.0	0.027498364	8.1084385	44.55244	1
9022	TTC29	0.0	0.008083835	6.3547053	19.310905	1
9028	LINC02507	0.0	0.002583792	4.746201	6.656791	1
9031	PRMT9	0.0	0.04697126	8.878703	44.55244	1
9033	NR3C2	0.0	0.0064510847	6.033662	15.860727	1
9046	DCLK2	0.0	0.12185258	10.252105	44.55244	1
9047	LRBA	0.0	0.07761607	9.602069	44.55244	1
9051	SH3D19	0.0	0.033934135	8.410839	44.55244	1
9052	AC095055.1	0.0	0.0076307165	6.27253	18.068592	1
9057	GATB	0.0	0.04636091	8.859874	44.55244	1
9075	AC023424.3	0.0	0.0022250733	4.5392046	5.762537	1
9076	MIR4453HG	0.0	0.01540262	7.276368	35.18859	1
9077	TMEM154	0.0	0.0077220844	6.289481	19.646914	1
9079	TIGD4	0.0	0.0019946925	4.3886666	5.177402	1
9084	TRIM2	0.0	0.16748159	10.710648	44.55244	1
9086	TMEM131L	0.0	0.15038759	10.5554285	44.55244	1
9089	RNF175	0.0	0.0077744164	6.299101	15.93392	1
9091	SFRP2	0.0	0.13638465	10.414523	44.55244	1
9103	AC097467.3	0.0	0.0019554347	4.3613715	5.1503963	1
9112	GUCY1B1	0.0	0.36806753	11.846147	44.55244	1
9114	TDO2	0.0	0.1964643	10.940785	44.55244	1
9120	PDGFC	0.0	0.099757165	9.963722	44.55244	1
9122	GLRB	0.0	0.0059894044	5.9282293	14.314851	1
9123	GRIA2	0.0	0.08323469	9.702773	44.55244	1
9130	FAM198B-AS1	0.0	0.0062295273	5.984026	14.254194	1
9133	TMEM144	0.0	0.011663944	6.878228	27.869696	1
9137	C4orf46	0.0	0.04900276	8.93966	44.55244	1
9144	LINC02233	0.0	0.013421677	7.07913	28.607956	1
9147	FSTL5	0.0	0.074769914	9.548243	44.55244	1
9149	AC021134.1	0.0	0.0023184838	4.596031	5.7292857	1
9152	NAF1	0.0	0.12931903	10.337834	44.55244	1
9153	NPY1R	0.0	0.25590068	11.321932	44.55244	1
9154	NPY5R	0.0	0.026932077	8.078528	44.55244	1
9157	MARCH1	0.0	0.031750917	8.315191	44.55244	1
9158	AC093788.1	0.0	0.007607343	6.268162	18.193775	1
9160	APELA	0.0	0.0060239453	5.9363894	13.623519	1
9163	FAM218A	0.0	0.007612079	6.2690477	17.483006	1
9167	TMEM192	0.0	0.06872313	9.42675	44.55244	1
9176	SPOCK3	0.0	0.035740163	8.485434	44.55244	1
9182	DDX60L	0.0	0.048403103	8.921933	44.55244	1
9188	SH3RF1	0.0	0.10185047	9.993652	44.55244	1
9193	HPF1	0.0	0.35841778	11.807829	44.55244	1
9200	MFAP3L	0.0	0.015853072	7.3176904	39.55269	1
9201	AADAT	0.0	0.059755467	9.225339	44.55244	1
9211	GALNTL6	0.0	0.011850926	6.9009786	25.07742	1
9212	AC105285.1	0.0	0.005798042	5.882164	14.339979	1
9216	AC097534.2	0.0	0.026180333	8.03784	44.55244	1
9221	AC093849.1	0.0	0.002938681	4.9253736	7.5597067	1
9228	LINC02268	0.0	0.004189958	5.4228916	10.021998	1
9231	FBXO8	0.0	0.077582575	9.601447	44.55244	1
9234	HPGD	0.0	0.09899618	9.952685	44.55244	1
9236	GLRA3	0.0	0.0026837	4.798932	5.4610176	1
9242	GPM6A	0.0	0.010201814	6.6867547	23.199732	1
9244	WDR17	0.0	0.010421709	6.717225	24.432003	1
9250	VEGFC	0.0	0.022738455	7.8353214	44.55244	1
9255	NEIL3	0.0	0.010731124	6.7590394	25.779867	1
9257	AGA	0.0	0.019324757	7.6017528	44.55244	1
9261	LINC01099	0.0	0.007782438	6.30057	20.101526	1
9278	DCTD	0.0	0.21151116	11.0472	44.55244	1
9282	WWC2-AS2	0.0	0.002383569	4.634343	6.2278547	1
9287	CDKN2AIP	0.0	0.10046308	9.973885	44.55244	1
9288	AC107214.1	0.0	0.0103047155	6.7010937	23.870592	1
9295	STOX2	0.0	0.1112673	10.12111	44.55244	1
9296	AC074194.1	0.0	0.002562133	4.734511	6.0194383	1
9299	LINC02363	0.0	0.0019698557	4.3714585	5.3946633	1
9300	LINC02362	0.0	0.0048155542	5.6192822	13.490782	1
9302	AC099343.2	0.0	0.0020785397	4.4452896	5.8177323	1
9303	AC099343.3	0.0	0.016119555	7.3415904	39.37284	1
9305	LINC02427	0.0	0.0036132846	5.214624	8.618878	1
9310	ACSL1	0.0	0.01783225	7.4864125	42.812077	1
9321	SNX25	0.0	0.027128737	8.088986	44.55244	1
9322	LRP2BP	0.0	0.009922538	6.6471043	24.274168	1
9327	CCDC110	0.0	0.0039047601	5.323644	9.442673	1
9334	TLR3	0.0	0.0019526746	4.359433	5.0314345	1
9335	FAM149A	0.0	0.0095999455	6.599905	22.379484	1
9336	CYP4V2	0.0	0.03547562	8.474745	44.55244	1
9337	KLKB1	0.0	0.0065106074	6.046711	15.018124	1
9371	FRG1-DT	0.0	0.0030235338	4.9651074	7.6364455	1
9374	FRG2	0.0	0.009303195	6.555079	20.955301	1
9380	CCDC127	0.0	0.10920343	10.094123	44.55244	1
9384	AHRR	0.0	0.00685114	6.119178	17.430243	1
9385	EXOC3-AS1	0.0	0.056454122	9.143489	44.55244	1
9392	CEP72	0.0	0.009979328	6.655256	24.757294	1
9397	ZDHHC11	0.0	0.005178517	5.7220607	12.048134	1
9406	SLC12A7	0.0	0.020535646	7.688995	44.55244	1
9413	AC026748.3	0.0	0.010573222	6.737852	24.616983	1
9441	IRX1	0.0	0.006875974	6.124323	13.247642	1
9459	ADAMTS16	0.0	0.003682306	5.2411942	9.784167	1
9461	AC091978.1	0.0	0.0049199522	5.649602	12.306203	1
9469	UBE2QL1	0.0	0.004612003	5.5582685	11.201819	1
9471	NSUN2	0.0	0.08040742	9.652978	44.55244	1
9472	SRD5A1	0.0	0.04694211	8.87781	44.55244	1
9474	TENT4A	0.0	0.065166436	9.350198	44.55244	1
9487	ADCY2	0.0	0.004616021	5.5594983	10.7509365	1
9489	C5orf49	0.0	0.004842314	5.627115	12.13331	1
9490	MTRR	0.0	0.043437086	8.766101	44.55244	1
9491	FASTKD3	0.0	0.03236301	8.342653	44.55244	1
9498	MIR4458HG	0.0	0.06723886	9.395295	44.55244	1
9522	CMBL	0.0	0.12314635	10.267329	44.55244	1
9523	AC012640.2	0.0	0.013177905	7.0528836	30.862343	1
9531	ANKRD33B	0.0	0.0029570994	4.9340916	7.674443	1
9536	CTNND2	0.0	0.0031882545	5.03925	7.1403694	1
9543	TRIO	0.0	0.20667703	11.013861	44.55244	1
9547	OTULIN	0.0	0.12096062	10.241514	44.55244	1
9548	ANKH	0.0	0.051854372	9.021101	44.55244	1
9554	FBXL7	0.0	0.061365686	9.263638	44.55244	1
9563	AC024588.1	0.0	0.002083326	4.448456	5.8189626	1
9567	BASP1-AS1	0.0	0.008406461	6.410487	18.981585	1
9593	CDH18	0.0	0.0042644166	5.4477167	9.288206	1
9601	CDH12	0.0	0.010375478	6.710872	21.110958	1
9604	AC091938.1	0.0	0.003617164	5.2161307	7.4916525	1
9611	CDH10	0.0	0.041168354	8.688892	44.55244	1
9618	LINC02211	0.0	0.001926601	4.34099	5.130766	1
9628	PURPL	0.0	0.011249921	6.8265386	22.324652	1
9639	CDH6	0.0	0.024398023	7.9365215	44.55244	1
9640	DROSHA	0.0	0.07896587	9.626911	44.55244	1
9641	C5orf22	0.0	0.048084553	8.912427	44.55244	1
9651	AC025181.2	0.0	0.021686155	7.7672677	44.55244	1
9670	C1QTNF3	0.0	0.008974816	6.5037966	21.257322	1
9676	AC026801.2	0.0	0.004122519	5.400032	9.569522	1
9678	RAD1	0.0	0.115526386	10.175255	44.55244	1
9682	PRLR	0.0	0.03307732	8.374054	44.55244	1
9683	SPEF2	0.0	0.05605769	9.13334	44.55244	1
9691	SKP2	0.0	0.06325531	9.307322	44.55244	1
9694	RANBP3L	0.0	0.004096533	5.391126	9.618408	1
9696	SLC1A3	0.0	0.0035489341	5.189403	7.921903	1
9700	NIPBL-DT	0.0	0.045739032	8.840433	44.55244	1
9703	AC025449.2	0.0	0.002921166	4.9170337	7.9286094	1
9704	NUP155	0.0	0.060724873	9.248518	44.55244	1
9707	GDNF	0.0	0.017984884	7.4986405	36.45487	1
9720	LIFR-AS1	0.0	0.0077989046	6.3035808	18.582556	1
9722	OSMR-AS1	0.0	0.004875214	5.636687	12.082854	1
9724	OSMR	0.0	0.01914308	7.588196	44.55244	1
9730	LINC02104	0.0	0.015006621	7.2390375	35.5986	1
9737	TTC33	0.0	0.09262223	9.856771	44.55244	1
9738	PTGER4	0.0	0.018762177	7.5593524	41.505165	1
9739	PRKAA1	0.0	0.15088235	10.560164	44.55244	1
9741	CARD6	0.0	0.031837128	8.319091	44.55244	1
9745	PLCXD3	0.0	0.0057739946	5.87627	13.144311	1
9746	OXCT1	0.0	0.051854417	9.021103	44.55244	1
9750	FBXO4	0.0	0.026787877	8.070812	44.55244	1
9752	GHR	0.0	0.07120377	9.477835	44.55244	1
9757	AC008875.3	0.0	0.01980985	7.6373386	44.55244	1
9760	AC025171.1	0.0	0.025872182	8.0208235	44.55244	1
9761	AC025171.3	0.0	0.0024641242	4.680394	6.654309	1
9764	AC025171.2	0.0	0.020530978	7.6886683	44.55244	1
9765	AC025171.4	0.0	0.004201511	5.4267716	10.36474	1
9771	TMEM267	0.0	0.044818416	8.811163	44.55244	1
9772	AC114956.3	0.0	0.002797116	4.8565454	7.4573464	1
9773	C5orf34	0.0	0.013976518	7.137147	32.781254	1
9778	NNT	0.0	0.17680411	10.788752	44.55244	1
9780	FGF10	0.0	0.007910509	6.323822	16.797215	1
9784	MRPS30-DT	0.0	0.021988181	7.787131	44.55244	1
9786	MRPS30	0.0	0.124258064	10.280284	44.55244	1
9787	AC093297.2	0.0	0.014675971	7.2071095	34.834507	1
9790	HCN1	0.0	0.009395707	6.569204	19.689114	1
9792	EMB	0.0	0.057117935	9.160324	44.55244	1
9800	AC010478.1	0.0	0.009664842	6.6095247	21.19317	1
9805	AC022126.1	0.0	0.049150743	8.944002	44.55244	1
9813	AC008966.1	0.0	0.006280486	5.9955945	14.759388	1
9815	FST	0.0	0.015148417	7.252516	28.663893	1
9819	ARL15	0.0	0.056466717	9.143809	44.55244	1
9820	AC025175.2	0.0	0.006691478	6.085654	15.941059	1
9826	ESM1	0.0	0.06108228	9.25697	44.55244	1
9831	GZMA	0.0	0.002805472	4.8607006	8.574777	1
9839	PLPP1	0.0	0.10858427	10.085928	44.55244	1
9840	SLC38A9	0.0	0.043741968	8.776169	44.55244	1
9844	AC008914.1	0.0	0.004706004	5.586766	12.657423	1
9846	AC016596.1	0.0	0.0019039685	4.324788	5.444021	1
9847	ANKRD55	0.0	0.003357325	5.111584	9.043983	1
9849	LINC01948	0.0	0.007303043	6.2100463	16.591248	1
9857	SETD9	0.0	0.048711825	8.931087	44.55244	1
9858	MIER3	0.0	0.089012094	9.799478	44.55244	1
9859	AC008937.3	0.0	0.003348392	5.107852	8.451727	1
9873	RAB3C	0.0	0.017815102	7.4850326	41.394077	1
9876	PDE4D	0.0	0.059288256	9.214034	44.55244	1
9883	AC104113.1	0.0	0.0032306388	5.057727	7.9774323	1
9884	ERCC8	0.0	0.05209286	9.027709	44.55244	1
9896	DIMT1	0.0	0.16895744	10.723298	44.55244	1
9897	IPO11	0.0	0.044834074	8.8116665	44.55244	1
9900	AC122707.1	0.0	0.0034727065	5.1589456	9.398945	1
9901	HTR1A	0.0	0.014550722	7.194828	38.04917	1
9903	RGS7BP	0.0	0.06614849	9.371744	44.55244	1
9908	AC092354.1	0.0	0.0024779774	4.6881676	6.560301	1
9914	SHLD3	0.0	0.011101445	6.807541	25.583685	1
9915	TRAPPC13	0.0	0.06142809	9.265101	44.55244	1
9918	AC010359.2	0.0	0.0020473464	4.4244833	5.362062	1
9919	ERBIN	0.0	0.3938488	11.943792	44.55244	1
9921	AC025442.2	0.0	0.0018550121	4.289106	5.068112	1
9926	AC092353.2	0.0	0.019188277	7.5915804	44.55244	1
9928	MAST4	0.0	0.25861818	11.337166	44.55244	1
9929	MAST4-IT1	0.0	0.020528665	7.6885066	44.55244	1
9930	MAST4-AS1	0.0	0.003186636	5.03854	7.9078326	1
9949	SLC30A5	0.0	0.10562925	10.046159	44.55244	1
9950	AC010273.2	0.0	0.002269899	4.566754	5.717168	1
9952	CENPH	0.0	0.052469347	9.038078	44.55244	1
9954	CDK7	0.0	0.04986088	8.964655	44.55244	1
9955	CCDC125	0.0	0.04372061	8.775466	44.55244	1
9958	RAD17	0.0	0.12790194	10.32195	44.55244	1
9961	OCLN	0.0	0.008805984	6.476703	21.370634	1
9963	SERF1B	0.0	0.0035245684	5.1797376	8.384214	1
9964	SMN2	0.0	0.0160483	7.3352385	39.501488	1
9966	AC146944.4	0.0	0.013137944	7.0485353	29.541777	1
9967	SERF1A	0.0	0.015876986	7.3198514	37.091263	1
9970	NAIP	0.0	0.0868136	9.763438	44.55244	1
9978	AC025774.1	0.0	0.002066234	4.437117	5.727001	1
9981	PTCD2	0.0	0.04546106	8.831657	44.55244	1
9989	AC008972.2	0.0	0.0018599861	4.2927713	5.18684	1
9997	FOXD1	0.0	0.01168577	6.8809023	30.628149	1
10001	AC099522.2	0.0	0.004750991	5.6002073	11.275335	1
10004	UTP15	0.0	0.039223548	8.619249	44.55244	1
10013	ENC1	0.0	0.35449642	11.791963	44.55244	1
10015	GFM2	0.0	0.053547647	9.067371	44.55244	1
10017	FAM169A	0.0	0.009938558	6.6494083	22.560738	1
10021	GCNT4	0.0	0.0022004163	4.5238233	7.0971146	1
10028	AC010245.1	0.0	0.0044116643	5.495588	10.679783	1
10029	AC010245.2	0.0	0.007856376	6.3140397	19.500513	1
10030	ANKDD1B	0.0	0.0034109093	5.133773	8.8026085	1
10033	SV2C	0.0	0.002394534	4.6406984	5.5718822	1
10037	F2RL2	0.0	0.014833986	7.2224555	34.578796	1
10044	ZBED3	0.0	0.13176696	10.364867	44.55244	1
10046	ZBED3-AS1	0.0	0.045288842	8.826194	44.55244	1
10047	PDE8B	0.0	0.035173785	8.462453	44.55244	1
10054	SCAMP1-AS1	0.0	0.04006272	8.6497135	44.55244	1
10056	LHFPL2	0.0	0.07254178	9.504656	44.55244	1
10058	DMGDH	0.0	0.0021949748	4.5204062	5.7139173	1
10061	JMY	0.0	0.100371405	9.972569	44.55244	1
10062	HOMER1	0.0	0.067636676	9.403793	44.55244	1
10069	THBS4	0.0	0.042325705	8.728795	44.55244	1
10071	SERINC5	0.0	0.041069437	8.68543	44.55244	1
10076	FAM151B	0.0	0.007335928	6.2164407	17.792843	1
10081	MSH3	0.0	0.11392825	10.155176	44.55244	1
10083	RASGRF2	0.0	0.0026576025	4.7853427	6.8173347	1
10085	CKMT2-AS1	0.0	0.045447234	8.83122	44.55244	1
10089	AC010623.1	0.0	0.024256943	7.9281893	44.55244	1
10105	AC104118.1	0.0	0.003606514	5.2119913	9.782454	1
10107	XRCC4	0.0	0.07024729	9.458351	44.55244	1
10109	VCAN-AS1	0.0	0.0033168236	5.094584	8.318983	1
10112	AC113383.1	0.0	0.020399481	7.6794434	44.55244	1
10140	MEF2C-AS2	0.0	0.0074736024	6.2429075	17.989315	1
10144	MEF2C-AS1	0.0	0.010881918	6.778986	25.314718	1
10153	MBLAC2	0.0	0.018003924	7.500159	41.087204	1
10154	POLR3G	0.0	0.0047187335	5.5905824	11.714456	1
10155	LYSMD3	0.0	0.09373286	9.87395	44.55244	1
10156	ADGRV1	0.0	0.0026863723	4.8003163	6.626116	1
10164	ARRDC3	0.0	0.14586677	10.511424	44.55244	1
10165	ARRDC3-AS1	0.0	0.012030427	6.922487	29.07626	1
10179	POU5F2	0.0	0.022455791	7.817354	44.55244	1
10182	AC114980.1	0.0	0.008677126	6.4556766	20.573944	1
10184	KIAA0825	0.0	0.033502176	8.392411	44.55244	1
10186	SLF1	0.0	0.063982494	9.323787	44.55244	1
10187	MCTP1	0.0	0.018781684	7.5608435	40.1536	1
10190	FAM81B	0.0	0.00592078	5.9118786	15.153351	1
10194	RFESD	0.0	0.008211773	6.3770843	20.278084	1
10195	SPATA9	0.0	0.0052514565	5.74186	13.839043	1
10203	ELL2	0.0	0.06788376	9.409046	44.55244	1
10209	PCSK1	0.0	0.0048349323	5.6249585	11.4528885	1
10212	ERAP1	0.0	0.042368688	8.730256	44.55244	1
10213	AC008906.1	0.0	0.012468743	6.9736967	30.714422	1
10215	AC009126.1	0.0	0.006953153	6.1401963	15.938426	1
10219	LIX1	0.0	0.0036326197	5.2221165	8.742357	1
10220	RIOK2	0.0	0.1277975	10.320772	44.55244	1
10221	AC008883.3	0.0	0.0036591482	5.232334	8.949634	1
10228	RGMB	0.0	0.054137748	9.083154	44.55244	1
10229	RGMB-AS1	0.0	0.006524041	6.0496397	16.151718	1
10230	AC008522.1	0.0	0.018218217	7.517135	40.795574	1
10232	LINC02062	0.0	0.003966942	5.3458724	9.396744	1
10235	AC021086.1	0.0	0.0033065113	5.0902233	8.025674	1
10247	PAM	0.0	0.17130129	10.743162	44.55244	1
10251	C5orf30	0.0	0.056560352	9.146196	44.55244	1
10261	EFNA5	0.0	0.12727	10.31481	44.55244	1
10263	FBXL17	0.0	0.082461365	9.689323	44.55244	1
10265	LINC01023	0.0	0.0071515082	6.180209	16.599598	1
10269	AC008467.1	0.0	0.024095822	7.9186144	44.55244	1
10277	TMEM232	0.0	0.008675135	6.4553494	21.749447	1
10278	SLC25A46	0.0	0.12802362	10.323321	44.55244	1
10283	CAMK4	0.0	0.17436236	10.768701	44.55244	1
10295	EPB41L4A-DT	0.0	0.0032902206	5.0833073	9.2482	1
10306	KCNN2	0.0	0.059276786	9.213756	44.55244	1
10315	AC008494.3	0.0	0.0040869415	5.387825	10.398726	1
10316	CCDC112	0.0	0.09778175	9.934896	44.55244	1
10317	FEM1C	0.0	0.041437093	8.6982565	44.55244	1
10318	TICAM2	0.0	0.017986046	7.498733	42.60305	1
10319	AC010226.1	0.0	0.004010809	5.3613505	10.147198	1
10321	AC008549.2	0.0	0.0028884327	4.901317	7.6040072	1
10323	CDO1	0.0	0.030639943	8.26397	44.55244	1
10330	AC034236.2	0.0	0.013887456	7.12799	32.95652	1
10334	SEMA6A-AS1	0.0	0.01619165	7.347989	35.096966	1
10335	SEMA6A-AS2	0.0	0.0029788683	4.9443283	7.5593324	1
10351	TNFAIP8	0.0	0.075026564	9.55318	44.55244	1
10352	HSD17B4	0.0	0.24760395	11.274402	44.55244	1
10356	PRR16	0.0	0.058929853	9.205301	44.55244	1
10357	AC114284.1	0.0	0.007618853	6.2703147	17.991882	1
10367	SNCAIP	0.0	0.030318782	8.248818	44.55244	1
10378	PRDM6	0.0	0.07565423	9.565183	44.55244	1
10381	LINC01170	0.0	0.00397145	5.3474708	12.210472	1
10398	GRAMD2B	0.0	0.052401263	9.036208	44.55244	1
10401	PHAX	0.0	0.37659478	11.87918	44.55244	1
10405	MARCH3	0.0	0.04643053	8.862034	44.55244	1
10408	AC011416.4	0.0	0.0032646335	5.0723777	8.923868	1
10409	MEGF10	0.0	0.069910064	9.451419	44.55244	1
10418	SLC12A2	0.0	0.121575564	10.248824	44.55244	1
10420	SLC27A6	0.0	0.0021434429	4.487643	5.509488	1
10422	ISOC1	0.0	0.110068716	10.105499	44.55244	1
10424	ADAMTS19-AS1	0.0	0.003926599	5.33149	8.509397	1
10425	ADAMTS19	0.0	0.1046071	10.032144	44.55244	1
10426	AC008591.1	0.0	0.005409081	5.7837396	12.682311	1
10427	MINAR2	0.0	0.0019508909	4.358179	5.4068174	1
10428	CHSY3	0.0	0.027275616	8.096747	44.55244	1
10433	RAPGEF6	0.0	0.15041071	10.555651	44.55244	1
10445	PDLIM4	0.0	0.101197086	9.984377	44.55244	1
10447	MIR3936HG	0.0	0.015063211	7.2444315	32.78905	1
10448	SLC22A5	0.0	0.013187591	7.053936	29.89594	1
10461	SEPTIN8	0.0	0.13499674	10.399777	44.55244	1
10464	SHROOM1	0.0	0.021153936	7.7315865	44.55244	1
10467	LEAP2	0.0	0.027478179	8.107384	44.55244	1
10472	AC113410.4	0.0	0.0033727435	5.118004	8.735493	1
10483	AC008608.2	0.0	0.020038335	7.6538005	44.55244	1
10488	CDKL3	0.0	0.026033754	8.029771	44.55244	1
10490	AC109454.2	0.0	0.005118079	5.7054467	12.638209	1
10491	CDKN2AIPNL	0.0	0.14616385	10.514358	44.55244	1
10497	SEC24A	0.0	0.08508283	9.734419	44.55244	1
10502	PCBD2	0.0	0.045171853	8.822471	44.55244	1
10504	PITX1	0.0	0.06577924	9.36368	44.55244	1
10505	C5orf66	0.0	0.006734781	6.0948234	17.051111	1
10518	CXCL14	0.0	0.0048605683	5.6324334	8.172719	1
10527	SMAD5-AS1	0.0	0.0061719017	5.970831	14.99385	1
10529	SMIM32	0.0	0.004954374	5.6594605	13.243743	1
10534	AC112178.1	0.0	0.009465911	6.5798306	22.722225	1
10535	AC109439.2	0.0	0.007386204	6.2261624	17.420275	1
10536	SPOCK1	0.0	0.013776926	7.1165442	31.170628	1
10540	AC106791.1	0.0	0.0026556798	4.7843366	6.6075053	1
10542	PKD2L2	0.0	0.0052233534	5.7342634	12.347374	1
10547	NME5	0.0	0.01247328	6.9742174	29.923769	1
10556	REEP2	0.0	0.006480242	6.0400686	14.396677	1
10562	LRRTM2	0.0	0.010784468	6.766127	25.300894	1
10564	AC011405.1	0.0	0.0030973789	4.998818	8.244203	1
10566	SNHG4	0.0	0.030062428	8.2366085	44.55244	1
10567	MATR3-1	0.0	0.07445988	9.542255	44.55244	1
10573	SPATA24	0.0	0.016550189	7.3793945	40.19437	1
10574	DNAJC18	0.0	0.121989004	10.253717	44.55244	1
10575	ECSCR	0.0	0.024643546	7.9509087	44.55244	1
10577	TMEM173	0.0	0.09868735	9.948182	44.55244	1
10587	PSD2	0.0	0.002139018	4.484794	5.508123	1
10588	NRG2	0.0	0.0070117298	6.1521287	17.501019	1
10593	AC011379.2	0.0	0.0027626527	4.8392806	7.178801	1
10595	AC011379.1	0.0	0.022634258	7.8287244	44.55244	1
10597	HBEGF	0.0	0.051697563	9.016741	44.55244	1
10603	EIF4EBP3	0.0	0.028422905	8.155977	44.55244	1
10604	APBB3	0.0	0.020188183	7.664496	44.55244	1
10608	TMCO6	0.0	0.013389088	7.0756493	32.743084	1
10610	WDR55	0.0	0.08079261	9.659864	44.55244	1
10611	DND1	0.0	0.0031595272	5.026591	7.8602595	1
10613	HARS2	0.0	0.040461503	8.663967	44.55244	1
10614	ZMAT2	0.0	0.32465297	11.665127	44.55244	1
10617	PCDHA2	0.0	0.00509479	5.6989937	12.64413	1
10618	PCDHA3	0.0	0.0030155	4.961392	7.4792624	1
10619	PCDHA4	0.0	0.03263999	8.35491	44.55244	1
10620	PCDHA5	0.0	0.011726232	6.8858466	27.57587	1
10624	PCDHA9	0.0	0.03537349	8.470597	44.55244	1
10626	PCDHA10	0.0	0.14492197	10.502056	44.55244	1
10628	PCDHA11	0.0	0.0049124807	5.647453	11.66402	1
10633	PCDHAC1	0.0	0.010751777	6.7617874	25.00043	1
10635	PCDHAC2	0.0	0.005566431	5.8243685	13.125671	1
10636	AC244517.5	0.0	0.0047483845	5.599432	11.681523	1
10639	PCDHB2	0.0	0.21423103	11.065625	44.55244	1
10641	PCDHB3	0.0	0.008405773	6.4103703	20.168755	1
10642	AC244517.1	0.0	0.012113654	6.932351	27.27234	1
10643	PCDHB4	0.0	0.0149610415	7.234678	35.756596	1
10644	PCDHB5	0.0	0.007124457	6.174817	16.660599	1
10646	PCDHB6	0.0	0.0023469883	4.6129355	6.197178	1
10648	PCDHB7	0.0	0.0020016998	4.3934846	5.394541	1
10650	PCDHB16	0.0	0.023197396	7.864025	44.55244	1
10652	PCDHB9	0.0	0.011092038	6.806329	26.079113	1
10654	PCDHB10	0.0	0.014068792	7.146573	32.393116	1
10655	PCDHB11	0.0	0.003541146	5.186321	8.541169	1
10656	PCDHB12	0.0	0.0036117372	5.2140226	9.625083	1
10657	PCDHB13	0.0	0.004928396	5.6520267	11.840056	1
10659	PCDHB15	0.0	0.01125984	6.827799	25.680843	1
10675	PCDHGB4	0.0	0.005574322	5.826376	13.582344	1
10676	PCDHGA8	0.0	0.007947575	6.3304825	19.8731	1
10678	PCDHGA9	0.0	0.002006228	4.3965898	5.5207524	1
10681	PCDHGB7	0.0	0.014418148	7.1817136	33.201744	1
10682	PCDHGA11	0.0	0.0024623098	4.6793733	6.5993533	1
10684	PCDHGA12	0.0	0.0067047793	6.088476	16.289381	1
10685	AC008781.3	0.0	0.0037393412	5.262787	9.139908	1
10686	PCDHGC3	0.0	0.03184811	8.319587	44.55244	1
10692	HDAC3	0.0	0.19058253	10.896957	44.55244	1
10693	RELL2	0.0	0.008162461	6.3684998	20.677116	1
10694	FCHSD1	0.0	0.02136306	7.7457123	44.55244	1
10699	PCDH1	0.0	0.101895645	9.994292	44.55244	1
10702	PCDH12	0.0	0.024890678	7.965246	44.55244	1
10704	RNF14	0.0	0.10063113	9.976294	44.55244	1
10709	SPRY4-AS1	0.0	0.046287388	8.857589	44.55244	1
10711	AC005592.1	0.0	0.0053319572	5.7634	13.669466	1
10712	LINC01844	0.0	0.011313769	6.8346314	26.118988	1
10714	ARHGAP26	0.0	0.05953281	9.219962	44.55244	1
10723	KCTD16	0.0	0.01878857	7.56137	38.80681	1
10731	SH3RF2	0.0	0.0029152054	4.9141846	7.728347	1
10732	PLAC8L1	0.0	0.0026655456	4.789492	6.8710227	1
10743	PPP2R2B	0.0	0.007923412	6.326144	20.31403	1
10748	DPYSL3	0.0	0.15295553	10.57984	44.55244	1
10758	SPINK5	0.0	0.034975737	8.4543295	44.55244	1
10759	AC011346.1	0.0	0.025013467	7.972317	44.55244	1
10766	FBXO38	0.0	0.069895945	9.451128	44.55244	1
10767	AC114939.1	0.0	0.005665335	5.8493323	13.1075325	1
10770	ADRB2	0.0	0.05515332	9.109918	44.55244	1
10777	AFAP1L1	0.0	0.02757077	8.112219	44.55244	1
10779	GRPEL2	0.0	0.034459718	8.432948	44.55244	1
10781	PCYOX1L	0.0	0.025650239	8.008442	44.55244	1
10784	CARMN	0.055243477	0.995196	4.1686406	5.729532	1
10785	AC131025.2	0.0	0.024890736	7.9652495	44.55244	1
10787	ARHGEF37	0.0	0.0031906217	5.0402884	8.364747	1
10789	PPARGC1B	0.0	0.04723006	8.886613	44.55244	1
10790	PDE6A	0.0	0.003703239	5.249157	9.299259	1
10796	CDX1	0.0	0.0020176414	4.4043865	5.9293666	1
10798	CAMK2A	0.0	0.007076037	6.1651154	15.935519	1
10799	ARSI	0.0	0.009381093	6.5669813	19.989658	1
10801	CD74	0.0	0.027543088	8.110775	44.55244	1
10805	NDST1	0.0	0.07277804	9.50934	44.55244	1
10809	MYOZ3	0.0	0.010623522	6.744635	25.125483	1
10811	RBM22	0.0	0.27759576	11.439289	44.55244	1
10816	GPX3	0.0	0.006561231	6.057717	15.318437	1
10820	CCDC69	0.0	0.004629843	5.56372	11.950888	1
10821	GM2A	0.0	0.045495335	8.832743	44.55244	1
10824	SLC36A1	0.0	0.02992246	8.229898	44.55244	1
10826	AC011337.1	0.0	0.00228109	4.57355	6.4332814	1
10841	GRIA1	0.0	0.0039890567	5.3536963	10.902216	1
10845	MFAP3	0.0	0.023300432	7.8703914	44.55244	1
10846	GALNT10	0.0	0.15552081	10.603819	44.55244	1
10847	SAP30L-AS1	0.0	0.011637267	6.874953	27.797289	1
10849	SAP30L	0.0	0.11422481	10.158923	44.55244	1
10850	HAND1	0.0	0.0102215195	6.689512	20.843517	1
10853	FAXDC2	0.0	0.03327473	8.382612	44.55244	1
10855	GEMIN5	0.0	0.071650065	9.486836	44.55244	1
10859	SGCD	0.0	0.03869768	8.599827	44.55244	1
10868	ITK	0.0	0.0018030343	4.25023	5.287705	1
10872	CYFIP2	0.0	0.066473305	9.3788	44.55244	1
10875	AC008676.1	0.0	0.0033566877	5.1113186	8.117076	1
10876	ADAM19	0.0	0.11368675	10.152117	44.55244	1
10881	THG1L	0.0	0.15262438	10.5767145	44.55244	1
10893	EBF1	0.0	0.45478204	12.151277	44.55244	1
10894	AC136424.2	0.0	0.005616521	5.8370657	13.803789	1
10896	LINC02202	0.0	0.017251786	7.4389405	40.479015	1
10906	ADRA1B	0.0	0.005114317	5.7044063	12.90962	1
10912	C1QTNF2	0.0	0.0047414363	5.597363	12.243528	1
10913	ZBED8	0.0	0.015038504	7.242079	33.116688	1
10921	GABRB2	0.0	0.009402345	6.570212	21.263084	1
10932	MAT2B	0.0	0.11534879	10.173038	44.55244	1
10936	AC109466.1	0.0	0.018071426	7.505528	36.464188	1
10945	TENM2	0.0	0.014265544	7.1664686	31.739698	1
10955	WWC1	0.0	0.010769488	6.76414	24.397026	1
10957	FBLL1	0.0	0.010612618	6.7431674	25.424557	1
10958	PANK3	0.0	0.23766054	11.215294	44.55244	1
10960	SLIT3	0.0	0.16829985	10.717675	44.55244	1
10961	AC011365.1	0.0	0.0055892244	5.83016	12.642858	1
10963	AC011389.1	0.0	0.0048619914	5.6328473	11.496923	1
10971	LCP2	0.0	0.02129166	7.740905	44.55244	1
10974	KCNIP1	0.0	0.007381974	6.225347	16.723095	1
10975	KCNMB1	0.0	0.05417741	9.0842085	44.55244	1
10976	AC027306.1	0.0	0.0024061867	4.6474223	6.2965918	1
10981	RANBP17	0.0	0.10597204	10.050829	44.55244	1
10990	STK10	0.0	0.12194942	10.25325	44.55244	1
10994	AC011407.1	0.0	0.002143059	4.487396	5.36198	1
10996	NEURL1B	0.0	0.038483806	8.591851	44.55244	1
11003	AC008429.1	0.0	0.004244995	5.4412827	10.353962	1
11009	BNIP1	0.0	0.06040173	9.240832	44.55244	1
11010	NKX2-5	0.0	0.012238705	6.947047	28.707245	1
11040	HRH2	0.0	0.0033670994	5.1156573	7.917723	1
11051	SIMC1	0.0	0.035710435	8.484237	44.55244	1
11060	RNF44	0.0	0.115613006	10.176335	44.55244	1
11062	GPRIN1	0.0	0.004249768	5.4428663	11.423983	1
11065	TSPAN17	0.0	0.054867987	9.1024475	44.55244	1
11076	AC146507.3	0.0	0.004440321	5.5047226	11.412169	1
11077	RAB24	0.0	0.025447136	7.997018	44.55244	1
11078	MXD3	0.0	0.039638527	8.634395	44.55244	1
11084	F12	0.0	0.014692184	7.208691	35.51751	1
11087	PRR7	0.0	0.035195965	8.46336	44.55244	1
11091	DOK3	0.0	0.0018779874	4.3059616	5.3294196	1
11094	AC139795.3	0.0	0.0032307156	5.0577602	8.093339	1
11097	AC139795.2	0.0	0.0026763652	4.7951255	6.8443956	1
11104	AC106795.2	0.0	0.0021512453	4.4926515	5.310412	1
11108	N4BP3	0.0	0.0033723994	5.1178613	8.169916	1
11114	COL23A1	0.0	0.0035567288	5.192482	8.226778	1
11117	CLK4	0.0	0.11811804	10.207234	44.55244	1
11121	ZNF354B	0.0	0.039893534	8.643623	44.55244	1
11124	ZNF454	0.0	0.00932264	6.558059	21.06071	1
11127	ZNF879	0.0	0.011036523	6.799155	25.498583	1
11128	ZNF354C	0.0	0.04780923	8.90416	44.55244	1
11141	MAML1	0.0	0.12287478	10.264147	44.55244	1
11142	LTC4S	0.0	0.0034853995	5.164062	8.529789	1
11146	AC008393.1	0.0	0.0067138746	6.0904036	15.97649	1
11156	CNOT6	0.0	0.14816964	10.534007	44.55244	1
11157	SCGB3A1	0.0	0.018957123	7.5741863	44.55244	1
11158	FLT4	0.0	0.004575965	5.547192	11.2317915	1
11163	LINC00847	0.0	0.013463215	7.083555	30.431665	1
11168	BTNL9	0.0	0.06826796	9.417176	44.55244	1
11172	AC008443.5	0.0	0.009181963	6.536358	21.401125	1
11181	TRIM52	0.0	0.09709829	9.9247875	44.55244	1
11182	TRIM52-AS1	0.0	0.0917584	9.843267	44.55244	1
11183	AC008443.8	0.0	0.002723187	4.819253	6.7679143	1
11184	AC008443.3	0.0	0.014775999	7.2168427	33.38756	1
11192	DUSP22	0.0	0.06220777	9.283268	44.55244	1
11215	GMDS	0.0	0.12944736	10.339264	44.55244	1
11217	GMDS-DT	0.0	0.05830495	9.189947	44.55244	1
11223	MYLK4	0.0	0.0034901486	5.1659718	9.14192	1
11224	WRNIP1	0.0	0.08988894	9.813604	44.55244	1
11226	SERPINB9P1	0.0	0.00279459	4.855287	7.055933	1
11227	SERPINB9	0.0	0.022438008	7.816216	44.55244	1
11230	LINC01011	0.0	0.012451897	6.9717617	29.117361	1
11234	RIPK1	0.0	0.1171968	10.195948	44.55244	1
11235	AL031963.3	0.0	0.021680607	7.7669005	44.55244	1
11236	BPHL	0.0	0.094977476	9.89296	44.55244	1
11240	TUBB2B	0.0	0.07232349	9.500314	44.55244	1
11242	SLC22A23	0.0	0.007508449	6.2495303	20.285965	1
11245	PXDC1	0.0	0.051037025	8.998224	44.55244	1
11246	AL391422.4	0.0	0.005760041	5.872839	13.822088	1
11249	FAM50B	0.0	0.0021575063	4.4966583	5.9988437	1
11267	CDYL	0.0	0.22693089	11.148673	44.55244	1
11270	RPP40	0.0	0.051643282	9.015228	44.55244	1
11271	AL359643.3	0.0	0.019255284	7.596584	44.55244	1
11273	PPP1R3G	0.0	0.0071351114	6.1769433	15.812309	1
11274	LYRM4	0.0	0.30455187	11.572946	44.55244	1
11275	FARS2	0.0	0.043497093	8.768088	44.55244	1
11291	RREB1	0.0	0.1752564	10.776074	44.55244	1
11292	AL355336.1	0.0	0.0075218794	6.2520747	19.375322	1
11297	RIOK1	0.0	0.16512401	10.6902075	44.55244	1
11304	EEF1E1	0.0	0.20589	11.008359	44.55244	1
11308	HULC	0.0	0.0107526835	6.761908	25.075472	1
11311	TFAP2A-AS2	0.0	0.004556799	5.541267	11.547726	1
11320	AL358777.1	0.0	0.00244857	4.671616	6.122366	1
11321	C6orf52	0.0	0.008432415	6.414882	19.826302	1
11326	MAK	0.0	0.0039859894	5.3526134	10.604461	1
11328	AL357497.1	0.0	0.0019272271	4.341436	5.0575395	1
11329	SYCP2L	0.0	0.013124798	7.047102	30.443617	1
11330	ELOVL2	0.0	0.017808022	7.4844623	41.258636	1
11332	SMIM13	0.0	0.050736208	8.989713	44.55244	1
11335	NEDD9	0.0	0.014645682	7.204149	34.67528	1
11339	TMEM170B	0.0	0.009530313	6.589511	21.738787	1
11345	AL157373.2	0.0	0.0034888636	5.1654553	8.644579	1
11347	EDN1	0.0	0.004055101	5.3768115	10.474848	1
11349	PHACTR1	0.0	0.057724923	9.175548	44.55244	1
11350	AL008729.1	0.0	0.0023060828	4.5886145	6.1533065	1
11352	AL008729.2	0.0	0.004693515	5.583012	12.363541	1
11353	GFOD1	0.0	0.057037283	9.158289	44.55244	1
11355	SIRT5	0.0	0.04827231	8.918037	44.55244	1
11356	AL441883.1	0.0	0.009287328	6.552643	23.082767	1
11364	CD83	0.0	0.046069417	8.850794	44.55244	1
11374	AL136162.1	0.0	0.0018487412	4.2844706	5.376999	1
11375	JARID2	0.0	0.33655518	11.717056	44.55244	1
11377	DTNBP1	0.0	0.12127558	10.245262	44.55244	1
11380	MYLIP	0.0	0.13840678	10.435741	44.55244	1
11385	AL137003.2	0.0	0.003575417	5.1998363	8.605952	1
11391	RBM24	0.0	0.007094145	6.1687512	17.826393	1
11392	CAP2	0.0	0.031575877	8.3072405	44.55244	1
11393	AL138824.1	0.0	0.002365496	4.623806	5.294504	1
11395	NUP153	0.0	0.1414768	10.467369	44.55244	1
11396	AL138724.1	0.0	0.01471758	7.211166	36.603848	1
11398	NHLRC1	0.0	0.0026387037	4.775421	6.6823754	1
11400	KDM1B	0.0	0.050119046	8.972091	44.55244	1
11413	E2F3	0.0	0.1822482	10.83248	44.55244	1
11414	E2F3-IT1	0.0	0.0071009435	6.170114	18.368048	1
11425	NBAT1	0.0	0.003410005	5.1334014	8.414569	1
11433	DCDC2	0.0	0.022135142	7.7966976	44.55244	1
11435	MRS2	0.0	0.14349575	10.487798	44.55244	1
11436	GPLD1	0.0	0.009608487	6.6011744	22.149359	1
11437	ALDH5A1	0.0	0.03166632	8.311355	44.55244	1
11439	TDP2	0.0	0.09509638	9.894763	44.55244	1
11441	AL031775.1	0.0	0.0044191577	5.497982	10.759012	1
11452	CARMIL1	0.0	0.033163205	8.377784	44.55244	1
11454	SCGN	0.0	0.007875259	6.3174596	17.564253	1
11466	HIST1H3A	0.0	0.002250562	4.554934	5.657516	1
11467	HIST1H4A	0.0	0.003262517	5.07147	8.451958	1
11468	HIST1H4B	0.0	0.002245175	4.551624	6.0057983	1
11469	HIST1H3B	0.0	0.020476347	7.684843	44.55244	1
11470	HIST1H2AB	0.0	0.002827335	4.8715158	7.91429	1
11474	HFE	0.0	0.01003427	6.6630983	23.515055	1
11477	HIST1H2BC	0.0	0.017156199	7.430971	42.862244	1
11479	HIST1H1E	0.0	0.08462905	9.726713	44.55244	1
11480	HIST1H2BD	0.0	0.0944295	9.884621	44.55244	1
11482	HIST1H2BE	0.0	0.005844139	5.893396	14.683406	1
11483	HIST1H4D	0.0	0.0038682816	5.3104424	9.398039	1
11485	HIST1H2AD	0.0	0.0025708773	4.739242	6.906592	1
11486	HIST1H2BF	0.0	0.0055720066	5.8257875	13.964396	1
11487	HIST1H4E	0.0	0.04137487	8.696094	44.55244	1
11489	HIST1H2AE	0.0	0.028976105	8.18369	44.55244	1
11490	HIST1H3E	0.0	0.011217863	6.822458	27.411686	1
11494	HIST1H3F	0.0	0.011677356	6.879872	28.00304	1
11495	HIST1H2BH	0.0	0.023233147	7.866237	44.55244	1
11501	BTN2A2	0.0	0.06795782	9.410617	44.55244	1
11509	ABT1	0.0	0.20680304	11.014739	44.55244	1
11512	AL513548.4	0.0	0.014076098	7.147317	32.26637	1
11513	AL513548.1	0.0	0.020004043	7.651342	44.55244	1
11514	LINC00240	0.0	0.0071465685	6.179226	17.046835	1
11516	AL590062.1	0.0	0.013624448	7.1006045	31.679985	1
11519	HIST1H2AG	0.0	0.026639083	8.062806	44.55244	1
11520	HIST1H4I	0.0	0.003273918	5.076353	9.305859	1
11521	HIST1H2BK	0.0	0.007308561	6.2111216	17.84792	1
11522	HIST1H2AH	0.0	0.026060661	8.031256	44.55244	1
11525	ZNF391	0.0	0.021527242	7.7567058	44.55244	1
11527	ZNF184	0.0	0.05078682	8.991148	44.55244	1
11529	AL021918.5	0.0	0.0020186868	4.4050984	5.493706	1
11532	AL009179.1	0.0	0.011219763	6.8227	26.075756	1
11534	HIST1H2BL	0.0	0.0024969657	4.6987553	6.870831	1
11535	HIST1H2AI	0.0	0.0018148457	4.259156	5.017679	1
11536	HIST1H3H	0.0	0.0078781685	6.3179855	19.313402	1
11539	HIST1H4J	0.0	0.0028341415	4.8748665	7.2209096	1
11541	HIST1H2BN	0.0	0.017218629	7.436181	41.222633	1
11542	HIST1H2AK	0.0	0.006805522	6.1096787	17.622625	1
11543	HIST1H2AL	0.0	0.003965007	5.3451858	11.824886	1
11545	HIST1H3I	0.0	0.003461833	5.154548	9.187121	1
11554	ZNF165	0.0	0.0023694506	4.626118	6.295076	1
11555	ZSCAN16	0.0	0.017563067	7.464592	38.53012	1
11558	ZSCAN9	0.0	0.04837427	8.921076	44.55244	1
11559	ZKSCAN4	0.0	0.03746199	8.55313	44.55244	1
11561	ZSCAN26	0.0	0.06766289	9.404351	44.55244	1
11563	ZSCAN31	0.0	0.012788816	7.009976	28.913757	1
11564	ZKSCAN3	0.0	0.026383864	8.04897	44.55244	1
11565	ZSCAN12	0.0	0.026955873	8.079798	44.55244	1
11566	ZSCAN23	0.0	0.015979087	7.329042	37.872387	1
11570	GPX5	0.0	0.0044227983	5.4991436	11.788774	1
11571	ZBED9	0.0	0.008311053	6.3942146	17.695244	1
11572	AL049543.1	0.0	0.002578973	4.7436085	5.924941	1
11575	AL662890.1	0.0	0.0019527556	4.35949	5.0004086	1
11582	ZNF311	0.0	0.004168587	5.4156866	9.989697	1
11603	GABBR1	0.0	0.124605045	10.284305	44.55244	1
11624	HCG17	0.0	0.006127017	5.9604692	14.540064	1
11625	HCG18	0.0	0.3094971	11.596176	44.55244	1
11626	TRIM39	0.0	0.021033654	7.7233987	44.55244	1
11632	PRR3	0.0	0.09581532	9.905618	44.55244	1
11636	ATAT1	0.0	0.09008716	9.816778	44.55244	1
11637	C6orf136	0.0	0.022679862	7.831615	44.55244	1
11638	DHX16	0.0	0.12385513	10.275602	44.55244	1
11640	NRM	0.0	0.058427364	9.192967	44.55244	1
11641	MDC1	0.0	0.07848148	9.618046	44.55244	1
11644	AL662797.1	0.0	0.0070217615	6.1541624	16.585379	1
11646	IER3-AS1	0.0	0.014520687	7.1918674	34.7546	1
11652	DDR1	0.0	0.025459485	7.997715	44.55244	1
11654	VARS2	0.0	0.023831777	7.902784	44.55244	1
11665	CCHCR1	0.0	0.029472532	8.208114	44.55244	1
11666	TCF19	0.0	0.017474746	7.4573603	42.63336	1
11669	AL662844.4	0.0	0.0032152124	5.0510297	7.5445147	1
11676	AL645933.2	0.0	0.007012669	6.1523194	16.617092	1
11678	HCP5	0.0	0.0049291393	5.65224	13.332914	1
11681	MICB	0.0	0.003380987	5.1214247	8.773596	1
11685	ATP6V1G2	0.0	0.017846452	7.487555	39.34691	1
11692	AIF1	0.0	0.08038782	9.652627	44.55244	1
11695	APOM	0.0	0.014924668	7.2311893	34.59632	1
11696	C6orf47	0.0	0.07683949	9.587581	44.55244	1
11698	GPANK1	0.0	0.10519017	10.040155	44.55244	1
11700	LY6G5B	0.0	0.031453222	8.301643	44.55244	1
11701	LY6G5C	0.0	0.012988243	7.032128	31.061544	1
11711	SAPCD1	0.0	0.0039625256	5.344305	10.265533	1
11717	HSPA1A	0.0	0.027920073	8.130317	44.55244	1
11718	HSPA1B	0.0	0.0497012	8.960037	44.55244	1
11725	ZBTB12	0.0	0.008130521	6.3629117	19.47767	1
11729	SKIV2L	0.0	0.03456179	8.437202	44.55244	1
11730	DXO	0.0	0.034863006	8.449685	44.55244	1
11738	AL662884.5	0.0	0.007932558	6.3277874	18.571863	1
11741	PRRT1	0.0	0.011321409	6.835597	26.325201	1
11742	AL662884.3	0.0	0.0046199136	5.5606885	11.340779	1
11743	PPT2	0.0	0.031444725	8.301255	44.55244	1
11744	EGFL8	0.0	0.030226618	8.244441	44.55244	1
11750	GPSM3	0.0	0.13485493	10.398262	44.55244	1
11751	NOTCH4	0.0	0.011421922	6.8482375	26.481394	1
11752	TSBP1-AS1	0.0	0.015170182	7.2545733	32.724472	1
11765	TAP2	0.0	0.02677105	8.069909	44.55244	1
11767	PSMB8-AS1	0.0	0.0019192881	4.335775	5.457623	1
11768	PSMB9	0.0	0.0076706465	6.2799625	19.024652	1
11769	TAP1	0.0	0.012310465	6.9554133	29.025082	1
11771	HLA-DMA	0.0	0.004752323	5.6006036	11.9923525	1
11776	HLA-DPA1	0.0	0.037137095	8.540597	44.55244	1
11779	COL11A2	0.0	0.006569188	6.059439	15.371287	1
11782	HSD17B8	0.0	0.019797454	7.63644	44.55244	1
11783	RING1	0.0	0.17450473	10.769877	44.55244	1
11784	AL645940.1	0.0	0.0066258535	6.0716457	16.516117	1
11785	HCG25	0.0	0.010614265	6.743389	25.3905	1
11786	VPS52	0.0	0.04835224	8.92042	44.55244	1
11788	B3GALT4	0.0	0.01209357	6.929977	28.670027	1
11789	WDR46	0.0	0.1493545	10.54549	44.55244	1
11790	PFDN6	0.0	0.19292895	10.914601	44.55244	1
11791	RGL2	0.0	0.13617334	10.412288	44.55244	1
11793	ZBTB22	0.0	0.06450857	9.335582	44.55244	1
11794	DAXX	0.0	0.124090634	10.27834	44.55244	1
11799	SYNGAP1	0.0	0.08564781	9.743956	44.55244	1
11804	ITPR3	0.0	0.0056311693	5.8407574	13.672243	1
11807	LEMD2	0.0	0.071389355	9.481585	44.55244	1
11814	SMIM29	0.0	0.08889631	9.797602	44.55244	1
11815	AL354740.1	0.0	0.057623718	9.17302	44.55244	1
11817	RPS10-NUDT3	0.0	0.0027825786	4.849288	7.306136	1
11822	AL451165.2	0.0	0.01676857	7.398194	40.664486	1
11824	UHRF1BP1	0.0	0.032792114	8.361598	44.55244	1
11829	SCUBE3	0.0	0.08620544	9.753307	44.55244	1
11830	Z97832.2	0.0	0.0055241976	5.8135753	13.840853	1
11831	ZNF76	0.0	0.0433193	8.762193	44.55244	1
11832	DEF6	0.0	0.013376763	7.0743303	32.623993	1
11833	PPARD	0.0	0.04908711	8.942137	44.55244	1
11834	FANCE	0.0	0.024975901	7.9701576	44.55244	1
11836	TEAD3	0.0	0.06788014	9.40897	44.55244	1
11839	FKBP5	0.0	0.29649186	11.534264	44.55244	1
11847	SRPK1	0.0	0.2624598	11.358431	44.55244	1
11850	MAPK13	0.0	0.023863876	7.9047174	44.55244	1
11855	ETV7	0.0	0.018974971	7.575537	44.55244	1
11858	KCTD20	0.0	0.253384	11.307679	44.55244	1
11859	STK38	0.0	0.101608574	9.990226	44.55244	1
11875	TMEM217	0.0	0.0044296426	5.501325	11.189764	1
11878	AL096712.2	0.0	0.0022849792	4.575905	6.275262	1
11879	RNF8	0.0	0.15548244	10.603463	44.55244	1
11880	CMTR1	0.0	0.07296736	9.513083	44.55244	1
11884	MDGA1	0.0	0.011813266	6.8964252	28.104012	1
11887	BTBD9	0.0	0.026762895	8.069471	44.55244	1
11894	SAYSD1	0.0	0.09301151	9.862816	44.55244	1
11896	KCNK17	0.0	0.025874702	8.020964	44.55244	1
11898	KIF6	0.0	0.0051789344	5.7221746	12.919576	1
11900	AL590999.1	0.0	0.00237378	4.6286454	6.364265	1
11911	OARD1	0.0	0.1354374	10.404475	44.55244	1
11914	NFYA	0.0	0.08537518	9.739362	44.55244	1
11930	FRS3	0.0	0.009832564	6.634094	22.828003	1
11931	PRICKLE4	0.0	0.0071375696	6.1774335	17.228434	1
11933	USP49	0.0	0.040147085	8.6527405	44.55244	1
11936	MED20	0.0	0.03643103	8.512979	44.55244	1
11937	BYSL	0.0	0.05206414	9.026915	44.55244	1
11938	CCND3	0.0	0.09700368	9.923382	44.55244	1
11946	GUCA1B	0.0	0.0073192	6.213192	18.014961	1
11948	TRERF1	0.0	0.127092	10.312792	44.55244	1
11950	PRPH2	0.0	0.0043065283	5.4615703	10.322691	1
11951	TBCC	0.0	0.13690056	10.419966	44.55244	1
11952	BICRAL	0.0	0.03848835	8.592022	44.55244	1
11954	C6orf226	0.0	0.07450033	9.543038	44.55244	1
11957	AL035587.2	0.0	0.011837916	6.8994074	27.254246	1
11959	AL035587.1	0.0	0.00793473	6.3281775	19.075872	1
11960	GNMT	0.0	0.0037039078	5.2494106	9.666452	1
11962	PPP2R5D	0.0	0.078209974	9.613052	44.55244	1
11964	KLHDC3	0.0	0.24788912	11.276061	44.55244	1
11966	AL136304.1	0.0	0.0028983667	4.906105	7.252067	1
11967	CUL7	0.0	0.10355531	10.017578	44.55244	1
11970	AL355385.1	0.0	0.0023730309	4.6282086	5.8552623	1
11973	CUL9	0.0	0.030008785	8.23404	44.55244	1
11978	CRIP3	0.0	0.0019646748	4.3678427	5.059398	1
11982	ABCC10	0.0	0.03872731	8.600928	44.55244	1
11984	TJAP1	0.0	0.05244244	9.037339	44.55244	1
11985	LRRC73	0.0	0.00328188	5.079754	8.177004	1
11986	POLR1C	0.0	0.059823148	9.22697	44.55244	1
11989	XPO5	0.0	0.06794919	9.410435	44.55244	1
11992	GTPBP2	0.0	0.06325016	9.307204	44.55244	1
11993	MAD2L1BP	0.0	0.07252317	9.504286	44.55244	1
11994	RSPH9	0.0	0.0053060073	5.7564917	12.475111	1
12005	AL109615.4	0.0	0.011913844	6.908554	25.856346	1
12007	TMEM63B	0.0	0.061115712	9.257758	44.55244	1
12010	SLC29A1	0.0	0.033959083	8.411896	44.55244	1
12013	NFKBIE	0.0	0.020469084	7.684334	44.55244	1
12016	AARS2	0.0	0.0434234	8.765648	44.55244	1
12021	SUPT3H	0.0	0.07667546	9.584501	44.55244	1
12022	RUNX2	0.0	0.035662528	8.482305	44.55244	1
12023	AL096865.1	0.0	0.0053324047	5.7635193	15.699623	1
12024	RUNX2-AS1	0.0	0.0022646035	4.5635266	6.4489994	1
12027	ENPP4	0.0	0.0020880024	4.4515424	5.5146866	1
12028	ENPP5	0.0	0.0035400128	5.1858716	8.795827	1
12029	RCAN2	0.0	0.06197014	9.277756	44.55244	1
12031	CYP39A1	0.0	0.008039922	6.346943	18.022251	1
12032	SLC25A27	0.0	0.013883047	7.127535	31.928282	1
12039	ADGRF5	0.0	0.039449845	8.627528	44.55244	1
12044	AL355353.1	0.0	0.005760526	5.872958	13.65631	1
12050	PTCHD4	0.0	0.0039949375	5.3557696	9.29595	1
12051	AL353138.1	0.0	0.005243053	5.7395926	12.386233	1
12081	PAQR8	0.0	0.026696913	8.065923	44.55244	1
12083	TRAM2	0.0	0.100081	9.968393	44.55244	1
12084	TRAM2-AS1	0.0	0.06784808	9.408289	44.55244	1
12097	GCLC	0.0	0.08725907	9.770814	44.55244	1
12101	KLHL31	0.0	0.0033849792	5.1230783	8.146087	1
12102	AL590652.1	0.0	0.027169388	8.091139	44.55244	1
12103	LRRC1	0.0	0.037533447	8.555872	44.55244	1
12115	HCRTR2	0.0	0.0028998766	4.9068313	6.8219976	1
12117	HMGCLL1	0.0	0.06067597	9.247357	44.55244	1
12123	BEND6	0.0	0.013485816	7.0859575	30.725695	1
12127	BAG2	0.0	0.028921498	8.180978	44.55244	1
12132	AL021368.5	0.0	0.002886262	4.900269	7.7878823	1
12133	AL021368.1	0.0	0.00402617	5.366731	9.817059	1
12141	FKBP1C	0.0	0.0025390598	4.7219524	6.7091084	1
12145	AL135905.2	0.0	0.0019925209	4.3871703	5.2798386	1
12147	EYS	0.0	0.00754428	6.2563086	18.851522	1
12148	SCAT8	0.0	0.002073335	4.4418387	5.309487	1
12158	AL391807.1	0.0	0.046480335	8.863577	44.55244	1
12162	COL9A1	0.0	0.010631514	6.74571	23.605978	1
12167	FAM135A	0.0	0.044494703	8.800729	44.55244	1
12168	SDHAF4	0.0	0.037513997	8.555126	44.55244	1
12170	SMAP1	0.0	0.35871175	11.809011	44.55244	1
12171	B3GAT2	0.0	0.019067694	7.582533	43.376347	1
12173	AL589935.1	0.0	0.0023715284	4.6273317	6.3024383	1
12175	OGFRL1	0.0	0.023249147	7.867226	44.55244	1
12177	LINC00472	0.0	0.11486319	10.166956	44.55244	1
12186	KHDC1	0.0	0.035768285	8.486566	44.55244	1
12187	AC019205.1	0.0	0.040573977	8.667962	44.55244	1
12193	CGAS	0.0	0.0050718924	5.6926203	13.395912	1
12194	MTO1	0.0	0.042250656	8.72624	44.55244	1
12204	COL12A1	0.0	0.15374658	10.587276	44.55244	1
12207	AL080250.1	0.0	0.008000694	6.3399734	18.71851	1
12208	FILIP1	0.0	0.0733729	9.521069	44.55244	1
12221	IRAK1BP1	0.0	0.054168787	9.083979	44.55244	1
12223	AL356776.2	0.0	0.007594196	6.265699	17.993248	1
12225	HMGN3-AS1	0.0	0.019878693	7.6423182	44.55244	1
12229	AL391840.3	0.0	0.037245914	8.5448065	44.55244	1
12230	AL451064.1	0.0	0.0023107885	4.591433	5.6347604	1
12231	SH3BGRL2	0.0	0.017055044	7.422489	38.411545	1
12235	ELOVL4	0.0	0.0566878	9.149437	44.55244	1
12240	AL359715.3	0.0	0.0022811822	4.573606	6.394873	1
12241	AL359715.1	0.0	0.013081188	7.0423365	32.241848	1
12242	AL359715.2	0.0	0.002951813	4.931595	7.1870375	1
12244	AL122017.1	0.0	0.002857055	4.8860893	7.334201	1
12252	TPBG	0.0	0.13584273	10.408783	44.55244	1
12253	UBE3D	0.0	0.064418435	9.333568	44.55244	1
12257	RWDD2A	0.0	0.036067937	8.498568	44.55244	1
12258	ME1	0.0	0.01735165	7.4472194	40.52664	1
12259	PRSS35	0.0	0.10622797	10.054306	44.55244	1
12264	CYB5R4	0.0	0.03821327	8.5817	44.55244	1
12267	MRAP2	0.0	0.0024528827	4.6740556	6.649539	1
12268	CEP162	0.0	0.076340035	9.578185	44.55244	1
12269	LINC01611	0.0	0.0016735017	4.1485286	5.22638	1
12270	TBX18	0.0	0.0044486565	5.5073686	10.920361	1
12274	NT5E	0.0	0.0022570516	4.558912	6.2951727	1
12279	HTR1E	0.0	0.018281246	7.522091	39.02329	1
12281	AL139274.2	0.0	0.010640166	6.7468724	24.801176	1
12283	GJB7	0.0	0.0027817686	4.8488827	7.4883175	1
12285	C6orf163	0.0	0.013744114	7.113129	33.09265	1
12286	CFAP206	0.0	0.0031937314	5.0416512	8.104743	1
12287	SLC35A1	0.0	0.08949755	9.807316	44.55244	1
12290	AKIRIN2	0.0	0.26121908	11.351597	44.55244	1
12293	CNR1	0.0	0.0027929307	4.85446	6.0739636	1
12299	SRSF12	0.0	0.070833124	9.470316	44.55244	1
12301	PM20D2	0.0	0.079304844	9.633083	44.55244	1
12302	GABRR1	0.0	0.120823495	10.239879	44.55244	1
12303	GABRR2	0.0	0.0094507765	6.577546	23.855494	1
12304	UBE2J1	0.0	0.47298288	12.207877	44.55244	1
12309	MDN1	0.0	0.12779763	10.320774	44.55244	1
12313	BACH2	0.0	0.0371287	8.540272	44.55244	1
12338	GPR63	0.0	0.005430358	5.789301	13.0118265	1
12348	FAXC	0.0	0.0053668665	5.772642	13.651579	1
12349	COQ3	0.0	0.026642455	8.062988	44.55244	1
12351	AL513550.1	0.0	0.020912208	7.715084	44.55244	1
12352	USP45	0.0	0.050470762	8.98216	44.55244	1
12361	AL133338.1	0.0	0.012152551	6.9369383	29.017092	1
12370	LIN28B	0.0	0.13182405	10.365492	44.55244	1
12373	POPDC3	0.0	0.003603446	5.2107964	9.598034	1
12379	PRDM1	0.0	0.009963352	6.652967	22.281588	1
12385	RTN4IP1	0.0	0.020904303	7.714541	44.55244	1
12386	QRSL1	0.0	0.09308179	9.863904	44.55244	1
12389	CD24	0.0	0.0085264165	6.4306893	18.699257	1
12391	BEND3	0.0	0.015264055	7.2634153	36.077705	1
12392	PDSS2	0.0	0.04235676	8.729851	44.55244	1
12397	AL024507.2	0.0	0.0077779386	6.2997465	18.632729	1
12405	AFG1L	0.0	0.020248974	7.6688123	44.55244	1
12410	ARMC2	0.0	0.013447096	7.08184	32.207806	1
12412	SESN1	0.0	0.07359771	9.525476	44.55244	1
12413	AL390208.1	0.0	0.0022758655	4.570381	5.839479	1
12416	AL359711.2	0.0	0.0019906226	4.385861	5.30208	1
12417	PPIL6	0.0	0.0061628604	5.96875	14.801698	1
12418	SMPD2	0.0	0.013404766	7.077325	33.467766	1
12419	MICAL1	0.0	0.0296706	8.217745	44.55244	1
12420	ZBTB24	0.0	0.06307571	9.303226	44.55244	1
12422	AK9	0.0	0.036697578	8.523467	44.55244	1
12423	FIG4	0.0	0.028488765	8.159305	44.55244	1
12429	METTL24	0.0	0.004504755	5.5250525	10.486755	1
12438	SLC16A10	0.0	0.010443268	6.7201786	26.235748	1
12441	AL080317.1	0.0	0.015551006	7.2901115	37.43465	1
12443	AL080317.2	0.0	0.018038306	7.502896	41.997345	1
12446	AL008730.1	0.0	0.0023196335	4.596717	5.7158995	1
12447	TRAF3IP2	0.0	0.045429744	8.830666	44.55244	1
12448	Z97989.1	0.0	0.011412798	6.8470945	25.81386	1
12455	Z99289.1	0.0	0.00909492	6.522765	21.931515	1
12456	Z99289.2	0.0	0.002782231	4.849114	7.5531893	1
12457	Z99289.3	0.0	0.018018862	7.5013485	44.55244	1
12466	LINC02541	0.0	0.0036672077	5.2354236	10.072364	1
12470	FO393415.1	0.0	0.002046192	4.4237075	5.66268	1
12472	HDAC2-AS2	0.0	0.005388931	5.7784534	13.480282	1
12473	HS3ST5	0.0	0.011680794	6.880293	26.098143	1
12478	FRK	0.0	0.01922674	7.5944543	44.55244	1
12479	AL357141.1	0.0	0.003003046	4.955613	7.732659	1
12480	NT5DC1	0.0	0.16656543	10.70274	44.55244	1
12483	TSPYL4	0.0	0.21137223	11.046252	44.55244	1
12487	CALHM6	0.0	0.0039199553	5.3291078	10.985754	1
12489	TRAPPC3L	0.0	0.005683923	5.8539762	15.85233	1
12490	CALHM5	0.0	0.026230872	8.040611	44.55244	1
12493	RSPH4A	0.0	0.0048054107	5.616302	12.240591	1
12494	ZUP1	0.0	0.07750824	9.600066	44.55244	1
12496	FAM162B	0.0	0.021674415	7.76649	44.55244	1
12500	VGLL2	0.0	0.0031276422	5.0124087	9.130432	1
12506	SLC35F1	0.0	0.1674283	10.710189	44.55244	1
12510	MCM9	0.0	0.035348456	8.469579	44.55244	1
12518	TBC1D32	0.0	0.047624707	8.898593	44.55244	1
12522	PKIB	0.0	0.055189017	9.110849	44.55244	1
12527	SMPDL3A	0.0	0.0255279	8.001572	44.55244	1
12529	CLVS2	0.0	0.014236796	7.163579	31.303993	1
12530	TRDN	0.0	0.24360725	11.250934	44.55244	1
12534	NKAIN2	0.0	0.012329347	6.957607	28.12275	1
12536	RNF217-AS1	0.0	0.0077385604	6.2925167	18.214441	1
12541	AL450332.1	0.0	0.013785191	7.117403	35.23528	1
12542	AL365259.1	0.0	0.002174515	4.5074873	6.3685913	1
12545	NCOA7	0.0	0.124949634	10.288285	44.55244	1
12552	RNF146	0.0	0.19863535	10.956633	44.55244	1
12554	KIAA0408	0.0	0.013415789	7.078502	31.848404	1
12556	C6orf58	0.0	0.0029234749	4.9181356	7.514326	1
12562	LAMA2	0.0	0.0054001017	5.7813864	11.998029	1
12563	AL356124.1	0.0	0.005784133	5.878758	14.358422	1
12567	L3MBTL3	0.0	0.16620101	10.699581	44.55244	1
12569	SAMD3	0.0	0.0024486862	4.671682	6.2539372	1
12570	TMEM200A	0.0	0.028162232	8.142732	44.55244	1
12576	MED23	0.0	0.11077057	10.11466	44.55244	1
12580	ENPP1	0.0	0.019619435	7.6234746	44.55244	1
12582	CCN2	0.0	0.27337325	11.417184	44.55244	1
12583	AL133346.1	0.0	0.0031917468	5.0407815	7.890653	1
12585	LINC01013	0.0	0.0026889958	4.801674	6.542343	1
12586	MOXD1	0.0	0.063335136	9.309138	44.55244	1
12597	VNN2	0.0	0.0040398543	5.371508	9.656878	1
12603	EYA4	0.0	0.013454254	7.082602	29.228306	1
12606	TARID	0.0	0.0049282867	5.651995	11.454801	1
12610	TBPL1	0.0	0.11735416	10.197882	44.55244	1
12611	SLC2A12	0.0	0.006533633	6.0517273	15.319201	1
12614	AL355881.1	0.0	0.0020475355	4.42461	5.279783	1
12626	MYB	0.0	0.0031460214	5.020601	7.6955767	1
12632	LINC00271	0.0	0.005919097	5.911475	15.070414	1
12633	AL035604.1	0.0	0.021004818	7.7214284	44.251408	1
12636	AL360178.1	0.0	0.0017583014	4.2159123	5.1462083	1
12638	AL138828.1	0.0	0.0029284414	4.9205036	6.762202	1
12639	MTFR2	0.0	0.0055470313	5.819421	14.876862	1
12641	AL023284.4	0.0	0.0018847772	4.310905	5.1719055	1
12642	MAP7	0.0	0.029716123	8.219949	44.55244	1
12643	AL024508.2	0.0	0.0043696626	5.482094	10.993342	1
12644	MAP3K5	0.0	0.0456107	8.836389	44.55244	1
12646	AL121933.2	0.0	0.012229944	6.9460225	30.634727	1
12647	PEX7	0.0	0.04558632	8.835619	44.55244	1
12651	IL20RA	0.0	0.0037967747	5.284209	10.648453	1
12653	IFNGR1	0.0	0.16666898	10.703635	44.55244	1
12658	WAKMAR2	0.0	0.02356315	7.8864985	44.55244	1
12659	TNFAIP3	0.0	0.030909104	8.276548	44.55244	1
12667	HEBP2	0.0	0.26473287	11.370867	44.55244	1
12670	GVQW2	0.0	0.005504451	5.8085012	14.100887	1
12671	CCDC28A	0.0	0.04846808	8.923864	44.55244	1
12672	ECT2L	0.0	0.005155372	5.715721	13.010939	1
12673	REPS1	0.0	0.10341467	10.015619	44.55244	1
12676	AL031772.1	0.0	0.0024013447	4.644632	6.2955003	1
12677	TXLNB	0.0	0.005562847	5.823456	11.92231	1
12679	CITED2	0.0	0.3515704	11.780008	44.55244	1
12701	LINC01277	0.0	0.0021227011	4.474242	5.547055	1
12705	ADAT2	0.0	0.036052085	8.497935	44.55244	1
12710	LTV1	0.0	0.17965478	10.811814	44.55244	1
12712	PLAGL1	0.0	0.39987725	11.965702	44.55244	1
12719	EPM2A	0.0	0.016015867	7.332338	38.317276	1
12720	AL023806.1	0.0	0.0038478842	5.3030076	9.176145	1
12730	STXBP5-AS1	0.0	0.002421917	4.656449	6.445065	1
12744	UST	0.0	0.027651547	8.116425	44.55244	1
12759	LATS1	0.0	0.11324062	10.146449	44.55244	1
12760	AL358852.1	0.0	0.0037060701	5.2502303	9.255716	1
12762	PCMT1	0.0	0.34548804	11.754838	44.55244	1
12763	AL355312.2	0.0	0.0021152047	4.469368	5.632352	1
12764	LRP11	0.0	0.038907558	8.60761	44.55244	1
12770	ULBP2	0.0	0.0072036632	6.1905484	17.725473	1
12774	ULBP3	0.0	0.019416932	7.6085825	44.55244	1
12775	PPP1R14C	0.0	0.017200263	7.4346504	40.084003	1
12777	PLEKHG1	0.0	0.037116084	8.539783	44.55244	1
12786	ZBTB2	0.0	0.049963642	8.96762	44.55244	1
12788	ARMT1	0.0	0.15985896	10.643486	44.55244	1
12789	CCDC170	0.0	0.018639037	7.549903	44.55244	1
12790	ESR1	0.0	0.0021835053	4.5131783	5.5717335	1
12798	MYCT1	0.0	0.00930716	6.5556874	21.8805	1
12799	VIP	0.0	0.00868893	6.457616	13.749381	1
12804	RGS17	0.0	0.019246554	7.595933	44.55244	1
12805	AL590867.1	0.0	0.0020662558	4.437132	5.265068	1
12811	AL357075.4	0.0	0.003141107	5.018415	8.044375	1
12812	SCAF8	0.0	0.15696935	10.617186	44.55244	1
12813	TIAM2	0.0	0.039262645	8.620684	44.55244	1
12814	AL596202.1	0.0	0.007502435	6.2483897	18.335384	1
12815	TFB1M	0.0	0.058224596	9.187961	44.55244	1
12830	ZDHHC14	0.0	0.020994628	7.7207317	44.55244	1
12835	SYNJ2	0.0	0.07426348	9.53845	44.55244	1
12836	AL139330.1	0.0	0.0021112843	4.4668126	5.7410817	1
12838	SERAC1	0.0	0.026029058	8.029511	44.55244	1
12846	SYTL3	0.0	0.0031504605	5.0225725	8.046089	1
12851	RSPH3	0.0	0.05440092	9.090137	44.55244	1
12852	AL035530.2	0.0	0.017320761	7.444664	40.478683	1
12857	FNDC1	0.0	0.0045854696	5.550122	12.0552025	1
12865	SOD2-OT1	0.0	0.0023376937	4.6074452	5.853555	1
12873	AIRN	0.0	0.0052832984	5.7504187	12.950757	1
12874	SLC22A1	0.0	0.001959773	4.3644133	5.6702538	1
12886	AL139393.3	0.0	0.014034773	7.143105	31.923275	1
12887	MAP3K4	0.0	0.10508839	10.03876	44.55244	1
12889	PRKN	0.0	0.00883594	6.4815474	21.233492	1
12892	PACRG	0.0	0.0036479288	5.2280216	8.368724	1
12900	CAHM	0.0	0.009452831	6.5778565	23.260757	1
12913	PDE10A	0.0	0.07888958	9.625519	44.55244	1
12925	AL022069.3	0.0	0.009264517	6.549133	21.939693	1
12926	MPC1	0.0	0.19796105	10.95173	44.55244	1
12927	AL022069.1	0.0	0.003622919	5.2183623	8.741878	1
12928	RPS6KA2	0.0	0.028115971	8.140368	44.55244	1
12933	RNASET2	0.0	0.046114832	8.852212	44.55244	1
12935	Z94721.3	0.0	0.007603336	6.2674117	20.26066	1
12956	AFDN-DT	0.0	0.005215642	5.732172	12.5323305	1
12967	DACT2	0.0	0.0024210282	4.6559405	5.0732718	1
12970	SMOC2	0.0	0.02279615	7.838961	44.55244	1
12979	BX322234.1	0.0	0.0039025226	5.322838	9.369696	1
12980	THBS2	0.0	0.0041165487	5.3979907	10.264151	1
12983	AL009176.1	0.0	0.0037129032	5.252818	9.514616	1
12990	TCTE3	0.0	0.016713247	7.3934546	38.03451	1
12992	AL354892.3	0.0	0.0087268865	6.463833	21.643696	1
13004	DLL1	0.0	0.00674301	6.096559	18.406612	1
13005	FAM120B	0.0	0.08663474	9.760467	44.55244	1
13009	TBP	0.0	0.072785474	9.509487	44.55244	1
13011	AL031259.1	0.0	0.0020885742	4.4519196	5.571526	1
13012	AL672310.1	0.0	0.002857467	4.88629	7.343348	1
13016	AC215522.2	0.0	0.002772304	4.8441367	7.013507	1
13020	AC093627.5	0.0	0.015498256	7.285241	36.487713	1
13025	FAM20C	0.0	0.16141975	10.657495	44.55244	1
13034	PRKAR1B	0.0	0.011764614	6.8905215	27.692657	1
13036	AC147651.4	0.0	0.0046374295	5.5660324	12.108378	1
13037	DNAAF5	0.0	0.06709021	9.392107	44.55244	1
13039	GET4	0.0	0.00384873	5.303317	9.311762	1
13040	AC073957.3	0.0	0.007795697	6.3029947	19.08985	1
13042	COX19	0.0	0.13384522	10.387427	44.55244	1
13046	GPR146	0.0	0.0029675157	4.938999	6.853875	1
13050	GPER1	0.0	0.008782052	6.472821	21.541065	1
13057	AC102953.2	0.0	0.007122373	6.1744013	16.63405	1
13058	INTS1	0.0	0.10688725	10.063223	44.55244	1
13060	MAFK	0.0	0.0062966067	5.9992347	15.61328	1
13063	PSMG3-AS1	0.0	0.0219442	7.7842555	44.55244	1
13065	ELFN1	0.0	0.041891098	8.71394	44.55244	1
13069	MAD1L1	0.0	0.07115294	9.476806	44.55244	1
13071	MRM2	0.0	0.09678067	9.920065	44.55244	1
13073	SNX8	0.0	0.052191496	9.030433	44.55244	1
13075	CHST12	0.0	0.07559788	9.564109	44.55244	1
13077	LFNG	0.0	0.04480462	8.81072	44.55244	1
13089	SDK1	0.0	0.010495398	6.727294	23.35998	1
13093	FOXK1	0.0	0.15563348	10.604863	44.55244	1
13094	AC092428.1	0.0	0.010513238	6.729721	25.975735	1
13096	RADIL	0.0	0.01448081	7.1879272	34.799313	1
13097	PAPOLB	0.0	0.0040893145	5.3886423	10.401667	1
13099	RBAK	0.0	0.07848793	9.618164	44.55244	1
13102	SLC29A4	0.0	0.022046413	7.7909293	44.55244	1
13106	AC092171.4	0.0	0.0069247275	6.1343703	17.30759	1
13107	AC092171.3	0.0	0.0017984993	4.2467875	5.2465677	1
13109	FBXL18	0.0	0.043217525	8.758807	44.55244	1
13125	CYTH3	0.0	0.0646504	9.338745	44.55244	1
13129	DAGLB	0.0	0.020201767	7.6654615	44.55244	1
13132	ZDHHC4	0.0	0.14231367	10.475872	44.55244	1
13135	ZNF853	0.0	0.048600826	8.927802	44.55244	1
13136	ZNF316	0.0	0.08697252	9.766073	44.55244	1
13137	AC073343.2	0.0	0.0028832846	4.89883	7.402734	1
13138	ZNF12	0.0	0.16754796	10.711219	44.55244	1
13144	COL28A1	0.0	0.0020874473	4.451176	5.184434	1
13146	AC004982.2	0.0	0.01840009	7.5313883	41.120754	1
13150	UMAD1	0.0	0.043088138	8.754492	44.55244	1
13154	ICA1	0.0	0.015518565	7.287118	37.551483	1
13160	AC060834.2	0.0	0.042027727	8.718626	44.55244	1
13169	AC004160.1	0.0	0.0020763492	4.443838	5.4511776	1
13176	SCIN	0.0	0.014212586	7.1611404	32.953068	1
13179	AC011287.1	0.0	0.0024322593	4.662353	7.5534163	1
13183	DGKB	0.0	0.03783768	8.567488	44.55244	1
13186	AGMO	0.0	0.011107512	6.8083224	27.99416	1
13187	MEOX2	0.0	0.091034	9.831845	44.55244	1
13188	AC005550.2	0.0	0.008377116	6.405502	17.920849	1
13189	LINC02587	0.0	0.0028259323	4.870825	6.342954	1
13193	CRPPA	0.0	0.030695673	8.266583	44.55244	1
13195	SOSTDC1	0.0	0.05787151	9.1792	44.55244	1
13198	AC005014.2	0.0	0.0032793381	5.078669	8.200091	1
13199	ANKMY2	0.0	0.0861362	9.75215	44.55244	1
13203	TSPAN13	0.0	0.09405674	9.878921	44.55244	1
13207	AC073332.1	0.0	0.0074515413	6.2386994	19.155478	1
13211	SNX13	0.0	0.20732895	11.018401	44.55244	1
13213	HDAC9	0.0	0.1102092	10.107337	44.55244	1
13222	TWISTNB	0.0	0.22980374	11.166815	44.55244	1
13231	AC004130.2	0.0	0.0029270246	4.9198284	7.031772	1
13237	SP4	0.0	0.050289568	8.976981	44.55244	1
13238	DNAH11	0.0	0.0045018657	5.524147	10.157686	1
13240	RAPGEF5	0.0	0.07999184	9.645512	44.55244	1
13241	STEAP1B	0.0	0.012447255	6.971228	31.007587	1
13248	SNHG26	0.0	0.013003115	7.033766	32.776512	1
13249	FAM126A	0.0	0.17991397	10.813893	44.55244	1
13259	CCDC126	0.0	0.059962902	9.23033	44.55244	1
13260	FAM221A	0.0	0.0074630966	6.2409053	17.883656	1
13267	MPP6	0.0	0.07916601	9.630559	44.55244	1
13268	GSDME	0.0	0.01621972	7.3504725	38.6429	1
13270	OSBPL3	0.0	0.009829635	6.633669	27.497976	1
13272	C7orf31	0.0	0.008686713	6.4572515	21.584322	1
13279	AC005165.1	0.0	0.0026514274	4.7821083	6.125719	1
13283	NFE2L3	0.0	0.0066649895	6.0800157	16.524366	1
13287	SNX10	0.0	0.03132891	8.295949	44.55244	1
13288	AC004540.2	0.0	0.038431533	8.589896	44.55244	1
13289	AC004540.1	0.0	0.03255467	8.351146	44.55244	1
13295	HOXA1	0.0	0.0050064917	5.6742606	12.885699	1
13296	HOTAIRM1	0.0	0.09503696	9.893862	44.55244	1
13297	HOXA2	0.0	0.009720478	6.6177216	22.193556	1
13298	HOXA3	0.0	0.038752288	8.601856	44.55244	1
13299	HOXA-AS2	0.0	0.0049365303	5.6543584	12.070455	1
13300	HOXA4	0.0	0.01580066	7.312943	37.535534	1
13301	HOXA-AS3	0.0	0.014762414	7.2155247	30.926502	1
13302	HOXA5	0.0	0.058611598	9.197502	44.55244	1
13303	HOXA6	0.0	0.013376256	7.074276	28.565619	1
13304	HOXA7	0.0	0.048665095	8.929705	44.55244	1
13306	HOXA9	0.0	0.11943402	10.223206	44.55244	1
13307	HOXA10-AS	0.0	0.04693193	8.877497	44.55244	1
13308	HOXA10	0.0	0.29673955	11.535467	44.55244	1
13309	HOXA11	0.0	0.055099804	9.10852	44.55244	1
13310	HOXA11-AS	0.0	0.030528389	8.258726	44.55244	1
13312	HOXA13	0.0	0.007180934	6.186052	16.524668	1
13323	JAZF1	0.0	0.037837863	8.567494	44.55244	1
13326	CREB5	0.0	0.09433418	9.883165	44.55244	1
13329	AC005162.3	0.0	0.009001786	6.5080776	20.474422	1
13335	CHN2	0.0	0.013277391	7.063653	32.73344	1
13339	PRR15	0.0	0.0042009344	5.426578	12.111106	1
13351	ZNRF2	0.0	0.043041695	8.752939	44.55244	1
13352	LINC01176	0.0	0.005559842	5.82269	13.483326	1
13353	NOD1	0.0	0.012305437	6.9548287	30.397629	1
13359	GARS	0.0	0.2150316	11.071004	44.55244	1
13362	MINDY4	0.0	0.021040456	7.7238626	44.55244	1
13364	AQP1	0.0	0.0038463932	5.3024626	9.720846	1
13372	PDE1C	0.0	0.015458216	7.281533	33.182747	1
13376	AC018645.3	0.0	0.007109205	6.171768	17.418406	1
13377	LINC00997	0.0	0.005862546	5.8978567	15.419113	1
13381	NT5C3A	0.0	0.11957703	10.224931	44.55244	1
13382	RP9	0.0	0.21811242	11.091517	44.55244	1
13383	BBS9	0.0	0.04374295	8.776201	44.55244	1
13388	BMPER	0.0	0.018268976	7.5211277	39.25893	1
13400	AC018647.3	0.0	0.0073832995	6.2256026	18.561926	1
13401	HERPUD2	0.0	0.14223471	10.475072	44.55244	1
13403	AC018647.1	0.0	0.003187685	5.039	7.68356	1
13404	SEPTIN7-AS1	0.0	0.003209765	5.048657	8.159137	1
13411	EEPD1	0.0	0.012108106	6.9316955	27.237267	1
13414	KIAA0895	0.0	0.008171634	6.3701005	19.110262	1
13423	ELMO1	0.0	0.008968728	6.502828	21.475079	1
13426	EPDR1	0.0	0.016812684	7.401962	42.02096	1
13453	AMPH	0.0	0.09155747	9.840109	44.55244	1
13454	VPS41	0.0	0.2428789	11.246615	44.55244	1
13455	POU6F2	0.0	0.0026359374	4.7739635	7.166121	1
13461	AC004837.4	0.0	0.00405561	5.3769884	10.273374	1
13462	RALA	0.0	0.37766442	11.883271	44.55244	1
13464	LINC00265	0.0	0.011956963	6.9137225	27.171648	1
13468	SUGCT	0.0	0.018506743	7.539682	44.55244	1
13479	C7orf25	0.0	0.044662163	8.806136	44.55244	1
13489	BLVRA	0.0	0.17393574	10.765168	44.55244	1
13491	URGCP	0.0	0.04617202	8.853996	44.55244	1
13492	UBE2D4	0.0	0.060160466	9.235068	44.55244	1
13493	SPDYE1	0.0	0.0030414131	4.973342	7.4660482	1
13494	AC004951.1	0.0	0.054133743	9.083047	44.55244	1
13495	LINC00957	0.0	0.0019796304	4.3782554	5.010749	1
13508	DDX56	0.0	0.13082816	10.35456	44.55244	1
13512	ZMIZ2	0.0	0.04357293	8.770596	44.55244	1
13518	AC004854.2	0.0	0.013281201	7.064064	31.335493	1
13521	SNHG15	0.0	0.10958024	10.099088	44.55244	1
13523	NACAD	0.0	0.012724662	7.002777	30.319706	1
13524	TBRG4	0.0	0.07854311	9.619177	44.55244	1
13528	ADCY1	0.0	0.005866681	5.8988566	14.649244	1
13542	AC087175.1	0.0	0.0043814043	5.485879	11.452431	1
13559	VWC2	0.0	0.0022992184	4.5844927	5.1457458	1
13571	GRB10	0.0	0.02148598	7.7539506	44.55244	1
13590	VSTM2A	0.0	0.0074128914	6.2312965	14.286721	1
13599	LANCL2	0.0	0.049060974	8.94137	44.55244	1
13605	ZNF713	0.0	0.041855503	8.712716	44.55244	1
13608	PSPH	0.0	0.04788735	8.90651	44.55244	1
13611	PHKG1	0.0	0.02671945	8.067136	44.55244	1
13649	ZNF680	0.0	0.031190353	8.289574	44.55244	1
13652	ZNF107	0.0	0.05980173	9.226454	44.55244	1
13656	ZNF273	0.0	0.02353592	7.884837	44.55244	1
13660	ERV3-1	0.0	0.11508982	10.169798	44.55244	1
13667	ASL	0.0	0.08543256	9.74033	44.55244	1
13668	CRCP	0.0	0.1255108	10.2947445	44.55244	1
13671	LINC00174	0.0	0.027340008	8.100137	44.55244	1
13672	AC008267.5	0.0	0.019123612	7.5867357	44.55244	1
13673	KCTD7	0.0	0.06079791	9.250249	44.55244	1
13674	AC006001.2	0.0	0.006211187	5.9798393	15.79059	1
13675	RABGEF1	0.0	0.076492295	9.581056	44.55244	1
13677	LINC02604	0.0	0.0048881583	5.640435	12.319326	1
13680	TYW1	0.0	0.066760115	9.385002	44.55244	1
13682	AC006480.2	0.0	0.023811081	7.9015355	44.55244	1
13695	TYW1B	0.0	0.01583448	7.316008	37.143696	1
13697	AC211476.2	0.0	0.0030255474	4.9660373	8.066061	1
13703	NSUN5	0.0	0.06836738	9.419273	44.55244	1
13706	FZD9	0.0	0.015658706	7.3000054	40.26136	1
13712	VPS37D	0.0	0.0278561	8.127019	44.55244	1
13715	STX1A	0.0	0.010238174	6.691838	23.41834	1
13719	METTL27	0.0	0.0019551318	4.3611593	5.07238	1
13722	ELN	0.0	0.031255357	8.292568	44.55244	1
13724	LIMK1	0.0	0.088603	9.792839	44.55244	1
13727	RFC2	0.0	0.087257266	9.770784	44.55244	1
13728	AC005081.1	0.0	0.010765078	6.7635546	27.310503	1
13729	CLIP2	0.0	0.13703197	10.42135	44.55244	1
13730	GTF2IRD1	0.0	0.045976534	8.847889	44.55244	1
13733	AC211433.1	0.0	0.011349347	6.839122	26.537004	1
13735	GTF2IRD2	0.0	0.043248538	8.75984	44.55244	1
13736	CASTOR2	0.0	0.03879937	8.603603	44.55244	1
13737	RCC1L	0.0	0.1144148	10.161319	44.55244	1
13738	GTF2IRD2B	0.0	0.019665241	7.626822	44.55244	1
13739	AC211486.5	0.0	0.0024853498	4.6922874	7.0402923	1
13746	SPDYE5	0.0	0.004087679	5.3880787	9.9920435	1
13751	POR	0.0	0.15355365	10.585466	44.55244	1
13755	SRRM3	0.0	0.005841601	5.89278	14.567409	1
13758	SSC4D	0.0	0.01110079	6.807457	23.53015	1
13760	DTX2	0.0	0.037814036	8.566588	44.55244	1
13763	SPDYE16	0.0	0.004094713	5.3905	10.141475	1
13764	POMZP3	0.0	0.018118482	7.509259	42.211994	1
13768	CCDC146	0.0	0.018218078	7.517124	41.62353	1
13769	FGL2	0.0	0.007288731	6.207255	17.270035	1
13771	GSAP	0.0	0.03808211	8.576754	44.55244	1
13776	RSBN1L	0.0	0.42447722	12.051811	44.55244	1
13780	MAGI2	0.0	0.22989446	11.167383	44.55244	1
13781	AC006043.1	0.0	0.0061285603	5.960827	15.195195	1
13785	AC074024.1	0.0	0.010220301	6.689341	24.33775	1
13791	CD36	0.0	0.5625654	12.458061	44.55244	1
13795	HGF	0.0	0.010728184	6.7586474	20.171965	1
13797	AC006145.1	0.0	0.0032675148	5.073612	7.7159452	1
13798	PCLO	0.0	0.03470734	8.443248	44.55244	1
13800	SEMA3E	0.0	0.03758383	8.557802	44.55244	1
13804	SEMA3D	0.0	0.09688501	9.921618	44.55244	1
13805	LINC00972	0.0	0.0070194057	6.1536846	15.909877	1
13806	GRM3	0.0	0.017310606	7.443823	38.76949	1
13808	AC005009.2	0.0	0.008794676	6.47487	22.03103	1
13811	AC005076.1	0.0	0.008698925	6.4592557	20.815958	1
13819	SLC25A40	0.0	0.019206934	7.592975	44.55244	1
13832	STEAP1	0.0	0.009556507	6.5934296	24.75218	1
13834	CFAP69	0.0	0.006049023	5.9422855	15.090935	1
13838	GTPBP10	0.0	0.07002954	9.453878	44.55244	1
13840	CDK14	0.0	0.06971422	9.447377	44.55244	1
13843	FZD1	0.0	0.024304263	7.9309893	44.55244	1
13852	LRRD1	0.0	0.0044622435	5.5116715	10.643752	1
13853	KRIT1	0.0	0.21467595	11.068617	44.55244	1
13857	AC007566.1	0.0	0.019160682	7.589515	44.55244	1
13859	PEX1	0.0	0.084990874	9.732861	44.55244	1
13863	AC000065.2	0.0	0.002792602	4.854296	7.9266086	1
13864	AC000065.1	0.0	0.004879665	5.6379766	11.743494	1
13865	AC002454.1	0.0	0.019106103	7.585421	44.55244	1
13866	SAMD9	0.0	0.04916314	8.944365	44.55244	1
13867	SAMD9L	0.0	0.012730961	7.0034857	33.679325	1
13869	VPS50	0.0	0.073920615	9.531783	44.55244	1
13879	AC002074.1	0.0	0.002610007	4.760225	7.246647	1
13884	PEG10	0.0	0.574442	12.488196	44.55244	1
13885	PPP1R9A	0.0	0.08463508	9.726815	44.55244	1
13893	AC002451.1	0.0	0.013123124	7.0469193	32.559456	1
13895	DYNC1I1	0.0	0.024018822	7.914016	44.55244	1
13898	DLX6-AS1	0.0	0.0034846398	5.1637564	8.015564	1
13899	DLX6	0.0	0.0037357588	5.2614403	8.205857	1
13901	SDHAF3	0.0	0.15739964	10.621133	44.55244	1
13903	ASNS	0.0	0.006528866	6.05069	15.825622	1
13904	AC079781.5	0.0	0.010494628	6.727189	24.836922	1
13906	LMTK2	0.0	0.035686493	8.483272	44.55244	1
13910	BAIAP2L1	0.0	0.0019791462	4.377919	5.047742	1
13915	AC004893.3	0.0	0.0019366931	4.3481565	5.3139586	1
13916	SMURF1	0.0	0.071334444	9.480476	44.55244	1
13926	ZNF789	0.0	0.02800188	8.134522	44.55244	1
13929	FAM200A	0.0	0.07013385	9.456023	44.55244	1
13931	TMEM225B	0.0	0.009297178	6.554156	20.96995	1
13932	ZSCAN25	0.0	0.02646001	8.053112	44.55244	1
13939	TRIM4	0.0	0.087570824	9.775953	44.55244	1
13940	GJC3	0.0	0.0034543108	5.151498	8.498064	1
13946	ZSCAN21	0.0	0.050557807	8.984641	44.55244	1
13947	ZNF3	0.0	0.10351301	10.01699	44.55244	1
13951	TAF6	0.0	0.11269641	10.139505	44.55244	1
13952	AC073842.2	0.0	0.002169523	4.5043173	5.7779717	1
13954	MBLAC1	0.0	0.01857928	7.5452952	44.075317	1
13957	MAP11	0.0	0.014499625	7.1897874	34.882317	1
13958	GAL3ST4	0.0	0.038098656	8.577378	44.55244	1
13959	GPC2	0.0	0.05863712	9.198129	44.55244	1
13960	STAG3	0.0	0.009889122	6.642286	24.121473	1
13961	CASTOR3	0.0	0.038647134	8.597946	44.55244	1
13965	PILRA	0.0	0.0023159555	4.594522	5.9805164	1
13967	ZCWPW1	0.0	0.020462599	7.683879	44.55244	1
13968	MEPCE	0.0	0.085225224	9.736829	44.55244	1
13972	C7orf61	0.0	0.0047298702	5.5939126	11.306385	1
13973	TSC22D4	0.0	0.24876249	11.281133	44.55244	1
13975	NYAP1	0.0	0.008691688	6.4580684	20.095497	1
13977	AGFG2	0.0	0.017931733	7.4943943	43.273685	1
13978	SAP25	0.0	0.010035007	6.6632032	23.308956	1
13979	LRCH4	0.0	0.087247975	9.770631	44.55244	1
13980	FBXO24	0.0	0.0025218024	4.712487	6.576536	1
13982	PCOLCE	0.0	0.22136885	11.112888	44.55244	1
13983	MOSPD3	0.0	0.11985865	10.228321	44.55244	1
13987	GIGYF1	0.0	0.10500619	10.037632	44.55244	1
13988	POP7	0.0	0.1945548	10.9267025	44.55244	1
13991	EPHB4	0.0	0.14389081	10.491761	44.55244	1
13992	SLC12A9	0.0	0.050340928	8.978451	44.55244	1
13996	UFSP1	0.0	0.0093272375	6.558763	22.587923	1
13997	ACHE	0.0	0.026255773	8.041975	44.55244	1
14004	SERPINE1	0.0	0.022229133	7.8027835	44.55244	1
14014	AC006329.1	0.0	0.003341435	5.1049385	7.943079	1
14016	COL26A1	0.0	0.022745712	7.8357797	44.55244	1
14021	AC005072.1	0.0	0.012666806	6.996254	30.500708	1
14023	SH2B2	0.0	0.01356648	7.0944977	31.792679	1
14028	ALKBH4	0.0	0.07721707	9.594644	44.55244	1
14036	AC105052.4	0.0	0.0023753934	4.6295857	6.1826	1
14042	FBXL13	0.0	0.008270615	6.387262	20.412256	1
14043	LRRC17	0.0	0.52609485	12.361382	44.55244	1
14046	ARMC10	0.0	0.17499909	10.773956	44.55244	1
14053	RELN	0.0	0.019495511	7.6143794	43.47326	1
14054	ORC5	0.0	0.04764563	8.899225	44.55244	1
14058	AC007384.1	0.0	0.0038752595	5.3129773	9.947523	1
14059	LINC01004	0.0	0.02029903	7.6723566	44.55244	1
14062	AC005070.3	0.0	0.011916784	6.908907	28.18939	1
14064	AC004884.2	0.0	0.004301829	5.460031	10.84063	1
14066	RINT1	0.0	0.034776572	8.446115	44.55244	1
14069	ATXN7L1	0.0	0.05295407	9.05132	44.55244	1
14070	CDHR3	0.0	0.025547743	8.002688	44.55244	1
14073	AC007032.1	0.0	0.004376375	5.484259	10.213904	1
14078	CCDC71L	0.0	0.090498336	9.82334	44.55244	1
14082	AC006387.1	0.0	0.0040544798	5.376596	9.678497	1
14086	GPR22	0.0	0.002602348	4.7561417	6.424329	1
14087	DUS4L	0.0	0.0436167	8.77204	44.55244	1
14088	AC004839.2	0.0	0.0023684152	4.6255136	6.1434445	1
14090	SLC26A4-AS1	0.0	0.0046678274	5.57526	11.560709	1
14095	DLD	0.0	0.19535828	10.932645	44.55244	1
14112	LRRN3	0.0	0.038263652	8.583596	44.55244	1
14118	IFRD1	0.0	0.1815892	10.827257	44.55244	1
14119	LSMEM1	0.0	0.006327067	6.0060887	15.171304	1
14124	GPR85	0.0	0.0049716765	5.664391	12.185737	1
14128	PPP1R3A	0.0	0.001705997	4.1747236	5.383024	1
14129	FOXP2	0.0	0.04555539	8.834641	44.55244	1
14143	CAV2	0.0	0.05400821	9.079703	44.55244	1
14151	ST7	0.0	0.04381292	8.7785015	44.55244	1
14152	ST7-OT4	0.0	0.010312627	6.7021904	25.035807	1
14163	CTTNBP2	0.0	0.11720407	10.196037	44.55244	1
14166	ANKRD7	0.0	0.0047751875	5.6073856	11.779402	1
14171	KCND2	0.0	0.0138190705	7.120919	29.701336	1
14173	TSPAN12	0.0	0.068661794	9.425464	44.55244	1
14181	AASS	0.0	0.102327764	10.000391	44.55244	1
14185	CADPS2	0.0	0.024793819	7.959644	44.55244	1
14192	IQUB	0.0	0.00785759	6.3142595	19.145538	1
14199	AC006333.2	0.0	0.04564202	8.837377	44.55244	1
14204	AC006148.1	0.0	0.0064367936	6.0305114	14.289978	1
14208	GPR37	0.0	0.092265956	9.851217	44.55244	1
14210	POT1	0.0	0.039238244	8.619789	44.55244	1
14211	POT1-AS1	0.0	0.014611851	7.200835	35.921444	1
14223	GCC1	0.0	0.032891974	8.365972	44.55244	1
14229	SND1-IT1	0.0	0.048567317	8.926809	44.55244	1
14230	LRRC4	0.0	0.03069037	8.2663355	44.55244	1
14234	PRRT4	0.0	0.008406217	6.4104457	19.890835	1
14235	IMPDH1	0.0	0.03684495	8.529234	44.55244	1
14238	AC090114.2	0.0	0.055909563	9.129529	44.55244	1
14239	AC018638.7	0.0	0.0092649935	6.5492063	21.809496	1
14240	FAM71F2	0.0	0.013122084	7.046806	32.10974	1
14241	AC018638.6	0.0	0.004210796	5.4298825	11.005095	1
14246	FLNC	0.0	0.03284799	8.364047	44.55244	1
14252	TNPO3	0.0	0.1448965	10.501802	44.55244	1
14255	SMO	0.0	0.07687847	9.588311	44.55244	1
14257	AHCYL2	0.0	0.030983737	8.280016	44.55244	1
14259	STRIP2	0.0	0.004943202	5.656268	12.72244	1
14261	AC078846.1	0.0	0.0272236	8.094004	44.55244	1
14266	AC073320.1	0.0	0.002995296	4.9520054	7.8700075	1
14267	ZC3HC1	0.0	0.05230705	9.033617	44.55244	1
14270	TMEM209	0.0	0.039330978	8.623186	44.55244	1
14274	CPA4	0.0	0.004556153	5.5410666	10.602445	1
14281	AC007938.2	0.0	0.01045661	6.7220025	23.500872	1
14282	COPG2	0.0	0.06844228	9.420851	44.55244	1
14283	AC007938.3	0.0	0.03978023	8.63953	44.55244	1
14287	KLF14	0.0	0.002804193	4.8600655	6.2625937	1
14288	AC016831.6	0.0	0.0036163125	5.2158	8.369412	1
14289	AC016831.7	0.0	0.005515278	5.8112855	13.485027	1
14290	LINC00513	0.0	0.012878414	7.0199704	29.559074	1
14291	AC016831.1	0.0	0.0052084173	5.73021	13.651091	1
14292	AC016831.5	0.0	0.012655986	6.9950304	31.255285	1
14294	LINC-PINT	0.0	0.029580554	8.213374	44.55244	1
14296	MKLN1-AS	0.0	0.01923405	7.5950003	44.55244	1
14297	AC008264.2	0.0	0.009036706	6.5136023	22.281605	1
14298	PODXL	0.0	0.015182375	7.255725	35.16179	1
14300	PLXNA4	0.0	0.12618002	10.302411	44.55244	1
14301	AC018643.1	0.0	0.0034557607	5.1520863	8.217209	1
14307	EXOC4	0.0	0.16951014	10.728006	44.55244	1
14312	AC009275.1	0.0	0.004562139	5.54292	11.655708	1
14316	BPGM	0.0	0.06164632	9.270209	44.55244	1
14319	AC083870.1	0.0	0.031810444	8.317885	44.55244	1
14320	AGBL3	0.0	0.01080916	6.7693963	25.878313	1
14321	CYREN	0.0	0.088320985	9.788245	44.55244	1
14324	AC083862.3	0.0	0.00537301	5.7742624	12.878017	1
14325	WDR91	0.0	0.02394134	7.9093738	44.55244	1
14329	NUP205	0.0	0.051345944	9.006913	44.55244	1
14340	CHRM2	0.0	0.07445023	9.542069	44.55244	1
14349	TRIM24	0.0	0.32390502	11.6618	44.55244	1
14350	SVOPL	0.0	0.009637597	6.605494	22.59028	1
14354	ZC3HAV1L	0.0	0.03643471	8.513124	44.55244	1
14356	TTC26	0.0	0.02795201	8.131961	44.55244	1
14360	AC083880.1	0.0	0.0025705881	4.7390857	6.6387568	1
14364	TBXAS1	0.0	0.03221107	8.335885	44.55244	1
14365	PARP12	0.0	0.011543324	6.863359	28.081408	1
14366	KDM7A	0.0	0.04614777	8.85324	44.55244	1
14367	KDM7A-DT	0.0	0.0062846756	5.9965415	13.586436	1
14371	DENND2A	0.0	0.1517231	10.568175	44.55244	1
14373	ADCK2	0.0	0.034260612	8.424612	44.55244	1
14375	NDUFB2-AS1	0.0	0.007401427	6.229093	18.605846	1
14378	TMEM178B	0.0	0.009623519	6.6034064	25.965822	1
14379	AC005692.3	0.0	0.0017279107	4.1921234	5.2075353	1
14384	AGK	0.0	0.0668135	9.386153	44.55244	1
14385	AC004918.1	0.0	0.010949189	6.7877965	27.023296	1
14386	DENND11	0.0	0.039667524	8.635447	44.55244	1
14387	AC004918.4	0.0	0.0019336472	4.3459973	5.3591323	1
14388	WEE2-AS1	0.0	0.004627502	5.5630064	11.400983	1
14392	TAS2R4	0.0	0.014898926	7.2287154	34.46345	1
14500	CASP2	0.0	0.11811239	10.207166	44.55244	1
14502	FAM131B	0.0	0.012065686	6.926674	27.077677	1
14504	AC093673.1	0.0	0.111206576	10.120323	44.55244	1
14524	ARHGEF35	0.0	0.079514235	9.636883	44.55244	1
14529	OR2A1-AS1	0.0	0.0438509	8.779749	44.55244	1
14531	ARHGEF5	0.0	0.059484374	9.21879	44.55244	1
14533	TPK1	0.0	0.021494903	7.754547	44.55244	1
14535	CNTNAP2	0.0	0.17067401	10.737873	44.55244	1
14542	AC005229.4	0.0	0.01636321	7.363102	37.92536	1
14543	CUL1	0.0	0.21983764	11.102879	44.55244	1
14550	ZNF425	0.0	0.0176468	7.471415	40.563435	1
14551	ZNF398	0.0	0.05730483	9.165029	44.55244	1
14552	ZNF282	0.0	0.040509287	8.665666	44.55244	1
14553	ZNF212	0.0	0.02215112	7.7977343	44.55244	1
14554	ZNF783	0.0	0.032128934	8.332212	44.55244	1
14557	ZNF777	0.0	0.042024944	8.718531	44.55244	1
14559	KRBA1	0.0	0.023461625	7.8802953	44.55244	1
14560	ZNF467	0.0	0.10640145	10.056658	44.55244	1
14561	SSPO	0.0	0.010960639	6.789291	25.62024	1
14562	ZNF862	0.0	0.015685966	7.302499	37.338543	1
14565	ATP6V0E2	0.0	0.030059466	8.236467	44.55244	1
14571	ACTR3C	0.0	0.0032379313	5.0608826	8.836561	1
14572	ZBED6CL	0.0	0.0050856452	5.6964517	12.141814	1
14573	LRRC61	0.0	0.042213663	8.724979	44.55244	1
14578	ZNF775	0.0	0.04705108	8.881147	44.55244	1
14580	AC073111.4	0.0	0.014239274	7.1638284	34.112354	1
14582	GIMAP8	0.0	0.0050549684	5.6878915	13.243628	1
14584	GIMAP4	0.0	0.013391062	7.07586	30.931683	1
14585	GIMAP6	0.0	0.0040073865	5.360149	11.136557	1
14586	GIMAP2	0.0	0.009301014	6.5547442	23.258467	1
14587	GIMAP1	0.0	0.010466554	6.723361	24.706175	1
14589	TMEM176B	0.0	0.027249457	8.095368	44.55244	1
14590	TMEM176A	0.0	0.023487616	7.881886	44.55244	1
14592	KCNH2	0.0	0.042334314	8.729088	44.55244	1
14594	ATG9B	0.0	0.004206507	5.4284463	9.691712	1
14597	ASIC3	0.0	0.0026021837	4.756054	6.25906	1
14598	CDK5	0.0	0.06342519	9.311185	44.55244	1
14608	ABCF2	0.0	0.11112901	10.119317	44.55244	1
14610	SMARCD3	0.0	0.118809015	10.215643	44.55244	1
14614	WDR86	0.0	0.008143043	6.365105	17.691223	1
14625	AC006017.1	0.0	0.002958916	4.9349484	7.45079	1
14629	ACTR3B	0.0	0.026026359	8.029363	44.55244	1
14640	PAXIP1-AS2	0.0	0.0078695845	6.3164325	19.025118	1
14641	PAXIP1	0.0	0.060888253	9.252388	44.55244	1
14651	AC144652.1	0.0	0.008754326	6.4683104	20.028742	1
14663	AC009403.1	0.0	0.022835452	7.8414354	44.55244	1
14667	LINC01006	0.0	0.03965746	8.635082	44.55244	1
14669	RNF32	0.0	0.0058148885	5.886279	14.462135	1
14670	AC005534.1	0.0	0.0021847852	4.5139866	6.162101	1
14685	PTPRN2	0.0	0.12212898	10.255371	44.55244	1
14699	VIPR2	0.0	0.003305426	5.0897636	7.599011	1
14703	ZNF596	0.0	0.009505288	6.585757	22.173128	1
14704	AC004908.2	0.0	0.0041663125	5.414918	10.10401	1
14710	AC083964.1	0.0	0.0017260228	4.190633	5.126708	1
14711	TDRP	0.0	0.029213011	8.195397	44.55244	1
14726	AC100810.1	0.0	0.13289514	10.377158	44.55244	1
14732	KBTBD11	0.0	0.005822124	5.888043	14.225327	1
14735	MYOM2	0.0	0.0073535116	6.2198486	17.254528	1
14756	AC016065.1	0.0	0.022103375	7.7946353	44.55244	1
14761	MCPH1-AS1	0.0	0.016329503	7.360145	38.6728	1
14765	AF233439.1	0.0	0.0028111576	4.863521	7.3150167	1
14774	FAM66B	0.0	0.006082201	5.9500484	14.669836	1
14809	FAM85B	0.0	0.0019642187	4.367524	5.123693	1
14818	CLDN23	0.0	0.011469465	6.8541784	29.101976	1
14820	MFHAS1	0.0	0.0566015	9.1472435	44.55244	1
14824	AC022784.1	0.0	0.0020598595	4.4328656	5.8318176	1
14830	AC021242.3	0.0	0.003258869	5.069904	8.262771	1
14834	AC034111.1	0.0	0.0025950093	4.7522182	6.5971003	1
14835	MSRA	0.0	0.100938626	9.980691	44.55244	1
14838	AC104964.3	0.0	0.0060691894	5.947009	16.133629	1
14846	SOX7	0.0	0.007728437	6.2906523	18.32138	1
14848	PINX1	0.0	0.07447086	9.542468	44.55244	1
14850	XKR6	0.0	0.04813187	8.913843	44.55244	1
14852	AF131215.6	0.0	0.050209586	8.9746895	44.55244	1
14854	AF131215.4	0.0	0.031634804	8.309922	44.55244	1
14858	AF131216.4	0.0	0.0023114826	4.5918484	5.794759	1
14860	AF131216.1	0.0	0.0048267585	5.6225667	12.167985	1
14874	AC069185.1	0.0	0.005381196	5.7764187	13.359502	1
14878	AC107918.6	0.0	0.008562008	6.43663	21.0638	1
14887	FAM86B1	0.0	0.0044992445	5.523325	10.9601145	1
14888	AC145124.1	0.0	0.039210208	8.61876	44.55244	1
14895	LONRF1	0.0	0.05653849	9.145639	44.55244	1
14898	TRMT9B	0.0	0.0041386206	5.405523	10.430622	1
14901	AC019270.1	0.0	0.010264109	6.695452	23.669533	1
14905	SGCZ	0.0	0.019169124	7.590147	39.538696	1
14916	AC079193.2	0.0	0.0033991188	5.1289196	9.131391	1
14917	ZDHHC2	0.0	0.014159479	7.1557775	33.543858	1
14919	VPS37A	0.0	0.18058592	10.819268	44.55244	1
14920	MTMR7	0.0	0.006391165	6.020406	15.29905	1
14921	SLC7A2	0.0	0.011605064	6.870989	29.193905	1
14923	PDGFRL	0.0	0.0042779925	5.4521976	11.248824	1
14934	AC124242.1	0.0	0.0034884545	5.165291	9.366992	1
14936	NAT1	0.0	0.007444671	6.237386	18.659187	1
14938	NAT2	0.0	0.0024708903	4.684196	5.8753953	1
14940	AC100800.1	0.0	0.0020477588	4.4247603	5.7968464	1
14946	SH2D4A	0.0	0.008046992	6.3481956	20.034798	1
14947	CSGALNACT1	0.0	0.006143888	5.9643726	14.963544	1
14954	LZTS1	0.0	0.15797941	10.626433	44.55244	1
14966	GFRA2	0.0	0.07356322	9.5248	44.55244	1
14967	DOK2	0.0	0.0044496297	5.507677	12.031392	1
14969	NPM2	0.0	0.022107905	7.7949295	44.55244	1
14972	FAM160B2	0.0	0.09343287	9.869329	44.55244	1
14973	NUDT18	0.0	0.0039576744	5.3425813	10.902976	1
14978	BMP1	0.0	0.09775332	9.934477	44.55244	1
14979	AC105206.1	0.0	0.0025756352	4.7418094	7.154002	1
14980	AC105206.3	0.0	0.0024245621	4.6579614	6.886366	1
14985	SLC39A14	0.0	0.026535707	8.057218	44.55244	1
14992	C8orf58	0.0	0.073050186	9.514718	44.55244	1
14993	CCAR2	0.0	0.069827035	9.449707	44.55244	1
14994	AC037459.2	0.0	0.0068544676	6.1198683	17.089945	1
14996	AC105046.1	0.0	0.0028419225	4.8786874	7.2662883	1
14997	EGR3	0.0	0.12384271	10.275457	44.55244	1
15000	PEBP4	0.0	0.018106867	7.508339	41.420822	1
15004	RHOBTB2	0.0	0.03948279	8.62873	44.55244	1
15005	TNFRSF10B	0.0	0.08370149	9.710833	44.55244	1
15017	AC090197.1	0.0	0.002336991	4.607029	5.9778523	1
15018	ENTPD4	0.0	0.10441196	10.029452	44.55244	1
15027	STC1	0.0	0.079756506	9.641266	44.55244	1
15034	AF106564.1	0.0	0.00574191	5.868368	12.726255	1
15035	NEFM	0.0	0.18192354	10.829909	44.55244	1
15036	NEFL	0.0	0.040270854	8.65717	44.55244	1
15041	DOCK5	0.0	0.046112318	8.852134	44.55244	1
15042	GNRH1	0.0	0.0037758932	5.276457	9.082015	1
15044	KCTD9	0.0	0.07553224	9.562858	44.55244	1
15055	PNMA2	0.0	0.013845011	7.1236053	32.990177	1
15057	ADRA1A	0.0	0.0069694095	6.143518	17.066826	1
15061	TRIM35	0.0	0.015473274	7.2829285	37.509075	1
15062	PTK2B	0.0	0.0066252975	6.071526	15.608172	1
15065	CLU	0.0	0.029729882	8.220614	44.55244	1
15069	ESCO2	0.0	0.029809712	8.22447	44.55244	1
15074	ELP3	0.0	0.07157359	9.485298	44.55244	1
15083	EXTL3	0.0	0.08292082	9.6973295	44.55244	1
15084	EXTL3-AS1	0.0	0.0031561665	5.0251026	7.840854	1
15085	INTS9	0.0	0.047909286	8.907169	44.55244	1
15086	INTS9-AS1	0.0	0.0038409086	5.3004565	9.550182	1
15089	AC108449.2	0.0	0.0048249797	5.622046	12.179906	1
15090	KIF13B	0.0	0.041946076	8.715827	44.55244	1
15105	AC044849.1	0.0	0.005541837	5.8180933	13.919594	1
15108	AC026979.2	0.0	0.01076793	6.7639337	24.779764	1
15111	AC026979.4	0.0	0.029502429	8.209572	44.55244	1
15112	AC026979.3	0.0	0.004125743	5.401133	10.367595	1
15114	RBPMS-AS1	0.0	0.0021893252	4.5168505	5.7061014	1
15120	UBXN8	0.0	0.061304234	9.262195	44.55244	1
15122	TEX15	0.0	0.0052024517	5.7285876	13.433142	1
15123	PURG	0.0	0.044978026	8.81628	44.55244	1
15126	AC068672.2	0.0	0.004443397	5.505699	11.1822195	1
15130	NRG1	0.0	0.04017562	8.653763	44.55244	1
15136	AC067838.1	0.0	0.0058501624	5.894857	14.581712	1
15137	FUT10	0.0	0.059537187	9.220068	44.55244	1
15138	TTI2	0.0	0.06602046	9.368953	44.55244	1
15139	MAK16	0.0	0.09654373	9.9165325	44.55244	1
15140	RNF122	0.0	0.0196368	7.6247444	44.55244	1
15160	AC124067.2	0.0	0.0019467046	4.355231	5.7495675	1
15165	ZNF703	0.0	0.08070945	9.6583805	44.55244	1
15169	PLPBP	0.0	0.10223552	9.999091	44.55244	1
15171	BRF2	0.0	0.039639402	8.634426	44.55244	1
15172	RAB11FIP1	0.0	0.045484394	8.8323965	44.55244	1
15174	ADRB3	0.0	0.004073914	5.383329	8.875792	1
15176	AP006545.1	0.0	0.0025124438	4.7073283	6.767127	1
15181	STAR	0.0	0.0037485831	5.2662554	9.350056	1
15185	AC084024.4	0.0	0.0041472763	5.408466	10.598659	1
15191	AC087623.2	0.0	0.004749443	5.599747	12.163763	1
15192	LETM2	0.0	0.014311177	7.1710443	32.764687	1
15194	AC087623.3	0.0	0.0046042586	5.5558953	10.803046	1
15197	AC069120.1	0.0	0.0043568853	5.477964	11.033602	1
15203	AC108863.2	0.0	0.0052811964	5.749855	13.468105	1
15207	ADAM32	0.0	0.0038112404	5.2895546	10.201971	1
15210	IDO1	0.0	0.004482994	5.5182185	11.453682	1
15217	TCIM	0.0	0.003967643	5.346121	8.902363	1
15225	AC104393.1	0.0	0.0048664836	5.634153	11.53485	1
15228	AC009630.1	0.0	0.004431568	5.5019383	10.858921	1
15229	GINS4	0.0	0.10274014	10.006187	44.55244	1
15230	AC009630.2	0.0	0.0026456835	4.7790937	7.0936046	1
15232	GPAT4	0.0	0.1042881	10.027741	44.55244	1
15249	AC090739.1	0.0	0.007375345	6.224068	17.248283	1
15256	RNF170	0.0	0.13932219	10.445245	44.55244	1
15259	POMK	0.0	0.017565083	7.464757	40.641388	1
15269	SPIDR	0.0	0.07454307	9.543864	44.55244	1
15270	AC024451.4	0.0	0.0021177325	4.4710135	5.890781	1
15271	CEBPD	0.0	0.064776324	9.341548	44.55244	1
15274	MCM4	0.0	0.098911986	9.951459	44.55244	1
15277	AC026904.2	0.0	0.00450844	5.5262065	11.483161	1
15283	EFCAB1	0.0	0.005926988	5.9133654	15.983348	1
15294	SNTG1	0.0	0.009065863	6.518199	18.02867	1
15298	AC090186.1	0.0	0.002498425	4.699566	6.471503	1
15300	AC103769.1	0.0	0.0026966073	4.805606	7.263016	1
15301	AC064807.1	0.0	0.028843712	8.177106	44.55244	1
15302	AC064807.4	0.0	0.0024550217	4.675264	6.3994913	1
15314	OPRK1	0.0	0.007985634	6.337289	15.672438	1
15319	ATP6V1H	0.0	0.1535504	10.585436	44.55244	1
15320	RGS20	0.0	0.012473737	6.97427	29.075888	1
15327	SOX17	0.0	0.0056909905	5.855738	13.2999525	1
15330	XKR4	0.0	0.0023211862	4.5976424	5.7469645	1
15334	TMEM68	0.0	0.06769274	9.404987	44.55244	1
15341	PLAG1	0.0	0.17230207	10.751561	44.55244	1
15343	AC107952.2	0.0	0.00224317	4.55039	5.779707	1
15358	AC104051.2	0.0	0.004027349	5.3671436	9.869849	1
15367	UBXN2B	0.0	0.055565685	9.120645	44.55244	1
15370	NSMAF	0.0	0.060531456	9.243922	44.55244	1
15371	TOX	0.0	0.026045864	8.030439	44.55244	1
15373	AC090152.1	0.0	0.018814586	7.5633554	40.694683	1
15377	CA8	0.0	0.003617458	5.2162447	9.385419	1
15383	CHD7	0.0	0.17436852	10.768751	44.55244	1
15397	NKAIN3	0.0	0.012469937	6.9738336	25.835238	1
15400	NKAIN3-IT1	0.0	0.007475396	6.2432494	16.466295	1
15405	YTHDF3-AS1	0.0	0.016941067	7.412872	41.23815	1
15407	AC011978.2	0.0	0.008696047	6.458783	21.490713	1
15410	AC018953.1	0.0	0.0019161951	4.3335633	5.3799615	1
15419	CYP7B1	0.0	0.043686144	8.774331	44.55244	1
15427	MTFR1	0.0	0.077376135	9.597609	44.55244	1
15437	RRS1-AS1	0.0	0.0019110587	4.329883	5.4391966	1
15438	RRS1	0.0	0.077026434	9.591082	44.55244	1
15439	ADHFE1	0.0	0.0030530023	4.9786544	7.718744	1
15441	MYBL1	0.0	0.005932873	5.9147735	15.434212	1
15442	VCPIP1	0.0	0.08092133	9.662158	44.55244	1
15446	TCF24	0.0	0.022210628	7.801587	43.121075	1
15447	PPP1R42	0.0	0.0029458266	4.928762	7.6517215	1
15449	CSPP1	0.0	0.13463622	10.395922	44.55244	1
15452	AC021321.1	0.0	0.0058076885	5.884522	13.962706	1
15455	PREX2	0.0	0.056691024	9.149519	44.55244	1
15458	C8orf34	0.0	0.01395787	7.1352344	31.330215	1
15459	AC083967.1	0.0	0.21053027	11.040497	44.55244	1
15464	SLCO5A1	0.0	0.008059895	6.3504786	20.370811	1
15474	LACTB2	0.0	0.0572983	9.164865	44.55244	1
15477	EYA1	0.0	0.015732678	7.3067617	36.138657	1
15485	KCNB2	0.0	0.006168627	5.9700775	13.818006	1
15488	AC022893.2	0.0	0.0020249358	4.4093475	5.1689043	1
15489	TERF1	0.0	0.31284702	11.611703	44.55244	1
15491	AC022893.1	0.0	0.0058676098	5.899081	13.922239	1
15492	SBSPON	0.0	0.005297842	5.754311	13.098355	1
15494	C8orf89	0.0	0.0034045177	5.131144	8.329751	1
15501	STAU2	0.0	0.12227398	10.257081	44.55244	1
15503	UBE2W	0.0	0.15829057	10.629271	44.55244	1
15506	TMEM70	0.0	0.12938441	10.338563	44.55244	1
15507	LY96	0.0	0.008548132	6.4343166	22.350004	1
15511	JPH1	0.0	0.0040427432	5.3725147	11.545592	1
15512	GDAP1	0.0	0.046403345	8.861191	44.55244	1
15519	CRISPLD1	0.0	0.13917124	10.443682	44.55244	1
15522	CASC9	0.0	0.008448949	6.417675	20.167446	1
15523	HNF4G	0.0	0.0029146676	4.913927	7.401136	1
15527	ZFHX4-AS1	0.0	0.018897576	7.5696716	38.868355	1
15529	ZFHX4	0.0	0.30376333	11.569207	44.55244	1
15535	PKIA	0.0	0.13427153	10.392012	44.55244	1
15539	IL7	0.0	0.037544984	8.5563135	44.55244	1
15540	AC083837.1	0.0	0.010053387	6.6658173	22.63715	1
15541	LINC02605	0.0	0.017909093	7.492582	39.34095	1
15546	LINC01607	0.0	0.00434489	5.474076	10.383912	1
15549	MRPS28	0.0	0.15796399	10.626293	44.55244	1
15550	AC036214.2	0.0	0.0029171233	4.915102	7.607265	1
15552	TPD52	0.0	0.0028078565	4.861884	6.1553264	1
15555	AC009812.1	0.0	0.014078377	7.1475487	33.292217	1
15557	AC009812.3	0.0	0.004504134	5.524858	11.038069	1
15558	AC009812.4	0.0	0.009514535	6.5871453	23.205734	1
15559	ZNF704	0.0	0.12189466	10.252603	44.55244	1
15571	FABP4	0.0	0.34920117	11.770256	44.55244	1
15576	ZFAND1	0.0	0.15323746	10.582495	44.55244	1
15577	CHMP4C	0.0	0.034900673	8.451239	44.55244	1
15588	LRRCC1	0.0	0.035408884	8.472036	44.55244	1
15590	E2F5	0.0	0.057099152	9.15985	44.55244	1
15593	CA13	0.0	0.002656611	4.784824	6.880837	1
15599	CA2	0.0	0.00824994	6.383694	20.390875	1
15620	MMP16	0.0	0.22391391	11.129373	44.55244	1
15621	AC090578.1	0.0	0.012694868	6.9994216	29.220234	1
15624	AF117829.1	0.0	0.18376683	10.844445	44.55244	1
15626	OSGIN2	0.0	0.03666422	8.522159	44.55244	1
15627	NBN	0.0	0.27745536	11.43856	44.55244	1
15637	C8orf88	0.0	0.07116861	9.477123	44.55244	1
15638	PIP4P2	0.0	0.27014112	11.400031	44.55244	1
15642	OTUD6B	0.0	0.05778553	9.177059	44.55244	1
15643	LRRC69	0.0	0.008521549	6.4298754	20.555096	1
15644	SLC26A7	0.0	0.10823614	10.081299	44.55244	1
15653	AC104211.1	0.0	0.009600349	6.5999646	23.957972	1
15657	TRIQK	0.0	0.10397175	10.023363	44.55244	1
15662	FAM92A	0.0	0.23080403	11.173078	44.55244	1
15663	AC120053.1	0.0	0.01436111	7.1760345	32.53644	1
15670	PDP1	0.0	0.085355945	9.7390375	44.55244	1
15675	RAD54B	0.0	0.018985096	7.5763025	44.55244	1
15676	FSBP	0.0	0.057259366	9.163885	44.55244	1
15679	AC023632.2	0.0	0.008140065	6.364584	19.096737	1
15685	CCNE2	0.0	0.01570107	7.303879	36.88563	1
15687	NDUFAF6	0.0	0.05394271	9.077956	44.55244	1
15693	PLEKHF2	0.0	0.07248855	9.503598	44.55244	1
15700	GDF6	0.0	0.012481436	6.975153	26.755777	1
15704	PTDSS1	0.0	0.09502339	9.893657	44.55244	1
15711	TSPYL5	0.0	0.01984847	7.6401343	44.55244	1
15717	AP003352.1	0.0	0.006249556	5.9885836	15.206123	1
15719	RIDA	0.0	0.053817578	9.074612	44.55244	1
15720	POP1	0.0	0.059262052	9.213397	44.55244	1
15721	NIPAL2	0.0	0.03262388	8.3542	44.55244	1
15727	OSR2	0.0	0.0024119033	4.650709	5.5690184	1
15728	VPS13B-DT	0.0	0.013692251	7.107714	30.922705	1
15737	FBXO43	0.0	0.004971527	5.664348	13.351226	1
15738	POLR2K	0.0	0.3782956	11.885679	44.55244	1
15739	SPAG1	0.0	0.0067687808	6.101982	15.873013	1
15750	AC027373.1	0.0	0.007309551	6.211314	18.66345	1
15756	AP003469.4	0.0	0.006387132	6.019509	15.105518	1
15768	RRM2B	0.0	0.07311289	9.515954	44.55244	1
15769	UBR5-AS1	0.0	0.0062890872	5.997538	14.045312	1
15774	KLF10	0.0	0.27770972	11.439881	44.55244	1
15775	AP002851.1	0.0	0.0031141036	5.006345	7.908743	1
15776	GASAL1	0.0	0.006674318	6.0820036	16.994896	1
15778	AP003696.1	0.0	0.0022491314	4.5540557	5.6727653	1
15779	AZIN1-AS1	0.0	0.012042206	6.923887	27.561056	1
15786	BAALC-AS1	0.0	0.012429121	6.9691415	28.189081	1
15788	FZD6	0.0	0.042129315	8.722101	44.55244	1
15792	SLC25A32	0.0	0.05865352	9.198531	44.55244	1
15797	RIMS2	0.0	0.022808133	7.839716	44.55244	1
15802	ZFPM2	0.0	0.02975497	8.2218275	44.55244	1
15805	ZFPM2-AS1	0.0	0.004464677	5.5124407	12.747009	1
15810	AC027031.2	0.0	0.09032576	9.82059	44.55244	1
15819	RSPO2	0.0	0.0027860154	4.851007	6.0569925	1
15822	EMC2	0.0	0.23623799	11.206635	44.55244	1
15827	NUDCD1	0.0	0.090633705	9.825495	44.55244	1
15844	CSMD3	0.0	0.058443833	9.193374	44.55244	1
15859	AARD	0.0	0.036018424	8.496592	44.55244	1
15863	MED30	0.0	0.1305695	10.3517065	44.55244	1
15865	SAMD12	0.0	0.018990854	7.576738	44.55244	1
15866	AC023590.1	0.0	0.003439179	5.145343	8.637351	1
15871	MAL2	0.0	0.0022942836	4.581522	5.5880303	1
15874	CCN3	0.0	0.0031726377	5.032382	8.032074	1
15876	ENPP2	0.0	0.033464715	8.390801	44.55244	1
15877	TAF2	0.0	0.09763925	9.932795	44.55244	1
15881	DEPTOR	0.0	0.013079477	7.042149	31.535616	1
15882	AC091563.1	0.0	0.00197071	4.3720536	5.326234	1
15886	SNTB1	0.0	0.023242258	7.8668003	44.55244	1
15891	HAS2-AS1	0.0	0.0076082605	6.2683334	18.84447	1
15895	LINC01151	0.0	0.0034479476	5.148913	10.3017645	1
15900	ZHX2	0.0	0.038134042	8.578714	44.55244	1
15901	AC016405.1	0.0	0.0033668939	5.115572	9.197686	1
15912	ATAD2	0.0	0.08545439	9.740698	44.55244	1
15914	FBXO32	0.0	0.0078509515	6.3130555	20.221043	1
15928	TRMT12	0.0	0.03299318	8.37039	44.55244	1
15929	RNF139-AS1	0.0	0.014284005	7.1683216	33.632248	1
15930	RNF139	0.0	0.087144665	9.768923	44.55244	1
15932	AC090198.1	0.0	0.0029449896	4.9283657	7.8685594	1
15942	WASHC5	0.0	0.08002344	9.646081	44.55244	1
15948	AC016074.2	0.0	0.0022048317	4.5265894	6.0227866	1
15956	LRATD2	0.0	0.023717685	7.8958893	44.55244	1
15957	PCAT1	0.0	0.0047821817	5.609454	11.426604	1
15960	PRNCR1	0.0	0.009282541	6.551907	21.677212	1
15968	MYC	0.0	0.16489346	10.688193	44.55244	1
15969	PVT1	0.0	0.038996384	8.610891	44.55244	1
15971	LINC00824	0.0	0.013796781	7.118607	31.664234	1
15972	CCDC26	0.0	0.0022462946	4.5523124	6.1717863	1
15978	FAM49B	0.0	0.14337318	10.486566	44.55244	1
15983	ASAP1-IT2	0.0	0.029390754	8.204119	44.55244	1
15995	KCNQ3	0.0	0.0018853593	4.3113284	5.6153536	1
15997	LRRC6	0.0	0.020385703	7.6784735	44.55244	1
16001	AF230666.2	0.0	0.002930107	4.921297	8.367948	1
16002	AF230666.1	0.0	0.003807973	5.2883487	9.450946	1
16003	TG	0.0	0.0020918502	4.4540772	5.7392235	1
16004	SLA	0.0	0.028661674	8.168004	44.55244	1
16006	CCN4	0.0	0.046826452	8.874258	44.55244	1
16009	AC103706.1	0.0	0.010266849	6.6958337	25.377123	1
16018	AC083843.3	0.0	0.020927995	7.7161674	44.55244	1
16024	KHDRBS3	0.0	0.02104184	7.723957	44.55244	1
16040	PEG13	0.0	0.0022418462	4.5495744	6.1950436	1
16041	AC107375.1	0.0	0.012678723	6.9976	30.064756	1
16042	CHRAC1	0.0	0.23070408	11.172453	44.55244	1
16047	DENND3	0.0	0.0064462023	6.032586	15.399719	1
16048	AC040970.1	0.0	0.005679602	5.852898	13.568347	1
16049	SLC45A4	0.0	0.00682831	6.1144314	15.578722	1
16055	AC100803.3	0.0	0.005756803	5.872041	13.904103	1
16056	GPR20	0.0	0.018526329	7.5411997	40.83836	1
16058	PTP4A3	0.0	0.26650572	11.380492	44.55244	1
16059	AC100803.4	0.0	0.010615147	6.743508	27.147268	1
16066	TSNARE1	0.0	0.004806286	5.6165595	11.94044	1
16076	THEM6	0.0	0.04407794	8.787183	44.55244	1
16082	LYNX1	0.0	0.002848105	4.8817163	7.204966	1
16089	LY6E-DT	0.0	0.00443751	5.503829	10.645362	1
16091	C8orf31	0.0	0.008479828	6.422877	20.12823	1
16093	LY6H	0.0	0.06362058	9.315616	44.55244	1
16097	MINCR	0.0	0.025724124	8.012575	44.55244	1
16098	ZNF696	0.0	0.026359046	8.047617	44.55244	1
16099	AC138696.2	0.0	0.005753885	5.8713226	14.056223	1
16100	TOP1MT	0.0	0.04937807	8.950645	44.55244	1
16102	RHPN1	0.0	0.0051119425	5.703749	12.047255	1
16105	MAFA	0.0	0.005440117	5.7918444	12.7871895	1
16106	ZC3H3	0.0	0.030875301	8.274975	44.55244	1
16107	AC067930.8	0.0	0.0039676726	5.346132	10.566253	1
16109	GSDMD	0.0	0.07994552	9.644677	44.55244	1
16110	MROH6	0.0	0.015059797	7.244107	35.502365	1
16112	NAPRT	0.0	0.06719417	9.394338	44.55244	1
16116	PYCR3	0.0	0.015618157	7.296288	38.136723	1
16120	ZNF707	0.0	0.016625706	7.3859234	38.482315	1
16121	AC105219.1	0.0	0.0050898	5.697607	12.022991	1
16124	MAPK15	0.0	0.0024364905	4.664762	6.2321243	1
16126	FAM83H	0.0	0.009749601	6.6219935	24.51173	1
16131	AC234917.3	0.0	0.0076623107	6.2784142	18.590422	1
16135	EPPK1	0.0	0.002397036	4.6421447	6.275662	1
16136	AC109322.2	0.0	0.014491423	7.188977	33.19957	1
16138	PARP10	0.0	0.011643869	6.875764	27.249376	1
16141	OPLAH	0.0	0.001848976	4.2846446	5.101851	1
16142	AC109322.1	0.0	0.005141122	5.711804	11.922731	1
16143	EXOSC4	0.0	0.10843569	10.083954	44.55244	1
16146	SHARPIN	0.0	0.15869561	10.632956	44.55244	1
16149	HGH1	0.0	0.023074051	7.8563666	44.55244	1
16151	BOP1	0.0	0.077304594	9.596275	44.55244	1
16152	SCX	0.0	0.11190748	10.129379	44.55244	1
16154	DGAT1	0.0	0.077913925	9.607588	44.55244	1
16159	FBXL6	0.0	0.034402918	8.430574	44.55244	1
16161	CPSF1	0.0	0.09407056	9.879132	44.55244	1
16165	TONSL	0.0	0.01889424	7.5694184	44.55244	1
16167	CYHR1	0.0	0.16083364	10.65225	44.55244	1
16169	KIFC2	0.0	0.014602511	7.1999187	33.80655	1
16171	PPP1R16A	0.0	0.03406994	8.416584	44.55244	1
16172	AC084125.2	0.0	0.0031033468	5.001508	8.066261	1
16177	LRRC14	0.0	0.03542789	8.472808	44.55244	1
16178	LRRC24	0.0	0.008249248	6.3835745	18.690641	1
16179	C8orf82	0.0	0.10518094	10.040029	44.55244	1
16180	ARHGAP39	0.0	0.022398904	7.813711	44.55244	1
16184	ZNF251	0.0	0.05592948	9.130042	44.55244	1
16185	ZNF34	0.0	0.035586853	8.479249	44.55244	1
16187	ZNF517	0.0	0.011517004	6.860094	26.777395	1
16189	COMMD5	0.0	0.17013024	10.733272	44.55244	1
16190	AF235103.3	0.0	0.004601383	5.555013	11.296069	1
16191	ZNF250	0.0	0.04762529	8.89861	44.55244	1
16192	ZNF16	0.0	0.047701854	8.900923	44.55244	1
16194	ZNF252P-AS1	0.0	0.0026799734	4.7969995	6.803198	1
16195	C8orf33	0.0	0.1672781	10.708895	44.55244	1
16196	WASHC1	0.0	0.10318672	10.012439	44.55244	1
16197	AL928970.1	0.0	0.011378547	6.8427963	26.13765	1
16199	PGM5P3-AS1	0.0	0.015634555	7.2977924	33.89926	1
16203	CBWD1	0.0	0.09427689	9.88229	44.55244	1
16206	DOCK8	0.0	0.0027823988	4.8491983	8.08975	1
16221	VLDLR-AS1	0.0	0.011511225	6.8593764	26.480843	1
16223	VLDLR	0.0	0.048094098	8.912713	44.55244	1
16229	RFX3-AS1	0.0	0.0039257584	5.3311887	9.669775	1
16230	AL354977.2	0.0	0.002339842	4.608716	5.988596	1
16232	GLIS3	0.0	0.029670423	8.217736	44.55244	1
16235	AL359095.1	0.0	0.0025840155	4.746321	7.8157477	1
16238	SPATA6L	0.0	0.0045023817	5.5243087	11.464663	1
16239	PLPP6	0.0	0.017746385	7.479488	38.896683	1
16240	CDC37L1-DT	0.0	0.013352124	7.07169	31.87901	1
16242	AK3	0.0	0.22199681	11.116973	44.55244	1
16244	RCL1	0.0	0.06744917	9.399795	44.55244	1
16246	JAK2	0.0	0.07926384	9.632339	44.55244	1
16247	IGHEP2	0.0	0.001697749	4.1681194	5.4133244	1
16248	INSL6	0.0	0.008366586	6.4037085	21.02868	1
16255	AL162253.2	0.0	0.014374861	7.177406	35.268322	1
16258	RIC1	0.0	0.08629771	9.754849	44.55244	1
16260	ERMP1	0.0	0.021144677	7.7309575	44.55244	1
16265	IL33	0.0	0.012458212	6.972487	27.040203	1
16273	KDM4C	0.0	0.036717366	8.524242	44.55244	1
16283	PTPRD-AS1	0.0	0.02345061	7.8796206	44.55244	1
16294	LURAP1L-AS1	0.0	0.0023124218	4.5924106	5.9058676	1
16295	LURAP1L	0.0	0.12938029	10.338517	44.55244	1
16298	AL162386.2	0.0	0.003977643	5.3496637	9.58764	1
16303	NFIB	0.0	0.35786235	11.805593	44.55244	1
16307	AL159169.2	0.0	0.0033103938	5.0918665	7.835067	1
16308	ZDHHC21	0.0	0.12655412	10.306679	44.55244	1
16309	CER1	0.0	0.0037494516	5.266581	9.377104	1
16310	FREM1	0.0	0.13796383	10.43112	44.55244	1
16316	CCDC171	0.0	0.08603219	9.750409	44.55244	1
16318	BNC2	0.0	0.0862259	9.75365	44.55244	1
16321	BNC2-AS1	0.0	0.004803502	5.6157403	11.651059	1
16325	SH3GL2	0.0	0.0034660916	5.156272	7.7341332	1
16326	ADAMTSL1	0.0	0.009704737	6.615407	21.237356	1
16335	AL391834.2	0.0	0.005592028	5.8308706	13.0898485	1
16338	ACER2	0.0	0.0050575603	5.6886168	12.418071	1
16339	AL158206.1	0.0	0.021288887	7.7407174	44.55244	1
16344	FOCAD	0.0	0.08296436	9.698086	44.55244	1
16367	AL359922.2	0.0	0.003163936	5.028541	8.081834	1
16369	CDKN2A	0.0	0.15323515	10.582473	44.55244	1
16370	CDKN2B-AS1	0.0	0.02963747	8.216138	44.55244	1
16372	CDKN2B	0.0	0.059479665	9.218677	44.55244	1
16374	DMRTA1	0.0	0.0035764922	5.2002583	8.398362	1
16381	ELAVL2	0.0	0.026725005	8.067434	44.55244	1
16389	TUSC1	0.0	0.14137466	10.466328	44.55244	1
16394	CAAP1	0.0	0.11309731	10.144624	44.55244	1
16396	IFT74	0.0	0.13036029	10.349395	44.55244	1
16398	LRRC19	0.0	0.002149465	4.49151	5.794135	1
16400	TEK	0.0	0.0022261702	4.539885	6.745207	1
16402	MOB3B	0.0	0.005555727	5.8216405	11.890887	1
16407	C9orf72	0.0	0.033097662	8.374938	44.55244	1
16409	AL353746.1	0.0	0.060618535	9.245994	44.55244	1
16410	LINGO2	0.0	0.056467745	9.143836	44.55244	1
16412	AL162388.2	0.0	0.013472945	7.08459	32.363976	1
16416	DDX58	0.0	0.045554843	8.834624	44.55244	1
16428	B4GALT1	0.0	0.12454565	10.283617	44.55244	1
16429	B4GALT1-AS1	0.0	0.0069103725	6.131419	16.878103	1
16433	NFX1	0.0	0.11994157	10.229319	44.55244	1
16434	AQP7	0.0	0.0067287628	6.093552	17.09271	1
16436	AQP3	0.0	0.014795472	7.21873	36.630894	1
16447	PTENP1-AS	0.0	0.019865042	7.641332	44.55244	1
16449	AL356489.2	0.0	0.007047263	6.159319	17.719538	1
16450	AL356489.3	0.0	0.0027000327	4.8073716	7.7708287	1
16454	PRSS3	0.0	0.009114798	6.525881	22.533817	1
16455	UBE2R2-AS1	0.0	0.0022650643	4.5638075	6.109214	1
16460	DCAF12	0.0	0.085225	9.736825	44.55244	1
16461	UBAP1	0.0	0.08261362	9.691981	44.55244	1
16462	KIF24	0.0	0.007518584	6.251451	19.22809	1
16464	MYORG	0.0	0.007133363	6.1765947	17.237072	1
16466	FAM219A	0.0	0.08155034	9.673315	44.55244	1
16468	ENHO	0.0	0.0065229763	6.049408	15.293743	1
16470	CNTFR	0.0	0.09451179	9.885877	44.55244	1
16475	SIGMAR1	0.0	0.12078695	10.239443	44.55244	1
16478	CCL27	0.0	0.0019426827	4.352393	5.0239964	1
16479	AL162231.1	0.0	0.039603326	8.633116	44.55244	1
16488	DNAJB5	0.0	0.035218656	8.464287	44.55244	1
16489	AL355377.3	0.0	0.0038008573	5.2857194	9.939401	1
16493	FANCG	0.0	0.033003137	8.370824	44.55244	1
16497	FAM214B	0.0	0.056094155	9.134276	44.55244	1
16498	UNC13B	0.0	0.03775146	8.564205	44.55244	1
16499	RUSC2	0.0	0.038831867	8.604808	44.55244	1
16502	TESK1	0.0	0.0684307	9.420607	44.55244	1
16503	CD72	0.0	0.002910971	4.912157	7.1498704	1
16507	RMRP	0.0	0.0064447606	6.0322685	15.231328	1
16514	GBA2	0.0	0.11147587	10.12381	44.55244	1
16515	RGP1	0.0	0.064231366	9.329379	44.55244	1
16518	AL133410.1	0.0	0.002330514	4.6031895	5.869891	1
16519	NPR2	0.0	0.018167147	7.513108	43.190712	1
16520	SPAG8	0.0	0.0021271047	4.4770975	5.4410715	1
16522	TMEM8B	0.0	0.051369216	9.007566	44.55244	1
16525	HRCT1	0.0	0.0036901005	5.244164	10.051486	1
16529	RECK	0.0	0.1196337	10.225614	44.55244	1
16530	GLIPR2	0.0	0.22730237	11.1510315	44.55244	1
16533	GNE	0.0	0.03098888	8.280254	44.55244	1
16534	RNF38	0.0	0.07805844	9.610258	44.55244	1
16547	ZBTB5	0.0	0.047413845	8.892204	44.55244	1
16548	POLR1E	0.0	0.07028297	9.459083	44.55244	1
16550	FBXO10	0.0	0.0365657	8.518288	44.55244	1
16553	TRMT10B	0.0	0.072817095	9.510114	44.55244	1
16557	SHB	0.0	0.008029964	6.345177	19.43993	1
16559	ALDH1B1	0.0	0.025106914	7.977676	44.55244	1
16567	CNTNAP3	0.0	0.0038758887	5.3132057	9.018172	1
16572	GLIDR	0.0	0.0481566	8.914582	44.55244	1
16573	BX664615.2	0.0	0.01274106	7.0046206	30.265152	1
16577	BMS1P14	0.0	0.002943228	4.927531	7.744923	1
16581	BX255923.1	0.0	0.0029299795	4.921236	6.615416	1
16584	CBWD6	0.0	0.0029057728	4.909664	7.4139247	1
16590	CNTNAP3B	0.0	0.015396531	7.2758017	37.075558	1
16611	AL590399.3	0.0	0.0023922415	4.639372	6.264538	1
16612	AL590399.1	0.0	0.006931667	6.135795	16.867317	1
16616	LINC01410	0.0	0.005504136	5.80842	13.336103	1
16617	AL512625.3	0.0	0.008273525	6.387763	19.069715	1
16619	LERFS	0.0	0.025315724	7.9895773	44.55244	1
16620	AL512625.1	0.0	0.025558067	8.003269	44.55244	1
16628	FP326651.1	0.0	0.002777327	4.8466573	7.654743	1
16629	CBWD5	0.0	0.07745858	9.599143	44.55244	1
16634	ZNF658	0.0	0.038682863	8.599276	44.55244	1
16639	FAM27E3	0.0	0.0060890014	5.951635	15.355301	1
16644	CBWD3	0.0	0.03343203	8.389396	44.55244	1
16648	PGM5	0.0	0.05922129	9.212406	44.55244	1
16649	PGM5-AS1	0.0	0.027825298	8.125429	44.55244	1
16650	AL161457.2	0.0	0.016920108	7.4110966	39.565662	1
16651	AL161457.1	0.0	0.0028116922	4.8637857	6.8308096	1
16655	PIP5K1B	0.0	0.012249851	6.94835	27.182835	1
16660	TJP2	0.0	0.03414347	8.419685	44.55244	1
16663	APBA1	0.0	0.0052782577	5.749067	12.654723	1
16670	MAMDC2-AS1	0.0	0.0070095095	6.151678	16.79499	1
16672	SMC5-AS1	0.0	0.015555387	7.2905154	37.081608	1
16674	AL162390.1	0.0	0.037020475	8.536072	44.55244	1
16676	TRPM3	0.0	0.029133353	8.191471	44.55244	1
16679	CEMIP2	0.0	0.117138594	10.195231	44.55244	1
16686	LINC01504	0.0	0.0061143143	5.9575233	14.988029	1
16690	ALDH1A1	0.0	0.012361176	6.9612966	25.342377	1
16696	RORB	0.0	0.002622015	4.766603	6.7888436	1
16701	CARNMT1	0.0	0.07402915	9.533897	44.55244	1
16706	PCSK5	0.0	0.014502691	7.1900907	33.628723	1
16707	RFK	0.0	0.07710275	9.592508	44.55244	1
16715	GNA14	0.0	0.002377203	4.6306405	6.0300746	1
16738	RASEF	0.0	0.0022934042	4.580992	5.9589276	1
16740	AL137847.1	0.0	0.0019518981	4.358887	5.0819793	1
16741	FRMD3	0.0	0.020530835	7.688658	44.55244	1
16743	IDNK	0.0	0.014446886	7.1845665	34.4516	1
16745	AL354920.1	0.0	0.013132415	7.0479326	30.982601	1
16746	GKAP1	0.0	0.040602323	8.668967	44.55244	1
16749	KIF27	0.0	0.035815645	8.488469	44.55244	1
16752	AL354733.3	0.0	0.075711615	9.566276	44.55244	1
16764	AL353743.2	0.0	0.0022414385	4.5493236	5.6103253	1
16768	C9orf153	0.0	0.01528691	7.2655597	37.355778	1
16775	GAS1RR	0.0	0.0042792223	5.452603	9.994867	1
16780	DAPK1-IT1	0.0	0.0032064242	5.0472	7.619007	1
16785	CDK20	0.0	0.013217687	7.0571995	29.693604	1
16787	AL353748.3	0.0	0.007910319	6.3237877	18.533257	1
16789	NXNL2	0.0	0.005077376	5.694149	11.903408	1
16794	SHC3	0.0	0.02450431	7.942767	44.55244	1
16795	AL353150.1	0.0	0.0023936918	4.6402116	6.4611397	1
16798	SEMA4D	0.0	0.00834137	6.3994055	18.386875	1
16800	GADD45G	0.0	0.015892442	7.3212466	37.906548	1
16809	SYK	0.0	0.116946004	10.19286	44.55244	1
16818	AUH	0.0	0.039764114	8.638947	44.55244	1
16821	ROR2	0.0	0.04595875	8.847332	44.55244	1
16824	IARS	0.0	0.20586334	11.008172	44.55244	1
16827	OGN	0.0	0.029865816	8.227174	44.55244	1
16828	OMD	0.0	0.0019247053	4.33964	5.370158	1
16829	ASPN	0.0	0.034306623	8.426542	44.55244	1
16830	ECM2	0.0	0.019258244	7.596804	43.55244	1
16832	IPPK	0.0	0.01842265	7.533147	43.23022	1
16835	ZNF484	0.0	0.03222864	8.336669	44.55244	1
16840	NINJ1	0.0	0.119756535	10.227093	44.55244	1
16842	WNK2	0.0	0.03421985	8.422899	44.55244	1
16853	AL158152.1	0.0	0.11435342	10.160544	44.55244	1
16855	ZNF169	0.0	0.017482542	7.4579997	41.06403	1
16857	AL691447.2	0.0	0.0048165605	5.6195774	11.743586	1
16858	MFSD14B	0.0	0.09209374	9.848525	44.55244	1
16859	AL358232.2	0.0	0.0019894296	4.3850374	5.192415	1
16861	FBP2	0.0	0.0038453292	5.302074	9.43816	1
16863	AL157936.1	0.0	0.004553314	5.5401864	11.528254	1
16869	FANCC	0.0	0.026372833	8.048368	44.55244	1
16872	PTCH1	0.0	0.031834863	8.318989	44.55244	1
16878	LINC00476	0.0	0.040836975	8.67726	44.55244	1
16889	ZNF367	0.0	0.0075874664	6.2644362	18.568989	1
16893	CDC14B	0.0	0.09638726	9.914195	44.55244	1
16895	AL589843.1	0.0	0.005357037	5.7700458	13.271633	1
16896	ZNF510	0.0	0.047466606	8.8938055	44.55244	1
16897	ZNF782	0.0	0.023173949	7.862572	44.55244	1
16902	AL590705.1	0.0	0.0049194414	5.649455	12.1960945	1
16904	CCDC180	0.0	0.026952265	8.079605	44.55244	1
16906	TDRD7	0.0	0.012153975	6.937106	30.085363	1
16910	NCBP1	0.0	0.090965986	9.830769	44.55244	1
16916	TRMO	0.0	0.028977083	8.183739	44.55244	1
16922	TRIM14	0.0	0.003910492	5.3257074	9.8260355	1
16923	CORO2A	0.0	0.004180442	5.4196877	9.618044	1
16924	TBC1D2	0.0	0.0031713748	5.031825	8.277224	1
16925	GABBR2	0.0	0.003175065	5.0334516	8.414969	1
16926	ANKS6	0.0	0.039612994	8.633468	44.55244	1
16930	COL15A1	0.0	0.019842358	7.6396923	44.55244	1
16939	STX17-AS1	0.0	0.00950945	6.586382	20.21246	1
16941	NR4A3	0.0	0.0049254196	5.651172	12.053286	1
16948	TMEFF1	0.0	0.08097769	9.663161	44.55244	1
16949	CAVIN4	0.0	0.017225247	7.4367323	40.90535	1
16952	MRPL50	0.0	0.1908326	10.898848	44.55244	1
16956	TMEM246	0.0	0.03217761	8.33439	44.55244	1
16957	RNF20	0.0	0.21162856	11.048	44.55244	1
16958	GRIN3A	0.0	0.01731815	7.4444475	36.187485	1
16959	PPP3R2	0.0	0.0021426098	4.487107	5.2677245	1
16976	NIPSNAP3A	0.0	0.11490164	10.1674385	44.55244	1
16977	NIPSNAP3B	0.0	0.023803169	7.901058	44.55244	1
16980	CT70	0.0	0.002106753	4.4638534	5.3818727	1
16985	FKTN	0.0	0.06812405	9.414137	44.55244	1
16994	AL807761.4	0.0	0.0038460277	5.302329	9.011503	1
16999	KLF4	0.0	0.020046411	7.654379	44.55244	1
17004	ELP1	0.0	0.055153374	9.109919	44.55244	1
17006	CTNNAL1	0.0	0.124744765	10.28592	44.55244	1
17008	FRRS1L	0.0	0.01720658	7.435177	37.549984	1
17010	PTPN3	0.0	0.0038105783	5.28931	10.251263	1
17019	LPAR1	0.0	0.039093807	8.614482	44.55244	1
17022	ECPAS	0.0	0.14573975	10.510168	44.55244	1
17023	ZNF483	0.0	0.025472853	7.9984694	44.55244	1
17026	DNAJC25	0.0	0.061473344	9.266162	44.55244	1
17030	AL138756.1	0.0	0.012206957	6.9433303	29.456705	1
17031	SUSD1	0.0	0.026130162	8.035083	44.55244	1
17033	HSDL2	0.0	0.20511685	11.0029335	44.55244	1
17035	KIAA1958	0.0	0.051179364	9.002234	44.55244	1
17041	ZNF883	0.0	0.042356562	8.729844	44.55244	1
17051	WDR31	0.0	0.010073367	6.6686535	23.181063	1
17053	HDHD3	0.0	0.0331366	8.376629	44.55244	1
17054	ALAD	0.0	0.034555957	8.436959	44.55244	1
17056	C9orf43	0.0	0.0026341174	4.7730036	6.8711667	1
17057	RGS3	0.0	0.1090088	10.091552	44.55244	1
17061	ZNF618	0.0	0.2735869	11.41831	44.55244	1
17069	WHRN	0.0	0.01655234	7.379581	39.62888	1
17071	TMEM268	0.0	0.023793574	7.900479	44.55244	1
17074	TNFSF15	0.0	0.013327607	7.0690584	31.992521	1
17077	TNC	0.0	0.050976127	8.996506	44.55244	1
17083	PAPPA	0.0	0.008505303	6.427154	19.640837	1
17087	ASTN2	0.0	0.015046159	7.2428083	33.19452	1
17090	TRIM32	0.0	0.038825575	8.604574	44.55244	1
17094	TLR4	0.0	0.12229576	10.257338	44.55244	1
17095	AL160272.1	0.0	0.019106613	7.585459	44.55244	1
17099	BRINP1	0.0	0.024274636	7.929237	44.55244	1
17104	MEGF9	0.0	0.0655258	9.358119	44.55244	1
17106	B3GNT10	0.0	0.003648436	5.2282166	8.675557	1
17107	PSMD5	0.0	0.113971144	10.155718	44.55244	1
17110	C5	0.0	0.005691195	5.855789	13.332708	1
17115	GSN-AS1	0.0	0.0072330628	6.196344	17.019207	1
17118	DAB2IP	0.0	0.109693885	10.100582	44.55244	1
17120	AL596244.1	0.0	0.0028624267	4.8887076	7.6004033	1
17121	TTLL11	0.0	0.0111122755	6.808935	26.38071	1
17148	ZBTB6	0.0	0.053844865	9.075342	44.55244	1
17149	ZBTB26	0.0	0.028895399	8.17968	44.55244	1
17150	AC007066.2	0.0	0.026726047	8.067491	44.55244	1
17154	MIR600HG	0.0	0.0027188193	4.817019	7.02984	1
17155	STRBP	0.0	0.10119525	9.984351	44.55244	1
17157	DENND1A	0.0	0.027344327	8.100364	44.55244	1
17172	MIR181A2HG	0.0	0.019829545	7.638765	43.34832	1
17179	SCAI	0.0	0.0674212	9.399197	44.55244	1
17181	RABEPK	0.0	0.060071208	9.232929	44.55244	1
17184	GAPVD1	0.0	0.20751417	11.01969	44.55244	1
17192	MVB12B	0.0	0.044845473	8.812032	44.55244	1
17199	ZBTB43	0.0	0.12080378	10.239644	44.55244	1
17201	RALGPS1	0.0	0.012971979	7.0303335	29.491198	1
17202	ANGPTL2	0.0	0.05884969	9.203341	44.55244	1
17205	AL445222.1	0.0	0.008614422	6.445333	20.446283	1
17207	ZNF79	0.0	0.009067643	6.518479	21.747543	1
17209	LRSAM1	0.0	0.036897764	8.531295	44.55244	1
17211	STXBP1	0.0	0.037595823	8.558261	44.55244	1
17212	AL162426.1	0.0	0.0028763942	4.8954935	7.3055954	1
17213	PTRH1	0.0	0.07593	9.570425	44.55244	1
17217	SH2D3C	0.0	0.0987004	9.948373	44.55244	1
17218	AL162586.2	0.0	0.008328019	6.3971214	20.078014	1
17220	FPGS	0.0	0.064044826	9.32519	44.55244	1
17224	ST6GALNAC6	0.0	0.17715293	10.791594	44.55244	1
17226	PIP5KL1	0.0	0.008342043	6.3995204	20.340494	1
17229	FAM102A	0.0	0.0705459	9.464462	44.55244	1
17231	NAIF1	0.0	0.016958423	7.4143405	40.680283	1
17232	SLC25A25	0.0	0.034515396	8.43527	44.55244	1
17234	SLC25A25-AS1	0.0	0.012118012	6.9328656	29.066908	1
17240	DNM1	0.0	0.08181356	9.6779585	44.55244	1
17245	COQ4	0.0	0.20970516	11.034835	44.55244	1
17246	SLC27A4	0.0	0.033731584	8.402227	44.55244	1
17247	URM1	0.0	0.14274068	10.480191	44.55244	1
17251	AL359091.5	0.0	0.0021494776	4.491518	5.728942	1
17254	GLE1	0.0	0.022386154	7.812893	44.55244	1
17255	AL356481.1	0.0	0.006839924	6.116848	16.24993	1
17259	WDR34	0.0	0.08142339	9.67107	44.55244	1
17262	PKN3	0.0	0.00489339	5.6419477	12.503655	1
17264	AL441992.1	0.0	0.008804199	6.476414	21.277142	1
17269	KYAT1	0.0	0.009321769	6.557926	21.644531	1
17275	SH3GLB2	0.0	0.079625696	9.638901	44.55244	1
17276	MIGA2	0.0	0.022380792	7.812549	44.55244	1
17278	DOLPP1	0.0	0.02869926	8.169888	44.55244	1
17279	CRAT	0.0	0.057709288	9.175158	44.55244	1
17284	AL158151.3	0.0	0.0035427776	5.186967	8.095235	1
17285	AL158151.1	0.0	0.005015218	5.676724	12.404752	1
17291	LINC01503	0.0	0.0093092015	6.556	21.36793	1
17300	ASB6	0.0	0.029817672	8.224854	44.55244	1
17302	PRRX2	0.0	0.026475513	8.053954	44.55244	1
17304	PTGES	0.0	0.010823465	6.771287	23.82797	1
17305	TOR1B	0.0	0.031035326	8.282409	44.55244	1
17308	USP20	0.0	0.016581066	7.3820677	37.59177	1
17314	NCS1	0.0	0.11202285	10.130865	44.55244	1
17316	ASS1	0.0	0.0028191013	4.8674526	6.772627	1
17317	FUBP3	0.0	0.1855644	10.858481	44.55244	1
17319	EXOSC2	0.0	0.048961326	8.938442	44.55244	1
17320	ABL1	0.0	0.115681686	10.177192	44.55244	1
17325	AIF1L	0.0	0.0044629206	5.5118856	10.8969345	1
17328	AL157938.3	0.0	0.019188678	7.5916104	43.21002	1
17329	FAM78A	0.0	0.0053390134	5.765273	13.605499	1
17331	PLPP7	0.0	0.002404916	4.6466904	6.388846	1
17340	MED27	0.0	0.12624927	10.303202	44.55244	1
17341	NTNG2	0.0	0.007427183	6.234038	16.09641	1
17346	DDX31	0.0	0.028947411	8.182266	44.55244	1
17350	SPACA9	0.0	0.026050596	8.0307	44.55244	1
17354	CEL	0.0	0.0024184808	4.654482	6.23206	1
17355	RALGDS	0.0	0.074041255	9.534133	44.55244	1
17356	GBGT1	0.0	0.022711614	7.833625	44.55244	1
17358	ABO	0.0	0.0062906384	5.997888	14.542906	1
17359	SURF6	0.0	0.116406344	10.1861925	44.55244	1
17365	STKLD1	0.0	0.007937327	6.328644	19.12667	1
17366	REXO4	0.0	0.10914781	10.093389	44.55244	1
17367	ADAMTS13	0.0	0.014717514	7.2111597	33.12458	1
17368	CACFD1	0.0	0.06788552	9.409083	44.55244	1
17369	SLC2A6	0.0	0.03270098	8.357595	44.55244	1
17375	DBH-AS1	0.0	0.0028381464	4.8768344	7.510351	1
17376	SARDH	0.0	0.014293915	7.1693153	33.009304	1
17377	VAV2	0.0	0.033642057	8.398404	44.55244	1
17382	WDR5	0.0	0.048968837	8.9386635	44.55244	1
17395	OLFM1	0.0	0.0059729153	5.9243174	15.020668	1
17400	PPP1R26-AS1	0.0	0.009239186	6.5452247	22.589676	1
17401	PPP1R26	0.0	0.025715813	8.012112	44.55244	1
17402	C9orf116	0.0	0.020051293	7.654729	44.55244	1
17403	MRPS2	0.0	0.16009234	10.64559	44.55244	1
17405	LCN1	0.0	0.0032689099	5.0742097	8.455865	1
17414	CAMSAP1	0.0	0.118211254	10.208371	44.55244	1
17415	AL355574.1	0.0	0.004295988	5.4581156	10.564625	1
17416	UBAC1	0.0	0.20709154	11.016749	44.55244	1
17417	NACC2	0.0	0.039658394	8.635116	44.55244	1
17422	QSOX2	0.0	0.026380789	8.048802	44.55244	1
17426	GPSM1	0.0	0.07197768	9.493409	44.55244	1
17427	DNLZ	0.0	0.005040026	5.683704	12.913913	1
17428	CARD9	0.0	0.0022736576	4.56904	5.7060075	1
17429	SNAPC4	0.0	0.035998885	8.4958105	44.55244	1
17431	PMPCA	0.0	0.14993031	10.551039	44.55244	1
17432	INPP5E	0.0	0.03788246	8.56919	44.55244	1
17437	NALT1	0.0	0.0041501205	5.409432	9.954459	1
17442	DIPK1B	0.0	0.13084002	10.354691	44.55244	1
17452	AJM1	0.0	0.010877973	6.778468	26.321503	1
17454	MAMDC4	0.0	0.0066671167	6.080469	16.242609	1
17456	TRAF2	0.0	0.021898743	7.781277	44.55244	1
17465	CLIC3	0.0	0.009115929	6.5260577	22.172863	1
17466	ABCA2	0.0	0.032569528	8.351802	44.55244	1
17469	NPDC1	0.0	0.21376571	11.0624895	44.55244	1
17470	ENTPD2	0.0	0.037721016	8.563045	44.55244	1
17475	UAP1L1	0.0	0.024871921	7.9641633	44.55244	1
17476	MAN1B1-DT	0.0	0.020230794	7.667523	44.55244	1
17478	DPP7	0.0	0.101923674	9.994688	44.55244	1
17482	ANAPC2	0.0	0.022548217	7.8232536	44.55244	1
17484	TPRN	0.0	0.03308447	8.374365	44.55244	1
17486	NDOR1	0.0	0.003027827	4.9670887	7.8403597	1
17487	BX255925.3	0.0	0.009232321	6.544164	23.047873	1
17488	RNF208	0.0	0.017252821	7.4390264	38.047024	1
17489	CYSRT1	0.0	0.0020425967	4.4212885	5.138451	1
17497	TOR4A	0.0	0.01994723	7.647259	44.55244	1
17498	BX255925.1	0.0	0.0020564352	4.430577	5.374073	1
17500	NRARP	0.0	0.24169202	11.239551	44.55244	1
17501	EXD3	0.0	0.051436268	9.009444	44.55244	1
17505	PNPLA7	0.0	0.0020202794	4.406183	5.33451	1
17508	ZMYND19	0.0	0.07028866	9.459199	44.55244	1
17509	ARRDC1	0.0	0.025170144	7.9812903	44.55244	1
17510	ARRDC1-AS1	0.0	0.044998176	8.816925	44.55244	1
17521	PRR26	0.0	0.0057050874	5.859246	14.041419	1
17529	IDI1	0.0	0.38204244	11.899895	44.55244	1
17530	WDR37	0.0	0.04386308	8.7801485	44.55244	1
17532	ADARB2	0.0	0.008470578	6.4213204	19.904219	1
17550	PFKP	0.0	0.073780105	9.529042	44.55244	1
17568	LINC00702	0.0	0.0055050664	5.8086596	15.15819	1
17573	MANCR	0.0	0.0020789083	4.4455338	5.4840083	1
17578	AKR1C2	0.0	0.01194472	6.912257	26.008057	1
17588	NET1	0.0	0.15105198	10.561784	44.55244	1
17598	ASB13	0.0	0.018182194	7.5142956	42.984238	1
17599	TASOR2	0.0	0.18794894	10.876892	44.55244	1
17603	ANKRD16	0.0	0.045127925	8.82107	44.55244	1
17612	LINC02649	0.0	0.0026451743	4.7788258	6.887648	1
17614	PRKCQ	0.0	0.0043526436	5.47659	10.131498	1
17615	PRKCQ-AS1	0.0	0.011548477	6.8639975	29.19326	1
17622	SFMBT2	0.0	0.08303499	9.699312	44.55244	1
17627	KIN	0.0	0.21780287	11.08947	44.55244	1
17629	TAF3	0.0	0.15056328	10.557113	44.55244	1
17631	GATA3-AS1	0.0	0.00357563	5.1999197	8.45588	1
17646	SFTA1P	0.0	0.0047353837	5.5955586	12.885109	1
17647	CELF2	0.0	0.09511684	9.895073	44.55244	1
17655	USP6NL	0.0	0.08629041	9.754727	44.55244	1
17658	ECHDC3	0.0	0.005518824	5.8121963	13.465691	1
17659	PROSER2	0.0	0.0069588744	6.1413665	17.236773	1
17662	DHTKD1	0.0	0.059711967	9.224291	44.55244	1
17664	NUDT5	0.0	0.3138188	11.616176	44.55244	1
17675	SEPHS1	0.0	0.19024101	10.894371	44.55244	1
17678	BEND7	0.0	0.03884447	8.605275	44.55244	1
17680	PRPF18	0.0	0.10306083	10.010679	44.55244	1
17681	AL157392.3	0.0	0.046334747	8.859061	44.55244	1
17682	FRMD4A	0.0	0.18642472	10.865151	44.55244	1
17692	HSPA14	0.0	0.054372046	9.089373	44.55244	1
17693	HSPA14-1	0.0	0.10965686	10.100096	44.55244	1
17694	AC069544.1	0.0	0.0042467765	5.441874	10.790395	1
17696	DCLRE1C	0.0	0.09444295	9.884826	44.55244	1
17697	MEIG1	0.0	0.0023596382	4.620374	5.8448296	1
17699	ACBD7	0.0	0.0024081874	4.6485734	5.83168	1
17700	RPP38-DT	0.0	0.0046347245	5.5652084	11.752952	1
17701	RPP38	0.0	0.123262666	10.26869	44.55244	1
17702	NMT2	0.0	0.066990696	9.389969	44.55244	1
17706	MINDY3	0.0	0.08089917	9.661763	44.55244	1
17708	PTER	0.0	0.020623986	7.6951575	44.55244	1
17711	RSU1	0.0	0.1845895	10.850886	44.55244	1
17716	TRDMT1	0.0	0.041799877	8.710802	44.55244	1
17717	VIM-AS1	0.0	0.013030668	7.0367966	31.605852	1
17719	AL133415.1	0.0	0.002502765	4.701973	6.6789403	1
17722	HACD1	0.0	0.018227354	7.5178547	43.70734	1
17723	STAM-AS1	0.0	0.012274093	6.951179	28.716337	1
17727	MRC1	0.0	0.003088163	4.9946537	8.9253235	1
17731	CACNB2	0.0	0.020223843	7.6670294	44.55244	1
17732	AL390783.1	0.0	0.0022708557	4.567336	5.73413	1
17733	AL450384.2	0.0	0.019208297	7.593077	43.04729	1
17738	MALRD1	0.0	0.0030660308	4.9846034	7.600969	1
17741	AL353147.1	0.0	0.0019779871	4.377115	5.340567	1
17744	AC069549.2	0.0	0.003012475	4.9599905	7.3190937	1
17751	MLLT10	0.0	0.1979032	10.951308	44.55244	1
17775	OTUD1	0.0	0.02725664	8.095747	44.55244	1
17778	KIAA1217	0.0	0.11429286	10.159781	44.55244	1
17779	AL356113.1	0.0	0.009589207	6.5983067	22.936443	1
17785	THNSL1	0.0	0.02393169	7.9087944	44.55244	1
17791	MYO3A	0.0	0.02284498	7.842035	44.55244	1
17793	APBB1IP	0.0	0.003196445	5.042839	9.440202	1
17795	PDSS1	0.0	0.032750435	8.359769	44.55244	1
17797	ABI1	0.0	0.1810492	10.822963	44.55244	1
17801	ACBD5	0.0	0.10653985	10.058531	44.55244	1
17805	LINC02680	0.0	0.0029630533	4.9368987	7.883667	1
17810	MPP7	0.0	0.0027733305	4.844652	7.1151876	1
17824	AL353796.1	0.0	0.005984186	5.9269924	14.495894	1
17825	MTPAP	0.0	0.068966076	9.431833	44.55244	1
17827	MAP3K8	0.0	0.017995397	7.499479	44.55244	1
17834	ZNF438	0.0	0.018410709	7.5322165	43.29717	1
17843	ARHGAP12	0.0	0.11425451	10.159298	44.55244	1
17851	CCDC7	0.0	0.032451723	8.34659	44.55244	1
17852	AL365203.2	0.0	0.007848915	6.312686	19.168243	1
17854	ITGB1-DT	0.0	0.0070155947	6.1529126	16.675776	1
17870	AL117336.1	0.0	0.0019227659	4.3382573	5.455751	1
17873	AL117336.2	0.0	0.008404129	6.4100914	20.366987	1
17874	AL603824.1	0.0	0.004639022	5.5665174	11.434717	1
17877	FZD8	0.0	0.21071061	11.041732	44.55244	1
17891	ZNF25	0.0	0.040323	8.659033	44.55244	1
17899	ZNF33B	0.0	0.08032435	9.651488	44.55244	1
17900	AL022345.4	0.0	0.0021503866	4.492101	5.4894376	1
17904	BMS1	0.0	0.28678367	11.48625	44.55244	1
17907	RET	0.0	0.0042490093	5.442615	10.20664	1
17908	AC010864.1	0.0	0.0031932145	5.0414248	8.428732	1
17915	AL450326.1	0.0	0.022954617	7.848912	44.55244	1
17916	ZNF487	0.0	0.018651916	7.5508943	44.55244	1
17917	ZNF239	0.0	0.01232919	6.9575887	29.070637	1
17919	ZNF485	0.0	0.0090858545	6.521342	21.456327	1
17922	ZNF32	0.0	0.2850142	11.4773245	44.55244	1
17938	TMEM72-AS1	0.0	0.0059432737	5.9172583	13.706843	1
17940	TMEM72	0.0	0.0058387327	5.892083	13.690116	1
17942	AL353801.3	0.0	0.0026916722	4.8030577	6.7398067	1
17944	DEPP1	0.0	0.020960527	7.7183976	44.55244	1
17945	C10orf25	0.0	0.006229004	5.9839067	14.517377	1
17951	MARCH8	0.0	0.058131028	9.185644	44.55244	1
17955	TIMM23	0.0	0.12718894	10.313891	44.55244	1
17963	SYT15	0.0	0.005283864	5.7505703	12.627315	1
17965	AL356056.1	0.0	0.0038097512	5.289005	8.985667	1
17969	GDF10	0.0	0.02269082	7.8323092	44.55244	1
17983	FRMPD2	0.0	0.0033142471	5.0934954	8.699541	1
17986	ARHGAP22	0.0	0.014698668	7.2093234	33.983513	1
17997	VSTM4	0.0	0.037028067	8.536366	44.55244	1
18007	SLC18A3	0.0	0.0026090492	4.7597146	5.4807477	1
18009	OGDHL	0.0	0.0030691358	4.9860177	7.897917	1
18012	TIMM23B-AGAP6	0.0	0.0024941477	4.697189	6.993565	1
18013	AL442003.1	0.0	0.012393161	6.964995	28.9223	1
18020	SGMS1-AS1	0.0	0.017400594	7.45126	39.72248	1
18021	AL589794.2	0.0	0.0022625413	4.562268	6.188591	1
18027	AL731537.1	0.0	0.0056697833	5.8504453	14.226739	1
18028	AC022537.1	0.0	0.0044532316	5.508819	11.055606	1
18030	CSTF2T	0.0	0.12222495	10.256503	44.55244	1
18031	PRKG1-AS1	0.0	0.004171075	5.4165273	10.30316	1
18032	DKK1	0.0	0.029317351	8.200523	44.55244	1
18046	AC010996.1	0.0	0.0030233548	4.9650245	7.7109995	1
18047	IPMK	0.0	0.046773482	8.872628	44.55244	1
18053	BICC1	0.0	0.13507855	10.400651	44.55244	1
18055	PHYHIPL	0.0	0.050437216	8.981202	44.55244	1
18056	FAM13C	0.0	0.069729835	9.4477	44.55244	1
18060	SLC16A9	0.0	0.05039703	8.980055	44.55244	1
18071	TMEM26	0.0	0.13692471	10.42022	44.55244	1
18074	CABCOCO1	0.0	0.023785416	7.8999863	44.55244	1
18078	RTKN2	0.0	0.039333902	8.623293	44.55244	1
18085	EGR2	0.0	0.096129805	9.91034	44.55244	1
18089	JMJD1C-AS1	0.0	0.0159841	7.3294916	38.64596	1
18091	AC022387.2	0.0	0.0025807617	4.744571	5.9863353	1
18097	LINC01515	0.0	0.043552384	8.769917	44.55244	1
18098	CTNNA3	0.0	0.0026705342	4.7920923	6.4735017	1
18104	SIRT1	0.0	0.08800022	9.783002	44.55244	1
18109	PBLD	0.0	0.026837863	8.073492	44.55244	1
18121	KIF1BP	0.0	0.12064069	10.237697	44.55244	1
18124	SUPV3L1	0.0	0.06865391	9.425298	44.55244	1
18131	AC016821.1	0.0	0.002364714	4.623348	6.161273	1
18134	FAM241B	0.0	0.021990826	7.7873034	44.55244	1
18136	COL13A1	0.0	0.018723242	7.556371	40.40325	1
18139	AIFM2	0.0	0.013378501	7.0745163	33.164642	1
18144	LRRC20	0.0	0.015059835	7.24411	36.818306	1
18147	PALD1	0.0	0.060766354	9.249501	44.55244	1
18149	ADAMTS14	0.0	0.004727346	5.5931582	12.803475	1
18150	TBATA	0.0	0.0064245723	6.0278115	17.746304	1
18151	SGPL1	0.0	0.1452938	10.50575	44.55244	1
18152	PCBD1	0.0	0.27693686	11.435863	44.55244	1
18157	UNC5B-AS1	0.0	0.0153115755	7.2678704	35.944336	1
18158	SLC29A3	0.0	0.010422712	6.717363	24.789627	1
18159	CDH23	0.0	0.014119117	7.151688	32.889614	1
18162	VSIR	0.0	0.022559691	7.8239846	44.55244	1
18168	ASCC1	0.0	0.101004064	9.981626	44.55244	1
18174	AC091769.2	0.0	0.0018934744	4.317213	5.208314	1
18182	AL731563.3	0.0	0.00944806	6.5771356	22.677399	1
18183	NUDT13	0.0	0.0066840122	6.084067	15.9509325	1
18185	ECD	0.0	0.11518795	10.171026	44.55244	1
18186	FAM149B1	0.0	0.037022952	8.536168	44.55244	1
18190	AC016394.1	0.0	0.010221301	6.689481	24.173315	1
18194	MSS51	0.0	0.010113501	6.6743336	24.15976	1
18197	USP54	0.0	0.021555416	7.758584	44.55244	1
18200	MYOZ1	0.0	0.011145913	6.8132567	25.592512	1
18202	AC073389.2	0.0	0.0028502992	4.8827896	7.465066	1
18203	AGAP5	0.0	0.008291588	6.390872	20.254454	1
18206	FUT11	0.0	0.08128248	9.668574	44.55244	1
18209	ZSWIM8-AS1	0.0	0.003953477	5.341088	9.623832	1
18210	NDST2	0.0	0.053475257	9.065423	44.55244	1
18211	CAMK2G	0.0	0.06130587	9.262233	44.55244	1
18214	PLAU	0.0	0.016862415	7.4061975	38.324173	1
18217	AL596247.1	0.0	0.011960554	6.914152	27.605999	1
18218	AP3M1	0.0	0.1368047	10.418956	44.55244	1
18230	COMTD1	0.0	0.062294975	9.285286	44.55244	1
18234	ZNF503-AS2	0.0	0.01110569	6.808088	25.773582	1
18235	AC010997.5	0.0	0.0026224907	4.7668552	6.2661233	1
18238	LRMDA	0.0	0.011181467	6.817811	27.010508	1
18244	KCNMA1	0.0	0.0069406494	6.1376367	16.251076	1
18252	DLG5-AS1	0.0	0.0035848054	5.2035165	8.552594	1
18270	EIF5AL1	0.0	0.006744497	6.096873	16.505556	1
18280	AL512662.2	0.0	0.010143492	6.6785636	23.963402	1
18282	SFTPD-AS1	0.0	0.006760648	6.100273	15.578359	1
18283	TMEM254-AS1	0.0	0.002113307	4.4681315	5.406502	1
18285	PLAC9	0.0	0.2199722	11.103761	44.55244	1
18286	ANXA11	0.0	0.121184856	10.244184	44.55244	1
18297	AL096706.1	0.0	0.014863416	7.2252955	36.71612	1
18298	NRG3	0.0	0.087256074	9.770764	44.55244	1
18299	AC010157.2	0.0	0.002637745	4.774916	6.8116736	1
18321	GRID1	0.0	0.003466208	5.156319	8.478725	1
18326	AL731569.1	0.0	0.0025548774	4.730573	7.449413	1
18329	AC067750.1	0.0	0.0049983407	5.671956	12.279545	1
18331	MMRN2	0.0	0.057925668	9.180548	44.55244	1
18332	SNCG	0.0	0.08847308	9.790725	44.55244	1
18333	ADIRF-AS1	0.0	0.0051069935	5.7023787	13.47736	1
18334	ADIRF	0.0	0.0041462784	5.408127	9.568176	1
18340	AL136982.3	0.0	0.0031906308	5.0402923	8.794156	1
18342	AL157893.2	0.0	0.020757204	7.704402	44.55244	1
18344	LINC00863	0.0	0.046809115	8.873725	44.55244	1
18348	MINPP1	0.0	0.09903894	9.953308	44.55244	1
18354	KLLN	0.0	0.0051165163	5.7050147	12.07074	1
18364	STAMBPL1	0.0	0.01588816	7.3208604	36.89452	1
18365	ACTA2-AS1	0.0	0.0025548502	4.730559	6.8702087	1
18367	AL157394.3	0.0	0.006747264	6.097456	16.146894	1
18368	FAS	0.0	0.03397636	8.412627	44.55244	1
18370	CH25H	0.0	0.003993211	5.355161	8.035801	1
18373	AL353751.1	0.0	0.006749778	6.0979853	17.513325	1
18377	IFIT5	0.0	0.08518768	9.736194	44.55244	1
18378	SLC16A12	0.0	0.011623439	6.873252	27.10711	1
18383	AL157400.3	0.0	0.0029910707	4.950035	7.9346433	1
18394	HTR7	0.0	0.003256724	5.068982	7.566832	1
18396	ANKRD1	0.0	0.002968569	4.939494	6.2799582	1
18401	PCGF5	0.0	0.065938145	9.367156	44.55244	1
18402	HECTD2	0.0	0.11589873	10.1798935	44.55244	1
18403	PPP1R3C	0.0	0.013794524	7.1183724	30.493814	1
18404	TNKS2-AS1	0.0	0.012357123	6.9608274	29.641394	1
18406	FGFBP3	0.0	0.02322164	7.8655252	44.55244	1
18409	CPEB3	0.0	0.017847048	7.4876027	41.928158	1
18412	IDE	0.0	0.07515401	9.555625	44.55244	1
18414	HHEX	0.0	0.010319192	6.7030997	25.192673	1
18415	EXOC6	0.0	0.07147955	9.483404	44.55244	1
18423	RBP4	0.0	0.0022993728	4.5845857	5.493678	1
18425	FRA10AC1	0.0	0.21263841	11.054865	44.55244	1
18426	LGI1	0.0	0.046109896	8.852058	44.55244	1
18427	AL157396.1	0.0	0.020162985	7.662703	44.55244	1
18430	PLCE1	0.0	0.058083367	9.184463	44.55244	1
18444	AL157834.1	0.0	0.008438102	6.4158435	20.008446	1
18447	PDLIM1	0.0	0.3570442	11.802291	44.55244	1
18448	SORBS1	0.0	0.035011377	8.455795	44.55244	1
18452	ENTPD1-AS1	0.0	0.053210814	9.058285	44.55244	1
18454	CC2D2B	0.0	0.0074950913	6.2469954	18.972675	1
18456	AC021037.1	0.0	0.003589449	5.2053337	9.095647	1
18470	FRAT1	0.0	0.022406315	7.814186	44.55244	1
18471	FRAT2	0.0	0.057632796	9.173247	44.55244	1
18473	RRP12	0.0	0.03502863	8.456504	44.55244	1
18478	MMS19	0.0	0.065227754	9.351552	44.55244	1
18483	MORN4	0.0	0.06310526	9.303901	44.55244	1
18484	PI4K2A	0.0	0.04707487	8.881875	44.55244	1
18485	AVPI1	0.0	0.0062333946	5.984907	15.478887	1
18487	ZFYVE27	0.0	0.04842117	8.922471	44.55244	1
18491	CRTAC1	0.0	0.0036527088	5.2298603	8.533135	1
18492	R3HCC1L	0.0	0.07653454	9.581851	44.55244	1
18493	LOXL4	0.0	0.008175315	6.3707423	18.833754	1
18495	PYROXD2	0.0	0.027271513	8.096532	44.55244	1
18497	AL139243.1	0.0	0.0019626725	4.366443	5.048996	1
18498	HPSE2	0.0	0.044411708	8.798041	44.55244	1
18499	CNNM1	0.0	0.0466271	8.868115	44.55244	1
18501	AL391684.1	0.0	0.0041535953	5.4106107	10.460588	1
18504	NKX2-3	0.0	0.0046320707	5.5643997	10.395876	1
18505	SLC25A28	0.0	0.058714747	9.200034	44.55244	1
18507	AL133353.1	0.0	0.0031553179	5.0247264	8.0295515	1
18508	ENTPD7	0.0	0.06807867	9.413177	44.55244	1
18509	CUTC	0.0	0.07230224	9.49989	44.55244	1
18512	DNMBP	0.0	0.04275753	8.743405	44.55244	1
18515	ERLIN1	0.0	0.08698402	9.766264	44.55244	1
18516	CHUK	0.0	0.05175154	9.018243	44.55244	1
18520	BLOC1S2	0.0	0.2061615	11.010259	44.55244	1
18530	AL138762.1	0.0	0.010655542	6.7489367	24.72536	1
18534	SEMA4G	0.0	0.009417636	6.572531	22.508654	1
18536	TWNK	0.0	0.02297616	7.8502593	44.55244	1
18540	AL133215.2	0.0	0.005553949	5.821187	13.10065	1
18541	KAZALD1	0.0	0.02507469	7.97583	44.55244	1
18543	TLX1	0.0	0.0027227667	4.819038	6.2720194	1
18553	FBXW4	0.0	0.07396341	9.532618	44.55244	1
18560	KCNIP2	0.0	0.0031544506	5.024342	8.286845	1
18561	ARMH3	0.0	0.033407506	8.388341	44.55244	1
18562	HPS6	0.0	0.029879933	8.227854	44.55244	1
18564	PPRC1	0.0	0.054534268	9.093662	44.55244	1
18566	ELOVL3	0.0	0.0104208365	6.7171054	24.97574	1
18567	PITX3	0.0	0.0036947457	5.2459316	9.3204365	1
18573	RPARP-AS1	0.0	0.015213115	7.258624	33.987667	1
18574	C10orf95	0.0	0.00435445	5.477175	10.905742	1
18575	MFSD13A	0.0	0.008933097	6.497149	22.613684	1
18578	SUFU	0.0	0.05777694	9.176845	44.55244	1
18579	TRIM8	0.0	0.2506565	11.292071	44.55244	1
18582	SFXN2	0.0	0.024802815	7.960165	44.55244	1
18587	AS3MT	0.0	0.027098363	8.087376	44.55244	1
18590	CNNM2	0.0	0.022386054	7.8128867	44.55244	1
18591	NT5C2	0.0	0.099702224	9.962928	44.55244	1
18593	INA	0.0	0.003981092	5.3508835	9.576056	1
18594	PCGF6	0.0	0.06542193	9.355834	44.55244	1
18597	PDCD11	0.0	0.17099413	10.740575	44.55244	1
18598	CALHM2	0.0	0.025899095	8.022318	44.55244	1
18606	AL121929.3	0.0	0.0056846365	5.8541546	14.8417635	1
18608	AL121929.2	0.0	0.004081153	5.385829	10.268426	1
18611	STN1	0.0	0.07461932	9.545338	44.55244	1
18617	GSTO2	0.0	0.005379974	5.7760973	12.984978	1
18618	ITPRIP	0.0	0.040208276	8.654932	44.55244	1
18622	CFAP58	0.0	0.0029438226	4.9278126	8.205266	1
18625	SORCS3	0.0	0.0026787142	4.7963457	5.746937	1
18633	LINC01435	0.0	0.0018718672	4.3014903	5.1822915	1
18637	ADD3-AS1	0.0	0.032422803	8.345308	44.55244	1
18645	RBM20	0.0	0.010756704	6.7624426	24.809818	1
18647	PDCD4-AS1	0.0	0.012194049	6.9418163	28.176579	1
18650	AL158163.2	0.0	0.0021039299	4.4620066	5.6028147	1
18651	AL158163.1	0.0	0.0030336615	4.9697776	7.6557384	1
18653	ADRA2A	0.0	0.064867705	9.343579	44.55244	1
18655	AL136119.1	0.0	0.004276355	5.451658	9.505854	1
18656	GPAM	0.0	0.057509355	9.170159	44.55244	1
18659	AL157786.1	0.0	0.0033008175	5.0878096	8.527528	1
18660	ZDHHC6	0.0	0.076690294	9.58478	44.55244	1
18664	AL158212.3	0.0	0.009993462	6.657277	25.84429	1
18667	AL158212.2	0.0	0.049391042	8.951024	44.55244	1
18671	CASP7	0.0	0.08925339	9.803379	44.55244	1
18674	DCLRE1A	0.0	0.018055025	7.5042253	42.14082	1
18676	AL592546.3	0.0	0.0040755887	5.383908	10.002424	1
18681	VWA2	0.0	0.013658327	7.1041613	33.50301	1
18682	AC005383.1	0.0	0.009385192	6.567605	23.526827	1
18684	ABLIM1	0.0	0.028660007	8.16792	44.55244	1
18687	TRUB1	0.0	0.06413608	9.32724	44.55244	1
18689	ATRNL1	0.0	0.11315672	10.145381	44.55244	1
18690	AC016042.1	0.0	0.012842357	7.0159564	27.467161	1
18691	GFRA1	0.0	0.18450733	10.8502445	44.55244	1
18692	AC012470.1	0.0	0.004636721	5.565817	11.459145	1
18699	HSPA12A	0.0	0.030183142	8.242372	44.55244	1
18700	ENO4	0.0	0.0040359246	5.370138	10.146904	1
18707	SLC18A2	0.0	0.0045104846	5.5268464	11.233971	1
18708	AL391988.1	0.0	0.004339091	5.4721923	11.434886	1
18725	AL139407.1	0.0	0.0034987424	5.169421	8.859869	1
18727	NANOS1	0.0	0.008909953	6.493448	21.264454	1
18730	SFXN4	0.0	0.0580822	9.184434	44.55244	1
18732	GRK5	0.0	0.050982047	8.996673	44.55244	1
18738	INPP5F	0.0	0.07994722	9.644708	44.55244	1
18741	PLPP4	0.0	0.007965121	6.3336244	19.26477	1
18744	WDR11-AS1	0.0	0.002307819	4.589655	5.4896493	1
18746	WDR11	0.0	0.16350473	10.675999	44.55244	1
18751	FGFR2	0.0	0.007291147	6.2077265	15.429812	1
18754	ATE1	0.0	0.16531801	10.6919	44.55244	1
18756	NSMCE4A	0.0	0.1657678	10.695818	44.55244	1
18757	AL731566.2	0.0	0.0033903213	5.125288	8.580323	1
18762	PLEKHA1	0.0	0.16908146	10.724356	44.55244	1
18770	FAM24B	0.0	0.0042003104	5.4263687	10.163384	1
18772	C10orf88	0.0	0.04729913	8.888717	44.55244	1
18775	ACADSB	0.0	0.026105253	8.033712	44.55244	1
18784	CPXM2	0.0	0.005537495	5.8169823	13.272189	1
18788	CHST15	0.0	0.017849034	7.4877625	44.55244	1
18792	LHPP	0.0	0.034271866	8.425084	44.55244	1
18797	ABRAXAS2	0.0	0.118209876	10.208355	44.55244	1
18800	AL731577.1	0.0	0.01449259	7.189092	33.17571	1
18807	EDRF1-DT	0.0	0.01539041	7.2752314	36.444096	1
18809	EDRF1	0.0	0.12211729	10.255233	44.55244	1
18811	MMP21	0.0	0.0031258585	5.0116115	8.0138445	1
18823	AL359094.1	0.0	0.0031166105	5.0074697	8.268261	1
18825	INSYN2A	0.0	0.003789545	5.2815294	9.417747	1
18845	LINC02666	0.0	0.003294277	5.0850325	8.07817	1
18846	EBF3	0.0	0.07680792	9.586988	44.55244	1
18850	C10orf143	0.0	0.0144347865	7.1833663	34.677494	1
18860	PPP2R2D	0.0	0.15970616	10.642107	44.55244	1
18862	AL162274.2	0.0	0.008006095	6.340935	19.969316	1
18863	AL162274.1	0.0	0.0029136697	4.9134493	7.371263	1
18864	JAKMIP3	0.0	0.002295232	4.5820937	5.670811	1
18866	DPYSL4	0.0	0.07509616	9.554515	44.55244	1
18867	STK32C	0.0	0.036075525	8.49887	44.55244	1
18869	PWWP2B	0.0	0.06332975	9.309016	44.55244	1
18875	INPP5A	0.0	0.09387801	9.87618	44.55244	1
18877	CFAP46	0.0	0.018502064	7.539319	43.95038	1
18883	KNDC1	0.0	0.013285764	7.0645556	29.73135	1
18888	ADAM8	0.0	0.0019211926	4.337135	5.339915	1
18892	CALY	0.0	0.012554414	6.9834967	28.219637	1
18898	PAOX	0.0	0.01154603	6.863694	27.360353	1
18901	SCART1	0.0	0.0026776027	4.7957683	6.8121395	1
18910	LINC01001	0.0	0.0120266015	6.9220314	29.054579	1
18915	AC069287.2	0.0	0.0020098677	4.3990808	5.3533745	1
18917	SIRT3	0.0	0.04042673	8.66273	44.55244	1
18925	IFITM1	0.0	0.03125442	8.292525	44.55244	1
18926	AC136475.1	0.0	0.0031064705	5.0029144	7.8036013	1
18931	AC136475.5	0.0	0.0022901325	4.5790186	6.4014754	1
18933	B4GALNT4	0.0	0.117601566	10.200918	44.55244	1
18935	SIGIRR	0.0	0.08326045	9.703219	44.55244	1
18937	PTDSS2	0.0	0.066682085	9.383317	44.55244	1
18940	AC137894.3	0.0	0.0032130892	5.050105	8.526676	1
18943	LRRC56	0.0	0.0028111034	4.8634944	7.087871	1
18946	RASSF7	0.0	0.004400053	5.49187	10.301032	1
18947	MIR210HG	0.0	0.016318979	7.3592205	34.341114	1
18948	PHRF1	0.0	0.10481141	10.034956	44.55244	1
18949	IRF7	0.0	0.020366514	7.6771216	44.55244	1
18951	SCT	0.0	0.002377123	4.630594	5.7116914	1
18956	TMEM80	0.0	0.11926407	10.221153	44.55244	1
18959	GATD1	0.0	0.09673403	9.919371	44.55244	1
18960	AP006621.3	0.0	0.040583666	8.668306	44.55244	1
18963	SLC25A22	0.0	0.03529828	8.467536	44.55244	1
18965	PIDD1	0.0	0.024850156	7.962905	44.55244	1
18969	CRACR2B	0.0	0.011877873	6.9042277	28.063734	1
18984	TOLLIP-AS1	0.0	0.008151439	6.366574	19.674803	1
18987	BRSK2	0.0	0.0053460933	5.76715	12.7841	1
18989	MOB2	0.0	0.08636401	9.755956	44.55244	1
18990	DUSP8	0.0	0.021687968	7.767388	44.55244	1
19010	LSP1	0.0	0.0070403656	6.157926	17.125025	1
19021	AC132217.1	0.0	0.008289324	6.390483	19.660168	1
19022	IGF2-AS	0.0	0.017123567	7.4282403	37.141735	1
19027	TSPAN32	0.0	0.0024272732	4.6595097	6.055501	1
19028	CD81-AS1	0.0	0.0023302424	4.6030283	6.211805	1
19033	KCNQ1	0.0	0.0027249344	4.8201456	6.4663844	1
19039	SLC22A18	0.0	0.010803273	6.7686176	26.570377	1
19040	PHLDA2	0.0	0.45446822	12.150281	44.55244	1
19043	CARS	0.0	0.09567899	9.903565	44.55244	1
19046	OSBPL5	0.0	0.021175953	7.73308	44.55244	1
19053	ZNF195	0.0	0.13951786	10.447268	44.55244	1
19058	ART5	0.0	0.007178534	6.185576	15.625817	1
19060	CHRNA10	0.0	0.0047435015	5.5979786	11.723979	1
19061	NUP98	0.0	0.119096726	10.219129	44.55244	1
19062	PGAP2	0.0	0.07856854	9.619643	44.55244	1
19076	TRIM21	0.0	0.059576243	9.221013	44.55244	1
19083	TRIM68	0.0	0.02938502	8.203838	44.55244	1
19084	OR51D1	0.0	0.0047084736	5.5875072	10.552987	1
19085	OR51E1	0.0	0.01384835	7.1239505	30.701727	1
19086	OR51E2	0.0	0.00467221	5.576586	11.555834	1
19112	AC104389.5	0.0	0.0066313967	6.072834	15.376754	1
19124	UBQLNL	0.0	0.0023065151	4.588874	5.9487305	1
19127	TRIM6	0.0	0.020880137	7.71288	44.55244	1
19128	TRIM34	0.0	0.049567573	8.956161	44.55244	1
19129	TRIM5	0.0	0.15213709	10.572104	44.55244	1
19130	TRIM22	0.0	0.02839893	8.154764	44.55244	1
19149	AC022762.2	0.0	0.002582674	4.7455997	6.254855	1
19157	SMPD1	0.0	0.037860643	8.56836	44.55244	1
19158	APBB1	0.0	0.048424147	8.922559	44.55244	1
19160	TRIM3	0.0	0.03952916	8.630419	44.55244	1
19163	DNHD1	0.0	0.00732097	6.213536	17.809885	1
19164	RRP8	0.0	0.11790036	10.204576	44.55244	1
19169	TPP1	0.0	0.08433282	9.72166	44.55244	1
19175	OR2AG2	0.0	0.0029497258	4.930608	8.3502245	1
19177	OR6A2	0.0	0.0021530294	4.4937944	5.9916573	1
19178	AC087280.2	0.0	0.0016701902	4.1458325	5.068973	1
19184	ZNF215	0.0	0.010194817	6.6857743	24.894917	1
19185	ZNF214	0.0	0.019227527	7.5945134	43.85347	1
19189	SYT9	0.0	0.03617529	8.502843	44.55244	1
19190	AC107884.1	0.0	0.0069150003	6.1323714	16.306963	1
19191	OLFML1	0.0	0.028213676	8.145355	44.55244	1
19194	CYB5R2	0.0	0.012561025	6.9842505	30.360647	1
19207	TUB	0.0	0.025086746	7.976521	44.55244	1
19210	RIC3	0.0	0.0056382758	5.8425455	12.3586035	1
19212	LMO1	0.0	0.0029557562	4.933458	7.2177486	1
19213	STK33	0.0	0.031075971	8.28429	44.55244	1
19214	TRIM66	0.0	0.024837304	7.9621615	44.55244	1
19217	ST5	0.0	0.14335746	10.486407	44.55244	1
19219	AC026894.1	0.0	0.0021185656	4.471555	6.1419096	1
19220	AKIP1	0.0	0.097556666	9.931575	44.55244	1
19223	TMEM9B	0.0	0.16981015	10.7305565	44.55244	1
19224	TMEM9B-AS1	0.0	0.011176792	6.817213	25.673935	1
19225	NRIP3	0.0	0.022471521	7.81836	44.55244	1
19227	SCUBE2	0.0	0.00786211	6.3150787	16.900581	1
19229	DENND5A	0.0	0.1226053	10.260982	44.55244	1
19233	AC132192.1	0.0	0.0053960695	5.7803283	13.221941	1
19234	AC132192.2	0.0	0.025856324	8.019942	44.55244	1
19238	LINC02709	0.0	0.0021372088	4.4836283	5.722995	1
19239	SBF2-AS1	0.0	0.013059799	7.039994	29.567451	1
19245	ADM	0.0	0.012044675	6.92418	28.241093	1
19247	MTRNR2L8	0.0	0.045785654	8.8419	44.55244	1
19248	RNF141	0.0	0.08744963	9.773957	44.55244	1
19249	MRVI1-AS1	0.0	0.0018054512	4.252061	5.0948286	1
19250	LYVE1	0.0	0.022951547	7.8487196	44.55244	1
19251	MRVI1	0.0	0.08348004	9.707015	44.55244	1
19256	ZBED5-AS1	0.0	0.02099943	7.7210603	44.55244	1
19260	GALNT18	0.0	0.0155327935	7.2884316	36.22465	1
19261	CSNK2A3	0.0	0.001855174	4.289225	5.3591256	1
19270	MICAL2	0.0	0.010520668	6.7307305	25.421726	1
19284	ARNTL	0.0	0.023581205	7.8875985	44.55244	1
19285	BTBD10	0.0	0.124567695	10.283872	44.55244	1
19289	FAR1-IT1	0.0	0.0037805536	5.2781906	10.117753	1
19294	SPON1	0.0	0.0056921653	5.856031	14.116834	1
19296	RRAS2	0.0	0.046615627	8.867762	44.55244	1
19299	PDE3B	0.0	0.010018024	6.660784	23.90817	1
19300	CYP2R1	0.0	0.03978253	8.639613	44.55244	1
19318	NCR3LG1	0.0	0.0055139544	5.8109455	13.7442465	1
19328	KCNC1	0.0	0.00763233	6.2728314	18.251585	1
19329	SERGEF	0.0	0.027335793	8.0999155	44.55244	1
19330	TPH1	0.0	0.006811872	6.111005	16.245691	1
19331	SAAL1	0.0	0.06693967	9.388871	44.55244	1
19340	GTF2H1	0.0	0.119939014	10.229288	44.55244	1
19348	SPTY2D1OS	0.0	0.013373052	7.0739326	32.93816	1
19349	SPTY2D1	0.0	0.17082888	10.739181	44.55244	1
19350	TMEM86A	0.0	0.010966003	6.7899904	26.743036	1
19372	HTATIP2	0.0	0.02711187	8.088093	44.55244	1
19373	PRMT3	0.0	0.047998186	8.909839	44.55244	1
19390	GAS2	0.0	0.023863744	7.90471	44.55244	1
19391	SVIP	0.0	0.05272977	9.045207	44.55244	1
19398	LUZP2	0.0	0.038900524	8.607349	44.55244	1
19401	ANO3	0.0	0.0072844783	6.206424	15.529891	1
19406	FIBIN	0.0	0.14611627	10.513888	44.55244	1
19407	BBOX1	0.0	0.002643774	4.77809	6.436019	1
19408	BBOX1-AS1	0.0	0.0025999772	4.754875	6.676741	1
19409	CCDC34	0.0	0.19453019	10.926519	44.55244	1
19410	LGR4	0.0	0.069906496	9.451345	44.55244	1
19413	BDNF-AS	0.0	0.052962046	9.051537	44.55244	1
19415	BDNF	0.0	0.12198475	10.253667	44.55244	1
19434	MPPED2	0.0	0.052870076	9.049034	44.55244	1
19440	DNAJC24	0.0	0.08686616	9.764311	44.55244	1
19442	ELP4	0.0	0.07458905	9.544753	44.55244	1
19443	AC131571.1	0.0	0.002784645	4.850322	7.0117426	1
19444	PAX6	0.0	0.0032292707	5.057134	8.0337305	1
19453	WT1-AS	0.0	0.023762107	7.8985777	44.55244	1
19456	PRRG4	0.0	0.006732046	6.094246	15.597159	1
19457	QSER1	0.0	0.27244774	11.412293	44.55244	1
19458	DEPDC7	0.0	0.0049757613	5.665552	12.536991	1
19459	TCP11L1	0.0	0.018546872	7.54279	42.732895	1
19464	KIAA1549L	0.0	0.006680503	6.0833206	19.056686	1
19468	FBXO3	0.0	0.11876591	10.215119	44.55244	1
19474	LMO2	0.0	0.03710226	8.539247	44.55244	1
19478	NAT10	0.0	0.07054685	9.464481	44.55244	1
19479	ABTB2	0.0	0.002346573	4.6126904	6.21706	1
19486	PDHX	0.0	0.08220062	9.684759	44.55244	1
19490	AL133330.1	0.0	0.0042701107	5.449598	12.304929	1
19494	PAMR1	0.0	0.0037925076	5.282628	9.066198	1
19496	FJX1	0.0	0.23629902	11.207008	44.55244	1
19502	LDLRAD3	0.0	0.078382716	9.616231	44.55244	1
19503	AL136146.2	0.0	0.0024976635	4.699143	6.54447	1
19505	PRR5L	0.0	0.0066244006	6.071334	16.495115	1
19509	TRAF6	0.0	0.056244228	9.138124	44.55244	1
19510	RAG1	0.0	0.0024782624	4.6883273	6.9317145	1
19512	C11orf74	0.0	0.028500266	8.159884	44.55244	1
19518	LRRC4C	0.0	0.24007732	11.229884	44.55244	1
19528	TTC17	0.0	0.20685418	11.015096	44.55244	1
19533	AC068205.2	0.0	0.009371902	6.5655823	22.019442	1
19535	AC087521.2	0.0	0.0073565976	6.2204456	17.83596	1
19537	ALKBH3	0.0	0.047428228	8.892641	44.55244	1
19538	ALKBH3-AS1	0.0	0.0019437243	4.3531284	5.7765083	1
19543	ACCS	0.0	0.014981447	7.236631	35.336697	1
19548	CD82	0.0	0.044101454	8.7879505	44.55244	1
19553	TSPAN18	0.0	0.07846236	9.617695	44.55244	1
19557	PRDM11	0.0	0.04488032	8.81315	44.55244	1
19559	SYT13	0.0	0.01393362	7.1327434	31.036722	1
19561	LINC02696	0.0	0.006035122	5.93902	14.0644865	1
19568	CHST1	0.0	0.10430095	10.027919	44.55244	1
19570	AC044839.1	0.0	0.002108223	4.464814	5.6776853	1
19573	LINC02716	0.0	0.014216895	7.161575	32.668575	1
19574	SLC35C1	0.0	0.027312214	8.098675	44.55244	1
19576	CRY2	0.0	0.029808085	8.224392	44.55244	1
19577	MAPK8IP1	0.0	0.01727878	7.441183	40.45965	1
19580	PEX16	0.0	0.05122398	9.0034895	44.55244	1
19588	CREB3L1	0.0	0.037225347	8.544012	44.55244	1
19589	DGKZ	0.0	0.175524	10.778275	44.55244	1
19592	AMBRA1	0.0	0.03048287	8.25658	44.55244	1
19593	AC127035.1	0.0	0.00669873	6.0871935	16.30479	1
19594	HARBI1	0.0	0.011364699	6.841055	26.845003	1
19597	ZNF408	0.0	0.0267099	8.066622	44.55244	1
19600	LRP4-AS1	0.0	0.0019360107	4.3476734	5.5517516	1
19603	C11orf49	0.0	0.09677733	9.920015	44.55244	1
19605	ARFGAP2	0.0	0.18160191	10.827358	44.55244	1
19610	ACP2	0.0	0.090961516	9.830698	44.55244	1
19611	NR1H3	0.0	0.036515143	8.516296	44.55244	1
19621	AC090559.2	0.0	0.010934915	6.7859316	27.542274	1
19624	KBTBD4	0.0	0.04061465	8.669404	44.55244	1
19627	C1QTNF4	0.0	0.03269361	8.357271	44.55244	1
19631	NUP160	0.0	0.10228483	9.999786	44.55244	1
19704	TNKS1BP1	0.0	0.13152587	10.362227	44.55244	1
19711	RTN4RL2	0.0	0.009274433	6.5506597	21.19289	1
19713	SLC43A1	0.0	0.015427188	7.2786527	36.788574	1
19717	SERPING1	0.0	0.29134887	11.5090275	44.55244	1
19718	AP000662.1	0.0	0.025871119	8.020764	44.55244	1
19719	YPEL4	0.0	0.0054156543	5.78546	11.803981	1
19743	LPXN	0.0	0.011356903	6.840073	26.499847	1
19751	AP001636.3	0.0	0.0037751384	5.276176	8.9587965	1
19753	FAM111B	0.0	0.025216553	7.9839373	44.55244	1
19754	FAM111A-DT	0.0	0.014225442	7.162436	33.66135	1
19756	DTX4	0.0	0.027998693	8.134359	44.55244	1
19765	OR4D9	0.0	0.006774698	6.1032243	16.802866	1
19767	LINC02739	0.0	0.0061359634	5.9625406	14.869689	1
19777	TCN1	0.0	0.014211747	7.161056	21.47886	1
19791	MS4A14	0.0	0.006375404	6.016898	18.117805	1
19803	CCDC86	0.0	0.048706517	8.93093	44.55244	1
19806	PRPF19	0.0	0.1437067	10.489915	44.55244	1
19812	SLC15A3	0.0	0.0026354203	4.7736907	6.621937	1
19816	VPS37C	0.0	0.02783589	8.125976	44.55244	1
19820	VWCE	0.0	0.0052222083	5.733953	12.253697	1
19822	TKFC	0.0	0.02791128	8.129864	44.55244	1
19823	CYB561A3	0.0	0.048770223	8.932812	44.55244	1
19825	TMEM216	0.0	0.10584572	10.049109	44.55244	1
19826	CPSF7	0.0	0.12841174	10.327684	44.55244	1
19828	PPP1R32	0.0	0.008530143	6.4313126	20.458824	1
19830	LRRC10B	0.0	0.010610247	6.742848	25.36936	1
19835	DAGLA	0.0	0.012477224	6.97467	29.744032	1
19837	MYRF	0.0	0.017158667	7.431177	38.06663	1
19840	FADS2	0.0	0.16608346	10.698561	44.55244	1
19843	RAB3IL1	0.0	0.060388252	9.240511	44.55244	1
19844	BEST1	0.0	0.012349404	6.959933	29.259216	1
19856	ASRGL1	0.0	0.011298424	6.8326907	28.105846	1
19864	TUT1	0.0	0.027906174	8.1296015	44.55244	1
19865	MTA2	0.0	0.08208427	9.682718	44.55244	1
19866	EML3	0.0	0.059764024	9.225546	44.55244	1
19868	ROM1	0.0	0.02576693	8.014965	44.55244	1
19871	INTS5	0.0	0.045900863	8.845517	44.55244	1
19872	C11orf98	0.0	0.010999561	6.7943587	25.271353	1
19874	CSKMT	0.0	0.038492918	8.592193	44.55244	1
19877	LRRN4CL	0.0	0.003237986	5.060906	7.4787254	1
19879	GNG3	0.0	0.002865385	4.8901477	6.6730933	1
19884	AP001160.2	0.0	0.013060252	7.0400434	30.288128	1
19887	AP001160.3	0.0	0.00599462	5.9294643	14.874908	1
19889	NXF1	0.0	0.06332089	9.308814	44.55244	1
19892	AP001160.1	0.0	0.0042965817	5.45831	10.689754	1
19908	PLAAT4	0.0	0.008276064	6.3882008	20.713985	1
19910	PLAAT3	0.0	0.010210255	6.6879363	25.70123	1
19915	C11orf95	0.0	0.09642485	9.914757	44.55244	1
19918	RCOR2	0.0	0.021718796	7.769428	44.55244	1
19921	OTUB1	0.0	0.2733182	11.416894	44.55244	1
19922	MACROD1	0.0	0.06571586	9.362291	44.55244	1
19928	FERMT3	0.0	0.0043423316	5.473245	10.241681	1
19929	TRPT1	0.0	0.09319087	9.865592	44.55244	1
19934	FKBP2	0.0	0.03259425	8.352893	44.55244	1
19938	AP001453.2	0.0	0.0018018296	4.249316	5.1628475	1
19941	GPR137	0.0	0.06140915	9.264657	44.55244	1
19944	ESRRA	0.0	0.07820656	9.612989	44.55244	1
19948	CCDC88B	0.0	0.033628106	8.397808	44.55244	1
19949	RPS6KA4	0.0	0.0561043	9.134537	44.55244	1
19950	LINC02723	0.0	0.0019569048	4.362403	5.7461863	1
19957	NRXN2	0.0	0.03644383	8.513484	44.55244	1
19959	RASGRP2	0.0	0.10430649	10.027996	44.55244	1
19960	PYGM	0.0	0.0085088685	6.4277515	21.058645	1
19962	AP001462.1	0.0	0.012719439	7.002189	29.795599	1
19963	MAP4K2	0.0	0.1086756	10.087139	44.55244	1
19964	MEN1	0.0	0.06836203	9.41916	44.55244	1
19965	CDC42BPG	0.0	0.011746424	6.888308	28.326805	1
19966	EHD1	0.0	0.07188002	9.491453	44.55244	1
19968	ATG2A	0.0	0.036653314	8.52173	44.55244	1
19969	PPP2R5B	0.0	0.02622248	8.040152	44.55244	1
19977	CDCA5	0.0	0.027118357	8.088436	44.55244	1
19982	TM7SF2	0.0	0.061947826	9.277237	44.55244	1
19983	ZNHIT2	0.0	0.031744238	8.314889	44.55244	1
19986	SYVN1	0.0	0.052487276	9.03857	44.55244	1
19989	AP003068.2	0.0	0.004509274	5.526468	11.4110565	1
19990	CAPN1	0.0	0.15544607	10.603127	44.55244	1
19994	CDC42EP2	0.0	0.031431083	8.300631	44.55244	1
19998	SLC25A45	0.0	0.0114813745	6.855663	28.212168	1
20007	SSSCA1-AS1	0.0	0.0047277096	5.593267	11.557873	1
20010	EHBP1L1	0.0	0.05580706	9.126886	44.55244	1
20014	SIPA1	0.0	0.03755585	8.55673	44.55244	1
20016	RELA-DT	0.0	0.019340403	7.6029143	44.55244	1
20020	AP5B1	0.0	0.02152694	7.7566857	44.55244	1
20025	SNX32	0.0	0.0090849595	6.5212016	20.918211	1
20031	FOSL1	0.0	0.0032165726	5.051621	8.578594	1
20040	GAL3ST3	0.0	0.011494941	6.857352	25.522123	1
20045	AP000759.1	0.0	0.003025632	4.966076	7.907462	1
20051	AP001107.1	0.0	0.0032591089	5.070007	8.309629	1
20052	AP001107.2	0.0	0.0023817855	4.6333065	6.5481224	1
20053	CNIH2	0.0	0.016830921	7.403517	37.73865	1
20062	AP001107.9	0.0	0.016914668	7.410635	39.903214	1
20063	SLC29A2	0.0	0.009172144	6.534831	20.959005	1
20067	PELI3	0.0	0.011959829	6.914066	27.469072	1
20068	AP002748.4	0.0	0.011841023	6.8997827	27.747402	1
20069	DPP3	0.0	0.05305971	9.05419	44.55244	1
20070	BBS1	0.0	0.047735013	8.901923	44.55244	1
20081	SPTBN2	0.0	0.0024623144	4.6793756	6.472408	1
20082	C11orf80	0.0	0.012555645	6.9836373	29.519968	1
20083	RCE1	0.0	0.05572828	9.124852	44.55244	1
20084	PC	0.0	0.012022573	6.921552	29.313787	1
20088	RHOD	0.0	0.02643436	8.051718	44.55244	1
20091	GRK2	0.0	0.086384565	9.756299	44.55244	1
20093	SSH3	0.0	0.008948555	6.4996157	20.76352	1
20094	AP001885.2	0.0	0.0022721244	4.5681076	6.092546	1
20098	CLCF1	0.0	0.011202939	6.8205543	26.145952	1
20101	TBC1D10C	0.0	0.0038495774	5.3036265	11.178885	1
20111	PITPNM1	0.0	0.053495053	9.065956	44.55244	1
20118	NUDT8	0.0	0.04821039	8.91619	44.55244	1
20122	LINC02754	0.0	0.006497583	6.0438657	16.089525	1
20123	UNC93B1	0.0	0.006826472	6.114049	17.712036	1
20128	AP002807.1	0.0	0.0056675435	5.849885	13.567501	1
20129	CHKA	0.0	0.07673349	9.585591	44.55244	1
20133	AP002813.1	0.0	0.0018842692	4.310536	5.125858	1
20135	PPP6R3	0.0	0.17229864	10.751533	44.55244	1
20139	CPT1A	0.0	0.033741884	8.402666	44.55244	1
20142	IGHMBP2	0.0	0.028436637	8.156672	44.55244	1
20149	TPCN2	0.0	0.015167903	7.2543583	35.11977	1
20172	ANO1	0.0	0.022102894	7.794604	44.55244	1
20179	AP002336.1	0.0	0.0025392154	4.7220373	6.77273	1
20190	DHCR7	0.0	0.047885984	8.906469	44.55244	1
20191	AP002387.2	0.0	0.0031982202	5.043616	7.8261733	1
20192	NADSYN1	0.0	0.032309547	8.340275	44.55244	1
20199	ALG1L9P	0.0	0.0056465073	5.8446136	13.019284	1
20202	FAM86C1	0.0	0.014251777	7.165086	33.632404	1
20207	RNF121	0.0	0.068300046	9.417853	44.55244	1
20208	IL18BP	0.0	0.013592559	7.0972486	32.828045	1
20210	AP002490.1	0.0	0.006690341	6.085412	16.382528	1
20211	LRTOMT	0.0	0.015067552	7.2448444	36.388912	1
20214	ANAPC15	0.0	0.15174718	10.568404	44.55244	1
20221	AP000593.4	0.0	0.0033598663	5.112644	8.829325	1
20222	CLPB	0.0	0.07173459	9.488535	44.55244	1
20235	STARD10	0.0	0.04765869	8.899619	44.55244	1
20236	AP002381.2	0.0	0.0058325124	5.890571	13.828101	1
20237	ATG16L2	0.0	0.047189016	8.885362	44.55244	1
20238	FCHSD2	0.0	0.10100017	9.981569	44.55244	1
20244	AP002761.3	0.0	0.003838077	5.2994194	9.977147	1
20246	RELT	0.0	0.016026165	7.3332596	38.824833	1
20248	FAM168A	0.0	0.09151404	9.839425	44.55244	1
20250	PLEKHB1	0.0	0.0020482014	4.4250574	5.5821605	1
20254	MRPL48	0.0	0.118419155	10.210905	44.55244	1
20259	UCP2	0.0	0.007021963	6.154203	18.25151	1
20261	UCP3	0.0	0.0025401516	4.722549	6.68514	1
20262	C2CD3	0.0	0.027779223	8.123047	44.55244	1
20264	P4HA3	0.0	0.012018657	6.9210863	28.01795	1
20266	PGM2L1	0.0	0.061934426	9.276925	44.55244	1
20272	AP001372.2	0.0	0.024482336	7.9414783	44.55244	1
20277	AP001992.2	0.0	0.001872609	4.302033	5.021825	1
20279	NEU3	0.0	0.01964822	7.625579	44.55244	1
20282	SLCO2B1	0.0	0.0027475	4.831624	8.972524	1
20284	TPBGL	0.0	0.0025134417	4.707879	6.9108973	1
20289	KLHL35	0.0	0.0054887556	5.8044553	14.024391	1
20290	GDPD5	0.0	0.007630392	6.2724695	18.65332	1
20293	AP001922.5	0.0	0.0026533452	4.7831135	6.627745	1
20294	MAP6	0.0	0.0055315844	5.815469	12.949901	1
20304	AP003168.2	0.0	0.00263388	4.772878	6.3388395	1
20306	WNT11	0.0	0.00959828	6.599657	22.35687	1
20309	THAP12	0.0	0.28257057	11.464906	44.55244	1
20311	AP002360.1	0.0	0.03351881	8.393125	44.55244	1
20320	TSKU	0.0	0.078481704	9.61805	44.55244	1
20321	AP003119.2	0.0	0.0051871818	5.724427	12.155312	1
20322	AP003119.3	0.0	0.0068396595	6.116793	16.752182	1
20326	CAPN5	0.0	0.035583578	8.479116	44.55244	1
20328	MYO7A	0.0	0.0024073508	4.648092	5.9439263	1
20333	AQP11	0.0	0.0056227334	5.8386326	13.5751295	1
20341	INTS4	0.0	0.065685056	9.361616	44.55244	1
20343	KCTD14	0.0	0.004181859	5.4201655	10.892969	1
20348	KCTD21-AS1	0.0	0.023815487	7.9018016	44.55244	1
20349	KCTD21	0.0	0.017263068	7.439878	42.076767	1
20350	USP35	0.0	0.013525085	7.0901213	32.27323	1
20354	LINC02728	0.0	0.0034474218	5.1486993	9.153619	1
20355	NARS2	0.0	0.04517193	8.822474	44.55244	1
20369	FAM181B	0.0	0.0065207668	6.0489264	15.435522	1
20372	DDIAS	0.0	0.012307951	6.955121	30.88803	1
20379	AP000873.2	0.0	0.052671935	9.043627	44.55244	1
20380	PCF11-AS1	0.0	0.014672375	7.206758	36.715763	1
20381	ANKRD42	0.0	0.029521527	8.210503	44.55244	1
20385	DLG2	0.0	0.019436728	7.610045	42.257973	1
20389	TMEM126B	0.0	0.2702015	11.400353	44.55244	1
20392	CCDC89	0.0	0.00454703	5.538237	11.14849	1
20393	SYTL2	0.0	0.087438636	9.773776	44.55244	1
20398	EED	0.0	0.10584988	10.049167	44.55244	1
20406	AP000654.1	0.0	0.002195052	4.520455	5.759792	1
20408	FZD4	0.0	0.063605025	9.315264	44.55244	1
20409	FZD4-DT	0.0	0.0061443495	5.9644794	14.57711	1
20410	TMEM135	0.0	0.074773714	9.548316	44.55244	1
20416	RAB38	0.0	0.012109095	6.9318123	28.616323	1
20418	AP003120.1	0.0	0.0045485743	5.5387163	11.0427885	1
20422	NOX4	0.0	0.01299198	7.0325394	29.952833	1
20434	NAALAD2	0.0	0.04165167	8.70569	44.55244	1
20435	CHORDC1	0.0	0.17051806	10.736555	44.55244	1
20439	FAT3	0.0	0.11074781	10.114365	44.55244	1
20448	SMCO4	0.0	0.08214732	9.683825	44.55244	1
20452	C11orf54	0.0	0.11242836	10.136073	44.55244	1
20456	PANX1	0.0	0.027826479	8.12549	44.55244	1
20464	FUT4	0.0	0.02742834	8.1047735	44.55244	1
20465	PIWIL4	0.0	0.0018146981	4.259045	5.0471478	1
20472	KDM4D	0.0	0.018950887	7.5737143	44.55244	1
20477	AP000787.1	0.0	0.057472423	9.169234	44.55244	1
20496	CNTN5	0.0	0.024713174	7.9549627	44.55244	1
20501	TRPC6	0.0	0.008828257	6.4803066	21.682585	1
20503	CEP126	0.0	0.1422217	10.47494	44.55244	1
20504	CFAP300	0.0	0.0082114665	6.3770313	17.917871	1
20507	YAP1	0.0	0.35143694	11.779461	44.55244	1
20509	BIRC3	0.0	0.0040988736	5.3919306	9.395267	1
20520	MMP10	0.0	0.0023191674	4.596439	5.7271714	1
20521	MMP1	0.0	0.06517112	9.350301	44.55244	1
20524	MMP13	0.0	0.18511398	10.854978	44.55244	1
20530	PDGFD	0.0	0.19766524	10.9495735	44.55244	1
20536	CASP1	0.0	0.014358936	7.1758175	34.55854	1
20537	CARD16	0.0	0.0066617024	6.0793147	17.140846	1
20540	GRIA4	0.0	0.7939687	12.955049	44.55244	1
20542	MSANTD4	0.0	0.14880157	10.540143	44.55244	1
20543	KBTBD3	0.0	0.030731043	8.26824	44.55244	1
20544	AASDHPPT	0.0	0.4360025	12.090451	44.55244	1
20549	GUCY1A2	0.0	0.09931758	9.957357	44.55244	1
20552	ALKBH8	0.0	0.029077267	8.188701	44.55244	1
20556	RAB39A	0.0	0.0029899348	4.9495044	8.006015	1
20557	AP003307.1	0.0	0.022388423	7.813039	44.55244	1
20559	AP002433.1	0.0	0.010892461	6.7803707	25.689507	1
20564	C11orf65	0.0	0.007181717	6.186207	16.833235	1
20566	EXPH5	0.0	0.0041224677	5.4000144	9.837405	1
20571	C11orf87	0.0	0.011492118	6.8570004	25.059675	1
20574	AP001981.2	0.0	0.0017201278	4.185968	5.6140647	1
20578	ARHGAP20	0.0	0.0052064294	5.7296696	11.84053	1
20594	SIK2	0.0	0.046540156	8.865429	44.55244	1
20595	PPP2R1B	0.0	0.061268847	9.261363	44.55244	1
20599	FDXACB1	0.0	0.01699431	7.4173727	40.12135	1
20601	CRYAB	0.0	0.008197959	6.3746843	18.329079	1
20603	C11orf52	0.0	0.001989442	4.385046	5.527511	1
20607	PIH1D2	0.0	0.00646177	6.036013	15.366039	1
20611	IL18	0.0	0.002261894	4.5618725	6.1722236	1
20614	BCO2	0.0	0.015560221	7.290961	36.21453	1
20615	PTS	0.0	0.16401693	10.680509	44.55244	1
20617	AP002884.3	0.0	0.0019779718	4.3771043	5.8888383	1
20618	LINC02762	0.0	0.052006923	9.0253315	44.55244	1
20629	TTC12	0.0	0.018280217	7.52201	41.882195	1
20635	ZW10	0.0	0.056796934	9.152207	44.55244	1
20638	USP28	0.0	0.10120616	9.984507	44.55244	1
20642	ZBTB16	0.0	0.0024453641	4.6698003	5.867654	1
20645	NNMT	0.0	0.004007204	5.3600845	10.492791	1
20647	C11orf71	0.0	0.02975001	8.221587	44.55244	1
20655	AP000462.3	0.0	0.0028159092	4.865874	6.7305303	1
20657	AP000462.2	0.0	0.004245337	5.441396	9.9829235	1
20664	LINC00900	0.0	0.009416842	6.572411	21.347841	1
20670	ZPR1	0.0	0.091966294	9.846529	44.55244	1
20678	SIK3	0.0	0.091669336	9.841868	44.55244	1
20681	SIDT2	0.0	0.039804112	8.640393	44.55244	1
20684	RNF214	0.0	0.22514984	11.13731	44.55244	1
20692	FXYD2	0.0	0.0090386225	6.5139046	19.564638	1
20694	AP000757.1	0.0	0.0022655793	4.5641217	5.5799794	1
20700	SCN4B	0.0	0.0058118785	5.885545	13.482732	1
20701	SCN2B	0.0	0.003590925	5.2059107	8.107389	1
20703	MPZL3	0.0	0.004457348	5.510123	11.029114	1
20709	AP001267.1	0.0	0.0028377946	4.876662	7.4417276	1
20714	AP001267.3	0.0	0.00541286	5.784729	12.654866	1
20720	AP000941.1	0.0	0.0028611952	4.888108	7.520192	1
20725	AP004609.3	0.0	0.0074670804	6.241665	17.99405	1
20726	CXCR5	0.0	0.0019293624	4.3429546	5.034332	1
20728	BCL9L	0.0	0.11768538	10.201945	44.55244	1
20731	CCDC84-DT	0.0	0.0027520505	4.8339276	7.5602655	1
20732	CCDC84	0.0	0.06884531	9.429309	44.55244	1
20740	AP003392.5	0.0	0.0028035725	4.8597574	6.857657	1
20741	VPS11	0.0	0.068358466	9.4190855	44.55244	1
20742	HMBS	0.0	0.044638142	8.805362	44.55244	1
20744	DPAGT1	0.0	0.06447201	9.334765	44.55244	1
20746	HINFP	0.0	0.049331445	8.9492855	44.55244	1
20748	NLRX1	0.0	0.005189377	5.7250257	12.750942	1
20750	CCDC153	0.0	0.010420863	6.717109	25.02602	1
20751	CBL	0.0	0.3204083	11.646146	44.55244	1
20758	USP2-AS1	0.0	0.0019499148	4.357492	5.346225	1
20761	AP003396.5	0.0	0.02164947	7.7648363	44.55244	1
20763	NECTIN1	0.0	0.045924716	8.846265	44.55244	1
20774	OAF	0.0	0.09571538	9.904114	44.55244	1
20779	GRIK4	0.0	0.0025280726	4.7159333	6.3066573	1
20782	TECTA	0.0	0.0035496661	5.1896925	9.236654	1
20785	SORL1	0.0	0.012059442	6.9259334	27.99166	1
20794	AP002762.3	0.0	0.0035319747	5.1826825	8.717327	1
20797	JHY	0.0	0.03853738	8.593854	44.55244	1
20801	CLMP	0.0	0.027327582	8.0994835	44.55244	1
20804	GRAMD1B	0.0	0.023825387	7.9023986	44.55244	1
20805	SCN3B	0.0	0.007555142	6.258357	17.51228	1
20807	ZNF202	0.0	0.022773487	7.8375325	44.55244	1
20820	VWA5A	0.0	0.03260571	8.353399	44.55244	1
20835	SIAE	0.0	0.0253191	7.989769	44.55244	1
20836	SPA17	0.0	0.041530006	8.70148	44.55244	1
20839	VSIG2	0.0	0.0018894769	4.314317	5.1111827	1
20841	AP000866.2	0.0	0.018760199	7.5592012	43.95038	1
20842	MSANTD2	0.0	0.12978606	10.343031	44.55244	1
20844	AP000866.1	0.0	0.010835287	6.772847	25.048895	1
20845	ROBO3	0.0	0.014251164	7.165024	33.174084	1
20847	ROBO4	0.0	0.006497354	6.0438156	15.408151	1
20851	CCDC15-DT	0.0	0.0041370215	5.4049783	9.820595	1
20852	CCDC15	0.0	0.0195958	7.621744	44.55244	1
20853	SLC37A2	0.0	0.002006021	4.396448	5.3511343	1
20857	PKNOX2	0.0	0.013246083	7.0602727	29.969765	1
20872	PUS3	0.0	0.0787092	9.62222	44.55244	1
20874	DDX25	0.0	0.0074081146	6.2303786	17.225813	1
20877	CDON	0.0	0.019267078	7.5974627	42.299587	1
20883	FAM118B	0.0	0.09274442	9.858671	44.55244	1
20886	TIRAP	0.0	0.02033855	7.675149	44.55244	1
20888	AP001318.2	0.0	0.005149964	5.714236	12.201899	1
20890	GSEC	0.0	0.011808065	6.8957953	28.198154	1
20891	ST3GAL4	0.0	0.042292897	8.727679	44.55244	1
20907	FLI1	0.0	0.059114926	9.209817	44.55244	1
20908	SENCR	0.0	0.006599237	6.065925	15.989943	1
20920	PRDM10	0.0	0.01987556	7.642092	44.55244	1
20924	ZBTB44	0.0	0.17704438	10.79071	44.55244	1
20931	AP003486.1	0.0	0.0109829465	6.7921977	26.163797	1
20932	SNX19	0.0	0.06635887	9.376318	44.55244	1
20944	OPCML	0.0	0.005243897	5.7398205	12.455647	1
20950	IGSF9B	0.0	0.009140219	6.5298553	21.263592	1
20958	THYN1	0.0	0.18172471	10.828333	44.55244	1
20959	ACAD8	0.0	0.0585117	9.195045	44.55244	1
20962	B3GAT1	0.0	0.004010331	5.3611827	10.436318	1
20975	IQSEC3	0.0	0.022475244	7.818598	44.55244	1
20978	AC026369.2	0.0	0.0020491164	4.4256716	6.5353904	1
20979	AC007406.3	0.0	0.0150910895	7.2470818	40.412277	1
20980	SLC6A12	0.0	0.004705006	5.5864663	11.982687	1
20982	AC007406.4	0.0	0.002043723	4.4220467	5.593629	1
20985	AC007406.5	0.0	0.032667223	8.35611	44.55244	1
20987	CCDC77	0.0	0.06244167	9.288674	44.55244	1
20989	NINJ2	0.0	0.001787761	4.238604	5.6678405	1
20992	AC021054.1	0.0	0.0035467986	5.1885586	9.064752	1
20996	RAD52	0.0	0.02524345	7.9854693	44.55244	1
20997	AC004803.1	0.0	0.0074803517	6.244193	17.857582	1
21002	WNT5B	0.0	0.0042181727	5.432349	9.396715	1
21003	FBXL14	0.0	0.0043436773	5.473682	11.275126	1
21004	ADIPOR2	0.0	0.095157556	9.89569	44.55244	1
21005	AC005343.1	0.0	0.0053017037	5.7553425	12.741011	1
21024	LINC02371	0.0	0.0023058134	4.588453	5.8499637	1
21026	ITFG2-AS1	0.0	0.01057363	6.737907	24.238226	1
21029	NRIP2	0.0	0.062377848	9.287201	44.55244	1
21032	RHNO1	0.0	0.09290991	9.86124	44.55244	1
21035	TEAD4	0.0	0.013326432	7.068932	33.445087	1
21036	AC125807.2	0.0	0.0018797581	4.3072524	5.506854	1
21043	PRMT8	0.0	0.002394262	4.640541	7.0292645	1
21046	CRACR2A	0.0	0.0029291955	4.9208627	8.804079	1
21048	PARP11	0.0	0.0706977	9.467559	44.55244	1
21050	AC084375.1	0.0	0.001988441	4.3843546	5.999672	1
21051	CCND2-AS1	0.0	0.0138434535	7.123444	33.04375	1
21053	TIGAR	0.0	0.094050735	9.878829	44.55244	1
21056	C12orf4	0.0	0.07007558	9.454825	44.55244	1
21058	DYRK4	0.0	0.15927196	10.638182	44.55244	1
21059	AKAP3	0.0	0.00296669	4.9386106	8.086534	1
21063	GALNT8	0.0	0.0055134245	5.810809	13.439213	1
21070	KCNA1	0.0	0.0033956075	5.1274714	8.531195	1
21072	KCNA5	0.0	0.022269068	7.8053613	44.55244	1
21089	CD27-AS1	0.0	0.12474613	10.285935	44.55244	1
21091	TAPBPL	0.0	0.0054140515	5.785041	14.534656	1
21099	AC006064.4	0.0	0.011632042	6.8743105	26.88583	1
21100	IFFO1	0.0	0.050222673	8.975065	44.55244	1
21104	AC006064.2	0.0	0.0040485575	5.374538	9.719817	1
21109	ZNF384	0.0	0.08355686	9.70834	44.55244	1
21110	PIANP	0.0	0.027108684	8.087923	44.55244	1
21113	AC125494.2	0.0	0.0020292571	4.412278	5.325269	1
21116	LAG3	0.0	0.0048899385	5.64095	12.43981	1
21117	CD4	0.0	0.06402653	9.324778	44.55244	1
21118	GPR162	0.0	0.037257735	8.545263	44.55244	1
21120	GNB3	0.0	0.020674232	7.6986513	44.55244	1
21125	LRRC23	0.0	0.035283983	8.466952	44.55244	1
21130	U47924.2	0.0	0.006025816	5.93683	14.854839	1
21131	PTPN6	0.0	0.0060238047	5.9363565	15.939502	1
21136	LPCAT3	0.0	0.07571976	9.56643	44.55244	1
21138	C1R	0.0	0.043297537	8.76147	44.55244	1
21139	C1RL	0.0	0.04760712	8.898061	44.55244	1
21140	C1RL-AS1	0.0	0.024717081	7.9551897	44.55244	1
21143	CLSTN3	0.0	0.05597641	9.13125	44.55244	1
21146	PEX5	0.0	0.035771176	8.486681	44.55244	1
21148	CD163L1	0.0	0.0037124695	5.252654	9.687232	1
21155	NANOG	0.0	0.0029294826	4.9209995	7.8817387	1
21156	SLC2A14	0.0	0.0018340786	4.2735744	5.112337	1
21157	AC006517.2	0.0	0.0016789266	4.152935	5.2772985	1
21159	AC006511.6	0.0	0.0026595988	4.7863865	7.394688	1
21162	C3AR1	0.0	0.020809969	7.708047	44.55244	1
21163	NECAP1	0.0	0.10243069	10.00184	44.55244	1
21164	CLEC4A	0.0	0.0036064938	5.211983	9.130686	1
21166	FAM66C	0.0	0.013297595	7.06583	30.346287	1
21168	AC092111.1	0.0	0.0025106478	4.706336	6.2625165	1
21173	LINC00937	0.0	0.0021041639	4.4621596	5.546335	1
21184	AC092490.1	0.0	0.0050020567	5.673007	13.821806	1
21190	KLRG1	0.0	0.0056886217	5.855148	13.268447	1
21193	A2M-AS1	0.0	0.023686238	7.8939834	44.55244	1
21202	KLRB1	0.0	0.0039043024	5.323479	11.370461	1
21204	AC010186.3	0.0	0.0060455496	5.94147	14.757189	1
21205	CLEC2D	0.0	0.065817915	9.364527	44.55244	1
21210	CLEC2B	0.0	0.0067596105	6.1000547	16.124498	1
21221	CLEC1A	0.0	0.0022880076	4.5777354	5.8954654	1
21222	CLEC7A	0.0	0.011557066	6.865061	25.11131	1
21225	GABARAPL1	0.0	0.1422306	10.47503	44.55244	1
21230	AC022075.1	0.0	0.0047344454	5.5952783	11.605932	1
21236	EIF2S3B	0.0	0.0030408252	4.973072	7.4063826	1
21250	TAS2R14	0.0	0.035615243	8.480396	44.55244	1
21254	TAS2R31	0.0	0.006393647	6.020957	16.163134	1
21255	TAS2R46	0.0	0.0018285147	4.2694182	5.164221	1
21257	TAS2R30	0.0	0.009637641	6.6055	22.853638	1
21272	MANSC1	0.0	0.01904768	7.5810256	43.17223	1
21273	LOH12CR2	0.0	0.009189718	6.537563	21.485518	1
21274	BORCS5	0.0	0.05731844	9.16537	44.55244	1
21275	DUSP16	0.0	0.030243356	8.245236	44.55244	1
21277	CREBL2	0.0	0.04205647	8.71961	44.55244	1
21279	GPR19	0.0	0.011849039	6.9007506	27.564384	1
21285	DDX47	0.0	0.004474344	5.515493	10.491508	1
21290	HEBP1	0.0	0.20554006	11.005906	44.55244	1
21292	FAM234B	0.0	0.007302299	6.209902	17.761763	1
21303	PLBD1	0.0	0.013167436	7.051746	31.330269	1
21308	AC010168.2	0.0	0.023587923	7.888008	44.55244	1
21309	HIST4H4	0.0	0.013595866	7.0975966	32.462376	1
21312	C12orf60	0.0	0.007103423	6.170611	16.928562	1
21313	SMCO3	0.0	0.017447917	7.455156	38.907497	1
21322	RERG	0.0	0.19916281	10.960457	44.55244	1
21325	PTPRO	0.0	0.0036065802	5.212017	7.68714	1
21329	DERA	0.0	0.08552075	9.7418165	44.55244	1
21331	MGST1	0.0	0.13546899	10.404812	44.55244	1
21333	LMO3	0.0	0.0048087416	5.6172814	9.979109	1
21338	AC092110.1	0.0	0.018515967	7.5403967	44.55244	1
21341	RERGL	0.0	0.05264182	9.042804	44.55244	1
21347	AC092828.1	0.0	0.032724496	8.358629	44.55244	1
21352	AC126468.1	0.0	0.029925942	8.230065	44.55244	1
21356	SLCO1C1	0.0	0.011872526	6.903584	28.172085	1
21370	KCNJ8	0.0	0.049297307	8.948289	44.55244	1
21371	ABCC9	0.0	0.038697302	8.5998125	44.55244	1
21375	ST8SIA1	0.0	0.013721882	7.1108103	30.35999	1
21380	AC053513.2	0.0	0.0030858542	4.9936085	7.9383225	1
21402	AC092794.1	0.0	0.0037067956	5.2505054	9.349859	1
21404	AC087239.1	0.0	0.007734515	6.291772	19.287315	1
21412	BHLHE41	0.0	0.002852319	4.8837767	6.4732676	1
21413	SSPN	0.0	0.07172123	9.488267	44.55244	1
21421	ITPR2	0.0	0.081190005	9.666934	44.55244	1
21424	INTS13	0.0	0.079260744	9.632282	44.55244	1
21428	MED21	0.0	0.19459657	10.9270115	44.55244	1
21429	AC092747.4	0.0	0.022742327	7.835566	44.55244	1
21433	ARNTL2	0.0	0.0039427294	5.337258	9.563979	1
21439	REP15	0.0	0.017997941	7.499682	44.251408	1
21440	AC009509.4	0.0	0.0042958166	5.4580593	11.327397	1
21447	PTHLH	0.0	0.011278112	6.8301177	22.672058	1
21449	CCDC91	0.0	0.13119264	10.35857	44.55244	1
21450	AC022364.1	0.0	0.0032679182	5.0737853	8.880583	1
21452	AC022079.1	0.0	0.0021536262	4.4941764	5.807664	1
21455	FAR2	0.0	0.115538746	10.175409	44.55244	1
21457	AC009318.4	0.0	0.0026480993	4.780362	7.1885395	1
21459	AC009318.3	0.0	0.019891495	7.6432424	44.55244	1
21460	AC009318.2	0.0	0.0049891192	5.669344	12.721288	1
21474	AC010198.2	0.0	0.003966317	5.3456507	10.110244	1
21475	TSPAN11	0.0	0.016774727	7.3987203	38.888443	1
21476	DDX11-AS1	0.0	0.0019232716	4.3386183	5.1583962	1
21477	DDX11	0.0	0.035500742	8.475763	44.55244	1
21482	DENND5B	0.0	0.04601931	8.849227	44.55244	1
21486	ETFBKMT	0.0	0.017518336	7.4609337	41.421463	1
21487	AMN1	0.0	0.037945937	8.571599	44.55244	1
21488	AC023157.3	0.0	0.007472798	6.2427545	17.99455	1
21490	LINC02422	0.0	0.004619728	5.5606318	12.015861	1
21491	RESF1	0.0	0.19108604	10.900762	44.55244	1
21492	AC016957.2	0.0	0.0037550349	5.268672	9.408935	1
21494	BICD1	0.0	0.09825398	9.94184	44.55244	1
21495	AC048344.4	0.0	0.0024950516	4.6976914	6.16126	1
21496	AC026356.1	0.0	0.006268868	5.992965	15.531251	1
21497	AC026356.2	0.0	0.026436415	8.051829	44.55244	1
21498	FGD4	0.0	0.005079758	5.694813	12.626873	1
21500	AC084824.5	0.0	0.003162633	5.027965	7.6342764	1
21501	YARS2	0.0	0.117175974	10.195692	44.55244	1
21503	AC084824.4	0.0	0.0051138406	5.7042747	12.76	1
21508	SYT10	0.0	0.013187691	7.0539465	26.154783	1
21512	ALG10	0.0	0.013225697	7.0580673	31.211935	1
21517	ALG10B	0.0	0.018730268	7.5569096	42.95038	1
21520	CPNE8-AS1	0.0	0.0055022864	5.807944	14.203668	1
21522	KIF21A	0.0	0.13879588	10.439788	44.55244	1
21524	ABCD2	0.0	0.010793997	6.76739	26.521748	1
21531	LRRK2	0.0	0.0022175412	4.534523	5.6915097	1
21534	CNTN1	0.0	0.07313477	9.516385	44.55244	1
21536	PDZRN4	0.0	0.016617646	7.385228	33.529533	1
21539	AC090630.1	0.0	0.0024879673	4.6937475	6.2995806	1
21541	GXYLT1	0.0	0.15452828	10.594588	44.55244	1
21546	PRICKLE1	0.0	0.123424456	10.270581	44.55244	1
21547	AC079601.1	0.0	0.0036513882	5.229353	8.465186	1
21557	IRAK4	0.0	0.04289454	8.74801	44.55244	1
21559	TMEM117	0.0	0.04881074	8.934008	44.55244	1
21563	NELL2	0.0	0.01017738	6.6833286	19.425388	1
21578	AC008014.1	0.0	0.020763522	7.7048388	44.55244	1
21580	AC025031.4	0.0	0.0060763033	5.948672	14.279404	1
21581	AC008035.1	0.0	0.0043830997	5.486425	11.00515	1
21585	PCED1B	0.0	0.0068443157	6.1177607	17.529455	1
21588	AC008083.3	0.0	0.0029424133	4.9271445	7.5156736	1
21592	RPAP3	0.0	0.16555637	10.693978	44.55244	1
21593	AC004241.3	0.0	0.0032518306	5.0668774	8.155444	1
21594	AC004241.1	0.0	0.0047171875	5.5901194	12.002952	1
21597	RAPGEF3	0.0	0.013247339	7.060408	29.8239	1
21598	SLC48A1	0.0	0.03402864	8.414839	44.55244	1
21609	COL2A1	0.0	0.0047491556	5.599662	10.737793	1
21614	SENP1	0.0	0.09165921	9.841709	44.55244	1
21615	PFKM	0.0	0.11414418	10.157905	44.55244	1
21619	AC024257.3	0.0	0.0022677283	4.5654316	5.7160535	1
21624	ZNF641	0.0	0.117012136	10.193675	44.55244	1
21637	ADCY6	0.0	0.10520377	10.040341	44.55244	1
21641	RND1	0.0	0.0051058447	5.70206	12.980403	1
21642	CCDC65	0.0	0.0058841147	5.9030657	14.426194	1
21649	DDN-AS1	0.0	0.007195871	6.189008	16.891386	1
21650	PRKAG1	0.0	0.12610735	10.30158	44.55244	1
21655	LMBR1L	0.0	0.10920582	10.094154	44.55244	1
21657	AC011603.2	0.0	0.022925455	7.847086	44.55244	1
21660	AC010173.1	0.0	0.0019547003	4.360856	5.754775	1
21664	TROAP	0.0	0.02586523	8.020437	44.55244	1
21666	DNAJC22	0.0	0.0028204839	4.8681355	7.253087	1
21671	PRPF40B	0.0	0.0634628	9.312039	44.55244	1
21676	NCKAP5L	0.0	0.0977893	9.935007	44.55244	1
21678	BCDIN3D	0.0	0.033708464	8.40124	44.55244	1
21689	ASIC1	0.0	0.0087634465	6.4697957	21.54172	1
21690	SMARCD1	0.0	0.29152372	11.509892	44.55244	1
21693	AC074032.1	0.0	0.06549518	9.357446	44.55244	1
21695	LIMA1	0.0	0.8168141	12.995969	44.55244	1
21696	AC008147.2	0.0	0.07609288	9.573512	44.55244	1
21700	DIP2B	0.0	0.10857518	10.085807	44.55244	1
21707	SLC11A2	0.0	0.060496908	9.2431	44.55244	1
21709	CSRNP2	0.0	0.077646956	9.602642	44.55244	1
21710	TFCP2	0.0	0.10878222	10.088552	44.55244	1
21711	POU6F1	0.0	0.008379538	6.405914	20.228102	1
21712	AC139768.1	0.0	0.015989905	7.330012	36.74852	1
21714	SMAGP	0.0	0.06725268	9.395592	44.55244	1
21717	GALNT6	0.0	0.0026117768	4.7611666	6.6458445	1
21718	SLC4A8	0.0	0.014842184	7.223247	34.21889	1
21720	SCN8A	0.0	0.01479167	7.218362	35.220684	1
21721	AC068987.1	0.0	0.003471503	5.1584597	8.48495	1
21724	FIGNL2	0.0	0.01910209	7.5851192	42.60305	1
21725	AC068987.3	0.0	0.016881734	7.40784	37.580627	1
21730	GRASP	0.0	0.091787055	9.843718	44.55244	1
21732	AC025259.3	0.0	0.0019315664	4.3445206	5.0917163	1
21742	KRT86	0.0	0.0025824711	4.745491	7.545883	1
21744	KRT81	0.0	0.0073983287	6.228497	19.123352	1
21768	KRT3	0.0	0.0060778526	5.9490337	15.185597	1
21774	EIF4B	0.055243477	0.8326258	3.9113562	5.1919274	1
21775	AC068888.2	0.0	0.008598904	6.442762	21.905165	1
21781	CSAD	0.0	0.12570478	10.296971	44.55244	1
21785	RARG	0.0	0.021370538	7.7462144	44.55244	1
21788	ESPL1	0.0	0.0065943482	6.064872	17.90251	1
21798	PCBP2-OT1	0.0	0.0041256296	5.4010944	11.051799	1
21800	AC023509.3	0.0	0.0038605344	5.3076234	9.693217	1
21814	HOTAIR	0.0	0.016536169	7.3781796	37.47652	1
21815	HOXC11	0.0	0.009194698	6.5383363	20.746637	1
21817	HOXC10	0.0	0.025606154	8.00597	44.55244	1
21818	HOXC6	0.0	0.03485479	8.449347	44.55244	1
21819	HOXC-AS2	0.0	0.007163419	6.1825767	16.25072	1
21820	HOXC9	0.0	0.24498124	11.259045	44.55244	1
21821	HOXC-AS1	0.0	0.007257827	6.2012076	15.697675	1
21822	HOXC8	0.0	0.028343545	8.1519575	44.55244	1
21823	HOXC4	0.0	0.012020975	6.921362	27.259003	1
21825	HOXC5	0.0	0.0034332387	5.1429195	7.9718347	1
21829	SMUG1	0.0	0.07207526	9.49536	44.55244	1
21830	LINC02381	0.0	0.009201659	6.5394163	21.535042	1
21843	ZNF385A	0.0	0.058673337	9.1990185	44.55244	1
21849	PDE1B	0.0	0.10360446	10.018262	44.55244	1
21850	PPP1R1A	0.0	0.015452535	7.281006	33.911972	1
21876	ITGA7	0.0	0.00862673	6.447369	20.081482	1
21878	RDH5	0.0	0.031546146	8.305886	44.55244	1
21880	AC009779.2	0.0	0.021868855	7.779316	44.55244	1
21881	GDF11	0.0	0.22744317	11.151925	44.55244	1
21886	MMP19	0.0	0.009533468	6.5899835	23.08659	1
21887	PYM1	0.0	0.1482131	10.5344305	44.55244	1
21888	DGKA	0.0	0.03133952	8.296435	44.55244	1
21890	PMEL	0.0	0.006357985	6.013012	14.245553	1
21891	CDK2	0.0	0.042167235	8.723396	44.55244	1
21893	RAB5B	0.0	0.21632071	11.079623	44.55244	1
21894	SUOX	0.0	0.04022771	8.655628	44.55244	1
21901	AC034102.4	0.0	0.0021476692	4.490358	5.6023083	1
21903	ESYT1	0.0	0.11715651	10.195453	44.55244	1
21915	ANKRD52	0.0	0.066267766	9.374339	44.55244	1
21919	AC073896.2	0.0	0.026893348	8.07646	44.55244	1
21920	AC073896.3	0.0	0.010716206	6.757051	24.827585	1
21922	PAN2	0.0	0.025538562	8.0021715	44.55244	1
21927	TIMELESS	0.0	0.049664173	8.958963	44.55244	1
21942	ZBTB39	0.0	0.033421356	8.388937	44.55244	1
21943	TAC3	0.0	0.015918637	7.3236074	38.240166	1
21950	NXPH4	0.0	0.03414347	8.419685	44.55244	1
21954	STAC3	0.0	0.005030698	5.681083	12.618005	1
21959	AC022506.2	0.0	0.0024549887	4.6752453	6.7539763	1
21960	GLI1	0.0	0.0021783132	4.5098944	5.5121727	1
21961	ARHGAP9	0.0	0.0018979773	4.3204684	5.7754464	1
21962	MARS	0.0	0.10430115	10.027922	44.55244	1
21968	PIP4K2C	0.0	0.0447413	8.808684	44.55244	1
21969	DTX3	0.0	0.08293322	9.697545	44.55244	1
21970	ARHGEF25	0.0	0.04951139	8.954528	44.55244	1
21972	SLC26A10	0.0	0.0071376082	6.177441	16.30415	1
21973	B4GALNT1	0.0	0.005821611	5.8879175	14.532253	1
21976	AGAP2	0.0	0.027704574	8.119179	44.55244	1
21977	AGAP2-AS1	0.0	0.010421956	6.717259	26.1731	1
21980	MARCH9	0.0	0.045432214	8.830744	44.55244	1
21982	METTL1	0.0	0.035262227	8.466065	44.55244	1
21983	EEF1AKMT3	0.0	0.01661465	7.384969	37.71801	1
21984	TSFM	0.0	0.12804417	10.323552	44.55244	1
21985	AVIL	0.0	0.019267239	7.5974746	44.55244	1
21986	AC025165.5	0.0	0.002377777	4.6309743	6.09717	1
21990	AC083805.1	0.0	0.0034672804	5.1567526	8.298946	1
21991	AC083805.3	0.0	0.0020778363	4.4448237	5.157425	1
21993	GIHCG	0.0	0.0978886	9.93647	44.55244	1
21997	LRIG3	0.0	0.11988056	10.228585	44.55244	1
22003	SLC16A7	0.0	0.029815087	8.22473	44.55244	1
22007	TAFA2	0.0	0.0048520765	5.6299615	11.423382	1
22009	USP15	0.0	0.23105027	11.174615	44.55244	1
22012	LINC01465	0.0	0.0029532434	4.932271	7.4599285	1
22013	AC048341.1	0.0	0.041654315	8.705782	44.55244	1
22014	AC048341.2	0.0	0.0110206	6.797091	26.717394	1
22015	PPM1H	0.0	0.008637058	6.4490757	21.610237	1
22017	AVPR1A	0.0	0.0095713185	6.5956407	23.839188	1
22019	DPY19L2	0.0	0.026143922	8.035839	44.55244	1
22024	AC079866.2	0.0	0.0244644	7.9404254	44.55244	1
22028	AC025576.1	0.0	0.0023569707	4.6188087	6.438592	1
22029	C12orf66	0.0	0.007855863	6.3139467	18.715319	1
22041	TBC1D30	0.0	0.008314366	6.3947825	20.067533	1
22048	AC026124.2	0.0	0.011613453	6.8720226	27.484802	1
22050	AC026124.1	0.0	0.14290571	10.481857	44.55244	1
22053	LINC02454	0.0	0.005008225	5.6747503	11.83911	1
22056	AC107308.1	0.0	0.008124991	6.3619423	18.40363	1
22063	IRAK3	0.0	0.010495193	6.7272663	25.702686	1
22065	HELB	0.0	0.025684983	8.010387	44.55244	1
22066	GRIP1	0.0	0.06962517	9.445536	44.55244	1
22069	AC078983.1	0.0	0.0052069454	5.7298098	13.498056	1
22074	AC078777.1	0.0	0.0035132144	5.175211	7.7703114	1
22081	MDM1	0.0	0.089464486	9.806783	44.55244	1
22082	LINC02384	0.0	0.0068334425	6.1155	16.972029	1
22090	AC025423.1	0.0	0.002030988	4.4134507	5.4868464	1
22091	AC025423.4	0.0	0.0018808049	4.308015	5.084156	1
22092	CPM	0.0	0.06771375	9.405435	44.55244	1
22097	AC020656.1	0.0	0.002570586	4.7390847	6.5069556	1
22100	FRS2	0.0	0.13834436	10.435091	44.55244	1
22107	AC025159.1	0.0	0.080554895	9.655619	44.55244	1
22113	KCNMB4	0.0	0.22750427	11.152312	44.55244	1
22115	PTPRB	0.0	0.00274069	4.82817	6.6419005	1
22121	TSPAN8	0.0	0.002520291	4.711655	6.1493874	1
22122	LGR5	0.0	0.035534374	8.477126	44.55244	1
22127	TMEM19	0.0	0.055231627	9.11196	44.55244	1
22134	TRHDE	0.0	0.20310216	10.9887	44.55244	1
22135	TRHDE-AS1	0.0	0.12601838	10.300563	44.55244	1
22146	AC025257.1	0.0	0.0027953365	4.855659	7.576224	1
22150	CAPS2	0.0	0.012903697	7.022778	29.387016	1
22151	AC121761.2	0.0	0.004489225	5.520179	10.397778	1
22153	GLIPR1L2	0.0	0.0046933843	5.5829725	11.323491	1
22154	GLIPR1	0.0	0.10227499	9.999648	44.55244	1
22163	AC011611.4	0.0	0.003930623	5.332931	10.261577	1
22166	BBS10	0.0	0.031515755	8.3045	44.55244	1
22170	ZDHHC17	0.0	0.1689793	10.723484	44.55244	1
22173	E2F7	0.0	0.010119935	6.6752424	24.290005	1
22187	AC027288.3	0.0	0.003481874	5.1626425	8.383056	1
22189	PAWR	0.0	0.2398223	11.228352	44.55244	1
22194	PPP1R12A-AS1	0.0	0.008430578	6.414572	20.838661	1
22195	OTOGL	0.0	0.0022312028	4.5430026	6.1390915	1
22201	LIN7A	0.0	0.041331746	8.694592	44.55244	1
22202	ACSS3	0.0	0.045106485	8.820386	44.55244	1
22204	PPFIA2	0.0	0.01452808	7.192597	34.365093	1
22209	METTL25	0.0	0.051426303	9.009166	44.55244	1
22210	AC089998.4	0.0	0.0027197802	4.817511	6.2743797	1
22219	SLC6A15	0.0	0.0024148657	4.6524096	5.9794893	1
22221	LRRIQ1	0.0	0.02456248	7.946174	44.55244	1
22224	RASSF9	0.0	0.05078255	8.991027	44.55244	1
22225	NTS	0.0	0.0031298846	5.0134106	5.630758	1
22226	MGAT4C	0.0	0.05608832	9.134127	44.55244	1
22235	KITLG	0.0	0.020424612	7.681211	44.55244	1
22240	AC024909.1	0.0	0.0021900008	4.5172763	5.9065804	1
22243	AC010201.1	0.0	0.0022005492	4.5239067	5.5918036	1
22245	GALNT4	0.0	0.038205743	8.581417	44.55244	1
22246	POC1B-AS1	0.0	0.016566616	7.3808174	39.067566	1
22247	AC025034.1	0.0	0.0048117186	5.618156	11.743835	1
22263	DCN	0.0	0.10338472	10.015202	44.55244	1
22274	AC025164.1	0.0	0.017978992	7.4981704	40.629456	1
22287	UBE2N	0.0	0.42751423	12.062094	44.55244	1
22289	SOCS2-AS1	0.0	0.008644664	6.450331	20.534206	1
22290	SOCS2	0.0	0.05027474	8.976557	44.55244	1
22291	CRADD	0.0	0.025980122	8.026807	44.55244	1
22296	PLXNC1	0.0	0.009252392	6.5472636	21.984074	1
22301	CEP83	0.0	0.06907747	9.434158	44.55244	1
22302	CEP83-DT	0.0	0.0023137499	4.5932045	6.031761	1
22304	TMCC3	0.0	0.032951485	8.368571	44.55244	1
22306	NR2C1	0.0	0.08716562	9.76927	44.55244	1
22307	FGD6	0.0	0.05687756	9.15425	44.55244	1
22308	VEZT	0.0	0.25362122	11.309029	44.55244	1
22312	NTN4	0.0	0.003411567	5.134043	9.135081	1
22325	AC008149.2	0.0	0.013518214	7.0893936	32.555023	1
22326	CDK17	0.0	0.07693222	9.589318	44.55244	1
22328	CFAP54	0.0	0.003934718	5.334396	9.429632	1
22337	LINC02453	0.0	0.0027129054	4.813989	7.0408993	1
22343	ANKS1B	0.0	0.0028485656	4.8819413	7.2536807	1
22348	UHRF1BP1L	0.0	0.059573986	9.220959	44.55244	1
22351	DEPDC4	0.0	0.01012088	6.6753755	25.369812	1
22356	ANO4	0.0	0.015001683	7.2385654	36.60378	1
22360	UTP20	0.0	0.08723802	9.770466	44.55244	1
22368	SYCP3	0.0	0.004175286	5.4179487	10.89365	1
22370	DRAM1	0.0	0.078175105	9.61241	44.55244	1
22376	PARPBP	0.0	0.03644158	8.513395	44.55244	1
22380	IGF1	0.0	0.25692895	11.327715	44.55244	1
22395	NT5DC3	0.0	0.0044205696	5.4984326	11.579963	1
22399	C12orf73	0.0	0.08885679	9.796961	44.55244	1
22401	GLT8D2	0.0	0.116603255	10.188629	44.55244	1
22402	HCFC2	0.0	0.101018436	9.981831	44.55244	1
22408	EID3	0.0	0.011131698	6.8114324	27.496605	1
22410	SLC41A2	0.0	0.039568644	8.631855	44.55244	1
22413	ALDH1L2	0.0	0.0065790615	6.0615735	16.83792	1
22415	APPL2	0.0	0.15561888	10.604728	44.55244	1
22416	C12orf75	0.0	0.11044512	10.110419	44.55244	1
22422	NUAK1	0.0	0.04721297	8.886092	44.55244	1
22427	TCP11L2	0.0	0.035337012	8.469113	44.55244	1
22428	POLR3B	0.0	0.0418065	8.71103	44.55244	1
22430	RFX4	0.0	0.0050015715	5.6728697	11.85227	1
22431	AC079385.2	0.0	0.002151135	4.492581	5.7615438	1
22433	RIC8B	0.0	0.09852722	9.945842	44.55244	1
22434	AC007695.1	0.0	0.0028983045	4.906075	7.80667	1
22438	CRY1	0.0	0.067367524	9.398049	44.55244	1
22441	BTBD11	0.0	0.0038961999	5.320557	9.922084	1
22449	CMKLR1	0.0	0.011258226	6.827594	28.229189	1
22451	FICD	0.0	0.018441256	7.534595	44.075317	1
22455	TMEM119	0.0	0.044513594	8.80134	44.55244	1
22466	UNG	0.0	0.06986996	9.450592	44.55244	1
22473	KCTD10	0.0	0.12555365	10.295237	44.55244	1
22474	UBE3B	0.0	0.07359761	9.525475	44.55244	1
22475	MMAB	0.0	0.16689703	10.705606	44.55244	1
22476	MVK	0.0	0.052447796	9.037486	44.55244	1
22477	FAM222A	0.0	0.007909381	6.323619	19.242863	1
22479	TRPV4	0.0	0.0022370843	4.546638	5.7605786	1
22482	TCHP	0.0	0.116830416	10.191435	44.55244	1
22483	GIT2	0.0	0.1417215	10.469861	44.55244	1
22485	ANKRD13A	0.0	0.07515728	9.555687	44.55244	1
22488	IFT81	0.0	0.15752842	10.622312	44.55244	1
22490	ANAPC7	0.0	0.13021673	10.347807	44.55244	1
22498	HVCN1	0.0	0.05429257	9.087266	44.55244	1
22506	PHETA1	0.0	0.03743228	8.551989	44.55244	1
22511	BRAP	0.0	0.0520388	9.026214	44.55244	1
22512	ACAD10	0.0	0.049014486	8.940005	44.55244	1
22515	MAPKAPK5	0.0	0.11959573	10.225156	44.55244	1
22516	TMEM116	0.0	0.039988127	8.647031	44.55244	1
22519	NAA25	0.0	0.10795414	10.0775385	44.55244	1
22522	HECTD4	0.0	0.15029544	10.554545	44.55244	1
22526	RPH3A	0.0	0.0026984909	4.806577	5.5437555	1
22527	OAS1	0.0	0.0037150825	5.2536426	8.748755	1
22529	OAS3	0.0	0.014750224	7.2143407	37.16105	1
22531	DTX1	0.0	0.05187812	9.021761	44.55244	1
22532	RASAL1	0.0	0.003945981	5.3384175	9.884577	1
22537	IQCD	0.0	0.005623686	5.838873	13.500206	1
22538	TPCN1	0.0	0.05438811	9.089798	44.55244	1
22540	SLC8B1	0.0	0.0201381	7.66093	44.55244	1
22541	PLBD2	0.0	0.04879489	8.93354	44.55244	1
22547	RBM19	0.0	0.08218069	9.68441	44.55244	1
22557	AC026765.3	0.0	0.003484803	5.163822	9.119671	1
22574	AC130895.1	0.0	0.009636832	6.6053805	22.767694	1
22578	LINC00173	0.0	0.013258975	7.0616655	27.055996	1
22579	MAP1LC3B2	0.0	0.007656578	6.2773485	18.277481	1
22585	RNFT2	0.0	0.008365273	6.403485	18.950773	1
22587	HRK	0.0	0.003883558	5.3159857	7.7131267	1
22588	FBXW8	0.0	0.060354993	9.2397175	44.55244	1
22590	AC127164.1	0.0	0.012514498	6.978939	28.098492	1
22592	TESC	0.0	0.073082164	9.515348	44.55244	1
22603	VSIG10	0.0	0.05569694	9.1240425	44.55244	1
22606	TAOK3	0.0	0.14016855	10.453976	44.55244	1
22620	HSPB8	0.0	0.010763411	6.7633333	26.595778	1
22626	TMEM233	0.0	0.002338818	4.6081104	5.652612	1
22627	PRKAB1	0.0	0.040801242	8.676001	44.55244	1
22632	AC004812.2	0.0	0.017664079	7.4728193	43.511047	1
22633	GCN1	0.0	0.092194274	9.850098	44.55244	1
22639	SIRT4	0.0	0.005885259	5.903342	14.020465	1
22641	MSI1	0.0	0.008803902	6.476366	20.669104	1
22648	NRAV	0.0	0.02905405	8.187552	44.55244	1
22656	AC069234.2	0.0	0.0037162127	5.25407	9.542181	1
22659	UNC119B	0.0	0.038049918	8.575536	44.55244	1
22661	ACADS	0.0	0.021806294	7.775202	44.55244	1
22667	C12orf43	0.0	0.14127742	10.465336	44.55244	1
22669	P2RX7	0.0	0.0057950593	5.8814344	15.027724	1
22672	P2RX4	0.0	0.07632858	9.577969	44.55244	1
22677	KDM2B	0.0	0.07792447	9.607782	44.55244	1
22680	MORN3	0.0	0.006707787	6.089114	15.517069	1
22682	TMEM120B	0.0	0.03272029	8.358444	44.55244	1
22683	RHOF	0.0	0.019490497	7.6140103	44.55244	1
22684	LINC01089	0.0	0.063090645	9.303567	44.55244	1
22686	AC084018.2	0.0	0.0038024597	5.2863116	10.730192	1
22687	SETD1B	0.0	0.055636406	9.122477	44.55244	1
22693	WDR66	0.0	0.009953526	6.651558	23.486656	1
22695	BCL7A	0.0	0.097533576	9.931233	44.55244	1
22696	AC156455.1	0.0	0.0371132	8.539671	44.55244	1
22702	DIABLO	0.0	0.012961612	7.029189	30.359749	1
22704	CLIP1	0.0	0.2405029	11.232438	44.55244	1
22706	ZCCHC8	0.0	0.1094206	10.096987	44.55244	1
22710	AC026333.4	0.0	0.0017215947	4.18713	5.051733	1
22717	HIP1R	0.0	0.020811394	7.7081456	44.55244	1
22718	VPS37B	0.0	0.07090952	9.4718685	44.55244	1
22720	ABCB9	0.0	0.022815254	7.8401647	44.55244	1
22721	OGFOD2	0.0	0.023225628	7.8657722	44.55244	1
22723	PITPNM2	0.0	0.0066057555	6.067328	16.161093	1
22725	MPHOSPH9	0.0	0.087995596	9.782927	44.55244	1
22730	SBNO1-AS1	0.0	0.023122573	7.859384	44.55244	1
22732	RILPL2	0.0	0.13071966	10.353364	44.55244	1
22737	TMED2-DT	0.0	0.010314616	6.702466	23.584553	1
22742	TCTN2	0.0	0.011966477	6.9148607	28.070963	1
22744	ATP6V0A2	0.0	0.06658439	9.381206	44.55244	1
22746	DNAH10	0.0	0.002343784	4.611045	6.4078536	1
22747	CCDC92	0.0	0.15099159	10.561208	44.55244	1
22748	DNAH10OS	0.0	0.008016705	6.342822	18.105581	1
22754	AC068790.6	0.0	0.0025911042	4.7501264	6.855676	1
22755	ZNF664	0.0	0.10794484	10.0774145	44.55244	1
22756	RFLNA	0.0	0.014451185	7.184993	33.41749	1
22757	AC068790.9	0.0	0.00573382	5.866369	14.22298	1
22759	NCOR2	0.0	0.16782899	10.713635	44.55244	1
22760	AC073592.1	0.0	0.0033609618	5.113101	8.376029	1
22762	AC073593.2	0.0	0.0024173737	4.6538477	6.250923	1
22764	DHX37	0.0	0.027104428	8.087698	44.55244	1
22765	BRI3BP	0.0	0.014188552	7.158716	35.956863	1
22767	AACS	0.0	0.04888284	8.936132	44.55244	1
22770	TMEM132B	0.0	0.0036433295	5.22625	10.004459	1
22827	FZD10-AS1	0.0	0.002154204	4.4945464	5.1634746	1
22855	SFSWAP	0.0	0.31565803	11.624603	44.55244	1
22866	DDX51	0.0	0.048671793	8.929903	44.55244	1
22867	NOC4L	0.0	0.04843236	8.922803	44.55244	1
22869	LINC02361	0.0	0.0026672839	4.7903986	6.9043565	1
22880	FBRSL1	0.0	0.07655943	9.582319	44.55244	1
22884	POLE	0.0	0.031924296	8.323023	44.55244	1
22885	PXMP2	0.0	0.097637706	9.932772	44.55244	1
22886	PGAM5	0.0	0.03281084	8.362419	44.55244	1
22889	CHFR	0.0	0.106944725	10.063998	44.55244	1
22891	AC127070.2	0.0	0.002709647	4.812317	7.255142	1
22896	ZNF140	0.0	0.06281528	9.297267	44.55244	1
22899	ZNF10	0.0	0.02758849	8.113143	44.55244	1
22929	CRYL1	0.0	0.027333071	8.099772	44.55244	1
22931	IFT88	0.0	0.1421095	10.473803	44.55244	1
22932	AL161772.1	0.0	0.014683164	7.2078114	33.763546	1
22933	IL17D	0.0	0.01754912	7.4634523	39.72264	1
22934	EEF1AKMT1	0.0	0.07957994	9.638073	44.55244	1
22936	XPO4	0.0	0.050950203	8.995773	44.55244	1
22937	LATS2	0.0	0.06887093	9.429845	44.55244	1
22938	LATS2-AS1	0.0	0.0051362053	5.7104497	12.96203	1
22943	LINC00539	0.0	0.017097175	7.426028	41.021088	1
22951	LINC00621	0.0	0.0038617433	5.3080635	9.167475	1
22960	TNFRSF19	0.0	0.004927307	5.651714	11.095362	1
22965	SPATA13	0.0	0.016072316	7.3373823	38.510147	1
22971	PARP4	0.0	0.103690766	10.019463	44.55244	1
22987	ATP8A2	0.0	0.01788675	7.490791	40.28909	1
22990	RNF6	0.0	0.09499381	9.893208	44.55244	1
22994	WASF3	0.0	0.093419164	9.869119	44.55244	1
22995	WASF3-AS1	0.0	0.0026677346	4.7906337	6.4083624	1
22997	GPR12	0.0	0.0021296642	4.4787545	5.0041537	1
23005	RASL11A	0.0	0.011589038	6.8690124	28.763594	1
23009	LNX2	0.0	0.014448182	7.1846952	36.26503	1
23019	PAN3-AS1	0.0	0.01718327	7.4332323	41.012863	1
23023	SLC46A3	0.0	0.018519988	7.5407085	43.34832	1
23024	MTUS2	0.0	0.007935228	6.328267	18.298635	1
23044	USPL1	0.0	0.054578144	9.094821	44.55244	1
23057	RXFP2	0.0	0.0033969458	5.1280236	6.4847617	1
23059	FRY	0.0	0.07339374	9.521478	44.55244	1
23060	FRY-AS1	0.0	0.014806242	7.219773	36.71734	1
23062	BRCA2	0.0	0.038914707	8.607874	44.55244	1
23063	N4BP2L1	0.0	0.017818172	7.4852796	42.918972	1
23065	N4BP2L2-IT2	0.0	0.02503601	7.973612	44.55244	1
23067	AL138820.1	0.0	0.017241245	7.4380636	42.70734	1
23069	KL	0.0	0.0024365142	4.6647754	6.2767606	1
23070	STARD13	0.0	0.22287658	11.122677	44.55244	1
23071	STARD13-IT1	0.0	0.003732148	5.2600813	9.669722	1
23072	STARD13-AS	0.0	0.006985119	6.14672	17.249027	1
23076	AL138999.1	0.0	0.0048018326	5.615249	12.279207	1
23077	AL139383.1	0.0	0.0025846688	4.746672	6.813613	1
23081	RFC3	0.0	0.062445037	9.288752	44.55244	1
23088	MAB21L1	0.0	0.0022242619	4.538701	5.5763803	1
23091	DCLK1	0.0	0.042895935	8.748056	44.55244	1
23092	SOHLH2	0.0	0.0024496191	4.6722097	6.2966976	1
23093	CCDC169	0.0	0.008656969	6.4523597	21.09366	1
23095	SPART-AS1	0.0	0.0066429833	6.075315	16.335648	1
23096	CCNA1	0.0	0.0023497276	4.6145496	6.980093	1
23097	SERTM1	0.0	0.0044582714	5.510415	11.619376	1
23098	RFXAP	0.0	0.06925246	9.437803	44.55244	1
23100	SMAD9-IT1	0.0	0.015556993	7.2906632	35.791813	1
23108	TRPC4	0.0	0.002142427	4.486989	5.670602	1
23111	LINC00571	0.0	0.0038772773	5.3137093	10.127397	1
23118	PROSER1	0.0	0.0665282	9.37999	44.55244	1
23125	FOXO1	0.0	0.035267662	8.466287	44.55244	1
23126	MRPS31	0.0	0.23429717	11.194739	44.55244	1
23127	SLC25A15	0.0	0.023913676	7.9077125	44.55244	1
23128	AL590064.1	0.0	0.0038449417	5.301932	9.964198	1
23129	ELF1	0.0	0.18316714	10.839732	44.55244	1
23130	WBP4	0.0	0.2417213	11.239726	44.55244	1
23131	KBTBD6	0.0	0.051687952	9.016473	44.55244	1
23132	AL354696.2	0.0	0.0038929817	5.3193946	9.751855	1
23134	MTRF1	0.0	0.026570348	8.0590925	44.55244	1
23136	NAA16	0.0	0.09351449	9.870588	44.55244	1
23137	RGCC	0.0	0.031952225	8.324281	44.55244	1
23144	TNFSF11	0.0	0.04501625	8.817504	44.55244	1
23148	EPSTI1	0.0	0.03933004	8.623152	44.55244	1
23151	ENOX1	0.0	0.056968458	9.156549	44.55244	1
23154	AL161714.1	0.0	0.008660716	6.4529767	20.728163	1
23157	CCDC122	0.0	0.03628923	8.507368	44.55244	1
23158	AL512506.1	0.0	0.003907828	5.3247485	9.969025	1
23162	SMIM2-AS1	0.0	0.004486647	5.519368	11.444885	1
23168	SERP2	0.0	0.032313477	8.34045	44.55244	1
23181	AL138963.4	0.0	0.007123414	6.1746087	17.343586	1
23184	SLC25A30	0.0	0.010525119	6.731335	25.269474	1
23186	COG3	0.0	0.06174821	9.272588	44.55244	1
23190	SIAH3	0.0	0.004587822	5.550846	10.474618	1
23194	LCP1	0.0	0.00984078	6.6352873	28.131456	1
23198	RUBCNL	0.0	0.0016876173	4.159966	5.1970754	1
23204	HTR2A	0.0	0.013400299	7.0768476	30.482134	1
23208	LINC00562	0.0	0.00808663	6.355198	19.546906	1
23209	AL157369.1	0.0	0.002903341	4.9084964	6.887427	1
23225	CYSLTR2	0.0	0.007973531	6.335128	18.114521	1
23226	AL161421.1	0.0	0.009292216	6.553394	22.091814	1
23231	SETDB2	0.0	0.04211961	8.721769	44.55244	1
23232	PHF11	0.0	0.100785956	9.97851	44.55244	1
23233	RCBTB1	0.0	0.060655255	9.246865	44.55244	1
23238	SPRYD7	0.0	0.08085169	9.660917	44.55244	1
23239	DLEU2	0.0	0.22424509	11.131504	44.55244	1
23241	KCNRG	0.0	0.006055164	5.9437256	14.176513	1
23242	DLEU1	0.0	0.05276693	9.046222	44.55244	1
23246	RNASEH2B-AS1	0.0	0.0054936763	5.805725	13.451763	1
23247	RNASEH2B	0.0	0.20909226	11.030614	44.55244	1
23253	INTS6-AS1	0.0	0.008982927	6.5050855	22.150957	1
23255	DHRS12	0.0	0.03687304	8.53033	44.55244	1
23256	AL162377.1	0.0	0.007372757	6.223569	17.866041	1
23259	ATP7B	0.0	0.010166162	6.681753	25.090912	1
23262	NEK5	0.0	0.022173446	7.799181	44.55244	1
23264	NEK3	0.0	0.06362873	9.315801	44.55244	1
23266	THSD1	0.0	0.0060245134	5.9365234	13.864117	1
23268	AL359513.1	0.0	0.0036749716	5.238394	9.861114	1
23270	LINC00345	0.0	0.0053272066	5.762138	12.739696	1
23271	HNRNPA1L2	0.0	0.009133194	6.528758	21.090002	1
23272	AL139089.1	0.0	0.018091101	7.507089	43.075317	1
23284	AL442636.1	0.0	0.005853357	5.8956313	14.828501	1
23295	PCDH17	0.0	0.20703074	11.016326	44.55244	1
23304	TDRD3	0.0	0.12599723	10.300321	44.55244	1
23307	PCDH20	0.0	0.023200851	7.8642387	44.55244	1
23326	PCDH9-AS1	0.0	0.0058297766	5.889906	13.859862	1
23341	DACH1	0.0	0.06029333	9.238246	44.55244	1
23343	BORA	0.0	0.014397799	7.1796904	34.735928	1
23346	KLF5	0.0	0.004903383	5.644832	12.791393	1
23360	UCHL3	0.0	0.1710564	10.741099	44.55244	1
23372	AC000403.1	0.0	0.0050180797	5.677531	12.965795	1
23374	CLN5	0.0	0.17307113	10.757983	44.55244	1
23376	MYCBP2-AS1	0.0	0.010705241	6.7555876	25.320004	1
23384	SLAIN1	0.0	0.006844039	6.117703	15.097198	1
23397	RBM26-AS1	0.0	0.028870162	8.178424	44.55244	1
23399	NDFIP2	0.0	0.113171086	10.145564	44.55244	1
23400	LINC01068	0.0	0.0031239223	5.010745	7.8534184	1
23408	AL590807.1	0.0	0.005438861	5.7915173	12.871465	1
23414	SLITRK1	0.0	0.012118165	6.9328837	26.164694	1
23426	SLITRK6	0.0	0.09078322	9.82787	44.55244	1
23432	MIR4500HG	0.0	0.009077615	6.5200477	17.98467	1
23434	SLITRK5	0.0	0.11251139	10.137137	44.55244	1
23452	MIR17HG	0.0	0.025249666	7.985823	44.55244	1
23453	GPC5	0.0	0.01445595	7.1854653	32.312416	1
23463	AL160159.1	0.0	0.0029208541	4.9168844	7.2574096	1
23464	GPC6-AS2	0.0	0.0029222744	4.917563	7.2718472	1
23467	TGDS	0.0	0.05587599	9.128664	44.55244	1
23468	GPR180	0.0	0.06972493	9.447598	44.55244	1
23470	SOX21-AS1	0.0	0.002149574	4.49158	5.7767763	1
23474	ABCC4	0.0	0.0032697835	5.074584	8.716683	1
23475	CLDN10	0.0	0.0024634555	4.680018	6.289482	1
23478	DNAJC3-DT	0.0	0.019833526	7.6390533	44.55244	1
23482	HS6ST3	0.0	0.005059859	5.6892595	11.025923	1
23490	AL442067.1	0.0	0.0030241369	4.965386	7.26651	1
23498	AL445223.1	0.0	0.019422326	7.608981	44.55244	1
23504	DOCK9	0.0	0.010643809	6.7473617	27.932007	1
23507	UBAC2-AS1	0.0	0.0032310586	5.057909	8.30403	1
23526	PCCA-DT	0.0	0.08861472	9.79303	44.55244	1
23530	GGACT	0.0	0.01585192	7.3175864	37.58943	1
23531	AL356966.1	0.0	0.0032426314	5.0629125	8.995049	1
23536	NALCN	0.0	0.0026413216	4.7767997	7.509668	1
23538	FGF14	0.0	0.0060341866	5.9388003	13.825975	1
23542	FGF14-AS2	0.0	0.017581394	7.4660883	40.164604	1
23547	CCDC168	0.0	0.008998597	6.507572	20.774511	1
23550	TEX30	0.0	0.053732377	9.07233	44.55244	1
23551	POGLUT2	0.0	0.07761071	9.60197	44.55244	1
23552	BIVM	0.0	0.102195084	9.998521	44.55244	1
23569	AL138689.2	0.0	0.0247636	7.9578915	44.55244	1
23570	AL138689.1	0.0	0.0033989674	5.1288576	9.115648	1
23574	AL163534.1	0.0	0.003583561	5.203029	10.295182	1
23578	FAM155A	0.0	0.036648486	8.521542	44.55244	1
23580	FAM155A-IT1	0.0	0.005906824	5.9085307	13.872131	1
23584	ABHD13	0.0	0.09598725	9.908201	44.55244	1
23588	MYO16	0.0	0.011860809	6.902171	24.431818	1
23597	IRS2	0.0	0.04155409	8.702314	44.55244	1
23604	AL390755.3	0.0	0.0037171459	5.2544227	9.857728	1
23609	RAB20	0.0	0.020220432	7.666787	44.55244	1
23611	NAXD	0.0	0.06367355	9.316814	44.55244	1
23617	ANKRD10-IT1	0.0	0.033804897	8.40535	44.55244	1
23621	ARHGEF7-AS2	0.0	0.0048719845	5.63575	12.866245	1
23638	TUBGCP3	0.0	0.06220917	9.2833	44.55244	1
23639	AL139384.2	0.0	0.0023108092	4.5914454	5.7973275	1
23641	AL139384.1	0.0	0.001965505	4.368423	5.07076	1
23642	ATP11A	0.0	0.09951285	9.960188	44.55244	1
23645	MCF2L	0.0	0.037517108	8.555245	44.55244	1
23647	MCF2L-AS1	0.0	0.0025593285	4.7329903	6.1431437	1
23651	F10	0.0	0.013756382	7.114407	29.220074	1
23657	CUL4A	0.0	0.11968007	10.226172	44.55244	1
23659	GRTP1	0.0	0.0038990646	5.321591	8.510993	1
23662	ADPRHL1	0.0	0.0025536225	4.7298913	6.8439016	1
23663	DCUN1D2	0.0	0.018798457	7.5621247	43.70734	1
23667	AL442125.1	0.0	0.011437582	6.850197	26.951792	1
23668	TFDP1	0.0	0.11592931	10.180274	44.55244	1
23671	TMEM255B	0.0	0.02779746	8.12399	44.55244	1
23685	CDC16	0.0	0.17329195	10.759821	44.55244	1
23688	CHAMP1	0.0	0.11973984	10.2268915	44.55244	1
23723	TTC5	0.0	0.113344766	10.147775	44.55244	1
23724	AL356019.2	0.0	0.005948638	5.9185386	14.278943	1
23726	CCNB1IP1	0.0	0.31242868	11.609773	44.55244	1
23728	AL355075.4	0.0	0.0028685338	4.891679	7.6236143	1
23731	TEP1	0.0	0.024106923	7.9192758	44.55244	1
23736	PIP4P1	0.0	0.080900796	9.661793	44.55244	1
23737	PNP	0.0	0.02440241	7.93678	44.55244	1
23745	ANG	0.0	0.011444977	6.8511214	27.195887	1
23746	RNASE4	0.0	0.030397113	8.252529	44.55244	1
23750	RNASE6	0.0	0.002532422	4.718319	7.3189936	1
23752	RNASE1	0.0	0.004809969	5.617642	11.50716	1
23761	AL161668.3	0.0	0.0017609616	4.217976	5.0079994	1
23771	ZNF219	0.0	0.029981604	8.232738	44.55244	1
23775	LINC00641	0.0	0.032130606	8.332288	44.55244	1
23781	RAB2B	0.0	0.097150944	9.925569	44.55244	1
23782	TOX4	0.0	0.31861514	11.638052	44.55244	1
23783	METTL3	0.0	0.07134214	9.480632	44.55244	1
23784	SALL2	0.0	0.03815694	8.579577	44.55244	1
23923	ABHD4	0.0	0.020794043	7.706948	44.55244	1
23925	AL160314.2	0.0	0.0021725537	4.5062428	5.5193257	1
23927	SLC7A7	0.0	0.051406804	9.008619	44.55244	1
23931	REM2	0.0	0.0058654323	5.898555	12.495274	1
23934	PRMT5	0.0	0.08953797	9.807966	44.55244	1
23935	AL132780.1	0.0	0.0025776557	4.7428985	6.7067924	1
23937	AJUBA	0.0	0.022527104	7.821908	44.55244	1
23938	AL132780.2	0.0	0.0058552204	5.896083	13.988094	1
23939	C14orf93	0.0	0.019250548	7.5962305	43.95038	1
23942	CDH24	0.0	0.021757105	7.7719584	44.55244	1
23947	SLC7A8	0.0	0.29081497	11.506382	44.55244	1
23950	PPP1R3E	0.0	0.0366671	8.522272	44.55244	1
23951	BCL2L2	0.0	0.08571551	9.745094	44.55244	1
23958	CMTM5	0.0	0.0021171172	4.470613	5.201787	1
23963	ZFHX2-AS1	0.0	0.022306524	7.807775	44.55244	1
23964	ZFHX2	0.0	0.010587231	6.739744	23.227774	1
23968	AL135999.1	0.0	0.010132185	6.6769705	22.533487	1
23969	JPH4	0.0	0.099659815	9.962315	44.55244	1
23971	DHRS2	0.0	0.0045272	5.5320673	11.105432	1
23975	DHRS4-AS1	0.0	0.095222905	9.896679	44.55244	1
23976	DHRS4	0.0	0.054232877	9.085682	44.55244	1
23977	DHRS4L2	0.0	0.16292454	10.670874	44.55244	1
23978	AL136419.3	0.0	0.0073028696	6.210013	17.265308	1
23981	NRL	0.0	0.0030706192	4.986693	7.63944	1
23982	PCK2	0.0	0.020515427	7.6875806	44.55244	1
23983	DCAF11	0.0	0.07254747	9.504769	44.55244	1
23987	AL136295.2	0.0	0.002957256	4.9341655	7.319144	1
23989	RNF31	0.0	0.038266856	8.583716	44.55244	1
23991	REC8	0.0	0.016097363	7.3396153	37.454483	1
23992	IPO4	0.0	0.04317572	8.757414	44.55244	1
23994	TM9SF1	0.0	0.18352829	10.842572	44.55244	1
23996	AL136295.7	0.0	0.0067446143	6.0968976	16.062647	1
24002	TINF2	0.0	0.099165775	9.9551525	44.55244	1
24006	AL096870.6	0.0	0.0019204532	4.336607	5.59711	1
24007	DHRS1	0.0	0.09423658	9.881674	44.55244	1
24011	LTB4R	0.0	0.013862876	7.1254525	31.836927	1
24012	ADCY4	0.0	0.06872419	9.426772	44.55244	1
24014	NFATC4	0.0	0.16085808	10.65247	44.55244	1
24015	NYNRIN	0.0	0.2100122	11.036944	44.55244	1
24016	CBLN3	0.0	0.005403182	5.782194	13.335803	1
24019	AL132800.1	0.0	0.006057383	5.9442453	14.890846	1
24025	STXBP6	0.0	0.025656722	8.008805	44.55244	1
24032	AL079343.1	0.0	0.0055135903	5.810852	12.284292	1
24053	PRKD1	0.0	0.030476999	8.256303	44.55244	1
24060	SCFD1	0.0	0.3133787	11.614152	44.55244	1
24062	COCH	0.0	0.008048626	6.348485	19.161236	1
24063	AL049830.3	0.0	0.005175674	5.7212834	12.8021345	1
24065	AP4S1	0.0	0.04903377	8.940571	44.55244	1
24067	AL136418.1	0.0	0.0033656422	5.115051	9.051513	1
24069	AL139353.2	0.0	0.0049423208	5.656016	12.61673	1
24070	DTD2	0.0	0.07864254	9.620999	44.55244	1
24078	ARHGAP5-AS1	0.0	0.053344384	9.061894	44.55244	1
24080	AL161665.1	0.0	0.014860004	7.2249665	35.07832	1
24084	NPAS3	0.0	0.03838962	8.5883255	44.55244	1
24090	EAPP	0.0	0.3515198	11.7798	44.55244	1
24096	AL121603.2	0.0	0.012969303	7.0300384	31.911312	1
24100	PRORP	0.0	0.11426043	10.159372	44.55244	1
24106	RALGAPA1	0.0	0.22932303	11.1637945	44.55244	1
24123	PAX9	0.0	0.002150185	4.4919715	5.351023	1
24124	SLC25A21	0.0	0.005754122	5.871381	14.030765	1
24129	MIPOL1	0.0	0.11790367	10.204616	44.55244	1
24131	AL121790.1	0.0	0.0021768862	4.5089903	5.857357	1
24138	SSTR1	0.0	0.01240708	6.9666014	27.73233	1
24139	CLEC14A	0.0	0.009884124	6.641564	22.855616	1
24144	GEMIN2	0.0	0.055845685	9.127883	44.55244	1
24146	AL109628.2	0.0	0.015551932	7.290197	36.84159	1
24151	FBXO33	0.0	0.07573403	9.566702	44.55244	1
24152	AL049828.1	0.0	0.012229343	6.945952	29.012522	1
24155	LINC02315	0.0	0.0056196353	5.837851	13.169585	1
24157	LRFN5	0.0	0.21570602	11.07552	44.55244	1
24172	TOGARAM1	0.0	0.12421099	10.279738	44.55244	1
24175	PRPF39	0.0	0.10132151	9.986148	44.55244	1
24185	MDGA2	0.0	0.07175901	9.489025	44.55244	1
24186	LINC00648	0.0	0.008126052	6.3621283	19.120974	1
24192	LRR1	0.0	0.043338586	8.762834	44.55244	1
24196	DNAAF2	0.0	0.10249695	10.002772	44.55244	1
24198	POLE2	0.0	0.019451883	7.6111636	44.55244	1
24199	KLHDC1	0.0	0.016399872	7.366311	36.936745	1
24203	AL627171.2	0.0	0.052630145	9.042484	44.55244	1
24204	AL627171.1	0.0	0.009129526	6.528185	21.544107	1
24206	LINC01588	0.0	0.0071147	6.172868	18.462969	1
24207	VCPKMT	0.0	0.04893024	8.937528	44.55244	1
24209	L2HGDH	0.0	0.022788312	7.838467	44.55244	1
24210	DMAC2L	0.0	0.0951677	9.8958435	44.55244	1
24211	AL359397.2	0.0	0.003636079	5.223453	8.740429	1
24212	CDKL1	0.0	0.023651596	7.8918805	44.55244	1
24216	ATL1	0.0	0.015431607	7.279063	37.04083	1
24218	AL606834.1	0.0	0.0057867933	5.87941	13.644481	1
24220	AL606834.2	0.0	0.0073039047	6.2102146	17.684752	1
24227	AL358334.2	0.0	0.009130633	6.528358	22.70347	1
24228	TRIM9	0.0	0.07137891	9.481374	44.55244	1
24229	AL358334.4	0.0	0.0029449	4.928323	7.4669266	1
24232	LINC00519	0.0	0.002847709	4.881522	8.551965	1
24249	PTGDR	0.0	0.03809301	8.577165	44.55244	1
24251	TXNDC16	0.0	0.040885348	8.678965	44.55244	1
24258	AL139317.3	0.0	0.004808134	5.6171026	11.759123	1
24262	AL352979.4	0.0	0.007904392	6.32272	18.902256	1
24263	DDHD1	0.0	0.16262108	10.668185	44.55244	1
24266	AL365295.1	0.0	0.014660431	7.205591	37.92633	1
24270	BMP4	0.0	0.036020067	8.496656	44.55244	1
24276	CGRRF1	0.0	0.101975046	9.995415	44.55244	1
24277	SAMD4A	0.0	0.035717443	8.484519	44.55244	1
24280	WDHD1	0.0	0.037246753	8.544839	44.55244	1
24281	SOCS4	0.0	0.119313896	10.221755	44.55244	1
24282	MAPK1IP1L	0.0	0.2849774	11.477138	44.55244	1
24287	FBXO34	0.0	0.10195063	9.9950695	44.55244	1
24291	KTN1-AS1	0.0	0.015085398	7.246541	35.00324	1
24297	PELI2	0.0	0.027170189	8.091181	44.55244	1
24301	TMEM260	0.0	0.06320788	9.306241	44.55244	1
24311	EXOC5	0.0	0.2045938	10.999251	44.55244	1
24312	AP5M1	0.0	0.09990419	9.965845	44.55244	1
24315	NAA30	0.0	0.0848155	9.729884	44.55244	1
24319	AL049838.1	0.0	0.013301722	7.0662746	31.485567	1
24321	ACTR10	0.0	0.32670188	11.674201	44.55244	1
24323	AL132989.1	0.0	0.003000306	4.9543386	7.453059	1
24325	AL132989.2	0.0	0.0033422662	5.105287	8.460889	1
24332	DACT1	0.0	0.10078741	9.978531	44.55244	1
24335	GPR135	0.0	0.014420538	7.181951	34.02452	1
24336	L3HYPDH	0.0	0.045868877	8.844514	44.55244	1
24339	RTN1	0.0	0.0044853846	5.518971	10.738154	1
24346	PPM1A	0.0	0.12614758	10.30204	44.55244	1
24348	C14orf39	0.0	0.017852094	7.4880085	40.045963	1
24353	SIX4	0.0	0.011518335	6.8602595	23.92369	1
24354	MNAT1	0.0	0.20148613	10.9771805	44.55244	1
24356	SLC38A6	0.0	0.076948315	9.58962	44.55244	1
24357	PRKCH	0.0	0.00652109	6.048997	14.954653	1
24358	TMEM30B	0.0	0.002789598	4.852797	6.39207	1
24359	AL359220.1	0.0	0.003436826	5.1443834	8.209839	1
24365	HIF1A-AS3	0.0	0.004848635	5.6289587	12.1830225	1
24371	KCNH5	0.0	0.003586437	5.2041554	8.833636	1
24378	WDR89	0.0	0.041546226	8.702042	44.55244	1
24380	AL136038.5	0.0	0.011959529	6.9140296	29.37686	1
24381	SGPP1	0.0	0.022745723	7.83578	44.55244	1
24382	SYNE2	0.0	0.23125707	11.175905	44.55244	1
24383	ESR2	0.0	0.002740023	4.827831	7.891049	1
24389	ZBTB25	0.0	0.039853197	8.642167	44.55244	1
24390	AKAP5	0.0	0.016431373	7.369063	37.740807	1
24393	HSPA2	0.0	0.0048016612	5.615199	11.860931	1
24394	PPP1R36	0.0	0.0029691674	4.9397755	7.836725	1
24396	PLEKHG3	0.0	0.051315345	9.006055	44.55244	1
24397	SPTB	0.0	0.0027513723	4.8335843	6.9867845	1
24400	RAB15	0.0	0.030891458	8.275727	44.55244	1
24401	FNTB	0.0	0.03279882	8.361892	44.55244	1
24407	FUT8	0.0	0.16748852	10.710708	44.55244	1
24408	FUT8-AS1	0.0	0.0018384792	4.2768536	5.040298	1
24412	AL359232.1	0.0	0.0030871504	4.9941955	7.835294	1
24415	GPHN	0.0	0.071583174	9.485491	44.55244	1
24417	FAM71D	0.0	0.0018793404	4.3069477	5.129306	1
24418	MPP5	0.0	0.05816193	9.18641	44.55244	1
24419	AL135978.2	0.0	0.0030318538	4.968945	7.2627354	1
24422	PLEK2	0.0	0.0022456578	4.551921	5.685763	1
24424	PLEKHH1	0.0	0.003988833	5.353617	9.844986	1
24431	ZFYVE26	0.0	0.032319706	8.340727	44.55244	1
24434	AL121820.3	0.0	0.0045148316	5.528206	11.780464	1
24449	SLC39A9	0.0	0.07378318	9.529102	44.55244	1
24454	SUSD6	0.0	0.07546424	9.56156	44.55244	1
24458	SMOC1	0.0	0.016215501	7.3500996	33.616703	1
24471	MAP3K9	0.0	0.00777879	6.299902	19.154879	1
24472	AC004816.1	0.0	0.0019478643	4.356048	5.2675714	1
24473	AC004816.2	0.0	0.018356547	7.527989	44.55244	1
24474	AC004825.2	0.0	0.0063644783	6.014462	16.00332	1
24476	AC004825.3	0.0	0.0048840963	5.63926	11.649187	1
24484	AC004974.1	0.0	0.0040266383	5.366895	9.7529955	1
24487	RGS6	0.0	0.032878492	8.365382	44.55244	1
24492	DCAF4	0.0	0.025436057	7.996392	44.55244	1
24494	AL442663.3	0.0	0.0025232744	4.713297	5.9889636	1
24497	PAPLN	0.0	0.008638791	6.449362	20.22542	1
24499	AC004846.2	0.0	0.002640727	4.776487	7.192353	1
24504	RIOX1	0.0	0.022050327	7.791184	44.55244	1
24509	ACOT2	0.0	0.014998443	7.238256	35.28493	1
24512	DNAL1	0.0	0.070560805	9.4647665	44.55244	1
24514	PNMA1	0.0	0.17217769	10.750521	44.55244	1
24516	AC005520.2	0.0	0.009317915	6.557336	21.391365	1
24518	PTGR2	0.0	0.028154725	8.142348	44.55244	1
24519	AC005520.5	0.0	0.0036176564	5.2163215	9.087902	1
24520	ZNF410	0.0	0.09408079	9.879289	44.55244	1
24521	AC005480.1	0.0	0.0045733587	5.5463877	11.428646	1
24522	AC005520.3	0.0	0.0019260704	4.3406124	5.0920486	1
24523	FAM161B	0.0	0.025807967	8.017252	44.55244	1
24524	COQ6	0.0	0.0619984	9.278413	44.55244	1
24525	ENTPD5	0.0	0.046063274	8.850602	44.55244	1
24527	ALDH6A1	0.0	0.042508647	8.7350025	44.55244	1
24528	LIN52	0.0	0.030743334	8.268815	44.55244	1
24538	LTBP2	0.0	0.013517839	7.089354	33.799236	1
24541	AREL1	0.0	0.03482172	8.447981	44.55244	1
24542	FCF1	0.0	0.060709976	9.248164	44.55244	1
24543	YLPM1	0.0	0.29264602	11.515434	44.55244	1
24552	ZC2HC1C	0.0	0.0043403255	5.472594	10.912978	1
24553	NEK9	0.0	0.07728739	9.595955	44.55244	1
24562	JDP2	0.0	0.04675233	8.871977	44.55244	1
24566	TTLL5	0.0	0.05349222	9.06588	44.55244	1
24570	TGFB3	0.0	0.10529462	10.041586	44.55244	1
24582	VASH1-AS1	0.0	0.010073515	6.6686745	24.157816	1
24583	ANGEL1	0.0	0.02177682	7.773259	44.55244	1
24590	AC007686.3	0.0	0.0051299487	5.708725	12.498343	1
24593	LINC02289	0.0	0.005970046	5.9236355	15.398441	1
24595	CIPC	0.0	0.032476593	8.3476925	44.55244	1
24600	POMT2	0.0	0.038053818	8.575684	44.55244	1
24603	SAMD15	0.0	0.01572881	7.3064094	38.17481	1
24605	VIPAS39	0.0	0.06220488	9.283201	44.55244	1
24609	ALKBH1	0.0	0.029056836	8.187691	44.55244	1
24614	NRXN3	0.0	0.02648134	8.05427	44.55244	1
24626	DIO2	0.0	0.0026623928	4.7878466	6.602595	1
24630	AC007262.2	0.0	0.0032129618	5.05005	7.86292	1
24633	AL136040.1	0.0	0.0057700197	5.8752933	13.724632	1
24650	AL049775.1	0.0	0.004664961	5.5743923	10.255709	1
24652	FLRT2	0.0	0.107526496	10.071817	44.55244	1
24675	SPATA7	0.0	0.09753801	9.931299	44.55244	1
24680	AL162171.3	0.0	0.011116339	6.8094583	27.01253	1
24681	EML5	0.0	0.0036803447	5.240446	8.692659	1
24683	TTC8	0.0	0.051643126	9.0152235	44.55244	1
24687	AL357093.2	0.0	0.00306129	4.9824414	7.454643	1
24690	FOXN3-AS1	0.0	0.005995651	5.9297085	13.680923	1
24691	FOXN3-AS2	0.0	0.0019800537	4.378549	5.0219016	1
24694	TDP1	0.0	0.041201185	8.69004	44.55244	1
24713	DGLUCY	0.0	0.087263316	9.770884	44.55244	1
24714	GPR68	0.0	0.003710396	5.251869	10.004312	1
24718	CCDC88C	0.0	0.02709673	8.08729	44.55244	1
24724	FBLN5	0.0	0.092386365	9.853097	44.55244	1
24728	CPSF2	0.0	0.16614226	10.699072	44.55244	1
24732	RIN3	0.0	0.022100326	7.794437	44.55244	1
24738	ITPK1	0.0	0.022129804	7.7963514	44.55244	1
24739	ITPK1-AS1	0.0	0.002518201	4.710504	6.443809	1
24740	MOAP1	0.0	0.10918433	10.093871	44.55244	1
24741	TMEM251	0.0	0.13810672	10.432612	44.55244	1
24742	GON7	0.0	0.07138008	9.481398	44.55244	1
24745	UNC79	0.0	0.008042469	6.3473945	19.363981	1
24746	AL122023.1	0.0	0.004867938	5.6345754	12.27345	1
24754	OTUB2	0.0	0.017923972	7.493773	40.35439	1
24757	IFI27	0.0	0.009695171	6.613999	23.580385	1
24772	GSC	0.0	0.010652864	6.748577	21.081612	1
24778	DICER1-AS1	0.0	0.021047754	7.7243605	44.55244	1
24779	CLMN	0.0	0.009483273	6.5824466	21.855234	1
24795	C14orf132	0.0	0.025474532	7.998564	44.55244	1
24805	AL163051.1	0.0	0.0057357717	5.8668513	14.564015	1
24832	BCL11B	0.0	0.0075341924	6.2544036	17.220448	1
24835	SETD3	0.0	0.119493514	10.223924	44.55244	1
24837	CCDC85C	0.0	0.024368994	7.934811	44.55244	1
24840	HHIPL1	0.0	0.0032172063	5.051897	7.912331	1
24847	DEGS2	0.0	0.0030835322	4.9925566	7.698035	1
24848	AL133523.1	0.0	0.0034439727	5.1472955	8.118181	1
24852	SLC25A29	0.0	0.0557287	9.124864	44.55244	1
24856	WARS	0.0	0.05556952	9.120744	44.55244	1
24858	WDR25	0.0	0.045535963	8.834027	44.55244	1
24860	BEGAIN	0.0	0.0076531917	6.276718	18.493975	1
24866	MEG3	0.0	0.82747775	13.014679	44.55244	1
24869	MEG8	0.0	0.22011434	11.104692	44.55244	1
24871	MEG9	0.0	0.017451582	7.455457	39.964504	1
24883	DIO3OS	0.0	0.0034932771	5.167228	8.975303	1
24884	DIO3	0.0	0.0017551474	4.213462	5.0580688	1
24890	AL137779.1	0.0	0.0031844077	5.0375614	8.145587	1
24891	AL118558.3	0.0	0.007723745	6.2897873	18.076946	1
24895	WDR20	0.0	0.086301684	9.754916	44.55244	1
24896	MOK	0.0	0.03589805	8.491775	44.55244	1
24897	ZNF839	0.0	0.036629878	8.52081	44.55244	1
24899	TECPR2	0.0	0.094089635	9.879424	44.55244	1
24900	ANKRD9	0.0	0.052001353	9.025177	44.55244	1
24904	TRAF3	0.0	0.085648894	9.743975	44.55244	1
24912	TNFAIP2	0.0	0.049931828	8.966702	44.55244	1
24915	AL138976.2	0.0	0.001982117	4.3799796	5.1570888	1
24918	CKB	0.0	0.047047988	8.881053	44.55244	1
24920	TRMT61A	0.0	0.02648423	8.054427	44.55244	1
24924	COA8	0.0	0.3178821	11.634729	44.55244	1
24925	AL049840.2	0.0	0.038196333	8.581062	44.55244	1
24927	AL049840.3	0.0	0.0053232177	5.7610774	13.563119	1
24928	AL049840.4	0.0	0.022055052	7.791492	44.55244	1
24929	AL049840.5	0.0	0.014805111	7.219663	37.006992	1
24932	PPP1R13B	0.0	0.06545013	9.356455	44.55244	1
24941	KIF26A	0.0	0.03342805	8.389225	44.55244	1
24942	LINC02691	0.0	0.0042682556	5.4489856	10.468681	1
24957	ZBTB42	0.0	0.0029099907	4.9116874	7.261838	1
24961	CEP170B	0.0	0.018648712	7.5506477	44.55244	1
24965	CLBA1	0.0	0.013192102	7.0544252	30.062035	1
24968	LINC02298	0.0	0.004989075	5.6693316	11.724238	1
24971	JAG2	0.0	0.005518621	5.8121443	12.331096	1
24972	NUDT14	0.0	0.09034448	9.8208885	44.55244	1
24973	BRF1	0.0	0.0501322	8.972468	44.55244	1
24974	BTBD6	0.0	0.08342286	9.706027	44.55244	1
24977	AL928654.1	0.0	0.016849685	7.4051147	39.533314	1
24981	CRIP1	0.0	0.16490819	10.688322	44.55244	1
24982	TEDC1	0.0	0.017438948	7.454418	41.72057	1
24983	TMEM121	0.0	0.03136053	8.2973995	44.55244	1
25213	AC138649.1	0.0	0.0032750797	5.0768495	9.432244	1
25214	NIPA1	0.0	0.022314902	7.8083143	44.55244	1
25224	MAGEL2	0.0	0.016466286	7.3721066	40.234814	1
25228	PWRN1	0.0	0.022570299	7.82466	44.55244	1
25233	NPAP1	0.0	0.0036231636	5.218457	9.932336	1
25236	SNURF	0.0	0.009971309	6.6541076	24.162716	1
25238	AC124312.2	0.0	0.003371413	5.117451	8.075856	1
25244	ATP10A	0.0	0.0067149755	6.0906367	15.190069	1
25253	GABRB3	0.0	0.021453036	7.751747	44.55244	1
25257	GABRG3	0.0	0.040593807	8.668666	44.55244	1
25275	APBA2	0.0	0.04914561	8.943851	44.55244	1
25284	AC022613.3	0.0	0.020662054	7.6978054	44.55244	1
25285	AC022613.2	0.0	0.0022135014	4.5320063	5.7774243	1
25290	LINC02249	0.0	0.03880977	8.603989	44.55244	1
25292	GOLGA8R	0.0	0.0083846785	6.4067883	19.57199	1
25293	AC127502.2	0.0	0.044582985	8.803582	44.55244	1
25297	AC026150.3	0.0	0.0020179653	4.4046073	5.7112217	1
25300	AC091057.6	0.0	0.008041008	6.3471355	21.367458	1
25303	MTMR10	0.0	0.024493933	7.9421587	44.55244	1
25309	OTUD7A	0.0	0.0039489213	5.3394656	10.038621	1
25310	CHRNA7	0.0	0.0108213425	6.7710066	25.09984	1
25314	LINC02256	0.0	0.024334755	7.9327908	44.55244	1
25315	AC123768.4	0.0	0.0056049773	5.8341494	12.961057	1
25316	AC123768.3	0.0	0.0050033606	5.6733756	12.120123	1
25317	GOLGA8N	0.0	0.0070453594	6.1589346	16.334732	1
25324	GREM1	0.0	0.016522417	7.3769865	35.775654	1
25327	RYR3	0.0	0.0061367997	5.962734	14.368927	1
25328	AC010809.3	0.0	0.001975121	4.3751235	5.3767605	1
25329	AC010809.2	0.0	0.008778722	6.47228	22.058292	1
25331	AVEN	0.0	0.126198	10.302616	44.55244	1
25339	SLC12A6	0.0	0.036513977	8.516251	44.55244	1
25343	LPCAT4	0.0	0.04394429	8.782811	44.55244	1
25345	GOLGA8B	0.0	0.05270507	9.044533	44.55244	1
25352	ZNF770	0.0	0.21270926	11.055346	44.55244	1
25357	DPH6	0.0	0.04581747	8.842899	44.55244	1
25358	DPH6-DT	0.0	0.0025564106	4.731406	6.656986	1
25363	C15orf41	0.0	0.043295454	8.7614	44.55244	1
25368	AC078909.2	0.0	0.007637156	6.273731	17.690908	1
25372	LINC01852	0.0	0.010853855	6.775295	25.980505	1
25375	FAM98B	0.0	0.11392318	10.155111	44.55244	1
25376	RASGRP1	0.0	0.013896175	7.1288886	32.717667	1
25377	AC116158.3	0.0	0.014377851	7.177704	35.09948	1
25390	THBS1	0.0	0.08213682	9.6836405	44.55244	1
25391	AC037198.1	0.0	0.013759093	7.1146894	31.166313	1
25394	AC023908.3	0.0	0.0059584463	5.920876	14.461157	1
25395	GPR176	0.0	0.0073934626	6.2275605	17.590113	1
25400	SRP14-AS1	0.0	0.007888517	6.3198557	19.297579	1
25410	PLCB2	0.0	0.020491093	7.685877	44.55244	1
25416	CCDC9B	0.0	0.006388271	6.019762	18.096924	1
25418	DISP2	0.0	0.010323242	6.7036605	25.4708	1
25422	BAHD1	0.0	0.029027864	8.186256	44.55244	1
25425	CHST14	0.0	0.07128013	9.479379	44.55244	1
25428	RPUSD2	0.0	0.045727387	8.840066	44.55244	1
25431	RAD51-AS1	0.0	0.06368871	9.317158	44.55244	1
25434	GCHFR	0.0	0.049218055	8.945972	44.55244	1
25437	ZFYVE19	0.0	0.047816075	8.9043665	44.55244	1
25440	SPINT1	0.0	0.008786564	6.4735537	20.674324	1
25441	RHOV	0.0	0.003033715	4.9698024	7.73429	1
25443	VPS18	0.0	0.044811077	8.810927	44.55244	1
25445	DLL4	0.0	0.014948731	7.233498	34.961082	1
25446	CHAC1	0.0	0.00702596	6.1550126	16.998487	1
25451	AC020661.4	0.0	0.0028022442	4.859097	7.5143437	1
25453	CHP1	0.0	0.15560573	10.604607	44.55244	1
25455	OIP5	0.0	0.011583214	6.8682933	27.930468	1
25458	NDUFAF1	0.0	0.0650913	9.348536	44.55244	1
25462	RPAP1	0.0	0.060823955	9.250866	44.55244	1
25465	MGA	0.0	0.19985561	10.965464	44.55244	1
25467	MAPKBP1	0.0	0.05199873	9.0251045	44.55244	1
25469	JMJD7	0.0	0.009874878	6.6402273	22.525652	1
25470	PLA2G4B	0.0	0.0049949386	5.670993	12.034378	1
25473	EHD4	0.0	0.05111734	9.000488	44.55244	1
25481	VPS39	0.0	0.07296496	9.513036	44.55244	1
25484	GANC	0.0	0.021695336	7.7678757	44.55244	1
25490	HAUS2	0.0	0.06996645	9.45258	44.55244	1
25492	STARD9	0.0	0.06347165	9.31224	44.55244	1
25493	CDAN1	0.0	0.024681173	7.9531007	44.55244	1
25497	AC090510.1	0.0	0.0069745416	6.1445646	15.793895	1
25499	UBR1	0.0	0.13433667	10.392711	44.55244	1
25501	TMEM62	0.0	0.0097793285	6.6263413	24.374987	1
25503	CCNDBP1	0.0	0.093676955	9.87309	44.55244	1
25508	LCMT2	0.0	0.014976394	7.236148	36.545918	1
25509	ADAL	0.0	0.058955736	9.205934	44.55244	1
25512	TP53BP1	0.0	0.32563078	11.669464	44.55244	1
25514	PPIP5K1	0.0	0.012260547	6.949599	29.539852	1
25517	CATSPER2	0.0	0.013316305	7.0678434	31.37582	1
25518	AC011330.2	0.0	0.004901658	5.6443343	11.913175	1
25526	WDR76	0.0	0.024897665	7.9656496	44.55244	1
25533	EIF3J-DT	0.0	0.08217115	9.684243	44.55244	1
25535	AC009996.1	0.0	0.0066721607	6.0815444	16.60052	1
25539	TRIM69	0.0	0.043006424	8.75176	44.55244	1
25543	SORD	0.0	0.06708897	9.39208	44.55244	1
25549	DUOX1	0.0	0.00888091	6.48879	20.556166	1
25550	AC051619.6	0.0	0.0090326825	6.5129666	21.400045	1
25554	AC051619.8	0.0	0.0026842235	4.799203	7.0479345	1
25556	SLC28A2	0.0	0.00275795	4.836909	6.9912133	1
25558	GATM	0.0	0.0071540535	6.1807156	17.614597	1
25559	AC025580.3	0.0	0.0017298213	4.1936307	5.1615653	1
25560	SPATA5L1	0.0	0.027752606	8.121669	44.55244	1
25564	SLC30A4	0.0	0.01630354	7.3578634	37.896446	1
25568	SQOR	0.0	0.0046801874	5.578995	11.877781	1
25574	AC073941.1	0.0	0.0031472342	5.0211396	7.7114806	1
25576	AC084882.1	0.0	0.014070852	7.146783	32.386948	1
25585	SLC24A5	0.0	0.0044785175	5.5168085	10.503767	1
25591	AC023355.1	0.0	0.0056384983	5.8426013	13.704681	1
25596	AC084757.3	0.0	0.0022980631	4.583798	5.743255	1
25602	SHC4	0.0	0.004507384	5.525876	10.76859	1
25609	FAM227B	0.0	0.019463394	7.612013	44.075317	1
25610	AC022306.2	0.0	0.007749781	6.2945805	18.747107	1
25612	FGF7	0.0	0.040228516	8.655657	44.55244	1
25618	GABPB1	0.0	0.079441756	9.635569	44.55244	1
25621	AC022087.1	0.0	0.0075077787	6.2494035	17.810022	1
25631	AP4E1	0.0	0.029715786	8.219933	44.55244	1
25641	DMXL2	0.0	0.124811396	10.28669	44.55244	1
25643	SCG3	0.0	0.015115678	7.249415	38.50056	1
25646	LYSMD2	0.0	0.031161448	8.28824	44.55244	1
25647	TMOD2	0.0	0.042556517	8.736623	44.55244	1
25652	AC090971.1	0.0	0.0038917114	5.3189354	9.452037	1
25658	AC023906.5	0.0	0.0023116157	4.5919285	6.178873	1
25661	GNB5	0.0	0.063260645	9.307444	44.55244	1
25666	MYO5A	0.0	0.039796583	8.640121	44.55244	1
25670	AC009754.1	0.0	0.0021024176	4.461016	6.018256	1
25678	UNC13C	0.0	0.05580444	9.12682	44.55244	1
25680	AC011912.1	0.0	0.0020849018	4.4494967	5.3944087	1
25682	RAB27A	0.0	0.071893044	9.491714	44.55244	1
25683	AC018926.2	0.0	0.0057745636	5.87641	13.551224	1
25685	PIGB	0.0	0.018689236	7.5537624	44.55244	1
25689	C15orf65	0.0	0.014215077	7.1613917	33.907536	1
25690	DNAAF4	0.0	0.050773032	8.990757	44.55244	1
25691	PYGO1	0.0	0.07435229	9.540173	44.55244	1
25695	NEDD4	0.0	0.10582674	10.048851	44.55244	1
25696	RFX7	0.0	0.08494396	9.732065	44.55244	1
25697	TEX9	0.0	0.05339909	9.063371	44.55244	1
25699	AC084782.1	0.0	0.002603783	4.7569075	6.268215	1
25701	MNS1	0.0	0.04944518	8.9526005	44.55244	1
25702	AC084782.3	0.0	0.0020213318	4.4068985	5.40304	1
25705	AC090517.2	0.0	0.006785295	6.105447	17.112278	1
25706	AC090517.5	0.0	0.034755614	8.445248	44.55244	1
25716	MYZAP	0.0	0.011677872	6.8799353	26.570469	1
25717	GCOM1	0.0	0.014425108	7.182405	33.602875	1
25718	POLR2M	0.0	0.30891323	11.593452	44.55244	1
25720	ALDH1A2	0.0	0.6756038	12.722176	44.55244	1
25721	AC012653.2	0.0	0.033226293	8.380517	44.55244	1
25740	AC092757.3	0.0	0.0038056986	5.287509	10.342477	1
25742	MYO1E	0.0	0.16400968	10.680445	44.55244	1
25744	AC092756.1	0.0	0.0050663445	5.691072	13.76158	1
25745	AC092868.2	0.0	0.02064093	7.6963367	44.55244	1
25746	FAM81A	0.0	0.011694905	6.88202	30.7573	1
25750	BNIP2	0.0	0.20378645	10.99355	44.55244	1
25757	ICE2	0.0	0.14512268	10.504051	44.55244	1
25758	RORA-AS1	0.0	0.003414754	5.1353517	8.403483	1
25759	RORA	0.0	0.17639233	10.78539	44.55244	1
25762	AC009560.3	0.0	0.0049868366	5.668697	11.396574	1
25763	AC009560.4	0.0	0.002572613	4.740179	6.368888	1
25779	C2CD4B	0.0	0.004546816	5.5381703	10.886291	1
25788	AC103740.1	0.0	0.0057865237	5.879344	14.165463	1
25791	TPM1-AS	0.0	0.011103602	6.807819	26.764767	1
25792	AC079328.2	0.0	0.0030125738	4.9600363	7.5791435	1
25796	RAB8B	0.0	0.22725129	11.150707	44.55244	1
25801	AC007950.2	0.0	0.0018536927	4.2881317	5.262444	1
25803	USP3-AS1	0.0	0.0062756827	5.994508	15.137345	1
25804	FBXL22	0.0	0.007949009	6.330739	20.02388	1
25807	DAPK2	0.0	0.009039485	6.514041	23.634928	1
25811	SNX22	0.0	0.008034933	6.346059	19.22394	1
25816	ZNF609	0.0	0.2025346	10.984665	44.55244	1
25819	AC100830.3	0.0	0.0025929576	4.7511196	6.676397	1
25820	AC100830.2	0.0	0.0019389222	4.349735	5.1225023	1
25821	AC100830.1	0.0	0.027118837	8.088462	44.55244	1
25822	RBPMS2	0.0	0.14001836	10.452431	44.55244	1
25826	ANKDD1A	0.0	0.05578791	9.126392	44.55244	1
25828	AC103691.1	0.0	0.012995465	7.0329237	31.309927	1
25830	MTFMT	0.0	0.057025153	9.157983	44.55244	1
25832	AC013553.3	0.0	0.004557257	5.5414085	11.317826	1
25833	RASL12	0.0	0.10699112	10.064623	44.55244	1
25836	UBAP1L	0.0	0.009370926	6.5654335	22.166702	1
25839	CILP	0.0	0.0026597758	4.786479	6.497861	1
25840	PARP16	0.0	0.023798922	7.9008017	44.55244	1
25842	IGDCC4	0.0	0.10143071	9.9877	44.55244	1
25845	INTS14	0.0	0.06444578	9.334179	44.55244	1
25846	SLC24A1	0.0	0.024669489	7.95242	44.55244	1
25848	DENND4A	0.0	0.056454096	9.143488	44.55244	1
25849	RAB11A	0.0	0.53861034	12.395294	44.55244	1
25850	AC011939.2	0.0	0.006372559	6.0162644	15.812202	1
25851	MEGF11	0.0	0.00220477	4.526551	5.784125	1
25856	MAP2K1	0.0	0.104506366	10.030755	44.55244	1
25857	AC116913.1	0.0	0.0076562488	6.277287	18.46725	1
25858	SNAPC5	0.0	0.13884023	10.4402485	44.55244	1
25861	LCTL	0.0	0.004976996	5.665903	12.672054	1
25868	AC087482.1	0.0	0.0025949823	4.752204	6.40439	1
25871	AAGAB	0.0	0.09188145	9.8452	44.55244	1
25872	IQCH	0.0	0.0029051087	4.909345	7.3976374	1
25873	IQCH-AS1	0.0	0.016100647	7.3399076	36.543293	1
25875	AC016355.1	0.0	0.0037707016	5.2745233	9.458447	1
25881	CALML4	0.0	0.022950761	7.8486705	44.55244	1
25882	CLN6	0.0	0.06239564	9.287612	44.55244	1
25884	FEM1B	0.0	0.16580585	10.696149	44.55244	1
25887	CORO2B	0.0	0.045938	8.846682	44.55244	1
25896	GLCE	0.0	0.04037958	8.661051	44.55244	1
25901	AC027237.3	0.0	0.007487603	6.245572	18.766287	1
25908	TLE3	0.0	0.027610373	8.114283	44.55244	1
25913	LINC02204	0.0	0.0029397444	4.925878	8.185728	1
25915	SALRNA2	0.0	0.010934042	6.7858176	27.550219	1
25917	AC009269.2	0.0	0.003375823	5.1192827	9.454314	1
25918	AC009269.5	0.0	0.0027007805	4.807757	7.5565386	1
25920	LARP6	0.0	0.11348439	10.149549	44.55244	1
25922	LRRC49	0.0	0.02575338	8.014209	44.55244	1
25923	THAP10	0.0	0.007353431	6.219833	18.22679	1
25924	THSD4	0.0	0.014006178	7.1401834	28.350626	1
25931	MYO9A	0.0	0.2505964	11.291725	44.55244	1
25933	SENP8	0.0	0.022540849	7.8227844	44.55244	1
25937	PARP6	0.0	0.054508686	9.092987	44.55244	1
25939	CELF6	0.0	0.0046034055	5.5556335	10.813983	1
25941	HEXA-AS1	0.0	0.001910532	4.3295054	5.0547643	1
25943	TMEM202-AS1	0.0	0.0027517437	4.833772	7.208771	1
25944	AC079322.1	0.0	0.0021299915	4.478966	5.3419914	1
25961	NPTN-IT1	0.0	0.029620433	8.215311	44.55244	1
25964	INSYN1	0.0	0.0028052127	4.860572	7.471424	1
25968	LOXL1-AS1	0.0	0.026857989	8.074569	44.55244	1
25970	STOML1	0.0	0.028391559	8.15439	44.55244	1
25971	PML	0.0	0.08613939	9.752203	44.55244	1
25974	ISLR2	0.0	0.0028403683	4.877925	7.2641654	1
25975	AC010931.2	0.0	0.009668407	6.6100516	22.294361	1
25978	STRA6	0.0	0.04899167	8.939335	44.55244	1
25983	AC090826.1	0.0	0.0020841009	4.4489675	5.3796644	1
25986	SEMA7A	0.0	0.0034107554	5.1337094	8.298055	1
25988	UBL7	0.0	0.085609	9.743303	44.55244	1
25998	CSK	0.0	0.11207512	10.131537	44.55244	1
26001	ULK3	0.0	0.047353253	8.890364	44.55244	1
26002	SCAMP2	0.0	0.120179445	10.232174	44.55244	1
26003	MPI	0.0	0.044938773	8.815023	44.55244	1
26004	FAM219B	0.0	0.10798872	10.078	44.55244	1
26006	RPP25	0.0	0.014481509	7.1879964	33.951176	1
26007	SCAMP5	0.0	0.032021075	8.327376	44.55244	1
26008	PPCDC	0.0	0.050520424	8.983576	44.55244	1
26009	C15orf39	0.0	0.02334868	7.873363	44.55244	1
26015	AC068338.3	0.0	0.006847975	6.1185207	15.789005	1
26016	NEIL1	0.0	0.035169553	8.462279	44.55244	1
26017	MAN2C1	0.0	0.11369472	10.152218	44.55244	1
26030	AC105020.4	0.0	0.003277534	5.0778985	9.278273	1
26032	ODF3L1	0.0	0.0066361125	6.0738444	16.10014	1
26033	DNM1P35	0.0	0.005494935	5.8060493	13.263946	1
26038	NRG4	0.0	0.0066779167	6.08277	16.423717	1
26039	TMEM266	0.0	0.008991534	6.5064516	22.084703	1
26051	AC090181.2	0.0	0.0044958345	5.522255	10.520003	1
26055	AC046168.2	0.0	0.008408706	6.4108677	20.834122	1
26062	TBC1D2B	0.0	0.1893663	10.887726	44.55244	1
26065	CIB2	0.0	0.1664927	10.702109	44.55244	1
26066	IDH3A	0.0	0.060744468	9.248982	44.55244	1
26070	DNAJA4	0.0	0.005601418	5.833249	13.531869	1
26078	HYKK	0.0	0.006412465	6.0251317	15.492818	1
26080	CHRNA5	0.0	0.0057134205	5.8613153	13.692002	1
26082	CHRNA3	0.0	0.003308177	5.0909286	7.3674817	1
26083	CHRNB4	0.0	0.003645891	5.227237	8.368952	1
26087	CTSH	0.0	0.0040618367	5.3791485	10.072075	1
26094	MINAR1	0.0	0.0030443696	4.974699	8.835198	1
26100	AC015871.4	0.0	0.017970372	7.4974823	42.908985	1
26101	ST20-AS1	0.0	0.033483937	8.391627	44.55244	1
26104	FAH	0.0	0.054469645	9.091955	44.55244	1
26109	ARNT2	0.0	0.014022836	7.141886	34.952724	1
26117	CEMIP	0.0	0.050535295	8.983999	44.55244	1
26121	AC068870.2	0.0	0.002266985	4.5649786	5.7526135	1
26122	TLNRD1	0.0	0.121437415	10.247185	44.55244	1
26126	STARD5	0.0	0.011141208	6.812653	26.315228	1
26128	TMC3-AS1	0.0	0.005745937	5.8693624	14.2404585	1
26133	AC023034.1	0.0	0.00560242	5.8335023	12.962934	1
26134	AC104041.1	0.0	0.030247899	8.245453	44.55244	1
26135	MEX3B	0.0	0.056650795	9.148497	44.55244	1
26140	SAXO2	0.0	0.0036017285	5.2101274	8.610777	1
26141	GOLGA6L10	0.0	0.016483882	7.373638	36.54182	1
26142	GOLGA6L9	0.0	0.013885715	7.12781	32.98309	1
26145	CPEB1	0.0	0.0054588355	5.796711	13.203663	1
26147	AP3B2	0.0	0.0022245438	4.5388756	5.784392	1
26149	AC105339.6	0.0	0.005653882	5.8464637	13.13842	1
26150	SNHG21	0.0	0.02309336	7.857568	44.55244	1
26151	FSD2	0.0	0.0047247196	5.5923734	11.633249	1
26152	WHAMM	0.0	0.069923416	9.451694	44.55244	1
26153	HOMER2	0.0	0.015207589	7.2581034	35.541332	1
26158	BTBD1	0.0	0.11062401	10.112752	44.55244	1
26160	AC022558.1	0.0	0.0029268677	4.919754	7.8313313	1
26162	AC024270.5	0.0	0.0028553458	4.8852553	7.3608866	1
26168	SH3GL3	0.0	0.009144428	6.5305123	20.782028	1
26169	ADAMTSL3	0.0	0.035928085	8.492978	44.55244	1
26172	UBE2Q2L	0.0	0.003413193	5.134711	8.385631	1
26173	GOLGA6L4	0.0	0.026606433	8.061044	44.55244	1
26178	AC048382.1	0.0	0.0030824372	4.99206	7.626867	1
26179	AC048382.6	0.0	0.0017695604	4.224627	5.0738373	1
26184	AC012291.3	0.0	0.0064699296	6.037806	16.67087	1
26185	ZNF592	0.0	0.0640389	9.325056	44.55244	1
26197	AC021739.2	0.0	0.0039566676	5.342223	9.734591	1
26200	KLHL25	0.0	0.007968864	6.334294	20.030422	1
26211	NTRK3	0.0	0.05558273	9.121086	44.55244	1
26213	MRPL46	0.0	0.1329387	10.37763	44.55244	1
26217	AEN	0.0	0.03684733	8.529326	44.55244	1
26218	ISG20	0.0	0.004192668	5.423803	10.66491	1
26220	ACAN	0.0	0.02556299	8.003546	44.55244	1
26221	HAPLN3	0.0	0.013021028	7.035737	31.126787	1
26225	ABHD2	0.0	0.08078441	9.659718	44.55244	1
26228	POLG	0.0	0.089527085	9.807791	44.55244	1
26229	AC124068.2	0.0	0.0039275936	5.331846	9.620409	1
26236	TICRR	0.0	0.008777641	6.4721045	23.592852	1
26238	KIF7	0.0	0.025221527	7.9842205	44.55244	1
26240	PEX11A	0.0	0.04020596	8.654849	44.55244	1
26243	MESP1	0.0	0.0020402593	4.4197135	5.2621574	1
26245	ANPEP	0.0	0.0043205842	5.466165	11.957357	1
26248	ZNF710	0.0	0.034947038	8.453149	44.55244	1
26249	AC087284.1	0.0	0.009946245	6.6505127	23.248312	1
26250	ZNF710-AS1	0.0	0.008005405	6.340812	19.48158	1
26255	GDPGP1	0.0	0.005126178	5.707684	12.457656	1
26259	ZNF774	0.0	0.0116032045	6.87076	27.174353	1
26266	AC103739.3	0.0	0.0023240338	4.599338	6.1466346	1
26273	FES	0.0	0.021010648	7.721827	44.55244	1
26274	MAN2A2	0.0	0.03811168	8.57787	44.55244	1
26276	HDDC3	0.0	0.03592873	8.493004	44.55244	1
26281	PRC1-AS1	0.0	0.002364551	4.623253	6.137759	1
26282	VPS33B	0.0	0.022298494	7.807258	44.55244	1
26291	SLCO3A1	0.0	0.43733373	12.094849	44.55244	1
26301	FAM174B	0.0	0.011404004	6.845992	28.143282	1
26308	RGMA	0.0	0.0043025455	5.460266	10.001699	1
26328	LINC01197	0.0	0.014993882	7.23782	32.053566	1
26331	LINC00924	0.0	0.0040990785	5.3920007	10.133387	1
26336	AC024337.2	0.0	0.0063537355	6.0120625	14.474962	1
26337	NR2F2-AS1	0.0	0.17643066	10.785703	44.55244	1
26338	AC012409.3	0.0	0.004463476	5.512061	10.403781	1
26344	AC087477.2	0.0	0.012135209	6.934895	27.41112	1
26350	LINC02253	0.0	0.005193242	5.7260795	12.935788	1
26352	LINC02254	0.0	0.0019127227	4.3310766	5.134734	1
26356	LINC00923	0.0	0.006407121	6.0239477	15.919105	1
26371	AC118658.1	0.0	0.002248419	4.553618	5.961291	1
26377	SYNM	0.0	0.1525216	10.575744	44.55244	1
26378	AC036108.2	0.0	0.00209128	4.453702	6.069139	1
26379	TTC23	0.0	0.06953477	9.443665	44.55244	1
26380	AC036108.3	0.0	0.0057791304	5.877531	14.332946	1
26381	AC022819.1	0.0	0.0071853613	6.1869287	18.036644	1
26389	LYSMD4	0.0	0.014284405	7.1683617	33.39056	1
26398	AC027020.2	0.0	0.0052266214	5.735149	12.464899	1
26400	LINS1	0.0	0.04959416	8.956933	44.55244	1
26401	ASB7	0.0	0.036689587	8.523154	44.55244	1
26405	ALDH1A3	0.0	0.005776232	5.8768196	12.781652	1
26418	PCSK6	0.0	0.007929702	6.3272743	18.31783	1
26424	TM2D3	0.0	0.19985066	10.965428	44.55244	1
26425	TARSL2	0.0	0.07031472	9.459733	44.55244	1
26434	RHBDF1	0.0	0.05384031	9.07522	44.55244	1
26437	Z69720.1	0.0	0.0048319255	5.624079	12.780363	1
26438	Z69666.1	0.0	0.002522103	4.7126527	6.7660546	1
26444	Z69706.1	0.0	0.005218902	5.7330565	13.497277	1
26447	RGS11	0.0	0.0022600968	4.5607743	5.830212	1
26450	AXIN1	0.0	0.035837952	8.489365	44.55244	1
26454	DECR2	0.0	0.037387148	8.550252	44.55244	1
26456	RAB11FIP3	0.0	0.03953109	8.630489	44.55244	1
26462	NHLRC4	0.0	0.016407166	7.3669486	36.685677	1
26464	WFIKKN1	0.0	0.0019997414	4.39214	5.8122454	1
26466	MCRIP2	0.0	0.045816634	8.842874	44.55244	1
26468	WDR90	0.0	0.023109464	7.8585696	44.55244	1
26471	RHBDL1	0.0	0.007249596	6.199593	17.26558	1
26475	WDR24	0.0	0.0237755	7.8993874	44.55244	1
26476	Z92544.2	0.0	0.003119199	5.00863	8.194575	1
26481	CCDC78	0.0	0.0019344344	4.3465557	5.466295	1
26482	HAGHL	0.0	0.050491117	8.98274	44.55244	1
26486	RPUSD1	0.0	0.04395717	8.783233	44.55244	1
26487	CHTF18	0.0	0.032658566	8.355728	44.55244	1
26491	LMF1	0.0	0.05723404	9.163248	44.55244	1
26493	AL008727.1	0.0	0.0038085391	5.2885575	9.923119	1
26497	SOX8	0.0	0.03440411	8.430625	44.55244	1
26505	CACNA1H	0.0	0.017257513	7.4394164	38.31449	1
26518	AL031714.1	0.0	0.00445409	5.509091	10.618964	1
26519	BAIAP3	0.0	0.009171275	6.534696	21.439848	1
26523	UNKL	0.0	0.046074864	8.850964	44.55244	1
26524	AL032819.1	0.0	0.004175952	5.418174	10.651048	1
26525	C16orf91	0.0	0.106138684	10.053094	44.55244	1
26527	CCDC154	0.0	0.0017808032	4.233277	5.1237593	1
26528	CLCN7	0.0	0.09645995	9.915281	44.55244	1
26529	AL031600.3	0.0	0.0017373686	4.199569	5.048196	1
26534	IFT140	0.0	0.03185565	8.319927	44.55244	1
26539	CRAMP1	0.0	0.06101946	9.255488	44.55244	1
26541	JPT2	0.0	0.08193401	9.6800785	44.55244	1
26542	MAPK8IP3	0.0	0.075603135	9.564209	44.55244	1
26548	EME2	0.0	0.02117381	7.732935	44.55244	1
26550	NUBP2	0.0	0.1727242	10.75509	44.55244	1
26553	FAHD1	0.0	0.1554354	10.603027	44.55244	1
26559	MSRB1	0.0	0.059194807	9.211762	44.55244	1
26563	SNHG9	0.0	0.059939522	9.229769	44.55244	1
26566	TBL3	0.0	0.033416003	8.388706	44.55244	1
26574	SLC9A3R2	0.0	0.24971414	11.286639	44.55244	1
26583	SNHG19	0.0	0.06102571	9.255635	44.55244	1
26585	CASKIN1	0.0	0.005872836	5.9003444	13.062065	1
26587	BRICD5	0.0	0.0049626953	5.661834	12.45344	1
26590	E4F1	0.0	0.044005465	8.784814	44.55244	1
26596	AC009065.4	0.0	0.0070972517	6.1693745	17.345106	1
26597	ABCA3	0.0	0.002461047	4.678662	6.001953	1
26602	TEDC2	0.0	0.02029777	7.6722674	44.55244	1
26605	TBC1D24	0.0	0.034919262	8.452005	44.55244	1
26606	AC106820.4	0.0	0.004431027	5.501766	9.989492	1
26608	AMDHD2	0.0	0.073299326	9.519623	44.55244	1
26610	PDPK1	0.0	0.117988884	10.205658	44.55244	1
26611	AC093525.6	0.0	0.011254271	6.827091	26.727285	1
26613	AC093525.7	0.0	0.006845774	6.1180634	16.73474	1
26614	AC093525.4	0.0	0.011073584	6.8039484	27.014006	1
26618	ERVK13-1	0.0	0.053760324	9.073079	44.55244	1
26619	KCTD5	0.0	0.053229436	9.058788	44.55244	1
26620	PRSS27	0.0	0.006088434	5.9515023	15.430506	1
26621	SRRM2-AS1	0.0	0.0064734994	6.0385895	16.257435	1
26628	ZG16B	0.0	0.010492282	6.7268696	24.857224	1
26633	FLYWCH1	0.0	0.04526064	8.825297	44.55244	1
26637	PAQR4	0.0	0.014639493	7.203543	35.69516	1
26644	TNFRSF12A	0.0	0.068526044	9.422612	44.55244	1
26649	MMP25-AS1	0.0	0.020901352	7.7143383	44.55244	1
26651	IL32	0.0	0.013698903	7.10841	30.856785	1
26655	ZNF213-AS1	0.0	0.038361978	8.587289	44.55244	1
26657	ZNF213	0.0	0.022306506	7.807774	44.55244	1
26658	AC108134.2	0.0	0.012680788	6.997833	28.337889	1
26664	LINC00921	0.0	0.0028774652	4.896013	7.2875886	1
26672	ZSCAN32	0.0	0.043789476	8.777731	44.55244	1
26673	ZNF174	0.0	0.045485027	8.832417	44.55244	1
26674	ZNF597	0.0	0.018918402	7.5712523	44.251408	1
26677	CLUAP1	0.0	0.17441487	10.7691345	44.55244	1
26679	AC004494.1	0.0	0.004229044	5.4359765	10.402812	1
26681	SLX4	0.0	0.038159646	8.5796795	44.55244	1
26682	DNASE1	0.0	0.11760181	10.200921	44.55244	1
26687	AC005736.1	0.0	0.002606179	4.7581854	7.35133	1
26692	LINC01569	0.0	0.0040923986	5.3897038	9.858156	1
26694	GLIS2	0.0	0.07829554	9.614628	44.55244	1
26695	GLIS2-AS1	0.0	0.0018568711	4.290477	5.1675625	1
26696	PAM16	0.0	0.21164232	11.048094	44.55244	1
26697	AC012676.1	0.0	0.0021693264	4.5041924	5.5629373	1
26698	CORO7	0.0	0.05619198	9.1367855	44.55244	1
26700	DNAJA3	0.0	0.07235091	9.50086	44.55244	1
26703	NMRAL1	0.0	0.0912941	9.835958	44.55244	1
26704	HMOX2	0.0	0.18382442	10.844897	44.55244	1
26709	UBALD1	0.0	0.09789773	9.9366045	44.55244	1
26710	MGRN1	0.0	0.099653505	9.962224	44.55244	1
26715	ZNF500	0.0	0.04734076	8.889983	44.55244	1
26721	AC020663.3	0.0	0.0045497315	5.5390754	11.602396	1
26723	PPL	0.0	0.0037387235	5.2625546	9.794868	1
26726	NAGPA	0.0	0.03038537	8.251973	44.55244	1
26727	ALG1	0.0	0.039878502	8.643081	44.55244	1
26729	EEF2KMT	0.0	0.057183642	9.16198	44.55244	1
26748	METTL22	0.0	0.04483731	8.81177	44.55244	1
26749	ABAT	0.0	0.033238303	8.381037	44.55244	1
26750	TMEM186	0.0	0.03718473	8.542441	44.55244	1
26751	PMM2	0.0	0.120322146	10.233885	44.55244	1
26753	AC022167.2	0.0	0.0020824948	4.4479065	5.90011	1
26761	C16orf72	0.0	0.121530496	10.248289	44.55244	1
26778	EMP2	0.0	0.10467852	10.033128	44.55244	1
26783	NUBP1	0.0	0.08773796	9.778701	44.55244	1
26784	TVP23A	0.0	0.0027436728	4.829684	6.5309405	1
26788	CLEC16A	0.0	0.03831142	8.585391	44.55244	1
26790	AC007014.1	0.0	0.0070051295	6.150789	17.117096	1
26793	RMI2	0.0	0.028428493	8.15626	44.55244	1
26804	LITAF	0.0	0.41611058	12.023098	44.55244	1
26806	TXNDC11	0.0	0.02824424	8.146912	44.55244	1
26809	AC010654.1	0.0	0.0032753502	5.0769653	8.113629	1
26814	AC007216.3	0.0	0.005928745	5.913786	15.041522	1
26816	NPIPB2	0.0	0.013452839	7.0824513	30.069557	1
26818	SNX29	0.0	0.09011079	9.817156	44.55244	1
26830	AC109597.2	0.0	0.0021390566	4.4848194	5.9941583	1
26836	ERCC4	0.0	0.11381833	10.153784	44.55244	1
26842	AC130650.2	0.0	0.02364406	7.8914227	44.55244	1
26844	MIR193BHG	0.0	0.012949004	7.027796	30.828224	1
26854	NOMO1	0.0	0.011665846	6.8784614	28.871227	1
26857	NPIPA1	0.0	0.021914002	7.7822776	44.55244	1
26863	NPIPA5	0.0	0.004802496	5.6154447	11.623614	1
26864	MPV17L	0.0	0.009026165	6.5119367	20.319187	1
26865	BMERB1	0.0	0.116484	10.187154	44.55244	1
26870	AC026401.3	0.0	0.012655178	6.9949393	31.350658	1
26871	MYH11	0.0	0.07597151	9.571213	44.55244	1
26876	ABCC1	0.0	0.054908983	9.103523	44.55244	1
26877	ABCC6	0.0	0.01006617	6.6676326	22.897974	1
26879	NOMO3	0.0	0.009630557	6.6044507	22.850601	1
26882	AC138969.1	0.0	0.0036742701	5.238126	9.381523	1
26886	XYLT1	0.0	0.018413374	7.532424	43.376347	1
26899	NOMO2	0.0	0.0027566582	4.8362565	7.500925	1
26904	SMG1	0.0	0.25428772	11.312814	44.55244	1
26906	TMC7	0.0	0.013259471	7.061719	32.901012	1
26913	AC099518.5	0.0	0.034911036	8.451666	44.55244	1
26914	SYT17	0.0	0.028018627	8.135383	44.55244	1
26932	GPRC5B	0.0	0.03333191	8.385082	44.55244	1
26944	ACSM3	0.0	0.004261869	5.4468746	10.3546715	1
26949	REXO5	0.0	0.004509439	5.5265193	11.546132	1
26950	DCUN1D3	0.0	0.03190854	8.322313	44.55244	1
26951	LYRM1	0.0	0.048722576	8.931405	44.55244	1
26963	AC005632.3	0.0	0.024592072	7.947904	44.55244	1
26964	IGSF6	0.0	0.0068982434	6.128921	16.446674	1
26967	NPIPB4	0.0	0.0072368113	6.197081	17.709808	1
26968	AC092119.2	0.0	0.0056609744	5.848241	14.479538	1
26972	MOSMO	0.0	0.16915002	10.72494	44.55244	1
26977	EEF2K	0.0	0.04957642	8.956417	44.55244	1
26979	POLR3E	0.0	0.07412563	9.535773	44.55244	1
26980	AC092338.3	0.0	0.05558894	9.121247	44.55244	1
26984	NPIPB5	0.0	0.029360564	8.2026415	44.55244	1
26988	HS3ST2	0.0	0.004561547	5.542737	11.337955	1
26996	COG7	0.0	0.04652848	8.8650675	44.55244	1
26997	AC008915.1	0.0	0.0047382917	5.596426	11.544138	1
26998	AC008915.2	0.0	0.031372324	8.29794	44.55244	1
27000	EARS2	0.0	0.02745665	8.1062565	44.55244	1
27002	AC008870.2	0.0	0.017465124	7.45657	40.526436	1
27004	PALB2	0.0	0.02857375	8.163587	44.55244	1
27022	ARHGAP17	0.0	0.11623707	10.184095	44.55244	1
27023	LINC02175	0.0	0.007536948	6.2549243	17.813843	1
27024	LCMT1-AS1	0.0	0.0028857489	4.900021	7.029807	1
27025	AC133552.5	0.0	0.010070838	6.668295	23.306053	1
27027	LCMT1-AS2	0.0	0.0022336203	4.544498	5.9098287	1
27029	ZKSCAN2	0.0	0.03353363	8.393761	44.55244	1
27031	ZKSCAN2-DT	0.0	0.050920088	8.994922	44.55244	1
27033	HS3ST4	0.0	0.035024393	8.456329	44.55244	1
27034	AC093516.1	0.0	0.008844945	6.4830008	20.660566	1
27042	KDM8	0.0	0.006999704	6.149687	16.725435	1
27048	IL21R	0.0	0.006320865	6.004696	17.377783	1
27051	KIAA0556	0.0	0.02802827	8.135877	44.55244	1
27053	AC016597.1	0.0	0.0023444558	4.6114416	6.2271056	1
27056	XPO6	0.0	0.098779716	9.949531	44.55244	1
27058	SBK1	0.0	0.063788325	9.319408	44.55244	1
27064	CLN3	0.0	0.08622144	9.753575	44.55244	1
27067	NUPR1	0.0	0.18013822	10.815689	44.55244	1
27068	AC020765.2	0.0	0.005196714	5.7270255	13.105533	1
27069	SGF29	0.0	0.048828084	8.934519	44.55244	1
27073	EIF3C	0.0	0.030840693	8.273361	44.55244	1
27075	AC145285.2	0.0	0.006524931	6.049834	15.0380125	1
27077	AC145285.6	0.0	0.0064734966	6.038589	16.573782	1
27081	SH2B1	0.0	0.0647347	9.340622	44.55244	1
27082	AC133550.3	0.0	0.008119663	6.361007	18.996199	1
27084	ATP2A1-AS1	0.0	0.009499699	6.584917	22.222866	1
27085	RABEP2	0.0	0.062136058	9.281607	44.55244	1
27088	AC109460.2	0.0	0.007292598	6.2080097	18.291475	1
27091	LAT	0.0	0.009769785	6.6249466	23.23467	1
27099	BOLA2	0.0	0.06722068	9.394906	44.55244	1
27103	SPN	0.0	0.0020124146	4.400821	5.405631	1
27112	AC009133.1	0.0	0.019874563	7.64202	44.55244	1
27113	PRRT2	0.0	0.05618736	9.136667	44.55244	1
27115	MVP	0.0	0.022456994	7.817431	44.55244	1
27119	ASPHD1	0.0	0.022797609	7.839053	44.55244	1
27120	KCTD13	0.0	0.056539703	9.14567	44.55244	1
27132	PPP4C	0.0	0.51342446	12.326218	44.55244	1
27133	TBX6	0.0	0.0023737615	4.6286345	6.2171006	1
27135	AC012645.1	0.0	0.005837898	5.8918805	14.273545	1
27140	CORO1A	0.0	0.011525469	6.861145	27.073257	1
27142	BOLA2B	0.0	0.01637997	7.3645697	38.84472	1
27144	SULT1A3	0.0	0.004623224	5.5617	11.669508	1
27147	CD2BP2-DT	0.0	0.003318598	5.095333	8.250197	1
27150	MYLPF	0.0	0.010265995	6.695715	25.054409	1
27152	SEPTIN1	0.0	0.04467428	8.806526	44.55244	1
27154	DCTPP1	0.0	0.16842285	10.718728	44.55244	1
27161	ZNF747	0.0	0.02767638	8.117715	44.55244	1
27162	AC002310.1	0.0	0.0064591886	6.0354457	14.750272	1
27163	ZNF764	0.0	0.05134054	9.006762	44.55244	1
27168	ZNF689	0.0	0.057722904	9.175497	44.55244	1
27169	PRR14	0.0	0.062692605	9.294451	44.55244	1
27170	FBRS	0.0	0.12195947	10.253368	44.55244	1
27171	AC093249.6	0.0	0.003543992	5.187448	8.745025	1
27173	TMEM265	0.0	0.026968017	8.080445	44.55244	1
27174	PHKG2	0.0	0.063329905	9.309019	44.55244	1
27175	CCDC189	0.0	0.01936984	7.6050973	44.55244	1
27180	MIR762HG	0.0	0.017168397	7.4319906	39.654003	1
27182	CTF1	0.0	0.010046396	6.6648235	22.938442	1
27183	FBXL19-AS1	0.0	0.010540051	6.7333612	25.642132	1
27184	FBXL19	0.0	0.054640267	9.096458	44.55244	1
27186	AC135048.3	0.0	0.0026571602	4.7851114	6.7981067	1
27187	SETD1A	0.0	0.048295885	8.91874	44.55244	1
27188	HSD3B7	0.0	0.007798345	6.3034787	18.77589	1
27189	STX1B	0.0	0.010214658	6.6885524	23.113356	1
27190	STX4	0.0	0.16890484	10.722849	44.55244	1
27192	AC135050.1	0.0	0.0047777244	5.608136	12.291119	1
27193	ZNF668	0.0	0.023727562	7.8964877	44.55244	1
27195	ZNF646	0.0	0.02709223	8.08705	44.55244	1
27198	BCKDK	0.0	0.14165199	10.469153	44.55244	1
27201	AC135050.6	0.0	0.024927711	7.9673824	44.55244	1
27209	PYCARD-AS1	0.0	0.0024539612	4.674665	6.7321386	1
27218	ZNF843	0.0	0.006539549	6.0530133	16.0527	1
27219	AC026471.4	0.0	0.004996414	5.6714106	12.591574	1
27220	AC026471.1	0.0	0.018905763	7.570293	44.55244	1
27226	AC026471.2	0.0	0.004838339	5.625954	11.309663	1
27271	AC136944.2	0.0	0.0035976083	5.2085204	9.60692	1
27303	MYLK3	0.0	0.0020490016	4.425595	5.3272176	1
27304	C16orf87	0.0	0.15253395	10.57586	44.55244	1
27309	NETO2	0.0	0.090685	9.82631	44.55244	1
27314	PHKB	0.0	0.21197979	11.050391	44.55244	1
27324	SIAH1	0.0	0.15851587	10.631322	44.55244	1
27329	AC007611.1	0.0	0.0031118062	5.005313	8.715884	1
27341	ZNF423	0.0	0.08626891	9.754369	44.55244	1
27342	AC027348.1	0.0	0.0038468882	5.302644	10.167908	1
27346	HEATR3	0.0	0.058416955	9.192711	44.55244	1
27349	TENT4B	0.0	0.06598985	9.368285	44.55244	1
27363	CYLD	0.0	0.106838904	10.062572	44.55244	1
27372	SALL1	0.0	0.007633475	6.273045	18.896683	1
27377	HNRNPA1P48	0.0	0.08467924	9.727568	44.55244	1
27386	TOX3	0.0	0.051633425	9.014953	44.55244	1
27392	AC007906.2	0.0	0.0028517942	4.88352	6.720572	1
27399	AKTIP	0.0	0.061816256	9.274175	44.55244	1
27401	RPGRIP1L	0.0	0.080930464	9.662321	44.55244	1
27409	IRX3	0.0	0.009318977	6.5574985	21.990166	1
27419	IRX5	0.0	0.0028714142	4.893078	7.3087077	1
27430	LPCAT2	0.0	0.038576398	8.595309	44.55244	1
27431	AC007336.1	0.0	0.0043774485	5.484605	11.475457	1
27436	AC040168.1	0.0	0.0034424462	5.146674	8.014455	1
27438	GNAO1	0.0	0.018323187	7.5253787	39.175716	1
27443	AMFR	0.0	0.056958925	9.156309	44.55244	1
27444	AC092140.1	0.0	0.0054932996	5.805628	13.243442	1
27446	OGFOD1	0.0	0.107032716	10.065184	44.55244	1
27447	AC092140.2	0.0	0.0019819585	4.3798695	5.251948	1
27451	MT2A	0.0	0.2024957	10.984387	44.55244	1
27453	MT1E	0.0	0.031011948	8.281325	44.55244	1
27460	MT1X	0.0	0.011663731	6.878202	20.37056	1
27466	AC012181.1	0.0	0.0033237513	5.097506	8.9241495	1
27468	NLRC5	0.0	0.0024045734	4.646493	6.7528234	1
27473	AC009090.6	0.0	0.007985303	6.33723	19.849121	1
27474	RSPRY1	0.0	0.18154924	10.82694	44.55244	1
27478	PLLP	0.0	0.0058267363	5.889166	14.239975	1
27480	CX3CL1	0.0	0.0072424435	6.1981883	15.970891	1
27483	COQ9	0.0	0.14296947	10.4825	44.55244	1
27486	CCDC102A	0.0	0.105398834	10.043012	44.55244	1
27488	ADGRG1	0.0	0.003952295	5.3406672	9.508162	1
27493	KATNB1	0.0	0.028010996	8.134991	44.55244	1
27499	ZNF319	0.0	0.017432477	7.453886	41.33522	1
27502	CFAP20	0.0	0.1162905	10.184757	44.55244	1
27504	AC009107.2	0.0	0.07553655	9.56294	44.55244	1
27507	CCDC113	0.0	0.018026026	7.501919	41.411617	1
27509	GINS3	0.0	0.016789038	7.3999434	40.824005	1
27513	NDRG4	0.0	0.0068032746	6.109209	15.791581	1
27525	CDH8	0.0	0.025962966	8.025858	44.55244	1
27529	AC040174.1	0.0	0.004145924	5.4080067	10.885972	1
27531	AC138305.1	0.0	0.0052459463	5.7403736	14.06019	1
27539	LINC02126	0.0	0.0071117105	6.1722693	18.068237	1
27547	CDH5	0.0	0.029142343	8.1919155	44.55244	1
27548	LINC00920	0.0	0.016855566	7.4056153	40.696495	1
27552	AC010542.2	0.0	0.004808995	5.617356	11.995592	1
27553	AC010542.4	0.0	0.0020208817	4.4065924	5.4031534	1
27556	CMTM1	0.0	0.005047284	5.6857395	12.761213	1
27560	CMTM4	0.0	0.055248603	9.112403	44.55244	1
27562	AC018557.1	0.0	0.013113969	7.04592	30.255386	1
27572	RRAD	0.0	0.007866651	6.3159013	16.807024	1
27574	CES2	0.0	0.12421464	10.27978	44.55244	1
27577	CBFB	0.0	0.22793919	11.1550665	44.55244	1
27578	C16orf70	0.0	0.036820658	8.528284	44.55244	1
27579	B3GNT9	0.0	0.034024823	8.414678	44.55244	1
27581	FBXL8	0.0	0.011232603	6.8243356	28.245787	1
27585	EXOC3L1	0.0	0.005302062	5.7554383	12.699922	1
27588	LRRC29	0.0	0.008823862	6.479596	21.098125	1
27590	FHOD1	0.0	0.09599115	9.908259	44.55244	1
27591	SLC9A5	0.0	0.009898482	6.643637	23.099812	1
27592	PLEKHG4	0.0	0.004792152	5.612397	10.720334	1
27594	LRRC36	0.0	0.005597953	5.8323717	14.834076	1
27595	TPPP3	0.0	0.06713997	9.393175	44.55244	1
27596	ZDHHC1	0.0	0.039498948	8.629318	44.55244	1
27597	HSD11B2	0.0	0.20701292	11.016202	44.55244	1
27600	AC009061.2	0.0	0.019501561	7.614825	44.55244	1
27602	AC027682.6	0.0	0.0041455594	5.4078827	9.863939	1
27603	RIPOR1	0.0	0.095773965	9.904995	44.55244	1
27605	AC027682.2	0.0	0.0019764735	4.376064	5.709263	1
27607	AC027682.4	0.0	0.003733468	5.260578	9.781507	1
27608	AC027682.1	0.0	0.0019210154	4.3370085	5.170614	1
27612	ACD	0.0	0.05791785	9.180353	44.55244	1
27613	PARD6A	0.0	0.013021575	7.035797	30.210648	1
27614	ENKD1	0.0	0.030584708	8.261376	44.55244	1
27615	C16orf86	0.0	0.010418274	6.7167544	25.65994	1
27616	GFOD2	0.0	0.09281707	9.8598	44.55244	1
27617	RANBP10	0.0	0.042681146	8.740831	44.55244	1
27618	AC010530.1	0.0	0.0026993116	4.807	7.1996145	1
27619	TSNAXIP1	0.0	0.0073679537	6.222641	16.947588	1
27620	CENPT	0.0	0.108742	10.088019	44.55244	1
27627	PSMB10	0.0	0.1554255	10.602936	44.55244	1
27628	LCAT	0.0	0.010011608	6.6598687	23.63395	1
27632	DUS2	0.0	0.020749023	7.703836	44.55244	1
27634	DDX28	0.0	0.026195312	8.038662	44.55244	1
27639	AC020978.5	0.0	0.0040712124	5.382395	10.414703	1
27642	PLA2G15	0.0	0.038543236	8.594072	44.55244	1
27645	SLC7A6OS	0.0	0.104737684	10.033941	44.55244	1
27646	PRMT7	0.0	0.047955137	8.908546	44.55244	1
27651	ZFP90	0.0	0.10909643	10.0927105	44.55244	1
27654	CDH3	0.0	0.0034712963	5.1583757	8.263408	1
27655	AC126773.4	0.0	0.0045921053	5.5521636	10.03007	1
27658	TANGO6	0.0	0.020381916	7.678207	44.55244	1
27663	CHTF8	0.0	0.005850891	5.895034	14.823245	1
27664	UTP4	0.0	0.06146966	9.266076	44.55244	1
27668	COG8	0.0	0.056579005	9.14667	44.55244	1
27672	TERF2	0.0	0.14052038	10.45759	44.55244	1
27676	AC009032.1	0.0	0.00241169	4.6505866	6.303955	1
27681	NOB1	0.0	0.16645664	10.7017975	44.55244	1
27682	WWP2	0.0	0.041861724	8.712931	44.55244	1
27683	CLEC18A	0.0	0.0016302421	4.112902	5.0868096	1
27685	AC009060.1	0.0	0.0060684783	5.9468427	14.620182	1
27688	AARS	0.0	0.10383448	10.021459	44.55244	1
27690	AC012184.3	0.0	0.0040884777	5.3883543	10.104144	1
27693	ST3GAL2	0.0	0.18308745	10.839105	44.55244	1
27698	IL34	0.0	0.003420309	5.13763	8.315234	1
27700	VAC14	0.0	0.053632468	9.069651	44.55244	1
27702	VAC14-AS1	0.0	0.0026332645	4.7725534	6.89663	1
27707	CMTR2	0.0	0.14941943	10.546117	44.55244	1
27714	ZNF19	0.0	0.017234288	7.4374847	40.43527	1
27721	MARVELD3	0.0	0.0148688685	7.2258215	37.325512	1
27722	PHLPP2	0.0	0.03544411	8.473467	44.55244	1
27726	AP1G1	0.0	0.1440512	10.493367	44.55244	1
27732	DHODH	0.0	0.03594903	8.493816	44.55244	1
27741	AC004158.1	0.0	0.002046703	4.424051	5.9928517	1
27742	AC004943.2	0.0	0.01735301	7.447332	41.17042	1
27745	AC004943.1	0.0	0.0024883545	4.6939635	6.251242	1
27747	AC116667.1	0.0	0.010086871	6.670567	23.943918	1
27761	AC009053.2	0.0	0.0034540033	5.1513734	8.62477	1
27762	NPIPB15	0.0	0.012625092	6.9915323	30.099724	1
27767	MLKL	0.0	0.011637939	6.8750353	29.501816	1
27769	WDR59	0.0	0.11163764	10.125899	44.55244	1
27770	ZNRF1	0.0	0.26828668	11.390098	44.55244	1
27774	ZFP1	0.0	0.06790801	9.409561	44.55244	1
27780	AC009054.2	0.0	0.022821138	7.8405347	44.55244	1
27781	AC009163.7	0.0	0.002518426	4.710628	6.4801807	1
27788	TMEM231	0.0	0.021018751	7.7223806	44.55244	1
27792	ADAT1	0.0	0.0694739	9.442403	44.55244	1
27793	KARS	0.0	0.15036866	10.555247	44.55244	1
27802	CNTNAP4	0.0	0.003855685	5.3058558	8.1382675	1
27807	SYCE1L	0.0	0.03749642	8.554452	44.55244	1
27816	VAT1L	0.0	0.004239461	5.439444	9.466621	1
27820	AC079414.3	0.0	0.005691005	5.855742	14.015195	1
27823	AC046158.1	0.0	0.002965116	4.93787	7.3866134	1
27826	AC027279.1	0.0	0.020137643	7.6608977	44.55244	1
27831	AC092376.2	0.0	0.004791419	5.612181	11.539824	1
27837	AC009159.3	0.0	0.0023366783	4.606844	6.071971	1
27840	MAFTRR	0.0	0.0026509152	4.78184	6.14182	1
27844	AC105411.1	0.0	0.0020483527	4.425159	5.22643	1
27846	DYNLRB2	0.0	0.0028196669	4.867732	6.802141	1
27849	CDYL2	0.0	0.012924606	7.025096	30.994953	1
27857	ATMIN	0.0	0.22415696	11.130937	44.55244	1
27858	C16orf46	0.0	0.019829001	7.6387258	44.55244	1
27859	AC092718.5	0.0	0.002319649	4.596726	6.362186	1
27865	AC009148.1	0.0	0.0026654978	4.7894673	7.0887885	1
27866	GAN	0.0	0.016284252	7.356166	38.27567	1
27867	AC092139.1	0.0	0.0022721612	4.56813	5.942136	1
27879	AC099506.1	0.0	0.0027690998	4.8425264	7.277152	1
27883	AC009063.3	0.0	0.0019594592	4.364194	5.423897	1
27884	AC009063.2	0.0	0.0028016171	4.858785	6.813192	1
27886	AC009119.1	0.0	0.0023901172	4.6381416	5.9930334	1
27888	MLYCD	0.0	0.055215213	9.111532	44.55244	1
27890	OSGIN1	0.0	0.0023077377	4.5896063	6.3010616	1
27891	NECAB2	0.0	0.005757966	5.872328	13.835195	1
27896	AC040169.1	0.0	0.011758099	6.889729	27.48424	1
27897	HSDL1	0.0	0.09239489	9.8532295	44.55244	1
27904	WFDC1	0.0	0.018534211	7.54181	44.075317	1
27909	MEAK7	0.0	0.07602251	9.57218	44.55244	1
27916	CRISPLD2	0.0	0.042650215	8.739788	44.55244	1
27921	KIAA0513	0.0	0.014506192	7.1904364	34.590534	1
27925	GSE1	0.0	0.17887205	10.805519	44.55244	1
27927	LINC00311	0.0	0.0065232003	6.0494566	15.165215	1
27933	C16orf74	0.0	0.026290808	8.043892	44.55244	1
27935	AC018695.9	0.0	0.0023314548	4.603748	5.8113565	1
27957	FOXF1	0.0	0.0019863609	4.382917	5.137266	1
27959	MTHFSD	0.0	0.032711394	8.358053	44.55244	1
27961	FOXC2	0.0	0.06651077	9.379612	44.55244	1
27962	FOXL1	0.0	0.0020273582	4.410991	5.4951406	1
27972	C16orf95	0.0	0.04326195	8.760285	44.55244	1
27983	ZCCHC14	0.0	0.123564936	10.272221	44.55244	1
27984	AC105429.1	0.0	0.01917904	7.5908895	44.55244	1
27990	KLHDC4	0.0	0.047363617	8.890678	44.55244	1
27994	SLC7A5	0.0	0.008902588	6.492268	22.94843	1
28006	ZNF469	0.0	0.0038408104	5.3004203	9.757777	1
28007	ZFPM1	0.0	0.13117565	10.358384	44.55244	1
28020	AC138028.4	0.0	0.0017488616	4.208565	5.2455792	1
28023	AC138028.1	0.0	0.001834598	4.273962	5.293533	1
28024	CDT1	0.0	0.02745288	8.106059	44.55244	1
28026	GALNS	0.0	0.042782515	8.744246	44.55244	1
28029	CBFA2T3	0.0	0.0064500044	6.033424	14.283646	1
28039	CDH15	0.0	0.0046616304	5.573384	11.503988	1
28041	AC009113.1	0.0	0.019945541	7.6471376	44.55244	1
28042	ZNF778	0.0	0.021243544	7.737656	44.55244	1
28045	AC137932.3	0.0	0.023130046	7.859848	44.55244	1
28051	AC092123.1	0.0	0.0018806687	4.3079157	5.0705595	1
28055	CHMP1A	0.0	0.12689583	10.310566	44.55244	1
28056	SPATA33	0.0	0.06091494	9.253018	44.55244	1
28057	AC010538.1	0.0	0.0049073654	5.64598	12.810695	1
28059	LINC02166	0.0	0.003083565	4.9925714	7.7236032	1
28060	SPATA2L	0.0	0.026603416	8.060881	44.55244	1
28062	VPS9D1-AS1	0.0	0.0024796452	4.6891007	6.415643	1
28063	ZNF276	0.0	0.065172024	9.350321	44.55244	1
28064	FANCA	0.0	0.027404338	8.103516	44.55244	1
28065	SPIRE2	0.0	0.02151869	7.7561355	44.55244	1
28067	MC1R	0.0	0.007856256	6.314018	18.566383	1
28070	DEF8	0.0	0.20824231	11.02474	44.55244	1
28071	CENPBD1	0.0	0.026286228	8.043641	44.55244	1
28072	DBNDD1	0.0	0.0023145075	4.593657	5.3867807	1
28077	AC133919.1	0.0	0.0021518574	4.493044	5.678714	1
28079	LINC02193	0.0	0.005617504	5.8373137	14.032562	1
28085	RPH3AL	0.0	0.008055437	6.3496904	19.904413	1
28091	C17orf97	0.0	0.017821042	7.485511	41.95038	1
28097	TLCD3A	0.0	0.044843525	8.81197	44.55244	1
28098	GEMIN4	0.0	0.030977333	8.279719	44.55244	1
28101	MRM3	0.0	0.05177914	9.019011	44.55244	1
28108	ABR	0.0	0.05784056	9.17843	44.55244	1
28115	AC032044.1	0.0	0.002127227	4.4771767	5.9569693	1
28116	MYO1C	0.0	0.24641144	11.267439	44.55244	1
28117	INPP5K	0.0	0.03659865	8.519584	44.55244	1
28120	SLC43A2	0.0	0.019567637	7.61968	44.55244	1
28121	SCARF1	0.0	0.05113404	9.000958	44.55244	1
28122	RILP	0.0	0.06486043	9.343417	44.55244	1
28126	MIR22HG	0.0	0.0769161	9.589016	44.55244	1
28127	WDR81	0.0	0.026941402	8.079026	44.55244	1
28131	SMYD4	0.0	0.08388211	9.713938	44.55244	1
28133	RTN4RL1	0.0	0.006530615	6.0510707	16.794834	1
28137	DPH1	0.0	0.004514062	5.5279655	11.23245	1
28138	AC090617.10	0.0	0.0046816682	5.579442	11.569998	1
28142	HIC1	0.0	0.12284487	10.263796	44.55244	1
28153	MNT	0.0	0.08715126	9.7690325	44.55244	1
28159	CLUH	0.0	0.030573325	8.26084	44.55244	1
28178	ASPA	0.0	0.007854084	6.313624	20.18769	1
28180	TRPV1	0.0	0.0113709215	6.8418374	26.320738	1
28182	AC027796.1	0.0	0.003239969	5.061763	7.8070335	1
28183	SHPK	0.0	0.0197686	7.6343465	44.55244	1
28184	CTNS	0.0	0.028098019	8.13945	44.55244	1
28189	ITGAE	0.0	0.27326664	11.416621	44.55244	1
28191	HASPIN	0.0	0.0030824558	4.992069	8.560767	1
28194	CAMKK1	0.0	0.010502379	6.7282443	25.287567	1
28196	ATP2A3	0.0	0.011780984	6.8925104	28.737883	1
28207	SPNS2	0.0	0.0020969755	4.457447	5.610904	1
28208	MYBBP1A	0.0	0.060079835	9.233136	44.55244	1
28211	SMTNL2	0.0	0.0045271027	5.5320373	10.604047	1
28216	AC091153.3	0.0	0.0020510154	4.426946	5.1210833	1
28217	ARRB2	0.0	0.034520164	8.435469	44.55244	1
28220	CXCL16	0.0	0.008461535	6.4197974	20.71743	1
28221	ZMYND15	0.0	0.002312147	4.592246	6.4017167	1
28223	VMO1	0.0	0.022024538	7.7895036	44.55244	1
28226	AC233723.1	0.0	0.004806136	5.616515	11.461287	1
28227	PLD2	0.0	0.021911511	7.7821145	44.55244	1
28229	CHRNE	0.0	0.0023224808	4.5984135	5.926399	1
28231	GP1BA	0.0	0.002210868	4.530363	5.835665	1
28233	RNF167	0.0	0.11421432	10.158791	44.55244	1
28235	ENO3	0.0	0.0050532822	5.68742	12.51847	1
28237	CAMTA2	0.0	0.03905035	8.612882	44.55244	1
28242	INCA1	0.0	0.003904925	5.3237033	10.199143	1
28243	KIF1C	0.0	0.09592937	9.907332	44.55244	1
28248	ZNF232	0.0	0.024366753	7.934679	44.55244	1
28249	AC012146.1	0.0	0.04370943	8.775098	44.55244	1
28251	ZNF594	0.0	0.033326354	8.384842	44.55244	1
28252	AC087500.1	0.0	0.018532315	7.541663	40.75879	1
28256	NUP88	0.0	0.07448908	9.542821	44.55244	1
28259	AC004148.1	0.0	0.041538272	8.701767	44.55244	1
28261	DHX33	0.0	0.07398907	9.533117	44.55244	1
28266	AC055839.2	0.0	0.0150689315	7.2449756	32.974964	1
28269	WSCD1	0.0	0.004907638	5.646058	11.821267	1
28274	PITPNM3	0.0	0.010371592	6.710337	24.822664	1
28275	KIAA0753	0.0	0.051306352	9.005803	44.55244	1
28287	AC040977.1	0.0	0.006039442	5.940036	14.7724695	1
28292	BCL6B	0.0	0.006244	5.987321	14.759156	1
28293	SLC16A13	0.0	0.0029326591	4.9225116	6.7927446	1
28306	SLC2A4	0.0	0.0036319313	5.2218504	8.661299	1
28308	YBX2	0.0	0.007412019	6.2311287	16.797955	1
28311	NEURL4	0.0	0.021152897	7.731516	44.55244	1
28312	ACAP1	0.0	0.0051538106	5.7152925	12.573061	1
28313	KCTD11	0.0	0.010882706	6.77909	25.42701	1
28323	TMEM102	0.0	0.004313741	5.46393	10.8673115	1
28325	FGF11	0.0	0.020142997	7.661279	44.075317	1
28327	CHRNB1	0.0	0.032088198	8.330388	44.55244	1
28333	TNFSF13	0.0	0.004646491	5.5687895	11.447742	1
28337	AC016876.1	0.0	0.013385398	7.0752544	30.767494	1
28339	SOX15	0.0	0.0028041473	4.860043	6.227921	1
28345	WRAP53	0.0	0.025384145	7.993456	44.55244	1
28346	EFNB3	0.0	0.09618092	9.911106	44.55244	1
28349	TMEM88	0.0	0.015953803	7.3267713	36.05536	1
28351	CYB5D1	0.0	0.0141829	7.1581454	34.307987	1
28353	RNF227	0.0	0.0038690756	5.3107314	9.7036495	1
28354	KCNAB3	0.0	0.00879661	6.475184	19.5317	1
28356	CNTROB	0.0	0.029303294	8.199834	44.55244	1
28368	BORCS6	0.0	0.027110288	8.088008	44.55244	1
28370	LINC00324	0.0	0.019629234	7.6241913	44.55244	1
28371	CTC1	0.0	0.012090806	6.92965	28.43687	1
28372	PFAS	0.0	0.032607373	8.353472	44.55244	1
28373	AC135178.6	0.0	0.0025209782	4.7120337	6.600794	1
28374	SLC25A35	0.0	0.0038790985	5.3143697	10.709597	1
28375	RANGRF	0.0	0.13201323	10.367559	44.55244	1
28376	ARHGEF15	0.0	0.005226141	5.7350187	12.584765	1
28380	KRBA2	0.0	0.06257881	9.291834	44.55244	1
28384	NDEL1	0.0	0.08161801	9.67451	44.55244	1
28401	AC087501.4	0.0	0.0040440587	5.3729725	10.302727	1
28422	MYH3	0.0	0.0023246973	4.599733	6.356516	1
28424	SCO1	0.0	0.15893233	10.635104	44.55244	1
28427	TMEM220	0.0	0.018313264	7.5246015	44.55244	1
28428	TMEM220-AS1	0.0	0.006146315	5.9649334	15.884009	1
28440	ZNF18	0.0	0.014873951	7.226311	35.73369	1
28446	MYOCD	0.0	0.005998102	5.9302883	13.807449	1
28449	ARHGAP44	0.0	0.034448095	8.432463	44.55244	1
28452	ELAC2	0.0	0.092107095	9.848734	44.55244	1
28455	HS3ST3A1	0.0	0.033163935	8.377815	44.55244	1
28463	HS3ST3B1	0.0	0.02736202	8.101294	44.55244	1
28464	AC005224.3	0.0	0.0024404721	4.6670246	6.4475017	1
28465	AC005224.2	0.0	0.013247458	7.060421	30.903177	1
28479	TEKT3	0.0	0.0039140056	5.3269706	9.904656	1
28481	CDRT4	0.0	0.015931133	7.324733	37.597187	1
28482	TVP23C	0.0	0.038734734	8.601204	44.55244	1
28483	AC005838.2	0.0	0.03495529	8.453488	44.55244	1
28492	AC015922.3	0.0	0.022165392	7.7986593	44.55244	1
28494	ADORA2B	0.0	0.0053743273	5.7746096	13.523814	1
28495	ZSWIM7	0.0	0.3754231	11.874686	44.55244	1
28496	TTC19	0.0	0.2218971	11.116325	44.55244	1
28497	AC002553.2	0.0	0.007823364	6.308041	19.462973	1
28499	AC002553.1	0.0	0.0076103327	6.268721	18.592796	1
28500	PIGL	0.0	0.04661487	8.867738	44.55244	1
28501	CENPV	0.0	0.116591536	10.188484	44.55244	1
28505	TRPV2	0.0	0.007851559	6.3131657	20.448887	1
28508	LRRC75A	0.0	0.1272764	10.314882	44.55244	1
28510	ZNF287	0.0	0.036108334	8.500178	44.55244	1
28512	ZNF624	0.0	0.056259163	9.138507	44.55244	1
28526	MPRIP-AS1	0.0	0.0072626458	6.2021523	18.175423	1
28528	PLD6	0.0	0.0056409654	5.843221	12.677298	1
28530	AC055811.3	0.0	0.0021179002	4.4711227	5.3832173	1
28532	NT5M	0.0	0.009129777	6.528224	21.11797	1
28533	MED9	0.0	0.037342574	8.548536	44.55244	1
28534	RASD1	0.0	0.0028709364	4.892846	7.141986	1
28540	RAI1	0.0	0.051607057	9.014217	44.55244	1
28542	SMCR5	0.0	0.03515015	8.461486	44.55244	1
28546	AC122129.1	0.0	0.0022576195	4.559259	5.313604	1
28547	DRC3	0.0	0.007887803	6.319727	19.299051	1
28548	ATPAF2	0.0	0.046235308	8.855968	44.55244	1
28549	GID4	0.0	0.041743882	8.708873	44.55244	1
28556	MIEF2	0.0	0.035137765	8.4609785	44.55244	1
28559	SMCR8	0.0	0.044891838	8.8135195	44.55244	1
28560	SHMT1	0.0	0.019789377	7.6358542	44.55244	1
28565	FAM106A	0.0	0.0036210006	5.217619	8.79214	1
28568	TRIM16L	0.0	0.01617412	7.346436	36.940018	1
28570	TVP23B	0.0	0.032058463	8.329055	44.55244	1
28571	AC107982.3	0.0	0.003997598	5.3567066	10.181988	1
28577	GRAP	0.0	0.0028645133	4.8897233	7.561483	1
28580	AC007952.2	0.0	0.0027619973	4.8389506	6.7145305	1
28581	AC007952.4	0.0	0.026301553	8.044479	44.55244	1
28591	EPN2-AS1	0.0	0.003435244	5.1437383	8.181691	1
28592	B9D1	0.0	0.048106596	8.913087	44.55244	1
28594	MAPK7	0.0	0.06378894	9.319423	44.55244	1
28597	RNF112	0.0	0.0020044355	4.3953614	5.0729094	1
28604	ALDH3A2	0.0	0.06426524	9.330138	44.55244	1
28610	ULK2	0.0	0.08729121	9.771344	44.55244	1
28612	AC015726.1	0.0	0.0043965126	5.4907346	11.578311	1
28615	AC005730.2	0.0	0.0019616706	4.365742	5.422431	1
28616	SPECC1	0.0	0.13775663	10.428953	44.55244	1
28618	AC008088.1	0.0	0.0027926746	4.854332	7.413855	1
28627	CCDC144NL	0.0	0.0026557108	4.784353	6.5041413	1
28632	AC087393.2	0.0	0.0036671828	5.235414	8.834007	1
28634	DHRS7B	0.0	0.08375482	9.71175	44.55244	1
28636	AC087294.1	0.0	0.0065667187	6.058905	15.801786	1
28637	NATD1	0.0	0.014743064	7.213645	34.600723	1
28639	KCNJ12	0.0	0.009586247	6.5978656	24.316298	1
28640	LINC02693	0.0	0.043589793	8.7711525	44.55244	1
28652	MTRNR2L1	0.0	0.07070032	9.467612	44.55244	1
28660	KSR1	0.0	0.056372155	9.141396	44.55244	1
28661	AC069366.2	0.0	0.0030065088	4.9572225	8.110464	1
28663	LGALS9	0.0	0.005714361	5.861549	14.825418	1
28665	AC005697.2	0.0	0.0022405493	4.548775	5.522563	1
28666	LYRM9	0.0	0.048494473	8.924648	44.55244	1
28676	TMEM97	0.0	0.1708909	10.739704	44.55244	1
28679	POLDIP2	0.0	0.16684149	10.705127	44.55244	1
28680	TMEM199	0.0	0.08389975	9.714241	44.55244	1
28685	AC002094.4	0.0	0.0037824053	5.2788787	9.240963	1
28686	SLC46A1	0.0	0.009009575	6.5093117	21.188507	1
28693	ALDOC	0.0	0.017777938	7.4820366	39.912365	1
28698	AC005726.5	0.0	0.009385466	6.567647	22.354519	1
28699	RSKR	0.0	0.01915154	7.58883	44.55244	1
28700	KIAA0100	0.0	0.14668883	10.5195265	44.55244	1
28705	PROCA1	0.0	0.012339917	6.958833	28.266884	1
28708	AC010761.1	0.0	0.0020514568	4.4272423	5.4343586	1
28709	TLCD1	0.0	0.0046098744	5.5576167	11.915749	1
28710	NEK8	0.0	0.018081041	7.506291	41.680866	1
28716	FAM222B	0.0	0.15794203	10.626093	44.55244	1
28717	ERAL1	0.0	0.07692549	9.589192	44.55244	1
28722	DHRS13	0.0	0.008481517	6.423161	19.991379	1
28727	SEZ6	0.0	0.00473309	5.594874	11.013635	1
28730	MYO18A	0.0	0.083623074	9.709481	44.55244	1
28731	TIAF1	0.0	0.0033231736	5.097263	9.103465	1
28735	AC068025.2	0.0	0.0035732384	5.198981	9.075063	1
28738	ABHD15	0.0	0.0067733265	6.1029367	16.512043	1
28740	TP53I13	0.0	0.08047238	9.654141	44.55244	1
28741	AC104564.3	0.0	0.0064184996	6.0264683	14.785891	1
28742	GIT1	0.0	0.081781365	9.677391	44.55244	1
28743	ANKRD13B	0.0	0.02355399	7.8859396	44.55244	1
28745	CORO6	0.0	0.0029026666	4.9081726	7.972169	1
28747	SSH2	0.0	0.09530555	9.897929	44.55244	1
28749	AC104564.5	0.0	0.0019753196	4.375262	5.263855	1
28752	EFCAB5	0.0	0.0025009133	4.7009463	6.453701	1
28757	AC104984.3	0.0	0.012824607	7.0139766	31.47518	1
28759	SLC6A4	0.0	0.0022962226	4.5826902	6.018741	1
28772	AC127024.2	0.0	0.0029590572	4.935015	7.7418237	1
28774	AC127024.4	0.0	0.0028789723	4.896743	7.5210447	1
28775	AC127024.5	0.0	0.017346509	7.4467945	40.87383	1
28776	AC127024.6	0.0	0.009137627	6.5294504	21.70362	1
28777	ATAD5	0.0	0.07583968	9.56871	44.55244	1
28779	AC130324.1	0.0	0.004792571	5.6125207	12.0650215	1
28781	AC130324.3	0.0	0.0023645267	4.623239	7.022917	1
28782	ADAP2	0.0	0.061496433	9.266703	44.55244	1
28787	AC138207.4	0.0	0.0031430863	5.0192957	8.137443	1
28789	AC138207.2	0.0	0.0033209345	5.0963187	7.981137	1
28791	AC079915.1	0.0	0.018746432	7.5581474	44.251408	1
28792	OMG	0.0	0.0034543795	5.151526	8.645496	1
28794	EVI2A	0.0	0.007133216	6.176565	20.608349	1
28795	RAB11FIP4	0.0	0.0022955916	4.58231	5.9583883	1
28796	AC003101.2	0.0	0.0021144883	4.4689016	5.6075034	1
28806	AC116407.2	0.0	0.0035034895	5.171323	8.75848	1
28810	RHBDL3	0.0	0.0028470582	4.8812037	7.3354483	1
28812	C17orf75	0.0	0.076706626	9.585087	44.55244	1
28815	AC005899.6	0.0	0.0042266706	5.4351854	10.480085	1
28816	AC005899.7	0.0	0.0062850364	5.996623	15.429567	1
28817	AC005899.5	0.0	0.0033647518	5.1146803	7.9118114	1
28821	CDK5R1	0.0	0.012715703	7.0017686	31.233572	1
28822	MYO1D	0.0	0.052082278	9.027416	44.55244	1
28823	AC079336.5	0.0	0.0017436807	4.204517	5.4061184	1
28833	ASIC2	0.0	0.019008137	7.5780435	40.6804	1
28851	CCL2	0.0	0.035780076	8.48704	44.55244	1
28852	CCL7	0.0	0.0022130741	4.5317397	5.928107	1
28854	CCL8	0.0	0.006492068	6.0426593	15.093304	1
28862	CCT6B	0.0	0.016303882	7.3578935	37.544025	1
28865	LIG3	0.0	0.11989176	10.22872	44.55244	1
28871	NLE1	0.0	0.026739268	8.068201	44.55244	1
28881	SLFN12	0.0	0.01852519	7.5411115	44.251408	1
28890	SNHG30	0.0	0.0996789	9.962591	44.55244	1
28891	PEX12	0.0	0.0069233133	6.13408	17.550074	1
28894	RASL10B	0.0	0.06560188	9.359791	44.55244	1
28896	MMP28	0.0	0.008493593	6.4251895	17.761003	1
28901	AC015849.4	0.0	0.0037571446	5.269461	9.765839	1
28908	CCL14	0.0	0.005715278	5.8617764	15.468142	1
28910	CCL15	0.0	0.0029749705	4.9425006	8.794313	1
28913	CCL23	0.0	0.0018907265	4.315223	5.2320137	1
28916	CCL3	0.0	0.0077869454	6.301395	17.751244	1
28921	CCL3L1	0.0	0.0032065904	5.0472727	6.6378984	1
28929	MYO19	0.0	0.042103052	8.721204	44.55244	1
28930	PIGW	0.0	0.026310308	8.044957	44.55244	1
28932	DHRS11	0.0	0.022611205	7.8272605	44.55244	1
28933	MRM1	0.0	0.0038363005	5.2987685	9.783162	1
28940	AATF	0.0	0.11278949	10.140696	44.55244	1
28950	DUSP14	0.0	0.059930906	9.229562	44.55244	1
28967	ARHGAP23	0.0	0.0577492	9.176153	44.55244	1
28968	AC244153.1	0.0	0.027398994	8.103235	44.55244	1
28969	SRCIN1	0.0	0.0031799078	5.0355835	6.8460293	1
28971	EPOP	0.0	0.0019196289	4.3360186	5.228467	1
28972	AC006449.6	0.0	0.010133387	6.6771398	23.538828	1
28976	CISD3	0.0	0.09237032	9.852846	44.55244	1
28987	LINC00672	0.0	0.027428241	8.104769	44.55244	1
28989	AC006441.4	0.0	0.0020806636	4.4466953	5.366609	1
28991	PLXDC1	0.0	0.600158	12.551367	44.55244	1
28992	AC091178.2	0.0	0.011175086	6.8169947	27.5839	1
28995	CACNB1	0.0	0.013171651	7.052204	31.73486	1
28997	STAC2	0.0	0.002546351	4.7259326	5.7986627	1
28998	FBXL20	0.0	0.10618309	10.053697	44.55244	1
28999	AC005288.1	0.0	0.002244458	4.5511827	5.762454	1
29002	AC009283.1	0.0	0.01114622	6.8132963	25.432302	1
29009	PGAP3	0.0	0.019951113	7.6475387	44.55244	1
29010	ERBB2	0.0	0.06497231	9.3459	44.55244	1
29015	GSDMB	0.0	0.009659366	6.6087155	23.490517	1
29025	NR1D1	0.0	0.0133421775	7.070623	32.68687	1
29028	RAPGEFL1	0.0	0.013043641	7.0382214	29.996094	1
29030	CDC6	0.0	0.026389604	8.049283	44.55244	1
29031	RARA	0.0	0.124521434	10.283337	44.55244	1
29033	RARA-AS1	0.0	0.025015693	7.9724455	44.55244	1
29042	AC073508.3	0.0	0.008898586	6.4916263	21.314646	1
29112	KRT17	0.0	0.02480994	7.9605775	44.55244	1
29115	HAP1	0.0	0.0021829421	4.5128226	5.472006	1
29122	KLHL11	0.0	0.018400531	7.531423	42.984238	1
29123	ACLY	0.0	0.21260601	11.054646	44.55244	1
29125	TTC25	0.0	0.008565661	6.4372377	20.510237	1
29126	CNP	0.0	0.15915664	10.637137	44.55244	1
29130	C17orf113	0.0	0.0034882005	5.165189	8.27204	1
29140	AC099811.4	0.0	0.0032939485	5.0848927	8.240502	1
29141	AC099811.1	0.0	0.001975745	4.3755574	5.1585565	1
29143	STAT5A	0.0	0.02949427	8.209174	44.55244	1
29145	CAVIN1	0.0	0.057667136	9.174106	44.55244	1
29147	AC107993.1	0.0	0.0040142243	5.3625484	10.206926	1
29148	AC067852.3	0.0	0.010975628	6.7912445	26.73809	1
29150	HSD17B1	0.0	0.017338999	7.446173	39.561775	1
29151	AC067852.2	0.0	0.02863856	8.166844	44.55244	1
29153	MLX	0.0	0.21528761	11.07272	44.55244	1
29155	AC067852.5	0.0	0.004091417	5.389366	10.460145	1
29161	AC100793.2	0.0	0.17285016	10.756141	44.55244	1
29162	CNTNAP1	0.0	0.087738976	9.778717	44.55244	1
29164	EZH1	0.0	0.085925065	9.748613	44.55244	1
29165	AC100793.4	0.0	0.008788625	6.4738884	19.747276	1
29166	RAMP2-AS1	0.0	0.05016453	8.973397	44.55244	1
29169	WNK4	0.0	0.0025759444	4.7419763	6.445064	1
29171	CNTD1	0.0	0.0045374436	5.535258	10.927644	1
29174	AOC2	0.0	0.0024872795	4.693364	6.430778	1
29179	PTGES3L	0.0	0.0050287107	5.6805243	13.03001	1
29182	IFI35	0.0	0.027175382	8.091455	44.55244	1
29184	RND2	0.0	0.025343843	7.991173	44.55244	1
29186	NBR2	0.0	0.014510538	7.1908655	33.993465	1
29187	AC060780.1	0.0	0.072447136	9.502775	44.55244	1
29189	TMEM106A	0.0	0.030721065	8.267773	44.55244	1
29194	DHX8	0.0	0.1345056	10.394523	44.55244	1
29202	MPP3	0.0	0.008419065	6.4126234	18.429142	1
29204	MPP2	0.0	0.020610185	7.6941967	44.55244	1
29211	NAGS	0.0	0.0037243129	5.2571287	9.362838	1
29219	ASB16-AS1	0.0	0.025622904	8.006909	44.55244	1
29224	AC003102.1	0.0	0.021070309	7.7258987	44.55244	1
29227	RUNDC3A-AS1	0.0	0.0030315155	4.968789	7.713348	1
29228	RUNDC3A	0.0	0.0028210497	4.868415	7.1994634	1
29232	FAM171A2	0.0	0.101054296	9.982342	44.55244	1
29235	AC103703.1	0.0	0.017865937	7.4891205	42.574715	1
29238	MEIOC	0.0	0.0036243729	5.2189255	9.653557	1
29240	AC091152.2	0.0	0.0019504762	4.3578873	5.693906	1
29242	ADAM11	0.0	0.0043108403	5.4629817	9.504163	1
29246	HIGD1B	0.0	0.013789216	7.117821	31.77099	1
29251	KIF18B	0.0	0.013600401	7.0980744	33.79261	1
29253	C1QL1	0.0	0.027151154	8.090174	44.55244	1
29257	PLCD3	0.0	0.012733633	7.003786	29.427473	1
29258	ACBD4	0.0	0.01114088	6.812611	25.046383	1
29259	AC142472.1	0.0	0.01704643	7.4217644	40.505592	1
29262	HEXIM2	0.0	0.029881258	8.227917	44.55244	1
29269	MAP3K14	0.0	0.010536877	6.7329307	25.154491	1
29271	ARHGAP27	0.0	0.004308056	5.4620705	11.57002	1
29273	PLEKHM1	0.0	0.036684074	8.522938	44.55244	1
29276	AC091132.4	0.0	0.007613168	6.269252	18.219006	1
29284	MAPT-IT1	0.0	0.0027724532	4.8442116	7.517815	1
29286	STH	0.0	0.0018115757	4.2566905	5.3662357	1
29289	KANSL1-AS1	0.0	0.016058316	7.336133	37.511127	1
29291	LRRC37A	0.0	0.0033552088	5.110701	8.632044	1
29292	LRRC37A2	0.0	0.013461773	7.083402	29.902431	1
29293	ARL17A	0.0	0.056247666	9.138212	44.55244	1
29294	FAM215B	0.0	0.03747356	8.553575	44.55244	1
29296	WNT3	0.0	0.008567096	6.4374766	21.527777	1
29300	GOSR2	0.0	0.13646169	10.415338	44.55244	1
29310	EFCAB13	0.0	0.013200668	7.055355	31.086536	1
29313	AC025682.1	0.0	0.0023929833	4.6398015	5.631142	1
29316	TBKBP1	0.0	0.039663076	8.635285	44.55244	1
29322	SP6	0.0	0.0040328884	5.3690786	9.894939	1
29327	SP2-AS1	0.0	0.0036563443	5.2312574	8.972564	1
29334	COPZ2	0.0	0.050222576	8.975062	44.55244	1
29335	AC004477.1	0.0	0.004216532	5.431801	10.777123	1
29340	SNX11	0.0	0.029075693	8.188623	44.55244	1
29347	HOXB2	0.0	0.077065304	9.591808	44.55244	1
29350	HOXB-AS3	0.0	0.0058708955	5.899875	14.548974	1
29352	HOXB4	0.0	0.02078351	7.7062206	44.55244	1
29353	AC103702.1	0.0	0.019669693	7.6271467	44.55244	1
29354	HOXB5	0.0	0.042758364	8.743433	44.55244	1
29356	HOXB7	0.0	0.22887506	11.1609745	44.55244	1
29360	AC103702.2	0.0	0.12653315	10.306439	44.55244	1
29361	LINC02086	0.0	0.051969443	9.024293	44.55244	1
29363	PRAC2	0.0	0.033529554	8.393586	44.55244	1
29364	HOXB13	0.0	0.032803394	8.362093	44.55244	1
29366	TTLL6	0.0	0.0045795883	5.54831	11.571936	1
29373	AC091133.3	0.0	0.0024275035	4.6596413	5.982331	1
29378	ABI3	0.0	0.0061975955	5.9767294	15.712333	1
29395	FAM117A	0.0	0.014168388	7.1566787	32.799294	1
29408	PDK2	0.0	0.11936596	10.2223835	44.55244	1
29411	SAMD14	0.0	0.05335992	9.062314	44.55244	1
29416	SGCA	0.0	0.00406094	5.3788376	10.249008	1
29432	MYCBPAP	0.0	0.0024160666	4.653098	5.9658184	1
29437	CACNA1G	0.0	0.024783608	7.9590516	44.55244	1
29440	ABCC3	0.0	0.0017786656	4.2316365	5.2531137	1
29442	AC005921.2	0.0	0.05305682	9.0541115	44.55244	1
29448	TOB1	0.0	0.08365782	9.71008	44.55244	1
29449	TOB1-AS1	0.0	0.0056218165	5.8384013	13.65189	1
29458	AC006141.1	0.0	0.10936616	10.09627	44.55244	1
29464	CA10	0.0	0.04189855	8.714195	44.55244	1
29471	TOM1L1	0.0	0.058768872	9.201362	44.55244	1
29475	HLF	0.0	0.022407124	7.814238	44.55244	1
29485	C17orf67	0.0	0.022007098	7.788366	44.55244	1
29487	DGKE	0.0	0.039349418	8.62386	44.55244	1
29494	AC004584.3	0.0	0.002079534	4.445948	5.8306813	1
29495	AC007114.1	0.0	0.006036046	5.939237	14.7624655	1
29497	AC007114.2	0.0	0.0032494029	5.065832	8.254942	1
29506	CUEDC1	0.0	0.07193184	9.492491	44.55244	1
29510	AC015813.1	0.0	0.03926778	8.620872	44.55244	1
29519	MKS1	0.0	0.030918289	8.276976	44.55244	1
29524	TSPOAP1	0.0	0.004250753	5.4431934	10.247754	1
29525	TSPOAP1-AS1	0.0	0.0029705083	4.940406	7.190789	1
29528	RNF43	0.0	0.004252625	5.443814	9.651322	1
29531	SEPTIN4-AS1	0.0	0.0075905775	6.26502	20.164017	1
29535	RAD51C	0.0	0.08078657	9.659757	44.55244	1
29537	PPM1E	0.0	0.0028777372	4.8961444	7.961234	1
29544	SMG8	0.0	0.036587995	8.519164	44.55244	1
29545	GDPD1	0.0	0.015662722	7.300373	36.24684	1
29546	YPEL2	0.0	0.11784541	10.203903	44.55244	1
29555	TUBD1	0.0	0.037706498	8.56249	44.55244	1
29557	RNFT1	0.0	0.11365666	10.151735	44.55244	1
29558	RNFT1-DT	0.0	0.004276993	5.451868	11.287824	1
29560	HEATR6	0.0	0.09083746	9.828731	44.55244	1
29562	AC025048.2	0.0	0.007880488	6.318405	19.121973	1
29566	USP32	0.0	0.07567374	9.565555	44.55244	1
29569	AC011921.1	0.0	0.004754113	5.6011357	11.492478	1
29575	AC005856.1	0.0	0.008337569	6.3987556	19.683804	1
29581	C17orf82	0.0	0.017201971	7.4347925	41.58677	1
29584	NACA2	0.0	0.0054694703	5.799468	13.905931	1
29585	BRIP1	0.0	0.02220911	7.8014894	44.55244	1
29586	INTS2	0.0	0.049501464	8.954239	44.55244	1
29590	METTL2A	0.0	0.09835558	9.943329	44.55244	1
29591	TLK2	0.0	0.22545762	11.13928	44.55244	1
29594	AC080038.1	0.0	0.03085683	8.274114	44.55244	1
29608	CYB561	0.0	0.008091991	6.356142	19.978601	1
29610	ACE	0.0	0.0033293213	5.099851	8.342608	1
29615	STRADA	0.0	0.08332109	9.704268	44.55244	1
29621	SMARCD2	0.0	0.07063026	9.466184	44.55244	1
29631	PRR29	0.0	0.0036494632	5.2286124	8.936022	1
29632	ICAM2	0.0	0.012515483	6.9790516	28.117857	1
29633	ERN1	0.0	0.02692359	8.078075	44.55244	1
29635	SNHG25	0.0	0.026811386	8.072073	44.55244	1
29636	TEX2	0.0	0.037036117	8.536679	44.55244	1
29637	PECAM1	0.0	0.035921898	8.49273	44.55244	1
29638	MILR1	0.0	0.00883303	6.4810777	24.84582	1
29643	LRRC37A3	0.0	0.014458481	7.185716	34.600563	1
29647	GNA13	0.0	0.14969999	10.548821	44.55244	1
29648	AC037487.2	0.0	0.0026072196	4.75874	6.785209	1
29651	AXIN2	0.0	0.007773076	6.2988553	19.218193	1
29658	CACNG4	0.0	0.015055604	7.2437077	33.544518	1
29664	AC007448.5	0.0	0.010254986	6.694182	25.343025	1
29665	AC007448.4	0.0	0.002922442	4.917643	7.568544	1
29667	PITPNC1	0.0	0.12362056	10.27287	44.55244	1
29668	AC110921.1	0.0	0.0025357222	4.7201266	6.8490357	1
29677	AC005332.3	0.0	0.0075500896	6.257405	18.292011	1
29678	AC005332.5	0.0	0.0055435025	5.818519	14.167456	1
29679	AC005332.7	0.0	0.006011727	5.933508	14.243898	1
29680	AC005332.2	0.0	0.0037280456	5.2585363	8.809301	1
29681	AC005332.4	0.0	0.02099978	7.721084	44.55244	1
29682	AC005332.1	0.0	0.0024695823	4.683462	6.7242265	1
29684	ARSG	0.0	0.042046785	8.719279	44.55244	1
29685	SLC16A6	0.0	0.0018979843	4.320473	5.37226	1
29687	WIPI1	0.0	0.08824749	9.7870455	44.55244	1
29693	ABCA8	0.0	0.054349177	9.088766	44.55244	1
29695	ABCA9	0.0	0.0027790233	4.8475075	7.2696543	1
29696	ABCA6	0.0	0.0026791506	4.796572	6.6340446	1
29697	ABCA10	0.0	0.002724758	4.8200555	7.352057	1
29700	MAP2K6	0.0	0.078512155	9.618608	44.55244	1
29707	KCNJ2-AS1	0.0	0.002313125	4.5928307	5.8936157	1
29708	KCNJ2	0.0	0.009016791	6.510454	19.629448	1
29716	LINC01152	0.0	0.002487413	4.6934385	6.4617076	1
29724	SLC39A11	0.0	0.021495802	7.754607	44.55244	1
29726	SSTR2	0.0	0.017943082	7.495302	41.66426	1
29729	FAM104A	0.0	0.12945734	10.3393755	44.55244	1
29730	C17orf80	0.0	0.09700128	9.9233465	44.55244	1
29733	CDC42EP4	0.0	0.071536444	9.48455	44.55244	1
29734	SDK2	0.0	0.021110915	7.728663	44.55244	1
29747	AC100786.1	0.0	0.00551637	5.811566	12.943334	1
29748	TTYH2	0.0	0.0070510395	6.160081	16.283453	1
29755	GPRC5C	0.0	0.16863024	10.720503	44.55244	1
29756	CD300A	0.0	0.0023817525	4.6332874	7.0053644	1
29764	RAB37	0.0	0.002791133	4.8535633	6.977195	1
29767	SLC9A3R1	0.0	0.05910913	9.209676	44.55244	1
29768	NAT9	0.0	0.098601215	9.946924	44.55244	1
29769	TMEM104	0.0	0.014422712	7.182167	33.32874	1
29770	GRIN2C	0.0	0.0020456424	4.423338	5.5509343	1
29776	HID1	0.0	0.003918838	5.3287067	9.074501	1
29780	KCTD2	0.0	0.046698984	8.870334	44.55244	1
29782	SLC16A5	0.0	0.014423524	7.1822476	34.757954	1
29783	ARMC7	0.0	0.028369939	8.1532955	44.55244	1
29791	MRPS7	0.0	0.3395119	11.7296715	44.55244	1
29793	AC022211.2	0.0	0.0037354578	5.261327	9.093019	1
29794	SLC25A19	0.0	0.013727472	7.1113935	33.257957	1
29795	GRB2	0.0	0.26541737	11.374591	44.55244	1
29799	TMEM94	0.0	0.08506843	9.734175	44.55244	1
29800	CASKIN2	0.0	0.039001286	8.611073	44.55244	1
29801	TSEN54	0.0	0.05766829	9.174134	44.55244	1
29802	LLGL2	0.0	0.009100036	6.5235677	21.39931	1
29803	MYO15B	0.0	0.031050375	8.283106	44.55244	1
29805	SMIM5	0.0	0.0024998344	4.700348	5.954789	1
29811	GALK1	0.0	0.08561243	9.7433605	44.55244	1
29813	UNK	0.0	0.09144429	9.838326	44.55244	1
29815	UNC13D	0.0	0.0068658115	6.1222196	15.809929	1
29816	WBP2	0.0	0.10988382	10.103076	44.55244	1
29817	TRIM47	0.0	0.052332755	9.034325	44.55244	1
29822	FBF1	0.0	0.010881692	6.7789564	25.568129	1
29825	TEN1	0.0	0.092973374	9.862225	44.55244	1
29826	CDK3	0.0	0.02338455	7.8755684	44.55244	1
29828	SRP68	0.0	0.17985809	10.813445	44.55244	1
29833	RNF157-AS1	0.0	0.002172913	4.5064707	5.602992	1
29836	QRICH2	0.0	0.0033266095	5.09871	8.440583	1
29838	SPHK1	0.0	0.02065779	7.6975093	44.55244	1
29841	RHBDF2	0.0	0.007033684	6.156575	18.117424	1
29848	AC015802.6	0.0	0.06929681	9.438725	44.55244	1
29853	AC005837.1	0.0	0.0031056853	5.002561	7.463159	1
29856	JMJD6	0.0	0.05196828	9.024261	44.55244	1
29859	MFSD11	0.0	0.07476044	9.548059	44.55244	1
29883	TNRC6C-AS1	0.0	0.01245388	6.9719896	30.776052	1
29884	TMC6	0.0	0.07994852	9.644731	44.55244	1
29885	TMC8	0.0	0.006895449	6.1283445	18.288782	1
29887	SYNGR2	0.0	0.033331282	8.385055	44.55244	1
29895	SOCS3	0.0	0.035759043	8.486194	44.55244	1
29902	USP36	0.0	0.06611819	9.371084	44.55244	1
29906	CEP295NL	0.0	0.0018793003	4.3069186	5.169237	1
29911	C1QTNF1	0.0	0.007572343	6.2615952	18.293474	1
29912	ENGASE	0.0	0.030979993	8.279842	44.55244	1
29918	CBX2	0.0	0.03618473	8.503219	44.55244	1
29919	CBX8	0.0	0.023640716	7.8912196	44.55244	1
29930	CCDC40	0.0	0.032624446	8.354225	44.55244	1
29935	AC087741.1	0.0	0.0065188343	6.0485053	16.155626	1
29936	SGSH	0.0	0.040766798	8.674786	44.55244	1
29937	SLC26A11	0.0	0.05128445	9.005188	44.55244	1
29941	RNF213-AS1	0.0	0.011119742	6.8098955	26.34229	1
29945	RPTOR	0.0	0.032014094	8.327063	44.55244	1
29955	BAIAP2-DT	0.0	0.07350707	9.523701	44.55244	1
29956	BAIAP2	0.0	0.045462318	8.831697	44.55244	1
29957	AATK	0.0	0.013445056	7.0816226	30.30248	1
29960	CEP131	0.0	0.03192874	8.323223	44.55244	1
29962	TEPSIN	0.0	0.026431533	8.051564	44.55244	1
29966	AC027601.4	0.0	0.0025609254	4.733856	6.6022086	1
29969	AC027601.6	0.0	0.04111028	8.686861	44.55244	1
29973	AC110285.2	0.0	0.004605495	5.5562744	11.893685	1
29974	BAHCC1	0.0	0.06765162	9.404112	44.55244	1
29980	FAAP100	0.0	0.040134724	8.652297	44.55244	1
29982	TSPAN10	0.0	0.021672936	7.766392	44.55244	1
29984	OXLD1	0.0	0.1133466	10.147798	44.55244	1
29985	CCDC137	0.0	0.07835102	9.615648	44.55244	1
29987	HGS	0.0	0.12835787	10.32708	44.55244	1
29989	AC139530.1	0.0	0.025951833	8.025241	44.55244	1
29991	SLC25A10	0.0	0.013185595	7.053719	31.402876	1
29997	AC145207.2	0.0	0.0033561976	5.111114	8.797097	1
29999	AC145207.5	0.0	0.012287735	6.952769	28.895702	1
30003	NPB	0.0	0.008477005	6.422402	19.081896	1
30004	PCYT2	0.0	0.030905565	8.276383	44.55244	1
30009	PYCR1	0.0	0.07624423	9.576375	44.55244	1
30015	ASPSCR1	0.0	0.11010857	10.106021	44.55244	1
30017	LRRC45	0.0	0.015775379	7.310647	39.57194	1
30025	CCDC57	0.0	0.05577481	9.126055	44.55244	1
30034	AC132872.1	0.0	0.0042369943	5.4386234	10.797938	1
30042	HEXD	0.0	0.06860358	9.424242	44.55244	1
30043	HEXD-IT1	0.0	0.008020191	6.343442	19.56922	1
30044	CYBC1	0.0	0.081878744	9.679106	44.55244	1
30046	AC132938.3	0.0	0.0028260124	4.870864	7.305235	1
30053	AC124283.1	0.0	0.019546855	7.6181545	44.251408	1
30055	RAB40B	0.0	0.084303446	9.721158	44.55244	1
30059	FN3K	0.0	0.018492945	7.5386114	40.975407	1
30065	B3GNTL1	0.0	0.014258268	7.165738	33.704037	1
30067	METRNL	0.0	0.07796372	9.608508	44.55244	1
30077	THOC1	0.0	0.15201151	10.570913	44.55244	1
30080	COLEC12	0.0	0.017901182	7.4919477	38.730785	1
30085	TYMSOS	0.0	0.016030567	7.3336535	38.07571	1
30089	ENOSF1	0.0	0.11597102	10.180792	44.55244	1
30092	AP001020.3	0.0	0.006830674	6.114924	16.493904	1
30093	AP001020.1	0.0	0.0018633594	4.2952523	5.039621	1
30094	AP001020.2	0.0	0.016833104	7.4037027	39.577415	1
30095	AP000894.4	0.0	0.007444379	6.23733	16.757683	1
30101	AP000829.1	0.0	0.0024232024	4.657184	6.810437	1
30102	LINC00470	0.0	0.002732086	4.8237934	6.8231544	1
30113	EMILIN2	0.0	0.008456848	6.4190073	20.402916	1
30116	AP000919.2	0.0	0.0022432161	4.5504184	6.162342	1
30118	MYOM1	0.0	0.006259664	5.9908786	14.938036	1
30120	AP005329.3	0.0	0.0040397155	5.37146	10.213719	1
30128	GAPLINC	0.0	0.006490981	6.0424213	16.967993	1
30129	DLGAP1	0.0	0.008585007	6.440455	18.716644	1
30131	DLGAP1-AS2	0.0	0.0063146343	6.0032954	14.71611	1
30143	LINC00526	0.0	0.02072979	7.7025046	44.55244	1
30144	LINC00667	0.0	0.17025353	10.734316	44.55244	1
30148	EPB41L3	0.0	0.04346382	8.766987	44.55244	1
30152	TMEM200C	0.0	0.03480228	8.447178	44.55244	1
30153	AP001021.1	0.0	0.0036924465	5.245057	8.5658865	1
30155	L3MBTL4	0.0	0.024619495	7.9495053	44.55244	1
30162	AP005205.2	0.0	0.0042762067	5.451609	11.213533	1
30163	ARHGAP28	0.0	0.12663496	10.307599	44.55244	1
30174	AP000897.1	0.0	0.0028997525	4.9067717	7.8361087	1
30179	AP001094.2	0.0	0.0039183847	5.3285437	10.368153	1
30181	RAB12	0.0	0.049860857	8.964655	44.55244	1
30184	MTCL1	0.0	0.00498688	5.6687093	12.794288	1
30189	AP005899.1	0.0	0.0021630782	4.5002146	5.9073915	1
30190	NDUFV2-AS1	0.0	0.01442885	7.1827765	32.715466	1
30193	AP001033.1	0.0	0.0030080986	4.9579606	7.5064282	1
30194	TWSG1	0.0	0.111607194	10.125506	44.55244	1
30195	AP001033.3	0.0	0.003422363	5.1384716	8.50279	1
30198	AP005432.1	0.0	0.0026461312	4.779329	7.169358	1
30199	PPP4R1	0.0	0.22270365	11.121557	44.55244	1
30215	APCDD1	0.0	0.012860154	7.017939	28.22799	1
30223	AP005120.1	0.0	0.0019370877	4.3484364	5.38053	1
30232	GNAL	0.0	0.018753393	7.5586805	44.55244	1
30252	PRELID3A	0.0	0.010526727	6.7315536	25.529142	1
30254	AP001029.2	0.0	0.0023364779	4.606725	6.3921566	1
30258	AP005482.3	0.0	0.0038052874	5.287357	9.460756	1
30263	AP002449.1	0.0	0.0071455585	6.1790247	16.814745	1
30267	LDLRAD4	0.0	0.057709437	9.175161	44.55244	1
30274	AP005131.6	0.0	0.0041455133	5.407867	9.927449	1
30276	AP005131.1	0.0	0.0024644656	4.6805863	6.3987036	1
30277	AP005131.7	0.0	0.0020894264	4.4524813	5.483859	1
30280	FAM210A	0.0	0.11820167	10.208255	44.55244	1
30304	GREB1L	0.0	0.0036557813	5.2310414	9.651701	1
30309	ABHD3	0.0	0.028209891	8.145163	44.55244	1
30313	MIR133A1HG	0.0	0.011563526	6.86586	26.838829	1
30318	GATA6	0.0	0.01667129	7.38985	37.8357	1
30328	CABLES1	0.0	0.047034115	8.880628	44.55244	1
30329	TMEM241	0.0	0.03054519	8.259517	44.55244	1
30332	RMC1	0.0	0.021359393	7.7454653	44.55244	1
30341	CABYR	0.0	0.012369584	6.96227	29.112806	1
30354	LINC01894	0.0	0.0021711576	4.505356	5.8944964	1
30357	AC105114.2	0.0	0.007445737	6.23759	17.458212	1
30361	TAF4B	0.0	0.0066216206	6.0707374	17.1632	1
30364	KCTD1	0.0	0.042175204	8.723668	44.55244	1
30365	AC007996.1	0.0	0.0045461566	5.537966	11.716364	1
30372	CHST9	0.0	0.013718109	7.1104164	27.589882	1
30389	DSC3	0.0	0.0030439848	4.9745226	7.886057	1
30402	B4GALT6	0.0	0.040200554	8.654655	44.55244	1
30403	AC017100.1	0.0	0.007382377	6.225425	17.837273	1
30405	TRAPPC8	0.0	0.10163838	9.990648	44.55244	1
30408	AC009831.1	0.0	0.0044789063	5.516931	11.746798	1
30409	RNF125	0.0	0.0037354494	5.261324	9.859737	1
30414	GAREM1	0.0	0.079300866	9.633011	44.55244	1
30416	AC015563.1	0.0	0.0020134328	4.4015164	5.585772	1
30424	CCDC178	0.0	0.0044718008	5.5146904	11.30574	1
30427	ASXL3	0.0	0.11052837	10.1115055	44.55244	1
30431	DTNA	0.0	0.027888125	8.128671	44.55244	1
30434	MAPRE2	0.0	0.15173793	10.568316	44.55244	1
30437	ZSCAN30	0.0	0.085723996	9.745237	44.55244	1
30438	AC011815.2	0.0	0.005664688	5.8491707	13.105516	1
30439	AC011815.1	0.0	0.004514579	5.528127	11.753199	1
30448	AC090229.1	0.0	0.0067852433	6.105436	17.15985	1
30454	AC023043.1	0.0	0.002000501	4.3926616	5.3537793	1
30457	FHOD3	0.0	0.0025973325	4.7534614	8.137984	1
30463	CELF4	0.0	0.022133183	7.796571	44.55244	1
30464	AC015961.2	0.0	0.006304081	6.00092	15.698315	1
30469	MIR924HG	0.0	0.014064503	7.1461363	33.768288	1
30477	AC021504.1	0.0	0.012592886	6.9878764	28.89394	1
30478	PIK3C3	0.0	0.17252032	10.7533865	44.55244	1
30488	AC120049.1	0.0	0.0059874733	5.9277716	14.504639	1
30500	SIGLEC15	0.0	0.0027906375	4.853316	7.80804	1
30501	EPG5	0.0	0.05098741	8.996824	44.55244	1
30502	PSTPIP2	0.0	0.019520544	7.6162214	44.55244	1
30504	HAUS1	0.0	0.18595332	10.861501	44.55244	1
30505	C18orf25	0.0	0.059163146	9.210992	44.55244	1
30506	RNF165	0.0	0.019767785	7.6342874	44.55244	1
30512	PIAS2	0.0	0.20400678	10.995109	44.55244	1
30513	KATNAL2	0.0	0.016505048	7.3754783	36.915333	1
30519	AC012254.3	0.0	0.0021524765	4.49344	5.5887136	1
30520	HDHD2	0.0	0.12150112	10.247941	44.55244	1
30536	DYM	0.0	0.09380087	9.874995	44.55244	1
30546	LIPG	0.0	0.0038581148	5.3067417	9.458022	1
30549	SNHG22	0.0	0.0020440647	4.4222765	5.312838	1
30550	MYO5B	0.0	0.0030768758	4.989537	8.128206	1
30552	CFAP53	0.0	0.0068454933	6.1180053	16.690794	1
30554	MBD1	0.0	0.09606864	9.909423	44.55244	1
30555	CXXC1	0.0	0.081587866	9.673978	44.55244	1
30557	SKA1	0.0	0.013855618	7.1247025	35.2866	1
30561	ME2	0.0	0.109800056	10.101976	44.55244	1
30562	ELAC1	0.0	0.07025426	9.458494	44.55244	1
30569	DCC	0.0	0.004502954	5.524488	9.479668	1
30573	AC093462.1	0.0	0.0022746276	4.569629	6.0086727	1
30574	POLI	0.0	0.072211385	9.498079	44.55244	1
30582	LINC01929	0.0	0.0014464282	3.950868	5.79585	1
30585	TCF4-AS2	0.0	0.0054652886	5.7983847	12.725383	1
30599	WDR7	0.0	0.05300936	9.052822	44.55244	1
30609	ONECUT2	0.0	0.020227749	7.667307	38.379887	1
30610	FECH	0.0	0.04506367	8.819019	44.55244	1
30612	NARS	0.0	0.32992497	11.688359	44.55244	1
30614	AC027097.2	0.0	0.017738203	7.4788265	42.05001	1
30615	ATP8B1	0.0	0.075265534	9.557761	44.55244	1
30617	NEDD4L	0.0	0.02904468	8.187089	44.55244	1
30638	GRP	0.0	0.003461143	5.1542687	7.6598167	1
30643	CCBE1	0.0	0.0138921635	7.128475	37.32637	1
30649	PMAIP1	0.0	0.06558302	9.359377	44.55244	1
30662	RNF152	0.0	0.035848383	8.489783	44.55244	1
30664	RELCH	0.0	0.06071618	9.248311	44.55244	1
30665	AC027514.1	0.0	0.0028964453	4.90518	7.5029945	1
30671	PHLPP1	0.0	0.04937215	8.950473	44.55244	1
30672	BCL2	0.0	0.19778426	10.950441	44.55244	1
30674	AC022726.2	0.0	0.0023359873	4.606435	5.9434347	1
30676	AC036176.1	0.0	0.020756723	7.7043686	44.55244	1
30689	AC009802.1	0.0	0.0022640387	4.563182	5.6013017	1
30690	SERPINB8	0.0	0.010909715	6.7826333	26.621185	1
30692	LINC00305	0.0	0.0027979366	4.856954	7.6034408	1
30697	LINC01916	0.0	0.15245554	10.575119	44.55244	1
30699	CDH7	0.0	0.18538857	10.857115	44.55244	1
30703	AC110597.1	0.0	0.005977476	5.9254003	14.664182	1
30705	AC110597.3	0.0	0.00293965	4.925833	7.442498	1
30716	AC040896.1	0.0	0.001897287	4.3199697	5.448605	1
30719	AC096708.3	0.0	0.0047760215	5.6076326	12.816743	1
30720	AC090337.1	0.0	0.017160444	7.431326	43.95038	1
30726	CD226	0.0	0.004482571	5.5180855	11.293212	1
30729	SOCS6	0.0	0.078870095	9.625163	44.55244	1
30730	LINC01909	0.0	0.0021504362	4.4921327	5.872234	1
30738	LINC01541	0.0	0.0038524421	5.3046722	8.615595	1
30742	CBLN2	0.0	0.06748229	9.400501	44.55244	1
30743	NETO1	0.0	0.02852897	8.161332	44.55244	1
30751	FBXO15	0.0	0.005112172	5.7038126	13.360845	1
30758	DIPK1C	0.0	0.0028249403	4.870335	8.145602	1
30761	AC009704.2	0.0	0.0019850577	4.3820157	5.732433	1
30770	TSHZ1	0.0	0.12663443	10.307592	44.55244	1
30790	ZNF516	0.0	0.08196659	9.680651	44.55244	1
30792	AC018413.1	0.0	0.0022913644	4.579762	6.1618857	1
30793	C18orf65	0.0	0.0021026225	4.4611506	5.4338374	1
30794	LINC00683	0.0	0.008922536	6.495461	21.161211	1
30798	ZNF236-DT	0.0	0.0023337472	4.6051073	5.962153	1
30799	AC027575.2	0.0	0.0024461881	4.670267	6.231432	1
30800	ZNF236	0.0	0.08719875	9.769817	44.55244	1
30802	MBP	0.0	0.018429803	7.533704	37.28333	1
30808	AC124254.2	0.0	0.0030539695	4.979097	7.8123865	1
30822	ATP9B	0.0	0.08338304	9.705339	44.55244	1
30823	AC125437.1	0.0	0.0028283533	4.872018	6.9913054	1
30824	AC125437.3	0.0	0.0038488468	5.3033595	9.855806	1
30827	NFATC1	0.0	0.014784087	7.217627	34.703617	1
30834	AC068473.5	0.0	0.012862211	7.018168	29.277563	1
30835	CTDP1	0.0	0.034534656	8.436072	44.55244	1
30843	HSBP1L1	0.0	0.004507885	5.526033	12.152966	1
30845	AC090360.1	0.0	0.011950192	6.9129124	28.364496	1
30847	RBFADN	0.0	0.008216056	6.3778276	20.24419	1
30849	PARD6G-AS1	0.0	0.0037617905	5.271198	8.800845	1
30851	AC139100.2	0.0	0.0032256842	5.055579	7.951834	1
30858	AC016588.2	0.0	0.0075618573	6.259622	19.610718	1
30859	PLPP2	0.0	0.011224012	6.823241	26.71712	1
30860	MIER2	0.0	0.04358671	8.77105	44.55244	1
30865	C2CD4C	0.0	0.009931387	6.6483774	22.2743	1
30868	MADCAM1	0.0	0.0029382615	4.925174	7.240139	1
30870	TPGS1	0.0	0.37143445	11.859281	44.55244	1
30871	CDC34	0.0	0.29251298	11.514778	44.55244	1
30873	AC009005.1	0.0	0.008075499	6.353235	19.191984	1
30876	POLRMT	0.0	0.032581594	8.352335	44.55244	1
30879	RNF126	0.0	0.10681876	10.0623	44.55244	1
30881	FSTL3	0.0	0.024805522	7.960322	44.55244	1
30883	PALM	0.0	0.05336431	9.062432	44.55244	1
30888	PLPPR3	0.0	0.05663662	9.148136	44.55244	1
30889	AZU1	0.0	0.0036274523	5.220118	8.571823	1
30892	CFD	0.0	0.0031478803	5.0214267	8.016151	1
30899	WDR18	0.0	0.13301831	10.378493	44.55244	1
30905	ABCA7	0.0	0.011587869	6.8688684	29.706976	1
30909	SBNO2	0.0	0.029820409	8.224986	44.55244	1
30910	STK11	0.0	0.12646338	10.305644	44.55244	1
30911	CBARP	0.0	0.02233418	7.8095546	44.55244	1
30916	CIRBP-AS1	0.0	0.0070091793	6.1516113	18.329102	1
30917	FAM174C	0.0	0.18170914	10.828209	44.55244	1
30918	EFNA2	0.0	0.04297622	8.750748	44.55244	1
30924	AC005329.1	0.0	0.0018620425	4.2942843	5.2510247	1
30928	AC027307.3	0.0	0.0040738895	5.3833203	10.090401	1
30929	APC2	0.0	0.0038929663	5.319389	9.500689	1
30930	AC027307.2	0.0	0.008106612	6.3587146	19.868994	1
30932	PCSK4	0.0	0.0036594602	5.232454	9.066675	1
30933	REEP6	0.0	0.004418224	5.497684	10.574064	1
30937	MEX3D	0.0	0.15713592	10.618715	44.55244	1
30944	REXO1	0.0	0.11373487	10.152727	44.55244	1
30945	AC012615.2	0.0	0.0051918062	5.7256885	12.871154	1
30948	KLF16	0.0	0.042548817	8.736362	44.55244	1
30950	AC012615.1	0.0	0.017936703	7.494792	40.100853	1
30957	BTBD2	0.0	0.12713227	10.313249	44.55244	1
30958	AC005306.1	0.0	0.0071572387	6.181349	16.961979	1
30960	MOB3A	0.0	0.06820399	9.415826	44.55244	1
30961	IZUMO4	0.0	0.0074192765	6.232522	18.002226	1
30963	DOT1L	0.0	0.064074956	9.325867	44.55244	1
30965	PLEKHJ1	0.0	0.3047064	11.573677	44.55244	1
30967	AMH	0.0	0.0062292237	5.983957	15.001579	1
30981	GNG7	0.0	0.018581428	7.545461	40.45818	1
30986	DIRAS1	0.0	0.0038768703	5.3135614	9.638139	1
30990	SGTA	0.0	0.09251285	9.855069	44.55244	1
30991	THOP1	0.0	0.04481333	8.811	44.55244	1
30993	ZNF555	0.0	0.035050362	8.457396	44.55244	1
30996	ZNF556	0.0	0.0019394158	4.350084	5.361936	1
30997	ZNF57	0.0	0.008282615	6.3893285	18.254444	1
30998	AC119403.1	0.0	0.004613649	5.5587726	11.497492	1
31001	TLE2	0.0	0.017675608	7.4737554	37.315105	1
31002	AC005944.1	0.0	0.0026657428	4.789595	6.5143194	1
31011	CELF5	0.0	0.005789698	5.8801217	13.377646	1
31017	FZR1	0.0	0.04993311	8.96674	44.55244	1
31023	GIPC3	0.0	0.015438617	7.279714	40.752	1
31024	TBXA2R	0.0	0.017919324	7.493401	44.55244	1
31026	CACTIN	0.0	0.032534078	8.350236	44.55244	1
31030	APBA3	0.0	0.0186188	7.548344	44.251408	1
31036	ZFR2	0.0	0.01389712	7.1289864	30.562275	1
31037	ATCAY	0.0	0.0029237438	4.918264	7.553685	1
31042	ZBTB7A	0.0	0.23881917	11.222307	44.55244	1
31046	SIRT6	0.0	0.061338447	9.262998	44.55244	1
31049	YJU2	0.0	0.04508581	8.819726	44.55244	1
31051	TMIGD2	0.0	0.013222578	7.0577297	29.701473	1
31052	FSD1	0.0	0.037411638	8.551194	44.55244	1
31053	STAP2	0.0	0.05405671	9.0809965	44.55244	1
31057	AC007292.2	0.0	0.0031811257	5.036119	8.373115	1
31070	SEMA6B	0.0	0.0071721	6.1843	15.707309	1
31074	DPP9	0.0	0.078447275	9.617417	44.55244	1
31080	AC005523.2	0.0	0.035511397	8.476195	44.55244	1
31081	TICAM1	0.0	0.009436192	6.575341	23.442087	1
31085	UHRF1	0.0	0.037265092	8.5455475	44.55244	1
31086	KDM4B	0.0	0.15979853	10.642941	44.55244	1
31087	PTPRS	0.0	0.045392305	8.829479	44.55244	1
31089	AC005790.1	0.0	0.0019720162	4.3729634	5.1978683	1
31096	HSD11B1L	0.0	0.066256225	9.374088	44.55244	1
31099	PRR22	0.0	0.0029825568	4.9460554	7.6576414	1
31100	DUS3L	0.0	0.035638217	8.481324	44.55244	1
31101	NRTN	0.0	0.008108464	6.3590403	17.46403	1
31108	VMAC	0.0	0.017171066	7.4322133	39.653873	1
31109	AC104532.2	0.0	0.017279953	7.4412804	39.802555	1
31110	CAPS	0.0	0.009598289	6.5996585	22.192165	1
31111	RANBP3	0.0	0.10511425	10.039115	44.55244	1
31113	RFX2	0.0	0.02067882	7.69897	44.55244	1
31118	AC011471.2	0.0	0.0070302333	6.155877	17.628084	1
31123	PSPN	0.0	0.014718744	7.2112794	35.882484	1
31124	GTF2F1	0.0	0.54457515	12.4111805	44.55244	1
31128	SLC25A23	0.0	0.13850988	10.436814	44.55244	1
31132	TUBB4A	0.0	0.008360561	6.4026814	17.860107	1
31135	TNFSF9	0.0	0.023912486	7.907641	44.55244	1
31140	GPR108	0.0	0.09153112	9.839694	44.55244	1
31141	TRIP10	0.0	0.07727725	9.595766	44.55244	1
31153	INSR	0.0	0.08016991	9.648715	44.55244	1
31157	PEX11G	0.0	0.012087077	6.9292083	28.526081	1
31159	ZNF358	0.0	0.19011134	10.893388	44.55244	1
31162	PNPLA6	0.0	0.022830997	7.841155	44.55244	1
31164	XAB2	0.0	0.05662376	9.147809	44.55244	1
31176	EVI5L	0.0	0.033203945	8.379549	44.55244	1
31177	PRR36	0.0	0.007914851	6.324604	18.125235	1
31180	AC010336.1	0.0	0.002214198	4.5324407	5.6172624	1
31183	TGFBR3L	0.0	0.0033600258	5.112711	8.266328	1
31186	CTXN1	0.0	0.10560197	10.045787	44.55244	1
31188	TIMM44	0.0	0.10333946	10.014571	44.55244	1
31189	AC010336.8	0.0	0.0027744542	4.8452163	7.1704073	1
31191	AC010336.6	0.0	0.003960122	5.343451	10.318943	1
31192	AC008946.1	0.0	0.0029265338	4.919595	7.3418727	1
31194	FBN3	0.0	0.0097023975	6.6150627	20.757648	1
31200	KANK3	0.0	0.009853709	6.637162	22.246693	1
31208	ZNF414	0.0	0.062422633	9.288235	44.55244	1
31209	MYO1F	0.0	0.009392717	6.568749	22.85502	1
31211	ADAMTS10	0.0	0.04602676	8.849461	44.55244	1
31225	ZNF317	0.0	0.032991678	8.370325	44.55244	1
31229	ZNF699	0.0	0.018168373	7.5132046	43.47326	1
31232	ZNF177	0.0	0.011702882	6.8829956	27.615894	1
31234	ZNF266	0.0	0.032269113	8.338474	44.55244	1
31239	ZNF426	0.0	0.13647369	10.415463	44.55244	1
31240	ZNF426-DT	0.0	0.005978224	5.925578	14.300657	1
31241	ZNF121	0.0	0.08431121	9.721291	44.55244	1
31242	ZNF561	0.0	0.07793015	9.607888	44.55244	1
31243	ZNF561-AS1	0.0	0.044303674	8.794536	44.55244	1
31244	ZNF562	0.0	0.09701844	9.923601	44.55244	1
31249	FBXL12	0.0	0.13925757	10.444575	44.55244	1
31260	PPAN	0.0	0.072852574	9.510815	44.55244	1
31261	P2RY11	0.0	0.0082606515	6.3855433	19.911669	1
31268	ICAM1	0.0	0.003639526	5.2247834	9.844079	1
31272	ZGLP1	0.0	0.0070439796	6.158656	16.342833	1
31273	FDX2	0.0	0.13207309	10.368213	44.55244	1
31274	RAVER1	0.0	0.059420038	9.217232	44.55244	1
31275	AC114271.1	0.0	0.0025141893	4.708292	6.7781897	1
31277	TYK2	0.0	0.061966613	9.277674	44.55244	1
31279	PDE4A	0.0	0.015648965	7.2991133	39.261806	1
31280	KEAP1	0.0	0.1098936	10.103204	44.55244	1
31284	KRI1	0.0	0.111964695	10.130116	44.55244	1
31287	SLC44A2	0.0	0.08979524	9.812101	44.55244	1
31290	QTRT1	0.0	0.10590118	10.049865	44.55244	1
31293	C19orf38	0.0	0.007405068	6.229793	15.481668	1
31303	AC011472.1	0.0	0.0028392896	4.8773956	7.232399	1
31304	AC011472.4	0.0	0.002476533	4.6873593	6.3377647	1
31308	RAB3D	0.0	0.02421703	7.925823	44.55244	1
31309	AC011472.3	0.0	0.0023794908	4.631972	5.421183	1
31311	CCDC159	0.0	0.037476175	8.553675	44.55244	1
31314	SWSAP1	0.0	0.04381146	8.778454	44.55244	1
31316	RGL3	0.0	0.037992805	8.573375	44.55244	1
31317	CCDC151	0.0	0.013024226	7.0360885	29.042377	1
31320	ZNF653	0.0	0.014710098	7.2104373	33.65373	1
31321	ECSIT	0.0	0.088144034	9.785355	44.55244	1
31324	ZNF627	0.0	0.04782203	8.904545	44.55244	1
31326	AC008543.1	0.0	0.0026207995	4.765959	6.772626	1
31327	ZNF823	0.0	0.01283274	7.0148845	31.197998	1
31329	ZNF441	0.0	0.030774763	8.270285	44.55244	1
31331	ZNF491	0.0	0.010674562	6.7514853	24.5893	1
31332	ZNF440	0.0	0.028267972	8.148119	44.55244	1
31334	ZNF439	0.0	0.03244746	8.346401	44.55244	1
31335	ZNF69	0.0	0.021732736	7.770349	44.55244	1
31336	ZNF700	0.0	0.019308856	7.600571	44.55244	1
31338	ZNF763	0.0	0.007727977	6.2905674	18.761217	1
31339	ZNF433-AS1	0.0	0.0626706	9.293945	44.55244	1
31340	ZNF433	0.0	0.020755135	7.704259	44.55244	1
31342	ZNF844	0.0	0.048340302	8.920064	44.55244	1
31343	ZNF20	0.0	0.021537166	7.7573676	44.55244	1
31344	ZNF625	0.0	0.05126026	9.004509	44.55244	1
31346	ZNF44	0.0	0.039807066	8.6405	44.55244	1
31347	ZNF563	0.0	0.009073645	6.519423	21.778837	1
31348	ZNF442	0.0	0.009036111	6.5135083	21.391434	1
31349	ZNF799	0.0	0.006009254	5.9329243	15.237143	1
31350	ZNF443	0.0	0.006439973	6.031213	16.125053	1
31353	ZNF564	0.0	0.033973567	8.412509	44.55244	1
31356	ZNF490	0.0	0.025929272	8.023992	44.55244	1
31359	WDR83	0.0	0.055864964	9.12838	44.55244	1
31365	FBXW9	0.0	0.036664378	8.522165	44.55244	1
31378	RNASEH2A	0.0	0.005762852	5.873531	14.686762	1
31381	MAST1	0.0	0.0035805933	5.2018666	8.773842	1
31382	DNASE2	0.0	0.06761533	9.403338	44.55244	1
31385	GCDH	0.0	0.040370353	8.660722	44.55244	1
31387	FARSA	0.0	0.09950566	9.960084	44.55244	1
31394	NFIX	0.0	0.031006599	8.281077	44.55244	1
31397	LYL1	0.0	0.0040158145	5.3631063	9.726527	1
31405	AC011446.2	0.0	0.004286263	5.4549203	10.649862	1
31407	CCDC130	0.0	0.15459508	10.595212	44.55244	1
31408	MRI1	0.0	0.088181406	9.785966	44.55244	1
31409	AC008686.1	0.0	0.0050674514	5.691381	11.913317	1
31414	NANOS3	0.0	0.01758553	7.466426	40.018784	1
31415	C19orf57	0.0	0.013646369	7.1029067	31.921156	1
31417	PODNL1	0.0	0.0033989556	5.1288524	9.354209	1
31418	DCAF15	0.0	0.08637916	9.756208	44.55244	1
31419	RFX1	0.0	0.09797278	9.937709	44.55244	1
31423	IL27RA	0.0	0.11703316	10.1939335	44.55244	1
31424	PALM3	0.0	0.014039002	7.1435366	31.666733	1
31425	MISP3	0.0	0.0027274487	4.8214293	6.7401805	1
31431	AC022098.1	0.0	0.014984515	7.2369246	35.429756	1
31438	ADGRE5	0.0	0.058306642	9.189989	44.55244	1
31440	DDX39A	0.0	0.12574555	10.297439	44.55244	1
31442	AC008569.2	0.0	0.005462617	5.797692	13.109981	1
31445	DNAJB1	0.0	0.16457699	10.685423	44.55244	1
31450	ZNF333	0.0	0.054724928	9.098688	44.55244	1
31451	ADGRE2	0.0	0.0023161585	4.594643	6.848886	1
31457	SLC1A6	0.0	0.003401244	5.129796	8.666114	1
31462	ILVBL	0.0	0.12145601	10.247406	44.55244	1
31466	EPHX3	0.0	0.001701967	4.1715007	5.111568	1
31504	KLF2	0.0	0.3388029	11.726656	44.55244	1
31505	AC020917.3	0.0	0.0029759319	4.9429517	7.3185406	1
31506	EPS15L1	0.0	0.07875447	9.623049	44.55244	1
31509	C19orf44	0.0	0.017289275	7.4420543	40.782326	1
31511	AC008764.6	0.0	0.0041188644	5.3987827	9.921631	1
31515	AC008764.8	0.0	0.012832841	7.0148954	29.22013	1
31516	MED26	0.0	0.03233929	8.3415985	44.55244	1
31517	AC008764.7	0.0	0.0019849478	4.3819394	5.3888063	1
31521	AC024075.2	0.0	0.022477994	7.8187733	44.55244	1
31522	AC024075.1	0.0	0.011442766	6.8508453	27.757977	1
31523	TMEM38A	0.0	0.011100207	6.8073816	25.01126	1
31526	SIN3B	0.0	0.13545749	10.404689	44.55244	1
31528	F2RL3	0.0	0.004949802	5.658155	13.335312	1
31531	HAUS8	0.0	0.03679765	8.527386	44.55244	1
31539	OCEL1	0.0	0.09293581	9.861642	44.55244	1
31541	USHBP1	0.0	0.0042558815	5.444893	10.996811	1
31543	ANKLE1	0.0	0.003474559	5.1596932	8.247688	1
31544	ABHD8	0.0	0.031647343	8.3104925	44.55244	1
31548	ANO8	0.0	0.025660414	8.009012	44.55244	1
31549	GTPBP3	0.0	0.06621148	9.373115	44.55244	1
31550	PLVAP	0.0	0.15033129	10.554889	44.55244	1
31556	AC010319.4	0.0	0.0034629414	5.154997	9.013134	1
31558	TMEM221	0.0	0.008126407	6.3621907	17.757269	1
31561	SLC27A1	0.0	0.036819566	8.528242	44.55244	1
31562	AC010618.3	0.0	0.024063747	7.9167004	44.55244	1
31567	UNC13A	0.0	0.010736043	6.759694	29.338943	1
31569	MAP1S	0.0	0.075059466	9.553811	44.55244	1
31571	FCHO1	0.0	0.0034310312	5.142018	7.864384	1
31574	JAK3	0.0	0.026741598	8.068327	44.55244	1
31578	KCNN1	0.0	0.0037041507	5.2495027	8.054715	1
31579	ARRDC2	0.0	0.008979638	6.504563	21.825008	1
31581	MAST3	0.0	0.02206709	7.792276	44.55244	1
31583	PIK3R2	0.0	0.17321242	10.759159	44.55244	1
31584	IFI30	0.0	0.0020985554	4.458484	5.5895596	1
31588	PDE4C	0.0	0.010406617	6.715154	24.787575	1
31590	IQCN	0.0	0.0034554626	5.1519656	8.872733	1
31594	GDF15	0.0	0.01979885	7.6365414	44.55244	1
31599	ELL	0.0	0.026034022	8.029785	44.55244	1
31609	TMEM59L	0.0	0.003877632	5.313838	8.380771	1
31610	KLHL26	0.0	0.005691736	5.855924	13.227613	1
31611	CRTC1	0.0	0.041553304	8.702287	44.55244	1
31615	CERS1	0.0	0.019084303	7.5837827	44.251408	1
31619	HOMER3	0.0	0.23919453	11.224572	44.55244	1
31622	ARMC6	0.0	0.051925577	9.023077	44.55244	1
31623	SLC25A42	0.0	0.02781014	8.124645	44.55244	1
31624	TMEM161A	0.0	0.060125533	9.234232	44.55244	1
31625	MEF2B	0.0	0.02297974	7.8504834	44.55244	1
31626	BORCS8	0.0	0.0925689	9.855942	44.55244	1
31627	RFXANK	0.0	0.22312851	11.124306	44.55244	1
31628	NR2C2AP	0.0	0.02107041	7.7259054	44.55244	1
31630	HAPLN4	0.0	0.0024366826	4.664871	6.0449934	1
31631	TM6SF2	0.0	0.002164629	4.501203	5.5284038	1
31638	YJEFN3	0.0	0.03125208	8.292418	44.55244	1
31639	CILP2	0.0	0.0077135125	6.2878995	17.371555	1
31640	PBX4	0.0	0.00793553	6.328321	16.68113	1
31642	LPAR2	0.0	0.02799204	8.134018	44.55244	1
31643	GMIP	0.0	0.02207852	7.7930193	44.55244	1
31645	ZNF101	0.0	0.014999285	7.2383366	36.30791	1
31646	ZNF14	0.0	0.026239518	8.041085	44.55244	1
31648	LINC00663	0.0	0.010843795	6.773969	25.201874	1
31651	AC011477.2	0.0	0.0040004635	5.357715	9.87449	1
31655	ZNF682	0.0	0.052956566	9.051388	44.55244	1
31658	ZNF486	0.0	0.026206752	8.039289	44.55244	1
31660	ZNF737	0.0	0.06420381	9.32876	44.55244	1
31665	ZNF85	0.0	0.048336804	8.91996	44.55244	1
31667	ZNF430	0.0	0.09913571	9.954716	44.55244	1
31671	ZNF738	0.0	0.10711693	10.066317	44.55244	1
31672	ZNF493	0.0	0.04343322	8.765973	44.55244	1
31673	AC010615.2	0.0	0.0031473248	5.0211797	7.5662374	1
31675	ZNF429	0.0	0.02860209	8.165012	44.55244	1
31679	ZNF100	0.0	0.03889393	8.607106	44.55244	1
31706	ZNF730	0.0	0.010713003	6.7566233	26.399708	1
31707	ZNF724	0.0	0.026133997	8.035294	44.55244	1
31708	AC092329.4	0.0	0.028633483	8.166589	44.55244	1
31710	AC010300.1	0.0	0.0029062445	4.9098907	7.3932343	1
31711	LINC01224	0.0	0.0039220396	5.3298554	10.262587	1
31712	ZNF675	0.0	0.055069834	9.107736	44.55244	1
31713	ZNF681	0.0	0.03663028	8.520826	44.55244	1
31719	AC092279.1	0.0	0.06697665	9.389667	44.55244	1
31720	ZNF254	0.0	0.13448489	10.3943	44.55244	1
31721	AC073534.2	0.0	0.003209552	5.048564	8.421854	1
31723	LINC00662	0.0	0.09170408	9.842415	44.55244	1
31724	AC006504.1	0.0	0.002342928	4.6105394	6.034046	1
31725	AC006504.5	0.0	0.019879926	7.6424074	44.251408	1
31726	AC006504.7	0.0	0.0018497346	4.285206	5.222283	1
31755	PLEKHF1	0.0	0.0029436355	4.927724	8.659147	1
31756	C19orf12	0.0	0.14527245	10.505538	44.55244	1
31761	AC008507.2	0.0	0.0021252297	4.4758825	5.318203	1
31784	ZNF507	0.0	0.11170631	10.126786	44.55244	1
31785	AC007773.1	0.0	0.0020930613	4.4548745	5.7743654	1
31791	AC008736.1	0.0	0.0058605867	5.8973823	13.388797	1
31792	NUDT19	0.0	0.01597287	7.3284836	36.648228	1
31797	CEP89	0.0	0.13551472	10.405298	44.55244	1
31798	FAAP24	0.0	0.018239047	7.518775	43.29717	1
31799	RHPN2	0.0	0.0049406155	5.655528	12.037092	1
31800	GPATCH1	0.0	0.060263813	9.23754	44.55244	1
31802	LRP3	0.0	0.010361746	6.70898	24.340307	1
31811	CEBPA-DT	0.0	0.0021569838	4.496324	5.3443055	1
31818	AC008556.1	0.0	0.0061342814	5.9621515	15.821381	1
31824	PDCD2L	0.0	0.023719031	7.895971	44.55244	1
31827	WTIP	0.0	0.084054746	9.716901	44.55244	1
31828	SCGB1B2P	0.0	0.002688869	4.801608	6.682652	1
31830	AC020910.2	0.0	0.0021481505	4.490667	5.600696	1
31832	AC020910.5	0.0	0.007679684	6.2816396	18.22394	1
31833	ZNF181	0.0	0.05031404	8.977682	44.55244	1
31834	ZNF599	0.0	0.03831602	8.585565	44.55244	1
31838	AC008555.4	0.0	0.0045609735	5.542559	11.986728	1
31842	ZNF30	0.0	0.019179048	7.59089	44.075317	1
31843	ZNF792	0.0	0.012298861	6.954064	29.338938	1
31844	GRAMD1A	0.0	0.16161746	10.65926	44.55244	1
31847	SCN1B	0.0	0.0018787839	4.3065424	5.489324	1
31852	LGI4	0.0	0.0022806851	4.573305	5.6017065	1
31853	FXYD1	0.0	0.012814104	7.0128036	27.32901	1
31854	FXYD7	0.0	0.004927746	5.6518397	11.480529	1
31857	LSR	0.0	0.017171944	7.4322867	40.989197	1
31866	FFAR3	0.0	0.0028884502	4.9013257	8.62083	1
31871	FFAR2	0.0	0.005480969	5.8024435	14.982145	1
31873	DMKN	0.0	0.09340647	9.868922	44.55244	1
31876	TMEM147-AS1	0.0	0.016903603	7.4096966	40.284916	1
31885	ETV2	0.0	0.025591478	8.005146	44.55244	1
31891	IGFLR1	0.0	0.0051261475	5.707676	12.821677	1
31892	U2AF1L4	0.0	0.062454343	9.288966	44.55244	1
31895	LIN37	0.0	0.05114753	9.001339	44.55244	1
31897	HSPB6	0.0	0.009900144	6.643877	22.27778	1
31898	PROSER3	0.0	0.0398407	8.641716	44.55244	1
31900	ARHGAP33	0.0	0.03261331	8.353734	44.55244	1
31904	APLP1	0.0	0.03169392	8.312607	44.55244	1
31905	NFKBID	0.0	0.009825709	6.633098	24.869205	1
31906	HCST	0.0	0.00536577	5.7723527	13.45049	1
31908	LRFN3	0.0	0.040316742	8.65881	44.55244	1
31911	SDHAF1	0.0	0.05960055	9.221601	44.55244	1
31913	ALKBH6	0.0	0.024124898	7.9203467	44.55244	1
31915	CLIP3	0.0	0.11282792	10.141187	44.55244	1
31916	THAP8	0.0	0.03362117	8.397511	44.55244	1
31919	POLR2I	0.0	0.33969566	11.730452	44.55244	1
31924	ZNF565	0.0	0.020968009	7.71891	44.55244	1
31927	LINC00665	0.0	0.11684574	10.191624	44.55244	1
31928	ZFP14	0.0	0.10135171	9.986578	44.55244	1
31931	ZFP82	0.0	0.09105377	9.832158	44.55244	1
31937	ZNF529-AS1	0.0	0.055713672	9.124475	44.55244	1
31938	ZNF382	0.0	0.029446822	8.20686	44.55244	1
31939	ZNF461	0.0	0.01548593	7.2841005	35.52281	1
31941	LINC01534	0.0	0.007285425	6.206609	17.743431	1
31946	ZNF790-AS1	0.0	0.069414906	9.441178	44.55244	1
31947	ZNF790	0.0	0.053894654	9.076673	44.55244	1
31948	ZNF345	0.0	0.04662633	8.868092	44.55244	1
31949	ZNF829	0.0	0.023512922	7.883433	44.55244	1
31950	ZNF568	0.0	0.04646829	8.863204	44.55244	1
31951	ZNF420	0.0	0.040232178	8.655787	44.55244	1
31953	AC010632.2	0.0	0.0102244895	6.6899266	24.257906	1
31956	ZNF585B	0.0	0.024616836	7.9493504	44.55244	1
31957	ZNF383	0.0	0.03818852	8.580769	44.55244	1
31961	ZNF875	0.0	0.06133006	9.262801	44.55244	1
31964	ZNF527	0.0	0.022052636	7.7913346	44.55244	1
31966	ZNF570	0.0	0.049899865	8.96578	44.55244	1
31967	ZNF793-AS1	0.0	0.022907393	7.8459535	44.55244	1
31971	ZNF571-AS1	0.0	0.00559522	5.83168	13.084767	1
31972	ZNF540	0.0	0.011490504	6.8567996	26.545942	1
31974	ZFP30	0.0	0.047920927	8.907519	44.55244	1
31975	ZNF781	0.0	0.025822155	8.018042	44.55244	1
31976	ZNF607	0.0	0.014935273	7.2322073	37.24762	1
31977	AC093227.1	0.0	0.009153972	6.532001	21.90865	1
31978	AC093227.3	0.0	0.0020409187	4.420158	5.099411	1
31979	ZNF573	0.0	0.023524972	7.8841686	44.55244	1
31981	SIPA1L3	0.0	0.02369769	7.8946776	44.55244	1
31990	YIF1B	0.0	0.066956416	9.389232	44.55244	1
31992	KCNK6	0.0	0.011386163	6.843753	28.077208	1
31993	CATSPERG	0.0	0.009279696	6.5514693	21.204453	1
31996	GGN	0.0	0.0023574634	4.619098	6.0171266	1
32000	RASGRP4	0.0	0.003042777	4.973968	8.428086	1
32001	RYR1	0.0	0.008959481	6.5013566	21.579487	1
32017	AC008982.2	0.0	0.011631122	6.874197	28.681187	1
32018	RINL	0.0	0.007936058	6.328416	21.06482	1
32023	SARS2	0.0	0.041984946	8.71716	44.55244	1
32025	ERVK9-11	0.0	0.0065987357	6.065817	15.71295	1
32028	FBXO27	0.0	0.0040881904	5.388255	10.326301	1
32031	PAK4	0.0	0.04200432	8.717825	44.55244	1
32038	LRFN1	0.0	0.009189897	6.5375905	21.395973	1
32043	PAF1	0.0	0.16125362	10.656011	44.55244	1
32045	ZFP36	0.0	0.28932446	11.498971	44.55244	1
32046	PLEKHG2	0.0	0.220292	11.105856	44.55244	1
32050	DLL3	0.0	0.016263219	7.354313	36.960217	1
32061	DYRK1B	0.0	0.074866466	9.550101	44.55244	1
32063	FCGBP	0.0	0.0051130787	5.704064	13.903486	1
32065	ZNF546	0.0	0.022053475	7.791389	44.55244	1
32067	ZNF780A	0.0	0.029971626	8.232259	44.55244	1
32069	MAP3K10	0.0	0.015567876	7.291666	35.60633	1
32074	C19orf47	0.0	0.01979742	7.6364374	44.55244	1
32077	PRX	0.0	0.0115244845	6.861023	26.786198	1
32078	SERTAD1	0.0	0.20695308	11.015785	44.55244	1
32083	SPTBN4	0.0	0.0050398502	5.6836543	12.034029	1
32084	SHKBP1	0.0	0.07760231	9.601813	44.55244	1
32087	COQ8B	0.0	0.076657124	9.584157	44.55244	1
32088	ITPKC	0.0	0.029734746	8.22085	44.55244	1
32089	C19orf54	0.0	0.020667054	7.698153	44.55244	1
32092	RAB4B	0.0	0.048845205	8.935024	44.55244	1
32102	CYP2S1	0.0	0.003713149	5.252911	9.740046	1
32103	AXL	0.0	0.058194015	9.187204	44.55244	1
32107	AC011462.5	0.0	0.018139133	7.5108933	42.561214	1
32109	TMEM91	0.0	0.071770355	9.489253	44.55244	1
32110	B9D2	0.0	0.04525075	8.824983	44.55244	1
32111	AC011462.4	0.0	0.0023343791	4.605482	6.4351134	1
32112	EXOSC5	0.0	0.054090157	9.081887	44.55244	1
32116	B3GNT8	0.0	0.015548697	7.289899	36.96329	1
32117	DMAC2	0.0	0.14270769	10.479858	44.55244	1
32119	PCAT19	0.0	0.004891899	5.6415167	11.676377	1
32121	LINC01480	0.0	0.01034669	6.706902	24.387035	1
32139	GRIK5	0.0	0.016562916	7.380497	34.519035	1
32140	ZNF574	0.0	0.030043164	8.235687	44.55244	1
32141	POU2F2	0.0	0.035357546	8.469949	44.55244	1
32144	DEDD2	0.0	0.03371313	8.40144	44.55244	1
32145	ZNF526	0.0	0.01772712	7.4779296	41.469296	1
32150	PRR19	0.0	0.0034961198	5.1683693	8.450872	1
32151	TMEM145	0.0	0.0024428642	4.6683826	6.7430825	1
32153	CNFN	0.0	0.005188251	5.7247186	12.934094	1
32154	LIPE-AS1	0.0	0.0093940385	6.56895	21.098185	1
32155	LIPE	0.0	0.008378699	6.4057713	19.580818	1
32158	CEACAM1	0.0	0.0044455226	5.5063744	10.38246	1
32177	LYPD3	0.0	0.008629016	6.447747	19.750011	1
32178	PHLDB3	0.0	0.029721022	8.220186	44.55244	1
32179	ETHE1	0.0	0.15097661	10.561065	44.55244	1
32180	ZNF575	0.0	0.010105187	6.6731586	23.904123	1
32184	PINLYP	0.0	0.012735338	7.0039773	29.31349	1
32185	IRGQ	0.0	0.09684909	9.921083	44.55244	1
32189	CADM4	0.0	0.0668584	9.387121	44.55244	1
32190	PLAUR	0.0	0.03265514	8.355577	44.55244	1
32192	SMG9	0.0	0.057998177	9.182349	44.55244	1
32196	ZNF283	0.0	0.021264153	7.7390485	44.55244	1
32198	AC006213.2	0.0	0.016674776	7.3901496	38.793404	1
32201	ZNF45	0.0	0.028426712	8.15617	44.55244	1
32202	ZNF221	0.0	0.02013744	7.660883	44.55244	1
32203	ZNF155	0.0	0.028533092	8.16154	44.55244	1
32204	AC006213.4	0.0	0.005960808	5.921438	14.68013	1
32206	AC006213.1	0.0	0.005950993	5.9191	13.734351	1
32207	ZNF230	0.0	0.022069458	7.79243	44.55244	1
32210	ZNF223	0.0	0.028047089	8.136842	44.55244	1
32211	ZNF284	0.0	0.019058542	7.581844	44.55244	1
32212	ZNF224	0.0	0.09360559	9.871991	44.55244	1
32213	AC021092.1	0.0	0.014194549	7.1593213	33.01122	1
32214	ZNF225	0.0	0.02219352	7.8004804	44.55244	1
32219	ZNF235	0.0	0.023470478	7.8808374	44.55244	1
32220	ZNF233	0.0	0.012674384	6.99711	29.953548	1
32222	ZNF285	0.0	0.006784755	6.1053333	16.253044	1
32223	ZNF229	0.0	0.00946118	6.579117	22.725813	1
32229	PVR	0.0	0.023584098	7.887775	44.55244	1
32230	CEACAM19	0.0	0.00434919	5.4754705	9.873189	1
32232	BCL3	0.0	0.02051523	7.6875668	44.55244	1
32235	BCAM	0.0	0.042640984	8.739476	44.55244	1
32244	CLPTM1	0.0	0.112173766	10.132805	44.55244	1
32245	RELB	0.0	0.053247657	9.059281	44.55244	1
32246	CLASRP	0.0	0.06523425	9.351696	44.55244	1
32248	GEMIN7-AS1	0.0	0.008589073	6.44113	19.786186	1
32254	TRAPPC6A	0.0	0.09489194	9.891662	44.55244	1
32255	BLOC1S3	0.0	0.016227502	7.3511605	37.18119	1
32256	EXOC3L2	0.0	0.024679743	7.953017	44.55244	1
32259	ERCC2	0.0	0.03237784	8.343312	44.55244	1
32260	PPP1R13L	0.0	0.008481066	6.423085	20.73483	1
32261	CD3EAP	0.0	0.03830504	8.585152	44.55244	1
32265	PPM1N	0.0	0.0048777126	5.637411	11.788481	1
32268	GPR4	0.0	0.017971002	7.497533	42.64935	1
32270	EML2-AS1	0.0	0.004214584	5.4311495	11.208685	1
32274	FBXO46	0.0	0.037713744	8.562767	44.55244	1
32276	SIX5	0.0	0.06498935	9.346278	44.55244	1
32277	AC074212.1	0.0	0.018196482	7.5154223	42.796566	1
32279	DMPK	0.0	0.048508327	8.92506	44.55244	1
32280	DMWD	0.0	0.17328297	10.759747	44.55244	1
32282	SYMPK	0.0	0.15376984	10.587495	44.55244	1
32283	AC092301.1	0.0	0.0045861634	5.5503354	11.540741	1
32285	IRF2BP1	0.0	0.0574287	9.1681385	44.55244	1
32286	MYPOP	0.0	0.0274283	8.104772	44.55244	1
32288	NOVA2	0.0	0.0056456015	5.844386	13.399011	1
32289	CCDC61	0.0	0.015926488	7.3243146	37.064854	1
32291	AC007785.3	0.0	0.004476715	5.5162406	11.669521	1
32304	AC007193.1	0.0	0.010371481	6.710322	24.463003	1
32309	PPP5D1	0.0	0.018453402	7.53554	43.77429	1
32318	DACT3-AS1	0.0	0.00215299	4.493769	5.4267597	1
32322	FKRP	0.0	0.049880855	8.965232	44.55244	1
32327	NPAS1	0.0	0.04110697	8.686745	44.55244	1
32329	ZC3H4	0.0	0.08539403	9.73968	44.55244	1
32331	BBC3	0.0	0.07834313	9.615503	44.55244	1
32332	AC008532.1	0.0	0.0027201413	4.8176956	6.9035316	1
32334	INAFM1	0.0	0.1768903	10.789454	44.55244	1
32335	C5AR1	0.0	0.0044238158	5.4994683	12.64404	1
32336	C5AR2	0.0	0.0018714872	4.3012123	5.93157	1
32337	DHX34	0.0	0.02851679	8.160718	44.55244	1
32339	SLC8A2	0.0	0.017030181	7.420397	39.635574	1
32340	AC073548.2	0.0	0.0037456572	5.265158	8.81744	1
32341	KPTN	0.0	0.03467221	8.441792	44.55244	1
32342	NAPA-AS1	0.0	0.013147893	7.049619	30.148397	1
32343	NAPA	0.0	0.1251797	10.290936	44.55244	1
32346	AC010331.1	0.0	0.007152383	6.180383	16.521101	1
32349	EHD2	0.0	0.18844076	10.880661	44.55244	1
32360	PLA2G4C	0.0	0.028427495	8.156209	44.55244	1
32368	CARD8-AS1	0.0	0.0205717	7.691513	44.55244	1
32370	ZNF114	0.0	0.031313077	8.295221	44.55244	1
32373	TMEM143	0.0	0.022091063	7.793835	44.55244	1
32376	GRIN2D	0.0	0.009587686	6.59808	22.221613	1
32378	KCNJ14	0.0	0.007030434	6.155918	17.400219	1
32381	LMTK3	0.0	0.004406999	5.4940953	10.45998	1
32383	SULT2B1	0.0	0.0025121695	4.7071767	6.695277	1
32388	SPHK2	0.0	0.040075246	8.650164	44.55244	1
32390	CA11	0.0	0.08150962	9.672596	44.55244	1
32391	NTN5	0.0	0.0027393058	4.8274665	6.4128475	1
32392	FUT2	0.0	0.0025608232	4.733801	6.930604	1
32393	MAMSTR	0.0	0.014558125	7.1955566	31.27893	1
32394	RASIP1	0.0	0.027070243	8.085884	44.55244	1
32400	HSD17B14	0.0	0.03349949	8.392296	44.55244	1
32407	DHDH	0.0	0.0056096	5.8353176	12.81493	1
32411	GYS1	0.0	0.04086519	8.678255	44.55244	1
32412	RUVBL2	0.0	0.115385465	10.173495	44.55244	1
32422	NTF4	0.0	0.0030849832	4.993214	6.9811773	1
32426	LIN7B	0.0	0.038408596	8.589037	44.55244	1
32427	C19orf73	0.0	0.006086706	5.9510994	14.940285	1
32429	HRC	0.0	0.037412316	8.551221	44.55244	1
32430	TRPM4	0.0	0.022255372	7.8044777	44.55244	1
32431	SLC6A16	0.0	0.01456295	7.1960316	34.016018	1
32432	AC011450.1	0.0	0.006592136	6.064395	15.886025	1
32433	CD37	0.0	0.016872603	7.407064	38.536003	1
32434	TEAD2	0.0	0.28133702	11.458596	44.55244	1
32435	AC010524.1	0.0	0.012257376	6.949229	28.378977	1
32436	DKKL1	0.0	0.018853331	7.5663075	40.27138	1
32442	PIH1D1	0.0	0.23297635	11.186587	44.55244	1
32443	ALDH16A1	0.0	0.046719927	8.870979	44.55244	1
32444	FLT3LG	0.0	0.006519063	6.048555	15.547662	1
32450	PRRG2	0.0	0.011093809	6.806557	26.462358	1
32451	PRR12	0.0	0.12075072	10.239011	44.55244	1
32454	SCAF1	0.0	0.117254406	10.196656	44.55244	1
32458	ADM5	0.0	0.00352852	5.181309	8.31781	1
32460	CPT1C	0.0	0.02262029	7.8278375	44.55244	1
32463	FUZ	0.0	0.026671698	8.064565	44.55244	1
32464	AC006942.1	0.0	0.002779301	4.8476467	7.004717	1
32465	MED25	0.0	0.059226945	9.2125435	44.55244	1
32466	PTOV1-AS1	0.0	0.021084357	7.7268553	44.55244	1
32478	ZNF473	0.0	0.01802856	7.5021205	42.009613	1
32486	KCNC3	0.0	0.015162649	7.2538614	36.999695	1
32490	POLD1	0.0	0.021852113	7.778216	44.55244	1
32493	FAM71E1	0.0	0.01515849	7.2534685	33.902496	1
32497	JOSD2	0.0	0.14132482	10.465819	44.55244	1
32499	LRRC4B	0.0	0.12280469	10.263324	44.55244	1
32501	SYT3	0.0	0.0020748016	4.442812	5.24361	1
32502	C19orf81	0.0	0.01541076	7.277126	35.61178	1
32503	SHANK1	0.0	0.0030868207	4.994046	7.711817	1
32506	AC010325.1	0.0	0.0020159525	4.4032354	5.46215	1
32509	C19orf48	0.0	0.1558049	10.606451	44.55244	1
32510	KLK1	0.0	0.0021268437	4.4769287	5.4710555	1
32539	IGLON5	0.0	0.13293329	10.377571	44.55244	1
32545	CLDND2	0.0	0.007533528	6.254278	19.166777	1
32558	ZNF175	0.0	0.027064657	8.0855875	44.55244	1
32564	SPACA6	0.0	0.0423069	8.728155	44.55244	1
32570	ZNF577	0.0	0.03605274	8.497961	44.55244	1
32573	ZNF649	0.0	0.05099751	8.997109	44.55244	1
32574	ZNF613	0.0	0.018907705	7.570441	43.137466	1
32575	ZNF350-AS1	0.0	0.003534029	5.183498	8.275597	1
32576	ZNF350	0.0	0.030044688	8.23576	44.55244	1
32577	ZNF615	0.0	0.024261605	7.9284654	44.55244	1
32579	ZNF432	0.0	0.054429553	9.090895	44.55244	1
32580	AC011468.5	0.0	0.005238733	5.7384253	12.952928	1
32581	AC011468.1	0.0	0.008945923	6.499196	21.29045	1
32582	ZNF841	0.0	0.02630699	8.044776	44.55244	1
32583	ZNF616	0.0	0.03714437	8.540878	44.55244	1
32585	ZNF836	0.0	0.031125415	8.286577	44.55244	1
32591	ZNF480	0.0	0.087301694	9.771518	44.55244	1
32593	ZNF610	0.0	0.021285867	7.740514	44.55244	1
32594	ZNF880	0.0	0.030047616	8.2359	44.55244	1
32595	ZNF528-AS1	0.0	0.013523983	7.090005	31.256845	1
32596	ZNF528	0.0	0.012463599	6.973106	29.126589	1
32598	ZNF578	0.0	0.0017550726	4.2134037	5.083008	1
32601	ZNF808	0.0	0.031827897	8.318674	44.55244	1
32602	ZNF701	0.0	0.043858796	8.780008	44.55244	1
32606	AC022150.4	0.0	0.016290436	7.3567104	39.93165	1
32607	ZNF611	0.0	0.030182911	8.24236	44.55244	1
32608	ZNF600	0.0	0.0037653712	5.2725353	9.27914	1
32609	ZNF28	0.0	0.011561646	6.865628	27.703083	1
32610	ZNF468	0.0	0.012633862	6.992526	31.236565	1
32611	ZNF320	0.0	0.0041691735	5.415885	10.836675	1
32612	ZNF888	0.0	0.009246241	6.5463142	23.009039	1
32613	AC010487.2	0.0	0.0031319594	5.014337	8.421289	1
32614	ZNF816	0.0	0.01354579	7.0923123	30.892067	1
32619	ZNF415	0.0	0.037622362	8.559277	44.55244	1
32620	ZNF347	0.0	0.047128826	8.883524	44.55244	1
32621	ZNF665	0.0	0.0135753	7.0954285	31.885736	1
32623	ZNF677	0.0	0.17766126	10.795725	44.55244	1
32624	AC092070.3	0.0	0.0023662038	4.6242204	6.06392	1
32628	ZNF845	0.0	0.012214901	6.944261	28.203814	1
32629	ZNF525	0.0	0.014172374	7.1570816	32.875175	1
32630	ZNF765	0.0	0.031468134	8.302325	44.55244	1
32631	AC022137.4	0.0	0.014607122	7.2003713	35.687614	1
32632	ZNF761	0.0	0.020659758	7.6976457	44.55244	1
32633	ZNF813	0.0	0.023456251	7.8799663	44.55244	1
32634	ZNF331	0.0	0.049368117	8.950356	44.55244	1
32642	AC008440.2	0.0	0.0065557547	6.0565305	15.99502	1
32644	CACNG7	0.0	0.0032466748	5.0646567	7.615802	1
32645	CACNG8	0.0	0.029898647	8.228754	44.55244	1
32651	TFPT	0.0	0.08150993	9.672601	44.55244	1
32655	LENG1	0.0	0.11581483	10.178849	44.55244	1
32656	TMC4	0.0	0.004367536	5.481407	11.088363	1
32668	LAIR1	0.0	0.007589282	6.264777	19.194118	1
32669	TTYH1	0.0	0.058846846	9.203271	44.55244	1
32673	AC245884.8	0.0	0.002181088	4.5116506	6.240879	1
32674	LENG8-AS1	0.0	0.02881254	8.175551	44.55244	1
32676	LENG9	0.0	0.044124145	8.788691	44.55244	1
32699	EPS8L1	0.0	0.011041806	6.7998395	28.093002	1
32700	PPP1R12C	0.0	0.060145784	9.234716	44.55244	1
32702	TNNT1	0.0	0.002829174	4.872422	6.806599	1
32704	DNAAF3	0.0	0.0032087464	5.048213	7.8210335	1
32706	SYT5	0.0	0.0031159995	5.0071955	8.099098	1
32710	TMEM86B	0.0	0.003939706	5.3361783	9.50329	1
32711	PPP6R1	0.0	0.12865044	10.330361	44.55244	1
32712	HSPBP1	0.0	0.07433219	9.539783	44.55244	1
32713	BRSK1	0.0	0.025441276	7.996687	44.55244	1
32718	COX6B2	0.0	0.0024758969	4.687003	6.309975	1
32720	IL11	0.0	0.005889916	5.904464	13.596981	1
32723	TMEM238	0.0	0.0058166767	5.886715	13.454152	1
32731	NAT14	0.0	0.18759926	10.8742075	44.55244	1
32732	SSC5D	0.0	0.036527947	8.516801	44.55244	1
32738	ZNF865	0.0	0.033010136	8.371129	44.55244	1
32740	ZNF784	0.0	0.01879374	7.5617642	44.55244	1
32743	CCDC106	0.0	0.08485852	9.730615	44.55244	1
32744	U2AF2	0.0	0.15273462	10.577756	44.55244	1
32745	AC008735.2	0.0	0.01578204	7.3112526	36.591187	1
32746	AC008735.1	0.0	0.008213526	6.3773885	20.957882	1
32759	ZNF444	0.0	0.07819417	9.6127615	44.55244	1
32763	ZSCAN5A	0.0	0.022910899	7.846174	44.55244	1
32764	EDDM13	0.0	0.003523411	5.1792765	8.685254	1
32765	AC006116.5	0.0	0.0022210497	4.5367055	6.0332894	1
32769	ZNF582	0.0	0.027690023	8.118423	44.55244	1
32771	AC006116.11	0.0	0.0024707469	4.684116	6.2557993	1
32773	ZNF582-AS1	0.0	0.014525951	7.1923866	33.795326	1
32775	ZNF667	0.0	0.06513042	9.349401	44.55244	1
32777	ZNF471	0.0	0.02473552	7.956261	44.55244	1
32779	AC005498.2	0.0	0.0024111934	4.6503015	6.6979856	1
32780	ZFP28	0.0	0.026899349	8.076781	44.55244	1
32781	AC005498.3	0.0	0.0037932636	5.282908	9.10335	1
32782	ZNF470	0.0	0.026646126	8.063187	44.55244	1
32784	SMIM17	0.0	0.010017093	6.660651	23.032812	1
32794	AURKC	0.0	0.0026359009	4.7739444	7.1014934	1
32797	ZNF460-AS1	0.0	0.002750654	4.833221	6.97362	1
32802	ZNF304	0.0	0.018035967	7.50271	41.506725	1
32806	ZNF17	0.0	0.02072661	7.7022843	44.55244	1
32807	ZNF749	0.0	0.07439812	9.54106	44.55244	1
32808	AC004076.2	0.0	0.009961573	6.6527123	23.86708	1
32809	VN1R1	0.0	0.009592959	6.598865	22.116968	1
32810	ZNF772	0.0	0.019074807	7.5830684	43.598198	1
32812	ZNF419	0.0	0.025770359	8.015156	44.55244	1
32814	ZNF549	0.0	0.03865153	8.598109	44.55244	1
32815	ZNF550	0.0	0.021242574	7.7375903	44.55244	1
32816	ZNF416	0.0	0.019092837	7.584424	44.55244	1
32817	ZIK1	0.0	0.028179083	8.143592	44.55244	1
32818	ZNF530	0.0	0.013100601	7.04446	32.044804	1
32823	ZNF551	0.0	0.025308661	7.9891768	44.55244	1
32824	ZNF154	0.0	0.13362798	10.385086	44.55244	1
32825	ZNF671	0.0	0.026367687	8.048088	44.55244	1
32826	ZNF776	0.0	0.04990998	8.966072	44.55244	1
32827	ZNF586	0.0	0.042866826	8.74708	44.55244	1
32828	ZNF552	0.0	0.027342709	8.100279	44.55244	1
32830	ZNF814	0.0	0.10306866	10.010789	44.55244	1
32832	AC010326.3	0.0	0.002977369	4.9436255	7.875409	1
32834	ZNF418	0.0	0.018553922	7.543335	44.251408	1
32838	AC008969.1	0.0	0.09521644	9.896582	44.55244	1
32840	ZSCAN1	0.0	0.002119778	4.4723434	5.7636037	1
32841	ZNF135	0.0	0.011058328	6.801977	25.789	1
32843	ZNF329	0.0	0.037441935	8.55236	44.55244	1
32845	ZNF274	0.0	0.082664855	9.692875	44.55244	1
32846	ZNF544	0.0	0.07341948	9.521983	44.55244	1
32848	AC020915.1	0.0	0.0032199908	5.0531073	7.619226	1
32849	ZNF8	0.0	0.06668494	9.383379	44.55244	1
32852	ZSCAN22	0.0	0.009740036	6.6205916	23.694563	1
32854	A1BG-AS1	0.0	0.03735156	8.5488825	44.55244	1
32855	ZNF497	0.0	0.00507883	5.6945543	12.169784	1
32857	AC012313.6	0.0	0.0022450227	4.55153	5.9601226	1
32858	ZNF837	0.0	0.011945276	6.9123235	28.126356	1
32862	ZNF584	0.0	0.026723552	8.067356	44.55244	1
32864	AC012313.5	0.0	0.0019623055	4.366186	5.0720944	1
32867	ZNF324B	0.0	0.012305606	6.9548483	28.384129	1
32868	ZNF324	0.0	0.04107324	8.685563	44.55244	1
32871	SLC27A5	0.0	0.040289402	8.657833	44.55244	1
32877	MZF1-AS1	0.0	0.019979216	7.649559	44.55244	1
32878	MZF1	0.0	0.068215825	9.416076	44.55244	1
32887	C20orf96	0.0	0.1435094	10.487934	44.55244	1
32888	ZCCHC3	0.0	0.2440541	11.253576	44.55244	1
32893	TRIB3	0.0	0.025112769	7.9780107	44.55244	1
32895	TBC1D20	0.0	0.14631781	10.515875	44.55244	1
32897	TCF15	0.0	0.04364586	8.773003	44.55244	1
32898	SRXN1	0.0	0.027589748	8.113208	44.55244	1
32901	FAM110A	0.0	0.03584592	8.489684	44.55244	1
32903	RSPO4	0.0	0.015851816	7.317577	36.200893	1
32904	AL110114.1	0.0	0.006142538	5.964061	14.910022	1
32906	TMEM74B	0.0	0.018546956	7.542796	44.075317	1
32909	SNPH	0.0	0.0097451275	6.621338	22.734638	1
32910	SDCBP2	0.0	0.05160882	9.014267	44.55244	1
32911	SDCBP2-AS1	0.0	0.016518477	7.376644	39.19929	1
32920	AL109809.5	0.0	0.0033905609	5.125387	8.78631	1
32921	AL117335.1	0.0	0.0056987708	5.857675	14.036718	1
32922	SIRPA	0.0	0.059941955	9.229827	44.55244	1
32929	AL121899.1	0.0	0.004939228	5.655131	11.986843	1
32938	EBF4	0.0	0.043296028	8.761419	44.55244	1
32942	PCED1A	0.0	0.117519476	10.199911	44.55244	1
32950	UBOX5	0.0	0.021772793	7.7729936	44.55244	1
32951	FASTKD5	0.0	0.03863649	8.597549	44.55244	1
32952	LZTS3	0.0	0.011482671	6.855824	26.285936	1
32953	DDRGK1	0.0	0.18667357	10.867075	44.55244	1
32955	SLC4A11	0.0	0.0024513984	4.6732163	6.628294	1
32958	ATRN	0.0	0.09206187	9.848026	44.55244	1
32962	HSPA12B	0.0	0.021223765	7.7363186	44.251408	1
32965	CENPB	0.0	0.13327612	10.381285	44.55244	1
32970	AL353194.1	0.0	0.016897656	7.409192	39.44554	1
32972	AL031670.1	0.0	0.0034097803	5.133309	8.704375	1
32981	PRND	0.0	0.002327642	4.601484	6.180646	1
32984	RASSF2	0.0	0.0050700824	5.6921153	12.545535	1
32985	SLC23A2	0.0	0.06076957	9.2495775	44.55244	1
32992	CDS2	0.0	0.10903925	10.091954	44.55244	1
32998	LINC00654	0.0	0.0022967944	4.5830345	6.1725307	1
33002	SHLD1	0.0	0.033421997	8.388965	44.55244	1
33003	CHGB	0.0	0.0032413215	5.062347	8.042511	1
33004	TRMT6	0.0	0.08829604	9.787838	44.55244	1
33007	AL035461.2	0.0	0.0033292149	5.0998063	9.04977	1
33008	CRLS1	0.0	0.13646558	10.415379	44.55244	1
33011	FERMT1	0.0	0.0022840735	4.575357	6.260746	1
33023	PLCB1	0.0	0.062991105	9.301292	44.55244	1
33025	PLCB4	0.0	0.14675294	10.520157	44.55244	1
33027	LAMP5	0.0	0.0028746563	4.894651	7.1589065	1
33033	ANKEF1	0.0	0.002942586	4.927226	7.959797	1
33034	SNAP25-AS1	0.0	0.0023943342	4.640583	6.0716653	1
33037	SNAP25	0.0	0.038217768	8.58187	44.55244	1
33056	AL035448.1	0.0	0.010753147	6.7619696	26.642727	1
33063	SPTLC3	0.0	0.024632595	7.9502697	44.55244	1
33068	TASP1	0.0	0.050140277	8.972701	44.55244	1
33070	NDUFAF5	0.0	0.05380706	9.07433	44.55244	1
33072	MACROD2	0.0	0.021549996	7.758223	44.55244	1
33073	FLRT3	0.0	0.107161	10.06691	44.55244	1
33091	BFSP1	0.0	0.013941741	7.133578	34.5934	1
33101	PET117	0.0	0.044172373	8.790263	44.55244	1
33102	KAT14	0.0	0.028925566	8.18118	44.55244	1
33104	ZNF133	0.0	0.029887578	8.228221	44.55244	1
33108	DZANK1	0.0	0.020718768	7.7017407	44.55244	1
33109	POLR3F	0.0	0.045785848	8.841906	44.55244	1
33110	RBBP9	0.0	0.052898612	9.04981	44.55244	1
33111	SEC23B	0.0	0.06490125	9.344324	44.55244	1
33116	LINC00653	0.0	0.009663054	6.6092606	22.41541	1
33120	AL136090.2	0.0	0.0020093592	4.398733	5.3656335	1
33121	SLC24A3	0.0	0.017589035	7.4667115	39.696987	1
33126	RIN2	0.0	0.09028517	9.819942	44.55244	1
33128	CRNKL1	0.0	0.1523104	10.573746	44.55244	1
33141	AL117332.1	0.0	0.012172034	6.9392304	29.915455	1
33165	THBD	0.0	0.0051521244	5.714829	12.908779	1
33166	CD93	0.0	0.02520684	7.9833837	44.55244	1
33172	LINC01431	0.0	0.0045338576	5.5341415	11.564268	1
33173	GZF1	0.0	0.052246667	9.031954	44.55244	1
33197	SYNDIG1	0.0	0.016228585	7.351256	37.163624	1
33204	ACSS1	0.0	0.0078081265	6.305264	19.288027	1
33212	PYGB	0.0	0.055378225	9.115778	44.55244	1
33218	NANP	0.0	0.023902847	7.9070616	44.55244	1
33219	ZNF337-AS1	0.0	0.015666405	7.3007097	34.358635	1
33220	ZNF337	0.0	0.043498993	8.768151	44.55244	1
33222	AL390198.1	0.0	0.0020420304	4.420907	5.272531	1
33233	LINC01597	0.0	0.0037301055	5.259312	9.1943865	1
33249	HM13-IT1	0.0	0.0020779488	4.444898	5.639991	1
33254	BCL2L1	0.0	0.0567808	9.151798	44.55244	1
33260	DUSP15	0.0	0.045041095	8.818297	44.55244	1
33266	CCM2L	0.0	0.0031824524	5.036702	8.559764	1
33270	PLAGL2	0.0	0.07904121	9.628285	44.55244	1
33273	KIF3B	0.0	0.13416527	10.390871	44.55244	1
33276	NOL4L	0.0	0.107520215	10.071733	44.55244	1
33284	COMMD7	0.0	0.39258865	11.93917	44.55244	1
33285	DNMT3B	0.0	0.013562654	7.094094	32.65733	1
33286	MAPRE1	0.0	0.28060287	11.454828	44.55244	1
33288	AL035071.1	0.0	0.03262312	8.354167	44.55244	1
33300	CDK5RAP1	0.0	0.06301138	9.301757	44.55244	1
33301	SNTA1	0.0	0.039885964	8.64335	44.55244	1
33302	CBFA2T2	0.0	0.08887972	9.797333	44.55244	1
33304	NECAB3	0.0	0.032608215	8.353509	44.55244	1
33308	E2F1	0.0	0.021555658	7.7586	44.55244	1
33309	PXMP4	0.0	0.023303187	7.870561	44.55244	1
33311	ZNF341	0.0	0.0072843973	6.206408	17.478144	1
33313	CHMP4B	0.0	0.24728002	11.272513	44.55244	1
33318	AL031668.2	0.0	0.004031616	5.368634	9.782475	1
33329	PIGU	0.0	0.05812459	9.185485	44.55244	1
33330	NCOA6	0.0	0.13395168	10.388574	44.55244	1
33333	GGT7	0.0	0.054434024	9.091013	44.55244	1
33334	ACSS2	0.0	0.04217697	8.723728	44.55244	1
33335	GSS	0.0	0.14273734	10.480158	44.55244	1
33338	EDEM2	0.0	0.035981778	8.495127	44.55244	1
33339	PROCR	0.0	0.022481747	7.819013	44.55244	1
33346	UQCC1	0.0	0.058278542	9.189295	44.55244	1
33349	CEP250	0.0	0.077910066	9.607516	44.55244	1
33356	NFS1	0.0	0.031764243	8.315795	44.55244	1
33361	CNBD2	0.0	0.026370142	8.048223	44.55244	1
33368	AL121895.2	0.0	0.002147667	4.4903564	5.91322	1
33369	AAR2	0.0	0.056438573	9.143092	44.55244	1
33371	DLGAP4-AS1	0.0	0.004287944	5.4554734	10.616134	1
33377	DSN1	0.0	0.042862203	8.746924	44.55244	1
33380	SAMHD1	0.0	0.051233348	9.003753	44.55244	1
33381	RBL1	0.0	0.034896627	8.451073	44.55244	1
33383	MROH8	0.0	0.00792043	6.325608	18.487297	1
33390	NNAT	0.0	0.11441663	10.161342	44.55244	1
33391	AL109614.1	0.0	0.003776863	5.276818	9.224926	1
33395	CTNNBL1	0.0	0.18330863	10.840846	44.55244	1
33396	VSTM2L	0.0	0.008073789	6.352933	18.113634	1
33400	TGM2	0.0	0.020196144	7.665062	44.55244	1
33411	SNHG17	0.0	0.116363265	10.185659	44.55244	1
33412	SNHG11	0.0	0.04717454	8.88492	44.55244	1
33413	RALGAPB	0.0	0.11089582	10.11629	44.55244	1
33417	ACTR5	0.0	0.021436505	7.7506404	44.55244	1
33422	DHX35	0.0	0.0448502	8.812184	44.55244	1
33423	AL023803.3	0.0	0.0022908638	4.57946	6.003001	1
33435	PLCG1-AS1	0.0	0.017138306	7.4294744	39.01311	1
33437	ZHX3	0.0	0.056183532	9.136569	44.55244	1
33438	LPIN3	0.0	0.012208757	6.943541	29.247585	1
33439	EMILIN3	0.0	0.0026083754	4.759356	6.248246	1
33444	PTPRT	0.0	0.0022501166	4.5546603	5.330437	1
33449	L3MBTL1	0.0	0.055189162	9.110853	44.55244	1
33458	JPH2	0.0	0.013609668	7.09905	33.811028	1
33462	GDAP1L1	0.0	0.0024750845	4.6865478	5.5330343	1
33463	FITM2	0.0	0.017218677	7.436185	41.17586	1
33470	TTPAL	0.0	0.07413095	9.535877	44.55244	1
33473	ADA	0.0	0.09611481	9.910115	44.55244	1
33482	PABPC1L	0.0	0.034111053	8.418319	44.55244	1
33495	SDC4	0.0	0.00758509	6.2639904	18.191982	1
33497	SYS1	0.0	0.11036696	10.1094	44.55244	1
33501	AL031663.3	0.0	0.0047314656	5.594389	10.990873	1
33502	WFDC2	0.0	0.015317149	7.268392	35.514156	1
33518	SNX21	0.0	0.049513016	8.954575	44.55244	1
33519	ACOT8	0.0	0.060121786	9.234141	44.55244	1
33520	ZSWIM3	0.0	0.013468933	7.0841637	31.658257	1
33521	ZSWIM1	0.0	0.011401345	6.845659	28.216354	1
33523	NEURL2	0.0	0.011408272	6.8465276	28.261187	1
33528	PCIF1	0.0	0.06914681	9.435604	44.55244	1
33529	ZNF335	0.0	0.057648264	9.173634	44.55244	1
33533	NCOA5	0.0	0.083880894	9.713918	44.55244	1
33538	AL133227.1	0.0	0.0018908394	4.3153048	5.1016374	1
33540	ZNF334	0.0	0.055800173	9.126709	44.55244	1
33542	SLC13A3	0.0	0.0019199062	4.3362164	5.3432283	1
33543	AL133520.1	0.0	0.0019744942	4.3746877	5.047569	1
33545	AL031055.1	0.0	0.002090914	4.453461	5.995165	1
33546	SLC2A10	0.0	0.037478663	8.55377	44.55244	1
33551	AL031666.3	0.0	0.005727979	5.864924	13.956976	1
33573	PREX1	0.0	0.062286153	9.285082	44.55244	1
33574	AL035106.1	0.0	0.0025805163	4.744439	6.65929	1
33575	AL133342.1	0.0	0.0025342482	4.7193193	6.833248	1
33576	ARFGEF2	0.0	0.083145946	9.701236	44.55244	1
33583	KCNB1	0.0	0.043161567	8.756942	44.55244	1
33586	SLC9A8	0.0	0.024057712	7.91634	44.55244	1
33587	SPATA2	0.0	0.021727521	7.7700043	44.55244	1
33589	SNAI1	0.0	0.012863761	7.0183406	28.582249	1
33595	LINC01273	0.0	0.0054632607	5.7978587	13.395483	1
33596	CEBPB-AS1	0.0	0.0035122589	5.1748295	8.608221	1
33597	CEBPB	0.0	0.11932374	10.221874	44.55244	1
33601	PTPN1	0.0	0.20723812	11.01777	44.55244	1
33603	RIPOR3	0.0	0.003925076	5.330944	8.983288	1
33605	PARD6B	0.0	0.0147828385	7.217506	32.328182	1
33606	BCAS4	0.0	0.02917355	8.193454	44.55244	1
33608	ADNP-AS1	0.0	0.010268299	6.6960354	24.506048	1
33610	MOCS3	0.0	0.03263777	8.354813	44.55244	1
33612	KCNG1	0.0	0.033296905	8.383571	44.55244	1
33613	NFATC2	0.0	0.005893824	5.905405	14.388909	1
33614	ATP9A	0.0	0.058838945	9.203077	44.55244	1
33615	SALL4	0.0	0.0043834457	5.486536	9.668005	1
33617	ZFP64	0.0	0.04297952	8.750858	44.55244	1
33627	AL391097.1	0.0	0.023342958	7.8730106	44.55244	1
33630	AL354993.1	0.0	0.0029968366	4.9527235	7.372253	1
33632	AL157838.1	0.0	0.0035942653	5.207216	9.315147	1
33643	DOK5	0.0	0.014172895	7.157134	31.514374	1
33654	CSTF1	0.0	0.09405168	9.878843	44.55244	1
33667	BMP7	0.0	0.0019270504	4.34131	5.1420703	1
33673	AL109955.1	0.0	0.0027994725	4.8577185	7.664223	1
33674	RBM38	0.0	0.02308404	7.8569884	44.55244	1
33681	NKILA	0.0	0.01846851	7.536714	42.918972	1
33698	GNAS-AS1	0.0	0.0038508347	5.3040857	9.032604	1
33703	AL109840.2	0.0	0.0029376177	4.9248686	7.087412	1
33706	TUBB1	0.0	0.0019477658	4.355979	5.115814	1
33710	EDN3	0.0	0.007548859	6.2571726	15.195656	1
33716	PHACTR3	0.0	0.009055722	6.5166016	24.836588	1
33718	SYCP2	0.0	0.006807162	6.110021	17.642324	1
33719	FAM217B	0.0	0.18279134	10.836771	44.55244	1
33720	PPP1R3D	0.0	0.016612638	7.3847957	38.441162	1
33739	SS18L1	0.0	0.05012279	8.9721985	44.55244	1
33740	MTG2	0.0	0.07028674	9.45916	44.55244	1
33742	OSBPL2	0.0	0.0735987	9.525496	44.55244	1
33747	AL121832.2	0.0	0.011544645	6.863523	27.281975	1
33775	TCFL5	0.0	0.034007963	8.413965	44.55244	1
33777	AL117379.1	0.0	0.0042265807	5.4351554	10.547582	1
33778	GID8	0.0	0.19209583	10.908361	44.55244	1
33790	YTHDF1	0.0	0.11691928	10.192531	44.55244	1
33793	NKAIN4	0.0	0.050573733	8.985094	44.55244	1
33799	KCNQ2	0.0	0.022933407	7.8475842	44.55244	1
33802	EEF1A2	0.0	0.002774598	4.8452883	6.3896604	1
33809	HELZ2	0.0	0.02226547	7.805129	44.55244	1
33810	GMEB2	0.0	0.03479723	8.446969	44.55244	1
33811	MHENCR	0.0	0.015581455	7.292916	36.560284	1
33812	STMN3	0.0	0.09880864	9.949953	44.55244	1
33813	RTEL1	0.0	0.0142331505	7.163212	33.75038	1
33814	TNFRSF6B	0.0	0.004585724	5.5502	11.61695	1
33815	ARFRP1	0.0	0.078701586	9.622081	44.55244	1
33816	ZGPAT	0.0	0.08534048	9.738776	44.55244	1
33818	LIME1	0.0	0.0060582682	5.944453	14.949549	1
33820	ZBTB46	0.0	0.16369545	10.67768	44.55244	1
33827	UCKL1	0.0	0.07463159	9.545574	44.55244	1
33828	UCKL1-AS1	0.0	0.0046385275	5.5663667	11.426952	1
33830	SAMD10	0.0	0.019187719	7.591539	44.55244	1
33832	C20orf204	0.0	0.0021693506	4.5042076	5.5362725	1
33833	SOX18	0.0	0.067798436	9.407234	44.55244	1
33836	RGS19	0.0	0.057817776	9.177862	44.55244	1
33837	OPRL1	0.0	0.003731579	5.259867	8.844194	1
33838	LKAAEAR1	0.0	0.016124865	7.342063	36.847397	1
33842	PCMTD2	0.0	0.14427872	10.495643	44.55244	1
33847	GATD3B	0.0	0.038106944	8.577691	44.55244	1
33849	FP565260.6	0.0	0.002805231	4.860581	7.132547	1
33860	CU633906.5	0.0	0.0019899092	4.3853683	5.390129	1
33864	U2AF1L5	0.0	0.010008536	6.6594305	24.779226	1
33869	CU638689.5	0.0	0.019121343	7.5865655	44.075317	1
33873	CU634019.5	0.0	0.0048245257	5.621913	11.860651	1
33896	TPTE	0.0	0.0066570137	6.078314	16.317968	1
33903	AP001347.1	0.0	0.020321866	7.673971	44.55244	1
33905	RBM11	0.0	0.01167479	6.8795576	27.542019	1
33907	SAMSN1	0.0	0.045640428	8.837326	44.55244	1
33911	LINC02246	0.0	0.022004561	7.7882004	44.55244	1
33913	NRIP1	0.0	0.48306498	12.2383	44.55244	1
33914	AF127577.1	0.0	0.0050205286	5.6782207	12.765728	1
33920	MIR99AHG	0.0	0.1275681	10.318182	44.55244	1
33928	CXADR	0.0	0.008120437	6.361143	17.566128	1
33930	BTG3-AS1	0.0	0.004506893	5.525722	11.296334	1
33933	C21orf91	0.0	0.19301465	10.915242	44.55244	1
33936	CHODL	0.0	0.3147028	11.620233	44.55244	1
33950	NCAM2	0.0	0.1113861	10.122648	44.55244	1
33951	AP001136.1	0.0	0.0021921329	4.5186186	5.2790723	1
33985	MRPL39	0.0	0.06823137	9.416405	44.55244	1
33986	JAM2	0.0	0.032305665	8.340102	44.55244	1
33989	GABPA	0.0	0.1619852	10.662537	44.55244	1
33991	AP001442.1	0.0	0.015553437	7.2903357	34.25913	1
33996	AP001596.1	0.0	0.0026837818	4.7989745	6.870796	1
33997	CYYR1-AS1	0.0	0.002322535	4.598446	5.7460227	1
34009	LINC01697	0.0	0.003309722	5.0915823	8.07767	1
34010	LINC01695	0.0	0.0034035144	5.130731	8.130972	1
34013	N6AMT1	0.0	0.051881254	9.021848	44.55244	1
34016	AF129075.2	0.0	0.002445496	4.6698747	6.229638	1
34019	AF129075.1	0.0	0.0022467773	4.552609	5.5435524	1
34020	AF129075.3	0.0	0.0037123219	5.252598	9.838968	1
34025	BACH1-IT1	0.0	0.0029733824	4.9417553	7.3603992	1
34026	AP000240.1	0.0	0.009782249	6.6267676	24.209764	1
34027	BACH1-AS1	0.0	0.0032836776	5.08052	8.521859	1
34030	GRIK1	0.0	0.005165374	5.718464	10.768755	1
34070	TIAM1	0.0	0.09793052	9.937087	44.55244	1
34072	AP000251.1	0.0	0.0023248973	4.5998516	5.658615	1
34075	AP000254.2	0.0	0.009273488	6.550514	22.504265	1
34078	HUNK	0.0	0.015391159	7.2753015	34.724335	1
34087	URB1-AS1	0.0	0.0032402358	5.061878	8.388533	1
34089	TCP10L	0.0	0.002485492	4.692367	6.548606	1
34090	CFAP298	0.0	0.2084976	11.026506	44.55244	1
34092	PAXBP1-AS1	0.0	0.0135286935	7.0905037	30.94617	1
34093	PAXBP1	0.0	0.26719496	11.384217	44.55244	1
34094	C21orf62-AS1	0.0	0.026396424	8.049654	44.55244	1
34095	C21orf62	0.0	0.0042953435	5.457904	11.373599	1
34106	IL10RB-DT	0.0	0.0026772597	4.7955904	6.806457	1
34107	IL10RB	0.0	0.08010513	9.647551	44.55244	1
34112	DNAJC28	0.0	0.016766045	7.397978	37.86798	1
34117	ITSN1	0.0	0.21182646	11.049348	44.55244	1
34125	AP000320.1	0.0	0.0023191976	4.596457	6.453256	1
34127	SMIM11A	0.0	0.005572496	5.825912	13.447309	1
34132	KCNE1	0.0	0.0021295797	4.4786997	5.910882	1
34133	RCAN1	0.0	0.06302105	9.301977	44.55244	1
34145	CBR1	0.0	0.21277092	11.055763	44.55244	1
34148	CBR3-AS1	0.0	0.0049488842	5.6578927	12.188052	1
34149	CBR3	0.0	0.005999112	5.930527	16.16918	1
34150	DOP1B	0.0	0.014302192	7.1701446	33.132694	1
34151	AP000692.2	0.0	0.0050651166	5.690729	12.340673	1
34152	MORC3	0.0	0.22352444	11.126863	44.55244	1
34153	AP000692.1	0.0	0.006253021	5.989371	15.79519	1
34154	CHAF1B	0.0	0.013706867	7.109242	33.494564	1
34165	AP000704.1	0.0	0.0047639096	5.6040444	11.94861	1
34167	PIGP	0.0	0.15834105	10.62973	44.55244	1
34173	VPS26C	0.0	0.09149844	9.839179	44.55244	1
34174	AP001412.1	0.0	0.0018104537	4.2558436	5.341166	1
34176	AP001437.1	0.0	0.0026149831	4.7628713	6.81706	1
34177	DYRK1A	0.0	0.16896755	10.723384	44.55244	1
34188	ERG	0.0	0.024310993	7.9313874	44.55244	1
34201	AF129408.1	0.0	0.0019893923	4.3850117	5.116342	1
34203	BRWD1-AS2	0.0	0.002402226	4.64514	6.28589	1
34206	GET1	0.0	0.14635332	10.516225	44.55244	1
34207	LCA5L	0.0	0.008088964	6.355609	20.147964	1
34208	SH3BGR	0.0	0.013947356	7.134155	32.950863	1
34213	IGSF5	0.0	0.0024395946	4.6665263	6.182357	1
34226	MX1	0.0	0.00370421	5.249525	9.937081	1
34237	PRDM15	0.0	0.018392026	7.53076	43.85347	1
34240	C2CD2	0.0	0.02746628	8.106761	44.55244	1
34245	ABCG1	0.0	0.0024677792	4.6824493	6.5801554	1
34252	SLC37A1	0.0	0.008828475	6.480342	21.713495	1
34258	PDE9A	0.0	0.10044633	9.973644	44.55244	1
34263	WDR4	0.0	0.016885288	7.408142	41.790512	1
34269	U2AF1	0.0	0.016673148	7.3900094	40.65481	1
34281	HSF2BP	0.0	0.004864511	5.6335797	12.239205	1
34287	RRP1	0.0	0.10856157	10.085626	44.55244	1
34290	TRAPPC10	0.0	0.12661056	10.307322	44.55244	1
34291	PWP2	0.0	0.0034338941	5.143187	8.878339	1
34292	GATD3A	0.0	0.0037795922	5.2778335	9.569192	1
34297	ICOSLG	0.0	0.0052182665	5.732884	13.454175	1
34306	AP001062.1	0.0	0.0030142441	4.96081	7.72408	1
34312	LRRC3	0.0	0.010726004	6.758357	25.885696	1
34313	AP001065.3	0.0	0.0031011184	5.000504	7.842841	1
34343	LINC01547	0.0	0.007918174	6.325202	18.152756	1
34346	AP001505.1	0.0	0.01052856	6.7318025	24.058674	1
34350	ADARB1	0.0	0.026652073	8.063507	44.55244	1
34354	LINC00205	0.0	0.07753885	9.600635	44.55244	1
34360	BX322562.1	0.0	0.0066383258	6.0743184	17.180136	1
34364	SLC19A1	0.0	0.033443663	8.389896	44.55244	1
34368	PCBP3	0.0	0.002109881	4.465897	5.369088	1
34374	AJ011932.1	0.0	0.0047352756	5.595526	11.696239	1
34381	FTCD	0.0	0.0022396755	4.5482364	5.421601	1
34385	LSS	0.0	0.04170083	8.707388	44.55244	1
34387	MCM3AP-AS1	0.0	0.026241662	8.041203	44.55244	1
34390	AP001469.3	0.0	0.008078806	6.3538184	21.099909	1
34392	C21orf58	0.0	0.04058685	8.668419	44.55244	1
34397	S100B	0.0	0.0028212902	4.868534	7.0222445	1
34429	IL17RA	0.0	0.041035593	8.684243	44.55244	1
34430	TMEM121B	0.0	0.012615778	6.9904757	30.56365	1
34434	ADA2	0.0	0.0019864042	4.382947	5.310675	1
34436	CECR2	0.0	0.065995835	9.368416	44.55244	1
34437	AC007666.2	0.0	0.00203913	4.4189525	5.7287836	1
34440	ATP6V1E1	0.0	0.22625391	11.144364	44.55244	1
34441	BCL2L13	0.0	0.07663333	9.58371	44.55244	1
34450	PEX26	0.0	0.11579751	10.178634	44.55244	1
34452	AC008079.1	0.0	0.006333158	6.0074553	15.109806	1
34453	USP18	0.0	0.022354078	7.810834	44.55244	1
34467	DGCR6	0.0	0.0075041004	6.248706	18.26629	1
34473	DGCR2	0.0	0.05177352	9.018854	44.55244	1
34478	ESS2	0.0	0.041654676	8.705794	44.55244	1
34481	LINC01311	0.0	0.004814534	5.618983	12.65284	1
34483	CLTCL1	0.0	0.011405373	6.846164	27.737602	1
34486	HIRA	0.0	0.044309232	8.794716	44.55244	1
34495	CLDN5	0.0	0.034498572	8.434568	44.55244	1
34497	AC000067.1	0.0	0.0020742486	4.4424453	5.7523074	1
34498	SEPTIN5	0.0	0.035423115	8.472614	44.55244	1
34501	GNB1L	0.0	0.020486627	7.6855636	44.55244	1
34503	TXNRD2	0.0	0.044193074	8.790937	44.55244	1
34505	ARVCF	0.0	0.019928882	7.645938	43.32199	1
34506	TANGO2	0.0	0.01684334	7.4045744	40.478832	1
34509	DGCR8	0.0	0.090012304	9.81558	44.55244	1
34513	ZDHHC8	0.0	0.057651795	9.173722	44.55244	1
34517	RTN4R	0.0	0.026367592	8.048083	44.55244	1
34525	ZNF74	0.0	0.047752462	8.90245	44.55244	1
34526	SCARF2	0.0	0.02581935	8.017886	44.55244	1
34527	KLHL22	0.0	0.05262699	9.042398	44.55244	1
34530	PI4KA	0.0	0.09068182	9.82626	44.55244	1
34532	SNAP29	0.0	0.20265506	10.985522	44.55244	1
34534	CRKL	0.0	0.07181489	9.490147	44.55244	1
34537	AC002470.1	0.0	0.0036131826	5.2145844	9.205815	1
34538	LZTR1	0.0	0.06436072	9.332276	44.55244	1
34539	THAP7	0.0	0.09597681	9.908045	44.55244	1
34540	THAP7-AS1	0.0	0.019488776	7.6138835	44.55244	1
34554	HIC2	0.0	0.086312324	9.755094	44.55244	1
34555	TMEM191C	0.0	0.0044220947	5.4989195	10.768967	1
34562	AP000553.2	0.0	0.0018710954	4.3009257	5.0453463	1
34564	YPEL1	0.0	0.04401866	8.785245	44.55244	1
34570	TOP3B	0.0	0.04418955	8.790823	44.55244	1
34592	AC245060.6	0.0	0.020318529	7.673735	44.55244	1
34593	AC245060.5	0.0	0.08646868	9.757702	44.55244	1
34613	ZNF280B	0.0	0.028145494	8.141877	44.55244	1
34672	RAB36	0.0	0.0071343905	6.1767993	16.355658	1
34673	BCR	0.0	0.03510195	8.459512	44.55244	1
34681	IGLL1	0.0	0.003927105	5.331671	9.557119	1
34685	ZNF70	0.0	0.034629893	8.440034	44.55244	1
34687	C22orf15	0.0	0.003789477	5.281504	9.320176	1
34691	DERL3	0.0	0.015996013	7.3305597	39.957947	1
34692	AP000350.5	0.0	0.0025971292	4.7533526	6.8788733	1
34693	SLC2A11	0.0	0.0728342	9.510451	44.55244	1
34696	MIF-AS1	0.0	0.0067087985	6.0893283	16.10626	1
34698	GSTT2B	0.0	0.0927648	9.858988	44.55244	1
34699	DDTL	0.0	0.005536957	5.8168445	13.001938	1
34700	AC253536.6	0.0	0.0025752673	4.741611	6.736541	1
34706	GGT5	0.0	0.028824678	8.176157	44.55244	1
34708	ADORA2A	0.0	0.004900121	5.643891	11.823036	1
34715	LRRC75B	0.0	0.03883924	8.605081	44.55244	1
34721	SGSM1	0.0	0.0018248609	4.266682	5.3579593	1
34723	KIAA1671	0.0	0.02691751	8.077751	44.55244	1
34724	AL022323.3	0.0	0.0022836055	4.5750737	5.8845024	1
34727	AL022323.4	0.0	0.015226136	7.2598505	35.372032	1
34734	LRP5L	0.0	0.0035493772	5.1895785	8.716104	1
34738	AL008721.2	0.0	0.0034459813	5.1481133	8.963894	1
34740	GRK3	0.0	0.035648458	8.481737	44.55244	1
34748	SEZ6L	0.0	0.0020863984	4.4504843	5.168163	1
34750	ASPHD2	0.0	0.010236057	6.691542	24.522017	1
34752	SRRD	0.0	0.1284116	10.327683	44.55244	1
34754	Z95115.1	0.0	0.008699017	6.4592705	19.942888	1
34757	CRYBB1	0.0	0.007889812	6.32009	22.789404	1
34759	MIAT	0.0	0.011193415	6.819338	24.85606	1
34761	MIATNB	0.0	0.032950472	8.368527	44.55244	1
34762	LINC01422	0.0	0.0122838635	6.9523177	28.969036	1
34771	LINC01638	0.0	0.0024419064	4.667839	6.229221	1
34786	TTC28	0.0	0.12652993	10.306403	44.55244	1
34787	CHEK2	0.0	0.024770804	7.958309	44.55244	1
34791	Z93930.2	0.0	0.019296864	7.5996795	44.55244	1
34795	ZNRF3-AS1	0.0	0.002048067	4.4249673	5.2028046	1
34797	KREMEN1	0.0	0.019279087	7.5983567	44.55244	1
34804	RASL10A	0.0	0.0024355063	4.664202	6.482033	1
34807	RFPL1S	0.0	0.0060825795	5.950137	14.051269	1
34809	NEFH	0.0	0.025189847	7.9824147	44.55244	1
34813	NIPSNAP1	0.0	0.16544487	10.6930065	44.55244	1
34814	NF2	0.0	0.111989304	10.130433	44.55244	1
34821	ASCC2	0.0	0.09952895	9.960422	44.55244	1
34822	MTMR3	0.0	0.08838055	9.789217	44.55244	1
34832	TBC1D10A	0.0	0.030488415	8.256842	44.55244	1
34834	CCDC157	0.0	0.020572994	7.6916037	44.55244	1
34836	SEC14L2	0.0	0.009589463	6.598345	22.234865	1
34846	PES1	0.0	0.086197436	9.753174	44.55244	1
34849	SLC35E4	0.0	0.016391741	7.3656	37.47929	1
34851	OSBP2	0.0	0.0038776079	5.3138294	9.6081	1
34853	MORC2	0.0	0.14771721	10.529598	44.55244	1
34855	AC004542.2	0.0	0.0021380272	4.4841557	5.6449237	1
34861	INPP5J	0.0	0.003661176	5.233112	8.587873	1
34865	LIMK2	0.0	0.042437986	8.732608	44.55244	1
34868	PATZ1	0.0	0.08003275	9.646248	44.55244	1
34872	AL096701.3	0.0	0.0034725948	5.1589003	8.657549	1
34874	AL096701.4	0.0	0.0019617782	4.365817	5.2581434	1
34877	DEPDC5	0.0	0.04203975	8.719038	44.55244	1
34878	C22orf24	0.0	0.0027302871	4.8228765	6.8291016	1
34894	RFPL3S	0.0	0.0024209968	4.6559224	6.161373	1
34906	LARGE1	0.0	0.06945219	9.441952	44.55244	1
34910	LARGE-AS1	0.0	0.0059423307	5.917033	14.609816	1
34922	TOM1	0.0	0.06295294	9.30042	44.55244	1
34925	HMOX1	0.0	0.04806411	8.911815	44.55244	1
34928	RASD2	0.0	0.006171297	5.9706917	14.880432	1
34931	APOL6	0.0	0.021641223	7.7642894	44.55244	1
34941	APOL2	0.0	0.050603867	8.985952	44.55244	1
34942	APOL1	0.0	0.0019852337	4.3821373	5.505212	1
34944	Z82215.1	0.0	0.025459632	7.997723	44.55244	1
34948	FOXRED2	0.0	0.04619475	8.854705	44.55244	1
34967	KCTD17	0.0	0.06707526	9.391787	44.55244	1
34974	RAC2	0.0	0.02144046	7.750905	44.55244	1
34981	CARD10	0.0	0.019983504	7.649867	44.55244	1
34986	SH3BP1	0.0	0.07750811	9.600063	44.55244	1
34988	PDXP	0.0	0.03506586	8.458032	44.55244	1
34990	NOL12	0.0	0.11633955	10.185366	44.55244	1
34995	ANKRD54	0.0	0.07816201	9.612168	44.55244	1
34998	MICALL1	0.0	0.044045616	8.786126	44.55244	1
35000	AL031587.3	0.0	0.0021609028	4.498827	5.7927117	1
35005	PICK1	0.0	0.055825073	9.127352	44.55244	1
35007	SLC16A8	0.0	0.003926738	5.3315396	9.091792	1
35009	AL022322.1	0.0	0.004771103	5.606177	11.093494	1
35010	PLA2G6	0.0	0.0077654105	6.29745	17.896978	1
35011	AL022322.2	0.0	0.0038857448	5.316777	10.141029	1
35012	MAFF	0.0	0.027636703	8.115652	44.55244	1
35021	KDELR3	0.0	0.10137853	9.9869585	44.55244	1
35023	DMC1	0.0	0.002862077	4.8885374	7.7293973	1
35024	FAM227A	0.0	0.048756417	8.9324045	44.55244	1
35027	AL021707.2	0.0	0.018837003	7.5650644	44.55244	1
35037	AL021707.6	0.0	0.002671216	4.792447	7.158399	1
35041	CBX6	0.0	0.2233201	11.125544	44.55244	1
35048	APOBEC3D	0.0	0.0045817583	5.5489783	11.310827	1
35049	APOBEC3F	0.0	0.03726332	8.545479	44.55244	1
35052	CBX7	0.0	0.008211082	6.3769646	19.981474	1
35053	AL031846.2	0.0	0.004769632	5.605741	11.474445	1
35054	PDGFB	0.0	0.011998879	6.91873	27.842945	1
35059	TAB1	0.0	0.044183277	8.790618	44.55244	1
35060	MGAT3	0.0	0.032916848	8.367059	44.55244	1
35075	AL022238.2	0.0	0.010391588	6.7130895	24.808662	1
35076	MRTFA	0.0	0.05920498	9.212009	44.55244	1
35078	MRTFA-AS1	0.0	0.0074365865	6.2358394	18.173922	1
35080	SLC25A17	0.0	0.07504617	9.5535555	44.55244	1
35083	DNAJB7	0.0	0.00676572	6.101339	16.207659	1
35088	L3MBTL2	0.0	0.07211419	9.496139	44.55244	1
35090	CHADL	0.0	0.0024624742	4.679466	6.0274153	1
35095	TOB2	0.0	0.20260897	10.985194	44.55244	1
35098	POLR3H	0.0	0.09131925	9.836354	44.55244	1
35100	CSDC2	0.0	0.0022166388	4.5339613	5.3438234	1
35106	CCDC134	0.0	0.008035139	6.346095	19.416416	1
35121	AL021878.2	0.0	0.0030411994	4.9732437	7.7829986	1
35122	NDUFA6-DT	0.0	0.024074793	7.91736	44.55244	1
35127	OGFRP1	0.0	0.0020148286	4.4024687	5.562159	1
35128	LINC01315	0.0	0.002211508	4.5307627	5.649987	1
35132	SERHL2	0.0	0.009705539	6.6155252	23.417494	1
35134	Z93241.1	0.0	0.0019382943	4.3492904	5.256257	1
35136	ATP5MGL	0.0	0.0037536935	5.26817	9.632116	1
35141	TTLL1	0.0	0.05475172	9.099393	44.55244	1
35145	TTLL12	0.0	0.03193117	8.323333	44.55244	1
35154	EFCAB6	0.0	0.0068002534	6.1085773	15.577175	1
35156	SULT4A1	0.0	0.01201142	6.920224	27.451002	1
35158	PNPLA3	0.0	0.017296188	7.4426274	41.958046	1
35159	SAMM50	0.0	0.2035625	10.991964	44.55244	1
35160	PARVB	0.0	0.014844059	7.2234282	36.48485	1
35162	AL031595.3	0.0	0.004264024	5.447587	10.831657	1
35168	RTL6	0.0	0.0564637	9.143733	44.55244	1
35171	PRR5	0.0	0.06164646	9.270213	44.55244	1
35172	ARHGAP8	0.0	0.006695254	6.0864553	15.586878	1
35173	PHF21B	0.0	0.009559528	6.5938807	21.638645	1
35175	NUP50-DT	0.0	0.023618696	7.889881	44.55244	1
35179	KIAA0930	0.0	0.037634455	8.559739	44.55244	1
35184	RIBC2	0.0	0.0030154253	4.961357	7.935193	1
35193	BX537318.1	0.0	0.010104802	6.6731043	24.035965	1
35194	LINC00899	0.0	0.0038586457	5.3069353	9.282498	1
35198	MIRLET7BHG	0.0	0.0105415	6.7335577	25.424267	1
35201	PPARA	0.0	0.041774165	8.709917	44.55244	1
35203	CDPF1	0.0	0.024799611	7.9599795	44.55244	1
35205	TTC38	0.0	0.034547195	8.436595	44.55244	1
35209	CELSR1	0.0	0.0021689076	4.5039263	5.4211593	1
35211	GRAMD4	0.0	0.020720905	7.701889	44.55244	1
35213	AL118516.1	0.0	0.021687014	7.767325	44.55244	1
35229	TAFA5	0.0	0.004789746	5.6116877	11.375146	1
35232	AL078622.1	0.0	0.0033798635	5.120959	8.744696	1
35244	BRD1	0.0	0.20826916	11.024926	44.55244	1
35245	Z98885.3	0.0	0.014283238	7.168245	33.77676	1
35248	ZBED4	0.0	0.1074658	10.071004	44.55244	1
35251	CRELD2	0.0	0.2583194	11.335499	44.55244	1
35256	MLC1	0.0	0.0027628015	4.839356	6.891611	1
35259	PANX2	0.0	0.0068779117	6.1247234	16.671022	1
35261	AL022328.3	0.0	0.0035253854	5.180063	8.204194	1
35262	AL022328.4	0.0	0.0063218838	6.004925	15.614345	1
35263	SELENOO	0.0	0.042502932	8.734809	44.55244	1
35266	TUBGCP6	0.0	0.032302584	8.339965	44.55244	1
35268	MAPK12	0.0	0.057251137	9.163678	44.55244	1
35269	MAPK11	0.0	0.020641977	7.6964097	44.55244	1
35271	DENND6B	0.0	0.012689533	6.99882	30.227287	1
35275	SBF1	0.0	0.05230406	9.033535	44.55244	1
35276	ADM2	0.0	0.0049104798	5.646877	11.937957	1
35282	TYMP	0.0	0.03555154	8.47782	44.55244	1
35288	CPT1B	0.0	0.008969191	6.502902	21.383305	1
35289	CHKB	0.0	0.11730122	10.197231	44.55244	1
35290	CHKB-DT	0.0	0.02543161	7.996141	44.55244	1
35292	MAPK8IP2	0.0	0.0037019022	5.2486496	9.232102	1
35295	SHANK3	0.0	0.028061923	8.137602	44.55244	1
35302	LINC00685	0.0	0.08472243	9.728302	44.55244	1
35303	PPP2R3B	0.0	0.048327938	8.919696	44.55244	1
35310	IL3RA	0.0	0.034410354	8.430885	44.55244	1
35313	ASMTL-AS1	0.0	0.003968276	5.3463454	10.31292	1
35321	DHRSX-IT1	0.0	0.0019732257	4.3738055	5.380971	1
35322	ZBED1	0.0	0.11977894	10.227363	44.55244	1
35326	GYG2	0.0	0.010633602	6.7459903	24.89827	1
35333	LINC01546	0.0	0.0022289825	4.541628	5.845599	1
35334	MXRA5	0.0	0.07380282	9.529486	44.55244	1
35335	PRKX	0.0	0.064433254	9.3338995	44.55244	1
35338	BX842570.1	0.0	0.02125517	7.7384415	44.55244	1
35343	PUDP	0.0	0.043521333	8.76889	44.55244	1
35344	STS	0.0	0.014877834	7.2266855	36.847656	1
35347	AC079142.1	0.0	0.00683412	6.115641	16.75051	1
35351	ANOS1	0.0	0.025027424	7.973119	44.55244	1
35358	GPR143	0.0	0.008787028	6.473629	19.994707	1
35359	SHROOM2	0.0	0.045312468	8.826944	44.55244	1
35361	WWC3	0.0	0.12380912	10.275066	44.55244	1
35363	CLCN4	0.0	0.031457253	8.301827	44.55244	1
35365	MID1	0.0	0.039181106	8.617692	44.55244	1
35372	FRMPD4	0.0	0.026796438	8.071271	44.55244	1
35374	PRPS2	0.0	0.043737754	8.776031	44.55244	1
35375	TLR7	0.0	0.0033858933	5.1234565	8.942387	1
35385	EGFL6	0.0	0.01712367	7.428249	40.194275	1
35388	TRAPPC2	0.0	0.09956342	9.96092	44.55244	1
35389	OFD1	0.0	0.18930103	10.887229	44.55244	1
35390	GPM6B	0.0	0.17179713	10.74733	44.55244	1
35395	FANCB	0.0	0.022510326	7.820838	44.55244	1
35396	MOSPD2	0.0	0.09556971	9.901918	44.55244	1
35399	PIGA	0.0	0.012377792	6.9632187	30.419174	1
35405	CLTRN	0.0	0.003707777	5.250877	9.638817	1
35408	ZRSR2	0.0	0.0671459	9.393303	44.55244	1
35410	GRPR	0.0	0.0021418638	4.486627	5.3261786	1
35413	CTPS2	0.0	0.065528885	9.358187	44.55244	1
35416	TXLNG	0.0	0.081695564	9.675879	44.55244	1
35418	REPS2	0.0	0.0060369456	5.939449	14.13349	1
35419	NHS	0.0	0.021160603	7.7320385	44.55244	1
35423	RAI2	0.0	0.025010971	7.972174	44.55244	1
35424	LINC01456	0.0	0.0035875067	5.2045736	8.421242	1
35426	SCML2	0.0	0.023975974	7.9114504	44.55244	1
35429	PPEF1	0.0	0.003106983	5.0031447	7.660029	1
35433	AL732509.1	0.0	0.00439619	5.490631	11.201784	1
35434	ADGRG2	0.0	0.01324848	7.0605316	30.85539	1
35436	MAP3K15	0.0	0.006468105	6.0374055	15.443059	1
35439	MAP7D2	0.0	0.0017307404	4.1943555	5.7639804	1
35447	CNKSR2	0.0	0.0025285026	4.7161694	6.4521766	1
35451	YY2	0.0	0.014655116	7.2050714	34.656002	1
35453	PHEX	0.0	0.0027032034	4.809005	7.0521665	1
35460	PTCHD1	0.0	0.02000751	7.651591	42.49936	1
35470	ZFX	0.0	0.196266	10.939329	44.55244	1
35472	PCYT1B	0.0	0.03189174	8.321556	44.55244	1
35489	IL1RAPL1	0.0	0.08276421	9.694606	44.55244	1
35490	AC003659.1	0.0	0.024499487	7.9424844	44.55244	1
35495	NR0B1	0.0	0.0057199337	5.862931	12.000589	1
35501	TAB3	0.0	0.04581996	8.842978	44.55244	1
35505	DMD	0.0	0.03913757	8.616092	44.55244	1
35508	AL591378.1	0.0	0.0024204997	4.6556377	5.621256	1
35509	AL591501.1	0.0	0.008554985	6.4354596	18.691885	1
35512	TMEM47	0.0	0.18032771	10.817205	44.55244	1
35520	LANCL3	0.0	0.0034795338	5.1617	10.005029	1
35530	RPGR	0.0	0.07736367	9.597376	44.55244	1
35535	MID1IP1	0.0	0.07270094	9.507813	44.55244	1
35545	AC091806.1	0.0	0.0020768994	4.444203	6.137123	1
35551	MED14OS	0.0	0.029416025	8.205355	44.55244	1
35567	MAOA	0.0	0.0035121634	5.1747913	8.490973	1
35569	NDP	0.0	0.0044807703	5.517518	9.439417	1
35571	EFHC2	0.0	0.0020788286	4.445481	5.5300746	1
35574	KDM6A	0.0	0.07936456	9.634168	44.55244	1
35575	DIPK2B	0.0	0.00970523	6.6154795	22.346184	1
35585	ZNF674	0.0	0.011178638	6.817449	26.338913	1
35586	ZNF674-AS1	0.0	0.011814343	6.8965554	26.219725	1
35587	CHST7	0.0	0.019557584	7.6189423	44.55244	1
35588	SLC9A7	0.0	0.001727302	4.191643	5.0643067	1
35589	RP2	0.0	0.042732254	8.742554	44.55244	1
35591	JADE3	0.0	0.020708218	7.7010098	44.55244	1
35592	RGN	0.0	0.0024228357	4.6569743	6.6917644	1
35595	UBA1	0.0	0.2342439	11.194411	44.55244	1
35597	CDK16	0.0	0.14363346	10.489181	44.55244	1
35601	ZNF41	0.0	0.016620724	7.3854938	39.6067	1
35602	LINC01560	0.0	0.031181155	8.28915	44.55244	1
35604	SYN1	0.0	0.0066594672	6.078838	16.320164	1
35606	CFP	0.0	0.005788973	5.8799443	15.716573	1
35607	ELK1	0.0	0.08575795	9.745808	44.55244	1
35609	UXT-AS1	0.0	0.0021012984	4.460283	5.858208	1
35610	ZNF81	0.0	0.021019282	7.722417	44.55244	1
35611	ZNF182	0.0	0.029568188	8.212773	44.55244	1
35623	SLC38A5	0.0	0.0029013967	4.9075623	7.4862547	1
35624	FTSJ1	0.0	0.0639079	9.322106	44.55244	1
35628	TBC1D25	0.0	0.029593974	8.214026	44.55244	1
35633	WAS	0.0	0.0019607178	4.365075	5.7126536	1
35634	SUV39H1	0.0	0.009271791	6.550253	22.660217	1
35640	PCSK1N	0.0	0.08128359	9.668594	44.55244	1
35643	SLC35A2	0.0	0.045466878	8.831841	44.55244	1
35644	PIM2	0.0	0.0038580534	5.3067193	9.89752	1
35645	OTUD5	0.0	0.115885235	10.179726	44.55244	1
35646	KCND1	0.0	0.010430962	6.7184935	24.686893	1
35647	GRIPAP1	0.0	0.20091006	10.973052	44.55244	1
35648	TFE3	0.0	0.07227127	9.499273	44.55244	1
35649	CCDC120	0.0	0.030733831	8.268371	44.55244	1
35653	MAGIX	0.0	0.008867005	6.486554	21.155863	1
35656	SYP	0.0	0.011743921	6.888003	27.166695	1
35659	CCDC22	0.0	0.051712148	9.017147	44.55244	1
35662	PPP1R3F	0.0	0.025833301	8.018662	44.55244	1
35663	AC232271.1	0.0	0.004529467	5.532774	11.055162	1
35664	AC232271.2	0.0	0.002277588	4.571427	5.987167	1
35680	USP27X-AS1	0.0	0.0019972848	4.390451	5.280054	1
35681	USP27X	0.0	0.04968897	8.959682	44.55244	1
35686	SHROOM4	0.0	0.027276289	8.096783	44.55244	1
35691	NUDT10	0.0	0.010481913	6.7254567	24.55303	1
35692	AL158055.1	0.0	0.0024807428	4.6897144	6.431141	1
35694	NUDT11	0.0	0.033710014	8.401307	44.55244	1
35696	CENPVL3	0.0	0.010046873	6.6648912	23.26908	1
35719	GPR173	0.0	0.041462462	8.699138	44.55244	1
35724	KDM5C-IT1	0.0	0.0029727959	4.94148	7.397779	1
35725	IQSEC2	0.0	0.02095505	7.7180223	44.55244	1
35732	FAM120C	0.0	0.0279406	8.131373	44.55244	1
35733	WNK3	0.0	0.13000366	10.345446	44.55244	1
35735	FGD1	0.0	0.09745654	9.930095	44.55244	1
35739	TRO	0.0	0.16822046	10.716995	44.55244	1
35741	APEX2	0.0	0.0392113	8.6188	44.55244	1
35746	MTRNR2L10	0.0	0.0040383046	5.370968	10.234509	1
35749	MAGEH1	0.0	0.2100674	11.037323	44.55244	1
35750	USP51	0.0	0.09538892	9.89919	44.55244	1
35752	RRAGB	0.0	0.14309421	10.483757	44.55244	1
35753	AL050309.1	0.0	0.08778695	9.779506	44.55244	1
35755	UBQLN2	0.0	0.12510088	10.29003	44.55244	1
35756	AL354793.1	0.0	0.009665011	6.60955	23.337051	1
35758	SPIN3	0.0	0.031955354	8.324422	44.55244	1
35760	SPIN2B	0.0	0.054301765	9.08751	44.55244	1
35761	AL022157.1	0.0	0.009889042	6.6422744	23.714884	1
35762	SPIN2A	0.0	0.032363344	8.342668	44.55244	1
35763	Z83745.1	0.0	0.009311805	6.5563993	22.428919	1
35764	FAAH2	0.0	0.0037282733	5.258622	8.966123	1
35765	ZXDB	0.0	0.011326028	6.83618	26.434652	1
35767	ZXDA	0.0	0.004332005	5.4698877	10.605849	1
35769	SPIN4	0.0	0.06104056	9.255986	44.55244	1
35771	ARHGEF9	0.0	0.14048174	10.457193	44.55244	1
35773	AMER1	0.0	0.024360856	7.934331	44.55244	1
35776	MTMR8	0.0	0.002033059	4.414852	5.018572	1
35777	ZC4H2	0.0	0.04734085	8.889986	44.55244	1
35778	ZC3H12B	0.0	0.009202998	6.5396237	21.234476	1
35779	LAS1L	0.0	0.11380247	10.153584	44.55244	1
35785	EDA2R	0.0	0.0209835	7.7199707	44.55244	1
35786	AR	0.0	0.04727254	8.887907	44.55244	1
35788	OPHN1	0.0	0.035713214	8.484348	44.55244	1
35790	STARD8	0.0	0.021403072	7.7483993	44.55244	1
35791	EFNB1	0.0	0.088073246	9.784197	44.55244	1
35796	EDA	0.0	0.008243404	6.382564	20.812168	1
35815	SLC7A3	0.0	0.0022538505	4.556951	5.7603397	1
35816	SNX12	0.0	0.062386893	9.28741	44.55244	1
35817	FOXO4	0.0	0.01141502	6.847373	25.930162	1
35820	MED12	0.0	0.08769862	9.778054	44.55244	1
35821	NLGN3	0.0	0.006734511	6.094766	15.256938	1
35824	ZMYM3	0.0	0.113839425	10.154052	44.55244	1
35826	ITGB1BP2	0.0	0.0019667903	4.3693204	5.3560333	1
35829	GCNA	0.0	0.010395927	6.713686	25.439102	1
35835	NHSL2	0.0	0.19449995	10.926295	44.55244	1
35836	RTL5	0.0	0.08301567	9.6989765	44.55244	1
35840	CITED1	0.0	0.005215359	5.7320952	11.806972	1
35842	PHKA1	0.0	0.015361061	7.2724957	36.03436	1
35845	FAM226B	0.0	0.0128264185	7.0141788	28.480888	1
35855	NAP1L2	0.0	0.010956914	6.788805	25.109718	1
35857	CHIC1	0.0	0.043501	8.768217	44.55244	1
35862	AL353804.1	0.0	0.0041727046	5.4170775	10.167047	1
35864	Z83843.1	0.0	0.18074784	10.82056	44.55244	1
35867	RLIM	0.0	0.18410757	10.847116	44.55244	1
35871	ZDHHC15	0.0	0.01086004	6.776109	24.487522	1
35875	MAGEE1	0.0	0.013358948	7.072422	30.758827	1
35881	ATP7A	0.0	0.124659084	10.284929	44.55244	1
35887	LPAR4	0.0	0.027419614	8.104317	44.55244	1
35900	RPS6KA6	0.0	0.017716592	7.4770775	40.540234	1
35901	HDX	0.0	0.052379303	9.0356045	44.55244	1
35903	SATL1	0.0	0.0030809767	4.991398	7.9448075	1
35905	ZNF711	0.0	0.14000498	10.452292	44.55244	1
35908	DACH2	0.0	0.0073946323	6.227786	17.539928	1
35909	KLHL4	0.0	0.009166597	6.533968	22.634146	1
35916	PABPC5	0.0	0.045584265	8.835553	44.55244	1
35919	FAM133A	0.0	0.009101288	6.523764	20.045366	1
35920	AL022151.1	0.0	0.0035236648	5.1793776	9.175941	1
35922	RPA4	0.0	0.009657479	6.6084366	24.658167	1
35924	AL157778.1	0.0	0.030693384	8.266477	44.55244	1
35925	PCDH19	0.0	0.026388716	8.049234	44.55244	1
35926	TNMD	0.0	0.024113277	7.9196544	44.55244	1
35929	SYTL4	0.0	0.017543385	7.4629836	43.376347	1
35930	CSTF2	0.0	0.021616733	7.7626634	44.55244	1
35934	TRMT2B	0.0	0.010477854	6.724903	24.172651	1
35936	TMEM35A	0.0	0.0390605	8.6132555	44.55244	1
35937	CENPI	0.0	0.011188689	6.818734	28.34954	1
35938	DRP2	0.0	0.0039459406	5.338403	9.358767	1
35939	TAF7L	0.0	0.002510398	4.7061977	6.399307	1
35943	GLA	0.0	0.069961525	9.452478	44.55244	1
35946	ARMCX1	0.0	0.22207685	11.117493	44.55244	1
35950	AC234775.3	0.0	0.0032006009	5.0446568	8.472407	1
35954	ZMAT1	0.0	0.03217	8.33405	44.55244	1
35955	TCEAL2	0.0	0.003981247	5.3509383	8.891517	1
35958	BEX5	0.0	0.021259803	7.7387547	44.55244	1
35968	AL035427.2	0.0	0.0029197626	4.9163632	7.8700886	1
35969	GPRASP2	0.0	0.058342166	9.1908655	44.55244	1
35973	Z68871.1	0.0	0.013096668	7.0440297	30.938477	1
35976	Z93943.1	0.0	0.0074392427	6.2363477	17.754766	1
35981	TCEAL5	0.0	0.050761413	8.990428	44.55244	1
35982	BEX2	0.0	0.17003019	10.732424	44.55244	1
35986	AL117327.1	0.0	0.0021021417	4.4608355	5.415847	1
35987	Z69733.1	0.0	0.0018442423	4.281136	5.1430593	1
35993	TCEAL1	0.0	0.104557335	10.031458	44.55244	1
35995	MORF4L2-AS1	0.0	0.005249077	5.741218	13.190454	1
35997	TMEM31	0.0	0.0019641456	4.3674726	5.0746675	1
35998	PLP1	0.0	0.002020353	4.406233	5.022111	1
35999	RAB9B	0.0	0.022455513	7.8173366	44.55244	1
36000	TMSB15B-AS1	0.0	0.009784243	6.6270585	23.141584	1
36001	TMSB15B	0.0	0.029547554	8.211769	44.55244	1
36004	TMSB15B-1	0.0	0.0316106	8.308822	44.55244	1
36005	SLC25A53	0.0	0.03235403	8.342254	44.55244	1
36006	ZCCHC18	0.0	0.011204671	6.820775	25.810738	1
36009	IL1RAPL2	0.0	0.013574381	7.0953317	30.038115	1
36011	NRK	0.0	0.7166747	12.807304	44.55244	1
36013	PWWP3B	0.0	0.05772807	9.175627	44.55244	1
36014	RADX	0.0	0.005478725	5.8018637	14.608506	1
36017	MORC4	0.0	0.06919549	9.436618	44.55244	1
36021	NUP62CL	0.0	0.0020628762	4.4348793	5.383413	1
36025	PRPS1	0.0	0.05117525	9.002119	44.55244	1
36028	MID2	0.0	0.0070673823	6.1633744	17.196672	1
36033	ATG4A	0.0	0.03493228	8.452541	44.55244	1
36041	KCNE5	0.0	0.012560404	6.9841795	27.816195	1
36043	TMEM164	0.0	0.02586083	8.020193	44.55244	1
36049	PAK3	0.0	0.0430253	8.752391	44.55244	1
36050	CAPN6	0.0	0.023134	7.8600936	44.55244	1
36051	DCX	0.0	0.12613767	10.301927	44.55244	1
36052	SERTM2	0.0	0.023169044	7.862268	44.55244	1
36058	LHFPL1	0.0	0.0026519522	4.7823834	7.046161	1
36059	AMOT	0.0	0.26009163	11.345359	44.55244	1
36063	HTR2C	0.0	0.0041822633	5.4203014	9.722389	1
36065	LRCH2	0.0	0.05680736	9.152472	44.55244	1
36072	AGTR2	0.0	0.002457388	4.676599	5.616731	1
36076	KLHL13	0.0	0.03086939	8.274699	44.55244	1
36078	DOCK11	0.0	0.020823495	7.70898	44.55244	1
36081	LINC01285	0.0	0.0019784323	4.377424	5.097475	1
36089	AC004000.1	0.0	0.002035779	4.4166903	5.473121	1
36090	SLC25A5-AS1	0.0	0.004537242	5.5351954	11.07985	1
36092	CXorf56	0.0	0.061454456	9.265719	44.55244	1
36094	NKRF	0.0	0.050851967	8.992994	44.55244	1
36096	SOWAHD	0.0	0.0024718984	4.684762	7.1215377	1
36104	RHOXF1-AS1	0.0	0.005639122	5.842758	14.087829	1
36109	ZBTB33	0.0	0.0397391	8.6380415	44.55244	1
36135	GRIA3	0.0	0.014711337	7.210558	34.97677	1
36143	TENM1	0.0	0.08653974	9.758885	44.55244	1
36146	DCAF12L2	0.0	0.005609363	5.835258	12.486807	1
36150	AL008633.1	0.0	0.003272275	5.07565	9.10446	1
36153	OCRL	0.0	0.05057106	8.985019	44.55244	1
36154	APLN	0.0	0.03789861	8.569803	44.55244	1
36160	AL034405.1	0.0	0.002181863	4.5121403	5.175728	1
36161	UTP14A	0.0	0.12948473	10.33968	44.55244	1
36162	BCORL1	0.0	0.04306347	8.753667	44.55244	1
36163	ELF4	0.0	0.0020596986	4.4327583	5.7721705	1
36166	RAB33A	0.0	0.012807228	7.0120354	29.689264	1
36168	SLC25A14	0.0	0.031136747	8.287101	44.55244	1
36172	ENOX2	0.0	0.0613235	9.262647	44.55244	1
36179	FIRRE	0.0	0.095940754	9.907503	44.55244	1
36182	RAP2C	0.0	0.17837904	10.801539	44.55244	1
36183	RAP2C-AS1	0.0	0.037668705	8.561048	44.55244	1
36185	HS6ST2	0.0	0.01826933	7.5211554	42.29476	1
36189	GPC4	0.0	0.008459958	6.419532	21.031208	1
36192	CCDC160	0.0	0.004402619	5.4926925	10.731494	1
36194	HPRT1	0.0	0.09978591	9.964137	44.55244	1
36196	LINC00629	0.0	0.00681837	6.1123605	15.937837	1
36197	PLAC1	0.0	0.005850436	5.8949237	14.018871	1
36199	FAM122B	0.0	0.021780655	7.773512	44.55244	1
36203	SMIM10	0.0	0.057777975	9.17687	44.55244	1
36206	AL136169.1	0.0	0.019005457	7.577841	44.55244	1
36209	SMIM10L2B	0.0	0.013138594	7.048606	30.537798	1
36213	ZNF75D	0.0	0.036343493	8.509518	44.55244	1
36217	ZNF449	0.0	0.057395	9.167293	44.55244	1
36218	SMIM10L2A	0.0	0.010093602	6.67152	24.261654	1
36231	MMGT1	0.0	0.081789695	9.677538	44.55244	1
36232	SLC9A6	0.0	0.026481863	8.054298	44.55244	1
36239	LINC00892	0.0	0.0031626977	5.0279937	8.963423	1
36242	AL683813.1	0.0	0.04043781	8.663124	44.55244	1
36250	FGF13-AS1	0.0	0.005858373	5.8968463	14.556149	1
36252	MCF2	0.0	0.002636509	4.774265	6.346006	1
36260	CDR1	0.0	0.016202623	7.3489604	36.315872	1
36263	LDOC1	0.0	0.21110535	11.044431	44.55244	1
36264	SPANXA2-OT1	0.0	0.009601173	6.600087	22.4371	1
36277	SLITRK4	0.0	0.01589393	7.3213806	35.929554	1
36292	FMR1-IT1	0.0	0.0023860086	4.6357594	6.219272	1
36295	AFF2	0.0	0.049846712	8.964246	44.55244	1
36300	LINC00893	0.0	0.036650356	8.521614	44.55244	1
36301	CXorf40A	0.0	0.012317763	6.9562616	28.604239	1
36305	TMEM185A	0.0	0.07122535	9.4782715	44.55244	1
36312	CXorf40B	0.0	0.027503112	8.108687	44.55244	1
36314	LINC00894	0.0	0.0111025665	6.8076854	27.30192	1
36315	MAMLD1	0.0	0.005643127	5.843765	13.654364	1
36316	MTM1	0.0	0.019857325	7.6407747	44.55244	1
36317	MTMR1	0.0	0.034626413	8.43989	44.55244	1
36324	AF274853.1	0.0	0.0022983507	4.5839705	6.0495358	1
36329	PRRG3	0.0	0.0026599069	4.7865477	5.783939	1
36334	GABRE	0.0	0.004469998	5.5141215	12.034662	1
36352	ZNF185	0.0	0.004469506	5.5139666	10.191179	1
36355	PNMA3	0.0	0.0035148612	5.1758685	8.434564	1
36356	PNMA6A	0.0	0.01272313	7.002605	28.092901	1
36363	ZFP92	0.0	0.0034653519	5.1559725	8.987853	1
36365	HAUS7	0.0	0.008662719	6.4533067	21.35973	1
36368	CCNQ	0.0	0.09701398	9.923535	44.55244	1
36373	ABCD1	0.0	0.028155813	8.142404	44.55244	1
36379	PDZD4	0.0	0.031659827	8.311059	44.55244	1
36380	L1CAM	0.0	0.016580284	7.382	37.420414	1
36383	ARHGAP4	0.0	0.004081841	5.3860664	10.06895	1
36385	RENBP	0.0	0.013968679	7.136343	33.417683	1
36388	TMEM187	0.0	0.033347283	8.385745	44.55244	1
36402	AC245140.2	0.0	0.00795754	6.3322678	19.049404	1
36404	TAZ	0.0	0.080780536	9.659649	44.55244	1
36405	AC244090.1	0.0	0.042492975	8.734471	44.55244	1
36410	LAGE3	0.0	0.16497847	10.688936	44.55244	1
36411	UBL4A	0.0	0.06099478	9.254906	44.55244	1
36412	SLC10A3	0.0	0.042887732	8.747782	44.55244	1
36416	IKBKG	0.0	0.036663767	8.5221405	44.55244	1
36422	GAB3	0.0	0.017260766	7.439687	43.95038	1
36428	F8A1	0.0	0.03712495	8.540126	44.55244	1
36432	BRCC3	0.0	0.08442202	9.723184	44.55244	1
36433	VBP1	0.0	0.27950257	11.449162	44.55244	1
36434	RAB39B	0.0	0.0085287625	6.431082	20.368845	1
36435	CLIC2	0.0	0.0030191513	4.963082	7.953887	1
36444	SPRY3	0.0	0.011136786	6.8120856	27.006218	1
36445	VAMP7	0.0	0.073749825	9.528451	44.55244	1
36451	AC006157.1	0.0	0.0044429195	5.505548	10.590417	1
36452	ZFY	0.0	0.11741469	10.198626	44.55244	1
36454	LINC00278	0.0	0.00170753	4.1759477	5.1958456	1
36459	PCDH11Y	0.0	0.0060717985	5.947619	14.401345	1
36493	AC244213.1	0.0	0.018122384	7.5095677	42.379253	1
36495	UTY	0.0	0.10272017	10.005908	44.55244	1
36496	TMSB4Y	0.0	0.0068146586	6.111586	16.32285	1
36515	AC010889.1	0.0	0.0045122886	5.527411	11.360895	1
36517	AC010889.2	0.0	0.008005924	6.3409047	19.090431	1
36519	EIF1AY	0.0	0.2672683	11.384613	44.55244	1
36575	AC011043.1	0.0	0.054458402	9.091658	44.55244	1
36599	AC007325.4	0.0	0.008513922	6.4285984	21.63689	1
