	gene	expression_1	expression_2	log2FC	-log10 p-val	significant
23	SAMD11	0.20006338	0.48292813	1.2709291	44.55244	1
28	AL645608.7	0.017256744	0.0014871195	-3.4510138	7.023211	1
29	HES4	1.0307717	0.37287813	-1.466702	44.55244	1
32	AGRN	0.26375872	0.1003984	-1.392593	36.380974	1
58	MXRA8	0.21003057	0.33067608	0.65456873	12.209899	1
79	MMP23B	0.0752345	0.23749821	1.6571412	31.644405	1
111	AL139246.5	0.019465296	0.0040670238	-2.2312076	5.161924	1
142	SMIM1	0.06519388	0.15770698	1.2731414	15.073258	1
167	NPHP4	0.029151853	0.009048609	-1.6769037	5.586257	1
173	ICMT	0.12432668	0.07192331	-0.7887602	7.1007695	1
245	RBP7	0.03396845	0.0011696811	-4.7458982	16.11021	1
291	PLOD1	0.32017836	0.52522355	0.71388006	24.4696	1
350	EFHD2	0.10689825	0.05162465	-1.0486634	9.866695	1
367	FBLIM1	0.44860646	0.23524348	-0.931004	34.840378	1
407	SDHB	0.23495007	0.15320449	-0.6165682	8.927165	1
417	ARHGEF10L	0.04164537	0.015874801	-1.3858184	6.0187263	1
428	ALDH4A1	0.021608805	0.0033921443	-2.6360953	7.3663497	1
439	MICOS10	1.0349249	0.71187633	-0.5397642	43.32199	1
467	CDA	0.08747511	0.15746686	0.8473713	8.234771	1
477	ECE1	0.2675796	0.07711826	-1.7934929	44.55244	1
487	HSPG2	0.2239982	0.13161694	-0.76669014	11.81024	1
503	EPHB2	0.016352387	0.046982218	1.5168854	6.0353627	1
529	GALE	0.11922797	0.07419991	-0.6834998	5.2444544	1
552	CLIC4	0.37970898	0.22033481	-0.78492177	21.625793	1
693	FABP3	0.07223746	0.026728405	-1.4309818	9.880174	1
694	SERINC2	0.08231295	0.1749685	1.0869765	13.134852	1
697	TINAGL1	0.098614156	0.006356589	-3.934413	37.767246	1
729	FAM229A	0.040764757	0.08174048	1.0019575	5.93988	1
740	FNDC5	0.021611987	0.07324928	1.7562912	10.487971	1
742	TMEM54	0.051400453	0.10699118	1.0561826	8.182057	1
754	PHC2	0.3231943	0.2162113	-0.5797389	11.240661	1
762	SMIM12	0.27212852	0.15225843	-0.8373488	17.09836	1
767	GJA4	0.31014764	0.0021635434	-7.0986934	44.55244	1
770	TMEM35B	0.31045717	0.20254287	-0.6159194	11.87113	1
783	CLSPN	0.055939097	0.022157647	-1.3321327	7.163625	1
830	FHL3	0.41842857	0.22926015	-0.8677113	28.431229	1
832	POU3F1	0.070441805	0.17816687	1.337488	16.078112	1
842	MYCBP	0.12667648	0.081014976	-0.644247	5.1617045	1
854	HEYL	0.4124673	0.08313638	-2.3093433	44.55244	1
869	CAP1	0.98979	0.591029	-0.7437952	44.55244	1
874	ZMPSTE24	0.16362937	0.10565448	-0.6305944	6.5376453	1
876	SMAP2	0.2938988	0.18919404	-0.6351811	11.648496	1
892	KCNQ4	0.0090652285	1.3897079e-09	-6.518079	5.640192	1
943	ELOVL1	0.22577707	0.13239156	-0.76963735	12.145767	1
957	IPO13	0.055320155	0.026246987	-1.0727729	5.294847	1
963	SLC6A9	0.05094054	0.013196298	-1.9406191	10.577751	1
971	TMEM53	0.08504145	0.042825393	-0.98803025	6.925536	1
1026	CYP4X1	0.05600896	0.012094451	-2.2020066	14.080387	1
1041	TRABD2B	0.0054976977	0.052938122	3.2441242	13.218692	1
1052	BEND5	0.10632909	0.23898514	1.1676319	20.470814	1
1094	GPX7	0.22433862	0.3217197	0.5199317	8.58247	1
1101	SCP2	0.41304997	0.29023322	-0.5089559	11.75932	1
1149	DHCR24	0.109079644	0.05201258	-1.0670003	10.041564	1
1166	PLPP3	0.09713686	0.40774608	2.0684495	44.55244	1
1182	JUN	0.50117785	0.27507073	-0.86528355	26.738222	1
1230	PGM1	0.14997657	0.2488083	0.72991556	11.033212	1
1231	ROR1	0.14450204	0.2633932	0.86567765	14.515894	1
1235	CACHD1	0.081145756	0.1447276	0.8339722	7.6102414	1
1247	PDE4B	0.014858056	0.06310991	2.0792282	10.672594	1
1292	PTGER3	0.017777037	0.1012664	2.5033998	18.79152	1
1298	NEGR1	0.013866445	0.042164024	1.5974653	5.518594	1
1331	ST6GALNAC3	0.0631935	0.17746203	1.4881938	20.697243	1
1352	PTGFR	0.01226757	0.077596754	2.6512923	14.917631	1
1354	IFI44	0.074614316	0.040805914	-0.86907524	5.2296257	1
1376	TTLL7	0.13210249	0.0682175	-0.95242226	9.8619	1
1416	SH3GLB1	0.64926594	0.4450918	-0.5446048	22.232752	1
1431	GBP3	0.084260955	0.03751949	-1.1650952	9.294132	1
1432	GBP1	0.11987454	0.043611273	-1.456651	16.985733	1
1433	GBP2	0.03130736	0.008316814	-1.8997566	6.757743	1
1479	TMED5	0.19522898	0.115377635	-0.7582926	10.649091	1
1482	DR1	0.29476932	0.20038487	-0.5565823	9.445036	1
1484	BCAR3	0.063582815	0.015639205	-2.0165415	14.293315	1
1488	GCLM	0.1385786	0.0747358	-0.8899447	9.454804	1
1491	ARHGAP29	0.18351062	0.10598791	-0.7913892	10.106256	1
1562	OLFM3	0.039408915	0.097373456	1.3028312	9.069946	1
1580	NTNG1	0.052135665	0.11006811	1.0765997	7.90416	1
1581	VAV3	0.1738552	0.06001852	-1.5328344	25.772	1
1601	WDR47	0.09044006	0.042041406	-1.1033177	8.853725	1
1612	SORT1	0.16138993	0.05347761	-1.591742	26.124958	1
1636	CSF1	0.098179534	0.05321326	-0.8823965	6.7316875	1
1647	KCNC4	0.011038762	1.3897079e-09	-6.799425	7.03714	1
1684	RAP1A	0.37232965	0.24483106	-0.60459214	14.122207	1
1702	RHOC	1.1265547	0.74049073	-0.6052971	44.55244	1
1724	OLFML3	0.2604563	0.4831308	0.8911174	29.60804	1
1743	VANGL1	0.07798335	0.037884235	-1.0396142	7.145581	1
1790	LINC00622	0.03899859	0.009040803	-2.0967238	9.930975	1
1791	ZNF697	0.12997712	0.06559023	-0.98561645	10.566992	1
1792	PHGDH	0.46509627	0.25061673	-0.8917812	33.30944	1
1796	NOTCH2	0.47380483	0.26952234	-0.81365734	30.536858	1
1803	LINC00623	0.19087353	0.08675463	-1.1366981	18.817429	1
1829	SRGAP2B	0.13301417	0.058921624	-1.1733487	14.210784	1
1844	ITGA10	0.032925423	0.00927778	-1.8162589	6.6979218	1
1858	NOTCH2NLA	0.12528299	0.067066945	-0.9005183	8.907977	1
1872	GJA5	0.030424118	0.00782791	-1.9449372	6.6482882	1
1888	NBPF14	0.20877215	0.10538631	-0.98556435	16.96063	1
1896	AC245297.3	0.25785375	0.13273977	-0.9574252	20.004702	1
2004	S100A10	0.33209443	0.19356063	-0.7784971	15.14945	1
2068	S100A4	0.26239437	0.09215386	-1.5086051	34.792023	1
2072	S100A16	0.035667066	0.14088595	1.9788476	22.721321	1
2106	IL6R	0.040468905	0.0021973944	-4.142304	18.874186	1
2117	KCNN3	0.02758453	0.05980407	1.113574	5.001773	1
2133	EFNA3	0.019204017	0.05923792	1.6200533	7.573613	1
2167	ARHGEF2	0.1990514	0.12050524	-0.72357297	9.695067	1
2173	LAMTOR2	0.46582204	0.32510465	-0.5187407	13.865915	1
2176	LMNA	1.0101554	0.38943702	-1.3748878	44.55244	1
2191	MEF2D	0.21999718	0.09425622	-1.221951	25.355545	1
2200	BCAN	0.08347197	0.13260958	0.6671814	5.0142565	1
2231	KIRREL1	0.17462768	0.09934634	-0.81311804	10.478395	1
2270	DUSP23	0.18164277	0.101867944	-0.8337824	11.432672	1
2279	TAGLN2	0.5015293	0.13205472	-1.9243937	44.55244	1
2292	PEA15	0.150347	0.098490514	-0.6097346	5.6228395	1
2354	OLFML2B	0.06645698	0.005748806	-3.508376	26.565662	1
2369	RGS4	0.061795752	0.023035197	-1.419751	8.088191	1
2370	RGS5	0.5913911	0.039400384	-3.9044178	44.55244	1
2375	PBX1	0.52387685	0.8252833	0.6555612	36.207516	1
2386	MGST3	1.4779402	0.94419837	-0.6463708	44.55244	1
2414	CREG1	0.15569197	0.092059426	-0.75741726	8.231703	1
2416	RCSD1	0.17486656	0.030224245	-2.5285356	44.55244	1
2421	DCAF6	0.16448498	0.10504762	-0.6464165	6.682034	1
2505	RABGAP1L	0.12464318	0.07998721	-0.6393171	5.117013	1
2513	KIAA0040	0.040272944	0.003082756	-3.6650403	16.475883	1
2540	ANGPTL1	0.04819262	0.14945595	1.6308106	18.000624	1
2572	IER5	0.08982769	0.050718892	-0.82340044	5.5208864	1
2589	RGS16	0.40600902	0.050179522	-3.0138242	44.55244	1
2597	LAMC1	0.55326885	0.23934597	-1.2085414	44.55244	1
2604	SMG7	0.23257458	0.14440453	-0.6871989	10.359745	1
2607	ARPC5	1.2423701	0.6987467	-0.8301632	44.55244	1
2608	RGL1	0.17760514	0.31400615	0.8217667	17.117254	1
2621	NIBAN1	0.1397584	0.0049149627	-4.8015842	44.55244	1
2626	IVNS1ABP	0.21435058	0.13602138	-0.65575165	9.058318	1
2670	RGS2	0.123785	0.2900543	1.2278187	23.609299	1
2686	CFH	0.15136126	0.0971019	-0.63989234	5.239527	1
2694	ZBTB41	0.17553525	0.1211051	-0.535132	5.239027	1
2707	MIR181A1HG	0.44105047	0.19487049	-1.178015	44.55244	1
2725	KIF21B	0.14045954	0.024886167	-2.4919798	41.490234	1
2730	TMEM9	0.2544769	0.36788586	0.53154874	10.072924	1
2734	TNNT2	0.08162964	0.1911683	1.2266663	15.39442	1
2737	TNNI1	0.13667618	0.21693623	0.66611886	7.5997205	1
2742	NAV1	0.3280969	0.49648443	0.5974775	16.617348	1
2750	TIMM17A	0.28833082	0.20168826	-0.51538295	8.144948	1
2769	ADIPOR1	0.16406935	0.11207053	-0.5494911	5.207396	1
2782	BTG2	0.2368038	0.16663206	-0.50676984	5.9264674	1
2794	SOX13	0.060807824	0.027329711	-1.1508882	6.437058	1
2798	REN	0.19592524	0.01310677	-3.8916898	33.10133	1
2801	PLEKHA6	0.040360287	0.08689843	1.1044828	7.0124707	1
2823	LEMD1	0.013416844	0.0005096739	-4.470577	6.0381074	1
2838	RAB7B	0.030149039	0.008350228	-1.8398272	6.5886483	1
2847	IKBKE	0.05221547	0.023630392	-1.1405017	5.7361937	1
2853	DYRK3	0.14528608	0.05113511	-1.5046843	21.911983	1
2854	MAPKAPK2	0.24238117	0.1342002	-0.8524112	15.89344	1
2859	FCMR	0.025440684	0.00753266	-1.7425394	5.2221336	1
2863	PFKFB2	0.041671146	0.01778886	-1.2234454	5.0408597	1
2870	CD55	0.21561629	0.015283612	-3.809669	44.55244	1
2899	G0S2	0.207153	0.40428853	0.964349	21.187582	1
2903	IRF6	0.03441968	0.010952436	-1.6430547	6.144175	1
2916	TRAF5	0.17387293	0.091008306	-0.93320835	12.42778	1
2918	LINC00467	0.105933405	0.061297182	-0.78827447	5.9237933	1
2946	ATF3	0.07238141	0.011095321	-2.6947153	20.780334	1
2964	PROX1	0.017859094	0.0651961	1.8622823	9.902451	1
2990	TGFB2	0.11826503	0.23264498	0.9755071	14.390489	1
3004	BPNT1	0.097567804	0.057134304	-0.771003	5.4128017	1
3005	IARS2	0.33716905	0.22587374	-0.5777448	11.645522	1
3010	MARK1	0.09542415	0.037690174	-1.3378544	12.383483	1
3036	AIDA	0.3332851	0.21840717	-0.60950893	12.5503	1
3046	SUSD4	0.080137916	0.019039543	-2.0677278	18.983015	1
3058	WDR26	0.29706663	0.1991675	-0.5765655	10.141253	1
3075	TMEM63A	0.18361917	0.07567604	-1.2776886	22.539562	1
3090	STUM	0.011431116	0.00053088047	-4.1920214	5.814054	1
3097	CDC42BPA	0.37002355	0.24455012	-0.5972869	13.557327	1
3136	RHOU	0.050104816	0.21584523	2.1047678	36.782345	1
3151	TAF5L	0.07470917	0.040554903	-0.8797857	5.1397533	1
3155	GALNT2	0.17432348	0.120349586	-0.53416485	5.2605186	1
3173	FAM89A	0.1895138	0.086618245	-1.1286565	18.986382	1
3180	EGLN1	0.14508511	0.21118286	0.5412823	5.593305	1
3184	DISC1	0.09746797	0.05483443	-0.8286969	6.0556383	1
3194	NTPCR	0.22180086	0.32896233	0.56844544	9.842458	1
3198	KCNK1	0.008665681	0.054846186	2.6480813	12.364464	1
3268	CHRM3	0.055369534	0.11393182	1.0396689	7.7345	1
3269	CHRM3-AS2	0.02610521	0.06890353	1.3968165	7.560464	1
3276	GREM2	0.0008974962	0.03978701	5.321464	10.923701	1
3287	OPN3	0.07640849	0.03476617	-1.1337919	7.444523	1
3288	CHML	0.119749434	0.07404653	-0.692772	5.350221	1
3294	PLD5	0.008789119	0.05632716	2.6662774	11.8706455	1
3325	KIF26B	0.13849552	0.41395992	1.5789589	44.55244	1
3470	COLEC11	0.035827737	0.17427789	2.279047	30.58312	1
3497	RNF144A	0.13043746	0.0812907	-0.6815281	5.7373443	1
3513	ID2	0.36182824	0.52079654	0.5252933	12.621103	1
3521	ITGB1BP1	0.4273812	0.27858844	-0.61720777	16.95524	1
3531	TAF1B	0.22463891	0.15087123	-0.5739763	7.5359197	1
3545	ODC1	0.13475402	0.2035399	0.59462166	6.2398205	1
3560	ROCK2	0.8831274	0.53963417	-0.7105359	44.55244	1
3606	FAM49A	0.062211677	0.02736602	-1.1818547	7.0344787	1
3623	OSR1	0.05988585	0.16655873	1.4742028	18.858698	1
3636	SDC1	0.015548706	0.041969433	1.4267292	5.0725675	1
3638	RHOB	0.57872254	0.21778911	-1.4095271	44.55244	1
3644	GDF7	0.028238403	0.0030299858	-3.1785305	10.894249	1
3672	FKBP1B	0.22937052	0.086069934	-1.4130523	31.566137	1
3680	ITSN2	0.19738472	0.13431528	-0.55504376	6.105921	1
3684	PTRHD1	0.36171222	0.2525524	-0.51808727	10.3641815	1
3686	ADCY3	0.097761	0.037887204	-1.3652204	12.861339	1
3698	ASXL2	0.17597364	0.107426584	-0.7114855	8.422279	1
3726	EMILIN1	0.41476268	0.78854775	0.92674726	44.55244	1
3760	MRPL33	0.41622403	0.26510453	-0.65060145	18.000345	1
3796	EHD3	0.07601974	0.039048333	-0.95931983	6.1319804	1
3837	STRN	0.28122848	0.18642625	-0.59287685	10.124186	1
3857	CYP1B1	0.12681913	0.04767767	-1.4095011	14.86712	1
3874	MORN2	0.19116144	0.13211177	-0.53269535	5.7265544	1
3882	MAP4K3-DT	0.1812751	0.11067299	-0.7113703	8.709206	1
3886	SLC8A1	0.31955844	0.13230403	-1.2715842	35.295105	1
3914	PLEKHH2	0.22246349	0.34489223	0.6323468	11.789943	1
3940	EPAS1	0.2775856	0.053842958	-2.3639457	44.55244	1
3946	RHOQ	0.42240283	0.23593408	-0.8399658	28.159008	1
3975	STON1	0.06328211	0.032324143	-0.9670073	5.05563	1
3983	NRXN1	0.42410046	0.92682886	1.1277126	44.55244	1
3998	PSME4	0.21370342	0.11416115	-0.90395004	15.280181	1
3999	ACYP2	0.122612216	0.07193684	-0.7684721	6.771244	1
4020	PNPT1	0.16925879	0.110423446	-0.61573046	6.37113	1
4065	B3GNT2	0.24583259	0.09460723	-1.3767165	33.45124	1
4080	PELI1	0.241806	0.11621602	-1.0563967	21.228067	1
4086	LGALSL	0.1760262	0.11930673	-0.56072533	5.51481	1
4111	MEIS1	0.4103495	0.6887614	0.74700916	34.95827	1
4144	ANTXR1	0.67430615	0.35964102	-0.9066592	44.55244	1
4149	ANXA4	0.16284165	0.08521843	-0.9334261	12.089798	1
4151	GMCL1	0.2156593	0.14180301	-0.6045175	7.798157	1
4153	MXD1	0.08303946	0.045289636	-0.87317044	5.712811	1
4221	TET3	0.12238588	0.06209187	-0.9778176	9.705266	1
4223	BOLA3	0.21380627	0.12873195	-0.7314883	10.729112	1
4227	MTHFD2	0.19306974	0.10702056	-0.8506337	11.995204	1
4321	CAPG	0.05797322	0.028534422	-1.0201226	5.0165267	1
4325	MAT2A	0.722025	0.4483696	-0.68723845	37.06573	1
4326	GGCX	0.17114677	0.11087383	-0.6258572	6.5201755	1
4327	VAMP8	0.0813176	0.016246539	-2.3163557	21.677748	1
4328	VAMP5	0.27237603	0.1120023	-1.2813134	32.162636	1
4348	CHMP3	0.745995	0.518667	-0.5242726	25.645626	1
4350	RNF103	0.08584602	0.045446195	-0.9161003	6.4158573	1
4361	CYTOR	0.8258426	0.10325088	-2.9984908	44.55244	1
4483	ANKRD36C	0.19954897	0.13994311	-0.5115947	5.4574285	1
4485	ADRA2B	0.014135335	0.00068531564	-4.18006	6.582078	1
4487	DUSP2	0.17932864	0.08382092	-1.0963078	13.703591	1
4499	ARID5A	0.0376763	0.013635721	-1.4595488	5.74419	1
4557	AFF3	0.10839687	0.20412806	0.91252756	11.485355	1
4563	PDCL3	0.18200092	0.115949556	-0.64999723	7.3582644	1
4569	NPAS2	0.03915286	0.01530049	-1.3498217	5.762093	1
4583	MAP4K4	1.2591609	0.8407003	-0.5827421	44.55244	1
4659	SLC5A7	0.11654864	0.021670256	-2.4217393	28.301666	1
4692	MIR4435-2HG	0.75341636	0.07591813	-3.3092234	44.55244	1
4696	AC108463.3	0.2200177	0.013359576	-4.0315704	44.55244	1
4698	AC068491.3	0.11636988	0.008039051	-3.8389525	44.55244	1
4753	ACTR3	0.75970113	0.47942698	-0.66400987	38.477173	1
4758	DPP10	0.048432883	0.10401717	1.1011734	8.296718	1
4781	DBI	1.1335303	0.4881358	-1.2153002	44.55244	1
4782	TMEM37	0.10862552	0.017252944	-2.6474383	32.437958	1
4788	EPB41L5	0.10337816	0.05836984	-0.8235617	6.3192344	1
4797	GLI2	0.05409241	0.102309294	0.9181839	6.5654535	1
4808	AC011246.1	0.032334518	0.002859488	-3.4541106	11.4911585	1
4827	BIN1	0.27893406	0.41609827	0.57682973	13.173173	1
4881	PLEKHB2	0.24215952	0.16289392	-0.57173514	8.059209	1
4892	C2orf27A	0.12679927	0.06078889	-1.0594329	11.568542	1
4903	LYPD1	0.016941156	0.0030373896	-2.4413867	5.3309226	1
4912	MGAT5	0.1324703	0.04013633	-1.7201868	24.469461	1
4925	MCM6	0.08607697	0.04610145	-0.8993641	6.2306128	1
4929	CXCR4	0.0902923	0.021572348	-2.0603445	20.07009	1
4935	SPOPL	0.11429656	0.17237553	0.592348	5.490022	1
4939	NXPH2	0.00832351	0.045647383	2.441196	8.691646	1
4946	LRP1B	0.08755353	0.28384826	1.6957439	38.73204	1
4981	KIF5C	0.15930068	0.4523543	1.5051142	44.55244	1
4992	RND3	0.35104346	0.5087364	0.5351413	13.530174	1
5011	FMNL2	0.08134457	0.1381991	0.7639015	6.4055552	1
5015	ARL6IP6	0.12912884	0.07542889	-0.7748276	7.0122275	1
5052	TANC1	0.2269665	0.07813652	-1.5372008	36.155293	1
5083	IFIH1	0.04032048	0.010617429	-1.9151275	8.783893	1
5103	SCN1A-AS1	0.003068523	0.025618203	3.0209074	6.1199713	1
5105	SCN9A	0.03167553	0.21233608	2.7410407	40.734344	1
5115	NOSTRIN	0.08087807	0.019127022	-2.074396	19.066286	1
5127	PHOSPHO2	0.058292773	0.022535777	-1.367185	8.237629	1
5128	KLHL23	0.45249602	0.1525416	-1.5680758	44.55244	1
5148	CYBRD1	0.17280713	0.09443927	-0.8710117	11.301916	1
5151	HAT1	0.2042116	0.14321736	-0.5115577	5.718864	1
5166	MAP3K20	0.2678752	0.1508175	-0.8283392	16.016203	1
5198	HOXD-AS2	0.12512717	0.075387865	-0.730231	6.2875032	1
5212	LINC01116	0.17762615	0.08641956	-1.0385578	15.0354595	1
5229	AC012499.1	0.00040045916	0.017359706	5.124633	5.752509	1
5232	OSBPL6	0.08364544	0.019514615	-2.0940816	19.19215	1
5234	PRKRA	0.25942302	0.17919691	-0.53351176	7.5798717	1
5236	FKBP7	0.26857585	0.38336995	0.5132469	10.143035	1
5239	TTN	0.17410174	0.27656993	0.66740674	9.400473	1
5266	ITPRID2	0.85878277	1.2679901	0.5621241	44.55244	1
5268	PDE1A	0.25601396	0.5049581	0.97966355	33.531048	1
5271	FRZB	0.5471367	0.20093629	-1.4447091	44.55244	1
5272	NCKAP1	0.472048	0.32107362	-0.5558858	15.722476	1
5284	ZNF804A	0.03958712	0.106197536	1.4213653	11.316675	1
5290	LINC01473	0.044436254	0.08170416	0.87719405	5.0366054	1
5293	ITGAV	0.7373814	0.39244518	-0.909748	44.55244	1
5298	CALCRL	0.089262106	0.14917563	0.74024355	6.4673204	1
5301	GULP1	0.07045652	0.15816525	1.1654931	13.293257	1
5327	NAB1	0.17926694	0.09159499	-0.96799916	13.727302	1
5330	GLS	0.38503805	0.21596918	-0.8338823	24.779066	1
5331	STAT1	0.22024119	0.1524409	-0.53054297	6.544298	1
5337	MYO1B	0.51000154	0.17641883	-1.5309623	44.55244	1
5338	NABP1	0.074111305	0.02063804	-1.8393595	15.926269	1
5340	CAVIN2	0.0012271306	0.020213742	3.9360738	6.604299	1
5359	STK17B	0.36680838	0.07144026	-2.3585925	44.55244	1
5360	AC114760.2	0.04852245	0.008888317	-2.4354997	14.584917	1
5361	HECW2	0.10967356	0.041546382	-1.3982675	14.887767	1
5362	HECW2-AS1	0.022939004	0.0009837567	-4.4099655	11.874027	1
5368	ANKRD44	0.17366502	0.10315127	-0.7509782	9.177451	1
5388	SATB2	0.033614963	0.009785471	-1.7700076	7.2152767	1
5398	SPATS2L	1.0521538	0.4596148	-1.1946718	44.55244	1
5412	NDUFB3	0.46471542	0.3105675	-0.5812866	16.785484	1
5414	CFLAR	0.19787498	0.13505644	-0.55068785	5.9911957	1
5446	ABI2	0.8178808	0.56745845	-0.52729803	29.230968	1
5448	RAPH1	0.18255247	0.0662512	-1.4609067	26.27672	1
5458	NRP2	0.46383756	1.1248664	1.2778794	44.55244	1
5479	KLF7	0.16527484	0.08667135	-0.9304491	12.1289625	1
5512	KANSL1L	0.1431975	0.08785853	-0.70411813	6.6419797	1
5536	BARD1	0.124492474	0.23467073	0.9140356	13.539192	1
5543	FN1	2.689955	1.3493354	-0.9952796	44.55244	1
5570	IGFBP5	1.276129	2.1343338	0.7419661	44.55244	1
5571	AC007563.2	0.009811046	0.032950953	1.7375828	5.0501614	1
5583	DIRC3	0.037608847	0.19992901	2.4072342	37.03387	1
5584	TNS1	0.31773636	0.12739478	-1.317846	41.06971	1
5591	GPBAR1	0.05061891	0.016328476	-1.6263251	8.74688	1
5639	TUBA4A	0.06468529	0.004921335	-3.6895235	25.65728	1
5655	CHPF	0.20643318	0.13657697	-0.5956034	7.382878	1
5674	EPHA4	0.10990417	0.4307169	1.9695166	44.55244	1
5683	ACSL3	0.4462818	0.29882485	-0.5784954	15.400428	1
5688	SCG2	0.083067045	0.19182892	1.2064883	10.476534	1
5693	SERPINE2	0.19302493	0.40667257	1.0746878	28.381716	1
5698	DOCK10	0.07945027	0.014647906	-2.431357	22.857712	1
5729	PID1	0.11402903	0.31480277	1.4642406	37.361134	1
5739	SP140L	0.14153317	0.08613408	-0.71582896	6.9604	1
5740	SP100	0.20196071	0.069862865	-1.5301275	32.256924	1
5755	ARMC9	0.14390804	0.09232042	-0.6398658	5.7924395	1
5762	NMUR1	0.01704137	0.00053310086	-4.758903	9.119816	1
5766	PDE6D	0.0964722	0.053472795	-0.8501073	6.1375456	1
5825	AGAP1	0.13976613	0.08950512	-0.64239347	5.685125	1
5834	ACKR3	0.0081726415	0.030970559	1.9091282	5.1333346	1
5841	COL6A3	1.4247258	0.9006964	-0.6615125	44.55244	1
5849	LRRFIP1	0.41973832	0.2848534	-0.5591079	13.785539	1
5894	GPC1	0.36299345	0.07004202	-2.37199	44.55244	1
5899	RNPEPL1	0.13052918	0.066342674	-0.9752952	10.443934	1
5982	BHLHE40	0.035700165	0.012363088	-1.5223048	6.150875	1
6006	SRGAP3	0.02641775	0.100988604	1.93059	15.373586	1
6022	CAMK1	0.10328184	0.053206	-0.9556129	7.6606984	1
6068	TIMP4	0.014850763	0.002434329	-2.5605433	5.287956	1
6069	PPARG	0.31935814	0.06935456	-2.2014856	44.55244	1
6083	FBLN2	0.022495456	0.08676955	1.9428179	14.001657	1
6118	ANKRD28	0.13892591	0.052059457	-1.414353	19.674105	1
6123	DPH3	0.3855585	0.24869704	-0.6323545	15.606872	1
6125	RFTN1	0.15999731	0.09216445	-0.79510236	9.010847	1
6196	TGFBR2	0.3369455	0.23271567	-0.53375524	9.8369255	1
6207	CMTM6	0.5571735	0.3605516	-0.6277798	23.873396	1
6208	DYNC1LI1	0.29959887	0.17728795	-0.7566056	15.973361	1
6211	TRIM71	0.04709047	0.01951399	-1.2666125	6.064466	1
6237	LRRFIP2	0.2958501	0.2015959	-0.5531721	9.371616	1
6281	MYRIP	0.0025551382	0.022301901	3.0767622	5.5026917	1
6285	ENTPD3	0.007886599	0.030693306	1.9469637	5.327631	1
6297	TRAK1	0.12538189	0.065393746	-0.9380501	9.373705	1
6316	HIGD1A	0.3512362	0.22490428	-0.64289963	13.823065	1
6328	SNRK	0.17033401	0.09804453	-0.79623353	9.883359	1
6356	ZDHHC3	0.24877258	0.17358208	-0.5189584	7.0951242	1
6360	TMEM158	0.039516993	0.122653134	1.6315686	14.646301	1
6374	CCR1	0.026448067	0.00048609613	-5.5013256	15.218491	1
6390	MYL3	0.025878606	0.074820645	1.5280393	8.85518	1
6448	LAMB2	0.41002083	0.14663558	-1.4828302	44.55244	1
6450	KLHDC8B	0.39182582	0.16808486	-1.2205327	44.55244	1
6461	DAG1	0.13238832	0.07713311	-0.7785738	7.4480143	1
6470	IP6K1	0.16987255	0.115666166	-0.55408806	5.3830295	1
6493	IFRD2	0.13898566	0.09045321	-0.61913604	5.397081	1
6553	TNNC1	0.078587025	0.13963862	0.8285331	6.7085147	1
6556	NT5DC2	0.6940721	0.43142313	-0.6858556	36.097263	1
6557	SMIM4	0.13266863	0.082263485	-0.6888375	6.1523037	1
6571	PRKCD	0.045176998	0.020453405	-1.139401	5.031813	1
6605	IL17RD	0.035877854	0.10419345	1.5354675	12.687618	1
6618	SLMAP	0.19062525	0.12125313	-0.65228444	7.868688	1
6646	C3orf14	0.093599014	0.049879428	-0.9066995	6.586025	1
6657	ATXN7	0.14196095	0.094019875	-0.59393865	5.08909	1
6675	MAGI1	0.08188825	0.028594438	-1.514646	12.659581	1
6680	LRIG1	0.046718016	0.010125897	-2.1948366	12.637291	1
6697	FRMD4B	0.05913138	0.025174005	-1.2287076	7.080233	1
6705	FOXP1	0.7312389	0.44189888	-0.7264975	40.78499	1
6727	GXYLT2	0.01662295	0.04420845	1.4057525	5.3854475	1
6740	ROBO2	0.14345582	0.28713945	1.0006421	18.26622	1
6779	EPHA3	0.19172855	0.09295634	-1.0436411	16.130217	1
6781	PROS1	0.102268696	0.16812657	0.716631	7.1945777	1
6811	CLDND1	0.32913512	0.23208469	-0.50384533	8.769186	1
6818	DCBLD2	0.6085099	0.23985401	-1.34276	44.55244	1
6827	FILIP1L	0.33395717	0.123610266	-1.4331297	44.251408	1
6830	NIT2	0.15681969	0.10439447	-0.5865997	5.462449	1
6833	TMEM45A	0.13099001	0.26362082	1.0084536	18.139248	1
6854	ALCAM	0.049664374	0.12893957	1.3746283	11.555412	1
6858	LINC00882	0.045302194	0.015575109	-1.5342866	7.258597	1
6860	DUBR	0.11820217	0.06827735	-0.7908861	6.634292	1
6906	CD200	0.022495106	0.06513139	1.529556	8.12281	1
6922	BOC	0.13483603	0.21166198	0.6501679	7.5270205	1
6956	LSAMP	0.3395242	0.63426137	0.9013657	42.996136	1
6961	AC092691.1	0.029689467	0.068027414	1.1934332	6.383025	1
6975	POGLUT1	0.19388382	0.123772666	-0.64707845	7.9226584	1
6983	COX17	0.3352854	0.17904206	-0.90471566	24.042578	1
7007	HCLS1	0.024954528	0.07210588	1.527045	9.301081	1
7017	FAM162A	0.54638916	0.9946572	0.86415154	44.55244	1
7020	KPNA1	0.24156499	0.15201539	-0.6678424	10.459576	1
7022	PARP9	0.072531	0.030400045	-1.2517741	8.720936	1
7023	DTX3L	0.060232148	0.027008273	-1.1541938	6.3877416	1
7029	SEMA5B	0.39350536	0.073978364	-2.4096255	44.55244	1
7037	MYLK	0.3582261	0.17759608	-1.0118612	29.186537	1
7042	KALRN	0.1946125	0.12764798	-0.60804504	7.1005034	1
7045	ITGB5	0.2594031	0.1581156	-0.7138599	12.348943	1
7048	HEG1	0.13260596	0.070035286	-0.92002064	9.790875	1
7095	ABTB1	0.09505961	0.046202954	-1.0392451	8.233713	1
7096	MGLL	0.13030554	0.053541593	-1.2815812	15.58861	1
7100	RUVBL1	0.26945072	0.1887878	-0.5130272	7.437154	1
7128	H1FX-AS1	0.020378409	0.0042682975	-2.2289608	5.6755104	1
7134	PLXND1	0.4124335	0.13901536	-1.5682296	44.55244	1
7197	SLC35G2	0.05860918	0.025298601	-1.2088372	6.7966332	1
7216	FAIM	0.10633663	0.05239523	-1.0197365	8.888743	1
7217	PIK3CB	0.034807008	0.013446362	-1.3656113	5.009214	1
7233	RBP1	0.21654537	0.48516876	1.1634486	43.21002	1
7238	CLSTN2	0.0178298	0.081291765	2.1825235	13.0073805	1
7251	ZBTB38	0.3142771	0.19970848	-0.65387833	12.806119	1
7252	RASA2	0.16826528	0.10548088	-0.673246	7.1121864	1
7257	ATP1B3	0.54113716	0.26268548	-1.0423754	44.55244	1
7275	CHST2	0.492826	0.2235966	-1.1398277	44.55244	1
7281	DIPK2A	0.09698107	0.16088845	0.7296952	6.604356	1
7287	PLOD2	0.21210143	0.33873153	0.67513365	12.726376	1
7288	PLSCR4	0.06544505	0.029009083	-1.1710175	7.268524	1
7290	PLSCR1	0.16710316	0.0974028	-0.7780865	9.212679	1
7308	AGTR1	0.19475015	0.04625571	-2.071546	44.251408	1
7313	GYG1	0.1799874	0.096506126	-0.8985106	12.757667	1
7330	RNF13	0.224989	0.14267255	-0.65677685	9.505063	1
7359	IGSF10	0.0026468413	0.02474314	3.177002	6.5383883	1
7364	SUCNR1	0.073937066	0.020894216	-1.8182558	12.123479	1
7366	MBNL1	0.42341363	0.28416187	-0.57518786	14.92491	1
7373	RAP2B	0.4051671	0.1410887	-1.5212483	44.55244	1
7386	MME	0.044144288	0.10488317	1.2465949	8.961562	1
7407	TIPARP	0.19326754	0.112447985	-0.78080535	10.336762	1
7467	SLITRK3	0.03926395	0.08716631	1.1485498	7.0391445	1
7476	PDCD10	0.45659932	0.3020907	-0.5957854	17.115383	1
7477	SERPINI1	0.67952055	0.0678341	-3.3225217	44.55244	1
7487	MECOM	0.64675033	0.23913503	-1.4350034	44.55244	1
7533	ECT2	0.037838403	0.013732238	-1.4556245	6.111734	1
7563	PIK3CA	0.21898338	0.15114142	-0.5346268	6.4319587	1
7638	EIF4G1	0.5474675	0.37573668	-0.542931	18.497631	1
7687	RPL39L	0.1536366	0.07780268	-0.9807159	12.239667	1
7706	LPP	0.70215696	0.43483576	-0.69119674	37.073414	1
7717	IL1RAP	0.13970168	0.04098926	-1.7665484	25.861572	1
7760	ATP13A3	0.20141315	0.11909126	-0.7575956	10.565386	1
7780	PPP1R2	0.35960758	0.24466538	-0.555425	11.501943	1
7795	PCYT1A	0.1928074	0.13225834	-0.5434595	5.9486365	1
7810	PIGX	0.22407939	0.13698852	-0.70954585	10.401081	1
7820	MELTF	0.02777011	0.006658323	-2.0439813	6.023792	1
7880	SPON2	0.3745159	0.03926714	-3.250348	44.55244	1
7902	C4orf48	0.5624729	0.36567986	-0.6210645	23.262474	1
7918	MFSD10	0.3386263	0.19535227	-0.7933035	19.67338	1
7946	MSX1	0.062960275	0.1265269	1.0057806	8.632366	1
7947	CYTL1	0.07226019	0.2281925	1.6576152	28.38162	1
7952	CRMP1	0.24838562	0.14920272	-0.734922	12.308379	1
7989	HTRA3	0.11583935	0.043991253	-1.3948058	15.499255	1
8031	WDR1	0.32285407	0.1720805	-0.9074072	23.963373	1
8049	NKX3-2	0.024083598	0.106089786	2.1345444	17.23262	1
8073	PROM1	0.016402626	0.07244032	2.1360874	13.118252	1
8080	LDB2	0.22790918	0.43468434	0.931208	28.451862	1
8101	KCNIP4	0.13974614	0.03579791	-1.9618686	28.179296	1
8104	AC096576.6	0.111432225	0.02661995	-2.0614715	24.993633	1
8107	KCNIP4-IT1	0.21936212	0.012600189	-4.11105	44.55244	1
8185	TBC1D1	0.53834105	0.33466154	-0.68565464	24.361855	1
8193	KLF3-AS1	0.043105736	0.08373601	0.95634717	5.77452	1
8201	KLHL5	0.19827138	0.1346674	-0.5577324	6.4175897	1
8204	WDR19	0.09889341	0.058002923	-0.7687218	5.337941	1
8228	APBB2	0.21789508	0.06981373	-1.6406479	38.568172	1
8231	UCHL1	0.7678974	0.47822893	-0.68309855	35.79401	1
8267	GABRA2	0.10583042	0.2621441	1.3077931	24.194569	1
8278	CORIN	0.02902987	0.06608595	1.1840258	5.834873	1
8282	NIPAL1	0.04301165	0.012583791	-1.7650918	8.540199	1
8297	SGCB	0.35861787	0.24718226	-0.5366908	10.981145	1
8305	DANCR	0.43872333	0.3092506	-0.50439745	11.815072	1
8332	KDR	0.019207975	0.07386425	1.9376314	10.862331	1
8334	SRD5A3	0.12135687	0.069901496	-0.7949864	6.990587	1
8338	CLOCK	0.2233542	0.1392681	-0.6810788	9.909881	1
8386	ADGRL3	0.05465542	0.16317585	1.5762377	19.36317	1
8453	SLC4A4	0.027521163	0.0052140607	-2.3778875	8.266823	1
8457	ADAMTS3	0.02842859	0.06437433	1.1763164	5.894979	1
8479	MTHFD2L	0.13548769	0.08129702	-0.73617834	6.963215	1
8488	PARM1	0.02197377	0.12630004	2.517592	24.341324	1
8517	STBD1	0.068290286	0.01534645	-2.146516	16.58164	1
8519	SHROOM3	0.07877336	0.16127919	1.0328444	12.004567	1
8535	BMP2K	0.11562308	0.054496408	-1.0837986	10.999834	1
8544	ANTXR2	0.29057875	0.55035657	0.92120326	37.67463	1
8546	PRDM8	0.019347383	0.05472666	1.4953016	6.489438	1
8561	SCD5	0.013952936	0.045147315	1.6869607	6.3365507	1
8585	ARHGAP24	0.22933972	0.08739598	-1.3908265	30.75005	1
8588	PTPN13	0.5731028	0.3073154	-0.8988562	41.624043	1
8599	SPARCL1	0.087659776	0.32304457	1.8805479	40.63704	1
8609	PPM1K	0.20545205	0.122943275	-0.740338	10.51564	1
8613	HERC6	0.0326497	0.009059464	-1.8381468	7.213708	1
8614	HERC5	0.07338224	0.035277456	-1.0545653	6.661838	1
8624	GPRIN3	0.25855893	0.06320913	-2.0305653	44.55244	1
8633	CCSER1	0.019201403	0.0046326574	-2.0279834	5.031838	1
8648	PDLIM5	0.32149875	0.09949595	-1.6911027	44.55244	1
8662	RAP1GDS1	0.1790888	0.09197355	-0.9606217	13.638919	1
8696	PPP3CA	0.51914275	0.75524104	0.54071903	23.346634	1
8704	NFKB1	0.2123073	0.13572286	-0.645107	8.393205	1
8721	CXXC4	0.1518653	0.22834952	0.58813345	6.9738626	1
8736	NPNT	0.032464013	0.0042319363	-2.9101949	10.662287	1
8744	DKK2	0.012562386	0.06615119	2.387397	11.659992	1
8751	HADH	0.2136898	0.1406793	-0.6027578	7.6971	1
8752	LEF1	0.10320722	0.019001732	-2.435166	30.745506	1
8753	LEF1-AS1	0.01589725	0.0029406613	-2.395367	5.2669563	1
8777	PITX2	0.15299948	0.26243395	0.7780345	12.118423	1
8783	FAM241A	0.25513196	0.045765765	-2.4763193	44.55244	1
8795	ANK2	0.07782623	0.035667643	-1.123454	7.6490903	1
8808	AC093765.3	0.030808887	0.0046748235	-2.6945024	9.649142	1
8818	PRSS12	0.033959955	0.11428114	1.7477007	14.277993	1
8824	USP53	0.20357372	0.06922107	-1.554894	26.45061	1
8829	PDE5A	0.116005026	0.06400393	-0.8569457	7.4575844	1
8842	ANXA5	1.1610522	0.7463157	-0.63750577	44.55244	1
8857	FGF2	0.030393457	0.07388259	1.278686	7.198634	1
8862	SPRY1	0.56159395	1.0852665	0.950326	44.55244	1
8871	ANKRD50	0.38794822	0.24745117	-0.64850914	15.963842	1
8872	FAT4	0.06951858	0.1746598	1.327829	17.480558	1
8912	AC105383.1	0.03020192	0.06556678	1.1157546	5.245451	1
8913	PCDH10	0.40693668	0.8161072	1.0037768	44.55244	1
8918	PABPC4L	0.069028765	0.11906461	0.78559774	5.8247733	1
8940	SLC7A11	0.033775426	0.010223365	-1.7143259	6.7104197	1
8960	MGST2	0.27371797	0.1668784	-0.71355546	13.118297	1
8974	RNF150	0.14828484	0.23667741	0.6741877	8.873381	1
8981	INPP4B	0.13049912	0.078002214	-0.7417099	6.507287	1
8987	GAB1	0.21668537	0.1190232	-0.86381304	14.003832	1
8999	HHIP-AS1	0.005884328	0.03269629	2.4542718	6.344398	1
9022	TTC29	0.028014999	0.0049055433	-2.4897413	8.2011595	1
9032	ARHGAP10	0.114899054	0.055896595	-1.038211	9.683336	1
9073	FBXW7	0.3571567	0.16454278	-1.1176217	34.854588	1
9086	TMEM131L	0.18896703	0.11091268	-0.7681734	9.98566	1
9089	RNF175	0.0028336863	0.020196948	2.7904763	5.1618156	1
9091	SFRP2	0.08508073	0.21823166	1.3579224	14.917871	1
9110	GUCY1A1	0.5392154	0.23241585	-1.2138002	44.55244	1
9111	AC104083.1	0.08755269	0.027343942	-1.6753107	15.379881	1
9112	GUCY1B1	0.5173484	0.28735402	-0.848084	33.130924	1
9114	TDO2	0.20016037	0.13056222	-0.61603487	6.0310035	1
9140	FNIP2	0.462491	0.16769549	-1.4630332	44.55244	1
9142	RAPGEF2	0.37853402	0.14434561	-1.3902776	44.55244	1
9147	FSTL5	0.04082064	0.338109	3.0470142	44.55244	1
9168	KLHL2	0.029464252	0.008298302	-1.8156843	6.443728	1
9176	SPOCK3	0.03241526	0.0986264	1.6023189	11.123928	1
9200	MFAP3L	0.022736806	0.0007189969	-4.801359	11.355991	1
9211	GALNTL6	0.014342967	0.04742041	1.7181801	6.6131053	1
9218	SCRG1	0.043448918	0.1165861	1.4219239	12.640861	1
9223	HAND2	0.2875951	0.81643057	1.5049664	44.55244	1
9224	HAND2-AS1	0.09955405	0.34816185	1.8051721	44.55244	1
9228	LINC02268	0.0048269704	0.031506423	2.6814451	7.055674	1
9261	LINC01099	0.023756832	0.0060064048	-1.9660075	5.362277	1
9272	TENM3	0.11817766	0.27340788	1.2094047	22.862663	1
9295	STOX2	0.08290587	0.19200532	1.2106122	16.936533	1
9301	IRF2	0.32152584	0.18151204	-0.8245234	19.86139	1
9319	SLC25A4	0.2304055	0.15704632	-0.5526926	7.05252	1
9342	FAT1	0.42910743	0.27093676	-0.6631866	18.081766	1
9412	CLPTM1L	0.24698502	0.1692972	-0.5445975	7.5870895	1
9503	SEMA5A	0.6065086	0.2615487	-1.213135	44.55244	1
9565	MYO10	0.3699297	0.07321236	-2.3355126	44.55244	1
9601	CDH12	0.004953671	0.045035638	3.1588635	10.801588	1
9604	AC091938.1	0.0004566679	0.018963944	5.097886	5.9206676	1
9611	CDH10	0.049200136	0.09124673	0.88976145	5.2526517	1
9617	LINC02228	0.0016331751	0.03635841	4.3947625	10.48651	1
9639	CDH6	0.0386166	0.0026561304	-3.8122363	16.162825	1
9664	TARS	0.4025494	0.26843905	-0.5843922	14.220718	1
9674	RAI14	0.30537474	0.20126274	-0.6012563	10.805454	1
9682	PRLR	0.04276936	0.21188262	2.3059273	37.63283	1
9683	SPEF2	0.08132643	0.14275573	0.8109898	7.26887	1
9685	IL7R	0.33013076	0.044588655	-2.8854938	44.55244	1
9725	RICTOR	0.21628855	0.13228358	-0.7089	10.412176	1
9763	ANXA2R	0.022000946	0.0057909726	-1.9075304	5.1962385	1
9768	HMGCS1	0.3247113	0.22637956	-0.5202208	8.615004	1
9778	NNT	0.21596749	0.13737608	-0.6523013	9.07194	1
9792	EMB	0.05616951	0.016801232	-1.735225	10.702054	1
9800	AC010478.1	0.0065410044	0.032679215	2.303308	6.660318	1
9801	ISL1	0.093762115	0.3359833	1.840204	44.55244	1
9805	AC022126.1	0.071814224	0.03774957	-0.9260002	5.405223	1
9807	ITGA1	0.5196142	0.2956563	-0.8133098	30.017065	1
9809	ITGA2	0.21971889	0.08464993	-1.3750314	25.31305	1
9815	FST	0.010490492	0.044344973	2.0692508	7.0514975	1
9854	MAP3K1	0.2780043	0.4796987	0.78680325	25.309153	1
9870	PLK2	0.55535746	0.8120169	0.54801095	24.226887	1
9873	RAB3C	0.019809792	0.108097695	2.4421198	21.919304	1
9876	PDE4D	0.047748964	0.12935098	1.4358462	14.739231	1
9890	ZSWIM6	0.21763925	0.101298355	-1.1025673	21.192524	1
9896	DIMT1	0.20829746	0.12973905	-0.6826133	9.418876	1
9901	HTR1A	0.027217902	1.3897079e-09	-8.093683	14.945602	1
9902	RNF180	0.19584854	0.07574739	-1.3693032	25.773447	1
9928	MAST4	0.32269478	0.18441504	-0.8068788	19.225544	1
9956	AK6	0.26334107	0.18158299	-0.5360569	7.9546313	1
9979	MAP1B	0.9824256	0.5064996	-0.9556491	44.55244	1
9990	FCHO2	0.19154789	0.12934074	-0.5661664	6.2495966	1
10013	ENC1	0.37368676	0.529187	0.50183487	12.462708	1
10035	IQGAP2	0.0699045	0.14021039	1.0031023	9.131952	1
10039	F2R	0.4403498	0.281564	-0.64500237	17.536274	1
10042	CRHBP	0.012863488	0.071007185	2.4555414	10.795185	1
10111	EDIL3	0.350256	0.14288452	-1.2929624	39.159187	1
10112	AC113383.1	0.025851157	0.0035439695	-2.832216	9.025702	1
10143	MEF2C	1.3450531	0.36040965	-1.8996607	44.55244	1
10176	NR2F1	1.0776843	0.7121755	-0.5975612	38.7496	1
10198	GLRX	0.24575736	0.12417337	-0.9843042	20.140915	1
10203	ELL2	0.12833916	0.049215984	-1.3809578	17.170542	1
10210	CAST	1.0611138	0.6372407	-0.7355786	44.55244	1
10219	LIX1	0.0034240943	0.034261096	3.2854517	8.192892	1
10228	RGMB	0.061602876	0.030368712	-1.0180092	5.5356617	1
10261	EFNA5	0.11516336	0.19248116	0.7405325	8.342464	1
10275	MAN2A1	0.16554141	0.10951043	-0.59567827	5.9492474	1
10278	SLC25A46	0.16480267	0.11067993	-0.57391816	5.552191	1
10299	REEP5	0.47285494	0.29830897	-0.6644119	21.421995	1
10301	MCC	0.07808591	0.20637028	1.4009537	21.819775	1
10306	KCNN2	0.037536856	0.20121458	2.4192336	34.397305	1
10333	SEMA6A	0.45314202	0.7459614	0.71901286	32.519497	1
10352	HSD17B4	0.33191425	0.21660778	-0.6154941	12.604181	1
10398	GRAMD2B	0.11441809	0.049002618	-1.2217036	11.903644	1
10409	MEGF10	0.092115045	0.01636932	-2.4852211	27.212137	1
10418	SLC12A2	0.13817103	0.073821984	-0.9034235	9.577893	1
10419	FBN2	0.27527088	0.468304	0.76637745	21.441557	1
10433	RAPGEF6	0.1730028	0.109320566	-0.66174513	7.17179	1
10444	P4HA2	0.34187442	0.5369511	0.6511711	20.945108	1
10445	PDLIM4	0.15066558	0.23437522	0.6371284	8.344493	1
10461	SEPTIN8	0.17946583	0.120255455	-0.5772113	6.165187	1
10526	TGFBI	0.1577287	0.41760543	1.4041263	41.1849	1
10537	KLHL3	0.09047909	0.031500306	-1.5192395	14.241146	1
10566	SNHG4	0.047657646	0.020016005	-1.2473879	5.927837	1
10573	SPATA24	0.024707329	0.0067130593	-1.8643917	5.638481	1
10577	TMEM173	0.1476486	0.05006476	-1.5583984	23.620546	1
10581	CXXC5	1.0527388	0.5829175	-0.8526735	44.55244	1
10594	CYSTM1	0.60964197	0.17276289	-1.8185707	44.55244	1
10595	AC011379.1	0.029594647	0.0068650753	-2.091992	7.597237	1
10597	HBEGF	0.08037098	0.012536243	-2.670901	24.481115	1
10689	DIAPH1	0.20007764	0.113462575	-0.8177933	12.008336	1
10695	ARAP3	0.20568581	0.1427442	-0.52670103	6.0701885	1
10699	PCDH1	0.15525672	0.01237618	-3.6383364	44.55244	1
10701	DELE1	0.16084215	0.10309912	-0.64111155	6.5162888	1
10702	PCDH12	0.028650314	0.007276486	-1.962572	6.823409	1
10708	SPRY4	0.2698128	0.16357033	-0.72170043	12.975191	1
10714	ARHGAP26	0.10652364	0.02466501	-2.1061523	24.95962	1
10723	KCTD16	0.017532302	0.063414656	1.8488687	9.140499	1
10748	DPYSL3	0.10159247	0.33949107	1.7395855	44.55244	1
10751	JAKMIP2	0.04991544	0.092340164	0.88614625	5.3290563	1
10770	ADRB2	0.042467736	0.15492062	1.8646278	22.076046	1
10782	IL17B	0.03491115	0.0076513924	-2.175287	8.794921	1
10784	CARMN	1.3150743	0.4865884	-1.4341838	44.55244	1
10785	AC131025.2	0.030645158	0.007893383	-1.9434812	7.0190067	1
10789	PPARGC1B	0.06450714	0.021229943	-1.5988135	11.012485	1
10795	PDGFRB	1.7838155	0.954477	-0.90211385	44.55244	1
10799	ARSI	0.0041791853	0.03326638	2.9629874	8.066295	1
10801	CD74	0.025423706	0.059108015	1.2139547	5.6232386	1
10818	ANXA6	0.6907591	0.48531458	-0.5091742	21.712887	1
10829	SPARC	1.8154215	1.2792337	-0.50499135	44.55244	1
10850	HAND1	0.012911475	0.057389695	2.143519	8.857728	1
10859	SGCD	0.023638237	0.082548685	1.7997792	11.850295	1
10876	ADAM19	0.13405995	0.06681679	-1.0035138	11.202797	1
10893	EBF1	0.7507637	0.2132001	-1.8156664	44.55244	1
10896	LINC02202	0.026013535	0.007495373	-1.781605	5.6154947	1
10897	RNF145	0.24669212	0.17037512	-0.53373504	7.212919	1
10921	GABRB2	0.012223501	0.042525686	1.790311	6.333799	1
10924	GABRA1	0.009059338	0.044127524	2.2716293	8.534542	1
10936	AC109466.1	0.014689938	0.0523644	1.826723	7.5225053	1
10960	SLIT3	0.22314046	0.34943822	0.6468516	12.575963	1
10971	LCP2	0.020678734	0.0018272134	-3.4305196	9.783494	1
10974	KCNIP1	0.0031918655	0.025061458	2.9342382	6.711623	1
10990	STK10	0.16692449	0.060458653	-1.4636546	24.878035	1
11000	DUSP1	0.23139681	0.13436599	-0.783751	12.253641	1
11010	NKX2-5	0.019218622	0.051834617	1.4267043	6.110046	1
11023	CPEB4	0.13758217	0.072669975	-0.91992646	10.076773	1
11143	MGAT4B	0.33553997	0.18918298	-0.8263697	20.74445	1
11157	SCGB3A1	0.028565023	0.004399798	-2.6713595	8.864019	1
11168	BTNL9	0.08398589	0.005167075	-3.99679	35.7218	1
11225	SERPINB1	0.08828065	0.04915099	-0.84357786	5.5811663	1
11234	RIPK1	0.1495249	0.088193804	-0.7609662	8.000374	1
11238	TUBB2A	0.14070728	0.08694156	-0.6939455	6.1373844	1
11298	AL031058.1	0.097552985	0.045778096	-1.0898587	8.932335	1
11299	DSP	0.6425765	0.23325107	-1.4615906	44.55244	1
11318	GCNT2	0.026890298	0.0059373244	-2.1604598	6.916694	1
11330	ELOVL2	0.038897656	0.011315393	-1.7724069	7.420454	1
11349	PHACTR1	0.069583654	0.03158498	-1.1370211	7.268106	1
11353	GFOD1	0.078464895	0.13292556	0.7597467	6.162444	1
11406	ID4	0.67047495	0.41110688	-0.7055342	30.083694	1
11433	DCDC2	0.017495194	1.3897079e-09	-7.4590178	10.888751	1
11445	GMNN	0.16564262	0.08897127	-0.8959125	11.254899	1
11447	RIPOR2	0.08736389	0.011517789	-2.912352	29.4329	1
11461	TRIM38	0.3722609	0.19864704	-0.9057681	26.925987	1
11473	HIST1H1C	0.23139018	0.15061389	-0.61913854	8.53819	1
11480	HIST1H2BD	0.11516796	0.20791781	0.8517155	11.228797	1
11507	HMGN4	0.21090563	0.14645357	-0.5258533	6.084576	1
11629	HLA-E	0.52874714	0.25673404	-1.0420145	44.55244	1
11672	HLA-C	0.3930575	0.20566328	-0.9341218	29.586895	1
11673	HLA-B	0.23441495	0.093478665	-1.3254282	29.490152	1
11692	AIF1	0.07053502	0.13554826	0.941415	8.577496	1
11714	VARS	0.14891468	0.085676014	-0.79680824	8.800301	1
11750	GPSM3	0.18066792	0.08107187	-1.1550869	18.775644	1
11765	TAP2	0.04228869	0.0126958145	-1.7280074	8.219467	1
11766	PSMB8	0.2115164	0.12990992	-0.7028297	9.765975	1
11769	TAP1	0.020943986	0.0034573523	-2.5645323	6.64875	1
11777	HLA-DPB1	0.10386259	0.15828189	0.60734284	5.3579082	1
11792	TAPBP	0.21428435	0.10863812	-0.9793418	17.263424	1
11813	HMGA1	0.06989047	0.037382733	-0.9009324	5.190826	1
11829	SCUBE3	0.078400396	0.17848161	1.1858118	14.861709	1
11839	FKBP5	0.43777728	0.23226906	-0.9141086	31.057167	1
11855	ETV7	0.014165038	0.0005448154	-4.4674535	8.026648	1
11862	CDKN1A	0.2014398	0.13612595	-0.56506324	5.638108	1
11896	KCNK17	0.039261147	0.000497033	-6.0428176	19.122492	1
11899	DAAM2	0.18585432	0.064954944	-1.5152177	28.063017	1
11901	MOCS1	0.029885823	0.009236492	-1.683328	5.8488626	1
11925	MDFI	0.49632546	0.74712235	0.5899606	28.94572	1
11997	VEGFA	0.1372495	0.27984446	1.0272889	19.202845	1
12022	RUNX2	0.025809105	0.005161017	-2.3000457	7.6675997	1
12029	RCAN2	0.049418077	0.109190464	1.1421403	8.838654	1
12039	ADGRF5	0.0784412	0.0023425214	-5.0070066	36.646244	1
12042	TNFRSF21	0.2361987	0.068693034	-1.7802773	44.55244	1
12045	CD2AP	0.23887028	0.14577515	-0.712097	11.228009	1
12083	TRAM2	0.13259731	0.08091461	-0.71188515	6.4837685	1
12085	TMEM14A	0.1450043	0.09425739	-0.6208828	5.4818616	1
12097	GCLC	0.103966035	0.05295537	-0.97192854	8.434169	1
12117	HMGCLL1	0.12499905	0.056247707	-1.1506419	11.939956	1
12118	BMP5	0.49563232	0.27175188	-0.86674047	30.98536	1
12127	BAG2	0.028836045	0.07935088	1.4571955	8.971494	1
12159	ADGRB3	0.097214185	0.149608	0.62142926	5.2019653	1
12177	LINC00472	0.1515002	0.024905203	-2.5999713	44.55244	1
12198	SLC17A5	0.1737664	0.07067145	-1.2967399	21.11503	1
12200	CD109	0.13445103	0.039624665	-1.7600465	24.285856	1
12204	COL12A1	0.11344288	0.20535783	0.85560507	10.390842	1
12208	FILIP1	0.15550439	0.053045668	-1.5498588	22.511034	1
12243	TENT5A	0.23393875	0.39256018	0.7465338	17.104162	1
12259	PRSS35	0.10594306	0.29017454	1.4527677	23.022093	1
12302	GABRR1	0.12449019	0.035918035	-1.7903991	24.838284	1
12304	UBE2J1	0.57302594	0.3161774	-0.85766184	41.074596	1
12305	RRAGD	0.17198479	0.06817688	-1.3336505	21.641682	1
12306	ANKRD6	0.13773161	0.08626562	-0.6743778	6.0725365	1
12339	NDUFAF4	0.19360553	0.119075984	-0.7007716	8.987978	1
12362	GRIK2	0.041378945	0.17832574	2.1048725	29.08204	1
12399	OSTM1	0.12170483	0.07128485	-0.77088153	6.719216	1
12419	MICAL1	0.04810039	0.0130797	-1.8707274	10.055112	1
12427	WASF1	0.18135718	0.32558027	0.8438271	17.945858	1
12454	LAMA4	0.35144937	0.21180068	-0.7303391	17.166609	1
12457	Z99289.3	0.023566727	0.0036717264	-2.6495633	8.561074	1
12478	FRK	0.026888069	0.002018822	-3.6709874	11.816493	1
12480	NT5DC1	0.24627024	0.15208918	-0.6949622	11.231212	1
12484	DSE	0.29119313	0.19102798	-0.6079326	10.757884	1
12496	FAM162B	0.041276183	0.00751768	-2.441377	10.83155	1
12506	SLC35F1	0.2726667	0.06537307	-2.058694	44.55244	1
12507	CEP85L	0.36950457	0.20122129	-0.8764827	25.048887	1
12508	PLN	0.30190817	0.052912205	-2.510191	44.55244	1
12514	MAN1A1	0.23556721	0.43665177	0.89006245	25.149183	1
12519	GJA1	0.06960923	0.1997304	1.5193545	23.630802	1
12529	CLVS2	0.0224068	0.0015611376	-3.7601175	9.420827	1
12530	TRDN	0.22405185	0.039763268	-2.4913445	44.55244	1
12538	TPD52L1	0.048136074	0.12058516	1.3230639	11.643129	1
12541	AL450332.1	0.020834737	0.0022484222	-3.156135	8.637073	1
12544	HEY2	0.2274197	0.02146456	-3.3992574	44.55244	1
12551	RSPO3	0.06499372	0.24918033	1.9371789	35.01991	1
12559	PTPRK	0.20051609	0.11613984	-0.7873328	10.942692	1
12565	ARHGAP18	0.19296773	0.098587394	-0.9681693	14.59454	1
12570	TMEM200A	0.031979464	0.06979439	1.1235266	5.877549	1
12580	ENPP1	0.013991808	0.050568882	1.8462434	8.151954	1
12586	MOXD1	0.04075826	0.1032394	1.3386906	10.084291	1
12597	VNN2	0.00852118	1.3897079e-09	-6.4297934	5.033539	1
12603	EYA4	0.012124805	0.045003545	1.8834294	6.9711165	1
12606	TARID	0.0029204297	0.035446577	3.556885	9.757021	1
12609	TCF21	0.033814564	0.23839758	2.8139977	44.55244	1
12613	SGK1	0.19851881	0.47634497	1.2623072	44.55244	1
12618	AL078590.2	0.015364998	0.04316597	1.4842262	5.76551	1
12633	AL035604.1	0.05698373	0.0085716285	-2.7187047	15.023794	1
12635	PDE7B	0.014627803	0.067387246	2.1960728	12.789601	1
12642	MAP7	0.036037117	0.0038925728	-3.1780908	13.73636	1
12644	MAP3K5	0.060517915	0.016192157	-1.8955667	13.612525	1
12653	IFNGR1	0.21990545	0.15486671	-0.5055809	6.051103	1
12668	NHSL1	0.11233488	0.02581863	-2.1170285	27.354748	1
12669	AL590617.2	0.18365541	0.06148443	-1.5771492	29.673769	1
12673	REPS1	0.15035476	0.09558718	-0.6529322	6.2566605	1
12674	ABRACL	0.3807478	0.22861117	-0.7356877	19.682652	1
12675	HECA	0.13194086	0.074498534	-0.8237652	8.119445	1
12679	CITED2	0.5033118	0.10359393	-2.2794077	44.55244	1
12698	HIVEP2	0.14799511	0.059114613	-1.3224988	19.128887	1
12703	AIG1	0.3097887	0.17049108	-0.8612078	20.633305	1
12735	SAMD5	0.068890184	0.17215961	1.3201214	16.851171	1
12762	PCMT1	0.45271003	0.3004086	-0.5914996	16.847765	1
12785	AKAP12	1.2152177	0.6701183	-0.8586306	44.55244	1
12803	MTRF1L	0.1830115	0.11954086	-0.6140122	6.8872766	1
12827	TMEM242	0.19081092	0.12674552	-0.589827	6.5852094	1
12830	ZDHHC14	0.03237471	0.009140023	-1.8133484	6.7974358	1
12835	SYNJ2	0.09329391	0.044069126	-1.0802902	8.941316	1
12847	EZR	0.34465864	0.0872377	-1.9809102	44.55244	1
12872	IGF2R	0.54507565	0.37925312	-0.5231799	16.754002	1
12924	SFT2D1	0.27412573	0.16681813	-0.7162232	13.546364	1
12967	DACT2	1.2514647e-09	0.014483718	7.1881967	5.192842	1
12970	SMOC2	0.011483075	0.056343894	2.2847993	10.473107	1
13025	FAM20C	0.22876798	0.11021295	-1.0529134	20.469942	1
13032	PDGFA	0.73533523	0.06075732	-3.5950956	44.55244	1
13082	GNA12	0.17088923	0.11238436	-0.604181	6.3697553	1
13093	FOXK1	0.19747174	0.10742752	-0.8776706	13.31913	1
13113	FSCN1	0.431872	0.7439085	0.78438145	44.55244	1
13142	C1GALT1	0.11764558	0.18929057	0.68569165	7.5091615	1
13153	GLCCI1	0.13725103	0.1997691	0.54118764	5.561603	1
13170	THSD7A	0.23986281	0.46992952	0.9699405	30.052187	1
13176	SCIN	0.03273126	0.0008166304	-5.162586	14.025087	1
13178	ARL4A	0.5583557	0.29257727	-0.93213224	41.495914	1
13187	MEOX2	0.057906616	0.15168664	1.3877555	14.021825	1
13195	SOSTDC1	0.025819905	0.123018	2.2479093	20.077492	1
13203	TSPAN13	0.11671977	0.03075892	-1.920525	24.491001	1
13211	SNX13	0.27328193	0.18765019	-0.5421034	8.397808	1
13213	HDAC9	0.16737014	0.06542017	-1.3538928	20.964737	1
13240	RAPGEF5	0.18464306	0.013351683	-3.7796617	44.55244	1
13271	CYCS	0.6047825	0.37857646	-0.67568934	29.555298	1
13294	SKAP2	0.31668133	0.16180342	-0.9683536	24.865633	1
13296	HOTAIRM1	0.12460688	0.046798866	-1.4109161	17.118462	1
13301	HOXA-AS3	0.0069245454	0.030176466	2.1077201	5.27571	1
13308	HOXA10	0.28429526	0.56353235	0.98685706	38.09017	1
13309	HOXA11	0.059374396	0.1587231	1.4170802	16.768639	1
13327	TRIL	0.11368158	0.17426166	0.6158158	5.8989735	1
13388	BMPER	0.02821438	0.0970202	1.7782365	13.431996	1
13426	EPDR1	0.03194584	0.009719021	-1.7064861	6.1470876	1
13453	AMPH	0.10958483	0.023462882	-2.218776	27.751848	1
13473	INHBA	0.11159795	0.19122815	0.77644646	8.127788	1
13487	STK17A	0.19003092	0.06793455	-1.4826536	28.560692	1
13489	BLVRA	0.19501933	0.09366314	-1.057264	17.277168	1
13502	MYL7	0.110113494	0.26343763	1.257708	21.884579	1
13522	CCM2	0.2739282	0.17491746	-0.64682543	11.401506	1
13531	IGFBP3	1.0048214	2.2730963	1.1776395	44.55244	1
13552	UPP1	0.0723262	0.029192004	-1.3060048	9.3866005	1
13675	RABGEF1	0.10740382	0.06015837	-0.8351544	6.722865	1
13679	SBDS	0.5948833	0.39837936	-0.5783444	22.62937	1
13706	FZD9	0.025562398	0.007623135	-1.7323974	5.192714	1
13722	ELN	0.020925693	0.061695434	1.555347	7.780593	1
13747	HIP1	0.39481375	0.24109067	-0.71136343	19.021086	1
13752	TMEM120A	0.111834094	0.06882571	-0.6995354	5.1537485	1
13756	HSPB1	1.3796092	0.94637257	-0.5437317	44.55244	1
13771	GSAP	0.06799492	0.01193576	-2.50022	19.827528	1
13774	PTPN12	0.93051285	0.40145624	-1.2125791	44.55244	1
13778	PHTF2	0.45321232	0.25128445	-0.85060996	30.188816	1
13786	MAGI2-AS3	0.9417081	0.58865726	-0.6777602	44.55244	1
13791	CD36	0.60929286	0.008749151	-6.10569	44.55244	1
13793	SEMA3C	0.040240616	0.010665485	-1.9058199	7.9345684	1
13795	HGF	0.017873656	0.11411605	2.6678097	21.258629	1
13801	SEMA3A	0.13269827	0.22764434	0.7781788	10.093015	1
13804	SEMA3D	0.07299396	0.15286522	1.0653796	10.32851	1
13806	GRM3	0.0676967	0.011057166	-2.6032445	18.958626	1
13813	TMEM243	0.18819918	0.12816308	-0.5539207	5.950064	1
13814	TP53TG1	0.21977074	0.12368015	-0.8288756	13.420054	1
13822	SRI	0.74684083	0.5225733	-0.51508456	24.502306	1
13874	GNG11	0.78914297	0.42189172	-0.9032549	44.55244	1
13884	PEG10	0.4538693	0.9915325	1.1272109	44.55244	1
13885	PPP1R9A	0.07550381	0.16040255	1.0860654	12.124226	1
13893	AC002451.1	0.018055204	0.003022511	-2.5396047	6.21575	1
13894	PDK4	0.13816902	0.03733909	-1.8848606	29.032927	1
13900	DLX5	0.014510694	0.06894361	2.2404833	11.717105	1
13901	SDHAF3	0.21396351	0.14382155	-0.57275623	7.0429397	1
13902	TAC1	0.31229463	0.89594674	1.5202044	44.55244	1
13920	ARPC1B	0.56471056	0.26114866	-1.1123435	44.55244	1
13973	TSC22D4	0.28049323	0.1960154	-0.5167772	8.000504	1
13979	LRCH4	0.12634361	0.08002859	-0.65810496	5.310452	1
14009	PLOD3	0.2308282	0.14907944	-0.6303956	9.044968	1
14016	COL26A1	0.020472955	0.070197895	1.7727325	10.947523	1
14027	ORAI2	0.37707323	0.24470545	-0.6235915	15.221846	1
14034	POLR2J3	0.6418493	0.37589708	-0.77173793	40.242023	1
14035	RASA4	0.08117439	0.037905388	-1.0965968	7.654066	1
14046	ARMC10	0.23365843	0.15247476	-0.6155021	8.837608	1
14065	PUS7	0.116697595	0.071399026	-0.708015	5.452814	1
14112	LRRN3	0.029241232	0.0996245	1.7650186	13.437043	1
14113	DOCK4	0.20785871	0.09274	-1.1634787	21.856089	1
14126	SMIM30	0.362135	0.18368722	-0.9788894	30.079124	1
14132	MDFIC	0.2634024	0.1547703	-0.7667556	14.041384	1
14139	TES	0.29475155	0.14507425	-1.0222032	24.83016	1
14143	CAV2	0.08659029	0.014194271	-2.6004333	25.579044	1
14144	CAV1	0.1139875	0.014094673	-3.0067194	31.966976	1
14171	KCND2	0.0120903775	0.03935157	1.69434	5.31393	1
14203	TMEM229A	0.047918834	0.22567862	2.2332366	41.502834	1
14208	GPR37	0.09667946	0.2254378	1.2205966	20.172014	1
14220	ZNF800	0.18514098	0.12702337	-0.54317397	5.5170975	1
14252	TNPO3	0.17267019	0.11231403	-0.6200322	6.573348	1
14255	SMO	0.079528816	0.13525103	0.76534337	6.5791993	1
14280	MEST	0.4362854	1.0470234	1.2627568	44.55244	1
14283	AC007938.3	0.029838435	0.081361584	1.4441211	9.652473	1
14284	AUXG01000058.1	0.2563313	0.569373	1.1510552	44.55244	1
14294	LINC-PINT	0.039537624	0.015436872	-1.3511745	5.8626885	1
14300	PLXNA4	0.1172297	0.23853587	1.0242426	15.521996	1
14340	CHRM2	0.06172313	0.21279843	1.7839466	31.252724	1
14341	PTN	0.49603814	1.321694	1.4136837	44.55244	1
14349	TRIM24	0.35046762	0.5795313	0.72544295	27.447237	1
14350	SVOPL	0.023084981	0.006075804	-1.9084916	5.297583	1
14355	ZC3HAV1	0.15841697	0.06503974	-1.2830274	19.04528	1
14358	FMC1	0.16145328	0.1048384	-0.62246734	6.1787763	1
14363	HIPK2	0.6674253	0.30127203	-1.1472771	44.55244	1
14364	TBXAS1	0.040172186	0.0074684867	-2.4117072	11.852143	1
14371	DENND2A	0.21363014	0.1438489	-0.5702337	7.0427985	1
14378	TMEM178B	0.011561896	0.0010105674	-3.3924336	5.644908	1
14484	EPHB6	0.15230063	0.096378624	-0.6595875	5.883029	1
14497	GSTK1	0.5148365	0.35801804	-0.5239594	15.970535	1
14500	CASP2	0.15743183	0.10272908	-0.615395	5.9314594	1
14504	AC093673.1	0.16271572	0.1079312	-0.5917919	5.609246	1
14505	ZYX	0.5146307	0.35090005	-0.55234665	17.317373	1
14525	AC004889.1	0.54931074	0.36134627	-0.60410404	21.27432	1
14535	CNTNAP2	0.15655789	0.31350982	1.0013533	22.634233	1
14575	RARRES2	0.06275118	0.12255023	0.9645381	8.155729	1
14589	TMEM176B	0.023194421	0.09888403	2.0872114	16.847124	1
14590	TMEM176A	0.02446383	0.08041548	1.7127306	11.104196	1
14592	KCNH2	0.0515769	0.11456222	1.1497986	9.742359	1
14618	RHEB	0.5881008	0.39959002	-0.5574272	20.869726	1
14758	ANGPT2	0.16497168	0.04770202	-1.7879491	29.903376	1
14762	AGPAT5	0.21737021	0.119996175	-0.8566275	13.753241	1
14822	PPP1R3B	0.13101736	0.081176385	-0.68995047	5.955558	1
14859	MTMR9	0.19212314	0.12034674	-0.6743867	8.262197	1
14864	FAM167A	0.039750133	0.0052491454	-2.8972042	13.6908	1
14878	AC107918.6	0.012069936	0.00061852933	-4.0821304	6.1025786	1
14899	DLC1	0.59539735	0.4052959	-0.55476373	20.084682	1
14921	SLC7A2	0.024642238	0.007151702	-1.7705846	5.0894594	1
14933	ASAH1	0.4516344	0.2631047	-0.77928954	26.088745	1
14950	LPL	0.23165002	0.13931093	-0.7332259	8.90053	1
14954	LZTS1	0.23509926	0.07880872	-1.5756269	39.611275	1
14966	GFRA2	0.1251581	0.013379183	-3.216099	44.55244	1
14967	DOK2	0.010194625	1.3897079e-09	-6.6857276	5.8394866	1
14986	PPP3CC	0.07470846	0.037481505	-0.99317867	6.2629795	1
14988	SORBS3	0.32005054	0.18360108	-0.80139023	19.011787	1
15035	NEFM	0.09832895	0.40317723	2.0346172	37.29213	1
15036	NEFL	0.016364565	0.11059179	2.7491121	19.601469	1
15050	EBF2	0.12965779	0.05808641	-1.157067	12.460066	1
15085	INTS9	0.073329285	0.036613926	-1.0000281	6.114741	1
15115	RBPMS	0.42380247	0.2467577	-0.78005266	24.598282	1
15121	PPP2CB	0.41355422	0.2764243	-0.58101916	14.659914	1
15183	LSM1	0.39572075	0.26546118	-0.5758031	13.890699	1
15187	PLPP5	0.10489277	0.17102504	0.70476085	7.093922	1
15199	TACC1	0.24932177	0.11395093	-1.1289092	25.10552	1
15224	SFRP1	1.0992064	2.6272695	1.2570254	44.55244	1
15241	AP3M2	0.43222454	0.18736665	-1.2054807	44.55244	1
15242	PLAT	1.0766193	0.7250169	-0.5703566	37.9332	1
15244	IKBKB	0.16331053	0.10584635	-0.6251671	6.35454	1
15248	SLC20A2	0.21077517	0.07835013	-1.4265416	29.68811	1
15314	OPRK1	0.0031227355	0.030170877	3.2315729	7.104494	1
15319	ATP6V1H	0.1902295	0.12800363	-0.57118785	6.327398	1
15325	MRPL15	0.34134007	0.23715568	-0.5251897	10.063449	1
15336	LYN	0.1369169	0.0689514	-0.98861134	11.230699	1
15345	PENK	0.005757005	0.087114	3.8963246	15.564468	1
15369	SDCBP	0.72373426	0.4913938	-0.5584862	27.49625	1
15383	CHD7	0.21457133	0.15039931	-0.5123726	5.974645	1
15419	CYP7B1	0.057273116	0.01887936	-1.5959437	10.040231	1
15446	TCF24	0.015357385	0.061334	1.9907411	9.2290325	1
15455	PREX2	0.04363552	0.09646205	1.1426507	8.062021	1
15459	AC083967.1	0.4030212	0.05525425	-2.8644476	44.55244	1
15463	SULF1	2.0356972	1.2464486	-0.70765465	44.55244	1
15464	SLCO5A1	0.012272882	0.0013013924	-3.1422486	5.008651	1
15474	LACTB2	0.09433656	0.043728698	-1.1074697	9.001215	1
15485	KCNB2	0.006232717	0.045425553	2.8457801	10.003315	1
15496	RDH10	0.0396581	0.09416452	1.2454661	8.00543	1
15527	ZFHX4-AS1	0.012114435	0.046192754	1.9221992	7.146015	1
15529	ZFHX4	0.27324662	0.60528225	1.147115	44.55244	1
15561	PAG1	0.105491504	0.059781216	-0.8183183	6.386497	1
15567	FABP5	1.7824485	0.47412875	-1.9102864	44.55244	1
15571	FABP4	0.35621497	0.014725419	-4.5870085	44.55244	1
15577	CHMP4C	0.08230196	0.0077926302	-3.3841007	28.322445	1
15620	MMP16	0.2760175	0.19018896	-0.5370903	8.198915	1
15625	RIPK2	0.10122919	0.047533464	-1.0890025	9.718618	1
15637	C8orf88	0.09739323	0.05478857	-0.82879615	5.8845344	1
15638	PIP4P2	0.3888445	0.26343235	-0.5615841	12.499338	1
15644	SLC26A7	0.12810497	0.25879985	1.0139418	14.257575	1
15646	RUNX1T1	0.31035477	0.69303787	1.1587592	44.55244	1
15707	CPQ	0.15541416	0.098641254	-0.6553212	6.3345904	1
15715	MATN2	0.10530564	0.25574052	1.2792926	25.292562	1
15782	ATP6V1C1	0.1758606	0.1138745	-0.62654126	6.841227	1
15785	BAALC	0.05103193	0.014843543	-1.7747022	9.385491	1
15790	CTHRC1	0.026714671	0.10801276	2.0114422	16.174313	1
15797	RIMS2	0.0152858095	0.07899231	2.361937	14.308778	1
15816	ANGPT1	0.5019186	0.7964759	0.666071	34.276203	1
15844	CSMD3	0.05571808	0.12768313	1.194893	11.011619	1
15859	AARD	0.050930526	0.009081261	-2.4745963	14.2515335	1
15865	SAMD12	0.040188838	0.0051125726	-2.9503129	13.963508	1
15869	COLEC10	0.0052671977	0.059481453	3.4726224	15.156931	1
15876	ENPP2	0.08563418	0.016112013	-2.4028072	21.726105	1
15883	COL14A1	0.016510522	0.13245486	2.9964201	28.825054	1
15886	SNTB1	0.01793374	0.003683	-2.2530959	5.6513247	1
15890	HAS2	0.13921466	0.38290903	1.4590312	43.10528	1
15914	FBXO32	0.020646237	0.004849541	-2.0674832	5.2710786	1
15968	MYC	0.17929126	0.06923008	-1.3715563	23.753256	1
15992	EFR3A	0.27977556	0.18275036	-0.6141219	10.559257	1
16004	SLA	0.061452445	0.016954416	-1.8516709	12.476546	1
16006	CCN4	0.07747952	0.03329775	-1.2159249	8.485913	1
16008	ST3GAL1	0.22878262	0.15863189	-0.52801585	6.62192	1
16058	PTP4A3	0.34141415	0.13629507	-1.3241539	44.55244	1
16093	LY6H	0.040577404	0.12503341	1.6211674	15.741858	1
16137	PLEC	0.23929071	0.13199668	-0.85777295	15.430581	1
16152	SCX	0.09058464	0.20390436	1.1696699	16.23229	1
16242	AK3	0.2923015	0.1470825	-0.9903446	24.518356	1
16253	PLGRKT	0.14027645	0.08598123	-0.7055303	6.7312407	1
16255	AL162253.2	0.027417298	0.0064781765	-2.0645792	6.686895	1
16258	RIC1	0.116357185	0.073997125	-0.65231013	5.021893	1
16265	IL33	0.070183426	0.012150838	-2.5203042	17.072617	1
16303	NFIB	0.34817064	0.6252837	0.8445329	35.959057	1
16310	FREM1	0.13533299	0.42514998	1.6507319	44.55244	1
16318	BNC2	0.068245254	0.1651966	1.2741439	15.7966175	1
16324	CNTLN	0.19227353	0.28277528	0.55625576	8.059844	1
16331	PLIN2	0.5484904	0.30463558	-0.8481715	36.300568	1
16370	CDKN2B-AS1	0.026902022	0.07718921	1.5171996	9.026749	1
16381	ELAVL2	0.022795226	0.061035592	1.4169657	6.350093	1
16434	AQP7	0.00966055	1.3897079e-09	-6.6088705	5.8324513	1
16466	FAM219A	0.12007638	0.03897089	-1.6209873	20.661905	1
16470	CNTFR	0.071858436	0.3140517	2.1262255	44.55244	1
16477	IL11RA	0.2181022	0.4986997	1.1927949	44.55244	1
16482	CCL21	0.0014042897	0.019997614	3.7398698	6.076362	1
16511	TPM2	1.8423655	1.079524	-0.7711085	44.55244	1
16514	GBA2	0.14963634	0.097179346	-0.622219	5.768962	1
16521	HINT2	0.2639445	0.18305309	-0.52773094	7.6663003	1
16556	SLC25A51	0.052837998	0.022985777	-1.1972994	6.2023697	1
16605	FAM27C	0.09138073	0.04734495	-0.9472134	7.039864	1
16648	PGM5	0.04806433	0.15202706	1.6592398	20.745708	1
16649	PGM5-AS1	0.022009576	0.054102957	1.2937002	5.147836	1
16655	PIP5K1B	0.023599468	0.002761467	-3.0500278	8.342215	1
16656	FAM122A	0.10735605	0.056445543	-0.9262615	7.8123217	1
16675	KLF9	0.10053594	0.042949524	-1.2250763	11.320907	1
16691	ANXA1	0.5296618	0.24287826	-1.1245166	44.55244	1
16703	NMRK1	0.10355253	0.045755114	-1.1766007	11.409345	1
16704	OSTF1	0.26776105	0.073328584	-1.867071	44.55244	1
16722	TLE4	0.33434746	0.65457386	0.96899694	44.55244	1
16741	FRMD3	0.03690633	0.012561467	-1.5473276	6.054249	1
16766	GOLM1	0.3737085	0.5290593	0.5014028	13.289025	1
16768	C9orf153	0.027500808	0.006118767	-2.15001	6.9550476	1
16774	GAS1	0.12727435	0.2877809	1.1763973	23.814615	1
16794	SHC3	0.04181557	0.014686904	-1.5031663	6.73383	1
16796	CKS2	0.20663883	0.1191226	-0.7941516	11.753366	1
16809	SYK	0.09499341	0.15839894	0.73705584	6.8594937	1
16821	ROR2	0.047434203	0.11212793	1.2393938	10.693123	1
16827	OGN	0.014327185	0.05326684	1.8871537	6.641089	1
16829	ASPN	0.016169852	0.05185341	1.6750174	6.733053	1
16842	WNK2	0.06672291	0.019028759	-1.8045995	12.691542	1
16846	FAM120A	0.36319816	0.18536733	-0.96998894	30.455568	1
16858	MFSD14B	0.12067802	0.067369774	-0.8400448	7.7862606	1
16864	AOPEP	0.14300714	0.072500505	-0.97904414	10.99027	1
16872	PTCH1	0.040316813	0.08764682	1.1183913	6.9135723	1
16888	SLC35D2	0.11049128	0.06349249	-0.7983093	6.5444283	1
16893	CDC14B	0.11935177	0.06898284	-0.7900289	6.8294177	1
16894	PRXL2C	0.124427274	0.029161429	-2.0893896	29.350191	1
16906	TDRD7	0.017522257	0.0036598728	-2.228643	5.0551257	1
16966	SMC2	0.32921818	0.4724438	0.52096593	11.767954	1
16976	NIPSNAP3A	0.14414482	0.060977932	-1.2397964	16.778763	1
16978	ABCA1	0.19257998	0.11662	-0.723155	9.30878	1
17008	FRRS1L	0.018398104	0.050564907	1.4536095	5.8968453	1
17011	PALM2-AKAP2	0.7427668	0.36848196	-1.0111182	44.55244	1
17019	LPAR1	0.024275651	0.14894055	2.6121922	32.01763	1
17057	RGS3	0.16303003	0.09336688	-0.8034951	9.2131195	1
17067	AKNA	0.09482318	0.043488387	-1.1228166	9.420687	1
17094	TLR4	0.13916995	0.06236421	-1.1567823	14.5921545	1
17113	GSN	0.8150777	0.3299075	-1.3046159	44.55244	1
17152	RABGAP1	0.55962896	0.34961027	-0.6785684	27.011824	1
17164	NEK6	0.14179853	0.22326465	0.6545413	8.758034	1
17171	NR6A1	0.093377925	0.04207695	-1.148171	9.614867	1
17174	OLFML2A	0.6274252	0.023629788	-4.724902	44.55244	1
17189	PBX3	0.30366778	0.76970714	1.3415283	44.55244	1
17192	MVB12B	0.043388795	0.09847663	1.180602	8.695758	1
17211	STXBP1	0.07474045	0.04039011	-0.88624847	5.250331	1
17217	SH2D3C	0.1625676	0.043029092	-1.9151936	33.97194	1
17221	ENG	0.64746714	0.36070698	-0.8438026	37.373863	1
17224	ST6GALNAC6	0.27636945	0.16912743	-0.7081565	13.068803	1
17229	FAM102A	0.08881477	0.1537785	0.79129654	7.7507153	1
17240	DNM1	0.10393608	0.16230421	0.642505	5.904915	1
17304	PTGES	0.015594099	0.071171395	2.183101	12.464492	1
17324	LAMC3	0.054676324	0.119311325	1.1243153	9.918493	1
17363	SURF2	0.17562999	0.11947635	-0.5554284	5.569489	1
17435	NOTCH1	0.3352161	0.091870636	-1.8662764	44.55244	1
17462	PTGDS	0.014939109	0.05245252	1.805041	6.5955486	1
17470	ENTPD2	0.049371112	0.001354994	-5.0875015	21.183601	1
17473	SAPCD2	0.020132193	0.003335656	-2.557995	6.250197	1
17492	TUBB4B	0.58155173	0.3939576	-0.56174916	19.799059	1
17500	NRARP	0.42480695	0.040766135	-3.378169	44.55244	1
17562	KLF6	0.86303425	0.41961586	-1.0401721	44.55244	1
17577	AKR1C1	0.028799722	0.07413797	1.3611016	7.0874243	1
17588	NET1	0.18512516	0.12709928	-0.54218954	5.3242507	1
17630	GATA3	0.8089615	0.43275636	-0.90236115	44.55244	1
17631	GATA3-AS1	0.03106432	0.0081991125	-1.9088663	6.259157	1
17647	CELF2	0.115105614	0.27093855	1.2342869	23.072653	1
17658	ECHDC3	0.00878528	1.3897079e-09	-6.4733253	5.3621616	1
17670	CCDC3	0.048750635	0.24254614	2.3124046	43.77429	1
17671	OPTN	0.37239382	0.18074778	-1.0424405	33.83625	1
17689	FAM107B	0.4116696	0.22677848	-0.8599176	26.577515	1
17705	ITGA8	0.13497086	0.21600682	0.67802805	7.851624	1
17708	PTER	0.026507944	0.006547037	-2.0010738	6.511154	1
17711	RSU1	0.19320881	0.07635248	-1.3382722	25.776913	1
17742	PLXDC2	0.2950715	0.428723	0.5388288	11.621399	1
17778	KIAA1217	0.19495668	0.08081861	-1.2693499	22.619366	1
17791	MYO3A	0.027832676	0.0043517603	-2.649506	8.815987	1
17816	BAMBI	0.399408	0.8193592	1.0364476	44.55244	1
17822	SVIL	0.43272012	0.7898185	0.8679364	44.55244	1
17839	ZEB1	0.43055844	0.20589639	-1.063925	40.74994	1
17935	CXCL12	0.22128981	0.7753792	1.8084992	44.55244	1
17943	RASSF4	0.15415703	0.07643465	-1.0111513	12.386371	1
17944	DEPP1	0.037034165	0.005454049	-2.7411354	12.426831	1
17969	GDF10	0.015522623	0.08411758	2.4304848	16.015238	1
17986	ARHGAP22	0.013315928	0.038985193	1.5426753	5.4666386	1
18015	WASHC2A	0.15709881	0.106915615	-0.55476904	5.002923	1
18017	SGMS1	0.12751208	0.053907614	-1.2405303	14.199737	1
18026	PRKG1	0.7093932	0.31916252	-1.1520457	44.55244	1
18032	DKK1	0.01892612	0.111872174	2.557087	17.607058	1
18038	PCDH15	0.0047605117	0.026234126	2.4377534	5.887518	1
18048	CISD1	0.31153047	0.18119839	-0.7814702	17.74129	1
18051	UBE2D1	0.29815054	0.19624439	-0.60313827	10.912695	1
18055	PHYHIPL	0.12119601	0.0092936	-3.69071	41.135963	1
18056	FAM13C	0.10497417	0.03141213	-1.7374289	19.00882	1
18069	RHOBTB1	0.28309032	0.12958008	-1.126815	28.543001	1
18071	TMEM26	0.19017032	0.058846176	-1.6905804	34.68243	1
18090	REEP3	0.5576776	0.26991177	-1.0466679	44.55244	1
18109	PBLD	0.036628004	0.014174925	-1.3633974	5.2970095	1
18114	TET1	0.4664523	0.7539793	0.69267756	34.42526	1
18130	TSPAN15	0.18067624	0.078049995	-1.2098873	19.561993	1
18142	PPA1	0.49659204	0.25944543	-0.93636465	39.69717	1
18147	PALD1	0.08611725	0.036369655	-1.24128	10.061298	1
18152	PCBD1	0.30362147	0.20936427	-0.53604466	8.883648	1
18162	VSIR	0.01871792	0.001471266	-3.5821078	8.430683	1
18170	DDIT4	0.106481254	0.28240022	1.4062982	29.095337	1
18180	P4HA1	0.63534755	1.0881218	0.7761277	44.55244	1
18200	MYOZ1	0.029543508	0.005210548	-2.4807835	8.542311	1
18208	ZSWIM8	0.19988208	0.12850961	-0.63687223	8.102942	1
18219	ADK	0.13970554	0.06132201	-1.1865939	14.910599	1
18230	COMTD1	0.09746864	0.036194995	-1.4266468	13.863495	1
18233	ZNF503	0.30227757	0.53588176	0.8258329	29.184872	1
18275	NUTM2B-AS1	0.3564003	0.23728326	-0.58668506	12.773915	1
18314	CCSER2	0.29993176	0.1971895	-0.604801	11.091999	1
18331	MMRN2	0.081652425	0.019131096	-2.0878205	19.2636	1
18338	GLUD1	0.32109267	0.158625	-1.0169094	28.374481	1
18341	NUTM2A-AS1	0.40416825	0.2772437	-0.54363793	12.771204	1
18366	ACTA2	0.5745974	0.38853514	-0.5643863	14.23408	1
18371	LIPA	0.23675041	0.101201095	-1.2253264	27.146816	1
18372	IFIT2	0.30487132	0.09866848	-1.6265509	44.55244	1
18374	IFIT3	0.5915206	0.20040283	-1.5610498	44.55244	1
18376	IFIT1	0.084960476	0.03941828	-1.1059687	8.187298	1
18401	PCGF5	0.07266482	0.028287115	-1.3580049	9.938302	1
18412	IDE	0.09570904	0.055256587	-0.79140675	5.5692124	1
18423	RBP4	0.002847707	0.026934655	3.197145	6.5630355	1
18429	SLC35G1	0.13939539	0.27270195	0.96763647	18.161736	1
18430	PLCE1	0.10985865	0.047330447	-1.2130756	11.455991	1
18447	PDLIM1	0.60701174	0.12215691	-2.312046	44.55244	1
18451	ENTPD1	0.2978992	0.07255762	-2.0361223	44.55244	1
18498	HPSE2	0.060218412	0.014448636	-2.0517147	13.949226	1
18499	CNNM1	0.10029118	0.022260586	-2.1666026	22.84843	1
18500	GOT1	0.1590757	0.10660875	-0.57694167	5.3012347	1
18541	KAZALD1	0.029091693	0.069826484	1.2602811	6.669982	1
18570	PSD	0.0944803	0.15409462	0.7051409	6.517639	1
18579	TRIM8	0.35507777	0.24811704	-0.51693904	10.04118	1
18616	GSTO1	0.7882198	0.555329	-0.50517845	25.642094	1
18631	SORCS1	0.105946	0.1938805	0.8712214	10.683261	1
18643	DUSP5	0.12796763	0.049529158	-1.367646	17.341013	1
18649	BBIP1	0.19524805	0.13442639	-0.53815776	5.823835	1
18653	ADRA2A	0.050782125	0.20948596	2.0423112	33.50542	1
18666	TCF7L2	0.54678434	0.8073961	0.5622196	26.487087	1
18667	AL158212.2	0.038839895	0.11297993	1.538022	13.716337	1
18683	AFAP1L2	0.34148335	0.07804354	-2.1280391	44.55244	1
18684	ABLIM1	0.036627304	0.08015678	1.1277702	6.554424	1
18689	ATRNL1	0.089870684	0.24641012	1.4541199	28.027504	1
18690	AC016042.1	0.012274692	0.037009116	1.5843811	5.0748243	1
18691	GFRA1	0.2325354	0.15989588	-0.5400359	6.2832723	1
18699	HSPA12A	0.041246384	0.01119406	-1.872197	8.917571	1
18735	RGS10	0.2520095	0.037284713	-2.75353	44.55244	1
18739	MCMBP	0.13753085	0.08316005	-0.7251075	7.0032525	1
18758	TACC2	0.08866009	0.028235266	-1.6473125	15.626933	1
18762	PLEKHA1	0.2395696	0.16860338	-0.5065581	6.3458424	1
18789	OAT	0.23114663	0.15719718	-0.55593956	7.3602715	1
18829	PTPRE	0.15598571	0.077319115	-1.0115768	13.086928	1
18861	BNIP3	0.52083254	0.89408463	0.7794762	43.438496	1
18869	PWWP2B	0.10472049	0.059881594	-0.80532897	6.1327553	1
18875	INPP5A	0.1443451	0.07499113	-0.9438068	10.795743	1
18892	CALY	0.022046497	0.06270415	1.5037814	7.7090716	1
18935	SIGIRR	0.1403452	0.060635664	-1.2093915	15.097615	1
18942	HRAS	0.23072475	0.15070076	-0.61415416	8.5939	1
18970	CD151	0.44984236	0.26040784	-0.78841347	27.121765	1
19019	IGF2	0.34857392	0.52293235	0.5850218	16.717941	1
19040	PHLDA2	0.5405345	0.11688913	-2.2082791	44.55244	1
19058	ART5	0.0037044769	0.028648417	2.9177125	6.85874	1
19065	STIM1	0.25257498	0.13003165	-0.957311	19.874111	1
19085	OR51E1	0.027596198	1.3897079e-09	-8.113524	13.579626	1
19154	CAVIN3	0.12439168	0.07160341	-0.79593563	7.0077906	1
19171	DCHS1	0.087549806	0.22923456	1.3876309	25.566008	1
19174	MRPL17	0.29585922	0.45541513	0.62210065	16.598675	1
19189	SYT9	0.027744204	0.09546563	1.7791148	14.105436	1
19192	PPFIBP2	0.14068624	0.069241434	-1.0217168	11.883725	1
19207	TUB	0.030647194	0.071339354	1.2162644	6.60487	1
19229	DENND5A	0.17377499	0.11441539	-0.6025089	6.125314	1
19232	IPO7	0.42370403	0.28393674	-0.57731974	14.790971	1
19251	MRVI1	0.13350926	0.046543844	-1.5182614	20.348494	1
19260	GALNT18	0.040520936	0.0029181829	-3.7504714	15.736656	1
19266	DKK3	0.12201276	0.03546042	-1.7798696	22.796036	1
19273	PARVA	0.48220584	0.3127607	-0.62442786	20.137661	1
19315	PIK3C2A	0.26920208	0.18654302	-0.5289438	7.782233	1
19372	HTATIP2	0.04736494	0.015047895	-1.647745	8.631206	1
19398	LUZP2	0.029937422	0.17809704	2.5686405	33.384144	1
19406	FIBIN	0.10434731	0.23610894	1.1772883	18.093767	1
19415	BDNF	0.097807236	0.24388507	1.3173056	24.137684	1
19434	MPPED2	0.03715633	0.1421066	1.9324309	20.516127	1
19449	RCN1	0.5471138	0.85020334	0.6358731	37.700188	1
19480	CAT	0.26870215	0.1387204	-0.9533251	21.172739	1
19488	CD44	0.13856219	0.037174538	-1.895312	28.795023	1
19518	LRRC4C	0.1847221	0.62290776	1.7531129	44.55244	1
19540	C11orf96	1.2574203	0.39106897	-1.6847179	44.55244	1
19553	TSPAN18	0.09391793	0.16376309	0.8014831	7.726554	1
19554	TP53I11	0.2127335	0.13111785	-0.6977613	9.767925	1
19588	CREB3L1	0.0440981	0.109003805	1.303645	11.15331	1
19590	MDK	1.5633283	2.4589593	0.65339345	44.55244	1
19601	LRP4	0.015538389	0.061069343	1.9677169	10.98236	1
19607	PACSIN3	0.080081314	0.12996005	0.69783986	5.3756604	1
19627	C1QTNF4	0.023916773	0.0618517	1.3671016	6.6533504	1
19756	DTX4	0.059187703	0.022320243	-1.4029311	8.273865	1
19773	STX3	0.108777486	0.024638101	-2.137899	27.66428	1
19790	MS4A7	0.11033286	0.0054689697	-4.309615	44.55244	1
19830	LRRC10B	0.019211557	0.0023020913	-3.0071015	7.1335597	1
19837	MYRF	0.018994464	0.051041983	1.4213537	6.041249	1
19917	MARK2	0.1589052	0.10816597	-0.554494	5.023998	1
19929	TRPT1	0.12753637	0.077559724	-0.716801	6.158249	1
19939	PLCB3	0.09485896	0.04422805	-1.0990841	9.227488	1
19944	ESRRA	0.10516356	0.04928106	-1.0919763	10.187142	1
19959	RASGRP2	0.14027007	0.026260193	-2.4128025	39.3947	1
19960	PYGM	0.022006387	0.004962224	-2.12662	5.6992183	1
20057	CD248	0.52571756	0.36902404	-0.5104568	15.099237	1
20069	DPP3	0.05943028	0.026153682	-1.181104	6.7182875	1
20088	RHOD	0.02031631	0.051475275	1.3369575	5.6246824	1
20106	CORO1B	0.33692688	0.21944813	-0.61832637	13.238251	1
20112	CDK2AP2	0.25498068	0.14974655	-0.7674677	13.691333	1
20245	ARHGEF17	0.3907905	0.17773157	-1.136253	41.501675	1
20317	LRRC32	0.102247626	0.013491295	-2.9127228	34.704002	1
20357	TENM4	0.051879365	0.12755089	1.2961925	12.952943	1
20374	RAB30	0.1784008	0.06541802	-1.4459668	25.785023	1
20393	SYTL2	0.11261753	0.03021052	-1.8948215	23.287096	1
20405	PRSS23	0.7118206	0.26295006	-1.4363791	44.55244	1
20417	CTSC	0.6388716	0.93814117	0.55420697	28.760738	1
20445	SLC36A4	0.17828657	0.11858543	-0.5878641	6.256578	1
20460	MRE11	0.11794221	0.07216703	-0.70789325	5.6428733	1
20484	MTMR2	0.17796631	0.12020196	-0.5657545	5.8632183	1
20496	CNTN5	0.022611557	0.07631415	1.7504133	10.647003	1
20498	ARHGAP42	0.48659122	0.2299538	-1.0810354	44.55244	1
20501	TRPC6	0.01840174	1.3897079e-09	-7.531497	9.139959	1
20521	MMP1	0.044102106	0.015108918	-1.5391977	7.0991716	1
20524	MMP13	0.1091143	0.0062403944	-4.1064453	35.459545	1
20540	GRIA4	0.9998253	0.6744643	-0.5678644	39.891045	1
20549	GUCY1A2	0.122407235	0.040174536	-1.6049271	19.522135	1
20560	ACAT1	0.26679114	0.17635366	-0.596962	9.451999	1
20606	DLAT	0.08940978	0.0518479	-0.7849799	5.1268916	1
20610	SDHD	0.28116816	0.17313859	-0.6991858	13.048904	1
20626	NCAM1	0.047772426	0.22633386	2.241823	38.056725	1
20649	REXO2	0.3228743	0.22553404	-0.51743466	9.21118	1
20682	TAGLN	0.6204512	0.22953565	-1.4342036	44.55244	1
20719	PHLDB1	0.21399611	0.1503912	-0.50857943	5.836372	1
20728	BCL9L	0.14433081	0.09459931	-0.6089529	5.5067053	1
20736	SLC37A4	0.07833242	0.04024591	-0.9590276	6.251637	1
20738	HYOU1	0.19049512	0.13296622	-0.5183668	5.4343314	1
20751	CBL	0.41835535	0.22289973	-0.9080317	31.72242	1
20752	MCAM	1.117813	0.10698601	-3.383966	44.55244	1
20760	THY1	1.9243466	1.3446023	-0.5171567	44.55244	1
20763	NECTIN1	0.063627124	0.016937764	-1.9031717	13.9597845	1
20774	OAF	0.11706031	0.21591358	0.8826381	12.396395	1
20778	ARHGEF12	0.52045596	0.33228698	-0.64718944	22.863531	1
20785	SORL1	0.015463133	0.043864958	1.4982216	5.833443	1
20789	MIR100HG	0.1251643	0.45522776	1.8619301	44.55244	1
20801	CLMP	0.017057182	0.20055959	3.5478656	44.55244	1
20835	SIAE	0.0390802	0.015486285	-1.3298477	5.423	1
20836	SPA17	0.0490782	0.020239789	-1.2737143	6.033486	1
20837	NRGN	0.2887017	0.034382097	-3.0661597	44.55244	1
20840	ESAM	0.2846452	0.017789232	-3.9925082	44.55244	1
20904	ETS1	0.6493722	0.28360033	-1.1949002	44.55244	1
20937	NTM	0.10227483	0.3211294	1.6497428	36.95435	1
20944	OPCML	0.01387633	0.0003174834	-5.065123	7.366019	1
20975	IQSEC3	0.03254084	0.0036672489	-3.115095	12.27455	1
20979	AC007406.3	0.02658647	0.00054147356	-5.378575	14.035378	1
21025	FKBP4	0.33303377	0.20886743	-0.6728235	14.599017	1
21029	NRIP2	0.07806978	0.034765087	-1.1648278	8.289982	1
21035	TEAD4	0.025061026	0.0021354342	-3.4925637	10.462856	1
21072	KCNA5	0.04414833	0.005054312	-3.1017714	15.369852	1
21083	CD9	0.3606486	0.082959265	-2.1187806	44.55244	1
21085	TNFRSF1A	0.6021399	0.4219283	-0.5129987	18.40586	1
21127	ENO2	0.05781159	0.11741077	1.0208689	7.9272523	1
21137	C1S	0.021764778	0.07529037	1.7857715	11.506142	1
21138	C1R	0.048099685	0.12017789	1.3192757	12.011802	1
21158	SLC2A3	0.3012653	0.20975263	-0.5221366	8.036908	1
21194	A2M	0.82993394	0.121116765	-2.7755811	44.55244	1
21269	ETV6	0.16714889	0.11103095	-0.5897359	5.9492397	1
21294	EMP1	0.043511406	0.018884102	-1.1999139	5.014155	1
21310	H2AFJ	0.7449467	0.47067612	-0.6622898	35.140816	1
21317	MGP	1.7344759	0.4533656	-1.935518	44.55244	1
21319	ARHGDIB	0.4507391	0.18868676	-1.255855	44.55244	1
21322	RERG	0.24471793	0.15878387	-0.62373656	9.122653	1
21326	EPS8	0.34976086	0.11560819	-1.5962902	44.55244	1
21333	LMO3	0.00218086	0.02133617	3.2323973	5.24008	1
21338	AC092110.1	0.011655093	1.3897079e-09	-6.877122	6.955447	1
21341	RERGL	0.057489224	0.0031774838	-4.1351385	23.315323	1
21352	AC126468.1	0.058225695	0.013969438	-2.0515668	12.524972	1
21355	PDE3A	0.5117031	0.25019455	-1.031962	44.55244	1
21356	SLCO1C1	0.029557306	0.005463116	-2.4144225	8.178259	1
21362	PYROXD1	0.09661274	0.05320174	-0.8595233	6.382369	1
21363	RECQL	0.3153793	0.16837732	-0.90499085	22.662897	1
21370	KCNJ8	0.0979886	0.03543956	-1.4646596	13.119015	1
21371	ABCC9	0.101754434	0.012271887	-3.0413713	33.445232	1
21374	CMAS	0.31748852	0.20996775	-0.596304	11.322339	1
21375	ST8SIA1	0.0130266305	0.04252684	1.6992656	6.417532	1
21379	C2CD5	0.094627336	0.048773322	-0.9547336	7.3601136	1
21382	ETNK1	0.31341696	0.21090642	-0.5712566	10.526836	1
21421	ITPR2	0.094494	0.044012986	-1.1005453	9.258207	1
21432	STK38L	0.24412353	0.12991408	-0.90953445	17.39822	1
21464	TMTC1	0.060161505	0.11466131	0.9293278	6.9185095	1
21482	DENND5B	0.049710147	0.10031842	1.0115122	7.189043	1
21499	DNM1L	0.37016687	0.24735233	-0.58141476	12.957474	1
21508	SYT10	0.009472801	0.056828737	2.572144	10.189926	1
21519	CPNE8	0.23000844	0.1263826	-0.8633749	14.680481	1
21522	KIF21A	0.17467664	0.11883664	-0.5553191	5.426823	1
21524	ABCD2	0.014356284	0.0021330542	-2.6946065	5.567587	1
21527	SLC2A13	0.19348891	0.10543062	-0.8753347	12.768686	1
21534	CNTN1	0.059931684	0.1797936	1.5833477	21.150303	1
21536	PDZRN4	0.025950234	0.07078015	1.4440854	7.7228107	1
21541	GXYLT1	0.1580772	0.2639628	0.7393395	11.904055	1
21546	PRICKLE1	0.12348291	0.21644169	0.8091655	10.587337	1
21559	TMEM117	0.044313032	0.09745618	1.1352502	8.200551	1
21563	NELL2	0.006507918	0.06663787	3.3362381	13.349396	1
21567	ANO6	0.22859102	0.16023508	-0.51230973	6.3517427	1
21584	AMIGO2	0.0856501	0.04093177	-1.063397	7.9302073	1
21600	HDAC7	0.26670513	0.17951296	-0.57089484	8.885505	1
21624	ZNF641	0.17828697	0.09476788	-0.91101855	12.990053	1
21637	ADCY6	0.1662195	0.09449583	-0.8141087	9.706062	1
21644	ARF3	0.36377728	0.23554473	-0.6268385	14.55923	1
21659	TUBA1C	0.22393826	0.10706725	-1.063881	20.125849	1
21674	FMNL3	0.33230975	0.18107894	-0.87554735	22.287561	1
21695	LIMA1	0.9424124	0.6661902	-0.5003609	31.35651	1
21696	AC008147.2	0.0858458	0.04912206	-0.80412203	5.238977	1
21703	METTL7A	0.095792964	0.15519679	0.6955311	6.2516956	1
21714	SMAGP	0.0768541	0.039403085	-0.96203285	6.0159273	1
21777	TNS2	0.36661023	0.23230538	-0.65799695	15.6838045	1
21820	HOXC9	0.3420135	0.18288095	-0.90278155	24.131506	1
21849	PDE1B	0.14782743	0.0133600375	-3.4581354	44.55244	1
21877	BLOC1S1	0.81664836	0.5564677	-0.5533344	31.326658	1
21881	GDF11	0.3206083	0.20317912	-0.65779954	13.311673	1
21903	ESYT1	0.13621955	0.06319868	-1.1067451	13.4565525	1
21918	CS	0.23733032	0.14947462	-0.6666388	10.193462	1
21943	TAC3	0.008110931	0.043840956	2.4199486	9.186877	1
21947	STAT6	0.24639943	0.17061713	-0.5299764	7.2056565	1
21950	NXPH4	0.06205792	0.007068193	-3.116257	20.574553	1
21952	SHMT2	0.3338682	0.20629108	-0.6943301	15.667531	1
21953	NDUFA4L2	0.34308138	0.036765803	-3.218616	44.55244	1
21962	MARS	0.1372258	0.08114497	-0.7572523	7.396276	1
21968	PIP4K2C	0.06243384	0.026901383	-1.2116039	7.2101326	1
21973	B4GALNT1	0.0093603525	0.00048609613	-4.012685	5.0268583	1
22013	AC048341.1	0.054767247	0.023004247	-1.2477872	6.5350256	1
22015	PPM1H	0.00879022	1.3897079e-09	-6.4741273	5.377967	1
22049	MSRB3	0.30917037	0.14520478	-1.0897863	29.604763	1
22050	AC026124.1	0.18555011	0.11132644	-0.73649454	8.93777	1
22055	HMGA2	0.69448817	1.1532811	0.7316395	44.55244	1
22057	HMGA2-AS1	0.056677386	0.15242015	1.4256115	17.30962	1
22066	GRIP1	0.06041926	0.14311954	1.2427621	13.151746	1
22092	CPM	0.09612724	0.01476383	-2.6946394	28.55368	1
22113	KCNMB4	0.22212541	0.39162683	0.8178241	20.50731	1
22122	LGR5	0.021820169	0.11455359	2.3869507	20.524467	1
22161	PHLDA1	0.45892835	0.29086143	-0.6577553	18.845158	1
22171	CSRP2	1.3727417	0.5327321	-1.3654122	44.55244	1
22248	ATP2B1	0.99535894	1.5469575	0.6360931	44.55244	1
22249	ATP2B1-AS1	0.12332181	0.27402672	1.1512456	23.483318	1
22262	LUM	0.34444547	1.2668183	1.8785572	44.55244	1
22263	DCN	0.062655576	0.35284272	2.4916184	44.55244	1
22286	NUDT4	0.48208818	0.27067474	-0.83250314	30.598764	1
22290	SOCS2	0.060086463	0.019585898	-1.6122764	10.3764305	1
22296	PLXNC1	0.018556869	0.002033294	-3.1285522	6.949202	1
22308	VEZT	0.33749056	0.22876905	-0.5607521	10.996995	1
22360	UTP20	0.11633837	0.073549986	-0.66080946	5.0062175	1
22369	GNPTAB	0.34910497	0.18575327	-0.9099099	24.994854	1
22401	GLT8D2	0.11805721	0.18088104	0.61513084	6.1897917	1
22410	SLC41A2	0.0640448	0.012295579	-2.371507	17.168886	1
22422	NUAK1	0.047724336	0.092879206	0.9591631	5.9137964	1
22449	CMKLR1	0.02048339	0.0038082434	-2.3968883	6.8304176	1
22455	TMEM119	0.04029033	0.101663604	1.3331398	10.879189	1
22458	CORO1C	0.2388245	0.15630697	-0.61125004	9.001667	1
22492	GPN3	0.1502463	0.09500179	-0.660745	6.405366	1
22508	SH2B3	0.14767124	0.06853422	-1.1063656	14.529785	1
22531	DTX1	0.061388947	0.0067626783	-3.1634836	23.3785	1
22532	RASAL1	0.013812088	1.3897079e-09	-7.1201754	7.243596	1
22556	TBX3	0.60608107	0.34752	-0.8022378	34.707546	1
22578	LINC00173	0.0108309435	0.04144571	1.9262817	6.2418838	1
22592	TESC	0.090380475	0.012182143	-2.8810444	29.42727	1
22601	WSB2	0.17994627	0.120646164	-0.5763903	6.1085105	1
22620	HSPB8	0.010287137	0.00045901787	-4.2157598	5.599258	1
22672	P2RX4	0.10842089	0.064170375	-0.75574696	5.766418	1
22673	CAMKK2	0.17028117	0.0954223	-0.8348564	10.442808	1
22732	RILPL2	0.18214701	0.09881838	-0.88158464	12.209434	1
22747	CCDC92	0.21064265	0.11301938	-0.8976363	14.773261	1
22749	AC068790.7	0.016301565	0.0031218366	-2.3478782	5.0868287	1
22765	BRI3BP	0.02009774	0.0040687774	-2.2764976	5.813001	1
22834	STX2	0.21589074	0.12731206	-0.7614676	11.355637	1
22889	CHFR	0.13792242	0.08976539	-0.6190651	5.468422	1
22956	SACS	0.18178912	0.08184864	-1.1502672	18.701332	1
22987	ATP8A2	0.02145894	0.063228816	1.5545758	8.565315	1
22990	RNF6	0.14821096	0.09536311	-0.63560987	5.8403482	1
23007	GTF3A	0.43950778	0.3013558	-0.54427046	14.100936	1
23021	FLT1	0.567285	0.19288503	-1.5558392	44.55244	1
23054	HSPH1	0.2763338	0.17820323	-0.63260126	10.957141	1
23059	FRY	0.10196871	0.0054246467	-4.207515	44.55244	1
23060	FRY-AS1	0.020767039	0.0009905595	-4.2580857	10.199257	1
23091	DCLK1	0.044132978	0.015046764	-1.5461129	7.1331134	1
23099	SMAD9	0.2506819	0.48870596	0.9628287	33.705036	1
23121	LHFPL6	0.83241737	0.32388505	-1.3615532	44.55244	1
23140	DGKH	0.45190078	0.21699703	-1.0579853	41.067142	1
23144	TNFSF11	0.03557865	0.0030618028	-3.4962418	14.602361	1
23148	EPSTI1	0.03488487	0.011176148	-1.6334568	6.522138	1
23159	LACC1	0.20437856	0.06428311	-1.6671954	34.7655	1
23168	SERP2	0.042629603	0.013585539	-1.6425838	7.2185717	1
23194	LCP1	0.009982138	0.0007395398	-3.586059	5.3708024	1
23217	RB1	0.290118	0.20032713	-0.5340591	8.496565	1
23239	DLEU2	0.26404226	0.04838229	-2.4457853	44.55244	1
23247	RNASEH2B	0.23948373	0.12040717	-0.99141085	19.405306	1
23254	WDFY2	0.35678953	0.12884967	-1.4686694	44.55244	1
23295	PCDH17	0.24759951	0.4937178	0.99538773	33.738964	1
23307	PCDH20	0.017289408	0.07029246	2.0172122	11.002023	1
23341	DACH1	0.078949876	0.22947231	1.5381135	26.202663	1
23360	UCHL3	0.19071233	0.1304616	-0.54742366	5.901406	1
23362	LMO7	0.09463137	0.047975365	-0.97854435	7.499386	1
23371	KCTD12	0.44509488	0.82148397	0.8839711	44.55244	1
23375	FBXL3	0.17358367	0.11244002	-0.626024	6.7708535	1
23407	SPRY2	0.51681715	0.8561045	0.72802234	44.55244	1
23414	SLITRK1	0.039811596	0.0052194637	-2.9074554	12.4155	1
23426	SLITRK6	0.10913282	0.2657904	1.2834252	23.667654	1
23432	MIR4500HG	0.0054017757	0.03737769	2.7680628	8.094189	1
23434	SLITRK5	0.12503605	0.31627727	1.3381484	31.18	1
23462	GPC6	0.30755112	0.5358853	0.8008982	29.356644	1
23489	RAP2A	0.15553075	0.10482773	-0.56873107	5.1047363	1
23496	FARP1	0.93702465	0.41480255	-1.1754684	44.55244	1
23498	AL445223.1	0.024874186	0.007159892	-1.7824177	5.528505	1
23501	STK24	0.32560483	0.21207532	-0.6183081	12.330398	1
23533	TMTC4	0.077545844	0.2000026	1.3657593	21.73157	1
23538	FGF14	0.00400508	0.031397197	2.9397414	7.8677864	1
23545	TPP2	0.25984156	0.17144714	-0.59958214	9.225477	1
23547	CCDC168	0.017036108	0.0030821864	-2.428949	5.336807	1
23568	EFNB2	1.019783	0.52620876	-0.9544223	44.55244	1
23569	AL138689.2	0.045774665	0.019985495	-1.1915436	5.0457964	1
23578	FAM155A	0.038335722	0.08834954	1.202407	8.227927	1
23588	MYO16	0.0055386964	0.034334145	2.6104064	7.3434463	1
23605	COL4A1	2.383654	0.8909745	-1.4196173	44.55244	1
23606	COL4A2	2.1924813	1.0186812	-1.1057861	44.55244	1
23609	RAB20	0.057662416	0.023820937	-1.2718573	6.7668133	1
23622	ARHGEF7	0.26476583	0.13253129	-0.99784046	22.549988	1
23651	F10	0.022453474	0.08212065	1.8661511	12.131398	1
23673	GAS6	0.034081466	0.010363801	-1.7078073	6.3862863	1
23929	MMP14	0.4816961	0.2725048	-0.8216117	30.808983	1
23930	LRP10	0.30560935	0.18699041	-0.708425	14.560461	1
23947	SLC7A8	0.24142699	0.1588272	-0.6038183	8.470638	1
23955	EFS	0.0925397	0.14691024	0.66621417	5.690262	1
23959	MYH6	0.06743073	0.12315787	0.8680637	6.595653	1
23960	MYH7	0.01630701	0.05215861	1.6713566	6.8321967	1
23969	JPH4	0.098734416	0.19010162	0.9444442	12.405749	1
23988	PSME2	0.49406293	0.3415868	-0.5323122	15.93045	1
23994	TM9SF1	0.22176585	0.15198347	-0.5448242	6.81141	1
24012	ADCY4	0.14684026	0.05699226	-1.3638626	18.630373	1
24025	STXBP6	0.03340462	0.0030849113	-3.3950348	13.163296	1
24078	ARHGAP5-AS1	0.0428347	0.113279894	1.4009489	12.489037	1
24087	EGLN3	0.4815794	0.24379782	-0.98179626	37.370213	1
24089	SPTSSA	0.30453855	0.19310625	-0.6569567	12.898751	1
24093	SNX6	1.5280379	1.0005891	-0.61078095	44.55244	1
24095	BAZ1A	0.27622178	0.15212363	-0.8601569	17.687786	1
24157	LRFN5	0.21312565	0.38208312	0.84188306	21.296135	1
24231	TMX1	0.23905538	0.16378303	-0.54528177	7.2249336	1
24247	NID2	0.28996748	0.114794925	-1.3360734	37.26456	1
24249	PTGDR	0.046117157	0.0013099924	-5.0346694	23.898369	1
24253	ERO1A	0.2108135	0.13996713	-0.5905331	7.000749	1
24257	GNPNAT1	0.17235693	0.11537302	-0.5786803	5.974853	1
24259	AL139317.5	0.08447554	0.038825195	-1.1195362	8.542595	1
24261	FERMT2	0.6745365	0.4352398	-0.6319687	30.003292	1
24283	LGALS3	0.6202879	0.09213672	-2.7497573	44.55244	1
24292	KTN1	1.3302346	0.9035921	-0.55788594	44.55244	1
24376	PPP2R5E	0.44590035	0.31508738	-0.5008351	12.5768175	1
24382	SYNE2	0.21951173	0.1172831	-0.9037304	14.470598	1
24386	MTHFD1	0.08515273	0.04783756	-0.83058953	5.4082193	1
24407	FUT8	0.16303931	0.396844	1.282831	38.6909	1
24440	ACTN1	0.5155273	0.22949256	-1.1672528	44.55244	1
24454	SUSD6	0.10890372	0.042080287	-1.3697366	15.208067	1
24458	SMOC1	0.009133694	0.05884449	2.6743772	11.926556	1
24473	AC004816.2	0.033337027	0.003962126	-3.0411398	12.153026	1
24514	PNMA1	0.19640185	0.13218047	-0.5709428	6.4235506	1
24547	PGF	0.40795398	0.110889696	-1.8783342	44.55244	1
24559	FOS	1.4111431	0.95134854	-0.5687689	44.55244	1
24570	TGFB3	0.09096614	0.044274848	-1.0371726	7.984446	1
24614	NRXN3	0.04359408	0.01632559	-1.4114928	5.8246512	1
24652	FLRT2	0.102104664	0.36726904	1.8457689	44.55244	1
24676	PTPN21	0.09339894	0.04552198	-1.035221	8.448795	1
24705	TTC7B	0.09669448	0.046357248	-1.059021	8.815565	1
24712	RPS6KA5	0.15878174	0.29453838	0.890992	16.757788	1
24724	FBLN5	0.07345099	0.13901408	0.9194518	8.377868	1
24733	LGMN	0.20015718	0.10585913	-0.91834605	14.305989	1
24772	GSC	0.004058431	0.05333419	3.6836522	12.180107	1
24865	DLK1	0.38486806	1.0709698	1.4762421	44.55244	1
24923	KLC1	0.45623282	0.31615946	-0.52897775	13.92937	1
24980	CRIP2	0.43749455	0.13774982	-1.6664972	44.55244	1
24981	CRIP1	0.2750096	0.023931561	-3.517004	44.55244	1
25214	NIPA1	0.029388519	0.0069516916	-2.0641122	7.36872	1
25216	CYFIP1	0.4160139	0.21969369	-0.9208284	32.326756	1
25308	KLF13	0.26850745	0.14669123	-0.8717334	17.837526	1
25324	GREM1	0.015736556	0.052871473	1.7419571	7.1962066	1
25331	AVEN	0.14917958	0.068768114	-1.1161087	14.742291	1
25344	GOLGA8A	0.17782176	0.26795083	0.5912636	8.266504	1
25350	ACTC1	0.11940345	0.24688405	1.0473655	16.56135	1
25366	MEIS2	1.0216504	1.5039638	0.5578229	44.55244	1
25374	SPRED1	0.5600975	0.27229875	-1.0402156	44.55244	1
25390	THBS1	0.08181878	0.16275884	0.99135584	10.893148	1
25415	INAFM2	0.24593832	0.1010119	-1.2829301	29.973164	1
25434	GCHFR	0.06291635	0.11830712	0.9099576	6.9833755	1
25443	VPS18	0.06937632	0.03662694	-0.9196826	5.2482142	1
25445	DLL4	0.015607825	0.0005084496	-4.6902018	7.8996687	1
25453	CHP1	0.19100286	0.13008513	-0.5537847	6.1125755	1
25503	CCNDBP1	0.124649875	0.046857692	-1.4096049	17.385916	1
25551	SHF	0.06509907	0.112809956	0.79224944	5.5964437	1
25575	SEMA6D	0.32585213	0.21343389	-0.610195	11.746798	1
25598	CEP152	0.043661755	0.013670494	-1.6680903	8.277666	1
25612	FGF7	0.03050642	0.0880376	1.5259234	10.1098995	1
25666	MYO5A	0.039440393	0.012676626	-1.6298203	7.033095	1
25686	CCPG1	0.32456934	0.20785835	-0.6426765	12.993803	1
25712	CGNL1	0.0416818	0.18207507	2.124379	30.619537	1
25742	MYO1E	0.20653512	0.09822373	-1.0714738	18.536245	1
25745	AC092868.2	0.031674016	0.011393424	-1.467039	5.224855	1
25756	ANXA2	0.69821334	0.34683698	-1.0092009	44.55244	1
25796	RAB8B	0.2648073	0.18622878	-0.507637	7.227604	1
25813	CSNK1G1	0.2926081	0.17969233	-0.70313126	13.605811	1
25818	OAZ2	0.8494732	0.35848835	-1.2444097	44.55244	1
25821	AC100830.1	0.06041661	0.028066259	-1.1033633	5.94025	1
25822	RBPMS2	0.22610536	0.13109992	-0.7858662	12.054063	1
25833	RASL12	0.20251453	0.054104373	-1.9022564	41.718655	1
25841	IGDCC3	0.33335516	0.91159713	1.451062	44.55244	1
25856	MAP2K1	0.12636207	0.069364384	-0.86435944	8.22921	1
25882	CLN6	0.08656133	0.041499853	-1.0588099	7.8877106	1
25884	FEM1B	0.2141006	0.1439519	-0.57237387	7.0149584	1
25885	ITGA11	0.22121027	0.062920704	-1.8121725	42.129192	1
25887	CORO2B	0.07038113	0.027789606	-1.3375095	9.538735	1
25908	TLE3	0.05629487	0.11541531	1.0344483	8.32567	1
25915	SALRNA2	0.01987081	0.0007554609	-4.5450473	10.253035	1
25916	UACA	0.93991804	0.2720815	-1.7881196	44.55244	1
25924	THSD4	0.011366472	0.04860071	2.0865214	8.2302885	1
25962	CD276	0.70873547	0.4485499	-0.65986073	33.9337	1
26006	RPP25	0.014973992	0.05156298	1.7770694	7.4915175	1
26029	CSPG4	0.5063608	0.07957689	-2.6682174	44.55244	1
26052	PEAK1	0.55805045	0.19907595	-1.4866105	44.55244	1
26056	LINGO1	0.6354913	0.1535711	-2.0482535	44.55244	1
26062	TBC1D2B	0.27775598	0.12785564	-1.1186935	27.693483	1
26075	CRABP1	0.17992412	0.8784352	2.28691	44.55244	1
26096	MTHFS	0.14056982	0.09311311	-0.59370804	5.068346	1
26099	AC015871.1	0.13633355	0.073277794	-0.894783	9.625044	1
26117	CEMIP	0.026792377	0.0050950404	-2.3719904	7.7863245	1
26122	TLNRD1	0.13032806	0.080273196	-0.69846797	6.105739	1
26168	SH3GL3	0.004029032	0.024420768	2.5701287	5.624619	1
26169	ADAMTSL3	0.0164915	0.099352956	2.58357	19.142902	1
26220	ACAN	0.057273164	0.0022592777	-4.603959	23.820856	1
26221	HAPLN3	0.022630457	0.002736468	-3.002459	8.325639	1
26222	MFGE8	0.3583724	0.23726669	-0.5947445	12.651311	1
26254	CIB1	0.3317566	0.22759101	-0.54348254	10.1389	1
26260	IQGAP1	0.5346857	0.24241216	-1.1409037	44.55244	1
26272	FURIN	0.09662084	0.057401873	-0.75021785	5.251932	1
26291	SLCO3A1	0.5938787	0.046305094	-3.678056	44.55244	1
26359	ARRDC4	0.11927807	0.19269314	0.69151586	7.5043836	1
26452	TMEM8A	0.1756416	0.119276926	-0.5579316	5.7320046	1
26496	AC009041.2	0.089116916	0.24835058	1.4775697	28.785671	1
26497	SOX8	0.033688918	0.10569037	1.6465862	13.922887	1
26536	TMEM204	0.34385905	0.17763808	-0.95248395	26.646154	1
26552	HAGH	0.17406452	0.112279415	-0.63207287	6.687419	1
26573	NPW	0.4298596	0.78293	0.8648665	44.55244	1
26584	TRAF7	0.14813535	0.09746193	-0.60349935	5.4872417	1
26588	PGP	0.3385381	0.23687597	-0.51500356	9.60573	1
26644	TNFRSF12A	0.1203814	0.030639313	-1.9706537	24.992876	1
26645	HCFC1R1	0.4471035	0.3156936	-0.50194967	11.914785	1
26646	THOC6	0.12958436	0.0831777	-0.63900226	5.193327	1
26658	AC108134.2	0.018489348	0.05920095	1.6735791	7.409707	1
26694	GLIS2	0.13019714	0.06777818	-0.9407856	9.480192	1
26699	VASN	0.16254547	0.05897716	-1.4610583	23.918888	1
26749	ABAT	0.030295676	0.06590011	1.1186024	5.59511	1
26770	GRIN2A	0.035081785	0.0060028667	-2.5272698	10.558627	1
26794	SOCS1	0.19211955	0.3286954	0.7744349	15.204471	1
26841	MRTFB	0.34351873	0.1481121	-1.2131454	38.891685	1
26871	MYH11	0.23473229	0.0055984166	-5.364926	44.55244	1
26876	ABCC1	0.087342605	0.050005622	-0.8033638	5.2156262	1
26912	ITPRIPL2	0.5815406	0.376668	-0.6264515	24.478743	1
26913	AC099518.5	0.062045738	0.023169726	-1.4172013	9.102193	1
26914	SYT17	0.048199516	0.011031325	-2.1173835	11.932565	1
26930	IQCK	0.09415543	0.052238703	-0.84869754	6.004947	1
26932	GPRC5B	0.03929282	0.014969567	-1.3862948	5.5816827	1
27033	HS3ST4	0.030436227	0.09567796	1.6491718	13.192309	1
27047	IL4R	0.08724951	0.024480026	-1.8293132	17.856459	1
27058	SBK1	0.054377846	0.10123347	0.8953691	5.9646797	1
27067	NUPR1	0.14410578	0.24416289	0.76030576	10.1862135	1
27087	NFATC2IP	0.20697945	0.140919	-0.5542949	6.563352	1
27099	BOLA2	0.095366105	0.056810353	-0.7462975	5.0592146	1
27172	SRCAP	0.15395603	0.097892545	-0.65271115	6.4987993	1
27222	TGFB1I1	0.79540867	0.4658562	-0.77168345	44.55244	1
27346	HEATR3	0.08597666	0.048361253	-0.82879037	5.4182014	1
27386	TOX3	0.08629144	0.15393014	0.8342524	7.5001807	1
27417	CRNDE	0.11914724	0.06630925	-0.8444997	7.519996	1
27427	MMP2	0.4357898	0.85745287	0.9762623	44.55244	1
27438	GNAO1	0.014633745	0.08780776	2.5768664	18.414446	1
27451	MT2A	0.2752479	0.02962672	-3.2114234	44.55244	1
27453	MT1E	0.05075177	0.0005609301	-6.2656565	23.617147	1
27471	CPNE2	0.14625351	0.06747641	-1.1148658	14.2238865	1
27485	DOK4	0.14334328	0.26477435	0.8848277	15.932321	1
27525	CDH8	0.022617212	0.05534109	1.28717	5.2118497	1
27554	CKLF	0.31730828	0.21816948	-0.5402292	9.589894	1
27572	RRAD	0.033779185	0.0033296791	-3.3042536	11.111345	1
27580	TRADD	0.091163345	0.0457181	-0.9941178	7.6939893	1
27595	TPPP3	0.15261868	0.004892076	-4.935093	44.55244	1
27596	ZDHHC1	0.06984474	0.021992138	-1.6626825	12.554465	1
27597	HSD11B2	0.30676502	0.052692622	-2.539196	44.55244	1
27599	ATP6V0D1	0.46623802	0.3288322	-0.50358576	13.209485	1
27603	RIPOR1	0.12102475	0.07265749	-0.73532605	6.2195673	1
27665	SNTB2	0.13982375	0.0903395	-0.629616	5.528658	1
27678	NQO1	0.33152372	0.16741838	-0.98522776	26.514378	1
27744	ZFHX3	0.82797736	0.3242651	-1.352147	44.55244	1
27777	BCAR1	0.24859737	0.14511186	-0.776232	13.431635	1
27806	MON1B	0.11680461	0.052558575	-1.1505914	12.069222	1
27816	VAT1L	0.0016426867	0.026966803	3.9571395	7.789711	1
27835	MAF	0.19188832	0.31581074	0.7184984	12.703181	1
27853	CMC2	0.24640809	0.17239289	-0.5150981	6.963839	1
27875	MPHOSPH6	0.11558146	0.07117307	-0.6987286	5.3878827	1
27878	CDH13	0.08395591	0.21694289	1.3685591	22.57443	1
27911	COTL1	0.5796431	0.36016518	-0.6863545	27.384693	1
27916	CRISPLD2	0.024771206	0.15463613	2.6372619	33.27536	1
27925	GSE1	0.23358135	0.42163375	0.85178983	24.743368	1
27983	ZCCHC14	0.13552548	0.08739118	-0.63241875	5.4673367	1
28011	CYBA	0.74393535	0.50039726	-0.57200897	28.620106	1
28019	PIEZO1	0.05911344	0.027103452	-1.1221349	6.2090507	1
28069	TUBB3	0.25217828	0.15491231	-0.7026331	11.105265	1
28070	DEF8	0.24360771	0.145302	-0.7451049	12.403089	1
28104	NXN	0.17445087	0.0834949	-1.0621607	15.173542	1
28116	MYO1C	0.36195126	0.15199868	-1.2511863	44.55244	1
28119	PITPNA	0.22817697	0.15201706	-0.5856034	8.059667	1
28126	MIR22HG	0.105471395	0.06453703	-0.7077861	5.1605735	1
28130	SERPINF1	0.10082385	0.18489772	0.87424034	10.432919	1
28153	MNT	0.12401422	0.07982157	-0.6350115	5.0875897	1
28186	TAX1BP3	0.6148352	0.42576885	-0.53002524	19.869072	1
28196	ATP2A3	0.017733714	0.0021669923	-2.9757557	6.5129604	1
28297	ASGR1	0.07948201	0.13915808	0.8072468	7.132632	1
28299	ACADVL	0.5412517	0.32187134	-0.7496341	31.499704	1
28305	CLDN7	0.044418275	0.011076597	-1.9939169	10.357135	1
28309	EIF5A	0.829343	0.5640783	-0.55599177	32.14302	1
28325	FGF11	0.038177412	0.090795524	1.247716	8.418726	1
28343	ATP1B2	0.3346129	0.15419725	-1.1172118	33.08865	1
28349	TMEM88	0.014285436	0.04818557	1.7469832	7.078385	1
28364	PER1	0.088960856	0.04619835	-0.94383067	6.8305573	1
28412	GAS7	0.044982452	0.13532872	1.586896	17.840204	1
28446	MYOCD	0.0322246	0.007827255	-2.0277393	6.8389173	1
28449	ARHGAP44	0.062197655	0.029363835	-1.0802326	5.9580727	1
28452	ELAC2	0.12555401	0.081044845	-0.6308854	5.101559	1
28505	TRPV2	0.01576595	0.00062591396	-4.4499917	8.031576	1
28525	MPRIP	0.5418883	0.29271927	-0.88825125	41.32199	1
28555	FLII	0.20886685	0.14578597	-0.518433	5.893023	1
28595	MFAP4	0.13592994	0.5700188	2.0673385	44.55244	1
28616	SPECC1	0.16430032	0.09664078	-0.765017	8.804006	1
28678	TNFAIP1	0.30834392	0.107301205	-1.5219979	44.55244	1
28691	UNC119	0.20845565	0.29582638	0.5048058	7.2692475	1
28693	ALDOC	0.041373312	0.096246675	1.2160516	8.628246	1
28719	FLOT2	0.10125347	0.04764601	-1.0859435	9.625669	1
28730	MYO18A	0.11931775	0.07167455	-0.73447293	5.9220114	1
28742	GIT1	0.109041005	0.06759528	-0.6890661	5.0110235	1
28747	SSH2	0.118977696	0.07464761	-0.6718038	5.1892796	1
28782	ADAP2	0.09919603	0.0032679462	-4.881795	44.55244	1
28786	RNF135	0.090481594	0.049341906	-0.8734836	5.941748	1
28831	TMEM98	0.34491193	0.52272016	0.5996686	18.457386	1
28833	ASIC2	0.007994192	0.037127238	2.2013998	7.708033	1
28876	SLFN5	0.44651148	0.3096395	-0.52796495	12.891165	1
28890	SNHG30	0.1376389	0.08079521	-0.7678098	7.3262205	1
28896	MMP28	0.004016362	0.025875255	2.6576962	5.528297	1
28984	LASP1	0.36535317	0.21143876	-0.7887645	21.168247	1
28991	PLXDC1	0.79345566	0.10061927	-2.9779918	44.55244	1
28992	AC091178.2	0.013379752	0.0016959436	-2.90798	5.36652	1
29123	ACLY	0.26094884	0.15870176	-0.7170927	12.867849	1
29139	STAT5B	0.09895017	0.057939686	-0.77111965	5.37251	1
29145	CAVIN1	0.08949808	0.035984762	-1.312078	10.886596	1
29159	PLEKHH3	0.48913497	0.10266245	-2.2512143	44.55244	1
29160	CCR10	0.18990189	0.021996977	-3.1040928	44.55244	1
29161	AC100793.2	0.29885143	0.06570238	-2.1836994	44.55244	1
29162	CNTNAP1	0.12749448	0.049622945	-1.3595823	16.802052	1
29166	RAMP2-AS1	0.05337881	0.09456894	0.82392377	5.1926556	1
29167	RAMP2	0.63067514	1.0687591	0.7608739	44.55244	1
29192	ARL4D	0.04355548	0.088441536	1.0201916	6.3786974	1
29196	MEOX1	0.005749478	0.02938348	2.333527	5.7779408	1
29236	FZD2	0.13941482	0.24128243	0.7909024	11.959724	1
29245	GJC1	0.20055462	0.13249315	-0.59770805	6.9046073	1
29246	HIGD1B	0.014985521	0.0003887274	-4.947991	8.126831	1
29253	C1QL1	0.01978112	0.068311624	1.7828425	9.595101	1
29283	MAPT	0.28270093	0.114287116	-1.3058622	35.974125	1
29306	MYL4	0.0780215	0.14640899	0.90719765	8.006625	1
29307	ITGB3	0.040700834	0.0011005431	-5.0868397	21.3073	1
29334	COPZ2	0.06637481	0.14514922	1.1276507	12.269182	1
29347	HOXB2	0.08407396	0.04631317	-0.85883975	5.5536876	1
29348	HOXB-AS1	0.054945532	0.015370511	-1.8311046	10.806584	1
29356	HOXB7	0.28881374	0.198512	-0.54068595	8.548558	1
29358	HOXB9	0.1612316	0.24082854	0.5785762	7.4357944	1
29360	AC103702.2	0.14409728	0.30176663	1.0658672	23.261524	1
29364	HOXB13	0.034496356	0.093816556	1.4407594	11.078909	1
29366	TTLL6	0.0033635905	0.023507817	2.7689242	6.165846	1
29406	ITGA3	0.19512305	0.033110313	-2.5554202	44.55244	1
29437	CACNA1G	0.020369591	0.07719869	1.9169617	12.17645	1
29464	CA10	0.06831529	0.029707158	-1.19866	7.338905	1
29475	HLF	0.056114882	0.01090315	-2.3530357	13.4694195	1
29478	MMD	0.1329061	0.08306588	-0.6774287	5.9127135	1
29487	DGKE	0.04086935	0.08205093	1.0037318	5.744841	1
29514	DYNLL2	0.18877669	0.27146843	0.52387106	7.06463	1
29531	SEPTIN4-AS1	0.013081251	0.0009957475	-3.5885	6.5593147	1
29532	SEPTIN4	0.48789275	0.037994172	-3.6792173	44.55244	1
29539	TRIM37	0.14739446	0.09007127	-0.70992106	7.026899	1
29546	YPEL2	0.18922374	0.1181905	-0.67852104	8.049755	1
29553	VMP1	0.67104024	0.38501117	-0.80133945	42.961376	1
29572	BCAS3	0.15254667	0.0875811	-0.7998584	8.543759	1
29579	TBX2-AS1	0.21888667	0.10115937	-1.1127876	21.064516	1
29580	TBX2	1.2177578	0.8272828	-0.5577188	44.55244	1
29614	MAP3K3	0.15364392	0.104313195	-0.55822533	5.1326113	1
29616	LIMD2	0.6553431	0.43539482	-0.5898151	26.04143	1
29652	CEP112	0.15397952	0.08307133	-0.889517	10.500561	1
29654	PRKCA	0.14130129	0.21702768	0.6187483	7.2932262	1
29667	PITPNC1	0.17433494	0.06695525	-1.3792669	23.51095	1
29719	SOX9	0.03884796	0.08563944	1.1384112	6.9789753	1
29734	SDK2	0.024700109	0.05618905	1.1825079	5.2941904	1
29755	GPRC5C	0.32721785	0.0775351	-2.0759113	44.55244	1
29817	TRIM47	0.06718903	0.014972642	-2.158439	17.08724	1
29825	TEN1	0.12335779	0.07612142	-0.6957495	5.823644	1
29837	PRPSAP1	0.24362731	0.15085174	-0.69118047	10.965227	1
29838	SPHK1	0.03570523	0.013339513	-1.4136896	5.2824764	1
29842	CYGB	0.53994244	0.24559276	-1.1362175	44.55244	1
29867	SEC14L1	0.44987342	0.3172584	-0.50372684	12.757252	1
29870	SEPTIN9	0.6722605	0.401025	-0.7451833	39.785507	1
29884	TMC6	0.119460166	0.06402237	-0.89883715	8.583129	1
29887	SYNGR2	0.0546744	0.017596424	-1.630044	9.139185	1
29908	LGALS3BP	0.36762485	0.20130253	-0.86854476	24.988035	1
29913	RBFOX3	0.0015595906	0.020442337	3.629701	5.390162	1
29944	NPTX1	0.029695544	0.0013541281	-4.35687	13.537881	1
29974	BAHCC1	0.09639728	0.048709087	-0.9833384	7.7187424	1
29981	NPLOC4	0.1690093	0.095456	-0.82353765	10.251861	1
30006	MAFG	0.23668037	0.13152684	-0.8470958	15.140445	1
30009	PYCR1	0.09306308	0.15327683	0.7192503	6.8347383	1
30029	SLC16A3	0.09743394	0.18683454	0.93855697	11.211066	1
30067	METRNL	0.114435166	0.066350885	-0.78543025	6.2107954	1
30127	TGIF1	0.06692534	0.116247475	0.7956614	5.9465165	1
30148	EPB41L3	0.04520643	0.11434137	1.3368208	11.162559	1
30155	L3MBTL4	0.041988034	0.004537403	-3.1820211	14.3276205	1
30163	ARHGAP28	0.1402531	0.24257797	0.7899822	11.904729	1
30194	TWSG1	0.14213464	0.09108064	-0.6414733	5.65537	1
30197	RALBP1	0.5382564	0.37656844	-0.5152666	16.1068	1
30203	RAB31	0.6641901	0.39035505	-0.7666571	38.795444	1
30221	PIEZO2	1.09874	0.6309277	-0.80020607	44.55244	1
30241	IMPA2	0.11075906	0.05488051	-1.0117344	9.207413	1
30250	TUBB6	0.34343815	0.21597165	-0.66896045	14.940049	1
30267	LDLRAD4	0.05317299	0.13224024	1.3127755	13.345546	1
30317	GATA6-AS1	0.010556064	0.046204884	2.11949	8.435098	1
30318	GATA6	0.037316956	0.15594985	2.0602427	25.622074	1
30343	OSBPL1A	0.5045352	0.20592842	-1.2923976	44.55244	1
30356	ZNF521	0.1402802	0.2303908	0.71536964	9.656484	1
30379	CDH2	0.30163136	0.4867196	0.69012266	19.49631	1
30414	GAREM1	0.09945871	0.15948234	0.68068165	6.00731	1
30427	ASXL3	0.13534707	0.20121312	0.571712	5.866327	1
30434	MAPRE2	0.21060082	0.08778165	-1.2615621	24.246181	1
30459	TPGS2	0.4927387	0.30724868	-0.6812393	23.511986	1
30485	SYT4	0.043151308	0.13648821	1.6590173	14.576213	1
30555	CXXC1	0.118252344	0.07160241	-0.72299474	5.817266	1
30572	MBD2	0.2839373	0.16128843	-0.81554323	17.163355	1
30578	RAB27B	0.054666303	0.09964007	0.86488473	5.7321444	1
30615	ATP8B1	0.12177793	0.02115029	-2.5198827	35.245243	1
30630	MALT1	0.1382994	0.08221925	-0.74953604	7.2512217	1
30637	SEC11C	0.19613573	0.0950107	-1.0449083	17.087673	1
30649	PMAIP1	0.11572299	0.026789296	-2.1068177	26.67982	1
30662	RNF152	0.036959622	0.09266237	1.3236916	9.796852	1
30697	LINC01916	0.1475094	0.28703412	0.95994014	16.777292	1
30699	CDH7	0.1696241	0.6292133	1.890587	44.55244	1
30714	TMX3	0.31063676	0.18909292	-0.71583474	15.197815	1
30715	CCDC102B	0.6372477	0.10510913	-2.5988207	44.55244	1
30720	AC090337.1	0.028844519	0.003724111	-2.9200938	10.967546	1
30723	DOK6	0.107405014	0.24142218	1.1677517	19.535473	1
30742	CBLN2	0.09418619	0.17010275	0.852136	7.653558	1
30760	CNDP2	0.17240535	0.08916343	-0.9504999	13.190441	1
30888	PLPPR3	0.06843383	0.16545826	1.2724508	15.7891	1
30922	NDUFS7	0.56738	0.3848982	-0.5597181	19.988695	1
31001	TLE2	0.019212143	0.05729467	1.5714085	7.1800895	1
31024	TBXA2R	0.028861655	0.007038372	-2.020477	7.05169	1
31042	ZBTB7A	0.35999385	0.22887672	-0.65317196	15.511852	1
31186	CTXN1	0.13460049	0.079269454	-0.76309925	7.2186475	1
31254	COL5A3	0.065345824	0.0017405835	-5.152066	29.226925	1
31282	S1PR5	0.13905156	0.055334564	-1.3277993	17.63356	1
31285	CDKN2D	0.16739364	0.06474981	-1.3689321	21.63243	1
31291	DNM2	0.17063445	0.10829039	-0.6555173	7.1753135	1
31299	LDLR	0.23765557	0.14514722	-0.71096855	10.899569	1
31302	DOCK6	0.244847	0.15939108	-0.61899394	9.356167	1
31316	RGL3	0.10856869	0.026066273	-2.054156	23.413107	1
31413	AC020916.1	0.40203917	0.12981512	-1.6301255	44.55244	1
31440	DDX39A	0.14781442	0.08029656	-0.8795571	9.85821	1
31441	PKN1	0.21630386	0.13978815	-0.6294524	8.415886	1
31464	NOTCH3	0.58566445	0.18233764	-1.6829172	44.55244	1
31504	KLF2	0.45491663	0.16285387	-1.4814556	44.55244	1
31539	OCEL1	0.1377118	0.0885672	-0.63622695	5.370123	1
31550	PLVAP	0.2117959	0.042834375	-2.3031507	44.55244	1
31588	PDE4C	0.064580835	0.027314605	-1.2383937	7.040035	1
31771	TSHZ3	0.05188964	0.10043784	0.9514426	6.5391803	1
31817	KCTD15	0.14322521	0.073194794	-0.96750975	11.131191	1
31826	UBA2	0.7350777	0.42270637	-0.79809594	44.55244	1
31873	DMKN	0.092815295	0.048193645	-0.9440828	6.657291	1
31911	SDHAF1	0.07702115	0.12416275	0.68819535	5.034577	1
31987	SPINT2	0.04454002	0.09145228	1.036258	6.577121	1
31988	PPP1R14A	0.24528335	0.13276502	-0.8850759	15.558525	1
32007	ACTN4	0.3830133	0.26666793	-0.5221859	11.129799	1
32040	GMFG	0.17997324	0.02470651	-2.8597932	44.55244	1
32045	ZFP36	0.31564277	0.16034205	-0.97669727	23.85103	1
32046	PLEKHG2	0.2919335	0.15494673	-0.91343075	21.194235	1
32084	SHKBP1	0.12091471	0.0751797	-0.6848496	5.4785323	1
32135	ARHGEF1	0.20033722	0.1257882	-0.6710074	8.856543	1
32235	BCAM	0.09570818	0.03829799	-1.319118	11.490244	1
32240	APOC1	0.15673225	0.10440278	-0.58568084	5.2360473	1
32245	RELB	0.077303745	0.039725054	-0.95872706	6.205918	1
32263	FOSB	0.4037936	0.11985332	-1.7515022	44.55244	1
32266	VASP	0.4791485	0.22528332	-1.0883931	44.55244	1
32268	GPR4	0.033459213	0.009595399	-1.7913368	6.863837	1
32271	GIPR	0.08214326	0.012848624	-2.6670988	24.645555	1
32306	CCDC8	0.20156638	0.3145518	0.6417855	11.684532	1
32315	PTGIR	0.12226719	0.070182145	-0.79998654	6.6363807	1
32316	GNG8	0.009260467	0.03487653	1.9017347	5.747237	1
32334	INAFM1	0.20304029	0.31499732	0.633321	11.2075205	1
32349	EHD2	0.2937002	0.17623699	-0.7365001	14.731843	1
32360	PLA2G4C	0.060097907	0.019694282	-1.6046296	10.227206	1
32394	RASIP1	0.039469767	0.013604238	-1.5297766	6.4635525	1
32400	HSD17B14	0.043068647	0.09955727	1.2069912	9.180309	1
32402	PPP1R15A	0.5457042	0.33248064	-0.71467936	27.371515	1
32436	DKKL1	0.022509903	0.054518975	1.2724476	5.371863	1
32443	ALDH16A1	0.057398498	0.02838492	-1.0133259	5.0873237	1
32453	RRAS	0.78951156	0.49505547	-0.67326164	40.02237	1
32470	PNKP	0.2818815	0.19876242	-0.50382984	7.719646	1
32475	ATF5	0.16641237	0.09699126	-0.778216	8.997441	1
32496	AC020909.2	0.12735409	0.25323057	0.9910435	16.47336	1
32497	JOSD2	0.18993346	0.12813716	-0.56743914	6.2430253	1
32604	ZNF83	0.19624099	0.12903805	-0.6044473	7.067262	1
32641	MYADM	0.5748265	0.2555465	-1.1692272	44.55244	1
32669	TTYH1	0.12634452	0.03197964	-1.9787747	24.467344	1
32699	EPS8L1	0.018013103	0.0022430047	-2.9506018	7.035083	1
32732	SSC5D	0.03926988	0.08920734	1.1816864	8.420469	1
32737	ZNF524	0.09791285	0.049105234	-0.9941591	8.135646	1
32799	AC005261.1	0.1935437	0.13544317	-0.5146522	5.4044294	1
32851	AC010642.2	0.25855565	0.155991	-0.72864527	12.71019	1
32897	TCF15	0.043520857	0.10198497	1.2266804	9.511654	1
32906	TMEM74B	0.052065536	0.011977716	-2.1107495	12.03811	1
32913	FKBP1A	1.2659637	0.7483106	-0.75844795	44.55244	1
32962	HSPA12B	0.011980386	0.05274706	2.1291566	9.191858	1
32992	CDS2	0.14581363	0.095785186	-0.60573477	5.175427	1
33037	SNAP25	0.090371385	0.046708845	-0.9506804	6.595172	1
33043	JAG1	0.6032354	0.24131483	-1.3214461	44.55244	1
33055	BTBD3	0.21808386	0.1423817	-0.6147678	8.149105	1
33063	SPTLC3	0.03104435	0.0076641184	-2.0040765	7.3705063	1
33073	FLRT3	0.083597705	0.2608193	1.6403434	31.653776	1
33081	KIF16B	0.12706028	0.05699196	-1.1552886	13.135208	1
33121	SLC24A3	0.018768732	0.047890596	1.3467543	5.209871	1
33202	APMAP	0.2033905	0.14144407	-0.52371	5.902148	1
33257	TPX2	0.054478724	0.022344178	-1.2819974	6.7156744	1
33259	FOXS1	0.3533673	0.15891618	-1.1524031	36.24012	1
33266	CCM2L	0.018327862	0.0011203069	-3.9165728	7.9645567	1
33331	TP53INP2	0.083174065	0.020638697	-2.005542	19.465435	1
33366	EPB41L1	0.2392782	0.08878419	-1.429293	33.984978	1
33372	MYL9	0.48430148	0.29118636	-0.7337652	21.921824	1
33390	NNAT	0.10693632	0.39311868	1.8772314	44.55244	1
33431	MAFB	1.2977692	0.84730715	-0.6150178	44.55244	1
33458	JPH2	0.023213377	0.0025144198	-3.1565952	9.218448	1
33471	SERINC3	0.3904092	0.26492456	-0.55923057	13.117184	1
33499	DBNDD2	0.30651262	0.036963206	-3.0483575	44.55244	1
33524	CTSA	0.1737421	0.117348425	-0.5657501	5.793984	1
33530	MMP9	2.3554785	0.20052959	-3.553475	44.55244	1
33531	SLC12A5-AS1	0.03184134	0.0053123757	-2.5610912	10.784992	1
33532	SLC12A5	0.1993834	0.07089694	-1.4904399	31.359522	1
33534	CD40	0.10578044	0.019121611	-2.4616349	30.08997	1
33549	ZMYND8	0.4012142	0.57740325	0.52509683	16.511097	1
33581	ZNFX1	0.14397189	0.07087828	-1.0213393	12.31314	1
33583	KCNB1	0.064873904	0.014168461	-2.1870308	16.268717	1
33584	PTGIS	0.030568566	0.11177528	1.8670586	16.621748	1
33589	SNAI1	0.015247111	0.05237901	1.7737733	7.865681	1
33601	PTPN1	0.2966508	0.20142326	-0.5583055	9.514985	1
33612	KCNG1	0.02056766	0.14069551	2.7681544	28.332897	1
33625	TSHZ2	0.66760147	1.086744	0.70286965	44.55244	1
33652	FAM210B	0.24000508	0.1674853	-0.5187703	6.7055573	1
33680	PMEPA1	0.49900657	0.19721065	-1.338879	44.55244	1
33705	CTSZ	0.21655442	0.10180627	-1.0881528	20.006596	1
33710	EDN3	0.0038414036	0.026327195	2.7452419	5.6764617	1
33745	LAMA5	0.094840385	0.01263923	-2.897744	31.01698	1
33774	COL9A3	0.038921718	0.08684409	1.1558106	6.9045105	1
33793	NKAIN4	0.03258271	0.1702723	2.3820913	29.407501	1
33799	KCNQ2	0.020688413	0.09898451	2.2528799	17.388311	1
33820	ZBTB46	0.22246866	0.15296914	-0.540067	6.75225	1
33833	SOX18	0.10170428	0.03519318	-1.5283368	15.132367	1
33907	SAMSN1	0.049191955	0.10612277	1.1076689	8.44412	1
33913	NRIP1	0.5585868	0.3320889	-0.75003594	29.851723	1
33919	USP25	0.08531982	0.04905851	-0.79712945	5.0959306	1
33933	C21orf91	0.264876	0.14298488	-0.88899046	17.929432	1
33936	CHODL	0.49503404	0.16599248	-1.5758322	44.55244	1
33950	NCAM2	0.14312482	0.20859727	0.5431303	5.064395	1
33986	JAM2	0.027376339	0.06711726	1.290642	6.6860943	1
33999	CYYR1	0.25275746	0.40004963	0.6622153	15.290808	1
34002	ADAMTS5	0.42646164	0.039394967	-3.4330134	44.55244	1
34009	LINC01697	0.006641585	0.046279144	2.7823167	10.657059	1
34010	LINC01695	0.002156193	0.022070136	3.2966552	6.327982	1
34021	MAP3K7CL	0.030116731	0.0013554852	-4.375776	14.580586	1
34070	TIAM1	0.08313312	0.23056208	1.4705513	26.639608	1
34108	IFNAR1	0.29956174	0.19259152	-0.6370418	12.09917	1
34137	RUNX1	0.33742303	0.046930857	-2.8433063	44.55244	1
34258	PDE9A	0.12174266	0.061084956	-0.9937705	9.970792	1
34361	COL18A1	0.5850247	0.15068138	-1.956286	44.55244	1
34442	BID	0.1292728	0.0404108	-1.6751559	23.435528	1
34490	UFD1	0.42647198	0.24720411	-0.78650296	25.629194	1
34495	CLDN5	0.024704322	0.0065377024	-1.9018357	5.5190387	1
34498	SEPTIN5	0.07066998	0.017903907	-1.9748275	15.596815	1
34499	GP1BB	0.11125359	0.022889668	-2.2760906	28.487032	1
34504	COMT	0.20960401	0.11606582	-0.85216874	13.351303	1
34530	PI4KA	0.11637789	0.070207626	-0.728303	5.862973	1
34561	SDF2L1	0.28396967	0.19651337	-0.53088325	8.320779	1
34689	MMP11	0.26172855	0.1536193	-0.76832396	13.519352	1
34715	LRRC75B	0.033356458	0.088254064	1.4010118	10.048068	1
34858	SMTN	0.14171718	0.09011122	-0.6526536	5.9666295	1
34860	SELENOM	0.3063704	0.4862866	0.6663558	19.431622	1
34879	YWHAH	0.7524033	0.3954281	-0.9279178	44.55244	1
34943	MYH9	0.93321234	0.51195544	-0.86605996	44.55244	1
34970	IL2RB	0.060940865	0.017485538	-1.7953861	12.575288	1
34972	C1QTNF6	0.21757849	0.14432502	-0.5918781	7.8156233	1
34992	H1F0	0.26248482	0.42575955	0.6975943	16.388266	1
35076	MRTFA	0.08432789	0.046959195	-0.84324306	5.4825416	1
35097	ACO2	0.24964009	0.17418018	-0.5190189	7.019652	1
35109	SHISA8	0.022019105	0.004951629	-2.1304724	5.267718	1
35137	A4GALT	0.014031297	0.0005930463	-4.349798	7.0433116	1
35186	FBLN1	0.33812734	0.57387525	0.7629953	29.33668	1
35280	SCO2	0.19803022	0.12790714	-0.6302246	7.7737827	1
35310	IL3RA	0.08436551	0.006639345	-3.6476822	27.72507	1
35341	NLGN4X	0.17697239	0.09569052	-0.88638455	11.749986	1
35385	EGFL6	0.03106796	1.3897079e-09	-8.2839	15.052247	1
35422	SCML1	0.12779449	0.079290435	-0.68791693	5.7088614	1
35426	SCML2	0.017148452	0.04775678	1.4722565	5.6816125	1
35427	CDKL5	0.38753268	0.26765308	-0.5337871	11.317319	1
35437	SH3KBP1	0.30256122	0.09597838	-1.6554201	44.55244	1
35442	RPS6KA3	0.18575644	0.1302662	-0.51161873	5.154455	1
35462	ACOT9	0.19204345	0.11651011	-0.720491	9.44113	1
35489	IL1RAPL1	0.08494744	0.1691748	0.9930276	11.755858	1
35495	NR0B1	0.001307586	0.02997436	4.417239	8.531214	1
35512	TMEM47	0.27546042	0.10849487	-1.3434126	35.52566	1
35530	RPGR	0.1105102	0.046130706	-1.2585611	12.988391	1
35532	TSPAN7	0.09116089	0.010976351	-3.042514	31.23205	1
35535	MID1IP1	0.11183425	0.061470255	-0.86234605	7.2251883	1
35550	MED14	0.14395	0.071904555	-1.0004096	12.028752	1
35551	MED14OS	0.036715254	0.0118473945	-1.6236078	6.5168934	1
35595	UBA1	0.280292	0.19352023	-0.5342154	8.4736	1
35597	CDK16	0.20948476	0.1473293	-0.5075105	5.7104273	1
35654	PLP2	0.23657517	0.03672654	-2.6840904	44.55244	1
35720	TSPYL2	0.14521858	0.20711035	0.5118769	5.2222586	1
35736	GNL3L	0.18735099	0.1260594	-0.5712658	6.236876	1
35754	KLF8	0.061788045	0.012542131	-2.2914212	16.621073	1
35762	SPIN2A	0.035723373	0.07445522	1.0574081	5.853266	1
35768	LINC01278	0.20185402	0.1399099	-0.52849805	5.8080297	1
35780	MSN	0.9362278	0.56068194	-0.7395737	44.55244	1
35835	NHSL2	0.2554744	0.13925216	-0.87500787	17.18551	1
35864	Z83843.1	0.2573126	0.17314622	-0.57125866	8.416663	1
35890	ITM2A	0.020406771	0.10081685	2.2989948	17.013683	1
35908	DACH2	0.021276325	0.002521874	-3.0273435	7.61754	1
35917	PCDH11X	0.07210468	0.12470244	0.7894819	5.822346	1
35921	DIAPH2	0.37328076	0.17485836	-1.0936359	35.17438	1
35929	SYTL4	0.019777935	0.0046121273	-2.0767174	5.451061	1
35963	TMSB15A	0.14857396	0.23326345	0.6504265	8.1031885	1
35977	BEX1	0.09879635	0.19300807	0.9654192	12.01667	1
35981	TCEAL5	0.050642252	0.1395449	1.4605033	15.870407	1
35982	BEX2	0.21024546	0.30407196	0.5321264	7.858589	1
36026	TSC22D3	0.3544988	0.2193915	-0.69202256	15.9476	1
36042	ACSL4	0.118618116	0.04871158	-1.2822447	14.4092	1
36050	CAPN6	0.014082082	0.057067458	2.0111248	9.420656	1
36051	DCX	0.11516822	0.25678134	1.1561072	20.947931	1
36052	SERTM2	0.014679301	0.044296384	1.5868642	6.026599	1
36059	AMOT	0.26031306	0.45294225	0.79884386	23.749174	1
36088	SLC25A43	0.044868678	0.01952918	-1.1959206	5.1228085	1
36143	TENM1	0.07881358	0.1897118	1.266224	18.41725	1
36154	APLN	0.029807223	0.009064255	-1.7064044	5.71786	1
36175	IGSF1	0.09116013	0.038448274	-1.2433184	10.233364	1
36190	GPC3	0.12745605	0.85553914	2.745871	44.55244	1
36194	HPRT1	0.13674891	0.07646661	-0.8377966	8.38327	1
36233	FHL1	0.29046008	0.146434	-0.98760104	24.154415	1
36241	ARHGEF6	0.22535804	0.031666648	-2.827274	44.55244	1
36248	FGF13	0.09638626	0.013953595	-2.7793844	31.324636	1
36253	ATP11C	0.23813884	0.13850975	-0.7813799	13.383992	1
36295	AFF2	0.048873853	0.11120854	1.1844807	9.707109	1
36298	IDS	0.49783844	0.30786946	-0.6931801	24.172218	1
36366	BGN	1.3794136	0.55692536	-1.3083447	44.55244	1
36380	L1CAM	0.036801014	0.004064633	-3.1473994	14.076888	1
36398	FLNA	0.84262925	0.48810604	-0.7875792	44.55244	1
36410	LAGE3	0.19635785	0.33043015	0.7505621	15.297531	1
36519	EIF1AY	0.31364796	0.18409987	-0.7683339	17.046482	1
36563	MT-ATP8	0.19607553	0.13245696	-0.5655326	6.368547	1
36567	MT-ND4L	0.6436556	0.40546447	-0.66658187	30.865026	1
