	gene	expression_1	expression_2	log2FC	-log10 p-val	significant
71	ATAD3A	0.030571623	0.09549405	1.6400163	9.25912	1
79	MMP23B	0.025070006	0.07139584	1.5061537	6.1829777	1
80	CDK11B	0.1285501	0.2229436	0.79387325	7.4695625	1
147	C1orf174	0.104083516	0.20278703	0.9615496	9.086897	1
173	ICMT	0.0933658	0.15958887	0.77275324	5.1265383	1
177	ACOT7	0.019423276	0.1020832	2.387891	15.155386	1
188	PHF13	0.07911254	0.14665252	0.88958454	5.704996	1
219	ENO1	0.73370034	1.5429941	1.0723665	44.55244	1
241	LZIC	0.30132523	0.43300122	0.52290404	7.6252723	1
252	CENPS	0.055078357	0.15248264	1.4674164	12.794709	1
261	TARDBP	0.25367612	0.37352026	0.55801636	7.2407603	1
264	SRM	0.27677733	0.39664572	0.51896775	6.622422	1
280	MAD2L2	0.056770094	0.21368608	1.9104258	25.238287	1
291	PLOD1	0.11028115	0.32757798	1.5697848	30.350035	1
294	MIIP	0.045533996	0.101325	1.1522324	6.2850385	1
416	RCC2	0.26594025	0.40486592	0.606156	8.860854	1
434	MRTO4	0.1590983	0.28523347	0.84182405	10.198531	1
446	OTUD3	0.05242891	0.11180645	1.0911096	6.146377	1
464	CAMK2N1	0.25314233	0.38912	0.6200673	8.15016	1
474	HP1BP3	0.8652993	1.2973123	0.58419913	36.79581	1
485	USP48	0.2846655	0.4400109	0.6280928	10.384195	1
513	HNRNPR	0.9475325	1.5937831	0.7501463	44.55244	1
519	E2F2	1.3242243e-09	0.05942815	9.217409	15.717939	1
534	PNRC2	0.47497317	0.6965489	0.552282	14.188692	1
535	SRSF10	0.5179877	0.95886075	0.8882753	44.55244	1
552	CLIC4	0.23443475	0.38740745	0.7244223	11.442593	1
562	RSRP1	0.4058046	0.2821994	-0.52391464	6.7057743	1
576	AUNIP	0.0030597025	0.052144192	4.04741	11.984163	1
579	STMN1	1.3945394	2.6734762	0.93887866	44.55244	1
592	CEP85	0.013829595	0.051459398	1.8880821	6.4335284	1
601	HMGN2	1.3688709	2.5323036	0.88741547	44.55244	1
611	NUDC	0.5798435	0.8858769	0.6113566	23.228422	1
641	RPA2	0.10610928	0.34527484	1.7012532	36.17338	1
653	PHACTR4	0.24137217	0.37438297	0.6330431	8.828807	1
654	RCC1	0.024405811	0.09776446	1.9976612	12.235197	1
666	EPB41	0.08623797	0.17262739	1.0004299	7.8493257	1
690	SNRNP40	0.19293411	0.38693497	1.003608	19.306742	1
691	ZCCHC17	0.21889803	0.32746455	0.58086133	6.7200937	1
693	FABP3	0.0725657	0.013680801	-2.398615	9.423532	1
697	TINAGL1	0.07325769	0.027005583	-1.4363582	5.330264	1
735	SYNC	0.14477165	0.24893929	0.78159803	7.835142	1
738	YARS	0.12177845	0.22471946	0.8833239	8.772406	1
740	FNDC5	0.0075641186	0.037721314	2.3030078	5.4614453	1
742	TMEM54	0.016844716	0.08723126	2.3656628	12.481064	1
767	GJA4	0.1999541	0.0973977	-1.0369501	8.585741	1
772	ZMYM1	0.08890141	0.22105615	1.3131652	15.45634	1
781	PSMB2	0.5123185	0.7821654	0.6103356	19.83398	1
783	CLSPN	0.019516528	0.72772247	5.213445	44.55244	1
796	THRAP3	0.7213942	1.0343568	0.5198138	22.448599	1
803	MRPS15	0.29183093	0.4290222	0.55576146	8.376217	1
820	CDCA8	0.0018009553	0.5084522	8.063527	44.55244	1
829	SF3A3	0.20722309	0.35584882	0.779789	11.598215	1
842	MYCBP	0.07377351	0.16897756	1.1945561	10.688014	1
896	CTPS1	0.08838837	0.19747674	1.1588534	11.609618	1
917	PPIH	0.10008078	0.28252512	1.4962839	24.351038	1
934	EBNA1BP2	0.14000888	0.26454926	0.91753304	11.067817	1
942	CDC20	1.3242243e-09	0.42575717	12.056135	44.55244	1
950	PTPRF	0.04247507	0.09500768	1.1595529	5.62567	1
953	ST3GAL3	0.043548416	0.09175286	1.0733954	5.168498	1
961	B4GALT2	0.0468338	0.13538404	1.5294237	11.988435	1
968	ERI3	0.17249162	0.2723133	0.65843457	6.725504	1
973	KIF2C	0.00095508184	0.53641623	8.990123	44.55244	1
988	TOE1	0.049036037	0.11208815	1.1910669	7.020748	1
993	AKR1A1	0.277189	0.39355794	0.50555223	6.49265	1
994	NASP	0.8888636	2.0446362	1.2017183	44.55244	1
1001	PIK3R3	0.079002015	0.18769607	1.2473805	12.212793	1
1008	RAD54L	1.3242243e-09	0.06639492	9.377081	18.27287	1
1034	STIL	0.006343372	0.14639474	4.5068893	35.75267	1
1035	CMPK1	0.1889098	0.27681622	0.5509884	5.128455	1
1049	SPATA6	0.2704597	0.17771369	-0.6055805	5.611736	1
1064	FAF1	0.08522018	0.1753541	1.0401347	8.859139	1
1066	CDKN2C	1.3242243e-09	0.08723628	9.770418	23.648354	1
1090	ORC1	0.003212688	0.06135249	4.213397	14.785736	1
1110	MAGOH	0.38127434	0.5707273	0.5818466	12.2680235	1
1122	NDC1	0.014137799	0.06507833	2.1946664	9.559034	1
1125	HSPB11	0.19829929	0.43300402	1.1263067	25.57481	1
1133	MRPL37	0.1379287	0.22296378	0.692488	5.910048	1
1149	DHCR24	0.07350541	0.16205437	1.1394842	9.221353	1
1166	PLPP3	0.035118937	0.21818128	2.6317651	32.84921	1
1182	JUN	0.39029542	0.27252227	-0.5180327	5.2248335	1
1210	USP1	0.14299473	0.6575916	2.2004406	44.55244	1
1226	ITGB3BP	0.081676096	0.5366638	2.7145362	44.55244	1
1231	ROR1	0.10272809	0.19594702	0.9309653	7.9826417	1
1235	CACHD1	0.030387431	0.09873293	1.6967773	9.653856	1
1240	AK4	0.012240603	0.046831794	1.9271529	5.702049	1
1247	PDE4B	0.0021208643	0.022399059	3.3406713	5.2430463	1
1269	DEPDC1	0.0012608947	0.4231187	8.2807045	44.55244	1
1292	PTGER3	0.0020462973	0.05152712	4.5882072	11.160858	1
1346	FUBP1	0.2680406	0.45064726	0.74932915	13.91746	1
1352	PTGFR	1.3242243e-09	0.024588566	7.94768	6.3102694	1
1376	TTLL7	0.058835067	0.14693353	1.318947	10.737764	1
1401	DDAH1	0.023530778	0.07206981	1.6107284	6.916864	1
1463	CDC7	0.04845014	0.16160774	1.7358414	16.720545	1
1471	GLMN	0.09800123	0.16552915	0.75561345	5.148249	1
1478	MTF2	0.32637364	0.4785241	0.5519265	9.172763	1
1480	CCDC18	0.030987928	0.28176516	3.1805787	44.55244	1
1484	BCAR3	0.06961636	0.023892395	-1.5389202	5.665618	1
1518	DPYD	0.005845037	0.034661435	2.54773	6.057074	1
1538	SASS6	0.018955402	0.18764591	3.3005095	37.115776	1
1544	RTCA	0.124604136	0.20174317	0.69472545	5.55156	1
1552	EXTL2	0.18960801	0.32367113	0.77119374	10.282867	1
1581	VAV3	0.18909504	0.092219874	-1.035161	8.952607	1
1590	FAM102B	0.060940243	0.13912301	1.1895651	8.349714	1
1599	GPSM2	0.1074589	0.3121004	1.5373454	28.038328	1
1610	PSRC1	0.0077686803	0.28868774	5.197744	44.55244	1
1620	GNAI3	0.45967042	0.6629597	0.5282252	12.727927	1
1649	RBM15	0.04062467	0.114208706	1.4889603	9.568844	1
1709	SLC16A1-AS1	0.078937516	0.14662792	0.8925339	5.87476	1
1726	SYT6	0.008774085	0.05666598	2.6773565	9.164808	1
1763	PTGFRN	0.120869264	0.20333281	0.74991184	6.2391815	1
1766	TTF2	0.018242298	0.21435753	3.5474455	44.251408	1
1792	PHGDH	0.35506138	0.72997963	1.0395793	41.299343	1
1803	LINC00623	0.20693204	0.09233502	-1.1633426	11.241722	1
1809	SRGAP2C	0.10042403	0.17073397	0.76505446	5.397273	1
1847	RBM8A	0.62410563	0.98797494	0.6625991	30.971075	1
1853	TXNIP	0.95511746	0.6357431	-0.58715844	19.272049	1
1896	AC245297.3	0.23592287	0.13863373	-0.76660806	6.9893246	1
1903	HIST2H2BF	0.0042130477	0.035149734	3.030833	7.3854656	1
1909	HIST2H2AA4	0.0039582066	0.026749777	2.7259958	5.173971	1
1914	HIST2H2AC	0.078991674	0.3110204	1.9758751	36.260597	1
1915	HIST2H2AB	0.000939941	0.038414907	5.2108436	10.222703	1
1918	SF3B4	0.16093594	0.27456746	0.77030313	8.750852	1
1925	ANP32E	0.29315892	1.1265279	1.9417644	44.55244	1
1928	APH1A	0.28765646	0.45914337	0.6744106	12.212964	1
1932	PRPF3	0.0818639	0.15899472	0.9568254	7.00478	1
1935	ECM1	0.006702736	0.03147765	2.214717	5.220916	1
1958	MLLT11	0.293379	0.50172293	0.77392125	16.821938	1
2004	S100A10	0.13107656	0.21516617	0.71461165	5.463975	1
2072	S100A16	0.014968409	0.057008497	1.9221784	6.293761	1
2079	ILF2	0.53183436	0.92326486	0.79565257	38.2824	1
2089	SLC39A1	0.16195069	0.26654527	0.7184764	7.5122967	1
2098	TPM3	0.8452539	1.3070714	0.6288211	42.61292	1
2120	PBXIP1	0.17693341	0.10078516	-0.8113076	5.6292114	1
2124	CKS1B	0.16930647	1.3180777	2.959984	44.55244	1
2150	FDPS	0.3275098	0.70409983	1.1040065	43.02096	1
2175	MEX3A	0.26248178	0.38919336	0.568091	7.49816	1
2179	PMF1	0.2777379	0.458107	0.7217562	13.756001	1
2193	IQGAP3	1.3242243e-09	0.11062195	10.112706	31.42989	1
2196	GPATCH4	0.09998702	0.1741834	0.8001802	5.7741857	1
2203	NES	0.34604076	0.5169833	0.5790379	10.598761	1
2206	CRABP2	0.2981725	0.19706352	-0.59723824	5.571328	1
2210	MRPL24	0.07136268	0.13850413	0.95570827	6.199153	1
2211	HDGF	0.32396343	0.653268	1.0116196	33.35823	1
2279	TAGLN2	0.227508	0.36075878	0.6648831	8.703481	1
2364	UAP1	0.08378443	0.1646179	0.9735223	7.356837	1
2374	NUF2	0.0018901093	0.5053599	7.988605	44.55244	1
2375	PBX1	0.3885231	0.6248186	0.6852968	16.748978	1
2391	UCK2	0.016535873	0.062114913	1.9029629	7.3368177	1
2420	MPC2	0.29069003	0.42376512	0.54362744	7.874571	1
2446	C1orf112	0.011251563	0.08301414	2.872203	14.932528	1
2461	PRRX1	0.077224374	0.17569254	1.1848787	9.514913	1
2477	DNM3OS	0.4094812	0.60186684	0.55553466	11.556859	1
2495	CENPL	0.027683744	0.22163741	2.9965394	41.812077	1
2510	CACYBP	0.24561924	0.59234005	1.2696583	43.137466	1
2540	ANGPTL1	0.016318532	0.08220075	2.3255806	10.922203	1
2541	FAM20B	0.079047	0.15695696	0.9886812	7.4287767	1
2589	RGS16	0.302133	0.16045727	-0.9125731	11.054338	1
2595	DHX9	0.3357004	0.5351602	0.6726365	14.434439	1
2616	C1orf21	0.12025729	0.27813435	1.2089769	17.311478	1
2621	NIBAN1	0.17367	0.08474087	-1.0343477	7.799241	1
2626	IVNS1ABP	0.12580545	0.22169405	0.8168799	7.5570197	1
2640	PTGS2	0.005270901	0.033187374	2.6317391	5.8127947	1
2670	RGS2	0.07956758	0.19822457	1.3157988	12.399346	1
2671	UCHL5	0.13433793	0.21832286	0.7001836	5.9751225	1
2686	CFH	0.14156161	0.06704572	-1.0770816	6.641235	1
2693	ASPM	0.0083919065	1.1465422	7.0771112	44.55244	1
2707	MIR181A1HG	0.38085967	0.26495183	-0.52336377	6.258047	1
2719	KIF14	0.0019838284	0.3660224	7.456946	44.55244	1
2725	KIF21B	0.15595064	0.07502479	-1.0546533	7.6079936	1
2734	TNNT2	0.006455029	0.032241076	2.3026936	5.5323234	1
2737	TNNI1	0.11404265	0.05188449	-1.1346847	5.961802	1
2740	CSRP1	0.14785722	0.25304264	0.7747704	7.7934384	1
2742	NAV1	0.0818173	0.31861708	1.9600362	39.0898	1
2746	IPO9	0.2184788	0.42057618	0.9445566	18.98786	1
2750	TIMM17A	0.1883151	0.27592796	0.55089974	5.0896816	1
2759	UBE2T	0.0132916635	0.6130439	5.5168185	44.55244	1
2771	TMEM183A	0.18308125	0.27360913	0.57937163	5.3996806	1
2782	BTG2	0.26393166	0.12682675	-1.0567147	11.73134	1
2790	SNRPE	0.881949	1.3943406	0.66075575	44.55244	1
2830	NUCKS1	1.8361406	2.759219	0.587557	44.55244	1
2870	CD55	0.2424627	0.06259199	-1.9520047	24.453537	1
2908	SERTAD4	0.017182145	0.06564256	1.9275453	7.6222415	1
2925	NEK2	0.0022032682	0.2566825	6.80072	44.55244	1
2931	DTL	0.004351405	0.24800888	5.800569	44.55244	1
2940	NENF	0.31366318	0.5099358	0.70092255	14.670182	1
2951	NSL1	0.22353305	0.3540895	0.66338795	8.96943	1
2964	PROX1	1.3242243e-09	0.021805275	7.7751155	6.071661	1
2971	CENPF	0.025047077	1.9163787	6.2519236	44.55244	1
2990	TGFB2	0.04576935	0.12229928	1.4159926	9.13541	1
3036	AIDA	0.21460418	0.3427282	0.67513543	9.042428	1
3053	DEGS1	0.2566073	0.3934242	0.6163282	8.771722	1
3057	CNIH4	0.29055858	0.51334995	0.8208983	19.033587	1
3066	LBR	0.24523734	0.6789662	1.4687855	44.55244	1
3069	ENAH	0.33948088	0.5271333	0.63468635	12.728637	1
3072	SRP9	0.85579586	1.2160124	0.5067693	27.913715	1
3087	LIN9	0.025089443	0.10396777	2.0466323	13.4603815	1
3088	PARP1	0.5786076	1.1070939	0.93600136	44.55244	1
3114	C1orf35	0.17472135	0.3055465	0.80598265	10.445638	1
3115	MRPL55	0.19397664	0.29771635	0.6177964	6.659796	1
3136	RHOU	0.020468501	0.12983033	2.6592298	19.59662	1
3145	CCSAP	0.019030431	0.104520135	2.4512193	16.441578	1
3244	NID1	0.32503244	0.5488908	0.75575465	18.044048	1
3268	CHRM3	0.03779118	0.09357696	1.3058321	6.063781	1
3285	FH	0.1551603	0.25076997	0.6922508	6.697317	1
3291	EXO1	0.0018068141	0.08114437	5.413032	21.394825	1
3316	DESI2	0.22269331	0.3871594	0.79759437	13.294218	1
3325	KIF26B	0.07632032	0.18103859	1.2450657	11.372814	1
3342	AHCTF1	0.17468429	0.3285731	0.91107786	13.561572	1
3343	ZNF695	0.0022254488	0.07601048	5.032514	19.148054	1
3466	RNASEH1	0.15852469	0.2684388	0.7595131	8.285752	1
3470	COLEC11	0.0061664768	0.04950702	2.984818	8.963437	1
3481	SOX11	0.014176725	0.09400187	2.7205582	14.426762	1
3513	ID2	0.19668679	0.29882807	0.603165	5.8721843	1
3521	ITGB1BP1	0.3012737	0.48875877	0.69786423	14.096889	1
3522	CPSF3	0.08105131	0.16380095	1.014138	7.938775	1
3527	YWHAQ	0.6387157	1.0307218	0.6903233	36.101753	1
3542	RRM2	0.002690245	0.63271976	7.825259	44.55244	1
3545	ODC1	0.11680511	0.23751505	1.0232882	10.96673	1
3611	SMC6	0.154564	0.35022044	1.1795377	21.562683	1
3612	GEN1	0.027244128	0.1444423	2.4021888	21.532726	1
3636	SDC1	0.01490625	0.052127957	1.799259	5.950096	1
3669	UBXN2A	0.16987006	0.28465602	0.74444556	8.415065	1
3685	CENPO	0.015283133	0.1614344	3.39242	32.84916	1
3714	CENPA	0.0011796901	0.37536314	8.1967325	44.55244	1
3726	EMILIN1	0.29398826	0.5800997	0.9803005	27.839773	1
3733	SLC5A6	0.029691685	0.07385096	1.3116592	5.4395847	1
3747	PPM1G	0.6119985	0.9821462	0.68232083	32.76984	1
3787	LBH	0.5778062	0.38546905	-0.5838461	11.321986	1
3803	DPY30	0.2706141	0.41624433	0.6210072	9.309682	1
3843	CEBPZ	0.25301558	0.4181958	0.72472733	12.198155	1
3870	SRSF7	0.6854526	1.2114336	0.8214952	44.55244	1
3871	GEMIN6	0.061408706	0.1307282	1.088811	7.1870527	1
3886	SLC8A1	0.3176779	0.14283028	-1.152707	16.474854	1
3961	CALM2	1.3581535	2.1171355	0.64042896	44.55244	1
3965	MSH2	0.14515255	0.39900428	1.4582022	33.84315	1
3968	MSH6	0.29664358	0.5410735	0.8668744	20.883266	1
4016	CCDC88A	0.56995153	0.8216524	0.5276115	15.900429	1
4030	FANCL	0.07718981	0.19517069	1.3371252	13.888762	1
4050	KIAA1841	0.04817492	0.13255735	1.4583586	10.721272	1
4057	XPO1	0.42769298	0.8288642	0.9543971	44.251408	1
4059	FAM161A	0.10840492	0.20703459	0.93280804	8.666512	1
4132	CNRIP1	0.12603197	0.25154778	0.9964718	11.929889	1
4162	SNRPG	0.5690845	0.9936414	0.80397403	42.351044	1
4163	FAM136A	0.21427348	0.3069425	0.5183118	5.188827	1
4200	PRADC1	0.12424067	0.2136575	0.78167677	6.8092613	1
4201	CCT7	0.35051295	0.5335593	0.6060398	12.18577	1
4210	TPRKB	0.27445227	0.5493279	1.0008495	28.927181	1
4223	BOLA3	0.14666735	0.26650372	0.86116576	10.070053	1
4227	MTHFD2	0.10696532	0.2521839	1.2365569	16.22338	1
4233	WDR54	0.08084906	0.20790419	1.3615264	15.402654	1
4248	AUP1	0.24816501	0.35726535	0.5255188	6.298477	1
4321	CAPG	0.049157217	0.10503321	1.0938115	5.6996956	1
4330	TMEM150A	0.06087244	0.017663222	-1.7792641	6.056938	1
4343	IMMT	0.34338155	0.5070121	0.5620722	10.190057	1
4487	DUSP2	0.16741303	0.022962635	-2.8606439	22.793095	1
4496	NCAPH	0.006081586	0.31905237	5.6901245	44.55244	1
4553	TXNDC9	0.21092616	0.30378452	0.52610123	5.3196497	1
4557	AFF3	0.05611766	0.11979279	1.0926496	6.4218287	1
4659	SLC5A7	0.11861479	0.034888376	-1.7625521	10.294091	1
4670	CCDC138	0.017543778	0.06402437	1.8617132	7.226551	1
4674	SEPTIN10	0.3284644	0.5378473	0.71128875	16.161657	1
4689	BUB1	0.0074903057	0.38429013	5.6622696	44.55244	1
4709	FBLN7	1.3242243e-09	0.033821836	8.406052	9.506084	1
4714	TTL	0.114754125	0.224822	0.9696221	10.119636	1
4719	AC079922.2	0.0020277651	0.021392312	3.3364098	5.0053854	1
4720	SLC20A1	0.0346334	0.16801429	2.2750466	23.527405	1
4722	CKAP2L	1.3242243e-09	0.38462263	11.909584	44.55244	1
4743	PGM5P4-AS1	0.0021080717	0.02648625	3.5898213	5.340367	1
4758	DPP10	0.034028396	0.08610983	1.3368797	6.005706	1
4762	DPP10-AS1	0.009262525	0.039326385	2.074192	5.256331	1
4782	TMEM37	0.11838298	0.029115714	-2.0198634	12.746996	1
4797	GLI2	0.026082532	0.07823361	1.5810268	7.358415	1
4806	TSN	0.18152137	0.27373838	0.59239066	5.5945315	1
4822	GYPC	0.31419566	0.83446616	1.4089041	44.55244	1
4844	POLR2D	0.089452565	0.20814125	1.2174492	13.561518	1
4848	SAP130	0.051786125	0.11048024	1.091673	6.0212035	1
4861	SMPD4	0.05912467	0.12937102	1.128359	7.2356195	1
4862	MZT2B	0.8294116	1.2887602	0.6357616	44.55244	1
4865	IMP4	0.065107055	0.12695897	0.96239823	5.782106	1
4887	MZT2A	0.41136634	0.66365	0.6898656	19.644579	1
4925	MCM6	0.058306225	0.3029532	2.375377	43.23022	1
4939	NXPH2	1.3242243e-09	0.053952638	9.078202	14.004604	1
4981	KIF5C	0.05715666	0.16478296	1.5259268	13.68387	1
4985	LYPD6	0.0011524154	0.022087812	4.146982	5.8201623	1
4992	RND3	0.18666783	0.34137976	0.870554	12.544962	1
5002	TNFAIP6	1.3242243e-09	0.03761339	8.558914	10.108341	1
5003	RIF1	0.38846833	0.6382069	0.716082	19.677956	1
5015	ARL6IP6	0.09874316	0.21757293	1.1389489	12.714033	1
5047	PKP4	0.05443636	0.14264715	1.3881716	11.120911	1
5071	PSMD14	0.27893385	0.45170575	0.6952625	12.569416	1
5087	FIGN	0.05536693	0.1483489	1.4202666	11.531886	1
5089	GRB14	0.04248527	0.0018978528	-4.413832	8.500349	1
5090	COBLL1	0.01394182	0.04699335	1.7457935	5.0958757	1
5105	SCN9A	0.017264526	0.08122977	2.2276404	10.146593	1
5116	SPC25	1.3242243e-09	0.51095474	12.319243	44.55244	1
5151	HAT1	0.18552198	0.37358004	1.0094359	18.319468	1
5166	MAP3K20	0.17784454	0.29346645	0.7222594	8.228136	1
5168	CDCA7	0.01762393	0.21766731	3.6190171	44.55244	1
5170	SP3	0.248932	0.36444768	0.5497763	6.7306633	1
5212	LINC01116	0.18423533	0.110146284	-0.7416026	5.1428547	1
5249	SESTD1	0.2306997	0.34471193	0.57916826	7.018814	1
5260	ITGA4	0.46249813	0.74507195	0.687814	20.311773	1
5266	ITPRID2	0.5621572	1.0404396	0.8880297	44.55244	1
5268	PDE1A	0.11917521	0.3182104	1.41614	23.75426	1
5271	FRZB	0.6529527	0.35324398	-0.8861261	24.779612	1
5275	NUP35	0.032995746	0.116968915	1.8226404	12.608244	1
5364	CCDC150	0.025284195	0.18118517	2.8362586	32.49101	1
5374	HSPD1	0.91080254	1.5878402	0.801788	44.55244	1
5375	HSPE1	0.7001878	1.1396878	0.7027453	40.730206	1
5382	PLCL1	0.3876587	0.17403041	-1.1549909	21.067987	1
5394	C2orf69	0.038331382	0.11533063	1.5866693	10.616478	1
5401	SGO2	0.024803143	0.66335624	4.735602	44.55244	1
5408	NIF3L1	0.04951651	0.117183365	1.2411063	7.6748424	1
5423	TMEM237	0.10124131	0.20565926	1.0217348	9.937902	1
5435	NOP58	0.1458182	0.36990622	1.3423896	28.179766	1
5458	NRP2	0.11821578	0.87129223	2.8806798	44.55244	1
5536	BARD1	0.07542295	0.503383	2.736956	44.55244	1
5569	IGFBP2	0.49374965	0.97925305	0.9877572	44.55244	1
5570	IGFBP5	0.7567819	1.2717859	0.7488292	31.527742	1
5583	DIRC3	0.02185437	0.10156627	2.211261	12.931342	1
5602	USP37	0.06877791	0.13670819	0.9900412	6.3568077	1
5603	CNOT9	0.09969549	0.17008151	0.77002776	5.3662186	1
5674	EPHA4	0.058932062	0.22638752	1.9398608	23.215677	1
5681	FARSB	0.045212235	0.12489826	1.4639354	10.723719	1
5693	SERPINE2	0.08765235	0.24127194	1.4597483	17.911861	1
5698	DOCK10	0.110193394	0.052310605	-1.0734158	5.53836	1
5809	HJURP	1.3242243e-09	0.33441028	11.707816	44.55244	1
5861	HES6	0.012469076	0.055971537	2.15739	7.135576	1
5916	PASK	0.0053323586	0.0339583	2.648356	6.0639486	1
5931	DTYMK	0.12864292	0.74884796	2.5403726	44.55244	1
6005	RAD18	0.045236405	0.1723113	1.9271125	20.307226	1
6039	FANCD2	0.0061530406	0.23264505	5.2180486	44.55244	1
6049	SEC13	0.24623375	0.35953996	0.54593897	6.7331367	1
6063	VGLL4	0.8648128	0.6068605	-0.510952	15.616711	1
6083	FBLN2	0.0050444417	0.03021572	2.5589797	5.2428637	1
6091	LSM3	0.4907513	0.9547487	0.9599862	44.55244	1
6104	FGD5-AS1	0.25813544	0.47582385	0.8820438	19.321545	1
6142	SATB1	0.19039923	0.07039059	-1.4342825	13.405397	1
6151	SGO1	0.01005276	0.39725396	5.2904806	44.55244	1
6236	MLH1	0.07280092	0.15790844	1.1159927	8.8525305	1
6243	ITGA9	0.0073630065	0.036727916	2.3029711	5.3319693	1
6245	CTDSPL	0.11720948	0.23975803	1.0318612	12.086392	1
6254	XYLB	0.007275384	0.039870106	2.4381313	6.543537	1
6304	SS18L2	0.13804199	0.22213797	0.6859535	5.8289113	1
6352	KIF15	0.0049776603	0.6123262	6.9142284	44.55244	1
6360	TMEM158	0.0025875561	0.051672015	4.2678056	10.664768	1
6391	PTH1R	0.08114455	0.027488755	-1.5581907	6.548223	1
6407	CDC25A	0.00688968	0.1187825	4.088166	26.454136	1
6423	UQCRC1	0.2203155	0.34917367	0.6641321	9.125273	1
6450	KLHDC8B	0.34121957	0.19006237	-0.8438913	12.013749	1
6474	TRAIP	0.004870867	0.1360128	4.7751613	31.979725	1
6493	IFRD2	0.06890176	0.14531071	1.0754284	7.6906714	1
6499	RASSF1	0.03342571	0.11718058	1.8066243	12.520987	1
6539	POC1A	0.0029059283	0.14828214	5.625363	37.35996	1
6553	TNNC1	0.004963506	0.03137048	2.6357908	6.170148	1
6558	PBRM1	0.41403478	0.6072235	0.55236495	12.140851	1
6559	GNL3	0.15295418	0.26866147	0.8122839	9.114442	1
6593	WNT5A	0.19554733	0.30802193	0.65524596	6.80064	1
6605	IL17RD	0.015477751	0.09894488	2.6685956	15.172912	1
6671	ADAMTS9	0.12772623	0.23048134	0.8510919	8.035049	1
6734	CNTN3	0.050849076	0.012358008	-2.0319827	5.5404434	1
6745	ROBO1	0.23899198	0.3635127	0.60483676	7.655076	1
6782	ARL13B	0.1238865	0.20906009	0.7544245	6.3786883	1
6826	CMSS1	0.110927135	0.27458346	1.3068576	19.503006	1
6833	TMEM45A	0.05842465	0.13930404	1.252156	8.998707	1
6840	PCNP	0.3534974	0.53593916	0.6002309	12.102303	1
6845	CEP97	0.10895323	0.18285921	0.7464895	5.4224515	1
6869	CD47	0.096276976	0.20254283	1.0721786	10.503924	1
6874	CIP2A	0.017534673	0.26785594	3.925509	44.55244	1
6896	PHLDB2	0.071444094	0.14749202	1.0447102	7.6346526	1
6909	ATG3	0.20251754	0.29569992	0.5458625	5.3972993	1
6922	BOC	0.08553981	0.19766307	1.2074195	11.743521	1
6930	NAA50	0.14994341	0.3162538	1.076159	17.377777	1
6956	LSAMP	0.2743546	0.39385852	0.5214762	6.3650064	1
6991	LRRC58	0.20286503	0.33845395	0.7381544	10.219888	1
7004	POLQ	1.3242243e-09	0.15690981	10.61662	41.596752	1
7007	HCLS1	0.009008229	0.0487639	2.4235268	7.723123	1
7017	FAM162A	0.25871357	0.39184427	0.59873533	7.807315	1
7029	SEMA5B	0.31312957	0.18228656	-0.780221	9.341058	1
7040	CCDC14	0.2752961	0.5341234	0.95593524	25.418306	1
7092	MCM2	0.0091501195	0.16895811	4.1919036	37.32678	1
7096	MGLL	0.11620114	0.050809138	-1.1918687	6.820236	1
7100	RUVBL1	0.1676613	0.27817142	0.73008275	7.978165	1
7110	RPN1	0.25168857	0.36786988	0.5473749	6.789531	1
7123	CNBP	0.58898306	0.8403293	0.5126554	16.27714	1
7127	H1FX	0.74937916	1.165107	0.63662606	33.65811	1
7130	MBD4	0.17795369	0.27633846	0.6346459	6.285178	1
7156	MRPL3	0.23468198	0.3825599	0.704741	10.77071	1
7163	UBA5	0.111698404	0.1832006	0.7133119	5.084103	1
7173	TOPBP1	0.14710666	0.43943423	1.5781325	42.262405	1
7185	CEP63	0.16900499	0.26408044	0.64360434	6.3363457	1
7194	STAG1	0.21635477	0.33702853	0.63923305	7.872526	1
7208	DZIP1L	0.022521054	0.07122683	1.6567787	7.043319	1
7215	CEP70	0.06082099	0.17710486	1.540407	14.726289	1
7233	RBP1	0.16267653	0.30048835	0.8848963	11.373537	1
7238	CLSTN2	1.3242243e-09	0.029809298	8.224431	7.5612755	1
7257	ATP1B3	0.30709586	0.5872833	0.93514365	27.016464	1
7287	PLOD2	0.116504885	0.20223063	0.79508656	6.6781244	1
7308	AGTR1	0.27833965	0.10141606	-1.4556566	20.522884	1
7364	SUCNR1	0.08916471	0.019162245	-2.2123141	9.226557	1
7380	ARHGEF26	0.010651931	0.041094884	1.9378694	5.1104827	1
7398	GMPS	0.24731724	0.54364115	1.1359739	33.455387	1
7424	RSRC1	0.18925713	0.36908805	0.96324605	16.972046	1
7444	C3orf80	0.0008165939	0.033612035	5.200837	9.038957	1
7446	SMC4	0.118073486	1.351958	3.5161788	44.55244	1
7447	TRIM59	0.07106438	0.43129393	2.5997787	44.55244	1
7451	PPM1L	0.07234207	0.13826399	0.93356884	5.862819	1
7477	SERPINI1	0.69176716	0.293681	-1.235754	36.762497	1
7487	MECOM	0.9347864	0.2826964	-1.7250274	44.55244	1
7533	ECT2	0.019368257	0.4407286	4.5010223	44.55244	1
7568	GNB4	0.23450078	0.43410328	0.8881628	18.018578	1
7571	ACTL6A	0.18060856	0.42171264	1.2229373	28.182364	1
7574	MRPL47	0.33017343	0.5122181	0.6333791	12.420002	1
7576	USP13	0.041047253	0.14858802	1.8534204	16.768574	1
7615	KLHL24	0.2774127	0.18234767	-0.60507107	5.5158987	1
7633	ALG3	0.052365832	0.10423471	0.99176913	5.0652876	1
7637	PSMD2	0.39675236	0.62072414	0.6455824	16.51948	1
7641	POLR2H	0.21078841	0.38152432	0.8556732	14.756562	1
7654	C3orf70	0.0155997425	0.050157417	1.6785957	5.3169065	1
7664	TRA2B	0.4499924	0.6936917	0.6242814	17.599504	1
7673	DNAJB11	0.2942238	0.43218738	0.55458665	8.319963	1
7681	RFC4	0.06335145	0.33666432	2.408014	44.55244	1
7687	RPL39L	0.1230665	0.37328863	1.6000681	35.88097	1
7802	RNF168	0.105637886	0.25628537	1.2778214	17.636646	1
7806	FBXO45	0.080488004	0.15705767	0.96357566	7.092985	1
7810	PIGX	0.1416605	0.23071039	0.7032526	6.184821	1
7820	MELTF	0.059862226	0.008261979	-2.8421378	8.385836	1
7845	ZNF718	0.023929346	0.07108008	1.5666763	6.643316	1
7847	ZNF732	0.0011171574	0.043537002	5.1639643	11.126325	1
7880	SPON2	0.07066289	0.18841302	1.4135993	10.316173	1
7894	SLBP	0.18227094	0.4153605	1.1878355	25.46115	1
7896	TACC3	0.0069918423	0.44961518	5.986707	44.55244	1
7900	NSD2	0.08587459	0.5262458	2.6140287	44.55244	1
7905	HAUS3	0.055343967	0.14516385	1.3895733	11.055365	1
7907	MXD4	0.63304865	0.36362958	-0.79967815	22.427769	1
7911	RNF4	0.13945334	0.23699568	0.7646527	7.4959846	1
7920	NOP14	0.10009309	0.19282205	0.945235	8.475343	1
7925	RGS12	0.10241237	0.1756322	0.7775805	5.71363	1
7929	LRPAP1	0.2627	0.37571812	0.5160695	6.3684096	1
7938	LYAR	0.088190705	0.19367057	1.134016	11.175444	1
7977	GRPEL1	0.091273226	0.16836055	0.8825673	6.649092	1
7982	AFAP1	0.12022325	0.19248354	0.67856896	5.0400424	1
8031	WDR1	0.20417666	0.31593123	0.6295426	7.3178854	1
8046	RAB28	0.10080469	0.17315547	0.7799077	5.6553454	1
8049	NKX3-2	0.0037605544	0.07806779	4.3396945	15.697886	1
8067	FBXL5	0.12996979	0.20473178	0.6551537	5.0471287	1
8073	PROM1	0.0009877372	0.04080054	5.232718	10.017545	1
8080	LDB2	0.1409689	0.26767206	0.9246053	10.707429	1
8091	NCAPG	0.0031824985	0.7094478	7.755962	44.55244	1
8092	LCORL	0.13618578	0.2285077	0.74623895	6.9238253	1
8098	SLIT2	0.10652026	0.24374858	1.193504	14.506585	1
8101	KCNIP4	0.102418356	0.037594933	-1.4434397	7.514592	1
8104	AC096576.6	0.088842064	0.032378387	-1.4533858	6.7638903	1
8107	KCNIP4-IT1	0.17800966	0.060254607	-1.56123	12.851843	1
8116	DHX15	0.20932439	0.41198277	0.9765046	19.787197	1
8154	PCDH7	0.47196007	0.67106616	0.50769955	11.328359	1
8185	TBC1D1	0.5403872	0.33280197	-0.6991632	14.22622	1
8199	FAM114A1	0.20483029	0.33722642	0.719012	9.722982	1
8205	RFC1	0.45362514	0.73878896	0.7035391	23.040537	1
8216	PDS5A	0.22247167	0.3371453	0.5995284	7.144887	1
8217	N4BP2	0.1522255	0.28283966	0.8933369	10.751236	1
8278	CORIN	0.0053775995	0.050342023	3.2030106	9.617255	1
8292	OCIAD2	0.37426725	0.21632995	-0.79055405	11.324537	1
8322	PDGFRA	1.4139004	0.9699351	-0.54367363	30.11747	1
8346	CEP135	0.16522813	0.3593538	1.1204741	20.193592	1
8351	PPAT	0.05249237	0.14614147	1.475427	12.07138	1
8353	PAICS	0.118954584	0.40438408	1.7644597	44.251408	1
8354	SRP72	0.42826137	0.68214566	0.671463	19.8332	1
8403	CENPC	0.20003429	0.34851512	0.8006667	11.520856	1
8452	DCK	0.06651077	0.14599082	1.1330383	8.227319	1
8457	ADAMTS3	0.019478088	0.056793824	1.5390322	5.4175315	1
8512	NUP54	0.1894824	0.2842146	0.584663	5.7556767	1
8519	SHROOM3	0.057776444	0.13389698	1.2111522	8.207815	1
8523	SEPTIN11	1.1213276	1.8509302	0.7229919	44.55244	1
8554	HNRNPD	1.0782044	1.6761211	0.63644797	44.55244	1
8563	THAP9-AS1	0.043435108	0.09531408	1.1320229	5.4937906	1
8565	LIN54	0.025463913	0.07191507	1.4941902	6.3700404	1
8570	COQ2	0.024867272	0.06836541	1.4553372	5.810763	1
8599	SPARCL1	0.020388128	0.23245671	3.5047226	37.62217	1
8624	GPRIN3	0.27789396	0.07612285	-1.8667581	27.405869	1
8648	PDLIM5	0.26104656	0.17305575	-0.5927893	5.2033067	1
8663	TSPAN5	0.17376092	0.32502326	0.903053	12.524161	1
8687	H2AFZ	0.9880128	2.9684694	1.5870202	44.55244	1
8713	CENPE	0.019023446	0.84062165	5.458214	44.55244	1
8734	GSTCD	0.04307493	0.09499748	1.1392133	5.7077913	1
8746	PAPSS1	0.17375223	0.26209575	0.5927826	5.59109	1
8751	HADH	0.14391711	0.3087547	1.100688	17.264	1
8769	GAR1	0.16078947	0.24911994	0.6313495	5.711925	1
8773	ELOVL6	0.06534511	0.12301914	0.91169775	5.2710485	1
8777	PITX2	0.06568292	0.17809144	1.4376432	13.347924	1
8791	ZGRF1	0.027292283	0.2383128	3.1216204	44.251408	1
8818	PRSS12	0.011024305	0.061158825	2.4612026	8.635733	1
8824	USP53	0.19561954	0.059439983	-1.7168571	16.385235	1
8834	MAD2L1	0.02011202	0.82000905	5.3425303	44.55244	1
8845	EXOSC9	0.10042503	0.28154817	1.4863392	23.659718	1
8846	CCNA2	0.0039410708	0.49598432	6.939704	44.55244	1
8857	FGF2	0.014445355	0.06472209	2.155927	8.40838	1
8860	SPATA5	0.03497318	0.12836875	1.8729771	14.648212	1
8862	SPRY1	0.35513514	0.65717214	0.8877166	24.880507	1
8884	PLK4	0.0016059119	0.12669657	6.215829	33.25646	1
8894	JADE1	0.04327937	0.15162241	1.8063532	16.382828	1
8895	SCLT1	0.1050788	0.36217085	1.7842246	39.44237	1
8950	ELF2	0.22853626	0.33480704	0.5507064	6.1464806	1
9003	ABCE1	0.23581567	0.38238013	0.6971135	10.37955	1
9017	LSM6	0.3622624	0.56337696	0.6369235	13.952101	1
9032	ARHGAP10	0.08123124	0.16508882	1.0222346	7.9792147	1
9049	MAB21L2	0.011138881	0.052650586	2.2306888	7.4899116	1
9073	FBXW7	0.29661456	0.19395666	-0.61259764	6.1366467	1
9085	MND1	0.003485687	0.29098365	6.3430405	44.55244	1
9091	SFRP2	0.005645044	0.17911088	4.9631963	26.202318	1
9096	PLRG1	0.1618806	0.24655081	0.6066491	5.284039	1
9110	GUCY1A1	0.2375971	0.35082236	0.5620275	6.507738	1
9112	GUCY1B1	0.33418936	0.48447433	0.53562057	8.402161	1
9114	TDO2	0.07709188	0.20443901	1.4058551	12.93849	1
9120	PDGFC	0.23207279	0.09566808	-1.2775822	14.214771	1
9123	GRIA2	0.17115763	0.059208795	-1.5298504	11.250622	1
9129	GASK1B	0.09595387	0.17034285	0.82737243	5.820233	1
9137	C4orf46	0.033388335	0.14929049	2.1573577	19.702255	1
9142	RAPGEF2	0.3330468	0.2032878	-0.71192485	8.781544	1
9147	FSTL5	0.007471024	0.10285194	3.765339	19.75517	1
9156	TMA16	0.18409584	0.28488296	0.6296351	6.5313272	1
9171	CPE	0.3134158	0.48457435	0.6284776	9.624487	1
9215	HMGB2	0.12519497	2.0078254	4.002305	44.55244	1
9216	AC097534.2	0.019977197	0.07304438	1.8651893	8.483465	1
9217	SAP30	0.1409427	0.37909126	1.4267938	30.923672	1
9223	HAND2	0.10958282	0.4391288	2.001635	44.55244	1
9224	HAND2-AS1	0.038283765	0.13381265	1.8027241	14.363286	1
9232	CEP44	0.10920237	0.21770951	0.9947423	10.25027	1
9255	NEIL3	1.3242243e-09	0.12868053	10.33068	33.390907	1
9272	TENM3	0.031170277	0.22971545	2.8776119	37.183674	1
9289	ING2	0.17063549	0.33328527	0.96542734	15.064983	1
9291	RWDD4	0.13505821	0.21208908	0.6507013	5.107882	1
9295	STOX2	0.074044794	0.15136585	1.0305752	7.067476	1
9309	CENPU	0.012071014	0.51579356	5.4055524	44.55244	1
9319	SLC25A4	0.22862245	0.12458879	-0.8752662	8.273725	1
9392	CEP72	0.0038752856	0.043532487	3.4562724	9.746837	1
9399	TRIP13	0.004118807	0.17384416	5.3656454	43.64935	1
9474	TENT4A	0.064445786	0.13160941	1.0289636	6.6069417	1
9519	CCT5	0.5507346	0.9175936	0.7363934	33.067474	1
9545	OTULINL	0.057077967	0.18866089	1.7230287	18.010849	1
9547	OTULIN	0.0869362	0.18677078	1.1023535	10.203032	1
9639	CDH6	0.04842119	0.0126082115	-1.932854	5.1099787	1
9640	DROSHA	0.05927477	0.12665758	1.0941501	7.047767	1
9642	PDZD2	0.020181837	0.06468204	1.6754055	6.429833	1
9650	GOLPH3	0.14697942	0.24694891	0.74820125	7.524062	1
9664	TARS	0.2618177	0.37856486	0.5318081	6.624608	1
9674	RAI14	0.15861857	0.2692657	0.7630952	8.392182	1
9678	RAD1	0.109351195	0.20616208	0.9141908	8.637586	1
9679	BRIX1	0.13511318	0.24842618	0.8781621	9.480819	1
9680	DNAJC21	0.3376935	0.48455295	0.5208105	8.38263	1
9682	PRLR	0.007356319	0.047996834	2.6894066	8.355322	1
9691	SKP2	0.059315655	0.14243838	1.2624354	9.464946	1
9704	NUP155	0.050606046	0.13597803	1.4242045	10.772314	1
9729	DAB2	0.59172636	0.36144456	-0.7110006	15.0983305	1
9746	OXCT1	0.053810272	0.11077813	1.0403427	5.7347755	1
9754	SELENOP	1.2076205	0.7366935	-0.71295434	44.55244	1
9768	HMGCS1	0.22299613	0.31836665	0.5134768	5.055192	1
9773	C5orf34	0.010122468	0.07117699	2.801693	12.464757	1
9801	ISL1	0.05055435	0.18898812	1.9003006	19.00873	1
9807	ITGA1	0.18257752	0.4508812	1.3037682	30.332775	1
9809	ITGA2	0.30927148	0.07120834	-2.1171973	33.03014	1
9815	FST	0.0034777499	0.040919192	3.5191746	7.354576	1
9833	GPX8	0.36651793	0.5710972	0.6397117	13.978364	1
9854	MAP3K1	0.14485605	0.29126802	1.007227	13.787747	1
9873	RAB3C	0.0021864607	0.02878468	3.6591163	6.959761	1
9876	PDE4D	0.03105178	0.07867257	1.3383788	5.7324314	1
9880	DEPDC1B	0.005979302	0.14608417	4.5877376	34.751873	1
9886	NDUFAF2	0.10969902	0.22114843	1.0108021	10.574796	1
9895	KIF2A	0.3573893	0.55024546	0.62243754	12.962185	1
9911	CENPK	0.015118057	0.5462169	5.165882	44.55244	1
9940	PIK3R1	0.30319667	0.42971537	0.5029874	6.8423886	1
9951	CCNB1	0.03889743	0.8092942	4.3753915	44.55244	1
9952	CENPH	0.015974443	0.3586616	4.4801846	44.55244	1
9956	AK6	0.14315228	0.2301318	0.68452907	6.0362015	1
10013	ENC1	0.13493378	0.41679436	1.6263614	38.412395	1
10024	HMGCR	0.1738841	0.3181334	0.8711298	11.695505	1
10035	IQGAP2	0.02730748	0.111279935	2.022848	12.850984	1
10039	F2R	0.21861455	0.37455982	0.77653205	11.781519	1
10048	WDR41	0.15897591	0.29708368	0.9016394	12.200952	1
10056	LHFPL2	0.031904563	0.07972331	1.3185325	5.9712777	1
10079	DHFR	0.09203836	0.47516274	2.3668513	44.55244	1
10107	XRCC4	0.058560118	0.13652878	1.2198094	8.7511015	1
10108	VCAN	0.9219002	1.5149736	0.7165489	44.55244	1
10111	EDIL3	0.28047103	0.16856748	-0.7341841	7.332809	1
10143	MEF2C	1.3586333	0.645213	-1.0741912	44.55244	1
10176	NR2F1	1.1802578	0.736112	-0.6810311	31.706808	1
10186	SLF1	0.057539463	0.20913237	1.8599772	23.335453	1
10198	GLRX	0.2081178	0.124166556	-0.74465525	6.0007987	1
10203	ELL2	0.11724104	0.055202268	-1.0852971	6.02716	1
10231	CHD1	0.28297997	0.4685	0.7271473	13.984602	1
10251	C5orf30	0.025323467	0.06741568	1.4090617	5.329051	1
10261	EFNA5	0.06941691	0.1720896	1.3085622	11.697756	1
10263	FBXL17	0.10181382	0.046824675	-1.118931	5.3311687	1
10282	WDR36	0.09285652	0.16098724	0.7932143	5.4740477	1
10291	EPB41L4A-AS1	0.36000252	0.25423086	-0.50170124	5.489783	1
10300	DCP2	0.20154999	0.43762043	1.1181563	26.3723	1
10306	KCNN2	0.0022164744	0.07634609	5.0444403	16.716352	1
10356	PRR16	0.1374265	0.043525293	-1.6564728	11.508971	1
10404	LMNB1	0.05550671	0.9470922	4.0903263	44.55244	1
10409	MEGF10	0.09370552	0.040156785	-1.2204409	5.722251	1
10419	FBN2	0.18640159	0.4369004	1.2284466	27.364332	1
10425	ADAMTS19	0.20826125	0.097941	-1.0876299	9.517175	1
10444	P4HA2	0.124993384	0.22923326	0.87444013	8.799144	1
10491	CDKN2AIPNL	0.114745505	0.19338088	0.7524966	5.799478	1
10504	PITX1	0.04487417	0.10716009	1.2539449	6.976702	1
10511	H2AFY	0.5479168	0.9673154	0.81991524	43.598198	1
10526	TGFBI	0.047528747	0.2518216	2.4030702	31.099566	1
10538	HNRNPA0	0.8351892	1.2175506	0.5437525	31.402925	1
10548	BRD8	0.19164349	0.31987292	0.7387721	9.329575	1
10549	KIF20A	0.0020034376	0.25206602	6.905481	44.55244	1
10550	CDC23	0.097911015	0.19534175	0.9957229	9.230638	1
10552	CDC25C	0.002210493	0.21968432	6.571744	44.55244	1
10557	EGR1	1.2928886	0.76059693	-0.7653159	44.55244	1
10594	CYSTM1	0.46399677	0.32625055	-0.50800323	7.359865	1
10679	PCDHGB6	0.3054696	0.19717479	-0.63129437	6.7123604	1
10699	PCDH1	0.15652518	0.08890269	-0.81539536	5.180184	1
10740	TCERG1	0.25025138	0.48364183	0.95028293	22.324598	1
10748	DPYSL3	0.016895441	0.22777995	3.7450545	44.55244	1
10770	ADRB2	0.015043655	0.07038154	2.2185318	9.311554	1
10795	PDGFRB	1.7952846	1.0938107	-0.71479803	44.55244	1
10800	TCOF1	0.13371608	0.27460673	1.0376408	13.606499	1
10813	SMIM3	0.0773968	0.15400529	0.9917076	6.905876	1
10835	G3BP1	0.4324283	0.6654496	0.6217517	16.512152	1
10850	HAND1	0.00087765564	0.026571764	4.769843	6.2766194	1
10856	MRPL22	0.2592715	0.4212783	0.700096	11.71127	1
10859	SGCD	0.0030911188	0.0680028	4.41558	13.857329	1
10872	CYFIP2	0.13669705	0.05261435	-1.3757695	9.374128	1
10893	EBF1	0.6775379	0.40725425	-0.73423076	19.991219	1
10912	C1QTNF2	0.0021441884	0.025085337	3.4883184	5.5430617	1
10915	PTTG1	0.029309988	1.0731354	5.1895165	44.55244	1
10928	CCNG1	0.28106427	0.40130293	0.51363784	6.633294	1
10929	NUDCD2	0.22628996	0.38530964	0.76758265	12.035821	1
10930	HMMR	0.0020798573	0.5848497	8.067935	44.55244	1
10936	AC109466.1	0.010450508	0.04283139	2.0247204	5.2354693	1
10964	SPDL1	0.07619491	0.42669275	2.483877	44.55244	1
10992	UBTD2	0.11454489	0.21254517	0.89127606	8.446681	1
10996	NEURL1B	0.010761946	0.07825042	2.8506584	13.959759	1
11007	CREBRF	0.25367403	0.12292614	-1.0445795	11.80937	1
11017	BOD1	0.36364368	0.57291	0.6556383	15.168196	1
11078	MXD3	0.0085799005	0.40240413	5.535181	44.55244	1
11079	PRELID1	0.5956832	0.88929975	0.57804453	21.166368	1
11084	F12	0.0019939549	0.021539772	3.369383	5.0649366	1
11085	GRK6	0.06510998	0.15006046	1.2033403	9.406489	1
11095	TMED9	0.51259375	0.7744265	0.5952173	18.581017	1
11110	NHP2	0.36807925	0.570409	0.6318415	14.2385645	1
11112	HNRNPAB	0.5897783	1.164195	0.98096734	44.55244	1
11238	TUBB2A	0.07874344	0.16379546	1.0557132	8.148158	1
11240	TUBB2B	0.03928264	0.117594995	1.5794213	10.02627	1
11256	ECI2	0.30245778	0.4678759	0.6292235	11.011174	1
11298	AL031058.1	0.092478976	0.037826456	-1.28748	6.089338	1
11299	DSP	0.6552702	0.26124048	-1.3263797	41.05001	1
11300	SNRNP48	0.07072459	0.19134162	1.4345822	15.149312	1
11302	TXNDC5	0.132053	0.25700015	0.9601211	11.439729	1
11304	EEF1E1	0.18557008	0.28951538	0.6413968	6.8459377	1
11318	GCNT2	0.049432	0.0071295104	-2.776391	7.7227116	1
11322	PAK1IP1	0.13407524	0.21819273	0.70214564	5.96223	1
11353	GFOD1	0.027361343	0.073274724	1.4178811	5.8852587	1
11360	MCUR1	0.21500656	0.3455476	0.6842503	9.3137455	1
11364	CD83	0.038963187	0.09170087	1.232698	6.154334	1
11395	NUP153	0.11590196	0.21235126	0.87298274	8.237139	1
11401	DEK	0.5651121	1.6635898	1.5575222	44.55244	1
11406	ID4	0.51693183	0.2753414	-0.9085078	18.256453	1
11408	MBOAT1	0.01365999	0.056338616	2.0362031	7.4481072	1
11413	E2F3	0.12518086	0.29270807	1.2247893	19.059723	1
11445	GMNN	0.09902318	0.588632	2.5703166	44.55244	1
11461	TRIM38	0.33653632	0.20401338	-0.72182	9.172985	1
11467	HIST1H4A	0.0010491039	0.02264977	4.307271	5.565578	1
11469	HIST1H3B	1.3242243e-09	0.25251055	11.30268	44.55244	1
11470	HIST1H2AB	1.3242243e-09	0.029042084	8.186941	8.799401	1
11473	HIST1H1C	0.18017302	0.7003619	1.9581231	44.55244	1
11475	HIST1H4C	0.41164535	2.005322	2.2840815	44.55244	1
11477	HIST1H2BC	0.011231613	0.06911938	2.6108227	11.784129	1
11479	HIST1H1E	0.06046843	0.39486665	2.7050927	44.55244	1
11483	HIST1H4D	0.0009886536	0.034055162	4.971487	9.205451	1
11484	HIST1H3D	0.0056574713	0.20614177	5.1627574	44.55244	1
11486	HIST1H2BF	0.0036223198	0.0436586	3.5552926	9.500237	1
11487	HIST1H4E	0.037503015	0.13609137	1.856715	14.969429	1
11488	HIST1H2BG	0.003708242	0.028019281	2.8843627	5.612784	1
11489	HIST1H2AE	0.02600271	0.07731021	1.5683242	7.0361485	1
11491	HIST1H1D	0.024878874	0.6170152	4.6267595	44.55244	1
11494	HIST1H3F	0.004544812	0.092357315	4.3150954	20.36591	1
11495	HIST1H2BH	0.0088684475	0.1620458	4.1762896	36.747684	1
11496	HIST1H3G	1.3242243e-09	0.11035695	10.109249	29.746058	1
11498	HIST1H4H	0.03091728	0.107610136	1.79601	11.49098	1
11519	HIST1H2AG	0.012336375	0.14408101	3.5352433	29.665705	1
11520	HIST1H4I	0.0010142676	0.03068527	4.7880726	8.461934	1
11522	HIST1H2AH	0.008831978	0.20216101	4.501095	44.55244	1
11534	HIST1H2BL	1.3242243e-09	0.023648584	7.891679	7.180196	1
11536	HIST1H3H	0.0040906323	0.03052814	2.869618	5.839659	1
11541	HIST1H2BN	0.011612469	0.07462955	2.6736336	12.601546	1
11542	HIST1H2AK	0.005656104	0.035001922	2.6083856	6.550141	1
11543	HIST1H2AL	1.3242243e-09	0.05033781	8.978343	14.961812	1
11544	HIST1H1B	0.0031664441	0.4670377	7.159983	44.55244	1
11545	HIST1H3I	0.003891003	0.025477706	2.6800635	5.0274506	1
11548	HIST1H2AM	1.3242243e-09	0.01865873	7.551399	5.5325527	1
11549	HIST1H2BO	1.3242243e-09	0.020275727	7.6706886	6.2056785	1
11613	HLA-A	0.34032476	0.4897089	0.52488303	8.492434	1
11629	HLA-E	0.3714231	0.2557603	-0.5380956	6.408136	1
11640	NRM	0.050692473	0.16362691	1.6886048	16.313883	1
11641	MDC1	0.07975202	0.17855918	1.1618092	10.40064	1
11643	TUBB	1.2818207	2.6476138	1.0464401	44.55244	1
11666	TCF19	0.0022023635	0.13495281	5.8742642	33.791664	1
11683	DDX39B	0.67876035	0.98238933	0.53332686	21.651531	1
11693	PRRC2A	0.17465647	0.30341557	0.79642457	10.281997	1
11710	MSH5	0.007027046	0.034964968	2.2986543	5.4425564	1
11714	VARS	0.059321597	0.1138362	0.93916684	5.0188246	1
11715	LSM2	0.4591299	0.78919506	0.7813482	30.249537	1
11728	NELFE	0.20086432	0.30581686	0.60620016	6.7808714	1
11746	RNF5	0.23630218	0.34957257	0.5647612	6.7077103	1
11794	DAXX	0.08702636	0.22342752	1.3592713	16.73678	1
11796	KIFC1	0.00091523625	0.44092953	8.762916	44.55244	1
11805	UQCC2	0.3422188	0.57481754	0.7480147	18.575232	1
11813	HMGA1	0.041896846	0.11783263	1.48961	10.28256	1
11823	SNRPC	0.41424847	0.614619	0.5690826	13.059708	1
11847	SRPK1	0.23456834	0.40835118	0.79954034	14.083504	1
11860	SRSF3	1.1042956	1.7823944	0.69064045	44.55244	1
11868	PPIL1	0.07803311	0.19951144	1.3531884	14.707252	1
11874	PIM1	0.0060236626	0.045258287	2.8888996	8.388312	1
11881	CCDC167	0.3149661	0.593065	0.9127791	26.566557	1
11889	GLO1	0.45100206	0.7312112	0.6970316	22.383945	1
11925	MDFI	0.3500343	0.511555	0.5472631	9.533159	1
11947	MRPS10	0.18170929	0.29293537	0.6886488	7.761498	1
11962	PPP2R5D	0.06454748	0.14387919	1.1551943	8.288016	1
11963	MEA1	0.29031998	0.4983524	0.7793151	16.912973	1
11965	RRP36	0.21104212	0.32786003	0.6353055	7.8258486	1
11971	PTK7	0.13657117	0.21511303	0.6550565	5.2988644	1
11990	POLH	0.021396808	0.077020414	1.8429904	9.007179	1
12006	MRPL14	0.37745878	0.5449826	0.52977365	10.068516	1
12039	ADGRF5	0.010869291	0.05416049	2.306432	8.272894	1
12042	TNFRSF21	0.2189059	0.12328842	-0.82776266	7.4035587	1
12045	CD2AP	0.21397462	0.13446438	-0.66981715	5.1317096	1
12054	CENPQ	0.025790842	0.15151139	2.5498643	24.040768	1
12080	MCM3	0.12932134	0.59815615	2.2086878	44.55244	1
12117	HMGCLL1	0.13008489	0.050523855	-1.3626727	8.74765	1
12118	BMP5	0.7123674	0.3006992	-1.2440234	44.55244	1
12124	KIAA1586	0.13212706	0.21974288	0.7334553	6.403837	1
12128	RAB23	0.0267234	0.0886434	1.7261478	9.573868	1
12129	PRIM2	0.04202649	0.18190713	2.1111953	23.179869	1
12162	COL9A1	0.0011891468	0.06966534	5.7580223	16.503454	1
12177	LINC00472	0.13730082	0.070533305	-0.95997006	5.7704706	1
12198	SLC17A5	0.22548456	0.07330942	-1.6196312	18.472952	1
12200	CD109	0.17461683	0.060171578	-1.5354688	13.621204	1
12204	COL12A1	0.058490418	0.2063182	1.8168335	18.544867	1
12208	FILIP1	0.14923379	0.06096041	-1.2902315	9.239466	1
12222	PHIP	0.5195718	0.8271028	0.67064023	24.74964	1
12237	TTK	0.0011788358	0.45721155	8.482203	44.55244	1
12243	TENT5A	0.08155191	0.19880593	1.2845278	12.821167	1
12256	PGM3	0.15533218	0.2455024	0.6600394	6.164295	1
12259	PRSS35	0.01319219	0.14656739	3.4638975	20.77482	1
12276	SYNCRIP	0.55379474	0.8415053	0.60353196	21.194063	1
12298	PNRC1	1.3517492	0.7991909	-0.75814164	44.55244	1
12302	GABRR1	0.1941504	0.06367842	-1.6067773	16.568604	1
12311	CASP8AP2	0.20552868	0.4140003	1.0099388	20.009722	1
12341	MMS22L	0.048949387	0.28608966	2.5446644	44.55244	1
12360	ASCC3	0.19247653	0.35826766	0.8960085	14.709848	1
12414	CEP57L1	0.12703249	0.29630485	1.2212362	19.202347	1
12427	WASF1	0.12908484	0.25590742	0.9867487	11.40217	1
12434	CDK19	0.12807848	0.24909331	0.9591113	11.013202	1
12435	AMD1	0.22436482	0.33062392	0.55913806	6.3376207	1
12454	LAMA4	0.22574097	0.37247157	0.7222103	10.374219	1
12471	HDAC2	0.5439897	0.79876465	0.5541065	17.290716	1
12496	FAM162B	0.083181016	0.018668614	-2.1496656	9.258765	1
12506	SLC35F1	0.304131	0.12917267	-1.2347498	17.802298	1
12508	PLN	0.19563204	0.105271034	-0.8934016	6.2222385	1
12513	FAM184A	0.014401282	0.048930194	1.7574902	5.2603416	1
12514	MAN1A1	0.13376448	0.25085175	0.9066368	9.766473	1
12519	GJA1	0.030244168	0.123735264	2.0289311	14.571885	1
12529	CLVS2	0.06585812	0.005731872	-3.4995193	11.077723	1
12530	TRDN	0.34709007	0.07585515	-2.1925058	39.431065	1
12539	HDDC2	0.3032168	0.42919737	0.50115204	6.9400253	1
12548	TRMT11	0.16273944	0.25661513	0.656718	6.23914	1
12549	CENPW	0.06267732	0.8355064	3.7345083	44.55244	1
12551	RSPO3	0.0037678157	0.118174136	4.9344716	23.251019	1
12559	PTPRK	0.2239902	0.12777312	-0.8093666	7.1266823	1
12586	MOXD1	0.023054082	0.12315268	2.4122806	16.004913	1
12609	TCF21	0.0052376813	0.14431627	4.7578764	30.003916	1
12613	SGK1	0.07854578	0.21283886	1.436998	15.895492	1
12624	HBS1L	0.18291415	0.27555448	0.5909058	5.7597427	1
12626	MYB	1.3242243e-09	0.021435475	7.750552	5.7444715	1
12629	AHI1	0.0940509	0.23778221	1.3372006	16.917648	1
12633	AL035604.1	0.10762045	0.008479547	-3.6502469	17.92399	1
12639	MTFR2	1.3242243e-09	0.060067885	9.232831	17.47583	1
12679	CITED2	0.6030999	0.20152955	-1.5809292	44.55244	1
12716	UTRN	0.2543268	0.37042522	0.5423212	6.567303	1
12735	SAMD5	0.024570579	0.09222017	1.9038544	10.018967	1
12761	NUP43	0.052015185	0.10530705	1.0161957	5.2736964	1
12762	PCMT1	0.31300232	0.48801365	0.640583	12.22527	1
12764	LRP11	0.026192911	0.078422874	1.5784391	7.2930536	1
12781	MTHFD1L	0.03431081	0.12286418	1.8373042	14.153366	1
12801	FBXO5	0.04646226	0.5868316	3.6559594	44.55244	1
12864	WTAP	0.31214604	0.44862884	0.52316064	7.8001647	1
12866	ACAT2	0.059854936	0.22998174	1.940196	26.80565	1
12867	TCP1	0.42521182	0.7344408	0.78832173	27.801321	1
12868	MRPL18	0.21271485	0.33925825	0.6732102	8.89507	1
12935	Z94721.3	0.0031434565	0.0565924	4.1275516	13.460431	1
12936	FGFR1OP	0.04625822	0.10361982	1.1617945	6.4756947	1
12957	AFDN	0.17360489	0.2591315	0.5776025	5.041414	1
12970	SMOC2	0.0021323247	0.036442935	4.032974	7.989931	1
13032	PDGFA	0.67942864	0.292077	-1.2176918	40.684208	1
13044	C7orf50	0.24815036	0.35992834	0.53631455	6.398059	1
13062	PSMG3	0.18289359	0.29932064	0.7103805	8.304954	1
13071	MRM2	0.084204584	0.16442911	0.9646599	7.444925	1
13072	NUDT1	0.07550635	0.50831914	2.749439	44.55244	1
13096	RADIL	0.0020292967	0.024296341	3.518216	5.491401	1
13113	FSCN1	0.23607266	0.54948026	1.2184883	36.103718	1
13120	AIMP2	0.053458408	0.112411916	1.0708928	6.01235	1
13130	KDELR2	0.66523397	0.9694172	0.54318786	21.998709	1
13142	C1GALT1	0.060261436	0.18511795	1.6175249	16.651476	1
13149	RPA3	0.12891786	0.54275966	2.0730085	44.55244	1
13160	AC060834.2	0.09577713	0.042351965	-1.1753553	5.0489526	1
13187	MEOX2	0.024584627	0.1591604	2.689703	22.837902	1
13195	SOSTDC1	0.006634215	0.10977826	4.0282526	20.113892	1
13213	HDAC9	0.19723213	0.08077004	-1.2869487	12.199405	1
13239	CDCA7L	0.09952993	0.23410314	1.2331092	15.012876	1
13240	RAPGEF5	0.16121253	0.06389422	-1.333845	10.532483	1
13249	FAM126A	0.11148003	0.24750334	1.1499519	14.003525	1
13256	MALSU1	0.12459227	0.24080835	0.9501124	10.478945	1
13257	IGF2BP3	0.21123819	0.46665204	1.1431028	28.113323	1
13267	MPP6	0.042765863	0.10961245	1.3558261	8.31586	1
13271	CYCS	0.37513	0.7234263	0.94727033	35.758472	1
13285	CBX3	0.7569505	1.1376182	0.5876817	31.746521	1
13294	SKAP2	0.30730373	0.21120739	-0.5407914	5.3952847	1
13296	HOTAIRM1	0.12183178	0.052180383	-1.2217325	7.1586194	1
13308	HOXA10	0.19297789	0.38147625	0.9827884	16.660328	1
13326	CREB5	0.034419496	0.12522213	1.8601578	12.900866	1
13327	TRIL	0.087159	0.16295479	0.901981	6.300468	1
13343	FKBP14	0.11087249	0.20353767	0.8758024	7.986058	1
13355	GGCT	0.17735022	0.31291777	0.81883013	10.666831	1
13359	GARS	0.15041786	0.2547578	0.7597577	7.991762	1
13374	LSM5	0.42311275	0.9699329	1.1966507	44.55244	1
13381	NT5C3A	0.10284187	0.17588225	0.77360004	5.668501	1
13415	ANLN	0.007325014	0.4150282	5.8050194	44.55244	1
13488	COA1	0.27096173	0.46036962	0.7644845	15.375216	1
13501	POLD2	0.124449976	0.35060653	1.4935395	30.259232	1
13502	MYL7	0.010175427	0.048079927	2.2292337	7.2129955	1
13515	H2AFV	0.6502006	1.3353332	1.0381291	44.55244	1
13531	IGFBP3	0.37227774	0.86631656	1.218294	44.55244	1
13552	UPP1	0.024924574	0.07804011	1.6427177	7.6618676	1
13568	FIGNL1	0.022378044	0.095381625	2.0867066	11.9843645	1
13596	EGFR	0.23554257	0.35350987	0.58555835	7.0778193	1
13649	ZNF680	0.019247629	0.065443374	1.7602932	6.7868505	1
13656	ZNF273	0.015494628	0.07624934	2.2915666	10.95292	1
13665	VKORC1L1	0.07188044	0.17041065	1.2441851	10.911255	1
13666	GUSB	0.08280669	0.15720038	0.9239617	6.768503	1
13707	BAZ1B	0.5015494	0.8469538	0.7557741	30.963982	1
13722	ELN	0.01908541	0.070229955	1.8741298	7.269178	1
13727	RFC2	0.061239094	0.29182145	2.2507014	40.134903	1
13754	MDH2	0.3595126	0.519663	0.5314104	9.575685	1
13771	GSAP	0.077998094	0.021795295	-1.8346665	7.8349195	1
13774	PTPN12	0.94541717	0.5519937	-0.77619034	34.57946	1
13780	MAGI2	0.41263267	0.17082942	-1.2718068	25.721622	1
13786	MAGI2-AS3	1.0352733	0.5766409	-0.8441557	44.55244	1
13801	SEMA3A	0.083461784	0.20074007	1.2651318	12.526849	1
13804	SEMA3D	0.05123333	0.12745668	1.3131708	7.891722	1
13806	GRM3	0.048710104	0.012344275	-1.9716978	5.3283978	1
13819	SLC25A40	0.01066612	0.052497428	2.2884939	8.048856	1
13820	DBF4	0.061658602	0.42642242	2.7879095	44.55244	1
13850	CYP51A1	0.33732483	0.48089048	0.51144224	7.6774316	1
13883	SGCE	0.1531775	0.2360596	0.6236163	5.304667	1
13884	PEG10	0.20873067	0.96927935	2.2147279	44.55244	1
13885	PPP1R9A	0.045152687	0.109835856	1.2805866	7.0901184	1
13894	PDK4	0.120952375	0.060258813	-1.0039951	5.5765443	1
13902	TAC1	0.119272366	0.69267654	2.536921	44.55244	1
13921	PDAP1	0.5573388	0.82663673	0.56861466	19.68158	1
13922	BUD31	0.3626353	0.52067745	0.52174985	9.218119	1
13949	MCM7	0.094763435	0.45177272	2.2519922	44.55244	1
13951	TAF6	0.09462165	0.1641518	0.794143	5.4679637	1
13970	PPP1R35	0.1047076	0.18392935	0.81219256	6.1477675	1
13982	PCOLCE	0.16394506	0.2885792	0.8153749	9.614301	1
13986	GNB2	0.49314654	0.6979776	0.5010786	12.638828	1
13988	POP7	0.14933583	0.36309993	1.2812377	25.784727	1
13995	SRRT	0.1989285	0.34578523	0.7973183	11.59889	1
14000	MUC12	0.0045631416	0.027643777	2.5727901	5.318484	1
14016	COL26A1	0.0060357247	0.035632532	2.5419326	5.9329734	1
14030	POLR2J	0.45033592	0.6554296	0.54133916	12.89358	1
14043	LRRC17	0.9100346	0.39160275	-1.2163208	44.55244	1
14053	RELN	0.00090522744	0.025039176	4.6443434	6.083038	1
14096	LAMB1	0.13435085	0.2595228	0.9493381	11.526765	1
14112	LRRN3	0.009569615	0.074786685	2.953179	12.568403	1
14163	CTTNBP2	0.06849298	0.13478471	0.975594	5.6377206	1
14203	TMEM229A	0.01555345	0.10007797	2.6780128	16.157034	1
14208	GPR37	0.039552964	0.12784106	1.6899786	12.125117	1
14233	RBM28	0.25088862	0.36304605	0.53292805	6.452408	1
14236	HILPDA	0.094800994	0.19696513	1.0541774	9.9690075	1
14243	CALU	0.82088566	1.2459208	0.6018992	37.652866	1
14252	TNPO3	0.11044329	0.21301511	0.9470214	9.38292	1
14265	UBE2H	0.46149546	0.30467868	-0.5988671	9.521195	1
14280	MEST	0.15092622	0.92579985	2.6160572	44.55244	1
14283	AC007938.3	0.011505942	0.0533085	2.202206	7.3319736	1
14284	AUXG01000058.1	0.11153241	0.3500807	1.6493435	30.8811	1
14305	CHCHD3	0.19928953	0.38571268	0.95231086	17.423376	1
14329	NUP205	0.035192214	0.13082005	1.8912642	15.256146	1
14340	CHRM2	0.02662991	0.0833732	1.642858	7.9825478	1
14341	PTN	0.28345525	1.3723366	2.2750378	44.55244	1
14345	CREB3L2	0.123877846	0.22001523	0.82817656	7.8824573	1
14349	TRIM24	0.25453833	0.4503345	0.8228678	16.232315	1
14350	SVOPL	0.049747698	0.0018386866	-4.6843753	10.289278	1
14359	LUC7L2	0.49321404	0.71237135	0.5303257	13.857918	1
14363	HIPK2	0.62318784	0.38135922	-0.7083698	17.567312	1
14543	CUL1	0.17409126	0.27719805	0.67076504	7.1398478	1
14544	EZH2	0.07403848	0.5364716	2.8554761	44.55244	1
14575	RARRES2	0.044976536	0.1819937	2.0142324	21.34984	1
14602	TMUB1	0.06607517	0.122673765	0.8916404	5.086574	1
14618	RHEB	0.47445107	0.7405249	0.6421797	20.065128	1
14628	XRCC2	0.0041780714	0.26810592	5.970237	44.55244	1
14641	PAXIP1	0.04400966	0.09919824	1.1706734	6.1196327	1
14673	NOM1	0.10245771	0.17373149	0.7612535	5.39872	1
14694	NCAPG2	0.017232142	0.24102968	3.7982874	44.55244	1
14762	AGPAT5	0.13676599	0.24127589	0.8185176	8.3061	1
14765	AF233439.1	0.0010835442	0.02032684	4.1092806	5.108725	1
14811	PRAG1	0.025932342	0.09793718	1.913024	11.262098	1
14821	ERI1	0.041429687	0.096270435	1.2144476	6.2230525	1
14848	PINX1	0.05658243	0.112071045	0.98472685	5.262629	1
14873	FDFT1	0.24498267	0.4086441	0.73792934	12.033461	1
14950	LPL	0.043541048	0.16796435	1.9452561	17.834826	1
14975	REEP4	0.023400854	0.11227686	2.25756	16.009483	1
14992	C8orf58	0.037597235	0.09672499	1.3609205	7.5425076	1
14997	EGR3	0.26263425	0.083070695	-1.659457	22.393461	1
15016	LOXL2	0.12563568	0.23965389	0.93116003	10.293705	1
15022	SLC25A37	0.117843166	0.20507549	0.79876655	6.796632	1
15035	NEFM	0.013219857	0.32165146	4.5942965	42.68321	1
15036	NEFL	0.0010968323	0.06949897	5.861773	13.388394	1
15044	KCTD9	0.07794192	0.14439759	0.8887243	5.6800804	1
15045	CDCA2	0.0010611612	0.39317253	8.403817	44.55244	1
15066	SCARA3	0.03187173	0.16092153	2.3323848	22.956844	1
15069	ESCO2	1.3242243e-09	0.35731775	11.803376	44.55244	1
15070	PBK	0.000939941	0.40372705	8.601092	44.55244	1
15087	HMBOX1	0.57700187	0.36711755	-0.65219104	13.950371	1
15124	WRN	0.11084885	0.19862075	0.84084785	7.1939807	1
15175	EIF4EBP1	0.16219983	0.41419372	1.3519925	31.725645	1
15224	SFRP1	0.5111108	1.3164804	1.3648055	44.55244	1
15229	GINS4	0.08133347	0.31209674	1.9387616	37.860588	1
15241	AP3M2	0.376573	0.22309461	-0.7550104	10.884374	1
15242	PLAT	1.4975746	0.44159618	-1.761598	44.55244	1
15244	IKBKB	0.16819145	0.08719567	-0.9469798	6.8280416	1
15247	VDAC3	0.35121974	0.5907096	0.7499088	19.31074	1
15248	SLC20A2	0.18746996	0.09951824	-0.9129469	7.1993756	1
15250	SMIM19	0.28365517	0.4069784	0.52066004	6.9449477	1
15258	FNTA	0.25937113	0.4124024	0.6688285	10.708794	1
15272	PRKDC	0.7246623	1.3698908	0.9185864	44.55244	1
15274	MCM4	0.05054255	0.5224848	3.367243	44.55244	1
15325	MRPL15	0.20240466	0.2931485	0.5341684	5.134782	1
15335	TGS1	0.1904059	0.2868296	0.590861	5.899236	1
15391	ASPH	0.24225365	0.41050142	0.7606247	12.959924	1
15402	GGH	0.022225583	0.23098181	3.371634	44.55244	1
15426	ARMC1	0.20536867	0.31195018	0.60285956	6.6552057	1
15441	MYBL1	0.0020579798	0.0610262	4.8240376	15.00061	1
15446	TCF24	0.0074964976	0.051407553	2.7613778	8.614009	1
15455	PREX2	0.04480887	0.09708045	1.1136657	5.1292014	1
15505	ELOC	0.34656203	0.53250045	0.61952394	12.669785	1
15529	ZFHX4	0.16366097	0.32273078	0.9791864	13.577657	1
15543	STMN2	0.26540762	0.53421587	1.0089397	18.312204	1
15545	HEY1	0.05703821	0.18270552	1.6777819	16.895992	1
15559	ZNF704	0.11712021	0.22047703	0.9120613	9.043097	1
15561	PAG1	0.03782193	0.1148924	1.6004342	10.644464	1
15571	FABP4	0.12037237	0.22416806	0.8965219	5.941031	1
15577	CHMP4C	0.07022886	0.016920736	-2.0468235	7.7282696	1
15588	LRRCC1	0.025714008	0.10655137	2.0466764	13.403906	1
15646	RUNX1T1	0.1932931	0.47103465	1.2846031	32.689976	1
15675	RAD54B	0.015827142	0.062308855	1.9702634	7.970296	1
15685	CCNE2	0.010633996	0.1125993	3.3922193	20.802715	1
15706	SDC2	0.24792993	0.60231966	1.2802547	43.598198	1
15714	LAPTM4B	0.30089912	0.42907917	0.5118208	7.0957804	1
15715	MATN2	0.03424547	0.15735398	2.1967385	20.524965	1
15737	FBXO43	0.0009683567	0.044781204	5.3926463	11.768933	1
15777	AZIN1	0.12707505	0.21029718	0.72629976	6.070074	1
15785	BAALC	0.0076419297	0.036742896	2.2506213	5.846812	1
15790	CTHRC1	0.0052093877	0.05961865	3.4915643	10.959563	1
15797	RIMS2	0.0043907603	0.029094892	2.7006843	5.148212	1
15816	ANGPT1	0.35439482	0.5485296	0.6300681	12.699769	1
15827	NUDCD1	0.07196532	0.13109389	0.86432344	5.1159325	1
15857	RAD21	0.57523173	1.3467984	1.2271751	44.55244	1
15865	SAMD12	0.05179446	0.012895632	-1.9975537	6.060369	1
15879	DSCC1	0.004908596	0.112363294	4.488904	28.758862	1
15883	COL14A1	0.009984425	0.057941582	2.5249581	8.534553	1
15890	HAS2	0.061776668	0.18174066	1.5552074	15.022435	1
15905	TBC1D31	0.031256624	0.09836361	1.6508204	9.725513	1
15912	ATAD2	0.031711508	0.69023913	4.4396844	44.55244	1
15941	SQLE	0.18246034	0.46979314	1.3639593	35.73413	1
15956	LRATD2	0.054756515	0.015535861	-1.8108044	5.2058663	1
16042	CHRAC1	0.23304492	0.34181893	0.5524272	6.4080577	1
16144	GPAA1	0.11045117	0.22726825	1.0403165	11.369441	1
16145	CYC1	0.24018942	0.42908537	0.8368277	15.844381	1
16165	TONSL	0.0073926873	0.06783901	3.180685	13.191055	1
16175	RECQL4	0.0019602356	0.07674447	5.2210603	19.503633	1
16303	NFIB	0.23926379	0.5764789	1.2683132	39.00606	1
16315	PSIP1	0.716544	1.3381742	0.9010453	44.55244	1
16318	BNC2	0.03676667	0.09113258	1.3072319	6.3885717	1
16324	CNTLN	0.13578506	0.40619335	1.5801347	37.662277	1
16330	HAUS6	0.06589661	0.24885	1.9153923	29.077824	1
16370	CDKN2B-AS1	0.011733288	0.047623504	2.0118492	6.251626	1
16409	AL353746.1	0.07987045	0.033822402	-1.2372286	5.032747	1
16462	KIF24	0.0021898046	0.065854594	4.848177	15.880973	1
16470	CNTFR	0.034095407	0.17867145	2.386242	25.668331	1
16473	DCTN3	0.5880554	0.8422244	0.51817864	15.968132	1
16475	SIGMAR1	0.09054725	0.18377458	1.0203869	9.009512	1
16477	IL11RA	0.15481895	0.2369899	0.6139205	5.019756	1
16479	AL162231.1	0.023178808	0.07127844	1.6164712	7.0634913	1
16493	FANCG	0.03677477	0.11725325	1.6701518	12.124908	1
16509	ARHGEF39	0.0038933416	0.094254516	4.562423	23.048946	1
16530	GLIPR2	0.17456493	0.27892736	0.67581654	7.195581	1
16535	MELK	0.0008411673	0.27930176	8.213675	44.55244	1
16548	POLR1E	0.052934714	0.123803526	1.2242084	7.877616	1
16551	TOMM5	0.60206324	1.0598907	0.81582505	44.55244	1
16554	EXOSC3	0.11182609	0.19880976	0.8295676	7.0148754	1
16655	PIP5K1B	0.036038097	0.0052371416	-2.7593815	5.431703	1
16676	TRPM3	0.075598985	0.026473412	-1.5102905	5.5177193	1
16691	ANXA1	0.17301396	0.45000467	1.3785384	30.80781	1
16699	C9orf40	0.03849262	0.094771504	1.2976499	6.95587	1
16703	NMRK1	0.09597996	0.044077322	-1.1209296	5.2489257	1
16718	CEP78	0.15617374	0.43575534	1.479774	38.338604	1
16719	PSAT1	0.04440033	0.13569447	1.6095368	12.268598	1
16722	TLE4	0.27634725	0.44118226	0.6746976	10.933429	1
16753	RMI1	0.03924943	0.13328099	1.7611384	14.198148	1
16766	GOLM1	0.275406	0.498959	0.85712665	18.739494	1
16774	GAS1	0.10152963	0.2504251	1.3016341	14.946184	1
16793	S1PR3	0.8248527	0.52922237	-0.6401648	20.389193	1
16796	CKS2	0.12471858	1.0703776	3.1003501	44.55244	1
16809	SYK	0.056575473	0.21817088	1.9453232	25.357147	1
16821	ROR2	0.019612761	0.06465735	1.7159141	7.034236	1
16824	IARS	0.14691773	0.2891165	0.9761597	13.556006	1
16826	CENPP	0.016390767	0.119657554	2.8603864	21.371872	1
16833	BICD2	0.12158721	0.195177	0.6823445	5.058171	1
16864	AOPEP	0.1976661	0.08542935	-1.2093036	11.170921	1
16888	SLC35D2	0.089690566	0.04011908	-1.1586837	5.1423554	1
16889	ZNF367	0.0007925943	0.07670638	6.427078	19.74659	1
16900	CTSV	0.0012673341	0.02740059	4.330025	6.8664575	1
16919	ANP32B	0.80987495	1.7311676	1.0958796	44.55244	1
16921	NANS	0.13082689	0.24871658	0.92632115	10.235866	1
16932	TGFBR1	0.10249831	0.17892504	0.8031544	6.0738177	1
16966	SMC2	0.1961786	1.0173935	2.3740447	44.55244	1
16978	ABCA1	0.20377597	0.072037764	-1.4988651	15.317091	1
16996	RAD23B	0.33755478	0.5038892	0.5778439	10.588632	1
17006	CTNNAL1	0.108467914	0.26723355	1.300043	18.017567	1
17007	TMEM245	0.13212274	0.20903666	0.66147566	5.3208685	1
17019	LPAR1	0.0056151752	0.10027116	4.134403	21.902794	1
17032	PTBP3	0.2740511	0.38995674	0.50871277	6.49767	1
17036	INIP	0.11571273	0.20015828	0.79006803	6.570844	1
17049	PRPF4	0.11554146	0.2499388	1.1124933	13.981575	1
17055	POLE3	0.13647941	0.2874128	1.0738862	15.257899	1
17057	RGS3	0.15310693	0.085491195	-0.83994716	5.3082128	1
17077	TNC	0.024001976	0.10408528	2.1119282	12.425718	1
17103	CDK5RAP2	0.16472292	0.54943144	1.7372853	44.55244	1
17108	PHF19	0.025902318	0.38320032	3.881763	44.55244	1
17111	CNTRL	0.08288363	0.3856858	2.2169013	44.55244	1
17113	GSN	0.69847196	0.45695156	-0.61205184	15.853728	1
17164	NEK6	0.069638446	0.15699501	1.1716113	9.437124	1
17174	OLFML2A	0.3054887	0.17742896	-0.7835367	8.617066	1
17177	ARPC5L	0.36882734	0.5311791	0.52613324	9.33295	1
17186	MAPKAP1	0.20031336	0.28962383	0.5316996	5.128092	1
17189	PBX3	0.21381657	0.4969651	1.2163867	31.1077	1
17221	ENG	0.33814996	0.22967643	-0.55785894	6.079173	1
17228	DPM2	0.12175207	0.22120376	0.86089724	8.390118	1
17252	ODF2	0.07733524	0.25197572	1.7027949	25.078474	1
17259	WDR34	0.06191648	0.21091689	1.7666348	22.229908	1
17262	PKN3	0.002047295	0.03599262	4.0711117	8.293825	1
17267	ENDOG	0.08943656	0.20427634	1.1906794	12.46543	1
17270	LRRC8A	0.066868104	0.13939986	1.0587176	7.100736	1
17273	NUP188	0.06964661	0.12973468	0.8964807	5.349169	1
17298	NTMT1	0.17402789	0.29753387	0.77339137	9.732559	1
17302	PRRX2	0.017673263	0.06484046	1.8694091	7.3837514	1
17306	TOR1A	0.12127612	0.21089579	0.7977296	7.102948	1
17314	NCS1	0.06596087	0.17018598	1.3660917	12.640977	1
17319	EXOSC2	0.035568867	0.0985016	1.4669456	8.214249	1
17324	LAMC3	0.019652827	0.095280886	2.271641	13.446751	1
17326	NUP214	0.1296666	0.2076308	0.678796	5.313929	1
17343	TTF1	0.12131486	0.24602306	1.0194348	11.740071	1
17353	GTF3C5	0.07869147	0.14141198	0.8448128	5.327343	1
17364	SURF4	0.20618333	0.31416777	0.607367	6.9147997	1
17379	BRD3	0.24585886	0.3797866	0.6271518	8.824532	1
17382	WDR5	0.03322886	0.09870424	1.567801	9.158151	1
17389	COL5A1	0.109786175	0.3732592	1.7645543	40.077248	1
17395	OLFM1	0.0029713612	0.024347374	2.9927294	5.1685767	1
17403	MRPS2	0.11176308	0.19509195	0.80315953	6.5688443	1
17416	UBAC1	0.18711734	0.31442887	0.7484783	9.526873	1
17440	EGFL7	0.23768133	0.3928851	0.7248391	11.065209	1
17448	TMEM141	0.32961515	0.47087282	0.51442367	8.037691	1
17451	RABL6	0.2750925	0.4793018	0.8007942	17.061762	1
17453	PHPT1	0.7789182	1.1593231	0.57367814	30.720861	1
17464	PAXX	0.23381501	0.4098444	0.8094437	14.428458	1
17473	SAPCD2	0.010619848	0.12662609	3.5633574	23.868515	1
17483	SSNA1	0.29562807	0.4541592	0.6192445	10.444892	1
17485	TMEM203	0.14948371	0.23040923	0.62387145	5.1582365	1
17492	TUBB4B	0.3668303	1.4271567	1.959667	44.55244	1
17496	NELFB	0.1327651	0.21384075	0.6872491	5.6522217	1
17529	IDI1	0.29055017	0.52542764	0.854483	20.321177	1
17550	PFKP	0.055843282	0.15872806	1.505429	13.926747	1
17577	AKR1C1	0.008101022	0.043936428	2.4248219	6.20863	1
17601	GDI2	0.5073552	0.7519682	0.567583	16.7618	1
17609	RBM17	0.534205	0.7881571	0.56100273	17.705612	1
17630	GATA3	0.8949681	0.31346816	-1.5132185	44.55244	1
17647	CELF2	0.064655125	0.15292914	1.2407401	8.683511	1
17664	NUDT5	0.25157696	0.42848065	0.7679937	13.849267	1
17670	CCDC3	0.006094541	0.092581585	3.9032135	20.46147	1
17672	MCM10	0.0010453073	0.2913229	7.9912357	44.55244	1
17675	SEPHS1	0.14859101	0.3229251	1.1193287	18.16316	1
17695	SUV39H2	0.0286113	0.1368918	2.2543988	19.721916	1
17696	DCLRE1C	0.09102336	0.16249084	0.8353531	5.9063473	1
17778	KIAA1217	0.22196445	0.079048954	-1.4883362	16.860987	1
17780	ARHGAP21	0.17947519	0.28856707	0.6848184	7.4865093	1
17782	PRTFDC1	0.09086531	0.15936893	0.80988705	5.4044576	1
17800	MASTL	0.008040436	0.19808748	4.605616	44.55244	1
17822	SVIL	0.29843077	0.44797885	0.585873	9.119808	1
17844	KIF5B	0.81384605	1.1856368	0.5427786	28.866539	1
17877	FZD8	0.15505742	0.2579032	0.73365617	7.342305	1
17914	HNRNPF	0.5967018	0.8931343	0.58178675	21.534992	1
17935	CXCL12	0.11260432	0.38097376	1.7575274	34.571903	1
17955	TIMM23	0.10035536	0.17210181	0.7775458	5.490816	1
17969	GDF10	0.0076761567	0.036135092	2.2202585	5.0570755	1
18026	PRKG1	0.62937415	0.3947883	-0.67270255	16.265226	1
18032	DKK1	0.003936525	0.06976083	4.113298	12.192706	1
18045	ZWINT	0.036302347	0.56749797	3.962766	44.55244	1
18052	TFAM	0.2517456	0.42952746	0.7705467	13.87537	1
18055	PHYHIPL	0.17933157	0.01848922	-3.2708957	28.06758	1
18064	ANK3	0.36324167	0.21729912	-0.74098074	10.297615	1
18068	CDK1	0.015534086	0.9173406	5.874848	44.55244	1
18069	RHOBTB1	0.27842772	0.15111889	-0.8811825	10.167122	1
18071	TMEM26	0.16674446	0.07503785	-1.150892	9.170672	1
18077	ARID5B	0.88803625	0.56887066	-0.6424268	23.323738	1
18078	RTKN2	0.015295675	0.3012721	4.290949	44.55244	1
18110	HNRNPH3	0.64313906	1.0775317	0.7444372	43.64935	1
18112	DNA2	0.013381495	0.16518484	3.615902	34.706703	1
18114	TET1	0.31372908	0.45785514	0.5452273	8.126591	1
18119	DDX50	0.21609448	0.33842117	0.6469163	8.314827	1
18120	DDX21	0.24628443	0.3800178	0.62553537	8.364727	1
18121	KIF1BP	0.11208554	0.18256187	0.70328873	5.0961843	1
18138	H2AFY2	0.15702885	0.27153343	0.78971285	8.846392	1
18141	SAR1A	0.26819882	0.3979133	0.5689759	7.970102	1
18142	PPA1	0.26259714	0.46208045	0.8150558	16.4461	1
18180	P4HA1	0.2348564	0.5435975	1.2104112	34.426743	1
18187	DNAJC9	0.09438513	0.6578462	2.7998104	44.55244	1
18189	MRPS16	0.26122227	0.3860084	0.5631759	7.448946	1
18191	CFAP70	0.032143947	0.0040513515	-2.9573755	5.4680333	1
18233	ZNF503	0.18864602	0.36580446	0.9550207	15.282463	1
18266	PPIF	0.08793593	0.23998255	1.4473661	19.81258	1
18285	PLAC9	0.12693942	0.21918096	0.7875044	6.551384	1
18352	PAPSS2	0.06554617	0.13096932	0.99754727	6.333344	1
18366	ACTA2	0.18587385	0.6923982	1.8967105	44.55244	1
18368	FAS	0.022366572	0.06885175	1.6178071	6.3238835	1
18371	LIPA	0.1831701	0.10319775	-0.8271625	6.236384	1
18372	IFIT2	0.27474615	0.16493697	-0.7358349	7.321943	1
18385	KIF20B	0.046870086	0.8744292	4.2186923	44.55244	1
18395	RPP30	0.176354	0.2898197	0.71636105	8.166615	1
18413	KIF11	0.013660298	0.725391	5.720374	44.55244	1
18421	CEP55	1.3242243e-09	0.29323074	11.518293	44.55244	1
18426	LGI1	0.012035345	0.046422265	1.9387063	5.7639537	1
18429	SLC35G1	0.06684941	0.2060759	1.6227325	18.647537	1
18436	NOC3L	0.1383225	0.2182059	0.65727264	5.168185	1
18438	HELLS	0.18162915	0.8984812	2.305859	44.55244	1
18447	PDLIM1	0.4920126	0.3144439	-0.6457271	11.0227995	1
18451	ENTPD1	0.3006329	0.16486622	-0.86631197	10.94974	1
18469	ARHGAP19	0.050694462	0.19118346	1.912969	22.241377	1
18475	PGAM1	0.22514823	0.5081039	1.1738917	32.835133	1
18499	CNNM1	0.13455053	0.030348176	-2.144792	15.374549	1
18515	ERLIN1	0.068708725	0.15960829	1.2147758	10.092005	1
18520	BLOC1S2	0.15501198	0.25367022	0.7102125	7.0531607	1
18523	SCD	0.029385226	0.10348661	1.8127735	11.277318	1
18557	NPM3	0.11414467	0.212133	0.89352214	8.445974	1
18565	NOLC1	0.14719467	0.25389224	0.78607917	8.275014	1
18579	TRIM8	0.30993024	0.19267724	-0.68547416	7.7622924	1
18587	AS3MT	0.03133424	0.09026543	1.523434	7.895433	1
18594	PCGF6	0.05587981	0.11122325	0.99177647	5.238965	1
18595	TAF5	0.019021181	0.10450618	2.4517245	16.374113	1
18616	GSTO1	0.55542326	0.7966063	0.5202007	15.386157	1
18631	SORCS1	0.031504914	0.15002027	2.2478979	20.153952	1
18639	MXI1	0.21740317	0.12246045	-0.827543	7.0773635	1
18644	SMC3	0.44810003	1.0087874	1.1705506	44.55244	1
18653	ADRA2A	0.009191815	0.08591771	3.2106016	15.2488165	1
18666	TCF7L2	0.35017687	0.62151283	0.82752067	22.397888	1
18667	AL158212.2	0.021599256	0.06472324	1.5788655	5.907386	1
18683	AFAP1L2	0.4031044	0.20945217	-0.9442019	16.68165	1
18689	ATRNL1	0.054017715	0.202226	1.9025089	22.434822	1
18691	GFRA1	0.42009744	0.15192601	-1.4667492	31.02407	1
18731	PRDX3	0.334314	0.5062085	0.5983815	11.262782	1
18739	MCMBP	0.10362514	0.22927395	1.144936	13.399682	1
18756	NSMCE4A	0.15576893	0.32685214	1.068746	17.419657	1
18778	BUB3	0.25828627	0.71915746	1.476979	44.55244	1
18796	EEF1AKMT2	0.10075185	0.19967769	0.986158	9.223702	1
18801	CTBP2	0.34975073	0.5156032	0.5598016	10.143349	1
18817	ADAM12	0.058486044	0.11860033	1.018695	5.862348	1
18833	MKI67	0.005672005	1.6794943	8.184825	44.55244	1
18846	EBF3	0.02265578	0.07924806	1.8019621	8.33525	1
18852	GLRX3	0.31210467	0.47677454	0.6111177	10.743629	1
18861	BNIP3	0.18895528	0.42214683	1.1592784	23.282055	1
18866	DPYSL4	0.057136584	0.11319901	0.9851258	5.1589756	1
18899	MTG1	0.21740961	0.30856845	0.50497884	5.0232005	1
18942	HRAS	0.13738687	0.2605277	0.9226965	11.13062	1
18948	PHRF1	0.08982018	0.17046991	0.9236464	7.0701585	1
18958	TALDO1	0.33407727	0.5621843	0.7506862	18.472805	1
18972	TSPAN4	0.14660317	0.24126455	0.7183138	6.7982907	1
18974	CHID1	0.26037985	0.3793469	0.54272634	6.8764167	1
19018	H19	0.5329642	1.2489204	1.2284157	44.55244	1
19019	IGF2	0.18371478	0.36501628	0.9901032	16.656715	1
19022	IGF2-AS	0.00954097	0.0427623	2.1524591	5.7264547	1
19034	KCNQ1OT1	1.83776	1.2921792	-0.508109	43.1545	1
19037	CDKN1C	1.094331	0.56223166	-0.9606878	44.55244	1
19041	NAP1L4	0.38588437	0.66252726	0.7796552	23.588959	1
19061	NUP98	0.09461783	0.19318709	1.0290372	9.497999	1
19067	RRM1	0.06533244	0.6158134	3.2346494	44.55244	1
19171	DCHS1	0.07392397	0.16647148	1.1700771	9.6200695	1
19174	MRPL17	0.16614306	0.35868403	1.1098216	20.646523	1
19184	ZNF215	0.0040853447	0.0295343	2.8238497	5.599879	1
19189	SYT9	0.0018550946	0.058071315	4.8949976	14.349404	1
19217	ST5	0.09976593	0.188979	0.92092466	7.7217207	1
19229	DENND5A	0.10839938	0.18515374	0.7718158	5.898863	1
19232	IPO7	0.26538414	0.42594382	0.68237627	11.403423	1
19236	WEE1	0.048462387	0.25288132	2.3811195	38.187008	1
19251	MRVI1	0.12938993	0.056704495	-1.1887628	7.421844	1
19316	NUCB2	0.23650523	0.50353116	1.0898857	28.709255	1
19331	SAAL1	0.055617977	0.12513116	1.1683788	7.5523267	1
19341	LDHA	0.46045098	1.226179	1.4128546	44.55244	1
19361	E2F8	1.3242243e-09	0.18723468	10.871384	44.55244	1
19363	NAV2	0.020352094	0.05665777	1.4725693	5.0743427	1
19398	LUZP2	0.0205836	0.062591925	1.5997925	5.511836	1
19406	FIBIN	0.053881835	0.2549072	2.239992	30.336702	1
19409	CCDC34	0.14310896	0.6653133	2.2161288	44.55244	1
19415	BDNF	0.038015556	0.12979297	1.7688715	12.485304	1
19418	KIF18A	0.005721704	0.3346093	5.845323	44.55244	1
19434	MPPED2	0.018402712	0.07003442	1.9223859	8.058498	1
19441	IMMP1L	0.12763578	0.21392217	0.74459755	6.4273314	1
19449	RCN1	0.28777006	0.6310951	1.1326684	38.717102	1
19457	QSER1	0.21697485	0.51082814	1.2349278	34.391747	1
19496	FJX1	0.08461734	0.30794474	1.8624107	31.802557	1
19518	LRRC4C	0.14307208	0.22987208	0.6837085	5.506389	1
19599	CKAP5	0.17110287	0.6097241	1.8326864	44.55244	1
19608	DDB2	0.03641107	0.1081927	1.5685301	10.253976	1
19618	PSMC3	0.38794377	0.75737196	0.96497315	39.48428	1
19627	C1QTNF4	0.010332973	0.042656522	2.0349944	5.1510296	1
19628	MTCH2	0.22708012	0.34113756	0.58693975	7.2031446	1
19706	SSRP1	0.3191857	0.64444065	1.0134236	34.999096	1
19714	TIMM10	0.17509426	0.30114424	0.7819781	9.644675	1
19723	TMX2	0.11955317	0.19986865	0.7409152	5.9771166	1
19753	FAM111B	0.0010152424	0.2613549	7.873061	44.55244	1
19755	FAM111A	0.13780981	0.4373675	1.6654507	44.251408	1
19803	CCDC86	0.016162667	0.06180483	1.9284881	7.6907926	1
19806	PRPF19	0.0994987	0.22455855	1.1735352	13.454277	1
19809	TMEM109	0.080380864	0.19342108	1.2657729	12.772724	1
19839	FEN1	0.03526821	0.3498715	3.3067122	44.55244	1
19840	FADS2	0.12274195	0.25669813	1.0638313	13.205512	1
19841	FADS1	0.18375784	0.38517988	1.067316	20.367323	1
19848	INCENP	0.026647963	0.23367324	3.127609	43.376347	1
19856	ASRGL1	0.006554437	0.047248464	2.8309293	8.41983	1
19875	UQCC3	0.15079708	0.30293927	1.0059397	14.740119	1
19878	BSCL2	0.08492022	0.17656541	1.0551417	8.946847	1
19880	HNRNPUL2	0.3145538	0.5145236	0.70975244	14.939761	1
19912	ATL3	0.10858196	0.17985205	0.7275001	5.235366	1
19916	SPINDOC	0.09077317	0.16712917	0.8799002	6.5688624	1
19920	COX8A	1.1419976	1.6540217	0.5343795	44.55244	1
19927	STIP1	0.23566784	0.4972658	1.0769403	27.736925	1
19936	PPP1R14B	0.8430034	1.2283583	0.54306734	30.671097	1
19973	ARL2	0.16855942	0.36441264	1.1118559	20.509195	1
19975	SAC3D1	0.0630039	0.25728208	2.0281105	31.430931	1
19977	CDCA5	0.006745068	0.30581272	5.481911	44.55244	1
19992	POLA2	0.0072827283	0.09248783	3.6485968	20.479233	1
20000	NEAT1	1.9972175	1.3993187	-0.51323605	44.55244	1
20030	CCDC85B	0.25454488	0.38272503	0.5881984	8.016125	1
20037	BANF1	0.852238	1.2496674	0.552162	34.050983	1
20053	CNIH2	0.0058696046	0.06365528	3.4168377	12.531072	1
20066	MRPL11	0.30713886	0.5283425	0.7823859	18.367538	1
20078	RBM14	0.052008428	0.15463093	1.5701729	14.277255	1
20117	NDUFV1	0.20855744	0.33690774	0.6916453	9.232198	1
20118	NUDT8	0.03346498	0.090342976	1.4300517	7.5680127	1
20161	CCND1	0.7344296	0.46961713	-0.6450285	16.694973	1
20190	DHCR7	0.023676515	0.06913005	1.5418612	6.2938046	1
20214	ANAPC15	0.11528024	0.2259528	0.97026366	10.107466	1
20273	POLD3	0.076883875	0.35125557	2.1903036	44.55244	1
20347	ALG8	0.062006693	0.14730899	1.2470038	9.622481	1
20372	DDIAS	0.007406133	0.08935301	3.5749884	19.031687	1
20389	TMEM126B	0.23568061	0.33427522	0.50402284	5.3603706	1
20393	SYTL2	0.13441911	0.07322701	-0.87539446	5.027959	1
20417	CTSC	0.40210208	0.6967453	0.79291785	23.345911	1
20448	SMCO4	0.042727962	0.112100296	1.3894515	8.653093	1
20449	CEP295	0.12046869	0.31287897	1.3762103	23.735025	1
20460	MRE11	0.09861226	0.23986761	1.2815386	16.681664	1
20469	AMOTL1	0.23212275	0.36106834	0.637162	8.593504	1
20483	CEP57	0.32710928	0.53071773	0.698003	15.107818	1
20530	PDGFD	0.25403297	0.15213455	-0.7392876	6.8504734	1
20540	GRIA4	1.101623	0.6558626	-0.748076	39.90679	1
20549	GUCY1A2	0.031518877	0.11239808	1.8310423	11.749681	1
20562	NPAT	0.08526651	0.17268254	1.0172154	8.25906	1
20565	POGLUT3	0.08274344	0.27752304	1.7446678	28.933704	1
20567	DDX10	0.08497469	0.15036988	0.82267284	5.229955	1
20573	RDX	0.4634951	0.93010145	1.0046779	44.55244	1
20626	NCAM1	0.0071120034	0.14510886	4.331586	30.0151	1
20635	ZW10	0.04568947	0.09475273	1.0506734	5.1403747	1
20638	USP28	0.07516326	0.14004461	0.8968986	5.7139015	1
20653	CADM1	0.3029626	0.6178487	1.0278714	30.885773	1
20680	PAFAH1B2	0.20012021	0.30302906	0.59834445	6.405744	1
20682	TAGLN	0.21927984	0.41597328	0.92340666	12.778418	1
20713	KMT2A	0.5875168	0.8458625	0.52571803	16.544973	1
20743	H2AFX	0.112199776	0.960381	3.096402	44.55244	1
20753	RNF26	0.04865729	0.13779016	1.4998295	12.03952	1
20774	OAF	0.031214876	0.13747457	2.1352937	17.166239	1
20789	MIR100HG	0.06259413	0.12602973	1.0085061	6.020316	1
20801	CLMP	0.0017863625	0.06495623	5.1080084	14.429978	1
20852	CCDC15	0.014995369	0.09379986	2.637017	15.038351	1
20863	STT3A	0.120883755	0.21269342	0.81464016	7.3734274	1
20864	CHEK1	0.03738661	0.41477746	3.4682379	44.55244	1
20891	ST3GAL4	0.02664271	0.06798429	1.3481764	5.2531056	1
20913	ARHGAP32	0.075114585	0.14256938	0.9235914	5.930719	1
20937	NTM	0.020146646	0.19382289	3.2597284	32.257793	1
20955	NCAPD3	0.09802295	0.37925422	1.950883	44.55244	1
20987	CCDC77	0.05149779	0.17444146	1.7581885	17.674305	1
20994	WNK1	0.3214058	0.46410266	0.5299101	8.308981	1
21029	NRIP2	0.12713349	0.03332948	-1.9282856	13.072794	1
21031	FOXM1	0.0031214028	0.3362663	6.7062	44.55244	1
21032	RHNO1	0.09420948	0.24006784	1.3485682	17.781715	1
21033	TULP3	0.12699635	0.21875091	0.7840257	7.049938	1
21057	RAD51AP1	0.007042084	0.4793809	6.0689845	44.55244	1
21094	MRPL51	0.81530446	1.3005171	0.67360854	44.55244	1
21095	NCAPD2	0.03894547	0.41060275	3.3948674	44.55244	1
21119	P3H3	0.07973664	0.15108636	0.921205	6.4294257	1
21121	CDCA3	0.0035386372	0.37166312	6.6748414	44.55244	1
21123	TPI1	1.0458963	1.6935998	0.6953004	44.55244	1
21127	ENO2	0.012307192	0.04475774	1.8541803	5.026877	1
21194	A2M	0.9136411	0.36773333	-1.3127334	44.55244	1
21238	MAGOHB	0.14805904	0.38680005	1.3848141	30.541279	1
21240	YBX3	0.30793783	0.48610646	0.6584616	12.172073	1
21279	GPR19	1.3242243e-09	0.02846793	8.158234	8.053338	1
21281	CDKN1B	0.07525484	0.221492	1.5561336	19.48781	1
21284	APOLD1	0.0037707556	0.04687431	3.6011848	10.331885	1
21290	HEBP1	0.16209158	0.25437358	0.6498169	6.0732355	1
21311	WBP11	0.33995584	0.56263626	0.7266874	17.543474	1
21317	MGP	2.2548242	1.0150149	-1.1514359	44.55244	1
21319	ARHGDIB	0.28566626	0.42342386	0.56760764	8.026743	1
21326	EPS8	0.14959301	0.24783984	0.7279833	7.017186	1
21329	DERA	0.0799581	0.18252262	1.1897461	10.8964815	1
21331	MGST1	0.109473206	0.22053939	1.0097953	9.895481	1
21341	RERGL	0.09345972	0.023129076	-2.009956	9.514202	1
21352	AC126468.1	0.07467401	0.027125495	-1.4575787	5.6987314	1
21355	PDE3A	0.54992026	0.24497692	-1.1662501	31.84121	1
21363	RECQL	0.24351837	0.4250928	0.8034942	14.861858	1
21364	GOLT1B	0.107834995	0.18216759	0.7558953	5.6685977	1
21370	KCNJ8	0.017653147	0.06429991	1.858984	7.1101933	1
21392	BCAT1	0.11762344	0.27046883	1.200594	16.80999	1
21401	KRAS	0.31192327	0.4416353	0.50152856	7.0988693	1
21411	RASSF8	0.08953111	0.17239137	0.94445276	7.502955	1
21421	ITPR2	0.02666006	0.082155965	1.620039	7.9678817	1
21445	KLHL42	0.15119638	0.23825131	0.6557122	5.6893206	1
21464	TMTC1	0.033125013	0.0840688	1.3410157	5.9022236	1
21477	DDX11	0.021350369	0.19698559	3.199748	38.78333	1
21479	SINHCAF	0.14183271	0.21971042	0.6310527	5.101319	1
21541	GXYLT1	0.11928874	0.3414581	1.5164642	29.61408	1
21608	TMEM106C	0.1039519	0.40021148	1.9438196	44.55244	1
21614	SENP1	0.09411449	0.16315877	0.7931397	5.418588	1
21624	ZNF641	0.15926614	0.07214863	-1.1413031	8.714397	1
21640	DDX23	0.15658131	0.28520128	0.864653	10.737728	1
21652	RHEBL1	0.008446983	0.042446688	2.3155599	6.4023027	1
21656	TUBA1B	1.0750444	3.1303174	1.5418245	44.55244	1
21657	AC011603.2	0.012421496	0.053697918	2.1031435	7.7172365	1
21659	TUBA1C	0.13835184	0.5770734	2.0596206	44.55244	1
21664	TROAP	0.004302255	0.27644458	5.9731255	44.55244	1
21688	RACGAP1	0.016536308	0.34492314	4.3742857	44.55244	1
21692	COX14	0.38864523	0.2683112	-0.53438014	6.6612225	1
21788	ESPL1	0.000946019	0.073405884	6.1348786	19.473938	1
21792	AAAS	0.061626922	0.11907374	0.9490946	5.316575	1
21807	CALCOCO1	0.23510373	0.116476	-1.0126401	10.596791	1
21834	CBX5	0.8100379	1.579234	0.9630769	44.55244	1
21881	GDF11	0.30780768	0.17001164	-0.85601586	10.67899	1
21891	CDK2	0.025257178	0.12154418	2.2622013	17.492706	1
21900	PA2G4	0.53111935	0.9840229	0.8895308	44.55244	1
21924	STAT2	0.2009845	0.12187769	-0.7211845	5.493625	1
21927	TIMELESS	0.036361504	0.21238548	2.5429182	34.836014	1
21934	PTGES3	0.8999697	1.6070483	0.8363944	44.55244	1
21936	PRIM1	0.018429855	0.2154189	3.539891	43.95038	1
21945	NEMP1	0.024202734	0.13814436	2.5080302	21.27124	1
21953	NDUFA4L2	0.21084623	0.078789376	-1.4189724	13.2725935	1
21979	CDK4	0.5088998	0.91975117	0.8537353	41.484253	1
22050	AC026124.1	0.21281756	0.12398663	-0.77894723	6.4022603	1
22055	HMGA2	0.3785092	0.9591725	1.3412313	44.55244	1
22057	HMGA2-AS1	0.031627752	0.07689458	1.2790116	5.314019	1
22068	CAND1	0.3962608	0.66723347	0.7515937	22.787752	1
22073	DYRK2	0.20883825	0.3198411	0.6147295	7.0005627	1
22087	NUP107	0.10087136	0.2984352	1.5639548	28.110523	1
22094	CPSF6	0.32578287	0.46827018	0.52329576	8.284827	1
22098	YEATS4	0.07661533	0.21706186	1.5011839	18.323969	1
22113	KCNMB4	0.1152705	0.3049453	1.4027491	22.434519	1
22122	LGR5	0.004108623	0.0599094	3.8337684	12.339875	1
22127	TMEM19	0.047515575	0.102232665	1.1037613	5.8074994	1
22134	TRHDE	0.3251321	0.19517128	-0.73598987	8.890721	1
22135	TRHDE-AS1	0.19804554	0.09732653	-1.0241739	8.54853	1
22173	E2F7	0.0017399284	0.108368814	5.881487	25.528465	1
22224	RASSF9	0.096296355	0.040048882	-1.2636187	5.849389	1
22226	MGAT4C	0.00678922	0.037666906	2.45471	5.8006287	1
22232	C12orf29	0.05336826	0.11222231	1.07089	5.8638964	1
22234	TMTC3	0.11096753	0.19190525	0.78970855	6.4012346	1
22239	DUSP6	0.14484347	0.2433482	0.7481245	6.9729285	1
22248	ATP2B1	0.7205762	1.3020779	0.85350335	44.55244	1
22262	LUM	0.071638614	0.72012115	3.3276181	44.55244	1
22263	DCN	0.012907969	0.1842337	3.8248522	33.210888	1
22287	UBE2N	0.36060932	0.54958236	0.6077616	12.506588	1
22315	SNRPF	0.67602503	1.0633681	0.6534148	33.619587	1
22329	NEDD1	0.1262421	0.20639786	0.7087913	5.7129393	1
22338	TMPO-AS1	0.004216752	0.056668937	3.7170837	11.974984	1
22339	TMPO	0.24397853	1.3392633	2.45613	44.55244	1
22341	IKBIP	0.25219756	0.59955084	1.2489965	43.70734	1
22342	APAF1	0.14140888	0.25599748	0.85580045	9.654151	1
22355	GAS2L3	0.017690256	0.27024946	3.925666	44.55244	1
22369	GNPTAB	0.3646542	0.18890949	-0.94846594	15.275651	1
22373	WASHC3	0.24087171	0.15514351	-0.63433075	5.3981123	1
22376	PARPBP	0.027772814	0.21625902	2.9564967	39.70085	1
22380	IGF1	0.51634735	0.14701238	-1.8117026	42.88034	1
22403	NFYB	0.13603288	0.31828117	1.2257394	20.444717	1
22406	TXNRD1	0.2321334	0.3657683	0.65574896	9.172531	1
22416	C12orf75	0.09165846	0.24123794	1.3951416	18.896984	1
22424	CKAP4	0.43326342	0.6591116	0.60516435	15.393792	1
22427	TCP11L2	0.055602487	0.008883664	-2.632366	8.116073	1
22458	CORO1C	0.12277801	0.21705972	0.82152975	7.7713223	1
22475	MMAB	0.118855275	0.23756589	0.9985156	11.199769	1
22476	MVK	0.021253502	0.084536895	1.986814	10.462997	1
22492	GPN3	0.08696228	0.22330043	1.3595122	16.33865	1
22525	PTPN11	0.23471692	0.33878055	0.52924037	5.9308367	1
22556	TBX3	0.5815779	0.24768099	-1.231155	35.348618	1
22599	RFC5	0.034734845	0.15055625	2.1126575	19.058708	1
22628	CIT	0.0020171488	0.22199471	6.7129087	44.55244	1
22695	BCL7A	0.08327332	0.15453859	0.8912427	6.104762	1
22709	KNTC1	0.013450085	0.20519476	3.921323	44.55244	1
22725	MPHOSPH9	0.07174019	0.2258125	1.6529009	22.455013	1
22726	C12orf65	0.087199196	0.2288209	1.3908089	17.469885	1
22727	CDK2AP1	0.46775985	0.7277505	0.6375658	19.161615	1
22731	KMT5A	0.14311075	0.3809928	1.4120026	30.745552	1
22732	RILPL2	0.1863298	0.06967943	-1.4177587	13.152366	1
22738	TMED2	0.35951006	0.50976473	0.5036813	8.450122	1
22765	BRI3BP	0.01263322	0.048563376	1.9342391	6.0267878	1
22837	RAN	1.0378869	1.840936	0.82672966	44.55244	1
22884	POLE	0.026645692	0.14229167	2.4124863	21.482681	1
22885	PXMP2	0.060682654	0.30985245	2.3503153	44.55244	1
22887	ANKLE2	0.20875153	0.3497882	0.7444162	10.920427	1
22919	PSPC1	0.19865587	0.30300376	0.6088142	6.400484	1
22940	SKA3	0.008102853	0.19726664	4.5886087	44.55244	1
22956	SACS	0.119846225	0.20631543	0.783163	6.817359	1
22978	CENPJ	0.054166824	0.38184965	2.81524	44.55244	1
22984	MTMR6	0.11758216	0.20171243	0.77811944	6.422871	1
22986	NUP58	0.1415064	0.2907979	1.0386262	14.71156	1
23007	GTF3A	0.25586334	0.4458257	0.8008661	15.774294	1
23027	SLC7A1	0.008034073	0.04243562	2.3866217	7.135018	1
23042	HMGB1	2.0754936	3.4171278	0.71930254	44.55244	1
23054	HSPH1	0.1982518	0.3742342	0.91626525	15.42497	1
23055	B3GLCT	0.063413434	0.124868356	0.97642916	5.759909	1
23062	BRCA2	0.013977482	0.31258252	4.4732375	44.55244	1
23081	RFC3	0.024268439	0.33981034	3.8020685	44.55244	1
23082	AL161891.1	0.010889053	0.06611015	2.5909853	11.1547985	1
23087	NBEA	0.15797018	0.0815011	-0.9539046	6.5513353	1
23099	SMAD9	0.12779598	0.27250606	1.0918466	14.108533	1
23102	EXOSC8	0.14749365	0.43437323	1.5576366	41.275978	1
23140	DGKH	0.36111584	0.24141	-0.5807781	7.0446215	1
23168	SERP2	0.07127572	0.012017606	-2.5583286	9.962661	1
23211	NUDT15	0.07303333	0.14001143	0.9379736	6.168413	1
23236	KPNA3	0.214059	0.30788264	0.5241666	5.2623525	1
23247	RNASEH2B	0.21276005	0.368995	0.794087	12.27007	1
23269	CKAP2	0.08143009	0.7285181	3.1597583	44.55244	1
23300	DIAPH3	0.004190314	0.5669515	7.0462527	44.55244	1
23342	MZT1	0.08038209	0.43381217	2.4306633	44.55244	1
23343	BORA	0.005149946	0.100165926	4.255385	22.10062	1
23357	TBC1D4	0.036364656	0.099425964	1.4485741	8.259395	1
23371	KCTD12	0.30234206	0.52176255	0.78701115	15.634366	1
23386	EDNRB	0.008820887	0.040119234	2.1726267	5.615549	1
23394	OBI1	0.1510292	0.23568662	0.64169943	5.532707	1
23407	SPRY2	0.44032356	0.6344717	0.52689165	10.982062	1
23414	SLITRK1	0.045954384	0.0056540207	-3.0006962	6.9992776	1
23426	SLITRK6	0.04561304	0.1394112	1.6097033	11.800436	1
23462	GPC6	0.17981479	0.31790048	0.8217151	10.54075	1
23495	IPO5	0.18175796	0.38439685	1.0801597	21.384632	1
23533	TMTC4	0.058275297	0.12145269	1.058152	6.267853	1
23550	TEX30	0.03595678	0.14931732	2.051005	19.066298	1
23568	EFNB2	1.1861321	0.43413997	-1.449822	44.55244	1
23569	AL138689.2	0.06507201	0.009794741	-2.7195187	9.684567	1
23578	FAM155A	0.016250124	0.0656655	2.0080292	8.382172	1
23605	COL4A1	2.0932899	1.4073203	-0.5727877	44.55244	1
23613	ING1	0.07629842	0.17754991	1.2174221	11.261092	1
23638	TUBGCP3	0.07257741	0.13718079	0.9175508	5.668445	1
23656	PCID2	0.13248585	0.23589726	0.8318433	8.47569	1
23668	TFDP1	0.11370075	0.24054416	1.0803914	12.622251	1
23726	CCNB1IP1	0.24951777	0.40538356	0.69992274	11.190708	1
23729	PARP2	0.06496422	0.22368628	1.7821853	24.352997	1
23733	OSGEP	0.12307082	0.22586784	0.87545687	8.708757	1
23736	PIP4P1	0.0677456	0.13507518	0.994503	6.4536443	1
23746	RNASE4	0.021545785	0.06601733	1.6109424	6.4627547	1
23778	SUPT16H	0.64558953	1.1202353	0.795018	44.55244	1
23934	PRMT5	0.0550852	0.1344863	1.2861782	9.296566	1
23936	HAUS4	0.060317375	0.16165939	1.420814	12.657072	1
23986	EMC9	0.06471741	0.21312256	1.7179068	21.296207	1
23988	PSME2	0.3733868	0.556456	0.5754698	11.745507	1
24059	G2E3	0.09928122	0.37041134	1.8984724	42.10996	1
24087	EGLN3	0.49273527	0.20669046	-1.2529358	30.615444	1
24089	SPTSSA	0.19784227	0.29003504	0.5516448	5.2474113	1
24095	BAZ1A	0.16189949	0.31958258	0.9806507	14.594407	1
24099	PPP2R3C	0.1563932	0.25519902	0.7060879	6.9750633	1
24101	PSMA6	0.53718466	0.809285	0.5911395	19.879341	1
24144	GEMIN2	0.049623348	0.10073502	1.0200014	5.056178	1
24157	LRFN5	0.14697298	0.2570425	0.80603576	8.471387	1
24177	FANCM	0.047529094	0.11897682	1.3219775	8.774794	1
24178	MIS18BP1	0.12518904	1.0706676	3.0953133	44.55244	1
24192	LRR1	0.019475669	0.22210044	3.5047283	44.55244	1
24198	POLE2	0.008312531	0.10896044	3.6964443	23.149895	1
24205	ARF6	0.19002385	0.33953637	0.8370514	12.239963	1
24219	NIN	0.21005334	0.31378195	0.5787796	6.2855206	1
24224	PYGL	0.21643831	0.10844005	-0.99639475	9.422763	1
24228	TRIM9	0.15044643	0.05396579	-1.4774206	10.989185	1
24247	NID2	0.14428894	0.25627187	0.8282776	8.9207945	1
24253	ERO1A	0.11476552	0.19343406	0.7526417	5.8883405	1
24272	CDKN3	0.009442057	0.5331681	5.8044167	44.55244	1
24280	WDHD1	0.013160742	0.22249521	4.069189	44.55244	1
24282	MAPK1IP1L	0.25994322	0.3707046	0.51190776	6.0899243	1
24284	DLGAP5	0.0030937528	0.8768176	8.101045	44.55244	1
24311	EXOC5	0.16834337	0.252513	0.5846652	5.236313	1
24322	PSMA3	0.45603734	0.66276103	0.5392382	12.920599	1
24331	KIAA0586	0.07860852	0.2760486	1.810853	29.764948	1
24334	DAAM1	0.17338306	0.32821167	0.92027116	12.872732	1
24382	SYNE2	0.19425838	0.84913564	2.1274457	44.55244	1
24386	MTHFD1	0.048314024	0.18812753	1.9589807	22.593176	1
24407	FUT8	0.05771139	0.22229096	1.9436725	25.742	1
24421	EIF2S1	0.19916481	0.34628382	0.79768455	11.791185	1
24440	ACTN1	0.3032326	0.49890712	0.7181598	13.86733	1
24448	ERH	1.0637449	1.5343661	0.528449	44.55244	1
24551	ACYP1	0.07132608	0.13479419	0.9173054	5.5441723	1
24559	FOS	1.7493274	0.73218006	-1.2564154	44.55244	1
24628	CEP128	0.011115988	0.17772846	3.9868577	39.60442	1
24632	GTF2A1	0.15457076	0.23722857	0.6176854	5.33044	1
24652	FLRT2	0.05015209	0.18237582	1.8604498	19.459846	1
24693	EFCAB11	0.06524629	0.15735634	1.2687745	10.8432665	1
24694	TDP1	0.027131056	0.098043084	1.8496337	11.433964	1
24712	RPS6KA5	0.1107394	0.20880969	0.91440856	8.024732	1
24728	CPSF2	0.1210497	0.20922363	0.7889443	7.051632	1
24785	GLRX5	0.5510513	0.8349461	0.5994073	21.050623	1
24811	VRK1	0.069643386	0.3213502	2.2044668	44.251408	1
24835	SETD3	0.10568756	0.1830526	0.7918762	6.1558375	1
24865	DLK1	0.035624918	0.53434855	3.9030485	44.55244	1
24866	MEG3	0.5407616	0.83654994	0.6293646	18.058075	1
24869	MEG8	0.10700748	0.265398	1.3096416	17.522018	1
24900	ANKRD9	0.043860644	0.16846122	1.9389882	18.99673	1
24930	XRCC3	0.002355023	0.044259958	4.1754494	10.274393	1
24954	SIVA1	0.4804491	0.94739014	0.9794271	44.55244	1
24956	AKT1	0.18048313	0.2960848	0.71383435	8.419204	1
24966	CDCA4	0.022470739	0.29354694	3.701557	44.55244	1
24974	BTBD6	0.058606226	0.12140145	1.049388	6.1368566	1
24981	CRIP1	0.23186785	0.120411396	-0.9447553	7.5821075	1
24982	TEDC1	0.011757876	0.07225697	2.6092863	11.992792	1
25215	NIPA2	0.14249438	0.23498805	0.72128403	6.7215567	1
25237	SNHG14	1.044686	0.70832986	-0.56051046	22.984425	1
25293	AC127502.2	0.02230935	0.0632885	1.5001205	5.592447	1
25300	AC091057.6	0.0012673341	0.08840888	6.0163846	23.248661	1
25319	ARHGAP11A	0.0027441392	0.37591958	7.046672	44.55244	1
25324	GREM1	1.3242243e-09	0.029860351	8.2268915	7.8417034	1
25350	ACTC1	0.008553114	0.042881746	2.312433	6.487635	1
25374	SPRED1	0.4965877	0.3399307	-0.54667395	8.987102	1
25403	BMF	0.107162155	0.026115848	-2.0326302	11.8130455	1
25405	BUB1B	0.0010211628	0.44326624	8.627359	44.55244	1
25420	KNSTRN	0.04586086	0.27997452	2.607333	43.438496	1
25429	KNL1	0.009461854	0.6373618	6.0589046	44.55244	1
25432	RAD51	0.0029547585	0.14110309	5.5305696	35.535355	1
25455	OIP5	0.0010817123	0.11916256	6.657119	29.793514	1
25456	NUSAP1	0.0075306874	1.3172181	7.431575	44.55244	1
25490	HAUS2	0.05213783	0.12783611	1.2922566	8.730867	1
25526	WDR76	0.005136153	0.18230943	5.1225295	42.21398	1
25531	CTDSPL2	0.17284372	0.31809118	0.8795911	12.582631	1
25567	BLOC1S6	0.21839339	0.33863428	0.6325643	7.8510156	1
25592	DUT	0.42513233	1.4565464	1.7763276	44.55244	1
25593	FBN1	0.32447255	0.5532512	0.7696546	18.300604	1
25598	CEP152	0.029459225	0.2215693	2.9067285	40.008644	1
25612	FGF7	0.011974556	0.050390907	2.0640535	6.2183747	1
25618	GABPB1	0.067497924	0.15292048	1.178674	8.9486065	1
25653	LEO1	0.24851814	0.35495803	0.51412326	5.793949	1
25654	MAPK6	0.1305342	0.22657557	0.7950963	7.53857	1
25686	CCPG1	0.27311715	0.17386931	-0.65121514	6.3081365	1
25693	PRTG	0.062065337	0.13544008	1.1245372	7.4536276	1
25701	MNS1	0.05080975	0.13683711	1.4274995	10.72823	1
25712	CGNL1	0.015081266	0.0663164	2.1292474	8.302157	1
25739	CCNB2	0.007086003	0.6432382	6.484244	44.55244	1
25742	MYO1E	0.21948014	0.10904243	-1.0085355	9.855884	1
25748	GTF2A2	0.44005808	0.6240755	0.50393003	10.845323	1
25756	ANXA2	0.36050624	0.5342926	0.5674757	10.027341	1
25814	PCLAF	0.039692108	1.4267194	5.1641765	44.55244	1
25823	PIF1	0.0021197407	0.22923303	6.6909094	44.55244	1
25841	IGDCC3	0.083032966	0.5656911	2.766777	44.55244	1
25844	HACD3	0.48241153	0.7620544	0.65952	21.962566	1
25855	TIPIN	0.037805773	0.117540956	1.6339009	11.279669	1
25860	ZWILCH	0.042463176	0.17883751	2.071778	22.89619	1
25881	CALML4	0.01533206	0.0506827	1.7184066	5.641479	1
25882	CLN6	0.05093875	0.13430162	1.3968855	10.561151	1
25902	KIF23	0.001879709	0.4664897	7.880722	44.55244	1
25916	UACA	0.35439786	0.70935935	1.0009432	31.297035	1
25923	THAP10	0.004377042	0.031185618	2.8048818	5.7402315	1
25936	PKM	0.43101695	1.0344162	1.2628051	44.55244	1
25955	NEO1	0.40605503	0.27637264	-0.5548938	7.2150273	1
25989	UBL7-AS1	0.04584859	0.16900836	1.8798554	19.231947	1
26014	COMMD4	0.2499264	0.500345	1.001131	25.216131	1
26075	CRABP1	0.08939332	0.43871313	2.2937548	44.55244	1
26080	CHRNA5	0.0020293372	0.024696719	3.5416727	5.782996	1
26119	MESD	0.4544647	0.6864591	0.5948984	15.968208	1
26122	TLNRD1	0.08292486	0.25125363	1.5981032	23.628113	1
26169	ADAMTSL3	0.0030895348	0.07615889	4.5794873	16.663795	1
26220	ACAN	0.0036288735	0.03836441	3.3667126	7.5949416	1
26227	FANCI	0.00835013	0.3605091	5.4153185	44.55244	1
26236	TICRR	0.0010961241	0.08866694	6.2135835	23.981123	1
26251	IDH2	0.2716265	0.6455061	1.248499	44.55244	1
26269	BLM	0.012103994	0.29437572	4.5927234	44.55244	1
26280	PRC1	0.013136845	0.87534124	6.047379	44.55244	1
26281	PRC1-AS1	1.3242243e-09	0.025252929	7.9859896	6.733044	1
26291	SLCO3A1	0.6130398	0.2845084	-1.1072378	31.804073	1
26416	SNRPA1	0.22235852	0.6046156	1.4427205	44.55244	1
26432	POLR3K	0.07192559	0.15896432	1.1430287	9.234538	1
26433	SNRNP25	0.22660506	0.40996924	0.85505086	15.496391	1
26453	NME4	0.76123273	1.0831687	0.50879216	22.819962	1
26465	METTL26	0.29376003	0.45139703	0.6195874	10.260283	1
26468	WDR90	0.017219156	0.05305092	1.6177261	5.2935467	1
26479	METRN	0.22226897	0.37918225	0.77031624	11.991495	1
26487	CHTF18	0.026849074	0.108937725	2.0165198	13.665965	1
26517	UBE2I	0.6425964	0.9676116	0.59043974	25.5047	1
26536	TMEM204	0.28885084	0.19414932	-0.5729144	5.3938794	1
26541	JPT2	0.06093892	0.18090418	1.5682216	16.31029	1
26550	NUBP2	0.14536528	0.2707546	0.8968437	10.805882	1
26588	PGP	0.19229615	0.54800534	1.5103732	44.55244	1
26593	ECI1	0.14966333	0.26514965	0.8246664	9.378354	1
26595	RNPS1	0.37873375	0.6633235	0.80836535	25.245272	1
26598	CCNF	0.0070246076	0.17342477	4.6061873	41.898262	1
26602	TEDC2	0.019063303	0.08569034	2.1624691	11.346353	1
26636	PKMYT1	0.0010789755	0.14456798	6.9390683	38.018715	1
26637	PAQR4	0.010684486	0.07681035	2.8342204	13.751992	1
26696	PAM16	0.14837624	0.26286697	0.8246494	9.153403	1
26754	CARHSP1	0.40814063	0.7366432	0.8517422	31.135353	1
26770	GRIN2A	0.08052881	0.010212886	-2.9668474	12.399689	1
26778	EMP2	0.09172273	0.381799	2.056268	44.55244	1
26793	RMI2	0.016307939	0.15420654	3.2333333	28.824337	1
26794	SOCS1	0.097869284	0.17795838	0.8619489	6.379293	1
26804	LITAF	0.2951136	0.5627238	0.93092436	24.903128	1
26868	NDE1	0.047670104	0.22385195	2.2290094	29.523876	1
26870	AC026401.3	0.00608474	0.06622695	3.4228106	13.81366	1
26902	ARL6IP1	0.4088658	1.2484692	1.6102238	44.55244	1
26925	CCP110	0.067814216	0.20930254	1.6244934	19.829317	1
26928	KNOP1	0.37241942	0.5769683	0.6314265	13.96425	1
26948	ERI2	0.024114406	0.070896186	1.551876	6.7030573	1
26951	LYRM1	0.021187961	0.073835306	1.7962257	7.950721	1
26981	CDR2	0.054049306	0.1583013	1.5485693	13.910946	1
26991	USP31	0.012747218	0.045966126	1.8422503	5.5384984	1
27008	PLK1	0.006383228	0.27528524	5.408595	44.55244	1
27033	HS3ST4	0.0030972722	0.031503864	3.3051875	6.6703143	1
27056	XPO6	0.0661888	0.14164662	1.0964774	7.7639585	1
27067	NUPR1	0.07173704	0.19574	1.4468756	14.451821	1
27087	NFATC2IP	0.13621067	0.2497418	0.87411636	9.758804	1
27108	KIF22	0.050275713	0.37302908	2.8888745	44.55244	1
27110	MAZ	0.3664482	0.6178394	0.75346255	20.676962	1
27114	PAGR1	0.17154163	0.28613138	0.7377823	8.328662	1
27124	HIRIP3	0.05485024	0.3573131	2.7013948	44.55244	1
27125	INO80E	0.06926255	0.12936474	0.9003305	5.4577775	1
27154	DCTPP1	0.14503887	0.27607718	0.9281601	11.545579	1
27179	BCL7C	0.46452698	0.69975907	0.5909915	16.31052	1
27185	ORAI3	0.17657426	0.09248422	-0.93225366	7.1956434	1
27197	VKORC1	0.35826528	0.5759024	0.6846441	16.238375	1
27298	SHCBP1	0.0010812494	0.23155375	7.615513	44.55244	1
27302	ORC6	0.052012164	0.64348817	3.6264458	44.55244	1
27417	CRNDE	0.07630514	0.25607127	1.7453669	25.747715	1
27438	GNAO1	0.00842121	0.03927231	2.2080512	5.4960675	1
27445	NUDT21	0.20115733	0.3811801	0.9218099	16.383307	1
27446	OGFOD1	0.07516001	0.14823118	0.9788664	6.7154484	1
27462	NUP93	0.06853218	0.13945967	1.0239251	7.0165415	1
27472	FAM192A	0.17679214	0.27073422	0.61454004	5.9955235	1
27485	DOK4	0.07358646	0.14303349	0.9578899	6.343881	1
27509	GINS3	0.012126644	0.07855807	2.6855664	13.586949	1
27515	CNOT1	0.16749485	0.27884763	0.73501647	8.193969	1
27554	CKLF	0.22570987	0.3428946	0.6030773	7.324208	1
27567	NAE1	0.17791441	0.39787677	1.1606901	24.060242	1
27577	CBFB	0.18634716	0.34434184	0.8854935	13.272619	1
27597	HSD11B2	0.24452917	0.144825	-0.7552899	6.6962175	1
27609	CTCF	0.32527712	0.5623571	0.7896305	20.264986	1
27665	SNTB2	0.08507532	0.14882036	0.8060336	5.1562176	1
27667	VPS4A	0.13967167	0.25145695	0.84781295	9.294244	1
27670	NIP7	0.115803264	0.20095438	0.79466456	6.569411	1
27673	CYB5B	0.1877096	0.3297368	0.8124815	11.350773	1
27687	EXOSC6	0.118306965	0.33276778	1.4911952	29.332191	1
27697	SF3B3	0.14585532	0.2634121	0.85234225	9.872716	1
27740	LINC01572	0.013802151	0.052547168	1.9210478	6.437763	1
27758	PSMD7	0.49903765	0.7477506	0.58331233	17.446142	1
27766	RFWD3	0.045486428	0.1314529	1.5289668	11.470115	1
27853	CMC2	0.1781518	0.5001108	1.4886196	44.55244	1
27854	CENPN	0.018565599	0.34663516	4.2153807	44.55244	1
27856	AC092718.4	0.0032148242	0.059364125	4.165015	14.050746	1
27878	CDH13	0.008985831	0.09798579	3.4323537	18.685795	1
27911	COTL1	0.3383726	0.49327624	0.54364926	9.091573	1
27916	CRISPLD2	0.0053516016	0.047144048	3.1153805	8.801198	1
27925	GSE1	0.14009838	0.2442331	0.8013797	8.0615835	1
27932	GINS2	0.0220037	0.48140392	4.4451876	44.55244	1
27937	EMC8	0.13852027	0.2263063	0.70777583	6.2903895	1
28019	PIEZO1	0.02214264	0.06095254	1.4567233	5.2598667	1
28024	CDT1	0.0037407356	0.2676569	6.1233974	44.55244	1
28056	SPATA33	0.05304143	0.13506944	1.34686	9.836317	1
28064	FANCA	0.015221108	0.13067862	3.0935342	24.351261	1
28092	RFLNB	0.13685584	0.26100972	0.9309453	10.599611	1
28097	TLCD3A	0.03666187	0.08193269	1.1579888	5.0940356	1
28099	GLOD4	0.26686615	0.46772704	0.8093184	16.887592	1
28132	RPA1	0.12893082	0.2928953	1.1831616	18.052895	1
28142	HIC1	0.076436356	0.14357248	0.9085666	5.4246707	1
28143	SMG6	0.16655162	0.25154784	0.59457076	5.188353	1
28149	TSR1	0.0952181	0.19421841	1.0276005	9.67227	1
28189	ITGAE	0.21084389	0.3972896	0.91369474	17.033543	1
28191	HASPIN	0.001006134	0.033836663	4.9392467	8.767584	1
28214	PELP1	0.1273632	0.21749054	0.771535	6.966398	1
28217	ARRB2	0.020102607	0.05721312	1.5043241	5.1674376	1
28232	SLC25A11	0.19365728	0.32758576	0.75806236	10.1569	1
28260	C1QBP	0.44720536	0.7265087	0.69991857	22.153055	1
28261	DHX33	0.046785433	0.097527154	1.0581427	5.108181	1
28273	PIMREG	1.3242243e-09	0.30696332	11.584301	44.55244	1
28277	TXNDC17	0.5542486	0.7898241	0.5109207	14.809873	1
28300	DVL2	0.083530866	0.15090613	0.8524997	5.759136	1
28304	ELP5	0.3005853	0.49938175	0.7321777	15.380622	1
28309	EIF5A	0.562247	0.9233591	0.71558744	31.495771	1
28310	GPS2	0.25441143	0.38371667	0.59268695	7.912915	1
28318	TMEM256	0.25859258	0.37563083	0.53846085	6.6321106	1
28343	ATP1B2	0.30504334	0.11450852	-1.4127728	21.814404	1
28356	CNTROB	0.027425917	0.07922781	1.5270362	7.0864515	1
28366	TMEM107	0.11254359	0.18860027	0.7443313	5.6886516	1
28369	AURKB	0.007221633	0.57321465	6.291018	44.55244	1
28412	GAS7	0.019381985	0.06463691	1.7324479	6.755259	1
28455	HS3ST3A1	0.06376749	0.021878757	-1.5389721	5.192289	1
28463	HS3ST3B1	0.06430812	0.01428443	-2.1627347	7.723292	1
28501	CENPV	0.05626672	0.25092113	2.1548932	31.117962	1
28531	COPS3	0.22734487	0.43474117	0.9349716	19.739784	1
28558	TOP3A	0.06906285	0.17535505	1.3430322	12.889967	1
28560	SHMT1	0.018553462	0.07584308	2.0254753	9.6831045	1
28581	AC007952.4	0.019458484	0.062666	1.6821887	6.559092	1
28595	MFAP4	0.0685324	0.237329	1.7905345	22.845116	1
28676	TMEM97	0.13139372	0.5013142	1.931009	44.55244	1
28695	SPAG5	0.0022391994	0.1983634	6.4067144	44.55244	1
28777	ATAD5	0.048292406	0.43311992	3.162247	44.55244	1
28804	SUZ12	0.29455733	0.49826205	0.7581561	16.164413	1
28820	PSMD11	0.33036244	0.5466153	0.7263035	17.001566	1
28831	TMEM98	0.24658497	0.44375274	0.8474112	16.651909	1
28833	ASIC2	0.00131758	0.03460408	4.613603	8.320263	1
28869	RAD51D	0.015740559	0.074726544	2.239927	10.616991	1
28876	SLFN5	0.4173426	0.23485757	-0.82917744	14.154458	1
28893	TAF15	0.33258194	0.5161867	0.6340291	12.483653	1
28929	MYO19	0.02536934	0.08389429	1.7215297	8.874895	1
28945	ACACA	0.039251845	0.08557194	1.1223913	5.0342264	1
28979	PSMB3	0.5333532	0.81991917	0.6202959	21.626595	1
28991	PLXDC1	0.76545274	0.43017477	-0.8312436	28.125257	1
29030	CDC6	0.0049538356	0.23127653	5.51672	44.55244	1
29036	TOP2A	0.013187878	1.7883679	7.0724697	44.55244	1
29112	KRT17	0.00786403	0.044399675	2.4822242	6.8090806	1
29123	ACLY	0.14958216	0.2516936	0.75033927	7.6883173	1
29146	ATP6V0A1	0.13970126	0.07554269	-0.88610476	5.287323	1
29154	PSMC3IP	0.024484769	0.2019222	3.038677	36.718704	1
29157	TUBG1	0.07941047	0.22166784	1.4798334	19.013594	1
29159	PLEKHH3	0.48270842	0.268297	-0.8470824	17.29347	1
29160	CCR10	0.15552336	0.044581156	-1.8003201	14.5162735	1
29161	AC100793.2	0.2896929	0.12098172	-1.2590411	17.404507	1
29162	CNTNAP1	0.12283587	0.06319571	-0.9577261	5.1925178	1
29167	RAMP2	0.3777526	0.6860049	0.86060566	26.790583	1
29173	PSME3	0.0846924	0.15449151	0.8664541	6.0815783	1
29185	BRCA1	0.01536197	0.35386488	4.51681	44.55244	1
29195	ETV4	0.027691713	0.10144308	1.8693653	11.2851515	1
29196	MEOX1	0.0022133177	0.024979312	3.4384625	5.0837526	1
29217	C17orf53	1.3242243e-09	0.043869127	8.780328	12.347221	1
29236	FZD2	0.09521345	0.16442822	0.7875833	5.380009	1
29241	DBF4B	0.011488134	0.07606328	2.7164474	13.585816	1
29245	GJC1	0.120330006	0.30649897	1.3481579	23.209316	1
29251	KIF18B	0.0022258512	0.15234786	6.0344133	38.11196	1
29253	C1QL1	0.0019600089	0.06360833	4.95076	13.783661	1
29303	CDC27	0.21375036	0.37378886	0.8060078	12.920961	1
29314	KPNB1	0.582578	1.096227	0.91190743	44.55244	1
29332	CDK5RAP3	0.12137609	0.19424932	0.6779797	5.1213846	1
29339	CBX1	0.54263216	1.1453074	1.0775485	44.55244	1
29358	HOXB9	0.08580747	0.15433982	0.84618926	5.6273046	1
29360	AC103702.2	0.08898428	0.20630847	1.2122593	12.4427395	1
29363	PRAC2	0.02808081	0.07690918	1.4503174	6.1565256	1
29368	ATP5MC1	0.3892291	0.57825184	0.57095736	11.974025	1
29374	IGF2BP1	0.430968	0.7739134	0.84444314	33.248398	1
29388	NGFR	0.0057144463	0.04252385	2.8739474	7.71348	1
29406	ITGA3	0.14669871	0.07473068	-0.9721375	6.4641085	1
29417	COL1A1	0.8817217	1.7061085	0.95223504	44.55244	1
29424	EME1	0.0057115154	0.11279399	4.2799106	25.381907	1
29425	LRRC59	0.16267109	0.32044637	0.9776885	14.766373	1
29455	NME1	0.28784326	0.6462218	1.1664683	41.20923	1
29459	UTP18	0.10545007	0.18187459	0.78580946	5.986315	1
29464	CA10	0.112382896	0.022429923	-2.3197913	13.741995	1
29475	HLF	0.061190244	0.017024426	-1.8396018	5.7714615	1
29480	TMEM100	0.0072908746	0.0646595	3.131275	11.596309	1
29511	SRSF1	0.31282833	0.5372494	0.7800283	18.136003	1
29514	DYNLL2	0.14095958	0.2216899	0.6528891	5.26898	1
29532	SEPTIN4	0.44104373	0.18551202	-1.2489586	26.42484	1
29541	SKA2	0.23037456	0.7615753	1.7245686	44.55244	1
29542	PRR11	0.009568476	0.39545122	5.354432	44.55244	1
29546	YPEL2	0.17956758	0.059437092	-1.5934694	14.98991	1
29571	PPM1D	0.034766547	0.08700856	1.3209709	6.2760572	1
29585	BRIP1	0.008639151	0.2002353	4.5187798	44.55244	1
29595	MRC2	0.8597299	0.59466076	-0.5317418	16.971365	1
29612	DCAF7	0.35526258	0.54172266	0.60852903	12.166844	1
29620	PSMC5	0.42601356	0.6611811	0.63402575	17.001425	1
29649	RGS9	0.03634704	0.08688734	1.2550038	5.959913	1
29667	PITPNC1	0.22864854	0.083692536	-1.4488689	16.575449	1
29670	NOL11	0.12086913	0.21164843	0.8077124	7.160942	1
29674	KPNA2	0.16145113	1.055909	2.7085593	44.55244	1
29733	CDC42EP4	0.059656166	0.11502513	0.9460433	5.060663	1
29755	GPRC5C	0.22698785	0.11094882	-1.0320565	10.377111	1
29785	JPT1	0.26221737	1.1241145	2.0995324	44.55244	1
29789	NUP85	0.048516292	0.112062216	1.206075	7.3020186	1
29807	SAP30BP	0.18281649	0.2729884	0.5781829	5.539849	1
29821	MRPL38	0.1297652	0.20792983	0.6797756	5.3632445	1
29834	RNF157	0.0234164	0.08419699	1.8418139	9.425239	1
29835	UBALD2	0.116143756	0.2619249	1.1725506	15.679587	1
29837	PRPSAP1	0.1834015	0.2718971	0.56779945	5.240308	1
29847	SNHG16	0.5327819	0.76986516	0.5309773	15.355723	1
29858	SRSF2	0.47095564	1.0571781	1.1663857	44.55244	1
29888	TK1	0.005759517	0.43679598	6.220364	44.55244	1
29890	BIRC5	0.004517851	0.71315175	7.271046	44.55244	1
29909	CANT1	0.11897762	0.19956824	0.7457025	6.0747437	1
29918	CBX2	0.02119614	0.06069979	1.5134745	5.4699283	1
29932	EIF4A3	0.21728869	0.39848682	0.8746171	15.719525	1
29964	NDUFAF8	0.2540385	0.40180564	0.6612418	10.2900095	1
29985	CCDC137	0.049572874	0.11772824	1.2461551	7.7748017	1
29986	ARL16	0.23607379	0.37113044	0.652466	9.213627	1
29990	MRPL12	0.12512985	0.25522605	1.027762	12.805356	1
29991	SLC25A10	0.008326505	0.038219772	2.1850827	5.5669665	1
29995	P4HB	0.5459021	0.8508097	0.6400996	23.779491	1
29998	ARHGDIA	0.3650615	0.6266868	0.7794402	22.208988	1
30001	ALYREF	0.19219781	0.5199897	1.4354182	44.55244	1
30002	ANAPC11	0.7171048	1.2478746	0.7991315	44.55244	1
30009	PYCR1	0.037088677	0.09518589	1.3573991	7.15223	1
30016	CENPX	0.15691745	0.5871342	1.9030111	44.55244	1
30017	LRRC45	0.011101297	0.047260877	2.0800302	6.5788765	1
30018	RAC3	0.110960886	0.32828343	1.5640305	30.526426	1
30019	DCXR	0.11765312	0.26327983	1.1613795	15.553949	1
30029	SLC16A3	0.010519821	0.06123778	2.5300167	9.68189	1
30047	NARF	0.17732897	0.27660942	0.6411301	6.377628	1
30057	FN3KRP	0.070078045	0.19924949	1.5062083	16.958656	1
30061	TBCD	0.041881777	0.09548874	1.1870774	6.242316	1
30076	USP14	0.41301703	0.6209298	0.58811194	13.95641	1
30085	TYMSOS	0.005102662	0.09301344	4.161668	20.67548	1
30088	TYMS	0.03823669	1.318622	5.104271	44.55244	1
30089	ENOSF1	0.08571256	0.20133644	1.231064	12.881385	1
30108	METTL4	0.05254412	0.11352446	1.1099292	6.315631	1
30110	NDC80	0.014254367	0.5859803	5.3515368	44.55244	1
30111	SMCHD1	0.33025178	0.6613309	1.0015874	35.56694	1
30148	EPB41L3	0.0148263555	0.08769355	2.5562532	13.669354	1
30155	L3MBTL4	0.11552536	0.007991874	-3.8368402	20.278824	1
30197	RALBP1	0.36533043	0.53780085	0.55774355	10.5005045	1
30221	PIEZO2	1.3503386	0.7720049	-0.80655915	44.55244	1
30250	TUBB6	0.16943444	0.65184057	1.9431621	44.55244	1
30257	CEP76	0.018829234	0.0633043	1.7439647	6.913605	1
30264	CEP192	0.08450684	0.26235703	1.633235	25.080011	1
30284	ZNF519	0.025901966	0.17966643	2.789431	30.862358	1
30308	SNRPD1	0.6337288	1.2688758	1.0014994	44.55244	1
30309	ABHD3	0.0169193	0.06369936	1.9063703	7.69664	1
30318	GATA6	0.010770997	0.05107692	2.2350092	7.3882895	1
30326	RBBP8	0.04788591	0.23698801	2.30474	34.1987	1
30343	OSBPL1A	0.578763	0.2930559	-0.9815541	26.290512	1
30379	CDH2	0.26049408	0.511958	0.974503	22.56208	1
30469	MIR924HG	0.008318678	0.077300735	3.2006817	14.957661	1
30485	SYT4	0.0030939064	0.052368235	4.03805	9.38321	1
30489	SETBP1	0.12654707	0.21149951	0.7405227	6.1932483	1
30504	HAUS1	0.15330929	0.33852828	1.1423165	19.767473	1
30506	RNF165	0.009047241	0.03965232	2.1196306	5.7371707	1
30521	IER3IP1	0.25155607	0.50919217	1.0170403	26.544136	1
30555	CXXC1	0.060447305	0.12301153	1.0238311	6.142304	1
30557	SKA1	0.0010038349	0.1663718	7.2366095	43.77429	1
30576	C18orf54	0.029525872	0.16649273	2.491396	26.303782	1
30609	ONECUT2	0.0010099754	0.030671176	4.79298	6.0350895	1
30641	LMAN1	0.44412908	0.6580608	0.5671363	13.890923	1
30662	RNF152	0.010619469	0.04416131	2.0458128	5.8857694	1
30697	LINC01916	0.11191236	0.19516951	0.8018087	5.8174996	1
30704	DSEL	0.18585013	0.27991802	0.5906038	5.482786	1
30727	RTTN	0.026246563	0.07469639	1.505354	6.7329197	1
30752	TIMM21	0.04751406	0.11119214	1.2248921	7.5039635	1
30754	CYB5A	0.21097906	0.34172168	0.6954604	9.326362	1
30846	RBFA	0.11647468	0.19003145	0.7057427	5.2516246	1
30848	ADNP2	0.113896586	0.19395205	0.767453	6.199925	1
30879	RNF126	0.085074216	0.16895606	0.989013	7.782877	1
30887	PTBP1	0.25394925	0.46847934	0.88318515	19.17503	1
30907	POLR2E	0.29052126	0.45277894	0.63998514	11.201527	1
30926	DAZAP1	0.18797606	0.39684606	1.0776266	21.600271	1
30937	MEX3D	0.121322505	0.2250854	0.8910774	8.592544	1
30940	TCF3	0.20028074	0.3267831	0.70603085	9.028811	1
30965	PLEKHJ1	0.21925408	0.49339563	1.1697758	31.101269	1
30966	SF3A2	0.113084204	0.21048903	0.8957577	8.3459015	1
30974	LSM7	0.6175374	0.9310674	0.59228045	24.223812	1
30978	LMNB2	0.08062299	0.46381757	2.522817	44.55244	1
30991	THOP1	0.025021123	0.08506965	1.7614385	9.016306	1
31001	TLE2	0.0031491849	0.040734295	3.6516316	8.638881	1
31003	TLE5	0.55871683	0.8296584	0.57031584	19.069405	1
31022	HMG20B	0.23775423	0.3966497	0.7381513	12.022425	1
31058	SH3GL1	0.22091171	0.34740388	0.65290624	8.498467	1
31060	CHAF1A	0.02844972	0.40069208	3.8113055	44.55244	1
31071	TNFAIP8L1	0.055858772	0.15209149	1.4434515	11.922041	1
31083	PLIN3	0.23354664	0.4494073	0.9440162	19.728745	1
31085	UHRF1	0.028666504	0.24690259	3.1020644	44.55244	1
31092	SAFB2	0.20039886	0.30612636	0.6110043	6.640447	1
31126	KHSRP	0.3075636	0.4752806	0.62772936	11.251193	1
31190	ELAVL1	0.30751443	0.47779822	0.6355803	11.617816	1
31197	CD320	0.08767783	0.23228322	1.4045775	17.873447	1
31206	HNRNPM	0.7307051	1.1590807	0.66554695	40.236637	1
31252	PIN1	0.3521739	0.59746933	0.7624086	20.291649	1
31253	OLFM2	0.015732529	0.10360371	2.711504	17.619064	1
31263	DNMT1	0.39379862	1.049673	1.4141812	44.55244	1
31265	MRPL4	0.21105328	0.3134484	0.5703974	6.242936	1
31274	RAVER1	0.03855742	0.09878978	1.3550761	7.3531637	1
31282	S1PR5	0.045636255	0.13319291	1.5431899	11.701149	1
31285	CDKN2D	0.09493149	0.22570011	1.2485687	14.286579	1
31289	ILF3	0.52405137	0.8884469	0.7614645	33.832203	1
31297	SMARCA4	0.40001246	0.64285	0.684301	18.796377	1
31299	LDLR	0.12668508	0.2650461	1.0644023	13.813823	1
31300	SPC24	0.0050957543	0.24834494	5.579449	44.55244	1
31316	RGL3	0.049990334	0.014060133	-1.8226974	5.0097175	1
31318	PRKCSH	0.2773044	0.39222154	0.50004584	6.3389425	1
31322	CNN1	0.0048396215	0.049815774	3.3370235	11.066382	1
31362	DHPS	0.12805493	0.25539184	0.99538803	11.980563	1
31374	JUNB	0.92550266	0.54962325	-0.75168747	29.710705	1
31378	RNASEH2A	0.0035324835	0.026973518	2.897854	5.4456534	1
31391	RAD23A	0.41545486	0.5993625	0.52863055	11.180464	1
31413	AC020916.1	0.32931805	0.15404958	-1.0955887	16.597544	1
31415	C19orf57	0.009394388	0.04765924	2.3306332	6.9752316	1
31418	DCAF15	0.079231285	0.14509651	0.872045	5.688336	1
31427	SAMD1	0.31472012	0.58415693	0.8920753	24.63361	1
31430	ASF1B	0.0012388207	0.14922383	6.8013377	38.57712	1
31440	DDX39A	0.09270082	0.30767462	1.7296647	31.335217	1
31446	TECR	0.20217586	0.31372046	0.6336152	7.3384924	1
31462	ILVBL	0.105201684	0.2029774	0.94750124	8.759144	1
31495	RAB8A	0.35332847	0.6315115	0.83761925	25.62728	1
31531	HAUS8	0.016667865	0.18636917	3.475166	37.880802	1
31553	BST2	0.7603601	0.46758825	-0.7013254	20.403078	1
31566	COLGALT1	0.049825836	0.14363123	1.5255151	12.835019	1
31592	LSM4	0.45521256	1.0649254	1.2259587	44.55244	1
31593	PGPEP1	0.14072648	0.07001116	-1.0062026	6.411144	1
31596	SSBP4	0.32778755	0.5300264	0.6931353	14.672738	1
31628	NR2C2AP	0.010411972	0.07813758	2.8958285	13.574541	1
31634	GATAD2A	0.18409634	0.2759447	0.5836575	5.7048774	1
31654	ZNF93	0.032958552	0.21824768	2.7235317	36.86325	1
31655	ZNF682	0.04337384	0.101248026	1.2210984	6.5942817	1
31656	ZNF90	0.012152352	0.09554808	2.9646773	17.809715	1
31657	AC011447.3	0.01734952	0.13298392	2.931077	23.661274	1
31664	ZNF66	0.023371018	0.103822395	2.1465542	14.195793	1
31665	ZNF85	0.04188306	0.11297395	1.4293873	8.8443	1
31667	ZNF430	0.1027463	0.17505795	0.76816654	5.3825593	1
31668	ZNF714	0.08883105	0.3266106	1.877254	38.34466	1
31671	ZNF738	0.09862522	0.20503217	1.0550631	10.306363	1
31679	ZNF100	0.035656657	0.08960113	1.3269143	6.40607	1
31706	ZNF730	0.008129338	0.045453597	2.4687169	7.4291368	1
31707	ZNF724	0.022699537	0.13770258	2.5955265	21.885399	1
31711	LINC01224	0.001181671	0.029552814	4.532071	7.4158626	1
31713	ZNF681	0.03653122	0.08440737	1.2060033	5.3963456	1
31758	CCNE1	0.0073501174	0.091452606	3.6192658	18.587414	1
31787	PDCD5	0.49060684	0.81183976	0.7265114	27.498833	1
31797	CEP89	0.12294827	0.20741233	0.7539727	6.397533	1
31823	GPI	0.2225082	0.3375432	0.60099256	7.091213	1
31826	UBA2	0.4876918	0.69003	0.50060266	12.019167	1
31855	FXYD5	0.10311248	0.29912072	1.5355926	25.648464	1
31883	HAUS5	0.02636509	0.08492094	1.6837277	8.527298	1
31900	ARHGAP33	0.032782953	0.099649094	1.6009638	9.488205	1
31917	WDR62	0.0029820728	0.085524485	4.7960505	21.350267	1
31943	ZNF850	0.009937046	0.0544751	2.4429083	8.661398	1
31986	DPF1	0.0030662054	0.030116078	3.2544897	6.5534987	1
31990	YIF1B	0.053990267	0.11905688	1.1394213	6.961326	1
32007	ACTN4	0.26701966	0.4017574	0.58919746	8.307157	1
32016	HNRNPL	0.28015983	0.40256664	0.52282095	6.9940615	1
32031	PAK4	0.032170486	0.076053046	1.2386863	5.285145	1
32045	ZFP36	0.45610103	0.19393615	-1.2333441	26.913795	1
32049	TIMM50	0.0849712	0.16697964	0.97379327	7.7000637	1
32062	FBL	0.40789092	0.7514965	0.88142145	34.111053	1
32085	LTBP4	0.5731224	0.39890942	-0.5226722	9.564041	1
32090	SNRPA	0.12806265	0.32512948	1.343482	24.640469	1
32094	EGLN2	0.14296941	0.25198954	0.8172209	8.976512	1
32105	HNRNPUL1	0.3731708	0.60989445	0.7085736	18.750195	1
32149	PAFAH1B3	0.35425383	0.57083106	0.68812597	15.821005	1
32181	XRCC1	0.10316412	0.2249337	1.1238021	12.372203	1
32192	SMG9	0.039454613	0.10100255	1.3539015	7.6197867	1
32238	TOMM40	0.21000317	0.4479641	1.0926071	25.428259	1
32246	CLASRP	0.037262656	0.10670324	1.5152864	9.041873	1
32249	GEMIN7	0.04940065	0.11431254	1.2087257	7.231948	1
32262	ERCC1	0.22820929	0.32524937	0.51100016	5.354328	1
32263	FOSB	0.36906072	0.1989038	-0.891453	12.627966	1
32303	PPP5C	0.11306001	0.21952792	0.95669717	9.79155	1
32306	CCDC8	0.1327862	0.22307591	0.74799	6.7304406	1
32313	CALM3	0.7335843	1.072436	0.54779476	25.528101	1
32317	DACT3	0.19171652	0.33410028	0.8009859	11.182862	1
32323	SLC1A5	0.018870592	0.1378718	2.862537	24.181961	1
32328	TMEM160	0.3598489	0.60420156	0.74747664	20.07711	1
32330	SAE1	0.1417086	0.46465325	1.7125199	44.55244	1
32334	INAFM1	0.1219869	0.2552777	1.064724	13.00994	1
32362	LIG1	0.052341726	0.40738466	2.9579587	44.55244	1
32372	EMP3	0.76853234	1.0892746	0.5031346	21.934492	1
32412	RUVBL2	0.098687835	0.18292217	0.88961315	7.1237397	1
32429	HRC	0.08096547	0.03112383	-1.3764399	5.519884	1
32442	PIH1D1	0.20075907	0.3611659	0.8468775	13.392419	1
32443	ALDH16A1	0.034445293	0.081362635	1.2376492	5.519916	1
32449	NOSIP	0.23551148	0.33976862	0.52856725	5.8879275	1
32456	BCL2L12	0.09062451	0.29053316	1.6796349	30.215654	1
32462	AP2A1	0.22544695	0.32516867	0.5282039	5.708513	1
32470	PNKP	0.18142462	0.2856405	0.6545403	7.00363	1
32474	NUP62	0.15788011	0.30932507	0.9698471	14.000734	1
32490	POLD1	0.010420202	0.09922282	3.238963	19.58093	1
32496	AC020909.2	0.0152241625	0.06403421	2.065286	8.371155	1
32504	CLEC11A	0.23961176	0.4708169	0.97417176	21.150461	1
32509	C19orf48	0.10096097	0.34955418	1.7907028	38.552803	1
32634	ZNF331	0.03168978	0.09461601	1.5750451	8.411146	1
32725	UBE2S	0.2508468	1.1000202	2.1322076	44.55244	1
32807	ZNF749	0.051187668	0.10872033	1.0852642	5.8611484	1
32818	ZNF530	0.010584997	0.042315014	1.9889886	5.5867915	1
32823	ZNF551	0.018986456	0.05662713	1.5714896	5.360124	1
32874	TRIM28	0.32729125	0.5502346	0.74929345	17.800457	1
32876	UBE2M	0.44489095	0.6826969	0.61768055	17.03698	1
32897	TCF15	0.018640906	0.10472431	2.4837108	16.005299	1
32901	FAM110A	0.046901245	0.11103648	1.2415615	7.6017284	1
32914	NSFL1C	0.19746903	0.28610605	0.53469735	5.0910215	1
32922	SIRPA	0.027637433	0.08046884	1.5383878	7.0358634	1
32932	SNRPB	0.58877766	1.2893937	1.1307648	44.55244	1
32935	NOP56	0.3113935	0.6348579	1.0274589	34.425728	1
32966	CDC25B	0.017117204	0.17639561	3.3577096	34.598217	1
32991	PCNA	0.09587491	0.67211634	2.8081963	44.55244	1
33005	MCM8	0.019724702	0.18013957	3.1845448	34.83355	1
33021	TMX4	0.2078126	0.3007498	0.53306615	5.1511626	1
33037	SNAP25	0.093570925	0.03791166	-1.3011591	6.056841	1
33097	SNX5	0.22957522	0.46943066	1.0316242	24.22441	1
33099	MGME1	0.05931956	0.33988756	2.516472	44.55244	1
33127	NAA20	0.26319	0.38642466	0.5539078	7.2952905	1
33171	NXT1	0.09066757	0.25816578	1.5086076	22.410002	1
33215	ABHD12	0.059863817	0.12176504	1.0231202	6.136495	1
33216	GINS1	0.01476971	0.17276548	3.5392015	35.893925	1
33257	TPX2	0.02368896	1.2424383	5.7068543	44.55244	1
33259	FOXS1	0.30366108	0.16196765	-0.90634084	11.217861	1
33285	DNMT3B	0.011340669	0.051901978	2.184395	7.6146703	1
33286	MAPRE1	0.23999326	0.36858454	0.618792	8.332702	1
33308	E2F1	0.0008132935	0.16101041	7.4627557	41.056618	1
33309	PXMP4	0.012866053	0.04413911	1.770583	5.1086297	1
33321	AHCY	0.17635123	0.3329315	0.91638905	14.227382	1
33329	PIGU	0.03940663	0.09032447	1.1946183	5.7569056	1
33359	PHF20	0.20561731	0.30010763	0.5452974	5.4733605	1
33374	RAB5IF	0.35851538	0.52662885	0.5546232	10.325879	1
33377	DSN1	0.02149093	0.21697888	3.3297222	43.121075	1
33378	SOGA1	0.104238406	0.22613652	1.1165614	12.548602	1
33381	RBL1	0.017675443	0.17539057	3.303436	34.82365	1
33384	RPN2	0.32352477	0.5682264	0.8123978	21.210684	1
33390	NNAT	0.03139177	0.2598687	3.0452912	42.43517	1
33419	FAM83D	0.009291769	0.19137646	4.3496265	42.527134	1
33431	MAFB	1.5097461	0.9523738	-0.66465014	44.55244	1
33454	MYBL2	1.3242243e-09	0.32351047	11.660024	44.55244	1
33473	ADA	0.041940983	0.09927488	1.2410847	6.5912967	1
33495	SDC4	0.0026646266	0.024363527	3.1454759	5.1778	1
33516	UBE2C	0.005807481	1.1934721	7.658527	44.55244	1
33530	MMP9	2.6670954	1.5744826	-0.7603541	44.55244	1
33549	ZMYND8	0.2935557	0.5001448	0.7685086	16.511034	1
33573	PREX1	0.032690924	0.07769162	1.2463182	5.1784763	1
33578	CSE1L	0.08333817	0.33970496	2.0259275	43.598198	1
33609	DPM1	0.16334002	0.26295316	0.68659306	6.9050727	1
33612	KCNG1	0.0022629406	0.06326316	4.744989	13.682751	1
33625	TSHZ2	0.36845917	0.8485468	1.203268	44.55244	1
33653	AURKA	0.019577382	0.41344553	4.393436	44.55244	1
33743	ADRM1	0.28835118	0.41543376	0.52663857	7.4382806	1
33745	LAMA5	0.069728725	0.022029404	-1.6578561	6.116386	1
33771	MRGBP	0.09514376	0.1724427	0.857257	6.475051	1
33799	KCNQ2	0.0042213146	0.04111034	3.2534645	7.976293	1
33804	PPDPF	0.7728016	1.1076335	0.5192542	24.10301	1
33819	SLC2A4RG	0.233504	0.43315193	0.8911411	17.798716	1
33825	TPD52L2	0.1049764	0.17734663	0.7559465	5.4654975	1
33867	CU638689.4	0.021276426	0.05964432	1.482781	5.161364	1
33903	AP001347.1	0.012494332	0.06688773	2.4111223	10.375404	1
33920	MIR99AHG	0.2065898	0.10771488	-0.938911	7.8045	1
33929	BTG3	0.12798855	0.3317598	1.3734323	25.006533	1
33933	C21orf91	0.3239307	0.15227237	-1.0885291	16.342695	1
33936	CHODL	0.50936687	0.2339746	-1.1220199	21.518354	1
33950	NCAM2	0.31136647	0.09727733	-1.677419	24.681767	1
34002	ADAMTS5	0.22558674	0.116984054	-0.94677705	8.393059	1
34070	TIAM1	0.03752324	0.16667546	2.148211	21.15572	1
34078	HUNK	0.0051425784	0.056426108	3.4305692	11.854858	1
34082	MIS18A	0.103094794	0.43816766	2.086442	44.55244	1
34109	IFNGR2	0.1382049	0.25068948	0.85862446	9.436643	1
34113	GART	0.13811861	0.25602826	0.8899145	9.994468	1
34115	DONSON	0.0189141	0.10708104	2.494908	16.734203	1
34121	MRPS6	0.4320398	0.6810883	0.6565557	18.501862	1
34149	CBR3	0.0028605158	0.02717423	3.203618	6.289296	1
34154	CHAF1B	0.008495862	0.07600854	3.1463444	14.561183	1
34199	PSMG1	0.14002624	0.22889183	0.708569	6.309674	1
34267	PKNOX1	0.14062428	0.23870747	0.76297665	7.407367	1
34283	RRP1B	0.14133129	0.26161554	0.8878982	10.335193	1
34284	PDXK	0.14424567	0.24005418	0.73443305	7.0503182	1
34287	RRP1	0.07862943	0.14087647	0.84047955	5.0746813	1
34303	PFKL	0.0992468	0.23525226	1.2442763	15.617152	1
34338	SUMO3	0.27168497	0.4451409	0.7121205	12.787865	1
34361	COL18A1	0.18454929	0.3295448	0.83612466	10.426817	1
34392	C21orf58	0.014915846	0.30206287	4.3307686	44.55244	1
34393	PCNT	0.11076169	0.35178685	1.6663507	35.457962	1
34442	BID	0.03256982	0.11525573	1.8200593	12.386317	1
34444	MICAL3	0.017874528	0.062084887	1.7906102	7.034581	1
34488	MRPL40	0.18673262	0.28605127	0.6150316	6.2191854	1
34490	UFD1	0.38178796	0.54509217	0.5136154	9.458016	1
34493	CDC45	0.0010134891	0.129527	6.8631353	33.237232	1
34512	RANBP1	0.62110084	1.4913032	1.2635386	44.55244	1
34539	THAP7	0.07760945	0.13801996	0.8297599	5.066992	1
34561	SDF2L1	0.1815484	0.32095385	0.82166654	11.178594	1
34564	YPEL1	0.047966003	0.11383291	1.2450958	7.345492	1
34567	MAPK1	0.21847674	0.31126064	0.51044655	5.183027	1
34701	DDT	0.4538484	0.70928353	0.64403754	18.403698	1
34712	GUCD1	0.060448155	0.11916537	0.97802025	5.544866	1
34713	SNRPD3	0.29859748	0.49641	0.7331377	15.10928	1
34787	CHEK2	0.013248404	0.13615203	3.3515387	27.927103	1
34789	CCDC117	0.10424777	0.17859967	0.77613723	5.5991473	1
34790	XBP1	0.17735521	0.32007566	0.8514086	11.542354	1
34811	THOC5	0.045020685	0.10360538	1.2006298	6.8239884	1
34839	MTFP1	0.028451484	0.13662551	2.2596447	18.772072	1
34858	SMTN	0.059628554	0.1653824	1.470185	14.026022	1
34879	YWHAH	0.4907079	0.90504956	0.88299775	42.71359	1
34906	LARGE1	0.038578697	0.10637654	1.4609245	8.707821	1
34920	HMGXB4	0.28656116	0.58950937	1.0404131	31.933697	1
34926	MCM5	0.021196736	0.2333688	3.4545257	44.55244	1
34965	MPST	0.14176357	0.25542927	0.8489843	9.213506	1
34988	PDXP	0.028811226	0.07024728	1.2828649	5.012777	1
34989	LGALS1	0.50575465	0.97481877	0.9465591	37.037254	1
34990	NOL12	0.0873724	0.1692336	0.95296854	7.407676	1
35001	POLR2F	0.30645624	0.46655363	0.6062004	10.133586	1
35021	KDELR3	0.05058023	0.11423515	1.173774	6.964903	1
35023	DMC1	1.3242243e-09	0.023345524	7.87315	6.9352136	1
35033	SUN2	0.04442201	0.17688775	1.9910587	20.938793	1
35091	RANGAP1	0.046843387	0.24004124	2.3548892	34.98864	1
35096	PHF5A	0.1893605	0.34353334	0.8589729	13.091672	1
35101	PMM1	0.07821187	0.20459944	1.3862044	15.567381	1
35103	XRCC6	0.5027207	0.78360707	0.6402704	21.381304	1
35108	SREBF2	0.08890936	0.16758406	0.9137167	6.777594	1
35111	CENPM	0.0035520804	0.2897727	6.310557	44.55244	1
35120	NDUFA6	0.5032045	0.75577694	0.58671975	17.410559	1
35131	RRP7A	0.17971581	0.3578109	0.99308056	17.295092	1
35177	NUP50	0.1422608	0.32027423	1.1702061	19.289484	1
35184	RIBC2	0.00095935055	0.032727484	4.9536524	8.21915	1
35186	FBLN1	0.24627292	0.65271914	1.4058397	44.55244	1
35189	ATXN10	0.32416186	0.47443855	0.549366	9.095945	1
35207	GTSE1	0.004295868	0.6699857	7.2520537	44.55244	1
35251	CRELD2	0.19688658	0.28944355	0.5556829	5.4081135	1
35253	PIM3	0.072748356	0.1436293	0.98038584	6.4917235	1
35260	TRABD	0.07110397	0.13322362	0.9049029	5.684167	1
35268	MAPK12	0.023009572	0.07364087	1.6739739	7.6370773	1
35278	LMF2	0.058361426	0.17930068	1.6176285	16.953476	1
35279	NCAPH2	0.03150666	0.16061388	2.346194	23.531544	1
35300	PLCXD1	0.106683984	0.17537944	0.71660674	5.0607176	1
35303	PPP2R3B	0.041147813	0.11483109	1.4783796	9.539736	1
35320	DHRSX	0.08879477	0.1553174	0.80597764	5.3879094	1
35328	ARSD	0.08591413	0.03421403	-1.3257749	5.7212496	1
35341	NLGN4X	0.19140989	0.10708469	-0.83731997	6.4840574	1
35365	MID1	0.025194325	0.09668772	1.9360104	11.401636	1
35390	GPM6B	0.13937561	0.23536558	0.75550336	7.0942283	1
35395	FANCB	0.005780996	0.1457103	4.6318884	36.056664	1
35401	PIR	0.041148376	0.11168145	1.4382715	9.114498	1
35409	AP1S2	0.13881487	0.3465325	1.3192059	24.810856	1
35417	RBBP7	0.38164824	0.6145262	0.68708783	17.938353	1
35422	SCML1	0.11256538	0.1882549	0.7414092	5.5733423	1
35426	SCML2	0.01590749	0.08498007	2.410074	12.103854	1
35440	EIF1AX	0.62343377	0.970181	0.6379349	28.706133	1
35452	SMS	0.22585164	0.5468168	1.2753074	40.680515	1
35461	PRDX4	0.39536512	0.72861326	0.8818009	32.699306	1
35464	SAT1	0.50762	0.2866912	-0.8240325	17.103125	1
35465	APOO	0.058026154	0.12164527	1.0666064	6.249106	1
35474	POLA1	0.03095948	0.13262261	2.0953085	16.796907	1
35512	TMEM47	0.33385253	0.13600148	-1.2949601	21.015032	1
35532	TSPAN7	0.12511563	0.05199959	-1.2650707	7.792095	1
35594	RBM10	0.12697163	0.2094279	0.7215003	5.958278	1
35597	CDK16	0.1196529	0.23218288	0.95582217	10.390554	1
35627	EBP	0.10732951	0.23214948	1.112285	12.865744	1
35634	SUV39H1	0.007562764	0.03877719	2.3429873	5.8762646	1
35682	CLCN5	0.03736579	0.11913042	1.6701065	11.544121	1
35694	NUDT11	0.016568987	0.054649096	1.7156688	5.5501294	1
35726	SMC1A	0.42527425	0.85608846	1.0091958	44.55244	1
35734	TSR2	0.17307346	0.26619306	0.6207969	6.000726	1
35769	SPIN4	0.0511427	0.107876234	1.0752953	5.945126	1
35809	KIF4A	0.0070838425	0.48526788	6.0781794	44.55244	1
35838	ERCC6L	0.0029166897	0.10931787	5.1807384	26.534544	1
35860	FTX	0.8004748	0.5598998	-0.51560986	14.889872	1
35879	MAGT1	0.14368051	0.22705023	0.6597786	5.6388316	1
35882	PGK1	0.46347928	0.7869362	0.763614	26.714628	1
35885	CYSLTR1	0.07850397	0.031264517	-1.3254687	5.135563	1
35890	ITM2A	0.0043558786	0.07167778	4.0097556	13.913363	1
35895	HMGN5	0.09668365	0.23566404	1.2845085	15.331894	1
35937	CENPI	0.0030091177	0.087964386	4.823982	22.028471	1
35940	TIMM8A	0.046153028	0.10525009	1.1875718	6.456476	1
35943	GLA	0.055212602	0.12573679	1.1858735	7.7901797	1
35963	TMSB15A	0.12085318	0.8468699	2.807862	44.55244	1
35982	BEX2	0.22247389	0.113677636	-0.9680673	8.980397	1
35983	TCEAL7	0.17993134	0.33138558	0.880698	12.253052	1
35994	MORF4L2	0.54037815	0.9042674	0.7426726	33.03928	1
36017	MORC4	0.050233223	0.11115548	1.1442935	6.451095	1
36035	COL4A5	0.25258234	0.15216352	-0.73075444	6.9924507	1
36050	CAPN6	0.00249701	0.035458278	3.775262	7.653883	1
36051	DCX	0.04084488	0.09854445	1.2685547	6.3640103	1
36095	SEPTIN6	0.38118038	0.6588003	0.78920794	22.920021	1
36099	UPF3B	0.16518708	0.26561013	0.68487924	6.710306	1
36140	STAG2	0.3525768	0.5798732	0.71763974	17.682472	1
36184	MBNL3	0.03493365	0.084695615	1.2752484	5.8547664	1
36190	GPC3	0.045735426	0.300669	2.7141209	43.137466	1
36193	PHF6	0.2508118	0.4451733	0.82751083	16.247988	1
36194	HPRT1	0.06645439	0.21656165	1.7028381	22.04189	1
36195	MIR503HG	0.18286231	0.29192838	0.67456204	7.1649966	1
36199	FAM122B	0.012137041	0.07871791	2.6872687	13.9140005	1
36241	ARHGEF6	0.14745031	0.083106	-0.8264474	5.0692472	1
36243	RBMX	0.8181817	1.1708511	0.5170114	27.019659	1
36263	LDOC1	0.30441368	0.1320719	-1.2040914	17.584082	1
36298	IDS	0.43057957	0.24792364	-0.7961372	13.93946	1
36320	HMGB3	0.13563001	0.8485343	2.6444032	44.55244	1
36384	NAA10	0.31100887	0.44306824	0.510435	7.5620737	1
36386	HCFC1	0.12241999	0.2074549	0.7604758	6.5218573	1
36400	EMD	0.2106992	0.30851784	0.549952	5.645766	1
36423	DKC1	0.1265234	0.3111486	1.2975233	21.684526	1
36430	CMC4	0.066003226	0.1349384	1.0305772	6.903869	1
36433	VBP1	0.22158147	0.4426841	0.99811524	22.064154	1
36575	AC011043.1	0.038693164	0.08962033	1.2096324	5.691684	1
