	gene	expression_1	expression_2	log2FC	-log10 p-val	significant
14	LINC01409	0.064268775	0.0	-9.330217	5.194564	1
16	LINC01128	0.07934581	0.0	-9.633827	6.5149565	1
23	SAMD11	0.057527814	0.0	-9.170622	5.241235	1
24	NOC2L	0.19383174	0.0	-10.921333	13.874459	1
30	ISG15	0.16062021	0.0	-10.650335	11.166845	1
32	AGRN	0.16039175	0.0	-10.648284	12.457645	1
52	PUSL1	0.12315919	0.0	-10.26748	9.253476	1
53	INTS11	0.16280885	0.0	-10.669849	12.544113	1
55	CPTP	0.056145255	0.0	-9.135588	5.1093636	1
57	DVL1	0.08800074	0.0	-9.7830105	6.966405	1
58	MXRA8	0.19006751	0.0	-10.893055	13.696038	1
68	VWA1	0.10682951	0.0	-10.062445	8.44418	1
71	ATAD3A	0.069737636	0.0	-9.447861	6.0113897	1
72	TMEM240	0.06805556	0.0	-9.412687	5.671628	1
78	MIB2	0.11711255	0.0	-10.194911	9.08008	1
79	MMP23B	0.254528	0.0	-11.314176	18.587578	1
82	SLC35E2B	0.12102059	0.0	-10.2422285	9.272591	1
97	FAAP20	0.67203677	0.0	-12.71454	44.55244	1
99	SKI	0.19018076	0.0	-10.893914	14.664923	1
105	PEX10	0.07717819	0.0	-9.593918	6.3407454	1
136	TPRG1L	0.15756208	0.0	-10.62262	11.030949	1
137	WRAP73	0.06016499	0.0	-9.235176	5.090033	1
142	SMIM1	0.16717845	0.0	-10.708036	11.888646	1
143	LRRC47	0.12746203	0.0	-10.316983	9.722512	1
147	C1orf174	0.13122065	0.0	-10.358878	10.392063	1
176	GPR153	0.061579674	0.0	-9.268651	5.186539	1
180	ESPN	0.085125625	0.0	-9.735144	6.029903	1
184	NOL9	0.07104765	0.0	-9.474672	5.3265553	1
189	THAP3	0.17094839	0.0	-10.740189	12.794231	1
190	DNAJC11	0.0640229	0.0	-9.324696	5.452906	1
211	ERRFI1	0.1511704	0.0	-10.562914	10.322057	1
216	RERE	0.34980345	0.0	-11.772741	25.301535	1
227	H6PD	0.1158958	0.0	-10.179857	9.334065	1
232	SLC25A33	0.06957298	0.0	-9.444455	5.76638	1
237	CLSTN1	0.34197682	0.0	-11.740105	25.449646	1
238	CTNNBIP1	0.21170694	0.0	-11.048534	17.280922	1
243	NMNAT1	0.0756533	0.0	-9.565165	6.2613816	1
246	UBE4B	0.12055076	0.0	-10.236621	9.402763	1
252	CENPS	0.06549164	0.0	-9.357368	5.2657733	1
254	DFFA	0.2519043	0.0	-11.2992325	19.230495	1
264	SRM	0.46892178	0.0	-12.195439	35.578106	1
265	EXOSC10	0.13234262	0.0	-10.371152	10.338665	1
280	MAD2L2	0.24695362	0.0	-11.270609	18.570324	1
285	MTHFR	0.12710086	0.0	-10.312893	10.428643	1
290	KIAA2013	0.18890366	0.0	-10.884198	15.093196	1
291	PLOD1	1.4916489	0.0	-13.8647175	44.55244	1
294	MIIP	0.07670809	0.0	-9.5851145	6.451018	1
297	TNFRSF1B	0.07750199	0.0	-9.59995	5.925962	1
298	VPS13D	0.05943082	0.0	-9.217493	5.1632614	1
339	KAZN	0.076444395	0.0	-9.5801525	6.713158	1
344	TMEM51	0.09681853	0.0	-9.920629	7.581438	1
350	EFHD2	0.08322128	0.0	-9.702541	7.509163	1
362	PLEKHM2	0.21059799	0.0	-11.040961	15.9210205	1
367	FBLIM1	0.16742666	0.0	-10.710175	12.819599	1
368	UQCRHL	0.06235394	0.0	-9.286649	5.003714	1
369	AL450998.2	0.064446665	0.0	-9.334199	5.03301	1
370	SPEN	0.25270808	0.0	-11.303826	19.803204	1
374	HSPB7	0.3519685	0.0	-11.78164	21.594425	1
385	FBXO42	0.110813566	0.0	-10.11522	9.023644	1
386	SZRD1	0.24096318	0.0	-11.235195	17.535006	1
398	CROCC	0.07441223	0.0	-9.541333	5.871777	1
401	BX284668.5	0.08525523	0.0	-9.737336	5.980333	1
407	SDHB	0.24374424	0.0	-11.251744	17.680567	1
431	UBR4	0.18756875	0.0	-10.873973	14.15498	1
433	EMC1	0.1944374	0.0	-10.925832	14.511162	1
437	SLC66A1	0.07667343	0.0	-9.584463	6.1918254	1
441	NBL1	0.1268534	0.0	-10.310083	9.005372	1
468	PINK1	0.12270536	0.0	-10.262157	9.806131	1
475	EIF4G3	0.39979145	0.0	-11.965393	29.570211	1
477	ECE1	0.85221076	0.0	-13.057164	44.55244	1
487	HSPG2	0.2621763	0.0	-11.356872	19.551523	1
507	KDM1A	0.44345447	0.0	-12.114896	31.972136	1
526	ELOA	0.18438318	0.0	-10.849274	14.564815	1
529	GALE	0.14930652	0.0	-10.545028	11.41706	1
531	FUCA1	0.12587233	0.0	-10.298891	9.569374	1
535	SRSF10	0.46008843	0.0	-12.168009	34.243877	1
545	NIPAL3	0.06703114	0.0	-9.390839	5.631672	1
547	RCAN3	0.13153292	0.0	-10.362305	9.795782	1
550	SRRM1	1.0381013	0.0	-13.341799	44.55244	1
552	CLIC4	0.69434464	0.0	-12.761644	44.55244	1
567	MACO1	0.25416347	0.0	-11.312108	18.457193	1
570	MAN1C1	0.09046041	0.0	-9.822737	7.4172764	1
572	SELENON	0.15380107	0.0	-10.587788	12.132621	1
579	STMN1	1.0885676	0.0	-13.410276	44.55244	1
599	DHDDS	0.15727791	0.0	-10.620017	11.736256	1
604	ARID1A	0.39104375	0.0	-11.933483	28.805029	1
628	AHDC1	0.16897793	0.0	-10.723473	13.073893	1
631	IFI6	0.27319452	0.0	-11.416241	18.843138	1
635	STX12	0.22139588	0.0	-11.113064	17.145308	1
639	PPP1R8	0.08376362	0.0	-9.711902	6.9752765	1
641	RPA2	0.1090379	0.0	-10.091936	9.092855	1
644	XKR8	0.07413933	0.0	-9.53604	6.1789393	1
651	SESN2	0.18552499	0.0	-10.858175	13.419322	1
655	SNHG3	0.13723159	0.0	-10.423448	9.197544	1
656	TRNAU1AP	0.18964152	0.0	-10.88982	14.598257	1
662	GMEB1	0.10468588	0.0	-10.033229	8.57557	1
666	EPB41	0.098305725	0.0	-9.942598	7.0908203	1
670	MECR	0.10562391	0.0	-10.046086	8.718477	1
672	PTPRU	0.06843557	0.0	-9.42071	5.1281595	1
693	FABP3	0.10873466	0.0	-10.087922	7.3472347	1
694	SERINC2	0.07329433	0.0	-9.519525	6.278379	1
702	COL16A1	0.07285581	0.0	-9.5108795	5.7808056	1
716	TXLNA	0.26671994	0.0	-11.381651	20.146593	1
729	FAM229A	0.06952234	0.0	-9.443407	5.623385	1
732	ZBTB8A	0.20274653	0.0	-10.986173	13.766361	1
733	ZBTB8OS	0.17665374	0.0	-10.787525	13.305657	1
735	SYNC	0.16077422	0.0	-10.651717	11.003607	1
738	YARS	0.3626959	0.0	-11.824943	24.985048	1
739	S100PBP	0.09870169	0.0	-9.948392	8.147352	1
746	AK2	0.35207295	0.0	-11.782068	26.575333	1
750	ZNF362	0.08427095	0.0	-9.720603	6.9017186	1
771	ZMYM6	0.09306421	0.0	-9.863632	7.6079607	1
772	ZMYM1	0.13609268	0.0	-10.411433	10.40866	1
775	ZMYM4	0.23376578	0.0	-11.191465	18.875551	1
777	KIAA0319L	0.17024565	0.0	-10.734249	13.945952	1
782	C1orf216	0.058802795	0.0	-9.202192	5.246025	1
785	AGO4	0.06479178	0.0	-9.341892	5.5302277	1
786	AGO1	0.14534424	0.0	-10.50625	10.565859	1
789	AGO3	0.3450001	0.0	-11.752799	24.944317	1
797	SH3D21	0.15693484	0.0	-10.616869	11.683732	1
800	STK40	0.16905038	0.0	-10.724091	13.958023	1
801	LSM10	0.34248188	0.0	-11.742233	26.546286	1
824	YRDC	0.12539613	0.0	-10.293427	9.874369	1
829	SF3A3	0.25994876	0.0	-11.344566	20.510931	1
831	UTP11	0.28610644	0.0	-11.482841	21.243004	1
858	PPIE	0.28242183	0.0	-11.464147	20.693825	1
865	TRIT1	0.09643793	0.0	-9.914952	7.2847986	1
871	RLF	0.35477507	0.0	-11.793096	24.907284	1
875	COL9A2	0.09338713	0.0	-9.868624	6.671099	1
876	SMAP2	0.22011948	0.0	-11.104727	17.708015	1
891	NFYC	0.17221923	0.0	-10.750868	13.4180765	1
917	PPIH	0.14757796	0.0	-10.528239	11.298284	1
922	P3H1	0.627221	0.0	-12.614988	44.55244	1
923	C1orf50	0.23076221	0.0	-11.172816	18.930521	1
930	SLC2A1	0.80235356	0.0	-12.970202	44.55244	1
944	MED8	0.37276366	0.0	-11.864432	29.308262	1
950	PTPRF	0.20169687	0.0	-10.978688	15.372561	1
961	B4GALT2	0.12304392	0.0	-10.2661295	9.304569	1
967	DMAP1	0.12462918	0.0	-10.284583	9.246103	1
968	ERI3	0.23833103	0.0	-11.219357	17.506962	1
970	RNF220	0.08012302	0.0	-9.647873	6.669017	1
977	PLK3	0.06113564	0.0	-9.258228	5.0852	1
983	UROD	0.17863919	0.0	-10.80364	12.690918	1
998	IPP	0.10170962	0.0	-9.991658	8.427068	1
1001	PIK3R3	0.07340662	0.0	-9.52173	5.7110596	1
1009	LRRC41	0.24954367	0.0	-11.285655	19.009659	1
1011	NSUN4	0.063049965	0.0	-9.302638	5.169703	1
1023	EFCAB14	0.17828767	0.0	-10.8008	14.43714	1
1035	CMPK1	0.46152666	0.0	-12.172511	33.793655	1
1049	SPATA6	0.16029818	0.0	-10.647442	12.500402	1
1052	BEND5	0.24972378	0.0	-11.2866955	16.797045	1
1064	FAF1	0.114722945	0.0	-10.165195	9.189952	1
1069	RNF11	0.24590406	0.0	-11.264466	19.173954	1
1073	EPS15	0.23193176	0.0	-11.180107	16.784445	1
1086	ZFYVE9	0.0886624	0.0	-9.793805	6.731117	1
1091	PRPF38A	0.29033393	0.0	-11.503994	22.939226	1
1094	GPX7	0.44573253	0.0	-12.122286	33.490166	1
1097	ZYG11B	0.21154064	0.0	-11.047401	16.47331	1
1101	SCP2	0.40813863	0.0	-11.995197	29.89243	1
1106	CPT2	0.07411935	0.0	-9.535652	5.534653	1
1108	CZIB	0.32352602	0.0	-11.660112	25.478712	1
1110	MAGOH	0.3490119	0.0	-11.769474	27.29026	1
1123	YIPF1	0.104071714	0.0	-10.024748	8.220012	1
1125	HSPB11	0.31018394	0.0	-11.599373	22.248667	1
1126	LRRC42	0.20954987	0.0	-11.033766	15.202707	1
1134	SSBP3	0.3050365	0.0	-11.575239	22.165539	1
1140	ACOT11	0.094100066	0.0	-9.879584	7.139547	1
1144	TTC4	0.0996829	0.0	-9.962648	8.2945595	1
1166	PLPP3	0.08652854	0.0	-9.758698	6.6825438	1
1180	MYSM1	0.18413296	0.0	-10.847316	13.53043	1
1200	NFIA	0.6377117	0.0	-12.638915	42.50322	1
1210	USP1	0.22125833	0.0	-11.112168	16.386683	1
1211	DOCK7	0.20050332	0.0	-10.97013	16.521704	1
1226	ITGB3BP	0.20803659	0.0	-11.023314	14.783709	1
1230	PGM1	0.37666962	0.0	-11.879467	26.8798	1
1240	AK4	0.5026243	0.0	-12.295551	35.548836	1
1244	LEPR	0.06932705	0.0	-9.439354	5.7798448	1
1247	PDE4B	0.2378345	0.0	-11.216349	15.655186	1
1249	SGIP1	0.07689647	0.0	-9.588649	5.5812926	1
1263	GADD45A	0.7242628	0.0	-12.822496	44.55244	1
1282	LRRC40	0.095109425	0.0	-9.89496	7.769462	1
1286	HHLA3	0.1081395	0.0	-10.080011	7.839538	1
1296	ZRANB2	0.7304787	0.0	-12.834824	44.55244	1
1317	CRYZ	0.061570387	0.0	-9.268435	5.135011	1
1331	ST6GALNAC3	0.061483808	0.0	-9.266407	5.0096054	1
1336	PIGK	0.18815804	0.0	-10.878496	15.182364	1
1342	USP33	0.2562472	0.0	-11.323883	20.278275	1
1343	MIGA1	0.24097435	0.0	-11.235263	17.182627	1
1346	FUBP1	0.27157927	0.0	-11.407689	20.423023	1
1355	ADGRL4	0.06582629	0.0	-9.36471	5.0386987	1
1365	ADGRL2	0.4687323	0.0	-12.194857	31.278528	1
1376	TTLL7	0.23841001	0.0	-11.219834	17.135902	1
1384	RPF1	0.12675275	0.0	-10.308939	10.247045	1
1387	CTBS	0.36344928	0.0	-11.827935	26.110191	1
1391	SSX2IP	0.10397788	0.0	-10.023448	8.017305	1
1407	ZNHIT6	0.2202972	0.0	-11.10589	16.584044	1
1410	ODF2L	0.26958576	0.0	-11.397063	19.445852	1
1418	SELENOF	0.5969727	0.0	-12.543691	44.55244	1
1419	HS2ST1	0.18260844	0.0	-10.835328	13.848592	1
1423	LMO4	1.0883293	0.0	-13.40996	44.55244	1
1429	KYAT3	0.24282026	0.0	-11.246267	18.56758	1
1430	RBMXL1	0.060122643	0.0	-9.234162	5.0950775	1
1433	GBP2	0.26621753	0.0	-11.378932	17.205908	1
1436	GBP4	0.36324543	0.0	-11.8271265	22.97934	1
1442	LRRC8B	0.0828248	0.0	-9.69566	6.44774	1
1443	LRRC8C-DT	0.08446009	0.0	-9.723833	6.3219557	1
1448	LRRC8D	0.07221237	0.0	-9.498098	5.9584603	1
1464	TGFBR3	0.14498445	0.0	-10.502677	10.294654	1
1471	GLMN	0.093767986	0.0	-9.87449	6.8912587	1
1474	EVI5	0.29143628	0.0	-11.5094595	22.538435	1
1478	MTF2	0.293018	0.0	-11.517266	21.199327	1
1479	TMED5	0.20240737	0.0	-10.983759	16.133585	1
1481	CCDC18-AS1	0.39255822	0.0	-11.939058	27.090105	1
1482	DR1	0.29790765	0.0	-11.541134	23.260597	1
1484	BCAR3	0.15176716	0.0	-10.568594	10.268987	1
1491	ARHGAP29	0.4110108	0.0	-12.005312	25.659725	1
1495	ABCD3	0.17478216	0.0	-10.772167	12.644119	1
1506	RWDD3	0.18755573	0.0	-10.873873	14.211235	1
1517	PTBP2	0.07996447	0.0	-9.645019	6.0319858	1
1526	SNX7	0.21047923	0.0	-11.040148	15.441383	1
1533	AGL	0.13003577	0.0	-10.345802	10.698563	1
1535	SLC35A3	0.17654592	0.0	-10.786645	13.038439	1
1539	TRMT13	0.09013854	0.0	-9.8176	7.363996	1
1543	RTCA-AS1	0.05978923	0.0	-9.226152	5.137776	1
1544	RTCA	0.28595227	0.0	-11.482063	22.837841	1
1555	DPH5	0.1353937	0.0	-10.40401	9.852497	1
1565	COL11A1	0.43436182	0.0	-12.085013	28.440514	1
1568	RNPC3	0.32349756	0.0	-11.659985	22.606339	1
1593	PRPF38B	0.49686936	0.0	-12.278941	36.493774	1
1599	GPSM2	0.13333015	0.0	-10.381869	9.887922	1
1600	CLCC1	0.12353934	0.0	-10.271922	9.959606	1
1601	WDR47	0.060438212	0.0	-9.241702	5.002634	1
1602	TAF13	0.07494725	0.0	-9.551656	6.9721947	1
1604	TMEM167B	0.18507892	0.0	-10.854704	14.8922615	1
1613	PSMA5	0.43034813	0.0	-12.071624	32.785328	1
1623	AMPD2	0.15223075	0.0	-10.572991	11.561404	1
1625	GSTM4	0.106741734	0.0	-10.061259	8.261214	1
1636	CSF1	0.07141018	0.0	-9.482005	5.6538734	1
1698	ST7L	0.072426915	0.0	-9.502373	5.737333	1
1708	SLC16A1	0.39453664	0.0	-11.946309	26.511309	1
1709	SLC16A1-AS1	0.13845058	0.0	-10.436197	10.769444	1
1713	MAGI3	0.06882727	0.0	-9.428931	5.0182843	1
1714	PHTF1	0.07774467	0.0	-9.604454	6.0413938	1
1715	RSBN1	0.26768136	0.0	-11.38684	19.87849	1
1732	NRAS	0.18584792	0.0	-10.860683	14.6533165	1
1758	CD58	0.06178148	0.0	-9.273364	5.312008	1
1759	IGSF3	0.17941497	0.0	-10.809889	13.195222	1
1763	PTGFRN	0.2682517	0.0	-11.389909	20.07833	1
1766	TTF2	0.06230754	0.0	-9.285577	5.0713725	1
1771	MAN1A2	0.25863567	0.0	-11.337263	19.914322	1
1775	WDR3	0.12462056	0.0	-10.284484	9.500984	1
1792	PHGDH	0.6344307	0.0	-12.6314745	41.04729	1
1809	SRGAP2C	0.20653175	0.0	-11.012846	14.846729	1
1840	POLR3C	0.07400522	0.0	-9.533431	5.640295	1
1842	PIAS3	0.12092804	0.0	-10.241126	10.228151	1
1844	ITGA10	0.18885551	0.0	-10.883831	12.395179	1
1846	PEX11B	0.089488275	0.0	-9.807166	7.8473024	1
1849	LIX1L	0.23188727	0.0	-11.17983	17.636745	1
1853	TXNIP	1.5558066	0.0	-13.925468	44.55244	1
1864	PRKAB2	0.18508016	0.0	-10.854713	13.67947	1
1869	BCL9	0.078419015	0.0	-9.616899	6.4086924	1
1888	NBPF14	0.07508071	0.0	-9.554218	7.227211	1
1914	HIST2H2AC	0.07471841	0.0	-9.54725	6.5236135	1
1916	BOLA1	0.08417879	0.0	-9.719026	6.565198	1
1917	SV2A	0.09077925	0.0	-9.827807	6.3618727	1
1919	MTMR11	0.0690147	0.0	-9.432849	5.4909573	1
1920	OTUD7B	0.086286746	0.0	-9.754666	6.671242	1
1922	VPS45	0.07299842	0.0	-9.513697	6.2906337	1
1929	C1orf54	0.30369425	0.0	-11.568879	21.776567	1
1931	MRPS21	0.83789617	0.0	-13.032728	44.55244	1
1932	PRPF3	0.1300334	0.0	-10.345776	10.198718	1
1933	RPRD2	0.1452566	0.0	-10.505381	10.890257	1
1934	TARS2	0.07115678	0.0	-9.476884	5.3847404	1
1935	ECM1	0.50449014	0.0	-12.300897	34.226093	1
1942	GOLPH3L	0.08211572	0.0	-9.68327	6.2823825	1
1945	CTSK	0.06259214	0.0	-9.292141	5.5501494	1
1946	ARNT	0.11855061	0.0	-10.212503	10.514911	1
1948	SETDB1	0.07121297	0.0	-9.478021	6.0420156	1
1956	C1orf56	0.07706908	0.0	-9.591879	5.784794	1
1966	VPS72	0.16916095	0.0	-10.725034	13.02682	1
1967	PIP5K1A	0.11548219	0.0	-10.174704	9.716436	1
1968	PSMD4	0.5705436	0.0	-12.4783745	42.41256	1
1971	PI4KB	0.10547151	0.0	-10.044004	8.505603	1
1982	SNX27	0.1334681	0.0	-10.38336	10.731942	1
2001	THEM4	0.120732464	0.0	-10.238792	9.995969	1
2072	S100A16	0.5895274	0.0	-12.525588	40.642937	1
2077	CHTOP	0.26668945	0.0	-11.381486	20.201998	1
2078	SNAPIN	0.2552441	0.0	-11.318227	19.67243	1
2080	NPR1	0.18867809	0.0	-10.882476	11.449384	1
2084	SLC27A3	0.4421329	0.0	-12.110591	27.358818	1
2085	GATAD2B	0.15553373	0.0	-10.603939	11.287476	1
2095	RAB13	1.5554041	0.0	-13.925095	44.55244	1
2100	C1orf43	0.5616456	0.0	-12.455702	42.159744	1
2104	ATP8B2	0.08305802	0.0	-9.699712	6.1726007	1
2110	UBE2Q1	0.17478186	0.0	-10.772165	13.032751	1
2118	PMVK	0.17537491	0.0	-10.777049	13.14614	1
2120	PBXIP1	0.21743035	0.0	-11.087001	15.653314	1
2132	EFNA4	0.15953207	0.0	-10.640534	11.984733	1
2133	EFNA3	0.117592454	0.0	-10.200806	8.252911	1
2135	SLC50A1	0.18902394	0.0	-10.885117	13.819639	1
2136	DPM3	0.22476126	0.0	-11.13482	17.066383	1
2145	FAM189B	0.06180732	0.0	-9.273966	5.400347	1
2147	CLK2	0.09573084	0.0	-9.904346	7.654797	1
2150	FDPS	0.3661987	0.0	-11.838805	27.685638	1
2153	ASH1L	0.47292238	0.0	-12.207693	34.803677	1
2159	YY1AP1	0.09064165	0.0	-9.825621	7.4299874	1
2160	DAP3	0.29455522	0.0	-11.524812	21.784615	1
2162	GON4L	0.26200145	0.0	-11.355909	19.8184	1
2163	SYT11	0.08885758	0.0	-9.796974	7.276466	1
2167	ARHGEF2	0.1706796	0.0	-10.73792	12.694909	1
2175	MEX3A	0.32417095	0.0	-11.662984	23.574963	1
2176	LMNA	1.0089785	0.0	-13.300751	44.55244	1
2184	GLMP	0.22255318	0.0	-11.120583	17.228197	1
2203	NES	0.41808963	0.0	-12.029942	31.163803	1
2206	CRABP2	0.8228052	0.0	-13.006511	44.55244	1
2210	MRPL24	0.1253157	0.0	-10.292502	9.108336	1
2212	PRCC	0.19978803	0.0	-10.964976	14.108736	1
2217	PEAR1	0.10155753	0.0	-9.989501	7.927467	1
2221	ETV3	0.066591606	0.0	-9.381361	5.182586	1
2270	DUSP23	0.19180912	0.0	-10.906207	15.513928	1
2284	PIGM	0.06430713	0.0	-9.331077	5.5752316	1
2287	IGSF8	0.15632601	0.0	-10.611265	12.118466	1
2293	DCAF8	0.20182747	0.0	-10.979622	15.59	1
2295	PEX19	0.09506152	0.0	-9.894235	7.6092725	1
2296	COPA	0.73220366	0.0	-12.838226	44.55244	1
2297	NCSTN	0.21989277	0.0	-11.10324	18.187233	1
2313	F11R	0.10657996	0.0	-10.059073	7.593758	1
2314	TSTD1	0.08875001	0.0	-9.795228	6.939665	1
2321	NIT1	0.0774521	0.0	-9.599022	6.6401258	1
2322	DEDD	0.09488802	0.0	-9.891602	7.414808	1
2327	B4GALT3	0.13722831	0.0	-10.423413	10.067652	1
2351	DUSP12	0.13187277	0.0	-10.366025	10.65275	1
2364	UAP1	0.14756651	0.0	-10.528127	10.708467	1
2366	DDR2	0.23119219	0.0	-11.175501	16.110064	1
2369	RGS4	0.101091504	0.0	-9.982873	6.8059626	1
2370	RGS5	0.81054157	0.0	-12.984849	38.702	1
2387	ALDH9A1	0.25956452	0.0	-11.342433	19.599924	1
2416	RCSD1	0.11773916	0.0	-10.202603	9.527636	1
2417	MPZL1	0.3439059	0.0	-11.748218	26.814	1
2421	DCAF6	0.116315156	0.0	-10.185063	9.403085	1
2422	GPR161	0.08455127	0.0	-9.725388	6.5282035	1
2423	TIPRL	0.4945857	0.0	-12.272297	35.941715	1
2424	SFT2D2	0.13652311	0.0	-10.415986	10.862707	1
2438	NME7	0.14074631	0.0	-10.459907	10.970881	1
2440	BLZF1	0.10991149	0.0	-10.103438	8.039665	1
2473	VAMP4	0.06580924	0.0	-9.364337	5.405902	1
2474	EEF1AKNMT	0.0735691	0.0	-9.524916	5.6906037	1
2479	PIGC	0.23117976	0.0	-11.175424	18.000061	1
2481	SUCO	0.48964518	0.0	-12.257815	36.01414	1
2494	KLHL20	0.097516365	0.0	-9.930979	8.039046	1
2505	RABGAP1L	0.124187775	0.0	-10.279469	9.659372	1
2510	CACYBP	0.37245128	0.0	-11.863223	27.521994	1
2511	MRPS14	0.24319512	0.0	-11.248491	18.695374	1
2520	COP1	0.12386565	0.0	-10.275724	9.353557	1
2543	ABL2	0.10110237	0.0	-9.983027	8.437851	1
2556	TOR1AIP1	0.16902728	0.0	-10.723894	12.732138	1
2561	QSOX1	0.5094632	0.0	-12.315045	31.505114	1
2570	STX6	0.15268043	0.0	-10.577244	12.571752	1
2588	RNASEL	0.06967989	0.0	-9.446668	5.240136	1
2589	RGS16	0.08979278	0.0	-9.812061	5.693585	1
2595	DHX9	0.2506386	0.0	-11.291968	18.907543	1
2597	LAMC1	0.70869565	0.0	-12.791154	44.55244	1
2608	RGL1	0.39538592	0.0	-11.94941	30.888605	1
2611	COLGALT2	0.07754297	0.0	-9.600712	6.284958	1
2616	C1orf21	0.75661343	0.0	-12.885531	44.55244	1
2621	NIBAN1	0.12129429	0.0	-10.245485	8.705868	1
2623	RNF2	0.14997023	0.0	-10.551422	12.024529	1
2624	TRMT1L	0.103603475	0.0	-10.018249	8.424656	1
2626	IVNS1ABP	0.18428549	0.0	-10.84851	13.818819	1
2630	HMCN1	0.10416605	0.0	-10.026053	8.329548	1
2640	PTGS2	0.24177371	0.0	-11.240038	15.323232	1
2642	PLA2G4A	0.061224185	0.0	-9.260312	5.2530527	1
2670	RGS2	0.3685076	0.0	-11.84787	21.446058	1
2674	CDC73	0.3678393	0.0	-11.845252	25.615234	1
2686	CFH	0.133337	0.0	-10.381943	9.870215	1
2694	ZBTB41	0.16384175	0.0	-10.678967	12.234269	1
2722	CAMSAP2	0.30746347	0.0	-11.586668	23.352709	1
2730	TMEM9	0.5253831	0.0	-12.359428	39.388042	1
2734	TNNT2	0.42226875	0.0	-12.044288	24.291964	1
2737	TNNI1	0.589725	0.0	-12.526072	32.4895	1
2740	CSRP1	0.0944331	0.0	-9.884676	7.740513	1
2747	SHISA4	0.09132797	0.0	-9.836492	7.14334	1
2751	RNPEP	0.14929418	0.0	-10.544909	11.34622	1
2760	PPP1R12B	0.08211973	0.0	-9.683341	6.2609415	1
2766	PCAT6	0.20395733	0.0	-10.994759	14.63558	1
2769	ADIPOR1	0.32254213	0.0	-11.655719	25.371984	1
2770	CYB5R1	0.14529943	0.0	-10.505806	11.401501	1
2771	TMEM183A	0.2735359	0.0	-11.418042	20.776123	1
2772	PPFIA4	0.08412737	0.0	-9.718145	6.2960253	1
2782	BTG2	0.32415903	0.0	-11.662931	19.14236	1
2805	PPP1R15B	0.1342793	0.0	-10.392096	10.7287655	1
2807	MDM4	0.34910396	0.0	-11.769855	25.485294	1
2828	ELK4	0.19234878	0.0	-10.910259	14.04965	1
2831	RAB29	0.07421083	0.0	-9.537429	6.501678	1
2833	SLC41A1	0.14706555	0.0	-10.523225	12.285979	1
2851	EIF2D	0.15725814	0.0	-10.619836	12.216951	1
2853	DYRK3	0.08029785	0.0	-9.651013	6.475171	1
2859	FCMR	0.058540024	0.0	-9.195742	5.005233	1
2899	G0S2	0.31661636	0.0	-11.628976	19.829988	1
2916	TRAF5	0.086391054	0.0	-9.756407	6.8155394	1
2934	PPP2R5A	0.13678315	0.0	-10.418729	10.293975	1
2951	NSL1	0.19836646	0.0	-10.9546795	15.144833	1
2952	TATDN3	0.079100005	0.0	-9.629356	6.559614	1
2955	FLVCR1	0.07710183	0.0	-9.592491	6.4714613	1
2958	ANGEL2	0.1613468	0.0	-10.656843	12.267885	1
2968	SMYD2	0.17868114	0.0	-10.803979	13.446204	1
2970	PTPN14	0.11615054	0.0	-10.183022	8.943533	1
2981	GPATCH2	0.21094696	0.0	-11.043348	16.311432	1
2988	RRP15	0.13237944	0.0	-10.371552	10.159703	1
2990	TGFB2	0.18736006	0.0	-10.872368	14.020536	1
3004	BPNT1	0.09055667	0.0	-9.824269	7.594505	1
3012	MARC2	0.060243517	0.0	-9.237055	5.3071976	1
3023	DUSP10	0.08335141	0.0	-9.704793	6.2150416	1
3049	CAPN2	0.396473	0.0	-11.953371	29.168776	1
3057	CNIH4	0.46096683	0.0	-12.17076	34.327366	1
3058	WDR26	0.15757999	0.0	-10.622784	12.5563755	1
3065	DNAH14	0.087918654	0.0	-9.781666	7.0148115	1
3073	EPHX1	0.06693987	0.0	-9.388876	5.5433583	1
3075	TMEM63A	0.07811259	0.0	-9.611257	6.477131	1
3077	PYCR2	0.082896605	0.0	-9.696909	6.4840055	1
3080	SDE2	0.07648552	0.0	-9.580928	6.5904217	1
3091	ITPKB	0.070289	0.0	-9.459207	6.037049	1
3106	JMJD4	0.061521586	0.0	-9.267292	5.4354067	1
3115	MRPL55	0.31321114	0.0	-11.61338	23.709953	1
3122	OBSCN	0.12043992	0.0	-10.235295	8.976577	1
3136	RHOU	0.22368598	0.0	-11.127904	13.43125	1
3145	CCSAP	0.06595966	0.0	-9.367626	5.445122	1
3155	GALNT2	0.29837495	0.0	-11.543394	22.039764	1
3167	C1orf198	0.06619417	0.0	-9.372738	5.526345	1
3176	C1orf131	0.14362414	0.0	-10.489087	11.054914	1
3177	GNPAT	0.13961051	0.0	-10.448225	11.031771	1
3179	SPRTN	0.055867847	0.0	-9.128454	5.080123	1
3198	KCNK1	0.09804323	0.0	-9.938745	6.7106037	1
3234	GGPS1	0.21934545	0.0	-11.099647	17.007725	1
3238	B3GALNT2	0.06345963	0.0	-9.311967	5.8483377	1
3240	LYST	0.13006146	0.0	-10.3460865	9.609002	1
3246	GPR137B	0.14547777	0.0	-10.507574	11.278085	1
3249	LGALS8	0.14866862	0.0	-10.538855	10.891163	1
3253	HEATR1	0.08988138	0.0	-9.813483	7.6446333	1
3285	FH	0.17342953	0.0	-10.760965	13.553654	1
3288	CHML	0.06753794	0.0	-9.401689	5.038351	1
3325	KIF26B	0.10156904	0.0	-9.989665	8.257141	1
3329	SMYD3	0.14693843	0.0	-10.521977	11.988145	1
3342	AHCTF1	0.22641213	0.0	-11.145372	16.491043	1
3345	ZNF669	0.09104942	0.0	-9.832089	7.1854906	1
3351	ZNF496	0.060797837	0.0	-9.250247	5.297449	1
3406	ZNF672	0.061007816	0.0	-9.255213	5.16606	1
3412	SH3YL1	0.25061104	0.0	-11.29181	19.692097	1
3425	TMEM18	0.3263609	0.0	-11.672694	23.171276	1
3445	PXDN	1.2947861	0.0	-13.660538	44.55244	1
3460	TRAPPC12	0.098285496	0.0	-9.942302	7.4428353	1
3470	COLEC11	0.8165815	0.0	-12.995558	43.598198	1
3520	ASAP2	0.08807197	0.0	-9.784177	7.754902	1
3522	CPSF3	0.102613814	0.0	-10.004415	7.8814244	1
3524	ADAM17	0.25512773	0.0	-11.31757	18.74708	1
3538	KLF11	0.1016364	0.0	-9.990621	7.848371	1
3547	NOL10	0.10672871	0.0	-10.061084	8.991145	1
3559	SLC66A3	0.071783856	0.0	-9.489524	6.5023613	1
3569	LPIN1	0.07365936	0.0	-9.526683	6.6247926	1
3577	TRIB2	0.3318218	0.0	-11.696628	24.20928	1
3587	NBAS	0.21806537	0.0	-11.091207	15.965957	1
3589	DDX1	0.32151175	0.0	-11.651104	26.123108	1
3606	FAM49A	0.068491705	0.0	-9.42189	5.8341	1
3637	PUM2	0.12929349	0.0	-10.337549	10.687925	1
3641	HS1BP3	0.10308529	0.0	-10.011022	8.045739	1
3668	ATAD2B	0.11296169	0.0	-10.142895	9.312109	1
3669	UBXN2A	0.19990931	0.0	-10.965852	15.351553	1
3674	FAM228B	0.17979251	0.0	-10.81292	12.957696	1
3680	ITSN2	0.13239513	0.0	-10.371724	10.198649	1
3683	NCOA1	0.12228968	0.0	-10.257266	10.27435	1
3684	PTRHD1	0.22158787	0.0	-11.114314	17.132078	1
3694	DNMT3A	0.21095785	0.0	-11.043423	15.554939	1
3699	KIF3C	0.06181498	0.0	-9.274145	5.2693443	1
3713	SLC35F6	0.07234485	0.0	-9.500739	5.515505	1
3717	MAPRE3	0.12633197	0.0	-10.304146	10.06114	1
3726	EMILIN1	1.0721518	0.0	-13.388356	44.55244	1
3730	PREB	0.07425831	0.0	-9.53835	5.609084	1
3740	MPV17	0.3712613	0.0	-11.858607	27.22305	1
3744	EIF2B4	0.09285746	0.0	-9.860427	7.0816455	1
3745	SNX17	0.35626793	0.0	-11.799151	25.971813	1
3751	FNDC4	0.09773174	0.0	-9.934159	7.979397	1
3757	SUPT7L	0.096306376	0.0	-9.912985	7.8360705	1
3762	BABAM2	0.110447586	0.0	-10.110452	9.30354	1
3765	FOSL2	0.16452152	0.0	-10.6849375	12.398188	1
3775	TRMT61B	0.05613678	0.0	-9.13537	5.656307	1
3787	LBH	0.29741412	0.0	-11.538742	21.257383	1
3796	EHD3	0.09089429	0.0	-9.829632	6.937505	1
3802	MEMO1	0.08080558	0.0	-9.660095	6.7031145	1
3805	SPAST	0.065437056	0.0	-9.356167	5.5799913	1
3807	SLC30A6	0.064103656	0.0	-9.326511	5.5143833	1
3814	AL133243.3	0.062850244	0.0	-9.298068	5.4139004	1
3819	LTBP1	0.6400219	0.0	-12.644131	39.61288	1
3821	RASGRP3	0.09159779	0.0	-9.840743	7.0832386	1
3823	FAM98A	0.2718651	0.0	-11.409205	20.595673	1
3842	CEBPZOS	0.24609025	0.0	-11.265558	18.658287	1
3845	NDUFAF7	0.08074762	0.0	-9.659061	6.1236744	1
3846	PRKD3	0.21867955	0.0	-11.095263	17.276392	1
3868	GALM	0.06897199	0.0	-9.431957	5.7847023	1
3871	GEMIN6	0.08955427	0.0	-9.8082285	6.9799523	1
3872	DHX57	0.10965906	0.0	-10.100124	8.841979	1
3880	MAP4K3	0.20660461	0.0	-11.013355	16.218287	1
3882	MAP4K3-DT	0.14568864	0.0	-10.509663	11.374703	1
3884	THUMPD2	0.111559674	0.0	-10.124892	8.9361515	1
3896	PKDCC	0.18807131	0.0	-10.8778305	13.630269	1
3910	ZFP36L2	0.1360507	0.0	-10.410989	10.345212	1
3913	THADA	0.124398656	0.0	-10.281915	10.0765295	1
3916	DYNC2LI1	0.1344678	0.0	-10.394117	10.491952	1
3921	PPM1B	0.07227127	0.0	-9.499273	6.2876525	1
3948	PIGF	0.20202425	0.0	-10.981027	16.04179	1
3951	SOCS5	0.10799075	0.0	-10.078028	9.179833	1
3965	MSH2	0.1385198	0.0	-10.436917	10.243159	1
3972	FOXN2	0.11536839	0.0	-10.173283	9.103212	1
3974	PPP1R21	0.07378388	0.0	-9.529116	6.0313864	1
3975	STON1	0.082295984	0.0	-9.68643	6.979897	1
3983	NRXN1	0.10294888	0.0	-10.009113	7.2163687	1
3994	ASB3	0.076012835	0.0	-9.571996	5.7220516	1
3998	PSME4	0.11496113	0.0	-10.168185	8.969904	1
3999	ACYP2	0.13274597	0.0	-10.375539	10.191801	1
4016	CCDC88A	0.66282356	0.0	-12.694627	44.55244	1
4017	CFAP36	0.3567318	0.0	-11.801028	26.280018	1
4030	FANCL	0.09157593	0.0	-9.840399	6.913583	1
4042	BCL11A	0.12980747	0.0	-10.343268	9.990581	1
4046	REL	0.119498275	0.0	-10.223981	9.466386	1
4049	PEX13	0.10085616	0.0	-9.979513	7.746639	1
4050	KIAA1841	0.08007103	0.0	-9.646937	6.4744453	1
4051	AC016747.1	0.16019861	0.0	-10.646546	12.050689	1
4052	C2orf74	0.13780013	0.0	-10.429408	10.578495	1
4054	USP34	0.36002836	0.0	-11.814296	25.48432	1
4065	B3GNT2	0.14795649	0.0	-10.531932	11.305552	1
4069	EHBP1	0.13305756	0.0	-10.378919	10.427407	1
4080	PELI1	0.07773828	0.0	-9.604336	6.464714	1
4086	LGALSL	0.0812615	0.0	-9.668202	6.9643784	1
4089	AFTPH	0.07796983	0.0	-9.608622	6.4165416	1
4091	SERTAD2	0.13670978	0.0	-10.417955	11.411918	1
4098	CEP68	0.09668981	0.0	-9.918712	7.7804446	1
4101	SPRED2	0.16741991	0.0	-10.710117	12.758204	1
4126	C1D	0.36345646	0.0	-11.827964	26.07594	1
4129	PPP3R1	0.12557416	0.0	-10.295472	10.446892	1
4132	CNRIP1	0.1325859	0.0	-10.373799	10.137519	1
4151	GMCL1	0.17840993	0.0	-10.801788	13.644102	1
4152	SNRNP27	0.284876	0.0	-11.4766245	22.372202	1
4155	PCBP1-AS1	0.093675226	0.0	-9.873063	7.3516564	1
4183	MCEE	0.13049115	0.0	-10.3508415	9.523132	1
4196	RAB11FIP5	0.06687421	0.0	-9.387462	5.1828575	1
4200	PRADC1	0.1170542	0.0	-10.194193	9.693483	1
4210	TPRKB	0.34534517	0.0	-11.754241	25.567793	1
4212	DUSP11	0.14750768	0.0	-10.527552	11.831292	1
4221	TET3	0.07705612	0.0	-9.591637	6.327401	1
4224	BOLA3-AS1	0.08968379	0.0	-9.810311	6.43169	1
4227	MTHFD2	0.5723466	0.0	-12.482925	35.736526	1
4233	WDR54	0.41205624	0.0	-12.008976	28.95896	1
4235	INO80B	0.0665361	0.0	-9.38016	5.242546	1
4236	WBP1	0.31662387	0.0	-11.62901	24.18618	1
4241	TTC31	0.062697925	0.0	-9.294573	5.6843596	1
4245	PCGF1	0.08555818	0.0	-9.742447	6.5525427	1
4250	LOXL3	0.5267123	0.0	-12.363073	35.986286	1
4268	GCFC2	0.064018495	0.0	-9.324596	5.0375304	1
4315	TCF7L1	0.22532654	0.0	-11.138442	17.47577	1
4325	MAT2A	0.31624642	0.0	-11.62729	24.812807	1
4326	GGCX	0.1504459	0.0	-10.555987	11.776009	1
4330	TMEM150A	0.08868529	0.0	-9.794177	6.9807835	1
4337	ST3GAL5	0.14261332	0.0	-10.478905	9.897802	1
4342	PTCD3	0.15923831	0.0	-10.637877	12.592081	1
4343	IMMT	0.47068295	0.0	-12.200847	35.742226	1
4345	MRPL35	0.14534785	0.0	-10.506287	10.860833	1
4347	KDM3A	0.36260542	0.0	-11.824583	27.232712	1
4348	CHMP3	0.43832767	0.0	-12.098124	33.42889	1
4350	RNF103	0.0898171	0.0	-9.812451	7.033384	1
4351	RMND5A	0.103257686	0.0	-10.01343	7.907599	1
4366	KRCC1	0.19301884	0.0	-10.915273	15.489086	1
4369	THNSL2	0.094083205	0.0	-9.879326	7.2176447	1
4373	EIF2AK3	0.085242294	0.0	-9.737117	7.0554714	1
4377	IGKC	0.19503616	0.0	-10.930265	11.418137	1
4476	FAHD2A	0.09190352	0.0	-9.845545	7.3971786	1
4482	LINC00342	0.2250668	0.0	-11.136779	15.752031	1
4483	ANKRD36C	0.18100475	0.0	-10.822609	13.82408	1
4491	TMEM127	0.079328746	0.0	-9.633517	6.3941846	1
4492	CIAO1	0.310211	0.0	-11.599499	22.995308	1
4502	LMAN2L	0.066210136	0.0	-9.373086	5.4046006	1
4507	ANKRD39	0.09647371	0.0	-9.915486	8.345714	1
4508	SEMA4C	0.097363934	0.0	-9.928724	8.07217	1
4515	ANKRD36	0.11050748	0.0	-10.111234	9.134355	1
4526	AC092683.1	0.08869025	0.0	-9.794257	7.260138	1
4531	ACTR1B	0.14142394	0.0	-10.46683	10.547176	1
4534	TMEM131	0.260031	0.0	-11.345023	19.693089	1
4540	COA5	0.2431279	0.0	-11.248093	18.43431	1
4548	LIPT1	0.09821223	0.0	-9.941227	7.663738	1
4550	MRPL30	0.13276844	0.0	-10.375783	10.525489	1
4563	PDCL3	0.14051817	0.0	-10.457567	10.926694	1
4576	CNOT11	0.12953804	0.0	-10.340274	9.9334545	1
4587	IL1R1	0.1678731	0.0	-10.714015	12.092332	1
4624	MRPS9	0.18272918	0.0	-10.836281	13.646625	1
4632	C2orf49	0.2108948	0.0	-11.042992	15.712763	1
4633	FHL2	0.15756267	0.0	-10.622625	11.236226	1
4637	NCK2	0.42592508	0.0	-12.056723	30.004269	1
4641	UXS1	0.114173904	0.0	-10.15828	9.266915	1
4676	SOWAHC	0.0935656	0.0	-9.871375	7.157208	1
4683	MTLN	0.21895607	0.0	-11.097084	17.873144	1
4704	ANAPC1	0.071520604	0.0	-9.484231	5.8698573	1
4712	ZC3H6	0.26983416	0.0	-11.398392	19.285662	1
4716	CHCHD5	0.30815038	0.0	-11.589887	24.306314	1
4771	INSIG2	0.48748717	0.0	-12.251445	31.91688	1
4780	C2orf76	0.07212687	0.0	-9.496392	6.31063	1
4787	PTPN4	0.077792294	0.0	-9.605337	6.3590417	1
4788	EPB41L5	0.06961917	0.0	-9.445412	6.161938	1
4791	RALB	0.32367402	0.0	-11.660771	23.395376	1
4797	GLI2	0.06932299	0.0	-9.43927	5.5726495	1
4802	CLASP1	0.10833151	0.0	-10.082568	8.944419	1
4804	NIFK-AS1	0.11744951	0.0	-10.199053	8.222911	1
4827	BIN1	0.2619633	0.0	-11.3557	19.067911	1
4844	POLR2D	0.109381	0.0	-10.096465	8.061289	1
4848	SAP130	0.06193562	0.0	-9.276953	5.4013634	1
4849	UGGT1	0.1525946	0.0	-10.576433	11.856069	1
4861	SMPD4	0.09869535	0.0	-9.948299	8.090556	1
4865	IMP4	0.1561537	0.0	-10.609674	11.774153	1
4889	CCDC74A	0.0708664	0.0	-9.470992	6.1308246	1
4892	C2orf27A	0.09493187	0.0	-9.892267	7.5841002	1
4912	MGAT5	0.19184096	0.0	-10.906447	14.738476	1
4919	RAB3GAP1	0.19248438	0.0	-10.911275	14.671826	1
4921	R3HDM1	0.15751322	0.0	-10.622172	11.687514	1
4931	HNMT	0.18814117	0.0	-10.878366	13.828844	1
4935	SPOPL	0.06267586	0.0	-9.294066	5.44818	1
4958	GTDC1	0.09040012	0.0	-9.821776	7.3838983	1
4975	ACVR2A	0.081274174	0.0	-9.668427	6.4569035	1
4977	ORC4	0.18246657	0.0	-10.834207	15.071171	1
4978	MBD5	0.23516269	0.0	-11.200057	18.056923	1
4979	EPC2	0.14514789	0.0	-10.504302	11.108822	1
5000	RBM43	0.12020331	0.0	-10.232461	9.400633	1
5011	FMNL2	0.091889955	0.0	-9.845332	7.7680593	1
5015	ARL6IP6	0.20156005	0.0	-10.97771	14.692799	1
5029	NR4A2	0.0989697	0.0	-9.9523	6.8177123	1
5035	GALNT5	0.06178489	0.0	-9.273443	5.273929	1
5059	CD302	0.09554164	0.0	-9.901495	7.6963186	1
5066	RBMS1	1.1062422	0.0	-13.43351	44.55244	1
5068	TANK	0.21522136	0.0	-11.072276	16.636843	1
5084	GCA	0.18966761	0.0	-10.890018	13.40457	1
5096	CSRNP3	0.091883525	0.0	-9.845232	7.4687696	1
5112	STK39	0.16220167	0.0	-10.664462	12.946417	1
5113	CERS6	0.28157324	0.0	-11.459806	20.91087	1
5115	NOSTRIN	0.08985719	0.0	-9.813095	6.9298744	1
5128	KLHL23	0.08217227	0.0	-9.684262	6.0171833	1
5131	UBR3	0.10193231	0.0	-9.99481	8.051188	1
5145	TLK1	0.23769546	0.0	-11.215506	18.522532	1
5146	METTL8	0.07332902	0.0	-9.520206	6.774473	1
5151	HAT1	0.19260333	0.0	-10.912166	14.265531	1
5163	PDK1	0.35033375	0.0	-11.774926	25.288471	1
5174	OLA1	0.4005268	0.0	-11.968043	29.298166	1
5178	SCRN3	0.062427737	0.0	-9.288353	5.069538	1
5179	GPR155	0.14032827	0.0	-10.455618	11.271355	1
5186	ATF2	0.23573214	0.0	-11.203545	17.068485	1
5192	LNPK	0.24179244	0.0	-11.24015	17.442198	1
5207	MTX2	0.2644502	0.0	-11.369326	19.917185	1
5224	AGPS	0.1301709	0.0	-10.3473	11.041594	1
5236	FKBP7	0.5266004	0.0	-12.362767	38.03956	1
5239	TTN	0.34250826	0.0	-11.742344	19.801088	1
5248	CCDC141	0.05962206	0.0	-9.22212	5.214293	1
5266	ITPRID2	0.5165888	0.0	-12.33508	35.79935	1
5271	FRZB	0.08813531	0.0	-9.7852125	6.522763	1
5295	FAM171B	0.06523427	0.0	-9.351696	5.589718	1
5298	CALCRL	0.09143625	0.0	-9.8382	7.2733345	1
5307	WDR75	0.16086167	0.0	-10.652501	12.690587	1
5310	ASNSD1	0.105047554	0.0	-10.038199	8.214794	1
5317	PMS1	0.078287415	0.0	-9.614478	6.572769	1
5320	HIBCH	0.16996667	0.0	-10.731885	12.884833	1
5327	NAB1	0.100919336	0.0	-9.980416	7.504431	1
5330	GLS	0.33306482	0.0	-11.702021	24.416042	1
5337	MYO1B	0.4435652	0.0	-12.115255	33.421135	1
5340	CAVIN2	0.08612163	0.0	-9.751906	6.556879	1
5357	SLC39A10	0.44530743	0.0	-12.12091	31.763489	1
5367	PGAP1	0.2777517	0.0	-11.4401	20.26235	1
5377	RFTN2	0.11638244	0.0	-10.185897	8.701361	1
5401	SGO2	0.07596307	0.0	-9.571053	5.5807304	1
5408	NIF3L1	0.06928007	0.0	-9.438377	5.6186748	1
5409	ORC2	0.06719971	0.0	-9.394457	5.609578	1
5411	FAM126B	0.14976206	0.0	-10.549419	11.575063	1
5414	CFLAR	0.18243942	0.0	-10.833992	13.426019	1
5421	STRADB	0.06512418	0.0	-9.349263	5.8753757	1
5423	TMEM237	0.1139527	0.0	-10.155485	8.444406	1
5435	NOP58	0.16809788	0.0	-10.715944	12.695503	1
5439	BMPR2	0.53052783	0.0	-12.373485	39.267525	1
5440	FAM117B	0.06702245	0.0	-9.390652	5.1969	1
5442	WDR12	0.08852715	0.0	-9.791605	6.439288	1
5448	RAPH1	0.07211811	0.0	-9.496217	6.343799	1
5468	ZDBF2	0.27394673	0.0	-11.420206	20.438879	1
5469	ADAM23	0.07479919	0.0	-9.548806	6.4120975	1
5475	FASTKD2	0.116861716	0.0	-10.191821	9.520347	1
5489	CREB1	0.26928768	0.0	-11.395468	19.947855	1
5504	PIKFYVE	0.12022577	0.0	-10.23273	9.948235	1
5509	MAP2	0.19193852	0.0	-10.90718	13.212613	1
5511	RPE	0.108645685	0.0	-10.086742	8.580631	1
5512	KANSL1L	0.072214685	0.0	-9.498145	5.9627023	1
5519	LANCL1	0.067349516	0.0	-9.397664	5.5058455	1
5536	BARD1	0.10398485	0.0	-10.023544	7.532764	1
5542	ATIC	0.14552578	0.0	-10.50805	11.576567	1
5569	IGFBP2	2.7127364	0.0	-14.727514	44.55244	1
5570	IGFBP5	1.3491709	0.0	-13.7198925	44.55244	1
5584	TNS1	0.1919271	0.0	-10.907094	14.189043	1
5607	BCS1L	0.06539807	0.0	-9.355309	5.3945684	1
5611	CYP27A1	0.06441276	0.0	-9.333441	5.0148077	1
5630	CNPPD1	0.10444863	0.0	-10.029959	8.317078	1
5634	ABCB6	0.13760774	0.0	-10.427394	9.499221	1
5636	ANKZF1	0.17777427	0.0	-10.796642	14.676841	1
5638	STK16	0.17990635	0.0	-10.813832	13.530612	1
5642	PTPRN	0.20026293	0.0	-10.9684	13.187251	1
5649	SPEG	0.12256437	0.0	-10.260501	8.828338	1
5653	GMPPA	0.107780546	0.0	-10.075219	9.174368	1
5655	CHPF	0.8812549	0.0	-13.105508	44.55244	1
5658	OBSL1	0.30214694	0.0	-11.561512	21.043129	1
5681	FARSB	0.09547355	0.0	-9.900468	7.219475	1
5685	KCNE4	0.2269845	0.0	-11.1490135	14.2613945	1
5706	COL4A4	0.09669629	0.0	-9.918808	6.31514	1
5732	TRIP12	0.35326207	0.0	-11.786931	29.15357	1
5733	FBXO36	0.057108223	0.0	-9.160079	5.187515	1
5737	SP110	0.11813242	0.0	-10.20741	9.266714	1
5739	SP140L	0.106362686	0.0	-10.056132	7.8138733	1
5740	SP100	0.2422316	0.0	-11.242767	18.846113	1
5743	CAB39	0.12572344	0.0	-10.297185	9.575863	1
5755	ARMC9	0.11418876	0.0	-10.158468	9.07026	1
5782	EIF4E2	0.6010372	0.0	-12.553478	44.55244	1
5785	GIGYF2	0.29827976	0.0	-11.542933	21.105713	1
5796	DGKD	0.18677995	0.0	-10.867896	13.222243	1
5819	ARL4C	0.14764382	0.0	-10.528882	9.7002125	1
5825	AGAP1	0.19957148	0.0	-10.963412	14.962269	1
5841	COL6A3	1.7234745	0.0	-14.073116	44.55244	1
5853	UBE2F	0.22595435	0.0	-11.142454	17.290682	1
5858	ILKAP	0.10205595	0.0	-9.996557	8.121958	1
5862	PER2	0.05968525	0.0	-9.223646	5.0362754	1
5865	TRAF3IP1	0.10597391	0.0	-10.050854	8.64678	1
5866	ASB1	0.08590856	0.0	-9.748337	7.407436	1
5899	RNPEPL1	0.12230809	0.0	-10.2574835	9.289928	1
5906	KIF1A	0.07764113	0.0	-9.602534	5.5821233	1
5923	FARP2	0.11478366	0.0	-10.165957	9.1167	1
5925	STK25	0.26499513	0.0	-11.372294	20.912302	1
5927	BOK	0.080747895	0.0	-9.659066	6.5984287	1
5929	THAP4	0.08356897	0.0	-9.708549	7.0480466	1
5930	ATG4B	0.1519607	0.0	-10.570432	12.006505	1
5932	ING5	0.09900432	0.0	-9.952805	7.4638486	1
5934	D2HGDH	0.08933157	0.0	-9.804641	6.6184235	1
5969	CRBN	0.3540419	0.0	-11.790112	26.43561	1
5986	EDEM1	0.099449344	0.0	-9.959268	7.8695555	1
6005	RAD18	0.07298974	0.0	-9.513525	6.1152387	1
6013	THUMPD3-AS1	0.46373683	0.0	-12.179401	35.27615	1
6021	OGG1	0.104410365	0.0	-10.02943	8.291254	1
6023	TADA3	0.33205417	0.0	-11.697638	24.796646	1
6027	RPUSD3	0.1394302	0.0	-10.446362	11.212238	1
6029	JAGN1	0.31399792	0.0	-11.616999	25.084845	1
6060	HRH1	0.06742985	0.0	-9.399382	5.143791	1
6062	ATG7	0.075240634	0.0	-9.557284	5.889225	1
6066	TAMM41	0.10790616	0.0	-10.076898	8.776176	1
6069	PPARG	0.062155887	0.0	-9.282066	5.5815253	1
6072	MKRN2	0.16423014	0.0	-10.682382	13.246352	1
6073	RAF1	0.20217793	0.0	-10.982123	15.975284	1
6079	IQSEC1	0.13335729	0.0	-10.382162	10.150079	1
6083	FBLN2	0.5318039	0.0	-12.37695	34.000004	1
6087	CHCHD4	0.07128371	0.0	-9.479451	5.8996196	1
6088	TMEM43	0.1463959	0.0	-10.5166445	11.391707	1
6090	XPC	0.30796808	0.0	-11.589033	21.473993	1
6094	SLC6A6	0.093738645	0.0	-9.874039	7.0968523	1
6104	FGD5-AS1	0.29678112	0.0	-11.535669	22.855299	1
6105	NR2C2	0.12586874	0.0	-10.29885	9.866847	1
6107	RBSN	0.10317099	0.0	-10.012219	7.9029775	1
6112	EAF1	0.08878599	0.0	-9.795813	6.7803774	1
6116	HACL1	0.06294904	0.0	-9.300331	5.273487	1
6123	DPH3	0.31601197	0.0	-11.62622	24.612085	1
6142	SATB1	0.14771383	0.0	-10.529566	11.203923	1
6146	AC061958.1	0.10889598	0.0	-10.090059	8.743357	1
6174	OXSM	0.069207214	0.0	-9.436862	5.5547247	1
6180	SLC4A7	0.21873921	0.0	-11.095655	16.32981	1
6186	CMC1	0.23144543	0.0	-11.177079	16.669888	1
6196	TGFBR2	0.55261576	0.0	-12.4323225	37.051243	1
6199	STT3B	0.17831327	0.0	-10.801007	14.155685	1
6200	OSBPL10	0.06296335	0.0	-9.300658	5.407172	1
6206	CMTM7	0.16970463	0.0	-10.72966	13.766417	1
6207	CMTM6	0.46478808	0.0	-12.182668	33.974197	1
6218	FBXL2	0.087941706	0.0	-9.782043	6.64948	1
6219	UBP1	0.0873762	0.0	-9.772747	7.744315	1
6220	CLASP2	0.13194469	0.0	-10.366811	10.276484	1
6236	MLH1	0.07315237	0.0	-9.516731	6.172779	1
6243	ITGA9	0.075662255	0.0	-9.565335	5.862971	1
6247	PLCD1	0.100597054	0.0	-9.975806	7.8118215	1
6249	ACAA1	0.15592794	0.0	-10.607589	11.978215	1
6250	MYD88	0.06589492	0.0	-9.366211	5.6304483	1
6256	ACVR2B	0.13384655	0.0	-10.387442	10.0650425	1
6257	EXOG	0.06843666	0.0	-9.4207325	5.8451724	1
6265	CSRNP1	0.096008874	0.0	-9.908525	7.8161745	1
6283	EIF1B	1.214649	0.0	-13.568371	44.55244	1
6289	ZNF621	0.10109386	0.0	-9.982906	7.555626	1
6295	CTNNB1	0.42584926	0.0	-12.056466	32.559788	1
6297	TRAK1	0.0729796	0.0	-9.513325	5.3657746	1
6325	POMGNT2	0.05975936	0.0	-9.225433	5.2444353	1
6328	SNRK	0.06397327	0.0	-9.323579	5.3760686	1
6330	ANO10	0.0565752	0.0	-9.146574	5.0860534	1
6331	ABHD5	0.08711117	0.0	-9.768369	6.778247	1
6338	TCAIM	0.12260185	0.0	-10.2609415	9.73767	1
6340	ZNF445	0.13691771	0.0	-10.420147	10.640682	1
6344	ZNF660	0.0726135	0.0	-9.50608	5.80604	1
6345	ZNF197	0.09528954	0.0	-9.897687	7.480079	1
6351	KIAA1143	0.15939271	0.0	-10.639275	12.1614	1
6353	TMEM42	0.14197052	0.0	-10.472391	10.595918	1
6357	EXOSC7	0.3030416	0.0	-11.565776	22.891027	1
6360	TMEM158	0.12140708	0.0	-10.246824	6.975893	1
6365	SACM1L	0.108144015	0.0	-10.080071	8.381859	1
6367	LZTFL1	0.059913166	0.0	-9.2291355	5.1156106	1
6390	MYL3	0.06263791	0.0	-9.293194	5.1035757	1
6391	PTH1R	0.0795076	0.0	-9.636763	5.9127307	1
6394	SETD2	0.29150584	0.0	-11.509804	21.506903	1
6396	KIF9	0.08009957	0.0	-9.64745	6.4030457	1
6399	PTPN23	0.07333741	0.0	-9.520371	6.0637918	1
6401	ELP6	0.1484095	0.0	-10.53634	11.46938	1
6403	SMARCC1	0.70928466	0.0	-12.792353	44.55244	1
6406	MAP4	0.6633414	0.0	-12.695753	44.55244	1
6410	NME6	0.17692713	0.0	-10.789755	13.867277	1
6419	SHISA5	0.5159999	0.0	-12.333435	41.508293	1
6420	PFKFB4	0.24078731	0.0	-11.234142	17.421852	1
6429	NCKIPSD	0.06133235	0.0	-9.262855	5.145401	1
6430	IP6K2	0.36559272	0.0	-11.836416	27.40431	1
6431	PRKAR2A	0.45160547	0.0	-12.141167	33.32374	1
6435	ARIH2	0.20313637	0.0	-10.988943	15.605131	1
6439	P4HTM	0.091067605	0.0	-9.832377	7.0842457	1
6440	WDR6	0.15670976	0.0	-10.6147995	11.952645	1
6441	DALRD3	0.21687052	0.0	-11.083283	14.76044	1
6442	NDUFAF3	0.5683767	0.0	-12.472886	41.91495	1
6443	IMPDH2	0.49947906	0.0	-12.286497	35.697376	1
6445	QRICH1	0.10527198	0.0	-10.041276	9.158109	1
6446	QARS	0.2591104	0.0	-11.339908	20.803158	1
6447	USP19	0.0591828	0.0	-9.21147	5.0014753	1
6448	LAMB2	0.33125633	0.0	-11.694168	24.23325	1
6450	KLHDC8B	0.33192626	0.0	-11.697082	23.190199	1
6455	USP4	0.10937342	0.0	-10.096365	8.187687	1
6459	AMT	0.0824565	0.0	-9.689238	7.136764	1
6461	DAG1	0.12979569	0.0	-10.343138	10.148405	1
6481	RBM5	0.428588	0.0	-12.065712	30.506296	1
6493	IFRD2	0.09791801	0.0	-9.936903	7.452387	1
6497	HYAL2	0.43748897	0.0	-12.095361	32.452374	1
6503	NPRL2	0.09903392	0.0	-9.953235	7.337563	1
6505	TMEM115	0.15386502	0.0	-10.588387	11.984996	1
6512	MAPKAPK3	0.059471507	0.0	-9.218479	5.2382073	1
6515	MANF	0.7480084	0.0	-12.869032	44.55244	1
6516	RBM15B	0.18613096	0.0	-10.862877	15.042085	1
6518	RAD54L2	0.07183743	0.0	-9.490599	5.6683793	1
6519	TEX264	0.23440683	0.0	-11.195415	17.539465	1
6533	ABHD14B	0.107602626	0.0	-10.072838	8.126287	1
6541	ALAS1	0.1491977	0.0	-10.543976	10.637642	1
6546	WDR82	0.27903327	0.0	-11.446738	20.184172	1
6553	TNNC1	0.1856518	0.0	-10.85916	12.866418	1
6556	NT5DC2	0.5574962	0.0	-12.445005	39.17248	1
6559	GNL3	0.40482855	0.0	-11.983452	29.76067	1
6560	GLT8D1	0.44680992	0.0	-12.125769	32.66825	1
6570	RFT1	0.06609323	0.0	-9.37054	5.602297	1
6573	TKT	0.6912579	0.0	-12.755217	44.55244	1
6574	DCP1A	0.13874692	0.0	-10.43928	10.343392	1
6581	SELENOK	0.6835039	0.0	-12.738945	44.55244	1
6593	WNT5A	0.21584888	0.0	-11.076474	14.816647	1
6600	TASOR	0.22137918	0.0	-11.112955	17.027418	1
6601	ARHGEF3	0.081005245	0.0	-9.663651	6.527269	1
6612	PDE12	0.083625935	0.0	-9.709531	6.710745	1
6615	DENND6A	0.0933838	0.0	-9.868572	7.9364166	1
6618	SLMAP	0.13720198	0.0	-10.423137	10.93295	1
6627	PXK	0.18489338	0.0	-10.853258	13.242934	1
6631	KCTD6	0.09047674	0.0	-9.822997	7.458713	1
6646	C3orf14	0.10579235	0.0	-10.048383	8.723922	1
6654	THOC7	0.3214769	0.0	-11.650948	25.041084	1
6671	ADAMTS9	0.10251769	0.0	-10.003064	7.7024403	1
6673	ADAMTS9-AS2	0.0797265	0.0	-9.640724	5.7853394	1
6679	SLC25A26	0.19806337	0.0	-10.952475	14.896728	1
6680	LRIG1	0.090217575	0.0	-9.818863	7.273584	1
6691	EOGT	0.062817164	0.0	-9.29731	5.1717534	1
6694	UBA3	0.16887693	0.0	-10.72261	13.289663	1
6697	FRMD4B	0.383237	0.0	-11.904398	25.078129	1
6726	SHQ1	0.065618716	0.0	-9.360161	5.572995	1
6727	GXYLT2	0.115827836	0.0	-10.179011	9.329151	1
6728	PPP4R2	0.5304947	0.0	-12.373395	39.267307	1
6730	PDZRN3	0.08342447	0.0	-9.706056	6.453959	1
6745	ROBO1	0.3495841	0.0	-11.771836	24.857832	1
6754	GBE1	0.4216441	0.0	-12.042152	28.011726	1
6776	ZNF654	0.1719098	0.0	-10.748275	13.430911	1
6777	C3orf38	0.13798586	0.0	-10.43135	10.52455	1
6779	EPHA3	0.08248584	0.0	-9.689751	5.74531	1
6781	PROS1	0.3585635	0.0	-11.808415	24.964258	1
6782	ARL13B	0.13652468	0.0	-10.416002	10.301771	1
6785	NSUN3	0.067607075	0.0	-9.403163	5.329846	1
6788	MTRNR2L12	0.210654	0.0	-11.041345	15.710789	1
6794	CRYBG3	0.25827268	0.0	-11.3352375	17.414913	1
6796	RIOX2	0.064408675	0.0	-9.333349	5.5285606	1
6815	CPOX	0.15200776	0.0	-10.570878	11.433013	1
6817	ST3GAL6	0.09566021	0.0	-9.903282	7.9128466	1
6826	CMSS1	0.16630498	0.0	-10.700482	12.5853195	1
6831	TOMM70	0.22357264	0.0	-11.127173	17.485561	1
6833	TMEM45A	0.6023357	0.0	-12.556592	42.71993	1
6838	SENP7	0.26677877	0.0	-11.3819685	19.511255	1
6839	TRMT10C	0.24731465	0.0	-11.272716	18.978674	1
6845	CEP97	0.074992165	0.0	-9.552519	6.1274867	1
6846	NXPE3	0.12097501	0.0	-10.241686	9.552572	1
6848	NFKBIZ	0.18086725	0.0	-10.821513	14.259067	1
6855	CBLB	0.18332385	0.0	-10.840965	14.225632	1
6875	DZIP3	0.15797126	0.0	-10.626359	12.458498	1
6890	NECTIN3	0.21963562	0.0	-11.101553	16.893448	1
6898	ABHD10	0.15850602	0.0	-10.631232	12.849686	1
6906	CD200	0.058842823	0.0	-9.203173	5.0103984	1
6910	SLC35A5	0.06563449	0.0	-9.360507	5.507026	1
6917	GTPBP8	0.12892582	0.0	-10.333444	9.4203	1
6918	NEPRO	0.13628303	0.0	-10.413448	10.252106	1
6922	BOC	0.074751794	0.0	-9.547894	5.8751054	1
6926	SPICE1	0.12716073	0.0	-10.313572	9.645157	1
6929	USF3	0.14488009	0.0	-10.501639	10.858934	1
6930	NAA50	0.1550539	0.0	-10.599484	12.029296	1
6932	ATP6V1A	0.16155764	0.0	-10.658726	11.604767	1
6945	ZBTB20	0.30216682	0.0	-11.561606	21.062037	1
6954	GAP43	0.13526131	0.0	-10.4026	8.741529	1
6970	B4GALT4	0.10212331	0.0	-9.997509	7.757927	1
6975	POGLUT1	0.11230196	0.0	-10.134452	8.780406	1
6991	LRRC58	0.27602607	0.0	-11.431111	20.914213	1
6997	RABL3	0.064639546	0.0	-9.338504	5.3423476	1
6998	GTF2E1	0.07819486	0.0	-9.612774	6.3343215	1
7008	GOLGB1	0.8550618	0.0	-13.061982	44.55244	1
7009	IQCB1	0.08793969	0.0	-9.78201	6.7048173	1
7016	CCDC58	0.15595637	0.0	-10.607852	11.772572	1
7030	PDIA5	0.20841977	0.0	-11.025969	15.052489	1
7031	SEC22A	0.06660062	0.0	-9.3815565	5.715394	1
7042	KALRN	0.06416784	0.0	-9.327953	5.7685328	1
7044	UMPS	0.076062985	0.0	-9.572947	5.934934	1
7045	ITGB5	0.25296327	0.0	-11.305283	17.989504	1
7061	SLC41A3	0.0937563	0.0	-9.87431	7.2531433	1
7081	PLXNA1	0.12292879	0.0	-10.26478	9.394107	1
7091	TPRA1	0.07082166	0.0	-9.470082	6.030986	1
7094	PODXL2	0.14454745	0.0	-10.498325	10.89527	1
7095	ABTB1	0.076696455	0.0	-9.584896	6.212015	1
7115	ACAD9	0.06501896	0.0	-9.346934	5.725883	1
7121	ISY1	0.23859985	0.0	-11.220982	18.183237	1
7124	COPG1	0.2931006	0.0	-11.517673	22.573368	1
7130	MBD4	0.30741686	0.0	-11.58645	23.02082	1
7131	IFT122	0.080953114	0.0	-9.662724	6.2240024	1
7134	PLXND1	0.23648854	0.0	-11.208164	15.93176	1
7148	ATP2C1	0.17348889	0.0	-10.761459	12.617698	1
7154	NUDT16	0.10981443	0.0	-10.102165	8.536643	1
7160	DNAJC13	0.18673603	0.0	-10.867558	13.911342	1
7163	UBA5	0.23032515	0.0	-11.170082	18.171766	1
7173	TOPBP1	0.1770252	0.0	-10.790554	13.50896	1
7175	SRPRB	0.20197791	0.0	-10.980696	14.203511	1
7180	RYK	0.41426826	0.0	-12.016698	29.261803	1
7184	ANAPC13	0.3632797	0.0	-11.827262	27.160786	1
7190	PPP2R3A	0.098771125	0.0	-9.949406	8.049261	1
7208	DZIP1L	0.06793107	0.0	-9.41005	5.4680095	1
7211	ARMC8	0.09713487	0.0	-9.92533	8.493087	1
7213	MRAS	0.13208556	0.0	-10.368349	9.794182	1
7222	MRPS22	0.2560301	0.0	-11.322661	19.406605	1
7230	AC046134.2	0.0625698	0.0	-9.291627	5.1308193	1
7233	RBP1	0.31814787	0.0	-11.635935	22.833488	1
7252	RASA2	0.0680837	0.0	-9.413283	6.342153	1
7262	ATR	0.10110051	0.0	-9.983001	7.753202	1
7267	TRPC1	0.09706366	0.0	-9.9242735	7.7640142	1
7277	SLC9A9	0.07023147	0.0	-9.458027	5.6538877	1
7290	PLSCR1	0.13402408	0.0	-10.389353	10.185557	1
7316	HPS3	0.16435476	0.0	-10.6834755	11.484909	1
7321	TM4SF1	0.9499424	0.0	-13.213777	44.075317	1
7330	RNF13	0.21958455	0.0	-11.101218	16.142769	1
7346	SIAH2	0.11610275	0.0	-10.182428	8.651881	1
7371	P2RY1	0.36079887	0.0	-11.817379	22.951506	1
7373	RAP2B	0.52005136	0.0	-12.344716	38.828056	1
7395	C3orf33	0.068848066	0.0	-9.429366	5.2640395	1
7396	SLC33A1	0.1366331	0.0	-10.417147	10.37575	1
7424	RSRC1	0.17846225	0.0	-10.802212	14.087471	1
7426	MLF1	0.19097894	0.0	-10.899953	13.794952	1
7427	GFM1	0.085257985	0.0	-9.737382	6.721541	1
7428	LXN	0.12507495	0.0	-10.28973	9.375455	1
7432	MFSD1	0.09510082	0.0	-9.894831	7.8803325	1
7445	IFT80	0.14270419	0.0	-10.479823	10.817599	1
7446	SMC4	0.16527393	0.0	-10.691516	12.155335	1
7452	B3GALNT1	0.07082925	0.0	-9.470237	6.109329	1
7469	BCHE	0.10017967	0.0	-9.969813	8.532558	1
7477	SERPINI1	0.28987035	0.0	-11.50169	15.690324	1
7487	MECOM	0.092641786	0.0	-9.857076	6.5325394	1
7493	MYNN	0.094849244	0.0	-9.891013	7.1166615	1
7505	PHC3	0.16230409	0.0	-10.665372	12.826895	1
7510	CLDN11	0.09127446	0.0	-9.835648	7.136451	1
7517	EIF5A2	0.095182784	0.0	-9.896071	7.473447	1
7527	FNDC3B	0.618269	0.0	-12.594253	44.55244	1
7546	TBL1XR1	0.43180695	0.0	-12.076505	32.01163	1
7561	ZMAT3	0.48629853	0.0	-12.247923	33.251144	1
7563	PIK3CA	0.20764151	0.0	-11.020574	15.418764	1
7567	MFN1	0.17155634	0.0	-10.745307	13.348388	1
7568	GNB4	0.3643921	0.0	-11.831672	29.183214	1
7571	ACTL6A	0.15394954	0.0	-10.589179	11.806887	1
7584	TTC14	0.2744914	0.0	-11.423071	20.605848	1
7589	DNAJC19	0.41208404	0.0	-12.009073	30.939632	1
7605	ATP11B	0.10142022	0.0	-9.987552	8.028254	1
7607	DCUN1D1	0.15628693	0.0	-10.610905	11.940784	1
7615	KLHL24	0.24998195	0.0	-11.288185	18.731733	1
7619	PARL	0.30608204	0.0	-11.5801735	23.624784	1
7620	ABCC5	0.1041592	0.0	-10.025959	8.011524	1
7628	EIF2B5	0.10346531	0.0	-10.016325	7.8159966	1
7629	DVL3	0.22645147	0.0	-11.145623	16.937939	1
7648	MAGEF1	0.21135275	0.0	-11.04612	14.229046	1
7653	VPS8	0.14468129	0.0	-10.49966	10.82192	1
7657	MAP3K13	0.18458627	0.0	-10.850861	14.793754	1
7658	TMEM41A	0.14410913	0.0	-10.493947	11.003907	1
7661	SENP2	0.17200816	0.0	-10.7491	13.226956	1
7664	TRA2B	0.42998356	0.0	-12.070401	32.181614	1
7665	ETV5	0.1558539	0.0	-10.606904	11.759019	1
7673	DNAJB11	0.34806585	0.0	-11.765559	26.501143	1
7681	RFC4	0.10941186	0.0	-10.096871	8.961762	1
7687	RPL39L	0.25551873	0.0	-11.3197775	18.258852	1
7690	MASP1	0.8412639	0.0	-13.038514	44.55244	1
7697	BCL6	0.13696142	0.0	-10.420607	9.46637	1
7712	P3H2	0.08979055	0.0	-9.812026	6.8666477	1
7717	IL1RAP	0.13754706	0.0	-10.426758	10.497182	1
7724	CCDC50	0.34484965	0.0	-11.752171	25.122074	1
7740	OPA1	0.19937095	0.0	-10.961963	14.984098	1
7751	HES1	0.25938353	0.0	-11.341427	17.511314	1
7764	TMEM44	0.13749883	0.0	-10.426252	10.761511	1
7768	FAM43A	0.1256704	0.0	-10.2965765	9.404555	1
7774	XXYLT1	0.22435597	0.0	-11.132216	16.63441	1
7791	TFRC	0.31703413	0.0	-11.6308775	22.082125	1
7795	PCYT1A	0.1304632	0.0	-10.350533	10.2395935	1
7797	TCTEX1D2	0.13954575	0.0	-10.4475565	10.530137	1
7802	RNF168	0.16971382	0.0	-10.729738	12.150034	1
7806	FBXO45	0.07652768	0.0	-9.581722	6.3354855	1
7810	PIGX	0.17412238	0.0	-10.766714	12.321976	1
7812	PAK2	0.788555	0.0	-12.945179	44.55244	1
7822	DLG1	0.3316112	0.0	-11.695712	25.255049	1
7835	FYTTD1	0.3258783	0.0	-11.67056	25.247469	1
7837	LRCH3	0.22112004	0.0	-11.111266	17.296259	1
7849	ZNF141	0.10686941	0.0	-10.062983	8.223902	1
7852	ZNF721	0.23608741	0.0	-11.205716	18.068571	1
7860	MYL5	0.065393165	0.0	-9.355201	5.833334	1
7871	TMEM175	0.07087888	0.0	-9.471246	5.567035	1
7884	CTBP1-DT	0.07874564	0.0	-9.622888	6.7005534	1
7885	MAEA	0.11080148	0.0	-10.115063	8.932566	1
7886	UVSSA	0.063518345	0.0	-9.313299	5.566727	1
7899	LETM1	0.06918746	0.0	-9.436451	5.965774	1
7900	NSD2	0.065488584	0.0	-9.357301	5.17689	1
7901	NELFA	0.18982917	0.0	-10.891246	14.114595	1
7902	C4orf48	0.9830605	0.0	-13.263211	44.55244	1
7907	MXD4	0.4397107	0.0	-12.102667	32.3674	1
7913	FAM193A	0.1149352	0.0	-10.16786	9.126538	1
7915	SH3BP2	0.21230596	0.0	-11.0526085	15.169519	1
7918	MFSD10	0.4105093	0.0	-12.003551	30.643734	1
7921	GRK4	0.059172783	0.0	-9.211226	5.2384276	1
7925	RGS12	0.1206288	0.0	-10.237555	9.526454	1
7929	LRPAP1	0.9100322	0.0	-13.15186	44.55244	1
7937	TMEM128	0.12546985	0.0	-10.294274	9.00736	1
7938	LYAR	0.28558686	0.0	-11.480219	19.437864	1
7941	NSG1	0.19297954	0.0	-10.91498	10.873408	1
7946	MSX1	0.0837985	0.0	-9.712502	6.6389456	1
7947	CYTL1	0.19342697	0.0	-10.918319	13.483445	1
7952	CRMP1	0.21272683	0.0	-11.055465	15.472054	1
7967	MRFAP1L1	0.17425989	0.0	-10.767853	13.268166	1
7970	KIAA0232	0.24888879	0.0	-11.281865	19.560295	1
7989	HTRA3	0.24108872	0.0	-11.235947	17.302649	1
8046	RAB28	0.1432234	0.0	-10.485059	10.4631195	1
8051	BOD1L1	0.78604853	0.0	-12.940586	44.55244	1
8067	FBXL5	0.17474653	0.0	-10.771873	13.802688	1
8080	LDB2	0.3406544	0.0	-11.734516	24.188936	1
8090	DCAF16	0.0781978	0.0	-9.612828	6.49881	1
8092	LCORL	0.19648035	0.0	-10.940904	14.214242	1
8098	SLIT2	0.111096345	0.0	-10.118894	7.6348467	1
8101	KCNIP4	0.1057139	0.0	-10.047314	6.9038143	1
8123	PI4K2B	0.06249156	0.0	-9.2898245	5.1999464	1
8126	ANAPC4	0.065191105	0.0	-9.350742	5.5995107	1
8131	SMIM20	0.3731631	0.0	-11.865977	27.932514	1
8137	STIM2	0.09843238	0.0	-9.944454	8.016566	1
8154	PCDH7	0.3622178	0.0	-11.82304	23.163975	1
8183	RELL1	0.076307654	0.0	-9.577574	6.1276083	1
8185	TBC1D1	0.16833887	0.0	-10.718009	13.3122	1
8199	FAM114A1	0.98416835	0.0	-13.264836	44.55244	1
8209	UGDH	0.16811983	0.0	-10.716132	13.590563	1
8212	SMIM14	0.21897425	0.0	-11.097204	17.430464	1
8217	N4BP2	0.25192314	0.0	-11.29934	18.132172	1
8232	LIMCH1	0.4565411	0.0	-12.156845	27.539497	1
8243	SLC30A9	0.2103298	0.0	-11.039124	16.216507	1
8260	GUF1	0.110622734	0.0	-10.112736	8.996625	1
8281	NFXL1	0.075967416	0.0	-9.571135	5.6771197	1
8289	FRYL	0.21850818	0.0	-11.094131	15.770163	1
8294	DCUN1D4	0.12428559	0.0	-10.280603	9.18608	1
8301	USP46	0.24141935	0.0	-11.237923	18.670248	1
8322	PDGFRA	0.5254828	0.0	-12.359702	39.346214	1
8332	KDR	0.15996741	0.0	-10.644464	8.407462	1
8334	SRD5A3	0.14160332	0.0	-10.4686575	10.782793	1
8343	EXOC1	0.20356652	0.0	-10.991993	15.196912	1
8349	AASDH	0.15451784	0.0	-10.594491	11.937092	1
8351	PPAT	0.09194249	0.0	-9.846156	7.012192	1
8361	NOA1	0.09692672	0.0	-9.922238	7.7265286	1
8362	POLR2B	0.3796476	0.0	-11.890825	26.570938	1
8403	CENPC	0.18283142	0.0	-10.837088	13.293519	1
8405	UBA6	0.2845118	0.0	-11.47478	20.894558	1
8450	GRSF1	0.39816236	0.0	-11.959503	30.29729	1
8451	MOB1B	0.13267767	0.0	-10.374797	10.114338	1
8452	DCK	0.11781908	0.0	-10.203582	8.514509	1
8457	ADAMTS3	0.16796724	0.0	-10.714823	11.013507	1
8459	COX18	0.074233904	0.0	-9.537877	6.5214796	1
8460	ANKRD17	0.34998482	0.0	-11.773489	26.227636	1
8479	MTHFD2L	0.07322214	0.0	-9.5181055	6.5233226	1
8484	AREG	0.12451701	0.0	-10.283285	5.1131845	1
8497	RCHY1	0.109151006	0.0	-10.0934305	9.017669	1
8498	THAP6	0.10243462	0.0	-10.001896	8.12876	1
8502	USO1	0.44750747	0.0	-12.128018	34.164253	1
8512	NUP54	0.23145305	0.0	-11.177127	15.934311	1
8517	STBD1	0.21132827	0.0	-11.045953	15.0600395	1
8528	CNOT6L	0.16366869	0.0	-10.6774435	11.798025	1
8529	MRPL1	0.1561425	0.0	-10.609571	11.872593	1
8535	BMP2K	0.090628095	0.0	-9.825405	7.508068	1
8536	PAQR3	0.07303458	0.0	-9.51441	6.3164215	1
8574	ABRAXAS1	0.17292295	0.0	-10.756748	12.8948	1
8581	WDFY3	0.13989434	0.0	-10.451153	10.774612	1
8592	AFF1	0.06901167	0.0	-9.432786	5.881172	1
8593	KLHL8	0.08198842	0.0	-9.681035	6.9948506	1
8597	NUDT9	0.21031904	0.0	-11.039049	16.490013	1
8599	SPARCL1	0.14955828	0.0	-10.547457	7.8681417	1
8606	SPP1	0.1410202	0.0	-10.462708	5.6689	1
8607	PKD2	0.13318281	0.0	-10.380275	11.355608	1
8609	PPM1K	0.20413691	0.0	-10.996028	14.824154	1
8619	NAP1L5	0.08471685	0.0	-9.728208	6.7348075	1
8645	SMARCAD1	0.19376142	0.0	-10.92081	14.151804	1
8648	PDLIM5	0.24450655	0.0	-11.2562475	17.438168	1
8652	UNC5C	0.13139401	0.0	-10.360782	11.174424	1
8662	RAP1GDS1	0.16996762	0.0	-10.731893	13.270942	1
8669	METAP1	0.11208775	0.0	-10.1317	8.501435	1
8680	TRMT10A	0.09876519	0.0	-9.949319	7.5717616	1
8691	EMCN	0.2166484	0.0	-11.081805	11.695548	1
8704	NFKB1	0.11304078	0.0	-10.143904	9.016468	1
8705	MANBA	0.20335907	0.0	-10.990523	15.498269	1
8712	BDH2	0.370363	0.0	-11.855114	29.000746	1
8727	TET2	0.23732029	0.0	-11.213227	17.567114	1
8733	INTS12	0.09991139	0.0	-9.965949	7.694458	1
8739	TBCK	0.065710165	0.0	-9.362166	5.3709393	1
8752	LEF1	0.113020636	0.0	-10.143646	8.75605	1
8759	COL25A1	0.09071241	0.0	-9.826746	6.426749	1
8762	SEC24B	0.103818156	0.0	-10.021232	9.039391	1
8764	CASP6	0.1293507	0.0	-10.338187	10.307726	1
8766	PLA2G12A	0.3563478	0.0	-11.799475	26.962677	1
8769	GAR1	0.15581205	0.0	-10.606517	12.005541	1
8773	ELOVL6	0.07470537	0.0	-9.546998	6.5641637	1
8774	ENPEP	0.100093015	0.0	-9.968566	7.616298	1
8787	TIFA	0.07114357	0.0	-9.476616	5.3637795	1
8788	ALPK1	0.06827688	0.0	-9.417365	5.614822	1
8799	CAMK2D	0.27030763	0.0	-11.40092	19.601439	1
8820	METTL14	0.15036069	0.0	-10.555171	11.981919	1
8834	MAD2L1	0.09393206	0.0	-9.877009	6.4741454	1
8845	EXOSC9	0.12874036	0.0	-10.331369	9.654718	1
8847	BBS7	0.14992242	0.0	-10.550962	12.081912	1
8880	INTU	0.13494316	0.0	-10.399205	10.234494	1
8885	MFSD8	0.11975685	0.0	-10.227097	8.671824	1
8887	LARP1B	0.08873438	0.0	-9.794974	7.2327003	1
8888	PGRMC2	0.41172728	0.0	-12.007824	31.630518	1
8895	SCLT1	0.11588355	0.0	-10.179705	8.263153	1
8896	C4orf33	0.10193611	0.0	-9.994864	7.8651743	1
8913	PCDH10	0.23482859	0.0	-11.198007	15.48599	1
8918	PABPC4L	0.07931001	0.0	-9.633177	5.865208	1
8931	PCDH18	0.29419053	0.0	-11.5230255	19.775131	1
8953	NAA15	0.17315209	0.0	-10.758657	14.067495	1
8954	AC097376.3	0.115434416	0.0	-10.174107	8.784918	1
8955	RAB33B	0.09349404	0.0	-9.870273	6.860462	1
8961	MAML3	0.08774263	0.0	-9.778777	7.478271	1
8964	SCOC	0.48607028	0.0	-12.247246	34.705315	1
8968	ELMOD2	0.14527293	0.0	-10.505543	11.52173	1
8971	TBC1D9	0.08560654	0.0	-9.743261	6.3862753	1
8974	RNF150	0.08111966	0.0	-9.665686	6.66353	1
8975	ZNF330	0.19972613	0.0	-10.96453	14.895558	1
8981	INPP4B	0.12097672	0.0	-10.241706	8.765518	1
8987	GAB1	0.11783481	0.0	-10.2037735	8.897928	1
9013	ZNF827	0.15816393	0.0	-10.628117	12.407701	1
9030	TMEM184C	0.076051325	0.0	-9.572725	5.7104683	1
9046	DCLK2	0.06265439	0.0	-9.293572	5.0743093	1
9047	LRBA	0.0623311	0.0	-9.286121	5.3516555	1
9073	FBXW7	0.23273912	0.0	-11.185118	16.3418	1
9110	GUCY1A1	0.07763785	0.0	-9.602473	6.0316105	1
9115	CTSO	0.063495845	0.0	-9.312789	5.1784844	1
9138	ETFDH	0.070776395	0.0	-9.469161	5.6315794	1
9142	RAPGEF2	0.12567921	0.0	-10.296678	8.690824	1
9167	TMEM192	0.11217935	0.0	-10.132877	8.183666	1
9171	CPE	0.42563072	0.0	-12.055725	24.931871	1
9186	CBR4	0.11423739	0.0	-10.159081	8.542533	1
9190	NEK1	0.1581885	0.0	-10.628341	11.933065	1
9215	HMGB2	0.36797845	0.0	-11.845798	22.828016	1
9216	AC097534.2	0.1899945	0.0	-10.892501	12.648119	1
9217	SAP30	0.5491465	0.0	-12.423238	38.281235	1
9218	SCRG1	0.6189595	0.0	-12.595862	37.816616	1
9225	LINC02269	0.2312702	0.0	-11.175987	11.21442	1
9231	FBXO8	0.11168795	0.0	-10.126549	9.155538	1
9232	CEP44	0.24008362	0.0	-11.229922	17.936567	1
9248	SPCS3	0.6087165	0.0	-12.571792	42.908985	1
9283	WWC2	0.14799464	0.0	-10.532304	11.520615	1
9291	RWDD4	0.20441519	0.0	-10.9979925	15.279067	1
9292	TRAPPC11	0.09956445	0.0	-9.960936	8.058688	1
9301	IRF2	0.20467971	0.0	-10.999857	14.728237	1
9324	ANKRD37	0.5694492	0.0	-12.475605	36.12993	1
9326	C4orf47	0.08435294	0.0	-9.722004	5.9216347	1
9380	CCDC127	0.16229317	0.0	-10.665276	12.618567	1
9386	EXOC3	0.18203212	0.0	-10.83077	13.2631855	1
9405	NKD2	0.21658458	0.0	-11.081381	15.015363	1
9406	SLC12A7	0.0620829	0.0	-9.280375	5.7533336	1
9412	CLPTM1L	0.2490058	0.0	-11.282543	18.993319	1
9416	LPCAT1	0.08150091	0.0	-9.6724415	6.879625	1
9462	ICE1	0.22156353	0.0	-11.114156	16.409172	1
9471	NSUN2	0.06643282	0.0	-9.377922	5.7964644	1
9472	SRD5A1	0.09783287	0.0	-9.93565	8.384251	1
9474	TENT4A	0.08303348	0.0	-9.6992855	7.111118	1
9498	MIR4458HG	0.0914239	0.0	-9.838005	6.790175	1
9503	SEMA5A	0.61953807	0.0	-12.59721	41.490986	1
9507	SNHG18	0.26870087	0.0	-11.392322	18.466034	1
9522	CMBL	0.21577092	0.0	-11.0759535	17.045238	1
9524	MARCH6	0.5065983	0.0	-12.306911	39.339954	1
9545	OTULINL	0.06177615	0.0	-9.27324	5.0224233	1
9548	ANKH	0.17315987	0.0	-10.758722	11.988796	1
9650	GOLPH3	0.22554596	0.0	-11.139845	16.231026	1
9652	MTMR12	0.063717715	0.0	-9.317813	5.145335	1
9657	NPR3	0.23018113	0.0	-11.169181	11.1479	1
9666	ADAMTS12	0.10187756	0.0	-9.994036	8.584646	1
9678	RAD1	0.15739119	0.0	-10.621056	11.7185	1
9682	PRLR	0.18678913	0.0	-10.867967	11.525015	1
9683	SPEF2	0.068510905	0.0	-9.422294	5.117858	1
9691	SKP2	0.07396001	0.0	-9.532551	6.2036514	1
9692	NADK2	0.075023	0.0	-9.553111	6.54601	1
9701	NIPBL	0.45198572	0.0	-12.142381	32.775787	1
9702	CPLANE1	0.16923517	0.0	-10.725666	12.715269	1
9704	NUP155	0.07632582	0.0	-9.577916	6.5618076	1
9705	WDR70	0.11198515	0.0	-10.13038	9.810025	1
9713	EGFLAM	0.10787394	0.0	-10.0764675	8.185639	1
9719	LIFR	0.20718797	0.0	-11.017421	14.453715	1
9737	TTC33	0.09317922	0.0	-9.865412	7.4174795	1
9739	PRKAA1	0.10727804	0.0	-10.068483	8.367666	1
9742	C7	1.2105229	0.0	-13.563462	44.55244	1
9749	C5orf51	0.09814003	0.0	-9.940167	7.805518	1
9754	SELENOP	0.2992841	0.0	-11.547782	19.458576	1
9766	ZNF131	0.23925132	0.0	-11.224914	17.29968	1
9768	HMGCS1	0.18598372	0.0	-10.861736	14.195652	1
9778	NNT	0.15081799	0.0	-10.559549	11.589496	1
9794	PARP8	0.13518277	0.0	-10.401762	9.975992	1
9805	AC022126.1	0.07553922	0.0	-9.56299	5.803499	1
9806	PELO	0.3461274	0.0	-11.757504	24.27974	1
9809	ITGA2	0.20438358	0.0	-10.997769	13.852327	1
9833	GPX8	0.7845279	0.0	-12.937793	44.55244	1
9838	MTREX	0.1354891	0.0	-10.4050255	10.655844	1
9839	PLPP1	0.3486381	0.0	-11.767928	23.659037	1
9854	MAP3K1	0.41265973	0.0	-12.011086	28.999884	1
9857	SETD9	0.07490059	0.0	-9.550758	6.427096	1
9870	PLK2	0.45381176	0.0	-12.148196	27.449903	1
9873	RAB3C	0.07703929	0.0	-9.591322	5.6583004	1
9876	PDE4D	0.1508991	0.0	-10.560325	10.902447	1
9890	ZSWIM6	0.10487831	0.0	-10.035875	7.9933414	1
9895	KIF2A	0.40481615	0.0	-11.983407	29.933672	1
9902	RNF180	0.06469893	0.0	-9.339827	5.9007335	1
9906	CWC27	0.29978743	0.0	-11.550205	23.230629	1
9912	PPWD1	0.1048302	0.0	-10.035214	8.234403	1
9913	TRIM23	0.12948886	0.0	-10.339726	9.722898	1
9917	NLN	0.15605566	0.0	-10.608769	12.205437	1
9928	MAST4	0.1297749	0.0	-10.342907	9.853599	1
9940	PIK3R1	0.13642563	0.0	-10.414956	10.400658	1
9954	CDK7	0.05626835	0.0	-9.1387415	5.165745	1
9970	NAIP	0.07220948	0.0	-9.498041	6.0657153	1
9971	GTF2H2	0.056025427	0.0	-9.132511	5.064658	1
9980	MRPS27	0.12038451	0.0	-10.234632	9.583026	1
9981	PTCD2	0.059645668	0.0	-9.222691	5.2706513	1
9990	FCHO2	0.17984451	0.0	-10.813336	13.599427	1
10003	ANKRA2	0.1177128	0.0	-10.202281	9.307056	1
10013	ENC1	0.5658308	0.0	-12.46641	36.418755	1
10024	HMGCR	0.15251917	0.0	-10.575721	11.5512705	1
10027	POLK	0.18132327	0.0	-10.825144	13.362489	1
10042	CRHBP	0.87686545	0.0	-13.098305	28.01062	1
10044	ZBED3	0.11139486	0.0	-10.122762	8.53237	1
10053	AP3B1	0.33116138	0.0	-11.693754	25.911095	1
10054	SCAMP1-AS1	0.0608322	0.0	-9.251061	5.131705	1
10055	SCAMP1	0.26798648	0.0	-11.388483	21.345095	1
10056	LHFPL2	0.07790336	0.0	-9.607392	5.982649	1
10057	ARSB	0.07603359	0.0	-9.57239	5.83231	1
10061	JMY	0.124188714	0.0	-10.27948	9.986469	1
10062	HOMER1	0.06710603	0.0	-9.3924465	5.5268774	1
10068	MTX3	0.08237725	0.0	-9.687853	6.6130986	1
10069	THBS4	0.12707822	0.0	-10.312636	7.094452	1
10074	ZFYVE16	0.45639127	0.0	-12.156372	34.09721	1
10075	AC008771.1	0.123708956	0.0	-10.2739	8.898856	1
10079	DHFR	0.1125054	0.0	-10.13706	9.221411	1
10087	ZCCHC9	0.29462862	0.0	-11.525171	21.462458	1
10107	XRCC4	0.12665407	0.0	-10.3078165	9.671988	1
10110	HAPLN1	0.726961	0.0	-12.827861	36.894386	1
10111	EDIL3	0.45833966	0.0	-12.162517	31.56523	1
10123	COX7C	1.9900848	0.0	-14.280615	44.55244	1
10128	RASA1	0.17546447	0.0	-10.777785	12.5205145	1
10129	CCNH	0.18323709	0.0	-10.840283	14.148008	1
10136	TMEM161B-AS1	0.43361187	0.0	-12.082521	30.481441	1
10143	MEF2C	0.46925732	0.0	-12.196471	34.477425	1
10155	LYSMD3	0.18701579	0.0	-10.869716	14.151206	1
10176	NR2F1	0.077203155	0.0	-9.594383	5.1380534	1
10177	FAM172A	0.20251156	0.0	-10.984501	15.285508	1
10192	ARSK	0.15816686	0.0	-10.628143	12.40554	1
10198	GLRX	0.3273725	0.0	-11.677158	23.639456	1
10217	LNPEP	0.15349971	0.0	-10.58496	11.449674	1
10228	RGMB	0.06212167	0.0	-9.281273	5.280876	1
10236	FAM174A	0.1548815	0.0	-10.59788	11.939126	1
10238	ST8SIA4	0.082375385	0.0	-9.6878195	6.5414186	1
10249	PPIP5K2	0.2116125	0.0	-11.047891	16.304848	1
10254	NUDT12	0.07071275	0.0	-9.467866	6.1575637	1
10261	EFNA5	0.14078775	0.0	-10.46033	10.48913	1
10266	FER	0.16018957	0.0	-10.646465	11.338776	1
10278	SLC25A46	0.14683625	0.0	-10.520975	11.388253	1
10286	STARD4	0.14427488	0.0	-10.4956045	10.944264	1
10290	EPB41L4A	0.10464076	0.0	-10.032607	7.128783	1
10301	MCC	0.12491596	0.0	-10.287897	9.360897	1
10304	YTHDC2	0.1162753	0.0	-10.184569	8.995929	1
10306	KCNN2	0.07982691	0.0	-9.642537	5.7490587	1
10314	PGGT1B	0.21633358	0.0	-11.079709	16.141985	1
10317	FEM1C	0.09629385	0.0	-9.912798	7.449275	1
10320	TMED7	0.43692076	0.0	-12.093486	32.542496	1
10331	COMMD10	0.17170195	0.0	-10.746531	13.985093	1
10352	HSD17B4	0.18208279	0.0	-10.831171	14.421639	1
10356	PRR16	0.06465336	0.0	-9.338811	5.5188794	1
10361	LOX	0.71605664	0.0	-12.80606	41.75172	1
10380	CSNK1G3	0.21971916	0.0	-11.102101	17.008965	1
10387	ZNF608	0.19106077	0.0	-10.900571	13.684001	1
10400	ALDH7A1	0.23036344	0.0	-11.170322	16.900993	1
10401	PHAX	0.36867136	0.0	-11.848511	29.35795	1
10404	LMNB1	0.08167919	0.0	-9.67559	5.398215	1
10405	MARCH3	0.18727866	0.0	-10.871741	13.466905	1
10411	PRRC1	0.25530347	0.0	-11.3185625	18.926239	1
10417	LINC01184	0.100347	0.0	-9.9722185	7.2929654	1
10418	SLC12A2	0.16521311	0.0	-10.690986	12.357421	1
10419	FBN2	0.20117696	0.0	-10.974966	14.501423	1
10422	ISOC1	0.07839148	0.0	-9.616392	6.0229125	1
10431	LYRM7	0.107692644	0.0	-10.074043	8.946628	1
10432	CDC42SE2	0.061662573	0.0	-9.270589	5.4506493	1
10444	P4HA2	1.3830618	0.0	-13.755682	44.55244	1
10459	KIF3A	0.20811269	0.0	-11.023843	15.698719	1
10470	ZCCHC10	0.17265512	0.0	-10.754513	12.664261	1
10491	CDKN2AIPNL	0.15927906	0.0	-10.638247	11.592691	1
10497	SEC24A	0.19629784	0.0	-10.939564	15.675173	1
10500	C5orf24	0.5783537	0.0	-12.497986	43.29717	1
10526	TGFBI	0.25769562	0.0	-11.332012	13.990592	1
10536	SPOCK1	0.1233981	0.0	-10.270273	8.267829	1
10537	KLHL3	0.06757982	0.0	-9.402582	5.557099	1
10543	FAM13B	0.07026001	0.0	-9.4586115	6.1747775	1
10548	BRD8	0.09800496	0.0	-9.938183	7.5402064	1
10555	KDM3B	0.1682051	0.0	-10.716864	12.845611	1
10556	REEP2	0.085221656	0.0	-9.736768	6.787696	1
10557	EGR1	0.96649134	0.0	-13.23869	44.55244	1
10563	SIL1	0.38222545	0.0	-11.900585	28.894005	1
10567	MATR3-1	0.06503152	0.0	-9.347212	5.9418035	1
10574	DNAJC18	0.18618931	0.0	-10.863329	13.660939	1
10577	TMEM173	0.1264855	0.0	-10.305897	9.246241	1
10602	SRA1	0.3172371	0.0	-11.631801	23.740868	1
10605	SLC35A4	0.10086856	0.0	-9.979691	8.197983	1
10612	HARS	0.17834477	0.0	-10.801262	13.964804	1
10629	PCDHA12	0.08370525	0.0	-9.7108965	6.5534067	1
10660	TAF7	0.77153	0.0	-12.913693	44.55244	1
10680	PCDHGA10	0.72531134	0.0	-12.824584	44.55244	1
10689	DIAPH1	0.14555499	0.0	-10.50834	11.4157715	1
10692	HDAC3	0.2098957	0.0	-11.036144	15.988838	1
10701	DELE1	0.07729409	0.0	-9.59608	6.56968	1
10704	RNF14	0.1235773	0.0	-10.272365	9.587537	1
10706	GNPDA1	0.2900519	0.0	-11.502593	21.323505	1
10708	SPRY4	0.3524225	0.0	-11.7835	24.336485	1
10729	PRELID2	0.06650889	0.0	-9.379571	5.572686	1
10748	DPYSL3	0.10802884	0.0	-10.078536	8.949098	1
10766	FBXO38	0.07162587	0.0	-9.48635	5.7204175	1
10777	AFAP1L1	0.08769597	0.0	-9.778011	6.622899	1
10789	PPARGC1B	0.06680066	0.0	-9.385877	5.3590384	1
10791	SLC26A2	0.09614188	0.0	-9.9105215	8.073836	1
10806	SYNPO	0.21745081	0.0	-11.087136	16.259295	1
10812	DCTN4	0.14230172	0.0	-10.475751	10.717391	1
10818	ANXA6	0.4254377	0.0	-12.055071	33.08842	1
10844	FAM114A2	0.14100467	0.0	-10.46255	11.716769	1
10852	LARP1	0.6508482	0.0	-12.668327	44.55244	1
10854	CNOT8	0.12183983	0.0	-10.251954	9.704995	1
10859	SGCD	0.07533315	0.0	-9.559055	5.7073236	1
10867	MED7	0.20531046	0.0	-11.004294	15.837012	1
10872	CYFIP2	0.06359114	0.0	-9.314949	5.0817523	1
10881	THG1L	0.08677369	0.0	-9.762775	6.8747025	1
10893	EBF1	0.10457655	0.0	-10.031723	7.368773	1
10897	RNF145	0.25947145	0.0	-11.341916	19.314198	1
10911	CCNJL	0.08944884	0.0	-9.806531	6.8428407	1
10915	PTTG1	0.22695704	0.0	-11.148839	12.180719	1
10945	TENM2	0.15555844	0.0	-10.604168	9.86405	1
10958	PANK3	0.29089302	0.0	-11.506769	20.421103	1
10960	SLIT3	0.18124609	0.0	-10.82453	12.485934	1
10967	INSYN2B	0.06798797	0.0	-9.411256	6.306977	1
10989	FBXW11	0.2369068	0.0	-11.210712	17.666916	1
10990	STK10	0.09665345	0.0	-9.918169	7.064604	1
10992	UBTD2	0.08911793	0.0	-9.801189	7.3102465	1
10993	SH3PXD2B	0.14736588	0.0	-10.526166	11.775653	1
11007	CREBRF	0.25851503	0.0	-11.336591	18.232508	1
11009	BNIP1	0.099345185	0.0	-9.957758	7.891117	1
11010	NKX2-5	0.17521057	0.0	-10.775698	11.341014	1
11011	STC2	0.55600023	0.0	-12.44113	35.24712	1
11023	CPEB4	0.2069241	0.0	-11.015583	15.443874	1
11039	SFXN1	0.41567817	0.0	-12.021598	32.086975	1
11051	SIMC1	0.06687176	0.0	-9.387409	5.015534	1
11055	ARL10	0.15733558	0.0	-10.620546	12.349788	1
11058	CLTB	0.23499827	0.0	-11.199048	17.98025	1
11060	RNF44	0.12904458	0.0	-10.334771	9.198284	1
11071	UIMC1	0.140563	0.0	-10.458027	10.557843	1
11072	ZNF346	0.060057122	0.0	-9.232592	5.2174096	1
11075	NSD1	0.25712612	0.0	-11.328821	19.398272	1
11081	RGS14	0.18156245	0.0	-10.8270445	13.836587	1
11084	F12	0.09717695	0.0	-9.925954	7.4336257	1
11087	PRR7	0.1700335	0.0	-10.732451	12.319235	1
11092	DDX41	0.24144752	0.0	-11.238091	17.604553	1
11096	B4GALT7	0.16801473	0.0	-10.715231	13.112417	1
11107	FAM153CP	0.099851005	0.0	-9.965077	6.4392905	1
11109	RMND5B	0.09776966	0.0	-9.934718	7.1885414	1
11113	PHYKPL	0.2078272	0.0	-11.021863	15.015884	1
11120	ZNF354A	0.0637976	0.0	-9.319618	6.2439055	1
11134	RUFY1	0.1844129	0.0	-10.849506	13.396395	1
11141	MAML1	0.1148344	0.0	-10.1665945	9.355632	1
11145	MRNIP	0.14790435	0.0	-10.531424	11.327691	1
11147	TBC1D9B	0.259642	0.0	-11.342864	20.176113	1
11154	GFPT2	0.06836045	0.0	-9.4191265	5.3755546	1
11165	ZFP62	0.066857025	0.0	-9.387092	5.893283	1
11181	TRIM52	0.10856091	0.0	-10.085617	8.423858	1
11182	TRIM52-AS1	0.14400618	0.0	-10.492916	11.139011	1
11192	DUSP22	0.093178235	0.0	-9.8653965	8.237559	1
11195	EXOC2	0.07053881	0.0	-9.464317	6.038984	1
11214	FOXC1	0.40347096	0.0	-11.978607	23.268747	1
11215	GMDS	0.12575322	0.0	-10.297526	9.150967	1
11225	SERPINB1	0.24214107	0.0	-11.242228	17.713161	1
11227	SERPINB9	0.28654304	0.0	-11.48504	21.154943	1
11229	SERPINB6	0.8389573	0.0	-13.034554	44.55244	1
11231	NQO2	0.30546653	0.0	-11.5772705	21.639442	1
11234	RIPK1	0.0816536	0.0	-9.675138	6.606653	1
11236	BPHL	0.08856552	0.0	-9.79223	7.319258	1
11238	TUBB2A	0.15570746	0.0	-10.605549	11.949585	1
11240	TUBB2B	0.102012105	0.0	-9.995938	7.868137	1
11241	PSMG4	0.09379657	0.0	-9.874928	6.2962165	1
11245	PXDC1	0.1052534	0.0	-10.041021	8.356912	1
11253	PRPF4B	0.38349	0.0	-11.90535	28.400925	1
11274	LYRM4	0.31069565	0.0	-11.60175	22.703003	1
11291	RREB1	0.17808226	0.0	-10.799138	13.6087055	1
11297	RIOK1	0.14293584	0.0	-10.482161	11.546014	1
11299	DSP	0.20519735	0.0	-11.003499	15.39604	1
11300	SNRNP48	0.1278268	0.0	-10.321103	9.784713	1
11302	TXNDC5	0.34662852	0.0	-11.759591	26.068415	1
11303	BLOC1S5	0.21116728	0.0	-11.044853	17.574364	1
11304	EEF1E1	0.22439088	0.0	-11.1324415	16.309504	1
11307	SLC35B3	0.15207864	0.0	-10.57155	12.723699	1
11335	NEDD9	0.117409796	0.0	-10.1985655	8.849906	1
11346	HIVEP1	0.08393271	0.0	-9.7148075	6.992961	1
11351	TBC1D7	0.12542023	0.0	-10.293704	10.365012	1
11353	GFOD1	0.23931363	0.0	-11.225289	16.278355	1
11358	RANBP9	0.10587561	0.0	-10.049517	9.244432	1
11380	MYLIP	0.3486921	0.0	-11.768151	23.415905	1
11381	GMPR	0.06362627	0.0	-9.315744	5.0039606	1
11383	ATXN1	0.23489791	0.0	-11.198432	18.453678	1
11391	RBM24	0.07860796	0.0	-9.620366	6.576507	1
11392	CAP2	0.17098045	0.0	-10.740459	12.193315	1
11394	FAM8A1	0.12276559	0.0	-10.262865	10.424847	1
11395	NUP153	0.11786564	0.0	-10.204151	8.681128	1
11397	KIF13A	0.14224863	0.0	-10.475213	11.090428	1
11406	ID4	0.65927136	0.0	-12.686875	36.945293	1
11413	E2F3	0.17051116	0.0	-10.736496	13.46321	1
11415	CDKAL1	0.10724034	0.0	-10.067977	8.776858	1
11439	TDP2	0.13742502	0.0	-10.425478	11.044434	1
11445	GMNN	0.12922324	0.0	-10.336766	9.578964	1
11461	TRIM38	0.23906727	0.0	-11.223804	18.819603	1
11473	HIST1H1C	0.25346744	0.0	-11.308154	15.192379	1
11475	HIST1H4C	0.4079027	0.0	-11.994363	24.699114	1
11479	HIST1H1E	0.0975841	0.0	-9.93198	7.1844506	1
11491	HIST1H1D	0.089569874	0.0	-9.808479	5.2909007	1
11500	BTN3A2	0.10804988	0.0	-10.078816	8.473504	1
11506	HCG11	0.06173489	0.0	-9.272278	5.681006	1
11507	HMGN4	0.20696075	0.0	-11.015839	15.925429	1
11552	ZSCAN16-AS1	0.17704324	0.0	-10.790701	13.838662	1
11557	ZKSCAN8	0.07497367	0.0	-9.552163	5.8177004	1
11561	ZSCAN26	0.06824062	0.0	-9.416599	5.8924923	1
11562	PGBD1	0.075370416	0.0	-9.559768	5.720086	1
11615	ZNRD1	0.3281119	0.0	-11.680411	24.877237	1
11623	TRIM26	0.06562377	0.0	-9.360271	5.056678	1
11632	PRR3	0.11542688	0.0	-10.174013	8.741567	1
11634	PPP1R10	0.3350627	0.0	-11.710646	25.09653	1
11636	ATAT1	0.0899628	0.0	-9.814788	7.4549756	1
11638	DHX16	0.114278845	0.0	-10.159605	9.437833	1
11640	NRM	0.11688409	0.0	-10.192097	8.924504	1
11641	MDC1	0.06903189	0.0	-9.4332075	5.7353816	1
11652	DDR1	0.17245923	0.0	-10.752876	12.52821	1
11653	GTF2H4	0.063821346	0.0	-9.320154	5.5430517	1
11677	MICA	0.13381606	0.0	-10.387114	10.95198	1
11698	GPANK1	0.20895977	0.0	-11.0297	15.209606	1
11718	HSPA1B	0.0677896	0.0	-9.407047	5.47341	1
11731	STK19	0.18641463	0.0	-10.865073	13.959428	1
11745	AGPAT1	0.22866307	0.0	-11.159638	18.034754	1
11750	GPSM3	0.17382653	0.0	-10.764262	12.720477	1
11777	HLA-DPB1	0.20031513	0.0	-10.968776	14.804254	1
11783	RING1	0.13350715	0.0	-10.383781	11.030351	1
11789	WDR46	0.13331616	0.0	-10.381718	10.678075	1
11793	ZBTB22	0.078188576	0.0	-9.612658	6.4080915	1
11794	DAXX	0.1115963	0.0	-10.125366	9.007694	1
11799	SYNGAP1	0.15580097	0.0	-10.606414	12.229975	1
11807	LEMD2	0.122331634	0.0	-10.257761	8.956706	1
11813	HMGA1	0.11015791	0.0	-10.106667	7.745312	1
11814	SMIM29	0.2190357	0.0	-11.097609	16.432419	1
11816	NUDT3	0.16506186	0.0	-10.689665	13.054423	1
11826	ANKS1A	0.08157094	0.0	-9.673679	6.310088	1
11836	TEAD3	0.063415855	0.0	-9.310973	5.620756	1
11839	FKBP5	0.2061184	0.0	-11.009957	14.4558525	1
11852	BRPF3	0.05768202	0.0	-9.174477	5.0080943	1
11868	PPIL1	0.13204083	0.0	-10.367861	10.206058	1
11881	CCDC167	0.38134873	0.0	-11.897273	28.256586	1
11894	SAYSD1	0.068885565	0.0	-9.430151	5.562167	1
11914	NFYA	0.06412092	0.0	-9.3269	5.457483	1
11938	CCND3	0.15263727	0.0	-10.576837	11.132635	1
11940	TAF8	0.078918956	0.0	-9.626055	6.1740456	1
11949	UBR2	0.115374446	0.0	-10.173358	9.354487	1
11951	TBCC	0.11171678	0.0	-10.126921	9.209169	1
11958	CNPY3	0.5203182	0.0	-12.345456	38.755733	1
11962	PPP2R5D	0.08094086	0.0	-9.662506	6.6755333	1
11964	KLHDC3	0.32079932	0.0	-11.647905	24.479551	1
11967	CUL7	0.14741844	0.0	-10.52668	11.931696	1
11969	MRPL2	0.21624802	0.0	-11.079138	16.439367	1
11975	DNPH1	0.25456786	0.0	-11.314401	17.686523	1
11979	ZNF318	0.078438155	0.0	-9.61725	5.680458	1
11989	XPO5	0.06687322	0.0	-9.387441	5.3302593	1
11992	GTPBP2	0.07383988	0.0	-9.530209	5.9610887	1
11993	MAD2L1BP	0.08562075	0.0	-9.743501	7.037014	1
11995	MRPS18A	0.14425811	0.0	-10.495437	10.54779	1
11997	VEGFA	1.4001846	0.0	-13.773433	44.55244	1
12007	TMEM63B	0.10064737	0.0	-9.976526	8.343921	1
12010	SLC29A1	0.15316795	0.0	-10.5818405	10.712302	1
12012	SLC35B2	0.15084615	0.0	-10.559818	11.982429	1
12021	SUPT3H	0.15712297	0.0	-10.618596	12.744114	1
12042	TNFRSF21	0.13178852	0.0	-10.365104	10.087968	1
12045	CD2AP	0.13040817	0.0	-10.349924	11.181641	1
12080	MCM3	0.099418916	0.0	-9.958827	7.264775	1
12081	PAQR8	0.064922675	0.0	-9.344799	5.0765595	1
12085	TMEM14A	0.30451205	0.0	-11.572757	20.865213	1
12087	GSTA1	0.15857668	0.0	-10.631874	8.061753	1
12090	GSTA4	0.31398705	0.0	-11.616949	23.517996	1
12091	ICK	0.13539729	0.0	-10.404048	11.090193	1
12092	FBXO9	0.2532715	0.0	-11.307038	18.691107	1
12095	ELOVL5	0.13321492	0.0	-10.380623	10.231101	1
12118	BMP5	0.1389922	0.0	-10.441826	10.107954	1
12119	COL21A1	0.17003489	0.0	-10.732463	11.6364765	1
12124	KIAA1586	0.14565058	0.0	-10.509286	10.914396	1
12125	ZNF451	0.22252424	0.0	-11.120395	17.22929	1
12134	AL021368.2	0.110025555	0.0	-10.104934	7.9617863	1
12160	LMBRD1	0.20579126	0.0	-11.007667	15.239161	1
12168	SDHAF4	0.06491825	0.0	-9.344701	5.458302	1
12170	SMAP1	0.6374	0.0	-12.638209	44.55244	1
12186	KHDC1	0.08445979	0.0	-9.723828	6.292786	1
12194	MTO1	0.090782404	0.0	-9.827857	7.2701263	1
12200	CD109	0.2321576	0.0	-11.18151	16.313713	1
12208	FILIP1	0.13591032	0.0	-10.4095	10.645155	1
12239	BCKDHB	0.06705941	0.0	-9.391446	5.4496727	1
12252	TPBG	0.17596088	0.0	-10.781858	12.156703	1
12255	DOP1A	0.06790205	0.0	-9.409434	5.6168914	1
12259	PRSS35	0.097492024	0.0	-9.930619	7.50817	1
12264	CYB5R4	0.06574824	0.0	-9.363001	5.4171085	1
12268	CEP162	0.058670312	0.0	-9.198944	5.3768754	1
12284	SMIM8	0.14086261	0.0	-10.461097	11.227278	1
12289	ORC3	0.19764897	0.0	-10.949454	14.120164	1
12299	SRSF12	0.10819534	0.0	-10.080755	8.328375	1
12306	ANKRD6	0.064689375	0.0	-9.339614	5.41456	1
12308	LYRM2	0.34882793	0.0	-11.768713	26.148664	1
12325	EPHA7	0.064549886	0.0	-9.336504	5.215205	1
12331	MANEA	0.07372149	0.0	-9.527897	6.008865	1
12347	FBXL4	0.09987091	0.0	-9.965364	8.144192	1
12352	USP45	0.07660353	0.0	-9.583149	6.030143	1
12362	GRIK2	0.09907639	0.0	-9.953853	7.5405884	1
12370	LIN28B	0.08074313	0.0	-9.658981	7.2106586	1
12380	ATG5	0.13638394	0.0	-10.4145155	9.92804	1
12393	SOBP	0.13022329	0.0	-10.347879	9.574824	1
12407	FOXO3	0.27859932	0.0	-11.444493	20.675838	1
12412	SESN1	0.109814115	0.0	-10.102161	8.390975	1
12414	CEP57L1	0.15967824	0.0	-10.641855	11.926099	1
12427	WASF1	0.07509035	0.0	-9.554403	6.481229	1
12434	CDK19	0.17031635	0.0	-10.734848	12.616476	1
12440	MFSD4B	0.119029105	0.0	-10.21831	8.726361	1
12442	REV3L	0.1716835	0.0	-10.746376	12.038705	1
12445	TRAF3IP2-AS1	0.100195274	0.0	-9.970038	7.232764	1
12449	FYN	0.3187022	0.0	-11.638446	23.91039	1
12452	TUBE1	0.07252345	0.0	-9.504292	5.7192187	1
12454	LAMA4	0.2440648	0.0	-11.253639	15.545449	1
12480	NT5DC1	0.21989393	0.0	-11.103248	16.069456	1
12484	DSE	0.13924767	0.0	-10.444473	10.328244	1
12485	TSPYL1	0.18849027	0.0	-10.88104	14.969305	1
12494	ZUP1	0.064701445	0.0	-9.339882	5.370166	1
12495	KPNA5	0.1534557	0.0	-10.584546	11.622769	1
12503	DCBLD1	0.083336756	0.0	-9.704539	7.025113	1
12505	NUS1	0.18743746	0.0	-10.872963	14.125081	1
12507	CEP85L	0.16463877	0.0	-10.685965	12.620604	1
12508	PLN	0.2015615	0.0	-10.97772	13.398153	1
12511	ASF1A	0.18000436	0.0	-10.814617	13.749848	1
12514	MAN1A1	0.3867439	0.0	-11.917536	25.692835	1
12518	TBC1D32	0.087249465	0.0	-9.770655	7.053435	1
12519	GJA1	0.55605495	0.0	-12.441271	33.25949	1
12537	RNF217	0.21762979	0.0	-11.088324	16.36445	1
12538	TPD52L1	0.070373304	0.0	-9.460933	5.4156766	1
12544	HEY2	0.15340675	0.0	-10.584086	10.377718	1
12547	HINT3	0.12362029	0.0	-10.272866	9.420961	1
12548	TRMT11	0.23323265	0.0	-11.188172	18.334438	1
12549	CENPW	0.16121818	0.0	-10.655693	11.286849	1
12562	LAMA2	0.06504409	0.0	-9.34749	5.355143	1
12565	ARHGAP18	0.2916223	0.0	-11.51038	19.924616	1
12573	EPB41L2	0.42346275	0.0	-12.04836	29.821207	1
12574	AKAP7	0.09407063	0.0	-9.879133	7.210004	1
12576	MED23	0.10870515	0.0	-10.087531	8.304245	1
12582	CCN2	0.13548467	0.0	-10.404979	6.574351	1
12609	TCF21	0.23892188	0.0	-11.222927	14.784043	1
12613	SGK1	0.42568797	0.0	-12.05592	27.379534	1
12647	PEX7	0.107034236	0.0	-10.065204	8.661029	1
12659	TNFAIP3	0.06954028	0.0	-9.443778	5.291183	1
12664	ARFGEF3	0.07589788	0.0	-9.569816	5.6262283	1
12669	AL590617.2	0.13404068	0.0	-10.389531	10.055787	1
12692	VTA1	0.21475336	0.0	-11.069137	16.098701	1
12698	HIVEP2	0.07286982	0.0	-9.511156	5.9770074	1
12703	AIG1	0.22017248	0.0	-11.105074	16.641603	1
12706	PEX3	0.09541229	0.0	-9.899543	7.3054743	1
12710	LTV1	0.1367238	0.0	-10.418103	10.772041	1
12712	PLAGL1	0.36336362	0.0	-11.827595	26.872375	1
12713	HYMAI	0.11164766	0.0	-10.126029	8.22544	1
12716	UTRN	0.25437522	0.0	-11.31331	18.141233	1
12724	FBXO30	0.07450384	0.0	-9.543106	6.061667	1
12725	SHPRH	0.24322389	0.0	-11.248662	18.573553	1
12734	STXBP5	0.22176424	0.0	-11.115461	16.058012	1
12748	TAB2	0.17429496	0.0	-10.768143	14.202483	1
12755	GINM1	0.60637385	0.0	-12.56623	44.55244	1
12758	KATNA1	0.20750096	0.0	-11.019597	16.14247	1
12764	LRP11	0.06434789	0.0	-9.331989	5.7289634	1
12787	RMND1	0.14320232	0.0	-10.484846	10.12869	1
12788	ARMT1	0.0912248	0.0	-9.834863	7.2999988	1
12794	SYNE1	0.21794187	0.0	-11.090389	16.540283	1
12804	RGS17	0.2141121	0.0	-11.064824	14.098846	1
12809	CNKSR3	0.059079457	0.0	-9.208953	5.144712	1
12815	TFB1M	0.08640641	0.0	-9.756663	6.5231895	1
12866	ACAT2	0.078609586	0.0	-9.620396	6.379265	1
12913	PDE10A	0.21488497	0.0	-11.07002	13.600859	1
12933	RNASET2	0.21498282	0.0	-11.070677	15.688777	1
12956	AFDN-DT	0.09742151	0.0	-9.929577	7.431004	1
12985	WDR27	0.05987892	0.0	-9.228312	5.068399	1
12986	C6orf120	0.17030366	0.0	-10.73474	13.443583	1
12987	PHF10	0.1554363	0.0	-10.603036	11.703016	1
13005	FAM120B	0.08252739	0.0	-9.690476	7.1231613	1
13037	DNAAF5	0.058695547	0.0	-9.199563	5.0375404	1
13044	C7orf50	0.58429724	0.0	-12.512733	42.565666	1
13072	NUDT1	0.16217029	0.0	-10.664184	12.793422	1
13073	SNX8	0.060941365	0.0	-9.253643	5.221216	1
13075	CHST12	0.12878549	0.0	-10.331874	9.495037	1
13093	FOXK1	0.08919919	0.0	-9.802504	8.188512	1
13099	RBAK	0.096758194	0.0	-9.91973	7.495784	1
13103	TNRC18	0.1409807	0.0	-10.462305	10.766923	1
13113	FSCN1	0.86026263	0.0	-13.070729	44.55244	1
13117	CCZ1	0.16525759	0.0	-10.691374	12.428522	1
13119	PMS2	0.14588287	0.0	-10.511583	11.197977	1
13120	AIMP2	0.077865876	0.0	-9.606699	6.8433995	1
13124	USP42	0.12261291	0.0	-10.261071	9.8877735	1
13132	ZDHHC4	0.27032673	0.0	-11.401022	19.397285	1
13136	ZNF316	0.072967716	0.0	-9.51309	6.0949125	1
13138	ZNF12	0.19404195	0.0	-10.922896	15.235648	1
13142	C1GALT1	0.22600725	0.0	-11.142792	17.22643	1
13149	RPA3	0.1748932	0.0	-10.773084	12.118733	1
13150	UMAD1	0.058289595	0.0	-9.189568	5.04931	1
13172	TMEM106B	0.29802555	0.0	-11.541704	21.838787	1
13178	ARL4A	0.1814635	0.0	-10.826259	12.289996	1
13182	ETV1	0.16164298	0.0	-10.659488	11.42096	1
13199	ANKMY2	0.12084378	0.0	-10.240121	9.191136	1
13201	BZW2	0.29052466	0.0	-11.504941	20.920774	1
13203	TSPAN13	0.10386021	0.0	-10.021816	8.452603	1
13216	TWIST1	0.27590346	0.0	-11.43047	17.740496	1
13239	CDCA7L	0.111627825	0.0	-10.125772	8.372135	1
13251	KLHL7	0.13492852	0.0	-10.399049	10.460001	1
13252	NUP42	0.13242185	0.0	-10.372015	10.437911	1
13259	CCDC126	0.065718226	0.0	-9.362344	5.851468	1
13294	SKAP2	0.15693732	0.0	-10.616892	11.031088	1
13319	HIBADH	0.09792508	0.0	-9.937007	7.7794266	1
13326	CREB5	0.0792677	0.0	-9.632408	5.4456296	1
13327	TRIL	0.11330678	0.0	-10.147291	7.97757	1
13343	FKBP14	0.47750127	0.0	-12.221591	34.907425	1
13344	PLEKHA8	0.16334087	0.0	-10.674553	11.844056	1
13347	MTURN	0.07519839	0.0	-9.556476	6.0664463	1
13356	GARS-DT	0.24197434	0.0	-11.241235	18.241936	1
13364	AQP1	0.37782133	0.0	-11.88387	21.085594	1
13379	KBTBD2	0.17343202	0.0	-10.760986	13.711126	1
13380	FKBP9	0.35838863	0.0	-11.807712	24.094172	1
13393	DPY19L1	0.10566585	0.0	-10.0466585	8.596078	1
13426	EPDR1	0.13740137	0.0	-10.42523	11.143645	1
13466	CDK13	0.29673058	0.0	-11.535424	21.606745	1
13475	GLI3	0.106920086	0.0	-10.063666	8.57007	1
13488	COA1	0.35683003	0.0	-11.801426	28.21956	1
13492	UBE2D4	0.0657938	0.0	-9.363999	5.4259725	1
13496	DBNL	0.23292778	0.0	-11.186286	17.871353	1
13501	POLD2	0.22844501	0.0	-11.158262	16.710333	1
13502	MYL7	0.1908334	0.0	-10.898854	13.307561	1
13504	YKT6	0.14379077	0.0	-10.490758	10.913633	1
13508	DDX56	0.069394834	0.0	-9.440762	6.525265	1
13511	OGDH	0.062382776	0.0	-9.287314	5.6505594	1
13521	SNHG15	0.14227596	0.0	-10.47549	11.647629	1
13571	GRB10	0.0762617	0.0	-9.576705	5.6978264	1
13608	PSPH	0.0662262	0.0	-9.373435	5.522015	1
13610	SUMF2	0.48288193	0.0	-12.237754	35.422695	1
13653	ZNF138	0.068906516	0.0	-9.430589	5.449708	1
13659	ZNF117	0.11008451	0.0	-10.105706	8.995669	1
13660	ERV3-1	0.14766994	0.0	-10.529138	10.934397	1
13662	ZNF92	0.07211535	0.0	-9.496161	5.670988	1
13666	GUSB	0.20125209	0.0	-10.975505	14.599816	1
13667	ASL	0.068992384	0.0	-9.432383	6.119228	1
13668	CRCP	0.11813166	0.0	-10.2074	9.472169	1
13673	KCTD7	0.07461397	0.0	-9.545235	6.3294606	1
13675	RABGEF1	0.11001709	0.0	-10.104823	9.0639105	1
13676	AC027644.3	0.087298356	0.0	-9.771462	6.708507	1
13680	TYW1	0.07504066	0.0	-9.553451	6.258565	1
13692	AUTS2	0.07239661	0.0	-9.50177	5.89327	1
13696	POM121	0.21615115	0.0	-11.078492	16.448837	1
13703	NSUN5	0.073737346	0.0	-9.528207	6.2445054	1
13712	VPS37D	0.08755924	0.0	-9.775763	6.7955246	1
13713	DNAJC30	0.07119887	0.0	-9.4777355	6.553866	1
13724	LIMK1	0.07879605	0.0	-9.62381	6.292215	1
13737	RCC1L	0.08845966	0.0	-9.790506	7.03929	1
13744	TRIM73	0.07325951	0.0	-9.51884	5.8798237	1
13745	POM121C	0.16140954	0.0	-10.657404	12.166591	1
13747	HIP1	0.22647385	0.0	-11.145765	16.744165	1
13750	RHBDD2	0.14089282	0.0	-10.461406	10.283038	1
13751	POR	0.16847584	0.0	-10.719182	12.884647	1
13776	RSBN1L	0.27353466	0.0	-11.4180355	21.06566	1
13780	MAGI2	0.2830244	0.0	-11.46722	21.534874	1
13788	GNAI1	0.3842961	0.0	-11.908378	28.534504	1
13796	CACNA2D1	0.15889008	0.0	-10.634721	11.33923	1
13809	KIAA1324L	0.06367179	0.0	-9.316774	5.4001446	1
13812	DMTF1	0.2343406	0.0	-11.195006	17.42616	1
13813	TMEM243	0.18054241	0.0	-10.818921	14.250204	1
13814	TP53TG1	0.18704623	0.0	-10.86995	14.606038	1
13820	DBF4	0.09342778	0.0	-9.869251	6.698065	1
13840	CDK14	0.08943601	0.0	-9.806324	6.8792763	1
13847	MTERF1	0.059550956	0.0	-9.220402	5.0544987	1
13849	AKAP9	0.6171308	0.0	-12.591595	44.55244	1
13850	CYP51A1	0.6084583	0.0	-12.571179	44.55244	1
13853	KRIT1	0.26346934	0.0	-11.363967	20.485693	1
13859	PEX1	0.11152358	0.0	-10.124426	8.275577	1
13860	RBM48	0.08642911	0.0	-9.757042	7.442856	1
13869	VPS50	0.06894785	0.0	-9.431453	5.826167	1
13882	CASD1	0.15423119	0.0	-10.591814	12.033993	1
13883	SGCE	0.23750421	0.0	-11.214345	17.806034	1
13889	PON2	0.30872986	0.0	-11.592596	21.906778	1
13894	PDK4	0.07010486	0.0	-9.455427	5.0543776	1
13896	SLC25A13	0.1997782	0.0	-10.964906	15.413816	1
13901	SDHAF3	0.2866305	0.0	-11.485479	20.559023	1
13902	TAC1	0.7715608	0.0	-12.913752	25.85623	1
13914	TRRAP	0.09778946	0.0	-9.93501	8.02078	1
13916	SMURF1	0.08647161	0.0	-9.7577505	7.343225	1
13924	CPSF4	0.08498518	0.0	-9.732764	6.0604343	1
13927	ZNF394	0.07603578	0.0	-9.572431	6.15421	1
13928	ZKSCAN5	0.05283233	0.0	-9.048005	5.0748315	1
13930	ZNF655	0.14528391	0.0	-10.505652	10.96618	1
13939	TRIM4	0.07895291	0.0	-9.626675	6.2530446	1
13945	ZKSCAN1	0.6369863	0.0	-12.637273	44.55244	1
13946	ZSCAN21	0.06286484	0.0	-9.298403	5.1362247	1
13950	AP4M1	0.0734784	0.0	-9.523139	6.073803	1
13951	TAF6	0.1562452	0.0	-10.610519	11.773103	1
13953	CNPY4	0.23036817	0.0	-11.170352	17.777016	1
13979	LRCH4	0.0885897	0.0	-9.792623	7.12697	1
13982	PCOLCE	0.25315362	0.0	-11.306367	18.399906	1
13983	MOSPD3	0.122284904	0.0	-10.25721	9.460799	1
13987	GIGYF1	0.09894125	0.0	-9.951886	7.2995296	1
13991	EPHB4	0.17726913	0.0	-10.79254	13.455888	1
13994	TRIP6	0.16536976	0.0	-10.692352	13.348111	1
14003	TRIM56	0.30152515	0.0	-11.558541	21.576616	1
14004	SERPINE1	0.09970859	0.0	-9.96302	6.562896	1
14009	PLOD3	0.47226316	0.0	-12.205681	36.158558	1
14028	ALKBH4	0.08331196	0.0	-9.70411	6.857305	1
14035	RASA4	0.072705366	0.0	-9.507901	5.9266367	1
14037	UPK3BL1	0.2565492	0.0	-11.3255825	18.75921	1
14043	LRRC17	0.22461942	0.0	-11.133909	15.657001	1
14046	ARMC10	0.27283123	0.0	-11.414322	21.4117	1
14047	NAPEPLD	0.06948534	0.0	-9.442639	5.677975	1
14049	DNAJC2	0.344137	0.0	-11.7491865	25.585482	1
14072	NAMPT	0.4783796	0.0	-12.224242	33.16345	1
14078	CCDC71L	0.14987619	0.0	-10.550518	11.704808	1
14081	PRKAR2B	0.08708499	0.0	-9.767936	6.6561933	1
14085	COG5	0.13523382	0.0	-10.402307	9.806361	1
14093	CBLL1	0.086996496	0.0	-9.766471	6.7863984	1
14095	DLD	0.19074555	0.0	-10.89819	13.652895	1
14096	LAMB1	0.5441677	0.0	-12.410101	41.103115	1
14100	PNPLA8	0.23944867	0.0	-11.226103	17.801302	1
14101	THAP5	0.20880544	0.0	-11.028634	16.479029	1
14102	DNAJB9	0.3669761	0.0	-11.841864	25.068598	1
14116	ZNF277	0.21796702	0.0	-11.090556	17.236818	1
14121	TMEM168	0.12406148	0.0	-10.278002	9.504883	1
14122	BMT2	0.087597616	0.0	-9.776394	6.9898643	1
14132	MDFIC	0.10512031	0.0	-10.039198	8.403004	1
14139	TES	0.14831209	0.0	-10.535393	12.214433	1
14143	CAV2	0.26198468	0.0	-11.355817	20.200893	1
14163	CTTNBP2	0.1174519	0.0	-10.199082	9.369156	1
14174	ING3	0.10090519	0.0	-9.980214	7.512556	1
14175	CPED1	0.09790017	0.0	-9.936641	7.727808	1
14178	FAM3C	0.50117993	0.0	-12.291401	36.014618	1
14181	AASS	0.065720744	0.0	-9.362398	5.2386146	1
14199	AC006333.2	0.06411298	0.0	-9.326721	5.2934732	1
14224	ARF5	0.4186652	0.0	-12.031926	33.246063	1
14233	RBM28	0.24992587	0.0	-11.287862	17.910368	1
14236	HILPDA	0.7233134	0.0	-12.820604	44.55244	1
14255	SMO	0.07990067	0.0	-9.643868	6.6569767	1
14268	KLHDC10	0.15889451	0.0	-10.634761	12.708057	1
14270	TMEM209	0.0650638	0.0	-9.347927	5.3986406	1
14282	COPG2	0.07027389	0.0	-9.458897	5.6306143	1
14284	AUXG01000058.1	0.13120486	0.0	-10.358705	9.27262	1
14294	LINC-PINT	0.061216943	0.0	-9.260142	5.41083	1
14305	CHCHD3	0.3211082	0.0	-11.649293	23.511137	1
14307	EXOC4	0.16453487	0.0	-10.685054	12.842079	1
14310	SLC35B4	0.06487922	0.0	-9.343835	5.4741607	1
14316	BPGM	0.10656131	0.0	-10.058822	9.014655	1
14329	NUP205	0.05628136	0.0	-9.139074	5.0750265	1
14340	CHRM2	0.10161573	0.0	-9.990327	7.9557	1
14341	PTN	0.95222247	0.0	-13.217235	44.55244	1
14345	CREB3L2	0.2950408	0.0	-11.527187	19.606867	1
14355	ZC3HAV1	0.11230352	0.0	-10.134472	8.03354	1
14366	KDM7A	0.10786329	0.0	-10.076325	7.567136	1
14368	SLC37A3	0.10752672	0.0	-10.07182	9.322813	1
14371	DENND2A	0.11342312	0.0	-10.14877	8.945266	1
14384	AGK	0.08541164	0.0	-9.739977	6.7735257	1
14484	EPHB6	0.1000779	0.0	-9.9683485	6.883431	1
14500	CASP2	0.06779352	0.0	-9.40713	5.7851977	1
14505	ZYX	0.31369194	0.0	-11.615593	23.57115	1
14524	ARHGEF35	0.058655642	0.0	-9.198584	5.2292666	1
14525	AC004889.1	0.1918136	0.0	-10.906241	14.500122	1
14543	CUL1	0.20397092	0.0	-10.994855	15.926875	1
14548	PDIA4	0.8134172	0.0	-12.989957	44.55244	1
14551	ZNF398	0.08572711	0.0	-9.74529	7.0836205	1
14560	ZNF467	0.25934806	0.0	-11.34123	19.291504	1
14575	RARRES2	0.07909387	0.0	-9.629245	5.7238774	1
14577	REPIN1	0.098953	0.0	-9.952057	8.086519	1
14589	TMEM176B	0.079077125	0.0	-9.62894	5.78354	1
14590	TMEM176A	0.08430164	0.0	-9.7211275	6.872805	1
14592	KCNH2	0.09161888	0.0	-9.841075	6.969886	1
14593	NOS3	0.0560227	0.0	-9.132441	5.2978206	1
14599	SLC4A2	0.17005222	0.0	-10.73261	12.762143	1
14608	ABCF2	0.101186514	0.0	-9.984226	8.447162	1
14609	CHPF2	0.16216582	0.0	-10.664144	12.013731	1
14627	LINC01003	0.11455929	0.0	-10.163137	9.158627	1
14671	LMBR1	0.065096654	0.0	-9.348654	5.385634	1
14673	NOM1	0.101603724	0.0	-9.990157	7.9312854	1
14685	PTPRN2	0.11364767	0.0	-10.151621	8.678537	1
14695	ESYT2	0.24139276	0.0	-11.237764	17.65642	1
14696	WDR60	0.4235502	0.0	-12.048657	31.541979	1
14712	ERICH1	0.20932649	0.0	-11.032228	16.725485	1
14724	CLN8	0.12541199	0.0	-10.29361	9.524968	1
14726	AC100810.1	0.28305733	0.0	-11.467388	21.195574	1
14728	ARHGEF10	0.15083012	0.0	-10.559665	11.362166	1
14757	MCPH1	0.08910924	0.0	-9.801049	7.238237	1
14762	AGPAT5	0.2227301	0.0	-11.121729	16.613482	1
14811	PRAG1	0.06453567	0.0	-9.336186	5.124218	1
14822	PPP1R3B	0.20546618	0.0	-11.005387	14.61431	1
14852	AF131215.6	0.070060246	0.0	-9.45451	5.546871	1
14859	MTMR9	0.14178437	0.0	-10.4705	10.528953	1
14870	GATA4	0.523906	0.0	-12.355368	34.695568	1
14888	AC145124.1	0.06554505	0.0	-9.358542	5.7103777	1
14895	LONRF1	0.10482593	0.0	-10.035155	7.715529	1
14899	DLC1	0.38235542	0.0	-11.901076	24.215214	1
14915	MICU3	0.10092622	0.0	-9.980515	7.863987	1
14919	VPS37A	0.21888776	0.0	-11.096635	16.58801	1
14921	SLC7A2	0.17961565	0.0	-10.811501	11.727622	1
14925	MTUS1	0.19776377	0.0	-10.950292	12.763261	1
14933	ASAH1	0.6712806	0.0	-12.712915	44.55244	1
14939	PSD3	0.28192958	0.0	-11.461631	20.041782	1
14947	CSGALNACT1	0.082065225	0.0	-9.6823845	5.5032763	1
14949	INTS10	0.17238604	0.0	-10.752264	12.756162	1
14954	LZTS1	0.07802482	0.0	-9.609637	5.9042554	1
14968	XPO7	0.08383194	0.0	-9.713077	6.44056	1
14972	FAM160B2	0.15079008	0.0	-10.559282	11.3311405	1
14978	BMP1	0.12469048	0.0	-10.285293	10.672187	1
14985	SLC39A14	0.091857	0.0	-9.844815	7.8982234	1
14986	PPP3CC	0.086879164	0.0	-9.764526	6.9538617	1
14992	C8orf58	0.16890219	0.0	-10.722826	12.683813	1
14993	CCAR2	0.06411836	0.0	-9.326842	5.412529	1
14995	BIN3	0.0941644	0.0	-9.880569	7.7670975	1
14997	EGR3	0.11265248	0.0	-10.138944	7.926137	1
15009	TNFRSF10D	0.20410764	0.0	-10.995821	15.571202	1
15014	CHMP7	0.08451925	0.0	-9.724842	6.7050505	1
15016	LOXL2	0.93419224	0.0	-13.189658	44.55244	1
15018	ENTPD4	0.12119012	0.0	-10.2442465	9.297268	1
15027	STC1	0.60518014	0.0	-12.563388	39.229465	1
15044	KCTD9	0.0897886	0.0	-9.811995	6.9046226	1
15056	DPYSL2	0.4709426	0.0	-12.201642	33.955738	1
15064	EPHX2	0.11896929	0.0	-10.217586	8.880763	1
15065	CLU	0.15366155	0.0	-10.586479	9.988587	1
15068	CCDC25	0.35089466	0.0	-11.777233	25.769775	1
15074	ELP3	0.09248066	0.0	-9.854567	7.3160954	1
15077	ZNF395	0.23280245	0.0	-11.18551	17.84954	1
15082	FZD3	0.09015416	0.0	-9.81785	7.5088115	1
15087	HMBOX1	0.2722565	0.0	-11.411281	19.071875	1
15090	KIF13B	0.082836	0.0	-9.695855	6.256297	1
15093	DUSP4	0.3114749	0.0	-11.605363	20.49692	1
15120	UBXN8	0.07139197	0.0	-9.481638	5.91498	1
15124	WRN	0.08223671	0.0	-9.685392	5.99723	1
15135	AC090204.1	0.49055025	0.0	-12.260479	36.77493	1
15139	MAK16	0.08277743	0.0	-9.694836	7.0570784	1
15168	ERLIN2	0.1367767	0.0	-10.418661	11.284242	1
15170	ADGRA2	0.28236237	0.0	-11.463843	21.457321	1
15171	BRF2	0.078897536	0.0	-9.625664	6.167837	1
15172	RAB11FIP1	0.09811305	0.0	-9.939771	7.075868	1
15179	ASH2L	0.1286542	0.0	-10.330404	10.018228	1
15184	BAG4	0.07449178	0.0	-9.542872	6.518553	1
15186	DDHD2	0.12199554	0.0	-10.253795	9.180476	1
15187	PLPP5	0.20441905	0.0	-10.998019	15.632843	1
15193	FGFR1	0.44709525	0.0	-12.126689	29.843088	1
15199	TACC1	0.26193	0.0	-11.355516	19.041986	1
15202	PLEKHA2	0.131849	0.0	-10.365765	9.873026	1
15206	ADAM9	0.14063412	0.0	-10.458756	11.101633	1
15238	KAT6A	0.315803	0.0	-11.625266	23.668406	1
15241	AP3M2	0.2837891	0.0	-11.471111	20.114594	1
15250	SMIM19	0.4188665	0.0	-12.032619	30.871338	1
15254	THAP1	0.08219695	0.0	-9.684695	6.4963965	1
15256	RNF170	0.15752923	0.0	-10.622319	12.324055	1
15257	HOOK3	0.4514171	0.0	-12.140565	32.250725	1
15269	SPIDR	0.06749304	0.0	-9.400731	5.2846274	1
15271	CEBPD	0.48635817	0.0	-12.2481	28.597317	1
15334	TMEM68	0.1266267	0.0	-10.307505	9.037123	1
15336	LYN	0.12173096	0.0	-10.250665	10.271799	1
15342	CHCHD7	0.25701764	0.0	-11.328213	19.061424	1
15345	PENK	0.521517	0.0	-12.348775	17.128525	1
15350	IMPAD1	0.3775816	0.0	-11.882955	27.869587	1
15361	FAM110B	0.35189757	0.0	-11.78135	24.923395	1
15402	GGH	0.092472106	0.0	-9.854434	7.3381944	1
15406	YTHDF3	0.17566341	0.0	-10.779419	13.281759	1
15426	ARMC1	0.24657762	0.0	-11.268411	18.565678	1
15429	PDE7A	0.06022897	0.0	-9.236707	5.6057215	1
15443	SGK3	0.0955854	0.0	-9.902155	6.878785	1
15449	CSPP1	0.08858279	0.0	-9.79251	6.814708	1
15468	NCOA2	0.0710155	0.0	-9.47402	5.395984	1
15489	TERF1	0.2741285	0.0	-11.421163	20.56262	1
15501	STAU2	0.12606603	0.0	-10.301108	9.993551	1
15503	UBE2W	0.16455224	0.0	-10.685206	11.248396	1
15519	CRISPLD1	0.08536001	0.0	-9.739106	7.5279155	1
15531	PEX2	0.19712107	0.0	-10.945598	14.676398	1
15535	PKIA	0.17652608	0.0	-10.786483	13.232755	1
15543	STMN2	1.7188696	0.0	-14.069257	44.55244	1
15545	HEY1	0.56752294	0.0	-12.470717	37.291786	1
15552	TPD52	0.15855192	0.0	-10.631649	10.389555	1
15556	ZBTB10	0.20610961	0.0	-11.009896	15.61504	1
15559	ZNF704	0.29971796	0.0	-11.549871	19.080982	1
15574	IMPA1	0.11534108	0.0	-10.172941	9.180704	1
15576	ZFAND1	0.15668623	0.0	-10.614583	12.683305	1
15579	SNX16	0.10548867	0.0	-10.044239	8.411113	1
15587	RALYL	0.06661061	0.0	-9.381773	5.207162	1
15610	WWP1	0.1364997	0.0	-10.415739	9.921338	1
15611	RMDN1	0.28803325	0.0	-11.49252	20.941782	1
15620	MMP16	0.13482405	0.0	-10.397932	9.725996	1
15624	AF117829.1	0.08229237	0.0	-9.686367	6.5056844	1
15633	TMEM64	0.09519631	0.0	-9.896276	7.6640987	1
15638	PIP4P2	0.4130688	0.0	-12.012516	27.470877	1
15657	TRIQK	0.1754137	0.0	-10.777368	13.588929	1
15662	FAM92A	0.25384995	0.0	-11.3103285	19.121284	1
15665	RBM12B	0.14803262	0.0	-10.532674	11.0337715	1
15668	TMEM67	0.07097909	0.0	-9.473282	5.935194	1
15676	FSBP	0.0596371	0.0	-9.222484	5.1004395	1
15677	VIRMA	0.29763433	0.0	-11.53981	23.802217	1
15682	DPY19L4	0.14751543	0.0	-10.527628	11.470066	1
15684	INTS8	0.088613994	0.0	-9.793018	7.4589114	1
15688	TP53INP1	0.13531993	0.0	-10.403224	9.661645	1
15714	LAPTM4B	0.72074246	0.0	-12.815468	44.55244	1
15715	MATN2	0.4561797	0.0	-12.155703	31.044977	1
15719	RIDA	0.078493424	0.0	-9.618265	6.2968774	1
15722	STK3	0.14926507	0.0	-10.544627	11.061686	1
15730	VPS13B	0.102427125	0.0	-10.00179	7.4952483	1
15740	RNF19A	0.23140098	0.0	-11.176803	16.914604	1
15746	ANKRD46	0.08774971	0.0	-9.778893	7.20054	1
15766	NCALD	0.07228086	0.0	-9.499465	5.405505	1
15768	RRM2B	0.14240405	0.0	-10.476788	8.61924	1
15785	BAALC	0.6460096	0.0	-12.657563	39.80197	1
15788	FZD6	0.110254966	0.0	-10.107936	8.848676	1
15792	SLC25A32	0.1196647	0.0	-10.225987	8.762694	1
15793	DCAF13	0.3146381	0.0	-11.619936	23.686079	1
15801	LRP12	0.18876232	0.0	-10.88312	13.40214	1
15802	ZFPM2	0.10078807	0.0	-9.97854	8.380703	1
15811	OXR1	0.45083827	0.0	-12.138714	32.18319	1
15816	ANGPT1	0.2089655	0.0	-11.029739	14.04554	1
15822	EMC2	0.3651177	0.0	-11.834541	28.388704	1
15831	EBAG9	0.20908768	0.0	-11.030582	15.369409	1
15856	UTP23	0.22998464	0.0	-11.167949	17.773983	1
15863	MED30	0.13376439	0.0	-10.386557	10.36519	1
15877	TAF2	0.07236701	0.0	-9.501181	5.7892203	1
15883	COL14A1	0.44519	0.0	-12.120529	27.759031	1
15890	HAS2	0.19105163	0.0	-10.900502	12.687387	1
15904	DERL1	0.25043207	0.0	-11.290779	19.315622	1
15910	C8orf76	0.08615204	0.0	-9.752415	7.076331	1
15913	WDYHV1	0.08094717	0.0	-9.662618	6.5063095	1
15914	FBXO32	0.14442635	0.0	-10.497117	9.229539	1
15927	TMEM65	0.10441513	0.0	-10.029496	7.8261447	1
15934	MTSS1	0.44220567	0.0	-12.110828	30.89191	1
15942	WASHC5	0.082593665	0.0	-9.691633	6.5561566	1
15946	TRIB1	0.070401214	0.0	-9.461504	5.395277	1
15968	MYC	0.078396656	0.0	-9.6164875	6.4209256	1
15992	EFR3A	0.1739011	0.0	-10.76488	13.4538965	1
16000	PHF20L1	0.37164006	0.0	-11.860079	27.765463	1
16007	NDRG1	0.38264918	0.0	-11.902184	25.604979	1
16008	ST3GAL1	0.26102665	0.0	-11.3505335	18.789207	1
16058	PTP4A3	0.20731817	0.0	-11.018327	14.3047495	1
16090	LY6E	1.1530428	0.0	-13.493283	44.55244	1
16100	TOP1MT	0.07122873	0.0	-9.478339	5.8165417	1
16112	NAPRT	0.06706746	0.0	-9.391619	5.459632	1
16114	EEF1D	1.5319276	0.0	-13.903154	44.55244	1
16115	TIGD5	0.071751334	0.0	-9.488872	5.3172035	1
16117	TSTA3	0.13988855	0.0	-10.451094	10.926207	1
16133	NRBP2	0.07538839	0.0	-9.560111	6.465562	1
16137	PLEC	0.25762847	0.0	-11.331636	19.742094	1
16143	EXOSC4	0.15906504	0.0	-10.636308	11.574725	1
16144	GPAA1	0.21750984	0.0	-11.087528	17.633797	1
16150	MROH1	0.064206146	0.0	-9.328813	5.114937	1
16153	HSF1	0.21758671	0.0	-11.0880375	16.571554	1
16154	DGAT1	0.09384905	0.0	-9.875734	7.878679	1
16158	SLC52A2	0.12582162	0.0	-10.29831	10.2456	1
16167	CYHR1	0.18266551	0.0	-10.835778	14.579795	1
16179	C8orf82	0.1383533	0.0	-10.435184	9.825787	1
16184	ZNF251	0.06788136	0.0	-9.408996	5.6545773	1
16188	ZNF7	0.13226846	0.0	-10.370344	9.820202	1
16191	ZNF250	0.0678438	0.0	-9.408198	5.1266108	1
16196	WASHC1	0.095454805	0.0	-9.900185	7.728524	1
16221	VLDLR-AS1	0.086403266	0.0	-9.756611	5.8750925	1
16223	VLDLR	0.24002418	0.0	-11.229565	17.479942	1
16228	RFX3	0.070107155	0.0	-9.455474	5.6565933	1
16232	GLIS3	0.09742588	0.0	-9.929642	7.603851	1
16237	SLC1A1	0.070717305	0.0	-9.467958	5.593653	1
16241	CDC37L1	0.13077702	0.0	-10.353996	10.47269	1
16242	AK3	0.14282556	0.0	-10.481049	11.832809	1
16246	JAK2	0.07390154	0.0	-9.531411	6.3436575	1
16258	RIC1	0.11498278	0.0	-10.168456	8.890405	1
16261	KIAA2026	0.24086887	0.0	-11.234632	17.565521	1
16263	RANBP6	0.06883174	0.0	-9.429025	6.1429253	1
16265	IL33	0.3586948	0.0	-11.808943	21.445215	1
16273	KDM4C	0.11649162	0.0	-10.187248	8.59412	1
16281	PTPRD	0.2772307	0.0	-11.437391	19.649284	1
16297	MPDZ	0.3319709	0.0	-11.697275	25.167688	1
16310	FREM1	0.10366321	0.0	-10.019079	8.311649	1
16314	SNAPC3	0.32132617	0.0	-11.650271	23.938213	1
16330	HAUS6	0.13920125	0.0	-10.443993	11.494072	1
16332	DENND4C	0.10996453	0.0	-10.104134	8.667432	1
16343	MLLT3	0.21330844	0.0	-11.0594015	16.091347	1
16344	FOCAD	0.08251274	0.0	-9.690221	6.4771113	1
16372	CDKN2B	0.13371089	0.0	-10.38598	7.987353	1
16389	TUSC1	0.16645353	0.0	-10.70177	11.740702	1
16394	CAAP1	0.11922715	0.0	-10.220707	9.804259	1
16395	PLAA	0.10964905	0.0	-10.099993	8.165927	1
16400	TEK	0.07850369	0.0	-9.618453	6.215908	1
16407	C9orf72	0.08023269	0.0	-9.649843	6.415004	1
16415	ACO1	0.27142394	0.0	-11.406863	20.073582	1
16418	SMIM27	0.078922756	0.0	-9.626124	6.7034717	1
16425	APTX	0.11808294	0.0	-10.206806	8.763917	1
16428	B4GALT1	0.17709975	0.0	-10.791161	13.000999	1
16458	UBAP2	0.1328382	0.0	-10.37654	10.069448	1
16463	NUDT2	0.25019655	0.0	-11.289423	19.240623	1
16466	FAM219A	0.11914548	0.0	-10.219719	9.422789	1
16470	CNTFR	0.30178696	0.0	-11.5597925	20.258627	1
16472	RPP25L	0.15468493	0.0	-10.596049	11.984314	1
16473	DCTN3	0.6349226	0.0	-12.632592	44.55244	1
16475	SIGMAR1	0.19909157	0.0	-10.959941	15.104161	1
16476	GALT	0.103518	0.0	-10.017059	8.235226	1
16477	IL11RA	0.2402366	0.0	-11.230841	17.542864	1
16479	AL162231.1	0.11295067	0.0	-10.142754	8.342447	1
16480	AL162231.2	0.09293219	0.0	-9.861587	7.370933	1
16482	CCL21	0.5429226	0.0	-12.406796	23.199306	1
16497	FAM214B	0.080770165	0.0	-9.659464	6.271582	1
16508	CCDC107	0.56097966	0.0	-12.45399	41.021984	1
16514	GBA2	0.07459226	0.0	-9.544815	6.0998654	1
16515	RGP1	0.08615319	0.0	-9.752434	6.591658	1
16521	HINT2	0.22922122	0.0	-11.163155	18.438017	1
16522	TMEM8B	0.07955225	0.0	-9.637571	6.0608106	1
16529	RECK	0.21530026	0.0	-11.072804	16.793222	1
16530	GLIPR2	0.2005838	0.0	-10.970709	14.621001	1
16534	RNF38	0.08137514	0.0	-9.670217	6.6590257	1
16542	EBLN3P	0.2683678	0.0	-11.390533	19.081553	1
16546	GRHPR	0.5004942	0.0	-12.289426	37.195286	1
16547	ZBTB5	0.070232354	0.0	-9.458045	6.4617033	1
16548	POLR1E	0.07740763	0.0	-9.598194	6.008648	1
16629	CBWD5	0.08458477	0.0	-9.725959	6.52658	1
16656	FAM122A	0.094113626	0.0	-9.879792	7.4027486	1
16659	FXN	0.09919359	0.0	-9.955557	7.348624	1
16671	MAMDC2	0.09916769	0.0	-9.95518	7.5142055	1
16673	SMC5	0.3499766	0.0	-11.773455	27.436832	1
16675	KLF9	0.098691255	0.0	-9.948239	7.5548353	1
16679	CEMIP2	0.06480462	0.0	-9.342177	5.195977	1
16696	RORB	0.11396598	0.0	-10.155653	6.8061633	1
16699	C9orf40	0.055111356	0.0	-9.108821	5.132958	1
16701	CARNMT1	0.121660694	0.0	-10.249833	9.300599	1
16703	NMRK1	0.095549606	0.0	-9.901615	6.7073803	1
16707	RFK	0.08632048	0.0	-9.75523	7.267143	1
16714	VPS13A	0.099562526	0.0	-9.960907	8.034226	1
16719	PSAT1	0.31406316	0.0	-11.617298	19.505096	1
16722	TLE4	0.28333238	0.0	-11.468789	18.5948	1
16752	AL354733.3	0.0704944	0.0	-9.46341	5.4208264	1
16758	NTRK2	0.17908154	0.0	-10.807206	12.421577	1
16762	AGTPBP1	0.1243559	0.0	-10.281419	9.415505	1
16766	GOLM1	0.4017638	0.0	-11.972491	28.064316	1
16770	TUT7	0.14318909	0.0	-10.484713	11.461464	1
16774	GAS1	0.09105108	0.0	-9.832116	6.6075816	1
16779	DAPK1	0.11370315	0.0	-10.152325	8.995037	1
16788	SPIN1	0.2526903	0.0	-11.303725	19.453995	1
16793	S1PR3	0.13586776	0.0	-10.409049	8.844394	1
16796	CKS2	0.18884473	0.0	-10.883749	13.041403	1
16797	SECISBP2	0.1854483	0.0	-10.857579	14.520207	1
16819	NFIL3	0.10257399	0.0	-10.003855	7.939829	1
16822	SPTLC1	0.26492047	0.0	-11.371888	20.102583	1
16825	NOL8	0.15556565	0.0	-10.604235	11.22761	1
16829	ASPN	0.15920797	0.0	-10.637603	9.171726	1
16833	BICD2	0.1690207	0.0	-10.723838	12.90349	1
16839	CARD19	0.27044114	0.0	-11.401632	20.356182	1
16840	NINJ1	0.095478535	0.0	-9.900543	7.4538736	1
16845	FAM120AOS	0.21070492	0.0	-11.041693	16.40502	1
16846	FAM120A	0.17158166	0.0	-10.745521	12.170572	1
16847	PHF2	0.07976371	0.0	-9.6413965	6.2942142	1
16851	PTPDC1	0.096449085	0.0	-9.915119	8.452644	1
16853	AL158152.1	0.074740686	0.0	-9.547679	5.7257667	1
16858	MFSD14B	0.107198805	0.0	-10.067418	8.554904	1
16864	AOPEP	0.098984994	0.0	-9.952523	7.49668	1
16872	PTCH1	0.07177794	0.0	-9.489406	6.3286514	1
16880	ERCC6L2	0.14814296	0.0	-10.533748	11.774517	1
16893	CDC14B	0.078946754	0.0	-9.626562	5.9521413	1
16898	MFSD14C	0.1746716	0.0	-10.7712555	13.165457	1
16909	TSTD2	0.065504245	0.0	-9.357645	5.138855	1
16912	XPA	0.13669555	0.0	-10.417806	10.33675	1
16921	NANS	0.25543547	0.0	-11.319308	19.300728	1
16923	CORO2A	0.17034942	0.0	-10.735128	12.522252	1
16930	COL15A1	0.48176098	0.0	-12.234402	27.495148	1
16932	TGFBR1	0.17022811	0.0	-10.734101	13.190842	1
16944	ERP44	0.5192512	0.0	-12.342495	41.844868	1
16948	TMEFF1	0.13413255	0.0	-10.390519	10.050056	1
16956	TMEM246	0.10330158	0.0	-10.014043	8.477032	1
16982	SLC44A1	0.48751807	0.0	-12.251535	36.45893	1
16985	FKTN	0.06574738	0.0	-9.362983	5.8406067	1
16993	ZNF462	0.13493347	0.0	-10.399101	10.601264	1
17004	ELP1	0.06277535	0.0	-9.2963505	5.3605723	1
17022	ECPAS	0.12658441	0.0	-10.307023	10.24416	1
17026	DNAJC25	0.1205753	0.0	-10.236915	8.726351	1
17027	GNG10	0.34215522	0.0	-11.740857	25.358536	1
17033	HSDL2	0.19193873	0.0	-10.907182	14.126305	1
17036	INIP	0.15122958	0.0	-10.563478	11.455673	1
17038	SNX30	0.076244295	0.0	-9.576377	6.4010115	1
17041	ZNF883	0.070412725	0.0	-9.46174	5.0604258	1
17047	SLC31A1	0.1624597	0.0	-10.666754	11.890233	1
17049	PRPF4	0.15294066	0.0	-10.5796995	11.198298	1
17054	ALAD	0.069500536	0.0	-9.442955	5.5874887	1
17057	RGS3	0.14692448	0.0	-10.521841	11.86885	1
17061	ZNF618	0.13336821	0.0	-10.38228	10.4896555	1
17064	COL27A1	0.16026413	0.0	-10.647136	11.935514	1
17067	AKNA	0.07607522	0.0	-9.573178	6.710753	1
17103	CDK5RAP2	0.17546542	0.0	-10.777793	13.115524	1
17105	FBXW2	0.15124325	0.0	-10.563609	11.7765	1
17107	PSMD5	0.13235864	0.0	-10.371326	10.440908	1
17111	CNTRL	0.11492023	0.0	-10.167672	8.057474	1
17113	GSN	0.752023	0.0	-12.876753	44.55244	1
17116	STOM	0.15361221	0.0	-10.586016	10.823486	1
17118	DAB2IP	0.12296177	0.0	-10.265167	8.830934	1
17126	RBM18	0.16531427	0.0	-10.691868	12.6793995	1
17127	MRRF	0.064586416	0.0	-9.337319	5.0018554	1
17145	PDCL	0.1742283	0.0	-10.767591	13.621104	1
17157	DENND1A	0.06613721	0.0	-9.371498	5.4954553	1
17164	NEK6	0.66408294	0.0	-12.697365	44.55244	1
17171	NR6A1	0.06236915	0.0	-9.287	5.109266	1
17178	GOLGA1	0.10173603	0.0	-9.992032	8.24186	1
17180	PPP6C	0.19457883	0.0	-10.92688	15.533388	1
17184	GAPVD1	0.18911941	0.0	-10.885844	14.775457	1
17189	PBX3	0.43103728	0.0	-12.073932	29.644886	1
17202	ANGPTL2	0.15651655	0.0	-10.613021	10.422232	1
17209	LRSAM1	0.06595207	0.0	-9.36746	5.699009	1
17210	NIBAN2	0.21516894	0.0	-11.071924	15.528161	1
17211	STXBP1	0.123694085	0.0	-10.273726	8.895336	1
17216	TOR2A	0.093671024	0.0	-9.872998	7.9972796	1
17219	CDK9	0.15966508	0.0	-10.641736	12.092124	1
17221	ENG	0.61256045	0.0	-12.580872	38.85309	1
17224	ST6GALNAC6	0.19520488	0.0	-10.931512	14.927524	1
17225	ST6GALNAC4	0.09738628	0.0	-9.929055	7.7852993	1
17228	DPM2	0.22937074	0.0	-11.164095	17.340467	1
17229	FAM102A	0.12279623	0.0	-10.263225	8.789384	1
17238	C9orf16	0.7857483	0.0	-12.940035	44.55244	1
17240	DNM1	0.108842514	0.0	-10.089352	8.807283	1
17242	SWI5	0.48702845	0.0	-12.250087	36.553146	1
17243	TRUB2	0.103061534	0.0	-10.01069	8.179645	1
17245	COQ4	0.15967448	0.0	-10.641821	12.293445	1
17247	URM1	0.21564923	0.0	-11.07514	15.747557	1
17250	CERCAM	0.4273172	0.0	-12.061429	30.6541	1
17266	TBC1D13	0.09680572	0.0	-9.920438	7.4502926	1
17267	ENDOG	0.21169184	0.0	-11.048431	15.582769	1
17270	LRRC8A	0.11408138	0.0	-10.157112	9.008247	1
17272	DOLK	0.06062133	0.0	-9.246059	5.114846	1
17273	NUP188	0.059054993	0.0	-9.208356	5.469426	1
17275	SH3GLB2	0.09908408	0.0	-9.953965	8.21994	1
17279	CRAT	0.070119254	0.0	-9.455723	6.3882904	1
17281	PTPA	0.21092999	0.0	-11.043232	15.589784	1
17283	IER5L	0.40869433	0.0	-11.997159	29.457792	1
17302	PRRX2	0.12508264	0.0	-10.289819	8.155879	1
17307	C9orf78	0.33408296	0.0	-11.706423	25.298277	1
17309	FNBP1	0.5371186	0.0	-12.391294	37.990826	1
17312	GPR107	0.18476674	0.0	-10.85227	15.0742235	1
17314	NCS1	0.17394042	0.0	-10.765206	13.421755	1
17316	ASS1	0.14182338	0.0	-10.470897	9.763618	1
17317	FUBP3	0.27846044	0.0	-11.443774	20.997646	1
17319	EXOSC2	0.06497861	0.0	-9.34604	5.4941735	1
17324	LAMC3	0.114746496	0.0	-10.165491	8.747083	1
17326	NUP214	0.15632	0.0	-10.611209	12.51099	1
17342	SETX	0.2861684	0.0	-11.483152	20.998907	1
17343	TTF1	0.18666965	0.0	-10.867044	13.217994	1
17347	GTF3C4	0.10456348	0.0	-10.031543	8.557141	1
17351	TSC1	0.12736726	0.0	-10.315911	9.108119	1
17353	GTF3C5	0.08583252	0.0	-9.747061	7.020315	1
17355	RALGDS	0.14658833	0.0	-10.518538	11.488883	1
17359	SURF6	0.16114761	0.0	-10.655062	12.403119	1
17363	SURF2	0.2309404	0.0	-11.173929	17.839796	1
17368	CACFD1	0.08760967	0.0	-9.776592	6.5744243	1
17369	SLC2A6	0.10053192	0.0	-9.974873	8.293265	1
17371	ADAMTSL2	0.38752598	0.0	-11.920449	25.99313	1
17378	BRD3OS	0.07255789	0.0	-9.504975	6.6834965	1
17379	BRD3	0.23205142	0.0	-11.18085	17.438543	1
17395	OLFM1	0.075636744	0.0	-9.56485	5.955272	1
17414	CAMSAP1	0.0947653	0.0	-9.889737	7.868155	1
17416	UBAC1	0.21257576	0.0	-11.05444	16.808825	1
17417	NACC2	0.062054314	0.0	-9.279711	5.083553	1
17419	TMEM250	0.088972054	0.0	-9.798829	7.119534	1
17426	GPSM1	0.12654004	0.0	-10.306518	9.149258	1
17430	ENTR1	0.16079785	0.0	-10.65193	12.49663	1
17431	PMPCA	0.15695553	0.0	-10.617059	12.961871	1
17433	SEC16A	0.19391324	0.0	-10.92194	15.14223	1
17435	NOTCH1	0.17766668	0.0	-10.79577	13.690137	1
17440	EGFL7	1.5069274	0.0	-13.879418	44.55244	1
17442	DIPK1B	0.31537464	0.0	-11.623308	22.91903	1
17448	TMEM141	1.1133597	0.0	-13.442761	44.55244	1
17449	CCDC183	0.12508126	0.0	-10.289803	8.975402	1
17458	FBXW5	0.39914554	0.0	-11.96306	28.628347	1
17462	PTGDS	0.97711	0.0	-13.254453	40.328297	1
17464	PAXX	0.26754507	0.0	-11.386106	20.161325	1
17466	ABCA2	0.1305678	0.0	-10.351688	9.1716795	1
17469	NPDC1	0.3318901	0.0	-11.696924	25.266487	1
17475	UAP1L1	0.13613418	0.0	-10.411873	9.988508	1
17477	MAN1B1	0.3303387	0.0	-11.690166	23.757584	1
17478	DPP7	0.3404456	0.0	-11.733632	24.805792	1
17496	NELFB	0.19957508	0.0	-10.963439	14.769228	1
17504	NSMF	0.10345387	0.0	-10.016166	8.045065	1
17506	MRPL41	0.59617066	0.0	-12.541752	44.55244	1
17507	DPH7	0.083436765	0.0	-9.706267	6.5288763	1
17508	ZMYND19	0.073115125	0.0	-9.515998	5.858478	1
17509	ARRDC1	0.06390568	0.0	-9.322056	5.3402596	1
17511	EHMT1	0.27058253	0.0	-11.402386	20.778223	1
17523	LARP4B	0.119368546	0.0	-10.222415	8.858717	1
17550	PFKP	0.57919115	0.0	-12.500073	41.425983	1
17577	AKR1C1	0.061821155	0.0	-9.274288	5.225996	1
17603	ANKRD16	0.06301167	0.0	-9.301763	5.6794324	1
17604	FBH1	0.13952838	0.0	-10.447376	10.253354	1
17610	PFKFB3	0.12557006	0.0	-10.295425	9.710868	1
17627	KIN	0.2610026	0.0	-11.350401	19.97145	1
17655	USP6NL	0.08016218	0.0	-9.648577	6.81231	1
17661	UPF2	0.23947284	0.0	-11.226249	17.477663	1
17662	DHTKD1	0.09001816	0.0	-9.815674	7.3453383	1
17665	CDC123	0.30625919	0.0	-11.581008	23.090378	1
17667	CAMK1D	0.083536714	0.0	-9.707993	6.4593177	1
17675	SEPHS1	0.16438767	0.0	-10.6837635	12.431097	1
17680	PRPF18	0.1629503	0.0	-10.671102	13.104333	1
17696	DCLRE1C	0.07348619	0.0	-9.523292	6.1820116	1
17701	RPP38	0.08708306	0.0	-9.767904	7.0373173	1
17705	ITGA8	0.26275104	0.0	-11.36003	15.787996	1
17711	RSU1	0.1629497	0.0	-10.671096	12.449556	1
17735	NSUN6	0.10443304	0.0	-10.029743	8.198208	1
17742	PLXDC2	0.21382514	0.0	-11.06289	15.020812	1
17751	MLLT10	0.22266123	0.0	-11.121283	17.881044	1
17768	PIP4K2A	0.3183913	0.0	-11.637038	21.557404	1
17782	PRTFDC1	0.14392951	0.0	-10.492148	10.67627	1
17797	ABI1	0.17139275	0.0	-10.743932	13.14255	1
17798	ANKRD26	0.20022666	0.0	-10.968139	14.663686	1
17799	YME1L1	0.61075956	0.0	-12.576625	44.55244	1
17801	ACBD5	0.15394527	0.0	-10.589139	12.0666685	1
17814	WAC-AS1	0.17156357	0.0	-10.745368	13.659138	1
17816	BAMBI	1.5098398	0.0	-13.882203	44.55244	1
17822	SVIL	1.0946733	0.0	-13.4183445	44.55244	1
17823	JCAD	0.10091009	0.0	-9.980284	8.086619	1
17825	MTPAP	0.0797791	0.0	-9.641674	7.373	1
17839	ZEB1	0.29740593	0.0	-11.538703	22.1396	1
17843	ARHGAP12	0.1323372	0.0	-10.371093	9.969851	1
17846	EPC1	0.36192757	0.0	-11.821884	27.054724	1
17851	CCDC7	0.067427516	0.0	-9.399332	5.2642827	1
17867	CUL2	0.21223223	0.0	-11.052108	16.204618	1
17891	ZNF25	0.08089535	0.0	-9.6616955	5.887914	1
17893	ZNF33A	0.16739544	0.0	-10.709907	11.726555	1
17909	CSGALNACT2	0.19664966	0.0	-10.942145	14.680086	1
17935	CXCL12	0.1586343	0.0	-10.632399	9.222229	1
17943	RASSF4	0.083698206	0.0	-9.710775	6.3246	1
17946	ZNF22	0.3171261	0.0	-11.631296	24.394152	1
17955	TIMM23	0.1689917	0.0	-10.72359	13.759878	1
17956	NCOA4	0.30040094	0.0	-11.553154	23.387308	1
17985	MAPK8	0.08607107	0.0	-9.75106	6.4223156	1
18005	ERCC6	0.19712299	0.0	-10.945612	15.1732855	1
18010	PARG	0.0754076	0.0	-9.560478	5.9569364	1
18015	WASHC2A	0.10112973	0.0	-9.9834175	8.281287	1
18017	SGMS1	0.084945746	0.0	-9.732096	7.3110538	1
18047	IPMK	0.104392126	0.0	-10.029179	7.537759	1
18051	UBE2D1	0.19645104	0.0	-10.940688	15.639932	1
18053	BICC1	0.11624725	0.0	-10.184221	9.464291	1
18064	ANK3	0.42879653	0.0	-12.066414	26.911613	1
18085	EGR2	0.08475915	0.0	-9.728927	6.544138	1
18097	LINC01515	0.08550662	0.0	-9.741579	6.3824677	1
18098	CTNNA3	0.06298092	0.0	-9.30106	5.2353954	1
18102	DNAJC12	0.082883	0.0	-9.696672	6.5570407	1
18104	SIRT1	0.10974736	0.0	-10.101284	8.849843	1
18105	HERC4	0.28464416	0.0	-11.4754505	21.349358	1
18111	RUFY2	0.23824637	0.0	-11.218843	17.519499	1
18113	SLC25A16	0.07236035	0.0	-9.501048	6.0369434	1
18114	TET1	0.9318143	0.0	-13.185982	44.55244	1
18115	AL513534.2	0.1140467	0.0	-10.156673	8.865365	1
18119	DDX50	0.37329504	0.0	-11.866487	25.978453	1
18130	TSPAN15	0.102114834	0.0	-9.997389	7.5838413	1
18136	COL13A1	0.068953544	0.0	-9.431572	5.02708	1
18138	H2AFY2	0.12601231	0.0	-10.300493	9.751049	1
18141	SAR1A	0.42199495	0.0	-12.043352	29.752	1
18151	SGPL1	0.09267898	0.0	-9.857655	6.9166393	1
18168	ASCC1	0.13572678	0.0	-10.407553	9.852775	1
18170	DDIT4	1.47499	0.0	-13.8485155	44.55244	1
18172	DNAJB12	0.1074608	0.0	-10.070937	8.8180485	1
18180	P4HA1	2.182534	0.0	-14.413782	44.55244	1
18185	ECD	0.07288029	0.0	-9.511363	5.427029	1
18186	FAM149B1	0.074508004	0.0	-9.543186	5.7944756	1
18187	DNAJC9	0.12035043	0.0	-10.234224	10.204241	1
18195	PPP3CB	0.17943941	0.0	-10.810085	13.482651	1
18205	SEC24C	0.0919198	0.0	-9.8458	7.378202	1
18206	FUT11	0.2812495	0.0	-11.458148	20.761183	1
18208	ZSWIM8	0.12499702	0.0	-10.288832	9.195644	1
18214	PLAU	0.105307795	0.0	-10.041766	6.793304	1
18218	AP3M1	0.13554387	0.0	-10.405608	10.089622	1
18219	ADK	0.13776313	0.0	-10.429021	10.031311	1
18228	SAMD8	0.15083303	0.0	-10.559692	10.776172	1
18250	DLG5	0.07355362	0.0	-9.524612	6.058739	1
18267	ZCCHC24	0.45141885	0.0	-12.140571	30.358793	1
18275	NUTM2B-AS1	0.18948762	0.0	-10.888649	13.849641	1
18285	PLAC9	0.17919512	0.0	-10.808121	10.848055	1
18293	TSPAN14	0.111089535	0.0	-10.118805	9.424989	1
18330	BMPR1A	0.28778574	0.0	-11.491281	23.077467	1
18339	SHLD2	0.0935608	0.0	-9.871302	7.6728277	1
18348	MINPP1	0.08977873	0.0	-9.811836	7.036394	1
18352	PAPSS2	0.15082675	0.0	-10.559633	12.944481	1
18353	ATAD1	0.30013058	0.0	-11.551855	21.837738	1
18368	FAS	0.06987399	0.0	-9.450675	5.450193	1
18372	IFIT2	0.119871385	0.0	-10.228475	9.204998	1
18376	IFIT1	0.11741828	0.0	-10.198669	7.954809	1
18385	KIF20B	0.09964923	0.0	-9.962162	6.620147	1
18408	BTAF1	0.12914	0.0	-10.335837	9.933358	1
18420	MYOF	0.08558157	0.0	-9.742841	6.761114	1
18425	FRA10AC1	0.29928842	0.0	-11.547803	21.643644	1
18437	TBC1D12	0.07068403	0.0	-9.46728	5.8689857	1
18449	ALDH18A1	0.1319862	0.0	-10.367264	10.681065	1
18450	TCTN3	0.13419168	0.0	-10.391154	10.064404	1
18451	ENTPD1	0.12574948	0.0	-10.297483	8.669355	1
18457	ZNF518A	0.2841424	0.0	-11.472906	20.221693	1
18469	ARHGAP19	0.05826082	0.0	-9.188856	5.13249	1
18479	UBTD1	0.1593316	0.0	-10.638722	12.552614	1
18483	MORN4	0.14307371	0.0	-10.483551	10.65802	1
18486	MARVELD1	0.22609174	0.0	-11.143331	16.969086	1
18492	R3HCC1L	0.08420373	0.0	-9.719453	7.535985	1
18500	GOT1	0.18039608	0.0	-10.817752	12.668675	1
18515	ERLIN1	0.12890369	0.0	-10.333197	10.594784	1
18524	OLMALINC	0.09799491	0.0	-9.938035	7.3451667	1
18528	HIF1AN	0.11117283	0.0	-10.119885	8.939889	1
18539	SFXN3	0.16883872	0.0	-10.722284	12.463947	1
18550	BTRC	0.13026743	0.0	-10.348368	9.532848	1
18551	DPCD	0.42048433	0.0	-12.038179	31.606363	1
18553	FBXW4	0.06406826	0.0	-9.325716	5.223682	1
18558	OGA	0.40063846	0.0	-11.968445	29.46187	1
18563	LDB1	0.16320823	0.0	-10.673382	12.5936775	1
18568	GBF1	0.17505418	0.0	-10.77441	13.906597	1
18570	PSD	0.1640622	0.0	-10.680906	11.979107	1
18572	CUEDC2	0.42478037	0.0	-12.052841	32.486755	1
18576	ACTR1A	0.21705379	0.0	-11.084501	17.284506	1
18578	SUFU	0.06747827	0.0	-9.400415	5.602622	1
18587	AS3MT	0.07341622	0.0	-9.521919	5.8093877	1
18591	NT5C2	0.0678701	0.0	-9.408756	5.622245	1
18598	CALHM2	0.059658077	0.0	-9.22299	5.36823	1
18607	SH3PXD2A	0.26121765	0.0	-11.351589	20.596855	1
18611	STN1	0.20150895	0.0	-10.977344	14.605006	1
18631	SORCS1	0.10432687	0.0	-10.028277	8.33081	1
18636	XPNPEP1	0.20294508	0.0	-10.987584	15.562002	1
18638	ADD3	0.5230418	0.0	-12.352986	36.78384	1
18639	MXI1	0.5443132	0.0	-12.410486	39.855515	1
18643	DUSP5	0.07671532	0.0	-9.585251	6.2451034	1
18648	PDCD4	0.2786611	0.0	-11.444814	19.991684	1
18649	BBIP1	0.2090424	0.0	-11.03027	16.560482	1
18656	GPAM	0.05745556	0.0	-9.168812	5.046037	1
18661	VTI1A	0.08247515	0.0	-9.689564	6.938652	1
18666	TCF7L2	0.3091204	0.0	-11.5944195	23.113453	1
18675	NHLRC2	0.17568916	0.0	-10.779631	13.102574	1
18679	CCDC186	0.26232934	0.0	-11.357714	20.138329	1
18683	AFAP1L2	0.079293266	0.0	-9.632873	6.5463963	1
18686	FAM160B1	0.114404716	0.0	-10.161191	9.295971	1
18687	TRUB1	0.07217549	0.0	-9.497363	6.5554824	1
18689	ATRNL1	0.06817694	0.0	-9.415255	5.131801	1
18701	SHTN1	0.06483775	0.0	-9.342914	5.4417224	1
18709	PDZD8	0.14926866	0.0	-10.5446615	12.257628	1
18717	RAB11FIP2	0.15381837	0.0	-10.58795	12.280673	1
18729	DENND10	0.35909972	0.0	-11.810571	27.161413	1
18730	SFXN4	0.08163855	0.0	-9.674873	6.37456	1
18735	RGS10	0.4018134	0.0	-11.972669	20.924574	1
18738	INPP5F	0.062317204	0.0	-9.2858	5.012968	1
18754	ATE1	0.22617325	0.0	-11.14385	16.654068	1
18756	NSMCE4A	0.13236132	0.0	-10.371356	9.575756	1
18758	TACC2	0.06568198	0.0	-9.361548	5.6042366	1
18796	EEF1AKMT2	0.16669188	0.0	-10.703834	11.774777	1
18797	ABRAXAS2	0.16285834	0.0	-10.670287	13.134637	1
18809	EDRF1	0.13110739	0.0	-10.357634	9.381838	1
18812	UROS	0.41973236	0.0	-12.035598	33.698772	1
18813	BCCIP	0.20141338	0.0	-10.97666	14.07571	1
18814	DHX32	0.19911538	0.0	-10.960114	14.935707	1
18817	ADAM12	0.2563253	0.0	-11.324323	17.73046	1
18822	DOCK1	0.1706798	0.0	-10.737922	12.735638	1
18829	PTPRE	0.09121667	0.0	-9.834735	6.5197935	1
18841	MGMT	0.49297616	0.0	-12.267594	37.194153	1
18852	GLRX3	0.42148387	0.0	-12.041604	31.199743	1
18860	PPP2R2D	0.19032732	0.0	-10.895024	14.56879	1
18861	BNIP3	2.0628889	0.0	-14.332448	44.55244	1
18866	DPYSL4	0.11974926	0.0	-10.227005	8.932301	1
18867	STK32C	0.07325298	0.0	-9.518712	5.8550944	1
18891	ZNF511	0.24257353	0.0	-11.2448015	18.69494	1
18895	FUOM	0.21649204	0.0	-11.080765	17.90973	1
18899	MTG1	0.16832876	0.0	-10.717923	13.383937	1
18910	LINC01001	0.09186876	0.0	-9.845	7.0852523	1
18912	BET1L	0.21487248	0.0	-11.069937	16.243095	1
18923	IFITM2	1.5085733	0.0	-13.880993	44.55244	1
18925	IFITM1	0.2452256	0.0	-11.260482	15.784705	1
18933	B4GALNT4	0.10941182	0.0	-10.096871	9.282018	1
18935	SIGIRR	0.21670459	0.0	-11.08218	16.11713	1
18937	PTDSS2	0.07211916	0.0	-9.496238	5.700903	1
18947	MIR210HG	0.31037724	0.0	-11.600272	23.279312	1
18948	PHRF1	0.08520723	0.0	-9.736525	6.6270704	1
18953	DEAF1	0.22850601	0.0	-11.158648	17.812147	1
18956	TMEM80	0.06702825	0.0	-9.390777	5.7882676	1
18959	GATD1	0.07795381	0.0	-9.608325	6.96321	1
18971	POLR2L	0.53474635	0.0	-12.384909	40.573483	1
18974	CHID1	0.67589134	0.0	-12.722789	44.55244	1
18975	AP2A2	0.16612417	0.0	-10.698915	12.296911	1
18983	TOLLIP	0.19436611	0.0	-10.925303	15.074383	1
18989	MOB2	0.10964898	0.0	-10.099992	8.206996	1
19015	MRPL23	0.14299917	0.0	-10.4828	11.150014	1
19019	IGF2	0.297174	0.0	-11.537578	15.767087	1
19039	SLC22A18	0.09195636	0.0	-9.846374	7.1832585	1
19061	NUP98	0.06883704	0.0	-9.429135	6.236012	1
19062	PGAP2	0.15159966	0.0	-10.567002	10.64827	1
19065	STIM1	0.11892133	0.0	-10.217005	8.319896	1
19067	RRM1	0.08506289	0.0	-9.734081	6.120916	1
19076	TRIM21	0.05990289	0.0	-9.2288885	5.0670743	1
19128	TRIM34	0.07476217	0.0	-9.548093	5.745083	1
19129	TRIM5	0.12581933	0.0	-10.298284	9.760962	1
19154	CAVIN3	0.2648705	0.0	-11.371616	17.150723	1
19157	SMPD1	0.085513584	0.0	-9.741696	7.094503	1
19158	APBB1	0.061792996	0.0	-9.273632	5.2130117	1
19161	ARFIP2	0.17383781	0.0	-10.764356	13.090956	1
19162	TIMM10B	0.15929684	0.0	-10.638408	12.943287	1
19171	DCHS1	0.19612049	0.0	-10.93826	14.75838	1
19192	PPFIBP2	0.08814945	0.0	-9.785443	7.562858	1
19194	CYB5R2	0.06676396	0.0	-9.385085	5.096719	1
19207	TUB	0.061963003	0.0	-9.27759	5.250374	1
19220	AKIP1	0.12196685	0.0	-10.253456	9.931896	1
19223	TMEM9B	0.20367429	0.0	-10.992757	14.681741	1
19229	DENND5A	0.18182646	0.0	-10.82914	13.677144	1
19235	ZNF143	0.18644732	0.0	-10.865326	13.247077	1
19237	SWAP70	0.087478675	0.0	-9.774436	6.798339	1
19245	ADM	0.42843214	0.0	-12.065187	25.365564	1
19270	MICAL2	0.20857154	0.0	-11.027019	15.328628	1
19276	TEAD1	0.21066014	0.0	-11.041387	15.79513	1
19294	SPON1	0.14038342	0.0	-10.456184	9.695385	1
19298	PSMA1	0.79424196	0.0	-12.955544	44.55244	1
19310	SOX6	0.32645178	0.0	-11.673096	22.329021	1
19315	PIK3C2A	0.18770938	0.0	-10.875053	14.771504	1
19329	SERGEF	0.071130715	0.0	-9.476356	5.620115	1
19339	HPS5	0.059627276	0.0	-9.222246	5.0266423	1
19340	GTF2H1	0.13452223	0.0	-10.394701	10.821869	1
19347	UEVLD	0.090419285	0.0	-9.822082	7.225497	1
19349	SPTY2D1	0.2705312	0.0	-11.402113	19.494627	1
19372	HTATIP2	0.07529364	0.0	-9.558299	6.2524414	1
19389	FANCF	0.06314498	0.0	-9.304808	5.2874293	1
19409	CCDC34	0.18558878	0.0	-10.858671	14.478768	1
19412	LIN7C	0.10373178	0.0	-10.020033	8.414044	1
19433	ARL14EP	0.22720465	0.0	-11.150412	16.28174	1
19440	DNAJC24	0.11521195	0.0	-10.171327	8.9676075	1
19452	WT1	0.14320223	0.0	-10.484845	10.135743	1
19463	HIPK3	0.18587586	0.0	-10.8609	14.118427	1
19468	FBXO3	0.098711945	0.0	-9.948542	7.984055	1
19474	LMO2	0.33017716	0.0	-11.689462	21.524542	1
19478	NAT10	0.0716668	0.0	-9.487173	5.5316625	1
19485	APIP	0.12956789	0.0	-10.340606	10.568801	1
19486	PDHX	0.133072	0.0	-10.379075	10.017785	1
19496	FJX1	0.10500462	0.0	-10.03761	7.382895	1
19534	HSD17B12	0.3217866	0.0	-11.652337	24.012308	1
19537	ALKBH3	0.06254923	0.0	-9.291153	5.0859513	1
19540	C11orf96	0.71904534	0.0	-12.812068	38.663246	1
19545	EXT2	0.25865054	0.0	-11.337346	19.224167	1
19548	CD82	0.10465731	0.0	-10.032835	7.8012714	1
19554	TP53I11	0.45272002	0.0	-12.144722	29.592999	1
19576	CRY2	0.07863863	0.0	-9.620928	6.38771	1
19582	PHF21A	0.21748142	0.0	-11.087339	15.497713	1
19588	CREB3L1	0.16685355	0.0	-10.705231	13.072516	1
19589	DGKZ	0.13011259	0.0	-10.346653	10.065901	1
19603	C11orf49	0.11238407	0.0	-10.135505	9.423678	1
19605	ARFGAP2	0.13429749	0.0	-10.39229	10.804061	1
19607	PACSIN3	0.10706514	0.0	-10.06562	8.792256	1
19610	ACP2	0.077926345	0.0	-9.607818	6.885347	1
19612	MADD	0.057711054	0.0	-9.175201	5.0100617	1
19620	CELF1	0.34368524	0.0	-11.747292	27.911278	1
19631	NUP160	0.12622386	0.0	-10.302912	9.902859	1
19703	APLNR	0.06685437	0.0	-9.387034	5.0887837	1
19704	TNKS1BP1	0.15079261	0.0	-10.559306	11.885162	1
19714	TIMM10	0.18484463	0.0	-10.852878	14.047671	1
19717	SERPING1	0.30367276	0.0	-11.568777	20.94961	1
19719	YPEL4	0.06854042	0.0	-9.4229145	5.4625773	1
19722	MED19	0.3004348	0.0	-11.553316	22.649324	1
19723	TMX2	0.17216036	0.0	-10.750375	12.93181	1
19744	ZFP91	0.41343242	0.0	-12.013784	31.648916	1
19755	FAM111A	0.08354566	0.0	-9.708147	6.3944697	1
19770	PATL1	0.1145423	0.0	-10.162924	8.555784	1
19773	STX3	0.107095696	0.0	-10.066031	8.75238	1
19811	TMEM132A	0.14893553	0.0	-10.541441	11.007381	1
19824	TMEM138	0.09861361	0.0	-9.947105	7.7328677	1
19825	TMEM216	0.11276325	0.0	-10.14036	8.2246475	1
19826	CPSF7	0.13574901	0.0	-10.407788	10.387364	1
19838	TMEM258	1.3322881	0.0	-13.701727	44.55244	1
19843	RAB3IL1	0.109756954	0.0	-10.101411	8.721398	1
19869	B3GAT3	0.38896585	0.0	-11.925798	29.061272	1
19870	GANAB	0.4869185	0.0	-12.249761	36.06522	1
19875	UQCC3	0.1983161	0.0	-10.954313	15.039989	1
19878	BSCL2	0.17577738	0.0	-10.7803545	13.524835	1
19883	POLR2G	0.40263623	0.0	-11.975619	28.327793	1
19888	TMEM179B	0.35899383	0.0	-11.810145	26.170992	1
19889	NXF1	0.057033204	0.0	-9.158186	5.0034	1
19894	WDR74	0.12187992	0.0	-10.252428	9.38949	1
19910	PLAAT3	0.06662288	0.0	-9.382038	6.0992827	1
19914	RTN3	0.44716752	0.0	-12.126923	31.72321	1
19915	C11orf95	0.05567773	0.0	-9.123546	5.1103454	1
19916	SPINDOC	0.08658847	0.0	-9.759696	6.872086	1
19917	MARK2	0.063613534	0.0	-9.315456	5.46766	1
19919	NAA40	0.06450481	0.0	-9.335498	5.5366735	1
19921	OTUB1	0.2636124	0.0	-11.36475	21.080645	1
19922	MACROD1	0.11371032	0.0	-10.152416	9.323956	1
19930	NUDT22	0.14349872	0.0	-10.487827	11.704113	1
19932	DNAJC4	0.2731705	0.0	-11.416114	20.676916	1
19934	FKBP2	0.06947055	0.0	-9.442333	5.9671435	1
19936	PPP1R14B	1.506509	2.2634804	0.5873015	5.5005217	1
19949	RPS6KA4	0.08437468	0.0	-9.722375	6.997059	1
19963	MAP4K2	0.06943328	0.0	-9.44156	5.735939	1
19969	PPP2R5B	0.06916127	0.0	-9.435905	5.241179	1
19975	SAC3D1	0.10261915	0.0	-10.00449	9.412135	1
19980	VPS51	0.1683484	0.0	-10.718091	13.242799	1
19983	ZNHIT2	0.061964765	0.0	-9.277631	5.274183	1
19987	MRPL49	0.15880628	0.0	-10.633961	11.795894	1
19990	CAPN1	0.19626242	0.0	-10.939303	15.970852	1
19995	DPF2	0.20481293	0.0	-11.000795	15.798513	1
19999	FRMD8	0.09725461	0.0	-9.927106	7.970947	1
20005	SCYL1	0.17120276	0.0	-10.742332	13.196734	1
20010	EHBP1L1	0.12547003	0.0	-10.294276	9.551652	1
20013	PCNX3	0.06269677	0.0	-9.294546	5.1857357	1
20015	RELA	0.24808836	0.0	-11.27722	18.381384	1
20017	KAT5	0.073442675	0.0	-9.522438	5.589267	1
20018	RNASEH2C	0.35082662	0.0	-11.776954	25.785568	1
20032	C11orf68	0.14453384	0.0	-10.49819	11.775906	1
20036	EIF1AD	0.062495127	0.0	-9.2899065	5.097028	1
20044	PACS1	0.3302771	0.0	-11.689898	24.821241	1
20050	RAB1B	0.28610846	0.0	-11.482851	21.650698	1
20053	CNIH2	0.06269051	0.0	-9.294403	5.610223	1
20054	YIF1A	0.58132195	0.0	-12.50537	44.251408	1
20057	CD248	0.16439351	0.0	-10.683815	11.402894	1
20058	RIN1	0.0974086	0.0	-9.929386	7.4182625	1
20061	B4GAT1	0.23467363	0.0	-11.197055	16.905693	1
20069	DPP3	0.06629685	0.0	-9.374971	5.6950874	1
20077	CCS	0.420459	0.0	-12.038093	29.532166	1
20078	RBM14	0.07877869	0.0	-9.623492	6.483747	1
20080	RBM4B	0.1432853	0.0	-10.485682	10.535263	1
20091	GRK2	0.11160846	0.0	-10.125523	8.944868	1
20092	ANKRD13D	0.11385512	0.0	-10.15425	8.914354	1
20103	RPS6KB2	0.20107247	0.0	-10.974217	16.254866	1
20106	CORO1B	0.17678532	0.0	-10.788599	14.062135	1
20118	NUDT8	0.0676586	0.0	-9.404261	6.1100826	1
20131	KMT5B	0.29866773	0.0	-11.544808	22.989988	1
20134	LRP5	0.23750016	0.0	-11.21432	17.01145	1
20135	PPP6R3	0.15728942	0.0	-10.620123	13.01832	1
20175	FADD	0.09927348	0.0	-9.9567175	8.376202	1
20190	DHCR7	0.061361875	0.0	-9.263548	6.0957465	1
20207	RNF121	0.07533546	0.0	-9.559099	6.588079	1
20209	NUMA1	0.34340376	0.0	-11.74611	24.279886	1
20214	ANAPC15	0.13931549	0.0	-10.445175	10.857336	1
20219	INPPL1	0.11436974	0.0	-10.16075	9.038086	1
20222	CLPB	0.069421425	0.0	-9.441314	5.6227627	1
20231	ARAP1	0.10088774	0.0	-9.979964	7.627453	1
20235	STARD10	0.21499322	0.0	-11.070746	15.028122	1
20237	ATG16L2	0.06561463	0.0	-9.360071	5.923989	1
20238	FCHSD2	0.0796603	0.0	-9.639527	6.2344055	1
20245	ARHGEF17	0.17077953	0.0	-10.738764	12.063554	1
20248	FAM168A	0.086658336	0.0	-9.760859	6.2792997	1
20254	MRPL48	0.19772756	0.0	-10.950027	14.890388	1
20256	PAAF1	0.18125422	0.0	-10.8245945	13.717474	1
20266	PGM2L1	0.23636287	0.0	-11.207398	15.961119	1
20275	RNF169	0.15431459	0.0	-10.592593	12.152189	1
20276	XRRA1	0.17078677	0.0	-10.738825	12.687125	1
20285	ARRB1	0.15939212	0.0	-10.63927	11.997158	1
20306	WNT11	0.10767427	0.0	-10.073797	7.9454126	1
20309	THAP12	0.26068255	0.0	-11.348632	19.935305	1
20312	EMSY	0.1078613	0.0	-10.076299	8.218581	1
20320	TSKU	0.119311735	0.0	-10.221729	9.441177	1
20326	CAPN5	0.10489927	0.0	-10.036163	7.472572	1
20332	CLNS1A	0.47441688	0.0	-12.212244	36.178596	1
20337	AAMDC	0.3564983	0.0	-11.800084	28.566822	1
20347	ALG8	0.10558003	0.0	-10.045487	7.726422	1
20357	TENM4	0.062493294	0.0	-9.289865	5.519021	1
20375	RAB30-DT	0.18798976	0.0	-10.877206	13.985728	1
20379	AP000873.2	0.09328453	0.0	-9.86704	7.0836368	1
20391	CREBZF	0.20430557	0.0	-10.997219	15.024496	1
20396	PICALM	0.3661694	0.0	-11.83869	28.450237	1
20398	EED	0.109754615	0.0	-10.101379	8.694102	1
20410	TMEM135	0.08013133	0.0	-9.648022	6.390143	1
20445	SLC36A4	0.18699656	0.0	-10.869567	13.148125	1
20448	SMCO4	0.12833692	0.0	-10.326844	10.3970785	1
20449	CEP295	0.15525293	0.0	-10.601334	11.955679	1
20452	C11orf54	0.119343266	0.0	-10.22211	9.592707	1
20453	MED17	0.15243569	0.0	-10.574931	12.2855425	1
20456	PANX1	0.08579558	0.0	-9.74644	6.90835	1
20460	MRE11	0.06314575	0.0	-9.304825	5.1877136	1
20469	AMOTL1	0.33102345	0.0	-11.693153	25.115978	1
20475	SRSF8	0.3042048	0.0	-11.571301	22.472746	1
20476	ENDOD1	0.46768063	0.0	-12.191616	32.428352	1
20478	SESN3	0.5172738	0.0	-12.336991	33.30783	1
20482	FAM76B	0.18084809	0.0	-10.821361	13.334694	1
20484	MTMR2	0.1994508	0.0	-10.962541	15.722909	1
20503	CEP126	0.1178807	0.0	-10.204335	8.56988	1
20510	BIRC2	0.18703532	0.0	-10.869866	14.261158	1
20511	TMEM123	0.44869104	0.0	-12.131828	32.658527	1
20521	MMP1	0.09635874	0.0	-9.913768	6.464432	1
20530	PDGFD	0.058126226	0.0	-9.185525	5.0870237	1
20542	MSANTD4	0.10579672	0.0	-10.048442	8.283815	1
20551	CWF19L2	0.1747066	0.0	-10.771544	13.272102	1
20558	CUL5	0.375138	0.0	-11.87359	29.120152	1
20560	ACAT1	0.1754013	0.0	-10.7772665	14.090805	1
20562	NPAT	0.08937624	0.0	-9.805361	7.1558084	1
20565	POGLUT3	0.10862757	0.0	-10.086502	8.457331	1
20577	FDX1	0.26287606	0.0	-11.360716	18.99368	1
20593	LAYN	0.42329606	0.0	-12.047792	24.165192	1
20594	SIK2	0.059266787	0.0	-9.213512	5.0610867	1
20604	DIXDC1	0.10125537	0.0	-9.985207	8.222938	1
20606	DLAT	0.07972557	0.0	-9.640707	6.7077637	1
20618	LINC02762	0.10766471	0.0	-10.073669	7.6904664	1
20626	NCAM1	0.63474005	0.0	-12.632177	38.20694	1
20635	ZW10	0.08323059	0.0	-9.7027025	6.631061	1
20647	C11orf71	0.07488111	0.0	-9.550384	5.764823	1
20670	ZPR1	0.10977603	0.0	-10.101661	7.6775403	1
20678	SIK3	0.07534324	0.0	-9.559248	6.211005	1
20680	PAFAH1B2	0.31517494	0.0	-11.622395	22.144526	1
20683	PCSK7	0.17155555	0.0	-10.745301	12.995082	1
20684	RNF214	0.29085225	0.0	-11.506567	22.359623	1
20685	BACE1	0.14100142	0.0	-10.462517	11.420748	1
20716	TMEM25	0.12492891	0.0	-10.288046	9.818638	1
20718	ARCN1	0.6862006	0.0	-12.744625	44.55244	1
20719	PHLDB1	0.20642164	0.0	-11.012077	15.591429	1
20732	CCDC84	0.071267374	0.0	-9.479121	6.0111194	1
20738	HYOU1	0.20824657	0.0	-11.02477	15.256595	1
20744	DPAGT1	0.092163384	0.0	-9.849614	7.5426803	1
20751	CBL	0.21474493	0.0	-11.06908	15.533101	1
20752	MCAM	0.08830516	0.0	-9.787987	6.316926	1
20778	ARHGEF12	0.25374898	0.0	-11.309754	18.142595	1
20785	SORL1	0.086748846	0.0	-9.7623625	6.7626047	1
20789	MIR100HG	0.5781131	0.0	-12.497386	36.204002	1
20804	GRAMD1B	0.06921226	0.0	-9.436967	5.1727037	1
20837	NRGN	0.14761381	0.0	-10.528589	9.91798	1
20840	ESAM	0.08307535	0.0	-9.700012	5.2458515	1
20854	TMEM218	0.101655334	0.0	-9.990889	8.280042	1
20860	FEZ1	0.2592007	0.0	-11.34041	18.394222	1
20862	EI24	0.45116156	0.0	-12.139749	33.599876	1
20864	CHEK1	0.08012122	0.0	-9.6478405	6.7330832	1
20872	PUS3	0.111959636	0.0	-10.130051	8.483996	1
20884	SRPRA	0.32944065	0.0	-11.686241	23.215212	1
20891	ST3GAL4	0.2646446	0.0	-11.370385	17.433239	1
20907	FLI1	0.070159405	0.0	-9.456548	5.8772235	1
20913	ARHGAP32	0.08337555	0.0	-9.70521	6.2523365	1
20919	NFRKB	0.077183686	0.0	-9.59402	6.3089733	1
20924	ZBTB44	0.17396092	0.0	-10.765377	12.160092	1
20937	NTM	0.24197663	0.0	-11.241248	15.977272	1
20954	JAM3	0.26357383	0.0	-11.364538	19.453945	1
20955	NCAPD3	0.07858869	0.0	-9.620012	6.4666314	1
20959	ACAD8	0.07459477	0.0	-9.544864	6.566491	1
20986	KDM5A	0.41573727	0.0	-12.021804	29.643372	1
21011	DCP1B	0.12727842	0.0	-10.314905	9.760175	1
21025	FKBP4	0.16555427	0.0	-10.69396	12.995476	1
21028	ITFG2	0.078744784	0.0	-9.622871	5.732511	1
21032	RHNO1	0.12623161	0.0	-10.303	8.57994	1
21033	TULP3	0.15881668	0.0	-10.634055	12.075847	1
21048	PARP11	0.072062016	0.0	-9.495096	6.1046953	1
21054	FGF23	0.1548028	0.0	-10.597148	5.734635	1
21061	NDUFA9	0.28475186	0.0	-11.475996	21.716686	1
21089	CD27-AS1	0.12119622	0.0	-10.244319	9.77115	1
21095	NCAPD2	0.07033519	0.0	-9.460153	5.3494835	1
21100	IFFO1	0.065788746	0.0	-9.363889	5.6238594	1
21107	ING4	0.21045202	0.0	-11.039961	16.447983	1
21109	ZNF384	0.0670003	0.0	-9.390176	5.825667	1
21117	CD4	0.18814589	0.0	-10.878403	14.294165	1
21127	ENO2	0.9319624	0.0	-13.186211	44.55244	1
21128	ATN1	0.2700739	0.0	-11.3996725	19.422506	1
21134	PHB2	0.7453147	0.0	-12.863828	44.55244	1
21135	EMG1	0.10746171	0.0	-10.070949	8.223516	1
21136	LPCAT3	0.05921428	0.0	-9.212235	5.1053658	1
21137	C1S	0.108636715	0.0	-10.086623	8.276001	1
21163	NECAP1	0.1101842	0.0	-10.107011	9.092618	1
21182	RIMKLB	0.128454	0.0	-10.328158	9.843846	1
21188	PHC1	0.10027522	0.0	-9.971188	8.42596	1
21194	A2M	0.20361328	0.0	-10.992325	12.606409	1
21205	CLEC2D	0.059216868	0.0	-9.212298	5.2503757	1
21210	CLEC2B	0.14702311	0.0	-10.522808	10.308437	1
21245	PRH1	0.14845012	0.0	-10.536734	11.150035	1
21269	ETV6	0.14714119	0.0	-10.523966	11.790743	1
21271	LRP6	0.18309799	0.0	-10.839188	14.238353	1
21274	BORCS5	0.0882624	0.0	-9.787289	6.443249	1
21277	CREBL2	0.071261875	0.0	-9.47901	6.1927633	1
21281	CDKN1B	0.24126738	0.0	-11.237015	18.80996	1
21290	HEBP1	0.3762145	0.0	-11.877723	27.15058	1
21294	EMP1	0.12350399	0.0	-10.27151	9.037037	1
21302	ATF7IP	0.28508025	0.0	-11.477658	20.725647	1
21317	MGP	1.1344398	0.0	-13.46982	38.243164	1
21319	ARHGDIB	0.4226567	0.0	-12.045612	25.170736	1
21322	RERG	0.06902756	0.0	-9.433117	5.326162	1
21348	AEBP2	0.21365729	0.0	-11.061758	16.484049	1
21355	PDE3A	0.1122653	0.0	-10.133981	8.439032	1
21382	ETNK1	0.18233646	0.0	-10.8331785	14.288881	1
21387	SOX5	0.08328507	0.0	-9.703646	5.975489	1
21392	BCAT1	0.753154	0.0	-12.878921	44.55244	1
21410	RASSF8-AS1	0.1097488	0.0	-10.101303	8.6971445	1
21411	RASSF8	0.26050723	0.0	-11.347661	19.152288	1
21412	BHLHE41	0.08073566	0.0	-9.658848	6.1604486	1
21425	FGFR1OP2	0.34454453	0.0	-11.750894	24.077265	1
21432	STK38L	0.09545353	0.0	-9.900166	7.8081484	1
21449	CCDC91	0.14951321	0.0	-10.547022	10.804482	1
21464	TMTC1	0.13356021	0.0	-10.384355	9.652693	1
21470	IPO8	0.07039664	0.0	-9.4614105	6.098136	1
21479	SINHCAF	0.18792415	0.0	-10.876702	13.806831	1
21482	DENND5B	0.080459654	0.0	-9.6539135	6.3985996	1
21487	AMN1	0.0679883	0.0	-9.411263	5.29881	1
21491	RESF1	0.106807396	0.0	-10.062146	9.29074	1
21499	DNM1L	0.20399766	0.0	-10.995044	15.929476	1
21519	CPNE8	0.42247698	0.0	-12.044998	28.72132	1
21522	KIF21A	0.26483196	0.0	-11.371407	18.50913	1
21527	SLC2A13	0.26447287	0.0	-11.36945	18.319593	1
21536	PDZRN4	0.0866752	0.0	-9.761139	6.3121715	1
21541	GXYLT1	0.28909248	0.0	-11.497814	21.37941	1
21542	YAF2	0.16696097	0.0	-10.706159	12.086989	1
21546	PRICKLE1	0.12862249	0.0	-10.330049	9.851625	1
21556	PUS7L	0.25692487	0.0	-11.327692	18.385256	1
21571	ARID2	0.14254358	0.0	-10.478199	10.302918	1
21574	SLC38A1	0.21668006	0.0	-11.082016	15.104756	1
21584	AMIGO2	0.104907	0.0	-10.03627	8.3296585	1
21600	HDAC7	0.1763149	0.0	-10.784757	13.285462	1
21608	TMEM106C	0.14601858	0.0	-10.512924	10.578185	1
21614	SENP1	0.06926968	0.0	-9.438162	5.456386	1
21615	PFKM	0.1247287	0.0	-10.285734	9.257596	1
21616	ASB8	0.19480214	0.0	-10.9285345	15.26047	1
21624	ZNF641	0.065352365	0.0	-9.354301	5.6402683	1
21633	KANSL2	0.08774574	0.0	-9.778829	7.644173	1
21634	CCNT1	0.11621171	0.0	-10.183781	9.392498	1
21637	ADCY6	0.18701757	0.0	-10.869729	12.886464	1
21640	DDX23	0.14950559	0.0	-10.546948	12.487604	1
21643	FKBP11	0.15912415	0.0	-10.636844	11.34865	1
21651	KMT2D	0.10039786	0.0	-9.972949	8.526123	1
21655	LMBR1L	0.12426386	0.0	-10.280352	10.392935	1
21667	SPATS2	0.44171855	0.0	-12.109239	33.30098	1
21670	MCRS1	0.108986914	0.0	-10.091263	9.143575	1
21676	NCKAP5L	0.10293777	0.0	-10.008958	7.882528	1
21690	SMARCD1	0.20602977	0.0	-11.009337	16.169971	1
21693	AC074032.1	0.0769994	0.0	-9.590576	6.053153	1
21694	CERS5	0.17524342	0.0	-10.775968	13.692355	1
21699	LARP4	0.11961952	0.0	-10.225443	9.436082	1
21700	DIP2B	0.067167826	0.0	-9.393773	5.5893917	1
21701	ATF1	0.09177333	0.0	-9.843502	7.3106155	1
21707	SLC11A2	0.078409575	0.0	-9.616725	6.308463	1
21710	TFCP2	0.11165915	0.0	-10.126177	8.555591	1
21714	SMAGP	0.12082907	0.0	-10.239945	9.881305	1
21730	GRASP	0.17166866	0.0	-10.746251	12.155275	1
21731	NR4A1	0.26178744	0.0	-11.354732	18.67647	1
21733	ATG101	0.24782862	0.0	-11.275709	18.765493	1
21773	KRT18	0.5653989	0.0	-12.465308	36.83807	1
21777	TNS2	0.12694605	0.0	-10.311136	9.950159	1
21787	MFSD5	0.07075349	0.0	-9.468696	5.8216405	1
21791	C12orf10	0.27443495	0.0	-11.422774	20.50604	1
21794	SP1	0.12923609	0.0	-10.336909	10.188449	1
21795	AMHR2	0.085611776	0.0	-9.74335	5.810529	1
21799	MAP3K12	0.13969553	0.0	-10.449102	10.28578	1
21801	TARBP2	0.058667522	0.0	-9.198875	5.114209	1
21803	ATF7	0.2113796	0.0	-11.046303	16.3944	1
21807	CALCOCO1	0.19720365	0.0	-10.946202	14.649025	1
21829	SMUG1	0.11579986	0.0	-10.178663	9.434596	1
21834	CBX5	0.57652235	0.0	-12.493411	41.188263	1
21844	ITGA5	0.22269326	0.0	-11.12149	17.16926	1
21884	ORMDL2	0.18035394	0.0	-10.817415	14.698557	1
21887	PYM1	0.14894505	0.0	-10.5415325	11.991921	1
21910	SMARCC2	0.25251037	0.0	-11.302698	18.365053	1
21912	RNF41	0.16729021	0.0	-10.709	12.974177	1
21913	NABP2	0.15564115	0.0	-10.604935	11.481531	1
21916	COQ10A	0.06551672	0.0	-9.35792	5.2686706	1
21924	STAT2	0.15714605	0.0	-10.618808	12.531309	1
21931	RBMS2	0.14565614	0.0	-10.509341	10.660423	1
21932	BAZ2A	0.2305054	0.0	-11.17121	16.906363	1
21934	PTGES3	1.5554432	2.4154403	0.63492745	12.363408	1
21946	NAB2	0.24215484	0.0	-11.24231	18.260216	1
21948	LRP1	0.790686	0.0	-12.949072	44.55244	1
21952	SHMT2	0.4351475	0.0	-12.087621	29.03986	1
21953	NDUFA4L2	0.31021962	0.0	-11.599539	13.1454115	1
21965	MBD6	0.058881603	0.0	-9.204122	5.123196	1
21966	DCTN2	0.5577795	0.0	-12.445738	44.55244	1
21969	DTX3	0.08439861	0.0	-9.722784	7.012211	1
21977	AGAP2-AS1	0.08186581	0.0	-9.678879	6.2800035	1
21978	TSPAN31	0.22465079	0.0	-11.13411	16.944164	1
21980	MARCH9	0.12603538	0.0	-10.300757	9.686674	1
22010	MON2	0.15252969	0.0	-10.57582	11.419168	1
22021	RXYLT1	0.11613047	0.0	-10.182773	9.150484	1
22023	SRGAP1	0.20475142	0.0	-11.000362	15.320007	1
22031	XPOT	0.22724837	0.0	-11.150689	16.41939	1
22047	LEMD3	0.075578585	0.0	-9.563742	6.3017282	1
22049	MSRB3	0.17940076	0.0	-10.809774	14.554141	1
22057	HMGA2-AS1	0.081094265	0.0	-9.665234	6.212872	1
22065	HELB	0.07535206	0.0	-9.559417	5.894961	1
22094	CPSF6	0.29417732	0.0	-11.522961	23.356268	1
22098	YEATS4	0.12040054	0.0	-10.234824	9.75767	1
22100	FRS2	0.08165899	0.0	-9.675234	6.6065283	1
22107	AC025159.1	0.08439512	0.0	-9.722724	6.4174886	1
22113	KCNMB4	0.17229462	0.0	-10.751499	13.163403	1
22125	ZFC3H1	0.18027419	0.0	-10.816777	13.178878	1
22126	THAP2	0.13081735	0.0	-10.354441	9.255129	1
22154	GLIPR1	0.07016302	0.0	-9.456622	5.5790153	1
22156	KRR1	0.32425687	0.0	-11.663366	25.304852	1
22161	PHLDA1	0.914895	0.0	-13.159548	44.55244	1
22171	CSRP2	1.0257858	0.0	-13.324583	44.55244	1
22173	E2F7	0.10701909	0.0	-10.065	7.170131	1
22189	PAWR	0.15114164	0.0	-10.56264	11.9780245	1
22202	ACSS3	0.0897963	0.0	-9.812118	7.255164	1
22214	TMTC2	0.09174113	0.0	-9.842997	6.811469	1
22232	C12orf29	0.12821786	0.0	-10.325506	9.790932	1
22233	CEP290	0.37643027	0.0	-11.878551	27.282982	1
22234	TMTC3	0.19188182	0.0	-10.906754	14.605471	1
22239	DUSP6	0.30853742	0.0	-11.591697	19.13208	1
22244	POC1B	0.08656132	0.0	-9.759245	7.0862308	1
22262	LUM	0.65079	0.0	-12.668198	31.486881	1
22263	DCN	0.11620361	0.0	-10.183681	8.325901	1
22301	CEP83	0.109436035	0.0	-10.09719	8.880489	1
22306	NR2C1	0.08885979	0.0	-9.797009	7.374673	1
22307	FGD6	0.05483597	0.0	-9.101607	5.34645	1
22308	VEZT	0.29478106	0.0	-11.525917	21.965899	1
22320	LTA4H	0.23158552	0.0	-11.177952	18.018492	1
22323	ELK3	0.36866727	0.0	-11.848495	26.870386	1
22326	CDK17	0.06957059	0.0	-9.4444065	5.3163614	1
22329	NEDD1	0.08347738	0.0	-9.706968	6.9400854	1
22350	ACTR6	0.22702	0.0	-11.149239	15.887002	1
22352	SCYL2	0.1601707	0.0	-10.646295	11.812726	1
22367	CHPT1	0.19943902	0.0	-10.962455	13.871462	1
22370	DRAM1	0.06300804	0.0	-9.301681	5.288741	1
22401	GLT8D2	0.09107514	0.0	-9.832497	7.2228103	1
22402	HCFC2	0.123224884	0.0	-10.268249	9.499927	1
22403	NFYB	0.1644079	0.0	-10.683941	12.167332	1
22409	CHST11	0.062555104	0.0	-9.291288	5.4247637	1
22412	C12orf45	0.17947789	0.0	-10.810394	12.930855	1
22413	ALDH1L2	0.105419	0.0	-10.043287	8.0308275	1
22415	APPL2	0.10377088	0.0	-10.020576	8.504182	1
22416	C12orf75	0.17609598	0.0	-10.782966	13.810644	1
22433	RIC8B	0.10799357	0.0	-10.078065	8.450833	1
22436	TMEM263	0.47879773	0.0	-12.225502	34.451668	1
22437	MTERF2	0.07131798	0.0	-9.480144	5.679043	1
22452	SART3	0.14081316	0.0	-10.46059	10.954652	1
22473	KCTD10	0.0923052	0.0	-9.8518305	7.895933	1
22475	MMAB	0.22037841	0.0	-11.106421	16.550314	1
22476	MVK	0.08515245	0.0	-9.735598	6.6310654	1
22482	TCHP	0.07896262	0.0	-9.626852	6.954972	1
22483	GIT2	0.09214082	0.0	-9.849261	7.605503	1
22488	IFT81	0.117730446	0.0	-10.202497	8.757218	1
22490	ANAPC7	0.08516161	0.0	-9.735752	7.2002707	1
22493	FAM216A	0.15375069	0.0	-10.587316	11.616993	1
22508	SH2B3	0.100297146	0.0	-9.971502	7.7414737	1
22509	ATXN2	0.5046655	0.0	-12.301397	39.68897	1
22513	ALDH2	0.30262706	0.0	-11.563802	22.85416	1
22515	MAPKAPK5	0.10333339	0.0	-10.014486	8.545458	1
22516	TMEM116	0.10019413	0.0	-9.970021	7.2390327	1
22519	NAA25	0.12982522	0.0	-10.343466	10.188604	1
22521	TRAFD1	0.086585686	0.0	-9.75965	7.400819	1
22522	HECTD4	0.15203215	0.0	-10.57111	11.391224	1
22534	DDX54	0.11373742	0.0	-10.15276	8.816576	1
22535	RITA1	0.07321834	0.0	-9.51803	5.969953	1
22538	TPCN1	0.06087917	0.0	-9.252172	5.007047	1
22541	PLBD2	0.10543441	0.0	-10.043498	8.09049	1
22547	RBM19	0.06466343	0.0	-9.339036	5.550574	1
22556	TBX3	0.23939712	0.0	-11.225793	14.745814	1
22584	C12orf49	0.10175397	0.0	-9.992287	8.780296	1
22601	WSB2	0.18759005	0.0	-10.874137	14.814114	1
22631	RAB35	0.09048897	0.0	-9.823192	6.9930983	1
22633	GCN1	0.082881525	0.0	-9.696647	7.0437636	1
22636	PXN	0.10996962	0.0	-10.1042	9.202649	1
22645	GATC	0.12475237	0.0	-10.286008	9.541568	1
22650	COQ5	0.18686648	0.0	-10.868564	14.392126	1
22652	POP5	0.13327439	0.0	-10.381266	10.290656	1
22663	SPPL3	0.23161936	0.0	-11.178163	18.235613	1
22667	C12orf43	0.11470713	0.0	-10.164996	8.815804	1
22673	CAMKK2	0.10827862	0.0	-10.081864	8.603549	1
22676	RNF34	0.08450003	0.0	-9.724514	6.8695917	1
22677	KDM2B	0.074298516	0.0	-9.53913	5.810994	1
22682	TMEM120B	0.06705814	0.0	-9.391418	6.022656	1
22695	BCL7A	0.092426404	0.0	-9.853722	6.931486	1
22726	C12orf65	0.16232757	0.0	-10.665581	12.506817	1
22729	SBNO1	0.43588558	0.0	-12.090065	33.550472	1
22732	RILPL2	0.08468439	0.0	-9.727654	6.2693315	1
22734	RILPL1	0.178675	0.0	-10.803929	14.200544	1
22739	DDX55	0.13441163	0.0	-10.393516	9.928544	1
22740	EIF2B1	0.12614742	0.0	-10.302038	10.588219	1
22741	GTF2H3	0.13605846	0.0	-10.411071	10.500462	1
22759	NCOR2	0.24408041	0.0	-11.253732	17.668644	1
22761	SCARB1	0.14830193	0.0	-10.535295	11.242287	1
22834	STX2	0.17679141	0.0	-10.788649	13.854747	1
22880	FBRSL1	0.06535404	0.0	-9.354339	5.329385	1
22885	PXMP2	0.058780003	0.0	-9.201634	5.5288467	1
22888	GOLGA3	0.3497632	0.0	-11.772575	25.18706	1
22889	CHFR	0.09280722	0.0	-9.859647	7.675039	1
22892	ZNF605	0.06992392	0.0	-9.451704	5.9749193	1
22893	ZNF26	0.11232391	0.0	-10.134733	8.493247	1
22896	ZNF140	0.075550005	0.0	-9.563196	6.144793	1
22897	ZNF891	0.06255062	0.0	-9.291185	5.2235894	1
22923	ZMYM2	0.58226705	0.0	-12.507713	42.495533	1
22929	CRYL1	0.15978947	0.0	-10.642859	11.961798	1
22931	IFT88	0.13538004	0.0	-10.403865	10.412284	1
22932	AL161772.1	0.0819028	0.0	-9.679529	6.3417273	1
22933	IL17D	0.06630308	0.0	-9.375107	6.012713	1
22934	EEF1AKMT1	0.08504851	0.0	-9.733837	6.5670767	1
22936	XPO4	0.07931549	0.0	-9.633277	6.7761674	1
22946	MICU2	0.20352705	0.0	-10.991714	15.974985	1
22971	PARP4	0.12487474	0.0	-10.287421	9.739149	1
22978	CENPJ	0.07448514	0.0	-9.542745	5.849324	1
22987	ATP8A2	0.07395646	0.0	-9.532482	6.1157527	1
22990	RNF6	0.11630306	0.0	-10.184914	8.63943	1
22992	CDK8	0.10176538	0.0	-9.992448	7.82022	1
22994	WASF3	0.16163792	0.0	-10.659442	11.767855	1
22999	USP12	0.18998224	0.0	-10.892408	14.926003	1
23020	PAN3	0.09563716	0.0	-9.902935	7.6206346	1
23022	POMP	1.4542984	2.6635892	0.8730032	44.55244	1
23028	UBL3	0.1661843	0.0	-10.699436	12.152631	1
23044	USPL1	0.10076875	0.0	-9.978264	7.991846	1
23070	STARD13	0.0776268	0.0	-9.602268	6.110152	1
23087	NBEA	0.09212496	0.0	-9.849013	7.2071443	1
23119	NHLRC3	0.19654389	0.0	-10.94137	14.4121475	1
23121	LHFPL6	0.27016938	0.0	-11.400183	19.906307	1
23122	COG6	0.1938205	0.0	-10.921249	15.372165	1
23125	FOXO1	0.1862522	0.0	-10.863816	13.5422535	1
23133	KBTBD7	0.075533606	0.0	-9.562883	6.0810156	1
23136	NAA16	0.05332455	0.0	-9.061359	5.1619577	1
23177	GPALPP1	0.15581313	0.0	-10.606526	11.662915	1
23182	TPT1-AS1	0.27184066	0.0	-11.409076	20.07235	1
23186	COG3	0.08252864	0.0	-9.690498	6.0585866	1
23201	LRCH1	0.098917186	0.0	-9.951535	7.742808	1
23211	NUDT15	0.08060247	0.0	-9.656469	6.5475917	1
23219	LPAR6	0.058096312	0.0	-9.184784	5.0328646	1
23220	RCBTB2	0.064570054	0.0	-9.336954	5.3379393	1
23229	CDADC1	0.090301745	0.0	-9.820207	7.2727027	1
23238	SPRYD7	0.14563717	0.0	-10.509153	12.376	1
23240	TRIM13	0.13139078	0.0	-10.360746	9.5594	1
23247	RNASEH2B	0.09258996	0.0	-9.856269	7.1024094	1
23254	WDFY2	0.20680483	0.0	-11.014751	15.247634	1
23260	ALG11	0.06574953	0.0	-9.3630295	5.161573	1
23264	NEK3	0.08642652	0.0	-9.756999	6.991713	1
23267	VPS36	0.3535163	0.0	-11.78797	27.192654	1
23295	PCDH17	0.57457256	0.0	-12.488524	31.672373	1
23304	TDRD3	0.15734778	0.0	-10.620658	11.582561	1
23307	PCDH20	0.21980383	0.0	-11.102657	13.748918	1
23345	PIBF1	0.18146373	0.0	-10.826261	13.595	1
23349	KLF12	0.075887024	0.0	-9.56961	6.285743	1
23357	TBC1D4	0.1290911	0.0	-10.335291	9.547578	1
23359	COMMD6	1.3965527	0.0	-13.769686	44.55244	1
23362	LMO7	0.11566743	0.0	-10.177013	8.756118	1
23371	KCTD12	0.20186716	0.0	-10.979905	13.6130905	1
23378	MYCBP2	0.5051321	0.0	-12.302731	35.13237	1
23386	EDNRB	0.17498837	0.0	-10.773868	11.602294	1
23394	OBI1	0.1323636	0.0	-10.371381	10.329347	1
23396	RBM26	0.37479973	0.0	-11.872289	28.610378	1
23399	NDFIP2	0.19394514	0.0	-10.922176	15.316616	1
23407	SPRY2	0.6001814	0.0	-12.551423	43.061077	1
23426	SLITRK6	0.08264058	0.0	-9.6924515	5.659543	1
23467	TGDS	0.07473932	0.0	-9.547653	6.0707774	1
23468	GPR180	0.11129404	0.0	-10.121456	9.027229	1
23477	DZIP1	0.30801287	0.0	-11.589243	23.34349	1
23481	UGGT2	0.33689088	0.0	-11.718493	23.874031	1
23489	RAP2A	0.12492019	0.0	-10.287946	9.8343115	1
23508	UBAC2	0.24530415	0.0	-11.260944	17.167671	1
23526	PCCA-DT	0.062115464	0.0	-9.28113	5.526492	1
23527	PCCA	0.114568956	0.0	-10.1632595	9.441593	1
23533	TMTC4	0.14999568	0.0	-10.551667	10.600641	1
23551	POGLUT2	0.14952901	0.0	-10.547174	11.387811	1
23552	BIVM	0.08885995	0.0	-9.797012	6.522519	1
23553	ERCC5	0.1873313	0.0	-10.872147	13.715731	1
23583	LIG4	0.063700855	0.0	-9.317432	5.636488	1
23611	NAXD	0.090946265	0.0	-9.830456	7.0715275	1
23613	ING1	0.11398346	0.0	-10.155874	8.850377	1
23622	ARHGEF7	0.12557755	0.0	-10.295511	10.390244	1
23638	TUBGCP3	0.08608054	0.0	-9.751219	7.0377097	1
23642	ATP11A	0.07312595	0.0	-9.5162115	5.7714	1
23651	F10	0.16676004	0.0	-10.704423	11.490616	1
23656	PCID2	0.19533485	0.0	-10.932472	14.366865	1
23657	CUL4A	0.17121002	0.0	-10.7423935	12.49692	1
23665	TMCO3	0.19803567	0.0	-10.952273	15.054556	1
23668	TFDP1	0.10986082	0.0	-10.102774	8.465341	1
23673	GAS6	0.09598238	0.0	-9.908128	7.4683537	1
23681	RASA3	0.11538231	0.0	-10.173456	8.826669	1
23685	CDC16	0.19168463	0.0	-10.905272	13.6743555	1
23726	CCNB1IP1	0.48670474	0.0	-12.249127	36.90819	1
23745	ANG	0.12682502	0.0	-10.309761	9.31257	1
23746	RNASE4	0.40515578	0.0	-11.984617	28.022758	1
23752	RNASE1	0.12261432	0.0	-10.261088	7.90249	1
23760	METTL17	0.108459175	0.0	-10.084266	8.121145	1
23763	NDRG2	0.07663805	0.0	-9.583798	6.222211	1
23770	ARHGEF40	0.2501568	0.0	-11.289193	19.750074	1
23781	RAB2B	0.13654852	0.0	-10.416254	11.029005	1
23782	TOX4	0.37642458	0.0	-11.878529	28.440388	1
23783	METTL3	0.07094195	0.0	-9.4725275	5.696749	1
23926	OXA1L	0.36498263	0.0	-11.834007	27.718462	1
23932	RBM23	0.1421998	0.0	-10.474718	11.726411	1
23934	PRMT5	0.119364835	0.0	-10.22237	9.783594	1
23936	HAUS4	0.14074267	0.0	-10.459868	10.620244	1
23947	SLC7A8	0.08341548	0.0	-9.7059	7.025912	1
23953	PABPN1	0.43201718	0.0	-12.077207	31.07113	1
23954	SLC22A17	0.23117252	0.0	-11.175378	16.959543	1
23955	EFS	0.07934826	0.0	-9.633872	6.443594	1
23959	MYH6	0.21515635	0.0	-11.07184	14.579405	1
23962	NGDN	0.14768666	0.0	-10.529301	11.119454	1
23969	JPH4	0.07732695	0.0	-9.596692	6.312449	1
23976	DHRS4	0.08041529	0.0	-9.653119	5.989708	1
23977	DHRS4L2	0.13423872	0.0	-10.39166	10.367204	1
23982	PCK2	0.06379404	0.0	-9.319537	5.349149	1
23983	DCAF11	0.08059938	0.0	-9.656414	6.802674	1
23986	EMC9	0.107283026	0.0	-10.06855	8.045584	1
23990	IRF9	0.12965077	0.0	-10.341527	9.977921	1
23999	MDP1	0.19322503	0.0	-10.916813	14.800426	1
24014	NFATC4	0.16705687	0.0	-10.706987	13.003557	1
24015	NYNRIN	0.12850352	0.0	-10.328714	10.258312	1
24017	KHNYN	0.09065324	0.0	-9.825806	8.063269	1
24025	STXBP6	0.15418278	0.0	-10.591361	10.027366	1
24059	G2E3	0.1468079	0.0	-10.520697	11.275876	1
24060	SCFD1	0.46206	0.0	-12.174177	35.186165	1
24068	HEATR5A	0.11581672	0.0	-10.178873	8.889307	1
24072	NUBPL	0.08568741	0.0	-9.744622	6.5033374	1
24079	ARHGAP5	0.5017378	0.0	-12.293005	36.84748	1
24087	EGLN3	0.43705356	0.0	-12.0939245	28.261492	1
24100	PRORP	0.06581403	0.0	-9.364442	5.314804	1
24101	PSMA6	0.8930228	2.2634804	1.341676	6.7851286	1
24106	RALGAPA1	0.14275545	0.0	-10.48034	11.531735	1
24116	MBIP	0.23133714	0.0	-11.176405	17.322517	1
24129	MIPOL1	0.1096753	0.0	-10.100338	8.729168	1
24142	SEC23A	0.34142882	0.0	-11.737792	25.949179	1
24144	GEMIN2	0.07441789	0.0	-9.541443	6.0033164	1
24156	AL121821.2	0.07549777	0.0	-9.5622	6.063012	1
24157	LRFN5	0.074756265	0.0	-9.547979	6.7398233	1
24171	KLHL28	0.10596968	0.0	-10.0507965	8.661579	1
24175	PRPF39	0.116146415	0.0	-10.182971	8.579461	1
24178	MIS18BP1	0.19140972	0.0	-10.903202	14.674459	1
24192	LRR1	0.061643034	0.0	-9.270133	5.5770807	1
24196	DNAAF2	0.11558669	0.0	-10.176007	9.345435	1
24201	KLHDC2	0.38248917	0.0	-11.901581	28.300844	1
24208	SOS2	0.19370878	0.0	-10.920418	15.530394	1
24210	DMAC2L	0.12622748	0.0	-10.302953	10.346882	1
24219	NIN	0.13556968	0.0	-10.405883	10.327364	1
24242	GNG2	0.7754774	0.0	-12.921055	44.55244	1
24247	NID2	0.4633447	0.0	-12.178182	29.94157	1
24253	ERO1A	1.1606115	0.0	-13.502722	44.55244	1
24254	AL133453.1	0.5839152	0.0	-12.51179	37.71183	1
24256	STYX	0.09513956	0.0	-9.895417	7.295552	1
24263	DDHD1	0.15546173	0.0	-10.6032715	11.444597	1
24273	CNIH1	0.43736675	0.0	-12.094957	32.796593	1
24276	CGRRF1	0.11241272	0.0	-10.135873	9.323481	1
24287	FBXO34	0.19111206	0.0	-10.900958	12.744175	1
24297	PELI2	0.1446648	0.0	-10.4994955	10.261993	1
24301	TMEM260	0.06896088	0.0	-9.4317255	5.5610495	1
24311	EXOC5	0.29344994	0.0	-11.51939	22.389986	1
24320	ARMH4	0.124303155	0.0	-10.2808075	10.154279	1
24324	PSMA3-AS1	0.20810214	0.0	-11.023769	15.79737	1
24331	KIAA0586	0.14939947	0.0	-10.545925	11.900994	1
24336	L3HYPDH	0.06848357	0.0	-9.42172	5.5381846	1
24337	JKAMP	0.23416398	0.0	-11.193919	18.150114	1
24343	PCNX4	0.29197752	0.0	-11.5121355	23.113949	1
24346	PPM1A	0.09558268	0.0	-9.902114	7.373012	1
24356	SLC38A6	0.06657152	0.0	-9.380927	5.479772	1
24365	HIF1A-AS3	0.21984692	0.0	-11.10294	14.154168	1
24366	SNAPC1	0.39583343	0.0	-11.951042	27.181229	1
24373	RHOJ	0.1796894	0.0	-10.812093	13.642155	1
24378	WDR89	0.07089569	0.0	-9.471587	5.6315227	1
24382	SYNE2	0.23133628	0.0	-11.176399	15.724989	1
24386	MTHFD1	0.08409284	0.0	-9.717554	6.356933	1
24389	ZBTB25	0.13292177	0.0	-10.377447	9.679022	1
24391	ZBTB1	0.30114087	0.0	-11.556702	23.99842	1
24401	FNTB	0.065834224	0.0	-9.364883	5.2979193	1
24403	MAX	0.1964352	0.0	-10.940572	15.040564	1
24407	FUT8	0.12952136	0.0	-10.340088	9.754236	1
24415	GPHN	0.09059135	0.0	-9.824821	6.890119	1
24425	PIGH	0.17100094	0.0	-10.740632	12.491149	1
24428	VTI1B	0.45817766	0.0	-12.162006	35.48137	1
24445	EXD2	0.059455935	0.0	-9.2181015	5.031958	1
24449	SLC39A9	0.12560469	0.0	-10.295823	9.740867	1
24454	SUSD6	0.06824114	0.0	-9.416611	5.9425335	1
24463	SYNJ2BP	0.28171697	0.0	-11.460543	20.161877	1
24467	MED6	0.2773256	0.0	-11.437885	20.352604	1
24475	PCNX1	0.182229	0.0	-10.832329	13.442337	1
24514	PNMA1	0.15497477	0.0	-10.598748	11.791718	1
24515	ELMSAN1	0.13987364	0.0	-10.450939	10.514727	1
24527	ALDH6A1	0.08647349	0.0	-9.757782	6.260189	1
24530	ABCD4	0.14446348	0.0	-10.497487	11.300529	1
24542	FCF1	0.08149362	0.0	-9.672313	6.241667	1
24543	YLPM1	0.15258096	0.0	-10.576304	12.646685	1
24545	DLST	0.10601456	0.0	-10.051407	8.007187	1
24547	PGF	0.10150069	0.0	-9.988694	7.31858	1
24548	EIF2B2	0.21905789	0.0	-11.0977545	16.192575	1
24550	MLH3	0.16383933	0.0	-10.6789465	13.817709	1
24566	TTLL5	0.06254062	0.0	-9.290955	5.130518	1
24567	ERG28	0.3548151	0.0	-11.793259	24.875412	1
24579	VASH1	0.21419704	0.0	-11.065396	16.603506	1
24589	IRF2BPL	0.40113732	0.0	-11.970241	28.951149	1
24601	GSTZ1	0.14443311	0.0	-10.497185	11.207639	1
24602	TMED8	0.1134402	0.0	-10.148988	8.745994	1
24605	VIPAS39	0.10571598	0.0	-10.047342	8.466176	1
24606	AHSA1	0.17080101	0.0	-10.738945	13.341375	1
24666	GALC	0.20480573	0.0	-11.000745	14.686259	1
24675	SPATA7	0.1321165	0.0	-10.368687	9.892984	1
24679	ZC3H14	0.24874341	0.0	-11.281023	18.945984	1
24685	FOXN3	0.33721918	0.0	-11.719898	25.55504	1
24705	TTC7B	0.084523715	0.0	-9.724918	7.0668545	1
24724	FBLN5	0.059688028	0.0	-9.223713	5.34147	1
24725	TRIP11	0.48929602	0.0	-12.256786	33.961155	1
24727	NDUFB1	0.44527245	0.0	-12.120796	34.372654	1
24740	MOAP1	0.11649373	0.0	-10.187275	9.349824	1
24756	IFI27L1	0.23305401	0.0	-11.187068	17.261707	1
24777	DICER1	0.39959195	0.0	-11.964673	30.5195	1
24785	GLRX5	0.6241524	0.0	-12.607914	44.55244	1
24811	VRK1	0.0665689	0.0	-9.38087	5.1001067	1
24844	EVL	0.32669336	0.0	-11.674163	23.77215	1
24858	WDR25	0.067900725	0.0	-9.409407	5.724719	1
24865	DLK1	2.4423242	0.0	-14.576026	44.55244	1
24888	PPP2R5C	0.21585383	0.0	-11.076508	16.451063	1
24895	WDR20	0.100121565	0.0	-9.968977	7.5860443	1
24899	TECPR2	0.076853015	0.0	-9.587834	6.5365653	1
24902	RCOR1	0.2757617	0.0	-11.429729	21.16514	1
24906	CDC42BPB	0.40309536	0.0	-11.977263	28.56288	1
24918	CKB	0.12062507	0.0	-10.23751	8.893937	1
24922	BAG5	0.26087955	0.0	-11.349721	19.57043	1
24932	PPP1R13B	0.076072685	0.0	-9.57313	6.2945027	1
24953	ADSSL1	0.09824332	0.0	-9.941684	7.7723656	1
24954	SIVA1	0.59744084	0.0	-12.544822	44.55244	1
24956	AKT1	0.26226592	0.0	-11.357365	20.248613	1
24966	CDCA4	0.069372945	0.0	-9.440308	5.6044917	1
24972	NUDT14	0.19328682	0.0	-10.9172735	14.058504	1
24974	BTBD6	0.08148821	0.0	-9.672216	6.674708	1
24975	PACS2	0.14402945	0.0	-10.49315	11.101972	1
24978	MTA1	0.16784258	0.0	-10.713753	12.751479	1
24980	CRIP2	0.40683252	0.0	-11.990574	28.600126	1
24981	CRIP1	0.11531485	0.0	-10.172613	7.671414	1
24983	TMEM121	0.09914051	0.0	-9.954785	7.3982477	1
25215	NIPA2	0.1546155	0.0	-10.595402	12.606941	1
25217	TUBGCP5	0.06898307	0.0	-9.432188	5.1189194	1
25234	SNRPN	0.82848805	0.0	-13.016439	44.55244	1
25241	UBE3A	0.51643795	0.0	-12.334659	39.820183	1
25283	TJP1	0.3581634	0.0	-11.806805	26.603455	1
25302	FAN1	0.07215215	0.0	-9.496897	6.2604723	1
25308	KLF13	0.301459	0.0	-11.558225	22.162844	1
25344	GOLGA8A	0.14504933	0.0	-10.503323	10.486672	1
25345	GOLGA8B	0.069446646	0.0	-9.441837	5.4671764	1
25350	ACTC1	0.2731942	0.0	-11.416239	17.594309	1
25351	AQR	0.123962715	0.0	-10.276854	9.395819	1
25374	SPRED1	0.5708967	0.0	-12.479267	38.82168	1
25375	FAM98B	0.053610478	0.0	-9.06906	5.134146	1
25390	THBS1	0.2165332	0.0	-11.081038	11.765272	1
25415	INAFM2	0.08978089	0.0	-9.811871	7.307161	1
25421	IVD	0.16158079	0.0	-10.658933	12.404292	1
25425	CHST14	0.15182456	0.0	-10.5691395	11.1158905	1
25427	CCDC32	0.17173752	0.0	-10.746829	13.786652	1
25433	RMDN3	0.093559906	0.0	-9.871288	7.32851	1
25434	GCHFR	0.10146904	0.0	-9.988245	7.2101183	1
25435	DNAJC17	0.12680808	0.0	-10.309568	10.94042	1
25443	VPS18	0.06702668	0.0	-9.390742	5.8540335	1
25446	CHAC1	0.090912886	0.0	-9.829927	6.626226	1
25453	CHP1	0.19961032	0.0	-10.963694	15.254385	1
25454	OIP5-AS1	0.3062555	0.0	-11.580991	22.944342	1
25462	RPAP1	0.0732397	0.0	-9.518451	5.877068	1
25465	MGA	0.19729555	0.0	-10.946874	15.588778	1
25481	VPS39	0.06273334	0.0	-9.295386	5.5648594	1
25483	TMEM87A	0.4976633	0.0	-12.281244	35.3658	1
25492	STARD9	0.098501764	0.0	-9.94547	8.16473	1
25496	TTBK2	0.11911244	0.0	-10.219319	8.9209385	1
25512	TP53BP1	0.26223046	0.0	-11.357169	21.082184	1
25528	CASC4	0.40419996	0.0	-11.981211	29.72766	1
25531	CTDSPL2	0.3066039	0.0	-11.582631	23.467482	1
25533	EIF3J-DT	0.14527228	0.0	-10.505537	10.213946	1
25536	SPG11	0.11963116	0.0	-10.225583	9.776135	1
25543	SORD	0.21275644	0.0	-11.055665	15.1259165	1
25575	SEMA6D	0.08012905	0.0	-9.647981	6.8365817	1
25605	SECISBP2L	0.2475178	0.0	-11.273899	18.96669	1
25607	COPS2	0.58533883	0.0	-12.515303	40.549667	1
25618	GABPB1	0.06530862	0.0	-9.353337	5.256304	1
25619	GABPB1-IT1	0.1263788	0.0	-10.30468	9.716341	1
25626	TRPM7	0.14714633	0.0	-10.524016	11.18306	1
25628	SPPL2A	0.21544169	0.0	-11.073751	16.714937	1
25641	DMXL2	0.1463579	0.0	-10.516271	10.785045	1
25643	SCG3	0.07835603	0.0	-9.615741	6.714999	1
25647	TMOD2	0.16231455	0.0	-10.665465	11.82316	1
25653	LEO1	0.22287855	0.0	-11.122689	17.393726	1
25654	MAPK6	0.25938162	0.0	-11.341416	18.497824	1
25661	GNB5	0.097198814	0.0	-9.926278	8.085866	1
25667	ARPP19	0.38707653	0.0	-11.918776	31.351746	1
25669	FAM214A	0.0632216	0.0	-9.306554	5.3715396	1
25681	RSL24D1	0.8634123	0.0	-13.076001	44.55244	1
25684	PIGBOS1	0.16987748	0.0	-10.731128	13.678942	1
25693	PRTG	0.08027583	0.0	-9.650618	6.4066205	1
25695	NEDD4	0.11242055	0.0	-10.135973	8.698788	1
25704	ZNF280D	0.10609877	0.0	-10.052551	8.508673	1
25709	TCF12	0.43914947	0.0	-12.100824	29.107195	1
25712	CGNL1	0.7931651	0.0	-12.953588	44.55244	1
25718	POLR2M	0.13535531	0.0	-10.403602	10.4978895	1
25730	ADAM10	0.41185457	0.0	-12.008269	30.947735	1
25737	SLTM	0.43010816	0.0	-12.070819	29.67003	1
25750	BNIP2	0.28991377	0.0	-11.501905	21.629894	1
25757	ICE2	0.16114755	0.0	-10.655062	12.416847	1
25759	RORA	0.25266814	0.0	-11.303599	17.805182	1
25775	VPS13C	0.466868	0.0	-12.189108	32.55022	1
25785	TLN2	0.0965506	0.0	-9.916635	8.151592	1
25796	RAB8B	0.22511171	0.0	-11.137066	16.555769	1
25798	CA12	0.22960627	0.0	-11.165575	14.140963	1
25809	CIAO2A	0.26839656	0.0	-11.390688	20.593937	1
25810	SNX1	0.16225769	0.0	-10.66496	13.196163	1
25813	CSNK1G1	0.15587123	0.0	-10.607064	12.337638	1
25814	PCLAF	0.084571026	0.0	-9.725724	5.5185947	1
25815	TRIP4	0.1117368	0.0	-10.127179	9.081354	1
25816	ZNF609	0.12656474	0.0	-10.306799	9.649699	1
25821	AC100830.1	0.07762978	0.0	-9.602324	5.8563304	1
25822	RBPMS2	0.19251575	0.0	-10.91151	14.250511	1
25824	PLEKHO2	0.06491908	0.0	-9.344719	5.154351	1
25826	ANKDD1A	0.07825227	0.0	-9.6138315	5.890289	1
25833	RASL12	0.06997158	0.0	-9.452685	6.020095	1
25841	IGDCC3	0.13165602	0.0	-10.363653	7.5721626	1
25842	IGDCC4	0.07319744	0.0	-9.517619	6.496656	1
25855	TIPIN	0.063766494	0.0	-9.318915	5.4731483	1
25858	SNAPC5	0.104407854	0.0	-10.029396	8.93379	1
25860	ZWILCH	0.05676088	0.0	-9.151293	5.1560836	1
25863	SMAD6	0.5601692	0.0	-12.451904	38.186634	1
25871	AAGAB	0.078313656	0.0	-9.614961	6.291534	1
25884	FEM1B	0.17594223	0.0	-10.781706	12.538305	1
25885	ITGA11	0.6579393	0.0	-12.683958	40.89682	1
25931	MYO9A	0.25593755	0.0	-11.32214	20.543121	1
25940	HEXA	0.44092005	0.0	-12.106628	32.50823	1
25951	BBS4	0.10812337	0.0	-10.079797	8.534691	1
25952	ADPGK	0.19206348	0.0	-10.908118	16.173595	1
25955	NEO1	0.20794408	0.0	-11.022674	15.521485	1
25960	NPTN	0.38076955	0.0	-11.8950815	27.801596	1
25971	PML	0.11065948	0.0	-10.1132145	8.816724	1
25977	ISLR	0.10820467	0.0	-10.08088	6.5276694	1
25978	STRA6	0.088693194	0.0	-9.794305	6.7026906	1
25988	UBL7	0.07559272	0.0	-9.564011	6.664065	1
25992	CLK3	0.15533708	0.0	-10.602115	12.321351	1
25998	CSK	0.085712075	0.0	-9.745037	6.9682627	1
26002	SCAMP2	0.26736036	0.0	-11.385109	20.097567	1
26008	PPCDC	0.07881898	0.0	-9.6242285	6.3800797	1
26009	C15orf39	0.07766078	0.0	-9.602899	5.7167253	1
26014	COMMD4	0.19521302	0.0	-10.931573	15.476534	1
26019	SIN3A	0.10535894	0.0	-10.042466	8.307659	1
26021	PTPN9	0.08616058	0.0	-9.752558	7.771111	1
26025	IMP3	0.33277607	0.0	-11.700769	23.266666	1
26029	CSPG4	0.24904203	0.0	-11.282753	17.627844	1
26041	ETFA	0.36990753	0.0	-11.853339	28.598553	1
26046	SCAPER	0.21198833	0.0	-11.050449	16.76409	1
26056	LINGO1	0.11347	0.0	-10.149366	7.8839774	1
26062	TBC1D2B	0.076781526	0.0	-9.5864935	7.0960674	1
26065	CIB2	0.21395744	0.0	-11.063783	15.478243	1
26071	WDR61	0.21740046	0.0	-11.0868025	16.248323	1
26076	IREB2	0.32703888	0.0	-11.675688	24.9382	1
26085	ADAMTS7	0.11977661	0.0	-10.227334	9.209877	1
26096	MTHFS	0.20606567	0.0	-11.009588	15.124596	1
26104	FAH	0.12202066	0.0	-10.254091	9.745164	1
26122	TLNRD1	0.14318736	0.0	-10.484695	10.549227	1
26152	WHAMM	0.08834341	0.0	-9.78861	6.7743106	1
26158	BTBD1	0.19986354	0.0	-10.965521	15.524376	1
26181	NMB	0.5410753	0.0	-12.40188	33.91406	1
26185	ZNF592	0.091318324	0.0	-9.83634	7.111866	1
26187	ALPK3	0.16342582	0.0	-10.6753025	11.099196	1
26190	PDE8A	0.122106954	0.0	-10.255111	10.009718	1
26191	AKAP13	0.64016706	0.0	-12.644458	40.78774	1
26213	MRPL46	0.14076796	0.0	-10.460128	10.316683	1
26215	DET1	0.07160006	0.0	-9.48583	5.7105556	1
26217	AEN	0.08287747	0.0	-9.696576	6.369781	1
26222	MFGE8	0.47368667	0.0	-12.210022	34.7025	1
26225	ABHD2	0.07082808	0.0	-9.470213	5.906071	1
26228	POLG	0.07665145	0.0	-9.58405	5.905506	1
26247	ARPIN	0.07810045	0.0	-9.611033	6.5179663	1
26251	IDH2	0.6491624	0.0	-12.664586	44.55244	1
26253	SEMA4B	0.42937383	0.0	-12.068355	27.498749	1
26262	CRTC3	0.10508762	0.0	-10.03875	7.5680304	1
26272	FURIN	0.13235815	0.0	-10.371321	10.002977	1
26306	LINC01578	0.96559834	0.0	-13.237357	44.55244	1
26337	NR2F2-AS1	0.061904475	0.0	-9.276229	5.0522614	1
26359	ARRDC4	0.11788831	0.0	-10.204429	9.096587	1
26370	IGF1R	0.21257497	0.0	-11.054435	16.107191	1
26377	SYNM	0.07327782	0.0	-9.5192	6.1181793	1
26414	CHSY1	1.0693203	0.0	-13.3845415	44.55244	1
26425	TARSL2	0.1847517	0.0	-10.852153	13.152925	1
26433	SNRNP25	0.1853342	0.0	-10.856691	14.73411	1
26434	RHBDF1	0.06549338	0.0	-9.357407	5.614707	1
26436	NPRL3	0.122297056	0.0	-10.257353	10.029398	1
26446	FAM234A	0.17849596	0.0	-10.802484	13.5465975	1
26451	MRPL28	0.3048821	0.0	-11.574509	23.482521	1
26466	MCRIP2	0.13854934	0.0	-10.437225	10.115121	1
26473	STUB1	0.63893825	0.0	-12.641686	44.55244	1
26474	JMJD8	0.108792886	0.0	-10.088694	8.315346	1
26479	METRN	0.35924357	0.0	-11.811148	27.154566	1
26491	LMF1	0.06391396	0.0	-9.322243	6.089131	1
26496	AC009041.2	0.08383412	0.0	-9.713114	6.5976334	1
26520	TSR3	0.31782848	0.0	-11.634486	23.01083	1
26521	GNPTG	0.22235313	0.0	-11.119286	16.689318	1
26525	C16orf91	0.099866405	0.0	-9.9653	8.254301	1
26528	CLCN7	0.09417914	0.0	-9.880795	7.1580267	1
26536	TMEM204	0.13033068	0.0	-10.349068	8.50545	1
26541	JPT2	0.088717796	0.0	-9.794705	6.6278586	1
26542	MAPK8IP3	0.10770529	0.0	-10.074212	8.910989	1
26546	NME3	0.48993835	0.0	-12.258678	37.549484	1
26559	MSRB1	0.06465517	0.0	-9.338852	5.216108	1
26563	SNHG9	0.07914789	0.0	-9.630229	6.0811343	1
26568	GFER	0.14730744	0.0	-10.525594	11.119163	1
26573	NPW	0.32189596	0.0	-11.652827	19.849022	1
26576	TSC2	0.14685602	0.0	-10.521169	11.2223625	1
26577	PKD1	0.09793201	0.0	-9.937109	8.425052	1
26586	MLST8	0.22151498	0.0	-11.11384	15.94615	1
26608	AMDHD2	0.068220414	0.0	-9.416173	5.861553	1
26610	PDPK1	0.13386908	0.0	-10.387685	10.404525	1
26619	KCTD5	0.07434614	0.0	-9.540053	6.0750504	1
26632	FLYWCH2	0.35204962	0.0	-11.781973	27.289774	1
26646	THOC6	0.09182642	0.0	-9.844336	7.4991713	1
26656	ZNF205	0.07109548	0.0	-9.475642	6.1868143	1
26665	ZNF263	0.08908513	0.0	-9.800659	7.0126424	1
26666	TIGD7	0.062224075	0.0	-9.283646	5.1400704	1
26677	CLUAP1	0.1815326	0.0	-10.826808	13.365906	1
26682	DNASE1	0.0709126	0.0	-9.471931	6.5085373	1
26693	TFAP4	0.0823432	0.0	-9.687257	6.305327	1
26698	CORO7	0.07654037	0.0	-9.581961	6.030917	1
26699	VASN	0.14524658	0.0	-10.505281	10.625379	1
26700	DNAJA3	0.095233925	0.0	-9.896846	7.8924384	1
26703	NMRAL1	0.112909816	0.0	-10.142233	9.062871	1
26704	HMOX2	0.17931929	0.0	-10.809119	14.08294	1
26705	CDIP1	0.102442734	0.0	-10.002009	8.042988	1
26710	MGRN1	0.09418351	0.0	-9.880862	6.9077015	1
26713	ANKS3	0.09257272	0.0	-9.856001	7.099246	1
26715	ZNF500	0.062165834	0.0	-9.282297	5.121223	1
26719	ROGDI	0.13420023	0.0	-10.391246	10.631298	1
26720	GLYR1	0.15584949	0.0	-10.606863	12.531342	1
26722	UBN1	0.26879725	0.0	-11.392839	20.485313	1
26729	EEF2KMT	0.07230137	0.0	-9.499873	5.712087	1
26748	METTL22	0.065323025	0.0	-9.353655	5.067958	1
26754	CARHSP1	0.51116616	0.0	-12.319859	37.032322	1
26763	AC087190.1	0.07068558	0.0	-9.467312	5.9713483	1
26770	GRIN2A	0.28454936	0.0	-11.47497	17.461124	1
26775	ATF7IP2	0.076936975	0.0	-9.589407	6.0002685	1
26778	EMP2	0.19802749	0.0	-10.952213	13.438086	1
26783	NUBP1	0.10154407	0.0	-9.98931	7.7575293	1
26794	SOCS1	0.06770376	0.0	-9.405222	6.076596	1
26806	TXNDC11	0.07862482	0.0	-9.620675	6.6400084	1
26808	ZC3H7A	0.28905818	0.0	-11.497643	21.881315	1
26836	ERCC4	0.14569013	0.0	-10.509678	10.902591	1
26841	MRTFB	0.10533345	0.0	-10.042117	8.150148	1
26860	NTAN1	0.71146536	0.0	-12.796781	44.55244	1
26861	RRN3	0.10211915	0.0	-9.99745	7.857215	1
26866	MARF1	0.14852543	0.0	-10.537465	10.606386	1
26876	ABCC1	0.06838518	0.0	-9.419648	5.720846	1
26909	COQ7	0.15545315	0.0	-10.603192	11.699258	1
26924	GDE1	0.1606253	0.0	-10.650381	13.16554	1
26925	CCP110	0.06997876	0.0	-9.452833	5.64038	1
26946	THUMPD1	0.32375082	0.0	-11.661114	22.527084	1
26951	LYRM1	0.07266851	0.0	-9.507171	5.603427	1
26962	METTL9	0.95165855	0.0	-13.21638	44.55244	1
26969	UQCRC2	0.6513586	0.0	-12.669457	44.55244	1
26972	MOSMO	0.17158988	0.0	-10.745589	12.687739	1
26977	EEF2K	0.08009239	0.0	-9.647322	6.612341	1
26981	CDR2	0.16731419	0.0	-10.709207	12.286376	1
26999	GGA2	0.1973329	0.0	-10.947146	14.9235735	1
27013	PRKCB	0.3817419	0.0	-11.89876	22.609657	1
27018	TNRC6A	0.2498055	0.0	-11.287167	18.518242	1
27044	NSMCE1	0.14464107	0.0	-10.499259	10.83466	1
27047	IL4R	0.07292501	0.0	-9.512247	5.9362164	1
27050	GTF3C1	0.1905014	0.0	-10.896343	15.570948	1
27056	XPO6	0.12199775	0.0	-10.253821	9.711795	1
27069	SGF29	0.06579548	0.0	-9.364036	5.3805246	1
27071	SULT1A1	0.09540689	0.0	-9.899461	8.015443	1
27078	ATXN2L	0.26822004	0.0	-11.389739	20.022673	1
27081	SH2B1	0.061423574	0.0	-9.264996	5.4821463	1
27090	SPNS1	0.13088349	0.0	-10.355169	10.604905	1
27113	PRRT2	0.11930036	0.0	-10.221592	9.03699	1
27114	PAGR1	0.2063138	0.0	-11.011324	17.308453	1
27116	CDIPT	0.26912642	0.0	-11.394605	19.754494	1
27118	SEZ6L2	1.0243179	0.0	-13.322516	44.55244	1
27124	HIRIP3	0.085237265	0.0	-9.737032	6.5051813	1
27125	INO80E	0.13784778	0.0	-10.429907	10.709007	1
27130	ALDOA	0.19362815	0.0	-10.919818	15.355434	1
27134	YPEL3	0.19718234	0.0	-10.946046	14.991783	1
27139	MAPK3	0.17339805	0.0	-10.760704	13.528503	1
27148	TBC1D10B	0.10107803	0.0	-9.98268	8.237114	1
27153	ZNF771	0.075303376	0.0	-9.558485	6.1468287	1
27160	ZNF768	0.079188816	0.0	-9.630974	6.3811903	1
27164	ZNF688	0.067583844	0.0	-9.402668	5.742317	1
27166	ZNF785	0.0819333	0.0	-9.680066	6.3429723	1
27169	PRR14	0.069429465	0.0	-9.441481	5.387826	1
27170	FBRS	0.123016514	0.0	-10.265809	9.657086	1
27174	PHKG2	0.07173029	0.0	-9.488449	5.7732368	1
27198	BCKDK	0.32351387	0.0	-11.660058	25.271461	1
27208	PYCARD	0.10497955	0.0	-10.037267	8.367357	1
27233	ZNF720	0.19824213	0.0	-10.953775	14.728488	1
27235	ZNF267	0.0621319	0.0	-9.28151	5.0874496	1
27302	ORC6	0.103090204	0.0	-10.01109	6.8079076	1
27304	C16orf87	0.21836331	0.0	-11.093175	16.80871	1
27305	GPT2	0.12963946	0.0	-10.341402	10.397407	1
27314	PHKB	0.20694788	0.0	-11.015749	15.9727335	1
27323	LONP2	0.2704229	0.0	-11.401535	21.030544	1
27324	SIAH1	0.1631696	0.0	-10.67304	12.867191	1
27326	N4BP1	0.17695452	0.0	-10.789978	13.376308	1
27344	CNEP1R1	0.0906274	0.0	-9.825395	7.1603923	1
27351	BRD7	0.35224763	0.0	-11.7827835	26.656282	1
27363	CYLD	0.07910416	0.0	-9.629433	6.616798	1
27377	HNRNPA1P48	0.06463004	0.0	-9.338291	5.44331	1
27397	RBL2	0.14071506	0.0	-10.459586	10.332229	1
27401	RPGRIP1L	0.088340156	0.0	-9.788558	7.3435674	1
27409	IRX3	0.06597321	0.0	-9.367922	5.180581	1
27417	CRNDE	0.25620666	0.0	-11.323655	18.757395	1
27427	MMP2	0.94080424	0.0	-13.199832	44.55244	1
27430	LPCAT2	0.0889676	0.0	-9.798757	6.466161	1
27438	GNAO1	0.092977844	0.0	-9.862294	7.449797	1
27448	BBS2	0.07455053	0.0	-9.544009	6.6497836	1
27462	NUP93	0.058193017	0.0	-9.18718	5.617319	1
27471	CPNE2	0.113219514	0.0	-10.146181	8.956073	1
27474	RSPRY1	0.17661482	0.0	-10.787208	12.645211	1
27482	CIAPIN1	0.19646826	0.0	-10.940815	16.777779	1
27483	COQ9	0.1763451	0.0	-10.785004	14.016912	1
27485	DOK4	0.23425576	0.0	-11.194485	17.255468	1
27486	CCDC102A	0.14857641	0.0	-10.53796	12.335079	1
27494	KIFC3	0.06840531	0.0	-9.420072	5.997362	1
27500	USB1	0.09678658	0.0	-9.920153	7.8742986	1
27502	CFAP20	0.15312836	0.0	-10.581468	11.24592	1
27504	AC009107.2	0.10657483	0.0	-10.059004	8.676004	1
27505	CSNK2A2	0.34118095	0.0	-11.736744	25.887209	1
27574	CES2	0.14501667	0.0	-10.502997	11.210064	1
27580	TRADD	0.19089812	0.0	-10.899343	15.795398	1
27581	FBXL8	0.062673196	0.0	-9.294004	5.181074	1
27583	NOL3	0.53943086	0.0	-12.39749	38.176704	1
27584	KIAA0895L	0.10184576	0.0	-9.993587	7.8945184	1
27586	E2F4	0.093375854	0.0	-9.86845	7.5815725	1
27589	TMEM208	0.44662312	0.0	-12.125165	33.701756	1
27590	FHOD1	0.10273232	0.0	-10.006078	8.298047	1
27609	CTCF	0.26066682	0.0	-11.348544	18.640303	1
27612	ACD	0.060887773	0.0	-9.252377	5.090834	1
27620	CENPT	0.08740047	0.0	-9.773147	6.7777224	1
27621	THAP11	0.19414568	0.0	-10.923667	14.114131	1
27623	EDC4	0.100766525	0.0	-9.978231	8.755991	1
27629	SLC12A4	0.0793003	0.0	-9.633	6.736578	1
27642	PLA2G15	0.113218874	0.0	-10.146173	8.948289	1
27651	ZFP90	0.16092062	0.0	-10.653029	12.110461	1
27664	UTP4	0.07655936	0.0	-9.582318	6.0576577	1
27670	NIP7	0.16334943	0.0	-10.674628	13.213405	1
27672	TERF2	0.15234146	0.0	-10.574039	11.740014	1
27673	CYB5B	0.18902732	0.0	-10.885142	14.715514	1
27678	NQO1	0.17874864	0.0	-10.804523	11.572541	1
27681	NOB1	0.20562725	0.0	-11.006517	16.101675	1
27684	PDPR	0.112286605	0.0	-10.134254	8.620802	1
27687	EXOSC6	0.14551356	0.0	-10.507929	12.413855	1
27688	AARS	0.20849419	0.0	-11.026484	15.436638	1
27689	DDX19B	0.092161074	0.0	-9.849578	7.3511147	1
27691	DDX19A	0.13603395	0.0	-10.410811	10.302525	1
27696	COG4	0.13509843	0.0	-10.400863	9.558412	1
27728	IST1	0.2874681	0.0	-11.489688	22.432814	1
27729	ZNF821	0.12055155	0.0	-10.23663	8.93743	1
27744	ZFHX3	0.2304417	0.0	-11.170812	17.58427	1
27769	WDR59	0.10418945	0.0	-10.026378	7.988332	1
27774	ZFP1	0.07190125	0.0	-9.4918785	6.054582	1
27777	BCAR1	0.2185252	0.0	-11.094244	17.56208	1
27806	MON1B	0.07828824	0.0	-9.614493	6.417676	1
27835	MAF	0.09713688	0.0	-9.92536	7.1002445	1
27853	CMC2	0.19015504	0.0	-10.893719	13.937562	1
27857	ATMIN	0.13312128	0.0	-10.379609	10.869782	1
27868	CMIP	0.13114262	0.0	-10.358021	10.645261	1
27878	CDH13	0.48743352	0.0	-12.251286	33.916405	1
27888	MLYCD	0.07003898	0.0	-9.454073	6.005906	1
27894	MBTPS1	0.4548971	0.0	-12.151642	34.275517	1
27897	HSDL1	0.111726776	0.0	-10.12705	9.372482	1
27904	WFDC1	0.0871705	0.0	-9.76935	6.9053874	1
27913	KLHL36	0.09233989	0.0	-9.852372	7.8481035	1
27920	ZDHHC7	0.089343324	0.0	-9.804831	6.9796696	1
27925	GSE1	0.16911282	0.0	-10.724623	13.523456	1
27937	EMC8	0.18780082	0.0	-10.875755	14.700154	1
28012	MVD	0.1319715	0.0	-10.367104	10.583677	1
28026	GALNS	0.099063314	0.0	-9.953663	8.903253	1
28050	SPG7	0.23644836	0.0	-11.207919	17.270807	1
28066	TCF25	0.9947592	0.0	-13.280276	44.55244	1
28092	RFLNB	0.099490635	0.0	-9.959867	7.26266	1
28097	TLCD3A	0.12546419	0.0	-10.2942095	9.475235	1
28101	MRM3	0.061099894	0.0	-9.257385	5.191399	1
28104	NXN	0.13524406	0.0	-10.402416	10.557254	1
28108	ABR	0.06309887	0.0	-9.303755	5.0725174	1
28122	RILP	0.05723459	0.0	-9.163262	5.21526	1
28125	TLCD2	0.07559532	0.0	-9.56406	6.1849504	1
28130	SERPINF1	0.34058025	0.0	-11.734202	22.569572	1
28148	SRR	0.07282657	0.0	-9.510301	6.248714	1
28153	MNT	0.09163451	0.0	-9.841321	6.7831335	1
28155	METTL16	0.1076665	0.0	-10.073693	8.779726	1
28156	PAFAH1B1	0.6361639	0.0	-12.635409	44.55244	1
28186	TAX1BP3	0.36065534	0.0	-11.816805	27.492039	1
28198	ZZEF1	0.068457894	0.0	-9.421179	5.8458123	1
28199	CYB5D2	0.08629229	0.0	-9.754759	6.352477	1
28200	ANKFY1	0.099274	0.0	-9.956725	7.971074	1
28214	PELP1	0.2408993	0.0	-11.234814	18.687479	1
28218	MED11	0.15342247	0.0	-10.584234	12.478349	1
28228	MINK1	0.10592464	0.0	-10.050184	7.9662967	1
28233	RNF167	0.23650356	0.0	-11.208256	17.080582	1
28236	SPAG7	0.46896118	0.0	-12.19556	35.41037	1
28237	CAMTA2	0.09766989	0.0	-9.933247	7.21576	1
28243	KIF1C	0.08150307	0.0	-9.67248	6.4413495	1
28255	RABEP1	0.33795342	0.0	-11.723036	26.618292	1
28258	RPAIN	0.5047983	0.0	-12.301777	37.488735	1
28264	MIS12	0.06623608	0.0	-9.37365	5.6908364	1
28278	MED31	0.18891017	0.0	-10.884249	14.713284	1
28285	ALOX12-AS1	0.09400395	0.0	-9.878112	7.2293563	1
28297	ASGR1	0.100346394	0.0	-9.97221	8.023672	1
28298	DLG4	0.14759949	0.0	-10.528449	11.61738	1
28299	ACADVL	0.44062936	0.0	-12.105678	33.687466	1
28310	GPS2	0.34059078	0.0	-11.734247	24.354233	1
28317	PLSCR3	0.15610488	0.0	-10.609223	12.462831	1
28318	TMEM256	0.5800888	0.0	-12.502307	43.95038	1
28319	NLGN2	0.07952211	0.0	-9.637026	6.270548	1
28325	FGF11	0.11039051	0.0	-10.109707	8.230604	1
28330	POLR2A	0.39848393	0.0	-11.960668	31.15217	1
28331	TNFSF12	0.161448	0.0	-10.657747	11.625212	1
28338	MPDU1	0.099775404	0.0	-9.963985	8.016297	1
28340	FXR2	0.09718545	0.0	-9.926081	7.7959414	1
28343	ATP1B2	0.16598196	0.0	-10.6976795	12.863516	1
28344	TP53	0.11667098	0.0	-10.189466	9.452843	1
28348	KDM6B	0.3280266	0.0	-11.680037	23.150692	1
28364	PER1	0.058809426	0.0	-9.202354	5.1025195	1
28375	RANGRF	0.14579542	0.0	-10.510719	11.170366	1
28384	NDEL1	0.17362478	0.0	-10.762588	13.201691	1
28385	MYH10	0.6323988	0.0	-12.626847	43.47326	1
28412	GAS7	0.18959749	0.0	-10.889484	14.05435	1
28452	ELAC2	0.06543503	0.0	-9.356123	6.188	1
28455	HS3ST3A1	0.06842161	0.0	-9.420415	5.5391636	1
28463	HS3ST3B1	0.15629874	0.0	-10.611013	10.491646	1
28483	AC005838.2	0.08265395	0.0	-9.692684	6.6768527	1
28485	TRIM16	0.0749066	0.0	-9.550874	5.6789856	1
28487	ZNF286A	0.19147132	0.0	-10.903666	14.61419	1
28494	ADORA2B	0.086522125	0.0	-9.758592	6.904943	1
28495	ZSWIM7	0.34260663	0.0	-11.742759	24.805088	1
28496	TTC19	0.22390191	0.0	-11.129295	16.766075	1
28498	NCOR1	0.5299034	0.0	-12.371786	41.993732	1
28500	PIGL	0.08067763	0.0	-9.657812	5.831593	1
28505	TRPV2	0.07335925	0.0	-9.520801	5.9599724	1
28525	MPRIP	0.28319222	0.0	-11.468075	21.565582	1
28534	RASD1	0.086156376	0.0	-9.752487	5.4284544	1
28545	TOM1L2	0.078409255	0.0	-9.616719	6.0661287	1
28549	GID4	0.093879186	0.0	-9.876198	7.0595737	1
28553	ALKBH5	0.3243885	0.0	-11.663952	23.631077	1
28555	FLII	0.15797693	0.0	-10.626411	13.200545	1
28589	EPN2	0.36533433	0.0	-11.835397	28.71065	1
28594	MAPK7	0.14973827	0.0	-10.5491905	10.91476	1
28595	MFAP4	0.6473789	0.0	-12.660618	35.332836	1
28604	ALDH3A2	0.11088702	0.0	-10.116176	8.316079	1
28610	ULK2	0.10024232	0.0	-9.970715	8.335255	1
28616	SPECC1	0.11237911	0.0	-10.135442	8.629546	1
28634	DHRS7B	0.11134924	0.0	-10.122171	9.017103	1
28635	TMEM11	0.271807	0.0	-11.408897	22.11216	1
28652	MTRNR2L1	0.062091056	0.0	-9.280563	5.256516	1
28660	KSR1	0.1070663	0.0	-10.065636	7.64672	1
28666	LYRM9	0.091342665	0.0	-9.836723	7.707684	1
28676	TMEM97	0.0631985	0.0	-9.306027	5.2105865	1
28677	IFT20	0.4501338	0.0	-12.136458	32.30676	1
28678	TNFAIP1	0.1411004	0.0	-10.463529	12.25252	1
28680	TMEM199	0.07754998	0.0	-9.6008415	6.3211155	1
28691	UNC119	0.23718141	0.0	-11.212383	18.043364	1
28692	PIGS	0.27066997	0.0	-11.402852	20.422	1
28693	ALDOC	0.17693794	0.0	-10.789843	14.072083	1
28706	RAB34	0.5066448	0.0	-12.307044	39.770855	1
28713	TRAF4	0.21912232	0.0	-11.098179	16.988562	1
28717	ERAL1	0.06819394	0.0	-9.415614	5.562915	1
28719	FLOT2	0.0891656	0.0	-9.801961	7.300974	1
28723	PHF12	0.09774773	0.0	-9.934395	7.86769	1
28730	MYO18A	0.07495015	0.0	-9.551711	6.3130264	1
28740	TP53I13	0.21701784	0.0	-11.084263	16.187891	1
28742	GIT1	0.10806196	0.0	-10.078978	7.3520675	1
28747	SSH2	0.12897623	0.0	-10.334007	9.926325	1
28762	BLMH	0.12439963	0.0	-10.281926	10.311277	1
28764	CPD	0.17461498	0.0	-10.770787	13.943553	1
28770	AC005562.1	0.12577078	0.0	-10.297728	9.523806	1
28780	TEFM	0.07340432	0.0	-9.521686	6.0474496	1
28790	NF1	0.30826223	0.0	-11.59041	23.658604	1
28801	COPRS	0.33270848	0.0	-11.700477	24.870451	1
28808	RHOT1	0.15047878	0.0	-10.556303	11.867199	1
28812	C17orf75	0.12164906	0.0	-10.249695	9.472231	1
28822	MYO1D	0.14661704	0.0	-10.518821	10.970638	1
28831	TMEM98	0.55174696	0.0	-12.430053	41.906036	1
28866	RFFL	0.06192784	0.0	-9.2767725	5.1793942	1
28928	ZNHIT3	0.30498698	0.0	-11.575005	22.542257	1
28929	MYO19	0.059233576	0.0	-9.212705	5.171102	1
28940	AATF	0.1479707	0.0	-10.53207	11.111467	1
28948	TADA2A	0.08183977	0.0	-9.67842	6.209188	1
28950	DUSP14	0.09324104	0.0	-9.866367	6.9585013	1
28951	SYNRG	0.20497163	0.0	-11.001912	15.427774	1
28967	ARHGAP23	0.06934635	0.0	-9.439755	5.6298904	1
28976	CISD3	0.15054859	0.0	-10.556972	11.248079	1
28977	PCGF2	0.21476799	0.0	-11.069235	16.34186	1
28980	PIP4K2B	0.15679662	0.0	-10.615599	12.090996	1
28987	LINC00672	0.12095285	0.0	-10.241422	8.356852	1
28991	PLXDC1	0.10812528	0.0	-10.079822	7.2668138	1
28998	FBXL20	0.1350561	0.0	-10.400411	9.612325	1
29006	STARD3	0.11555977	0.0	-10.175672	8.841944	1
29010	ERBB2	0.085915804	0.0	-9.748458	7.0545382	1
29020	PSMD3	0.24851167	0.0	-11.279678	19.037054	1
29023	MED24	0.06651077	0.0	-9.379612	5.3723783	1
29024	THRA	0.23857565	0.0	-11.220836	16.53064	1
29027	CASC3	0.25131667	0.0	-11.295865	18.168142	1
29029	WIPF2	0.20074531	0.0	-10.971869	15.486715	1
29031	RARA	0.22346641	0.0	-11.126488	16.603443	1
29116	JUP	0.18671885	0.0	-10.867424	14.251062	1
29117	P3H4	0.5274872	0.0	-12.365194	41.087353	1
29119	NT5C3B	0.19800913	0.0	-10.95208	14.730262	1
29123	ACLY	0.18785036	0.0	-10.876136	14.510132	1
29128	NKIRAS2	0.23939604	0.0	-11.225786	17.198656	1
29139	STAT5B	0.090902604	0.0	-9.829764	6.845737	1
29149	NAGLU	0.14279664	0.0	-10.480757	10.88166	1
29156	RETREG3	0.08944597	0.0	-9.806485	7.5801105	1
29158	TUBG2	0.064024866	0.0	-9.32474	5.4906807	1
29162	CNTNAP1	0.18862036	0.0	-10.882034	14.0303955	1
29167	RAMP2	0.70307165	0.0	-12.779661	44.55244	1
29172	BECN1	0.12501712	0.0	-10.289063	10.276679	1
29173	PSME3	0.10297749	0.0	-10.009514	8.519454	1
29178	AARSD1	0.13350314	0.0	-10.3837385	10.698827	1
29180	RUNDC1	0.10405667	0.0	-10.02454	8.485033	1
29187	AC060780.1	0.0672214	0.0	-9.394921	5.9140077	1
29189	TMEM106A	0.07465584	0.0	-9.546042	5.9499097	1
29192	ARL4D	0.5190692	0.0	-12.3419895	33.411564	1
29194	DHX8	0.101955645	0.0	-9.99514	7.5789905	1
29195	ETV4	0.14481091	0.0	-10.500951	11.203895	1
29204	MPP2	0.077971935	0.0	-9.608661	6.1426334	1
29212	TMEM101	0.22636276	0.0	-11.145059	17.208092	1
29214	G6PC3	0.2553925	0.0	-11.319065	19.912144	1
29215	HDAC5	0.18786095	0.0	-10.876218	13.576628	1
29220	TMUB2	0.13711542	0.0	-10.422227	10.358047	1
29221	ATXN7L3	0.10507001	0.0	-10.038507	8.483743	1
29229	SLC25A39	0.32738468	0.0	-11.677212	24.780115	1
29232	FAM171A2	0.08754345	0.0	-9.775502	6.6937838	1
29234	GPATCH8	0.24141645	0.0	-11.2379055	18.344412	1
29236	FZD2	0.15069878	0.0	-10.558409	11.79952	1
29239	CCDC43	0.1456036	0.0	-10.508821	11.092015	1
29245	GJC1	0.14083096	0.0	-10.4607725	9.962457	1
29255	DCAKD	0.077133596	0.0	-9.593084	6.8739314	1
29256	NMT1	0.1996926	0.0	-10.964288	15.447398	1
29300	GOSR2	0.19936056	0.0	-10.961887	15.448004	1
29302	AC005670.3	0.14252526	0.0	-10.478014	10.867847	1
29306	MYL4	0.20972691	0.0	-11.034985	14.552182	1
29307	ITGB3	0.098391235	0.0	-9.943851	8.365889	1
29319	MRPL10	0.2702197	0.0	-11.400451	19.549086	1
29321	SCRN2	0.11768911	0.0	-10.20199	9.7035885	1
29322	SP6	0.07382062	0.0	-9.529833	5.2443547	1
29334	COPZ2	0.1958142	0.0	-10.936007	13.99112	1
29348	HOXB-AS1	0.069489375	0.0	-9.442723	6.052887	1
29356	HOXB7	0.13945411	0.0	-10.446609	10.0190115	1
29360	AC103702.2	0.08653735	0.0	-9.758845	6.791286	1
29369	UBE2Z	0.3555191	0.0	-11.796117	28.612442	1
29370	SNF8	0.58140826	0.0	-12.505584	44.251408	1
29388	NGFR	0.18597881	0.0	-10.861698	10.951038	1
29393	SLC35B1	0.25267804	0.0	-11.303656	18.989632	1
29396	KAT7	0.1661727	0.0	-10.699336	13.03186	1
29408	PDK2	0.093889065	0.0	-9.876349	8.085002	1
29422	XYLT2	0.07650799	0.0	-9.581351	6.4022274	1
29430	RSAD1	0.079653166	0.0	-9.639398	5.6701264	1
29448	TOB1	0.12147958	0.0	-10.247685	9.076914	1
29457	MBTD1	0.07560128	0.0	-9.564174	5.6924386	1
29459	UTP18	0.22652797	0.0	-11.146111	17.161268	1
29474	STXBP4	0.071895115	0.0	-9.4917555	5.224253	1
29478	MMD	0.059502084	0.0	-9.219219	5.322295	1
29481	PCTP	0.07464723	0.0	-9.5458765	6.151621	1
29488	TRIM25	0.09023576	0.0	-9.819154	6.9858756	1
29491	COIL	0.2455581	0.0	-11.262436	18.357405	1
29493	SCPEP1	0.464539	0.0	-12.181894	33.67467	1
29506	CUEDC1	0.08262785	0.0	-9.692229	6.661243	1
29509	VEZF1	0.20156604	0.0	-10.977753	13.796421	1
29510	AC015813.1	0.05937624	0.0	-9.216169	5.249306	1
29511	SRSF1	0.3306029	0.0	-11.69132	24.718058	1
29530	MTMR4	0.1301928	0.0	-10.347542	10.354656	1
29532	SEPTIN4	0.08957356	0.0	-9.808538	7.8114104	1
29546	YPEL2	0.077238806	0.0	-9.595049	5.833878	1
29550	AC091271.1	0.08144567	0.0	-9.671465	6.403018	1
29552	PTRH2	0.15212569	0.0	-10.571996	11.073351	1
29556	RPS6KB1	0.11457019	0.0	-10.163275	8.81505	1
29557	RNFT1	0.062188283	0.0	-9.282817	5.526625	1
29560	HEATR6	0.10927949	0.0	-10.095127	8.8437195	1
29566	USP32	0.09409405	0.0	-9.879492	7.942938	1
29568	APPBP2	0.21886227	0.0	-11.096467	16.880075	1
29571	PPM1D	0.06133486	0.0	-9.262914	5.324388	1
29579	TBX2-AS1	0.10273561	0.0	-10.0061245	8.469289	1
29580	TBX2	0.44060785	0.0	-12.105607	30.774328	1
29591	TLK2	0.18642297	0.0	-10.865138	13.956528	1
29595	MRC2	1.3216441	0.0	-13.690155	44.55244	1
29614	MAP3K3	0.0788393	0.0	-9.6246	6.1273937	1
29615	STRADA	0.08817647	0.0	-9.785885	7.921142	1
29619	FTSJ3	0.058604665	0.0	-9.197331	5.119223	1
29621	SMARCD2	0.09465974	0.0	-9.88813	7.8402805	1
29639	POLG2	0.09196299	0.0	-9.8464775	7.42669	1
29641	CEP95	0.21513577	0.0	-11.071702	15.192109	1
29649	RGS9	0.16574799	0.0	-10.695645	13.12109	1
29652	CEP112	0.06970635	0.0	-9.447214	5.6868525	1
29654	PRKCA	0.09685486	0.0	-9.921169	7.7202044	1
29662	HELZ	0.25585175	0.0	-11.321656	17.869625	1
29673	C17orf58	0.24963799	0.0	-11.2862	19.54759	1
29676	AC005332.6	0.065040804	0.0	-9.347418	5.904341	1
29683	AMZ2	0.14169674	0.0	-10.469608	10.702426	1
29684	ARSG	0.085511535	0.0	-9.741661	7.0920105	1
29687	WIPI1	0.27381435	0.0	-11.419509	19.313786	1
29693	ABCA8	0.15122712	0.0	-10.563455	10.950801	1
29699	ABCA5	0.09314219	0.0	-9.86484	7.859728	1
29717	SOX9-AS1	0.1316395	0.0	-10.363472	9.077783	1
29719	SOX9	0.60520434	0.0	-12.563445	37.48018	1
29720	LINC00511	0.09426349	0.0	-9.882085	7.0770392	1
29727	COG1	0.086568125	0.0	-9.759357	6.9212594	1
29729	FAM104A	0.19603977	0.0	-10.937666	15.891257	1
29730	C17orf80	0.098604	0.0	-9.946965	7.8897643	1
29755	GPRC5C	0.47421822	0.0	-12.211639	30.618174	1
29767	SLC9A3R1	0.08934901	0.0	-9.804922	7.456787	1
29771	FDXR	0.07939695	0.0	-9.634756	6.3940434	1
29779	MRPL58	0.17210779	0.0	-10.749935	13.643827	1
29780	KCTD2	0.07538763	0.0	-9.560097	6.3767877	1
29799	TMEM94	0.056951728	0.0	-9.156127	5.0846577	1
29813	UNK	0.07181542	0.0	-9.490157	6.030301	1
29816	WBP2	0.35128415	0.0	-11.778833	26.968128	1
29817	TRIM47	0.06831761	0.0	-9.418224	5.5738125	1
29819	TRIM65	0.063220575	0.0	-9.306531	5.81371	1
29821	MRPL38	0.15068004	0.0	-10.558229	11.999965	1
29823	ACOX1	0.067545176	0.0	-9.401843	5.7927246	1
29825	TEN1	0.064734906	0.0	-9.340627	5.0973024	1
29837	PRPSAP1	0.14444639	0.0	-10.497317	9.956739	1
29839	UBE2O	0.10186439	0.0	-9.99385	7.779605	1
29842	CYGB	0.3349694	0.0	-11.710244	22.7762	1
29843	PRCD	0.06812481	0.0	-9.414153	5.637533	1
29856	JMJD6	0.13308078	0.0	-10.37917	9.372786	1
29857	METTL23	0.2912287	0.0	-11.508432	22.06085	1
29859	MFSD11	0.109982006	0.0	-10.104363	8.644361	1
29867	SEC14L1	0.2618328	0.0	-11.354981	18.949757	1
29884	TMC6	0.07934942	0.0	-9.633893	6.582865	1
29889	AFMID	0.11011583	0.0	-10.106115	7.938008	1
29895	SOCS3	0.11252134	0.0	-10.137264	7.3880095	1
29909	CANT1	0.16263953	0.0	-10.668349	12.399396	1
29911	C1QTNF1	0.09606853	0.0	-9.909421	7.681053	1
29922	CBX4	0.13384873	0.0	-10.3874655	10.370184	1
29926	TBC1D16	0.12655608	0.0	-10.306701	10.212174	1
29931	GAA	0.23186414	0.0	-11.179687	17.458096	1
29936	SGSH	0.06288622	0.0	-9.298893	5.4930086	1
29937	SLC26A11	0.07749911	0.0	-9.599896	6.1136246	1
29942	ENDOV	0.2695403	0.0	-11.39682	20.930866	1
29951	CHMP6	0.081220515	0.0	-9.667476	6.595672	1
29964	NDUFAF8	0.39771557	0.0	-11.957884	31.788916	1
29965	SLC38A10	0.081486754	0.0	-9.672192	6.76342	1
29984	OXLD1	0.1643355	0.0	-10.683307	12.587523	1
29987	HGS	0.14120032	0.0	-10.464549	10.94713	1
29995	P4HB	2.1242652	0.94543856	-1.1678234	5.2901607	1
30003	NPB	0.06866088	0.0	-9.425445	5.487923	1
30009	PYCR1	0.22733271	0.0	-11.151224	16.151617	1
30015	ASPSCR1	0.16552128	0.0	-10.693672	13.002572	1
30018	RAC3	0.4580777	0.0	-12.161692	33.289112	1
30019	DCXR	0.31095704	0.0	-11.602963	23.232069	1
30021	RFNG	0.22456752	0.0	-11.133575	16.68527	1
30022	GPS1	0.13817708	0.0	-10.433347	10.335572	1
30023	DUS1L	0.11190566	0.0	-10.129355	9.054635	1
30040	OGFOD3	0.19900614	0.0	-10.959322	14.214253	1
30042	HEXD	0.068436	0.0	-9.420718	5.655835	1
30044	CYBC1	0.10382707	0.0	-10.021356	8.090339	1
30047	NARF	0.4665292	0.0	-12.188061	35.220978	1
30050	FOXK2	0.1412065	0.0	-10.464612	11.585134	1
30061	TBCD	0.07949203	0.0	-9.63648	6.2842355	1
30067	METRNL	0.24951401	0.0	-11.285483	17.92174	1
30077	THOC1	0.14332795	0.0	-10.486111	11.044285	1
30088	TYMS	0.25420436	0.0	-11.312341	15.29972	1
30089	ENOSF1	0.11822981	0.0	-10.208598	8.8135605	1
30091	YES1	0.26048386	0.0	-11.347532	18.490273	1
30108	METTL4	0.07154754	0.0	-9.484774	5.76499	1
30148	EPB41L3	0.11401686	0.0	-10.156297	8.8078165	1
30163	ARHGAP28	0.10603778	0.0	-10.051723	7.7051535	1
30172	PTPRM	0.20908265	0.0	-11.030547	15.106315	1
30181	RAB12	0.08083717	0.0	-9.660659	6.444897	1
30188	NDUFV2	0.8459452	0.0	-13.046519	44.55244	1
30194	TWSG1	0.13244994	0.0	-10.37232	10.947517	1
30221	PIEZO2	0.21745993	0.0	-11.087197	13.667721	1
30235	CHMP1B	0.17467606	0.0	-10.771292	13.87639	1
30238	MPPE1	0.11969204	0.0	-10.226316	9.7556505	1
30262	SEH1L	0.08969127	0.0	-9.8104315	6.859244	1
30264	CEP192	0.1052755	0.0	-10.041324	8.510295	1
30307	ESCO1	0.2526888	0.0	-11.303717	18.140327	1
30333	NPC1	0.07349395	0.0	-9.523443	5.8499923	1
30346	IMPACT	0.19435287	0.0	-10.925205	15.850827	1
30356	ZNF521	0.12541075	0.0	-10.293595	8.874977	1
30379	CDH2	1.5044626	0.0	-13.877056	44.55244	1
30390	DSC2	0.20124453	0.0	-10.9754505	13.504773	1
30427	ASXL3	0.076894276	0.0	-9.588608	6.2795663	1
30431	DTNA	0.08180303	0.0	-9.677773	6.7647915	1
30434	MAPRE2	0.129646	0.0	-10.341475	10.789088	1
30436	ZNF397	0.22011386	0.0	-11.10469	15.7639065	1
30445	INO80C	0.11032571	0.0	-10.10886	8.937662	1
30450	C18orf21	0.19043697	0.0	-10.895855	14.429557	1
30451	RPRD1A	0.16133632	0.0	-10.65675	12.099151	1
30453	ELP2	0.19446269	0.0	-10.92602	14.183609	1
30459	TPGS2	0.44267723	0.0	-12.112366	33.452457	1
30460	KIAA1328	0.092398755	0.0	-9.853291	6.557056	1
30485	SYT4	0.14792739	0.0	-10.531649	6.847943	1
30489	SETBP1	0.103248574	0.0	-10.013303	7.118824	1
30503	ATP5F1A	1.0428154	0.0	-13.348334	44.55244	1
30505	C18orf25	0.07162226	0.0	-9.486278	6.3372607	1
30506	RNF165	0.08140007	0.0	-9.670657	6.5308146	1
30512	PIAS2	0.22658104	0.0	-11.146448	16.345243	1
30520	HDHD2	0.15696763	0.0	-10.61717	11.877507	1
30526	SMAD2	0.40032598	0.0	-11.9673195	28.18156	1
30533	SMAD7	0.40500218	0.0	-11.98407	29.332214	1
30536	DYM	0.14255886	0.0	-10.4783535	11.470176	1
30541	C18orf32	0.8138508	0.0	-12.9907255	44.55244	1
30561	ME2	0.15103377	0.0	-10.56161	10.678647	1
30574	POLI	0.09733495	0.0	-9.928295	7.865236	1
30578	RAB27B	0.231122	0.0	-11.175063	16.4236	1
30581	CCDC68	0.5788719	0.0	-12.499278	39.058323	1
30637	SEC11C	0.13921545	0.0	-10.4441395	10.72031	1
30643	CCBE1	0.30503726	0.0	-11.575243	18.388363	1
30663	PIGN	0.08866298	0.0	-9.793815	7.036067	1
30669	ZCCHC2	0.08833986	0.0	-9.788553	6.5700436	1
30672	BCL2	0.087712616	0.0	-9.778284	7.0416	1
30702	CDH19	0.21805938	0.0	-11.0911665	13.143134	1
30715	CCDC102B	0.23841213	0.0	-11.219847	16.628704	1
30723	DOK6	0.07457446	0.0	-9.544471	6.5765634	1
30729	SOCS6	0.101804614	0.0	-9.993004	7.5936236	1
30760	CNDP2	0.08633848	0.0	-9.75553	6.522033	1
30769	ZADH2	0.12529698	0.0	-10.292287	9.972634	1
30770	TSHZ1	0.10078228	0.0	-9.978457	7.41518	1
30790	ZNF516	0.0777734	0.0	-9.604987	6.1634035	1
30800	ZNF236	0.088044986	0.0	-9.783734	6.943092	1
30822	ATP9B	0.060323566	0.0	-9.238968	5.3840938	1
30827	NFATC1	0.21166703	0.0	-11.048263	14.299491	1
30841	SLC66A2	0.10598586	0.0	-10.051017	9.165452	1
30848	ADNP2	0.10267978	0.0	-10.005341	8.592409	1
30850	PARD6G	0.09337714	0.0	-9.86847	7.726969	1
30866	SHC2	0.24533989	0.0	-11.261154	18.920946	1
30870	TPGS1	0.2983673	0.0	-11.543357	22.900463	1
30881	FSTL3	0.06736574	0.0	-9.398011	5.354189	1
30883	PALM	0.10433271	0.0	-10.0283575	8.210943	1
30888	PLPPR3	0.09350639	0.0	-9.870463	7.302147	1
30893	MED16	0.109160885	0.0	-10.093561	8.340468	1
30894	R3HDM4	0.082406186	0.0	-9.688358	6.571932	1
30896	ARID3A	0.31952366	0.0	-11.6421585	22.77961	1
30899	WDR18	0.097539485	0.0	-9.931321	8.445578	1
30902	TMEM259	0.27506867	0.0	-11.426101	19.989265	1
30904	CNN2	0.26186973	0.0	-11.355185	20.056566	1
30909	SBNO2	0.05938228	0.0	-9.216316	5.6100245	1
30910	STK11	0.15714936	0.0	-10.618838	12.658671	1
30913	ATP5F1D	1.1780539	0.0	-13.5242405	44.55244	1
30917	FAM174C	0.34892008	0.0	-11.769094	26.897018	1
30918	EFNA2	0.0592555	0.0	-9.213238	5.547774	1
30920	PWWP3A	0.20204821	0.0	-10.981197	15.391089	1
30925	GAMT	0.3122527	0.0	-11.60896	24.353554	1
30937	MEX3D	0.14694324	0.0	-10.522025	10.062304	1
30944	REXO1	0.0891763	0.0	-9.802134	7.577269	1
30952	ABHD17A	0.5068607	0.0	-12.307658	39.02902	1
30953	SCAMP4	0.08894742	0.0	-9.79843	6.4895144	1
30957	BTBD2	0.18255673	0.0	-10.834919	13.315402	1
30960	MOB3A	0.06827976	0.0	-9.417425	6.3061466	1
30962	AP3D1	0.41769716	0.0	-12.028587	30.81794	1
30963	DOT1L	0.07369153	0.0	-9.527311	6.041651	1
30965	PLEKHJ1	0.27257875	0.0	-11.412987	21.315073	1
30966	SF3A2	0.14889263	0.0	-10.541025	10.965652	1
30975	SPPL2B	0.065443315	0.0	-9.356305	5.951762	1
30978	LMNB2	0.09169676	0.0	-9.842299	7.7288575	1
30980	GADD45B	0.13744724	0.0	-10.425712	9.955794	1
30981	GNG7	0.10333979	0.0	-10.014576	8.191531	1
30989	SLC39A3	0.13549292	0.0	-10.4050665	10.863231	1
30990	SGTA	0.15977478	0.0	-10.642727	11.46954	1
30993	ZNF555	0.056048788	0.0	-9.133111	5.2173347	1
31001	TLE2	0.13928011	0.0	-10.444809	10.623132	1
31004	GNA11	0.12384964	0.0	-10.275538	10.627269	1
31017	FZR1	0.060133327	0.0	-9.234418	5.6359105	1
31018	MFSD12	0.09760511	0.0	-9.93229	8.015471	1
31022	HMG20B	0.32103002	0.0	-11.648942	24.02504	1
31027	PIP5K1C	0.11271075	0.0	-10.1396885	8.726423	1
31033	MRPL54	0.3308276	0.0	-11.6923	25.130033	1
31037	ATCAY	0.06322863	0.0	-9.306714	5.09366	1
31041	PIAS4	0.07809206	0.0	-9.610878	6.0195966	1
31042	ZBTB7A	0.19333981	0.0	-10.917669	14.815863	1
31046	SIRT6	0.084771276	0.0	-9.729133	6.8633375	1
31052	FSD1	0.06350908	0.0	-9.313089	5.3441086	1
31058	SH3GL1	0.31387115	0.0	-11.616416	24.718624	1
31074	DPP9	0.07624806	0.0	-9.5764475	6.890634	1
31086	KDM4B	0.33906677	0.0	-11.727779	25.5972	1
31092	SAFB2	0.25176388	0.0	-11.298429	19.245865	1
31096	HSD11B1L	0.107402466	0.0	-10.070154	9.075529	1
31097	LONP1	0.23221464	0.0	-11.181865	18.66628	1
31111	RANBP3	0.07175661	0.0	-9.488977	5.391967	1
31117	MLLT1	0.1671919	0.0	-10.708152	12.533553	1
31124	GTF2F1	0.4172947	0.0	-12.027197	31.679483	1
31128	SLC25A23	0.16619216	0.0	-10.699505	12.966856	1
31152	ZNF557	0.0575678	0.0	-9.171622	5.005528	1
31153	INSR	0.1263199	0.0	-10.304008	9.253872	1
31161	MCOLN1	0.09298778	0.0	-9.862448	7.279264	1
31183	TGFBR3L	0.06096309	0.0	-9.254157	5.4032397	1
31186	CTXN1	0.07734918	0.0	-9.597106	6.3836355	1
31190	ELAVL1	0.37720233	0.0	-11.881505	27.502167	1
31195	CERS4	0.07592053	0.0	-9.570246	5.489888	1
31197	CD320	0.3590065	0.0	-11.810196	26.081623	1
31204	MARCH2	0.08226365	0.0	-9.685864	6.814656	1
31208	ZNF414	0.073190585	0.0	-9.517484	5.650437	1
31211	ADAMTS10	0.071112156	0.0	-9.47598	5.519593	1
31241	ZNF121	0.060538992	0.0	-9.2441025	5.2872615	1
31242	ZNF561	0.09237438	0.0	-9.85291	7.7137585	1
31243	ZNF561-AS1	0.07989799	0.0	-9.64382	6.0778	1
31244	ZNF562	0.08467153	0.0	-9.727436	6.7111115	1
31249	FBXL12	0.16919631	0.0	-10.725335	12.45833	1
31252	PIN1	0.48912793	0.0	-12.256291	36.594032	1
31253	OLFM2	0.19796573	0.0	-10.951763	12.063687	1
31257	SHFL	0.17309737	0.0	-10.758202	12.244812	1
31259	ANGPTL6	0.06624506	0.0	-9.373845	5.053357	1
31273	FDX2	0.08005197	0.0	-9.646594	6.305091	1
31276	ICAM3	0.09908019	0.0	-9.953908	7.870443	1
31277	TYK2	0.073386334	0.0	-9.521332	6.0917964	1
31278	CDC37	0.49355358	0.0	-12.269283	36.3817	1
31280	KEAP1	0.1245736	0.0	-10.28394	9.880998	1
31284	KRI1	0.08472326	0.0	-9.728316	6.3739343	1
31285	CDKN2D	0.19781585	0.0	-10.950671	13.472677	1
31291	DNM2	0.12739222	0.0	-10.316194	10.352373	1
31294	CARM1	0.13852146	0.0	-10.436935	11.103827	1
31296	TIMM29	0.09519786	0.0	-9.8963	7.6182303	1
31297	SMARCA4	0.39628574	0.0	-11.952689	29.134052	1
31299	LDLR	0.124230266	0.0	-10.279962	8.62949	1
31311	CCDC159	0.07062153	0.0	-9.466005	5.6790175	1
31312	PLPPR2	0.09506163	0.0	-9.894237	8.358555	1
31315	EPOR	0.14474528	0.0	-10.500297	11.454702	1
31318	PRKCSH	0.6056499	0.0	-12.564507	44.55244	1
31321	ECSIT	0.08362178	0.0	-9.709459	7.042669	1
31322	CNN1	0.10061158	0.0	-9.976014	7.775285	1
31344	ZNF625	0.06853351	0.0	-9.42277	5.700617	1
31345	ZNF136	0.07403443	0.0	-9.534	6.213311	1
31358	MAN2B1	0.12964594	0.0	-10.341474	10.342205	1
31359	WDR83	0.0648158	0.0	-9.342426	5.096965	1
31367	TNPO2	0.062826104	0.0	-9.297515	5.3466353	1
31372	HOOK2	0.1586983	0.0	-10.63298	11.757625	1
31382	DNASE2	0.28864145	0.0	-11.495563	21.337252	1
31387	FARSA	0.11693094	0.0	-10.192675	8.782143	1
31390	AC092069.1	0.060156938	0.0	-9.234983	5.30752	1
31394	NFIX	0.09802773	0.0	-9.938517	7.720054	1
31399	NACC1	0.09096329	0.0	-9.830726	7.7141705	1
31408	MRI1	0.09086055	0.0	-9.829097	7.588339	1
31413	AC020916.1	0.21168484	0.0	-11.048384	14.344372	1
31416	CC2D1A	0.08342795	0.0	-9.706116	6.9563537	1
31418	DCAF15	0.07425661	0.0	-9.538318	6.0657444	1
31419	RFX1	0.10580402	0.0	-10.048542	8.573175	1
31423	IL27RA	0.124209926	0.0	-10.279726	9.678876	1
31428	PRKACA	0.15821047	0.0	-10.628541	13.648026	1
31432	ADGRL1	0.067094944	0.0	-9.392209	5.3847594	1
31440	DDX39A	0.090638496	0.0	-9.825571	6.6975846	1
31441	PKN1	0.2830022	0.0	-11.467107	21.577604	1
31444	GIPC1	0.27771294	0.0	-11.4398985	20.747938	1
31445	DNAJB1	0.1875337	0.0	-10.873703	15.099798	1
31446	TECR	0.26682004	0.0	-11.382192	20.563341	1
31461	SYDE1	0.093534164	0.0	-9.870892	7.411227	1
31464	NOTCH3	0.1890472	0.0	-10.885294	13.749389	1
31469	AKAP8	0.09827484	0.0	-9.942145	8.189465	1
31471	AKAP8L	0.33492735	0.0	-11.710063	24.45593	1
31472	WIZ	0.10163039	0.0	-9.990535	8.811474	1
31502	AP1M1	0.18071727	0.0	-10.820317	14.420064	1
31512	SLC35E1	0.32963377	0.0	-11.687086	25.677357	1
31520	SMIM7	0.5221326	0.0	-12.350477	39.687355	1
31526	SIN3B	0.16290541	0.0	-10.670704	12.782084	1
31540	NR2F6	0.555319	0.0	-12.439361	40.542435	1
31542	BABAM1	0.2869263	0.0	-11.486967	22.962591	1
31547	DDA1	0.22626916	0.0	-11.144462	18.345911	1
31549	GTPBP3	0.07986871	0.0	-9.643291	6.9077754	1
31553	BST2	0.73332214	0.0	-12.840428	44.55244	1
31555	MVB12A	0.26918605	0.0	-11.394924	19.783148	1
31569	MAP1S	0.12328729	0.0	-10.268978	9.82623	1
31583	PIK3R2	0.10088775	0.0	-9.979964	8.331212	1
31593	PGPEP1	0.11682584	0.0	-10.191379	9.546816	1
31596	SSBP4	0.3376031	0.0	-11.7215395	25.616644	1
31601	FKBP8	0.68582433	0.0	-12.743834	44.55244	1
31618	DDX49	0.117828816	0.0	-10.203701	9.317428	1
31621	SUGP2	0.23370458	0.0	-11.191088	17.383484	1
31626	BORCS8	0.07149386	0.0	-9.483692	6.2670884	1
31627	RFXANK	0.16657357	0.0	-10.702809	12.316702	1
31632	SUGP1	0.07106297	0.0	-9.474983	5.797156	1
31633	MAU2	0.096007474	0.0	-9.9085045	7.8502984	1
31650	ZNF506	0.15560453	0.0	-10.604595	11.779444	1
31652	ZNF253	0.072742365	0.0	-9.508634	5.8476415	1
31654	ZNF93	0.06957334	0.0	-9.444463	5.510659	1
31660	ZNF737	0.07670995	0.0	-9.58515	5.854303	1
31662	ZNF626	0.19049016	0.0	-10.896258	13.870117	1
31667	ZNF430	0.0853023	0.0	-9.7381315	7.1093698	1
31668	ZNF714	0.074161835	0.0	-9.536477	6.3769846	1
31669	ZNF431	0.16717726	0.0	-10.708026	12.122896	1
31681	ZNF43	0.12525968	0.0	-10.291858	9.213351	1
31709	ZNF91	0.2481239	0.0	-11.277427	18.320877	1
31712	ZNF675	0.0801953	0.0	-9.649172	6.3247266	1
31720	ZNF254	0.18141384	0.0	-10.825864	14.687808	1
31723	LINC00662	0.15795313	0.0	-10.626194	11.2908	1
31756	C19orf12	0.1058929	0.0	-10.049752	8.432468	1
31771	TSHZ3	0.10947469	0.0	-10.097699	8.355337	1
31784	ZNF507	0.062123112	0.0	-9.281307	5.120279	1
31786	DPY19L3	0.124323145	0.0	-10.281039	9.63767	1
31821	KIAA0355	0.18357544	0.0	-10.842943	14.855512	1
31823	GPI	0.9078071	0.0	-13.148329	44.55244	1
31827	WTIP	0.08551641	0.0	-9.741743	6.9153347	1
31831	ZNF302	0.28741953	0.0	-11.489444	21.714502	1
31833	ZNF181	0.06956284	0.0	-9.444245	5.3593855	1
31844	GRAMD1A	0.22838564	0.0	-11.157887	17.520912	1
31853	FXYD1	0.08463201	0.0	-9.726764	6.8921795	1
31860	USF2	0.1903112	0.0	-10.894902	14.678156	1
31873	DMKN	0.11109107	0.0	-10.118825	7.231516	1
31890	KMT2B	0.28454506	0.0	-11.474948	21.666622	1
31892	U2AF1L4	0.06639521	0.0	-9.377107	5.3962555	1
31904	APLP1	0.11320566	0.0	-10.146005	8.723923	1
31911	SDHAF1	0.11271908	0.0	-10.139795	8.835008	1
31915	CLIP3	0.11802809	0.0	-10.206137	9.203283	1
31916	THAP8	0.1115528	0.0	-10.124804	8.8973255	1
31919	POLR2I	0.49324545	0.0	-12.268382	34.76725	1
31927	LINC00665	0.09381456	0.0	-9.875205	7.803205	1
31928	ZFP14	0.08583978	0.0	-9.747182	7.0782766	1
31932	ZNF566	0.090307884	0.0	-9.820305	7.076025	1
31934	ZNF260	0.13174896	0.0	-10.364671	9.807435	1
31936	ZNF529	0.06630126	0.0	-9.375067	5.957974	1
31937	ZNF529-AS1	0.08757103	0.0	-9.775956	6.997357	1
31942	ZNF567	0.09284744	0.0	-9.860271	7.0716763	1
31947	ZNF790	0.07344112	0.0	-9.522408	5.6275134	1
31969	ZNF793	0.07412257	0.0	-9.535714	5.598492	1
31987	SPINT2	0.14430043	0.0	-10.495859	9.304168	1
31988	PPP1R14A	0.18937422	0.0	-10.887786	13.075674	1
31990	YIF1B	0.13829477	0.0	-10.434574	11.336052	1
31992	KCNK6	0.10155979	0.0	-9.989533	7.650942	1
31999	FAM98C	0.13373429	0.0	-10.386232	10.030851	1
32006	EIF3K	1.1677252	0.0	-13.511537	44.55244	1
32020	SIRT2	0.17039739	0.0	-10.735534	12.936397	1
32021	NFKBIB	0.085774004	0.0	-9.746078	6.5156927	1
32026	FBXO17	0.30218318	0.0	-11.561685	22.39759	1
32040	GMFG	0.07356442	0.0	-9.524824	5.765492	1
32045	ZFP36	0.2518748	0.0	-11.299064	17.727121	1
32046	PLEKHG2	0.12650119	0.0	-10.306075	10.012385	1
32052	EID2B	0.08277991	0.0	-9.694879	6.279465	1
32054	EID2	0.08980169	0.0	-9.812204	7.202789	1
32061	DYRK1B	0.0661346	0.0	-9.371441	5.4370465	1
32067	ZNF780A	0.057508398	0.0	-9.1701355	5.076929	1
32084	SHKBP1	0.08612829	0.0	-9.752017	7.189319	1
32085	LTBP4	0.48354647	0.0	-12.2397375	35.113323	1
32086	NUMBL	0.13569492	0.0	-10.407214	10.647697	1
32090	SNRPA	0.16088255	0.0	-10.652689	12.4803295	1
32094	EGLN2	0.21880865	0.0	-11.096113	17.405844	1
32103	AXL	0.16118845	0.0	-10.655428	11.533216	1
32109	TMEM91	0.13328043	0.0	-10.381331	10.147322	1
32146	GSK3A	0.1462508	0.0	-10.515215	12.813349	1
32147	ERF	0.08783657	0.0	-9.780319	7.018916	1
32148	CIC	0.15380643	0.0	-10.587838	12.031457	1
32152	MEGF8	0.14272875	0.0	-10.480071	11.9290695	1
32178	PHLDB3	0.06807011	0.0	-9.412995	5.3436694	1
32189	CADM4	0.07182471	0.0	-9.490344	5.9199886	1
32190	PLAUR	0.3995874	0.0	-11.964657	25.529106	1
32215	ZNF234	0.077083334	0.0	-9.592146	6.951515	1
32217	ZNF226	0.24342541	0.0	-11.249857	18.625807	1
32218	ZNF227	0.0855328	0.0	-9.74202	6.624925	1
32232	BCL3	0.14149289	0.0	-10.467533	10.469075	1
32235	BCAM	0.059974514	0.0	-9.230609	5.0832176	1
32236	NECTIN2	0.34547648	0.0	-11.754789	25.798658	1
32240	APOC1	0.10308353	0.0	-10.010997	7.7625875	1
32244	CLPTM1	0.14889891	0.0	-10.541086	12.094777	1
32245	RELB	0.09375163	0.0	-9.874238	7.275418	1
32246	CLASRP	0.07391505	0.0	-9.531675	6.0213575	1
32249	GEMIN7	0.108719975	0.0	-10.087728	8.276838	1
32250	MARK4	0.19279689	0.0	-10.913614	14.678176	1
32254	TRAPPC6A	0.13371709	0.0	-10.386046	10.235458	1
32260	PPP1R13L	0.08450136	0.0	-9.724537	6.318803	1
32263	FOSB	0.42567092	0.0	-12.055861	26.868782	1
32264	RTN2	0.12425733	0.0	-10.280276	9.614636	1
32267	OPA3	0.102799416	0.0	-10.007019	8.437491	1
32276	SIX5	0.073989734	0.0	-9.53313	5.5751977	1
32282	SYMPK	0.15788554	0.0	-10.625577	12.675213	1
32301	HIF3A	0.40829754	0.0	-11.995758	29.578417	1
32303	PPP5C	0.10981575	0.0	-10.102182	8.555752	1
32306	CCDC8	0.13464265	0.0	-10.395991	11.262185	1
32315	PTGIR	0.10671193	0.0	-10.060857	8.391809	1
32316	GNG8	0.1267822	0.0	-10.309274	8.9629	1
32320	STRN4	0.11825126	0.0	-10.208859	10.054698	1
32326	ARHGAP35	0.19188607	0.0	-10.906786	14.34638	1
32329	ZC3H4	0.058546502	0.0	-9.195901	5.1512346	1
32334	INAFM1	0.18169747	0.0	-10.828116	13.778122	1
32338	MEIS3	0.23289627	0.0	-11.186091	18.56235	1
32360	PLA2G4C	0.06359956	0.0	-9.31514	5.3922124	1
32362	LIG1	0.09163788	0.0	-9.841373	7.737654	1
32366	CARD8	0.09233496	0.0	-9.852295	7.3060513	1
32376	GRIN2D	0.08830814	0.0	-9.788035	7.1905556	1
32390	CA11	0.069621906	0.0	-9.445468	5.6207128	1
32411	GYS1	0.09955446	0.0	-9.960791	8.05719	1
32412	RUVBL2	0.10254544	0.0	-10.003454	8.740611	1
32426	LIN7B	0.08313397	0.0	-9.701029	7.323171	1
32429	HRC	0.14010768	0.0	-10.45335	9.870534	1
32434	TEAD2	0.13997261	0.0	-10.45196	11.311735	1
32448	RCN3	0.20942092	0.0	-11.032879	12.75616	1
32451	PRR12	0.10143591	0.0	-9.987774	8.21411	1
32455	IRF3	0.17205524	0.0	-10.749495	13.806863	1
32462	AP2A1	0.30613354	0.0	-11.580417	23.033346	1
32467	PTOV1	0.3274684	0.0	-11.677581	24.00241	1
32470	PNKP	0.16516818	0.0	-10.690594	13.135562	1
32471	AKT1S1	0.11435878	0.0	-10.160612	9.26478	1
32496	AC020909.2	0.4092991	0.0	-11.999292	29.487553	1
32497	JOSD2	0.28354374	0.0	-11.469864	21.26849	1
32499	LRRC4B	0.16194361	0.0	-10.662167	12.854073	1
32504	CLEC11A	0.93037426	0.0	-13.18375	44.55244	1
32531	CTU1	0.071108684	0.0	-9.475909	5.9331365	1
32539	IGLON5	0.099522516	0.0	-9.960328	8.046897	1
32589	ZNF766	0.19213082	0.0	-10.908624	14.625361	1
32618	ZNF160	0.2044241	0.0	-10.998055	14.539883	1
32620	ZNF347	0.06565936	0.0	-9.3610525	5.114788	1
32632	ZNF761	0.0681674	0.0	-9.415053	5.1795707	1
32634	ZNF331	0.062106453	0.0	-9.28092	5.2796764	1
32641	MYADM	0.4300867	0.0	-12.070747	32.002834	1
32645	CACNG8	0.11460464	0.0	-10.163708	9.325864	1
32650	NDUFA3	0.46414727	0.0	-12.180677	35.894924	1
32651	TFPT	0.08012012	0.0	-9.64782	6.6779814	1
32654	CNOT3	0.095624976	0.0	-9.902752	8.0251045	1
32655	LENG1	0.10714566	0.0	-10.066704	7.980671	1
32669	TTYH1	0.13692231	0.0	-10.420196	8.752936	1
32675	LENG8	0.19671273	0.0	-10.942608	15.28124	1
32676	LENG9	0.069924824	0.0	-9.451723	5.810821	1
32700	PPP1R12C	0.07356531	0.0	-9.524841	6.4009438	1
32711	PPP6R1	0.11480251	0.0	-10.166195	9.177879	1
32717	KMT5C	0.06399068	0.0	-9.323971	5.1858416	1
32727	ISOC2	0.3257642	0.0	-11.670055	23.399641	1
32732	SSC5D	0.07760352	0.0	-9.601836	6.330581	1
32735	ZNF579	0.16804688	0.0	-10.715507	12.930785	1
32737	ZNF524	0.06299523	0.0	-9.301388	5.504809	1
32743	CCDC106	0.10282357	0.0	-10.007358	7.577255	1
32747	EPN1	0.25676855	0.0	-11.326815	18.717724	1
32758	ZNF787	0.135301	0.0	-10.403023	10.519525	1
32759	ZNF444	0.086626	0.0	-9.760321	7.126927	1
32774	ZNF583	0.07674458	0.0	-9.5858	5.9790907	1
32775	ZNF667	0.07473264	0.0	-9.5475235	5.63612	1
32783	ZNF71	0.0855663	0.0	-9.742584	6.0519524	1
32793	ZNF264	0.08075867	0.0	-9.659259	6.700894	1
32798	ZNF460	0.071493134	0.0	-9.483678	6.076431	1
32799	AC005261.1	0.1771759	0.0	-10.79178	13.125867	1
32804	TRAPPC2B	0.21447337	0.0	-11.067255	16.444258	1
32807	ZNF749	0.07666911	0.0	-9.584382	6.790532	1
32814	ZNF549	0.06205624	0.0	-9.279756	5.411332	1
32819	ZNF134	0.0933606	0.0	-9.868215	7.462618	1
32824	ZNF154	0.10585127	0.0	-10.049185	7.9379325	1
32831	ZNF587	0.07783851	0.0	-9.606193	6.5990977	1
32837	ZNF606	0.05909683	0.0	-9.209376	5.022739	1
32838	AC008969.1	0.091519535	0.0	-9.839512	7.8057837	1
32853	A1BG	0.66245544	0.0	-12.693826	44.55244	1
32854	A1BG-AS1	0.065806076	0.0	-9.364267	5.4162364	1
32871	SLC27A5	0.08299407	0.0	-9.698602	6.376563	1
32878	MZF1	0.06322926	0.0	-9.306728	5.1641526	1
32887	C20orf96	0.14399576	0.0	-10.492812	11.312488	1
32891	SOX12	0.1586266	0.0	-10.632328	12.849616	1
32892	NRSN2	0.080155835	0.0	-9.648462	6.079933	1
32893	TRIB3	0.29483718	0.0	-11.526192	17.637024	1
32895	TBC1D20	0.19780095	0.0	-10.9505625	16.01456	1
32896	CSNK2A1	0.5934206	0.0	-12.535083	44.251408	1
32910	SDCBP2	0.09052767	0.0	-9.823808	7.377654	1
32935	NOP56	0.30477384	0.0	-11.573997	22.810627	1
32939	CPXM1	0.33352754	0.0	-11.704022	23.503565	1
32942	PCED1A	0.06988197	0.0	-9.45084	6.034415	1
32943	VPS16	0.0674779	0.0	-9.400408	5.5431294	1
32951	FASTKD5	0.062363245	0.0	-9.286863	5.081505	1
32957	C20orf194	0.10873948	0.0	-10.087986	8.554136	1
32958	ATRN	0.19584128	0.0	-10.936206	14.359729	1
32973	RNF24	0.49290916	0.0	-12.267399	33.55753	1
32975	SMOX	0.13195752	0.0	-10.366951	9.819562	1
32980	PRNP	0.18130453	0.0	-10.824995	13.317656	1
32992	CDS2	0.084157884	0.0	-9.718668	6.827922	1
33001	GPCPD1	0.25737286	0.0	-11.330205	19.09541	1
33014	BMP2	0.19121493	0.0	-10.901733	12.326433	1
33021	TMX4	0.33513752	0.0	-11.710968	23.745543	1
33037	SNAP25	0.07674718	0.0	-9.585849	6.3901167	1
33055	BTBD3	0.091671996	0.0	-9.84191	7.6260204	1
33069	ESF1	0.35568762	0.0	-11.796801	26.823347	1
33081	KIF16B	0.15823393	0.0	-10.628755	11.662564	1
33099	MGME1	0.1449548	0.0	-10.502382	10.703147	1
33111	SEC23B	0.0883694	0.0	-9.789035	6.730953	1
33112	SMIM26	0.65105975	0.0	-12.668796	44.55244	1
33126	RIN2	0.106441066	0.0	-10.057194	7.683661	1
33138	KIZ	0.115072094	0.0	-10.169576	8.469593	1
33142	XRN2	0.5332989	0.0	-12.381	42.337597	1
33173	GZF1	0.07119034	0.0	-9.477563	6.0912013	1
33183	CST3	1.6519393	0.94543856	-0.8050397	5.336939	1
33212	PYGB	0.13972865	0.0	-10.449445	10.897955	1
33215	ABHD12	0.12010286	0.0	-10.231256	9.444218	1
33217	NINL	0.081879735	0.0	-9.679124	6.716234	1
33246	HM13	0.50229156	0.0	-12.294597	37.616993	1
33252	ID1	0.75111824	0.0	-12.875016	43.21002	1
33257	TPX2	0.09948514	0.0	-9.959786	5.346921	1
33259	FOXS1	0.06767329	0.0	-9.404573	5.015198	1
33260	DUSP15	0.06982601	0.0	-9.449685	5.5333886	1
33268	TM9SF4	0.2825504	0.0	-11.464803	20.90311	1
33270	PLAGL2	0.063137956	0.0	-9.304647	5.5380716	1
33271	POFUT1	0.068901226	0.0	-9.430478	6.179022	1
33275	ASXL1	0.31340855	0.0	-11.614289	22.792496	1
33276	NOL4L	0.115229405	0.0	-10.171545	9.710795	1
33301	SNTA1	0.16834818	0.0	-10.718089	13.485935	1
33304	NECAB3	0.07721645	0.0	-9.594631	6.078765	1
33315	RALY	0.4808738	0.0	-12.231743	36.2187	1
33323	ITCH	0.21578383	0.0	-11.076039	16.901789	1
33329	PIGU	0.08861426	0.0	-9.793022	7.1579647	1
33334	ACSS2	0.070308544	0.0	-9.459607	5.6012444	1
33339	PROCR	0.12781315	0.0	-10.320949	9.122702	1
33341	MMP24OS	0.52311826	0.0	-12.353197	39.601093	1
33355	RBM12	0.11098657	0.0	-10.117469	9.305723	1
33360	SCAND1	0.7680578	0.0	-12.907187	44.55244	1
33373	TGIF2	0.0889567	0.0	-9.79858	6.944198	1
33388	SRC	0.07689243	0.0	-9.5885725	6.686979	1
33390	NNAT	0.15017225	0.0	-10.553363	10.917767	1
33431	MAFB	0.1793044	0.0	-10.809	12.928831	1
33436	PLCG1	0.114434995	0.0	-10.161572	9.567995	1
33438	LPIN3	0.06923723	0.0	-9.437487	5.252545	1
33440	CHD6	0.42836028	0.0	-12.064946	31.619148	1
33461	OSER1-DT	0.057058606	0.0	-9.158827	5.029688	1
33470	TTPAL	0.07698611	0.0	-9.590327	5.85371	1
33483	TOMM34	0.0714303	0.0	-9.48241	5.7989826	1
33485	STK4	0.25204754	0.0	-11.300053	18.772038	1
33495	SDC4	0.08339203	0.0	-9.705495	6.118282	1
33500	PIGT	0.37488168	0.0	-11.872604	29.120518	1
33502	WFDC2	0.08874884	0.0	-9.795209	5.974593	1
33515	DNTTIP1	0.14430661	0.0	-10.495921	11.68439	1
33518	SNX21	0.060996957	0.0	-9.254957	5.5511217	1
33519	ACOT8	0.08361587	0.0	-9.709357	6.558095	1
33534	CD40	0.06527021	0.0	-9.352489	5.5212154	1
33539	ELMO2	0.061032888	0.0	-9.255805	5.2253766	1
33544	TP53RK	0.1701431	0.0	-10.73338	13.556827	1
33546	SLC2A10	0.06699561	0.0	-9.390075	5.7212386	1
33554	NCOA3	0.10535125	0.0	-10.04236	8.700978	1
33576	ARFGEF2	0.08105329	0.0	-9.664506	6.676669	1
33578	CSE1L	0.10558671	0.0	-10.045578	8.39896	1
33585	B4GALT5	0.13944815	0.0	-10.4465475	10.386353	1
33592	TMEM189	0.08387701	0.0	-9.713851	7.079878	1
33601	PTPN1	0.18856916	0.0	-10.881643	14.841567	1
33607	ADNP	0.30101877	0.0	-11.556117	22.00209	1
33625	TSHZ2	0.1403311	0.0	-10.4556465	9.5906315	1
33633	ZNF217	0.19646515	0.0	-10.940792	14.399209	1
33643	DOK5	0.19149968	0.0	-10.903879	10.875423	1
33653	AURKA	0.07547744	0.0	-9.561812	5.550804	1
33671	RAE1	0.118955396	0.0	-10.217418	9.67005	1
33688	VAPB	0.21321292	0.0	-11.058756	16.93105	1
33694	NPEPL1	0.06086537	0.0	-9.251846	5.740708	1
33705	CTSZ	0.350854	0.0	-11.777066	25.195097	1
33708	PRELID3B	0.20373255	0.0	-10.993169	15.835155	1
33719	FAM217B	0.16011699	0.0	-10.645811	12.730365	1
33739	SS18L1	0.06509472	0.0	-9.348611	5.220222	1
33742	OSBPL2	0.1241536	0.0	-10.279072	8.950673	1
33743	ADRM1	0.29298767	0.0	-11.517117	20.43512	1
33771	MRGBP	0.21683455	0.0	-11.083044	16.539818	1
33774	COL9A3	0.5528329	0.0	-12.432889	31.721495	1
33775	TCFL5	0.07086955	0.0	-9.471056	5.6854033	1
33776	DIDO1	0.16181709	0.0	-10.661039	13.599864	1
33795	ARFGAP1	0.12248818	0.0	-10.259604	9.831868	1
33799	KCNQ2	0.09985321	0.0	-9.965109	6.6408067	1
33802	EEF1A2	0.108945884	0.0	-10.090719	7.927906	1
33812	STMN3	0.059047844	0.0	-9.208181	5.651798	1
33815	ARFRP1	0.113332726	0.0	-10.147621	8.742904	1
33819	SLC2A4RG	0.41268763	0.0	-12.011184	30.017857	1
33827	UCKL1	0.09996252	0.0	-9.966686	7.5763984	1
33834	TCEA2	0.34727457	0.0	-11.762277	26.566898	1
33842	PCMTD2	0.101691164	0.0	-9.991397	8.198844	1
33913	NRIP1	0.15929312	0.0	-10.638373	12.76154	1
33919	USP25	0.073138185	0.0	-9.516453	6.0093746	1
33920	MIR99AHG	0.08113857	0.0	-9.666021	6.097846	1
33929	BTG3	0.37876093	0.0	-11.887453	27.885998	1
33933	C21orf91	0.06662164	0.0	-9.382011	5.3757935	1
33985	MRPL39	0.10944382	0.0	-10.097293	9.309374	1
33986	JAM2	0.07629123	0.0	-9.577263	5.5708075	1
33989	GABPA	0.15175654	0.0	-10.568493	11.531861	1
33999	CYYR1	0.11015821	0.0	-10.10667	8.117412	1
34015	RWDD2B	0.09131384	0.0	-9.836268	7.672749	1
34017	USP16	0.35224724	0.0	-11.782783	27.650394	1
34076	SCAF4	0.10301093	0.0	-10.009981	7.9925013	1
34082	MIS18A	0.11352667	0.0	-10.150085	8.751195	1
34093	PAXBP1	0.20210654	0.0	-10.981614	14.973068	1
34105	IFNAR2	0.19923757	0.0	-10.960998	15.544177	1
34109	IFNGR2	0.3484814	0.0	-11.76728	26.72349	1
34110	TMEM50B	0.16515829	0.0	-10.690507	12.755496	1
34116	CRYZL1	0.240207	0.0	-11.230663	18.453442	1
34122	SLC5A3	0.3584554	0.0	-11.807981	22.008835	1
34145	CBR1	0.15606007	0.0	-10.608809	12.05852	1
34167	PIGP	0.2942934	0.0	-11.52353	22.133028	1
34168	TTC3	1.7246932	0.0	-14.074136	44.55244	1
34191	ETS2	0.24141215	0.0	-11.23788	15.82674	1
34200	BRWD1	0.25553143	0.0	-11.319849	18.537895	1
34221	BACE2	0.12466203	0.0	-10.284964	10.267904	1
34241	ZBTB21	0.07660808	0.0	-9.583235	6.011694	1
34267	PKNOX1	0.1518286	0.0	-10.569178	11.278528	1
34287	RRP1	0.064586796	0.0	-9.337328	5.1818757	1
34289	AGPAT3	0.10677203	0.0	-10.061668	8.364233	1
34303	PFKL	0.35956758	0.0	-11.8124485	28.522213	1
34305	CFAP410	0.07375665	0.0	-9.5285845	6.1620893	1
34336	UBE2G2	0.2999592	0.0	-11.551031	21.344004	1
34338	SUMO3	0.43700358	0.0	-12.09376	31.172148	1
34345	FAM207A	0.25069854	0.0	-11.292314	18.489002	1
34350	ADARB1	0.09132873	0.0	-9.836504	6.106064	1
34354	LINC00205	0.08696205	0.0	-9.765901	7.3924594	1
34361	COL18A1	0.8821169	0.0	-13.106917	44.55244	1
34383	SPATC1L	0.1984392	0.0	-10.955208	14.646444	1
34385	LSS	0.063860275	0.0	-9.321033	5.8250537	1
34388	MCM3AP	0.08969214	0.0	-9.810446	7.107848	1
34391	YBEY	0.17463535	0.0	-10.770956	13.100164	1
34393	PCNT	0.06465089	0.0	-9.338757	6.0656314	1
34395	DIP2A	0.13190264	0.0	-10.366351	10.850945	1
34432	HDHD5	0.24330202	0.0	-11.2491255	18.817383	1
34436	CECR2	0.12729383	0.0	-10.31508	9.553625	1
34441	BCL2L13	0.12931189	0.0	-10.337754	10.006232	1
34442	BID	0.19360141	0.0	-10.919619	13.493388	1
34450	PEX26	0.08677291	0.0	-9.762763	7.278547	1
34453	USP18	0.07075233	0.0	-9.468672	5.349427	1
34482	SLC25A1	0.22682984	0.0	-11.14803	18.36053	1
34487	C22orf39	0.16430959	0.0	-10.683079	12.932104	1
34513	ZDHHC8	0.07949161	0.0	-9.636473	6.8292756	1
34518	DGCR6L	0.19796261	0.0	-10.951741	14.908818	1
34526	SCARF2	0.087524086	0.0	-9.775184	7.311824	1
34527	KLHL22	0.073532455	0.0	-9.524199	6.1689043	1
34528	MED15	0.1627103	0.0	-10.668976	12.640286	1
34532	SNAP29	0.2260316	0.0	-11.142947	16.070633	1
34534	CRKL	0.071027175	0.0	-9.474257	5.9253397	1
34538	LZTR1	0.062819846	0.0	-9.297371	5.649648	1
34539	THAP7	0.11794367	0.0	-10.205105	9.455963	1
34554	HIC2	0.08090061	0.0	-9.661789	6.7243795	1
34561	SDF2L1	0.16244087	0.0	-10.666587	12.331294	1
34563	PPIL2	0.07428891	0.0	-9.538944	5.986915	1
34564	YPEL1	0.08056897	0.0	-9.65587	6.497571	1
34689	MMP11	0.15089387	0.0	-10.560274	11.325716	1
34690	SMARCB1	0.45922598	0.0	-12.165302	35.578976	1
34693	SLC2A11	0.07921012	0.0	-9.631361	6.8445344	1
34698	GSTT2B	0.17675164	0.0	-10.788324	13.7870865	1
34712	GUCD1	0.080545835	0.0	-9.655457	6.6919546	1
34715	LRRC75B	0.105826974	0.0	-10.048855	8.266629	1
34723	KIAA1671	0.07501836	0.0	-9.553021	6.2527847	1
34751	HPS4	0.110333085	0.0	-10.108956	8.610621	1
34752	SRRD	0.17643656	0.0	-10.785751	14.086542	1
34755	TPST2	0.17968339	0.0	-10.812044	13.005963	1
34784	PITPNB	0.47935554	0.0	-12.227181	34.530354	1
34785	TTC28-AS1	0.10780327	0.0	-10.075523	8.292354	1
34786	TTC28	0.15410967	0.0	-10.590677	11.373295	1
34788	HSCB	0.12826103	0.0	-10.325992	10.318096	1
34789	CCDC117	0.12870583	0.0	-10.330982	9.583422	1
34802	EWSR1	0.24357168	0.0	-11.250723	18.549551	1
34803	GAS2L1	0.055163167	0.0	-9.110174	5.1598682	1
34811	THOC5	0.07612116	0.0	-9.574048	6.743505	1
34813	NIPSNAP1	0.2043317	0.0	-10.997403	15.906201	1
34814	NF2	0.09474228	0.0	-9.889387	8.120746	1
34818	ZMAT5	0.13187093	0.0	-10.366005	10.642615	1
34820	UQCR10	1.0248547	0.0	-13.323273	44.55244	1
34831	CASTOR1	0.076560736	0.0	-9.582344	6.414279	1
34833	SF3A1	0.21181993	0.0	-11.049304	14.254698	1
34835	RNF215	0.09414284	0.0	-9.8802395	7.289815	1
34839	MTFP1	0.28005144	0.0	-11.451991	20.338787	1
34846	PES1	0.13215336	0.0	-10.369089	10.280844	1
34849	SLC35E4	0.063311234	0.0	-9.308595	5.196965	1
34853	MORC2	0.11571321	0.0	-10.177585	8.899964	1
34854	TUG1	0.48981988	0.0	-12.25833	38.086647	1
34858	SMTN	0.08531621	0.0	-9.738366	6.5504923	1
34860	SELENOM	0.9314036	0.0	-13.185346	44.55244	1
34863	RNF185	0.06691968	0.0	-9.388441	5.7878737	1
34868	PATZ1	0.081336424	0.0	-9.669531	6.0271773	1
34871	EIF4ENIF1	0.11443253	0.0	-10.161542	8.861032	1
34875	PISD	0.06686788	0.0	-9.387325	5.3705983	1
34876	PRR14L	0.17775539	0.0	-10.796489	13.603347	1
34897	RTCB	0.29399666	0.0	-11.522075	20.813427	1
34899	FBXO7	0.34031752	0.0	-11.733089	25.906683	1
34903	TIMP3	0.51318	0.0	-12.32553	26.016705	1
34922	TOM1	0.08222002	0.0	-9.6851	6.370378	1
34929	MB	0.08237609	0.0	-9.687832	6.7850018	1
34941	APOL2	0.06966011	0.0	-9.446259	5.5921483	1
34955	IFT27	0.21645804	0.0	-11.080538	16.565628	1
34965	MPST	0.34739965	0.0	-11.762795	26.456993	1
34967	KCTD17	0.099238224	0.0	-9.956205	8.5616255	1
34972	C1QTNF6	0.24562578	0.0	-11.262834	18.017998	1
34974	RAC2	0.100001305	0.0	-9.967245	7.033415	1
34983	CDC42EP1	0.20145084	0.0	-10.976928	14.852964	1
34985	GGA1	0.15743376	0.0	-10.621446	12.084737	1
34990	NOL12	0.08682646	0.0	-9.763652	7.008759	1
34991	TRIOBP	0.47894666	0.0	-12.22595	34.88112	1
34995	ANKRD54	0.07675586	0.0	-9.586012	6.4512324	1
35001	POLR2F	0.43144193	0.0	-12.075285	34.752205	1
35013	TMEM184B	0.11021409	0.0	-10.107402	8.75675	1
35021	KDELR3	0.4472167	0.0	-12.127081	32.52442	1
35022	DDX17	1.3408697	0.0	-13.710989	44.55244	1
35025	CBY1	0.21443024	0.0	-11.066965	16.06455	1
35030	JOSD1	0.1872949	0.0	-10.871866	14.694856	1
35031	GTPBP1	0.09108833	0.0	-9.8327055	7.558565	1
35033	SUN2	0.074888684	0.0	-9.5505295	6.0075316	1
35039	DNAL4	0.09463233	0.0	-9.887713	7.5089717	1
35040	NPTXR	0.064071774	0.0	-9.325795	5.142061	1
35041	CBX6	0.29929763	0.0	-11.547847	22.61716	1
35047	APOBEC3C	0.12381018	0.0	-10.275079	9.512205	1
35050	APOBEC3G	0.06233441	0.0	-9.286198	5.312892	1
35058	SYNGR1	0.34903935	0.0	-11.7695875	24.738436	1
35059	TAB1	0.05735555	0.0	-9.166303	5.1187067	1
35060	MGAT3	0.07348058	0.0	-9.523181	5.5661135	1
35062	MIEF1	0.087323345	0.0	-9.771875	7.4743757	1
35073	ADSL	0.27002996	0.0	-11.399438	20.150347	1
35074	SGSM3	0.15280715	0.0	-10.57844	12.534252	1
35076	MRTFA	0.07027832	0.0	-9.458987	5.6245046	1
35080	SLC25A17	0.0809197	0.0	-9.662128	5.904031	1
35082	XPNPEP3	0.08545015	0.0	-9.740626	7.594786	1
35085	EP300	0.22034797	0.0	-11.106222	16.914867	1
35092	ZC3H7B	0.088590324	0.0	-9.792633	7.7045774	1
35095	TOB2	0.11198924	0.0	-10.130432	9.564659	1
35097	ACO2	0.25274685	0.0	-11.304048	18.5344	1
35098	POLR3H	0.095140725	0.0	-9.895434	8.287221	1
35101	PMM1	0.16505033	0.0	-10.689564	12.430591	1
35102	DESI1	0.13569126	0.0	-10.407175	11.37208	1
35108	SREBF2	0.07317983	0.0	-9.517273	6.442718	1
35116	NAGA	0.11309816	0.0	-10.144635	9.043336	1
35126	TCF20	0.06808219	0.0	-9.413251	5.226975	1
35133	POLDIP3	0.10834731	0.0	-10.082779	8.039062	1
35135	CYB5R3	0.5112112	0.0	-12.319986	39.882668	1
35138	ARFGAP3	0.47556472	0.0	-12.21573	36.147808	1
35139	PACSIN2	0.17695045	0.0	-10.789945	14.392654	1
35141	TTLL1	0.09409421	0.0	-9.879495	8.259633	1
35143	MCAT	0.062407844	0.0	-9.287893	5.4298553	1
35144	TSPO	0.80421406	0.0	-12.973543	44.55244	1
35171	PRR5	0.11330492	0.0	-10.147267	9.06757	1
35177	NUP50	0.14699802	0.0	-10.522562	11.291688	1
35182	FAM118A	0.109829046	0.0	-10.102357	8.31695	1
35186	FBLN1	0.40934977	0.0	-11.999471	30.962627	1
35201	PPARA	0.09969878	0.0	-9.962878	7.9935827	1
35208	TRMU	0.12956794	0.0	-10.340606	9.870482	1
35212	CERK	0.18507631	0.0	-10.854684	13.675206	1
35214	TBC1D22A	0.0856141	0.0	-9.743389	7.2162185	1
35244	BRD1	0.18621439	0.0	-10.8635235	14.176233	1
35248	ZBED4	0.08385771	0.0	-9.713519	6.8778524	1
35249	ALG12	0.06926314	0.0	-9.438025	5.757639	1
35251	CRELD2	0.2224482	0.0	-11.119903	18.036955	1
35260	TRABD	0.090941705	0.0	-9.830384	7.275879	1
35270	PLXNB2	0.19429648	0.0	-10.924787	14.704462	1
35274	PPP6R2	0.14023516	0.0	-10.45466	11.092817	1
35276	ADM2	0.076069884	0.0	-9.573077	6.4102983	1
35279	NCAPH2	0.073174246	0.0	-9.517162	6.7780895	1
35289	CHKB	0.12687097	0.0	-10.310283	9.892106	1
35293	ARSA	0.07976726	0.0	-9.64146	6.904395	1
35300	PLCXD1	0.08686121	0.0	-9.764228	6.9810767	1
35303	PPP2R3B	0.079216786	0.0	-9.631482	6.3241487	1
35314	ASMTL	0.110108234	0.0	-10.106016	9.072177	1
35324	CD99	2.1666033	0.94543856	-1.1962934	6.763107	1
35328	ARSD	0.1233756	0.0	-10.27001	9.923799	1
35335	PRKX	0.08073686	0.0	-9.65887	6.702918	1
35337	BX890604.2	0.41520298	0.0	-12.019948	30.868843	1
35343	PUDP	0.06459407	0.0	-9.33749	5.702884	1
35357	TBL1X	0.10898043	0.0	-10.091177	8.022776	1
35371	MSL3	0.13518907	0.0	-10.40183	11.339386	1
35388	TRAPPC2	0.09162762	0.0	-9.841212	6.761658	1
35390	GPM6B	0.226141	0.0	-11.143644	15.574246	1
35396	MOSPD2	0.08200622	0.0	-9.681348	6.933181	1
35401	PIR	0.110469334	0.0	-10.110736	8.448931	1
35408	ZRSR2	0.08424049	0.0	-9.720081	6.4064136	1
35409	AP1S2	0.38556114	0.0	-11.913118	28.713987	1
35413	CTPS2	0.06258894	0.0	-9.292068	5.5836034	1
35416	TXLNG	0.08480239	0.0	-9.729662	6.4935775	1
35422	SCML1	0.15159601	0.0	-10.566967	11.479219	1
35427	CDKL5	0.16587532	0.0	-10.696753	11.965083	1
35432	PHKA2	0.06208032	0.0	-9.280314	5.15732	1
35438	BCLAF3	0.07518819	0.0	-9.55628	5.9121447	1
35442	RPS6KA3	0.1577093	0.0	-10.623966	12.511765	1
35465	APOO	0.072629824	0.0	-9.506403	6.1537056	1
35470	ZFX	0.16985568	0.0	-10.730943	13.243964	1
35471	PDK3	0.25052428	0.0	-11.29131	18.421131	1
35519	PRRG1	0.11055245	0.0	-10.11182	8.201356	1
35528	SRPX	0.3662011	0.0	-11.838815	26.647701	1
35544	BCOR	0.11952357	0.0	-10.224286	9.180252	1
35549	CXorf38	0.16094866	0.0	-10.653281	13.37901	1
35550	MED14	0.09252309	0.0	-9.855228	6.812853	1
35557	CASK	0.15239109	0.0	-10.57451	12.2203665	1
35572	FUNDC1	0.17605276	0.0	-10.782612	14.173301	1
35584	KRBOX4	0.11088724	0.0	-10.1161785	8.452789	1
35594	RBM10	0.16400388	0.0	-10.680393	12.6179495	1
35595	UBA1	0.15895861	0.0	-10.635343	12.408686	1
35603	ARAF	0.07770028	0.0	-9.603632	6.406668	1
35605	TIMP1	2.8469312	1.4224333	-1.0009959	5.292975	1
35624	FTSJ1	0.09559907	0.0	-9.902361	7.495492	1
35627	EBP	0.16727935	0.0	-10.708906	13.186971	1
35628	TBC1D25	0.06357635	0.0	-9.314614	5.7929955	1
35630	RBM3	0.67369735	0.0	-12.718099	44.55244	1
35632	WDR13	0.25755343	0.0	-11.331216	20.09954	1
35638	HDAC6	0.085301325	0.0	-9.738114	6.591206	1
35640	PCSK1N	0.17380954	0.0	-10.764121	12.054397	1
35645	OTUD5	0.120049685	0.0	-10.230618	10.555599	1
35647	GRIPAP1	0.18235847	0.0	-10.833352	13.872326	1
35650	PRAF2	0.33090955	0.0	-11.692657	25.239626	1
35651	WDR45	0.1120773	0.0	-10.131565	9.0730715	1
35659	CCDC22	0.06947661	0.0	-9.442459	5.5141416	1
35682	CLCN5	0.09013056	0.0	-9.817472	6.641836	1
35694	NUDT11	0.064707205	0.0	-9.340011	5.126603	1
35699	GSPT2	0.17329371	0.0	-10.759836	13.050253	1
35700	MAGED1	0.7077821	0.0	-12.789293	44.55244	1
35719	GPR173	0.0711114	0.0	-9.475965	5.3429546	1
35720	TSPYL2	0.21339945	0.0	-11.060017	16.047895	1
35722	KANTR	0.059747662	0.0	-9.225151	5.168599	1
35723	KDM5C	0.15364142	0.0	-10.58629	12.391998	1
35728	HSD17B10	0.29479688	0.0	-11.525995	23.558228	1
35735	FGD1	0.08512837	0.0	-9.735189	7.4162927	1
35739	TRO	0.077724285	0.0	-9.604076	6.7319	1
35741	APEX2	0.05756081	0.0	-9.171448	5.1174045	1
35749	MAGEH1	0.31940526	0.0	-11.6416235	24.811378	1
35750	USP51	0.087424815	0.0	-9.773548	6.7780056	1
35752	RRAGB	0.14823382	0.0	-10.534632	10.831608	1
35753	AL050309.1	0.06046801	0.0	-9.242413	5.498858	1
35768	LINC01278	0.13859943	0.0	-10.437746	10.50872	1
35771	ARHGEF9	0.14210854	0.0	-10.473792	11.849175	1
35779	LAS1L	0.070417	0.0	-9.461827	5.4056034	1
35784	HEPH	0.21272826	0.0	-11.055474	15.734756	1
35791	EFNB1	0.1084251	0.0	-10.083813	9.17388	1
35792	PJA1	0.112450965	0.0	-10.136363	9.436284	1
35812	DLG3	0.091065876	0.0	-9.83235	6.9761024	1
35816	SNX12	0.08617877	0.0	-9.752862	7.08168	1
35820	MED12	0.06152158	0.0	-9.267292	5.189301	1
35824	ZMYM3	0.11104811	0.0	-10.118268	9.486409	1
35827	TAF1	0.13374019	0.0	-10.386295	10.471337	1
35828	OGT	0.22240762	0.0	-11.119639	15.85757	1
35835	NHSL2	0.07341641	0.0	-9.521923	6.16877	1
35857	CHIC1	0.073811494	0.0	-9.529655	5.179798	1
35861	JPX	0.47579107	0.0	-12.216415	35.47027	1
35866	SLC16A2	0.075325005	0.0	-9.558899	6.055141	1
35867	RLIM	0.21379809	0.0	-11.062708	16.014915	1
35869	ABCB7	0.109005496	0.0	-10.091508	7.6860976	1
35881	ATP7A	0.25901297	0.0	-11.339365	18.994987	1
35890	ITM2A	0.42775312	0.0	-12.0629	23.95049	1
35893	BRWD3	0.18404895	0.0	-10.846658	13.908091	1
35895	HMGN5	0.07986773	0.0	-9.643274	6.3979	1
35905	ZNF711	0.081894934	0.0	-9.679391	6.0265083	1
35907	CHM	0.25416622	0.0	-11.312124	20.193287	1
35918	NAP1L3	0.07726069	0.0	-9.595457	6.0069385	1
35921	DIAPH2	0.13454331	0.0	-10.394927	10.85329	1
35928	SRPX2	0.1324307	0.0	-10.372111	9.9008665	1
35940	TIMM8A	0.08698481	0.0	-9.766277	7.057592	1
35945	ARMCX4	0.07979074	0.0	-9.641885	6.4059143	1
35952	ARMCX2	0.2690375	0.0	-11.394128	20.02949	1
35963	TMSB15A	0.09516117	0.0	-9.895744	6.9420547	1
35977	BEX1	0.41084895	0.0	-12.004744	24.416294	1
35979	BEX4	0.7874329	0.0	-12.943125	44.55244	1
35980	TCEAL8	0.82068485	0.0	-13.002789	44.55244	1
35981	TCEAL5	0.07531712	0.0	-9.558748	5.5831037	1
35982	BEX2	0.17569208	0.0	-10.7796545	11.314386	1
35983	TCEAL7	0.29661715	0.0	-11.534873	19.977142	1
35991	TCEAL3	0.43632075	0.0	-12.091504	32.23599	1
35993	TCEAL1	0.075102694	0.0	-9.554641	5.757322	1
36007	FAM199X	0.11543566	0.0	-10.174123	9.696243	1
36013	PWWP3B	0.07020469	0.0	-9.457478	5.1026654	1
36016	TBC1D8B	0.11895567	0.0	-10.217421	8.813456	1
36017	MORC4	0.16556408	0.0	-10.694045	12.898566	1
36020	RBM41	0.08511314	0.0	-9.734932	6.6238256	1
36034	COL4A6	0.2985913	0.0	-11.544439	21.436989	1
36042	ACSL4	0.103360794	0.0	-10.014869	8.371461	1
36059	AMOT	0.08622645	0.0	-9.753659	6.4691334	1
36065	LRCH2	0.096165836	0.0	-9.91088	6.8975296	1
36079	IL13RA1	0.1696745	0.0	-10.729404	13.233004	1
36088	SLC25A43	0.06269596	0.0	-9.294528	5.3779902	1
36095	SEPTIN6	0.930732	0.0	-13.184305	44.55244	1
36099	UPF3B	0.16248824	0.0	-10.667007	12.762044	1
36100	RNF113A	0.15887778	0.0	-10.634609	12.468063	1
36103	NKAP	0.35601825	0.0	-11.798141	26.397635	1
36113	CUL4B	0.14951023	0.0	-10.546993	11.485329	1
36115	C1GALT1C1	0.07743741	0.0	-9.598749	6.792513	1
36159	ZDHHC9	0.15040523	0.0	-10.555598	11.772333	1
36166	RAB33A	0.22791256	0.0	-11.154898	15.62466	1
36170	RBMX2	0.30998653	0.0	-11.598455	22.851183	1
36179	FIRRE	0.12670578	0.0	-10.308405	9.21432	1
36182	RAP2C	0.19350483	0.0	-10.9189	15.700375	1
36190	GPC3	0.428526	0.0	-12.065504	25.4254	1
36193	PHF6	0.23895754	0.0	-11.223143	17.847631	1
36194	HPRT1	0.11838066	0.0	-10.210436	9.785829	1
36195	MIR503HG	0.10057621	0.0	-9.975507	7.6102133	1
36201	MOSPD1	0.080719694	0.0	-9.658564	6.7373805	1
36203	SMIM10	0.13071637	0.0	-10.353328	9.810908	1
36204	RTL8B	0.104037635	0.0	-10.024276	8.714204	1
36217	ZNF449	0.07118627	0.0	-9.477481	5.676752	1
36231	MMGT1	0.113822296	0.0	-10.153834	8.08332	1
36234	MAP7D3	0.16864298	0.0	-10.720612	12.755347	1
36237	HTATSF1	0.3451506	0.0	-11.753428	26.152365	1
36241	ARHGEF6	0.07586821	0.0	-9.569252	6.031212	1
36242	AL683813.1	0.084006965	0.0	-9.716082	6.217017	1
36243	RBMX	0.84559816	0.0	-13.045927	44.55244	1
36259	LINC00632	0.5375947	0.0	-12.392571	35.117466	1
36263	LDOC1	0.12952179	0.0	-10.340093	10.391203	1
36291	FMR1	0.12909375	0.0	-10.33532	10.464054	1
36298	IDS	0.5205176	0.0	-12.346008	39.38596	1
36312	CXorf40B	0.07396636	0.0	-9.532675	6.310895	1
36325	VMA21	0.18695249	0.0	-10.869227	15.021068	1
36361	ZNF275	0.0830371	0.0	-9.699348	6.4170218	1
36366	BGN	0.5871751	0.0	-12.519821	32.49166	1
36368	CCNQ	0.08959739	0.0	-9.808922	7.1407647	1
36370	PNCK	0.08280746	0.0	-9.695358	5.846173	1
36371	SLC6A8	0.5049425	0.0	-12.302189	25.003433	1
36380	L1CAM	0.10481503	0.0	-10.035006	8.623615	1
36388	TMEM187	0.086941354	0.0	-9.765557	7.138805	1
36389	IRAK1	0.08814226	0.0	-9.785326	6.6992316	1
36400	EMD	0.4191224	0.0	-12.0335	30.81653	1
36403	DNASE1L1	0.078534044	0.0	-9.61901	6.699595	1
36404	TAZ	0.10860576	0.0	-10.086213	8.386228	1
36406	ATP6AP1	0.49531215	0.0	-12.274413	36.646015	1
36409	PLXNA3	0.19673714	0.0	-10.942787	14.8035965	1
36410	LAGE3	0.3402311	0.0	-11.732723	24.538475	1
36411	UBL4A	0.14410065	0.0	-10.493862	11.116419	1
36412	SLC10A3	0.07156467	0.0	-9.485118	5.802234	1
36413	FAM3A	0.16013458	0.0	-10.64597	12.555479	1
36415	G6PD	0.09700479	0.0	-9.923399	7.472057	1
36423	DKC1	0.2159576	0.0	-11.0772	17.32599	1
36424	MPP1	0.06390226	0.0	-9.3219795	5.10796	1
36430	CMC4	0.41720417	0.0	-12.026884	29.507986	1
36443	TMLHE	0.072856545	0.0	-9.510894	6.195823	1
36445	VAMP7	0.06117038	0.0	-9.259047	5.3745837	1
36452	ZFY	0.09990976	0.0	-9.965925	7.7712646	1
36492	USP9Y	0.21072944	0.0	-11.041861	16.168947	1
36495	UTY	0.0813799	0.0	-9.6703005	6.252381	1
36513	TTTY14	0.11723569	0.0	-10.196426	9.244937	1
36516	KDM5D	0.08126892	0.0	-9.668334	6.2650633	1
36559	MT-ND1	2.1675704	0.0	-14.403857	44.55244	1
36562	MT-CO2	2.0889113	0.0	-14.350533	44.55244	1
36563	MT-ATP8	0.14000858	0.0	-10.45233	11.190023	1
36565	MT-CO3	2.3517988	1.4224333	-0.7253635	8.677462	1
36566	MT-ND3	1.3470628	0.0	-13.717637	44.55244	1
36567	MT-ND4L	0.49979982	0.0	-12.287423	33.43885	1
36569	MT-ND5	1.3311231	0.0	-13.700465	44.55244	1
36570	MT-ND6	0.25966525	0.0	-11.342993	17.496557	1
