	gene	expression_1	expression_2	log2FC	-log10 p-val	significant
20	AL645608.2	0.029212596	0.0	-4.917078	7.113252	1
25	KLHL17	0.024749639	0.0	-4.68648	5.651021	1
36	C1orf159	0.022562759	0.0	-4.5584364	5.463432	1
46	C1QTNF12	0.046771515	0.0	-5.5780787	10.196661	1
55	CPTP	0.05956374	0.0	-5.920382	12.775201	1
68	VWA1	0.09287799	0.0	-6.5527153	20.466175	1
74	AL645728.1	0.022264156	0.0	-4.5400367	5.4360213	1
75	FNDC10	0.045035116	0.0	-5.524663	10.447371	1
77	AL691432.2	0.032046817	0.0	-5.046439	7.570104	1
84	SLC35E2A	0.06492895	0.0	-6.04284	14.874812	1
127	PRDM16	0.028379101	0.0	-4.8767185	6.38977	1
134	MEGF6	0.039202232	0.0	-5.3292036	8.62296	1
136	TPRG1L	0.11658341	0.0	-6.8775406	25.56293	1
142	SMIM1	0.1727755	0.0	-7.441081	36.18834	1
146	DFFB	0.031150265	0.0	-5.0067587	7.433378	1
183	PLEKHG5	0.037503228	0.0	-5.266907	8.953281	1
186	ZBTB48	0.064259	0.0	-6.028105	14.310754	1
204	PER3	0.048459195	0.0	-5.6281667	11.134632	1
211	ERRFI1	0.03136313	0.0	-5.016279	7.5997725	1
228	SPSB1	0.039870404	0.0	-5.3529844	9.211718	1
233	TMEM201	0.025251642	0.0	-4.714336	5.9789877	1
256	PEX14	0.049243886	0.0	-5.650876	11.03433	1
271	UBIAD1	0.05462866	0.0	-5.797756	12.058908	1
278	FBXO44	0.059577946	0.0	-5.9207206	13.39471	1
282	AGTRAP	0.12827243	0.0	-7.014271	28.470083	1
286	CLCN6	0.047596864	0.0	-5.6027913	10.542669	1
344	TMEM51	0.0251562	0.0	-4.709081	6.3632064	1
350	EFHD2	0.043992475	0.0	-5.4916115	10.454921	1
368	UQCRHL	0.031110017	0.0	-5.0049515	7.210991	1
393	NBPF1	0.055325035	0.0	-5.8157043	12.063847	1
398	CROCC	0.101319216	0.0	-6.6769333	22.112066	1
401	BX284668.5	0.025002783	0.0	-4.700594	6.597058	1
429	IFFO2	0.08853995	0.0	-6.4844594	19.267029	1
432	EMC1-AS1	0.020238504	0.0	-4.4086103	5.007772	1
437	SLC66A1	0.04164929	0.0	-5.4144497	9.288627	1
466	FAM43B	0.044503488	0.0	-5.507905	10.096618	1
477	ECE1	0.085267715	0.0	-6.430749	19.985998	1
491	LINC00339	0.02156185	0.0	-4.4958134	5.1998553	1
503	EPHB2	0.04123022	0.0	-5.4002037	8.923511	1
509	LUZP1	0.40215445	0.05285302	-2.9042335	5.9060373	1
511	LINC01355	0.033583865	0.0	-5.112027	8.018114	1
514	ZNF436	0.056319688	0.0	-5.8409586	13.005733	1
517	TCEA3	0.04777827	0.0	-5.6081667	10.235487	1
518	ASAP3	0.08112422	0.0	-6.359736	17.023203	1
529	GALE	0.07606673	0.0	-6.2680364	16.268896	1
531	FUCA1	0.09623634	0.0	-6.6034236	20.900446	1
544	STPG1	0.023122067	0.0	-4.5922813	5.2956796	1
545	NIPAL3	0.047328748	0.0	-5.5948095	10.313213	1
547	RCAN3	0.03759911	0.0	-5.2704954	8.89817	1
574	MTFR1L	0.18619023	0.0	-7.5483613	38.557613	1
578	PAQR7	0.03296886	0.0	-5.0861406	7.241527	1
580	PAFAH2	0.02885724	0.0	-4.9000087	6.9546237	1
585	PDIK1L	0.06792267	0.0	-6.1069064	13.953635	1
586	FAM110D	0.04997309	0.0	-5.6716638	11.355089	1
592	CEP85	0.02590858	0.0	-4.7499943	6.1310377	1
602	RPS6KA1	0.020813964	0.0	-4.44718	5.2857456	1
605	PIGV	0.029367477	0.0	-4.924455	6.935815	1
606	ZDHHC18	0.04558342	0.0	-5.5417447	10.53175	1
657	SNHG12	0.052346535	0.0	-5.737323	11.755759	1
670	MECR	0.09481268	0.0	-6.5821447	21.014866	1
672	PTPRU	0.02426777	0.0	-4.6592264	6.0632553	1
694	SERINC2	0.18400845	0.0	-7.5314474	36.426674	1
702	COL16A1	0.1766487	0.0	-7.472883	38.82002	1
703	ADGRB2	0.031311356	0.0	-5.0139694	7.0605936	1
713	TMEM39B	0.10681723	0.0	-6.752444	23.254154	1
721	TMEM234	0.07388927	0.0	-6.226687	16.738789	1
731	ZBTB8B	0.028162185	0.0	-4.866027	6.441604	1
732	ZBTB8A	0.23166	0.0	-7.862079	44.55244	1
742	TMEM54	0.103963666	0.0	-6.713746	22.268658	1
744	RNF19B	0.026286906	0.0	-4.770137	5.8392715	1
771	ZMYM6	0.062331703	0.0	-5.9848557	14.109694	1
778	NCDN	0.052252416	0.0	-5.734775	12.157404	1
782	C1orf216	0.071977675	0.0	-6.189383	16.243916	1
783	CLSPN	0.022899432	0.0	-4.5789046	5.526716	1
802	OSCP1	0.0294325	0.0	-4.927541	6.515417	1
819	C1orf109	0.07853267	0.0	-6.3134756	17.07617	1
826	MTF1	0.060927473	0.0	-5.9525075	13.584473	1
828	INPP5B	0.04292757	0.0	-5.4570546	10.583687	1
832	POU3F1	0.21392186	0.0	-7.7476683	39.71325	1
865	TRIT1	0.077099375	0.0	-6.287239	16.709291	1
873	AL050341.2	0.024537846	0.0	-4.674565	6.1212864	1
875	COL9A2	0.036098044	0.0	-5.213271	7.6554885	1
878	ZFP69B	0.04173458	0.0	-5.417332	10.01704	1
882	EXO5	0.038307633	0.0	-5.2967377	8.716086	1
893	CITED4	0.0405643	0.0	-5.3772726	8.605788	1
899	SCMH1	0.09527052	0.0	-6.589022	21.060347	1
916	CCDC30	0.029325912	0.0	-4.922479	6.616244	1
929	ZNF691	0.023120094	0.0	-4.5921636	5.44793	1
948	HYI	0.13813564	0.0	-7.120348	29.406136	1
950	PTPRF	0.16642629	0.0	-7.387382	34.71823	1
1000	MAST2	0.058816966	0.0	-5.9024825	12.660992	1
1035	CMPK1	0.20460495	0.0	-7.683731	44.55244	1
1041	TRABD2B	0.06203809	0.0	-5.978152	12.957809	1
1087	CC2D1B	0.021856133	0.0	-4.514509	5.345252	1
1106	CPT2	0.089711025	0.0	-6.503206	19.847486	1
1112	LRP8	0.032071933	0.0	-5.0475354	7.4839435	1
1123	YIPF1	0.07731307	0.0	-6.291181	17.481674	1
1129	TCEANC2	0.039549835	0.0	-5.341624	9.463489	1
1140	ACOT11	0.05844638	0.0	-5.893517	12.823352	1
1149	DHCR24	0.043279294	0.0	-5.46856	9.835465	1
1158	USP24	0.09268818	0.0	-6.549795	20.965961	1
1166	PLPP3	0.36308753	0.0	-8.5081415	44.55244	1
1209	KANK4	0.057481915	0.0	-5.8699183	12.824063	1
1225	ALG6	0.02844292	0.0	-4.8798485	6.810577	1
1228	EFCAB7	0.043504804	0.0	-5.475889	9.863635	1
1230	PGM1	0.27693647	0.0	-8.118611	44.55244	1
1235	CACHD1	0.11795381	0.0	-6.8942575	24.720694	1
1236	RAVER2	0.02893471	0.0	-4.903747	6.675241	1
1240	AK4	0.16509703	0.0	-7.375882	33.655315	1
1247	PDE4B	0.06154989	0.0	-5.966935	12.726403	1
1249	SGIP1	0.030538967	0.0	-4.9790635	7.802245	1
1279	LRRC7	0.031728607	0.0	-5.0324802	7.4211144	1
1292	PTGER3	0.09670538	0.0	-6.610366	18.302406	1
1298	NEGR1	0.045370445	0.0	-5.5351334	9.666145	1
1317	CRYZ	0.0438094	0.0	-5.485729	9.5249405	1
1326	RABGGTB	0.11158754	0.0	-6.8149033	24.939947	1
1347	DNAJB4	0.11010822	0.0	-6.7958217	23.647755	1
1352	PTGFR	0.08701324	0.0	-6.4596486	16.393526	1
1354	IFI44	0.03270577	0.0	-5.0749235	7.5366945	1
1401	DDAH1	0.064674556	0.0	-6.0372624	14.449236	1
1408	COL24A1	0.038398363	0.0	-5.3000636	7.977408	1
1430	RBMXL1	0.077725634	0.0	-6.2987614	17.009695	1
1462	HFM1	0.021894863	0.0	-4.516952	5.183939	1
1463	CDC7	0.055038083	0.0	-5.808336	12.069173	1
1468	BTBD8	0.028592156	0.0	-4.8871427	6.9829445	1
1474	EVI5	0.2863239	0.0	-8.166534	44.55244	1
1479	TMED5	0.09560112	0.0	-6.593968	21.85229	1
1480	CCDC18	0.026572203	0.0	-4.7851424	6.5277996	1
1483	FNBP1L	0.5691587	0.07143887	-2.9765275	6.2585516	1
1488	GCLM	0.06265866	0.0	-5.992285	14.107501	1
1500	AC105942.1	0.04237963	0.0	-5.438946	9.430374	1
1517	PTBP2	0.10162409	0.0	-6.6812253	22.277987	1
1518	DPYD	0.054648045	0.0	-5.798259	11.823544	1
1538	SASS6	0.043568578	0.0	-5.477955	9.896598	1
1546	CDC14A	0.026936617	0.0	-4.8040853	6.544357	1
1557	AC093157.1	0.042754572	0.0	-5.4513617	9.874963	1
1559	S1PR1	0.024752982	0.0	-4.6866674	5.6127453	1
1562	OLFM3	0.09166552	0.0	-6.533961	18.62137	1
1590	FAM102B	0.096180834	0.0	-6.6025996	20.65872	1
1591	HENMT1	0.024469651	0.0	-4.670707	5.854588	1
1596	STXBP3	0.13388243	0.0	-7.0755587	30.821964	1
1599	GPSM2	0.13277487	0.0	-7.0636635	29.17607	1
1601	WDR47	0.0397637	0.0	-5.349213	9.08066	1
1610	PSRC1	0.022849172	0.0	-4.575867	5.6732535	1
1625	GSTM4	0.081689246	0.0	-6.369628	17.758928	1
1626	GSTM2	0.14530422	0.0	-7.1928277	31.603529	1
1667	DRAM2	0.09813289	0.0	-6.631292	22.240276	1
1679	WDR77	0.05475953	0.0	-5.8011465	12.854401	1
1698	ST7L	0.08310791	0.0	-6.3941693	18.865364	1
1708	SLC16A1	0.12265677	0.0	-6.950197	26.792208	1
1713	MAGI3	0.0928507	0.0	-6.5522957	19.74923	1
1720	AP4B1	0.02573102	0.0	-4.7404428	6.2520833	1
1723	HIPK1	0.12703376	0.0	-7.0003805	27.914782	1
1726	SYT6	0.045180455	0.0	-5.52921	9.626951	1
1730	DENND2C	0.02304562	0.0	-4.5877023	5.6678095	1
1737	TSPAN2	0.02918625	0.0	-4.9158196	6.5807123	1
1741	NGF	0.051312923	0.0	-5.7090955	11.241177	1
1747	SLC22A15	0.022203883	0.0	-4.5362945	5.252393	1
1752	ATP1A1	0.2717637	0.0	-8.091508	44.55244	1
1758	CD58	0.02736263	0.0	-4.825919	6.662543	1
1775	WDR3	0.122928575	0.0	-6.953365	27.809753	1
1781	WARS2	0.051247656	0.0	-5.7072945	11.328275	1
1783	WARS2-AS1	0.022498736	0.0	-4.554511	5.529275	1
1791	ZNF697	0.042625897	0.0	-5.4471126	9.660719	1
1800	NBPF26	0.026042797	0.0	-4.757172	6.3466005	1
1822	LINC02802	0.09861443	0.0	-6.638283	22.167065	1
1825	NBPF15	0.039152376	0.0	-5.3274136	9.040643	1
1829	SRGAP2B	0.059537943	0.0	-5.919768	14.108349	1
1836	GPR89A	0.019119509	0.0	-4.330523	5.169531	1
1842	PIAS3	0.09865125	0.0	-6.638816	20.908094	1
1846	PEX11B	0.08300779	0.0	-6.3924513	18.315996	1
1848	LIX1L-AS1	0.0322446	0.0	-5.055048	7.285745	1
1864	PRKAB2	0.1315104	0.0	-7.049962	28.686266	1
1865	AC242426.2	0.041005306	0.0	-5.3924994	9.741136	1
1879	NBPF11	0.030562846	0.0	-4.9801555	7.251605	1
1883	LINC01138	0.021542292	0.0	-4.494562	5.1922	1
1888	NBPF14	0.11420985	0.0	-6.84812	26.001198	1
1896	AC245297.3	0.1300105	0.0	-7.0335383	27.635628	1
1898	NOTCH2NLC	0.027663397	0.0	-4.8411374	6.578667	1
1913	HIST2H2BE	0.03366045	0.0	-5.115218	7.3475857	1
1916	BOLA1	0.06337873	0.0	-6.008512	13.977417	1
1920	OTUD7B	0.10642191	0.0	-6.7471447	23.069885	1
1930	CIART	0.02592875	0.0	-4.7510753	5.5066648	1
1941	ENSA	0.36777914	0.0	-8.526613	44.55244	1
1954	PRUNE1	0.051203147	0.0	-5.7060647	11.743017	1
1961	SEMA6C	0.0415995	0.0	-5.4127645	8.982657	1
1970	ZNF687	0.031024704	0.0	-5.0011134	7.56233	1
2080	NPR1	0.04794495	0.0	-5.613088	11.850213	1
2087	DENND4B	0.0389919	0.0	-5.3216357	9.48969	1
2092	CREB3L4	0.04573906	0.0	-5.5465565	10.192373	1
2104	ATP8B2	0.06374578	0.0	-6.016714	14.950768	1
2117	KCNN3	0.057441752	0.0	-5.8689275	12.5325365	1
2122	AL451085.2	0.02726917	0.0	-4.8211575	6.1516285	1
2141	THBS3	0.041484326	0.0	-5.408859	10.022999	1
2145	FAM189B	0.071810946	0.0	-6.1860833	15.942833	1
2147	CLK2	0.09374345	0.0	-6.565954	20.83322	1
2152	RUSC1	0.10092733	0.0	-6.671397	21.519466	1
2157	MSTO1	0.043640748	0.0	-5.480289	10.128907	1
2159	YY1AP1	0.14007992	0.0	-7.140369	30.753237	1
2172	UBQLN4	0.0738269	0.0	-6.225485	16.941334	1
2182	SMG5	0.03835681	0.0	-5.298541	9.050522	1
2198	HAPLN2	0.026838575	0.0	-4.7990136	6.339277	1
2297	NCSTN	0.10225706	0.0	-6.6900964	22.370275	1
2299	VANGL2	0.06436656	0.0	-6.030481	13.855283	1
2314	TSTD1	0.032043405	0.0	-5.0462904	7.1466017	1
2325	USP21	0.03129463	0.0	-5.013222	7.1193027	1
2326	PPOX	0.045008276	0.0	-5.5238214	10.297542	1
2328	ADAMTS4	0.027100459	0.0	-4.8125215	6.5243535	1
2331	APOA2	0.042827237	0.0	-5.453756	9.428211	1
2339	AL592295.5	0.025909627	0.0	-4.7500505	5.9119477	1
2342	FCGR2A	0.039569303	0.0	-5.3423166	8.763391	1
2367	HSD17B7	0.023246124	0.0	-4.5996823	5.6048183	1
2369	RGS4	0.029716427	0.0	-4.9409385	6.5277314	1
2378	AL357568.2	0.028077848	0.0	-4.8618484	6.569297	1
2391	UCK2	0.02507603	0.0	-4.7046523	5.703289	1
2400	TADA1	0.04037917	0.0	-5.370833	9.169074	1
2416	RCSD1	0.027005058	0.0	-4.8076153	6.707164	1
2440	BLZF1	0.103266425	0.0	-6.7041306	22.44281	1
2474	EEF1AKNMT	0.08054488	0.0	-6.3495226	17.602652	1
2475	DNM3	0.035565212	0.0	-5.1923995	7.8552694	1
2496	DARS2	0.0210733	0.0	-4.4642305	5.440194	1
2499	ZBTB37	0.13217494	0.0	-7.057179	27.81097	1
2505	RABGAP1L	0.07056227	0.0	-6.161127	16.386374	1
2520	COP1	0.10540475	0.0	-6.733419	23.2152	1
2541	FAM20B	0.09148267	0.0	-6.5311112	19.691685	1
2542	TOR3A	0.05384649	0.0	-5.777327	12.3973255	1
2543	ABL2	0.0834394	0.0	-6.3998446	18.371727	1
2556	TOR1AIP1	0.12095891	0.0	-6.930251	27.215834	1
2604	SMG7	0.15148836	0.0	-7.2525554	32.431675	1
2611	COLGALT2	0.04315111	0.0	-5.464378	9.2852	1
2625	SWT1	0.035082165	0.0	-5.173214	8.273616	1
2640	PTGS2	0.041009825	0.0	-5.392655	9.302088	1
2642	PLA2G4A	0.055496782	0.0	-5.8200965	11.823169	1
2670	RGS2	0.27925792	0.0	-8.130611	44.55244	1
2675	B3GALT2	0.058931448	0.0	-5.905241	12.013972	1
2686	CFH	0.10756748	0.0	-6.7624483	21.012373	1
2705	PTPRC	0.02543139	0.0	-4.72418	6.1496186	1
2720	DDX59	0.08355347	0.0	-6.401792	18.465166	1
2724	INAVA	0.039137393	0.0	-5.3268747	9.144363	1
2744	IPO9-AS1	0.02288779	0.0	-4.5782013	5.246986	1
2752	ELF3-AS1	0.028555436	0.0	-4.8853517	6.953016	1
2760	PPP1R12B	0.06776915	0.0	-6.1036897	14.977249	1
2768	KLHL12	0.0434333	0.0	-5.4735694	9.655373	1
2770	CYB5R1	0.12627119	0.0	-6.991762	27.365204	1
2794	SOX13	0.024789918	0.0	-4.688735	6.1654243	1
2801	PLEKHA6	0.093842596	0.0	-6.5674634	20.90068	1
2805	PPP1R15B	0.17241071	0.0	-7.4380493	37.25318	1
2806	PIK3C2B	0.021685252	0.0	-4.5036826	5.2356644	1
2828	ELK4	0.14372483	0.0	-7.1771684	31.645739	1
2831	RAB29	0.04317685	0.0	-5.4652185	9.606659	1
2833	SLC41A1	0.06865209	0.0	-6.1220946	15.00543	1
2853	DYRK3	0.053646024	0.0	-5.7720447	12.283268	1
2864	YOD1	0.03755019	0.0	-5.268666	8.933689	1
2882	PLXNA2	0.12381691	0.0	-6.96367	26.67683	1
2896	CAMK1G	0.049792536	0.0	-5.6665444	11.486194	1
2905	SYT14	0.022337412	0.0	-4.544573	5.2103457	1
2908	SERTAD4	0.04481409	0.0	-5.5177193	9.274054	1
2930	INTS7	0.028574796	0.0	-4.8862963	6.7735934	1
2934	PPP2R5A	0.054599576	0.0	-5.797002	12.692755	1
2980	ESRRG	0.04602137	0.0	-5.5552444	10.208706	1
3003	EPRS	0.40095666	0.058961555	-2.7449303	5.0451975	1
3006	RAB3GAP2	0.22378708	0.0	-7.812415	44.55244	1
3012	MARC2	0.047330488	0.0	-5.5948615	10.647188	1
3032	TAF1A	0.044021934	0.0	-5.492556	9.971925	1
3040	AL392172.1	0.02951724	0.0	-4.9315524	6.916559	1
3059	CNIH3	0.04806564	0.0	-5.616641	11.1145935	1
3073	EPHX1	0.063744806	0.0	-6.0166926	13.949438	1
3105	SNAP47	0.09779626	0.0	-6.6263843	21.185514	1
3106	JMJD4	0.07123038	0.0	-6.174534	15.618108	1
3120	IBA57	0.034707356	0.0	-5.1581492	8.016648	1
3136	RHOU	0.20827574	0.0	-7.709261	41.586296	1
3161	COG2	0.11316791	0.0	-6.8350134	25.108427	1
3178	EXOC8	0.027460283	0.0	-4.830878	6.721775	1
3180	EGLN1	0.23894641	0.0	-7.9065685	44.55244	1
3184	DISC1	0.046817858	0.0	-5.5794773	11.102293	1
3185	AL136171.2	0.030062584	0.0	-4.957106	6.8413997	1
3237	TBCE-1	0.040796887	0.0	-5.3853235	9.418949	1
3238	B3GALNT2	0.079385206	0.0	-6.328858	17.077105	1
3240	LYST	0.053559743	0.0	-5.769765	12.535857	1
3247	ERO1B	0.05201227	0.0	-5.7282543	12.523051	1
3263	LINC01139	0.022743287	0.0	-4.5694475	5.0371227	1
3268	CHRM3	0.109892525	0.0	-6.7930183	21.05822	1
3269	CHRM3-AS2	0.07116737	0.0	-6.173275	15.184476	1
3276	GREM2	0.058538895	0.0	-5.8957605	11.169402	1
3294	PLD5	0.06901968	0.0	-6.1296887	14.186865	1
3307	ZBTB18	0.026089588	0.0	-4.7596664	6.33094	1
3334	TFB2M	0.03940868	0.0	-5.336593	9.3814125	1
3344	ZNF670	0.02556815	0.0	-4.7316256	6.072855	1
3345	ZNF669	0.083349325	0.0	-6.3983045	18.67571	1
3349	AL390728.6	0.030327743	0.0	-4.969369	6.9572954	1
3351	ZNF496	0.076390706	0.0	-6.2740884	16.977678	1
3405	SH3BP5L	0.03448791	0.0	-5.1492558	7.9246154	1
3406	ZNF672	0.04578057	0.0	-5.5478373	10.396046	1
3409	PGBD2	0.047124542	0.0	-5.588701	10.992016	1
3458	EIPR1	0.045421503	0.0	-5.536721	10.736264	1
3465	AC108488.1	0.0200011	0.0	-4.392393	5.1776094	1
3481	SOX11	0.05337132	0.0	-5.764774	10.31768	1
3522	CPSF3	0.11174188	0.0	-6.8168797	25.10111	1
3532	AC010969.2	0.025561456	0.0	-4.731262	6.4895277	1
3537	AC104794.3	0.03751726	0.0	-5.267433	8.560726	1
3540	CYS1	0.024779176	0.0	-4.688134	5.945211	1
3545	ODC1	0.19349013	0.0	-7.603553	38.309242	1
3559	SLC66A3	0.03689681	0.0	-5.2440042	9.153589	1
3566	GREB1	0.05950133	0.0	-5.918895	13.972786	1
3569	LPIN1	0.083081424	0.0	-6.3937154	18.30303	1
3606	FAM49A	0.02138971	0.0	-4.4847636	5.8164105	1
3623	OSR1	0.15633269	0.0	-7.2976747	31.361147	1
3636	SDC1	0.040757064	0.0	-5.3839483	8.955248	1
3671	WDCP	0.060057487	0.0	-5.932096	13.903986	1
3688	DNAJC27	0.05470613	0.0	-5.799764	12.229946	1
3691	EFR3B	0.029040327	0.0	-4.9088287	6.688923	1
3696	DTNB	0.03193007	0.0	-5.0413337	7.032663	1
3706	SELENOI	0.04198871	0.0	-5.4258857	9.829121	1
3717	MAPRE3	0.081028275	0.0	-6.3580494	18.757338	1
3744	EIF2B4	0.0951986	0.0	-6.587944	20.227713	1
3746	ZNF513	0.060647547	0.0	-5.9459715	13.899978	1
3750	IFT172	0.061612833	0.0	-5.9683867	13.739417	1
3754	ZNF512	0.102917716	0.0	-6.699298	21.954878	1
3755	CCDC121	0.051467355	0.0	-5.713348	11.096554	1
3756	GPN1	0.1578912	0.0	-7.3118954	34.37022	1
3762	BABAM2	0.10787599	0.0	-6.766542	23.666275	1
3763	AC093690.1	0.023260465	0.0	-4.6005354	5.5543394	1
3765	FOSL2	0.03883364	0.0	-5.315915	9.438954	1
3775	TRMT61B	0.044583734	0.0	-5.510447	10.574764	1
3790	LCLAT1	0.0642224	0.0	-6.0272956	14.052507	1
3796	EHD3	0.04440424	0.0	-5.504755	10.615962	1
3805	SPAST	0.13635796	0.0	-7.1017966	29.540838	1
3813	AL133243.2	0.026518779	0.0	-4.7823443	6.5752687	1
3814	AL133243.3	0.07342533	0.0	-6.217722	16.683704	1
3816	TTC27	0.05550865	0.0	-5.8203998	12.159345	1
3838	HEATR5B	0.04614326	0.0	-5.5589795	10.677837	1
3852	CDC42EP3	0.0793742	0.0	-6.3286605	16.24998	1
3884	THUMPD2	0.11584665	0.0	-6.8684726	25.083843	1
3885	SLC8A1-AS1	0.026122997	0.0	-4.7614446	6.1082253	1
3902	OXER1	0.021402776	0.0	-4.4856057	5.154782	1
3903	HAAO	0.08248166	0.0	-6.3833876	18.98925	1
3921	PPM1B	0.107384354	0.0	-6.7600126	24.412369	1
3951	SOCS5	0.15244368	0.0	-7.261565	33.189632	1
3969	FBXO11	0.32941243	0.048510306	-2.7384672	5.029451	1
3972	FOXN2	0.061015308	0.0	-5.9545527	13.508423	1
3974	PPP1R21	0.062106032	0.0	-5.979706	13.837922	1
3975	STON1	0.038330335	0.0	-5.29757	8.684171	1
3983	NRXN1	0.9461223	0.115074344	-3.0285015	6.4869604	1
4007	EML6	0.103146024	0.0	-6.702464	20.784967	1
4026	CCDC85A	0.06930007	0.0	-6.135454	15.043316	1
4030	FANCL	0.09207015	0.0	-6.5402465	18.857777	1
4048	PUS10	0.036592547	0.0	-5.2323747	8.757093	1
4049	PEX13	0.09066085	0.0	-6.518234	19.379086	1
4050	KIAA1841	0.053628653	0.0	-5.771586	11.993101	1
4051	AC016747.1	0.07740318	0.0	-6.2928405	16.443556	1
4059	FAM161A	0.12679604	0.0	-6.9976993	27.030867	1
4075	WDPCP	0.070701435	0.0	-6.16393	15.816985	1
4153	MXD1	0.044833943	0.0	-5.5183444	10.462455	1
4155	PCBP1-AS1	0.14388594	0.0	-7.178774	31.699821	1
4159	C2orf42	0.022782112	0.0	-4.571805	5.6850286	1
4163	FAM136A	0.24822493	0.0	-7.9613047	44.55244	1
4183	MCEE	0.04864917	0.0	-5.6336975	10.961234	1
4186	PAIP2B	0.022642035	0.0	-4.563282	5.385873	1
4191	EXOC6B	0.09576681	0.0	-6.5964403	21.13321	1
4195	SFXN5	0.068543464	0.0	-6.119843	15.731974	1
4199	SMYD5	0.02531778	0.0	-4.717966	6.171568	1
4224	BOLA3-AS1	0.069039255	0.0	-6.1300917	15.166409	1
4245	PCGF1	0.055548113	0.0	-5.821407	11.863287	1
4250	LOXL3	0.080462314	0.0	-6.348061	17.539059	1
4251	DOK1	0.039015643	0.0	-5.322492	9.01941	1
4257	HK2	0.04644445	0.0	-5.568167	9.938616	1
4262	TACR1	0.029065788	0.0	-4.910051	6.556924	1
4268	GCFC2	0.11362674	0.0	-6.8408	23.31022	1
4319	ELMOD3	0.087386206	0.0	-6.4657493	19.514729	1
4341	POLR1A	0.06795665	0.0	-6.107618	15.498216	1
4347	KDM3A	0.30753	0.0	-8.269267	44.55244	1
4373	EIF2AK3	0.036635492	0.0	-5.2340217	8.919528	1
4376	RPIA	0.09547388	0.0	-6.5920663	20.541952	1
4473	AC092835.1	0.035150144	0.0	-5.1759295	8.306854	1
4483	ANKRD36C	0.13059066	0.0	-7.039913	28.627382	1
4487	DUSP2	0.089543134	0.0	-6.500533	17.42615	1
4489	STARD7	0.16276415	0.0	-7.3554754	35.20995	1
4502	LMAN2L	0.079113275	0.0	-6.3239694	17.71875	1
4507	ANKRD39	0.08281621	0.0	-6.3891573	18.156717	1
4508	SEMA4C	0.11748977	0.0	-6.8886185	25.907417	1
4514	FAHD2B	0.058105033	0.0	-5.885209	12.486671	1
4528	ANKRD36B	0.055232033	0.0	-5.81332	13.012841	1
4539	INPP4A	0.0706301	0.0	-6.162494	15.759731	1
4540	COA5	0.18737578	0.0	-7.55747	41.560772	1
4541	UNC50	0.14050193	0.0	-7.144678	30.440355	1
4545	TSGA10	0.04102158	0.0	-5.3930583	9.186863	1
4561	CHST10	0.035330437	0.0	-5.183107	8.132911	1
4577	RNF149	0.15764762	0.0	-7.309682	35.05336	1
4597	MFSD9	0.03285165	0.0	-5.0811543	8.108205	1
4629	TGFBRAP1	0.05890751	0.0	-5.904665	13.673495	1
4641	UXS1	0.12725312	0.0	-7.00285	28.999447	1
4669	RANBP2	0.29623675	0.0	-8.215468	44.55244	1
4670	CCDC138	0.029675996	0.0	-4.9390383	7.0209064	1
4676	SOWAHC	0.077654675	0.0	-6.2974606	17.181702	1
4678	RGPD5	0.043164644	0.0	-5.46482	10.01977	1
4682	NPHP1	0.05984722	0.0	-5.9271193	13.234757	1
4689	BUB1	0.023421075	0.0	-4.610055	6.0759335	1
4715	POLR1B	0.04739004	0.0	-5.596638	10.604787	1
4740	CBWD2	0.054639958	0.0	-5.7980494	12.4689245	1
4743	PGM5P4-AS1	0.02608535	0.0	-4.759441	5.37314	1
4746	RABL2A	0.03493078	0.0	-5.167148	7.877741	1
4749	SLC35F5	0.1896693	0.0	-7.5749288	42.007133	1
4758	DPP10	0.101840466	0.0	-6.684264	21.684603	1
4767	AC009404.1	0.022645615	0.0	-4.563501	5.9069653	1
4780	C2orf76	0.058887143	0.0	-5.9041743	13.048969	1
4785	CFAP221	0.021188878	0.0	-4.4717646	5.069295	1
4787	PTPN4	0.0885617	0.0	-6.48481	19.496944	1
4790	TMEM185B	0.05719692	0.0	-5.8628707	13.101691	1
4804	NIFK-AS1	0.072953075	0.0	-6.208538	15.421419	1
4833	MAP3K2-DT	0.022998555	0.0	-4.5848756	5.411521	1
4843	SFT2D3	0.07540144	0.0	-6.255528	16.544888	1
4844	POLR2D	0.11384592	0.0	-6.843556	25.148916	1
4858	POTEF	0.075830564	0.0	-6.2636085	16.02479	1
4866	PTPN18	0.021749318	0.0	-4.5077515	5.2222085	1
4867	POTEI	0.10885911	0.0	-6.7795105	23.27675	1
4882	POTEE	0.032739226	0.0	-5.076355	7.5030046	1
4929	CXCR4	0.025316041	0.0	-4.7178707	5.5548534	1
4930	THSD7B	0.023166658	0.0	-4.594946	5.2577014	1
4936	AC092620.1	0.05039515	0.0	-5.6835604	11.077336	1
4939	NXPH2	0.05022715	0.0	-5.678837	9.575056	1
4979	EPC2	0.29093686	0.0	-8.189512	44.55244	1
4981	KIF5C	0.45718372	0.048510306	-3.2101254	7.8539233	1
5011	FMNL2	0.12626567	0.0	-6.991699	25.979189	1
5056	AC009506.1	0.026473312	0.0	-4.7799587	6.1316333	1
5084	GCA	0.058263548	0.0	-5.889073	13.044598	1
5090	COBLL1	0.046676885	0.0	-5.575218	9.906148	1
5103	SCN1A-AS1	0.03420932	0.0	-5.137885	7.2628183	1
5105	SCN9A	0.2555144	0.0	-8.002896	44.55244	1
5111	B3GALT1	0.04625739	0.0	-5.562468	9.942913	1
5112	STK39	0.12482208	0.0	-6.975241	27.013083	1
5124	FASTKD1	0.023812713	0.0	-4.6330075	5.9051204	1
5131	UBR3	0.12779894	0.0	-7.008977	27.38688	1
5150	SLC25A12	0.0701247	0.0	-6.152279	15.8504715	1
5179	GPR155	0.0587896	0.0	-5.9018226	13.239113	1
5182	WIPF1	0.052865602	0.0	-5.751292	11.727611	1
5186	ATF2	0.23474106	0.0	-7.881059	44.55244	1
5198	HOXD-AS2	0.08038736	0.0	-6.346733	18.093475	1
5200	HOXD8	0.049798176	0.0	-5.6667047	11.654667	1
5232	OSBPL6	0.021736275	0.0	-4.506924	5.432293	1
5268	PDE1A	0.5239319	0.044587884	-3.525408	10.327372	1
5285	AC009315.1	0.026616892	0.0	-4.787479	6.244532	1
5288	FSIP2	0.124242455	0.0	-6.96858	25.890478	1
5290	LINC01473	0.06653512	0.0	-6.077566	14.787066	1
5310	ASNSD1	0.07468756	0.0	-6.2419844	16.6717	1
5313	OSGEPL1	0.075597845	0.0	-6.259232	16.772635	1
5318	C2orf88	0.024456656	0.0	-4.669971	6.1075335	1
5338	NABP1	0.019073462	0.0	-4.3272176	5.264003	1
5346	AC096647.1	0.027856642	0.0	-4.8508315	6.3040814	1
5365	GTF3C3	0.14821875	0.0	-7.221285	32.691074	1
5373	COQ10B	0.16958863	0.0	-7.4143777	38.8286	1
5377	RFTN2	0.1429646	0.0	-7.1695704	30.68223	1
5399	AC012459.1	0.024985317	0.0	-4.6996245	6.2850127	1
5400	KCTD18	0.041144405	0.0	-5.3972692	9.455681	1
5409	ORC2	0.07129988	0.0	-6.1759214	16.747736	1
5429	FZD7	0.064058855	0.0	-6.0236735	13.643954	1
5440	FAM117B	0.09384165	0.0	-6.5674486	20.280111	1
5441	ICA1L	0.113548584	0.0	-6.8398156	24.743517	1
5443	CARF	0.05447116	0.0	-5.793666	12.34605	1
5456	PARD3B	0.071227364	0.0	-6.174474	15.373139	1
5461	INO80D	0.17414024	0.0	-7.452367	37.80025	1
5463	NDUFS1	0.2762019	0.0	-8.114793	44.55244	1
5469	ADAM23	0.058818225	0.0	-5.902513	14.272264	1
5479	KLF7	0.08394877	0.0	-6.408521	18.55475	1
5490	METTL21A	0.061123412	0.0	-5.957065	13.894684	1
5492	CCNYL1	0.03162459	0.0	-5.027888	7.220782	1
5504	PIKFYVE	0.099611245	0.0	-6.652648	21.596838	1
5519	LANCL1	0.08865591	0.0	-6.4863267	19.598726	1
5527	IKZF2	0.038135644	0.0	-5.290411	8.575179	1
5555	PECR	0.030446226	0.0	-4.974815	6.8273907	1
5571	AC007563.2	0.033407304	0.0	-5.104643	7.576153	1
5594	TMBIM1	0.054822605	0.0	-5.8027773	12.391388	1
5604	PLCD4	0.02168929	0.0	-4.5039396	5.0498853	1
5608	RNF25	0.06878109	0.0	-6.1247644	15.136094	1
5611	CYP27A1	0.026390895	0.0	-4.7756243	6.147901	1
5628	NHEJ1	0.033949643	0.0	-5.127206	8.153687	1
5635	ATG9A	0.06906792	0.0	-6.130682	15.89432	1
5637	GLB1L	0.022085203	0.0	-4.5288963	5.0869193	1
5649	SPEG	0.052158132	0.0	-5.7322183	11.709759	1
5702	IRS1	0.086449504	0.0	-6.4503784	19.773373	1
5705	RHBDD1	0.03332818	0.0	-5.101321	7.6080556	1
5733	FBXO36	0.045312043	0.0	-5.533315	10.198578	1
5740	SP100	0.07078878	0.0	-6.1656866	16.763458	1
5743	CAB39	0.12819014	0.0	-7.0133524	28.362423	1
5834	ACKR3	0.028397445	0.0	-4.877619	6.1102867	1
5861	HES6	0.029526338	0.0	-4.9319825	6.3096128	1
5862	PER2	0.058793753	0.0	-5.9019227	13.13185	1
5873	TWIST2	0.035527196	0.0	-5.190899	8.072175	1
5875	HDAC4	0.0278835	0.0	-4.8521733	7.014127	1
5898	DUSP28	0.033039123	0.0	-5.089122	7.8352375	1
5899	RNPEPL1	0.06675084	0.0	-6.0821667	15.667599	1
5901	CAPN10	0.055155445	0.0	-5.811354	12.11775	1
5906	KIF1A	0.03280437	0.0	-5.079138	6.948019	1
5934	D2HGDH	0.07428357	0.0	-6.234263	16.680061	1
5986	EDEM1	0.039787225	0.0	-5.350045	9.014393	1
5997	LMCD1-AS1	0.023198957	0.0	-4.596873	5.505591	1
6000	LMCD1	0.09979205	0.0	-6.655238	22.033188	1
6005	RAD18	0.035625692	0.0	-5.194784	7.9191685	1
6006	SRGAP3	0.10940636	0.0	-6.7866793	22.075434	1
6021	OGG1	0.11540504	0.0	-6.8630095	24.44179	1
6022	CAMK1	0.06694656	0.0	-6.0863285	14.614899	1
6082	HDAC11	0.02280253	0.0	-4.573043	5.2615185	1
6087	CHCHD4	0.063690625	0.0	-6.015485	13.987555	1
6094	SLC6A6	0.032196984	0.0	-5.05298	8.500844	1
6098	CCDC174	0.2546053	0.0	-7.9977736	44.55244	1
6112	EAF1	0.06223433	0.0	-5.982636	13.960147	1
6116	HACL1	0.060164075	0.0	-5.9346123	13.366919	1
6135	PLCL2	0.026254175	0.0	-4.7684054	6.138252	1
6138	TBC1D5	0.14209275	0.0	-7.1608067	31.529362	1
6146	AC061958.1	0.09533866	0.0	-6.590043	20.484327	1
6150	KAT2B	0.028628677	0.0	-4.888922	6.7596774	1
6155	ZNF385D	0.05522461	0.0	-5.81313	9.860361	1
6162	NKIRAS1	0.11279664	0.0	-6.830314	23.50393	1
6172	TOP2B	0.55173796	0.058961555	-3.2044861	7.700964	1
6174	OXSM	0.0580149	0.0	-5.883007	12.915664	1
6177	LRRC3B	0.039096188	0.0	-5.325393	8.203839	1
6200	OSBPL10	0.0500453	0.0	-5.673706	11.761566	1
6209	CNOT10	0.15286142	0.0	-7.2654877	33.008186	1
6220	CLASP2	0.10162297	0.0	-6.6812096	22.696375	1
6233	TRANK1	0.039358255	0.0	-5.3347917	9.130983	1
6236	MLH1	0.120120876	0.0	-6.920304	26.379314	1
6243	ITGA9	0.022099258	0.0	-4.5297747	5.0469904	1
6244	ITGA9-AS1	0.079031885	0.0	-6.322503	16.688221	1
6247	PLCD1	0.031263568	0.0	-5.011834	7.822234	1
6263	GORASP1	0.03164944	0.0	-5.028986	7.65256	1
6265	CSRNP1	0.039066993	0.0	-5.3243423	9.191379	1
6275	SLC25A38	0.088957235	0.0	-6.4911675	19.749676	1
6281	MYRIP	0.02858846	0.0	-4.8869624	6.1472154	1
6282	EIF1B-AS1	0.03213325	0.0	-5.0502076	6.994742	1
6288	ZNF620	0.053936273	0.0	-5.779687	11.931627	1
6289	ZNF621	0.084390625	0.0	-6.4160056	18.184168	1
6304	SS18L2	0.20080185	0.0	-7.6567955	43.121075	1
6325	POMGNT2	0.04763784	0.0	-5.6040072	10.718396	1
6331	ABHD5	0.04890639	0.0	-5.6411524	11.025544	1
6342	ZKSCAN7	0.048570935	0.0	-5.6314225	11.268252	1
6350	ZNF501	0.039733354	0.0	-5.348139	9.006562	1
6351	KIAA1143	0.18039747	0.0	-7.5030103	38.743717	1
6353	TMEM42	0.07878427	0.0	-6.3180323	16.726439	1
6361	LARS2	0.025529478	0.0	-4.729524	6.1124883	1
6363	LIMD1	0.036163237	0.0	-5.215804	8.611814	1
6370	FYCO1	0.045647938	0.0	-5.543741	10.895238	1
6382	LRRC2	0.022244181	0.0	-4.5387974	5.060071	1
6390	MYL3	0.09700665	0.0	-6.6148076	19.801643	1
6391	PTH1R	0.17955756	0.0	-7.496315	36.681557	1
6395	KIF9-AS1	0.02391954	0.0	-4.6392055	5.4332666	1
6396	KIF9	0.03377055	0.0	-5.119794	7.8102465	1
6397	KLHL18	0.0438743	0.0	-5.4878173	10.754236	1
6398	AC099778.1	0.022221124	0.0	-4.537366	5.396815	1
6409	ZNF589	0.030821254	0.0	-4.9919186	6.9515133	1
6414	CCDC51	0.07398912	0.0	-6.2286096	16.433064	1
6420	PFKFB4	0.06976976	0.0	-6.145061	14.970442	1
6425	SLC26A6	0.023052586	0.0	-4.58812	5.716788	1
6429	NCKIPSD	0.043888327	0.0	-5.4882684	9.799291	1
6433	SLC25A20	0.02990278	0.0	-4.9496646	6.7516627	1
6447	USP19	0.03172815	0.0	-5.0324597	7.652965	1
6449	CCDC71	0.023501938	0.0	-4.614824	5.456596	1
6458	TCTA	0.05328318	0.0	-5.762433	12.314184	1
6467	RNF123	0.043656144	0.0	-5.480787	10.093842	1
6469	GMPPB	0.046210688	0.0	-5.5610414	10.507677	1
6479	MON1A	0.028146341	0.0	-4.865243	7.006248	1
6484	SEMA3F	0.025822155	0.0	-4.745353	6.118291	1
6495	NAA80	0.03174937	0.0	-5.0333953	7.4582	1
6499	RASSF1	0.061207518	0.0	-5.959017	13.827557	1
6503	NPRL2	0.07566076	0.0	-6.2604165	16.904573	1
6504	CYB561D2	0.06611263	0.0	-6.0685124	14.594663	1
6508	C3orf18	0.028642118	0.0	-4.8895764	6.881164	1
6509	HEMK1	0.056608837	0.0	-5.848218	12.680553	1
6511	CISH	0.04077793	0.0	-5.384669	8.735807	1
6518	RAD54L2	0.09030506	0.0	-6.512623	20.437012	1
6532	PCBP4	0.13581935	0.0	-7.0961285	29.194452	1
6534	ABHD14A	0.18767448	0.0	-7.5597553	41.77212	1
6550	BAP1	0.10316623	0.0	-6.702744	22.658941	1
6568	STIMATE	0.05749555	0.0	-5.870255	13.436175	1
6580	ACTR8	0.07043736	0.0	-6.158607	15.163603	1
6594	WNT5A-AS1	0.022094954	0.0	-4.5295057	5.211983	1
6619	FLNB	0.078904994	0.0	-6.320214	17.068285	1
6627	PXK	0.118069105	0.0	-6.895655	25.9956	1
6631	KCTD6	0.052830555	0.0	-5.7503533	11.622363	1
6645	PTPRG-AS1	0.053878322	0.0	-5.7781644	12.324802	1
6646	C3orf14	0.03801691	0.0	-5.2860274	8.704434	1
6666	PRICKLE2	0.029278692	0.0	-4.920231	7.2893605	1
6673	ADAMTS9-AS2	0.030798895	0.0	-4.990905	6.882717	1
6687	SUCLG2-AS1	0.045113575	0.0	-5.5271196	9.574949	1
6697	FRMD4B	0.022426944	0.0	-4.550097	5.48234	1
6715	LINC00877	0.029083058	0.0	-4.910879	6.54673	1
6729	EBLN2	0.03409869	0.0	-5.133345	7.630366	1
6738	LINC00960	0.23327956	0.0	-7.872087	44.55244	1
6740	ROBO2	0.351222	0.0	-8.460341	44.55244	1
6764	CADM2	0.02333011	0.0	-4.604671	5.2182956	1
6776	ZNF654	0.17089996	0.0	-7.4254255	36.640503	1
6784	DHFR2	0.035673663	0.0	-5.1966724	8.282397	1
6790	EPHA6	0.028194483	0.0	-4.867624	6.398261	1
6792	ARL6	0.02897755	0.0	-4.9058104	6.7477217	1
6815	CPOX	0.036555167	0.0	-5.2309394	8.415402	1
6817	ST3GAL6	0.035895906	0.0	-5.2053885	8.0591955	1
6829	TBC1D23	0.1429795	0.0	-7.1697197	31.000622	1
6833	TMEM45A	0.31590658	0.044587884	-2.7973351	5.3414984	1
6836	ABI3BP	0.02353303	0.0	-4.6166534	5.4656763	1
6842	ZBTB11-AS1	0.030276885	0.0	-4.967025	7.1523066	1
6855	CBLB	0.17666884	0.0	-7.473047	38.20844	1
6860	DUBR	0.054549005	0.0	-5.795689	12.087228	1
6874	CIP2A	0.020289151	0.0	-4.4120464	5.0153704	1
6898	ABHD10	0.09090122	0.0	-6.522012	20.581413	1
6906	CD200	0.057816725	0.0	-5.8781543	12.472954	1
6917	GTPBP8	0.13334787	0.0	-7.0698295	29.953201	1
6936	CCDC191	0.04625113	0.0	-5.562277	10.286708	1
6939	QTRT2	0.05995502	0.0	-5.929673	13.063619	1
6945	ZBTB20	0.32892972	0.0	-8.3660145	44.55244	1
6948	ZBTB20-AS2	0.02796758	0.0	-4.856367	6.523748	1
6961	AC092691.1	0.06470803	0.0	-6.0379977	13.754188	1
6962	LINC02024	0.025301827	0.0	-4.717091	5.851166	1
6970	B4GALT4	0.09251379	0.0	-6.547107	19.77117	1
6972	ARHGAP31	0.047180284	0.0	-5.5903707	11.178103	1
6975	POGLUT1	0.109838165	0.0	-6.7923107	24.01794	1
6982	POPDC2	0.02387431	0.0	-4.6365848	5.637442	1
6998	GTF2E1	0.05967259	0.0	-5.922973	13.155868	1
7007	HCLS1	0.06640923	0.0	-6.0748744	14.867891	1
7022	PARP9	0.029238628	0.0	-4.9183207	6.996573	1
7026	HSPBAP1	0.03669815	0.0	-5.2364216	8.489117	1
7027	SLC49A4	0.035051294	0.0	-5.171979	8.314718	1
7031	SEC22A	0.053765833	0.0	-5.775204	11.882493	1
7033	ADCY5	0.04115473	0.0	-5.3976226	9.267839	1
7057	LINC02614	0.025755506	0.0	-4.7417636	6.050637	1
7074	ZXDC	0.0450143	0.0	-5.52401	10.623137	1
7079	TXNRD3	0.035758886	0.0	-5.200021	8.163377	1
7095	ABTB1	0.046221223	0.0	-5.561363	10.552769	1
7106	GATA2	0.045377605	0.0	-5.5353565	10.246541	1
7107	GATA2-AS1	0.021950874	0.0	-4.5204773	5.2588916	1
7126	HMCES	0.03889293	0.0	-5.318061	8.9969635	1
7131	IFT122	0.06588822	0.0	-6.06368	14.799858	1
7139	TRH	0.02856835	0.0	-4.8859816	6.459031	1
7146	PIK3R4	0.032693073	0.0	-5.07438	7.1862288	1
7148	ATP2C1	0.14323717	0.0	-7.1722994	30.67056	1
7151	NEK11	0.025610715	0.0	-4.7339354	6.586795	1
7154	NUDT16	0.111998774	0.0	-6.8201632	23.928373	1
7161	ACAD11	0.0403462	0.0	-5.369683	9.256665	1
7167	TMEM108	0.06938115	0.0	-6.137117	14.704867	1
7190	PPP2R3A	0.12811391	0.0	-7.012501	27.422749	1
7198	NCK1-DT	0.044417955	0.0	-5.505191	10.999908	1
7208	DZIP1L	0.028706107	0.0	-4.892688	6.715276	1
7210	DBR1	0.091745615	0.0	-6.5352073	20.509377	1
7215	CEP70	0.07409169	0.0	-6.2305813	16.45147	1
7216	FAIM	0.051694185	0.0	-5.7195716	11.194476	1
7230	AC046134.2	0.04507843	0.0	-5.5260196	10.528801	1
7234	NMNAT3	0.033362716	0.0	-5.102772	7.4524517	1
7238	CLSTN2	0.067160554	0.0	-6.090865	12.279263	1
7246	SPSB4	0.028027948	0.0	-4.8593707	6.3733315	1
7248	PXYLP1	0.032095574	0.0	-5.0485663	7.6434784	1
7260	GK5	0.069916464	0.0	-6.148049	16.055637	1
7261	XRN1	0.3121479	0.0	-8.2907	44.55244	1
7281	DIPK2A	0.17779036	0.0	-7.4821253	34.93845	1
7308	AGTR1	0.036370493	0.0	-5.2238274	7.900003	1
7316	HPS3	0.09799856	0.0	-6.6293354	21.207386	1
7321	TM4SF1	0.0483682	0.0	-5.62551	10.424775	1
7346	SIAH2	0.068601556	0.0	-6.1210475	14.799296	1
7386	MME	0.079929896	0.0	-6.3386006	16.073654	1
7396	SLC33A1	0.12280146	0.0	-6.9518847	26.504786	1
7400	KCNAB1	0.062109057	0.0	-5.979775	13.078648	1
7427	GFM1	0.118540816	0.0	-6.9013596	26.295847	1
7432	MFSD1	0.070055544	0.0	-6.150875	15.910727	1
7452	B3GALNT1	0.06682581	0.0	-6.083762	14.73492	1
7467	SLITRK3	0.085704945	0.0	-6.438042	17.745352	1
7505	PHC3	0.12509146	0.0	-6.978327	27.465237	1
7506	PRKCI	0.17123324	0.0	-7.42822	37.677467	1
7510	CLDN11	0.025846008	0.0	-4.7466354	5.3261127	1
7517	EIF5A2	0.04357097	0.0	-5.478032	9.505538	1
7538	NAALADL2	0.043529075	0.0	-5.4766755	9.669053	1
7565	ZNF639	0.111823656	0.0	-6.817926	24.195417	1
7567	MFN1	0.17877084	0.0	-7.490015	38.611355	1
7569	AC007620.2	0.024493612	0.0	-4.672064	5.9762764	1
7633	ALG3	0.11510426	0.0	-6.8592772	25.35237	1
7634	EEF1AKMT4	0.031236494	0.0	-5.010623	7.144469	1
7643	CHRD	0.031930085	0.0	-5.041334	7.9113193	1
7649	AC107294.2	0.025402576	0.0	-4.7226067	5.8942337	1
7654	C3orf70	0.022517452	0.0	-4.55566	5.457107	1
7672	TBCCD1	0.023913052	0.0	-4.6388297	5.68632	1
7712	P3H2	0.023308987	0.0	-4.603418	5.4660883	1
7717	IL1RAP	0.048010904	0.0	-5.615031	11.239778	1
7760	ATP13A3	0.119318426	0.0	-6.9107137	26.667034	1
7764	TMEM44	0.044929236	0.0	-5.521341	10.308274	1
7765	AC046143.1	0.021576544	0.0	-4.4967527	5.097599	1
7768	FAM43A	0.060075987	0.0	-5.9325333	12.573812	1
7784	MUC20	0.024399687	0.0	-4.6667385	5.749469	1
7787	TNK2	0.047407366	0.0	-5.5971546	10.158988	1
7805	WDR53	0.02917102	0.0	-4.9150915	6.384915	1
7813	SENP5	0.17107566	0.0	-7.426899	37.417225	1
7814	AC016949.1	0.037922636	0.0	-5.2825375	8.797522	1
7821	MELTF-AS1	0.026905907	0.0	-4.802499	6.105399	1
7833	AC024560.5	0.033381592	0.0	-5.1035643	7.858586	1
7834	RUBCN	0.047302265	0.0	-5.594019	10.797353	1
7839	IQCG	0.054608908	0.0	-5.797244	12.750661	1
7841	LMLN	0.03999277	0.0	-5.3572974	9.298216	1
7844	ZNF595	0.059513107	0.0	-5.9191756	12.428955	1
7845	ZNF718	0.034844328	0.0	-5.163673	7.86522	1
7853	PIGG	0.054043762	0.0	-5.782507	12.385396	1
7862	PCGF3	0.14816257	0.0	-7.2207417	31.286314	1
7875	FGFRL1	0.047864247	0.0	-5.6107073	10.166109	1
7882	CTBP1-AS	0.033252597	0.0	-5.098141	7.6038127	1
7886	UVSSA	0.0879157	0.0	-6.474366	19.150837	1
7897	TMEM129	0.060155656	0.0	-5.934414	13.236493	1
7901	NELFA	0.120559916	0.0	-6.9255238	26.634613	1
7905	HAUS3	0.0768879	0.0	-6.283327	17.186527	1
7913	FAM193A	0.14915793	0.0	-7.2303367	32.55479	1
7919	NOP14-AS1	0.040750116	0.0	-5.383708	9.379767	1
7921	GRK4	0.07906908	0.0	-6.323173	17.255953	1
7944	STX18-AS1	0.044103008	0.0	-5.4951515	10.126761	1
7950	EVC2	0.056545254	0.0	-5.846625	13.009363	1
7961	MAN2B2	0.03667963	0.0	-5.2357125	8.710486	1
7963	LINC02482	0.02296569	0.0	-4.5828986	5.4290195	1
7964	AC093323.1	0.07544133	0.0	-6.256281	16.333021	1
7967	MRFAP1L1	0.29522014	0.0	-8.2105255	44.55244	1
7972	AC097382.3	0.024679676	0.0	-4.6825547	5.8470354	1
7988	SH3TC1	0.053029444	0.0	-5.755674	12.204488	1
7989	HTRA3	0.04783179	0.0	-5.609749	11.225325	1
7993	TRMT44	0.03509095	0.0	-5.173565	8.455699	1
8001	AC108519.1	0.023769144	0.0	-4.630472	5.692343	1
8049	NKX3-2	0.11214769	0.0	-6.8220634	21.458519	1
8075	TAPT1	0.062295157	0.0	-5.984023	13.805373	1
8089	FAM184B	0.04326127	0.0	-5.4679728	9.909486	1
8101	KCNIP4	0.039571933	0.0	-5.34241	8.859237	1
8121	SEPSECS	0.04233045	0.0	-5.4373093	9.445284	1
8123	PI4K2B	0.027916115	0.0	-4.8538017	6.741417	1
8125	ZCCHC4	0.025146952	0.0	-4.708571	6.0947776	1
8136	TBC1D19	0.03494507	0.0	-5.1677217	7.7840576	1
8137	STIM2	0.1218162	0.0	-6.940357	26.425102	1
8171	ARAP2	0.025260149	0.0	-4.714803	5.5437756	1
8179	NWD2	0.033414815	0.0	-5.1049576	7.2077665	1
8183	RELL1	0.09506376	0.0	-6.5859203	20.60376	1
8193	KLF3-AS1	0.07506193	0.0	-6.2491026	17.269804	1
8212	SMIM14	0.1944156	0.0	-7.6104016	42.019684	1
8240	TMEM33	0.13373	0.0	-7.0739274	29.478678	1
8243	SLC30A9	0.21303047	0.0	-7.7416725	44.55244	1
8260	GUF1	0.0888748	0.0	-6.489845	19.830746	1
8272	AC107398.3	0.031625483	0.0	-5.0279274	7.0095305	1
8289	FRYL	0.21621498	0.0	-7.7629795	44.55244	1
8309	SCFD2	0.03361412	0.0	-5.113289	8.268368	1
8343	EXOC1	0.2096319	0.0	-7.7185802	44.55244	1
8347	KIAA1211	0.06632857	0.0	-6.073147	15.159946	1
8351	PPAT	0.08072647	0.0	-6.352731	18.081594	1
8357	HOPX	0.028692903	0.0	-4.8920465	6.133232	1
8405	UBA6	0.20126298	0.0	-7.6600885	44.075317	1
8406	UBA6-AS1	0.060429145	0.0	-5.940851	13.893161	1
8427	SULT1E1	0.09514199	0.0	-6.587095	16.974724	1
8457	ADAMTS3	0.065561056	0.0	-6.0566063	14.2069845	1
8459	COX18	0.06463129	0.0	-6.036312	14.338827	1
8463	AFP	0.03913811	0.0	-5.3269005	8.315278	1
8517	STBD1	0.023766153	0.0	-4.6302977	5.825714	1
8520	AC107072.2	0.021988342	0.0	-4.5228305	5.496816	1
8530	FRAS1	0.059193566	0.0	-5.911537	12.995963	1
8546	PRDM8	0.060006607	0.0	-5.9308934	12.139832	1
8555	AC124016.1	0.02672128	0.0	-4.792922	6.316697	1
8561	SCD5	0.05395376	0.0	-5.780146	11.2559395	1
8564	THAP9	0.020621393	0.0	-4.4343877	5.004153	1
8570	COQ2	0.026519388	0.0	-4.7823763	5.930157	1
8572	HELQ	0.078928515	0.0	-6.320638	17.341164	1
8583	WDFY3-AS2	0.03782847	0.0	-5.2790427	8.272117	1
8585	ARHGAP24	0.09490045	0.0	-6.5834656	20.783613	1
8586	MAPK10	0.099278815	0.0	-6.647873	20.733416	1
8607	PKD2	0.1644194	0.0	-7.3699846	35.469173	1
8614	HERC5	0.035227504	0.0	-5.1790133	7.9595027	1
8618	HERC3	0.0456191	0.0	-5.542849	10.169695	1
8619	NAP1L5	0.12806423	0.0	-7.0119452	28.249327	1
8622	TIGD2	0.026227182	0.0	-4.7669754	6.470188	1
8652	UNC5C	0.52144915	0.06828243	-2.914729	5.9248257	1
8662	RAP1GDS1	0.07676506	0.0	-6.28105	16.344723	1
8697	AP001816.1	0.08366765	0.0	-6.403739	18.010683	1
8701	SLC39A8	0.05385124	0.0	-5.7774525	11.671706	1
8702	AC098487.1	0.032090917	0.0	-5.048363	7.6467586	1
8705	MANBA	0.05025832	0.0	-5.679714	11.918776	1
8708	UBE2D3-AS1	0.034794293	0.0	-5.161658	8.101979	1
8713	CENPE	0.020454802	0.0	-4.4232287	5.0320473	1
8721	CXXC4	0.21522693	0.0	-7.7564025	44.55244	1
8739	TBCK	0.12490532	0.0	-6.9761953	27.94691	1
8744	DKK2	0.08038864	0.0	-6.3467555	15.509965	1
8749	CYP2U1	0.0247914	0.0	-4.6888185	5.5091114	1
8777	PITX2	0.23282903	0.0	-7.8693104	44.55244	1
8783	FAM241A	0.036360487	0.0	-5.223441	8.952515	1
8787	TIFA	0.046735156	0.0	-5.57698	10.337635	1
8788	ALPK1	0.06068951	0.0	-5.9469533	13.7589245	1
8795	ANK2	0.037335396	0.0	-5.260605	8.44415	1
8810	TRAM1L1	0.02871177	0.0	-4.8929625	6.5898595	1
8818	PRSS12	0.11194679	0.0	-6.8194995	20.459095	1
8820	METTL14	0.17984754	0.0	-7.49863	39.839497	1
8837	PRDM5	0.025169052	0.0	-4.7097898	5.9132204	1
8859	NUDT6	0.042948678	0.0	-5.457748	9.316943	1
8860	SPATA5	0.06213044	0.0	-5.9802637	13.787113	1
8865	LINC01091	0.032207325	0.0	-5.0534296	7.7123113	1
8872	FAT4	0.17137128	0.0	-7.4293756	35.35816	1
8887	LARP1B	0.07981433	0.0	-6.3365393	17.328674	1
8896	C4orf33	0.04099849	0.0	-5.3922653	9.55131	1
8912	AC105383.1	0.06418185	0.0	-6.026398	13.334717	1
8918	PABPC4L	0.12046259	0.0	-6.9243684	25.208258	1
8954	AC097376.3	0.12872867	0.0	-7.0193534	26.810612	1
8955	RAB33B	0.044891763	0.0	-5.520163	10.304448	1
8956	SETD7	0.07609332	0.0	-6.268534	17.259245	1
8968	ELMOD2	0.10873748	0.0	-6.7779126	23.607988	1
8971	TBC1D9	0.065633774	0.0	-6.058182	14.259779	1
8981	INPP4B	0.07865134	0.0	-6.3156266	16.951979	1
8985	USP38	0.097606815	0.0	-6.6236153	22.106138	1
8991	AC107223.1	0.030919077	0.0	-4.996347	7.298981	1
8999	HHIP-AS1	0.046329074	0.0	-5.564655	9.285773	1
9000	HHIP	0.025635552	0.0	-4.7352815	5.953237	1
9004	OTUD4	0.086908154	0.0	-6.457925	19.207197	1
9010	MMAA	0.03002466	0.0	-4.9553432	7.2155466	1
9020	SLC10A7	0.02870617	0.0	-4.8926907	6.9914236	1
9031	PRMT9	0.06494404	0.0	-6.0431705	14.679718	1
9032	ARHGAP10	0.05853832	0.0	-5.8957467	12.676405	1
9047	LRBA	0.10001634	0.0	-6.658445	22.060247	1
9049	MAB21L2	0.046845198	0.0	-5.5803022	9.888963	1
9091	SFRP2	0.13479401	0.0	-7.085276	18.185211	1
9111	AC104083.1	0.02566259	0.0	-4.736745	6.3722143	1
9120	PDGFC	0.09444619	0.0	-6.576616	19.501675	1
9129	GASK1B	0.10834223	0.0	-6.772707	22.817694	1
9137	C4orf46	0.03845667	0.0	-5.3021975	8.622147	1
9144	LINC02233	0.023004223	0.0	-4.585216	5.1062493	1
9147	FSTL5	0.3609759	0.0	-8.499749	44.55244	1
9152	NAF1	0.14341204	0.0	-7.174047	30.395128	1
9154	NPY5R	0.021280492	0.0	-4.4777093	5.257733	1
9176	SPOCK3	0.10411241	0.0	-6.7157893	18.996607	1
9182	DDX60L	0.044635758	0.0	-5.5120926	10.156095	1
9188	SH3RF1	0.08728866	0.0	-6.464156	19.410442	1
9211	GALNTL6	0.0583669	0.0	-5.891587	12.2129	1
9216	AC097534.2	0.088883705	0.0	-6.489988	18.542456	1
9219	AC093849.4	0.022314297	0.0	-4.543143	5.235857	1
9222	AC093849.2	0.025184516	0.0	-4.710642	5.894681	1
9250	VEGFC	0.062768236	0.0	-5.994766	13.129372	1
9271	TENM3-AS1	0.043459136	0.0	-5.4744077	9.010449	1
9287	CDKN2AIP	0.1791502	0.0	-7.4930563	37.961006	1
9321	SNX25	0.042298567	0.0	-5.4362473	9.353404	1
9326	C4orf47	0.028871609	0.0	-4.900703	6.571122	1
9385	EXOC3-AS1	0.08427562	0.0	-6.4140615	18.431757	1
9389	SLC9A3-AS1	0.03344023	0.0	-5.106023	7.844097	1
9406	SLC12A7	0.028615782	0.0	-4.888294	6.7895207	1
9469	UBE2QL1	0.030707179	0.0	-4.9867373	7.30045	1
9471	NSUN2	0.06862523	0.0	-6.121538	15.583478	1
9472	SRD5A1	0.03351436	0.0	-5.1091247	7.8739953	1
9474	TENT4A	0.083989084	0.0	-6.4092054	19.387772	1
9522	CMBL	0.16425799	0.0	-7.368576	35.662243	1
9561	ZNF622	0.16824226	0.0	-7.402946	37.705154	1
9601	CDH12	0.054771863	0.0	-5.8014655	11.209787	1
9617	LINC02228	0.04888546	0.0	-5.6405473	10.260765	1
9640	DROSHA	0.08978213	0.0	-6.5043364	19.968565	1
9641	C5orf22	0.060510512	0.0	-5.942761	13.579262	1
9642	PDZD2	0.044247415	0.0	-5.4997635	10.506385	1
9651	AC025181.2	0.025097705	0.0	-4.705851	6.1506877	1
9652	MTMR12	0.04789999	0.0	-5.611762	11.018865	1
9657	NPR3	0.04657318	0.0	-5.5720763	9.6919155	1
9678	RAD1	0.13296959	0.0	-7.0657616	28.347887	1
9683	SPEF2	0.15852572	0.0	-7.317645	33.180325	1
9690	LMBRD2	0.039989427	0.0	-5.3571796	9.612031	1
9692	NADK2	0.086282685	0.0	-6.4476237	18.64361	1
9713	EGFLAM	0.024542205	0.0	-4.674811	6.3042035	1
9725	RICTOR	0.12653849	0.0	-6.9947886	28.530834	1
9729	DAB2	0.44711816	0.05693569	-2.951355	6.164533	1
9737	TTC33	0.12794939	0.0	-7.010661	27.863554	1
9738	PTGER4	0.074996516	0.0	-6.2478614	15.409531	1
9741	CARD6	0.023827542	0.0	-4.633869	6.0197415	1
9746	OXCT1	0.05991389	0.0	-5.928699	12.868978	1
9753	CCDC152	0.039035123	0.0	-5.323194	9.195801	1
9760	AC025171.1	0.022719922	0.0	-4.5680275	5.6228147	1
9764	AC025171.2	0.020096086	0.0	-4.3989034	5.2009606	1
9784	MRPS30-DT	0.03936904	0.0	-5.3351774	9.019258	1
9801	ISL1	0.36321044	0.0	-8.508628	44.55244	1
9815	FST	0.046378378	0.0	-5.566157	8.890829	1
9819	ARL15	0.054595184	0.0	-5.796888	12.698548	1
9870	PLK2	0.7404775	0.051562987	-3.8182838	12.67266	1
9897	IPO11	0.030462721	0.0	-4.9755716	6.99663	1
9915	TRAPPC13	0.040743247	0.0	-5.383471	9.663804	1
9916	SGTB	0.07542202	0.0	-6.2559166	16.65985	1
9920	AC010359.3	0.0322779	0.0	-5.0564923	7.8764	1
9926	AC092353.2	0.026944945	0.0	-4.8045154	7.031531	1
9954	CDK7	0.03962343	0.0	-5.34424	8.938497	1
9955	CCDC125	0.06321252	0.0	-6.0047827	13.776019	1
9958	RAD17	0.13113421	0.0	-7.0458603	28.84406	1
9962	GTF2H2C	0.05432626	0.0	-5.789892	12.086696	1
9968	SMN1	0.025736509	0.0	-4.7407393	6.331415	1
10035	IQGAP2	0.12191214	0.0	-6.9414835	23.874727	1
10046	ZBED3-AS1	0.043459002	0.0	-5.4744034	9.87976	1
10047	PDE8B	0.04543656	0.0	-5.537189	9.286857	1
10053	AP3B1	0.34745672	0.048510306	-2.8151786	5.4307523	1
10054	SCAMP1-AS1	0.037255164	0.0	-5.2575827	8.380218	1
10056	LHFPL2	0.089240685	0.0	-6.495706	20.207647	1
10057	ARSB	0.025391608	0.0	-4.7220073	6.180981	1
10062	HOMER1	0.06365809	0.0	-6.014759	13.672201	1
10069	THBS4	0.04097931	0.0	-5.3916063	8.393815	1
10071	SERINC5	0.03857498	0.0	-5.3065166	9.033132	1
10075	AC008771.1	0.10687223	0.0	-6.7531796	22.860466	1
10081	MSH3	0.11848208	0.0	-6.9006505	27.355152	1
10085	CKMT2-AS1	0.05110363	0.0	-5.703312	11.356861	1
10089	AC010623.1	0.053635135	0.0	-5.771757	11.274682	1
10093	ATG10	0.11570009	0.0	-6.8666615	25.662806	1
10097	ATP6AP1L	0.032048747	0.0	-5.0465236	7.403646	1
10110	HAPLN1	0.030134879	0.0	-4.9604597	6.6625223	1
10135	TMEM161B	0.10271689	0.0	-6.696507	23.222702	1
10179	POU5F2	0.023053417	0.0	-4.58817	5.4192204	1
10217	LNPEP	0.12541135	0.0	-6.981982	26.686169	1
10219	LIX1	0.042164575	0.0	-5.4317756	8.251284	1
10228	RGMB	0.031752024	0.0	-5.033512	7.6475825	1
10238	ST8SIA4	0.05554313	0.0	-5.8212795	12.049058	1
10248	GIN1	0.024924463	0.0	-4.6962423	5.783488	1
10251	C5orf30	0.048630543	0.0	-5.6331563	10.517069	1
10269	AC008467.1	0.029852644	0.0	-4.9473224	7.3240733	1
10286	STARD4	0.15778309	0.0	-7.3109136	34.410503	1
10304	YTHDC2	0.17579138	0.0	-7.465904	38.144657	1
10306	KCNN2	0.17855239	0.0	-7.4882607	31.781607	1
10317	FEM1C	0.0447106	0.0	-5.5144567	9.98186	1
10334	SEMA6A-AS1	0.028340869	0.0	-4.87484	6.8091807	1
10348	DTWD2	0.03724762	0.0	-5.257298	8.170049	1
10350	DMXL1	0.12581907	0.0	-6.986628	27.314177	1
10356	PRR16	0.08127495	0.0	-6.3623815	16.12142	1
10360	SRFBP1	0.22054906	0.0	-7.7914824	44.55244	1
10367	SNCAIP	0.044874597	0.0	-5.5196233	9.878661	1
10379	CEP120	0.05388693	0.0	-5.7783904	12.272372	1
10398	GRAMD2B	0.048968416	0.0	-5.6429443	11.265235	1
10417	LINC01184	0.114723735	0.0	-6.854541	25.20871	1
10422	ISOC1	0.107102506	0.0	-6.756256	21.048643	1
10425	ADAMTS19	0.11060779	0.0	-6.802294	21.465714	1
10428	CHSY3	0.03973249	0.0	-5.348108	9.610301	1
10434	FNIP1	0.2455981	0.0	-7.9460177	44.55244	1
10444	P4HA2	0.6074059	0.06817161	-3.136782	7.2192497	1
10445	PDLIM4	0.25910914	0.0	-8.022973	44.55244	1
10449	C5orf56	0.025833579	0.0	-4.7459674	5.5949216	1
10483	AC008608.2	0.023452738	0.0	-4.611924	5.644392	1
10491	CDKN2AIPNL	0.15209952	0.0	-7.258326	33.7763	1
10495	JADE2	0.023343777	0.0	-4.605481	5.6486845	1
10502	PCBD2	0.039129715	0.0	-5.326599	9.10755	1
10504	PITX1	0.11696417	0.0	-6.882205	23.90223	1
10536	SPOCK1	0.026328392	0.0	-4.772329	6.1374273	1
10537	KLHL3	0.02926198	0.0	-4.9194345	6.4309087	1
10567	MATR3-1	0.093466245	0.0	-6.561727	21.259348	1
10610	WDR55	0.12221223	0.0	-6.9450016	27.64319	1
10612	HARS	0.23091069	0.0	-7.8574257	44.55244	1
10613	HARS2	0.058523566	0.0	-5.895389	12.9929905	1
10624	PCDHA9	0.04231351	0.0	-5.436745	9.595772	1
10629	PCDHA12	0.11999472	0.0	-6.9188004	25.545029	1
10639	PCDHB2	0.28539836	0.0	-8.16188	44.55244	1
10650	PCDHB16	0.030003823	0.0	-4.9543743	6.779537	1
10658	PCDHB14	0.022901533	0.0	-4.579031	5.1815395	1
10681	PCDHGB7	0.03265107	0.0	-5.0725803	7.864685	1
10686	PCDHGC3	0.03397196	0.0	-5.1281266	7.898758	1
10694	FCHSD1	0.027394537	0.0	-4.8275414	6.485253	1
10709	SPRY4-AS1	0.040234137	0.0	-5.365767	9.952518	1
10714	ARHGAP26	0.025043657	0.0	-4.70286	5.988454	1
10723	KCTD16	0.070387974	0.0	-6.157609	13.938632	1
10729	PRELID2	0.07355027	0.0	-6.2201414	15.110657	1
10751	JAKMIP2	0.11079698	0.0	-6.8047376	22.906408	1
10758	SPINK5	0.040854026	0.0	-5.3872943	9.126341	1
10759	AC011346.1	0.04742608	0.0	-5.597712	11.015578	1
10766	FBXO38	0.07051485	0.0	-6.160171	15.39557	1
10770	ADRB2	0.14989866	0.0	-7.2374363	28.25156	1
10781	PCYOX1L	0.03864526	0.0	-5.3090763	8.694734	1
10792	TIGD6	0.024804577	0.0	-4.689555	6.1064005	1
10799	ARSI	0.026056334	0.0	-4.7578945	5.88855	1
10801	CD74	0.061237957	0.0	-5.9597225	13.698525	1
10806	SYNPO	0.052207503	0.0	-5.7335577	12.1120825	1
10809	MYOZ3	0.023666266	0.0	-4.6244674	5.583696	1
10812	DCTN4	0.1757119	0.0	-7.4652553	37.792725	1
10815	ZNF300	0.081852034	0.0	-6.372465	17.86668	1
10845	MFAP3	0.02907973	0.0	-4.9107194	6.06029	1
10846	GALNT10	0.08998667	0.0	-6.507583	18.951258	1
10850	HAND1	0.06723362	0.0	-6.092411	11.976307	1
10853	FAXDC2	0.066314094	0.0	-6.072837	14.592045	1
10859	SGCD	0.08620207	0.0	-6.4462905	17.840416	1
10867	MED7	0.12248829	0.0	-6.9482303	27.40736	1
10876	ADAM19	0.057717156	0.0	-5.87571	13.203521	1
10913	ZBED8	0.023275446	0.0	-4.601426	5.4422903	1
10921	GABRB2	0.03758344	0.0	-5.26991	7.802568	1
10936	AC109466.1	0.0646408	0.0	-6.036521	13.023684	1
10967	INSYN2B	0.037202723	0.0	-5.2556033	9.089638	1
10974	KCNIP1	0.021681765	0.0	-4.503461	5.260673	1
10996	NEURL1B	0.030360395	0.0	-4.970872	7.228962	1
11043	THOC3	0.07196767	0.0	-6.1891856	16.519703	1
11052	KIAA1191	0.1469033	0.0	-7.2085104	32.426243	1
11065	TSPAN17	0.0688863	0.0	-6.126938	14.861089	1
11077	RAB24	0.024634281	0.0	-4.680002	5.7271905	1
11084	F12	0.024621842	0.0	-4.679302	5.9814806	1
11107	FAM153CP	0.023232482	0.0	-4.5988703	5.441158	1
11114	COL23A1	0.02305064	0.0	-4.588003	5.3322964	1
11120	ZNF354A	0.09117838	0.0	-6.526356	20.229218	1
11152	MAPK9	0.11935653	0.0	-6.9111705	26.314411	1
11161	MGAT1	0.1610187	0.0	-7.3400164	36.730923	1
11163	LINC00847	0.032827184	0.0	-5.080111	7.5477815	1
11177	TRIM41	0.07660244	0.0	-6.27803	16.919935	1
11184	AC008443.3	0.026062867	0.0	-4.7582426	5.963454	1
11225	SERPINB1	0.05528103	0.0	-5.8145766	12.388793	1
11227	SERPINB9	0.044182457	0.0	-5.4976907	10.428458	1
11238	TUBB2A	0.089209974	0.0	-6.495215	18.89583	1
11245	PXDC1	0.052315116	0.0	-5.7364726	11.964066	1
11303	BLOC1S5	0.1338618	0.0	-7.075338	29.377346	1
11307	SLC35B3	0.056415334	0.0	-5.8433642	12.933141	1
11332	SMIM13	0.053866345	0.0	-5.777849	12.327927	1
11335	NEDD9	0.032647245	0.0	-5.0724163	7.8648868	1
11355	SIRT5	0.046917677	0.0	-5.582486	10.285381	1
11400	KDM1B	0.060771935	0.0	-5.9488797	13.3912325	1
11415	CDKAL1	0.080670856	0.0	-6.3517494	17.79413	1
11437	ALDH5A1	0.048628207	0.0	-5.633088	10.727237	1
11479	HIST1H1E	0.058029834	0.0	-5.8833723	13.65394	1
11487	HIST1H4E	0.064006984	0.0	-6.022523	14.673364	1
11489	HIST1H2AE	0.045776445	0.0	-5.5477104	9.885919	1
11498	HIST1H4H	0.029111119	0.0	-4.9122243	6.7354326	1
11502	BTN3A1	0.04446945	0.0	-5.5068254	10.118042	1
11503	BTN3A3	0.046270728	0.0	-5.5628753	10.268222	1
11506	HCG11	0.052202642	0.0	-5.733426	11.801488	1
11519	HIST1H2AG	0.040065825	0.0	-5.359866	8.744058	1
11532	AL009179.1	0.023763722	0.0	-4.630156	5.707934	1
11555	ZSCAN16	0.025412146	0.0	-4.7231297	6.0768332	1
11558	ZSCAN9	0.051802758	0.0	-5.7225413	11.921715	1
11559	ZKSCAN4	0.0557105	0.0	-5.825544	12.485255	1
11561	ZSCAN26	0.12901695	0.0	-7.022556	27.956133	1
11562	PGBD1	0.06285279	0.0	-5.996678	14.089512	1
11565	ZSCAN12	0.046189193	0.0	-5.5603843	10.709176	1
11566	ZSCAN23	0.0221093	0.0	-4.5304017	5.2118764	1
11632	PRR3	0.096796274	0.0	-6.6117077	21.658033	1
11646	IER3-AS1	0.023131434	0.0	-4.5928416	5.4968967	1
11652	DDR1	0.07614768	0.0	-6.269551	16.151064	1
11654	VARS2	0.029827267	0.0	-4.946135	7.2769985	1
11665	CCHCR1	0.031264596	0.0	-5.01188	7.2863812	1
11677	MICA	0.04820559	0.0	-5.6207504	10.785657	1
11686	NFKBIL1	0.21251908	0.0	-7.738221	44.55244	1
11696	C6orf47	0.08726671	0.0	-6.4637976	18.436905	1
11700	LY6G5B	0.027118718	0.0	-4.813459	6.095215	1
11702	ABHD16A	0.078245156	0.0	-6.308251	17.913656	1
11717	HSPA1A	0.027969848	0.0	-4.85648	6.8117065	1
11718	HSPA1B	0.034833066	0.0	-5.1632195	8.296151	1
11725	ZBTB12	0.020018725	0.0	-4.3936033	5.02627	1
11740	FKBPL	0.042411	0.0	-5.4399886	9.529713	1
11744	EGFL8	0.03051767	0.0	-4.978089	7.0278044	1
11747	AGER	0.020212274	0.0	-4.4068274	5.0209613	1
11750	GPSM3	0.087608054	0.0	-6.469366	19.70721	1
11752	TSBP1-AS1	0.045832448	0.0	-5.5494366	9.8432665	1
11779	COL11A2	0.021500727	0.0	-4.4918995	5.059349	1
11782	HSD17B8	0.07778207	0.0	-6.2997956	16.841022	1
11801	ZBTB9	0.0330698	0.0	-5.0904217	7.574919	1
11821	ILRUN	0.1168067	0.0	-6.8802776	24.94554	1
11824	UHRF1BP1	0.041102268	0.0	-5.395826	9.130526	1
11831	ZNF76	0.03767939	0.0	-5.273493	9.138941	1
11833	PPARD	0.05274923	0.0	-5.7481723	12.0807705	1
11834	FANCE	0.035318684	0.0	-5.18264	8.333054	1
11846	LHFPL5	0.03029075	0.0	-4.9676642	6.716878	1
11850	MAPK13	0.05179138	0.0	-5.7222304	11.465315	1
11852	BRPF3	0.075853035	0.0	-6.2640305	16.935133	1
11865	CPNE5	0.01915605	0.0	-4.333141	5.06678	1
11880	CMTR1	0.096930295	0.0	-6.613683	20.804287	1
11936	MED20	0.0446178	0.0	-5.5115247	10.410207	1
11940	TAF8	0.08067815	0.0	-6.351878	17.774036	1
11951	TBCC	0.17599635	0.0	-7.4675756	37.803677	1
11961	PEX6	0.02450412	0.0	-4.6726584	5.7843757	1
11962	PPP2R5D	0.08043773	0.0	-6.3476253	18.510965	1
11973	CUL9	0.03790422	0.0	-5.2818546	8.608346	1
11990	POLH	0.032979615	0.0	-5.0865974	8.307847	1
11992	GTPBP2	0.036816135	0.0	-5.2409296	8.574885	1
11994	RSPH9	0.024187202	0.0	-4.6546187	5.348356	1
12010	SLC29A1	0.027773585	0.0	-4.846673	6.4738407	1
12016	AARS2	0.06792388	0.0	-6.106932	14.889978	1
12021	SUPT3H	0.08803163	0.0	-6.476246	19.700592	1
12081	PAQR8	0.03637515	0.0	-5.224007	8.208703	1
12085	TMEM14A	0.098362185	0.0	-6.634625	21.15525	1
12102	AL590652.1	0.03502455	0.0	-5.1709085	7.5043693	1
12123	BEND6	0.028020294	0.0	-4.85899	6.283671	1
12128	RAB23	0.08980069	0.0	-6.5046315	20.07573	1
12129	PRIM2	0.047983885	0.0	-5.614235	11.425619	1
12159	ADGRB3	0.15785307	0.0	-7.311549	33.802364	1
12167	FAM135A	0.0783675	0.0	-6.3104763	17.685772	1
12168	SDHAF4	0.03436256	0.0	-5.1441507	8.008322	1
12171	B3GAT2	0.02892374	0.0	-4.9032187	6.287333	1
12186	KHDC1	0.03351186	0.0	-5.10902	7.475936	1
12204	COL12A1	0.17572096	0.0	-7.465329	33.13499	1
12208	FILIP1	0.069085814	0.0	-6.1310506	14.35397	1
12221	IRAK1BP1	0.055380113	0.0	-5.8171144	12.3336735	1
12229	AL391840.3	0.04862199	0.0	-5.6329074	10.998527	1
12235	ELOVL4	0.06288314	0.0	-5.9973636	14.273584	1
12255	DOP1A	0.076622665	0.0	-6.278406	17.184155	1
12258	ME1	0.034955245	0.0	-5.1681304	8.124658	1
12259	PRSS35	0.2622168	0.0	-8.040108	38.427074	1
12264	CYB5R4	0.027440846	0.0	-4.8298926	6.1085463	1
12270	TBX18	0.02304368	0.0	-4.587586	5.4371443	1
12287	SLC35A1	0.083781235	0.0	-6.405673	18.601646	1
12313	BACH2	0.04273438	0.0	-5.450696	9.979894	1
12325	EPHA7	0.10233181	0.0	-6.6911407	20.955328	1
12330	MANEA-DT	0.02569432	0.0	-4.738461	6.3669453	1
12331	MANEA	0.06194469	0.0	-5.9760127	14.063214	1
12341	MMS22L	0.034893036	0.0	-5.165632	7.874828	1
12349	COQ3	0.03550711	0.0	-5.1901054	7.7428193	1
12351	AL513550.1	0.022753924	0.0	-4.570094	5.743563	1
12352	USP45	0.053762596	0.0	-5.775119	12.424695	1
12362	GRIK2	0.21051241	0.0	-7.7245984	42.134136	1
12367	HACE1	0.051473808	0.0	-5.7135253	11.49679	1
12374	PREP	0.089793906	0.0	-6.5045233	19.704554	1
12392	PDSS2	0.044604544	0.0	-5.5111055	10.280901	1
12412	SESN1	0.0682898	0.0	-6.114571	15.346141	1
12423	FIG4	0.039689496	0.0	-5.3465843	9.265209	1
12427	WASF1	0.2980797	0.0	-8.224386	44.55244	1
12443	AL080317.2	0.02062472	0.0	-4.4346094	5.2537794	1
12452	TUBE1	0.034555066	0.0	-5.1519833	7.6438413	1
12503	DCBLD1	0.056086518	0.0	-5.8350782	12.35244	1
12513	FAM184A	0.025347147	0.0	-4.719575	5.56127	1
12518	TBC1D32	0.068929836	0.0	-6.127836	15.895077	1
12538	TPD52L1	0.14864579	0.0	-7.225408	30.180601	1
12552	RNF146	0.17398152	0.0	-7.451059	38.612946	1
12570	TMEM200A	0.07946054	0.0	-6.3302093	17.224813	1
12580	ENPP1	0.054817326	0.0	-5.802641	12.534537	1
12582	CCN2	0.24284503	0.0	-7.9298205	44.55244	1
12586	MOXD1	0.08198462	0.0	-6.374772	16.286674	1
12603	EYA4	0.048021667	0.0	-5.6153474	9.768922	1
12606	TARID	0.034390494	0.0	-5.14529	7.5890675	1
12609	TCF21	0.25019217	0.0	-7.9726477	44.55244	1
12610	TBPL1	0.12974778	0.0	-7.0306425	29.227055	1
12635	PDE7B	0.046916753	0.0	-5.582458	10.714453	1
12647	PEX7	0.040060822	0.0	-5.3596907	9.243037	1
12659	TNFAIP3	0.040750075	0.0	-5.3837066	9.782209	1
12675	HECA	0.077849485	0.0	-6.301029	17.399757	1
12698	HIVEP2	0.060000416	0.0	-5.930747	14.554742	1
12705	ADAT2	0.03932224	0.0	-5.3335037	9.226059	1
12707	FUCA2	0.18373077	0.0	-7.52928	40.71891	1
12722	AL356599.1	0.08752148	0.0	-6.4679556	19.852444	1
12724	FBXO30	0.057041902	0.0	-5.8590226	13.651097	1
12734	STXBP5	0.054421682	0.0	-5.7923784	13.128796	1
12751	SUMO4	0.022633635	0.0	-4.5627694	5.6331606	1
12758	KATNA1	0.17706227	0.0	-7.4762383	38.516533	1
12761	NUP43	0.061246146	0.0	-5.9599123	13.885771	1
12764	LRP11	0.044479292	0.0	-5.507138	9.693515	1
12781	MTHFD1L	0.101670645	0.0	-6.68188	23.09271	1
12786	ZBTB2	0.052162584	0.0	-5.7323394	11.439784	1
12787	RMND1	0.113007925	0.0	-6.83299	25.776718	1
12788	ARMT1	0.1381628	0.0	-7.12063	29.814009	1
12801	FBXO5	0.058756985	0.0	-5.9010353	12.856572	1
12804	RGS17	0.024439689	0.0	-4.669009	5.634629	1
12809	CNKSR3	0.09304163	0.0	-6.5552278	20.354366	1
12815	TFB1M	0.053590726	0.0	-5.7705836	12.387786	1
12844	TMEM181	0.07975682	0.0	-6.335512	17.776037	1
12851	RSPH3	0.058819175	0.0	-5.902536	12.953774	1
12852	AL035530.2	0.026092628	0.0	-4.7598286	6.328185	1
12866	ACAT2	0.06748157	0.0	-6.097644	14.8448515	1
12887	MAP3K4	0.10794906	0.0	-6.76751	23.02459	1
12913	PDE10A	0.112342544	0.0	-6.824546	23.044563	1
12928	RPS6KA2	0.022325074	0.0	-4.54381	5.3308196	1
12970	SMOC2	0.049957838	0.0	-5.671232	10.197981	1
12985	WDR27	0.060136326	0.0	-5.9339576	13.515073	1
12987	PHF10	0.09488344	0.0	-6.58321	20.444523	1
12991	ERMARD	0.042715926	0.0	-5.450087	9.829822	1
13009	TBP	0.06972487	0.0	-6.144146	15.513321	1
13025	FAM20C	0.11309727	0.0	-6.8341203	25.166792	1
13058	INTS1	0.11515854	0.0	-6.8599515	25.822906	1
13069	MAD1L1	0.095683366	0.0	-6.595196	20.784111	1
13071	MRM2	0.14558333	0.0	-7.195577	31.757235	1
13073	SNX8	0.0662519	0.0	-6.071503	15.079546	1
13078	BRAT1	0.09239707	0.0	-6.5453053	20.839588	1
13096	RADIL	0.026013846	0.0	-4.755627	6.134072	1
13109	FBXL18	0.040842086	0.0	-5.386883	9.457125	1
13129	DAGLB	0.024871763	0.0	-4.6933064	5.7098722	1
13135	ZNF853	0.08578746	0.0	-6.4394145	19.137146	1
13136	ZNF316	0.11792462	0.0	-6.8939037	26.106659	1
13142	C1GALT1	0.17735183	0.0	-7.4785824	37.30183	1
13160	AC060834.2	0.069974154	0.0	-6.149222	13.964202	1
13170	THSD7A	0.52881634	0.0	-9.049349	44.55244	1
13193	CRPPA	0.024323452	0.0	-4.662402	5.8639674	1
13195	SOSTDC1	0.08671727	0.0	-6.454789	15.431658	1
13213	HDAC9	0.06299784	0.0	-5.9999514	14.146973	1
13259	CCDC126	0.05891186	0.0	-5.9047694	12.558343	1
13287	SNX10	0.025988694	0.0	-4.7542834	6.0489984	1
13288	AC004540.2	0.03376505	0.0	-5.1195655	7.333722	1
13289	AC004540.1	0.04657154	0.0	-5.5720267	10.351255	1
13296	HOTAIRM1	0.046407986	0.0	-5.567058	10.556061	1
13298	HOXA3	0.050534952	0.0	-5.6874795	10.963344	1
13300	HOXA4	0.023711175	0.0	-4.6270914	5.427173	1
13302	HOXA5	0.050046857	0.0	-5.67375	10.875605	1
13304	HOXA7	0.05375083	0.0	-5.774809	11.737954	1
13306	HOXA9	0.17417887	0.0	-7.452685	35.199272	1
13307	HOXA10-AS	0.05702622	0.0	-5.858633	12.591492	1
13308	HOXA10	0.6068334	0.08613885	-2.8022878	5.3037105	1
13312	HOXA13	0.027335105	0.0	-4.8245187	6.2899537	1
13323	JAZF1	0.038616545	0.0	-5.308031	8.755125	1
13347	MTURN	0.038678907	0.0	-5.3103004	9.534031	1
13364	AQP1	0.02309039	0.0	-4.590386	5.039272	1
13372	PDE1C	0.02589038	0.0	-4.749018	5.8602834	1
13375	AVL9	0.078437686	0.0	-6.311752	17.31801	1
13388	BMPER	0.12064839	0.0	-6.9265733	24.554733	1
13393	DPY19L1	0.075864315	0.0	-6.264242	16.733347	1
13459	YAE1	0.13852839	0.0	-7.124415	30.553316	1
13468	SUGCT	0.02931988	0.0	-4.922192	7.039085	1
13491	URGCP	0.077745795	0.0	-6.299131	17.35624	1
13512	ZMIZ2	0.037032783	0.0	-5.2491713	8.62678	1
13568	FIGNL1	0.051103886	0.0	-5.703319	11.51495	1
13608	PSPH	0.058051527	0.0	-5.883902	13.312591	1
13611	PHKG1	0.049246956	0.0	-5.6509643	10.836405	1
13653	ZNF138	0.09336054	0.0	-6.560112	20.460949	1
13656	ZNF273	0.040161334	0.0	-5.363218	9.160418	1
13662	ZNF92	0.098048374	0.0	-6.6300616	21.278843	1
13671	LINC00174	0.03202179	0.0	-5.0453463	7.1411333	1
13675	RABGEF1	0.072699785	0.0	-6.2035885	16.237612	1
13680	TYW1	0.10225495	0.0	-6.6900673	22.118687	1
13682	AC006480.2	0.0227323	0.0	-4.56878	5.43956	1
13695	TYW1B	0.031258754	0.0	-5.0116186	7.4378333	1
13696	POM121	0.17191654	0.0	-7.433932	38.67643	1
13712	VPS37D	0.07740033	0.0	-6.2927876	16.712652	1
13713	DNAJC30	0.12979369	0.0	-7.031149	27.927057	1
13722	ELN	0.053810112	0.0	-5.77637	11.036419	1
13735	GTF2IRD2	0.054419193	0.0	-5.7923136	11.937925	1
13736	CASTOR2	0.041305743	0.0	-5.4027815	9.3876095	1
13752	TMEM120A	0.07398868	0.0	-6.228601	16.301704	1
13758	SSC4D	0.030610261	0.0	-4.982321	6.8771577	1
13764	POMZP3	0.02689809	0.0	-4.8020945	6.389256	1
13795	HGF	0.1382558	0.0	-7.1215935	25.723806	1
13796	CACNA2D1	0.15418422	0.0	-7.277838	33.21277	1
13804	SEMA3D	0.14459114	0.0	-7.1857786	26.857868	1
13813	TMEM243	0.12080828	0.0	-6.928468	27.214931	1
13815	CROT	0.0990727	0.0	-6.6449046	21.691954	1
13821	ADAM22	0.026071684	0.0	-4.758713	5.926674	1
13838	GTPBP10	0.07796482	0.0	-6.3031383	17.043001	1
13840	CDK14	0.12334201	0.0	-6.95817	26.563292	1
13859	PEX1	0.1230191	0.0	-6.9544187	26.898596	1
13860	RBM48	0.10053706	0.0	-6.6658626	21.495047	1
13866	SAMD9	0.03798914	0.0	-5.2850003	8.717106	1
13900	DLX5	0.07806283	0.0	-6.304928	14.979159	1
13901	SDHAF3	0.14443503	0.0	-7.184231	31.573027	1
13906	LMTK2	0.052922774	0.0	-5.752823	11.820448	1
13908	TECPR1	0.04586321	0.0	-5.550384	10.56616	1
13926	ZNF789	0.036603235	0.0	-5.2327847	8.755736	1
13928	ZKSCAN5	0.0631554	0.0	-6.0034986	14.301751	1
13929	FAM200A	0.11765305	0.0	-6.8906054	26.059677	1
13932	ZSCAN25	0.030783067	0.0	-4.990186	7.224138	1
13939	TRIM4	0.11924401	0.0	-6.909821	25.743593	1
13958	GAL3ST4	0.024054961	0.0	-4.647024	5.698785	1
13970	PPP1R35	0.19536181	0.0	-7.6173706	41.83228	1
13983	MOSPD3	0.14799784	0.0	-7.2191477	32.148407	1
13992	SLC12A9	0.05128546	0.0	-5.708338	10.976975	1
13997	ACHE	0.04545094	0.0	-5.537636	10.226237	1
14016	COL26A1	0.076134734	0.0	-6.2693086	17.559502	1
14029	LRWD1	0.043344878	0.0	-5.4706955	10.069116	1
14035	RASA4	0.038638268	0.0	-5.3088217	8.983501	1
14047	NAPEPLD	0.08237507	0.0	-6.381544	18.45322	1
14066	RINT1	0.05260271	0.0	-5.744234	12.012933	1
14078	CCDC71L	0.10594071	0.0	-6.7406673	23.547346	1
14085	COG5	0.066872515	0.0	-6.0847554	15.375626	1
14110	IMMP2L	0.064994514	0.0	-6.0442743	14.791635	1
14116	ZNF277	0.20015973	0.0	-7.652198	41.775013	1
14121	TMEM168	0.1554525	0.0	-7.289581	34.037663	1
14124	GPR85	0.03946224	0.0	-5.3385043	8.209759	1
14143	CAV2	0.020157538	0.0	-4.4031	5.054638	1
14150	ST7-AS1	0.04576945	0.0	-5.5474944	10.387985	1
14151	ST7	0.036604885	0.0	-5.232848	8.944322	1
14163	CTTNBP2	0.13516119	0.0	-7.089172	26.352905	1
14199	AC006333.2	0.045544866	0.0	-5.54055	10.377962	1
14203	TMEM229A	0.23559251	0.0	-7.8862605	44.55244	1
14204	AC006148.1	0.020152992	0.0	-4.4027896	5.026265	1
14211	POT1-AS1	0.02365438	0.0	-4.623772	5.2395954	1
14245	CCDC136	0.08112954	0.0	-6.3598294	17.34857	1
14246	FLNC	0.05851145	0.0	-5.8950953	12.708313	1
14255	SMO	0.14443846	0.0	-7.184265	32.33268	1
14257	AHCYL2	0.043455325	0.0	-5.474284	9.759013	1
14261	AC078846.1	0.03612295	0.0	-5.214239	8.360518	1
14262	NRF1	0.03835826	0.0	-5.2985945	9.5151005	1
14267	ZC3HC1	0.05122198	0.0	-5.7065854	11.556796	1
14282	COPG2	0.08482748	0.0	-6.4233675	18.248072	1
14283	AC007938.3	0.056896053	0.0	-5.855393	12.800059	1
14307	EXOC4	0.23589733	0.0	-7.8881183	44.55244	1
14313	AKR1B1	0.14069064	0.0	-7.1466007	30.045315	1
14321	CYREN	0.10831743	0.0	-6.7723794	23.346493	1
14325	WDR91	0.022512881	0.0	-4.5553794	5.6379685	1
14328	CNOT4	0.36399555	0.052620593	-2.7670197	5.1685486	1
14340	CHRM2	0.19657372	0.0	-7.6262474	40.01506	1
14341	PTN	1.206616	0.30512828	-1.9799538	5.4079084	1
14354	ZC3HAV1L	0.07226318	0.0	-6.1950164	16.1711	1
14356	TTC26	0.031720288	0.0	-5.0321136	7.2654457	1
14386	DENND11	0.04128892	0.0	-5.402208	9.742854	1
14529	OR2A1-AS1	0.028489994	0.0	-4.8821535	6.9524713	1
14549	ZNF786	0.02617157	0.0	-4.764026	6.0120173	1
14550	ZNF425	0.030912148	0.0	-4.9960337	7.34715	1
14554	ZNF783	0.04094309	0.0	-5.3903613	9.657798	1
14558	ZNF746	0.04948948	0.0	-5.657911	11.283872	1
14565	ATP6V0E2	0.03904661	0.0	-5.323608	8.610386	1
14589	TMEM176B	0.08947514	0.0	-6.4994493	18.501867	1
14590	TMEM176A	0.0781972	0.0	-6.307378	16.4454	1
14592	KCNH2	0.1033255	0.0	-6.704948	22.277086	1
14624	GALNT11	0.23622075	0.0	-7.890086	44.55244	1
14627	LINC01003	0.04726668	0.0	-5.5929556	10.596142	1
14629	ACTR3B	0.030624999	0.0	-4.9829936	7.09074	1
14641	PAXIP1	0.05870889	0.0	-5.8998737	13.474803	1
14644	PAXIP1-AS1	0.04644754	0.0	-5.568261	10.594128	1
14652	INSIG1	0.07831421	0.0	-6.3095074	16.924734	1
14663	AC009403.1	0.03713968	0.0	-5.2532206	8.473141	1
14667	LINC01006	0.03658459	0.0	-5.2320695	8.762893	1
14679	UBE3C	0.09795117	0.0	-6.628645	22.03905	1
14694	NCAPG2	0.024013584	0.0	-4.64464	5.6808577	1
14695	ESYT2	0.04767328	0.0	-5.605058	10.933206	1
14757	MCPH1	0.14990574	0.0	-7.237504	32.75531	1
14762	AGPAT5	0.13783123	0.0	-7.1171885	29.51524	1
14811	PRAG1	0.07891948	0.0	-6.320475	17.284592	1
14822	PPP1R3B	0.08063715	0.0	-6.351154	17.899353	1
14835	MSRA	0.052512325	0.0	-5.7417994	11.7467785	1
14848	PINX1	0.07441692	0.0	-6.2368164	16.689072	1
14850	XKR6	0.03903797	0.0	-5.3232965	8.936395	1
14870	GATA4	0.0226757	0.0	-4.5653353	5.540695	1
14895	LONRF1	0.059415333	0.0	-5.916843	13.056783	1
14900	AC106845.1	0.022594038	0.0	-4.5603504	5.4018235	1
14968	XPO7	0.098008804	0.0	-6.6294847	21.650507	1
14985	SLC39A14	0.028790088	0.0	-4.8967605	6.9599814	1
15014	CHMP7	0.086061485	0.0	-6.4439626	19.369886	1
15027	STC1	0.06737383	0.0	-6.095372	14.06813	1
15035	NEFM	0.3614509	0.0	-8.501641	39.701473	1
15036	NEFL	0.10197464	0.0	-6.6861453	16.932716	1
15041	DOCK5	0.0712931	0.0	-6.175786	16.38278	1
15061	TRIM35	0.02538788	0.0	-4.721803	6.361342	1
15065	CLU	0.047061875	0.0	-5.586821	9.281409	1
15074	ELP3	0.090160385	0.0	-6.510335	20.06358	1
15078	FBXO16	0.047094703	0.0	-5.5878057	10.34872	1
15083	EXTL3	0.066360325	0.0	-6.0738273	14.991097	1
15085	INTS9	0.03979363	0.0	-5.3502717	9.4941845	1
15111	AC026979.4	0.024108786	0.0	-4.6501203	5.4861	1
15123	PURG	0.07826228	0.0	-6.3085628	17.291494	1
15130	NRG1	0.039156895	0.0	-5.3275757	8.310904	1
15139	MAK16	0.0992996	0.0	-6.648172	22.147247	1
15140	RNF122	0.023117332	0.0	-4.591998	5.2772264	1
15165	ZNF703	0.062714875	0.0	-5.9935584	13.495168	1
15171	BRF2	0.06888554	0.0	-6.126922	15.27468	1
15184	BAG4	0.04821609	0.0	-5.621058	10.875692	1
15186	DDHD2	0.121270955	0.0	-6.933938	26.045391	1
15202	PLEKHA2	0.026613617	0.0	-4.7873077	6.302439	1
15259	POMK	0.04002667	0.0	-5.35849	9.181141	1
15274	MCM4	0.056043465	0.0	-5.8339896	12.564836	1
15301	AC064807.1	0.039365146	0.0	-5.335038	8.733235	1
15314	OPRK1	0.033008203	0.0	-5.0878105	6.599978	1
15334	TMEM68	0.06517983	0.0	-6.04832	14.528969	1
15345	PENK	0.08338948	0.0	-6.398991	11.228244	1
15373	AC090152.1	0.047315843	0.0	-5.5944242	10.118618	1
15397	NKAIN3	0.03959468	0.0	-5.343219	9.148653	1
15402	GGH	0.031191172	0.0	-5.008593	7.2213087	1
15446	TCF24	0.060478758	0.0	-5.942016	11.799651	1
15459	AC083967.1	0.042605642	0.0	-5.4464426	6.0652833	1
15474	LACTB2	0.0437333	0.0	-5.483277	9.871922	1
15485	KCNB2	0.063707076	0.0	-6.0158515	13.057498	1
15501	STAU2	0.12683935	0.0	-6.998188	26.696867	1
15512	GDAP1	0.076515354	0.0	-6.27641	15.930473	1
15519	CRISPLD1	0.16162641	0.0	-7.3454175	34.192417	1
15527	ZFHX4-AS1	0.046788715	0.0	-5.578598	9.314322	1
15541	LINC02605	0.027499713	0.0	-4.8328753	6.507625	1
15561	PAG1	0.056477018	0.0	-5.844913	13.286417	1
15587	RALYL	0.09038444	0.0	-6.5138764	18.52234	1
15588	LRRCC1	0.041915067	0.0	-5.4234123	8.753642	1
15620	MMP16	0.17374241	0.0	-7.4490857	37.938423	1
15621	AC090578.1	0.021490443	0.0	-4.49124	5.030482	1
15626	OSGIN2	0.029857306	0.0	-4.9475403	7.045967	1
15635	NECAB1	0.021786893	0.0	-4.5101323	5.241457	1
15641	OTUD6B-AS1	0.28537536	0.0	-8.161763	44.55244	1
15642	OTUD6B	0.056692872	0.0	-5.8503213	12.380519	1
15665	RBM12B	0.17684022	0.0	-7.4744377	38.033962	1
15668	TMEM67	0.0729702	0.0	-6.2088723	15.70957	1
15670	PDP1	0.08587608	0.0	-6.440887	19.565166	1
15693	PLEKHF2	0.06017242	0.0	-5.934809	13.456568	1
15696	C8orf37	0.02821665	0.0	-4.868719	6.5510955	1
15700	GDF6	0.02445388	0.0	-4.6698136	5.742705	1
15704	PTDSS1	0.08716657	0.0	-6.4621596	19.132956	1
15711	TSPYL5	0.030720694	0.0	-4.9873524	7.282175	1
15722	STK3	0.15162033	0.0	-7.2538033	32.650528	1
15730	VPS13B	0.111887835	0.0	-6.818746	24.622248	1
15746	ANKRD46	0.10635077	0.0	-6.7461886	23.285238	1
15779	AZIN1-AS1	0.029520597	0.0	-4.931711	6.94484	1
15801	LRP12	0.16498014	0.0	-7.374867	36.05238	1
15802	ZFPM2	0.02749568	0.0	-4.832671	6.483765	1
15810	AC027031.2	0.17052867	0.0	-7.422306	35.695206	1
15844	CSMD3	0.1345033	0.0	-7.0821843	27.451511	1
15863	MED30	0.10046514	0.0	-6.66484	21.677084	1
15869	COLEC10	0.07922802	0.0	-6.326034	16.65373	1
15877	TAF2	0.11084928	0.0	-6.8054123	24.188513	1
15885	MTBP	0.022153264	0.0	-4.5331435	5.6854377	1
15900	ZHX2	0.036241677	0.0	-5.218846	7.941535	1
15913	WDYHV1	0.048763003	0.0	-5.6370015	11.418577	1
15927	TMEM65	0.053416297	0.0	-5.765967	12.443878	1
15930	RNF139	0.09554437	0.0	-6.59312	21.001167	1
15934	MTSS1	0.045123037	0.0	-5.5274153	9.433142	1
15968	MYC	0.047694784	0.0	-5.6056952	11.566208	1
15971	LINC00824	0.023890829	0.0	-4.6375422	5.424788	1
15992	EFR3A	0.18889216	0.0	-7.5690365	42.228157	1
15997	LRRC6	0.021643352	0.0	-4.5010157	5.3291883	1
16007	NDRG1	0.03347004	0.0	-5.1072707	7.6000214	1
16015	ZFAT	0.024805551	0.0	-4.6896095	5.862946	1
16018	AC083843.3	0.024101378	0.0	-4.6496944	6.10374	1
16038	TRAPPC9	0.044712763	0.0	-5.514525	10.495906	1
16076	THEM6	0.041217215	0.0	-5.3997593	9.545191	1
16093	LY6H	0.094769634	0.0	-6.5814962	18.226929	1
16096	GLI4	0.12341115	0.0	-6.958972	27.045448	1
16098	ZNF696	0.051953107	0.0	-5.726643	11.455955	1
16106	ZC3H3	0.03831864	0.0	-5.2971416	8.766076	1
16110	MROH6	0.027065223	0.0	-4.8107114	6.614229	1
16119	ZNF623	0.06590679	0.0	-6.0640807	14.707851	1
16133	NRBP2	0.04150853	0.0	-5.4096804	9.638137	1
16152	SCX	0.18907365	0.0	-7.5704145	36.10364	1
16154	DGAT1	0.072022006	0.0	-6.1902595	16.05442	1
16158	SLC52A2	0.0960241	0.0	-6.600271	21.446808	1
16159	FBXL6	0.039977275	0.0	-5.356752	8.837907	1
16167	CYHR1	0.25218213	0.0	-7.9840317	44.55244	1
16177	LRRC14	0.035192	0.0	-5.177599	8.11111	1
16185	ZNF34	0.05656709	0.0	-5.8471723	12.80016	1
16188	ZNF7	0.14965294	0.0	-7.235085	32.1872	1
16191	ZNF250	0.117766686	0.0	-6.8919864	24.676144	1
16209	KANK1	0.026332704	0.0	-4.7725563	5.977387	1
16223	VLDLR	0.049584635	0.0	-5.6606274	11.298127	1
16241	CDC37L1	0.14866409	0.0	-7.225584	32.646946	1
16258	RIC1	0.0646027	0.0	-6.035683	14.760756	1
16267	UHRF2	0.1031474	0.0	-6.702483	22.96101	1
16273	KDM4C	0.048966754	0.0	-5.6428967	11.066498	1
16283	PTPRD-AS1	0.042490114	0.0	-5.4426155	9.403512	1
16313	TTC39B	0.035338268	0.0	-5.183418	8.308241	1
16332	DENND4C	0.080822185	0.0	-6.35442	18.13428	1
16339	AL158206.1	0.02515944	0.0	-4.7092595	6.2050576	1
16381	ELAVL2	0.056246012	0.0	-5.839103	10.8575	1
16407	C9orf72	0.032740027	0.0	-5.076389	7.1974893	1
16409	AL353746.1	0.035155308	0.0	-5.1761355	8.2218895	1
16410	LINGO2	0.04820453	0.0	-5.620719	10.878984	1
16416	DDX58	0.030091874	0.0	-4.9584656	6.9998555	1
16418	SMIM27	0.053140897	0.0	-5.758647	12.03415	1
16437	NOL6	0.0208374	0.0	-4.448729	5.44634	1
16458	UBAP2	0.18241327	0.0	-7.5189543	39.63208	1
16460	DCAF12	0.07859431	0.0	-6.3145933	18.449816	1
16463	NUDT2	0.16487472	0.0	-7.37395	35.797462	1
16470	CNTFR	0.34938383	0.0	-8.452792	44.55244	1
16476	GALT	0.17390893	0.0	-7.45046	37.16619	1
16488	DNAJB5	0.031035585	0.0	-5.0016036	7.0223703	1
16498	UNC13B	0.026103139	0.0	-4.760388	6.2533402	1
16499	RUSC2	0.031547833	0.0	-5.0244894	7.159416	1
16502	TESK1	0.07443263	0.0	-6.237117	17.245195	1
16515	RGP1	0.08175244	0.0	-6.37073	17.807516	1
16519	NPR2	0.023213565	0.0	-4.5977435	5.4292526	1
16547	ZBTB5	0.043827504	0.0	-5.4863124	9.850642	1
16554	EXOSC3	0.12928087	0.0	-7.025481	28.535643	1
16556	SLC25A51	0.022191832	0.0	-4.535545	5.4885535	1
16572	GLIDR	0.059918616	0.0	-5.928811	13.2147	1
16619	LERFS	0.027402496	0.0	-4.8279457	6.339697	1
16620	AL512625.1	0.03135014	0.0	-5.0157	7.441208	1
16634	ZNF658	0.05860115	0.0	-5.8972683	13.049299	1
16648	PGM5	0.16575657	0.0	-7.3816	35.338455	1
16650	AL161457.2	0.025811175	0.0	-4.7447624	5.905895	1
16660	TJP2	0.046425957	0.0	-5.567605	10.215495	1
16674	AL162390.1	0.03790876	0.0	-5.282023	8.991243	1
16676	TRPM3	0.0377193	0.0	-5.274981	8.593466	1
16679	CEMIP2	0.08912375	0.0	-6.4938354	18.942442	1
16680	ABHD17B	0.053231947	0.0	-5.7610707	11.824219	1
16703	NMRK1	0.044024296	0.0	-5.4926314	10.818903	1
16749	KIF27	0.038938586	0.0	-5.319711	9.176293	1
16752	AL354733.3	0.11024344	0.0	-6.7975764	23.635326	1
16753	RMI1	0.036388736	0.0	-5.2245317	7.741081	1
16762	AGTPBP1	0.05898578	0.0	-5.9065485	13.729675	1
16779	DAPK1	0.07427529	0.0	-6.2341046	15.244093	1
16785	CDK20	0.024047203	0.0	-4.6465774	5.602634	1
16809	SYK	0.14656283	0.0	-7.2051854	30.234085	1
16818	AUH	0.034373146	0.0	-5.1445823	7.9370575	1
16826	CENPP	0.021424238	0.0	-4.486987	5.592958	1
16827	OGN	0.032859676	0.0	-5.0814962	5.311155	1
16829	ASPN	0.029633088	0.0	-4.937019	6.42313	1
16832	IPPK	0.02522826	0.0	-4.7130504	6.328506	1
16840	NINJ1	0.15054217	0.0	-7.2435756	31.38097	1
16842	WNK2	0.021279436	0.0	-4.4776406	5.036363	1
16846	FAM120A	0.17364244	0.0	-7.4482603	39.072754	1
16851	PTPDC1	0.059102677	0.0	-5.909357	13.19955	1
16855	ZNF169	0.021654045	0.0	-4.5016966	5.2295055	1
16858	MFSD14B	0.058694974	0.0	-5.8995376	13.567034	1
16869	FANCC	0.030416531	0.0	-4.973452	7.4580245	1
16872	PTCH1	0.113029405	0.0	-6.833262	22.403612	1
16888	SLC35D2	0.061417114	0.0	-5.9638696	13.931507	1
16892	HABP4	0.10717884	0.0	-6.7572746	23.672197	1
16893	CDC14B	0.0573481	0.0	-5.866614	13.200223	1
16896	ZNF510	0.07282592	0.0	-6.2060556	16.613375	1
16904	CCDC180	0.03884894	0.0	-5.316469	8.664608	1
16909	TSTD2	0.08550443	0.0	-6.434702	19.162355	1
16910	NCBP1	0.09788525	0.0	-6.6276836	22.259119	1
16916	TRMO	0.02590632	0.0	-4.749873	6.1297126	1
16917	AL499604.1	0.032360602	0.0	-5.0600734	7.6097345	1
16926	ANKS6	0.038534213	0.0	-5.3050294	8.956285	1
16932	TGFBR1	0.1280826	0.0	-7.012151	28.027758	1
16949	CAVIN4	0.023288473	0.0	-4.6022	5.6943326	1
16956	TMEM246	0.06851738	0.0	-6.119302	15.11411	1
16958	GRIN3A	0.03569883	0.0	-5.197662	7.618907	1
16983	FSD1L	0.03498101	0.0	-5.1691637	7.7388606	1
16985	FKTN	0.06574603	0.0	-6.0606103	13.891229	1
17005	ABITRAM	0.06986065	0.0	-6.146913	15.590021	1
17006	CTNNAL1	0.11753878	0.0	-6.8892155	24.849472	1
17008	FRRS1L	0.05095221	0.0	-5.699113	10.912861	1
17019	LPAR1	0.16309804	0.0	-7.358414	34.848297	1
17023	ZNF483	0.050011475	0.0	-5.6727495	10.800135	1
17041	ZNF883	0.081487566	0.0	-6.3661046	17.10268	1
17042	ZFP37	0.076372795	0.0	-6.2737546	16.695131	1
17047	SLC31A1	0.11974904	0.0	-6.915868	26.406696	1
17053	HDHD3	0.05456395	0.0	-5.7960773	12.190888	1
17057	RGS3	0.10792598	0.0	-6.7672043	23.683115	1
17061	ZNF618	0.2459212	0.0	-7.947907	44.55244	1
17071	TMEM268	0.030486962	0.0	-4.9766827	7.367203	1
17074	TNFSF15	0.032078244	0.0	-5.0478106	7.8240557	1
17090	TRIM32	0.045269933	0.0	-5.532003	10.250654	1
17099	BRINP1	0.056848794	0.0	-5.8542147	11.953644	1
17104	MEGF9	0.06685537	0.0	-6.084391	14.590338	1
17108	PHF19	0.049155306	0.0	-5.64833	11.419885	1
17116	STOM	0.118999496	0.0	-6.9068847	25.303642	1
17118	DAB2IP	0.10324943	0.0	-6.7038956	23.11614	1
17148	ZBTB6	0.08475763	0.0	-6.422193	18.302795	1
17149	ZBTB26	0.027333094	0.0	-4.824416	6.090803	1
17155	STRBP	0.10139367	0.0	-6.677983	21.10914	1
17157	DENND1A	0.04069887	0.0	-5.381936	9.150525	1
17172	MIR181A2HG	0.02543101	0.0	-4.7241597	5.8450084	1
17178	GOLGA1	0.11292571	0.0	-6.8319497	24.783834	1
17192	MVB12B	0.110020414	0.0	-6.794681	23.042496	1
17204	GARNL3	0.029855724	0.0	-4.9474664	6.9490323	1
17206	SLC2A8	0.0375024	0.0	-5.266876	8.781253	1
17211	STXBP1	0.039525196	0.0	-5.3407474	9.415537	1
17220	FPGS	0.07547366	0.0	-6.256891	16.825825	1
17229	FAM102A	0.16306078	0.0	-7.3580866	35.297504	1
17231	NAIF1	0.021786533	0.0	-4.5101094	5.1785645	1
17232	SLC25A25	0.040763363	0.0	-5.384166	9.755993	1
17240	DNM1	0.16283911	0.0	-7.356136	35.194714	1
17254	GLE1	0.033890452	0.0	-5.12476	7.932663	1
17263	ZDHHC12	0.021136306	0.0	-4.4683423	5.450872	1
17265	ZER1	0.05800885	0.0	-5.882859	13.748165	1
17266	TBC1D13	0.09128039	0.0	-6.527952	20.841259	1
17272	DOLK	0.06044569	0.0	-5.94124	13.683625	1
17273	NUP188	0.066236824	0.0	-6.07118	14.654448	1
17275	SH3GLB2	0.081493944	0.0	-6.366216	18.151806	1
17276	MIGA2	0.02326785	0.0	-4.600974	5.633272	1
17278	DOLPP1	0.03695991	0.0	-5.2464046	8.555106	1
17291	LINC01503	0.034624305	0.0	-5.15479	7.7618566	1
17300	ASB6	0.04029385	0.0	-5.367855	9.211338	1
17304	PTGES	0.081495285	0.0	-6.3662395	16.810127	1
17308	USP20	0.039495807	0.0	-5.3397007	8.714791	1
17312	GPR107	0.14641775	0.0	-7.2037663	33.034836	1
17328	AL157938.3	0.024764057	0.0	-4.687288	5.8814116	1
17333	AL358781.1	0.034037754	0.0	-5.1308384	7.7042975	1
17346	DDX31	0.031765252	0.0	-5.0340943	7.6516833	1
17355	RALGDS	0.10825236	0.0	-6.7715206	23.209333	1
17356	GBGT1	0.025520502	0.0	-4.729036	5.687155	1
17368	CACFD1	0.08660027	0.0	-6.452863	19.260061	1
17369	SLC2A6	0.037560914	0.0	-5.2690673	8.953503	1
17378	BRD3OS	0.095759846	0.0	-6.5963364	21.397707	1
17382	WDR5	0.049712125	0.0	-5.6642585	11.382318	1
17417	NACC2	0.022141403	0.0	-4.5324044	5.6184597	1
17429	SNAPC4	0.042793997	0.0	-5.452661	10.326613	1
17432	INPP5E	0.024080807	0.0	-4.648512	6.206928	1
17449	CCDC183	0.043973185	0.0	-5.490993	10.476142	1
17475	UAP1L1	0.037806902	0.0	-5.278241	8.8113165	1
17476	MAN1B1-DT	0.035579864	0.0	-5.192978	8.373089	1
17482	ANAPC2	0.026415415	0.0	-4.7769156	6.166871	1
17484	TPRN	0.031894524	0.0	-5.0397754	7.422203	1
17488	RNF208	0.046323065	0.0	-5.5644717	9.986502	1
17497	TOR4A	0.027273457	0.0	-4.8213763	6.4484434	1
17507	DPH7	0.10820201	0.0	-6.7708554	22.905321	1
17508	ZMYND19	0.07858209	0.0	-6.314372	17.8709	1
17580	AKR1C3	0.08254114	0.0	-6.3844147	17.471323	1
17588	NET1	0.105629764	0.0	-6.7364664	22.43173	1
17604	FBH1	0.11078271	0.0	-6.8045535	24.58192	1
17622	SFMBT2	0.03360947	0.0	-5.113095	7.908458	1
17655	USP6NL	0.08700133	0.0	-6.4594536	19.028559	1
17662	DHTKD1	0.056826234	0.0	-5.853652	12.861928	1
17663	SEC61A2	0.05164122	0.0	-5.718121	11.690809	1
17667	CAMK1D	0.111886576	0.0	-6.81873	23.11259	1
17678	BEND7	0.040143486	0.0	-5.362592	8.894297	1
17695	SUV39H2	0.034100045	0.0	-5.133401	7.9155097	1
17703	FAM171A1	0.13755864	0.0	-7.1143527	29.579166	1
17749	MIR1915HG	0.030548526	0.0	-4.979501	6.913574	1
17750	SKIDA1	0.030506486	0.0	-4.9775767	6.715704	1
17785	THNSL1	0.04451679	0.0	-5.508327	10.0291	1
17825	MTPAP	0.087500244	0.0	-6.4676094	19.114517	1
17834	ZNF438	0.028494531	0.0	-4.8823752	6.2753115	1
17851	CCDC7	0.031846184	0.0	-5.037654	7.436214	1
17856	NRP1	0.5386888	0.0	-9.075984	44.55244	1
17877	FZD8	0.15198836	0.0	-7.257278	31.925207	1
17899	ZNF33B	0.079069145	0.0	-6.3231745	17.011944	1
17915	AL450326.1	0.038319003	0.0	-5.297155	8.844498	1
17986	ARHGAP22	0.03120085	0.0	-5.009027	7.405192	1
17997	VSTM4	0.028596815	0.0	-4.88737	6.5360713	1
18005	ERCC6	0.13788521	0.0	-7.117749	30.412338	1
18017	SGMS1	0.05242134	0.0	-5.739344	11.170511	1
18032	DKK1	0.10885326	0.0	-6.7794337	17.90256	1
18038	PCDH15	0.03248231	0.0	-5.065327	7.6020713	1
18045	ZWINT	0.01962465	0.0	-4.3662977	5.004827	1
18047	IPMK	0.045657963	0.0	-5.544051	10.666497	1
18060	SLC16A9	0.04863598	0.0	-5.633314	11.21168	1
18071	TMEM26	0.047635168	0.0	-5.6039276	10.960072	1
18097	LINC01515	0.04617146	0.0	-5.559842	10.160162	1
18114	TET1	0.82680047	0.14191262	-2.5341496	6.2245064	1
18134	FAM241B	0.025495756	0.0	-4.7276893	5.5077095	1
18136	COL13A1	0.048334114	0.0	-5.6245136	10.32095	1
18144	LRRC20	0.027567241	0.0	-4.83629	6.3858523	1
18147	PALD1	0.028331503	0.0	-4.874379	6.807054	1
18172	DNAJB12	0.14099805	0.0	-7.1497273	31.657385	1
18206	FUT11	0.12349833	0.0	-6.9599824	26.902924	1
18208	ZSWIM8	0.11284716	0.0	-6.8309546	26.47963	1
18210	NDST2	0.048040327	0.0	-5.6158967	10.88091	1
18219	ADK	0.061588753	0.0	-5.9678316	13.703748	1
18230	COMTD1	0.040230613	0.0	-5.365644	9.169105	1
18234	ZNF503-AS2	0.022091638	0.0	-4.529299	5.192894	1
18249	AL450306.1	0.02308282	0.0	-4.5899324	5.665132	1
18278	AL135925.1	0.07927312	0.0	-6.326845	16.742203	1
18285	PLAC9	0.21432306	0.0	-7.750359	41.862244	1
18332	SNCG	0.13381408	0.0	-7.074827	25.953167	1
18344	LINC00863	0.046586413	0.0	-5.572478	10.035625	1
18357	RNLS	0.026171397	0.0	-4.7640166	6.503722	1
18376	IFIT1	0.044062115	0.0	-5.493843	10.025855	1
18380	PANK1	0.030538695	0.0	-4.979051	7.2094975	1
18396	ANKRD1	0.051657084	0.0	-5.7185555	11.295101	1
18401	PCGF5	0.026561717	0.0	-4.7845936	6.775597	1
18403	PPP1R3C	0.023505889	0.0	-4.6150565	5.5663548	1
18406	FGFBP3	0.03213316	0.0	-5.050204	7.386953	1
18426	LGI1	0.052041348	0.0	-5.7290454	11.708347	1
18430	PLCE1	0.040761236	0.0	-5.3840923	9.298469	1
18437	TBC1D12	0.077638224	0.0	-6.2971587	17.407482	1
18448	SORBS1	0.023949895	0.0	-4.6409616	5.9753594	1
18449	ALDH18A1	0.10553266	0.0	-6.735152	23.746418	1
18452	ENTPD1-AS1	0.049384564	0.0	-5.6549096	10.846877	1
18473	RRP12	0.04015198	0.0	-5.36289	8.910026	1
18478	MMS19	0.07318135	0.0	-6.2129846	17.182123	1
18495	PYROXD2	0.030080808	0.0	-4.957952	7.3188252	1
18500	GOT1	0.09911751	0.0	-6.6455503	21.873484	1
18512	DNMBP	0.051676184	0.0	-5.7190785	12.325475	1
18519	CWF19L1	0.0407636	0.0	-5.384174	9.176929	1
18523	SCD	0.095072836	0.0	-6.5860567	20.308979	1
18536	TWNK	0.040305983	0.0	-5.3682785	9.126312	1
18541	KAZALD1	0.06717876	0.0	-6.0912504	14.471743	1
18550	BTRC	0.12811653	0.0	-7.01253	28.401016	1
18552	POLL	0.061483275	0.0	-5.9653983	13.280736	1
18567	PITX3	0.023464974	0.0	-4.6126456	5.3992324	1
18569	NFKB2	0.044969138	0.0	-5.5225935	10.5209055	1
18590	CNNM2	0.029732144	0.0	-4.9416766	6.817259	1
18598	CALHM2	0.032440737	0.0	-5.0635347	7.415336	1
18614	SFR1	0.038085554	0.0	-5.2885633	8.36654	1
18637	ADD3-AS1	0.032147635	0.0	-5.0508337	7.824348	1
18653	ADRA2A	0.20796709	0.0	-7.707132	40.66269	1
18666	TCF7L2	0.7335553	0.13163394	-2.4694211	5.541614	1
18675	NHLRC2	0.17641507	0.0	-7.470985	37.92101	1
18690	AC016042.1	0.04839599	0.0	-5.626322	10.816096	1
18772	C10orf88	0.051595896	0.0	-5.7168784	11.4769	1
18775	ACADSB	0.022349946	0.0	-4.545347	5.6858687	1
18793	FAM53B	0.02589263	0.0	-4.749139	6.032046	1
18797	ABRAXAS2	0.15620337	0.0	-7.2964883	33.913666	1
18800	AL731577.1	0.028481875	0.0	-4.8817563	6.5001	1
18807	EDRF1-DT	0.021204855	0.0	-4.472803	5.4622746	1
18817	ADAM12	0.16977467	0.0	-7.4159503	34.918198	1
18829	PTPRE	0.08659454	0.0	-6.452769	19.429602	1
18833	MKI67	0.023024775	0.0	-4.586451	5.210933	1
18867	STK32C	0.03474187	0.0	-5.159543	8.64391	1
18868	LRRC27	0.05997732	0.0	-5.9302006	13.063515	1
18869	PWWP2B	0.06647188	0.0	-6.0762143	15.34146	1
18917	SIRT3	0.0653748	0.0	-6.0525637	14.6718445	1
18925	IFITM1	0.079758644	0.0	-6.3355446	18.706388	1
18933	B4GALNT4	0.15692076	0.0	-7.303057	33.765965	1
18947	MIR210HG	0.14486992	0.0	-7.1885386	28.802776	1
18948	PHRF1	0.1268693	0.0	-6.998526	27.655224	1
18949	IRF7	0.025870765	0.0	-4.7479653	5.855888	1
18959	GATD1	0.12015511	0.0	-6.9207115	26.71898	1
18964	PANO1	0.025189875	0.0	-4.710937	5.7871785	1
18989	MOB2	0.09549273	0.0	-6.592348	21.200682	1
19015	MRPL23	0.075080976	0.0	-6.249464	17.337444	1
19022	IGF2-AS	0.04754778	0.0	-5.601333	10.485124	1
19039	SLC22A18	0.0229335	0.0	-4.5809593	5.6780424	1
19046	OSBPL5	0.029059885	0.0	-4.9097676	6.782986	1
19058	ART5	0.027322419	0.0	-4.8238726	6.278306	1
19061	NUP98	0.09836226	0.0	-6.634626	22.425653	1
19076	TRIM21	0.04644163	0.0	-5.5680814	10.687264	1
19083	TRIM68	0.030890381	0.0	-4.9950495	7.598075	1
19127	TRIM6	0.029173799	0.0	-4.9152246	6.7861996	1
19130	TRIM22	0.02340079	0.0	-4.6088557	5.679255	1
19151	FAM160A2	0.054035798	0.0	-5.782298	12.538696	1
19157	SMPD1	0.036533862	0.0	-5.2301207	8.489855	1
19158	APBB1	0.06637643	0.0	-6.074172	14.212429	1
19161	ARFIP2	0.15367576	0.0	-7.273103	33.531013	1
19185	ZNF214	0.02394956	0.0	-4.6409426	6.356598	1
19192	PPFIBP2	0.0733498	0.0	-6.216257	16.74233	1
19207	TUB	0.06535847	0.0	-6.0522084	14.120414	1
19213	STK33	0.028786331	0.0	-4.8965783	6.510584	1
19229	DENND5A	0.12246087	0.0	-6.9479103	26.489008	1
19234	AC132192.2	0.028492246	0.0	-4.8822637	6.789245	1
19236	WEE1	0.054940723	0.0	-5.8058267	12.398743	1
19239	SBF2-AS1	0.029064652	0.0	-4.9099965	6.369552	1
19245	ADM	0.03155282	0.0	-5.0247107	7.286474	1
19251	MRVI1	0.045952357	0.0	-5.5531254	10.757956	1
19256	ZBED5-AS1	0.023322793	0.0	-4.604237	5.611281	1
19270	MICAL2	0.02402809	0.0	-4.6454763	5.712552	1
19288	FAR1	0.1190008	0.0	-6.9069004	25.65916	1
19296	RRAS2	0.05999316	0.0	-5.9305754	12.724862	1
19300	CYP2R1	0.04035186	0.0	-5.36988	9.474635	1
19329	SERGEF	0.023251494	0.0	-4.600002	5.586452	1
19339	HPS5	0.050976157	0.0	-5.699778	11.904798	1
19340	GTF2H1	0.13644364	0.0	-7.1026964	30.09255	1
19389	FANCF	0.06937571	0.0	-6.137006	15.439536	1
19390	GAS2	0.031224018	0.0	-5.0100646	6.9038754	1
19391	SVIP	0.04391107	0.0	-5.488999	10.164994	1
19398	LUZP2	0.22220835	0.0	-7.802247	42.29237	1
19406	FIBIN	0.17411165	0.0	-7.4521313	32.05352	1
19410	LGR4	0.085839376	0.0	-6.4402776	18.551619	1
19413	BDNF-AS	0.09490669	0.0	-6.5835595	20.609163	1
19434	MPPED2	0.13272518	0.0	-7.0631275	24.385662	1
19453	WT1-AS	0.051792044	0.0	-5.7222486	11.471435	1
19474	LMO2	0.030008018	0.0	-4.9545693	6.932731	1
19537	ALKBH3	0.052259292	0.0	-5.734961	11.725644	1
19557	PRDM11	0.0722331	0.0	-6.194424	15.932066	1
19573	LINC02716	0.025777666	0.0	-4.742958	6.269936	1
19574	SLC35C1	0.033571165	0.0	-5.111497	7.9053564	1
19576	CRY2	0.053016447	0.0	-5.7553267	11.953411	1
19582	PHF21A	0.21663873	0.0	-7.7657914	44.55244	1
19592	AMBRA1	0.025653675	0.0	-4.7362623	5.974345	1
19595	ATG13	0.08291263	0.0	-6.390816	18.030563	1
19597	ZNF408	0.04320816	0.0	-5.4662404	9.571436	1
19601	LRP4	0.061281033	0.0	-5.960721	14.290008	1
19603	C11orf49	0.14717773	0.0	-7.2111845	32.807323	1
19624	KBTBD4	0.03329046	0.0	-5.0997353	7.6005893	1
19631	NUP160	0.086129606	0.0	-6.4450912	19.608332	1
19710	SLC43A3	0.033956673	0.0	-5.127496	8.28468	1
19718	AP000662.1	0.043579027	0.0	-5.478293	9.985921	1
19719	YPEL4	0.024352219	0.0	-4.66404	5.4856043	1
19721	ZDHHC5	0.12760705	0.0	-7.006826	28.455002	1
19755	FAM111A	0.13218619	0.0	-7.0573006	29.029957	1
19756	DTX4	0.028858809	0.0	-4.9000845	6.9923406	1
19770	PATL1	0.085397854	0.0	-6.432924	18.652199	1
19811	TMEM132A	0.20872402	0.0	-7.712348	44.55244	1
19816	VPS37C	0.038070377	0.0	-5.288003	8.802311	1
19822	TKFC	0.034892626	0.0	-5.1656156	8.106338	1
19823	CYB561A3	0.03697292	0.0	-5.246899	8.963647	1
19827	SDHAF2	0.21782576	0.0	-7.7736387	44.55244	1
19839	FEN1	0.03190254	0.0	-5.040127	7.6124644	1
19840	FADS2	0.15048192	0.0	-7.243002	32.348038	1
19864	TUT1	0.032118864	0.0	-5.049581	7.1198397	1
19865	MTA2	0.08939007	0.0	-6.498092	19.507763	1
19868	ROM1	0.020995079	0.0	-4.459109	5.1929855	1
19874	CSKMT	0.05718073	0.0	-5.862469	12.379628	1
19882	ZBTB3	0.022883773	0.0	-4.577959	5.4347696	1
19885	TAF6L	0.029980922	0.0	-4.953308	6.8331566	1
19889	NXF1	0.0641673	0.0	-6.0260763	14.977999	1
19895	SNHG1	0.28952125	0.0	-8.1825	44.55244	1
19917	MARK2	0.10655648	0.0	-6.7489505	23.995003	1
19918	RCOR2	0.048238482	0.0	-5.621714	10.890097	1
19929	TRPT1	0.0705076	0.0	-6.1600246	15.44932	1
19934	FKBP2	0.05606324	0.0	-5.8344893	12.796987	1
19939	PLCB3	0.04647775	0.0	-5.5691795	10.829435	1
19957	NRXN2	0.048491016	0.0	-5.6290946	10.353379	1
19959	RASGRP2	0.025894172	0.0	-4.749222	6.2853055	1
19966	EHD1	0.08928157	0.0	-6.4963593	19.549349	1
19968	ATG2A	0.04125139	0.0	-5.4009266	9.304305	1
19982	TM7SF2	0.13203993	0.0	-7.0557156	26.803547	1
19983	ZNHIT2	0.04271985	0.0	-5.4502163	9.837404	1
19994	CDC42EP2	0.033255227	0.0	-5.0982523	7.6901546	1
20010	EHBP1L1	0.04134992	0.0	-5.4042873	8.941974	1
20012	MAP3K11	0.0889014	0.0	-6.4902716	20.069445	1
20020	AP5B1	0.028837087	0.0	-4.8990345	7.0046444	1
20046	KLC2	0.037006114	0.0	-5.2481594	8.871603	1
20053	CNIH2	0.040591344	0.0	-5.378211	9.818643	1
20069	DPP3	0.023142073	0.0	-4.5934777	5.9120846	1
20078	RBM14	0.08533125	0.0	-6.431811	18.080168	1
20092	ANKRD13D	0.17641546	0.0	-7.470988	37.82595	1
20129	CHKA	0.073000565	0.0	-6.2094646	15.741704	1
20142	IGHMBP2	0.032783918	0.0	-5.0782647	7.7767267	1
20149	TPCN2	0.021636676	0.0	-4.5005903	5.450588	1
20162	LTO1	0.054896496	0.0	-5.8046856	12.7150135	1
20172	ANO1	0.02280497	0.0	-4.5731907	5.500951	1
20192	NADSYN1	0.03604703	0.0	-5.211286	8.304374	1
20205	AP002495.1	0.02798766	0.0	-4.857367	6.599802	1
20222	CLPB	0.07201942	0.0	-6.1902084	15.817085	1
20231	ARAP1	0.0681995	0.0	-6.1126895	15.347933	1
20237	ATG16L2	0.07586381	0.0	-6.2642326	16.46577	1
20248	FAM168A	0.07904375	0.0	-6.3227167	17.2508	1
20266	PGM2L1	0.052346166	0.0	-5.7373123	12.029601	1
20275	RNF169	0.22139437	0.0	-7.7969766	44.55244	1
20311	AP002360.1	0.027337208	0.0	-4.824626	6.783288	1
20326	CAPN5	0.042736698	0.0	-5.4507723	9.744062	1
20348	KCTD21-AS1	0.030620242	0.0	-4.9827766	6.991941	1
20381	ANKRD42	0.03056577	0.0	-4.980289	7.3164754	1
20385	DLG2	0.019248059	0.0	-4.3397117	5.0160956	1
20393	SYTL2	0.028854106	0.0	-4.8998575	6.6868963	1
20408	FZD4	0.08834925	0.0	-6.481384	18.618782	1
20416	RAB38	0.028843267	0.0	-4.8993335	6.138646	1
20445	SLC36A4	0.107781805	0.0	-6.765293	23.53661	1
20449	CEP295	0.12779883	0.0	-7.0089755	27.861868	1
20456	PANX1	0.025969824	0.0	-4.753274	6.1711326	1
20462	ANKRD49	0.07714768	0.0	-6.288131	17.042976	1
20472	KDM4D	0.021803001	0.0	-4.511152	5.2097754	1
20496	CNTN5	0.07695991	0.0	-6.2846603	15.881814	1
20549	GUCY1A2	0.04375791	0.0	-5.484071	9.718544	1
20550	AP000766.1	0.022596234	0.0	-4.560485	5.2017684	1
20552	ALKBH8	0.021003418	0.0	-4.459656	5.2519555	1
20595	PPP2R1B	0.05985701	0.0	-5.9273515	13.522803	1
20599	FDXACB1	0.027014876	0.0	-4.808121	6.3635535	1
20618	LINC02762	0.04200508	0.0	-5.426435	8.870889	1
20626	NCAM1	0.25990143	0.0	-8.027361	44.55244	1
20629	TTC12	0.028244654	0.0	-4.870101	6.575754	1
20638	USP28	0.14156042	0.0	-7.15543	30.903	1
20647	C11orf71	0.036084514	0.0	-5.2127447	8.065448	1
20678	SIK3	0.11500283	0.0	-6.858016	25.927778	1
20681	SIDT2	0.046789642	0.0	-5.578626	10.85449	1
20686	BACE1-AS	0.028533528	0.0	-4.8842816	7.15485	1
20692	FXYD2	0.022533702	0.0	-4.5566564	5.163288	1
20732	CCDC84	0.07301707	0.0	-6.209786	16.372072	1
20744	DPAGT1	0.06112479	0.0	-5.957097	13.889007	1
20746	HINFP	0.05891359	0.0	-5.9048114	12.776555	1
20753	RNF26	0.05606205	0.0	-5.8344593	12.816352	1
20781	TBCEL	0.057457857	0.0	-5.869325	12.919189	1
20785	SORL1	0.04811499	0.0	-5.6180916	11.231966	1
20801	CLMP	0.24530783	0.0	-7.944319	44.55244	1
20804	GRAMD1B	0.032405335	0.0	-5.0620065	7.2815695	1
20807	ZNF202	0.021440072	0.0	-4.488005	5.148565	1
20840	ESAM	0.019719146	0.0	-4.3728924	5.0628242	1
20843	AP000866.6	0.03372996	0.0	-5.1181087	8.301608	1
20857	PKNOX2	0.024215546	0.0	-4.6562414	5.817691	1
20874	DDX25	0.021241931	0.0	-4.47521	5.214048	1
20883	FAM118B	0.06461141	0.0	-6.035875	14.256945	1
20886	TIRAP	0.027306406	0.0	-4.8230567	6.569126	1
20890	GSEC	0.031583402	0.0	-5.0260653	7.3141136	1
20891	ST3GAL4	0.042502407	0.0	-5.443023	10.141459	1
20959	ACAD8	0.06917966	0.0	-6.132981	15.820061	1
21011	DCP1B	0.07588562	0.0	-6.264642	16.356647	1
21032	RHNO1	0.10079655	0.0	-6.6695447	21.91029	1
21048	PARP11	0.09568394	0.0	-6.5952044	21.25338	1
21110	PIANP	0.057597645	0.0	-5.872771	12.817002	1
21117	CD4	0.13276435	0.0	-7.06355	29.002048	1
21118	GPR162	0.04661752	0.0	-5.5734205	10.129368	1
21120	GNB3	0.021391345	0.0	-4.4848695	5.2580605	1
21125	LRRC23	0.058718443	0.0	-5.9001045	13.40691	1
21127	ENO2	0.13691682	0.0	-7.1076546	27.839195	1
21137	C1S	0.07647949	0.0	-6.2757425	16.946198	1
21139	C1RL	0.05873347	0.0	-5.9004674	13.400342	1
21140	C1RL-AS1	0.029596135	0.0	-4.9352775	7.029178	1
21143	CLSTN3	0.07277598	0.0	-6.205079	15.670743	1
21146	PEX5	0.04360936	0.0	-5.4792743	9.723202	1
21161	FOXJ2	0.050649155	0.0	-5.690673	12.0505905	1
21250	TAS2R14	0.030679198	0.0	-4.985464	7.040497	1
21272	MANSC1	0.023102935	0.0	-4.591137	5.233099	1
21277	CREBL2	0.04325307	0.0	-5.4677057	9.850538	1
21303	PLBD1	0.032772325	0.0	-5.0777693	7.379785	1
21313	SMCO3	0.02944664	0.0	-4.928211	7.8592067	1
21331	MGST1	0.12617831	0.0	-6.990709	25.457882	1
21362	PYROXD1	0.051314846	0.0	-5.7091484	11.561878	1
21375	ST8SIA1	0.04813533	0.0	-5.6186886	11.132454	1
21379	C2CD5	0.037927896	0.0	-5.2827325	8.800593	1
21400	ETFRF1	0.11560584	0.0	-6.865496	23.617332	1
21410	RASSF8-AS1	0.09624483	0.0	-6.6035495	20.893963	1
21413	SSPN	0.11966867	0.0	-6.9149075	26.320686	1
21421	ITPR2	0.050291225	0.0	-5.68064	11.953406	1
21424	INTS13	0.061606232	0.0	-5.968234	14.629479	1
21447	PTHLH	0.03145134	0.0	-5.020206	6.416726	1
21458	AC009318.1	0.050895218	0.0	-5.6975293	11.294773	1
21470	IPO8	0.08532124	0.0	-6.4316435	18.31692	1
21472	CAPRIN2	0.122754715	0.0	-6.9513397	26.297096	1
21497	AC026356.2	0.02687707	0.0	-4.801007	6.6669927	1
21508	SYT10	0.06242409	0.0	-5.986959	10.998104	1
21534	CNTN1	0.15776075	0.0	-7.3107104	30.443272	1
21556	PUS7L	0.21055634	0.0	-7.7248983	44.55244	1
21563	NELL2	0.08609641	0.0	-6.4445415	14.396667	1
21574	SLC38A1	0.061373383	0.0	-5.9628587	13.385214	1
21578	AC008014.1	0.031514514	0.0	-5.0230117	7.0018663	1
21584	AMIGO2	0.039794188	0.0	-5.3502917	9.359694	1
21618	CCDC184	0.052684262	0.0	-5.746427	12.933686	1
21657	AC011603.2	0.026478829	0.0	-4.7802486	6.352178	1
21689	ASIC1	0.0326989	0.0	-5.0746293	7.0472383	1
21696	AC008147.2	0.03137467	0.0	-5.0167933	7.9483957	1
21724	FIGNL2	0.04257636	0.0	-5.4454737	9.474935	1
21725	AC068987.3	0.04011183	0.0	-5.3614817	9.470977	1
21729	ACVR1B	0.055630628	0.0	-5.8235106	12.408037	1
21776	AC068888.1	0.024132863	0.0	-4.651503	5.4103928	1
21778	SPRYD3	0.05028214	0.0	-5.680384	11.335429	1
21785	RARG	0.047194988	0.0	-5.5908113	10.603245	1
21787	MFSD5	0.044151824	0.0	-5.496712	10.317061	1
21804	AC023509.2	0.035193544	0.0	-5.1776605	7.9786763	1
21817	HOXC10	0.025641136	0.0	-4.735584	5.687809	1
21818	HOXC6	0.023993542	0.0	-4.6434836	5.759941	1
21878	RDH5	0.029170517	0.0	-4.915067	6.6356773	1
21880	AC009779.2	0.033986345	0.0	-5.12872	7.8491683	1
21888	DGKA	0.053168762	0.0	-5.759389	12.504365	1
21891	CDK2	0.041513916	0.0	-5.409863	9.329855	1
21904	ZC3H10	0.039288126	0.0	-5.3322825	8.866831	1
21927	TIMELESS	0.027257351	0.0	-4.8205543	6.1070585	1
21936	PRIM1	0.022652833	0.0	-4.563941	5.1944256	1
21943	TAC3	0.04133522	0.0	-5.403786	9.080629	1
21960	GLI1	0.029784221	0.0	-4.944119	7.235549	1
21968	PIP4K2C	0.024224846	0.0	-4.6567736	6.061916	1
21969	DTX3	0.10189473	0.0	-6.685025	22.59858	1
21970	ARHGEF25	0.08054123	0.0	-6.3494577	17.798515	1
21982	METTL1	0.043319046	0.0	-5.469855	9.32272	1
21992	ATP23	0.044945657	0.0	-5.5218563	9.867161	1
21993	GIHCG	0.092298046	0.0	-6.543775	20.667627	1
22009	USP15	0.23932156	0.0	-7.908822	44.55244	1
22031	XPOT	0.052953042	0.0	-5.753632	12.328588	1
22034	RASSF3	0.0379017	0.0	-5.281761	8.546682	1
22050	AC026124.1	0.095025204	0.0	-6.585341	20.186806	1
22065	HELB	0.06272501	0.0	-5.993788	13.591898	1
22066	GRIP1	0.13856675	0.0	-7.1248116	28.73189	1
22081	MDM1	0.099785775	0.0	-6.655148	22.219343	1
22107	AC025159.1	0.097148046	0.0	-6.6168876	20.28759	1
22122	LGR5	0.11290011	0.0	-6.831625	21.482641	1
22126	THAP2	0.10201271	0.0	-6.6866784	21.953365	1
22127	TMEM19	0.047679514	0.0	-5.6052427	10.992894	1
22150	CAPS2	0.025287382	0.0	-4.7162986	6.0799093	1
22166	BBS10	0.02423283	0.0	-4.6572304	6.115337	1
22204	PPFIA2	0.031138154	0.0	-5.006215	7.1649075	1
22214	TMTC2	0.067454554	0.0	-6.0970745	14.114406	1
22239	DUSP6	0.13904156	0.0	-7.129711	29.137228	1
22244	POC1B	0.054288693	0.0	-5.7889123	11.768181	1
22245	GALNT4	0.047563557	0.0	-5.601802	10.779494	1
22246	POC1B-AS1	0.023759658	0.0	-4.6299195	5.864116	1
22247	AC025034.1	0.020497145	0.0	-4.426073	5.250922	1
22301	CEP83	0.06880835	0.0	-6.1253276	15.211546	1
22304	TMCC3	0.023788998	0.0	-4.631628	5.720059	1
22326	CDK17	0.07410198	0.0	-6.230779	16.171766	1
22329	NEDD1	0.12362102	0.0	-6.9614034	27.309141	1
22348	UHRF1BP1L	0.08028086	0.0	-6.344844	17.865198	1
22360	UTP20	0.064758524	0.0	-6.039106	14.899107	1
22378	HELLPAR	0.078832015	0.0	-6.3188953	15.646959	1
22402	HCFC2	0.13607846	0.0	-7.098858	29.467537	1
22422	NUAK1	0.109627225	0.0	-6.7895627	22.28181	1
22428	POLR3B	0.038478818	0.0	-5.3030066	9.035502	1
22435	AC007541.1	0.034396827	0.0	-5.145548	8.176975	1
22438	CRY1	0.04867879	0.0	-5.6345577	11.2091	1
22444	PRDM4	0.075275615	0.0	-6.25315	17.280714	1
22452	SART3	0.1668839	0.0	-7.39132	35.81808	1
22463	USP30	0.044738214	0.0	-5.515328	10.109547	1
22465	ALKBH2	0.09195445	0.0	-6.538452	19.990849	1
22490	ANAPC7	0.13751793	0.0	-7.113929	29.439713	1
22492	GPN3	0.09937288	0.0	-6.6492257	22.696815	1
22498	HVCN1	0.059416275	0.0	-5.9168653	12.974561	1
22502	MYL2	0.023751652	0.0	-4.6294527	5.4468656	1
22505	CUX2	0.023499902	0.0	-4.614704	5.459817	1
22508	SH2B3	0.06046851	0.0	-5.9417753	14.083022	1
22512	ACAD10	0.05743973	0.0	-5.8688774	13.613802	1
22522	HECTD4	0.14914966	0.0	-7.2302575	32.1845	1
22540	SLC8B1	0.024941297	0.0	-4.697179	6.044302	1
22541	PLBD2	0.046505276	0.0	-5.570016	10.818246	1
22547	RBM19	0.081502795	0.0	-6.366371	18.023575	1
22578	LINC00173	0.03661241	0.0	-5.2331367	7.0609894	1
22584	C12orf49	0.081044115	0.0	-6.358328	18.640732	1
22588	FBXW8	0.084098846	0.0	-6.4110675	19.397573	1
22590	AC127164.1	0.027404658	0.0	-4.8280554	6.6285024	1
22599	RFC5	0.036083747	0.0	-5.212715	8.061198	1
22606	TAOK3	0.14610824	0.0	-7.200734	31.177668	1
22627	PRKAB1	0.042031776	0.0	-5.4273305	9.191035	1
22632	AC004812.2	0.026255978	0.0	-4.768501	5.8739157	1
22635	PXN-AS1	0.033260956	0.0	-5.0984936	7.6218305	1
22636	PXN	0.06265414	0.0	-5.9921823	14.746074	1
22648	NRAV	0.03731309	0.0	-5.259765	8.839342	1
22650	COQ5	0.1319603	0.0	-7.0548515	28.463942	1
22659	UNC119B	0.047898453	0.0	-5.6117167	10.762118	1
22661	ACADS	0.04322304	0.0	-5.4667263	9.492771	1
22667	C12orf43	0.19566241	0.0	-7.6195774	41.90116	1
22677	KDM2B	0.07900563	0.0	-6.3220296	17.756075	1
22682	TMEM120B	0.04657724	0.0	-5.5721993	10.570442	1
22683	RHOF	0.04424314	0.0	-5.499627	10.2859535	1
22684	LINC01089	0.08042805	0.0	-6.347454	18.070805	1
22687	SETD1B	0.053023916	0.0	-5.755526	12.312406	1
22696	AC156455.1	0.050162088	0.0	-5.677003	11.145912	1
22721	OGFOD2	0.03527226	0.0	-5.1807947	8.149254	1
22725	MPHOSPH9	0.108958595	0.0	-6.7808166	22.565418	1
22726	C12orf65	0.19977301	0.0	-7.649421	40.51725	1
22730	SBNO1-AS1	0.03292742	0.0	-5.0843797	7.4523535	1
22744	ATP6V0A2	0.06822914	0.0	-6.1133075	15.618329	1
22756	RFLNA	0.026814504	0.0	-4.7977653	6.3943963	1
22761	SCARB1	0.022785177	0.0	-4.571991	5.650797	1
22767	AACS	0.059526574	0.0	-5.9194965	13.206574	1
22811	SLC15A4	0.022823228	0.0	-4.574297	5.5341907	1
22834	STX2	0.12760948	0.0	-7.006853	28.253819	1
22861	PUS1	0.021082655	0.0	-4.464842	5.257616	1
22866	DDX51	0.06097948	0.0	-5.9537187	13.810944	1
22867	NOC4L	0.058375698	0.0	-5.8918004	12.870206	1
22885	PXMP2	0.10797736	0.0	-6.7678847	22.25342	1
22896	ZNF140	0.07031853	0.0	-6.156205	15.668986	1
22899	ZNF10	0.03774543	0.0	-5.2759542	8.9868	1
22900	ZNF268	0.118369795	0.0	-6.899294	25.323332	1
22932	AL161772.1	0.03707054	0.0	-5.2506027	8.400319	1
22934	EEF1AKMT1	0.090053536	0.0	-6.508643	20.196434	1
22936	XPO4	0.07179134	0.0	-6.185695	16.119366	1
22937	LATS2	0.072252296	0.0	-6.1948023	16.972137	1
22943	LINC00539	0.024682516	0.0	-4.6827145	5.815982	1
23036	KATNAL1	0.10723923	0.0	-6.7580795	23.681238	1
23044	USPL1	0.059563562	0.0	-5.920378	13.24666	1
23065	N4BP2L2-IT2	0.02683392	0.0	-4.7987723	6.5279846	1
23100	SMAD9-IT1	0.049028467	0.0	-5.644677	11.2200575	1
23102	EXOSC8	0.22772533	0.0	-7.8374724	44.55244	1
23127	SLC25A15	0.030857848	0.0	-4.993577	7.1660113	1
23133	KBTBD7	0.10905683	0.0	-6.782105	23.299873	1
23134	MTRF1	0.027368067	0.0	-4.8261957	6.2961025	1
23137	RGCC	0.028032145	0.0	-4.859579	5.735282	1
23151	ENOX1	0.057493016	0.0	-5.8701925	11.607608	1
23157	CCDC122	0.028314369	0.0	-4.873536	6.4866276	1
23219	LPAR6	0.06922759	0.0	-6.133966	15.166507	1
23220	RCBTB2	0.081938714	0.0	-6.373974	18.396835	1
23229	CDADC1	0.04121556	0.0	-5.399703	9.335305	1
23230	CAB39L	0.024154535	0.0	-4.6527467	5.867383	1
23231	SETDB2	0.058866385	0.0	-5.903674	13.255887	1
23233	RCBTB1	0.046321128	0.0	-5.5644126	10.47061	1
23255	DHRS12	0.028654933	0.0	-4.8902	6.6125307	1
23262	NEK5	0.043343358	0.0	-5.470646	9.512222	1
23264	NEK3	0.06684651	0.0	-6.084203	14.7580595	1
23269	CKAP2	0.0859822	0.0	-6.4426484	19.322859	1
23271	HNRNPA1L2	0.018635402	0.0	-4.295385	5.0399575	1
23307	PCDH20	0.09287037	0.0	-6.552598	18.342628	1
23426	SLITRK6	0.26612332	0.0	-8.061362	44.55244	1
23432	MIR4500HG	0.043402854	0.0	-5.4725804	8.775019	1
23434	SLITRK5	0.33929414	0.0	-8.410639	44.55244	1
23452	MIR17HG	0.040786736	0.0	-5.384973	8.982718	1
23462	GPC6	0.53326917	0.07582997	-2.7978256	5.2911143	1
23477	DZIP1	0.3220475	0.0	-8.335603	44.55244	1
23478	DNAJC3-DT	0.024313442	0.0	-4.661832	5.620448	1
23482	HS6ST3	0.03759156	0.0	-5.2702136	7.508276	1
23486	MBNL2	0.16896497	0.0	-7.4090934	36.30432	1
23538	FGF14	0.032010067	0.0	-5.044834	7.5276747	1
23551	POGLUT2	0.090904675	0.0	-6.5220666	20.405687	1
23552	BIVM	0.106621325	0.0	-6.74982	23.409891	1
23569	AL138689.2	0.025915287	0.0	-4.750354	6.383003	1
23578	FAM155A	0.073918045	0.0	-6.2272415	16.455729	1
23588	MYO16	0.03545828	0.0	-5.1881747	7.612663	1
23597	IRS2	0.026673382	0.0	-4.790427	6.373127	1
23609	RAB20	0.030921156	0.0	-4.996441	6.9641614	1
23651	F10	0.100539066	0.0	-6.665891	20.287828	1
23663	DCUN1D2	0.023201084	0.0	-4.5969996	5.504518	1
23681	RASA3	0.08709707	0.0	-6.4610224	19.900671	1
23729	PARP2	0.12412712	0.0	-6.967251	26.728197	1
23746	RNASE4	0.052888557	0.0	-5.751907	11.27195	1
23771	ZNF219	0.04168471	0.0	-5.4156475	9.49272	1
23781	RAB2B	0.11512596	0.0	-6.8595467	25.576166	1
23923	ABHD4	0.02858128	0.0	-4.8866124	7.097102	1
23932	RBM23	0.16562372	0.0	-7.38045	36.18121	1
23937	AJUBA	0.04366724	0.0	-5.481145	9.505072	1
23949	HOMEZ	0.03482222	0.0	-5.1627827	8.299259	1
23950	PPP1R3E	0.04896729	0.0	-5.642912	10.948048	1
23951	BCL2L2	0.05800087	0.0	-5.882664	13.034403	1
23955	EFS	0.15396167	0.0	-7.275768	33.202255	1
23962	NGDN	0.14125481	0.0	-7.1523337	30.282385	1
23963	ZFHX2-AS1	0.038949486	0.0	-5.320105	8.378502	1
23975	DHRS4-AS1	0.14352538	0.0	-7.175179	30.529146	1
23983	DCAF11	0.08455643	0.0	-6.418804	18.99091	1
23986	EMC9	0.10008987	0.0	-6.6594944	21.805414	1
23989	RNF31	0.032013983	0.0	-5.0450053	7.857751	1
24004	RABGGTA	0.02609536	0.0	-4.759974	6.3404145	1
24005	AL096870.8	0.028056648	0.0	-4.8607965	6.4327064	1
24007	DHRS1	0.11641998	0.0	-6.875534	24.046597	1
24008	NOP9	0.0277951	0.0	-4.847751	6.795998	1
24065	AP4S1	0.06245437	0.0	-5.9876475	13.617507	1
24070	DTD2	0.09029171	0.0	-6.512412	20.332666	1
24084	NPAS3	0.03884131	0.0	-5.316193	8.314857	1
24128	SLC25A21-AS1	0.02907901	0.0	-4.910685	6.362507	1
24144	GEMIN2	0.054288007	0.0	-5.7888947	12.022706	1
24156	AL121821.2	0.12127094	0.0	-6.9339375	25.116148	1
24169	C14orf28	0.02973824	0.0	-4.9419627	6.73371	1
24171	KLHL28	0.10901241	0.0	-6.7815223	23.618828	1
24172	TOGARAM1	0.16048105	0.0	-7.335221	34.969635	1
24177	FANCM	0.030836878	0.0	-4.9926267	7.4377975	1
24192	LRR1	0.029788498	0.0	-4.9443197	7.358474	1
24196	DNAAF2	0.11620704	0.0	-6.8729153	25.408335	1
24203	AL627171.2	0.05809887	0.0	-5.8850584	13.324235	1
24224	PYGL	0.14900492	0.0	-7.228866	32.077644	1
24228	TRIM9	0.0836448	0.0	-6.4033494	17.808382	1
24242	GNG2	0.14550905	0.0	-7.1948457	30.180655	1
24252	GPR137C	0.0253711	0.0	-4.7208858	6.1076746	1
24253	ERO1A	0.16322774	0.0	-7.359554	34.271847	1
24257	GNPNAT1	0.11419267	0.0	-6.847905	25.948322	1
24270	BMP4	0.037801933	0.0	-5.2780566	8.654181	1
24277	SAMD4A	0.030102748	0.0	-4.95897	7.641224	1
24281	SOCS4	0.113807924	0.0	-6.8430786	24.876099	1
24287	FBXO34	0.116564006	0.0	-6.8773026	25.796282	1
24297	PELI2	0.03489431	0.0	-5.1656833	7.7304087	1
24301	TMEM260	0.062127817	0.0	-5.9802036	14.069704	1
24320	ARMH4	0.08959285	0.0	-6.501325	19.988304	1
24348	C14orf39	0.046629258	0.0	-5.5737762	10.020857	1
24365	HIF1A-AS3	0.030369038	0.0	-4.971269	6.643662	1
24378	WDR89	0.05086459	0.0	-5.6966777	11.536895	1
24381	SGPP1	0.02760662	0.0	-4.838277	6.370222	1
24389	ZBTB25	0.070354715	0.0	-6.1569366	14.895415	1
24396	PLEKHG3	0.049790837	0.0	-5.6664963	12.027174	1
24400	RAB15	0.023141628	0.0	-4.593451	5.636262	1
24401	FNTB	0.0510755	0.0	-5.702533	11.356386	1
24418	MPP5	0.06493101	0.0	-6.0428853	14.759199	1
24425	PIGH	0.080799155	0.0	-6.354014	17.641045	1
24426	ARG2	0.030685654	0.0	-4.985758	7.1059136	1
24431	ZFYVE26	0.025834646	0.0	-4.746025	6.111481	1
24432	RAD51B	0.04852813	0.0	-5.630176	11.237674	1
24445	EXD2	0.038290635	0.0	-5.2961135	9.011566	1
24454	SUSD6	0.039897244	0.0	-5.3539314	9.777667	1
24458	SMOC1	0.064739615	0.0	-6.038691	12.195956	1
24469	TTC9	0.03793368	0.0	-5.2829466	9.121678	1
24490	DPF3	0.02552273	0.0	-4.7291574	5.823686	1
24496	PSEN1	0.12369071	0.0	-6.96221	27.506577	1
24518	PTGR2	0.03953195	0.0	-5.3409877	8.969363	1
24523	FAM161B	0.04740957	0.0	-5.5972204	10.579977	1
24526	BBOF1	0.034682605	0.0	-5.157149	8.34822	1
24528	LIN52	0.03228184	0.0	-5.056663	7.190254	1
24541	AREL1	0.037424207	0.0	-5.263943	8.742208	1
24542	FCF1	0.07832492	0.0	-6.3097024	17.40611	1
24600	POMT2	0.03757761	0.0	-5.269692	8.85517	1
24602	TMED8	0.09487539	0.0	-6.5830884	21.262453	1
24609	ALKBH1	0.021511996	0.0	-4.492622	5.2895813	1
24628	CEP128	0.026304727	0.0	-4.7710786	6.0604763	1
24650	AL049775.1	0.019802649	0.0	-4.3786955	5.0307894	1
24683	TTC8	0.05522411	0.0	-5.813117	12.576898	1
24693	EFCAB11	0.065371394	0.0	-6.0524898	14.47971	1
24694	TDP1	0.03156163	0.0	-5.0251007	7.355303	1
24724	FBLN5	0.10955557	0.0	-6.788628	22.992462	1
24732	RIN3	0.02333844	0.0	-4.6051645	5.2419267	1
24733	LGMN	0.08985831	0.0	-6.5055466	19.481928	1
24738	ITPK1	0.025602538	0.0	-4.733492	6.4208293	1
24743	UBR7	0.056144956	0.0	-5.836554	12.767463	1
24778	DICER1-AS1	0.025255458	0.0	-4.7145452	5.823738	1
24784	SNHG10	0.040580284	0.0	-5.3778276	9.106895	1
24803	GSKIP	0.06086814	0.0	-5.9511247	13.41958	1
24811	VRK1	0.059125196	0.0	-5.909898	13.219713	1
24835	SETD3	0.10871613	0.0	-6.7776318	24.386501	1
24836	CCNK	0.22728547	0.0	-7.8346953	44.55244	1
24837	CCDC85C	0.04190311	0.0	-5.4230103	9.575319	1
24841	CYP46A1	0.03257518	0.0	-5.069323	7.0284467	1
24843	EML1	0.0931854	0.0	-6.5574317	20.778385	1
24858	WDR25	0.05251017	0.0	-5.741741	12.019212	1
24871	MEG9	0.0232075	0.0	-4.597382	5.903579	1
24895	WDR20	0.091502815	0.0	-6.5314255	20.074718	1
24897	ZNF839	0.029791936	0.0	-4.9444804	6.768009	1
24899	TECPR2	0.10250045	0.0	-6.6934934	22.853838	1
24900	ANKRD9	0.06027778	0.0	-5.937292	13.731867	1
24906	CDC42BPB	0.44068184	0.063304715	-2.780011	5.2172804	1
24931	ZFYVE21	0.1595195	0.0	-7.326605	34.038734	1
24932	PPP1R13B	0.08675481	0.0	-6.455406	19.142862	1
24953	ADSSL1	0.03640114	0.0	-5.2250104	8.346623	1
24974	BTBD6	0.10166958	0.0	-6.6818647	22.911486	1
24980	CRIP2	0.1332494	0.0	-7.068772	29.670153	1
24981	CRIP1	0.02688998	0.0	-4.801675	6.827178	1
24983	TMEM121	0.0652466	0.0	-6.049774	14.464461	1
25275	APBA2	0.06428607	0.0	-6.028703	14.130884	1
25290	LINC02249	0.04721249	0.0	-5.591335	10.345526	1
25293	AC127502.2	0.02787862	0.0	-4.8519297	6.7106743	1
25321	SCG5	0.036261313	0.0	-5.2196064	8.2168255	1
25325	FMN1	0.023758104	0.0	-4.629829	5.269522	1
25351	AQR	0.16696623	0.0	-7.3920274	37.276993	1
25352	ZNF770	0.31313992	0.0	-8.295263	44.55244	1
25363	C15orf41	0.051394843	0.0	-5.711353	11.420762	1
25391	AC037198.1	0.02246641	0.0	-4.552525	6.0508275	1
25410	PLCB2	0.043064944	0.0	-5.4615593	10.003006	1
25422	BAHD1	0.030652216	0.0	-4.9842343	7.2551346	1
25431	RAD51-AS1	0.04880025	0.0	-5.638081	11.367549	1
25434	GCHFR	0.13077128	0.0	-7.041892	27.067312	1
25435	DNAJC17	0.14356527	0.0	-7.175577	30.802004	1
25437	ZFYVE19	0.082372114	0.0	-6.381493	18.139256	1
25443	VPS18	0.030684924	0.0	-4.9857244	7.1402884	1
25462	RPAP1	0.0641303	0.0	-6.025257	14.244547	1
25467	MAPKBP1	0.048708204	0.0	-5.6354117	11.464702	1
25484	GANC	0.03154555	0.0	-5.0243883	7.259011	1
25490	HAUS2	0.10496293	0.0	-6.7274156	22.381031	1
25503	CCNDBP1	0.049182326	0.0	-5.6491075	11.060052	1
25508	LCMT2	0.022904791	0.0	-4.579228	5.3657722	1
25509	ADAL	0.09205835	0.0	-6.540064	19.719831	1
25539	TRIM69	0.034639746	0.0	-5.155415	8.093835	1
25551	SHF	0.111171655	0.0	-6.809564	22.94009	1
25560	SPATA5L1	0.03917711	0.0	-5.328302	8.5880375	1
25586	MYEF2	0.14013822	0.0	-7.140965	29.988588	1
25609	FAM227B	0.054329578	0.0	-5.789979	12.383857	1
25612	FGF7	0.08631279	0.0	-6.448121	17.325424	1
25631	AP4E1	0.023993455	0.0	-4.6434784	5.856688	1
25661	GNB5	0.05619176	0.0	-5.837735	12.30291	1
25669	FAM214A	0.103823945	0.0	-6.7118244	22.93658	1
25682	RAB27A	0.05346703	0.0	-5.767311	12.281793	1
25690	DNAAF4	0.030674146	0.0	-4.985234	7.2166076	1
25691	PYGO1	0.09195346	0.0	-6.5384364	20.425203	1
25697	TEX9	0.043674905	0.0	-5.4813924	9.943004	1
25704	ZNF280D	0.20465186	0.0	-7.68406	42.53125	1
25706	AC090517.5	0.058768306	0.0	-5.9013085	13.238258	1
25794	LACTB	0.12825118	0.0	-7.014034	27.877092	1
25810	SNX1	0.20812868	0.0	-7.708247	44.55244	1
25821	AC100830.1	0.030566072	0.0	-4.980303	7.3519015	1
25824	PLEKHO2	0.03875929	0.0	-5.31322	8.770869	1
25826	ANKDD1A	0.059915353	0.0	-5.928734	13.491219	1
25840	PARP16	0.043817032	0.0	-5.4859753	9.689463	1
25842	IGDCC4	0.099945836	0.0	-6.6574373	22.238668	1
25846	SLC24A1	0.035159256	0.0	-5.176293	8.543213	1
25853	DIS3L	0.07507135	0.0	-6.2492814	16.387135	1
25855	TIPIN	0.06904957	0.0	-6.1303043	15.441514	1
25856	MAP2K1	0.063240916	0.0	-6.0054207	14.459566	1
25863	SMAD6	0.19810179	0.0	-7.6373625	41.640217	1
25871	AAGAB	0.06774992	0.0	-6.1032863	15.502808	1
25873	IQCH-AS1	0.020412581	0.0	-4.420387	5.0473375	1
25924	THSD4	0.046724107	0.0	-5.5766463	9.738464	1
25933	SENP8	0.023391902	0.0	-4.6083302	5.7019362	1
25961	NPTN-IT1	0.029603327	0.0	-4.9356165	7.2252927	1
25971	PML	0.11819612	0.0	-6.8971934	26.461212	1
25989	UBL7-AS1	0.0811321	0.0	-6.3598742	17.689959	1
25995	EDC3	0.07699582	0.0	-6.285325	17.458767	1
26001	ULK3	0.030606082	0.0	-4.98213	7.2599792	1
26002	SCAMP2	0.16226743	0.0	-7.3510933	36.26946	1
26006	RPP25	0.065794796	0.0	-6.0616636	13.567108	1
26008	PPCDC	0.05823311	0.0	-5.888332	12.753853	1
26016	NEIL1	0.057870768	0.0	-5.8794794	12.498925	1
26022	SNUPN	0.17858341	0.0	-7.48851	38.667156	1
26066	IDH3A	0.05835194	0.0	-5.8912234	13.419722	1
26075	CRABP1	0.95388085	0.16159965	-2.5539966	6.372419	1
26085	ADAMTS7	0.08597571	0.0	-6.4425406	18.834675	1
26098	AC015871.7	0.038685173	0.0	-5.310528	8.292982	1
26101	ST20-AS1	0.02487278	0.0	-4.693363	6.3755655	1
26134	AC104041.1	0.030115291	0.0	-4.959552	6.944053	1
26155	RAMAC	0.07748066	0.0	-6.2942653	17.492468	1
26168	SH3GL3	0.031446487	0.0	-5.0199904	7.3284364	1
26169	ADAMTSL3	0.0904873	0.0	-6.5154996	16.912336	1
26177	ZSCAN2	0.08808449	0.0	-6.4771023	19.262941	1
26190	PDE8A	0.07351421	0.0	-6.219444	17.210491	1
26211	NTRK3	0.06697346	0.0	-6.0868998	12.634542	1
26215	DET1	0.06008042	0.0	-5.932638	13.580806	1
26225	ABHD2	0.08596162	0.0	-6.442307	19.796522	1
26228	POLG	0.07314721	0.0	-6.2123203	16.766527	1
26238	KIF7	0.02406043	0.0	-4.6473393	5.8125577	1
26246	AP3S2	0.08911253	0.0	-6.4936557	19.591578	1
26247	ARPIN	0.09511561	0.0	-6.5866985	21.527878	1
26272	FURIN	0.059030306	0.0	-5.907619	14.197843	1
26273	FES	0.027825033	0.0	-4.8492503	6.633497	1
26274	MAN2A2	0.04378758	0.0	-5.485027	9.703958	1
26279	RCCD1	0.033130832	0.0	-5.0930037	7.626497	1
26280	PRC1	0.021579692	0.0	-4.496954	5.1806183	1
26377	SYNM	0.24520612	0.0	-7.9437227	44.55244	1
26390	AC090825.1	0.044257063	0.0	-5.500071	9.951241	1
26434	RHBDF1	0.07130252	0.0	-6.175974	16.390348	1
26454	DECR2	0.04650885	0.0	-5.570124	10.558125	1
26456	RAB11FIP3	0.037989605	0.0	-5.2850175	8.747333	1
26461	PIGQ	0.04630566	0.0	-5.563941	10.634585	1
26482	HAGHL	0.05485555	0.0	-5.803629	12.709381	1
26483	CIAO3	0.063425064	0.0	-6.00955	13.838934	1
26487	CHTF18	0.021108693	0.0	-4.466542	5.116263	1
26523	UNKL	0.05326349	0.0	-5.76191	11.825003	1
26528	CLCN7	0.08462588	0.0	-6.419975	18.729467	1
26533	TELO2	0.062150683	0.0	-5.9807262	13.414966	1
26534	IFT140	0.07011685	0.0	-6.1521196	15.606426	1
26541	JPT2	0.06715793	0.0	-6.09081	15.627179	1
26542	MAPK8IP3	0.10009974	0.0	-6.6596355	22.253065	1
26559	MSRB1	0.07617988	0.0	-6.2701526	17.421455	1
26566	TBL3	0.03697845	0.0	-5.247109	8.781489	1
26575	NTHL1	0.15571804	0.0	-7.2920275	33.110176	1
26583	SNHG19	0.046022	0.0	-5.555264	10.293909	1
26584	TRAF7	0.093028404	0.0	-6.5550246	21.47515	1
26593	ECI1	0.22701053	0.0	-7.832957	44.55244	1
26602	TEDC2	0.03046118	0.0	-4.9755006	6.9009676	1
26605	TBC1D24	0.04366916	0.0	-5.481207	9.486198	1
26618	ERVK13-1	0.07212868	0.0	-6.1923656	16.71741	1
26633	FLYWCH1	0.06544659	0.0	-6.0541234	14.587015	1
26655	ZNF213-AS1	0.04228933	0.0	-5.4359393	9.694929	1
26658	AC108134.2	0.05401664	0.0	-5.781796	10.664213	1
26662	ZNF200	0.06573948	0.0	-6.0604687	14.486856	1
26666	TIGD7	0.050980255	0.0	-5.6998916	11.566622	1
26673	ZNF174	0.09533455	0.0	-6.5899816	19.299751	1
26674	ZNF597	0.024198469	0.0	-4.6552644	6.3097043	1
26694	GLIS2	0.067709886	0.0	-6.1024456	15.13477	1
26699	VASN	0.053390536	0.0	-5.7652836	12.056369	1
26700	DNAJA3	0.07515934	0.0	-6.250949	16.489428	1
26715	ZNF500	0.059300244	0.0	-5.9140916	13.286592	1
26726	NAGPA	0.022834761	0.0	-4.574995	5.482982	1
26729	EEF2KMT	0.053209446	0.0	-5.7604723	12.101944	1
26749	ABAT	0.06808507	0.0	-6.110302	14.696959	1
26793	RMI2	0.021887587	0.0	-4.5164933	5.426365	1
26805	SNN	0.0833163	0.0	-6.3977394	18.696463	1
26816	NPIPB2	0.026211986	0.0	-4.7661705	6.103355	1
26842	AC130650.2	0.019672291	0.0	-4.3696265	5.2130003	1
26847	PARN	0.08344991	0.0	-6.400024	18.874771	1
26857	NPIPA1	0.028935084	0.0	-4.903765	6.775673	1
26864	MPV17L	0.021713441	0.0	-4.5054746	5.0535235	1
26876	ABCC1	0.04876376	0.0	-5.6370234	11.058663	1
26886	XYLT1	0.029304534	0.0	-4.9214616	7.023805	1
26913	AC099518.5	0.024003157	0.0	-4.644038	5.9061112	1
26925	CCP110	0.088613115	0.0	-6.485638	19.647867	1
26950	DCUN1D3	0.030834885	0.0	-4.9925365	7.1249313	1
26963	AC005632.3	0.029188957	0.0	-4.915949	7.1803923	1
26977	EEF2K	0.073209636	0.0	-6.213535	15.87893	1
26979	POLR3E	0.07532241	0.0	-6.254035	16.917927	1
26980	AC092338.3	0.06694517	0.0	-6.086299	14.864573	1
26991	USP31	0.022558609	0.0	-4.5581822	5.6813245	1
26996	COG7	0.0523347	0.0	-5.7370024	11.934871	1
26998	AC008915.2	0.024725048	0.0	-4.685102	5.7482023	1
27000	EARS2	0.03791183	0.0	-5.282137	8.996192	1
27004	PALB2	0.033858784	0.0	-5.1234503	8.128248	1
27029	ZKSCAN2	0.047660537	0.0	-5.60468	10.703065	1
27031	ZKSCAN2-DT	0.04844923	0.0	-5.627876	10.780367	1
27033	HS3ST4	0.086297505	0.0	-6.4478683	19.489637	1
27044	NSMCE1	0.087321095	0.0	-6.4646864	19.106382	1
27058	SBK1	0.10554078	0.0	-6.735262	22.18924	1
27071	SULT1A1	0.034941167	0.0	-5.1675653	8.322121	1
27085	RABEP2	0.048704915	0.0	-5.6353164	11.222304	1
27108	KIF22	0.042105753	0.0	-5.4298086	9.730552	1
27112	AC009133.1	0.027276153	0.0	-4.8215137	6.5503173	1
27113	PRRT2	0.10897289	0.0	-6.781004	23.134592	1
27148	TBC1D10B	0.09935977	0.0	-6.6490374	23.012537	1
27151	ZNF48	0.07637333	0.0	-6.2737646	16.64614	1
27163	ZNF764	0.07419086	0.0	-6.2324853	16.43666	1
27168	ZNF689	0.07294868	0.0	-6.208452	16.528301	1
27172	SRCAP	0.101943396	0.0	-6.6857076	22.764303	1
27174	PHKG2	0.08149069	0.0	-6.3661594	18.450212	1
27177	ZNF629	0.10520926	0.0	-6.730766	22.804598	1
27184	FBXL19	0.0628217	0.0	-5.995975	13.63516	1
27187	SETD1A	0.04979906	0.0	-5.66673	11.648158	1
27189	STX1B	0.03394143	0.0	-5.1268663	7.862469	1
27195	ZNF646	0.023053797	0.0	-4.5881925	5.646809	1
27220	AC026471.1	0.023743495	0.0	-4.6289773	5.700038	1
27233	ZNF720	0.16402838	0.0	-7.3665705	35.901363	1
27235	ZNF267	0.06088689	0.0	-5.951562	13.433071	1
27305	GPT2	0.03235735	0.0	-5.0599327	7.3951855	1
27309	NETO2	0.12841047	0.0	-7.0158105	23.108175	1
27341	ZNF423	0.097256064	0.0	-6.6184745	21.306087	1
27346	HEATR3	0.04974419	0.0	-5.6651707	11.643268	1
27399	AKTIP	0.054546997	0.0	-5.795637	12.678451	1
27417	CRNDE	0.06353363	0.0	-6.011979	14.360355	1
27427	MMP2	0.84964925	0.14142242	-2.578388	6.473951	1
27430	LPCAT2	0.08837436	0.0	-6.481789	19.924372	1
27438	GNAO1	0.10614613	0.0	-6.743436	22.862507	1
27443	AMFR	0.048412375	0.0	-5.6268005	10.88875	1
27446	OGFOD1	0.105121054	0.0	-6.729567	23.145931	1
27451	MT2A	0.02595225	0.0	-4.7523336	6.3391886	1
27462	NUP93	0.07035097	0.0	-6.156861	16.26089	1
27494	KIFC3	0.035992596	0.0	-5.2091646	8.797707	1
27507	CCDC113	0.028248422	0.0	-4.870287	6.9794044	1
27515	CNOT1	0.18139206	0.0	-7.510899	39.742603	1
27551	TK2	0.07000808	0.0	-6.1499114	15.937706	1
27560	CMTM4	0.06296067	0.0	-5.999113	13.51249	1
27562	AC018557.1	0.02130263	0.0	-4.4791417	5.2918744	1
27574	CES2	0.13196571	0.0	-7.05491	28.822678	1
27576	CES4A	0.024801813	0.0	-4.6894007	5.932009	1
27579	B3GNT9	0.058888067	0.0	-5.9041967	13.260177	1
27580	TRADD	0.04384825	0.0	-5.4869795	10.461276	1
27584	KIAA0895L	0.1187642	0.0	-6.9040527	25.055653	1
27588	LRRC29	0.025226047	0.0	-4.7129283	6.0801587	1
27591	SLC9A5	0.021814985	0.0	-4.51191	5.2088685	1
27596	ZDHHC1	0.027584625	0.0	-4.8371673	6.965271	1
27617	RANBP10	0.06431981	0.0	-6.0294485	14.385068	1
27629	SLC12A4	0.052075874	0.0	-5.7299843	11.346906	1
27634	DDX28	0.032009356	0.0	-5.044803	7.7901797	1
27644	SLC7A6	0.041663453	0.0	-5.414929	9.9094715	1
27664	UTP4	0.07882392	0.0	-6.318749	16.920519	1
27665	SNTB2	0.087561294	0.0	-6.4686046	19.944141	1
27668	COG8	0.0661254	0.0	-6.0687866	15.247108	1
27682	WWP2	0.044276297	0.0	-5.500684	10.079616	1
27693	ST3GAL2	0.16322194	0.0	-7.3595033	36.577248	1
27699	MTSS2	0.038196553	0.0	-5.292655	8.528043	1
27700	VAC14	0.04437649	0.0	-5.503873	10.828509	1
27707	CMTR2	0.16391785	0.0	-7.365604	36.134773	1
27727	ATXN1L	0.058145862	0.0	-5.886205	12.963161	1
27729	ZNF821	0.1403643	0.0	-7.143274	30.07245	1
27733	TXNL4B	0.040918168	0.0	-5.3895035	9.473015	1
27766	RFWD3	0.030638414	0.0	-4.9836054	7.149299	1
27780	AC009054.2	0.021594081	0.0	-4.497873	5.207716	1
27792	ADAT1	0.049274925	0.0	-5.6517673	11.302471	1
27802	CNTNAP4	0.045828942	0.0	-5.5493283	9.63543	1
27806	MON1B	0.058672942	0.0	-5.899005	13.330946	1
27807	SYCE1L	0.03873299	0.0	-5.3122654	8.27457	1
27813	NUDT7	0.025192777	0.0	-4.7110972	5.8611403	1
27816	VAT1L	0.028285882	0.0	-4.8721333	6.649646	1
27819	WWOX	0.03666377	0.0	-5.2351055	8.745892	1
27899	TAF1C	0.048383716	0.0	-5.625963	11.145827	1
27904	WFDC1	0.026693959	0.0	-4.791499	6.5420423	1
27916	CRISPLD2	0.13888285	0.0	-7.128075	28.18766	1
27932	GINS2	0.04010628	0.0	-5.3612866	8.981842	1
27933	C16orf74	0.03328204	0.0	-5.099381	7.232603	1
27959	MTHFSD	0.038110077	0.0	-5.2894683	9.195462	1
27961	FOXC2	0.10525648	0.0	-6.731407	21.596766	1
27972	C16orf95	0.029499218	0.0	-4.9307003	7.399017	1
27983	ZCCHC14	0.077420235	0.0	-6.2931542	17.496922	1
27997	BANP	0.03585878	0.0	-5.203936	8.356956	1
28019	PIEZO1	0.025307698	0.0	-4.717413	5.9184566	1
28026	GALNS	0.05813771	0.0	-5.8860064	13.084148	1
28029	CBFA2T3	0.030513441	0.0	-4.9778953	6.9628363	1
28035	ACSF3	0.042799007	0.0	-5.452826	9.964894	1
28041	AC009113.1	0.030514183	0.0	-4.977929	7.2135696	1
28042	ZNF778	0.02272166	0.0	-4.568133	5.927482	1
28056	SPATA33	0.05520076	0.0	-5.8125176	12.431237	1
28061	VPS9D1	0.026658501	0.0	-4.789651	6.7611933	1
28073	GAS8	0.023639765	0.0	-4.622916	5.525259	1
28091	C17orf97	0.025256414	0.0	-4.7145977	6.132626	1
28101	MRM3	0.09306787	0.0	-6.55563	20.367191	1
28121	SCARF1	0.04063877	0.0	-5.3798556	9.212293	1
28183	SHPK	0.028145744	0.0	-4.8652134	7.0944114	1
28184	CTNS	0.026857546	0.0	-4.7999964	6.339455	1
28189	ITGAE	0.21643873	0.0	-7.764465	44.55244	1
28199	CYB5D2	0.10444078	0.0	-6.720289	22.362661	1
28208	MYBBP1A	0.05482783	0.0	-5.802912	12.476013	1
28227	PLD2	0.03202522	0.0	-5.0454965	7.711042	1
28248	ZNF232	0.03831143	0.0	-5.296877	8.653091	1
28251	ZNF594	0.046637487	0.0	-5.574025	10.526044	1
28256	NUP88	0.058812723	0.0	-5.9023805	13.509921	1
28261	DHX33	0.08411015	0.0	-6.411259	18.812027	1
28275	KIAA0753	0.067037396	0.0	-6.088256	15.077645	1
28279	C17orf100	0.030127825	0.0	-4.9601326	6.921299	1
28319	NLGN2	0.08618446	0.0	-6.445999	18.889284	1
28325	FGF11	0.108669065	0.0	-6.777013	22.741014	1
28334	SENP3	0.034152165	0.0	-5.1355414	7.7212753	1
28337	AC016876.1	0.02361604	0.0	-4.6215267	5.9403887	1
28340	FXR2	0.08450787	0.0	-6.417985	18.796675	1
28345	WRAP53	0.027381256	0.0	-4.8268666	6.32761	1
28349	TMEM88	0.049946688	0.0	-5.6709166	10.185337	1
28356	CNTROB	0.03677153	0.0	-5.2392273	8.586615	1
28364	PER1	0.04618307	0.0	-5.5601974	10.847946	1
28368	BORCS6	0.03169341	0.0	-5.0309277	7.278345	1
28370	LINC00324	0.02686422	0.0	-4.8003416	6.2367654	1
28371	CTC1	0.020427132	0.0	-4.4213667	5.112634	1
28384	NDEL1	0.087806866	0.0	-6.472599	19.106976	1
28426	ADPRM	0.039521556	0.0	-5.3406177	9.269428	1
28449	ARHGAP44	0.04010965	0.0	-5.361405	9.453731	1
28452	ELAC2	0.084803835	0.0	-6.4229703	19.58731	1
28460	COX10	0.06065333	0.0	-5.946107	13.777608	1
28481	CDRT4	0.040922705	0.0	-5.38966	9.508937	1
28482	TVP23C	0.068883516	0.0	-6.12688	15.455326	1
28494	ADORA2B	0.021231884	0.0	-4.4745584	5.1813774	1
28512	ZNF624	0.09074094	0.0	-6.5194936	19.751675	1
28529	FLCN	0.058491625	0.0	-5.8946147	13.647135	1
28533	MED9	0.05097841	0.0	-5.6998405	11.415532	1
28540	RAI1	0.048622236	0.0	-5.6329145	11.021692	1
28542	SMCR5	0.034630522	0.0	-5.1550417	8.134712	1
28548	ATPAF2	0.062455174	0.0	-5.9876657	14.05187	1
28549	GID4	0.049726956	0.0	-5.6646805	11.197092	1
28556	MIEF2	0.060247973	0.0	-5.93659	12.772435	1
28558	TOP3A	0.09052316	0.0	-6.516065	20.5984	1
28559	SMCR8	0.04374795	0.0	-5.4837494	10.096339	1
28567	FOXO3B	0.034899127	0.0	-5.165877	7.8307085	1
28568	TRIM16L	0.025212113	0.0	-4.7121615	5.981247	1
28570	TVP23B	0.044677716	0.0	-5.513418	10.349932	1
28581	AC007952.4	0.039567027	0.0	-5.3422356	9.284431	1
28592	B9D1	0.07833276	0.0	-6.309845	16.79329	1
28594	MAPK7	0.06969894	0.0	-6.1436167	15.695667	1
28595	MFAP4	0.5466377	0.07985453	-2.7598212	5.095049	1
28610	ULK2	0.1154918	0.0	-6.8640847	24.5606	1
28613	AKAP10	0.082916245	0.0	-6.390878	17.747679	1
28638	MAP2K3	0.06722524	0.0	-6.0922337	15.125297	1
28683	SARM1	0.03723307	0.0	-5.256749	8.665146	1
28710	NEK8	0.02236524	0.0	-4.546292	5.1768937	1
28716	FAM222B	0.16471757	0.0	-7.3725824	35.626457	1
28730	MYO18A	0.07578884	0.0	-6.262825	16.359348	1
28764	CPD	0.08977203	0.0	-6.504176	19.888483	1
28773	CRLF3	0.04394307	0.0	-5.4900265	10.23488	1
28805	LRRC37B	0.025957575	0.0	-4.752619	5.8922596	1
28812	C17orf75	0.11347427	0.0	-6.8388796	24.431421	1
28833	ASIC2	0.02912739	0.0	-4.913004	7.18007	1
28866	RFFL	0.10115913	0.0	-6.6746745	23.356928	1
28869	RAD51D	0.041800942	0.0	-5.4195704	9.712849	1
28881	SLFN12	0.03286078	0.0	-5.081543	8.260523	1
28894	RASL10B	0.040743075	0.0	-5.383465	9.234522	1
28896	MMP28	0.02598086	0.0	-4.7538643	5.240798	1
28930	PIGW	0.021629121	0.0	-4.5001087	5.2431035	1
28932	DHRS11	0.030806648	0.0	-4.991256	7.243474	1
28940	AATF	0.1070221	0.0	-6.7551827	24.25836	1
28950	DUSP14	0.06274505	0.0	-5.994241	13.978481	1
28966	SOCS7	0.0437475	0.0	-5.483735	9.804747	1
28967	ARHGAP23	0.06818634	0.0	-6.1124153	15.502346	1
28968	AC244153.1	0.020328972	0.0	-4.4147425	5.227731	1
28987	LINC00672	0.042887416	0.0	-5.455735	9.70847	1
28998	FBXL20	0.08811541	0.0	-6.477603	19.685184	1
29023	MED24	0.07400471	0.0	-6.228909	16.506573	1
29036	TOP2A	0.04012076	0.0	-5.361795	8.320605	1
29122	KLHL11	0.027482983	0.0	-4.8320284	6.332206	1
29139	STAT5B	0.06518933	0.0	-6.048527	14.551949	1
29143	STAT5A	0.024756594	0.0	-4.6868696	5.994344	1
29145	CAVIN1	0.03215644	0.0	-5.051217	7.7171235	1
29149	NAGLU	0.08386677	0.0	-6.407128	19.30559	1
29151	AC067852.2	0.0418666	0.0	-5.421782	9.930268	1
29154	PSMC3IP	0.026659053	0.0	-4.7896795	6.485076	1
29158	TUBG2	0.055964816	0.0	-5.8319993	12.553831	1
29164	EZH1	0.120610505	0.0	-6.926124	26.257166	1
29166	RAMP2-AS1	0.09555509	0.0	-6.5932803	21.53138	1
29180	RUNDC1	0.07216205	0.0	-6.1930237	16.41771	1
29184	RND2	0.03936262	0.0	-5.3349476	8.391661	1
29196	MEOX1	0.026574248	0.0	-4.7852497	5.805426	1
29204	MPP2	0.052635357	0.0	-5.7451124	12.024762	1
29215	HDAC5	0.14174673	0.0	-7.157314	30.953083	1
29219	ASB16-AS1	0.037108097	0.0	-5.2520256	8.428384	1
29224	AC003102.1	0.02201043	0.0	-4.524216	5.5301056	1
29253	C1QL1	0.06707274	0.0	-6.0890055	13.366096	1
29258	ACBD4	0.02063256	0.0	-4.4351325	5.042149	1
29273	PLEKHM1	0.041971132	0.0	-5.425296	9.893741	1
29290	ARL17B	0.039920505	0.0	-5.354752	9.158309	1
29294	FAM215B	0.038486097	0.0	-5.3032727	8.791382	1
29302	AC005670.3	0.1735912	0.0	-7.447837	36.80369	1
29304	AC002558.3	0.046279393	0.0	-5.5631394	10.543042	1
29316	TBKBP1	0.058568478	0.0	-5.896477	12.927249	1
29318	OSBPL7	0.025738016	0.0	-4.7408204	6.089196	1
29321	SCRN2	0.16964695	0.0	-7.4148707	36.397923	1
29325	AC018521.5	0.047458213	0.0	-5.598669	10.82274	1
29326	SP2	0.03900548	0.0	-5.3221254	9.474333	1
29329	PNPO	0.024993086	0.0	-4.700056	6.5114903	1
29347	HOXB2	0.034756813	0.0	-5.160146	8.076046	1
29354	HOXB5	0.040879734	0.0	-5.3881803	9.289428	1
29357	HOXB8	0.08538726	0.0	-6.4327464	17.372177	1
29366	TTLL6	0.024449991	0.0	-4.6695933	6.114633	1
29388	NGFR	0.05177631	0.0	-5.7218184	10.954735	1
29412	PPP1R9B	0.07722757	0.0	-6.289605	17.90759	1
29422	XYLT2	0.048655428	0.0	-5.633879	11.437842	1
29424	EME1	0.019623158	0.0	-4.3661933	5.192432	1
29457	MBTD1	0.12431653	0.0	-6.969433	26.674084	1
29464	CA10	0.020597585	0.0	-4.432798	5.219189	1
29480	TMEM100	0.06513432	0.0	-6.047327	12.368538	1
29481	PCTP	0.082376376	0.0	-6.381567	17.770588	1
29484	NOG	0.024344677	0.0	-4.663611	5.4263854	1
29487	DGKE	0.08670335	0.0	-6.45456	18.205044	1
29500	MSI2	0.28587627	0.0	-8.164285	44.55244	1
29510	AC015813.1	0.04270991	0.0	-5.449888	10.144664	1
29519	MKS1	0.039569043	0.0	-5.342307	9.403436	1
29530	MTMR4	0.14447847	0.0	-7.184662	30.657166	1
29532	SEPTIN4	0.041292828	0.0	-5.402341	9.693963	1
29539	TRIM37	0.1020742	0.0	-6.6875396	23.189442	1
29546	YPEL2	0.11979259	0.0	-6.916388	26.067358	1
29571	PPM1D	0.074748084	0.0	-6.2431374	16.225231	1
29572	BCAS3	0.09660091	0.0	-6.608823	20.752628	1
29586	INTS2	0.050229426	0.0	-5.6789007	11.604836	1
29615	STRADA	0.08749251	0.0	-6.4674835	19.132807	1
29636	TEX2	0.034075	0.0	-5.132371	7.662479	1
29649	RGS9	0.08467313	0.0	-6.4207706	19.414375	1
29667	PITPNC1	0.054789513	0.0	-5.801922	12.613232	1
29676	AC005332.6	0.058934785	0.0	-5.9053216	13.378543	1
29681	AC005332.4	0.02038573	0.0	-4.4185762	5.0145297	1
29684	ARSG	0.057264946	0.0	-5.8645563	14.131675	1
29687	WIPI1	0.08406297	0.0	-6.410459	19.483948	1
29699	ABCA5	0.033754688	0.0	-5.1191354	8.028965	1
29719	SOX9	0.061447814	0.0	-5.964579	12.716417	1
29727	COG1	0.062187146	0.0	-5.981559	14.13214	1
29733	CDC42EP4	0.13552871	0.0	-7.0930605	27.948069	1
29734	SDK2	0.060794216	0.0	-5.9494	13.538242	1
29771	FDXR	0.039358526	0.0	-5.3348017	9.275471	1
29778	CDR2L	0.051203914	0.0	-5.706086	11.870746	1
29780	KCTD2	0.06472182	0.0	-6.0383005	15.074958	1
29783	ARMC7	0.030072669	0.0	-4.957574	6.9821773	1
29789	NUP85	0.051321693	0.0	-5.709337	11.929152	1
29790	GGA3	0.06767978	0.0	-6.1018133	15.5577755	1
29800	CASKIN2	0.039638687	0.0	-5.344782	9.270943	1
29804	RECQL5	0.028580997	0.0	-4.8865986	6.5886683	1
29819	TRIM65	0.040555652	0.0	-5.3769727	9.280927	1
29856	JMJD6	0.048541002	0.0	-5.630551	10.917126	1
29866	SNHG20	0.04641451	0.0	-5.5672565	10.55884	1
29889	AFMID	0.071996905	0.0	-6.1897635	15.923619	1
29901	CYTH1	0.059597544	0.0	-5.9211874	13.06602	1
29902	USP36	0.086598895	0.0	-6.452841	19.311296	1
29912	ENGASE	0.035313573	0.0	-5.182437	8.208784	1
29913	RBFOX3	0.027019907	0.0	-4.80838	5.538252	1
29926	TBC1D16	0.13674644	0.0	-7.105871	29.900799	1
29930	CCDC40	0.040374696	0.0	-5.3706765	9.008218	1
29931	GAA	0.11547987	0.0	-6.863937	24.950857	1
29957	AATK	0.030910635	0.0	-4.9959655	7.01606	1
29960	CEP131	0.024047943	0.0	-4.6466203	5.8111224	1
29969	AC027601.6	0.044502355	0.0	-5.5078692	9.660826	1
29974	BAHCC1	0.04795074	0.0	-5.613259	11.078277	1
29982	TSPAN10	0.03662279	0.0	-5.233535	8.481872	1
29985	CCDC137	0.12009163	0.0	-6.9199553	26.857288	1
29987	HGS	0.13998693	0.0	-7.1394176	30.489399	1
29989	AC139530.1	0.041216835	0.0	-5.3997464	9.497318	1
30004	PCYT2	0.03290624	0.0	-5.083479	7.409777	1
30008	MAFG-DT	0.039974377	0.0	-5.35665	9.256443	1
30022	GPS1	0.15226206	0.0	-7.2598567	33.434147	1
30024	FASN	0.08100658	0.0	-6.357668	18.210102	1
30042	HEXD	0.096970834	0.0	-6.61428	20.867018	1
30047	NARF	0.4333574	0.0	-8.762738	44.55244	1
30053	AC124283.1	0.024640992	0.0	-4.6803803	5.93941	1
30059	FN3K	0.046662558	0.0	-5.5747843	10.118594	1
30061	TBCD	0.05080454	0.0	-5.6950064	11.45169	1
30067	METRNL	0.07467416	0.0	-6.241729	16.132956	1
30094	AP001020.2	0.020739574	0.0	-4.4422517	5.035235	1
30130	DLGAP1-AS1	0.025516521	0.0	-4.7288194	6.1637287	1
30143	LINC00526	0.028745225	0.0	-4.894586	6.5499372	1
30152	TMEM200C	0.052316573	0.0	-5.736512	11.958401	1
30172	PTPRM	0.036339954	0.0	-5.222648	8.41731	1
30190	NDUFV2-AS1	0.025582409	0.0	-4.7324	6.0323644	1
30194	TWSG1	0.08996125	0.0	-6.50718	19.586885	1
30241	IMPA2	0.045076802	0.0	-5.5259686	10.1888895	1
30257	CEP76	0.03951013	0.0	-5.340211	8.813474	1
30262	SEH1L	0.05368341	0.0	-5.773031	12.376245	1
30264	CEP192	0.10950057	0.0	-6.78791	23.714212	1
30267	LDLRAD4	0.14252268	0.0	-7.165135	30.300453	1
30326	RBBP8	0.048815664	0.0	-5.6385274	11.249085	1
30328	CABLES1	0.050382063	0.0	-5.6831927	11.01247	1
30333	NPC1	0.0380562	0.0	-5.2874794	9.022945	1
30343	OSBPL1A	0.18903528	0.0	-7.570123	39.680912	1
30364	KCTD1	0.031508792	0.0	-5.022758	7.4151936	1
30402	B4GALT6	0.034114867	0.0	-5.13401	8.277261	1
30414	GAREM1	0.15303577	0.0	-7.267122	30.464315	1
30427	ASXL3	0.22191364	0.0	-7.800341	44.55244	1
30431	DTNA	0.04714007	0.0	-5.589166	10.208055	1
30452	SLC39A6	0.19352745	0.0	-7.60383	42.836437	1
30485	SYT4	0.13066128	0.0	-7.040687	21.85195	1
30506	RNF165	0.054506626	0.0	-5.794588	12.02931	1
30520	HDHD2	0.13693763	0.0	-7.1078725	30.230793	1
30530	CTIF	0.04145063	0.0	-5.407714	9.963809	1
30554	MBD1	0.110496104	0.0	-6.8008494	24.482986	1
30555	CXXC1	0.06285107	0.0	-5.996639	14.221522	1
30561	ME2	0.12540013	0.0	-6.981854	26.766537	1
30574	POLI	0.08482488	0.0	-6.423324	18.813135	1
30610	FECH	0.04544484	0.0	-5.5374465	10.710768	1
30617	NEDD4L	0.061005507	0.0	-5.9543242	13.173422	1
30624	ALPK2	0.021213956	0.0	-4.4733944	5.0282235	1
30649	PMAIP1	0.03454183	0.0	-5.151446	7.502082	1
30671	PHLPP1	0.054203417	0.0	-5.7866855	12.058763	1
30676	AC036176.1	0.022736838	0.0	-4.569056	5.481212	1
30699	CDH7	0.70873433	0.13141505	-2.422212	5.5531397	1
30727	RTTN	0.032446194	0.0	-5.06377	7.471982	1
30743	NETO1	0.02525315	0.0	-4.7144184	6.0702467	1
30752	TIMM21	0.091061555	0.0	-6.524527	20.377773	1
30794	LINC00683	0.025282813	0.0	-4.716048	6.246699	1
30835	CTDP1	0.0423096	0.0	-5.436615	10.34495	1
30848	ADNP2	0.14080912	0.0	-7.1478066	30.931463	1
30850	PARD6G	0.099687114	0.0	-6.653735	22.074791	1
30859	PLPP2	0.022036238	0.0	-4.525833	5.0596604	1
30881	FSTL3	0.053891838	0.0	-5.7785196	12.473685	1
30883	PALM	0.07937325	0.0	-6.3286433	17.286564	1
30909	SBNO2	0.026549362	0.0	-4.783947	6.475922	1
30911	CBARP	0.03681605	0.0	-5.2409267	8.602037	1
30918	EFNA2	0.0570426	0.0	-5.8590403	12.15958	1
30937	MEX3D	0.09064749	0.0	-6.5180235	20.028692	1
30948	KLF16	0.05589452	0.0	-5.830218	11.928109	1
30960	MOB3A	0.07378334	0.0	-6.224645	16.523478	1
30963	DOT1L	0.056697685	0.0	-5.8504415	12.8878565	1
30990	SGTA	0.12976612	0.0	-7.030845	27.41047	1
30991	THOP1	0.0560947	0.0	-5.8352847	12.391607	1
30992	ZNF554	0.028659675	0.0	-4.890431	6.956812	1
30999	ZNF77	0.021968916	0.0	-4.5216107	5.500938	1
31016	DOHH	0.050847743	0.0	-5.6962094	11.305185	1
31026	CACTIN	0.04614088	0.0	-5.5589066	10.390605	1
31030	APBA3	0.02580787	0.0	-4.7445846	6.129772	1
31036	ZFR2	0.031515706	0.0	-5.0230646	7.07244	1
31046	SIRT6	0.07831188	0.0	-6.309465	17.825178	1
31053	STAP2	0.058600307	0.0	-5.897248	12.743819	1
31079	FEM1A	0.055555314	0.0	-5.8215904	12.141447	1
31087	PTPRS	0.07159934	0.0	-6.1818843	15.978905	1
31100	DUS3L	0.027546886	0.0	-4.8352613	6.4782095	1
31109	AC104532.2	0.03883709	0.0	-5.31604	8.528097	1
31123	PSPN	0.022083353	0.0	-4.528781	5.0023327	1
31157	PEX11G	0.022383032	0.0	-4.54739	5.4104557	1
31162	PNPLA6	0.020720476	0.0	-4.440984	5.0112834	1
31164	XAB2	0.057651646	0.0	-5.8740997	12.596198	1
31202	RAB11B-AS1	0.06622114	0.0	-6.070843	15.157901	1
31208	ZNF414	0.08892151	0.0	-6.4905944	19.761362	1
31225	ZNF317	0.036652505	0.0	-5.234674	8.563267	1
31229	ZNF699	0.041344624	0.0	-5.4041066	9.446662	1
31234	ZNF266	0.047593933	0.0	-5.602704	10.964858	1
31282	S1PR5	0.061434552	0.0	-5.9642725	14.35178	1
31283	ATG4D	0.037256133	0.0	-5.257619	8.992706	1
31287	SLC44A2	0.10348231	0.0	-6.7071147	23.001934	1
31288	ILF3-DT	0.10219087	0.0	-6.6891713	21.79216	1
31308	RAB3D	0.041617304	0.0	-5.4133673	8.829747	1
31311	CCDC159	0.06617191	0.0	-6.069786	15.158521	1
31316	RGL3	0.029598014	0.0	-4.935366	6.8247614	1
31317	CCDC151	0.05134074	0.0	-5.709862	11.155764	1
31322	CNN1	0.07373345	0.0	-6.223682	16.198408	1
31329	ZNF441	0.041064158	0.0	-5.3945193	9.550634	1
31332	ZNF440	0.02794078	0.0	-4.855032	6.7089667	1
31334	ZNF439	0.066586584	0.0	-6.078665	14.894626	1
31335	ZNF69	0.029577367	0.0	-4.9343925	7.258241	1
31339	ZNF433-AS1	0.06765663	0.0	-6.101327	15.570589	1
31340	ZNF433	0.035618722	0.0	-5.1945095	8.06108	1
31342	ZNF844	0.058682073	0.0	-5.8992257	13.665597	1
31343	ZNF20	0.028365267	0.0	-4.876039	6.971563	1
31353	ZNF564	0.041030217	0.0	-5.393355	9.5061655	1
31356	ZNF490	0.039414477	0.0	-5.3368	8.7690525	1
31358	MAN2B1	0.073187016	0.0	-6.2130947	16.853937	1
31365	FBXW9	0.042844653	0.0	-5.454329	9.881973	1
31367	TNPO2	0.0956047	0.0	-6.5940213	20.855768	1
31382	DNASE2	0.12297079	0.0	-6.9538565	27.0883	1
31385	GCDH	0.05684967	0.0	-5.8542366	12.52553	1
31394	NFIX	0.034420766	0.0	-5.1465235	7.9610963	1
31398	TRMT1	0.043024316	0.0	-5.4602284	9.770948	1
31411	ZSWIM4	0.039245576	0.0	-5.330758	8.723003	1
31416	CC2D1A	0.081684284	0.0	-6.369541	18.099577	1
31431	AC022098.1	0.019996691	0.0	-4.3920903	5.2339096	1
31450	ZNF333	0.075493924	0.0	-6.257273	17.056715	1
31509	C19orf44	0.030454481	0.0	-4.9751935	7.085716	1
31515	AC008764.8	0.02549479	0.0	-4.727637	5.7077084	1
31529	CPAMD8	0.042669564	0.0	-5.448556	9.342527	1
31548	ANO8	0.02810177	0.0	-4.863035	6.7644267	1
31549	GTPBP3	0.10073129	0.0	-6.6686196	22.309246	1
31558	TMEM221	0.03068343	0.0	-4.9856567	6.5861616	1
31561	SLC27A1	0.048809145	0.0	-5.6383386	10.799142	1
31562	AC010618.3	0.030132638	0.0	-4.9603558	6.84888	1
31574	JAK3	0.030592775	0.0	-4.9815226	7.014194	1
31588	PDE4C	0.040980652	0.0	-5.3916526	9.344353	1
31593	PGPEP1	0.10908135	0.0	-6.7824264	23.577501	1
31599	ELL	0.03560014	0.0	-5.193777	8.67914	1
31613	UPF1	0.11298258	0.0	-6.8326693	25.25561	1
31615	CERS1	0.034414165	0.0	-5.1462545	8.14635	1
31625	MEF2B	0.027183272	0.0	-4.816767	6.1667094	1
31633	MAU2	0.12213658	0.0	-6.9441156	27.612923	1
31638	YJEFN3	0.04535765	0.0	-5.534735	10.001295	1
31642	LPAR2	0.05243103	0.0	-5.739606	11.747427	1
31646	ZNF14	0.0455194	0.0	-5.5397606	9.88672	1
31652	ZNF253	0.08982641	0.0	-6.50504	19.522219	1
31658	ZNF486	0.033937242	0.0	-5.1266937	7.77345	1
31665	ZNF85	0.063151605	0.0	-6.003413	13.824489	1
31667	ZNF430	0.12029369	0.0	-6.922361	26.256304	1
31668	ZNF714	0.12456715	0.0	-6.9723153	27.081106	1
31672	ZNF493	0.04213867	0.0	-5.4309096	9.569594	1
31679	ZNF100	0.026619948	0.0	-4.7876387	6.067074	1
31707	ZNF724	0.034284852	0.0	-5.140977	7.9385586	1
31708	AC092329.4	0.030854588	0.0	-4.993429	7.4470353	1
31713	ZNF681	0.043845724	0.0	-5.4868984	9.80683	1
31720	ZNF254	0.21552342	0.0	-7.7583795	44.55244	1
31723	LINC00662	0.11424739	0.0	-6.8485904	24.529776	1
31771	TSHZ3	0.10408389	0.0	-6.715398	21.626568	1
31784	ZNF507	0.12143049	0.0	-6.935819	26.379927	1
31798	FAAP24	0.021744207	0.0	-4.507427	5.023301	1
31802	LRP3	0.02305027	0.0	-4.587981	5.706781	1
31833	ZNF181	0.06900707	0.0	-6.129429	15.034939	1
31834	ZNF599	0.033883926	0.0	-5.1244903	7.962159	1
31853	FXYD1	0.049516298	0.0	-5.658677	10.97627	1
31873	DMKN	0.044429857	0.0	-5.5055685	9.940649	1
31883	HAUS5	0.03494268	0.0	-5.167626	7.8312545	1
31890	KMT2B	0.32067913	0.0	-8.329478	44.55244	1
31895	LIN37	0.08740224	0.0	-6.466011	18.89306	1
31898	PROSER3	0.04582789	0.0	-5.549296	10.647383	1
31900	ARHGAP33	0.051640246	0.0	-5.7180943	11.754498	1
31934	ZNF260	0.16104487	0.0	-7.3402495	35.077923	1
31937	ZNF529-AS1	0.06562576	0.0	-6.058008	14.590757	1
31938	ZNF382	0.035932027	0.0	-5.2068005	8.09065	1
31942	ZNF567	0.11847651	0.0	-6.9005833	24.647888	1
31946	ZNF790-AS1	0.073255844	0.0	-6.2144327	16.018085	1
31948	ZNF345	0.06024564	0.0	-5.9365354	12.996269	1
31949	ZNF829	0.024515653	0.0	-4.6733108	5.9222755	1
31951	ZNF420	0.064933196	0.0	-6.042933	14.356558	1
31954	ZNF585A	0.092519745	0.0	-6.5471992	20.983723	1
31956	ZNF585B	0.02908178	0.0	-4.910818	6.553574	1
31957	ZNF383	0.04087192	0.0	-5.387911	9.612404	1
31961	ZNF875	0.09485144	0.0	-6.5827284	21.001	1
31964	ZNF527	0.034846656	0.0	-5.1637664	7.9177337	1
31967	ZNF793-AS1	0.02822655	0.0	-4.869208	6.5938416	1
31972	ZNF540	0.029217497	0.0	-4.917312	6.571283	1
31974	ZFP30	0.05359494	0.0	-5.770695	12.403309	1
31975	ZNF781	0.03555454	0.0	-5.1919785	8.114843	1
31976	ZNF607	0.024762362	0.0	-4.687193	6.3957047	1
31979	ZNF573	0.045493435	0.0	-5.538955	10.089199	1
31981	SIPA1L3	0.01965818	0.0	-4.3686414	5.0583973	1
31987	SPINT2	0.07565323	0.0	-6.260275	15.2811	1
32045	ZFP36	0.07680965	0.0	-6.281877	16.631323	1
32050	DLL3	0.035142712	0.0	-5.175633	8.302372	1
32052	EID2B	0.05079716	0.0	-5.694801	10.706265	1
32065	ZNF546	0.05116505	0.0	-5.7050114	11.413174	1
32066	ZNF780B	0.066475056	0.0	-6.0762825	14.572096	1
32067	ZNF780A	0.03729677	0.0	-5.2591505	8.871433	1
32069	MAP3K10	0.028251978	0.0	-4.8704624	6.52314	1
32077	PRX	0.020505674	0.0	-4.4266453	5.218955	1
32088	ITPKC	0.027864289	0.0	-4.851214	6.7797537	1
32109	TMEM91	0.1102611	0.0	-6.7978053	24.870632	1
32110	B9D2	0.026347646	0.0	-4.7733445	6.0839076	1
32117	DMAC2	0.17208937	0.0	-7.4353733	36.703457	1
32139	GRIK5	0.03155572	0.0	-5.024839	7.4742975	1
32140	ZNF574	0.056025047	0.0	-5.8335238	12.85469	1
32144	DEDD2	0.04902298	0.0	-5.644519	10.651816	1
32145	ZNF526	0.023622904	0.0	-4.6219287	5.6589856	1
32146	GSK3A	0.16635747	0.0	-7.3867893	35.89959	1
32177	LYPD3	0.023097154	0.0	-4.5907907	5.429579	1
32178	PHLDB3	0.031124393	0.0	-5.005597	7.20971	1
32181	XRCC1	0.16711682	0.0	-7.39332	36.890697	1
32189	CADM4	0.07444178	0.0	-6.237292	16.414076	1
32196	ZNF283	0.027988078	0.0	-4.8573875	6.771877	1
32197	ZNF404	0.021792991	0.0	-4.510518	5.2723026	1
32198	AC006213.2	0.045677863	0.0	-5.5446663	9.976298	1
32201	ZNF45	0.041376263	0.0	-5.4051843	9.61764	1
32203	ZNF155	0.047095638	0.0	-5.587834	11.048524	1
32209	ZNF222	0.056194212	0.0	-5.837797	12.579609	1
32211	ZNF284	0.027813109	0.0	-4.8486533	6.546197	1
32214	ZNF225	0.021741737	0.0	-4.5072703	5.450872	1
32218	ZNF227	0.059633918	0.0	-5.922053	13.59226	1
32224	ZNF180	0.022662196	0.0	-4.564512	5.687503	1
32229	PVR	0.03783592	0.0	-5.27932	8.633351	1
32232	BCL3	0.054617353	0.0	-5.797463	12.216919	1
32260	PPP1R13L	0.021936359	0.0	-4.5195646	5.5362678	1
32261	CD3EAP	0.039798677	0.0	-5.3504505	9.14741	1
32269	EML2	0.037747774	0.0	-5.2760415	8.730886	1
32274	FBXO46	0.041584905	0.0	-5.41227	9.428193	1
32276	SIX5	0.0855612	0.0	-6.4356484	18.404076	1
32279	DMPK	0.048963614	0.0	-5.6428056	11.222941	1
32285	IRF2BP1	0.06770768	0.0	-6.1023993	14.836917	1
32286	MYPOP	0.023342697	0.0	-4.6054173	5.8313227	1
32308	PNMA8A	0.09291292	0.0	-6.5532517	19.902607	1
32310	PNMA8B	0.037301723	0.0	-5.2593374	8.18433	1
32315	PTGIR	0.0776721	0.0	-6.29778	16.096308	1
32316	GNG8	0.038809214	0.0	-5.3150306	8.736614	1
32320	STRN4	0.16351281	0.0	-7.3620563	35.699493	1
32322	FKRP	0.04262552	0.0	-5.4471	9.685406	1
32333	CCDC9	0.04860269	0.0	-5.632346	11.134879	1
32337	DHX34	0.027580854	0.0	-4.836977	6.7935867	1
32339	SLC8A2	0.0213837	0.0	-4.484377	5.169409	1
32365	ZSWIM9	0.06035956	0.0	-5.939216	14.045565	1
32370	ZNF114	0.036291335	0.0	-5.2207685	8.337811	1
32376	GRIN2D	0.03601448	0.0	-5.2100177	8.474935	1
32388	SPHK2	0.032174684	0.0	-5.0520105	7.7883916	1
32393	MAMSTR	0.028216494	0.0	-4.868711	6.1166077	1
32398	BCAT2	0.08420681	0.0	-6.412897	18.630257	1
32426	LIN7B	0.07502227	0.0	-6.24835	15.891575	1
32428	PPFIA3	0.064560704	0.0	-6.0347595	13.742637	1
32433	CD37	0.026447989	0.0	-4.7786283	6.1024723	1
32436	DKKL1	0.06145915	0.0	-5.964841	13.041947	1
32443	ALDH16A1	0.029445883	0.0	-4.928175	6.9574294	1
32451	PRR12	0.17930198	0.0	-7.4942713	39.767365	1
32460	CPT1C	0.04009955	0.0	-5.3610506	8.864077	1
32465	MED25	0.0563045	0.0	-5.840576	12.593012	1
32478	ZNF473	0.026812168	0.0	-4.797644	6.3521695	1
32486	KCNC3	0.032716434	0.0	-5.07538	7.7754264	1
32493	FAM71E1	0.03064367	0.0	-4.9838448	7.1650243	1
32499	LRRC4B	0.1641971	0.0	-7.3680444	35.055424	1
32564	SPACA6	0.034754224	0.0	-5.160042	8.239179	1
32573	ZNF649	0.06896769	0.0	-6.128617	15.995433	1
32574	ZNF613	0.0253065	0.0	-4.717347	5.780665	1
32576	ZNF350	0.050305925	0.0	-5.6810536	11.414754	1
32577	ZNF615	0.033305254	0.0	-5.1003575	7.3902874	1
32582	ZNF841	0.0509208	0.0	-5.6982408	12.001278	1
32583	ZNF616	0.0665404	0.0	-6.0776787	14.726492	1
32593	ZNF610	0.03714509	0.0	-5.253425	8.6118555	1
32601	ZNF808	0.03630331	0.0	-5.2212315	8.35179	1
32607	ZNF611	0.030632185	0.0	-4.983321	7.239661	1
32618	ZNF160	0.19237436	0.0	-7.5952525	42.523056	1
32619	ZNF415	0.04588692	0.0	-5.5511136	10.297731	1
32620	ZNF347	0.036198046	0.0	-5.217155	8.64004	1
32629	ZNF525	0.025717268	0.0	-4.7397003	6.073598	1
32630	ZNF765	0.030896148	0.0	-4.9953103	7.3320727	1
32632	ZNF761	0.02128037	0.0	-4.477701	5.378387	1
32645	CACNG8	0.065023	0.0	-6.0448966	14.043246	1
32654	CNOT3	0.13680036	0.0	-7.106436	29.417068	1
32669	TTYH1	0.03921358	0.0	-5.329611	8.679505	1
32674	LENG8-AS1	0.03152668	0.0	-5.0235515	7.378898	1
32676	LENG9	0.05528114	0.0	-5.8145795	12.568417	1
32712	HSPBP1	0.097477965	0.0	-6.621729	21.667746	1
32717	KMT5C	0.048166774	0.0	-5.6196117	10.78223	1
32720	IL11	0.03319602	0.0	-5.0957565	8.032847	1
32738	ZNF865	0.032541938	0.0	-5.067894	7.469711	1
32780	ZFP28	0.03139519	0.0	-5.0177073	6.9905486	1
32795	ZNF805	0.106699444	0.0	-6.750867	23.376501	1
32800	ZNF543	0.06177556	0.0	-5.972131	13.865416	1
32802	ZNF304	0.035557713	0.0	-5.192104	7.9790063	1
32804	TRAPPC2B	0.16456936	0.0	-7.371292	34.99059	1
32805	ZNF548	0.09847489	0.0	-6.6362605	21.504366	1
32806	ZNF17	0.039312713	0.0	-5.333163	8.34651	1
32812	ZNF419	0.04154162	0.0	-5.410803	9.576599	1
32813	ZNF773	0.041588493	0.0	-5.4123917	9.857899	1
32814	ZNF549	0.047813375	0.0	-5.6092043	10.69448	1
32815	ZNF550	0.044213183	0.0	-5.4986715	10.204325	1
32816	ZNF416	0.036302164	0.0	-5.221187	8.345756	1
32819	ZNF134	0.11010294	0.0	-6.795753	23.582895	1
32821	ZNF211	0.04952978	0.0	-5.659062	10.882054	1
32823	ZNF551	0.02684545	0.0	-4.7993693	6.4361796	1
32824	ZNF154	0.15198033	0.0	-7.257202	33.0285	1
32825	ZNF671	0.042532656	0.0	-5.444026	9.444711	1
32826	ZNF776	0.07015164	0.0	-6.1528254	15.806694	1
32827	ZNF586	0.04926623	0.0	-5.6515174	11.250516	1
32828	ZNF552	0.037648454	0.0	-5.272339	8.75397	1
32829	ZNF587B	0.038199272	0.0	-5.2927547	9.339555	1
32833	ZNF417	0.019483881	0.0	-4.356417	5.0116153	1
32834	ZNF418	0.033236537	0.0	-5.0974646	7.6933165	1
32835	ZNF256	0.037483994	0.0	-5.2661867	8.547651	1
32838	AC008969.1	0.1053733	0.0	-6.732992	22.706959	1
32843	ZNF329	0.050194833	0.0	-5.677926	10.857042	1
32854	A1BG-AS1	0.04779144	0.0	-5.6085563	11.078326	1
32862	ZNF584	0.036086332	0.0	-5.2128153	8.16889	1
32867	ZNF324B	0.02134683	0.0	-4.4819984	5.623909	1
32869	ZNF446	0.042316183	0.0	-5.4368343	9.617003	1
32878	MZF1	0.065840416	0.0	-6.062649	14.39785	1
32887	C20orf96	0.1737276	0.0	-7.4489636	37.46156	1
32890	NRSN2-AS1	0.04608341	0.0	-5.5571465	10.684849	1
32892	NRSN2	0.10049163	0.0	-6.665217	21.732224	1
32901	FAM110A	0.024050457	0.0	-4.6467648	5.802463	1
32903	RSPO4	0.02801982	0.0	-4.8589664	7.0715837	1
32950	UBOX5	0.026201274	0.0	-4.765602	6.5215635	1
32957	C20orf194	0.095817104	0.0	-6.59719	21.844612	1
32965	CENPB	0.1490774	0.0	-7.2295628	32.56307	1
32966	CDC25B	0.02928305	0.0	-4.920439	7.100462	1
32968	AP5S1	0.03389658	0.0	-5.1250134	8.04034	1
32970	AL353194.1	0.027521959	0.0	-4.834001	6.614284	1
32975	SMOX	0.07637485	0.0	-6.2737927	16.645891	1
32985	SLC23A2	0.036681358	0.0	-5.235779	8.546159	1
32992	CDS2	0.091282524	0.0	-6.5279856	19.744682	1
33002	SHLD1	0.03402271	0.0	-5.130219	7.967692	1
33005	MCM8	0.028067792	0.0	-4.8613496	6.934508	1
33014	BMP2	0.032873295	0.0	-5.082076	7.420004	1
33023	PLCB1	0.08528352	0.0	-6.431013	16.477757	1
33037	SNAP25	0.056594588	0.0	-5.8478613	12.4633045	1
33042	SLX4IP	0.06548589	0.0	-6.0549765	15.060426	1
33069	ESF1	0.36578768	0.051562987	-2.8028262	5.357003	1
33070	NDUFAF5	0.046041366	0.0	-5.5558577	11.1003895	1
33072	MACROD2	0.02406789	0.0	-4.6477685	5.4298425	1
33073	FLRT3	0.29559037	0.0	-8.212328	44.55244	1
33081	KIF16B	0.056505166	0.0	-5.8456197	12.666713	1
33101	PET117	0.055545572	0.0	-5.821342	12.001418	1
33108	DZANK1	0.02046109	0.0	-4.423651	5.09389	1
33109	POLR3F	0.04442101	0.0	-5.5052876	10.120128	1
33110	RBBP9	0.06218337	0.0	-5.981473	14.511585	1
33121	SLC24A3	0.041387238	0.0	-5.405558	8.804175	1
33173	GZF1	0.0639818	0.0	-6.0219636	14.409144	1
33197	SYNDIG1	0.037055954	0.0	-5.25005	8.101995	1
33209	ENTPD6	0.020773958	0.0	-4.444532	5.020687	1
33212	PYGB	0.052245833	0.0	-5.7345967	11.743792	1
33217	NINL	0.11679705	0.0	-6.88016	25.060993	1
33218	NANP	0.025831586	0.0	-4.74586	6.3565745	1
33219	ZNF337-AS1	0.022232713	0.0	-4.538086	5.4286046	1
33220	ZNF337	0.06423463	0.0	-6.027566	13.9270735	1
33254	BCL2L1	0.06464778	0.0	-6.0366745	14.618983	1
33270	PLAGL2	0.06620219	0.0	-6.0704365	15.236657	1
33288	AL035071.1	0.035310138	0.0	-5.1823006	7.915306	1
33300	CDK5RAP1	0.07984521	0.0	-6.3370905	17.53899	1
33301	SNTA1	0.06980723	0.0	-6.145825	14.669937	1
33302	CBFA2T2	0.17022412	0.0	-7.419742	37.084034	1
33304	NECAB3	0.06870199	0.0	-6.123128	15.345918	1
33309	PXMP4	0.04225897	0.0	-5.4349275	9.98172	1
33323	ITCH	0.16940358	0.0	-7.4128118	36.848568	1
33330	NCOA6	0.1207154	0.0	-6.9273677	26.89558	1
33346	UQCC1	0.06064407	0.0	-5.94589	13.313814	1
33355	RBM12	0.13079636	0.0	-7.0421667	29.398504	1
33356	NFS1	0.02820665	0.0	-4.868225	6.4980106	1
33361	CNBD2	0.029781425	0.0	-4.9439883	6.8302903	1
33380	SAMHD1	0.040288832	0.0	-5.3676796	9.40741	1
33381	RBL1	0.02423042	0.0	-4.657092	5.845586	1
33390	NNAT	0.48192942	0.05823412	-3.027312	6.6153917	1
33397	TTI1	0.0507034	0.0	-5.692187	11.714342	1
33400	TGM2	0.045337677	0.0	-5.534114	10.648378	1
33412	SNHG11	0.06202146	0.0	-5.9777713	13.500138	1
33413	RALGAPB	0.110059686	0.0	-6.7951913	24.243446	1
33417	ACTR5	0.026391972	0.0	-4.775681	6.0857706	1
33422	DHX35	0.041385558	0.0	-5.405501	9.246242	1
33435	PLCG1-AS1	0.020356515	0.0	-4.4166045	5.1965847	1
33436	PLCG1	0.13097663	0.0	-7.0441384	29.503185	1
33461	OSER1-DT	0.06347132	0.0	-6.0105853	14.212542	1
33463	FITM2	0.02126636	0.0	-4.476794	5.233715	1
33470	TTPAL	0.09371201	0.0	-6.5654755	20.369917	1
33483	TOMM34	0.08727056	0.0	-6.4638605	19.287489	1
33495	SDC4	0.023736631	0.0	-4.628577	5.3865666	1
33497	SYS1	0.1272457	0.0	-7.0027666	28.370825	1
33502	WFDC2	0.028924407	0.0	-4.9032507	6.5282345	1
33515	DNTTIP1	0.14451474	0.0	-7.1850214	32.30567	1
33518	SNX21	0.0624598	0.0	-5.987771	13.796855	1
33521	ZSWIM1	0.020032411	0.0	-4.394542	5.0909925	1
33528	PCIF1	0.068650275	0.0	-6.122057	15.455596	1
33533	NCOA5	0.048043285	0.0	-5.6159835	10.994875	1
33539	ELMO2	0.054819703	0.0	-5.8027024	12.640026	1
33540	ZNF334	0.10432533	0.0	-6.7187085	22.500938	1
33554	NCOA3	0.12664646	0.0	-6.99601	28.180176	1
33555	SULF2	0.067770556	0.0	-6.103719	14.149977	1
33581	ZNFX1	0.0801418	0.0	-6.3423734	18.01447	1
33586	SLC9A8	0.028221395	0.0	-4.868953	6.834374	1
33587	SPATA2	0.02752742	0.0	-4.834277	6.278106	1
33589	SNAI1	0.06323695	0.0	-6.0053315	13.7870245	1
33606	BCAS4	0.043363202	0.0	-5.4712915	9.644025	1
33610	MOCS3	0.053761303	0.0	-5.775085	12.293163	1
33612	KCNG1	0.14387316	0.0	-7.1786466	26.53634	1
33614	ATP9A	0.06631441	0.0	-6.0728436	14.043528	1
33617	ZFP64	0.04345001	0.0	-5.4741116	9.877987	1
33627	AL391097.1	0.04981204	0.0	-5.6670985	10.897068	1
33674	RBM38	0.0488601	0.0	-5.639814	10.534007	1
33681	NKILA	0.043740958	0.0	-5.4835243	9.642917	1
33705	CTSZ	0.093662664	0.0	-6.5647235	20.611195	1
33710	EDN3	0.024010723	0.0	-4.644475	5.1761203	1
33720	PPP1R3D	0.028156783	0.0	-4.86576	6.822768	1
33735	TAF4	0.031843506	0.0	-5.037536	7.720556	1
33737	LSM14B	0.16448797	0.0	-7.3705826	34.81297	1
33739	SS18L1	0.05821685	0.0	-5.8879356	13.498806	1
33749	CABLES2	0.033044316	0.0	-5.089342	7.5112677	1
33774	COL9A3	0.075347304	0.0	-6.254505	14.703318	1
33790	YTHDF1	0.17232119	0.0	-7.437304	37.03435	1
33793	NKAIN4	0.181716	0.0	-7.513459	33.064514	1
33795	ARFGAP1	0.11643873	0.0	-6.8757644	26.081198	1
33799	KCNQ2	0.11688963	0.0	-6.881293	23.531475	1
33802	EEF1A2	0.02855053	0.0	-4.885112	6.484245	1
33809	HELZ2	0.029652819	0.0	-4.9379478	6.864124	1
33833	SOX18	0.030199833	0.0	-4.963466	7.381425	1
33838	LKAAEAR1	0.03388029	0.0	-5.12434	7.956455	1
33847	GATD3B	0.0461422	0.0	-5.558947	10.870545	1
33869	CU638689.5	0.02567496	0.0	-4.7374144	6.120462	1
33913	NRIP1	0.31848007	0.0	-8.319582	44.55244	1
33919	USP25	0.040569115	0.0	-5.37744	9.830709	1
33920	MIR99AHG	0.111679286	0.0	-6.8160787	22.293013	1
33950	NCAM2	0.22832087	0.0	-7.8412237	44.55244	1
33986	JAM2	0.06679548	0.0	-6.0831175	14.634509	1
34002	ADAMTS5	0.04809338	0.0	-5.6174564	10.213703	1
34009	LINC01697	0.046476264	0.0	-5.569134	10.300195	1
34010	LINC01695	0.024635077	0.0	-4.680047	5.820128	1
34013	N6AMT1	0.07179468	0.0	-6.185761	15.832852	1
34076	SCAF4	0.12692545	0.0	-6.9991593	27.434237	1
34078	HUNK	0.024239218	0.0	-4.657595	5.495153	1
34082	MIS18A	0.14317468	0.0	-7.171674	30.70893	1
34086	URB1	0.07614756	0.0	-6.2695484	17.551386	1
34091	SYNJ1	0.048154905	0.0	-5.619263	10.648609	1
34094	C21orf62-AS1	0.043650877	0.0	-5.4806166	10.188033	1
34110	TMEM50B	0.15940471	0.0	-7.3255725	35.015797	1
34115	DONSON	0.030073583	0.0	-4.957617	6.966484	1
34163	HLCS	0.02969001	0.0	-4.9396973	7.346396	1
34221	BACE2	0.04067857	0.0	-5.3812337	9.208867	1
34240	C2CD2	0.027994504	0.0	-4.8577075	6.9961214	1
34241	ZBTB21	0.06631684	0.0	-6.0728955	13.83018	1
34267	PKNOX1	0.2144122	0.0	-7.750956	44.55244	1
34346	AP001505.1	0.02212128	0.0	-4.5311494	5.2022543	1
34350	ADARB1	0.03993798	0.0	-5.355368	9.083309	1
34385	LSS	0.040768355	0.0	-5.3843384	9.068045	1
34392	C21orf58	0.026250115	0.0	-4.7681904	6.379435	1
34432	HDHD5	0.22479594	0.0	-7.818876	44.55244	1
34444	MICAL3	0.036227155	0.0	-5.218283	8.822752	1
34486	HIRA	0.037223328	0.0	-5.2563815	8.325996	1
34499	GP1BB	0.021371325	0.0	-4.4835787	5.205757	1
34501	GNB1L	0.025793578	0.0	-4.7438154	6.0388527	1
34502	RTL10	0.037442423	0.0	-5.2646275	8.357966	1
34503	TXNRD2	0.041776307	0.0	-5.41874	9.645631	1
34505	ARVCF	0.025375344	0.0	-4.721118	5.871325	1
34511	TRMT2A	0.044215154	0.0	-5.4987345	10.73381	1
34517	RTN4R	0.030749375	0.0	-4.988656	6.8276505	1
34525	ZNF74	0.05283555	0.0	-5.7504873	11.753612	1
34526	SCARF2	0.06094142	0.0	-5.9528327	13.816969	1
34527	KLHL22	0.08199518	0.0	-6.3749557	17.463129	1
34534	CRKL	0.09628754	0.0	-6.604183	21.402596	1
34538	LZTR1	0.057252463	0.0	-5.864247	12.731669	1
34539	THAP7	0.14691147	0.0	-7.20859	31.708536	1
34554	HIC2	0.089603506	0.0	-6.501495	20.037302	1
34564	YPEL1	0.08722395	0.0	-6.4630985	18.202393	1
34613	ZNF280B	0.050773263	0.0	-5.694135	11.26884	1
34712	GUCD1	0.07770925	0.0	-6.2984614	16.93759	1
34723	KIAA1671	0.025492935	0.0	-4.7275357	6.0557637	1
34751	HPS4	0.1109398	0.0	-6.806579	24.843672	1
34752	SRRD	0.13704574	0.0	-7.1090026	30.598288	1
34753	TFIP11	0.07137369	0.0	-6.1773934	15.835436	1
34755	TPST2	0.061446607	0.0	-5.964551	14.392779	1
34759	MIAT	0.024285415	0.0	-4.6602335	5.773438	1
34761	MIATNB	0.03804326	0.0	-5.2870016	9.174822	1
34783	MN1	0.10154114	0.0	-6.680059	22.172607	1
34787	CHEK2	0.026496084	0.0	-4.781154	6.5460596	1
34793	ZNRF3	0.022487614	0.0	-4.5538282	5.197922	1
34797	KREMEN1	0.031088578	0.0	-5.003988	7.0330353	1
34803	GAS2L1	0.03842518	0.0	-5.3010454	9.09128	1
34806	AP1B1	0.06360629	0.0	-6.0136027	14.848712	1
34809	NEFH	0.045545023	0.0	-5.540555	10.30233	1
34811	THOC5	0.07208815	0.0	-6.1915655	15.990697	1
34814	NF2	0.11409239	0.0	-6.8466487	25.030031	1
34832	TBC1D10A	0.03684689	0.0	-5.2421026	8.280953	1
34833	SF3A1	0.19912189	0.0	-7.644735	42.689117	1
34835	RNF215	0.07700001	0.0	-6.2854023	17.098297	1
34848	TCN2	0.032727774	0.0	-5.0758653	7.6030903	1
34850	DUSP18	0.022663161	0.0	-4.564571	5.3601294	1
34858	SMTN	0.10335427	0.0	-6.7053456	23.28814	1
34863	RNF185	0.05425476	0.0	-5.788027	12.249235	1
34865	LIMK2	0.048119582	0.0	-5.6182265	10.656646	1
34866	PIK3IP1	0.06571592	0.0	-6.059959	15.168442	1
34868	PATZ1	0.08522131	0.0	-6.4299726	18.97172	1
34925	HMOX1	0.055224936	0.0	-5.813138	13.132809	1
34935	Z82217.1	0.031197058	0.0	-5.008857	7.7402596	1
34948	FOXRED2	0.047834087	0.0	-5.6098166	10.810995	1
34974	RAC2	0.02705625	0.0	-4.8102503	6.5586963	1
34981	CARD10	0.035825092	0.0	-5.202617	8.536181	1
34993	GCAT	0.031405486	0.0	-5.018166	7.385144	1
34997	AL022311.1	0.04897057	0.0	-5.643007	10.894258	1
35027	AL021707.2	0.038395125	0.0	-5.299945	8.846029	1
35031	GTPBP1	0.06815019	0.0	-6.1116614	15.1295595	1
35040	NPTXR	0.028579619	0.0	-4.8865314	6.8660808	1
35050	APOBEC3G	0.045008216	0.0	-5.5238194	10.310316	1
35059	TAB1	0.057853777	0.0	-5.879063	12.812761	1
35060	MGAT3	0.040411692	0.0	-5.3719664	9.335962	1
35076	MRTFA	0.051819358	0.0	-5.722995	12.164835	1
35082	XPNPEP3	0.08239685	0.0	-6.381921	18.279078	1
35095	TOB2	0.22349605	0.0	-7.8105464	44.55244	1
35110	TNFRSF13C	0.0222526	0.0	-4.53932	5.4020057	1
35111	CENPM	0.019706456	0.0	-4.372009	5.2334943	1
35116	NAGA	0.06601789	0.0	-6.0664744	15.23669	1
35122	NDUFA6-DT	0.03755272	0.0	-5.2687607	8.99986	1
35126	TCF20	0.07715055	0.0	-6.288184	17.183352	1
35141	TTLL1	0.069368035	0.0	-6.1368484	15.312167	1
35156	SULT4A1	0.023930274	0.0	-4.639827	5.672792	1
35168	RTL6	0.060453564	0.0	-5.941425	13.317331	1
35179	KIAA0930	0.026306758	0.0	-4.771186	6.8061814	1
35182	FAM118A	0.073280044	0.0	-6.214903	16.802038	1
35193	BX537318.1	0.025174925	0.0	-4.7101135	6.1180406	1
35203	CDPF1	0.032753065	0.0	-5.0769467	7.731815	1
35213	AL118516.1	0.025255354	0.0	-4.7145395	5.905107	1
35249	ALG12	0.07851526	0.0	-6.31316	17.377388	1
35263	SELENOO	0.03543723	0.0	-5.187341	7.802543	1
35266	TUBGCP6	0.034198005	0.0	-5.1374216	8.0761	1
35295	SHANK3	0.025171407	0.0	-4.7099195	6.1221433	1
35314	ASMTL	0.08165241	0.0	-6.368985	18.30656	1
35335	PRKX	0.06940961	0.0	-6.1377006	15.606396	1
35343	PUDP	0.048876006	0.0	-5.640274	11.039917	1
35346	PNPLA4	0.091606945	0.0	-6.5330486	20.818407	1
35351	ANOS1	0.04152392	0.0	-5.4102025	8.974889	1
35363	CLCN4	0.039309494	0.0	-5.333048	9.20881	1
35365	MID1	0.061433647	0.0	-5.964252	13.332448	1
35368	ARHGAP6	0.028022712	0.0	-4.8591104	6.318291	1
35372	FRMPD4	0.050608277	0.0	-5.6895304	11.117838	1
35393	GEMIN8	0.043414142	0.0	-5.472947	9.806944	1
35406	CA5B	0.022546524	0.0	-4.557442	5.3589087	1
35413	CTPS2	0.08270311	0.0	-6.3872094	18.53745	1
35419	NHS	0.023564644	0.0	-4.6185117	5.938138	1
35426	SCML2	0.049289368	0.0	-5.6521816	10.273331	1
35432	PHKA2	0.04363863	0.0	-5.480221	9.55217	1
35437	SH3KBP1	0.08139762	0.0	-6.3645306	17.743052	1
35438	BCLAF3	0.07553194	0.0	-6.25799	15.927416	1
35465	APOO	0.06973667	0.0	-6.1443863	14.79089	1
35467	KLHL15	0.034616552	0.0	-5.1544757	8.342355	1
35472	PCYT1B	0.034501273	0.0	-5.149799	7.8244014	1
35474	POLA1	0.032835834	0.0	-5.08048	7.4546933	1
35489	IL1RAPL1	0.17013642	0.0	-7.419003	36.84097	1
35490	AC003659.1	0.03893039	0.0	-5.319415	8.258143	1
35495	NR0B1	0.02899604	0.0	-4.9067	5.9279017	1
35497	GK	0.021745456	0.0	-4.5075064	5.3961716	1
35505	DMD	0.07248809	0.0	-6.1994386	15.303985	1
35560	GPR82	0.037182435	0.0	-5.254837	8.937618	1
35569	NDP	0.02136149	0.0	-4.4829445	5.0255876	1
35572	FUNDC1	0.10306614	0.0	-6.701357	23.452892	1
35574	KDM6A	0.064089306	0.0	-6.0243487	14.197073	1
35589	RP2	0.0323219	0.0	-5.0583987	7.6822214	1
35594	RBM10	0.1939926	0.0	-7.6072755	43.273685	1
35602	LINC01560	0.03314727	0.0	-5.0936985	7.6710815	1
35603	ARAF	0.05075727	0.0	-5.6936893	11.423695	1
35624	FTSJ1	0.08424383	0.0	-6.4135237	18.643423	1
35628	TBC1D25	0.032510888	0.0	-5.066558	7.516051	1
35643	SLC35A2	0.0675864	0.0	-6.0998507	15.1488085	1
35681	USP27X	0.05692266	0.0	-5.8560557	13.108428	1
35694	NUDT11	0.06308656	0.0	-6.00195	13.844491	1
35722	KANTR	0.050496295	0.0	-5.6863966	11.723237	1
35725	IQSEC2	0.028183	0.0	-4.8670564	6.710696	1
35731	PHF8	0.06465883	0.0	-6.036917	14.297402	1
35741	APEX2	0.04546469	0.0	-5.5380626	10.5002365	1
35745	FAM104B	0.07062301	0.0	-6.162351	15.617443	1
35769	SPIN4	0.101571195	0.0	-6.680482	20.95271	1
35777	ZC4H2	0.08989201	0.0	-6.5060816	18.750185	1
35788	OPHN1	0.044723395	0.0	-5.5148606	10.139667	1
35790	STARD8	0.025285719	0.0	-4.716207	6.297832	1
35812	DLG3	0.10727591	0.0	-6.7585683	23.089584	1
35824	ZMYM3	0.1554801	0.0	-7.2898355	33.386967	1
35864	Z83843.1	0.17629038	0.0	-7.46997	38.058556	1
35870	UPRT	0.04073909	0.0	-5.383327	9.766955	1
35879	MAGT1	0.1622826	0.0	-7.3512273	35.75132	1
35887	LPAR4	0.035271116	0.0	-5.180749	8.106562	1
35895	HMGN5	0.063835196	0.0	-6.0187054	13.702121	1
35900	RPS6KA6	0.027023114	0.0	-4.8085456	6.275901	1
35901	HDX	0.059202842	0.0	-5.9117594	12.408151	1
35902	APOOL	0.1376121	0.0	-7.1149096	29.394835	1
35916	PABPC5	0.08234047	0.0	-6.380945	17.301779	1
35917	PCDH11X	0.14780483	0.0	-7.2172775	29.853888	1
35918	NAP1L3	0.12199675	0.0	-6.9424763	26.925674	1
35924	AL157778.1	0.05060576	0.0	-5.68946	10.883198	1
35925	PCDH19	0.027734274	0.0	-4.844701	6.120353	1
35930	CSTF2	0.02143985	0.0	-4.487991	5.3102555	1
35945	ARMCX4	0.07829088	0.0	-6.309083	17.066162	1
35954	ZMAT1	0.027968826	0.0	-4.856429	6.2516017	1
35958	BEX5	0.023527943	0.0	-4.6163545	5.3946724	1
35963	TMSB15A	0.25075477	0.0	-7.9758754	44.55244	1
35965	ARMCX5-GPRASP2	0.07985764	0.0	-6.337312	17.433054	1
35967	GPRASP1	0.084493235	0.0	-6.4177384	18.126684	1
35993	TCEAL1	0.077329494	0.0	-6.291484	16.367445	1
35999	RAB9B	0.025454098	0.0	-4.725419	5.8320856	1
36001	TMSB15B	0.046880815	0.0	-5.5813756	10.617195	1
36004	TMSB15B-1	0.035779353	0.0	-5.2008243	8.5686655	1
36005	SLC25A53	0.02555351	0.0	-4.7308307	6.357228	1
36009	IL1RAPL2	0.020223236	0.0	-4.4075727	5.0079556	1
36013	PWWP3B	0.056211434	0.0	-5.8382316	12.199401	1
36016	TBC1D8B	0.063309416	0.0	-6.006958	14.262254	1
36025	PRPS1	0.05747659	0.0	-5.869787	12.440954	1
36032	PSMD10	0.14780109	0.0	-7.2172413	32.161743	1
36033	ATG4A	0.050860394	0.0	-5.6965613	11.191436	1
36041	KCNE5	0.029044604	0.0	-4.909034	6.952612	1
36042	ACSL4	0.048238035	0.0	-5.6217012	11.084215	1
36043	TMEM164	0.028897561	0.0	-4.901956	6.793082	1
36044	AMMECR1	0.049341343	0.0	-5.6536717	11.587005	1
36049	PAK3	0.027773732	0.0	-4.84668	6.272467	1
36052	SERTM2	0.031275112	0.0	-5.01235	7.0124083	1
36070	DANT2	0.029807718	0.0	-4.94522	7.5556083	1
36088	SLC25A43	0.021326577	0.0	-4.48069	5.0494313	1
36094	NKRF	0.058349736	0.0	-5.8911695	12.992489	1
36109	ZBTB33	0.04424612	0.0	-5.499722	9.985522	1
36135	GRIA3	0.058788866	0.0	-5.901805	13.465329	1
36143	TENM1	0.1660622	0.0	-7.3842416	36.602665	1
36153	OCRL	0.044174984	0.0	-5.4974523	10.181702	1
36164	AIFM1	0.099668406	0.0	-6.653467	21.756935	1
36166	RAB33A	0.02472022	0.0	-4.684831	5.9742427	1
36168	SLC25A14	0.033238743	0.0	-5.0975575	7.2951746	1
36172	ENOX2	0.04896677	0.0	-5.642897	11.643599	1
36175	IGSF1	0.044451557	0.0	-5.5062575	10.312356	1
36180	STK26	0.07421248	0.0	-6.2329	16.918339	1
36184	MBNL3	0.03306686	0.0	-5.0902967	7.9366465	1
36190	GPC3	1.0145022	0.27137932	-1.8985044	5.098943	1
36194	HPRT1	0.08755372	0.0	-6.468481	19.38369	1
36197	PLAC1	0.019865014	0.0	-4.3830137	5.011238	1
36203	SMIM10	0.05858661	0.0	-5.8969164	13.844939	1
36209	SMIM10L2B	0.033633437	0.0	-5.114094	7.500752	1
36220	INTS6L	0.053988054	0.0	-5.7810464	12.349777	1
36231	MMGT1	0.103512615	0.0	-6.7075334	22.46839	1
36241	ARHGEF6	0.034348756	0.0	-5.1435876	7.8839626	1
36242	AL683813.1	0.057558365	0.0	-5.8718033	12.8413515	1
36248	FGF13	0.02307241	0.0	-4.5893087	5.6006317	1
36295	AFF2	0.1124439	0.0	-6.825835	23.290895	1
36305	TMEM185A	0.07721877	0.0	-6.289443	16.11914	1
36312	CXorf40B	0.03985882	0.0	-5.352576	9.445997	1
36317	MTMR1	0.04158834	0.0	-5.4123864	9.42992	1
36351	NSDHL	0.043764755	0.0	-5.484291	9.380799	1
36356	PNMA6A	0.028567629	0.0	-4.8859468	6.251935	1
36373	ABCD1	0.036399852	0.0	-5.2249603	8.458221	1
36379	PDZD4	0.045992956	0.0	-5.5543723	10.349435	1
36386	HCFC1	0.1341307	0.0	-7.078212	29.955187	1
36388	TMEM187	0.041028813	0.0	-5.3933067	9.280883	1
36405	AC244090.1	0.06291982	0.0	-5.9981914	14.201022	1
36412	SLC10A3	0.046816174	0.0	-5.579427	10.962616	1
36416	IKBKG	0.041541822	0.0	-5.41081	9.854307	1
36424	MPP1	0.030006487	0.0	-4.9544983	7.2024484	1
36428	F8A1	0.06426306	0.0	-6.028195	14.011325	1
36432	BRCC3	0.10178963	0.0	-6.683551	22.129412	1
36443	TMLHE	0.07436959	0.0	-6.2359104	16.505388	1
36459	PCDH11Y	0.031433426	0.0	-5.019409	6.9652576	1
36493	AC244213.1	0.032158222	0.0	-5.051295	7.3528013	1
36518	TTTY10	0.039554816	0.0	-5.341801	9.108755	1
36570	MT-ND6	0.55456126	0.109556176	-2.3291664	5.132713	1
36581	AC240274.1	0.03785885	0.0	-5.2801714	8.94149	1
36584	AC004556.3	0.06021619	0.0	-5.935841	13.214657	1
