	gene	expression_1	expression_2	log2FC	-log10 p-val	significant
1	AL627309.1	0.0013168594	0.017704863	3.6515028	44.55244	1
3	AL627309.5	0.0034316287	0.0200363	2.511393	43.55244	1
15	LINC02593	0.018212603	0.0077064056	-1.2301066	18.449594	1
36	C1QTNF12	0.020611102	0.008739371	-1.2283888	23.328514	1
68	MMP23B	0.024459776	0.15329964	2.642926	44.55244	1
79	CFAP74	0.0003155687	0.006438661	3.9758363	22.655376	1
83	PRKCZ	0.0032244446	0.006625906	1.0166152	6.105461	1
116	ARHGEF16	0.0026786597	0.00603646	1.1430174	5.606349	1
118	MEGF6	0.019440904	0.005783795	-1.7316785	33.72572	1
134	AJAP1	0.009807597	0.0020677964	-2.1923058	23.632555	1
137	NPHP4	0.019533373	0.040791992	1.0585104	25.020676	1
142	RNF207	0.05319488	0.01087755	-2.2794409	44.55244	1
171	PER3	0.044638924	0.016348146	-1.4436057	44.55244	1
174	TNFRSF9	0.0018042908	0.014304873	2.9192312	35.27842	1
177	AL034417.3	0.0012432344	0.0051412405	1.9641973	6.965156	1
178	ERRFI1	0.15483649	0.32448423	1.0669158	44.55244	1
179	AL034417.2	0.011281306	0.03443126	1.6012369	38.21796	1
185	ENO1	0.48369938	1.4824197	1.6155704	44.55244	1
192	LNCTAM34A	0.0046727336	0.011271685	1.2525585	10.921978	1
194	SPSB1	0.11422261	0.04753312	-1.2630738	44.55244	1
200	PIK3CD-AS2	0.006830284	0.018744817	1.4431814	28.15522	1
221	CASZ1	0.0010565346	0.0068302685	2.583103	9.984542	1
239	FBXO2	0.0030154241	0.0070638526	1.201307	7.791288	1
248	NPPA	0.0002843099	0.06000581	7.2890906	44.55244	1
249	NPPB	3.4450328e-05	0.051908325	8.595526	44.55244	1
252	PLOD1	0.14083481	0.49393964	1.8095988	44.55244	1
259	DHRS3	0.09235347	0.0024461446	-5.182341	44.55244	1
260	AC254633.1	0.0017486645	8.1490725e-10	-4.2084	11.009543	1
267	PDPN	0.0016548679	0.0130461315	2.905204	29.979618	1
273	TMEM51-AS1	0.001167498	0.00981103	2.9670515	20.360044	1
274	TMEM51	0.012398199	0.10008905	3.0029328	44.55244	1
282	CELA2B	0.0002309652	0.0024444032	2.942576	7.2028522	1
296	UQCRHL	0.004822997	0.01050279	1.1068352	10.677738	1
301	HSPB7	0.010967321	0.062244598	2.4939587	44.55244	1
341	ACTL8	2.536826e-05	0.0025301324	4.3908916	12.147115	1
367	PLA2G2A	0.00023316283	0.0027725399	3.1080275	8.722918	1
368	PLA2G5	0.0050216066	0.09277352	4.180599	44.55244	1
376	CAMK2N1	0.44976306	0.15573686	-1.5294493	44.55244	1
378	FAM43B	0.019636571	0.0061469804	-1.6596406	39.11953	1
379	CDA	0.05813361	0.006139017	-3.2224615	44.55244	1
389	ECE1	0.16953163	0.734073	2.113715	44.55244	1
406	WNT4	0.017023234	0.0032920127	-2.3357418	44.55244	1
413	EPHB2	0.24526413	0.08984617	-1.4477906	44.55244	1
423	ZNF436	0.069837645	0.020701315	-1.7493945	44.55244	1
432	MDS2	0.0014095892	0.005129192	1.7924321	9.116154	1
486	TRIM63	0.00013181067	0.005693571	4.643434	15.871741	1
495	SH3BGRL3	0.36349052	0.823284	1.1792508	44.55244	1
497	CD52	0.0039335825	0.001616143	-1.2328919	5.1514444	1
541	THEMIS2	0.0004281493	0.0022038347	2.1250196	5.5600467	1
552	SESN2	0.043951023	0.124612495	1.5013586	44.55244	1
581	LINC01778	0.00020707096	0.0023101089	2.9724543	9.758761	1
582	SDC3	0.04132393	0.21365575	2.3674269	44.55244	1
588	FABP3	0.022443144	0.047622703	1.081987	31.125183	1
592	TINAGL1	0.0397385	0.004950237	-2.9797404	44.55244	1
598	ADGRB2	0.005875456	0.0137013765	1.2076914	12.382281	1
624	FAM229A	0.00645871	0.015829483	1.2802154	18.744476	1
626	ZBTB8B	0.0031422079	0.0074917865	1.2274628	7.3790507	1
633	YARS	0.14966416	0.31968728	1.0944201	44.55244	1
635	FNDC5	0.26861098	0.012179558	-4.4517245	44.55244	1
636	HPCA	0.0042548776	0.0019003275	-1.1223959	5.581507	1
642	AZIN2	0.037237585	0.017804759	-1.0602856	32.186367	1
685	COL8A2	0.0065099723	0.001107139	-2.4530523	21.756327	1
689	SH3D21	0.024206374	0.05616341	1.2108624	44.55244	1
696	CSF3R	0.0005327029	0.0029028866	2.2467499	5.3236446	1
785	AC093151.8	7.929623e-05	0.004999669	4.8299866	13.909226	1
787	FOXO6	0.0072626667	0.0025453824	-1.476752	12.198419	1
796	RIMKLA	0.00010346661	0.0018913337	3.290871	7.8562365	1
805	P3H1	0.16097653	0.43920425	1.4474741	44.55244	1
812	SLC2A1	0.014478991	0.15083267	3.3719423	44.55244	1
813	SLC2A1-AS1	0.0011021851	0.005462553	2.210088	11.711386	1
824	ELOVL1	0.05558184	0.12689582	1.1895021	44.55244	1
831	PTPRF	0.043256048	0.13100854	1.5964564	44.55244	1
836	ARTN	0.0064853537	0.0030872885	-1.0469313	6.611582	1
842	B4GALT2	0.03758302	0.09403631	1.3208368	44.55244	1
864	ZSWIM5	0.023641419	0.07279388	1.6183915	44.55244	1
903	CYP4X1	0.029734328	0.0029830735	-3.274532	44.55244	1
904	CYP4Z1	0.002398198	0.00050645316	-2.0424197	6.908562	1
905	CYP4A22-AS1	0.0020743946	0.005850531	1.4524046	6.3186717	1
916	FOXD2	0.0016579621	0.00014111525	-2.8661091	8.201842	1
917	LINC01738	0.0012423951	9.526159e-05	-2.7813294	6.8407726	1
918	TRABD2B	0.06838527	0.1624128	1.2466877	44.55244	1
920	LINC02794	0.0007637977	0.0038042632	2.1762848	6.451878	1
943	TTC39A	0.0029201845	0.00672719	1.1766552	5.2459335	1
973	PODN	0.008758468	0.0023961673	-1.8273425	19.646395	1
983	LRP8	0.0114982175	0.023143841	1.0029454	12.654199	1
1005	ACOT11	0.03334583	0.07682862	1.2016941	44.55244	1
1008	MROH7	0.01344709	0.03039529	1.1706034	23.217634	1
1020	PCSK9	0.0017496994	0.00040938501	-1.8604624	5.6505747	1
1023	AL603840.1	0.0046928283	0.03430883	2.8438296	44.55244	1
1027	AC119674.1	0.08330366	0.028228391	-1.5578622	44.55244	1
1029	PLPP3	0.40333998	0.12831464	-1.6515443	44.55244	1
1030	PRKAA2	0.0047420016	0.02148804	2.1565568	35.222683	1
1043	JUN	0.28589943	0.7070817	1.3060688	44.55244	1
1054	CYP2J2	0.00095687335	0.004569094	2.14334	8.200917	1
1057	LINC01748	0.024062086	0.0051129987	-2.2125597	44.55244	1
1058	AC099792.1	0.022241428	0.009600329	-1.2036158	22.344175	1
1060	NFIA-AS2	0.06427734	0.0027754025	-4.4847174	44.55244	1
1065	AC099791.2	0.0026863727	0.00071671	-1.7704924	5.5760474	1
1068	KANK4	0.17839825	0.05567309	-1.6782688	44.55244	1
1072	AC103923.1	0.010619181	0.0052474528	-1.003271	7.852468	1
1083	PGM1	0.058044616	0.11863672	1.0300486	44.55244	1
1084	ROR1	0.54937565	0.13832803	-1.9889195	44.55244	1
1085	ROR1-AS1	0.042727284	0.014396219	-1.5628537	44.55244	1
1093	AK4	0.013265379	0.22080791	4.0468726	44.55244	1
1094	DNAJC6	0.019225106	0.06507776	1.7539035	44.55244	1
1095	AL139294.1	0.0014020978	0.005986216	2.0185668	10.06075	1
1099	PDE4B	0.04034489	0.21884881	2.4365642	44.55244	1
1114	GADD45A	0.06969427	0.2854008	2.032314	44.55244	1
1117	DIRAS3	0.016197324	0.006852677	-1.2289946	16.329746	1
1119	RPE65	0.010004185	0.024829617	1.3029077	18.651695	1
1129	LRRC7	0.09703778	0.036007427	-1.4277369	44.55244	1
1138	CTH	0.0062091905	0.023065401	1.8764449	32.3241	1
1141	PTGER3	0.01822818	0.043395147	1.2467909	27.856144	1
1147	NEGR1	0.20087269	0.055789743	-1.8463441	44.55244	1
1149	AL513166.1	0.048096415	0.019226171	-1.3183701	44.55244	1
1161	LRRC53	0.00017526941	0.0018096004	2.7943544	6.1397967	1
1165	CRYZ	0.0015139711	0.03014043	4.2277923	44.55244	1
1166	TYW3	0.008499042	0.11153282	3.6984415	44.55244	1
1185	AK5	0.017604038	0.05331333	1.5931214	40.3184	1
1195	GIPC2	0.025554085	0.05796614	1.1785086	42.50712	1
1199	PTGFR	0.009960697	0.0024747169	-1.9662445	22.093317	1
1200	IFI44L	0.002062718	0.009979275	2.2204745	18.572098	1
1201	IFI44	0.015129317	0.030849824	1.02308	24.215666	1
1210	AL138799.4	0.0005050975	0.003096204	2.40112	5.0660915	1
1211	AC117944.1	0.0011266958	0.0050409483	2.0672572	7.9743657	1
1213	LINC01362	0.0019483989	0.0069860253	1.7904799	8.906242	1
1219	TTLL7	0.10796051	0.27374193	1.3415039	44.55244	1
1233	LPAR3	0.00020086128	0.0031097734	3.415301	11.273469	1
1236	MCOLN3	0.008116902	0.001156097	-2.7096467	29.767712	1
1237	SYDE2	0.096950464	0.013850618	-2.7984061	44.55244	1
1243	AC092807.3	0.028732	0.01059377	-1.4309003	35.572422	1
1245	CCN1	0.25948453	0.5404445	1.0582091	44.55244	1
1249	LINC02795	0.007463947	0.017703306	1.2349341	14.315094	1
1273	GBP2	0.05560476	0.19877519	1.8359907	44.55244	1
1276	GBP4	0.009848696	0.254256	4.676198	44.55244	1
1277	AC099063.4	0.00017231365	0.008284213	4.944334	34.26945	1
1278	GBP5	0.0003916339	0.0033026917	2.7910202	9.717438	1
1294	LINC02609	0.002296729	0.011104964	2.2249992	22.260437	1
1321	BCAR3	0.102485456	0.22127926	1.1096939	44.55244	1
1326	ABCA4	0.00058064744	0.003034723	2.2033584	5.997483	1
1327	ARHGAP29	0.05351251	0.18314531	1.7731347	44.55244	1
1336	AC105942.1	0.08080865	0.018824998	-2.0960007	44.55244	1
1352	DPYD-AS1	0.010507417	0.004324721	-1.261415	11.457452	1
1360	PLPPR5	0.0027243993	0.008706979	1.6407031	11.491098	1
1364	PALMD	0.010375593	0.036461357	1.8032879	44.55244	1
1365	FRRS1	0.009768437	0.02058283	1.0675402	15.392705	1
1380	GPR88	0.0041171075	0.00046892278	-2.8899488	17.074306	1
1383	VCAM1	0.3139385	0.032006267	-3.2900145	44.55244	1
1394	OLFM3	0.00152967	0.013900627	3.1028397	17.868845	1
1409	VAV3	0.06342272	0.22405802	1.8191715	44.55244	1
1432	CELSR2	0.009685237	0.0038663351	-1.3028002	13.170989	1
1435	SORT1	0.113489494	0.048904423	-1.2128456	44.55244	1
1437	SYPL2	0.010672112	0.0026502756	-1.969653	21.942917	1
1472	KCNA2	0.002621598	0.0006570473	-1.8459988	7.351117	1
1501	KCND3	0.0050830594	0.0015495834	-1.6517022	11.537443	1
1505	WNT2B	0.049816433	0.10239741	1.0380007	44.55244	1
1512	PPM1J	0.0031830326	0.0070378464	1.1204597	7.8580775	1
1517	SLC16A1	0.085337	0.22320786	1.3861011	44.55244	1
1534	SYT6	0.0054491945	0.0022380245	-1.2469883	6.7696257	1
1544	TSPAN2	0.12887944	0.042560983	-1.5961521	44.55244	1
1547	NGF-AS1	0.010964299	0.0035091673	-1.6161741	18.17191	1
1548	NGF	0.15700597	0.065126315	-1.2682118	44.55244	1
1559	ATP1A1	0.11635041	0.23955116	1.0412202	44.55244	1
1581	TBX15	0.006525734	0.0007584436	-2.9482849	23.11574	1
1588	HSD3B2	1.9729348e-05	0.001322095	3.5701692	5.3789573	1
1590	LINC00622	0.01645083	0.00565448	-1.5241461	27.60957	1
1591	ZNF697	0.112545975	0.054540712	-1.0437475	44.55244	1
1608	SRGAP2C	0.056391764	0.12062436	1.0956043	44.55244	1
1610	LINC02798	0.026497379	0.085975766	1.6943231	44.55244	1
1619	LINC02802	0.049388453	0.121522345	1.2972444	44.55244	1
1636	ANKRD35	0.013661562	0.005467236	-1.3056111	18.05792	1
1637	ITGA10	0.072286904	0.0115635265	-2.6337247	44.55244	1
1646	TXNIP	0.2687087	0.603977	1.1681527	44.55244	1
1648	AC239799.2	0.0014133607	0.0045004473	1.6040182	7.0489707	1
1659	FMO5	0.00502113	0.010189468	1.0066342	7.8471265	1
1718	CIART	0.0039274083	0.013478896	1.7534425	21.55665	1
1723	ECM1	0.029913593	0.34603602	3.527651	44.55244	1
1746	MLLT11	0.13987112	0.3333651	1.2524066	44.55244	1
1767	TUFT1	0.0046910252	0.012447165	1.3889552	12.870337	1
1776	OAZ3	0.0012738472	0.0036495328	1.4484894	6.698903	1
1779	TDRKH	0.003199467	0.008370509	1.3602158	10.45176	1
1788	S100A10	0.10041493	1.0419991	3.3740108	44.55244	1
1805	S100A6	0.049531873	0.19868293	2.001855	44.55244	1
1807	S100A4	0.04142275	0.108895965	1.3923007	44.55244	1
1808	S100A3	0.0028599836	0.01477174	2.3289123	38.615623	1
1810	BX470102.2	0.0014429626	0.0059356065	1.9677957	12.06254	1
1811	S100A16	0.031692833	0.16415708	2.3691819	44.55244	1
1819	NPR1	0.006472416	0.01475552	1.1765034	14.226788	1
1823	SLC27A3	0.034161244	0.10610932	1.6322609	44.55244	1
1842	AQP10	1.2712233e-05	0.0031890126	4.8669386	14.433424	1
1845	IL6R	0.007125248	0.02249853	1.6451099	29.448633	1
1846	SHE	0.0007921904	0.004828328	2.4656746	13.118215	1
1848	TDRD10	0.00032537818	0.003110475	2.915969	6.7923684	1
1856	KCNN3	0.054650392	0.019522643	-1.4803499	44.55244	1
1861	AL451085.2	0.008858198	0.0041091577	-1.0896771	10.008055	1
1862	SHC1	0.11656866	0.23693985	1.0227126	44.55244	1
1866	ZBTB7B	0.0046397205	0.011752796	1.3223536	13.501041	1
1870	ADAM15	0.013349619	0.02942335	1.1342913	30.880358	1
1915	LMNA	0.34361726	0.73666847	1.0999892	44.55244	1
1916	SEMA4A	0.002932322	0.008052506	1.4268205	8.189053	1
1920	PAQR6	0.0022900153	0.005478335	1.2228147	6.133772	1
1934	AL365181.4	0.0052770562	0.0008297615	-2.531884	20.483099	1
1935	HAPLN2	0.012406483	0.005133329	-1.2568753	16.746387	1
1937	BCAN	0.058920544	0.017420715	-1.7521557	44.55244	1
1968	CD1D	0.0022435454	0.017484149	2.9075108	44.55244	1
1975	OR6Y1	0.001728133	0.00014589922	-2.8942318	9.562783	1
1983	AIM2	0.002621247	0.02540547	3.2284667	44.55244	1
1984	CADM3	0.0020466046	0.015921626	2.899892	40.37765	1
1988	AL513323.1	0.00036511154	0.0032465123	2.8470097	8.470195	1
1992	DUSP23	0.028620003	0.0778118	1.439786	44.55244	1
1997	AL590560.3	0.0047082356	0.0019460168	-1.2326896	5.1971784	1
2001	IGSF9	0.002444009	0.00051525276	-2.0478528	7.5940733	1
2003	LINC01133	0.01055881	0.00074144657	-3.6630309	44.55244	1
2018	NCSTN	0.056923606	0.11664057	1.0336748	44.55244	1
2033	F11R	0.0055773663	0.05309075	3.2278817	44.55244	1
2034	TSTD1	0.0012135917	0.023002671	4.136471	44.55244	1
2051	APOA2	-1.36424205e-08	0.02442078	7.938058	44.55244	1
2061	FCGR2A	0.023730917	0.0068924557	-1.7689633	44.55244	1
2070	OLFML2B	0.11040503	0.017780578	-2.6276467	44.55244	1
2094	RXRG	0.00012570422	0.0075656995	5.085912	26.453676	1
2105	FAM78B	0.012602615	0.0054033124	-1.2067534	13.438821	1
2108	AL596087.2	0.0017664875	0.00010009956	-3.221536	8.975337	1
2115	DUSP27	0.00044209085	0.0027709038	2.4048984	5.066143	1
2122	CREG1	0.04739237	0.1048585	1.1440514	44.55244	1
2149	F5	0.0017091585	0.021121843	3.5521593	44.55244	1
2152	SELL	0.0014991532	0.006876901	2.1252782	14.315793	1
2163	PRRX1	0.28826836	0.08507065	-1.7594845	44.55244	1
2164	Z97200.1	0.0121450145	0.00223331	-2.3917446	35.352425	1
2168	FMO2	0.0013633601	2.2548782e-05	-3.5778568	8.097027	1
2173	MYOCOS	0.0070786877	0.018896341	1.4039296	20.424358	1
2177	DNM3	0.4095252	0.09376124	-2.1257029	44.55244	1
2179	DNM3OS	0.41867304	0.1469723	-1.509643	44.55244	1
2180	AL137157.1	0.0048926757	0.0007188316	-2.6081743	15.244631	1
2182	C1orf105	0.0066893543	0.0018486131	-1.8008267	12.159456	1
2186	TNFSF18	0.0024259822	0.006557662	1.3981712	8.349109	1
2188	TNFSF4	0.0020452663	0.012794028	2.5874743	28.308855	1
2189	AL645568.1	0.047548234	0.12217667	1.3596545	44.55244	1
2191	SLC9C2	0.0009168258	0.013822923	3.7753177	31.798574	1
2193	ANKRD45	0.0035008308	0.011894945	1.7360247	17.997314	1
2212	TNN	0.01635078	0.002974519	-2.4197233	44.55244	1
2218	AL591043.2	0.0043457407	0.014107835	1.6761911	16.560751	1
2225	SEC16B	0.007231199	0.019090625	1.3882806	19.797218	1
2234	ANGPTL1	0.11932777	0.027703723	-2.1027884	44.55244	1
2243	FAM163A	0.0073395893	0.00073957344	-3.1474946	28.432917	1
2252	QSOX1	0.0698979	0.23742263	1.7626814	44.55244	1
2265	CACNA1E	0.078050695	0.009236862	-3.0652492	44.55244	1
2267	ZNF648	0.0007476814	3.1026335e-05	-2.6936655	5.1497903	1
2268	AL355482.1	0.0018343088	0.0003142153	-2.2233653	6.4532304	1
2282	LAMC2	0.0023671184	0.006736719	1.4704772	9.659043	1
2291	COLGALT2	0.06462806	0.028018586	-1.2028672	44.55244	1
2300	NIBAN1	0.09147453	0.2346319	1.3579955	44.55244	1
2309	HMCN1	0.35649654	0.14542848	-1.2929912	44.55244	1
2310	PRG4	0.011873613	0.0007272381	-3.855412	39.30898	1
2317	PTGS2	0.013475032	0.122134656	3.170626	44.55244	1
2320	ERVMER61-1	0.0023404597	0.011443208	2.2418191	20.916742	1
2327	BRINP3	0.0012261997	0.008812497	2.7485318	13.044947	1
2335	RGS18	0.00015663268	0.0035670246	3.836833	12.411119	1
2339	RGS1	0.0007908269	0.015410804	4.1219845	36.762623	1
2347	B3GALT2	0.0005089512	0.0066025266	3.4603066	16.19438	1
2350	AL136456.1	0.0063115945	0.024710938	1.9522213	24.915434	1
2356	CFHR1	5.2953743e-05	0.0022177203	3.921539	10.163298	1
2367	LHX9	0.0025640964	9.432644e-05	-3.7770922	13.626942	1
2382	AC104461.1	0.0030129782	0.0071776737	1.2251818	7.535569	1
2391	AL358473.1	0.0028884849	0.0010164164	-1.4205391	5.67957	1
2392	CACNA1S	0.000939985	6.497249e-05	-2.6562653	5.701201	1
2395	IGFN1	0.01759806	0.0012484603	-3.7142065	44.55244	1
2397	TNNT2	0.00019763323	0.26362452	9.79128	44.55244	1
2400	TNNI1	0.009491161	0.12534705	3.7092292	44.55244	1
2402	CSRP1	0.28037357	0.091317505	-1.6173224	44.55244	1
2409	SHISA4	0.021963196	0.053205527	1.2726434	44.55244	1
2434	PPFIA4	0.013171422	0.06835695	2.3668742	44.55244	1
2446	PRELP	0.0021582525	0.010645975	2.2505176	24.285652	1
2460	REN	0.0014794082	0.07137238	5.49993	44.55244	1
2473	NFASC	0.07757223	0.0077596894	-3.3048546	44.55244	1
2478	TMCC2	0.0066014226	0.0030537525	-1.0873979	6.7966857	1
2480	NUAK2	0.0056385365	0.01878455	1.7184516	25.210575	1
2481	KLHDC8A	0.018376563	0.0016595336	-3.3924315	44.55244	1
2482	LEMD1-AS1	0.001100853	7.7624536e-05	-2.7571566	6.3142133	1
2489	SLC45A3	0.003048156	0.013203121	2.0791857	26.289944	1
2497	RAB7B	0.02207324	0.05905321	1.4156369	44.55244	1
2516	IL24	4.8073874e-05	0.006066856	5.380146	10.470693	1
2517	FCMR	0.0018500783	0.018121397	3.2240295	44.55244	1
2526	AL596218.1	0.0052026226	0.002135492	-1.2461137	5.2057076	1
2535	CD34	0.044988114	0.0033228686	-3.7194693	44.55244	1
2547	CAMK1G	0.023520544	0.010657492	-1.1347004	25.412718	1
2558	SERTAD4-AS1	0.02624317	0.010613812	-1.2979572	37.766403	1
2559	SERTAD4	0.08206755	0.019550722	-2.0639865	44.55244	1
2563	KCNH1	0.0037305322	0.010501002	1.4685838	9.173205	1
2569	LINC00467	0.030862853	0.074091606	1.2607176	44.55244	1
2571	SLC30A1	0.01625612	0.006547367	-1.2989757	22.959204	1
2576	AC096637.1	0.0011486325	5.6152894e-05	-2.9993176	5.6475925	1
2594	ATF3	0.099458836	0.24118996	1.2771466	44.55244	1
2603	VASH2	0.067122556	0.029777983	-1.1698627	44.55244	1
2605	RPS6KC1	0.24263556	0.55068034	1.1820917	44.55244	1
2619	KCNK2	0.035708174	0.014202588	-1.3240129	32.632244	1
2655	DUSP10	0.030280253	0.09010051	1.5700018	44.55244	1
2660	AL356108.1	0.007775031	0.022085024	1.4942286	17.602434	1
2708	LEFTY2	0.016182158	0.00065828057	-4.4244165	44.55244	1
2710	AL512343.2	0.0064378185	0.0029907634	-1.0808461	6.178864	1
2719	STUM	0.010308619	0.0047992435	-1.0871477	9.209282	1
2772	ACTA1	0.0002969882	0.015655143	5.3105826	31.777712	1
2780	GALNT2	0.18073434	0.4011445	1.149813	44.55244	1
2783	PGBD5	0.002559068	0.025869476	3.2878244	44.55244	1
2787	AGT	0.0565063	0.021732375	-1.3744936	44.55244	1
2791	C1orf198	0.10376538	0.044269975	-1.2270592	44.55244	1
2807	AL136171.2	0.005213051	0.015731223	1.5751601	18.027653	1
2817	MAP3K21	0.002087256	0.0061763963	1.5208143	8.643684	1
2819	KCNK1	0.03684618	0.09084309	1.2995389	44.55244	1
2823	SLC35F3	0.18130088	0.06266886	-1.5310606	44.55244	1
2853	GNG4	0.0037412033	0.008616944	1.182264	7.813388	1
2866	ACTN2	0.0033737593	0.040714502	3.5545123	44.55244	1
2872	LINC01139	0.00016732901	0.0016540347	2.7139888	5.7451587	1
2875	CHRM3	0.08604331	0.018384507	-2.2204223	44.55244	1
2876	CHRM3-AS2	0.0035159085	0.0006849884	-2.203615	9.716247	1
2878	FMN2	0.0064940485	0.013137916	1.0054396	8.26009	1
2879	GREM2	0.0009302077	0.0194146	4.2435465	35.82448	1
2881	RGS7	0.009359094	0.0030242612	-1.5981869	13.498667	1
2892	PLD5	0.035043143	0.015652435	-1.1576685	20.30541	1
2952	TRIM58	0.0019184059	0.006539692	1.7179	9.533701	1
2968	ALKAL2	0.006295531	0.0012147058	-2.2823243	13.837952	1
2982	AC141930.1	0.00080998265	0.003821078	2.1073394	7.5261493	1
2983	AC144450.1	0.0009662533	0.0038901267	1.9038844	7.52542	1
2998	AC108488.1	0.00463532	0.010169723	1.1168635	10.485889	1
3003	COLEC11	0.09011754	0.6023355	2.7393272	44.55244	1
3005	ALLC	0.0006043606	0.01364351	4.2862926	33.9061	1
3011	SOX11	0.0953402	0.02410553	-1.9792604	44.55244	1
3017	NRIR	0.0008816012	8.1490725e-10	-3.2951252	5.155963	1
3018	CMPK2	0.0062386934	0.00066076854	-3.058656	24.743713	1
3019	RSAD2	0.010334343	4.3751388e-05	-6.18162	44.55244	1
3021	RNF144A-AS1	0.004019443	0.0017441686	-1.1594787	5.3788667	1
3022	RNF144A	0.20024449	0.070091926	-1.5131059	44.55244	1
3025	AC013460.1	0.005470123	0.0016738625	-1.650815	10.596651	1
3035	ID2	0.15306683	0.3584302	1.2269907	44.55244	1
3061	HPCAL1	0.015577575	0.036548838	1.2250651	32.21238	1
3071	KCNF1	0.0014581165	0.008253216	2.4225287	18.752964	1
3078	AC099344.3	0.0056910687	0.002230093	-1.3134419	8.046813	1
3085	MIR3681HG	0.037281156	0.016484896	-1.1724412	30.825415	1
3090	AC093912.1	0.0021198236	0.025177361	3.5093288	41.454834	1
3104	MYCN	0.01369163	0.004943049	-1.4514248	22.023212	1
3115	VSNL1	0.010002943	0.032127958	1.6735373	38.70703	1
3118	KCNS3	0.016573884	0.11114975	2.73814	44.55244	1
3119	AC079148.3	0.00449595	0.012921193	1.5024266	13.605762	1
3148	GDF7	0.012668944	0.0041530984	-1.586053	19.255924	1
3152	APOB	8.304358e-05	0.005239113	4.866341	12.832654	1
3154	AC018742.1	0.00089376693	0.004661353	2.2603922	5.8620353	1
3210	KCNK3	0.009125439	0.042012215	2.1905494	44.55244	1
3213	DPYSL5	0.0035458624	0.00087763096	-1.8988982	9.288893	1
3217	TMEM214	0.055407654	0.112023845	1.0143346	44.55244	1
3226	CGREF1	0.0025586581	0.0059080143	1.1761899	7.5280814	1
3233	SLC30A3	0.0055043767	0.001465467	-1.8399609	10.394376	1
3252	CCDC121	0.019428505	0.007986462	-1.272001	24.218166	1
3261	AC104695.2	0.00134872	0.0042745387	1.594352	6.703295	1
3262	FOSL2	0.021432221	0.08518439	1.9857845	44.55244	1
3263	AC104695.4	0.0020498314	0.0068987203	1.7028675	10.508839	1
3265	PLB1	0.006313425	0.0026042184	-1.2458833	8.7055235	1
3276	ALK	0.06530295	0.027406937	-1.2495604	43.95038	1
3281	LBH	0.42187634	0.15020168	-1.4893008	44.55244	1
3283	LINC01936	0.0022363611	0.00036525456	-2.328171	8.16603	1
3287	GALNT14	0.003383662	0.035135694	3.338361	44.55244	1
3289	EHD3	0.019440258	0.075537086	1.9526443	44.55244	1
3312	LTBP1	0.1654969	0.33428383	1.0138294	44.55244	1
3314	RASGRP3	0.01299143	0.032627683	1.3218889	22.019897	1
3318	LINC01320	0.010807364	0.04992762	2.1974223	44.55244	1
3324	CRIM1-DT	0.010071925	0.0020354597	-2.251974	31.298944	1
3341	QPCT	0.0070890444	0.031855006	2.1521702	44.55244	1
3351	AC009229.2	0.0034165299	0.00046948646	-2.626419	13.95271	1
3376	AC007877.1	0.0005252599	0.00426701	2.804118	14.264358	1
3386	AC083949.1	0.0043455344	0.0004538254	-3.0048537	17.571182	1
3397	AC010883.3	0.0012076995	0.00012619741	-2.5313766	6.4266143	1
3398	ZFP36L2	0.21629563	0.0946998	-1.1907154	44.55244	1
3402	PLEKHH2	0.14807999	0.067725055	-1.1274604	44.55244	1
3424	EPAS1	0.120593674	0.42518476	1.817079	44.55244	1
3447	KCNK12	0.0025893222	0.0006571789	-1.8285364	7.6965065	1
3457	STON1-GTF2A1L	0.021563472	0.00866587	-1.3052953	25.02971	1
3460	AC009975.1	0.022106145	0.004357267	-2.3167276	44.55244	1
3468	AC007402.1	0.0014158319	0.004925235	1.7290814	6.1159554	1
3485	EML6	0.10496429	0.023743656	-2.1395953	44.55244	1
3487	AC104781.2	0.006021404	0.0010082339	-2.4656003	18.716112	1
3503	CCDC85A	0.05790551	0.02632239	-1.134429	33.289017	1
3509	LINC01122	0.047934737	0.01340278	-1.8308216	44.55244	1
3536	B3GNT2	0.04539152	0.09277566	1.0297029	44.55244	1
3566	SLC1A4	0.021791555	0.04810692	1.138866	39.120438	1
3577	LINC01873	0.0024063303	0.00067665434	-1.6902322	5.282992	1
3578	MEIS1-AS3	0.021895653	0.0055229533	-1.9678185	44.55244	1
3579	MEIS1	0.6469972	0.27724802	-1.2222852	44.55244	1
3580	MEIS1-AS2	0.008458036	0.003417455	-1.2827479	9.902373	1
3585	LINC01829	0.14287451	0.06254843	-1.1904078	44.55244	1
3587	LINC02831	0.013595803	0.0064488538	-1.0644195	9.949724	1
3588	AC007422.1	0.17223014	0.07915342	-1.12063	44.55244	1
3603	ARHGAP25	0.003886449	0.013529017	1.7735053	15.267175	1
3606	BMP10	-1.36424205e-08	0.005982039	5.92668	20.570644	1
3618	MXD1	0.04495012	0.106512584	1.2427747	44.55244	1
3648	PAIP2B	0.008113639	0.0039040407	-1.036565	8.015786	1
3652	CYP26B1	0.00448448	0.00060922565	-2.6924412	16.06178	1
3654	SPR	0.0029794518	0.011532513	1.9174173	24.40974	1
3664	EGR4	0.0034266163	0.008428677	1.2740372	10.163786	1
3686	MTHFD2	0.1928055	0.4428233	1.1991625	44.55244	1
3692	WDR54	0.036270123	0.10151181	1.4822423	44.55244	1
3708	LOXL3	0.036403265	0.15498057	2.0869205	44.55244	1
3709	DOK1	0.022094464	0.046857297	1.0811496	42.54812	1
3715	HK2	0.011971311	0.046573877	1.9510331	44.55244	1
3732	AC110614.1	0.0023955998	0.0005060168	-2.0419571	7.0409055	1
3752	LRRTM1	0.00095979735	0.0045448993	2.1318588	9.82868	1
3760	DNAH6	0.0036282616	0.008423061	1.1928686	6.954969	1
3771	CAPG	0.078709826	0.03406962	-1.2056613	44.55244	1
3778	VAMP5	0.018796595	0.072201476	1.9358989	44.55244	1
3785	ATOH8	0.0076823416	0.018842835	1.2833761	20.00259	1
3787	ST3GAL5	0.023506965	0.051893108	1.139108	41.18864	1
3804	RGPD1	0.00017049143	0.0053794896	4.340387	18.079721	1
3807	AC068279.2	0.0018995696	0.051637467	4.693448	44.55244	1
3813	RGPD2	0.0008117903	0.015609307	4.106774	43.02096	1
3816	SMYD1	-1.36424205e-08	0.0102129765	6.6885138	24.428469	1
3817	FABP1	4.034135e-05	0.006243831	5.4983425	17.989319	1
3819	FOXI3	0.0021347469	8.1490725e-10	-4.482028	12.784502	1
3822	EIF2AK3	0.10198856	0.30060375	1.5585215	44.55244	1
3826	IGKC	5.364164e-05	0.029407553	7.585371	44.55244	1
3846	DUSP2	0.0077892756	0.034485422	2.1321995	40.75531	1
3858	ARID5A	0.021487892	0.045789707	1.0879483	33.8911	1
3889	MGAT4A	0.025933744	0.0030998974	-3.0242853	44.55244	1
3891	KIAA1211L	0.0046381797	0.0015397135	-1.5308893	9.066129	1
3904	AFF3	0.6222178	0.24521281	-1.3430289	44.55244	1
3916	TBC1D8	0.14343752	0.051176645	-1.4850541	44.55244	1
3920	CREG2	0.00041558215	0.0022486928	2.1875837	5.2084193	1
3928	IL1R1	0.1195417	0.28597	1.2576478	44.55244	1
3931	IL1RL1	0.0015895497	0.011581656	2.789534	18.50693	1
3932	IL18R1	0.019899959	0.06865203	1.7814052	44.55244	1
3967	ECRG4	0.004198103	0.0018371195	-1.1497872	6.0364513	1
3983	SLC5A7	0.014043199	0.005828251	-1.2544299	12.032912	1
3986	SULT1C2	0.002612479	0.00071140646	-1.7411153	5.7669053	1
3987	SULT1C4	0.15757495	0.058254868	-1.4340285	44.55244	1
4006	MTLN	0.021530805	0.055360246	1.3583667	44.55244	1
4011	BUB1	0.03370052	0.06844804	1.02007	38.772152	1
4013	ACOXL	0.0016664558	0.0060082735	1.789907	5.836661	1
4030	FBLN7	0.0035210354	0.012636615	1.8145076	19.273159	1
4041	SLC20A1	0.09912838	0.2016714	1.0238969	44.55244	1
4071	DPP10-AS1	0.012261754	0.0052124388	-1.2184373	14.482008	1
4072	AC016721.1	0.00042507978	0.0034212722	2.7454882	5.6366878	1
4079	INSIG2	0.040638074	0.09621813	1.2414296	44.55244	1
4113	AC011246.1	0.006097917	0.014736739	1.2593187	11.1079645	1
4127	CYP27C1	0.119677	0.04249453	-1.4916108	44.55244	1
4145	AC012306.3	0.007907957	0.003686456	-1.080586	9.100986	1
4154	POTEF	0.00036701866	0.05991193	7.0056252	44.55244	1
4163	POTEI	0.0002478234	0.017283846	5.6432486	44.55244	1
4167	CFC1	3.910125e-05	0.0017038174	3.696846	6.733374	1
4174	POTEE	0.00016695025	0.0071709296	4.767497	19.933216	1
4191	GPR39	0.0041057854	0.0010842911	-1.8283515	7.868812	1
4192	LYPD1	0.025643386	0.012421873	-1.0397514	20.070627	1
4201	TMEM163	0.040727537	0.0147762345	-1.4565332	44.55244	1
4215	DARS-AS1	0.001832406	0.0072001386	1.9175256	11.472853	1
4217	CXCR4	0.015480504	0.05507037	1.8241518	44.55244	1
4218	THSD7B	0.054842874	0.025580887	-1.0972373	34.00267	1
4226	LINC02631	0.003789515	0.008844621	1.20143	7.754692	1
4227	NXPH2	0.0044385153	0.01712066	1.9238482	20.68621	1
4230	KYNU	0.0037994683	0.031673387	3.0264695	44.55244	1
4255	KIF5C	0.17780125	0.049368106	-1.8465061	44.55244	1
4261	AC007364.1	0.044656828	0.10771551	1.2683849	44.55244	1
4262	LINC01931	0.0036022507	0.014320469	1.9616436	17.40051	1
4268	AC023469.2	0.0055039707	0.0018431998	-1.5280151	10.200822	1
4273	TNFAIP6	0.03227409	0.08476035	1.3902509	44.55244	1
4289	AC012501.2	0.0010508231	0.005265909	2.2211564	5.848726	1
4290	RPRM	0.009569054	0.0004200344	-4.216696	43.95038	1
4294	KCNJ3	0.006735352	0.026363308	1.9529059	30.485325	1
4296	LINC01876	0.13136034	0.28967825	1.1403216	44.55244	1
4298	NR4A2	0.007933118	0.060101524	2.905768	44.55244	1
4299	GPD2	0.039367005	0.09509002	1.2701632	44.55244	1
4302	GALNT5	0.006844526	0.0383008	2.4671884	44.55244	1
4316	DAPL1	0.003570703	0.0075264317	1.0549517	7.0977163	1
4321	AC009506.1	0.011666409	0.0053652995	-1.1063015	13.756585	1
4325	AC009961.4	0.002829168	0.0009393716	-1.4947793	6.1885796	1
4344	FAP	0.29186964	0.034823496	-3.0635483	44.55244	1
4355	SCN3A	0.0020633861	0.0057126777	1.4259115	6.764449	1
4358	CSRNP3	0.5025084	0.21111256	-1.2507392	44.55244	1
4365	SCN1A-AS1	0.0027680749	0.011968179	2.0730534	16.935677	1
4367	SCN9A	0.026761288	0.15593132	2.5382354	44.55244	1
4371	AC073050.1	0.19419478	0.07551799	-1.3614458	44.55244	1
4373	B3GALT1	0.008383861	0.0027526396	-1.5724235	15.288808	1
4377	NOSTRIN	0.020662142	0.064723864	1.6425698	44.55244	1
4381	DHRS9	-1.36424205e-08	0.021429302	7.750355	33.636635	1
4385	FASTKD1	0.03364193	0.06899924	1.0341272	44.55244	1
4387	CCDC173	0.01319907	0.026796749	1.0161066	16.377672	1
4393	MYO3B	0.0014914295	0.00763119	2.2803671	10.504813	1
4399	AC007405.3	0.0011076339	0.0091718165	2.9406688	27.610731	1
4400	ERICH2	0.00030924747	0.003146008	2.987621	12.155251	1
4413	DLX1	0.021415254	0.008585074	-1.3087499	29.412876	1
4418	ITGA6	0.0027587176	0.016916145	2.5734642	35.449253	1
4420	ITGA6-AS1	0.0007100272	0.009750068	3.6040914	33.200115	1
4421	AC078883.1	0.0045475424	0.042572908	3.1987805	44.55244	1
4422	PDK1	0.025009893	0.119619615	2.2533317	44.55244	1
4423	RAPGEF4-AS1	0.000505228	0.003354135	2.5127738	5.3773212	1
4449	HOXD11	0.072340116	0.0079731215	-3.1655903	44.55244	1
4450	HOXD10	0.048233345	0.0046039373	-3.3610783	44.55244	1
4451	HOXD-AS2	0.021268528	0.006199244	-1.762237	42.351044	1
4452	HOXD9	0.033405773	0.0025328468	-3.6697142	44.55244	1
4453	HOXD8	0.031008307	0.0038496077	-2.9775186	44.55244	1
4454	HOXD3	0.06584069	0.0064959936	-3.3215072	44.55244	1
4455	HOXD4	0.009629933	0.00096159667	-3.1961942	40.75809	1
4456	HAGLR	0.0026992508	0.00031837734	-2.7421641	9.899471	1
4458	HAGLROS	0.002228356	0.00050302135	-1.9490306	6.940713	1
4461	LINC01117	0.027671868	0.008156917	-1.7499491	44.55244	1
4464	LINC01116	0.027572084	0.011650605	-1.2356962	33.153496	1
4465	AC092162.2	0.0035477064	0.00024762712	-3.3913772	15.468624	1
4466	AC073636.1	0.0025595047	0.0003459498	-2.5762043	8.156086	1
4467	AC074286.1	0.0044069663	0.00086533197	-2.2230594	11.508575	1
4472	AC019080.1	0.0025034582	0.005541717	1.115705	5.320777	1
4480	PDE11A	0.012076241	0.0034495979	-1.7783413	23.023369	1
4489	TTN-AS1	0.13269264	0.065626845	-1.0146204	44.55244	1
4490	TTN	0.022016248	0.59002686	4.737847	44.55244	1
4493	AC010680.3	0.0035748857	0.0012724956	-1.420898	5.706001	1
4498	AC092640.1	0.00084547186	0.0052250754	2.4936955	9.870028	1
4499	CCDC141	0.005988013	0.08415001	3.7906337	44.55244	1
4510	ITGA4	0.62372214	0.29880562	-1.0614448	44.55244	1
4511	CERKL	0.0027606094	0.00079156866	-1.6819048	5.6839266	1
4516	PDE1A	0.08937174	0.18757941	1.0687664	44.55244	1
4525	AC021851.2	0.0052569755	0.013458879	1.3397473	10.174914	1
4556	SLC40A1	0.14921018	0.06274368	-1.248473	44.55244	1
4586	CAVIN2	0.0029326407	0.054477688	4.169665	44.55244	1
4587	AC098617.1	0.0028123036	0.007796022	1.4389652	7.612119	1
4588	TMEFF2	0.075697616	0.025154432	-1.5856159	44.55244	1
4603	HECW2	0.30199194	0.7639261	1.3386343	44.55244	1
4607	C2orf66	0.002070652	0.005355411	1.3295593	6.153644	1
4609	ANKRD44	0.39015174	0.15120031	-1.3669901	44.55244	1
4623	PLCL1	0.71389854	0.23645453	-1.5937485	44.55244	1
4624	AC011997.2	0.00649738	0.0019477109	-1.6878811	10.414481	1
4639	SPATS2L	0.40086046	0.80846703	1.0119075	44.55244	1
4640	AC012459.1	0.011390375	0.023362553	1.029934	12.510357	1
4657	CASP10	0.0012213447	0.016530726	3.6537726	44.55244	1
4659	FLACC1	0.019835914	0.049337793	1.3102447	40.86393	1
4690	CTLA4	0.0012509966	8.1490725e-10	-3.7559404	8.241424	1
4721	AC009226.1	0.0049592336	0.010080638	1.0088373	5.825812	1
4740	UNC80	0.012270125	0.0042032897	-1.5233482	20.253422	1
4776	LINC01614	0.0066487584	0.0014383495	-2.1332388	15.272975	1
4777	AC122136.1	0.00010335209	0.0035581412	4.169059	15.11403	1
4781	TMEM169	0.0042237947	0.009560986	1.1598725	9.137534	1
4784	MARCH4	0.012177167	0.027545918	1.1710887	19.467096	1
4794	IGFBP2	0.41841954	0.9758779	1.2215534	44.55244	1
4806	CXCR2	0.00038838666	0.0034331125	2.854844	10.909143	1
4809	GPBAR1	0.018896382	0.07071053	1.8982394	44.55244	1
4812	TMBIM1	0.041022524	0.11316354	1.4616828	44.55244	1
4850	ABCB6	0.014231826	0.044310387	1.6316748	44.55244	1
4855	TUBA4A	0.0030103321	0.010031642	1.7037275	17.010693	1
4858	PTPRN	0.004089013	0.014041544	1.7552572	20.292793	1
4859	AC114803.1	7.1348484e-05	0.0040779384	4.6077857	16.135168	1
4862	DES	0.003827763	0.010757804	1.4669524	13.537164	1
4864	SPEG	0.01460669	0.050172158	1.7732872	44.55244	1
4866	SPEGNB	0.00012734515	0.0018991191	3.1364083	6.6362853	1
4868	GMPPA	0.03934006	0.08105425	1.0410049	44.55244	1
4869	ASIC4	0.00047939812	0.009010067	3.9748347	18.59984	1
4870	CHPF	0.094211526	0.3255027	1.7876066	44.55244	1
4875	INHA	0.0016791653	0.005453908	1.6423028	8.592782	1
4881	AC019211.1	0.00313313	0.00016643715	-3.6010642	14.833412	1
4882	AC067956.1	0.0012793504	0.00010238008	-2.7688498	6.2024755	1
4885	EPHA4	0.19447558	0.06709843	-1.5338311	44.55244	1
4900	AP1S3	0.008356146	0.017521754	1.0592854	10.926569	1
4909	DOCK10	0.1333777	0.025021784	-2.4095879	44.55244	1
4911	AC016717.2	0.00096656295	8.1490725e-10	-3.4148855	7.598594	1
4917	COL4A4	0.00158748	0.0058777975	1.8247436	9.81121	1
4952	C2orf72	0.00031729622	0.0028800543	2.8361948	9.90334	1
4955	HTR2B	0.10466668	0.005641328	-4.1896515	44.55244	1
4969	NPPC	0.0005251919	0.023982706	5.2675548	44.55244	1
4979	EFHD1	0.015124915	0.003813126	-1.9600408	37.367813	1
5003	ARL4C	0.010975822	0.05192943	2.2319143	44.55244	1
5017	ACKR3	0.0057584504	0.023121241	1.9868541	33.271954	1
5022	COL6A3	0.46682408	0.9926457	1.0882362	44.55244	1
5025	MLPH	0.012285834	0.0037725072	-1.6773511	21.538864	1
5026	RAB17	0.00012034432	0.0020051224	3.2560725	5.6141787	1
5031	RBM44	0.0035220627	0.011520783	1.6818238	12.887551	1
5032	RAMP1	0.05119077	0.024603974	-1.0539562	41.121235	1
5037	ERFE	0.00012778395	0.030212265	7.056092	44.55244	1
5039	LINC02610	0.006371618	0.0027035265	-1.2068837	7.2975817	1
5050	TWIST2	0.0975217	0.032331932	-1.5897869	44.55244	1
5062	GPC1	0.059145134	0.21548867	1.8635129	44.55244	1
5071	KIF1A	0.040285382	0.008263137	-2.2717173	44.55244	1
5076	SNED1	0.29284096	0.07631056	-1.938766	44.55244	1
5077	AC005237.1	0.02588886	0.0061119758	-2.0647693	44.55244	1
5081	ANO7	0.0035205507	0.009534125	1.4119445	12.309691	1
5089	BOK	0.015981302	0.05171355	1.6879452	44.55244	1
5104	LINC01237	0.0086896075	0.022255406	1.3467531	20.26805	1
5120	LRRN1	0.023995623	0.007458135	-1.6726689	39.95903	1
5129	BHLHE40	0.041801225	0.084685735	1.016829	44.55244	1
5134	AC087857.1	0.0028619494	0.0006205716	-2.0393333	8.532696	1
5135	AC026167.1	0.0057607554	0.0011552001	-2.2231693	13.699436	1
5151	SRGAP3	0.06320619	0.018408738	-1.77414	44.55244	1
5174	CRELD1	0.037231997	0.10962183	1.5553659	44.55244	1
5186	IRAK2	0.009056632	0.028436802	1.6399348	28.436926	1
5217	IQSEC1	0.0593205	0.12420852	1.0648925	44.55244	1
5220	HDAC11	0.008703851	0.0193795	1.1457499	18.072672	1
5221	FBLN2	0.0219538	0.5366991	4.6052833	44.55244	1
5257	RFTN1	0.26345327	0.13001361	-1.0183226	44.55244	1
5277	EFHB	0.016209833	0.0033712522	-2.232214	44.55244	1
5285	ZNF385D	0.28777823	0.03196958	-3.166181	44.55244	1
5286	ZNF385D-AS1	0.0022797782	0.00036996414	-2.3402047	7.2687874	1
5296	THRB	0.07169498	0.020555988	-1.7973229	44.55244	1
5300	AC092422.1	0.01448352	0.0037427316	-1.9241347	27.62038	1
5301	RARB	0.1287427	0.014926468	-3.1000328	44.55244	1
5304	OXSM	0.007338564	0.02092581	1.4990655	27.98922	1
5312	LINC01980	0.0052194376	0.023116412	2.1257994	30.226702	1
5351	LINC01811	0.001959905	0.0075436123	1.8916768	8.992795	1
5357	DCLK3	0.011232232	0.0029167002	-1.9093888	23.675749	1
5369	ITGA9	0.15569066	0.31394386	1.0113573	44.55244	1
5373	PLCD1	0.012403081	0.039808076	1.6743971	44.55244	1
5390	CSRNP1	0.032938834	0.07797595	1.2407154	44.55244	1
5394	XIRP1	8.577263e-05	0.004582359	4.655626	12.110534	1
5406	ENTPD3	0.005198234	0.0011523945	-2.0808227	13.351102	1
5420	VIPR1	0.0010587628	0.008013273	2.8076987	16.660936	1
5442	GASK1A	0.004725869	0.00086324685	-2.3248112	13.302745	1
5463	ZNF502	0.017625405	0.008688881	-1.0120672	16.429455	1
5464	ZNF501	0.0102137765	0.0041397475	-1.2825224	14.207389	1
5501	MYL3	0.007354036	0.076182336	3.3552554	44.55244	1
5513	CSPG5	0.0014256084	0.005158782	1.785344	7.717315	1
5530	PFKFB4	0.014724362	0.08470132	2.5161169	44.55244	1
5536	CELSR3	0.0017227312	0.007537419	2.0669835	13.5987425	1
5539	NCKIPSD	0.016246252	0.03388829	1.0560781	29.10315	1
5543	SLC25A20	0.013638073	0.02870058	1.0679183	25.165648	1
5582	UBA7	0.034260508	0.01657065	-1.043441	33.271523	1
5592	SEMA3F	0.006837091	0.017902989	1.3758339	20.3731	1
5602	HYAL3	0.00503367	0.014128437	1.4707147	21.230614	1
5603	NAA80	0.006664719	0.013917309	1.0511075	13.351658	1
5607	RASSF1	0.044639535	0.097489946	1.1251822	44.55244	1
5618	CISH	0.021699006	0.009173612	-1.233059	27.950052	1
5621	DOCK3	0.037601694	0.012664453	-1.5624977	44.55244	1
5644	TWF2	0.064170845	0.16699359	1.37842	44.55244	1
5653	SEMA3G	0.0007199997	0.010555403	3.699818	35.818047	1
5654	TNNC1	0.00070375553	0.13234483	7.364419	44.55244	1
5657	NT5DC2	0.17104463	0.37763897	1.1421734	44.55244	1
5665	ITIH3	0.001076955	0.0001043232	-2.5261343	6.1880164	1
5684	CACNA2D3	0.007333885	0.023329252	1.6561227	17.493696	1
5702	IL17RD	0.07135717	0.01026876	-2.7848353	44.55244	1
5719	DNASE1L3	0.00019839013	0.023756146	6.3210173	44.55244	1
5733	C3orf67	0.017601024	0.05705775	1.6911163	44.55244	1
5765	ADAMTS9-AS2	0.10274422	0.23606047	1.1993067	44.55244	1
5772	LRIG1	0.046243504	0.095484525	1.04441	44.55244	1
5781	EOGT	0.017428575	0.051019803	1.5441736	44.55244	1
5785	ARL6IP5	0.21929224	0.49827307	1.1837136	44.55244	1
5787	FRMD4B	0.023180194	0.3288718	3.8207889	44.55244	1
5797	FOXP1-IT1	0.006543397	0.002029206	-1.6416055	12.42277	1
5816	LINC02005	0.0016540977	0.00017355607	-2.6808207	7.1906576	1
5823	ROBO2	1.9394279	0.6750468	-1.5224323	44.55244	1
5829	AC117461.1	0.008844017	0.0024709231	-1.7986364	14.593198	1
5835	GBE1	0.13969934	0.43416414	1.6352152	44.55244	1
5841	LINC00971	0.019883841	0.08480713	2.0870519	44.55244	1
5858	PROS1	0.13620314	0.27317226	1.0035201	44.55244	1
5866	EPHA6	0.065701365	0.018977977	-1.7862093	44.55244	1
5890	COL8A1	0.1426354	0.057953503	-1.2978882	44.55244	1
5899	TMEM45A	0.050852194	0.21742404	2.0939586	44.55244	1
5914	NFKBIZ	0.09651806	0.25595632	1.4060962	44.55244	1
5947	DPPA4	0.006681496	0.030770753	2.1865652	44.55244	1
5962	C3orf52	0.012432925	0.044362523	1.8268666	44.55244	1
5965	SLC9C1	0.0040377057	0.01012348	1.3049835	8.72367	1
5966	AC112487.1	0.0029688354	0.022014456	2.8492265	41.960262	1
5982	LINC02044	0.0019009655	0.00015332628	-2.9816275	9.529289	1
5983	BOC	0.32299495	0.049974795	-2.6898017	44.55244	1
6007	ZBTB20-AS2	0.006541069	0.002891643	-1.1504774	6.5254364	1
6009	ZBTB20-AS4	0.0050079906	0.0008233331	-2.4678326	17.273888	1
6013	GAP43	0.027268684	0.14507657	2.4072106	44.55244	1
6021	LINC02024	0.004525831	0.010671864	1.2194835	9.324821	1
6022	AC092691.3	0.0031666933	0.00876102	1.4396418	7.738949	1
6050	AC063952.4	-1.36424205e-08	0.0025285634	4.7163997	10.766898	1
6059	STXBP5L	0.05104679	0.10523533	1.0422739	44.55244	1
6063	FBXO40	8.131602e-05	0.0023995272	3.7850769	6.358793	1
6067	EAF2	0.003437744	0.0075112735	1.1053082	5.696609	1
6074	FAM162A	0.10546784	0.382642	1.8582017	44.55244	1
6087	PDIA5	0.14365633	0.29667667	1.0457522	44.55244	1
6120	AC079848.2	0.0066844267	0.0030641472	-1.1004101	6.5475717	1
6133	AC112482.2	0.0016089554	0.0003856569	-1.8151054	5.381848	1
6142	MGLL	0.10734753	0.05265535	-1.026243	44.55244	1
6160	KIAA1257	0.0118277725	0.0058522657	-1.0028138	9.635484	1
6161	EFCC1	0.0070896926	0.00030515948	-4.1493683	38.861576	1
6173	EFCAB12	0.0054761507	0.0022524036	-1.2451338	6.0371733	1
6183	TRH	0.0043551987	0.020491652	2.208498	22.515396	1
6189	COL6A6	0.026428666	0.09532313	1.846787	44.55244	1
6194	NEK11	0.036064822	0.08065958	1.1590464	44.55244	1
6201	CPNE4	0.0024548718	0.0072793597	1.5302447	6.4185452	1
6205	ACKR4	0.008048313	0.003355175	-1.2377424	10.207633	1
6217	TF	0.0023947712	0.009467492	1.9392332	12.530416	1
6220	RAB6B	0.007156553	0.01643183	1.1878902	17.318657	1
6225	AMOTL2	0.038743228	0.018843966	-1.0359248	31.95354	1
6231	AC092969.1	0.019762695	0.06590431	1.7324989	44.55244	1
6268	RBP1	0.60544187	0.13629265	-2.1504607	44.55244	1
6269	NMNAT3	0.022947479	0.0047407504	-2.2513063	44.55244	1
6273	CLSTN2	0.051856793	0.016474372	-1.6483583	44.55244	1
6278	SPSB4	0.0081415605	0.02959309	1.8491378	37.833633	1
6311	DIPK2A	0.07046806	0.20059672	1.5079297	44.55244	1
6313	AC107021.2	0.0009192251	0.0051048542	2.352385	10.99031	1
6314	AC107021.1	0.0074603534	0.023253387	1.6271062	23.648043	1
6315	LNCSRLR	0.004588141	0.026006747	2.4773347	44.55244	1
6316	PLOD2	0.10751993	0.49944705	2.2146752	44.55244	1
6324	AC092958.1	0.000208576	0.006472557	4.412757	19.138842	1
6338	HPS3	0.034763586	0.093603365	1.4263798	44.55244	1
6339	CP	0.00032623316	0.008784622	4.3815956	22.567755	1
6343	TM4SF1	0.053405832	0.18668391	1.8036021	44.55244	1
6345	TM4SF4	0.00033016922	0.002414885	2.5475163	6.163908	1
6367	SIAH2	0.03131577	0.06937284	1.14496	44.55244	1
6374	P2RY14	0.099262394	0.028636646	-1.7898083	44.55244	1
6379	IGSF10	0.03245674	0.0042700944	-2.8972201	44.55244	1
6384	SUCNR1	0.1895562	0.034765683	-2.4435067	44.55244	1
6391	P2RY1	0.023533776	0.13903192	2.5575314	44.55244	1
6393	RAP2B	0.047317676	0.15413848	1.7016659	44.55244	1
6399	ARHGEF26-AS1	0.00021307054	0.0015082099	2.3608959	5.1358805	1
6400	ARHGEF26	0.007075565	0.02353501	1.7197611	31.298449	1
6404	MME	0.13830082	0.050634358	-1.4478174	44.55244	1
6405	MME-AS1	0.003962753	0.0011434935	-1.7080587	7.458387	1
6408	PLCH1	0.020561647	0.003967328	-2.344802	44.55244	1
6416	KCNAB1	0.017525151	0.0042837756	-2.0073898	37.48154	1
6422	TIPARP	0.07266933	0.16085765	1.1452787	44.55244	1
6427	LINC00881	0.00015821427	0.0086300345	5.0793467	21.142527	1
6434	SLC66A1L	0.0008808133	0.0037238717	1.9629837	7.03758	1
6436	SHOX2	0.0015897085	0.10546109	5.96516	44.55244	1
6473	AC079910.1	0.0029866206	0.00035432345	-2.7642365	11.971584	1
6479	BCHE	0.0506181	0.10838096	1.0968692	44.55244	1
6518	CLDN11	0.0076543996	0.0037017541	-1.0283498	7.0574236	1
6526	TNIK	0.22024414	0.560573	1.347401	44.55244	1
6527	AC092919.1	0.0021471663	0.015234105	2.770565	39.990063	1
6528	PLD1	0.08370517	0.20217186	1.2711844	44.55244	1
6529	TMEM212-AS1	0.00049905	0.002269574	1.9838793	5.325259	1
6554	LINC00578	0.012876204	0.0016830143	-2.8634782	39.52599	1
6560	AC110992.1	0.002503937	0.0005504986	-2.0010767	7.2980204	1
6561	AC117453.1	0.020592265	0.003646028	-2.465658	44.55244	1
6563	KCNMB2-AS1	0.021008575	0.04931381	1.2270851	31.725863	1
6607	MCF2L2	0.010644614	0.0634026	2.5632021	44.55244	1
6614	MAP6D1	0.0014123823	0.0043435697	1.5548962	7.0245576	1
6630	CAMK2N2	0.0009825659	0.006296219	2.5627644	20.505396	1
6641	EPHB3	0.03882491	0.018983066	-1.0284008	34.730247	1
6654	LIPH	0.00027339903	0.024355525	6.0332985	44.55244	1
6667	AHSG	-1.36424205e-08	0.0072433427	6.1985617	17.133808	1
6678	MASP1	0.005297859	0.2675316	5.631717	44.55244	1
6679	AC007920.2	0.00038745953	0.0046479474	3.2839496	13.312369	1
6699	IL1RAP	0.08290695	0.22445782	1.4357829	44.55244	1
6711	MB21D2	0.030759439	0.08499182	1.4633087	44.55244	1
6713	PLAAT1	0.0019158943	0.007641746	1.941239	15.027981	1
6731	LINC00887	0.0043340176	0.00069537596	-2.4789057	16.022272	1
6735	ATP13A3	0.22838771	0.5190382	1.184002	44.55244	1
6736	LINC00884	0.004410299	0.012208836	1.4483994	12.344754	1
6739	TMEM44	0.043161128	0.091691494	1.0852891	44.55244	1
6757	MUC20	0.0016781972	0.009238088	2.3927119	15.066573	1
6758	MUC4	0.00096858357	0.0031030755	1.5837581	6.0235868	1
6793	MELTF	0.002822102	0.015512855	2.4176557	29.59665	1
6819	ZNF732	0.0063719745	0.014517081	1.1753775	12.043511	1
6826	TMEM271	0.0028249826	0.00086574117	-1.5987196	6.5690107	1
6850	SPON2	0.06928337	0.44795606	2.6910174	44.55244	1
6859	AC147067.1	0.0049687033	0.011315353	1.171287	12.905129	1
6865	FGFR3	0.0006206554	0.0057859807	3.0299013	14.349944	1
6868	NELFA	0.051716477	0.1782199	1.7829849	44.55244	1
6869	C4orf48	0.15828095	0.573008	1.8554082	44.55244	1
6870	NAT8L	0.00082563073	0.0056642094	2.638614	11.686374	1
6883	MFSD10	0.06353388	0.16012427	1.3322258	44.55244	1
6903	NSG1	0.0010644019	0.020084387	4.1155787	44.55244	1
6909	CYTL1	0.031145303	0.09779484	1.6475935	44.55244	1
6919	PPP2R2C	0.004356044	0.0011308952	-1.8560555	8.609812	1
6922	LINC02482	0.014991471	0.006264504	-1.2456135	19.351368	1
6937	SORCS2	0.11506823	0.035231493	-1.7047161	44.55244	1
6945	HTRA3	0.042598195	0.1177207	1.4643459	44.55244	1
6962	AC005674.2	0.0065246955	0.016981559	1.3665136	15.798334	1
6980	NKX3-2	0.009751117	0.003962667	-1.2778602	13.000395	1
6999	BST1	0.00567028	0.015640568	1.4477744	22.31283	1
7024	AC024230.1	0.0017877625	0.005209794	1.4919785	6.181708	1
7026	SLIT2	0.27406117	0.9607291	1.8092557	44.55244	1
7038	AC097512.1	0.005372896	0.0012171679	-2.0548651	10.397467	1
7040	AC093607.1	0.005319948	0.0013343709	-1.9178609	8.024954	1
7042	PPARGC1A	0.10449962	0.023296045	-2.160541	44.55244	1
7056	SEL1L3	0.0144601725	0.047279358	1.7022313	44.55244	1
7088	AC016687.3	0.015177288	0.0039648674	-1.9101083	28.923445	1
7095	AC104078.2	0.00024007785	0.013404825	5.311466	29.109846	1
7099	NWD2	0.012537193	0.003256296	-1.912734	22.475359	1
7103	RELL1	0.041640654	0.08857517	1.0870769	44.55244	1
7104	PGM2	0.024481177	0.050527155	1.0423574	39.66851	1
7108	LINC01258	0.0006321085	0.02108119	4.8545823	44.55244	1
7109	LINC02278	0.005022167	5.9965336e-05	-5.000923	27.545473	1
7110	KLF3-AS1	0.047124326	0.017948007	-1.3876908	44.55244	1
7114	TLR1	0.0013780338	0.0146989925	3.3237479	41.268234	1
7115	TLR6	0.0011363795	0.012329333	3.3295553	38.92466	1
7116	FAM114A1	0.29045254	0.68923306	1.2464023	44.55244	1
7138	LINC02265	0.00025733514	0.0021584022	2.6599529	7.3855896	1
7139	CHRNA9	0.00010158982	0.002040672	3.408569	8.897848	1
7140	RBM47	0.0032162531	0.010154786	1.6286713	13.056755	1
7143	APBB2	0.69438547	0.3445367	-1.0108683	44.55244	1
7156	BEND4	0.0043237293	0.0008076732	-2.2850182	13.855629	1
7157	AC111006.1	0.0024903326	0.00026773338	-2.8164053	10.770708	1
7159	SHISA3	0.010448097	0.0005877912	-3.9388683	44.55244	1
7176	GABRG1	0.0069910646	0.00041471462	-3.7841575	33.044685	1
7178	GABRA2	0.024603836	0.05951155	1.2708567	43.190712	1
7181	GABRA4	0.0009330095	0.0061408454	2.594888	12.033227	1
7189	CORIN	0.006596954	0.015070298	1.1796724	10.304464	1
7195	TXK	0.002299192	0.0054904753	1.2204223	5.368979	1
7196	TEC	0.0019872584	0.009961695	2.2691922	19.02895	1
7198	SLC10A4	0.006839488	0.0010144277	-2.6385262	24.751804	1
7222	LNX1	0.0065372027	0.013314591	1.0151559	6.14153	1
7237	KDR	0.026371466	0.0886639	1.7455349	44.55244	1
7242	TMEM165	0.3916755	0.8167312	1.0600109	44.55244	1
7246	NMU	0.0023548906	0.00042679312	-2.2203503	8.17297	1
7250	AC110611.2	0.0042676367	0.0013496996	-1.5910989	6.238967	1
7285	TECRL	0.00014447313	0.05294255	7.7613306	44.55244	1
7291	AC116049.2	0.0027475797	0.01054478	1.9023379	16.109985	1
7310	UGT2B7	0.0003888294	0.0033283574	2.8101146	6.235078	1
7315	SULT1B1	0.004386238	0.00079557556	-2.324619	14.578055	1
7316	SULT1E1	0.40525657	0.01747947	-4.527228	44.55244	1
7320	ODAM	0.00013578971	0.0020161206	3.1658492	6.577094	1
7324	SMR3B	0.0025122038	8.1490725e-10	-4.707184	6.808738	1
7338	SLC4A4	0.033319198	0.09666243	1.53377	44.55244	1
7339	GC	9.122602e-05	0.0021869224	3.5800567	6.417259	1
7347	ALB	4.9108836e-05	0.05382123	8.498343	44.55244	1
7348	AFP	7.486587e-05	0.04308109	7.948007	44.55244	1
7353	CXCL8	0.0017005666	0.014816399	3.0503764	20.139132	1
7357	PF4	8.0980775e-05	0.008719572	5.6068	38.71084	1
7358	CXCL5	0.00055402867	0.0024718398	1.975375	5.9263315	1
7361	CXCL2	0.0068859677	0.015285966	1.1390833	9.122362	1
7367	AREG	0.02506916	0.07693717	1.6138977	42.190712	1
7370	PARM1	0.1246596	0.05356048	-1.2172189	44.55244	1
7399	STBD1	0.010652312	0.049838666	2.2155104	44.55244	1
7402	AC107072.2	0.012339492	0.03179301	1.3583127	27.176601	1
7412	ANXA3	0.00265797	0.0128024835	2.22597	25.554014	1
7413	LINC01094	0.001352221	0.003781767	1.4184525	5.8834305	1
7420	LINC00989	0.006817066	0.000691678	-3.1271744	26.615772	1
7430	PRKG2	0.025541663	0.056092415	1.1318856	32.331352	1
7432	RASGEF1B	0.0286159	0.13475873	2.2315273	44.55244	1
7438	TMEM150C	0.0054353327	0.012660257	1.2049154	12.234421	1
7440	SCD5	0.01850844	0.09708514	2.3847785	44.55244	1
7450	HPSE	0.0010835595	0.0056992434	2.2927325	11.389389	1
7458	CDS1	0.0075740037	0.002655224	-1.4778098	11.882888	1
7476	SPARCL1	0.46603477	0.21247862	-1.1327506	44.55244	1
7481	MEPE	0.00027770482	0.009351359	4.6451907	25.132233	1
7482	AC131944.1	0.003552559	0.0011335189	-1.5661279	6.5486403	1
7485	ABCG2	0.0049335533	0.066682965	3.7298312	44.55244	1
7521	BMPR1B	0.009707171	0.116861	3.576047	44.55244	1
7527	STPG2	0.013656161	0.028686551	1.065317	16.043533	1
7531	TSPAN5	0.20826313	0.5932883	1.5098765	44.55244	1
7533	AC114811.2	0.0005630865	0.002862926	2.1597538	6.634719	1
7545	ADH1C	0.0008243267	8.1490725e-10	-3.2083912	5.4099803	1
7559	EMCN	1.0286049	0.32009155	-1.683822	44.55244	1
7560	AC097459.1	0.039882585	0.013435922	-1.5625787	44.55244	1
7574	SLC9B1	0.008523949	0.018233066	1.0880275	13.2008295	1
7578	LINC02428	0.002495466	0.012571289	2.2874978	16.873713	1
7580	TACR3	0.00023657459	0.0034792477	3.4106584	7.6235075	1
7591	AC004066.2	0.0022126134	0.00042579003	-2.1369655	6.997471	1
7595	NPNT	0.0638201	0.0076643983	-3.0413237	44.55244	1
7601	AC092445.1	0.014608373	0.005058863	-1.5115125	18.118792	1
7602	DKK2	0.10683173	0.023250228	-2.1951816	44.55244	1
7615	AC107071.1	0.003933374	0.009779737	1.2924857	9.752126	1
7617	COL25A1	0.485839	0.10868826	-2.1592524	44.55244	1
7625	CFI	0.30725768	0.05690659	-2.430718	44.55244	1
7632	ENPEP	0.0092056235	0.085081704	3.194369	44.55244	1
7633	AC098798.1	7.26458e-05	0.0017171288	3.3957734	7.832048	1
7634	PANCR	0.0008303536	0.016536428	4.160423	44.55244	1
7635	PITX2	0.011114639	0.073176	2.7079575	44.55244	1
7654	AC093879.1	0.009470321	0.020809298	1.1275054	12.283764	1
7658	UGT8	0.001935019	0.00043814752	-1.9189687	5.5793934	1
7659	NDST4	0.01566295	0.0013514624	-3.4409583	44.55244	1
7663	AC093765.4	0.0033954424	0.0005501067	-2.4267266	11.039351	1
7664	AC093765.3	0.021299522	0.006430045	-1.7124139	32.169914	1
7674	PRSS12	0.01936323	0.004088474	-2.2162545	44.55244	1
7677	SEC24D	0.41799435	0.83979553	1.0063814	44.55244	1
7679	MYOZ2	0.0015478833	0.0246268	3.9073896	44.55244	1
7681	C4orf3	0.297994	0.6106591	1.0348364	44.55244	1
7685	PDE5A	0.20179482	0.071242966	-1.5007608	44.55244	1
7692	PRDM5	0.031553574	0.063720085	1.0116421	38.918903	1
7693	NDNF	0.0008755073	0.0069476916	2.8529263	18.458008	1
7708	AC053545.1	0.0016590687	0.0002330326	-2.4010766	7.0323424	1
7719	AC121154.1	0.0056048566	0.0011149622	-2.2312794	15.957141	1
7732	HSPA4L	0.005807112	0.012692788	1.1148059	10.271238	1
7746	C4orf33	0.020302625	0.042879462	1.0748928	35.749012	1
7749	LINC02465	0.0006468509	0.005109763	2.8023255	7.461397	1
7751	LINC02377	0.01301816	0.0031856813	-1.9973009	23.372301	1
7760	AC079380.1	0.03813043	0.08284913	1.1175056	44.55244	1
7761	AC015631.1	0.016925097	0.041191727	1.2781898	29.310907	1
7772	PCDH18	0.3433982	0.15671982	-1.1311946	44.55244	1
7780	SLC7A11	0.040231947	0.2569207	2.6718895	44.55244	1
7787	MGARP	0.0010081795	0.009575466	3.1261394	24.060303	1
7802	CLGN	0.005234924	0.011945284	1.1749288	9.126787	1
7810	RNF150	0.35633665	0.17201251	-1.0502937	44.55244	1
7815	IL15	0.011375133	0.058833506	2.3605773	44.55244	1
7818	AC139720.1	0.0019933498	0.008999569	2.1199849	12.502307	1
7827	FREM3	0.0042574266	0.0012054807	-1.7388953	9.450625	1
7828	GYPE	0.013181277	0.0036526313	-1.8234193	26.514599	1
7829	GYPB	0.0021394591	0.00049211056	-1.9192119	5.2204723	1
7833	HHIP-AS1	0.002375908	0.011947237	2.2826726	27.496151	1
7834	HHIP	0.0052867364	0.051819745	3.2688	44.55244	1
7871	IQCM	0.0050340393	0.001750502	-1.4721776	8.249616	1
7876	MAB21L2	0.0046382877	0.016635742	1.8204948	28.454464	1
7908	TMEM131L	0.26987725	0.12500428	-1.1097066	44.55244	1
7913	SFRP2	0.067503884	0.0095925	-2.8021655	44.55244	1
7914	AC079298.3	0.032515537	0.0015416907	-4.3123055	44.55244	1
7915	DCHS2	0.034987997	0.0018807474	-4.146861	44.55244	1
7919	FGB	-1.36424205e-08	0.001955278	4.361459	6.6567936	1
7922	LRAT	0.0014500164	0.009969376	2.699619	14.970542	1
7930	AC107208.1	0.0005051416	0.01223381	4.3492017	32.03926	1
7949	GASK1B	0.066008456	0.023988375	-1.4564978	44.55244	1
7950	FAM198B-AS1	0.0073370347	0.002282055	-1.6425207	10.698628	1
7951	TMEM144	0.005991624	0.015448401	1.3518674	17.213566	1
7962	LINC02233	0.003185098	0.0002764199	-3.1255217	11.989016	1
7965	FSTL5	0.011218174	0.003052417	-1.844111	17.950026	1
7972	NPY5R	0.0038640324	0.010484544	1.4169184	14.047827	1
7974	MARCH1	0.0063609877	0.020326452	1.660612	19.090052	1
7986	AC080079.2	0.001689637	3.3734723e-05	-3.742221	8.875693	1
8005	CLCN3	0.12587368	0.29838663	1.2445439	44.55244	1
8018	GALNTL6	0.01504	0.055694316	1.881753	40.59254	1
8023	AC097534.2	0.010949553	0.035776556	1.6990534	44.55244	1
8025	SCRG1	0.03870985	0.19071156	2.2976537	44.55244	1
8028	AC093849.1	0.00021213084	0.0014235439	2.287208	5.2149787	1
8029	AC093849.2	0.009859459	0.0034792996	-1.47639	18.487902	1
8030	HAND2	0.10869074	0.2785646	1.3569739	44.55244	1
8032	LINC02269	0.00317134	0.015709877	2.2728724	22.584885	1
8034	AC106895.2	0.00276092	0.0073304307	1.3769666	8.058243	1
8040	HPGD	0.005015152	0.0014593152	-1.7138646	8.045351	1
8045	AC022325.2	0.031491864	0.0045207916	-2.7733414	44.55244	1
8046	AC095050.1	0.017597351	0.0019503253	-3.1096087	44.55244	1
8048	GPM6A	0.0021391008	0.00987922	2.1560075	10.633933	1
8064	LINC01098	0.00842224	0.022165468	1.3855034	15.536827	1
8065	LINC01099	0.055058304	0.17754251	1.6873268	44.55244	1
8119	LRP2BP	0.0077433586	0.017036356	1.1275169	11.790441	1
8120	AC112722.1	0.014734102	0.03191943	1.1100302	22.315054	1
8121	ANKRD37	0.008127893	0.06630318	3.0126574	44.55244	1
8123	C4orf47	0.021279799	0.09535043	2.1585033	44.55244	1
8124	CCDC110	0.0016490336	0.0134042185	2.9487803	34.879833	1
8125	AC106897.1	0.0042863176	0.032833535	2.9084754	44.55244	1
8126	PDLIM3	0.08642759	1.0242134	3.5653532	44.55244	1
8127	SORBS2	0.0315381	0.10033405	1.6665136	44.55244	1
8135	F11-AS1	0.000991277	0.008271185	2.9394145	14.551339	1
8136	MTNR1A	0.0004353869	0.0027491655	2.4118857	5.20038	1
8153	LINC01060	0.00462291	0.04432641	3.2336698	44.55244	1
8162	PLEKHG4B	0.009880687	0.035282012	1.8258052	44.55244	1
8168	AHRR	0.032473754	0.16457886	2.3378735	44.55244	1
8176	TPPP	9.7581775e-05	0.0020192582	3.4230378	7.1245503	1
8180	ZDHHC11	0.006188665	0.01314967	1.0751308	10.105742	1
8187	NKD2	0.0015251392	0.07381946	5.507319	44.55244	1
8188	SLC12A7	0.017794963	0.047212657	1.4026726	44.55244	1
8213	C5orf38	0.012777837	0.00570898	-1.1485336	15.053334	1
8216	IRX1	0.0069010374	0.0015690017	-2.0685833	18.396658	1
8224	AC022424.1	0.002655114	0.00041502353	-2.419402	9.3569355	1
8225	ADAMTS16	0.026558332	0.005154447	-2.3429756	44.55244	1
8233	UBE2QL1	0.017523127	0.0044646305	-1.9489	35.270184	1
8248	AC091912.3	0.000108622415	0.0037569094	4.2084794	12.012994	1
8251	MIR4458HG	0.012446266	0.035217624	1.4931303	44.55244	1
8253	AC091932.1	7.968056e-05	0.00446431	4.6668906	14.292292	1
8256	SEMA5A	0.44428262	1.0440475	1.2324512	44.55244	1
8260	SNHG18	0.065462165	0.1493112	1.188353	44.55244	1
8293	OTULINL	0.0968013	0.03749427	-1.3660033	44.55244	1
8309	RETREG1	0.0007389702	0.015009905	4.170731	36.532722	1
8324	CDH18	0.0055785747	0.01979005	1.8084462	16.167233	1
8345	PURPL	0.008670342	0.02657944	1.6050234	20.233194	1
8368	NPR3	0.011836104	0.051906426	2.123358	44.55244	1
8375	ADAMTS12	0.15489554	0.34856093	1.169598	44.55244	1
8385	TTC23L	0.015424235	0.0062444485	-1.2909555	16.18496	1
8390	PRLR	0.050430443	0.12120235	1.2633827	44.55244	1
8401	RANBP3L	0.019970413	0.0016135613	-3.5500007	44.55244	1
8412	GDNF-AS1	0.0059898705	0.0010949613	-2.3494477	16.395079	1
8413	GDNF	0.009371528	0.0019806162	-2.1865861	22.710632	1
8417	EGFLAM	0.025888013	0.114685565	2.143023	44.55244	1
8421	LIFR	0.119025975	0.27921715	1.229416	44.55244	1
8443	PLCXD3	0.0673807	0.017478433	-1.9406685	44.55244	1
8448	FBXO4	0.008759654	0.021904867	1.3125004	26.882795	1
8449	GHR	0.32773817	0.15254752	-1.1027795	44.55244	1
8450	CCDC152	0.027533526	0.009546281	-1.5183749	44.251408	1
8451	SELENOP	0.6509467	0.16879086	-1.9466697	44.55244	1
8460	ANXA2R	0.0055440846	0.0020628667	-1.3837948	9.81944	1
8464	NIM1K	0.002811516	0.009428727	1.710513	11.021711	1
8465	HMGCS1	0.15036897	0.32943523	1.1309665	44.55244	1
8500	ITGA2	0.055601973	0.13972905	1.3278637	44.55244	1
8506	FST	0.056013517	0.026326252	-1.0863765	42.43517	1
8513	HSPB3	7.98076e-05	0.0035678332	4.3504024	14.132562	1
8527	PLPP1	0.27189547	0.7325562	1.4295539	44.55244	1
8535	ANKRD55	0.0021818543	0.009698832	2.1024032	17.424616	1
8559	RAB3C	0.15785518	0.068233304	-1.2088546	44.55244	1
8620	AC106798.1	0.00063970865	0.003735681	2.3744538	6.457761	1
8622	PIK3R1	0.40532044	0.17958637	-1.1739378	44.55244	1
8635	CCDC125	0.06852381	0.025327928	-1.4322953	44.55244	1
8639	MARVELD2	0.00040345342	0.0028154033	2.5337653	8.491871	1
8669	FOXD1	0.004090966	0.029615942	2.8258824	44.55244	1
8679	LINC01331	0.001665725	0.007897717	2.1793275	12.83348	1
8697	ANKDD1B	0.010949858	0.029886376	1.4402792	30.45702	1
8700	SV2C	0.0036437425	0.0122094285	1.7172107	11.779476	1
8704	F2RL2	0.008515813	0.01939141	1.1777797	20.025206	1
8707	F2RL1	0.0066458485	0.023519443	1.8079032	38.899014	1
8709	CRHBP	0.002674893	0.41918376	7.239351	44.55244	1
8714	PDE8B	0.020518914	0.06062738	1.5583788	44.55244	1
8727	HOMER1	0.087051734	0.21263915	1.2874843	44.55244	1
8734	THBS4	0.07808685	0.29107437	1.8968853	44.55244	1
8736	SERINC5	0.1368209	0.28661785	1.066289	44.55244	1
8740	FAM151B	0.021203162	0.05142557	1.2742211	44.251408	1
8743	DHFR	0.06182093	0.12580135	1.0237947	44.55244	1
8747	RASGRF2	0.0082483115	0.042789668	2.361074	44.55244	1
8752	ACOT12	0.005016802	0.01088967	1.1028339	7.2659297	1
8770	HAPLN1	0.018203514	0.23404962	3.6772382	44.55244	1
8792	MEF2C-AS1	0.023576375	0.05087415	1.1063178	31.384531	1
8796	LINC01339	0.0005793029	0.0049264226	2.887405	11.090603	1
8801	POLR3G	0.0055699795	0.0127773415	1.1834195	12.225513	1
8804	LUCAT1	0.002079154	0.015459832	2.8359864	27.045824	1
8810	AC093298.2	0.0052614813	0.011495452	1.1128557	7.726654	1
8812	AC124854.1	0.009927035	0.004762311	-1.0441811	6.8649654	1
8819	NR2F1	0.7517424	0.25283292	-1.5716757	44.55244	1
8830	MCTP1	0.10506814	0.037269503	-1.4927644	44.55244	1
8840	GLRX	0.04168573	0.10755343	1.365312	44.55244	1
8850	PCSK1	0.010115701	0.0042426	-1.2341573	11.017356	1
8860	LIX1	0.003109966	0.013291142	2.0606492	18.473036	1
8876	AC021086.1	0.004993727	0.010125375	1.0053604	6.1180954	1
8880	SLCO4C1	0.0068344185	0.0012062071	-2.4083912	20.12354	1
8881	SLCO6A1	0.0028247135	0.021491563	2.8841004	40.373577	1
8884	LINC00491	0.002401974	0.014335722	2.5285044	24.935762	1
8887	PAM	0.34808332	0.70139515	1.0105861	44.55244	1
8896	LINC01950	0.0006841639	0.0034667475	2.185382	5.3854218	1
8897	EFNA5	0.08194212	0.47195315	2.5245125	44.55244	1
8901	LINC01023	0.003694536	0.0016552041	-1.1122847	5.0931273	1
8905	AC008467.1	0.016493613	0.04431026	1.4202651	36.594204	1
8914	TSLP	0.0017542996	0.0070803356	1.953177	14.134528	1
8921	STARD4-AS1	0.18573336	0.07337731	-1.3386388	44.55244	1
8924	EPB41L4A	0.03254097	0.30819193	3.239541	44.55244	1
8927	AC010261.2	0.00025928242	0.0028290958	3.027265	6.2562356	1
8928	AC104126.1	0.00035123056	0.0034222282	2.9645517	7.188726	1
8929	EPB41L4A-DT	0.000528035	0.0048532193	2.9794495	15.897165	1
8933	REEP5	0.13482551	0.28966647	1.1027275	44.55244	1
8940	KCNN2	0.0135665815	0.042731244	1.6480112	35.49839	1
8942	TRIM36	0.0017246229	0.00883317	2.291574	17.364727	1
8948	TICAM2	0.016442435	0.0375767	1.1875012	32.24972	1
8969	LINC02147	0.0046746302	0.027570209	2.5348728	30.10663	1
8977	TNFAIP8	0.038148906	0.14749202	1.9481243	44.55244	1
8981	AC113418.1	0.0010143525	0.008285366	2.911668	12.180867	1
8982	PRR16	0.13956083	0.28958353	1.0525502	44.55244	1
8984	AC008568.1	0.00017072927	0.0024278301	3.2229767	6.8596287	1
8986	LOX	0.04873608	0.28121325	2.526158	44.55244	1
8992	SNCAIP	0.16124633	0.05619385	-1.5191115	44.55244	1
8995	AC022101.1	0.004071789	0.0010712472	-1.8326206	7.3041463	1
9002	PRDM6	0.26395988	0.07839318	-1.7502258	44.55244	1
9012	LINC02240	0.002244966	0.010287527	2.1472132	15.043712	1
9014	AC116362.1	0.004551106	0.009520708	1.0485692	6.2105846	1
9023	MARCH3	0.09617227	0.34174672	1.8281572	44.55244	1
9024	C5orf63	0.0013878407	0.0001348898	-2.6631641	6.4907165	1
9041	ADAMTS19-AS1	0.015758246	0.004390014	-1.8204415	29.890308	1
9042	ADAMTS19	0.24547458	0.09068536	-1.4356296	44.55244	1
9043	AC008591.1	0.05615913	0.02539449	-1.1419019	40.60193	1
9057	P4HA2-AS1	0.0011303009	0.0042544864	1.8234913	7.0617285	1
9058	P4HA2	0.13138507	0.5883871	2.1621118	44.55244	1
9061	MIR3936HG	0.02367965	0.008350932	-1.492545	36.355316	1
9062	SLC22A5	0.013007113	0.0032589573	-1.9642645	31.007904	1
9063	C5orf56	0.054565974	0.02152471	-1.3379623	44.55244	1
9114	PITX1	0.08658099	0.0068351924	-3.643708	44.55244	1
9116	C5orf66-AS1	0.0011410103	8.1490725e-10	-3.6334314	6.6198387	1
9122	CXCL14	0.008047347	0.0349352	2.104403	28.869047	1
9125	LECT2	0.0033689954	0.00057743344	-2.3563669	9.622166	1
9126	TGFBI	0.54950583	0.25467154	-1.1091933	44.55244	1
9132	AC112178.1	3.0229501e-05	0.049026985	8.559316	44.55244	1
9133	AC109439.2	3.166042e-05	0.04944693	8.55583	44.55244	1
9135	KLHL3	0.032011036	0.088601366	1.4658871	44.55244	1
9149	FAM53C	0.08052803	0.1711167	1.0864699	44.55244	1
9157	AC034243.1	0.0015770411	0.00034032218	-1.9292866	5.3601346	1
9169	SPATA24	0.006259234	0.014064034	1.1553073	15.701084	1
9171	ECSCR	0.004425117	0.011731415	1.3865957	13.445557	1
9177	CXXC5	0.2185957	0.44423836	1.0227339	44.55244	1
9179	AC008667.1	0.009763996	0.025415173	1.3711113	19.451527	1
9184	NRG2	0.0047676503	0.044591777	3.198712	44.55244	1
9193	HBEGF	0.038515598	0.1266075	1.7142462	44.55244	1
9198	SRA1	0.12659243	0.26860815	1.0847098	44.55244	1
9228	PCDHA13	0.0015003385	0.0074814335	2.2440934	18.970608	1
9239	PCDHB5	0.013308354	0.003028466	-2.0996048	34.15231	1
9244	PCDHB8	8.9948175e-05	0.001967609	3.4442856	7.304353	1
9253	PCDHB14	0.011613885	0.023407497	1.0049013	17.787094	1
9268	PCDHGA7	0.00037203688	0.0028138948	2.6259773	6.803673	1
9274	PCDHGA10	0.049980786	0.30215728	2.593448	44.55244	1
9287	RELL2	0.0042887684	0.008858639	1.0294635	8.289512	1
9293	PCDH1	0.0651093	0.022909913	-1.5028222	44.55244	1
9303	SPRY4-AS1	0.5646837	0.23534216	-1.2623256	44.55244	1
9304	FGF1	0.07545786	0.015449836	-2.2806826	44.55244	1
9305	AC005592.1	0.0033835352	0.00069699157	-2.1279159	10.145646	1
9306	LINC01844	0.050952405	0.012899705	-1.9735	44.55244	1
9316	KCTD16	0.07837823	0.23800474	1.6012319	44.55244	1
9319	AC137770.1	0.009611645	0.020058203	1.0535796	12.403072	1
9353	HTR4	0.00036525456	0.005706141	3.6414874	14.442024	1
9355	ADRB2	0.031013899	0.0037573772	-3.011867	44.55244	1
9362	AFAP1L1	0.012194324	0.03813307	1.6368287	44.55244	1
9367	IL17B	0.020071644	0.00884225	-1.1736189	20.832382	1
9379	CSF1R	0.005973171	0.01669178	1.4672333	19.18991	1
9381	CDX1	0.0009025371	0.003364476	1.7889816	6.3438044	1
9383	CAMK2A	0.0050408207	0.01218462	1.2567827	11.524433	1
9384	ARSI	0.00939876	0.041226745	2.1212647	44.55244	1
9386	CD74	0.02517005	0.012014119	-1.060739	22.983418	1
9390	SYNPO	0.109611005	0.2659752	1.2781256	44.55244	1
9397	SMIM3	0.27049726	0.1067269	-1.3408722	44.55244	1
9398	IRGM	0.007482607	0.003630445	-1.0233461	5.917268	1
9399	ZNF300	0.040138736	0.018922526	-1.0808761	38.428253	1
9401	TNIP1	0.08848633	0.18037926	1.0266771	44.55244	1
9404	CCDC69	0.010159532	0.022809023	1.158951	20.077295	1
9424	GRIA1	0.0753123	0.036898624	-1.0273283	33.855057	1
9432	HAND1	0.00048789068	0.005763022	3.3180246	15.287525	1
9441	SGCD	0.06264344	0.21814051	1.7983824	44.55244	1
9467	AC025437.4	0.004291568	0.0014373813	-1.5142611	7.4477134	1
9475	EBF1	0.7502366	0.35769284	-1.0684135	44.55244	1
9478	LINC02202	0.031772316	0.009428817	-1.7419349	44.55244	1
9482	AC008691.1	0.005033769	0.0131648155	1.3695142	10.478027	1
9487	ADRA1B	0.0044345544	0.015909847	1.8199269	21.056225	1
9501	GABRB2	0.0018460223	0.020479837	3.4026313	40.221195	1
9503	GABRA1	0.0002664688	0.0101149585	4.800849	29.235409	1
9516	AC008415.1	0.016901527	0.038244504	1.1733557	15.748466	1
9519	TENM2	0.15827717	0.47322166	1.5794564	44.55244	1
9524	AC008464.1	0.00042351906	0.0031574545	2.6374311	8.359706	1
9526	AC011369.1	0.0030492805	0.0072029913	1.2134651	6.098846	1
9527	AC026689.1	0.0032609543	0.010029507	1.591621	14.450519	1
9528	WWC1	0.023024352	0.07972166	1.7873673	44.55244	1
9530	FBLL1	0.00475635	0.013019901	1.4338125	18.576393	1
9536	AC011389.1	0.011564307	0.0045656217	-1.3219594	11.505777	1
9538	DOCK2	0.016123248	0.050216284	1.6329627	44.55244	1
9539	INSYN2B	0.056815278	0.21390785	1.9107758	44.55244	1
9544	KCNIP1	0.1464431	0.05655102	-1.3711511	44.55244	1
9553	FGF18	0.008929691	0.0020237553	-2.088059	21.489042	1
9562	NEURL1B	0.029917782	0.062176522	1.052871	43.47326	1
9565	AC022217.3	0.0019014251	0.0058099595	1.5621206	8.816941	1
9566	DUSP1	0.05973532	0.20507014	1.7777514	44.55244	1
9576	STC2	0.024086228	0.17572002	2.8618417	44.55244	1
9586	CPEB4	0.08341312	0.18189113	1.1237934	44.55244	1
9591	MSX2	0.006869569	0.020970741	1.5960997	22.939964	1
9615	CDHR2	0.0031386497	0.0010450734	-1.4999524	5.296877	1
9635	F12	0.0049531474	0.020050388	1.9955535	40.955402	1
9638	PRR7	0.00885091	0.034955516	1.9695354	44.55244	1
9642	DOK3	0.0036187544	0.008636064	1.2321638	8.726311	1
9646	TMED9	0.3441656	0.74354094	1.1110842	44.55244	1
9650	FAM153A	0.00017993941	0.0018776568	2.8206055	5.3183994	1
9653	AC106795.2	0.00014546842	0.0018089158	2.959144	7.1672444	1
9663	COL23A1	0.018798485	0.054892797	1.5409721	42.28999	1
9672	ZNF454	0.007974182	0.0031638595	-1.3067372	10.511665	1
9689	LTC4S	0.0007086294	0.004567437	2.52908	13.733435	1
9690	MGAT4B	0.07319282	0.20766138	1.5031836	44.55244	1
9698	RASGEF1C	0.0016761146	0.0053940434	1.6291436	6.8321624	1
9701	GFPT2	0.042641588	0.08539603	1.0002168	44.55244	1
9704	SCGB3A1	0.0004636338	0.0026126497	2.2668726	7.632778	1
9707	HEIH	0.009898296	0.023015514	1.2091074	24.89699	1
9717	TRIM7	0.0008678204	0.0027828447	1.5746819	5.1575246	1
9746	FOXF2	0.00031872262	0.0017851123	2.1705835	5.659425	1
9761	SERPINB9	0.05100371	0.1703842	1.7381381	44.55244	1
9764	NQO2	0.06433136	0.13097897	1.0246013	44.55244	1
9771	TUBB2A	0.066870086	0.15048885	1.1690263	44.55244	1
9782	AL590004.3	0.0005192064	0.003398604	2.498287	8.067216	1
9803	PPP1R3G	0.0012918118	0.008542741	2.6345248	24.746788	1
9829	BMP6	0.029077498	0.005889587	-2.2843277	44.55244	1
9838	TFAP2A	0.0028308122	0.015669622	2.4277754	28.402382	1
9863	NEDD9	0.07762902	0.22566292	1.5382832	44.55244	1
9873	AL157373.2	0.0034464826	0.0011144034	-1.5461413	7.165888	1
9881	GFOD1	0.02296004	0.19326386	3.0678513	44.55244	1
9900	AL138720.1	0.011875928	0.0045317295	-1.3705146	16.879406	1
9907	MYLIP	0.06573585	0.15936427	1.2762879	44.55244	1
9918	RBM24	0.0035216748	0.022422168	2.6366167	44.55244	1
9932	AL022068.1	0.020929078	0.046091035	1.1352273	29.713604	1
9933	ID4	0.21094161	0.42849523	1.0220882	44.55244	1
9955	NRSN1	0.0014356157	0.00014671384	-2.6379066	6.217832	1
9961	KIAA0319	0.0005018661	0.0028070374	2.2720351	5.0403123	1
9978	SLC17A3	0.004401813	0.02106868	2.2333534	32.101784	1
9993	HFE	0.004532737	0.010488806	1.1926033	10.834073	1
10034	AL590062.1	0.005754058	0.002567615	-1.1338866	7.5012593	1
10111	HLA-F	0.004242026	0.00900458	1.0682243	9.082088	1
10112	HLA-F-AS1	0.001566958	0.0042799218	1.3936872	6.2386394	1
10115	HLA-G	0.00042780547	0.002043861	2.022133	6.7576885	1
10117	HLA-A	0.25267982	0.57233006	1.1792183	44.55244	1
10154	DDR1	0.021328198	0.044868283	1.0693973	40.114452	1
10163	PSORS1C1	0.001690696	0.013483216	2.9232328	33.263775	1
10172	HLA-C	0.13626604	0.4673535	1.7773384	44.55244	1
10173	HLA-B	0.15147284	0.30605143	1.0142342	44.55244	1
10190	AIF1	0.03658731	0.014356475	-1.3435653	44.55244	1
10218	SLC44A4	0.003304631	0.00034559355	-2.9336982	14.36446	1
10232	TNXB	0.0047007343	0.0139259705	1.5467737	17.028458	1
10245	GPSM3	0.030074526	0.071696036	1.2505732	44.55244	1
10246	NOTCH4	0.0042666984	0.014996879	1.7896355	23.0638	1
10247	TSBP1-AS1	0.0054405183	0.02406748	2.1249743	33.60119	1
10252	HLA-DRB1	0.0075778756	0.015344841	1.0083461	9.581756	1
10253	HLA-DQA1	0.0013377455	0.0001356932	-2.6088262	6.7392716	1
10264	HLA-DMA	0.003900557	0.010523908	1.4090416	13.09808	1
10267	HLA-DOA	0.008082826	0.001690931	-2.1918893	24.93739	1
10268	HLA-DPA1	0.0016379112	0.034408856	4.3115406	44.55244	1
10269	HLA-DPB1	0.018789636	0.06601306	1.8073405	44.55244	1
10280	B3GALT4	0.005559639	0.013185919	1.2311162	15.340145	1
10293	ZBTB9	0.00489214	0.010981479	1.1504201	11.127996	1
10298	IP6K3	6.078615e-05	0.0018115145	3.571501	8.559981	1
10321	SCUBE3	0.067150235	0.022011112	-1.6047678	44.55244	1
10342	Z84485.1	0.008024411	0.0038779925	-1.0302227	8.048998	1
10352	CDKN1A	0.06557862	0.18988632	1.5323998	44.55244	1
10363	PIM1	0.04277458	0.01949985	-1.12928	44.55244	1
10371	MDGA1	0.011443394	0.0048288843	-1.2277346	12.650195	1
10396	APOBEC2	0.00025453806	0.0031629622	3.20217	6.5555706	1
10402	TREM1	0.0013534988	0.024196677	4.063157	44.55244	1
10404	FOXP4-AS1	0.0037359532	0.0008903314	-1.9536018	8.8087	1
10406	FOXP4	0.04588542	0.01896243	-1.2704446	44.55244	1
10412	PRICKLE4	0.012654747	0.0028730952	-2.1009967	35.455933	1
10423	GUCA1B	0.0054437453	0.011496197	1.064719	9.492963	1
10427	PRPH2	0.0010708126	0.0070939246	2.619269	20.658989	1
10469	GTPBP2	0.031010516	0.069363795	1.158859	44.55244	1
10471	RSPH9	0.006791634	0.024859408	1.8566657	38.67336	1
10474	VEGFA	0.0450645	0.31608695	2.8075166	44.55244	1
10503	ENPP5	0.0028973387	0.0010118266	-1.4307505	5.79021	1
10504	RCAN2	0.24567352	0.029012237	-3.077632	44.55244	1
10505	AL035670.1	0.002306362	0.00055594504	-1.8752067	5.949369	1
10506	CYP39A1	0.037776444	0.004772997	-2.9584198	44.55244	1
10507	SLC25A27	0.0577515	0.013825162	-2.0546603	44.55244	1
10509	TDRD6	0.0019164182	0.0003986857	-2.015592	6.571307	1
10510	PLA2G7	0.004235511	0.0011187011	-1.8308578	9.422092	1
10512	ADGRF5	0.17784098	0.042387165	-2.0662997	44.55244	1
10522	PTCHD4	0.021893024	0.057766996	1.3956949	35.83536	1
10523	AL353138.1	0.022065265	0.052257944	1.2401078	29.590197	1
10544	TMEM14A	0.051395506	0.12958649	1.3325098	44.55244	1
10545	GSTA2	-1.36424205e-08	0.0017402015	4.2019887	7.8530993	1
10546	GSTA1	0.0002035895	0.026388533	6.447102	44.55244	1
10561	MLIP	0.0012466488	0.024643231	4.1995883	44.55244	1
10571	COL21A1	0.16096021	0.078878485	-1.0280685	44.55244	1
10574	BEND6	0.010199681	0.028324848	1.464553	32.80933	1
10578	BAG2	0.029148897	0.108605556	1.8939716	44.55244	1
10588	KHDRBS2-OT	0.002260391	0.0004925633	-1.9939847	5.93962	1
10589	KHDRBS2	0.060225654	0.01451909	-2.0449183	44.55244	1
10597	EYS	0.022647899	0.25142786	3.466913	44.55244	1
10605	AL606923.2	0.00025284168	0.007129782	4.356859	14.496505	1
10621	OGFRL1	0.016759846	0.0355351	1.0797077	28.133179	1
10623	RIMS1	0.0044116364	0.034512844	2.939585	44.251408	1
10640	SLC17A5	0.06974519	0.14791054	1.0834671	44.55244	1
10642	CD109	0.024391234	0.077306546	1.6601902	44.55244	1
10646	COL12A1	0.27236646	0.085912205	-1.6634653	44.55244	1
10658	AL355612.1	0.003958631	0.021881932	2.4372532	23.00363	1
10683	TENT5A	0.1017732	0.5824729	2.515664	44.55244	1
10684	AL122017.1	0.00023480877	0.0023389312	2.8648398	7.7296076	1
10686	LINC02542	0.0025860483	0.009386574	1.8204018	11.732089	1
10693	PGM3	0.11467929	0.34134513	1.5727913	44.55244	1
10694	RWDD2A	0.011235607	0.029569864	1.3881367	39.113323	1
10695	ME1	0.054503452	0.18386517	1.7523686	44.55244	1
10696	PRSS35	0.31444556	0.091435105	-1.7808719	44.55244	1
10704	MRAP2	0.005261422	0.024457108	2.195453	41.347237	1
10706	LINC01611	0.0033137328	0.017790478	2.3897698	32.289734	1
10707	TBX18	0.009720673	0.11577629	3.5606198	44.55244	1
10711	NT5E	0.013872176	0.032504432	1.2225115	29.392702	1
10720	GJB7	0.0015639612	0.004719999	1.5344112	5.8004446	1
10728	CNR1	0.0038690667	0.0013625853	-1.4402791	6.2433777	1
10737	GABRR1	0.041983478	0.0069156606	-2.584603	44.55244	1
10758	AL591519.1	0.0035247721	0.012586997	1.8073883	14.776714	1
10790	GRIK2	0.18237987	0.41918126	1.200181	44.55244	1
10793	AL357522.1	0.0013069258	0.0045124604	1.7129903	5.8534813	1
10797	LIN28B	0.05884066	0.120144576	1.0286367	44.55244	1
10798	BVES	0.006239368	0.029652616	2.2306056	44.55244	1
10799	BVES-AS1	0.0016595238	0.0063359994	1.8709792	10.564272	1
10800	POPDC3	0.0025308589	0.020268418	2.952728	44.55244	1
10820	SCML4	0.0014173789	0.00017818497	-2.447465	6.9402833	1
10851	METTL24	0.018284429	0.0074551525	-1.2829516	17.974907	1
10870	FYN	0.22220762	0.48329273	1.1206383	44.55244	1
10875	LAMA4	0.614517	0.22532374	-1.4470482	44.55244	1
10876	Z99289.1	0.004095494	0.0015551004	-1.3419218	6.0212455	1
10878	Z99289.3	0.007451867	0.0034780954	-1.0776415	6.5627003	1
10886	LINC02541	0.00067616435	0.0038664325	2.3534079	8.552243	1
10905	CALHM6	0.0031740598	0.0078054927	1.2717746	9.675725	1
10908	CALHM5	0.006108988	0.019394731	1.6506542	26.24548	1
10914	FAM162B	0.046644475	0.0024406007	-4.2015543	44.55244	1
10919	DCBLD1	0.03296427	0.10018212	1.6007195	44.55244	1
10922	SLC35F1	0.42071596	0.06622268	-2.665615	44.55244	1
10937	PKIB	0.29150242	0.1040279	-1.4856459	44.55244	1
10938	AL512283.2	0.0076992335	0.0005900389	-3.4985828	33.15721	1
10944	TRDN	0.00282524	0.040967096	3.811356	44.55244	1
10945	TRDN-AS1	0.00026275634	0.0025777486	2.8839478	5.0378675	1
10955	AL450332.1	0.009692553	0.02165809	1.1517949	13.401977	1
10956	AL365259.1	0.0023752118	0.008591567	1.8120643	12.712212	1
10958	HEY2	0.03590387	0.15313858	2.0895555	44.55244	1
10965	RSPO3	0.20887451	0.053327262	-1.9676789	44.55244	1
10969	SOGA3	0.019789578	0.082715414	2.0578866	44.55244	1
10976	LAMA2	0.050293654	0.17047425	1.7590858	44.55244	1
10991	ENPP3	0.0014166445	0.0095037	2.6627073	18.790306	1
10998	MOXD1	0.10355533	0.025049262	-2.0432065	44.55244	1
11008	EYA4	0.022881653	0.05660824	1.3030759	37.569386	1
11011	TARID	0.031544197	0.0828742	1.3907218	44.55244	1
11014	TCF21	0.005497332	0.12507463	4.483059	44.55244	1
11016	SLC2A12	0.028441118	0.0037866365	-2.8764477	44.55244	1
11022	CT69	0.0006851903	0.0037664697	2.2999027	8.912189	1
11023	AL078590.2	0.0022044613	0.0185177	3.0141733	37.386963	1
11034	AL035604.1	0.0051919366	0.0008691878	-2.4489474	15.228457	1
11039	MTFR2	0.004968743	0.013080765	1.3787342	14.853093	1
11042	MAP7	0.022780804	0.010076142	-1.1689471	20.733637	1
11043	AL024508.2	0.0023210996	0.0005377701	-1.9245541	5.2157183	1
11044	MAP3K5	0.15343554	0.06645264	-1.206005	44.55244	1
11061	ARFGEF3	0.0031247954	0.021418285	2.7382834	42.469654	1
11073	AL592429.2	0.013335157	0.004504778	-1.5448098	20.598274	1
11080	AL035446.2	0.009474819	0.0041452143	-1.1734078	7.634317	1
11094	AIG1	0.07405742	0.17724198	1.257871	44.55244	1
11119	STXBP5-AS1	0.009608335	0.020228254	1.0661906	12.532628	1
11122	STXBP5	0.25033808	0.7347363	1.5529691	44.55244	1
11123	SAMD5	0.052949782	0.13121146	1.3075742	44.55244	1
11124	AL033504.1	0.036992207	0.09810731	1.4047142	44.55244	1
11126	AL445123.2	0.004770629	0.01791311	1.8868673	21.0727	1
11153	AL355312.3	0.0014263771	0.005048217	1.7539614	7.1402087	1
11157	ULBP2	0.0004797692	0.005738387	3.332019	20.196922	1
11158	ULBP1	0.00053797505	0.005940478	3.2430906	20.434961	1
11160	ULBP3	0.005391073	0.019520804	1.8372242	38.56888	1
11161	PPP1R14C	0.0011921014	0.017504785	3.7681766	35.149952	1
11163	PLEKHG1	0.13749811	0.034865048	-1.9764752	44.55244	1
11167	MTHFD1L	0.34057364	0.77797365	1.1915165	44.55244	1
11169	AL138733.1	0.0053413305	0.011919539	1.1433502	9.873175	1
11170	AKAP12	1.1310471	0.5005247	-1.1759852	44.55244	1
11179	MYCT1	0.0020955864	0.010480416	2.268718	13.195737	1
11180	VIP	0.010811355	0.00035013407	-4.5993314	29.715286	1
11185	RGS17	0.032867547	0.11987669	1.8636357	44.55244	1
11199	AL589693.1	0.010003225	0.004214718	-1.2274777	8.301448	1
11223	SYTL3	0.0094470065	0.02411808	1.3429642	21.663815	1
11224	EZR	0.10250423	0.2623491	1.3549473	44.55244	1
11233	AL356417.2	0.0041632075	0.00044428452	-2.9695063	18.776894	1
11234	FNDC1	0.09515151	0.0073751383	-3.6715698	44.55244	1
11253	SLC22A3	0.009553801	0.0036651168	-1.3584024	10.393495	1
11262	AGPAT4	0.15684603	0.3359663	1.0984772	44.55244	1
11278	PDE10A	0.23330213	0.6407631	1.4571985	44.55244	1
11292	RPS6KA2	0.051430456	0.13359909	1.3754923	44.55244	1
11313	AFDN-DT	0.0025528378	0.013427881	2.3503275	30.130648	1
11314	AFDN	0.2159865	0.63701373	1.559942	44.55244	1
11316	KIF25-AS1	-1.36424205e-08	0.0010244072	3.4912896	5.6857057	1
11317	KIF25	0.00013213808	0.0014812013	2.7679658	6.3521442	1
11323	DACT2	0.009351635	0.004566591	-1.018195	9.0003195	1
11325	SMOC2	0.0776235	0.01084536	-2.8280315	44.55244	1
11326	LINC01615	0.00036737288	0.0018595351	2.0678654	5.1799164	1
11345	DLL1	0.005980251	0.002785122	-1.0754985	6.1228576	1
11353	AL672310.1	0.0007712722	0.0028472168	1.7581577	5.6439767	1
11356	AC215522.2	0.0017350132	0.008463455	2.2224026	13.552382	1
11371	PRKAR1B	0.06868686	0.0332198	-1.0457532	44.55244	1
11373	AC147651.4	0.0010035129	0.0041002706	1.9283788	9.891356	1
11383	GPR146	0.002526445	0.0106543	2.0337303	22.270279	1
11389	AC091729.3	0.004248913	0.012810864	1.5698589	18.247051	1
11409	LFNG	0.021055384	0.0046161446	-2.165345	44.55244	1
11442	FSCN1	0.18369596	0.4073708	1.1485915	44.55244	1
11454	CYTH3	0.28859288	0.13437435	-1.1022044	44.55244	1
11470	C1GALT1	0.05611231	0.12031919	1.0991071	44.55244	1
11482	ICA1	0.016493468	0.0077186143	-1.0856305	16.08914	1
11488	AC060834.2	0.0008313152	0.00453177	2.314222	7.428085	1
11499	VWDE	0.012197993	0.0017393843	-2.741128	38.642754	1
11501	SCIN	0.0066875587	0.0020006914	-1.6920285	13.434265	1
11509	AGMO	0.02444174	0.011239501	-1.1138804	16.570616	1
11510	MEOX2	0.13964184	0.03652226	-1.9319711	44.55244	1
11511	AC005550.2	0.0022275867	0.00042344624	-2.1527216	6.1357365	1
11512	LINC02587	0.0017677211	0.00015518503	-2.8716633	8.150196	1
11517	SOSTDC1	0.08295026	0.009558852	-3.1040611	44.55244	1
11528	AHR	0.05344687	0.26507506	2.308071	44.55244	1
11529	AC073332.1	0.008684052	0.022065474	1.3353558	18.017729	1
11530	AC019117.2	0.00047841505	0.002993832	2.4192178	5.123533	1
11531	AC019117.1	0.0016131259	0.01447877	3.089166	26.148602	1
11533	HDAC9	0.6511624	0.15087709	-2.1089094	44.55244	1
11558	RAPGEF5	0.03544755	0.14122309	1.9911752	44.55244	1
11561	AC002480.2	0.00032822098	0.0017818682	2.1357381	5.4590425	1
11566	SNHG26	0.004214269	0.014570783	1.7657578	21.1684	1
11583	NPY	0.00041810988	0.0036240313	2.8455353	5.2899227	1
11586	GSDME	0.0059126355	0.026990796	2.1717334	44.55244	1
11587	AC003093.1	0.0020685298	0.0060541853	1.5048505	6.2492857	1
11593	AC005165.1	0.007303433	0.00196686	-1.8407537	16.320955	1
11607	HOXA1	0.0032592653	0.00072315405	-2.0289114	10.471286	1
11608	HOTAIRM1	0.03447844	0.005009683	-2.7585673	44.55244	1
11609	HOXA2	0.0109174065	0.0009225079	-3.4296007	44.55244	1
11610	HOXA3	0.13047153	0.014952352	-3.1167796	44.55244	1
11611	HOXA-AS2	0.01630799	0.00079171796	-4.2016673	44.55244	1
11612	HOXA4	0.01113571	0.0029425127	-1.8847561	27.11362	1
11613	HOXA-AS3	0.007936347	0.0012522034	-2.5712278	23.670052	1
11614	HOXA5	0.06703945	0.00923841	-2.845912	44.55244	1
11615	HOXA6	0.08740786	0.008625935	-3.326031	44.55244	1
11616	HOXA7	0.0808077	0.014435328	-2.4767134	44.55244	1
11618	HOXA9	0.09808301	0.01569148	-2.636327	44.55244	1
11619	HOXA10-AS	0.041707102	0.0069804844	-2.5618281	44.55244	1
11620	HOXA10	0.13427056	0.022566354	-2.5675929	44.55244	1
11621	HOXA11	0.017017715	0.006044313	-1.4781666	26.54536	1
11622	HOXA11-AS	0.0053242813	0.002363321	-1.1388273	6.560993	1
11635	CREB5	0.26212305	0.54939544	1.0673131	44.55244	1
11636	TRIL	0.13884765	0.043315124	-1.6782719	44.55244	1
11638	AC005162.3	0.014411028	0.004169759	-1.7649232	27.348581	1
11642	CHN2	0.012738547	0.0025758932	-2.2623894	36.09772	1
11646	PRR15	0.009371518	0.00042453775	-4.174477	44.55244	1
11650	FKBP14	0.11998409	0.29362753	1.2904333	44.55244	1
11666	GARS	0.22885753	0.47605056	1.0563377	44.55244	1
11668	INMT	0.0014545408	0.00015039719	-2.6341982	6.8682017	1
11671	AQP1	0.009071887	0.07102475	2.9550614	44.55244	1
11676	PPP1R17	0.0008238805	0.0029399188	1.7182547	5.1715546	1
11677	PDE1C	0.12484299	0.046934728	-1.4094716	44.55244	1
11692	BMPER	0.025554536	0.07803887	1.6068265	44.55244	1
11694	AC009262.1	0.00054025115	0.0095254	3.9101365	20.598246	1
11695	NPSR1-AS1	0.00040473265	0.0022746113	2.2341	5.1429257	1
11697	DPY19L1	0.0415961	0.108001046	1.3743961	44.55244	1
11698	AC005400.1	0.0034423508	0.0075630504	1.1132116	6.364526	1
11699	TBX20	0.0024653806	0.41464323	7.3369017	44.55244	1
11711	EEPD1	0.059020557	0.024142912	-1.2860969	44.55244	1
11722	EPDR1	0.009774653	0.059895594	2.6030548	44.55244	1
11724	SFRP4	0.0030577746	0.007648953	1.295093	6.8798704	1
11731	TRG-AS1	0.000489392	0.0027393994	2.2682865	6.823918	1
11735	AMPH	0.09078752	0.041190762	-1.1382631	44.55244	1
11751	AC004988.1	0.002245279	0.0005192602	-1.921142	5.9994097	1
11764	HECW1	0.019380309	0.0090229185	-1.0944492	12.164888	1
11778	PGAM2	5.3344025e-05	0.003023202	4.348182	5.2304883	1
11783	MYL7	0.00011422007	0.4111024	10.906539	44.55244	1
11786	CAMK2B	0.00111256	0.004000597	1.7577779	5.9142222	1
11804	NACAD	0.0042723347	0.013753849	1.6638112	24.354877	1
11810	IGFBP1	2.8274888e-05	0.0020486284	4.0661054	7.375762	1
11811	IGFBP3	0.2918167	1.0405326	1.8338321	44.55244	1
11814	AC023669.1	0.0001501994	0.003438143	3.8218422	7.7891283	1
11815	AC023669.2	0.00019680063	0.011697394	5.31283	25.138605	1
11816	AC011294.1	0.00053256034	0.0049397545	2.9940784	9.1806965	1
11817	AC004870.4	0.00041945517	0.022145461	5.4203677	44.55244	1
11824	PKD1L1	0.012223077	0.003157671	-1.9194497	21.881363	1
11826	C7orf69	0.03435414	0.002962711	-3.4917963	44.55244	1
11831	ABCA13	0.018031575	0.0016616209	-3.3635287	44.55244	1
11836	ZPBP	0.00080471655	0.0033913723	1.9482565	5.7176657	1
11843	GRB10	0.08938214	0.28172767	1.6551415	44.55244	1
11870	PSPH	0.025475265	0.062719285	1.2964584	44.55244	1
11874	CHCHD2	0.1347852	0.059322976	-1.1826394	44.55244	1
11883	ZNF736	-1.36424205e-08	0.0024002471	4.6441956	8.334154	1
11927	CALN1	0.01957549	0.11914527	2.5994606	44.55244	1
11928	TYW1B	0.060133424	0.26254725	2.1244903	44.55244	1
11951	METTL27	0.007876783	0.002695786	-1.512553	13.449955	1
11953	ELN	0.08805991	0.021624869	-2.0207753	44.55244	1
11976	CCL26	0.0005106803	0.003426929	2.5299232	11.265795	1
11986	SSC4D	0.022989297	0.005483234	-2.0480514	44.55244	1
11998	GSAP	0.03444365	0.013429728	-1.3522878	41.347237	1
12016	CD36	0.35337096	0.10072279	-1.8097699	44.55244	1
12018	SEMA3C	0.06867287	0.02170717	-1.6570371	44.55244	1
12024	SEMA3E	0.23296157	0.018356789	-3.6584878	44.55244	1
12028	SEMA3D	0.022133859	0.10870792	2.2909534	44.55244	1
12030	GRM3	0.0069451267	0.025657514	1.8702959	18.66983	1
12037	TMEM243	0.05541427	0.11369411	1.0354954	44.55244	1
12041	ABCB1	0.0025293033	0.009185566	1.8203092	10.564315	1
12045	ADAM22	0.04829933	0.022277834	-1.1129168	41.665386	1
12055	STEAP1	0.004081496	0.021182317	2.3475642	38.242626	1
12056	STEAP2	0.011905208	0.0051578097	-1.1911266	13.110507	1
12066	FZD1	0.07365494	0.033386495	-1.1391603	44.55244	1
12067	AC079760.2	0.010037082	0.0034982138	-1.4942896	13.078571	1
12068	AC079760.1	0.12735428	0.02059273	-2.622784	44.55244	1
12090	SAMD9L	0.010899661	0.025778012	1.2342678	27.000769	1
12095	TFPI2	0.052092265	0.14344507	1.4595958	44.55244	1
12108	PPP1R9A	0.18604413	0.047308788	-1.9731936	44.55244	1
12109	AC002429.2	0.009233838	0.0032747625	-1.4676844	12.420592	1
12112	PON2	0.11297679	0.2511182	1.1516382	44.55244	1
12120	DLX6-AS1	0.0025092813	0.0006889331	-1.7256776	6.3820605	1
12121	DLX6	0.004124131	0.0010668852	-1.8559921	11.084646	1
12122	DLX5	0.01637377	0.005762899	-1.4904847	24.700268	1
12125	ASNS	0.0059611197	0.018504977	1.6180325	24.27235	1
12134	TMEM130	0.0065098214	0.0012275132	-2.315885	20.465927	1
12161	GJC3	0.0022336745	0.00029078548	-2.5781546	9.202669	1
12163	AZGP1	0.00020341511	0.0027955826	3.254489	7.946132	1
12176	AC073842.1	0.00047541677	0.0031152049	2.4822316	6.060389	1
12201	FBXO24	0.0046593575	0.0017249172	-1.3829358	8.000134	1
12202	PCOLCE-AS1	0.0062704543	0.0013964513	-2.089851	15.615155	1
12203	PCOLCE	0.44570854	0.19119218	-1.2206464	44.55244	1
12205	TFR2	0.0018671175	0.0071566785	1.8832262	11.251631	1
12221	MUC12	0.0049389917	0.024454352	2.2847717	44.55244	1
12222	AC105446.1	0.0018222184	0.007883676	2.054281	18.58375	1
12237	COL26A1	0.05879372	0.013531439	-2.111176	44.55244	1
12251	RASA4B	0.0015244045	0.007179387	2.163906	11.702609	1
12253	SPDYE2	0.005041046	0.012490288	1.2921776	14.011955	1
12255	RASA4	0.00788509	0.034070253	2.0973604	44.55244	1
12257	UPK3BL1	0.027177993	0.079602286	1.5468836	44.55244	1
12273	RELN	0.0030541234	0.012969927	2.05094	16.46098	1
12292	NAMPT	0.10400784	0.26197514	1.3319017	44.55244	1
12323	AC004014.1	0.0033974873	0.037061714	3.4094262	44.55244	1
12326	AC073114.1	0.011845784	0.06308001	2.4029667	44.55244	1
12335	IFRD1	0.14139831	0.292142	1.0463786	44.55244	1
12344	AC073348.2	-1.36424205e-08	0.0019701181	4.371838	6.7239075	1
12346	FOXP2	0.13827997	0.035641175	-1.9529761	44.55244	1
12356	AC002066.1	0.0037974904	0.012637271	1.7084388	13.842241	1
12358	CAV2	0.028984133	0.13041872	2.1659524	44.55244	1
12359	CAV1	0.09192938	0.5034547	2.451982	44.55244	1
12379	ANKRD7	0.0011191906	0.010612991	3.1353657	18.422525	1
12381	LINC02476	0.0011808835	0.0055686412	2.1458638	5.7437844	1
12386	TSPAN12	0.018467305	0.03875044	1.0651666	29.234728	1
12390	WNT16	0.00016421205	0.0045330874	4.1322055	12.602053	1
12407	LMOD2	0.00052117225	0.008782971	3.837977	18.507284	1
12413	TMEM229A	0.060255613	0.024514105	-1.2940027	44.55244	1
12439	IMPDH1	0.021828767	0.06040501	1.46423	44.55244	1
12458	TSPAN33	0.0006121223	0.005353572	2.9370046	13.744751	1
12478	CPA4	0.0052868794	0.000854767	-2.4962292	16.384665	1
12484	MEST	0.002490484	0.28857955	6.8001037	44.55244	1
12487	AC007938.3	0.00016013868	0.009691725	5.23421	31.27504	1
12488	AUXG01000058.1	0.0030881758	0.07433736	4.5452237	44.55244	1
12491	KLF14	0.003403291	0.00086573866	-1.8590062	8.838594	1
12492	AC016831.6	0.0027925603	0.00044016563	-2.4208734	9.698729	1
12494	LINC00513	0.092313744	0.026803087	-1.7803358	44.55244	1
12498	LINC-PINT	0.010579023	0.024052667	1.1774029	17.838127	1
12502	PODXL	0.0053816424	0.012934794	1.2496877	11.046399	1
12504	PLXNA4	0.13725473	0.4463293	1.700525	44.55244	1
12537	AC024084.1	0.0027931642	0.011090828	1.9515966	14.148436	1
12538	AC078845.1	0.0071369316	0.02978715	2.046075	33.361248	1
12541	PTN	1.5693315	0.60133356	-1.3837649	44.55244	1
12542	AC078842.2	0.009316892	0.002190546	-2.0395596	20.858355	1
12544	DGKI	0.04970889	0.17777199	1.8363642	44.55244	1
12553	KIAA1549	0.14991394	0.063053794	-1.2481552	44.55244	1
12591	MGAM	0.012341051	0.0029805705	-2.0138388	28.48135	1
12600	TRBC2	0.0031499271	0.0006846634	-2.0502615	8.867988	1
12622	TCAF2	0.002236687	0.0059547443	1.3736013	7.1199203	1
12633	ARHGEF35	0.0023072672	0.015880717	2.7308638	43.70734	1
12634	AC004889.1	0.020903904	0.07749868	1.8853747	44.55244	1
12636	OR2A7	0.00029825198	0.002374953	2.6356475	6.9387426	1
12637	OR2A1-AS1	0.006250087	0.027755031	2.1330898	44.55244	1
12639	ARHGEF5	0.0038854468	0.012390841	1.6480571	19.481745	1
12642	CNTNAP2	0.744006	0.3232384	-1.2024634	44.55244	1
12679	LRRC61	0.0019070342	0.0051780837	1.3949491	7.4086847	1
12681	RARRES2	0.060390487	0.020652682	-1.5434105	44.55244	1
12693	GIMAP5	0.00022638286	0.0025244197	3.0073614	9.569016	1
12694	TMEM176B	0.15252072	0.054043878	-1.4950807	44.55244	1
12695	TMEM176A	0.15345646	0.060446043	-1.3426646	44.55244	1
12698	NOS3	0.010361288	0.032094155	1.6217384	44.55244	1
12714	CHPF2	0.03242007	0.06934548	1.0945505	44.55244	1
12719	WDR86	0.020329263	0.0045022634	-2.1502218	44.55244	1
12737	PAXIP1-AS2	0.013746227	0.0032943925	-2.0282676	35.829678	1
12764	PTPRN2	0.014405129	0.035657495	1.3016826	40.8878	1
12772	VIPR2	0.009434305	0.0019856542	-2.1926277	23.013403	1
12775	ZNF596	0.013253153	0.0030876498	-2.0666153	32.35473	1
12796	MYOM2	0.011254727	0.0033349178	-1.7249454	22.11223	1
12799	AC245187.2	0.0018762586	0.00032759315	-2.208461	6.2512155	1
12802	AC246817.2	0.012943415	0.0033527939	-1.9174855	26.222454	1
12803	AC246817.1	0.0027754784	0.0007180958	-1.8134602	6.406868	1
12819	FAM66B	0.00039399823	0.007834452	4.005553	26.779005	1
12834	AC022784.1	0.0036511763	0.025730133	2.7836401	29.552282	1
12874	AC022239.1	0.00048717717	0.009116543	3.972358	31.945633	1
12876	GATA4	0.0011609761	0.55931365	8.793231	44.55244	1
12877	C8orf49	-1.36424205e-08	0.009006121	6.5089617	34.42769	1
12881	CTSB	0.2552807	0.59009665	1.2085464	44.55244	1
12882	AC025857.2	0.0005919276	0.0035856257	2.4132166	7.0870743	1
12899	TRMT9B	0.0040109297	0.008989954	1.1448084	6.970922	1
12903	C8orf48	-1.36424205e-08	0.007679465	6.281796	36.767937	1
12905	SGCZ	0.011906695	0.0047152787	-1.3181478	11.130735	1
12913	AC079193.2	0.012997964	0.026964737	1.0470718	16.961012	1
12914	ZDHHC2	0.012127086	0.04386182	1.8461707	44.55244	1
12918	SLC7A2	0.023730783	0.11841818	2.3142102	44.55244	1
12919	AP006248.4	0.00032045133	0.0034295795	3.0694857	7.565111	1
12923	AC027117.2	0.0015384712	0.00014947334	-2.7153926	6.851559	1
12931	NAT1	0.0023290606	0.009632531	2.0024164	20.08558	1
12934	PSD3	0.3236366	0.80569303	1.315589	44.55244	1
12935	AC100800.1	0.002697751	0.0062843133	1.1902639	5.6660485	1
12937	AC100849.1	0.0030759238	0.0083566345	1.4129072	7.475319	1
12940	SH2D4A	0.0040744315	0.008785944	1.0899453	8.69671	1
12944	LPL	0.013910338	0.07695635	2.4594219	44.55244	1
12955	DOK2	0.00023532516	0.007414282	4.4860024	29.92099	1
12961	NUDT18	0.003889356	0.009701718	1.2968787	13.489232	1
12973	SLC39A14	0.034798045	0.09823467	1.4945538	44.55244	1
12979	PDLIM2	0.14342849	0.2911251	1.0207974	44.55244	1
12980	C8orf58	0.02409182	0.04962779	1.039533	43.47326	1
12984	AC105046.1	0.00035401166	0.0027125122	2.6310582	5.367736	1
12992	TNFRSF10B	0.06782283	0.15765819	1.2157464	44.55244	1
12995	TNFRSF10C	0.0023733494	0.0090380125	1.8854144	15.842521	1
12996	TNFRSF10D	0.055057596	0.123536676	1.1644753	44.55244	1
12998	TNFRSF10A	0.0011463728	0.0038359433	1.6589739	7.190964	1
13008	SLC25A37	0.08357046	0.20476723	1.291899	44.55244	1
13009	NKX3-1	0.0013140735	0.004030881	1.5465925	6.7511773	1
13013	STC1	0.029545648	0.1067219	1.8493153	44.55244	1
13020	NEFM	0.13663252	0.011378044	-3.5744078	44.55244	1
13021	NEFL	0.01791651	0.0033069113	-2.4027832	39.66488	1
13026	GNRH1	0.0076341922	0.003639038	-1.0485835	7.7512975	1
13031	AC009623.3	0.0036847945	0.00080944627	-2.0571547	9.598302	1
13033	EBF2	0.58896905	0.08306588	-2.824373	44.55244	1
13037	PNMA2	0.0036154236	0.019538717	2.402102	44.55244	1
13046	SCARA3	0.08987599	0.035533126	-1.336321	44.55244	1
13047	AC013643.2	0.0054206555	0.00068697083	-2.8104575	18.555405	1
13056	ZNF395	0.025009677	0.058172554	1.2145731	44.55244	1
13057	FBXO16	0.01821674	0.053793978	1.5569613	44.55244	1
13069	KIF13B	0.032701872	0.11556526	1.8181056	44.55244	1
13072	DUSP4	0.021863509	0.05930573	1.4354936	44.55244	1
13098	PURG	0.04775145	0.023254585	-1.0348569	40.181095	1
13118	UNC5D	0.0855271	0.029244825	-1.5449615	44.55244	1
13119	AC105230.1	0.0014313076	0.00020645093	-2.321036	5.5001316	1
13120	AC124290.1	0.017233204	0.0027559728	-2.6014843	44.55244	1
13128	AC124067.2	0.00044249714	0.00712326	3.7349627	21.067005	1
13141	ADRB3	0.014336133	0.0052440637	-1.4336753	20.03211	1
13142	EIF4EBP1	0.15070076	0.44302896	1.5550828	44.55244	1
13144	AP006545.3	0.002708606	0.0084250495	1.601854	10.767628	1
13154	PLPP5	0.047862835	0.10423944	1.1212957	44.55244	1
13160	FGFR1	0.68072045	0.3152972	-1.1101047	44.55244	1
13172	TM2D2	0.063831255	0.13443261	1.0733626	44.55244	1
13173	ADAM9	0.09915115	0.22010496	1.1496913	44.55244	1
13174	ADAM32	0.019958371	0.042707205	1.0936491	26.090298	1
13175	ADAM18	0.00037414086	0.004874978	3.3913023	10.133529	1
13181	TCIM	0.0014826228	0.009116995	2.541979	19.701986	1
13186	ZMAT4	0.030793583	0.0731026	1.2445877	41.043507	1
13233	AC022915.2	0.0055479445	0.013972053	1.3170351	11.57336	1
13235	LINC02847	0.00071042153	0.003259047	2.0513074	6.966735	1
13236	EFCAB1	0.0017239363	0.0060652453	1.757103	9.086199	1
13238	SNAI2	0.18075459	0.37678808	1.0593058	44.55244	1
13270	SOX17	0.0013163692	0.0062858826	2.1726887	13.999751	1
13272	XKR4	0.015828691	0.037959818	1.256641	20.655624	1
13278	LYN	0.055111352	0.13671498	1.3091893	44.55244	1
13286	PENK	0.020213593	0.06880822	1.7622308	33.73727	1
13287	AC012349.1	0.0023065982	0.005855727	1.3072822	5.225337	1
13296	AC104051.2	0.0005536832	0.003826217	2.5864763	9.689703	1
13308	TOX	0.07736945	0.015550507	-2.307418	44.55244	1
13310	AC090152.1	0.0083787115	0.0024223756	-1.749062	17.991783	1
13314	CA8	0.010156251	0.0024188713	-2.025654	24.180988	1
13320	CHD7	0.095273115	0.2865323	1.5875466	44.55244	1
13322	AC113143.3	0.0008155792	0.003466501	1.9617528	6.0440373	1
13327	ASPH	0.3033142	0.66301864	1.1279784	44.55244	1
13334	NKAIN3-IT1	0.0053255553	0.0024203062	-1.1061717	5.6885757	1
13336	GGH	0.029793216	0.08899721	1.5755621	44.55244	1
13363	TRIM55	0.0014938175	0.012260287	2.955154	20.894373	1
13376	TCF24	0.014462943	0.0007081668	-4.171505	44.55244	1
13383	CPA6	0.07546493	0.022670377	-1.7305586	44.55244	1
13385	PREX2	0.22815119	0.032003257	-2.8298306	44.55244	1
13388	C8orf34	0.06028867	0.019469561	-1.6256666	44.55244	1
13389	AC083967.1	0.33638835	0.043667566	-2.9426224	44.55244	1
13394	SLCO5A1	0.019356323	0.00808836	-1.2485927	20.4483	1
13396	AC079089.1	0.004915942	0.001192526	-1.9563273	13.063168	1
13403	XKR9	0.0064969417	0.0025807929	-1.2991375	8.02856	1
13405	EYA1	0.017081782	0.005385684	-1.6471363	25.762789	1
13407	MSC-AS1	0.11839961	0.27913404	1.2365923	44.55244	1
13408	MSC	0.0076054623	0.036365464	2.2425773	44.55244	1
13409	TRPA1	0.0032920877	0.008651506	1.3673579	8.716039	1
13434	JPH1	0.0022808753	0.016328968	2.7866778	24.972973	1
13445	CASC9	0.01817529	0.06686687	1.8735532	44.55244	1
13449	ZFHX4-AS1	0.0065976675	0.0025474245	-1.3390691	8.137831	1
13453	AC062004.1	0.0032350156	0.00015265454	-3.7224555	14.6433325	1
13463	STMN2	0.2433844	0.72101337	1.5663967	44.55244	1
13465	HEY1	0.054748192	0.22617209	2.0445428	44.55244	1
13472	TPD52	0.0032767216	0.0321371	3.2550268	44.55244	1
13487	FABP5	0.2838319	0.57421046	1.016286	44.55244	1
13491	FABP4	0.1178623	0.0088282265	-3.7238085	44.55244	1
13497	CHMP4C	0.0030355202	0.016045446	2.3643503	32.74024	1
13505	AC015522.1	0.06445788	0.33954507	2.3953626	44.55244	1
13506	RALYL	0.0302065	0.21791098	2.8467016	44.55244	1
13512	CA13	0.0049986746	0.031594027	2.6360168	44.55244	1
13515	CA1	0.0008494023	0.0055948673	2.584571	10.862647	1
13516	CA3	0.0043429635	0.04263204	3.265724	44.55244	1
13518	CA2	0.0031377436	0.018625751	2.5319629	30.073008	1
13533	AC090572.3	0.0029200108	0.00097049825	-1.4962713	5.0588045	1
13534	AC090572.2	0.0018850007	0.00029069904	-2.3450098	6.509636	1
13535	CNBD1	0.01533968	0.007266114	-1.0676672	9.978561	1
13536	AF121898.1	0.006850253	0.002799142	-1.2614394	7.0122476	1
13554	NECAB1	0.006610554	0.03555085	2.4094326	44.55244	1
13556	C8orf88	0.021875987	0.057882603	1.3996922	44.55244	1
13620	AP003548.1	0.0037806986	0.0014513595	-1.3227834	5.4010153	1
13637	OSR2	0.0029635453	0.0002331865	-3.2008004	12.977488	1
13657	AC027373.1	0.002230511	0.008416462	1.8696078	11.749294	1
13666	AP001330.1	0.00013838321	0.0023616315	3.3682601	9.605954	1
13683	AZIN1-AS1	0.06411546	0.025669772	-1.3172408	44.55244	1
13689	BAALC	0.03546163	0.11877841	1.7410932	44.55244	1
13692	FZD6	0.050939206	0.11369406	1.1567473	44.55244	1
13694	CTHRC1	0.01649504	0.08319656	2.3275049	44.55244	1
13701	RIMS2	0.057874914	0.12964901	1.1622229	44.55244	1
13706	ZFPM2	0.39121878	0.79425406	1.0214379	44.55244	1
13708	ZFPM2-AS1	0.08435761	0.28513712	1.7558624	44.55244	1
13711	AC090802.1	0.00062287186	0.004059683	2.5246618	10.517749	1
13733	PKHD1L1	0.0006952494	0.0054774266	2.81012	9.371236	1
13742	CSMD3	0.18842068	0.047376737	-1.9894301	44.55244	1
13763	TNFRSF11B	0.0016259125	0.009734572	2.510503	17.985481	1
13764	COLEC10	0.0021109506	0.06322405	4.840015	44.55244	1
13769	CCN3	0.0070803193	0.015805434	1.1473998	12.4423275	1
13771	ENPP2	0.051530562	0.024073098	-1.094823	39.238895	1
13778	COL14A1	0.17398922	0.35614488	1.0330423	44.55244	1
13781	SNTB1	0.18638186	0.024412591	-2.9274404	44.55244	1
13785	HAS2	0.024244668	0.21984622	3.1754732	44.55244	1
13786	HAS2-AS1	0.0045529604	0.01815722	1.9722463	29.324938	1
13788	AC037486.1	0.0013455949	0.0050467565	1.8320003	6.1108394	1
13816	AC090192.2	0.00026586698	0.002961586	3.064888	7.5896945	1
13827	ZNF572	0.0011751398	0.00016698084	-2.2558472	5.223081	1
13841	LRATD2	0.00190363	0.0067457464	1.7725917	11.288417	1
13842	PCAT1	0.009512271	0.03453546	1.8493007	35.62491	1
13853	MYC	0.03711503	0.11207778	1.5918295	44.55244	1
13854	PVT1	0.1270183	0.29326883	1.2065437	44.55244	1
13863	FAM49B	0.07673668	0.16786233	1.1282705	44.55244	1
13882	TMEM71	0.0021133332	0.014468734	2.7185829	30.5835	1
13888	SLA	0.020828197	0.0060190056	-1.7740788	37.88047	1
13892	ST3GAL1	0.16859262	0.36143243	1.0997282	44.55244	1
13904	LINC01591	0.0027494826	0.000796644	-1.6680928	6.3369412	1
13913	COL22A1	0.05645284	0.004505269	-3.618242	44.55244	1
13925	AC040970.1	0.0024935517	0.0069720577	1.4472008	10.518307	1
13951	LY6E-DT	0.019157944	0.007411947	-1.358195	24.601418	1
13955	LY6H	0.11405483	0.0089619355	-3.6550288	44.55244	1
13962	TOP1MT	0.016670797	0.039161753	1.2271734	39.317898	1
13987	FAM83H	0.002126919	0.0060854554	1.4738306	9.195632	1
14013	SCX	0.08144472	0.0032158243	-4.620152	44.55244	1
14018	SLC52A2	0.044881925	0.09765832	1.1198741	44.55244	1
14038	LRRC24	0.002427967	0.006475206	1.3790584	8.846817	1
14057	PGM5P3-AS1	0.0027473979	0.00034836985	-2.666883	10.454613	1
14066	KANK1	0.04197428	0.22787936	2.4378927	44.55244	1
14068	AL392089.1	8.006009e-05	0.0031932015	4.1929407	15.330889	1
14071	DMRT2	0.0012332927	3.1986412e-05	-3.336532	6.8116274	1
14074	VLDLR-AS1	0.19565761	0.06493118	-1.589865	44.55244	1
14084	GLIS3	0.1970653	0.54540014	1.468174	44.55244	1
14089	SLC1A1	0.008046321	0.019386116	1.2582262	15.2419615	1
14116	IL33	0.05139545	0.72266465	3.8110092	44.55244	1
14126	AL157703.1	0.0011182723	0.004485255	1.9121654	9.764516	1
14129	AL135923.2	0.00020415729	0.007944089	4.7250395	14.040761	1
14138	TYRP1	0.0006301226	0.008074268	3.4848788	25.804918	1
14144	AL583785.1	0.015777793	0.006781259	-1.2062659	17.054928	1
14154	CER1	0.00061032415	0.0040260665	2.5382175	10.123856	1
14162	C9orf92	0.007804581	0.0011409681	-2.6712232	24.95291	1
14163	BNC2	0.46622765	0.09857914	-2.240527	44.55244	1
14166	BNC2-AS1	0.0037495198	0.0016124833	-1.1685886	5.366127	1
14170	ADAMTSL1	0.21927693	0.047864232	-2.193381	44.55244	1
14171	SAXO1	0.009117176	0.0033805186	-1.4050224	12.3871765	1
14189	HACD4	0.0046942853	0.012086429	1.3458878	11.292762	1
14191	MIR31HG	0.045974806	0.020991674	-1.1273046	27.149437	1
14205	AL445623.2	0.009320998	0.0031962343	-1.515061	13.571269	1
14206	ELAVL2	0.02255477	0.005395758	-2.0434246	44.55244	1
14222	TEK	0.011621792	0.08242102	2.8155687	44.55244	1
14224	MOB3B	0.0366704	0.01762157	-1.0530387	28.831924	1
14257	AQP3	0.00949766	0.027790347	1.5390112	41.58349	1
14259	ANKRD18B	0.0005632587	0.007392982	3.4978962	23.877449	1
14279	C9orf24	0.024148079	0.06897679	1.5103307	44.55244	1
14280	FAM219A	0.07085887	0.15880293	1.1630907	44.55244	1
14283	CNTFR	0.06729141	0.16927612	1.3295938	44.55244	1
14295	CCL21	0.011767291	0.13004749	3.4550848	44.55244	1
14364	SHB	0.034906898	0.13108824	1.9059273	44.55244	1
14366	IGFBPL1	0.00018522801	0.0019181127	2.8228192	5.746296	1
14367	ANKRD18A	0.00036565465	0.0025028184	2.4827423	5.1741896	1
14384	AL591926.2	0.0018433919	0.00019261922	-2.7314804	7.2224665	1
14398	LINC01410	0.0012124161	0.004792305	1.8982892	8.1268835	1
14399	AL512625.3	0.0046780608	0.009608824	1.0228714	8.0712	1
14401	LERFS	0.0008475264	0.013233232	3.8147166	44.251408	1
14402	AL512625.1	0.003774285	0.007772293	1.0228537	6.803865	1
14407	CBWD5	0.018975599	0.04578774	1.2663805	44.55244	1
14417	PGM5	0.047929384	0.01865129	-1.3569275	44.55244	1
14418	PGM5-AS1	0.008472406	0.00018202496	-4.9258056	36.68869	1
14429	BANCR	0.00024141709	0.0017056076	2.402877	5.200061	1
14430	FAM189A2	0.0017402899	0.010328885	2.5025802	18.980879	1
14437	MAMDC2	0.019939572	0.056399673	1.4953909	44.55244	1
14450	LINC01504	0.003903217	0.008104197	1.0352021	6.062451	1
14454	ALDH1A1	0.021069374	0.006873839	-1.6019536	27.425093	1
14459	RORB	0.0130834	0.03835972	1.5446259	28.415678	1
14462	C9orf40	0.015091939	0.031501602	1.0566918	28.590597	1
14466	NMRK1	0.021825785	0.04903235	1.1640449	44.55244	1
14467	OSTF1	0.047354702	0.13139576	1.4703933	44.55244	1
14468	PCSK5	0.10477619	0.046151966	-1.1811005	44.55244	1
14470	GCNT1	0.002903756	0.009002706	1.5995278	12.238724	1
14479	PSAT1	0.031487502	0.20619768	2.7073016	44.55244	1
14485	TLE1	0.59914505	0.27182895	-1.1399164	44.55244	1
14486	AL591368.1	0.03651786	0.009429068	-1.9421405	44.55244	1
14491	RASEF	0.017563177	0.0014875652	-3.4758573	44.55244	1
14508	SLC28A3	0.00027071775	0.025519501	6.1107774	44.55244	1
14510	AL157886.1	0.0013941769	0.004033848	1.4681345	5.5742326	1
14511	NTRK2	0.18054208	0.08833868	-1.0303845	44.55244	1
14516	AL353743.2	0.0021711774	0.00041859987	-2.1307466	7.211608	1
14525	GAS1	0.14237207	0.025539473	-2.4742405	44.55244	1
14526	GAS1RR	0.014327382	0.0016245516	-3.0645163	44.55244	1
14530	DAPK1	0.05957713	0.19438794	1.7044307	44.55244	1
14531	DAPK1-IT1	0.00062637293	0.0035878865	2.344012	7.603698	1
14535	AL353748.3	0.0032901594	0.0012883765	-1.2879543	5.5981517	1
14545	SEMA4D	0.006411927	0.0030381412	-1.0531743	5.631614	1
14547	GADD45G	0.0053876573	0.044388603	3.0191736	44.55244	1
14555	SYK	0.029540183	0.007134536	-2.034582	44.55244	1
14568	IARS	0.22592969	0.516446	1.1923845	44.55244	1
14571	OGN	0.095696874	0.0037596882	-4.6334224	44.55244	1
14573	ASPN	0.28105706	0.026592746	-3.3968565	44.55244	1
14574	ECM2	0.03884399	0.0046389014	-3.0387762	44.55244	1
14613	PTCH1	0.026554273	0.05890443	1.1464565	39.8227	1
14625	SLC35D2	0.022167621	0.050834924	1.1937078	44.55244	1
14630	PRXL2C	0.029357709	0.08051765	1.4524505	44.55244	1
14636	CTSV	0.0030109794	0.016347367	2.402416	35.35474	1
14638	AL590705.1	0.0011993423	0.005510334	2.110305	9.282875	1
14655	NANS	0.08881715	0.17854972	1.0066	44.55244	1
14656	TRIM14	0.0044133165	0.02601733	2.5327477	44.55244	1
14657	CORO2A	0.00452712	0.049011532	3.4078755	44.55244	1
14662	GALNT12	0.003099007	0.012386522	1.9646755	24.06268	1
14664	COL15A1	0.016393071	0.36579803	4.4715095	44.55244	1
14665	AL136084.3	3.7310274e-05	0.0024718603	4.2273006	10.320968	1
14673	AL162394.1	0.0018401844	0.00010628442	-3.2334871	9.384368	1
14689	TMEM246	0.015346475	0.042806096	1.4739051	44.55244	1
14701	NIPSNAP3A	0.033607047	0.08772807	1.3816319	44.55244	1
14707	SLC44A1	0.105799645	0.25290644	1.2564762	44.55244	1
14722	KLF4	0.011381735	0.029828535	1.3821809	35.58213	1
14732	PTPN3	0.005303396	0.011314886	1.0789782	8.303039	1
14739	AL592463.1	0.00012312253	0.0026518824	3.6245108	7.774506	1
14766	SLC31A2	0.0036806108	0.0094840815	1.3420208	11.611595	1
14768	SLC31A1	0.07465395	0.15762813	1.0772182	44.55244	1
14783	AMBP	0.0005181031	0.005917823	3.2833223	12.771876	1
14795	TNFSF15	0.012949157	0.0048542707	-1.397212	18.124985	1
14801	AL691420.1	0.015506651	0.0074743456	-1.0429678	10.146352	1
14803	PAPPA	0.1525175	0.4738143	1.6347058	44.55244	1
14817	BRINP1	0.14589489	0.035069685	-2.0535135	44.55244	1
14824	PHF19	0.047982816	0.09999384	1.0577599	44.55244	1
14825	TRAF1	0.004884979	0.024081187	2.2782257	44.55244	1
14826	C5	0.014267382	0.00679798	-1.0585514	13.517491	1
14844	PTGS1	0.00039058976	0.004754917	3.3068576	11.915344	1
14859	CRB2	0.00079534634	0.007361887	3.0590227	22.276182	1
14863	LHX2	0.0012533189	0.030594243	4.5033946	44.55244	1
14872	MIR181A2HG	0.15024534	0.07404672	-1.0198253	44.55244	1
14907	NIBAN2	0.0743808	0.15009205	1.0118679	44.55244	1
14918	ENG	0.124597035	0.32769722	1.3943764	44.55244	1
14923	PIP5KL1	0.005024849	0.01121018	1.1420405	9.5149555	1
14945	CERCAM	0.08555652	0.21604033	1.3353332	44.55244	1
14946	AL359091.5	0.0006621169	0.0027491536	1.9024491	7.4546556	1
14958	ZDHHC12	0.014044422	0.02968374	1.0742917	28.629065	1
14985	AL353803.2	0.0005048262	0.004560958	2.946034	12.047569	1
14995	PRRX2	0.011804664	0.051471267	2.1150405	44.55244	1
14997	PTGES	0.012073806	0.03610367	1.5723559	41.985413	1
15007	NCS1	0.063621566	0.13594371	1.0942166	44.55244	1
15008	HMCN2	0.009492607	0.00085258397	-3.3320048	34.422176	1
15015	FIBCD1	0.000775156	0.0029330247	1.7931452	5.9093156	1
15017	LAMC3	0.021451129	0.092446655	2.1024175	44.55244	1
15022	FAM78A	0.0009035739	0.0033714927	1.7904093	5.9986763	1
15024	PLPP7	0.0015391032	0.0041709202	1.3816402	5.1456714	1
15033	NTNG2	0.0069065164	0.0025023778	-1.4288667	9.863715	1
15061	SLC2A6	0.019456655	0.096103795	2.2984343	44.55244	1
15063	ADAMTSL2	0.01653882	0.08557141	2.3642607	44.55244	1
15064	FAM163B	0.000168453	0.009108419	5.100212	33.080296	1
15067	DBH-AS1	0.0011716791	0.009168363	2.8655798	19.58425	1
15068	SARDH	0.00723451	0.022957787	1.6524816	30.769953	1
15083	OLFM1	0.0051321876	0.025974605	2.3171594	44.55244	1
15085	PPP1R26	0.006268608	0.015524276	1.2947394	18.511948	1
15089	LCN1	0.00060689624	0.0072569367	3.3795347	25.21619	1
15091	PAEP	5.7624326e-05	0.003002711	4.2989674	13.5604	1
15120	EGFL7	0.08769172	0.6445018	2.8762515	44.55244	1
15121	AGPAT2	0.05734019	0.14362141	1.3231426	44.55244	1
15126	TMEM141	0.1651949	0.5184125	1.6493366	44.55244	1
15127	CCDC183	0.01272789	0.20589599	4.0052605	44.55244	1
15129	RABL6	0.20370336	0.64088655	1.6531162	44.55244	1
15130	AJM1	0.0057021654	0.036229458	2.6464767	44.55244	1
15132	MAMDC4	0.0029463845	0.014683346	2.2788029	27.44738	1
15139	PTGDS	0.0021330086	0.19597818	6.4562964	44.55244	1
15140	LCNL1	-1.36424205e-08	0.0009214634	3.3527625	5.33443	1
15142	CLIC3	0.00030611118	0.0026422408	2.7554088	8.515578	1
15143	ABCA2	0.01569224	0.035015203	1.1528801	30.165998	1
15147	ENTPD2	0.0024780857	0.0073310947	1.5272745	8.60477	1
15150	SAPCD2	0.005748852	0.014414756	1.3112949	14.783012	1
15152	UAP1L1	0.0056727924	0.01816477	1.6617224	30.539492	1
15154	MAN1B1	0.052357614	0.10655396	1.0237135	44.55244	1
15161	TPRN	0.009896658	0.022115156	1.1520265	21.518448	1
15189	CACNA1B	0.0013500935	0.04211643	4.863587	44.55244	1
15192	TUBB8	0.00036798956	0.004167554	3.1888611	11.068554	1
15207	ADARB2	0.045882873	0.018273992	-1.3234316	31.898338	1
15216	PFKP	0.042934384	0.20755309	2.2706137	44.55244	1
15218	PITRM1-AS1	0.0021267568	0.00649859	1.5672138	9.308664	1
15243	AKR1C4	-1.36424205e-08	0.0025793263	4.743995	9.069799	1
15247	NET1	0.1323306	0.048144802	-1.456791	44.55244	1
15264	PFKFB3	0.11765192	0.25112894	1.0932521	44.55244	1
15265	AL157395.1	0.0011478708	0.0039392267	1.6946106	6.2114515	1
15268	PRKCQ	0.0048095877	0.012832592	1.3973378	13.421068	1
15269	PRKCQ-AS1	0.002332622	0.0114788255	2.2509048	28.344088	1
15277	ITIH5	0.0005028399	0.012965995	4.437898	29.073685	1
15293	CELF2	0.028659254	0.10975039	1.9334419	44.55244	1
15301	ECHDC3	0.005722776	0.0016435926	-1.739644	12.494878	1
15312	AL353586.1	0.013281337	0.047353443	1.8262906	44.55244	1
15313	CCDC3	0.11589073	0.48665142	2.0691757	44.55244	1
15319	BEND7	0.0438797	0.013547071	-1.6882464	44.55244	1
15323	FRMD4A	0.54402757	0.24905936	-1.1268761	44.55244	1
15326	AL157392.2	0.005792473	0.0022518337	-1.3250871	6.3417764	1
15327	AC044781.1	0.003991298	0.0012328887	-1.6180023	6.4646816	1
15349	PTER	0.0050765667	0.035259496	2.7720304	44.55244	1
15355	CUBN	0.020449443	0.044475436	1.1171497	31.714134	1
15362	HACD1	0.009601708	0.049281392	2.347657	44.55244	1
15371	CACNB2	0.2630705	0.13148491	-1.0000036	44.55244	1
15372	AL390783.1	0.0074521294	0.002360601	-1.6178727	11.258371	1
15378	MALRD1	0.040451568	0.019772902	-1.0289552	27.429926	1
15379	AL157895.1	0.0014539539	0.0002126972	-2.3131053	6.5617642	1
15384	NEBL	0.009937043	0.070167	2.807513	44.55244	1
15406	MSRB2	0.07717008	0.19161095	1.3109509	44.55244	1
15413	KIAA1217	0.62848896	0.24272653	-1.3721908	44.55244	1
15414	AL356113.1	0.0033999395	0.0005752295	-2.3738801	10.722291	1
15426	MYO3A	0.049067415	0.020898923	-1.2273872	37.141827	1
15436	AL160291.1	0.0014241564	0.00011860695	-2.8015997	6.134137	1
15448	BAMBI	0.21981198	0.47723943	1.1180892	44.55244	1
15453	JCAD	0.04855559	0.10688044	1.1366695	44.55244	1
15477	AL391839.1	0.007880559	0.0036108096	-1.1047558	8.042666	1
15510	ZNF248	0.0768214	0.017164867	-2.1555457	44.55244	1
15511	AL135791.1	0.0019506036	0.00033805304	-2.226871	6.7529345	1
15515	ZNF37A	0.18877198	0.042118892	-2.161448	44.55244	1
15520	AL022345.4	0.0027166053	0.0010341859	-1.3123004	5.016892	1
15548	CXCL12	0.58623385	0.14202805	-2.044531	44.55244	1
15551	TMEM72	0.0062206625	0.0019502876	-1.6242496	12.1996975	1
15578	GDF10	0.077497	0.021719133	-1.830407	44.55244	1
15579	GDF2	3.1644573e-05	0.005130257	5.312162	15.323292	1
15581	ZNF488	0.0021265512	0.0005697753	-1.7330618	5.602067	1
15594	WDFY4	0.0012523739	0.00020875444	-2.1309621	5.325319	1
15598	VSTM4	0.17733021	0.0350492	-2.3356879	44.55244	1
15629	DKK1	0.010327603	0.12570055	3.5926588	44.55244	1
15630	LNCAROD	0.0047497815	0.020782743	2.1063197	18.864225	1
15633	LINC02672	0.0019660734	0.008663665	2.0846426	10.308824	1
15635	PCDH15	0.014242871	0.047395762	1.727465	31.719433	1
15643	IPMK	0.04317375	0.08814479	1.0280188	44.55244	1
15650	PHYHIPL	0.03220735	0.010946716	-1.5482451	44.55244	1
15655	SLC16A9	0.0068494207	0.019772468	1.5158064	22.9422	1
15659	ANK3	0.3434043	0.7914697	1.2043883	44.55244	1
15684	AC022387.2	0.0064348467	0.002290898	-1.4506007	11.478805	1
15689	LINC01515	0.0008352819	0.17531173	7.5511284	44.55244	1
15690	CTNNA3	0.1198596	0.28676113	1.2578039	44.55244	1
15714	SRGN	0.0021249482	0.000192606	-2.9267404	7.519131	1
15722	AC016821.1	0.01171468	0.02820044	1.2602439	22.756298	1
15726	COL13A1	0.12678903	0.050265476	-1.3330604	44.55244	1
15729	AIFM2	0.009002967	0.031167222	1.7802423	44.55244	1
15737	PALD1	0.055281904	0.021053867	-1.3884932	44.55244	1
15745	UNC5B-AS1	0.006430593	0.018777346	1.5313702	21.34939	1
15746	SLC29A3	0.013564783	0.050582025	1.8910117	44.55244	1
15755	DDIT4	0.023143543	0.4147186	4.1575785	44.55244	1
15763	OIT3	0.00772461	0.016876584	1.1174554	12.356338	1
15765	P4HA1	0.36538708	1.0171001	1.4767113	44.55244	1
15781	PPP3CB-AS1	0.0042187874	0.009579935	1.1643711	8.571301	1
15785	MYOZ1	0.0015955954	0.005057342	1.6048357	7.150369	1
15786	SYNPO2L	0.0009071227	0.009259592	3.216206	18.33795	1
15791	FUT11	0.07093238	0.17241472	1.2801707	44.55244	1
15799	PLAU	0.028199995	0.09562017	1.7580211	44.55244	1
15802	AL596247.1	0.0009146792	0.0049028713	2.3017325	8.090176	1
15815	AC010997.3	0.012666898	0.0029821582	-2.0503953	29.322693	1
15840	PPIF	0.037280314	0.074976996	1.0060922	44.55244	1
15890	LDB3	0.0064624827	0.036337428	2.4731076	44.55244	1
15891	AC067750.1	0.0030342927	0.0010625285	-1.4308739	5.9059386	1
15912	PAPSS2	0.050103642	0.29816547	2.5707328	44.55244	1
15922	ANKRD22	-1.36424205e-08	0.0017394301	4.2013836	5.6692333	1
15923	STAMBPL1	0.033239946	0.08150075	1.2913305	44.55244	1
15928	CH25H	0.001123433	0.0034203106	1.5247676	5.1125965	1
15929	LIPA	0.05829927	0.3583611	2.6177943	44.55244	1
15931	AL353751.1	0.001317387	0.0042681573	1.6237911	6.711677	1
15934	IFIT1	0.017916627	0.049384356	1.4576436	44.55244	1
15936	SLC16A12	0.0019432447	0.07921298	5.278623	44.55244	1
15949	AL391704.1	0.0039478154	0.011670591	1.5399715	10.433326	1
15954	ANKRD1	0.03310828	0.10007138	1.5928555	44.55244	1
15972	HHEX	0.0010075804	0.024736337	4.486969	44.55244	1
15975	CYP26A1	0.0071254442	8.1490725e-10	-6.1750026	40.194447	1
15979	RBP4	0.00048650475	0.0045226025	2.9784906	9.280137	1
15982	LGI1	0.07371567	0.007210895	-3.3358073	44.55244	1
15983	AL157396.1	0.010505849	0.0017258564	-2.538215	31.267866	1
15985	SLC35G1	0.18091074	0.066378914	-1.4451065	44.55244	1
16026	PGAM1	0.13262504	0.40637794	1.6147363	44.55244	1
16039	SFRP5	-1.36424205e-08	0.006320264	6.0047574	18.114304	1
16042	CRTAC1	0.003534382	0.012719113	1.8185145	15.908045	1
16044	LOXL4	0.00868931	0.0019490178	-2.1008174	23.08717	1
16046	PYROXD2	0.01038413	0.024251195	1.2157854	22.091196	1
16050	CNNM1	0.0070065963	0.01464001	1.0525068	10.038917	1
16051	GOT1	0.05881147	0.13511564	1.1986415	44.55244	1
16057	ENTPD7	0.038071882	0.096157566	1.3343897	44.55244	1
16072	SCD	0.04579282	0.16340595	1.8330027	44.55244	1
16089	AL133215.2	0.004936125	0.001104922	-2.0633743	14.55258	1
16090	KAZALD1	0.080776215	0.008122281	-3.298105	44.55244	1
16092	TLX1	0.0075673973	0.002444881	-1.5911386	13.35172	1
16098	DPCD	0.05122457	0.10372481	1.0164297	44.55244	1
16109	HPS6	0.008609059	0.018381026	1.0854561	18.67796	1
16113	ELOVL3	0.0043275966	0.0016033787	-1.3781246	8.02746	1
16114	PITX3	0.0014916277	0.003995691	1.363604	5.668721	1
16122	MFSD13A	0.0050013857	0.011345951	1.1658763	11.43105	1
16163	GSTO2	0.0048431726	0.010015731	1.0330914	8.193252	1
16164	ITPRIP	0.056683134	0.121154286	1.0945014	44.55244	1
16174	SORCS1	0.11776496	0.3291353	1.4819841	44.55244	1
16197	AL136119.1	0.021926092	0.0076107867	-1.5142635	25.692348	1
16209	AL133482.1	0.0043048835	0.00080077	-2.2898731	12.397478	1
16232	GFRA1	0.09849373	0.008461416	-3.5255747	44.55244	1
16233	AC012470.1	0.0020442624	9.609112e-05	-3.4508853	10.878565	1
16251	EMX2	0.0008197493	8.1490725e-10	-3.201229	5.2220054	1
16263	NANOS1	0.002353306	0.005858877	1.2803133	6.379013	1
16271	RGS10	0.058381088	0.12012319	1.0396731	44.55244	1
16273	BAG3	0.062317554	0.1296001	1.0551558	44.55244	1
16285	FGFR2	0.0020505877	0.025047682	3.5476224	44.55244	1
16290	TACC2	0.071559705	0.15051001	1.0715836	44.55244	1
16293	BTBD16	0.0015198805	0.00507325	1.6751835	6.9568815	1
16297	HTRA1	0.28503403	0.69577706	1.2871922	44.55244	1
16311	CPXM2	0.0013538104	0.014394351	3.3175797	24.509192	1
16312	CHST15	0.021381177	0.0056193564	-1.9091485	44.55244	1
16351	LINC01163	0.0013534813	0.00022498518	-2.1610665	5.026942	1
16358	EBF3	0.102491796	0.028093185	-1.8634969	44.55244	1
16365	LINC02646	0.004706259	0.0015960607	-1.5027266	6.5195303	1
16372	BNIP3	0.1328982	0.6535701	2.297156	44.55244	1
16375	JAKMIP3	0.0020656844	0.006552098	1.6189862	8.036818	1
16383	AL451069.1	0.014215913	0.0012084097	-3.4517334	44.55244	1
16410	AC069287.1	0.00028246987	0.0024479516	2.73592	6.1617203	1
16411	LINC01001	0.0054748375	0.025531763	2.200931	43.47326	1
16413	BET1L	0.03928581	0.09655319	1.2951415	44.55244	1
16423	IFITM1	0.056817185	0.13036658	1.1967441	44.55244	1
16444	MIR210HG	0.0029706093	0.05579307	4.1860723	44.55244	1
16465	CRACR2B	0.009078976	0.0027114393	-1.7070242	18.836277	1
16466	CD151	0.20624271	0.41837195	1.0200884	44.55244	1
16482	DUSP8	0.010076485	0.03935364	1.9549192	44.55244	1
16483	KRTAP5-AS1	0.0010200869	0.0037252142	1.7719299	5.2067246	1
16489	IFITM10	0.0056402856	0.025202634	2.140093	44.251408	1
16490	CTSD	0.13924426	0.34111086	1.29201	44.55244	1
16492	SYT8	0.0001713445	0.0050907144	4.2577357	19.935526	1
16496	TNNT3	0.005836441	0.0014997785	-1.8917261	14.563682	1
16514	KCNQ1	0.0063783694	0.02495383	1.9513285	29.501041	1
16519	SLC22A18	0.010222714	0.03718721	1.8528587	44.55244	1
16523	CARS	0.09919	0.22402173	1.1745623	44.55244	1
16532	ART5	0.010339589	0.0017747928	-2.4772618	35.985107	1
16549	OR51E1	0.017450215	0.0014852766	-3.4686823	44.55244	1
16550	OR51E2	0.0033065423	0.0001872092	-3.5681343	15.943908	1
16552	MMP26	0.0046752314	0.0006523671	-2.6660619	14.019068	1
16558	HBG2	0.00015306773	0.0029525328	3.5924115	8.204934	1
16569	TRIM6	0.0050391927	0.013317564	1.3845091	17.582905	1
16585	CCKBR	0.004184291	0.00045408536	-2.9508762	16.153942	1
16586	CAVIN3	0.04977993	0.12126438	1.2828137	44.55244	1
16604	MRPL17	0.08663207	0.23210676	1.4207726	44.55244	1
16618	SYT9	0.041563775	0.11999597	1.5273222	44.55244	1
16620	OLFML1	0.031150429	0.0068675675	-2.165149	44.55244	1
16622	CYB5R2	0.0070700515	0.027236009	1.9307473	44.55244	1
16632	RIC3	0.007314683	0.0028871472	-1.3116167	10.008331	1
16634	LMO1	0.00041658687	0.0024848955	2.323023	6.1907296	1
16635	STK33	0.0985938	0.03440485	-1.5161602	44.55244	1
16656	WEE1	0.07681152	0.1658689	1.1096412	44.55244	1
16665	ADM	0.006307471	0.033309974	2.382452	44.55244	1
16666	AMPD3	0.007605916	0.017115645	1.1596819	12.343774	1
16671	MRVI1	0.1302845	0.05146927	-1.3381889	44.55244	1
16680	GALNT18	0.025368404	0.083503745	1.714859	44.55244	1
16686	DKK3	0.07634025	0.15383811	1.009946	44.55244	1
16690	MICAL2	0.21183665	0.5123015	1.2736417	44.55244	1
16711	SPON1	0.029244006	0.40911046	3.8017051	44.55244	1
16716	PDE3B	0.023494657	0.1411417	2.581634	44.55244	1
16718	CALCB	0.013677659	0.0007946416	-3.9448771	44.55244	1
16719	CALCA	0.004791155	0.00030878597	-3.5807576	24.34028	1
16720	INSC	0.004300221	0.00030014687	-3.4589744	19.401117	1
16721	LINC02751	0.004626588	0.00084745686	-2.318667	14.735469	1
16723	AC087379.2	0.012913794	0.0063382783	-1.0152948	9.831677	1
16727	SOX6	0.2210524	0.55439615	1.3261366	44.55244	1
16733	NUCB2	0.20954074	0.4508685	1.1051074	44.55244	1
16735	NCR3LG1	0.009561371	0.019440405	1.0161605	13.912736	1
16736	AC124798.1	0.0014904393	0.0044385735	1.5128137	7.019965	1
16753	LDHA	0.3293697	1.095491	1.7334918	44.55244	1
16768	CSRP3	5.644223e-05	0.0326082	7.7078786	44.55244	1
16779	HTATIP2	0.009337227	0.0276115	1.5540498	44.251408	1
16781	NELL1	0.0125728	0.0022073674	-2.4574156	30.21752	1
16783	ANO5	0.0052023875	0.013445893	1.3531415	13.0306225	1
16790	GAS2	0.13285615	0.02613794	-2.3412242	44.55244	1
16792	AC006299.1	0.022599543	0.006684214	-1.7424097	38.57077	1
16804	FIBIN	0.12054958	0.021866577	-2.457441	44.55244	1
16806	BBOX1-AS1	0.003955462	0.018471023	2.195115	21.1575	1
16813	BDNF	0.08287914	0.029881226	-1.4686893	44.55244	1
16831	MPPED2	0.14643033	0.053892	-1.4403816	44.55244	1
16835	DCDC1	0.0056664916	0.04758176	3.0476718	44.55244	1
16844	RCN1	0.32030332	0.70454675	1.1370112	44.55244	1
16845	AL078612.1	0.0012252565	0.0073614367	2.493182	14.446481	1
16848	WT1-AS	0.04883527	0.023600943	-1.0459303	41.931263	1
16853	DEPDC7	0.0018227876	0.004689259	1.3166031	6.326297	1
16861	C11orf91	0.0016659196	0.005248825	1.5988024	7.565657	1
16862	CD59	0.26752627	0.5528496	1.0469283	44.55244	1
16868	LMO2	0.008807427	0.07811294	3.1343267	44.55244	1
16873	CAT	0.059349105	0.122136	1.0399421	44.55244	1
16879	CD44	0.06712643	0.23967971	1.834609	44.55244	1
16883	PAMR1	0.12829572	0.060329136	-1.0872809	44.55244	1
16893	PRR5L	0.023833996	0.061785355	1.3705368	44.55244	1
16898	C11orf74	0.07259199	0.01340043	-2.428791	44.55244	1
16923	ACCS	0.01574576	0.0070441756	-1.1492574	14.819199	1
16931	TSPAN18	0.13083899	0.31115696	1.2492113	44.55244	1
16932	TP53I11	0.07425109	0.22612637	1.6053413	44.55244	1
16937	SYT13	0.0103915185	0.0032516872	-1.6462641	19.250547	1
16943	CHST1	0.033173937	0.01266732	-1.3819369	44.55244	1
16958	CREB3L1	0.080275334	0.17453848	1.1195468	44.55244	1
16970	LRP4-AS1	0.012469817	0.005374872	-1.1990665	14.050492	1
16971	LRP4	0.09311802	0.03587147	-1.3737558	44.55244	1
16978	DDB2	0.030604394	0.06745065	1.1375245	44.55244	1
16984	MYBPC3	-1.36424205e-08	0.018954994	7.574222	44.55244	1
16997	C1QTNF4	0.05532171	0.001768317	-4.8906403	44.55244	1
17004	FOLH1	0.012547646	0.00029391982	-5.004823	44.55244	1
17010	LRRC55	0.0026413465	0.009868767	1.8625302	17.577219	1
17011	APLNR	0.0020712723	0.028453501	3.717055	44.55244	1
17025	AP000662.1	0.034570247	0.016628753	-1.0513682	28.50306	1
17043	GLYATL2	0.02942725	0.061179277	1.0533522	36.097614	1
17058	STX3	0.046307333	0.0951246	1.0369815	44.55244	1
17074	MS4A7	0.008893822	0.021797	1.2837269	17.266886	1
17079	MS4A8	0.00034640756	0.0039995606	3.199036	8.439133	1
17081	MS4A15	0.0004293741	0.0036197375	2.8128412	9.092116	1
17087	PTGDR2	0.0005187644	0.0031767087	2.4047854	8.089483	1
17088	ZP1	0.00020672841	0.0025438066	3.107583	9.85581	1
17095	SLC15A3	0.0040129996	0.0014647645	-1.3942454	6.9585767	1
17119	FADS2	0.095829375	0.20523575	1.0979402	44.55244	1
17120	FADS1	0.124644645	0.3538406	1.5045292	44.55244	1
17150	LRRN4CL	0.0050208997	0.00052446645	-3.0357013	20.924278	1
17169	SLC3A2	0.18980902	0.3799449	1.0008614	44.55244	1
17180	PLAAT4	0.036655206	0.0055893725	-2.6916072	44.55244	1
17182	PLAAT3	0.0036143367	0.014357755	1.960667	26.429438	1
17195	AP000721.2	0.0062591853	0.0030214104	-1.0266438	5.5023375	1
17197	FLRT1	0.0057191574	0.0019825974	-1.4824263	9.110485	1
17200	FERMT3	0.0027682253	0.008192989	1.5317338	12.354787	1
17209	PPP1R14B-AS1	0.0029451647	0.006276663	1.0662812	7.1454744	1
17226	NRXN2	0.032048747	0.009275109	-1.7778553	44.55244	1
17228	RASGRP2	0.009360836	0.025171276	1.4174589	30.942135	1
17229	PYGM	0.0028952549	0.0061481637	1.0607535	5.3842025	1
17257	AP003068.2	0.002879027	0.008006653	1.4442651	11.618466	1
17262	CDC42EP2	0.01434139	0.047451407	1.7192785	44.55244	1
17265	AP000944.1	0.00022889324	0.001994964	2.6712341	5.3390083	1
17266	SLC25A45	0.002876731	0.013356182	2.1764684	25.422857	1
17267	FRMD8	0.028756246	0.12108132	2.070212	44.55244	1
17280	MAP3K11	0.025128648	0.053111438	1.0766735	44.55244	1
17299	FOSL1	0.00361932	0.009684923	1.3955216	10.567502	1
17308	GAL3ST3	0.0066819903	0.0029954528	-1.1315582	8.03006	1
17331	AP001107.5	0.0026982906	0.006487273	1.2351356	7.398234	1
17341	CTSF	0.07860732	0.011643663	-2.7446153	44.55244	1
17354	RHOD	0.01913408	0.008599329	-1.1446888	22.285433	1
17359	SSH3	0.0034241553	0.015910214	2.183643	33.822987	1
17386	UNC93B1	0.0042979876	0.01497223	1.7769775	27.674597	1
17387	ALDH3B1	0.00069245446	0.0029674296	1.9526304	5.583175	1
17391	AP002807.1	0.003063848	0.007222574	1.2106706	7.6057615	1
17400	GAL	0.07167113	0.029454239	-1.2800386	44.55244	1
17403	LINC02701	0.002320159	0.00030852563	-2.5666032	9.907634	1
17438	SHANK2	0.0035392675	0.02340979	2.6915417	30.445375	1
17441	DHCR7	0.021675542	0.058111068	1.418585	44.55244	1
17477	PDE2A	0.0009865208	0.007178395	2.7439046	14.596553	1
17511	P4HA3	0.008124645	0.037573617	2.1955292	44.55244	1
17515	KCNE3	0.00072738633	0.008778399	3.4236665	28.2339	1
17518	AP001372.2	0.021420697	0.009477298	-1.1680343	25.765327	1
17530	TPBGL	0.0006790102	0.0043739825	2.5218456	13.55409	1
17531	ARRB1	0.057893723	0.13627927	1.2336557	44.55244	1
17547	WNT11	0.012160999	0.102349654	3.0627668	44.55244	1
17566	CAPN5	0.01737135	0.062737346	1.8466312	44.55244	1
17596	TENM4	0.61502296	0.25109732	-1.2920539	44.55244	1
17621	DLG2	0.38638872	0.15704562	-1.2983242	44.55244	1
17623	AP001825.1	0.0046312017	0.0014386392	-1.6205517	8.9753065	1
17629	SYTL2	0.08740766	0.026587598	-1.7132399	44.55244	1
17643	AP001528.1	0.08601728	0.0298089	-1.525728	44.55244	1
17655	GRM5	0.043440796	0.007915451	-2.4415123	44.55244	1
17656	TYR	0.003015465	0.00082624436	-1.7499828	6.5653815	1
17657	NOX4	0.22233729	0.053667367	-2.048596	44.55244	1
17668	SLC36A4	0.11391462	0.2509384	1.1386892	44.55244	1
17670	SMCO4	0.02590197	0.057219077	1.1403944	44.55244	1
17677	HEPHL1	0.0025675492	0.0007572085	-1.6377969	5.038026	1
17679	AP002784.1	0.008847878	0.017938804	1.011486	11.598527	1
17681	GPR83	4.7188958e-05	0.0015775894	3.5106483	6.709286	1
17695	ENDOD1	0.12022732	0.31018505	1.3666298	44.55244	1
17717	TRPC6	0.06439098	0.0075266175	-3.0799823	44.55244	1
17743	PDGFD	0.3282863	0.09318599	-1.8156614	44.55244	1
17747	CASP4	0.020779554	0.1053087	2.3358312	44.55244	1
17749	CASP1	0.009286492	0.02553297	1.4493426	38.58602	1
17760	AP003173.1	0.00016449785	0.002917403	3.5119793	9.371271	1
17766	SLN	0.001963462	0.028259207	3.7806783	44.55244	1
17778	EXPH5	0.011167674	0.0033940512	-1.6892171	18.53063	1
17783	C11orf87	0.0007489607	0.0031245665	1.9253355	6.7077503	1
17792	LINC02550	0.00026923374	0.0034101184	3.2489135	7.1846914	1
17801	LAYN	0.04992385	0.15134586	1.5981143	44.55244	1
17809	CRYAB	0.0055866265	0.028828936	2.3468683	44.55244	1
17822	BCO2	0.063398756	0.023259312	-1.4427307	44.55244	1
17848	ZBTB16	0.015406654	0.0019677177	-2.9067762	44.55244	1
17850	NNMT	0.08687807	0.025733203	-1.7514253	44.55244	1
17858	CADM1	0.33391935	0.1661403	-1.0066614	44.55244	1
17861	AP000462.1	0.017077263	0.0058249934	-1.5356148	21.993858	1
17864	LINC02698	0.017018612	0.0026218975	-2.6528811	44.55244	1
17875	APOC3	-1.36424205e-08	0.010316332	6.7029004	26.33197	1
17876	APOA1	0.000961392	0.034964163	5.045968	44.55244	1
17890	DSCAML1	0.02888534	0.0061248536	-2.2192116	44.55244	1
17891	AP001554.1	0.0015718222	0.0002070826	-2.4447227	6.6704683	1
17896	TMPRSS13	0.0007411275	8.1490725e-10	-3.0723128	6.046602	1
17900	SCN4B	0.006958932	0.0013764116	-2.257355	22.560759	1
17901	SCN2B	0.006797397	0.0014582209	-2.1461523	20.19442	1
17904	MPZL2	0.0068995594	0.00083284033	-2.907562	24.799963	1
17921	TREH	0.0013381277	0.00620334	2.1319249	8.238686	1
17925	AP004609.3	0.006770869	0.0031504412	-1.0798569	7.8268223	1
17948	NLRX1	0.0026704855	0.009750716	1.8300897	18.105286	1
17960	AP003396.5	0.0060624685	0.0017082113	-1.7689451	14.915701	1
17981	AP001977.1	0.006341982	0.002426868	-1.3501542	8.5420065	1
17989	AP002762.2	0.00581423	0.0024844704	-1.1943216	6.926241	1
17996	GRAMD1B	0.061248142	0.12786181	1.0606217	44.55244	1
18001	OR8D4	0.00038465924	0.007120491	3.8970542	20.707397	1
18003	OR10G4	7.1186274e-05	0.0012932508	3.024816	5.2262926	1
18016	SIAE	0.01637419	0.036737345	1.1609617	36.072895	1
18038	PKNOX2	0.13575004	0.27819794	1.0346152	44.55244	1
18040	FEZ1	0.04684065	0.13501246	1.525251	44.55244	1
18043	STT3A	0.098540366	0.1975327	1.0025716	44.55244	1
18051	DDX25	0.006160923	0.0021082063	-1.5035003	11.684747	1
18065	DCPS	0.02970965	0.061087575	1.0374594	44.55244	1
18066	GSEC	0.004207795	0.009186279	1.1081511	9.432527	1
18067	ST3GAL4	0.026228942	0.07837848	1.5756476	44.55244	1
18068	KIRREL3	0.03322628	0.010062461	-1.7134106	41.859592	1
18100	ADAMTS8	0.006723993	0.0006067109	-3.271424	25.991661	1
18110	NTM	0.18004645	0.37164485	1.0451424	44.55244	1
18116	OPCML	0.42671278	0.067626834	-2.655804	44.55244	1
18137	LINC02717	0.0010024145	9.812571e-05	-2.4761786	5.1303754	1
18138	IQSEC3	0.005015665	0.0020385038	-1.25832	7.2375755	1
18143	SLC6A12	0.001973242	0.005148073	1.3398992	6.0428257	1
18152	NINJ2	0.001238378	0.008594672	2.699646	22.221409	1
18163	WNT5B	0.03783833	0.0074720993	-2.324891	44.55244	1
18200	PRMT8	0.0074370927	0.01569234	1.067145	7.290821	1
18202	CRACR2A	0.003994274	0.0099557	1.296334	8.742035	1
18209	FGF23	0.0006581582	0.018221203	4.5948715	25.420906	1
18221	AC005906.2	0.011083464	0.0031664225	-1.7755837	17.10326	1
18230	NTF3	0.014521234	0.0016480021	-3.0642862	44.55244	1
18234	CD9	0.03360416	0.15586293	2.2102044	44.55244	1
18238	LTBR	0.04511628	0.09945007	1.13858	44.55244	1
18250	AC006064.4	0.0047248504	0.0110739665	1.2115853	11.545756	1
18256	LPAR5	0.00034852937	0.0027871323	2.686363	10.045075	1
18268	CD4	0.009451163	0.052202657	2.453136	44.55244	1
18274	TPI1	0.5570939	1.2743952	1.1936746	44.55244	1
18278	ENO2	0.010335522	0.10288616	3.302876	44.55244	1
18308	SLC2A3	0.081361994	0.21901028	1.4274582	44.55244	1
18312	C3AR1	0.0042968816	0.013326858	1.6105692	21.777395	1
18316	FAM66C	0.022824425	0.011191795	-1.0216109	19.68659	1
18343	A2M	0.77916425	0.17313205	-2.169407	44.55244	1
18355	CD69	0.008822684	0.0022559026	-1.9211979	20.302847	1
18368	CLEC1A	0.011660981	0.0046875733	-1.296642	14.185386	1
18369	CLEC7A	0.008132931	0.003941957	-1.0263522	7.0672503	1
18377	AC022075.1	0.023459341	0.11289027	2.2618275	44.55244	1
18378	KLRK1	0.0019622233	0.0052375654	1.3719811	6.022835	1
18387	YBX3	0.31120127	0.66355723	1.092127	44.55244	1
18407	AC244131.2	0.025374161	0.07904603	1.6354824	44.55244	1
18414	LINC01252	0.007132955	0.018088866	1.3303986	16.395271	1
18425	GPR19	0.006736852	0.015969	1.2328762	17.472313	1
18432	GPRC5A	0.006141578	0.017246403	1.4746538	19.097399	1
18435	HEBP1	0.050489392	0.13105576	1.3743744	44.55244	1
18439	EMP1	0.06254682	0.19872448	1.6661822	44.55244	1
18449	AC008114.1	0.0008182623	0.0038808773	2.1161082	6.830916	1
18452	AC010168.1	0.002840615	0.0008352449	-1.652702	5.6319222	1
18453	AC010168.2	0.0043116687	0.0019740562	-1.0888693	5.0234194	1
18458	SMCO3	0.009902634	0.0028721686	-1.750792	23.5296	1
18461	MGP	2.356905	0.43209162	-2.4472117	44.55244	1
18462	ERP27	0.0075062173	0.0020448747	-1.8262856	17.581907	1
18466	RERG	0.4419466	0.20133947	-1.133852	44.55244	1
18469	PTPRO	0.020281628	0.008754787	-1.2027398	15.052023	1
18476	LMO3	0.013378679	0.0016855679	-2.9162242	44.55244	1
18479	AC092110.1	0.0027750079	0.00051403145	-2.2271814	8.487189	1
18482	RERGL	0.012249047	0.0039028472	-1.6253011	20.951359	1
18500	SLCO1A2	0.00044235965	0.003996521	2.9170773	10.729925	1
18504	GOLT1B	0.10710725	0.22186334	1.049919	44.55244	1
18505	SPX	0.00066633243	0.0032127374	2.1119816	7.038904	1
18528	BCAT1	0.24548624	0.6350689	1.3709106	44.55244	1
18576	PTHLH	0.00657024	0.06784662	3.348591	44.55244	1
18577	AC008011.2	0.00026539137	0.0016562268	2.2649646	5.5524235	1
18600	AC010198.2	0.004761092	0.01346864	1.4809238	16.437365	1
18624	FGD4	0.06322729	0.030293666	-1.0590566	36.36596	1
18633	SYT10	0.021902205	0.003522182	-2.6027172	44.55244	1
18640	ALG10B	0.009881429	0.0045631155	-1.0979522	11.174841	1
18642	CPNE8	0.14948463	0.33736727	1.1737856	44.55244	1
18645	KIF21A	0.08800298	0.23146383	1.3941472	44.55244	1
18646	ABCD2	0.00952264	0.004222118	-1.1546944	9.977333	1
18648	C12orf40	0.010779806	0.026158007	1.2711045	17.153992	1
18649	SLC2A13	0.20463768	0.58975506	1.5265839	44.55244	1
18652	LRRK2	0.008913352	0.0017888424	-2.2545614	23.573067	1
18654	CNTN1	0.05811306	0.006586588	-3.122001	44.55244	1
18674	ADAMTS20	0.0016060852	0.013217943	2.9646096	22.18503	1
18681	DBX2	0.0046496848	0.0010071007	-2.1010454	13.948869	1
18682	AC008127.1	0.0055326005	0.0020306834	-1.4024848	8.139511	1
18702	PCED1B	0.08202155	0.18630889	1.1826379	44.55244	1
18733	CCDC184	0.009910267	0.034845326	1.8036191	44.55244	1
18734	AC024257.3	0.00038993236	0.0022970436	2.2906017	5.678551	1
18753	RND1	0.0058210953	0.002575916	-1.1458312	7.0091276	1
18755	FKBP11	0.025491042	0.11805868	2.2070148	44.55244	1
18771	TUBA1C	0.11645229	0.3558709	1.6107819	44.55244	1
18778	DNAJC22	0.0053349654	0.012227637	1.1815536	13.251627	1
18792	FAIM2	0.00089047366	0.0045806305	2.2405124	12.572005	1
18799	ASIC1	0.0048950585	0.02314391	2.2182794	44.55244	1
18824	SMAGP	0.011570679	0.045605127	1.9694676	44.55244	1
18827	GALNT6	0.003995917	0.012308048	1.599018	13.715598	1
18841	NR4A1	0.04941337	0.18447123	1.8982877	44.55244	1
18853	KRT81	0.0034488577	0.00038373674	-2.8750608	15.57525	1
18865	KRT3	0.00044958713	0.002051605	1.9689932	6.3282948	1
18876	IGFBP6	0.084500134	0.027063753	-1.638977	44.55244	1
18886	AC073611.1	0.0032123136	0.021077836	2.676644	44.55244	1
18891	AMHR2	0.0018550645	0.014406321	2.8913934	43.55244	1
18896	AC023509.3	0.0037926086	0.0011898638	-1.5935187	7.620252	1
18909	HOTAIR	0.0009953384	4.6361318e-05	-2.9037704	6.4977717	1
18910	HOXC11	0.0006992682	8.1490725e-10	-2.998668	5.450929	1
18912	HOXC10	0.011030445	0.0011463744	-3.158702	44.55244	1
18913	HOXC6	0.045796867	0.008898378	-2.350659	44.55244	1
18914	HOXC-AS2	0.0029637709	0.0004427092	-2.4970572	12.152483	1
18915	HOXC9	0.13935958	0.026674373	-2.3809223	44.55244	1
18916	HOXC-AS1	0.0046582604	0.0005005587	-2.986057	20.354887	1
18917	HOXC8	0.04062343	0.0064304178	-2.640612	44.55244	1
18918	HOXC4	0.034879	0.0049074446	-2.8043427	44.55244	1
18919	AC012531.1	0.0019222213	0.0002060206	-2.72424	6.23623	1
18920	HOXC5	0.0048351088	0.0011900166	-1.9356922	12.745247	1
18939	ITGA5	0.08919313	0.19484818	1.1264696	44.55244	1
18943	PDE1B	0.061483927	0.02308285	-1.409496	44.55244	1
18952	ITGA7	0.01265388	0.005508712	-1.1851948	14.716518	1
18966	PMEL	0.017519478	0.0047146454	-1.8716697	38.909935	1
18975	ERBB3	0.000992104	0.004969796	2.2148175	8.784031	1
19018	TAC3	0.008878868	0.004045917	-1.1148423	10.040683	1
19025	NXPH4	0.012074244	0.030649498	1.3367307	33.130947	1
19026	AC137834.2	0.00063205627	0.0050117467	2.8037899	9.40874	1
19027	SHMT2	0.07429798	0.23297288	1.6474458	44.55244	1
19028	NDUFA4L2	0.017849164	0.1631106	3.1847463	44.55244	1
19033	INHBE	2.7296039e-05	0.0025276502	4.367514	9.6726	1
19034	AC022506.2	0.0024030078	0.005959332	1.2754958	7.1094866	1
19037	MARS	0.09726923	0.19709244	1.0180664	44.55244	1
19041	KIF5A	0.010858487	0.004847623	-1.1472412	11.803055	1
19047	B4GALNT1	0.0023168651	0.008135341	1.7686913	15.646217	1
19048	OS9	0.18553652	0.37310562	1.0074902	44.55244	1
19050	AGAP2	0.025851501	0.007441775	-1.782842	44.55244	1
19051	AGAP2-AS1	0.0027736705	0.027737731	3.276075	44.55244	1
19054	MARCH9	0.021799814	0.04375375	1.0017817	34.534653	1
19065	AC083805.3	0.0018090213	0.00034993317	-2.0850506	6.0391564	1
19070	LRIG3	0.15736859	0.057459317	-1.4519427	44.55244	1
19086	PPM1H	0.009525698	0.022081278	1.2043796	16.970211	1
19087	AVPR1A	0.007070222	0.0010305989	-2.6649306	23.197895	1
19090	AC084357.2	0.001747125	0.0148233045	3.0142138	39.2801	1
19100	XPOT	0.057973232	0.12958866	1.1591071	44.55244	1
19115	WIF1	0.0074584754	0.00035772257	-4.04555	32.461037	1
19122	LINC02454	0.002090684	0.009236787	2.0915449	20.542389	1
19132	IRAK3	0.014807906	0.054638244	1.8764716	44.55244	1
19134	GRIP1	0.25083515	0.07440603	-1.7518854	44.55244	1
19135	AC073530.1	0.0022373865	0.00029867518	-2.5516107	8.5341425	1
19146	LINC02384	0.027057746	0.00706901	-1.921518	44.55244	1
19155	CPM	0.0449359	0.004253028	-3.3709843	44.55244	1
19164	LRRC10	-1.36424205e-08	0.0035634534	5.195329	7.672684	1
19168	MYRFL	0.0018465332	0.006160649	1.6854053	8.997847	1
19177	PTPRB	0.007900728	0.017658476	1.1503047	12.580902	1
19211	GLIPR1	0.14181985	0.31704608	1.160071	44.55244	1
19214	AC078923.1	0.017372288	0.043693755	1.3256567	30.137287	1
19222	LNCOG	0.0014709701	0.0045073386	1.5522779	6.5182233	1
19230	E2F7	0.015502974	0.07562791	2.279004	44.55244	1
19235	AC138331.1	5.6535842e-05	0.0013550783	3.2165318	6.467887	1
19241	SYT1	0.3332336	0.8398012	1.3332529	44.55244	1
19242	AC090709.1	0.0028332993	0.009631107	1.7300795	11.871515	1
19266	AC089998.1	0.0009098866	8.1490725e-10	-3.3361096	6.392499	1
19268	TMTC2	0.5783168	0.18974687	-1.6072733	44.55244	1
19278	NTS	0.00016050582	0.115187146	8.7897005	44.55244	1
19279	MGAT4C	0.022013769	0.06431652	1.5424858	38.25285	1
19285	KITLG	0.037000313	0.14141469	1.9314485	44.55244	1
19310	LUM	0.13354823	0.4184236	1.6468681	44.55244	1
19311	DCN	0.5435379	0.22269465	-1.2869315	44.55244	1
19354	NTN4	0.03936731	0.017207345	-1.1892738	24.2859	1
19369	AC007513.1	0.0010922235	0.0035285193	1.6057264	5.7104883	1
19375	AC016152.1	0.00078741816	0.013872318	3.9768136	29.75143	1
19381	IKBIP	0.22349976	0.57614946	1.3657749	44.55244	1
19392	NR1H4	0.00034118758	0.00993283	4.5071926	24.525684	1
19417	IGF1	0.08103554	0.015190696	-2.40768	44.55244	1
19429	NT5DC3	0.016117781	0.042856548	1.4053017	39.378773	1
19447	ALDH1L2	0.02049618	0.13680935	2.7327724	44.55244	1
19458	CKAP4	0.30915192	0.77966636	1.3342595	44.55244	1
19463	AC079385.1	0.0059493016	0.017089924	1.5067227	15.240739	1
19480	WSCD2	0.012233339	0.0031473686	-1.9252204	26.374466	1
19481	CMKLR1	0.012776146	0.034393	1.421603	39.726788	1
19490	CORO1C	0.105335675	0.25774312	1.2901304	44.55244	1
19507	MVK	0.021449456	0.053438965	1.312938	44.55244	1
19508	FAM222A	0.0047556567	0.012698405	1.3982258	12.381053	1
19510	TRPV4	0.0041919416	0.0087009035	1.0360214	6.2455463	1
19533	MYL2	5.9941878e-05	0.01916263	6.912113	44.55244	1
19534	LINC01405	-1.36424205e-08	0.0015627008	4.0556536	5.012803	1
19557	OAS1	0.002598696	0.0008342539	-1.5303758	6.226115	1
19562	RASAL1	0.0004501955	0.0037038124	2.78943	6.843378	1
19577	AC009731.1	0.00016444328	0.0021056333	3.0601628	6.9527373	1
19579	TBX5	0.024284255	0.064233825	1.3996276	44.55244	1
19581	TBX3	0.47980615	0.18713364	-1.3579127	44.55244	1
19582	AC026765.3	0.021018915	0.007432539	-1.4873276	28.347143	1
19584	AC008125.1	0.0022353134	0.0001270487	-3.3625426	11.744815	1
19597	LINC00173	0.005649004	0.0017240873	-1.6561372	11.150997	1
19610	TESC	0.043336947	0.008991338	-2.2563581	44.55244	1
19631	HSPB8	0.017370766	0.07310359	2.0669715	44.55244	1
19687	KDM2B-DT	0.003710219	0.007667569	1.0275892	5.6288586	1
19692	RHOF	0.00564931	0.017363407	1.6028743	26.462923	1
19724	HIP1R	0.017458629	0.008456496	-1.0370883	16.155926	1
19776	TMEM132B	0.003166393	0.033327125	3.3552492	44.55244	1
19802	FZD10-AS1	0.0072781504	0.00047523394	-3.6810384	32.945454	1
19803	FZD10	0.0050709127	0.0005602635	-2.969305	20.154114	1
19871	GJA3	0.0020704311	0.0076236483	1.8313007	10.705937	1
19874	CRYL1	0.019755738	0.043379717	1.1307865	37.320236	1
19877	AL161772.1	0.0026134679	0.025225211	3.2223644	44.55244	1
19878	IL17D	0.011027922	0.046309136	2.0602248	44.55244	1
19901	TNFRSF19	0.051920705	0.18344085	1.8189434	44.55244	1
19909	C1QTNF9	0.0036913317	0.00043844257	-2.8158402	15.186087	1
19927	ATP8A2	0.45499483	0.09834136	-2.2088306	44.55244	1
19936	GPR12	0.0010113108	8.1490725e-10	-3.4741788	6.613487	1
19944	RASL11A	0.020326538	0.008067565	-1.3224669	27.248693	1
19958	FLT1	0.16133346	0.3815919	1.2414688	44.55244	1
19964	SLC7A1	0.04265677	0.14907996	1.8028289	44.55244	1
19980	ALOX5AP	0.0017062906	0.00036207866	-1.9668196	6.26948	1
19987	RXFP2	0.052633855	0.0010847966	-5.4760184	44.55244	1
20017	SOHLH2	0.0008741109	0.0037644608	1.9881092	6.798852	1
20018	CCDC169	0.0040716403	0.009660266	1.2263057	8.881253	1
20022	SERTM1	0.0029848795	0.0005608915	-2.2227287	8.343992	1
20032	POSTN	1.3041773	0.48285386	-1.4332933	44.55244	1
20061	RGCC	0.026577974	0.0079468	-1.7291619	43.137466	1
20069	FAM216B	0.00024674332	0.002845359	3.0865035	7.809418	1
20070	LINC01050	0.0008844034	0.006877002	2.8252857	12.90218	1
20073	DNAJC15	0.06454591	0.17261122	1.4177308	44.55244	1
20075	ENOX1	0.19117415	0.4177879	1.1274741	44.55244	1
20080	CCDC122	0.015414828	0.04388729	1.5034392	44.55244	1
20082	LACC1	0.01198572	0.034995146	1.5379682	44.55244	1
20085	SMIM2-AS1	0.0011591042	0.004861578	1.9784014	10.396599	1
20112	SIAH3	0.0050948826	0.0005535813	-2.9906526	21.130547	1
20117	LRRC63	0.00076361874	0.004236893	2.3281953	8.420169	1
20119	RUBCNL	0.0024424535	0.00058408186	-1.8939806	7.688801	1
20125	HTR2A	0.0030934776	0.0064991056	1.047142	5.7029557	1
20161	DLEU1	0.06688748	0.17352141	1.3739815	44.55244	1
20163	AL158195.1	0.00015999272	0.0015748078	2.6874523	6.0286517	1
20168	FAM124A	0.0013111786	0.011496581	3.038727	26.804369	1
20176	ATP7B	0.011248286	0.02299796	1.0252912	15.099703	1
20194	AL356295.1	0.0007530535	0.003462181	2.0620527	6.036303	1
20197	AL442636.1	3.2723365e-05	0.0066636605	5.67131	15.067422	1
20202	PCDH17	0.07600659	0.2935729	1.9481168	44.55244	1
20205	AL159156.1	0.0010947209	0.0048074797	2.0383086	7.837025	1
20211	PCDH20	0.00669951	0.020687772	1.6122326	23.66975	1
20221	PCDH9-AS2	0.011068085	0.0042203795	-1.3701519	13.804542	1
20232	DACH1	0.039939266	0.16428292	2.0375729	44.55244	1
20237	KLF5	0.006917593	0.041537773	2.5688448	44.55244	1
20248	LMO7-AS1	0.012273342	0.0043035946	-1.4904817	16.835423	1
20254	AL161717.1	0.0018382026	0.00021235997	-2.6334379	6.325676	1
20256	KCTD12	0.21653804	0.07932193	-1.4476773	44.55244	1
20267	SLAIN1	0.0060835076	0.0020710852	-1.510009	10.062088	1
20269	EDNRB	0.010448857	0.097217955	3.2056193	44.55244	1
20286	AL590807.1	0.0126097165	0.0059285928	-1.0760387	10.504587	1
20287	LINC00377	0.009241654	0.0042281384	-1.1099313	8.133428	1
20298	SLITRK6	0.0059495727	0.09063925	3.9068217	44.55244	1
20315	GPC5	0.27004555	0.07617759	-1.8244057	44.55244	1
20317	GPC5-AS2	0.0032384337	0.0005558594	-2.347713	9.238856	1
20319	AL356737.2	0.0029000174	0.00057590095	-2.150087	8.268392	1
20327	GPC6-AS1	0.0106132105	0.004443212	-1.2376064	10.361649	1
20334	ABCC4	0.030153291	0.14086103	2.2201324	44.55244	1
20368	GPR183	0.006563884	0.07142909	3.424095	44.55244	1
20438	AL163541.1	0.0051781246	0.0016085252	-1.6272739	9.377829	1
20441	AL162497.1	0.002987783	0.0010055373	-1.4818237	5.797542	1
20449	RAB20	0.0087306695	0.024525512	1.479559	25.349728	1
20482	F10	0.008584755	0.034904096	2.0109668	44.55244	1
20490	GRTP1	0.016914684	0.005524819	-1.5969019	29.392418	1
20537	PNP	0.011933489	0.0364751	1.6038069	44.55244	1
20542	ANG	0.008088633	0.023626832	1.534825	37.741703	1
20543	RNASE4	0.018967936	0.06562796	1.7853587	44.55244	1
20549	RNASE1	0.0042090593	0.04485684	3.3830957	44.55244	1
20559	NDRG2	0.07399818	0.033875134	-1.1249589	44.55244	1
20627	CMTM5	0.0009786547	0.0071415454	2.7470646	20.757563	1
20628	MYH6	-1.36424205e-08	0.08652581	9.75885	44.55244	1
20629	MYH7	8.055196e-05	0.12802093	9.470877	44.55244	1
20650	NRL	0.0032568937	0.00730437	1.1412501	6.7018366	1
20651	PCK2	0.007872913	0.08226028	3.36877	44.55244	1
20653	FITM1	0.00035475654	0.0029112606	2.7272012	5.8170547	1
20674	AL096870.8	0.016211672	0.03624723	1.1559409	35.077736	1
20692	STXBP6	0.017059747	0.05318294	1.6346455	44.55244	1
20704	LINC00645	0.0049687983	0.0017795342	-1.4312686	7.3696346	1
20708	FOXG1	0.004414806	0.00014412362	-4.20898	23.625513	1
20709	LINC01551	0.0049379393	0.0001797562	-4.170592	21.765255	1
20741	ARHGAP5-AS1	0.020344255	0.008682676	-1.2189631	26.86363	1
20747	NPAS3	0.2822627	0.088857464	-1.6663618	44.55244	1
20793	CLEC14A	0.002769136	0.0005841751	-2.068179	8.153055	1
20809	LINC02315	0.0482586	0.09956243	1.0432773	41.920994	1
20811	LRFN5	0.91739297	0.43024695	-1.092197	44.55244	1
20813	AL442163.1	0.012683419	0.0021355974	-2.5155413	36.714294	1
20835	LINC00871	0.007551464	0.0010688764	-2.7106135	21.281553	1
20837	LINC00648	0.0023869197	0.014322279	2.5358672	24.328232	1
20839	AL358335.2	0.002872453	0.007694154	1.3907384	5.689159	1
20892	GNG2	0.18982348	0.6233284	1.7148056	44.55244	1
20900	PTGER2	0.005865392	0.002027882	-1.4871987	10.366432	1
20901	TXNDC16	0.054272175	0.026575254	-1.0273666	44.55244	1
20903	ERO1A	0.06390995	0.21109247	1.7221904	44.55244	1
20904	AL133453.1	0.010663514	0.03322775	1.6305748	44.55244	1
20916	AL365295.1	0.05599065	0.121610254	1.1176186	44.55244	1
20920	BMP4	0.031238837	0.0150777465	-1.045994	28.113474	1
20928	GCH1	0.0027584946	0.008753422	1.6309795	10.764208	1
20943	LINC00520	0.00041436276	0.012117851	4.5700603	38.856102	1
20945	AL138995.1	0.00078375306	0.0029886474	1.8052601	7.334604	1
20946	PELI2	0.12649988	0.34678775	1.4541929	44.55244	1
20949	LINC02284	0.0067529147	0.027326318	2.0007713	36.40616	1
20954	OTX2	2.6493544e-05	0.0020619384	4.09519	9.234922	1
20997	SIX1	0.0044295145	0.0002814641	-3.5697372	21.475521	1
20998	SIX4	0.017687485	0.004737473	-1.8785369	36.504925	1
21010	HIF1A-AS3	0.00939085	0.1270251	3.743568	44.55244	1
21066	PLEK2	0.0015875024	0.006067015	1.8696829	12.998047	1
21070	ARG2	0.013164536	0.08818594	2.7346096	44.55244	1
21102	SLC8A3	0.0038415717	0.031695988	3.0120018	44.55244	1
21112	TTC9	0.017433517	0.0070551997	-1.2930515	24.194584	1
21128	RGS6	0.06870933	0.016951712	-2.0126877	44.55244	1
21142	AC005280.2	0.00034676812	0.0065913983	3.9047096	21.434694	1
21150	ACOT4	0.0016493332	0.004852378	1.5013163	6.98848	1
21178	LTBP2	0.07390392	0.0186131	-1.9835532	44.55244	1
21197	AL691403.1	0.007230494	0.020536907	1.4932444	25.243938	1
21202	JDP2	0.043236695	0.139632	1.6890014	44.55244	1
21205	FLVCR2	0.0019757627	0.0050570215	1.3128965	5.378726	1
21210	TGFB3	0.038436577	0.07711133	1.0025841	44.55244	1
21216	ESRRB	0.0053489897	0.012797124	1.2429887	9.432998	1
21233	TMEM63C	0.0042267907	0.01686694	1.9713571	24.124603	1
21238	GSTZ1	0.029233932	0.059194747	1.0153339	44.55244	1
21259	DIO2	0.0058821663	0.017172901	1.5297705	13.743513	1
21272	AL355838.1	0.0007746344	0.0043712673	2.3539317	8.586	1
21273	LINC02301	0.014785375	0.0012376526	-3.4761202	44.55244	1
21277	AL049775.2	0.0006742325	0.00629007	3.044993	16.80575	1
21287	LINC02296	0.009008463	0.0487564	2.423268	44.55244	1
21289	LINC02330	-1.36424205e-08	0.0035547616	5.191902	9.399874	1
21292	GALC	0.036594577	0.07723776	1.0756061	44.55244	1
21293	GPR65	0.0006196142	0.0044417875	2.6579645	13.939419	1
21335	GPR68	0.002564978	0.0005867734	-1.9562178	8.3754225	1
21339	CCDC88C	0.03358694	0.008063854	-2.0448673	44.55244	1
21342	CATSPERB	0.0036467214	0.00047108455	-2.7138524	13.720927	1
21344	TC2N	0.015722567	0.0026816723	-2.5079594	44.55244	1
21345	FBLN5	0.11807721	0.02124586	-2.4689236	44.55244	1
21353	LGMN	0.081162095	0.21899219	1.4308835	44.55244	1
21363	UNC79	0.043560773	0.01965586	-1.1440572	39.93823	1
21369	ASB2	0.002068195	0.009512994	2.1484914	14.351976	1
21372	OTUB2	0.005916811	0.014891168	1.3170419	16.936659	1
21374	IFI27L1	0.05128084	0.110176384	1.1018215	44.55244	1
21376	IFI27L2	0.090520054	0.22119403	1.2880623	44.55244	1
21380	SERPINA1	0.0004244494	0.080722235	7.267805	44.55244	1
21390	GSC	0.05923317	0.004115592	-3.8150318	44.55244	1
21391	AL121612.2	0.0059283935	0.00023417416	-4.1731014	30.689768	1
21395	DICER1-AS1	0.01023263	0.004690192	-1.1090522	11.613944	1
21396	CLMN	0.06704501	0.026301155	-1.3466792	44.55244	1
21398	SYNE3	0.0048838654	0.012782749	1.3701035	13.351627	1
21408	BDKRB2	0.0028280488	0.011203378	1.9487425	17.659513	1
21410	BDKRB1	0.0021490399	0.007894078	1.8296224	14.32685	1
21427	BCL11B	0.013997473	0.04646739	1.7238835	44.55244	1
21433	HHIPL1	0.0019522995	0.0061149	1.5984899	9.24991	1
21448	WARS	0.07821989	0.1756433	1.166019	44.55244	1
21451	BEGAIN	0.0070734103	0.022042342	1.6260767	29.996567	1
21454	DLK1	0.13859338	1.621216	3.5471947	44.55244	1
21455	MEG3	0.3971591	0.09286259	-2.0953581	44.55244	1
21456	AL117190.2	0.004880391	0.001996699	-1.2481391	5.487093	1
21458	MEG8	0.31557322	0.13262182	-1.2500261	44.55244	1
21461	AL132709.7	0.0011794155	0.0031651882	1.3516814	5.0765963	1
21468	DIO3OS	0.008144114	0.017078727	1.0591868	14.263031	1
21469	DIO3	0.0069669695	0.052722313	2.901984	44.55244	1
21485	ANKRD9	0.017826838	0.040969346	1.1959409	43.47326	1
21497	TNFAIP2	0.028431494	0.0111281965	-1.3454291	40.62992	1
21518	LINC00637	0.0041511473	0.0008789937	-2.1184807	11.427013	1
21520	AL132712.2	0.0010366056	5.0743613e-05	-2.914563	6.3119354	1
21526	KIF26A	0.0061239945	0.015215178	1.2990495	14.8131275	1
21527	LINC02691	0.0060520824	0.01627738	1.412558	14.8596	1
21544	PLD4	0.0027515485	0.00016195985	-3.444328	15.104326	1
21563	TEDC1	0.0057691727	0.016960405	1.5394229	26.821972	1
21564	TMEM121	0.007928044	0.028077211	1.8114085	44.55244	1
21573	AC138649.1	0.00024778632	0.0031585968	3.2279778	11.694742	1
21574	NIPA1	0.012193244	0.02637955	1.107013	19.40245	1
21584	PWRN4	0.0044937134	0.0012359085	-1.7818397	9.284765	1
21585	PWRN1	0.051666297	0.016965486	-1.6009316	44.55244	1
21597	ATP10A	0.040495835	0.012014551	-1.7445909	44.55244	1
21606	GABRA5	0.0015774075	0.00030102063	-2.0644848	5.6322346	1
21607	GABRG3	0.27199382	0.1119966	-1.2793616	44.55244	1
21608	GABRG3-AS1	0.01901842	0.007062235	-1.4164815	22.53516	1
21662	SCG5	0.011260224	0.03324903	1.5536538	44.55244	1
21668	RYR3	0.009511444	0.026040072	1.443438	21.490786	1
21690	AC087457.1	0.0001627304	0.0041874466	4.0284634	8.948844	1
21691	ACTC1	0.0007637136	0.29963404	8.438914	44.55244	1
21700	LINC02853	0.0073003904	0.0021820813	-1.6972511	12.633871	1
21701	AC021351.1	0.0051103868	0.0014429914	-1.7556604	9.218263	1
21706	AC018563.1	0.0362122	0.013750761	-1.3904891	44.55244	1
21708	AC078909.1	0.015632784	0.0054252204	-1.5096701	24.964771	1
21709	AC078909.2	0.0024845062	0.00054375525	-2.0053046	7.6668506	1
21724	AC013652.1	0.02708984	0.013156293	-1.0363903	18.200016	1
21731	AC037198.1	0.017032985	0.035307065	1.0472609	22.376135	1
21750	PLCB2	0.0069729765	0.018338745	1.3823512	21.334398	1
21776	SPINT1-AS1	0.004301648	0.0017664717	-1.2377301	6.7782745	1
21783	CHAC1	0.0037599588	0.053239882	3.7885573	44.55244	1
21798	LTK	0.00095037307	0.0029500313	1.5379221	5.508601	1
21810	EHD4	0.029134506	0.067598745	1.2114569	44.55244	1
21829	CDAN1	0.042845856	0.018891355	-1.1771761	44.55244	1
21876	SORD	0.04014473	0.081328414	1.0167325	44.55244	1
21879	DUOX2	2.6298345e-05	0.0015352526	3.6946058	5.271469	1
21888	AC051619.5	0.007061823	0.0020107748	-1.7625542	14.159498	1
21891	GATM	0.0061405934	0.15673397	4.651411	44.55244	1
21893	SPATA5L1	0.031592783	0.07736266	1.2893466	44.55244	1
21901	SQOR	0.0035898061	0.0075548803	1.0528346	8.312679	1
21903	AC068722.1	0.040228393	0.016530573	-1.277958	44.55244	1
21907	AC073941.1	0.010966357	0.003800494	-1.5044516	12.620702	1
21910	AC023905.1	0.0055330186	0.0025193843	-1.1046804	5.173225	1
21939	FGF7	0.23819785	0.020458784	-3.534939	44.55244	1
21941	ATP8B4	0.0067579322	0.0018283507	-1.8304062	13.975883	1
21959	MIR4713HG	0.0023782123	0.0119303465	2.2793064	19.854385	1
21960	TNFAIP8L3	0.0052508134	0.06769264	3.6632986	44.55244	1
21967	SCG3	0.0027987147	0.015319483	2.4112692	40.188828	1
21970	LYSMD2	0.012369548	0.038077377	1.614309	44.55244	1
21975	AC090971.2	0.0030297998	0.006911546	1.1636621	5.9530907	1
21990	MYO5A	0.06337276	0.12808275	1.0139927	44.55244	1
22036	CGNL1	0.045913316	0.66471046	3.8528197	44.55244	1
22041	GCOM1	0.009954026	0.0037806171	-1.3734152	13.927148	1
22044	ALDH1A2	0.3676277	0.05490108	-2.741106	44.55244	1
22045	AC012653.2	0.007247644	0.00056600856	-3.463669	32.687946	1
22048	LIPC	0.00014872118	0.0030163932	3.647276	6.50604	1
22051	AC018904.1	0.0011143285	0.003926704	1.7294407	7.109026	1
22066	AC092868.2	0.0035949338	0.007850004	1.1054071	6.7444906	1
22095	C2CD4A	0.00027178804	0.0052003507	3.8335354	17.453663	1
22096	C2CD4B	0.00073414476	0.010277503	3.6370177	26.522587	1
22111	APH1B	0.029477114	0.062049437	1.0712601	44.55244	1
22112	CA12	0.004713327	0.10928309	4.5062113	44.55244	1
22135	RBPMS2	0.04164562	0.08952385	1.1022578	44.55244	1
22137	PLEKHO2	0.014707099	0.030555848	1.0498734	24.35542	1
22175	LINC01169	0.00030431754	0.008780025	4.457003	29.5661	1
22176	SMAD6	0.042070106	0.38600013	3.1946824	44.55244	1
22177	AC013564.1	0.00087132386	0.015444137	4.000274	38.946987	1
22179	AC093334.1	0.003929561	0.011283547	1.4982555	11.964751	1
22199	CORO2B	0.11718171	0.054767646	-1.0959504	44.55244	1
22209	PAQR5	0.0012488945	0.007929211	2.5734806	15.503128	1
22211	AC027237.3	0.010671629	0.024828445	1.2105565	17.890629	1
22225	LARP6	0.058985673	0.12673664	1.1020913	44.55244	1
22229	THSD4	0.170279	0.060537297	-1.49047	44.55244	1
22241	PKM	0.34144658	0.92277235	1.4340489	44.55244	1
22260	HCN4	0.0003167324	0.006607459	4.008573	15.594138	1
22273	ISLR2	0.004409226	0.0008693573	-2.2177794	12.288033	1
22274	AC010931.2	0.0054568513	0.00063370867	-2.9209883	22.89041	1
22276	ISLR	0.33287668	0.08912167	-1.899955	44.55244	1
22299	MPI	0.023072839	0.053627286	1.2132202	44.55244	1
22302	RPP25	0.0136527205	0.095374875	2.7954042	44.55244	1
22303	SCAMP5	0.015038557	0.03500866	1.2135993	32.315292	1
22305	C15orf39	0.013992884	0.053419646	1.9251018	44.55244	1
22333	NRG4	0.018402176	0.0048438045	-1.9040014	34.739307	1
22346	AC046168.1	0.0008394289	8.1490725e-10	-3.2317722	5.125701	1
22368	HYKK	0.009424764	0.0042754356	-1.1222568	9.3445	1
22372	CHRNA3	0.0135616185	0.00050605217	-4.4945426	44.55244	1
22373	CHRNB4	0.014474812	0.0009682017	-3.7702212	44.55244	1
22377	CTSH	0.020411363	0.0047972854	-2.0663693	44.55244	1
22382	TMED3	0.15986726	0.37435365	1.2270104	44.55244	1
22389	AC015871.1	0.041594446	0.08914257	1.0978769	44.55244	1
22391	ST20-AS1	0.0076187793	0.016335648	1.0903836	16.869463	1
22392	BCL2A1	0.008111195	0.016377086	1.004797	12.859854	1
22394	FAH	0.018501	0.04644366	1.3232045	44.55244	1
22396	CTXND1	7.535589e-05	0.02952945	7.4006023	44.55244	1
22398	AC016705.2	0.004756231	0.0022657628	-1.0375315	5.3588743	1
22424	MEX3B	0.045539413	0.015559971	-1.5431987	44.55244	1
22425	LINC01583	0.00092021475	0.0041644266	2.063479	6.8855057	1
22442	HOMER2	0.018830137	0.06399949	1.759628	44.55244	1
22451	TM6SF1	0.0030313283	0.014759592	2.2465477	30.291258	1
22453	AC103876.1	0.041410565	0.01907003	-1.114626	36.554943	1
22454	BNC1	0.00076144317	0.0071945586	3.081993	18.355097	1
22456	ADAMTSL3	0.07958637	0.039106928	-1.0232244	42.41256	1
22466	NMB	0.009993804	0.06824814	2.759432	44.55244	1
22472	ALPK3	0.01767035	0.09525519	2.4238393	44.55244	1
22486	AGBL1	0.05256253	0.00645922	-3.0051808	44.55244	1
22493	NTRK3	0.1453418	0.018470569	-2.969352	44.55244	1
22499	AEN	0.019534238	0.040336728	1.0422947	28.940538	1
22500	ISG20	0.0036807521	0.015275923	2.0239277	30.514357	1
22502	ACAN	0.069026396	0.006393965	-3.4120653	44.55244	1
22530	SEMA4B	0.010757685	0.055503044	2.3564475	44.55244	1
22563	SV2B	0.0019497591	0.00019967547	-2.7739813	7.423585	1
22582	RGMA	0.02771518	0.0035200922	-2.9417741	44.55244	1
22584	AC091078.1	0.013203673	0.0016571569	-2.9205096	43.77429	1
22585	AC110023.1	0.0152049465	0.0012492203	-3.5038002	44.55244	1
22615	LINC02253	0.0005704281	0.034998626	5.7101884	44.55244	1
22616	AC020704.1	0.00019790605	0.0017897595	2.6652732	5.0282226	1
22617	LINC02254	0.00065121055	0.00686994	3.213857	18.943125	1
22623	ARRDC4	0.018171467	0.045964815	1.3340728	44.55244	1
22626	AC022523.1	0.0020260678	0.0004882345	-1.8537244	5.9894795	1
22654	ADAMTS17	0.0068042646	0.014610316	1.0912687	9.216304	1
22671	AC090907.1	0.0006674123	0.006010451	2.993205	17.055458	1
22672	AC090907.2	0.0010503568	0.0037680566	1.7495276	6.78206	1
22676	CHSY1	0.09422946	0.49722412	2.398406	44.55244	1
22680	PCSK6	0.0045278235	0.037608866	3.026498	44.55244	1
22703	RGS11	0.0009579807	0.0068338076	2.7123344	18.594114	1
22704	ARHGDIG	0.00020205716	0.0029512397	3.336502	8.5001	1
22708	TMEM8A	0.03416268	0.09801784	1.5178775	44.55244	1
22709	NME4	0.31454095	0.66058797	1.0702627	44.55244	1
22718	NHLRC4	0.010454068	0.0035865689	-1.5174485	20.245499	1
22737	HAGHL	0.010278109	0.027553853	1.4139369	37.118	1
22751	AC009041.2	0.05096358	0.01669013	-1.6046815	44.55244	1
22752	SOX8	0.015026681	0.0047806296	-1.6319562	27.21648	1
22761	BAIAP3	0.005429889	0.0019688394	-1.4184288	7.6658936	1
22872	PAQR4	0.0098752305	0.034162726	1.780218	44.55244	1
22926	GLIS2	0.03947588	0.019563578	-1.0090957	35.689087	1
22964	RBFOX1	0.019547394	0.004648109	-2.048913	38.537556	1
22970	TMEM114	0.004547338	4.4286302e-05	-5.0093985	26.44434	1
23003	TVP23A	0.01518617	0.004591144	-1.7042153	29.626614	1
23013	SOCS1	0.029740246	0.07741103	1.3771423	44.55244	1
23071	MPV17L	0.0063269925	0.0020712435	-1.5656222	12.160144	1
23091	XYLT1	0.18897852	0.052854355	-1.8361642	44.55244	1
23114	SYT17	0.010763086	0.08691329	3.0018017	44.55244	1
23138	ACSM3	0.03861089	0.25542182	2.722635	44.55244	1
23139	ACSM1	0.0024225041	0.016529426	2.7208097	29.184334	1
23148	TMEM159	0.045409642	0.11096307	1.287135	44.55244	1
23182	HS3ST2	0.019150844	0.0049926955	-1.9184203	28.251852	1
23204	PRKCB	0.0029058198	0.26639536	6.470208	44.55244	1
23244	SBK1	0.030232027	0.008799702	-1.7690129	44.55244	1
23255	SULT1A2	0.0016858596	0.0054002446	1.622877	9.791996	1
23256	SULT1A1	0.019580457	0.056668013	1.5283146	44.55244	1
23301	SEZ6L2	0.15561523	0.34958467	1.1671444	44.55244	1
23302	ASPHD1	0.017345548	0.04562151	1.3900142	44.55244	1
23312	ALDOA	0.015369482	0.050609916	1.7128431	44.55244	1
23316	YPEL3	0.1407261	0.06744833	-1.0599227	44.55244	1
23369	STX1B	0.010145054	0.0050048153	-1.004997	8.421647	1
23377	VKORC1	0.1890839	0.5352555	1.500708	44.55244	1
23414	SHCBP1	0.018895729	0.038440317	1.0206934	26.048676	1
23419	MYLK3	0.0023701154	0.018585097	2.9192376	37.337666	1
23421	GPT2	0.02095597	0.04847637	1.2060252	44.55244	1
23441	AC007611.1	0.0018319943	0.0045602755	1.2703245	5.0226207	1
23456	ADCY7	0.007958041	0.037628528	2.227155	44.55244	1
23471	SALL1	0.0041585458	0.011072468	1.3915151	12.320822	1
23483	TOX3	0.03034801	0.010525957	-1.5187552	39.429234	1
23487	AC007906.2	0.005301864	0.0016817779	-1.6001399	10.126573	1
23501	IRX3	0.00054242834	0.019820949	4.954607	44.55244	1
23507	CRNDE	0.022238996	0.13519762	2.5985003	44.55244	1
23508	IRX5	0.0009202073	0.010386547	3.3616054	29.126238	1
23517	SLC6A2	2.09965e-05	0.0020321812	4.1392927	6.943674	1
23518	CES1	7.3620606e-05	0.0052070585	4.9339023	21.803833	1
23520	AC040168.1	0.015335947	0.041305736	1.4235367	38.736084	1
23522	GNAO1	0.034525655	0.13841751	2.0001552	44.55244	1
23533	MT2A	0.17204624	0.03430875	-2.3227873	44.55244	1
23534	MT1E	0.020331033	0.004378838	-2.1895657	44.55244	1
23540	MT1X	0.014810982	0.00073137344	-4.164735	44.55244	1
23544	HERPUD1	0.13647273	0.31335226	1.1985762	44.55244	1
23546	AC012181.1	0.0015163077	0.0045433287	1.5224575	6.3802414	1
23564	DOK4	0.04936803	0.11308995	1.1941775	44.55244	1
23567	ADGRG1	0.002073165	0.01787833	3.0483892	42.70118	1
23573	KIFC3	0.03274088	0.077327326	1.23735	44.55244	1
23580	MMP15	0.003800561	0.024646517	2.6654718	44.55244	1
23591	NDRG4	0.010576206	0.022351995	1.0724446	18.962946	1
23607	AC040174.1	0.00012211729	0.0049261013	4.5000463	10.9647	1
23609	AC138305.1	0.00037071083	0.015800875	5.078121	31.028513	1
23619	LINC00922	0.010535699	0.0040624114	-1.3534235	12.112226	1
23624	BEAN1	0.002150862	0.012751552	2.513393	27.31081	1
23653	B3GNT9	0.019434048	0.039904412	1.0341682	34.081966	1
23654	TRADD	0.01910596	0.06399047	1.7385558	44.55244	1
23655	FBXL8	0.006713456	0.023861393	1.8142532	39.99937	1
23657	NOL3	0.008966163	0.13590245	3.9069967	44.55244	1
23684	CARMIL2	0.0019038118	0.007202521	1.8656476	13.905865	1
23688	C16orf86	0.0028032532	0.0067063617	1.2292132	8.6567135	1
23726	CDH3	0.012601861	0.002354399	-2.371598	40.64691	1
23727	AC126773.4	0.008811479	0.00073074736	-3.4231832	41.906036	1
23748	NQO1	0.051690537	0.21576905	2.059396	44.55244	1
23762	AC012184.4	0.0040431023	0.011770563	1.5186051	13.618782	1
23768	IL34	0.02015955	0.0042549744	-2.217866	44.55244	1
23816	AC140912.1	5.7823207e-05	0.010845394	6.115871	33.64887	1
23828	NPIPB15	0.000968557	0.0091017755	3.1062484	24.170898	1
23833	MLKL	0.0060427724	0.030973272	2.3387122	44.55244	1
23867	CNTNAP4	0.053523913	0.0153447585	-1.7957592	44.55244	1
23870	AC106729.1	0.0024982123	0.000572954	-1.9489394	5.7449875	1
23875	ADAMTS18	0.002333844	0.009773725	2.0203576	11.019189	1
23906	AC105411.1	0.014873235	0.002872775	-2.3325038	32.23456	1
23907	DYNLRB2	0.004108416	0.0012244544	-1.6678791	9.468997	1
23909	CDYL2	0.029550739	0.013698423	-1.1035646	23.287544	1
23935	CDH13	0.18963438	0.6730999	1.8270538	44.55244	1
23936	AC099506.1	0.0013833881	0.005875386	2.010136	7.271852	1
23946	OSGIN1	0.0017030508	0.0043477938	1.3026499	5.7118297	1
23956	WFDC1	0.0025613985	0.021735316	3.036407	44.55244	1
23965	CRISPLD2	0.12532361	0.03753907	-1.736506	44.55244	1
23966	AC025280.2	0.00081830256	8.1490725e-10	-3.198958	6.140149	1
23981	C16orf74	0.025398526	0.012588192	-1.0069274	20.461922	1
23996	FENDRR	0.0005855049	0.012967018	4.2526193	29.90337	1
23997	FOXF1	0.0006069341	0.01589369	4.4997835	44.55244	1
24024	JPH3	0.02197613	0.00992813	-1.1384348	23.440836	1
24031	SLC7A5	0.018805202	0.073842816	1.9676268	44.55244	1
24046	CYBA	0.18211235	0.5078023	1.4789304	44.55244	1
24053	PIEZO1	0.025138639	0.060493525	1.2635295	44.55244	1
24062	CBFA2T3	0.006177253	0.0016561381	-1.837727	14.684198	1
24070	CDH15	0.0010361688	0.004353239	1.970678	10.879383	1
24097	MC1R	0.012632665	0.027712187	1.1271828	23.151165	1
24102	DBNDD1	0.0009877494	0.0071519976	2.7370322	18.41068	1
24105	FAM157C	0.0024861414	0.016004717	2.6386104	31.648628	1
24111	DOC2B	0.02022651	0.00364079	-2.4419477	44.55244	1
24114	AC129507.4	0.0022361535	3.5257857e-05	-4.110351	12.741626	1
24146	SLC43A2	0.0065930714	0.014062	1.0812848	12.233717	1
24147	SCARF1	0.00675637	0.014241607	1.0646899	11.237779	1
24151	TLCD2	0.06409023	0.023917891	-1.4182442	44.55244	1
24152	MIR22HG	0.046046015	0.10582238	1.1987294	44.55244	1
24159	RTN4RL1	0.005417254	0.0021705343	-1.2809184	6.243511	1
24163	DPH1	0.014905503	0.0072665554	-1.0264297	14.225081	1
24168	HIC1	0.17862414	0.042988904	-2.0523462	44.55244	1
24187	RAP1GAP2	0.010192901	0.041743595	2.0233572	44.55244	1
24210	P2RX1	0.0004797958	0.022907015	5.310385	44.55244	1
24226	SMTNL2	0.005159519	0.06747763	3.683543	44.55244	1
24235	CXCL16	0.0029168907	0.008827865	1.5652528	15.697847	1
24238	VMO1	0.007054059	0.002895572	-1.2559304	10.36607	1
24250	ENO3	0.005018692	0.023884207	2.2282376	37.1677	1
24274	AC004148.1	0.004995553	0.0125168115	1.3080368	17.605661	1
24280	NLRP1	0.009850716	0.025306122	1.352304	24.168085	1
24284	WSCD1	0.0016782145	0.00036515665	-1.9346408	5.6409	1
24297	XAF1	0.0038682364	0.008155324	1.0568267	5.5829306	1
24318	ELP5	0.06829916	0.15826176	1.2111734	44.55244	1
24320	SLC2A4	0.0019746441	0.00040912867	-2.0267618	5.966929	1
24321	YBX2	0.0037806537	0.00077983126	-2.141001	12.203808	1
24334	TMEM102	0.0036323776	0.007902987	1.1004436	8.584747	1
24335	FGF11	0.010789371	0.045261916	2.058561	44.55244	1
24347	AC016876.1	0.016908245	0.008047172	-1.0618631	17.878078	1
24364	KCNAB3	0.006747024	0.0030821166	-1.1054903	8.469886	1
24383	SLC25A35	0.0058170278	0.0028147006	-1.0215249	5.9950743	1
24391	NDEL1	0.11812117	0.24693558	1.0632305	44.55244	1
24419	AC005323.2	0.0045577637	0.0012087324	-1.8314673	10.330155	1
24445	LINC00670	0.008390844	0.0016121197	-2.3101244	20.820906	1
24463	AC005224.2	0.0068750815	0.013868806	1.0019268	9.210821	1
24464	AC022816.1	0.0026175594	0.005718143	1.0982472	5.017588	1
24485	AC015922.3	0.00899562	0.018896757	1.0625093	18.939547	1
24487	ADORA2B	0.02395594	0.09454579	1.9761453	44.55244	1
24497	TRPV2	0.0041112914	0.035432056	3.0767868	44.55244	1
24515	PLD6	0.0035273328	0.0013598311	-1.3131077	5.799784	1
24521	RASD1	0.0023957635	0.010442977	2.0787292	18.574053	1
24539	ALKBH5	0.07918778	0.16388051	1.0483538	44.55244	1
24555	TVP23B	0.03360637	0.0719762	1.0965017	44.55244	1
24580	SLC47A1	0.00095470826	0.03671594	5.125415	44.55244	1
24581	AC025627.1	0.00026673832	0.003363189	3.239278	8.02803	1
24610	KCNJ12	0.0010192296	0.00601186	2.4491055	14.949337	1
24616	MTRNR2L1	0.0035019238	0.07985971	4.4724336	44.55244	1
24623	LGALS9	0.007829997	0.025611786	1.6970377	32.706116	1
24639	VTN	0.00058301	0.006361126	3.241807	15.290363	1
24643	AC005726.1	0.008140353	0.017492482	1.0941812	13.8629675	1
24648	ALDOC	0.005537933	0.06294927	3.4832416	44.55244	1
24695	CORO6	0.0025110655	0.010914915	2.0767477	20.08686	1
24727	ADAP2	0.044742763	0.014879644	-1.5818719	44.55244	1
24774	ASIC2	0.2567528	0.022133842	-3.5301125	44.55244	1
24782	CCL7	0.016157603	0.0026340107	-2.5720236	44.55244	1
24784	CCL8	0.00077515683	0.0043875547	2.358316	9.102599	1
24800	UNC45B	5.7502002e-05	0.008777226	5.816667	19.048025	1
24803	AC022916.1	0.0026320473	0.0009503883	-1.3790597	5.262394	1
24806	SLFN11	0.0061150864	0.0016493008	-1.8289961	14.048236	1
24817	RASL10B	0.027789626	0.012541117	-1.1416047	35.054817	1
24819	MMP28	0.02383925	0.0049843476	-2.2352433	44.55244	1
24831	CCL14	0.0012256594	0.00018103168	-2.2379055	5.510081	1
24841	AC243829.1	0.00046873878	0.0032970046	2.5784252	6.7789702	1
24842	CCL3L1	0.0002573836	0.0050682873	3.8541408	9.570566	1
24876	SRCIN1	0.0043879263	0.0007077936	-2.4739904	15.81365	1
24883	CISD3	0.03646529	0.08216722	1.169843	44.55244	1
24894	LINC00672	0.007829132	0.033437558	2.080543	44.55244	1
24897	PLXDC1	0.22245242	0.09956672	-1.1589614	44.55244	1
24912	TCAP	0.0013789989	0.018851753	3.6796384	39.60493	1
24964	KRT19	0.0026458495	0.013744147	2.3339515	30.009445	1
24967	KRT17	0.0043285294	0.010787714	1.2978015	10.065064	1
24973	FKBP10	0.28749987	0.59811556	1.0566025	44.55244	1
24992	GHDC	0.0029051956	0.0062582036	1.0811603	6.149182	1
25014	CCR10	0.028459353	0.010135794	-1.4803404	44.55244	1
25033	PTGES3L	0.002474711	0.015157486	2.567035	31.22369	1
25043	TMEM106A	0.009972111	0.029087055	1.5349625	35.61775	1
25044	CCDC200	0.0027305419	0.009608317	1.7781429	13.872896	1
25046	ARL4D	0.022160128	0.18206911	3.0327446	44.55244	1
25050	MEOX1	0.019676255	0.0043553608	-2.150155	43.77429	1
25053	DUSP3	0.044465136	0.09646894	1.1156437	44.55244	1
25081	GRN	0.17033161	0.3856539	1.1784878	44.55244	1
25095	HIGD1B	0.025279738	0.003045466	-3.0123315	44.55244	1
25101	C1QL1	0.002379982	0.0059725665	1.2919767	7.3282247	1
25142	RPRML	0.00032368186	0.0019654	2.285368	5.44227	1
25147	MYL4	0.008146777	0.17423536	4.401891	44.55244	1
25148	ITGB3	0.02419868	0.08202984	1.7570287	44.55244	1
25150	AC068234.2	0.00843036	0.022025855	1.3750547	21.778173	1
25151	EFCAB13	0.038119297	0.078562245	1.04137	44.55244	1
25163	SP6	0.0028259656	0.019887106	2.772085	44.55244	1
25191	AC103702.1	0.00837183	0.0034054853	-1.2730594	10.935261	1
25198	AC103702.2	0.095140174	0.02816267	-1.7526724	44.55244	1
25199	LINC02086	0.11254495	0.041401494	-1.4405473	44.55244	1
25201	PRAC2	0.00021360596	0.0021173472	2.8218098	8.920076	1
25202	HOXB13	0.0015963264	0.0038845355	1.231998	5.739496	1
25203	TTLL6	0.0016403113	0.0043544066	1.3558878	6.376608	1
25215	ABI3	0.0032945601	0.013600863	2.01297	28.534658	1
25225	NGFR	0.03532806	0.38512564	3.4427392	44.55244	1
25253	SGCA	0.0011753789	0.010293736	3.0267167	25.355177	1
25255	AC015909.1	0.0019013489	0.004595301	1.2302449	5.0415792	1
25276	ABCC3	0.002452156	0.011234717	2.15096	19.263367	1
25295	CA10	0.13528013	0.054206178	-1.3178278	44.55244	1
25296	LINC01982	0.005456924	0.0004421844	-3.357431	19.880806	1
25305	HLF	0.033249028	0.005060958	-2.691934	44.55244	1
25311	PCTP	0.031684726	0.06464325	1.0263962	44.55244	1
25314	NOG	0.00040933536	0.005588294	3.4813082	14.907625	1
25402	TBX4	0.0015017585	0.0002512031	-2.189279	5.3623376	1
25418	AC005972.3	0.0069446336	0.0021070216	-1.6744239	11.906003	1
25440	CD79B	0.00047721947	0.0032119995	2.5205107	9.392179	1
25463	AXIN2	0.009361806	0.0038111035	-1.2745398	12.312174	1
25482	C17orf58	0.017240832	0.048706215	1.4928919	44.55244	1
25496	WIPI1	0.075935476	0.17235516	1.1814767	44.55244	1
25502	ABCA8	0.0023586892	0.14808345	5.913351	44.55244	1
25504	ABCA9	0.049938813	0.014848832	-1.7430148	44.55244	1
25505	ABCA6	0.018405037	0.0053356984	-1.7673807	31.83849	1
25506	ABCA10	0.0126781	0.02663596	1.0651081	13.71938	1
25524	SOX9-AS1	0.003148141	0.009117141	1.5047051	11.73616	1
25526	SOX9	0.038355064	0.1678458	2.1267502	44.55244	1
25554	GPRC5C	0.031751495	0.17045566	2.4208097	44.55244	1
25555	CD300A	0.0006783927	0.0051720906	2.759805	13.847156	1
25562	RAB37	0.0005248379	0.0031787816	2.391606	9.733157	1
25565	SLC9A3R1	0.016967133	0.0395492	1.2160711	39.55545	1
25576	CDR2L	0.02375082	0.06085628	1.353736	44.55244	1
25600	LLGL2	0.018680051	0.008789521	-1.0790235	17.128298	1
25636	SPHK1	0.016549818	0.04013396	1.2729074	44.55244	1
25649	ST6GALNAC1	2.4057335e-05	0.002493854	4.3860183	9.657692	1
25653	JMJD6	0.03263794	0.06539288	1.0003746	44.55244	1
25676	TMC6	0.018970609	0.038601413	1.0210353	28.906845	1
25678	C17orf99	0.00025623394	0.0018845828	2.477939	5.7765665	1
25699	LGALS3BP	0.115816705	0.34272707	1.5643924	44.55244	1
25701	C1QTNF1-AS1	0.0002328342	0.0023259944	2.8657007	7.9533777	1
25702	C1QTNF1	0.022191934	0.1098494	2.302246	44.55244	1
25750	AC027601.6	0.014537714	0.004802021	-1.5782417	23.574768	1
25775	P4HB	0.3679959	0.8819829	1.2608327	44.55244	1
25783	NPB	0.0024188436	0.018154029	2.8573816	44.55244	1
25789	PYCR1	0.07158687	0.20359775	1.5066493	44.55244	1
25797	RAC3	0.06621104	0.17469925	1.398378	44.55244	1
25807	SLC16A3	0.01718966	0.167011	3.2728255	44.55244	1
25814	SECTM1	0.007234731	0.0007102047	-3.1783857	30.011726	1
25843	METRNL	0.034105077	0.09018821	1.4003272	44.55244	1
25851	AP001005.3	-1.36424205e-08	0.0034844286	5.163868	13.70134	1
25856	COLEC12	0.15872535	0.03895782	-2.023758	44.55244	1
25859	CLUL1	0.016444545	0.00047017424	-4.858809	44.55244	1
25863	ENOSF1	0.07685285	0.17036055	1.1473913	44.55244	1
25871	AP000894.2	0.0016691481	0.00021053603	-2.5102222	7.143396	1
25872	ADCYAP1	0.010281933	0.0028939145	-1.7939701	22.4504	1
25874	AP000829.1	0.020567691	0.06828315	1.7262636	44.55244	1
25884	EMILIN2	0.017138606	0.073269874	2.0895448	44.55244	1
25898	GAPLINC	0.0026113207	0.0074047316	1.4688046	12.098826	1
25899	DLGAP1	0.74291396	0.15132187	-2.2948158	44.55244	1
25905	DLGAP1-AS4	0.008679332	0.0016102634	-2.3598926	25.355349	1
25906	DLGAP1-AS5	0.005820586	0.0007931884	-2.7287035	21.37064	1
25907	AP005203.1	0.003328634	0.0011230272	-1.4871776	5.7999887	1
25914	AP005671.1	0.0004250487	0.0034081442	2.7401848	8.406295	1
25915	EPB41L3	0.04257178	0.17414615	2.0297725	44.55244	1
25922	L3MBTL4	0.015783194	0.03892162	1.2967727	27.575258	1
25931	LAMA1	0.006017941	0.017678717	1.539033	21.009384	1
25934	PTPRM	0.39479303	0.90524304	1.1970028	44.55244	1
25936	AP000897.1	0.0012226235	0.0043172725	1.7397534	7.0993757	1
25941	AP001094.2	0.0022976864	0.005648807	1.2616197	5.965795	1
26013	LDLRAD4	0.4141796	0.19595005	-1.0793828	44.55244	1
26037	GREB1L	0.03028975	0.010074309	-1.5786539	44.55244	1
26042	ABHD3	0.029467298	0.07055551	1.2567997	44.55244	1
26046	MIR133A1HG	0.0012515176	0.0054757255	2.0445793	7.4966397	1
26067	ANKRD29	0.001190061	0.004072008	1.6933028	6.6767936	1
26093	TAF4B	0.014350058	0.030980103	1.1049161	20.436094	1
26107	CDH2	0.4618211	0.99717134	1.1103396	44.55244	1
26114	DSC3	0.0052623306	0.03252245	2.6049333	44.55244	1
26115	DSC2	0.016313517	0.0658403	2.006276	44.55244	1
26123	DSG2	0.07564704	0.22416717	1.565957	44.55244	1
26125	TTR	9.7774224e-05	0.0027397235	3.8438241	5.620049	1
26144	KLHL14	0.0038132153	0.02953838	2.92104	42.26018	1
26151	DTNA	0.0903083	0.2849211	1.6565415	44.55244	1
26175	MOCOS	0.0023930469	0.012240986	2.3074758	23.21895	1
26194	AC079052.1	0.0003897326	0.0035861752	2.9120586	7.2796273	1
26195	AC021504.1	0.0044911588	0.05885591	3.6827064	44.55244	1
26201	RIT2	0.0021785165	0.0054857316	1.2936513	6.2991567	1
26209	SLC14A2-AS1	0.0028141164	0.00058685226	-2.084987	8.339634	1
26216	SLC14A1	0.0049898173	0.0014825978	-1.6853193	8.511063	1
26239	ZBTB7C	0.012328602	0.05169043	2.0590215	44.55244	1
26263	MAPK4	0.0010618226	0.0039569135	1.8039927	5.0805035	1
26273	DCC	0.0675223	0.016303122	-2.0435288	44.55244	1
26281	RAB27B	0.048128027	0.1328523	1.462965	44.55244	1
26284	CCDC68	0.15246709	0.40396056	1.4051276	44.55244	1
26289	AC022031.2	0.0010865034	0.01886096	3.998244	42.306927	1
26294	AC009271.1	0.004087444	0.017800286	2.095841	21.113148	1
26305	ST8SIA3	0.00562039	0.0006171097	-2.9958477	25.717283	1
26306	ONECUT2	0.028467769	0.002794537	-3.3029838	44.55244	1
26312	ATP8B1	0.4103247	0.15382434	-1.414896	44.55244	1
26319	ALPK2	0.012474946	0.1251912	3.3166611	44.55244	1
26337	CCBE1	0.04492089	0.20972724	2.2205353	44.55244	1
26343	PMAIP1	0.033631023	0.16638543	2.303248	44.55244	1
26351	AC090409.1	0.0006223744	0.00617337	3.1184218	22.551945	1
26355	PIGN	0.08080835	0.2068241	1.3547412	44.55244	1
26374	SERPINB7	0.0008841125	3.5318903e-05	-2.86246	5.558112	1
26377	HMSD	7.306219e-05	0.0013922075	3.1080856	5.9477577	1
26379	SERPINB8	0.007627541	0.02377455	1.6273922	35.475574	1
26384	LINC01916	0.0062903794	0.0024499698	-1.3254215	7.5030904	1
26387	CDH19	0.0003918992	0.04119279	6.391383	44.55244	1
26403	AC090337.1	0.0058350638	0.014435359	1.2922313	14.270213	1
26406	DOK6	0.14838646	0.462317	1.638863	44.55244	1
26407	AC119868.2	0.0054905745	0.01601683	1.5274996	14.878493	1
26425	CBLN2	0.003873442	0.011459251	1.5405866	10.8836565	1
26436	CYB5A	0.06489431	0.14569674	1.1655731	44.55244	1
26439	DIPK1C	0.0020879346	0.000101417994	-3.4413052	12.019531	1
26449	ZADH2	0.10771084	0.050251096	-1.0984071	44.55244	1
26450	TSHZ1	0.16268137	0.06340601	-1.3579705	44.55244	1
26451	AC116003.1	0.0012238849	0.00013237927	-2.5102243	5.2356935	1
26452	AC012101.2	0.006271056	0.0011995755	-2.293492	20.019892	1
26483	NFATC1	0.045985475	0.15131417	1.7161161	44.55244	1
26508	LINC01002	0.0055252537	0.014871349	1.412214	16.998009	1
26509	AC016588.2	0.004578496	0.0020593503	-1.1154474	5.44692	1
26510	PLPP2	0.008164498	0.024692198	1.5848871	40.22598	1
26518	MADCAM1	0.0064448416	0.0028752144	-1.1373645	7.3230343	1
26523	AC009005.1	0.006883588	0.002581444	-1.3809583	12.235063	1
26550	GRIN3B	0.0010235785	0.003641504	1.7355176	7.5849752	1
26554	ABCA7	0.004407197	0.017436076	1.9600236	30.083883	1
26565	CIRBP-AS1	0.00038347268	0.0020923587	2.1809776	6.979231	1
26582	REEP6	0.0028389231	0.006488068	1.1645677	7.3707685	1
26585	PLK5	0.0021420943	0.00030288397	-2.4764106	8.253476	1
26592	ATP8B3	0.0014813647	0.007626746	2.2886908	15.492765	1
26647	TLE6	0.0015210472	0.0060735904	1.9291836	10.913831	1
26648	TLE2	0.025521418	0.061608605	1.2681215	44.55244	1
26657	CELF5	0.010102198	0.0037031202	-1.4236246	14.043058	1
26668	GIPC3	0.0011934493	0.016274838	3.6621852	44.55244	1
26669	TBXA2R	0.0030655197	0.033899177	3.4249856	44.55244	1
26679	ATCAY	0.01181335	0.028133858	1.244847	27.680557	1
26692	SHD	0.0004276004	0.002062098	2.0349143	5.422141	1
26694	FSD1	0.013419925	0.03610145	1.4209603	44.55244	1
26712	SEMA6B	0.017744275	0.0030782383	-2.489162	44.55244	1
26714	MYDGF	0.2700223	0.5901296	1.1276636	44.55244	1
26738	LONP1	0.05766203	0.11903835	1.0444444	44.55244	1
26742	NRTN	0.013502174	0.004075208	-1.7039173	26.89085	1
26802	STXBP2	0.0043108985	0.015941445	1.8626597	29.752775	1
26810	PRR36	0.004267683	0.0016762377	-1.2980434	5.9773016	1
26816	TGFBR3L	0.004016205	0.0082722055	1.024293	7.896426	1
26827	FBN3	0.036400042	0.0056178756	-2.6743472	44.55244	1
26830	CD320	0.061838783	0.13247658	1.0979111	44.55244	1
26853	ZNF699	0.026399514	0.011539993	-1.1868757	27.814621	1
26855	ZNF559	0.07311213	0.0361901	-1.0125066	44.55244	1
26856	ZNF177	0.01891287	0.009066904	-1.0524698	16.99674	1
26860	ZNF560	0.0050454615	0.0009386688	-2.3085647	15.902389	1
26882	ANGPTL6	0.0049532065	0.017265901	1.7809862	28.473694	1
26891	ICAM1	0.024158342	0.01140373	-1.0763792	22.026947	1
26899	ICAM3	0.010141878	0.031036273	1.6041158	44.55244	1
26902	PDE4A	0.009765927	0.021522462	1.1320044	18.493444	1
26922	LDLR	0.12873866	0.33559495	1.3815852	44.55244	1
26938	EPOR	0.0141782	0.042772997	1.5862552	44.55244	1
26948	ACP5	0.0045126807	0.014768776	1.6886085	18.17812	1
27012	NFIX	0.19319136	0.07424149	-1.3785377	44.55244	1
27015	LYL1	0.002965249	0.024564803	3.0083776	44.55244	1
27024	CACNA1A	0.008782396	0.076344565	3.1053932	44.55244	1
27043	SAMD1	0.07172742	0.15546957	1.1149533	44.55244	1
27066	ADGRE2	0.016088959	0.059225846	1.8736507	44.55244	1
27130	F2RL3	0.0005789595	0.009869456	3.8761175	34.803146	1
27152	PLVAP	0.010649817	0.046179995	2.1060767	44.55244	1
27160	TMEM221	0.018789688	0.0037446944	-2.296658	44.55244	1
27167	COLGALT1	0.07290143	0.14716113	1.01238	44.55244	1
27178	KCNN1	0.003390115	0.0077638347	1.1719583	7.245331	1
27179	ARRDC2	0.003398815	0.010754457	1.6333493	18.00376	1
27188	PDE4C	0.008964783	0.023759238	1.3962036	22.758423	1
27191	JUND	0.26881185	0.64114946	1.2537525	44.55244	1
27256	AC011447.3	0.021130161	0.047223613	1.156445	37.081738	1
27267	ZNF714	0.043440722	0.09374727	1.1079494	44.55244	1
27272	AC010615.2	0.013906308	0.004941032	-1.4742858	21.505203	1
27274	ZNF429	0.047174156	0.021938527	-1.1010239	44.55244	1
27281	ZNF208	0.00017432583	0.0038729387	3.856244	9.555265	1
27284	ZNF676	-1.36424205e-08	0.002242244	4.5500164	6.133453	1
27303	ZNF726	0.0032442547	0.0008331614	-1.8414861	8.963876	1
27315	AC010511.1	0.018594537	0.0068132393	-1.4351829	21.816559	1
27334	PLEKHF1	0.015360546	0.0075677834	-1.0117098	14.864052	1
27374	CEBPA-DT	0.0032473046	0.00070992263	-2.047144	10.183067	1
27375	AC008738.2	0.0008982749	8.1490725e-10	-3.3194253	6.521367	1
27376	CEBPG	0.06329409	0.13860919	1.1296431	44.55244	1
27385	GPI	0.14945143	0.36862028	1.3018849	44.55244	1
27415	FXYD7	0.008323764	0.018277463	1.1254005	16.203962	1
27416	FXYD5	0.09418527	0.5169511	2.4552026	44.55244	1
27422	MAG	0.009077741	0.00016492119	-5.114504	44.55244	1
27423	CD22	0.016022712	0.0005591104	-4.6124306	44.55244	1
27425	FFAR3	0.0009732283	0.0075763087	2.8384557	22.362394	1
27426	GPR42	0.00017130066	0.0036891398	3.803906	13.484367	1
27428	AC002511.2	7.577819e-05	0.0013031417	2.9968328	5.937305	1
27431	KRTDAP	0.0017284122	0.004747934	1.4067788	7.0942764	1
27432	DMKN	0.04661058	0.17288955	1.8888636	44.55244	1
27446	UPK1A-AS1	0.00021210025	0.0024711443	3.042329	8.6185	1
27455	HSPB6	0.043620955	0.018481296	-1.234474	44.55244	1
27500	ZNF850	0.010219745	0.039714575	1.9478893	44.55244	1
27547	KCNK6	0.014425527	0.07475015	2.3654146	44.55244	1
27553	RASGRP4	0.00042028638	0.0041949344	3.0452583	11.321542	1
27569	RINL	0.0039693234	0.00882024	1.1322937	8.692017	1
27578	FBXO27	0.0027468004	0.008418103	1.5811907	13.802254	1
27583	NCCRP1	0.00096210424	0.025031185	4.5644813	44.55244	1
27585	LRFN1	0.003690832	0.011273577	1.5850995	19.329088	1
27587	GMFG	0.018869575	0.04449344	1.2331442	43.598198	1
27598	SELENOV	0.0021922758	0.00016967786	-3.0874717	10.648814	1
27650	TGFB1	0.10592955	0.35968596	1.7626724	44.55244	1
27665	AC243960.1	0.00014740694	0.002044579	3.1157367	5.864672	1
27681	GRIK5	0.020588296	0.007715351	-1.4044322	28.048998	1
27699	CEACAM1	0.02730783	0.0041257706	-2.6973019	44.55244	1
27723	PLAUR	0.0695585	0.17261536	1.3100251	44.55244	1
27754	ZNF229	-1.36424205e-08	0.0035213945	5.1786704	9.732501	1
27758	AC243964.3	0.0049560154	0.010647187	1.0878863	8.660442	1
27759	PVR	0.025203692	0.06108323	1.2737885	44.55244	1
27760	CEACAM19	0.007014668	0.020625439	1.5425344	24.860365	1
27762	BCL3	0.028356306	0.056829084	1.0004175	43.95038	1
27766	NECTIN2	0.16166313	0.3352749	1.0518918	44.55244	1
27770	APOC1	0.033808447	0.085539296	1.3366282	44.55244	1
27772	APOC2	0.00029043393	0.0026653898	2.8243325	5.272121	1
27787	CKM	0.0004140793	0.012004037	4.5573535	27.391296	1
27793	FOSB	0.08457184	0.23445359	1.4699634	44.55244	1
27803	QPCTL	0.0068541323	0.02391485	1.7879844	32.73564	1
27814	FOXA3	0.0022439111	0.00070979603	-1.5332875	5.0338926	1
27834	PNMA8C	0.0013848013	0.00027364856	-1.990516	5.318621	1
27850	SLC1A5	0.043844294	0.2216771	2.3353624	44.55244	1
27854	NPAS1	0.009338392	0.026937949	1.5183727	29.11618	1
27858	BBC3	0.028529687	0.06487201	1.1823066	44.55244	1
27866	SLC8A2	0.013665692	0.005830459	-1.2148615	17.209433	1
27887	PLA2G4C	0.015309845	0.0652179	2.083626	44.55244	1
27903	GRIN2D	0.019031992	0.08448514	2.1444173	44.55244	1
27905	KCNJ14	0.009262549	0.019077837	1.0344669	15.562228	1
27915	DBP	0.04141855	0.004900107	-3.0537252	44.55244	1
27916	CA11	0.07542035	0.021157006	-1.828927	44.55244	1
27917	NTN5	0.004192107	0.0013520987	-1.5635465	8.737178	1
27925	HSD17B14	0.0145611605	0.03224814	1.1416836	29.736158	1
27929	NUCB1	0.12899731	0.36664227	1.5063076	44.55244	1
27932	DHDH	0.0021858804	0.027140075	3.5749087	44.55244	1
27936	GYS1	0.04223085	0.09024016	1.0936581	44.55244	1
27943	LIN7B	0.018972391	0.04520332	1.2481312	44.55244	1
27946	HRC	0.09035632	0.030730404	-1.5528675	44.55244	1
27948	SLC6A16	0.023117756	0.049041674	1.0817184	35.704895	1
27958	SLC17A7	0.0021803596	0.00040816015	-2.1659062	6.9495325	1
27965	RCN3	0.015883522	0.061431818	1.9447473	44.55244	1
27993	SIGLEC11	0.00076972385	8.1490725e-10	-3.1205456	5.3052764	1
28001	MYH14	0.001965082	0.0048298817	1.2553538	5.5905385	1
28008	MYBPC2	0.0020254797	8.7997796e-05	-3.4990008	12.415841	1
28012	AC020909.2	0.0012305835	0.06478265	5.607702	44.55244	1
28065	SPACA6	0.13526821	0.06727962	-1.0065048	44.55244	1
28066	HAS1	0.0026564382	0.0003935906	-2.4814184	10.331564	1
28074	ZNF350-AS1	0.0056852973	0.002228641	-1.3129028	7.850096	1
28075	ZNF350	0.022734627	0.003907125	-2.5105839	44.55244	1
28093	ZNF880	0.04646399	0.0099512385	-2.2118416	44.55244	1
28095	ZNF528	0.0062297233	0.0019648822	-1.6160828	10.54467	1
28097	ZNF578	0.0010704695	0.0035358714	1.635214	6.203214	1
28102	ZNF83	0.15264866	0.3397749	1.1538441	44.55244	1
28104	AC022150.4	0.0049947402	0.015991459	1.6592146	24.393106	1
28105	ZNF611	0.060268667	0.22531527	1.9007134	44.55244	1
28125	ZNF765	0.018837674	0.03825047	1.0179851	27.201231	1
28127	ZNF761	0.011649534	0.032503977	1.4724445	38.518562	1
28128	ZNF813	0.00969006	0.038529012	1.9802952	44.55244	1
28138	CACNG8	0.034471385	0.08286895	1.2629931	44.55244	1
28142	OSCAR	0.0003329813	0.0023267872	2.486671	6.8602057	1
28162	TTYH1	0.027592605	0.1529194	2.466142	44.55244	1
28180	AC011476.3	0.0016407274	0.0069567063	2.0193048	9.91866	1
28183	EPS8L1	0.0020248387	0.0113730095	2.4328184	29.730984	1
28186	TNNT1	0.003568501	0.043142892	3.5592005	44.55244	1
28187	TNNI3	0.00022754175	0.0035445008	3.4759705	10.728462	1
28188	DNAAF3	0.0005600431	0.002268924	1.8435998	5.60651	1
28206	TMEM238	0.0048561096	0.0021988798	-1.108277	6.5722914	1
28253	ZNF582-AS1	0.008923217	0.004347428	-1.0206705	8.893505	1
28255	ZNF667	0.05901079	0.02611688	-1.1729255	44.55244	1
28256	ZNF667-AS1	0.10320232	0.03136086	-1.7152425	44.55244	1
28257	ZNF471	0.0391147	0.015852539	-1.2976085	44.55244	1
28259	AC005498.2	0.002340221	0.00063345354	-1.7342345	6.238056	1
28260	ZFP28	0.015641743	0.005956464	-1.3780477	22.13059	1
28306	ZNF814	0.09501148	0.20773993	1.1277815	44.55244	1
28317	ZNF135	0.024505677	0.0058076736	-2.0583293	44.55244	1
28351	UBE2M	0.08391793	0.2489604	1.5677265	44.55244	1
28361	TRIB3	0.009953231	0.116128534	3.531233	44.55244	1
28365	TCF15	0.035944726	0.0043356544	-3.0225694	44.55244	1
28367	SLC52A3	1.7684746e-05	0.0011144205	3.3672688	5.548086	1
28368	FAM110A	0.012433605	0.038167536	1.6103196	44.55244	1
28370	RSPO4	0.014821334	0.031205615	1.0690448	22.070658	1
28373	TMEM74B	0.006670525	0.034334995	2.3465362	44.55244	1
28386	AL109809.5	0.0145197585	0.0053558517	-1.4220432	21.258331	1
28387	AL117335.1	0.005556303	0.0015657529	-1.763685	12.754828	1
28417	LZTS3	0.0042838524	0.013033937	1.5830283	19.518167	1
28426	HSPA12B	0.013393083	0.0032960593	-1.9902864	31.860847	1
28443	PRNP	0.052900817	0.12638944	1.2549304	44.55244	1
28444	PRND	0.0024076502	2.878502e-05	-4.2832994	12.890567	1
28447	RASSF2	0.012426079	0.004332013	-1.498901	20.2714	1
28460	AL109935.1	0.0024066842	0.00064628664	-1.7479786	6.3029995	1
28463	CHGB	0.012086419	0.0050604376	-1.239709	17.03232	1
28469	LRRN4	0.00041002285	0.024614371	5.5986443	44.55244	1
28471	FERMT1	0.0042982036	0.016452972	1.912104	26.590273	1
28472	CASC20	0.0006751446	0.0027841742	1.895621	5.094561	1
28474	BMP2	0.00975852	0.040259335	2.0334594	44.55244	1
28484	PLCB4	0.43898904	0.14006169	-1.6474214	44.55244	1
28486	LAMP5	0.014548871	0.006332411	-1.187358	16.810938	1
28490	SNAP25-AS1	0.01515079	0.031035831	1.0296918	19.273022	1
28492	SNAP25	0.07918472	0.17422676	1.1366794	44.55244	1
28512	SPTLC3	0.04194243	0.011510463	-1.8564206	44.55244	1
28532	PCSK2	0.0063212435	0.0016042639	-1.913704	13.2735615	1
28562	RIN2	0.43986735	0.1731251	-1.3447484	44.55244	1
28583	THBD	0.003357588	0.017804835	2.3725114	31.697287	1
28594	CST3	0.37765157	0.91882145	1.282504	44.55244	1
28597	CST1	7.543693e-05	0.0019282148	3.531186	6.0178814	1
28603	SYNDIG1	0.043815594	0.09624229	1.133436	44.55244	1
28607	APMAP	0.0737705	0.19651479	1.4123015	44.55244	1
28615	PYGB	0.05426204	0.121566325	1.1622584	44.55244	1
28625	FAM182B	0.0070652766	0.03161233	2.1459496	44.55244	1
28627	FAM182A	0.0012539143	0.0055371616	2.0578325	11.077631	1
28632	LINC01597	0.038731426	0.0011921518	-4.909377	44.55244	1
28687	SNTA1	0.01935256	0.048131872	1.3100268	44.55244	1
28706	AHCY	0.102256715	0.22459558	1.134366	44.55244	1
28716	TP53INP2	0.018945307	0.04075303	1.1010076	35.310654	1
28723	EDEM2	0.023577683	0.052811153	1.1600441	44.55244	1
28724	PROCR	0.017750224	0.05939773	1.7368925	44.55244	1
28772	SRC	0.027215058	0.06673543	1.2909167	44.55244	1
28779	VSTM2L	0.029602725	0.008989075	-1.7083899	44.55244	1
28783	TGM2	0.07315327	0.01953137	-1.8997325	44.55244	1
28784	KIAA1755	0.029980231	0.0027532985	-3.398113	44.55244	1
28785	AL031651.2	0.0015462358	8.1490725e-10	-4.041087	8.961229	1
28786	AL359555.4	0.0101931775	0.0003173521	-4.6242795	44.55244	1
28789	BPI	0.002536463	3.707395e-05	-4.2655773	15.1835985	1
28800	PPP1R16B	0.001612474	0.0054551144	1.6977346	5.576662	1
28811	AL035665.1	0.0009659724	5.8519414e-05	-2.7494385	5.6612906	1
28817	LPIN3	0.006662281	0.019542156	1.5383714	24.74935	1
28818	EMILIN3	0.004046821	0.0013728072	-1.4934372	7.608093	1
28823	PTPRT	0.036937527	0.38553104	3.3801613	44.55244	1
28830	MYBL2	0.018070852	0.03789591	1.0642182	26.936926	1
28851	KCNK15	0.0040012505	0.0008528914	-2.10568	12.818969	1
28853	RIMS4	0.0034959973	0.00021265002	-3.5237715	19.359896	1
28871	PIGT	0.06785736	0.1784007	1.3932279	44.55244	1
28878	WFDC10B	0.000503764	0.003226244	2.4618373	5.949991	1
28891	PLTP	0.14089853	0.39007607	1.4684452	44.55244	1
28911	EYA2	0.014339323	0.0017825377	-2.9392524	44.55244	1
28918	SULF2	0.14066963	0.34743947	1.3038406	44.55244	1
28922	AL139351.3	0.00096615584	0.008982141	3.090614	15.703938	1
28924	AL136102.1	2.5657071e-05	0.0012923119	3.4699187	6.796315	1
28937	KCNB1	0.038818333	0.006636424	-2.5303953	44.55244	1
28938	PTGIS	0.11702196	0.046242464	-1.3376049	44.55244	1
28943	SNAI1	0.00771317	0.01891443	1.2831148	20.364653	1
28950	CEBPB	0.06671622	0.22453745	1.7493283	44.55244	1
28965	KCNG1	0.013027519	0.032252066	1.3012637	36.35567	1
28967	ATP9A	0.072351106	0.034548372	-1.0642202	44.55244	1
28977	TSHZ2	1.8966653	0.4992221	-1.9254985	44.55244	1
28978	AL391097.3	0.01328579	0.0021930342	-2.5453725	39.748783	1
28979	AL391097.1	0.010873761	0.001938298	-2.428621	31.915567	1
28980	AL391097.2	0.010501794	0.0012177277	-3.0081842	41.169163	1
28981	AL109930.1	0.2744068	0.052036	-2.39649	44.55244	1
28983	AL354993.2	0.006193077	0.0016953762	-1.8094795	13.6191	1
29001	CASS4	0.0040765097	0.088475555	4.406539	44.55244	1
29019	PMEPA1	0.4884023	0.19517003	-1.3228948	44.55244	1
29030	NPEPL1	0.019321905	0.042197876	1.1229005	33.81894	1
29032	GNAS-AS1	0.007873821	0.0026065505	-1.5588158	11.583822	1
29038	CTSZ	0.014675544	0.10097787	2.774184	44.55244	1
29041	PRELID3B	0.030287722	0.061007876	1.00787	44.55244	1
29043	EDN3	0.007337315	0.0014111984	-2.299089	22.407017	1
29053	CDH4	0.002404757	0.011809059	2.2493167	11.540657	1
29067	LAMA5	0.027731864	0.0981225	1.819316	44.55244	1
29075	GATA5	0.02256716	0.047407582	1.0675541	37.92829	1
29077	MIR1-1HG-AS1	0.00038845727	0.0026232854	2.479044	5.080737	1
29095	SLC17A9	0.0006390455	0.003186136	2.152657	7.8948846	1
29103	NKAIN4	0.11286948	0.0039757197	-4.7927346	44.55244	1
29104	AL121827.2	0.0034113221	0.000119345634	-4.0007367	17.687443	1
29109	EEF1A2	0.002520326	0.013703101	2.3971741	22.023327	1
29115	HELZ2	0.010027775	0.022394685	1.1512669	19.834068	1
29125	SLC2A4RG	0.07098531	0.18691407	1.3955234	44.55244	1
29128	ZBTB46-AS1	0.008407072	0.0031001514	-1.4105225	12.128307	1
29138	SOX18	0.004829641	0.011947376	1.2891645	12.870277	1
29140	RGS19	0.022954276	0.04780077	1.0550145	43.47326	1
29142	LKAAEAR1	0.0018180328	0.010699024	2.4932017	27.951647	1
29160	U2AF1L5	0.00034342546	0.008123716	4.213027	25.091867	1
29175	FP236383.3	0.0037251038	0.009201272	1.2819291	7.9580383	1
29179	CR381653.1	0.0012076946	9.1675094e-05	-2.7702909	5.7875247	1
29195	AF127577.2	0.0071676243	0.0025316507	-1.4655159	13.70646	1
29207	CXADR	0.0022065889	0.032990377	3.842579	44.55244	1
29208	BTG3	0.1205731	0.2639256	1.1295736	44.55244	1
29215	AF130417.1	0.009228068	0.03741123	2.0076725	32.75442	1
29246	MIR155HG	0.002866516	0.009048665	1.6247916	11.889691	1
29262	AP001599.1	0.004565928	0.0016904254	-1.3818617	5.244075	1
29263	ADAMTS5	0.18294817	0.04374968	-2.0615852	44.55244	1
29264	AP001605.1	0.032920394	0.015264862	-1.1037226	24.49064	1
29270	LINC01697	0.031654764	0.01517019	-1.0562551	19.719904	1
29271	LINC01695	0.18123822	0.073967844	-1.2917638	44.55244	1
29282	MAP3K7CL	0.032756098	0.0062618973	-2.3686323	44.55244	1
29306	HUNK	0.11892963	0.049074277	-1.275345	44.55244	1
29314	URB1-AS1	0.006434862	0.0015050492	-2.0255394	18.69928	1
29315	EVA1C	0.02004883	0.045930382	1.1918904	33.976807	1
29355	LINC01426	0.0022939576	0.0068533313	1.5383066	10.163176	1
29372	AP000695.2	0.00057157996	0.0038235777	2.5465386	8.77962	1
29395	KCNJ6	0.0111062275	0.0049074763	-1.1621451	9.983414	1
29400	ERG	0.16729224	0.023178479	-2.846164	44.55244	1
29401	AP001037.1	0.003061889	0.00075082964	-1.8938446	5.184929	1
29463	ERVH48-1	0.001025496	0.0059583783	2.4283707	15.996212	1
29466	CBS	0.0010080385	0.005574083	2.3563793	11.675676	1
29482	PWP2	0.00026696664	0.0017306458	2.3186316	5.722912	1
29487	ICOSLG	0.004625182	0.016739711	1.8334256	28.230907	1
29492	AIRE	0.00038188492	0.0030115764	2.690885	6.8025002	1
29493	PFKL	0.082108684	0.17171618	1.0635033	44.55244	1
29496	AP001062.1	0.0021307427	0.0055317483	1.3360586	5.8119164	1
29526	BX322562.1	0.0027656772	0.009917484	1.805572	19.741302	1
29527	COL18A1	0.21620812	0.7853173	1.8603716	44.55244	1
29533	PCBP3	0.023506232	0.17765099	2.912618	44.55244	1
29536	AJ011931.2	0.00030783535	0.0026818214	2.7699711	7.1186705	1
29572	HDHD5	0.05457297	0.12121542	1.1498632	44.55244	1
29578	SLC25A18	0.005191148	0.0114301955	1.1237643	8.219531	1
29604	DGCR9	0.0115503175	0.0053839646	-1.0870781	10.527161	1
29612	SLC25A1	0.044675346	0.11222067	1.326847	44.55244	1
29625	CLDN5	0.004028931	0.00056136335	-2.6422532	13.8157625	1
29627	AC000067.1	0.0015756275	0.00011883067	-2.9368145	9.559987	1
29628	SEPTIN5	0.03143242	0.010542958	-1.5669369	44.55244	1
29629	GP1BB	0.033402216	0.010751797	-1.6263226	44.55244	1
29634	COMT	0.08369302	0.22836488	1.4470705	44.55244	1
29669	P2RX6	0.0006708947	0.0040939557	2.443706	9.901984	1
29671	AC002472.1	0.00023274668	0.0025957974	3.018216	6.73	1
29710	FAM230I	-1.36424205e-08	0.0016449565	4.125316	6.048321	1
29713	PCAT14	0.0023870918	0.005524964	1.1773841	5.336053	1
29715	IGLL1	0.0042304974	0.001020069	-1.9509451	10.974062	1
29723	MMP11	0.22334072	0.08288484	-1.4289724	44.55244	1
29726	AP000350.5	0.0032422852	0.00093477924	-1.6915119	8.166894	1
29730	MIF-AS1	0.0035329177	0.0072663217	1.0198157	6.348239	1
29731	AP000350.6	0.0025380133	0.0007029388	-1.7160898	5.1818056	1
29732	GSTT2B	0.042310867	0.08645242	1.0291401	44.55244	1
29741	ADORA2A	0.004107198	0.009555306	1.1984622	9.849906	1
29754	SGSM1	0.002002267	0.0060734926	1.554141	6.722125	1
29756	KIAA1671	0.05028886	0.108658016	1.1099449	44.55244	1
29766	LRP5L	0.025641354	0.006087794	-2.0565908	44.55244	1
29772	MYO18B	0.003041585	0.020964576	2.7452543	28.308878	1
29777	SEZ6L	0.012419288	0.006110808	-1.0112997	8.48579	1
29788	MIAT	0.01569856	0.0017002363	-3.133535	44.55244	1
29808	TTC28-AS1	0.030743588	0.062735	1.0265977	39.93245	1
29813	XBP1	0.19554654	0.43050176	1.1381046	44.55244	1
29827	RASL10A	0.00920874	0.001895388	-2.2219164	28.032686	1
29830	RFPL1S	0.020678526	0.008569059	-1.261146	25.080938	1
29832	NEFH	0.045610107	0.02027989	-1.165367	44.55244	1
29848	LIF	0.0013429533	0.0041172686	1.5472842	5.8232517	1
29852	TBC1D10A	0.016474063	0.03539367	1.0986345	30.153698	1
29859	MTFP1	0.019503364	0.084110826	2.1029046	44.55244	1
29878	SMTN	0.033075664	0.09150968	1.4653746	44.55244	1
29903	RFPL2	0.0013658548	0.00022160687	-2.188372	5.255977	1
29935	HMOX1	0.0064302133	0.015738647	1.2782471	19.643198	1
29938	MB	0.00018025021	0.012639543	5.506454	29.701303	1
29947	APOL3	0.010770389	0.0020886576	-2.3122852	32.828236	1
29948	APOL4	0.014050195	0.0013995902	-3.2381818	44.55244	1
29950	APOL1	0.0048460467	0.0023003435	-1.0430349	5.312909	1
29952	Z82215.1	0.008251941	0.02420899	1.5413066	23.755285	1
29973	IL2RB	0.0028401518	0.012447581	2.0934465	26.754557	1
29977	RAC2	0.008285557	0.025491953	1.6097116	39.9615	1
30012	TMEM184B	0.0754957	0.15230007	1.0114876	44.55244	1
30018	KDELR3	0.09203899	0.23476861	1.3499702	44.55244	1
30039	AL022318.5	0.024747819	0.0051328577	-2.2474484	44.55244	1
30045	APOBEC3D	0.0014394853	0.0042445934	1.4967731	7.738228	1
30049	CBX7	0.0065516625	0.003200765	-1.0109144	6.2526484	1
30051	PDGFB	0.01358493	0.00502213	-1.4177723	18.20367	1
30075	MCHR1	0.0005825807	0.037342437	5.777531	44.55244	1
30085	AL035681.1	0.005457558	0.019939423	1.850318	32.66193	1
30097	PMM1	0.05286656	0.10882891	1.0402331	44.55244	1
30102	CCDC134	0.010994513	0.023562135	1.0927339	19.62842	1
30111	NAGA	0.03085024	0.063410506	1.0370446	44.55244	1
30139	TSPO	0.063322045	0.38036087	2.5846918	44.55244	1
30155	SHISAL1	0.00044779555	0.0053727054	3.3205447	14.009434	1
30159	PRR5	0.045227084	0.098854356	1.1263899	44.55244	1
30170	FAM118A	0.06440878	0.13070792	1.0198826	44.55244	1
30172	RIBC2	0.0011985603	0.0073947064	2.5289588	21.345821	1
30182	LINC00899	0.0032796129	0.000860662	-1.8147572	8.028829	1
30186	MIRLET7BHG	0.026242588	0.01106581	-1.2383091	26.346691	1
30212	AL078622.1	-1.36424205e-08	0.0040395316	5.3715925	14.803481	1
30230	MOV10L1	0.004551308	0.011419732	1.3083987	9.5090065	1
30232	PANX2	0.00097143924	0.003688251	1.8219819	7.236777	1
30248	ADM2	0.005410862	0.036204744	2.7198083	44.55244	1
30253	TYMP	0.014448691	0.04130864	1.5090426	44.55244	1
30254	ODF3B	0.003400651	0.009289148	1.423371	12.800935	1
30264	ARSA	0.011958967	0.05166667	2.1019173	44.55244	1
30289	AL683807.1	0.00045410456	0.004370873	3.0123262	12.165905	1
30299	ARSD	0.024897277	0.050704967	1.0231987	39.791874	1
30301	ARSE	0.01825434	0.008978776	-1.0155516	16.090694	1
30305	MXRA5	0.4133327	0.09353749	-2.1424942	44.55244	1
30310	AC110995.1	0.0018359924	0.005848473	1.619446	6.622374	1
30311	NLGN4X	0.47240266	0.18972032	-1.315688	44.55244	1
30319	AC006062.1	0.015597517	0.0013973477	-3.3900552	44.55244	1
30320	ANOS1	0.08414366	0.035028584	-1.2619227	44.55244	1
30323	FAM9B	0.0084342845	0.002365734	-1.7912531	13.757788	1
30336	ARHGAP6	0.13420175	0.30705744	1.1935	44.55244	1
30340	FRMPD4	0.1594629	0.040804215	-1.9638038	44.55244	1
30362	PIGA	0.005312145	0.0132532185	1.3029151	14.964052	1
30363	VEGFD	0.0035552725	0.008491337	1.2329036	7.539921	1
30364	PIR	0.04338376	0.087572575	1.0116489	44.55244	1
30387	LINC01456	0.006848398	0.023680234	1.7750106	25.870018	1
30392	PPEF1	0.020603698	0.010113845	-1.0193624	16.396996	1
30397	ADGRG2	0.009205326	0.004503089	-1.0154544	7.997796	1
30409	CNKSR2	0.031882834	0.014813603	-1.100669	22.741844	1
30411	SMPX	0.00012888559	0.013721636	5.9161577	34.98514	1
30415	PHEX	0.022554468	0.00511509	-2.1190317	44.55244	1
30419	AC004470.1	0.0037857478	0.0013091038	-1.4634144	6.53769	1
30420	PTCHD1	0.07617926	0.032637503	-1.2203465	44.55244	1
30439	DCAF8L2	0.00024754766	0.007558182	4.461719	18.233963	1
30455	AL591378.1	0.0024642975	0.0005537788	-1.9716892	5.265242	1
30456	AL591501.1	0.03473049	0.009154384	-1.9121419	44.55244	1
30459	CFAP47	0.0012295181	0.0042227395	1.7010425	6.0055504	1
30461	AL592156.2	0.0017309467	0.012332537	2.763459	17.828857	1
30524	SLC9A7	0.010873209	0.0052797073	-1.0283859	9.095493	1
30540	SYN1	0.0023718236	0.008610547	1.8171873	18.044113	1
30549	ZNF630-AS1	0.0014426277	0.006398164	2.0746422	13.207446	1
30550	AC244636.3	0.0016747045	0.005189957	1.5756772	8.942869	1
30552	SLC38A5	0.0011717766	0.009093596	2.853784	25.231344	1
30555	PORCN	0.009696134	0.029760594	1.6079584	43.251408	1
30556	EBP	0.058410306	0.16125025	1.463433	44.55244	1
30572	SLC35A2	0.028035393	0.06397143	1.1872951	44.55244	1
30583	PLP2	0.050372493	0.16714528	1.7283963	44.55244	1
30598	CLCN5	0.14714865	0.06686482	-1.1367792	44.55244	1
30606	NUDT10	0.016739646	0.0061985683	-1.418766	28.074656	1
30629	RIBC1	0.0039286288	0.001570909	-1.2696556	5.829762	1
30661	SPIN2A	0.025615357	0.0100801755	-1.3368678	34.61927	1
30688	STARD8	0.040292267	0.010964348	-1.8681607	44.55244	1
30692	EDA	0.092284225	0.1914692	1.0521473	44.55244	1
30710	SLC7A3	0.0058331555	0.0020120635	-1.4901463	10.449084	1
30721	ITGB1BP2	0.0005989883	0.008301605	3.5873246	20.145473	1
30735	PHKA1	0.031223835	0.008699795	-1.831719	44.55244	1
30738	FAM226B	0.004486959	0.0016479023	-1.3919134	7.1291895	1
30746	XIST	0.00026444843	0.030974641	6.4138794	35.852547	1
30757	ZDHHC15	0.042956665	0.020792874	-1.0432256	35.067978	1
30763	MAGT1	0.14479564	0.29538178	1.028055	44.55244	1
30766	PGK1	0.2519192	0.8557823	1.7638787	44.55244	1
30769	CYSLTR1	0.046764884	0.011371682	-2.0304306	44.55244	1
30771	LPAR4	0.023766005	0.009176475	-1.3633085	33.727764	1
30774	ITM2A	0.11565528	0.040800203	-1.500898	44.55244	1
30793	KLHL4	0.045916244	0.19685002	2.0976143	44.55244	1
30797	PABPC5	0.052156612	0.023004709	-1.1774267	44.55244	1
30801	AL022151.1	0.0057600113	0.0027907812	-1.0194439	5.0523105	1
30805	AL157778.1	0.009614131	0.28980047	4.8993287	44.55244	1
30807	TNMD	0.031990368	0.0032320095	-3.2676759	44.55244	1
30819	DRP2	0.008825644	0.021321677	1.2630432	20.525557	1
30824	GLA	0.03855484	0.08077294	1.0650079	44.55244	1
30827	ARMCX1	0.00094433635	0.011445361	3.466655	26.690186	1
30835	ZMAT1	0.028788986	0.013458269	-1.0913466	25.409325	1
30836	TCEAL2	0.0005194747	0.006194429	3.3449583	16.02035	1
30854	BEX1	0.051479768	0.1876941	1.8642746	44.55244	1
30858	TCEAL5	0.04220334	0.0110553475	-1.9230362	44.55244	1
30859	BEX2	0.11901514	0.040900268	-1.5386516	44.55244	1
30868	TCEAL3	0.098057404	0.20560132	1.067382	44.55244	1
30875	PLP1	0.0071367295	0.0010613233	-2.639568	25.782566	1
30885	IL1RAPL2	0.1791686	0.017242646	-3.369727	44.55244	1
30891	TBC1D8B	0.03149064	0.0947982	1.5868835	44.55244	1
30899	FRMPD3	0.00097008696	0.006170263	2.550798	10.607184	1
30917	TMEM164	0.031441372	0.063663624	1.0154883	40.24754	1
30922	PAK3	0.05513431	0.11163166	1.0164014	44.55244	1
30925	SERTM2	0.002994541	0.007571381	1.3097608	9.726751	1
30928	TRPC5	0.00615431	0.013876172	1.1600467	6.9402757	1
30931	LHFPL1	0.017731566	0.0025595273	-2.7451916	44.55244	1
30932	AMOT	0.4373282	0.07774089	-2.4904459	44.55244	1
30933	AC002072.1	0.019527754	0.008341974	-1.2172428	16.543818	1
30935	HTR2C	0.036554437	0.012777648	-1.5091188	31.032202	1
30936	IL13RA2	0.0050897454	0.0011624484	-2.0394394	12.663105	1
30937	LRCH2	0.13614416	0.06368109	-1.0949937	44.55244	1
30938	PLS3-AS1	0.011919483	0.0054334127	-1.1191335	11.789356	1
30941	AGTR2	0.0025348682	0.00024265371	-2.9429076	10.039405	1
30945	DOCK11	0.14901899	0.0674266	-1.1429361	44.55244	1
30949	LONRF3	0.004893022	0.0013803148	-1.7540092	10.710406	1
30950	KIAA1210	0.00987759	0.00028955704	-4.678785	44.55244	1
30954	SLC25A43	0.049051866	0.12763938	1.3778853	44.55244	1
31000	APLN	0.0018585242	0.006520934	1.7572678	7.980159	1
31002	XPNPEP2	0.0005594488	0.006967173	3.4218006	19.817905	1
31012	RAB33A	0.009782098	0.042792287	2.117829	44.55244	1
31020	IGSF1	0.061269533	0.20699058	1.7546674	44.55244	1
31032	GPC4	0.014826782	0.0060545965	-1.278167	16.34908	1
31033	GPC3	0.5083321	0.22348145	-1.1852547	44.55244	1
31042	FAM122B	0.010268872	0.03400021	1.7175219	44.55244	1
31043	FAM122C	0.025176955	0.074235	1.556219	44.55244	1
31046	SMIM10	0.029297497	0.06856959	1.2239782	44.55244	1
31090	AL031073.2	0.008739816	0.0022469745	-1.9132141	17.765831	1
31093	SLITRK4	0.07532841	0.023001947	-1.7070937	44.55244	1
31095	AL500522.1	0.014784257	0.00094524334	-3.8318763	44.55244	1
31097	SLITRK2	0.011252269	0.0053386404	-1.0616628	11.45892	1
31113	TMEM185A	0.040009983	0.15567744	1.957453	44.55244	1
31118	MAMLD1	0.038657684	0.087104514	1.1699204	44.55244	1
31151	PNCK	0.0010643695	0.0049144314	2.1065373	10.25459	1
31152	SLC6A8	0.020796569	0.07094118	1.7653896	44.55244	1
31161	L1CAM	0.0069817444	0.06792692	3.2639291	44.55244	1
31175	AC245140.3	0.0037910352	0.0077989697	1.0215104	6.0824056	1
31179	DNASE1L1	0.022101462	0.045336407	1.0331941	38.45867	1
31191	G6PD	0.029574499	0.06586885	1.1525613	44.55244	1
31197	F8	0.016302628	0.13447277	3.0363877	44.55244	1
31200	CMC4	0.034627903	0.09102273	1.3917156	44.55244	1
31201	MTCP1	0.004924105	0.11108719	4.4679804	44.55244	1
31216	RPS4Y1	4.6668378e-05	0.7152066	12.251788	44.55244	1
31218	ZFY	0.00020099239	0.13316771	8.790384	44.55244	1
31219	ZFY-AS1	-1.36424205e-08	0.008912934	6.4941216	31.493483	1
31221	AC012078.2	0.00020688717	0.009399005	4.9519963	12.944419	1
31222	AC010737.1	0.0002630118	0.07203256	7.6344905	44.55244	1
31228	USP9Y	3.9235318e-05	0.22895098	10.683928	44.55244	1
31229	AC244213.1	-1.36424205e-08	0.004999989	5.6726193	14.3660965	1
31230	DDX3Y	4.9368122e-05	0.2107888	10.463394	44.55244	1
31231	UTY	0.00013766563	0.28240564	10.215131	44.55244	1
31232	TMSB4Y	-1.36424205e-08	0.0011421909	3.6350117	5.832859	1
31233	NLGN4Y	8.429771e-05	0.22833583	10.275536	44.55244	1
31235	AC011751.1	0.00027220752	0.0039680395	3.4501545	8.878016	1
31239	TTTY14	0.0011676662	0.2295422	7.501069	44.55244	1
31242	KDM5D	6.964428e-05	0.07148387	8.720978	44.55244	1
31244	TTTY10	0.00016503292	0.037524845	7.14937	44.55244	1
31245	EIF1AY	-1.36424205e-08	0.1177946	10.203479	44.55244	1
31258	MT-ND6	0.04499422	0.1122106	1.3164796	44.55244	1
31268	AC004556.3	0.000127993	0.022897987	6.6563745	44.55244	1
