	gene	expression_1	expression_2	log2FC	-log10 p-val	significant
1	AL627309.1	0.0013168594	0.015383596	3.449972	32.29815	1
3	AL627309.5	0.0034316287	0.015591769	2.1516023	23.617552	1
12	AL645608.6	0.018026706	0.008765782	-1.0317969	14.352153	1
15	LINC02593	0.018212603	0.0041815997	-2.096615	40.352383	1
16	SAMD11	0.15559727	0.052606985	-1.5626775	44.55244	1
32	TNFRSF18	0.001487629	0.0002306288	-2.2635894	5.972383	1
36	C1QTNF12	0.020611102	0.0019585	-3.330739	44.55244	1
39	LINC01786	0.003028659	0.0010063533	-1.4997323	5.578152	1
48	MXRA8	0.1930732	0.074452974	-1.3735571	44.55244	1
68	MMP23B	0.024459776	0.17375319	2.8235004	44.55244	1
73	SLC35E2A	0.04258613	0.019654986	-1.1115507	37.974525	1
79	CFAP74	0.0003155687	0.0054585477	3.741549	13.794702	1
83	PRKCZ	0.0032244446	0.0075358036	1.1996666	6.146589	1
99	HES5	0.0031727368	0.00077683356	-1.9001226	7.3572288	1
111	PRDM16	0.041636072	0.013720948	-1.5944383	44.55244	1
118	MEGF6	0.019440904	0.0026157158	-2.8470926	44.55244	1
134	AJAP1	0.009807597	0.0003838039	-4.356041	44.55244	1
142	RNF207	0.05319488	0.0062924307	-3.0595605	44.55244	1
171	PER3	0.044638924	0.012702491	-1.8051062	44.55244	1
174	TNFRSF9	0.0018042908	0.015059906	2.9929352	30.159397	1
177	AL034417.3	0.0012432344	0.0047783935	1.860695	6.7503133	1
179	AL034417.2	0.011281306	0.029002823	1.354493	23.741978	1
185	ENO1	0.48369938	1.4371289	1.5708091	44.55244	1
194	SPSB1	0.11422261	0.03210105	-1.827931	44.55244	1
198	TMEM201	0.015245584	0.0075439196	-1.005439	12.453609	1
200	PIK3CD-AS2	0.006830284	0.017978188	1.3832637	19.18224	1
221	CASZ1	0.0010565346	0.008434252	2.8834562	13.22189	1
239	FBXO2	0.0030154241	0.0097368695	1.6587707	11.719938	1
248	NPPA	0.0002843099	0.26040736	9.404839	44.55244	1
249	NPPB	3.4450328e-05	0.118656985	9.786723	44.55244	1
252	PLOD1	0.14083481	0.43964434	1.641637	44.55244	1
259	DHRS3	0.09235347	0.0018083567	-5.598325	44.55244	1
260	AC254633.1	0.0017486645	4.8457878e-09	-4.2083416	11.009495	1
267	PDPN	0.0016548679	0.012741927	2.8714273	25.511057	1
273	TMEM51-AS1	0.001167498	0.009944828	2.9863975	18.99485	1
274	TMEM51	0.012398199	0.08813913	2.8196983	44.55244	1
282	CELA2B	0.0002309652	0.0029091637	3.184611	7.4956174	1
301	HSPB7	0.010967321	0.13000475	3.5552957	44.55244	1
309	AL109627.1	0.0022526465	0.00057854765	-1.7937626	5.7386436	1
341	ACTL8	2.536826e-05	0.0028327724	4.5480213	8.55937	1
367	PLA2G2A	0.00023316283	0.0038789848	3.5781012	7.3321905	1
368	PLA2G5	0.0050216066	0.071325846	3.801778	44.55244	1
376	CAMK2N1	0.44976306	0.13819234	-1.7017646	44.55244	1
378	FAM43B	0.019636571	0.0038078737	-2.3364155	44.55244	1
379	CDA	0.05813361	0.0029518807	-4.2540817	44.55244	1
380	PINK1	0.121201694	0.05032561	-1.2663711	44.55244	1
389	ECE1	0.16953163	0.7020847	2.0494454	44.55244	1
393	ALPL	0.003376912	0.000796685	-1.9551334	8.602474	1
406	WNT4	0.017023234	0.0024484904	-2.7482405	44.55244	1
410	C1QA	0.0027641621	4.8457878e-09	-4.8399715	9.962183	1
411	C1QC	0.0025397262	4.8457878e-09	-4.7222466	9.75401	1
412	C1QB	0.0030314121	4.8457878e-09	-4.968672	11.959012	1
413	EPHB2	0.24526413	0.07500676	-1.7079097	44.55244	1
423	ZNF436	0.069837645	0.013964447	-2.3140166	44.55244	1
427	ASAP3	0.08436185	0.03420337	-1.2999496	44.55244	1
432	MDS2	0.0014095892	0.004073109	1.4669666	5.1202507	1
440	FUCA1	0.052927293	0.02000586	-1.3991191	44.55244	1
463	AL031432.4	0.003160468	0.0009923412	-1.5776556	6.062706	1
486	TRIM63	0.00013181067	0.012852257	5.804113	27.36455	1
495	SH3BGRL3	0.36349052	0.79044455	1.1205323	44.55244	1
497	CD52	0.0039335825	0.0010497813	-1.8107022	8.971336	1
516	TENT5B	0.002014925	0.0004474814	-1.9497247	5.905951	1
552	SESN2	0.043951023	0.11005169	1.3222443	44.55244	1
565	OPRD1	0.0018192106	0.0002120575	-2.620629	8.51787	1
567	EPB41	0.13911921	0.067903064	-1.0336866	44.55244	1
581	LINC01778	0.00020707096	0.002488436	3.0754368	5.7065325	1
582	SDC3	0.04132393	0.19662987	2.2476795	44.55244	1
588	FABP3	0.022443144	0.06263544	1.476592	44.55244	1
589	SERINC2	0.048974797	0.023227073	-1.0729771	41.75795	1
592	TINAGL1	0.0397385	0.0058375453	-2.7462249	44.55244	1
598	ADGRB2	0.005875456	0.014228994	1.2618166	10.423744	1
624	FAM229A	0.00645871	0.013813796	1.0850321	9.770057	1
635	FNDC5	0.26861098	0.0076261084	-5.1201696	44.55244	1
636	HPCA	0.0042548776	0.0018276965	-1.1757542	5.155378	1
642	AZIN2	0.037237585	0.013306239	-1.4777242	44.55244	1
643	TRIM62	0.029189976	0.013369332	-1.1207287	25.20272	1
674	C1orf216	0.02877889	0.013106158	-1.1288044	27.729061	1
685	COL8A2	0.0065099723	0.00032461065	-3.9604316	30.053019	1
689	SH3D21	0.024206374	0.053958483	1.1531864	34.66711	1
697	GRIK3	0.0032932633	0.00056372356	-2.354019	10.687739	1
744	HPCAL4	0.0037623968	0.00052487856	-2.6278486	14.2953	1
758	AL050341.2	0.0100043705	0.004845867	-1.0306841	9.037904	1
760	COL9A2	0.009788768	0.004447449	-1.1207334	9.820819	1
785	AC093151.8	7.929623e-05	0.0029211633	4.074687	8.423466	1
787	FOXO6	0.0072626667	0.0019208776	-1.8652464	12.239445	1
790	HIVEP3	0.24758431	0.12168082	-1.0242156	44.55244	1
796	RIMKLA	0.00010346661	0.006466062	5.012164	15.096359	1
805	P3H1	0.16097653	0.39571866	1.2970933	44.55244	1
812	SLC2A1	0.014478991	0.11327027	2.9590795	44.55244	1
813	SLC2A1-AS1	0.0011021851	0.0045655663	1.9563931	6.176697	1
831	PTPRF	0.043256048	0.11141668	1.3629543	44.55244	1
836	ARTN	0.0064853537	0.0016321145	-1.9267266	14.724437	1
850	RNF220	0.16267152	0.0648318	-1.3258512	44.55244	1
864	ZSWIM5	0.023641419	0.062635705	1.4018806	44.55244	1
866	HPDL	0.0015685012	0.00015834667	-2.6911724	7.508414	1
903	CYP4X1	0.029734328	0.003074569	-3.2323406	44.55244	1
904	CYP4Z1	0.002398198	9.2376875e-05	-3.6988807	12.565357	1
916	FOXD2	0.0016579621	0.00021201279	-2.494227	6.710769	1
917	LINC01738	0.0012423951	4.8457878e-09	-3.7466676	8.713449	1
920	LINC02794	0.0007637977	0.0034868633	2.0539575	5.555933	1
973	PODN	0.008758468	0.0011750639	-2.7964878	31.118135	1
1008	MROH7	0.01344709	0.02745821	1.0244992	15.286124	1
1020	PCSK9	0.0017496994	0.00013632549	-2.9684436	8.970965	1
1023	AL603840.1	0.0046928283	0.023891607	2.3235807	32.50056	1
1027	AC119674.1	0.08330366	0.019221518	-2.1099024	44.55244	1
1029	PLPP3	0.40333998	0.093470484	-2.1082284	44.55244	1
1030	PRKAA2	0.0047420016	0.02524225	2.3878691	37.27992	1
1031	FYB2	0.0005773118	0.003165809	2.2695484	5.1654	1
1043	JUN	0.28589943	0.6767531	1.2428306	44.55244	1
1054	CYP2J2	0.00095687335	0.0057507996	2.4688313	8.845901	1
1057	LINC01748	0.024062086	0.0045238263	-2.385586	44.55244	1
1058	AC099792.1	0.022241428	0.007000055	-1.6538193	32.568077	1
1060	NFIA-AS2	0.06427734	0.0022679744	-4.7648277	44.55244	1
1065	AC099791.2	0.0026863727	0.0005732671	-2.0491374	7.3297405	1
1067	L1TD1	0.012388985	0.0026826854	-2.1661065	31.956	1
1068	KANK4	0.17839825	0.021107774	-3.0732448	44.55244	1
1072	AC103923.1	0.010619181	0.0036013115	-1.5340861	15.067985	1
1084	ROR1	0.54937565	0.086630404	-2.663446	44.55244	1
1085	ROR1-AS1	0.042727284	0.007881897	-2.4237268	44.55244	1
1093	AK4	0.013265379	0.19439286	3.8631446	44.55244	1
1094	DNAJC6	0.019225106	0.061391216	1.6699041	44.55244	1
1095	AL139294.1	0.0014020978	0.005496122	1.8974487	6.3572493	1
1099	PDE4B	0.04034489	0.1814405	2.1662621	44.55244	1
1101	SGIP1	0.39990374	0.17166623	-1.219567	44.55244	1
1103	TCTEX1D1	0.013507994	0.0057889256	-1.2083781	13.977991	1
1112	IL12RB2	0.0040197964	0.0009546737	-1.9657763	9.522376	1
1114	GADD45A	0.06969427	0.28221303	2.0161152	44.55244	1
1117	DIRAS3	0.016197324	0.0064246343	-1.3206662	17.433832	1
1129	LRRC7	0.09703778	0.018592065	-2.3776064	44.55244	1
1138	CTH	0.0062091905	0.019752277	1.6537777	20.177864	1
1147	NEGR1	0.20087269	0.017410254	-3.5207276	44.55244	1
1149	AL513166.1	0.048096415	0.009082889	-2.3919058	44.55244	1
1165	CRYZ	0.0015139711	0.02643973	4.0394673	44.55244	1
1166	TYW3	0.008499042	0.11079519	3.688877	44.55244	1
1174	MSH4	0.02225127	0.0058458718	-1.9103966	44.55244	1
1176	AC092813.1	0.0034379682	0.0003729722	-2.9030938	12.971563	1
1185	AK5	0.017604038	0.04860561	1.4600095	33.932156	1
1198	AC096531.2	0.00090975704	4.8457878e-09	-3.3358665	6.036011	1
1199	PTGFR	0.009960697	0.0013293639	-2.8152852	32.13432	1
1200	IFI44L	0.002062718	0.0072621033	1.7672724	10.331913	1
1213	LINC01362	0.0019483989	0.008350964	2.0446193	9.892899	1
1219	TTLL7	0.10796051	0.24004921	1.1520917	44.55244	1
1233	LPAR3	0.00020086128	0.0037020082	3.6595912	9.104879	1
1236	MCOLN3	0.008116902	0.0018180724	-2.0989373	20.19372	1
1237	SYDE2	0.096950464	0.015578512	-2.6299465	44.55244	1
1243	AC092807.3	0.028732	0.0073826956	-1.946041	44.55244	1
1273	GBP2	0.05560476	0.18095425	1.7005495	44.55244	1
1276	GBP4	0.009848696	0.23245946	4.5469484	44.55244	1
1277	AC099063.4	0.00017231365	0.007733713	4.846355	22.73338	1
1278	GBP5	0.0003916339	0.0034005821	2.8319385	7.8548684	1
1294	LINC02609	0.002296729	0.010876403	2.1952667	17.262705	1
1327	ARHGAP29	0.05351251	0.20931128	1.9656975	44.55244	1
1334	SLC44A3	0.023170874	0.0103197135	-1.1592097	21.797771	1
1335	CNN3	1.0781357	0.45572913	-1.2421077	44.55244	1
1336	AC105942.1	0.08080865	0.012624077	-2.668733	44.55244	1
1341	AC092802.1	0.009299811	0.0037220218	-1.2982957	11.366567	1
1355	MIR137HG	0.0122720245	0.00407718	-1.5664805	15.294813	1
1362	PLPPR4	0.011400416	0.005621329	-1.0072638	7.1550965	1
1364	PALMD	0.010375593	0.032795124	1.650842	34.989086	1
1380	GPR88	0.0041171075	0.0002371202	-3.6449187	20.238934	1
1383	VCAM1	0.3139385	0.024643697	-3.6658084	44.55244	1
1408	NTNG1	0.12018485	0.025027687	-2.2591052	44.55244	1
1409	VAV3	0.06342272	0.21066391	1.7302834	44.55244	1
1430	KIAA1324	0.0151910605	0.0055467235	-1.4372026	20.099634	1
1432	CELSR2	0.009685237	0.0041912813	-1.1891984	9.509121	1
1435	SORT1	0.113489494	0.03994969	-1.5039665	44.55244	1
1437	SYPL2	0.010672112	0.0017182259	-2.5666978	34.109837	1
1460	ALX3	0.0031357158	0.0010212548	-1.5289708	5.5346203	1
1468	SLC16A4	0.024637997	0.010731417	-1.1915067	25.19333	1
1472	KCNA2	0.002621598	0.0003650563	-2.5489767	9.728514	1
1501	KCND3	0.0050830594	0.0020944774	-1.2399263	6.6439915	1
1517	SLC16A1	0.085337	0.1880868	1.1392325	44.55244	1
1534	SYT6	0.0054491945	0.0009774681	-2.3646333	15.290669	1
1544	TSPAN2	0.12887944	0.024052164	-2.4169168	44.55244	1
1547	NGF-AS1	0.010964299	0.0026137247	-2.0275657	21.73817	1
1548	NGF	0.15700597	0.038882177	-2.0108514	44.55244	1
1581	TBX15	0.006525734	0.0005034033	-3.4568856	25.688635	1
1590	LINC00622	0.01645083	0.003582326	-2.1682143	44.55244	1
1591	ZNF697	0.112545975	0.045277957	-1.3117322	44.55244	1
1610	LINC02798	0.026497379	0.062443748	1.2335817	44.55244	1
1619	LINC02802	0.049388453	0.10349214	1.0657507	44.55244	1
1636	ANKRD35	0.013661562	0.002187055	-2.5890813	42.984238	1
1637	ITGA10	0.072286904	0.010828656	-2.7276127	44.55244	1
1643	ANKRD34A	0.0040031592	0.0012959674	-1.5554699	7.7545877	1
1646	TXNIP	0.2687087	0.5795499	1.1086022	44.55244	1
1649	LINC01719	0.005462017	0.0026035653	-1.0407448	5.274739	1
1718	CIART	0.0039274083	0.008234686	1.0492762	6.1725087	1
1723	ECM1	0.029913593	0.30576634	3.3492134	44.55244	1
1749	SEMA6C	0.014158907	0.0059436155	-1.2383797	15.659377	1
1767	TUFT1	0.0046910252	0.010119159	1.0928702	6.571842	1
1779	TDRKH	0.003199467	0.00911275	1.4813988	9.347262	1
1788	S100A10	0.10041493	1.1069882	3.4612885	44.55244	1
1805	S100A6	0.049531873	0.15023474	1.5988396	44.55244	1
1807	S100A4	0.04142275	0.11908641	1.5212458	44.55244	1
1808	S100A3	0.0028599836	0.014548184	2.3070607	27.09309	1
1811	S100A16	0.031692833	0.1590062	2.3232164	44.55244	1
1819	NPR1	0.006472416	0.013296978	1.0274118	8.808955	1
1823	SLC27A3	0.034161244	0.07893775	1.2059643	44.55244	1
1833	AL358472.2	0.0016282251	0.00016116042	-2.7262828	7.709604	1
1842	AQP10	1.2712233e-05	0.0036084398	5.0400963	10.312735	1
1845	IL6R	0.007125248	0.01821281	1.3417342	16.457464	1
1846	SHE	0.0007921904	0.0036743663	2.080811	6.867875	1
1856	KCNN3	0.054650392	0.015125685	-1.8463621	44.55244	1
1861	AL451085.2	0.008858198	0.003865306	-1.1757764	9.153009	1
1887	HCN3	0.009837391	0.0045896927	-1.0833737	9.720929	1
1916	SEMA4A	0.002932322	0.007079161	1.2433922	5.611626	1
1934	AL365181.4	0.0052770562	0.00037450643	-3.502317	26.832771	1
1935	HAPLN2	0.012406483	0.0040701097	-1.5845189	21.012632	1
1937	BCAN	0.058920544	0.013305033	-2.1384425	44.55244	1
1942	AL590666.4	0.017965615	0.006166902	-1.5274221	25.469696	1
1953	INSRR	0.0035348283	0.00089141954	-1.8743197	8.646053	1
1955	LRRC71	0.0014637371	0.00019707743	-2.396087	6.041603	1
1968	CD1D	0.0022435454	0.0136033725	2.5477662	26.563583	1
1975	OR6Y1	0.001728133	0.00012197511	-3.041901	9.755693	1
1983	AIM2	0.002621247	0.020728286	2.9362044	38.513077	1
1984	CADM3	0.0020466046	0.016276952	2.9315383	34.2227	1
1988	AL513323.1	0.00036511154	0.00403213	3.151237	7.1486316	1
1992	DUSP23	0.028620003	0.06240771	1.1219783	44.55244	1
1997	AL590560.3	0.0047082356	0.0015384164	-1.5532056	6.72974	1
2001	IGSF9	0.002444009	0.00050416886	-2.07408	6.7522287	1
2003	LINC01133	0.01055881	0.00041821034	-4.362365	44.55244	1
2011	CASQ1	0.00012281403	0.003563478	4.039302	6.430619	1
2033	F11R	0.0055773663	0.04678713	3.0458984	44.55244	1
2034	TSTD1	0.0012135917	0.032730937	4.6434674	44.55244	1
2050	FCER1G	0.0035979461	0.0011583539	-1.5551865	5.3765273	1
2051	APOA2	-1.36424205e-08	0.034000695	8.413855	44.55244	1
2061	FCGR2A	0.023730917	0.005463866	-2.098675	44.55244	1
2070	OLFML2B	0.11040503	0.009387386	-3.5419576	44.55244	1
2094	RXRG	0.00012570422	0.0089934375	5.33232	23.45939	1
2105	FAM78B	0.012602615	0.0040588425	-1.6108717	18.574923	1
2108	AL596087.2	0.0017664875	0.00017826736	-2.7457821	6.1240497	1
2115	DUSP27	0.00044209085	0.0054124007	3.346074	10.658085	1
2133	TBX19	0.013371136	0.0054930127	-1.268174	14.463425	1
2149	F5	0.0017091585	0.02155437	3.5812676	44.55244	1
2152	SELL	0.0014991532	0.005713846	1.8621848	8.7285795	1
2163	PRRX1	0.28826836	0.0692908	-2.0550964	44.55244	1
2164	Z97200.1	0.0121450145	0.0012798723	-3.1495879	44.55244	1
2166	MROH9	0.0026877774	0.00067589735	-1.8451778	6.366943	1
2177	DNM3	0.4095252	0.06391103	-2.677912	44.55244	1
2179	DNM3OS	0.41867304	0.10117722	-2.0478587	44.55244	1
2180	AL137157.1	0.0048926757	0.000105517225	-4.602482	26.844414	1
2182	C1orf105	0.0066893543	0.0014254758	-2.154015	16.788706	1
2188	TNFSF4	0.0020452663	0.009816558	2.2086828	16.05372	1
2189	AL645568.1	0.047548234	0.1075275	1.1755521	44.55244	1
2191	SLC9C2	0.0009168258	0.01275026	3.6596532	27.654755	1
2193	ANKRD45	0.0035008308	0.0101932995	1.5153037	11.009718	1
2212	TNN	0.01635078	0.0017679338	-3.1386406	44.55244	1
2218	AL591043.2	0.0043457407	0.014859348	1.7505516	15.478644	1
2219	PAPPA2	0.032333907	0.015980015	-1.0122342	19.615864	1
2234	ANGPTL1	0.11932777	0.017946756	-2.726327	44.55244	1
2243	FAM163A	0.0073395893	0.00049703114	-3.639345	30.308878	1
2252	QSOX1	0.0698979	0.2074003	1.56773	44.55244	1
2260	KIAA1614-AS1	0.0012248524	0.00010781746	-2.672443	5.9653378	1
2265	CACNA1E	0.078050695	0.0031695482	-4.5790954	44.55244	1
2267	ZNF648	0.0007476814	4.8457878e-09	-3.0834522	5.7487617	1
2268	AL355482.1	0.0018343088	4.8457878e-09	-4.2736764	11.691678	1
2282	LAMC2	0.0023671184	0.0063936594	1.3962047	6.4615607	1
2291	COLGALT2	0.06462806	0.01814903	-1.8265716	44.55244	1
2300	NIBAN1	0.09147453	0.21505754	1.2323749	44.55244	1
2309	HMCN1	0.35649654	0.11807111	-1.5934153	44.55244	1
2310	PRG4	0.011873613	0.00036686365	-4.6807137	44.55244	1
2317	PTGS2	0.013475032	0.121338256	3.1611955	44.55244	1
2320	ERVMER61-1	0.0023404597	0.009842578	2.026467	13.079436	1
2323	AL691515.1	0.003006482	0.00055504445	-2.2456172	8.700336	1
2327	BRINP3	0.0012261997	0.0071805497	2.4567494	11.853651	1
2335	RGS18	0.00015663268	0.004932422	4.293476	14.153739	1
2339	RGS1	0.0007908269	0.013992113	3.983599	33.32838	1
2347	B3GALT2	0.0005089512	0.004646912	2.9625907	9.9186535	1
2350	AL136456.1	0.0063115945	0.021711828	1.7663556	22.282915	1
2382	AC104461.1	0.0030129782	0.00780332	1.3441633	7.237959	1
2389	INAVA	0.011041732	0.004538292	-1.264308	13.0742445	1
2391	AL358473.1	0.0028884849	0.0006257088	-2.0419517	8.555266	1
2395	IGFN1	0.01759806	0.0005458599	-4.776226	44.55244	1
2397	TNNT2	0.00019763323	0.6538327	11.101391	44.55244	1
2400	TNNI1	0.009491161	0.28348172	4.8859153	44.55244	1
2402	CSRP1	0.28037357	0.051994354	-2.4286659	44.55244	1
2403	AC096677.1	0.0043952023	0.0012002758	-1.7895684	9.974196	1
2409	SHISA4	0.021963196	0.048527747	1.1401381	38.255417	1
2434	PPFIA4	0.013171422	0.053226616	2.006533	44.55244	1
2446	PRELP	0.0021582525	0.012135375	2.4377797	22.424614	1
2456	SOX13	0.028833548	0.013967615	-1.0403656	21.432306	1
2460	REN	0.0014794082	0.08649435	5.776817	44.55244	1
2473	NFASC	0.07757223	0.0047030533	-4.015375	44.55244	1
2478	TMCC2	0.0066014226	0.0017130058	-1.8860838	15.680553	1
2480	NUAK2	0.0056385365	0.02298406	2.0081422	29.186829	1
2481	KLHDC8A	0.018376563	0.0012788067	-3.7442043	44.55244	1
2486	CDK18	0.04632038	0.022281207	-1.0524706	36.10905	1
2489	SLC45A3	0.003048156	0.0075773355	1.2860986	7.1865516	1
2497	RAB7B	0.02207324	0.04520438	1.030831	26.85507	1
2516	IL24	4.8073874e-05	0.0062430007	5.4207764	13.282788	1
2517	FCMR	0.0018500783	0.015755447	3.0233746	33.685776	1
2523	C4BPA	0.002282881	0.00038683918	-2.2911897	7.679865	1
2526	AL596218.1	0.0052026226	0.0017860144	-1.4913653	6.703458	1
2535	CD34	0.044988114	0.0023355265	-4.2104416	44.55244	1
2547	CAMK1G	0.023520544	0.0055785873	-2.0564382	44.55244	1
2551	HSD11B1	0.004076092	0.0086215	1.0624229	5.9802814	1
2558	SERTAD4-AS1	0.02624317	0.010258616	-1.3465978	35.45083	1
2559	SERTAD4	0.08206755	0.012826443	-2.6682434	44.55244	1
2569	LINC00467	0.030862853	0.063391514	1.0360255	36.893272	1
2571	SLC30A1	0.01625612	0.0051613864	-1.6363157	28.097784	1
2576	AC096637.1	0.0011486325	6.117038e-05	-2.9536903	5.5464783	1
2592	AC092803.1	0.002800831	0.00084381725	-1.6198869	5.971209	1
2594	ATF3	0.099458836	0.24642551	1.3081157	44.55244	1
2603	VASH2	0.067122556	0.020716906	-1.6911898	44.55244	1
2605	RPS6KC1	0.24263556	0.50264615	1.0504447	44.55244	1
2619	KCNK2	0.035708174	0.0037679833	-3.2106354	44.55244	1
2655	DUSP10	0.030280253	0.0677126	1.1584195	39.766476	1
2657	LINC02257	0.002211274	0.0004969569	-1.9529896	5.500742	1
2660	AL356108.1	0.007775031	0.02076323	1.4056051	15.605926	1
2675	TLR5	0.0034944955	0.0007316182	-2.1117961	10.351331	1
2708	LEFTY2	0.016182158	0.0010702	-3.798465	44.55244	1
2710	AL512343.2	0.0064378185	0.001603471	-1.9403319	13.672525	1
2719	STUM	0.010308619	0.0034755787	-1.5415299	15.249759	1
2760	HIST3H2A	0.047902696	0.016654309	-1.5185833	44.55244	1
2772	ACTA1	0.0002969882	0.07446855	7.5533276	44.55244	1
2780	GALNT2	0.18073434	0.36564353	1.0161637	44.55244	1
2783	PGBD5	0.002559068	0.020654919	2.9644608	36.338688	1
2787	AGT	0.0565063	0.015474828	-1.8617464	44.55244	1
2791	C1orf198	0.10376538	0.0333879	-1.6330031	44.55244	1
2792	AL118511.1	0.0039275303	0.0015882564	-1.2543614	5.2055397	1
2807	AL136171.2	0.005213051	0.024458429	2.2086058	29.596106	1
2819	KCNK1	0.03684618	0.07975259	1.1119139	44.55244	1
2823	SLC35F3	0.18130088	0.042331595	-2.0959706	44.55244	1
2866	ACTN2	0.0033737593	0.07475087	4.4294496	44.55244	1
2875	CHRM3	0.08604331	0.011790793	-2.8568938	44.55244	1
2876	CHRM3-AS2	0.0035159085	0.0006019939	-2.3648279	10.068456	1
2878	FMN2	0.0064940485	0.016174005	1.303333	11.567431	1
2879	GREM2	0.0009302077	0.016788268	4.035014	31.314245	1
2881	RGS7	0.009359094	0.0029728666	-1.6221168	12.822812	1
2892	PLD5	0.035043143	0.008677175	-2.0014145	44.55244	1
2952	TRIM58	0.0019184059	0.006532532	1.7163435	7.8035803	1
2964	FAM110C	0.0012636655	4.8457878e-09	-3.769348	8.114287	1
2968	ALKAL2	0.006295531	0.0012138516	-2.2832618	14.205154	1
2975	AC092159.2	0.0019715894	0.00034417264	-2.2215457	6.9181714	1
3003	COLEC11	0.09011754	0.6136279	2.7661195	44.55244	1
3005	ALLC	0.0006043606	0.013899064	4.3128724	29.322872	1
3011	SOX11	0.0953402	0.015740236	-2.5910032	44.55244	1
3012	AC010729.2	0.0029279154	0.0006265955	-2.0591006	8.248113	1
3017	NRIR	0.0008816012	4.8457878e-09	-3.295067	5.155921	1
3018	CMPK2	0.0062386934	0.00015191801	-4.653159	32.246635	1
3019	RSAD2	0.010334343	8.402063e-05	-5.8253284	44.55244	1
3021	RNF144A-AS1	0.004019443	0.0012403002	-1.6198931	7.4881763	1
3022	RNF144A	0.20024449	0.048131023	-2.0544496	44.55244	1
3025	AC013460.1	0.005470123	0.0010289658	-2.3027074	15.232517	1
3035	ID2	0.15306683	0.3345462	1.1275326	44.55244	1
3045	AC080162.1	0.005594781	0.0024124351	-1.180554	6.3319135	1
3061	HPCAL1	0.015577575	0.032386255	1.0511271	19.682869	1
3071	KCNF1	0.0014581165	0.007122983	2.2127917	11.834553	1
3078	AC099344.3	0.0056910687	0.0018646746	-1.5595392	9.613293	1
3085	MIR3681HG	0.037281156	0.006957943	-2.4049916	44.55244	1
3088	TRIB2	0.2801639	0.11205862	-1.3212454	44.55244	1
3089	AC064875.1	0.06868981	0.018958926	-1.8517281	44.55244	1
3090	AC093912.1	0.0021198236	0.021419942	3.2771573	36.63279	1
3092	LINC00276	0.01516038	0.0048765927	-1.6165607	20.476854	1
3095	LRATD1	0.0031381473	0.00035754577	-2.8231807	14.4449625	1
3102	MYCNOS	0.0014376221	4.5979446e-05	-3.3968637	8.449192	1
3104	MYCN	0.01369163	0.004149032	-1.698587	25.125912	1
3115	VSNL1	0.010002943	0.03055231	1.6012203	32.528202	1
3118	KCNS3	0.016573884	0.07965882	2.258054	44.55244	1
3119	AC079148.3	0.00449595	0.010869428	1.2550532	7.817527	1
3148	GDF7	0.012668944	0.0030072292	-2.0389385	27.709219	1
3152	APOB	8.304358e-05	0.0079959165	5.466935	16.983904	1
3193	AC012074.1	0.0015540095	0.000106263054	-3.00341	7.3897686	1
3210	KCNK3	0.009125439	0.03571384	1.9568278	44.55244	1
3213	DPYSL5	0.0035458624	0.00073314813	-2.129615	9.8265085	1
3233	SLC30A3	0.0055043767	0.0015718747	-1.7450871	10.673515	1
3251	ZNF512	0.08651584	0.035993397	-1.2628958	44.55244	1
3252	CCDC121	0.019428505	0.0051101414	-1.906187	40.78961	1
3262	FOSL2	0.021432221	0.0659885	1.6179023	44.55244	1
3265	PLB1	0.006313425	0.0019164694	-1.6692635	11.682872	1
3276	ALK	0.06530295	0.0129413	-2.3262682	44.55244	1
3281	LBH	0.42187634	0.15681472	-1.4271814	44.55244	1
3283	LINC01936	0.0022363611	0.0002286208	-2.8297677	10.182529	1
3287	GALNT14	0.003383662	0.03152505	3.1823912	44.55244	1
3289	EHD3	0.019440258	0.06685188	1.776675	44.55244	1
3312	LTBP1	0.1654969	0.34600028	1.0635144	44.55244	1
3314	RASGRP3	0.01299143	0.0339172	1.3776418	24.164022	1
3318	LINC01320	0.010807364	0.038955748	1.8402325	39.18453	1
3324	CRIM1-DT	0.010071925	0.0027602303	-1.8303895	21.785795	1
3341	QPCT	0.0070890444	0.023723813	1.7285324	30.049162	1
3348	RMDN2-AS1	0.011224806	0.0035670325	-1.6268014	17.616507	1
3350	CYP1B1-AS1	0.034068264	0.015209127	-1.158265	29.366783	1
3351	AC009229.2	0.0034165299	0.00057324173	-2.384956	10.124968	1
3376	AC007877.1	0.0005252599	0.004685525	2.9361494	11.938458	1
3386	AC083949.1	0.0043455344	0.00029399557	-3.4961054	18.968735	1
3391	OXER1	0.0038725554	0.00047826662	-2.7802606	15.167718	1
3392	HAAO	0.04114332	0.014105868	-1.5376736	44.55244	1
3398	ZFP36L2	0.21629563	0.070537135	-1.6151726	44.55244	1
3402	PLEKHH2	0.14807999	0.039267596	-1.9122701	44.55244	1
3415	SIX2	0.0012150948	6.887175e-05	-2.9611669	7.374419	1
3424	EPAS1	0.120593674	0.3677614	1.6078122	44.55244	1
3433	SOCS5	0.1418587	0.06612192	-1.1000904	44.55244	1
3445	EPCAM	0.0064591244	0.01434981	1.1394753	9.2208605	1
3457	STON1-GTF2A1L	0.021563472	0.006969998	-1.6154827	32.82741	1
3460	AC009975.1	0.022106145	0.0027264138	-2.9739144	44.55244	1
3464	NRXN1	0.24385697	0.11443196	-1.0908763	44.55244	1
3485	EML6	0.10496429	0.012892001	-3.0155768	44.55244	1
3487	AC104781.2	0.006021404	0.0005626077	-3.2076356	22.833084	1
3503	CCDC85A	0.05790551	0.013560399	-2.0861902	44.55244	1
3509	LINC01122	0.047934737	0.01005707	-2.2415938	44.55244	1
3573	AC007389.1	0.058951654	0.028644955	-1.0386688	41.477623	1
3577	LINC01873	0.0024063303	0.00014678814	-3.3442316	12.050588	1
3578	MEIS1-AS3	0.021895653	0.0020813958	-3.333895	44.55244	1
3579	MEIS1	0.6469972	0.18578997	-1.7995336	44.55244	1
3580	MEIS1-AS2	0.008458036	0.0022262044	-1.8793018	16.732037	1
3581	LINC01798	0.03732544	0.012153198	-1.6108611	44.55244	1
3584	LINC01828	0.012018478	0.005643628	-1.0771743	8.902898	1
3585	LINC01829	0.14287451	0.03985827	-1.8391919	44.55244	1
3587	LINC02831	0.013595803	0.004363077	-1.6176232	18.617985	1
3588	AC007422.1	0.17223014	0.043158058	-1.9941343	44.55244	1
3590	LINC01812	0.007950418	0.002344828	-1.7193305	13.787312	1
3603	ARHGAP25	0.003886449	0.0118364245	1.5821946	11.374779	1
3606	BMP10	-1.36424205e-08	0.0053818533	5.7767887	14.155777	1
3652	CYP26B1	0.00448448	0.00022148376	-3.8339403	21.138542	1
3654	SPR	0.0029794518	0.013387443	2.1308713	21.525005	1
3676	ACTG2	0.052660033	0.024037302	-1.1281811	37.834595	1
3686	MTHFD2	0.1928055	0.4221876	1.1303316	44.55244	1
3692	WDR54	0.036270123	0.08715757	1.2625264	44.55244	1
3708	LOXL3	0.036403265	0.11341678	1.6368082	44.55244	1
3715	HK2	0.011971311	0.033808272	1.4900551	31.899372	1
3717	AC104135.1	0.0040119346	0.0011976125	-1.6639577	7.6478257	1
3771	CAPG	0.078709826	0.019501923	-2.0073805	44.55244	1
3778	VAMP5	0.018796595	0.063236214	1.7449044	44.55244	1
3796	REEP1	0.003547112	0.009606455	1.4121901	8.190964	1
3804	RGPD1	0.00017049143	0.005797553	4.4464617	15.090836	1
3807	AC068279.2	0.0018995696	0.03893764	4.2871046	44.55244	1
3812	PLGLB2	0.0070735943	0.0026775876	-1.3688637	9.435307	1
3813	RGPD2	0.0008117903	0.015075497	4.056898	30.069485	1
3816	SMYD1	-1.36424205e-08	0.017465467	7.4567947	35.516407	1
3817	FABP1	4.034135e-05	0.014498085	6.700695	26.224539	1
3819	FOXI3	0.0021347469	4.8457878e-09	-4.48197	12.784456	1
3822	EIF2AK3	0.10198856	0.26145607	1.357299	44.55244	1
3826	IGKC	5.364164e-05	0.03775156	7.9446397	44.55244	1
3846	DUSP2	0.0077892756	0.019038009	1.278476	14.571214	1
3889	MGAT4A	0.025933744	0.0038208177	-2.7311563	44.55244	1
3891	KIAA1211L	0.0046381797	0.0015960684	-1.4821385	7.321099	1
3904	AFF3	0.6222178	0.10438305	-2.5743825	44.55244	1
3905	AC092667.1	0.0015458413	0.00010806614	-2.9837112	7.8313956	1
3907	LONRF2	0.016749952	0.0071019013	-1.2262948	16.620232	1
3916	TBC1D8	0.14343752	0.03793327	-1.9160938	44.55244	1
3928	IL1R1	0.1195417	0.2817479	1.2361964	44.55244	1
3931	IL1RL1	0.0015895497	0.013016546	2.9566772	20.531916	1
3932	IL18R1	0.019899959	0.06131043	1.6184866	44.55244	1
3973	ST6GAL2	0.14348894	0.06804954	-1.0751687	44.55244	1
3975	AC016994.1	0.0018359998	0.00018838077	-2.747032	7.4656034	1
3983	SLC5A7	0.014043199	0.004232524	-1.7068288	20.537544	1
3987	SULT1C4	0.15757495	0.04482576	-1.8113387	44.55244	1
4006	MTLN	0.021530805	0.05623287	1.3808898	44.55244	1
4013	ACOXL	0.0016664558	0.0065209223	1.9061747	7.105508	1
4020	AC068491.3	0.02354138	0.010941615	-1.098363	19.37301	1
4030	FBLN7	0.0035210354	0.011561718	1.687306	13.991554	1
4034	RGPD8	0.008950204	0.0042802454	-1.0469385	7.426241	1
4057	PGM5P4-AS1	0.001974361	0.00022491076	-2.6745515	8.002351	1
4071	DPP10-AS1	0.012261754	0.0040429984	-1.5771363	19.802067	1
4079	INSIG2	0.040638074	0.083212085	1.032148	44.55244	1
4113	AC011246.1	0.006097917	0.013492006	1.1329031	8.705204	1
4127	CYP27C1	0.119677	0.021584192	-2.4656353	44.55244	1
4145	AC012306.3	0.007907957	0.002527053	-1.6079888	14.732086	1
4154	POTEF	0.00036701866	0.047635145	6.675428	44.55244	1
4163	POTEI	0.0002478234	0.016439125	5.571384	38.196335	1
4167	CFC1	3.910125e-05	0.0044734646	5.03908	10.839492	1
4174	POTEE	0.00016695025	0.005707936	4.4433827	13.295934	1
4192	LYPD1	0.025643386	0.012114423	-1.075616	20.177467	1
4201	TMEM163	0.040727537	0.015469537	-1.3908166	40.409676	1
4215	DARS-AS1	0.001832406	0.0071050157	1.8986033	9.782592	1
4217	CXCR4	0.015480504	0.03513612	1.1773132	25.43614	1
4218	THSD7B	0.054842874	0.008747419	-2.634604	44.55244	1
4227	NXPH2	0.0044385153	0.010593777	1.2364792	8.031123	1
4230	KYNU	0.0037994683	0.025932526	2.738966	39.975246	1
4254	AC105402.3	0.0035417576	0.0005519743	-2.4817479	10.698805	1
4255	KIF5C	0.17780125	0.037668906	-2.2358057	44.55244	1
4262	LINC01931	0.0036022507	0.011832176	1.6883825	11.621745	1
4268	AC023469.2	0.0055039707	0.00094320875	-2.4254215	15.332065	1
4273	TNFAIP6	0.03227409	0.08460807	1.3876598	44.55244	1
4290	RPRM	0.009569054	0.00034043327	-4.4563794	44.55244	1
4294	KCNJ3	0.006735352	0.026007768	1.9333916	30.902271	1
4298	NR4A2	0.007933118	0.06224176	2.956167	44.55244	1
4299	GPD2	0.039367005	0.082109205	1.0586529	44.55244	1
4302	GALNT5	0.006844526	0.03617479	2.385019	44.55244	1
4308	UPP2	0.009542813	0.0037319218	-1.3313859	10.996876	1
4312	CCDC148	0.011260085	0.0053915135	-1.048698	8.652701	1
4316	DAPL1	0.003570703	0.008424768	1.2156041	7.0710893	1
4321	AC009506.1	0.011666409	0.0043506254	-1.4025941	16.868345	1
4325	AC009961.4	0.002829168	0.00097589026	-1.44496	5.1814528	1
4340	DPP4	0.0015139085	0.0043822234	1.4736557	5.017864	1
4344	FAP	0.29186964	0.037723746	-2.9484541	44.55244	1
4358	CSRNP3	0.5025084	0.15793476	-1.6691929	44.55244	1
4365	SCN1A-AS1	0.0027680749	0.0087443115	1.624667	8.662783	1
4367	SCN9A	0.026761288	0.14112298	2.3943746	44.55244	1
4371	AC073050.1	0.19419478	0.031856325	-2.6040738	44.55244	1
4372	AC016723.1	0.007326592	0.0027170405	-1.39852	9.521199	1
4373	B3GALT1	0.008383861	0.0008771889	-3.1180115	32.798126	1
4377	NOSTRIN	0.020662142	0.058963697	1.5083165	44.55244	1
4381	DHRS9	-1.36424205e-08	0.027977545	8.13347	44.55244	1
4384	KLHL41	0.0021621704	0.009811093	2.1313365	12.668569	1
4393	MYO3B	0.0014914295	0.007776955	2.3073149	11.352621	1
4399	AC007405.3	0.0011076339	0.009946571	3.056448	20.545195	1
4400	ERICH2	0.00030924747	0.0024568976	2.643349	5.9588704	1
4413	DLX1	0.021415254	0.0014250242	-3.818456	44.55244	1
4414	DLX2	0.008439987	0.0010959824	-2.8360376	31.576797	1
4418	ITGA6	0.0027587176	0.01767308	2.6362536	27.992266	1
4420	ITGA6-AS1	0.0007100272	0.011484897	3.838131	27.373407	1
4421	AC078883.1	0.0045475424	0.03521662	2.9258075	44.55244	1
4422	PDK1	0.025009893	0.10021492	1.9982084	44.55244	1
4449	HOXD11	0.072340116	0.0063882144	-3.4808955	44.55244	1
4450	HOXD10	0.048233345	0.0033793633	-3.7961235	44.55244	1
4451	HOXD-AS2	0.021268528	0.0037287541	-2.4805405	44.55244	1
4452	HOXD9	0.033405773	0.0011827446	-4.7071037	44.55244	1
4453	HOXD8	0.031008307	0.002451175	-3.608066	44.55244	1
4454	HOXD3	0.06584069	0.002691691	-4.561958	44.55244	1
4455	HOXD4	0.009629933	0.00030299483	-4.5935965	44.55244	1
4456	HAGLR	0.0026992508	4.8457878e-09	-4.806899	17.499811	1
4458	HAGLROS	0.002228356	0.00039337797	-2.2385464	7.50683	1
4461	LINC01117	0.027671868	0.0063038943	-2.116603	44.55244	1
4464	LINC01116	0.027572084	0.005564573	-2.288392	44.55244	1
4465	AC092162.2	0.0035477064	4.8457878e-09	-5.188848	19.978916	1
4466	AC073636.1	0.0025595047	4.8457878e-09	-4.733016	14.96015	1
4467	AC074286.1	0.0044069663	0.00037112788	-3.2579658	18.76387	1
4480	PDE11A	0.012076241	0.0016477605	-2.8004894	42.39107	1
4489	TTN-AS1	0.13269264	0.048758045	-1.442507	44.55244	1
4490	TTN	0.022016248	0.8880702	5.3276577	44.55244	1
4493	AC010680.3	0.0035748857	0.0007877208	-2.0495214	9.901802	1
4498	AC092640.1	0.00084547186	0.004883887	2.3981647	8.295597	1
4499	CCDC141	0.005988013	0.086801395	3.8353362	44.55244	1
4510	ITGA4	0.62372214	0.25605664	-1.2841086	44.55244	1
4514	ITPRID2	0.6849715	0.24905898	-1.459188	44.55244	1
4515	PPP1R1C	0.010158977	0.00422546	-1.2459614	10.581691	1
4556	SLC40A1	0.14921018	0.050627902	-1.5574611	44.55244	1
4586	CAVIN2	0.0029326407	0.04941078	4.029096	44.55244	1
4588	TMEFF2	0.075697616	0.0099412175	-2.9162183	44.55244	1
4603	HECW2	0.30199194	0.71923107	1.2516683	44.55244	1
4609	ANKRD44	0.39015174	0.10881363	-1.8412205	44.55244	1
4611	ANKRD44-IT1	0.0025877752	0.00026590645	-2.8768659	10.456493	1
4623	PLCL1	0.71389854	0.14236374	-2.3253264	44.55244	1
4624	AC011997.2	0.00649738	0.0011147456	-2.441239	16.993689	1
4657	CASP10	0.0012213447	0.01755751	3.7402031	41.311142	1
4669	FZD7	0.04247999	0.014206787	-1.573476	44.55244	1
4678	AC064836.3	0.004120154	0.0017103158	-1.2210542	5.3714514	1
4681	ICA1L	0.08668994	0.036312312	-1.2531015	44.55244	1
4690	CTLA4	0.0012509966	4.8457878e-09	-3.7558823	8.241375	1
4703	GPR1	0.003407166	0.0011219882	-1.5210755	5.684024	1
4714	CPO	0.0031923985	0.0010972613	-1.459401	5.153231	1
4739	MAP2	0.28871405	0.11715892	-1.3004432	44.55244	1
4740	UNC80	0.012270125	0.004278644	-1.498304	16.78657	1
4753	AC093865.1	0.015521746	0.007313191	-1.0753891	11.372452	1
4757	IKZF2	0.025444135	0.011030615	-1.1984588	23.086697	1
4760	SPAG16-DT	0.0011694697	7.9851474e-05	-2.8193479	5.789899	1
4762	AC068051.1	0.026707288	0.012728068	-1.0633214	19.391634	1
4763	VWC2L	0.0016669163	0.0003019741	-2.1360593	5.661348	1
4776	LINC01614	0.0066487584	0.002094688	-1.6206063	10.085171	1
4777	AC122136.1	0.00010335209	0.0030269967	3.9427261	9.673623	1
4781	TMEM169	0.0042237947	0.00886111	1.0513794	6.211059	1
4784	MARCH4	0.012177167	0.024517262	1.0036925	13.10883	1
4794	IGFBP2	0.41841954	1.0197175	1.284944	44.55244	1
4804	AC010136.1	0.0036671306	0.0007251295	-2.1907735	10.253368	1
4806	CXCR2	0.00038838666	0.0050195893	3.3899324	12.634197	1
4809	GPBAR1	0.018896382	0.0671329	1.8234427	44.55244	1
4812	TMBIM1	0.041022524	0.08726684	1.0871569	44.55244	1
4846	SLC23A3	0.0072879596	0.0017043306	-2.0337124	18.522106	1
4850	ABCB6	0.014231826	0.031363703	1.1344662	22.892908	1
4855	TUBA4A	0.0030103321	0.010865894	1.8178828	14.084564	1
4858	PTPRN	0.004089013	0.015244051	1.872997	19.404448	1
4859	AC114803.1	7.1348484e-05	0.00411606	4.62089	10.670138	1
4862	DES	0.003827763	0.008414277	1.1161761	6.434709	1
4864	SPEG	0.01460669	0.054618206	1.8955483	44.55244	1
4866	SPEGNB	0.00012734515	0.002543113	3.539282	7.1251945	1
4869	ASIC4	0.00047939812	0.009105376	3.9898498	20.20518	1
4870	CHPF	0.094211526	0.3033257	1.6858373	44.55244	1
4875	INHA	0.0016791653	0.009239314	2.392116	15.0468025	1
4881	AC019211.1	0.00313313	0.00026243835	-3.157124	12.032648	1
4882	AC067956.1	0.0012793504	8.331537e-05	-2.9115891	6.333355	1
4885	EPHA4	0.19447558	0.044515107	-2.1247263	44.55244	1
4888	PAX3	0.0015364662	0.00015277194	-2.6946754	6.185578	1
4909	DOCK10	0.1333777	0.015077176	-3.1366236	44.55244	1
4911	AC016717.2	0.00096656295	4.8457878e-09	-3.4148273	7.598536	1
4917	COL4A4	0.00158748	0.00509668	1.6227199	6.020806	1
4937	SLC16A14	0.005344602	0.0023622857	-1.1448283	5.391345	1
4955	HTR2B	0.10466668	0.003338901	-4.9290886	44.55244	1
4956	ARMC9	0.35969046	0.154875	-1.2151214	44.55244	1
4969	NPPC	0.0005251919	0.016359117	4.718444	41.213387	1
4979	EFHD1	0.015124915	0.002916659	-2.3354106	43.251408	1
4984	NGEF	0.00017965084	0.0023172516	3.111669	5.575384	1
5003	ARL4C	0.010975822	0.057515934	2.379054	44.55244	1
5017	ACKR3	0.0057584504	0.011896642	1.0340396	7.8711185	1
5024	AC112721.2	0.009828752	0.0035209635	-1.4552387	12.964408	1
5025	MLPH	0.012285834	0.0026874323	-2.1516824	29.241379	1
5026	RAB17	0.00012034432	0.0019536836	3.2203822	5.164038	1
5031	RBM44	0.0035220627	0.007384162	1.0470291	5.4974957	1
5032	RAMP1	0.05119077	0.023436934	-1.1237729	43.190712	1
5037	ERFE	0.00012778395	0.02938029	7.015941	44.55244	1
5039	LINC02610	0.006371618	0.0019006174	-1.6936811	13.154443	1
5050	TWIST2	0.0975217	0.017325394	-2.4860108	44.55244	1
5062	GPC1	0.059145134	0.18705289	1.6594487	44.55244	1
5071	KIF1A	0.040285382	0.008749545	-2.1901581	44.55244	1
5076	SNED1	0.29284096	0.026101725	-3.482876	44.55244	1
5077	AC005237.1	0.02588886	0.0020306585	-3.608522	44.55244	1
5089	BOK	0.015981302	0.04150493	1.3713704	41.101574	1
5118	AC034195.1	0.057899255	0.022467218	-1.3618058	44.55244	1
5120	LRRN1	0.023995623	0.0052152383	-2.1805649	44.55244	1
5124	ITPR1-DT	0.0019225631	0.00038046273	-2.0736883	5.8714237	1
5134	AC087857.1	0.0028619494	0.0008836232	-1.5903693	5.199428	1
5135	AC026167.1	0.0057607554	0.00017157316	-4.431674	28.934101	1
5138	GRM7	0.08486602	0.014385751	-2.5522516	44.55244	1
5145	LMCD1	0.18770178	0.08234258	-1.1877491	44.55244	1
5151	SRGAP3	0.06320619	0.00912508	-2.7787132	44.55244	1
5174	CRELD1	0.037231997	0.102501966	1.4585737	44.55244	1
5186	IRAK2	0.009056632	0.020959977	1.2016149	14.556776	1
5195	SLC6A1	0.0069794264	0.0027894361	-1.2928444	8.265437	1
5205	SYN2	0.037722107	0.014026239	-1.4208524	44.55244	1
5221	FBLN2	0.0219538	0.4944173	4.486922	44.55244	1
5257	RFTN1	0.26345327	0.10479465	-1.3291534	44.55244	1
5274	SATB1-AS1	0.0058457376	0.0013522266	-2.0335894	13.1312685	1
5277	EFHB	0.016209833	0.0024585093	-2.6723666	44.55244	1
5285	ZNF385D	0.28777823	0.020864187	-3.77946	44.55244	1
5286	ZNF385D-AS1	0.0022797782	0.00010173987	-3.560259	10.386713	1
5296	THRB	0.07169498	0.009139029	-2.9580698	44.55244	1
5297	THRB-IT1	0.0007976233	4.8457878e-09	-3.1660402	5.528935	1
5300	AC092422.1	0.01448352	0.0020405494	-2.768286	43.77429	1
5301	RARB	0.1287427	0.010889589	-3.5514014	44.55244	1
5304	OXSM	0.007338564	0.015974008	1.1116337	12.143063	1
5312	LINC01980	0.0052194376	0.017521204	1.727967	19.924288	1
5351	LINC01811	0.001959905	0.005823868	1.5239615	6.0620065	1
5357	DCLK3	0.011232232	0.001068554	-3.2776358	44.55244	1
5359	TRANK1	0.05742951	0.025016928	-1.1956422	44.55244	1
5373	PLCD1	0.012403081	0.030360736	1.2846671	27.000372	1
5394	XIRP1	8.577263e-05	0.0084217265	5.519536	19.508684	1
5406	ENTPD3	0.005198234	0.00065540825	-2.810183	17.714163	1
5420	VIPR1	0.0010587628	0.008528665	2.896552	15.726052	1
5442	GASK1A	0.004725869	0.00022389644	-3.8971841	21.074358	1
5463	ZNF502	0.017625405	0.005457587	-1.673288	30.675734	1
5464	ZNF501	0.0102137765	0.0021945555	-2.168286	26.580189	1
5473	TMEM158	0.056624923	0.028098041	-1.0083878	37.71395	1
5494	LRRC2	0.00939344	0.0045420486	-1.0321692	7.806706	1
5501	MYL3	0.007354036	0.1963064	4.7196765	44.55244	1
5513	CSPG5	0.0014256084	0.0044443384	1.5746856	5.0459447	1
5530	PFKFB4	0.014724362	0.0660576	2.157937	44.55244	1
5536	CELSR3	0.0017227312	0.0047498667	1.4118433	5.674968	1
5573	BSN	0.0051519736	0.0023165443	-1.1199142	5.545336	1
5582	UBA7	0.034260508	0.012849156	-1.4078934	44.55244	1
5584	CAMKV	0.0012238692	4.8457878e-09	-3.7266188	8.175264	1
5618	CISH	0.021699006	0.0068405895	-1.6511322	37.891182	1
5620	LINC02019	0.0034175348	0.0013035168	-1.3255185	5.16074	1
5621	DOCK3	0.037601694	0.010340263	-1.8524714	44.55244	1
5644	TWF2	0.064170845	0.1402276	1.1265624	44.55244	1
5653	SEMA3G	0.0007199997	0.012745176	3.9694595	31.584686	1
5654	TNNC1	0.00070375553	0.40010783	8.959777	44.55244	1
5665	ITIH3	0.001076955	6.2049665e-05	-2.860551	6.681513	1
5702	IL17RD	0.07135717	0.005417918	-3.6948829	44.55244	1
5719	DNASE1L3	0.00019839013	0.020819454	6.1315017	44.55244	1
5733	C3orf67	0.017601024	0.044784803	1.3423942	35.968887	1
5737	FHIT	0.38800517	0.16914566	-1.1973287	44.55244	1
5738	PTPRG	1.4338048	0.62804645	-1.1907763	44.55244	1
5739	PTPRG-AS1	0.050136007	0.023172319	-1.110107	39.178787	1
5781	EOGT	0.017428575	0.04135293	1.2417654	33.114525	1
5785	ARL6IP5	0.21929224	0.4950387	1.1743201	44.55244	1
5787	FRMD4B	0.023180194	0.34503677	3.8899932	44.55244	1
5797	FOXP1-IT1	0.006543397	0.001863262	-1.7586683	11.580022	1
5798	AC097634.3	0.007348423	0.0026421116	-1.4416476	9.719947	1
5799	AC097634.1	0.0031906068	0.0010305288	-1.541356	5.2344403	1
5814	PDZRN3	0.7336778	0.30391872	-1.2711831	44.55244	1
5816	LINC02005	0.0016540977	4.8457878e-09	-4.1325874	10.19228	1
5823	ROBO2	1.9394279	0.50143194	-1.9512919	44.55244	1
5829	AC117461.1	0.008844017	0.00047239196	-3.9658475	37.515205	1
5835	GBE1	0.13969934	0.38339454	1.4558485	44.55244	1
5841	LINC00971	0.019883841	0.051496755	1.3684465	35.754	1
5846	VGLL3	0.09782415	0.041552216	-1.2332715	44.55244	1
5866	EPHA6	0.065701365	0.011111855	-2.5530927	44.55244	1
5890	COL8A1	0.1426354	0.06540107	-1.1237528	44.55244	1
5899	TMEM45A	0.050852194	0.18954393	1.896077	44.55244	1
5914	NFKBIZ	0.09651806	0.2300773	1.2523807	44.55244	1
5947	DPPA4	0.006681496	0.028791552	2.0909724	43.95038	1
5962	C3orf52	0.012432925	0.03670612	1.5542226	35.076454	1
5965	SLC9C1	0.0040377057	0.0087135825	1.0908976	5.8083844	1
5966	AC112487.1	0.0029688354	0.022320984	2.8690865	41.961376	1
5982	LINC02044	0.0019009655	0.00039574073	-2.0130386	5.528261	1
5983	BOC	0.32299495	0.02912671	-3.4665987	44.55244	1
6007	ZBTB20-AS2	0.006541069	0.0026483517	-1.2728487	6.762886	1
6009	ZBTB20-AS4	0.0050079906	0.0008941794	-2.3611777	15.367045	1
6013	GAP43	0.027268684	0.12301066	2.1693578	44.55244	1
6022	AC092691.3	0.0031666933	0.007548905	1.2274222	5.1467614	1
6041	POPDC2	0.008700709	0.025341175	1.5314736	22.69412	1
6044	MAATS1	0.0045376723	0.0014273174	-1.6024009	7.9751177	1
6050	AC063952.4	-1.36424205e-08	0.0023226382	4.598704	7.692363	1
6063	FBXO40	8.131602e-05	0.0039797383	4.491898	8.731912	1
6074	FAM162A	0.10546784	0.37538794	1.8305961	44.55244	1
6080	DTX3L	0.055032015	0.025966302	-1.0807045	44.55244	1
6086	SEMA5B	0.17492284	0.07984191	-1.1305192	44.55244	1
6118	ALDH1L1	0.0029181514	0.0007239758	-1.8729912	7.484298	1
6120	AC079848.2	0.0066844267	0.0020705527	-1.6441643	12.4626255	1
6129	AC024558.2	0.04355062	0.021188917	-1.0358996	34.419155	1
6133	AC112482.2	0.0016089554	0.00013865484	-2.8401172	8.718124	1
6140	PODXL2	0.04383345	0.019670106	-1.1519992	43.273685	1
6141	ABTB1	0.048488084	0.021478882	-1.1709825	44.55244	1
6142	MGLL	0.10734753	0.04241469	-1.3375989	44.55244	1
6160	KIAA1257	0.0118277725	0.004492446	-1.3769901	15.148397	1
6161	EFCC1	0.0070896926	0.0002286548	-4.451285	39.145634	1
6172	H1FX-AS1	0.014765693	0.005943935	-1.2984267	17.934973	1
6173	EFCAB12	0.0054761507	0.0014263929	-1.8691432	12.597197	1
6175	IFT122	0.05825199	0.02850037	-1.028748	42.889683	1
6183	TRH	0.0043551987	0.041622493	3.227264	44.55244	1
6189	COL6A6	0.026428666	0.085591756	1.6916044	44.55244	1
6201	CPNE4	0.0024548718	0.006299026	1.3246014	5.479146	1
6205	ACKR4	0.008048313	0.0032907752	-1.2648861	8.269322	1
6217	TF	0.0023947712	0.008654282	1.8110813	10.427349	1
6221	SLCO2A1	0.0075134113	0.0028908288	-1.3479977	8.773652	1
6225	AMOTL2	0.038743228	0.014004344	-1.4615235	44.55244	1
6231	AC092969.1	0.019762695	0.055632897	1.4884678	44.55244	1
6268	RBP1	0.60544187	0.13369174	-2.1782377	44.55244	1
6269	NMNAT3	0.022947479	0.006162317	-1.8798406	40.736332	1
6273	CLSTN2	0.051856793	0.010400825	-2.3068097	44.55244	1
6278	SPSB4	0.0081415605	0.021021146	1.3576987	17.204786	1
6306	AC018450.1	0.0029984955	0.0009139359	-1.6116015	6.20841	1
6311	DIPK2A	0.07046806	0.16510776	1.2271942	44.55244	1
6313	AC107021.2	0.0009192251	0.0036239156	1.8693477	5.040958	1
6314	AC107021.1	0.0074603534	0.025939139	1.7841562	25.821772	1
6315	LNCSRLR	0.004588141	0.023208428	2.3137639	34.51193	1
6316	PLOD2	0.10751993	0.4680083	2.120897	44.55244	1
6324	AC092958.1	0.000208576	0.004753226	3.9752462	11.328063	1
6338	HPS3	0.034763586	0.08335864	1.2593404	44.55244	1
6339	CP	0.00032623316	0.014220081	5.070253	28.688635	1
6342	TM4SF18	0.0029237443	0.007883224	1.4006354	6.18736	1
6343	TM4SF1	0.053405832	0.17636737	1.7216333	44.55244	1
6345	TM4SF4	0.00033016922	0.0025976636	2.6487343	5.0066376	1
6374	P2RY14	0.099262394	0.025276022	-1.969234	44.55244	1
6379	IGSF10	0.03245674	0.0024779083	-3.6586835	44.55244	1
6382	AADACL2-AS1	0.01607989	0.0067157093	-1.247266	13.406412	1
6384	SUCNR1	0.1895562	0.023795145	-2.9885972	44.55244	1
6391	P2RY1	0.023533776	0.110785194	2.2301447	44.55244	1
6393	RAP2B	0.047317676	0.13307403	1.4898158	44.55244	1
6399	ARHGEF26-AS1	0.00021307054	0.0024205951	3.0092049	6.2252746	1
6400	ARHGEF26	0.007075565	0.01887204	1.4027106	16.044992	1
6404	MME	0.13830082	0.039616864	-1.8010288	44.55244	1
6405	MME-AS1	0.003962753	0.00036211126	-3.1361454	15.346028	1
6408	PLCH1	0.020561647	0.00287952	-2.7938035	44.55244	1
6416	KCNAB1	0.017525151	0.0020597144	-3.0287232	44.55244	1
6427	LINC00881	0.00015821427	0.021528905	6.388248	44.55244	1
6434	SLC66A1L	0.0008808133	0.0044241147	2.205585	7.887843	1
6436	SHOX2	0.0015897085	0.106315464	5.9767895	44.55244	1
6473	AC079910.1	0.0029866206	0.00026721446	-3.0713334	13.068629	1
6495	MECOM	0.4913086	0.24447963	-1.0066189	44.55244	1
6503	LRRC34	0.006777485	0.0013802787	-2.2160122	18.899603	1
6516	SKIL	0.6438509	0.32166907	-1.0009252	44.55244	1
6518	CLDN11	0.0076543996	0.0027820396	-1.4279249	10.801905	1
6526	TNIK	0.22024414	0.53830755	1.2889401	44.55244	1
6527	AC092919.1	0.0021471663	0.012507423	2.4880946	22.918161	1
6528	PLD1	0.08370517	0.18692796	1.1581428	44.55244	1
6541	NLGN1	0.08107434	0.030939357	-1.3869251	44.55244	1
6554	LINC00578	0.012876204	0.0012734844	-3.2399561	44.55244	1
6560	AC110992.1	0.002503937	0.00012596868	-3.5264997	12.528066	1
6561	AC117453.1	0.020592265	0.0015547437	-3.6444118	44.55244	1
6563	KCNMB2-AS1	0.021008575	0.04339623	1.0430611	22.075357	1
6607	MCF2L2	0.010644614	0.062999986	2.5540261	44.55244	1
6630	CAMK2N2	0.0009825659	0.0048197475	2.1841295	10.213257	1
6641	EPHB3	0.03882491	0.016214155	-1.2545695	42.15104	1
6654	LIPH	0.00027339903	0.02165247	5.8643174	44.55244	1
6667	AHSG	-1.36424205e-08	0.0049710325	5.6644044	11.58484	1
6677	RPL39L	0.21032433	0.09743011	-1.1093819	44.55244	1
6678	MASP1	0.005297859	0.26416597	5.6134596	44.55244	1
6679	AC007920.2	0.00038745953	0.00511137	3.4183083	11.782474	1
6699	IL1RAP	0.08290695	0.19259265	1.2149976	44.55244	1
6703	UTS2B	0.0020491534	0.0004346411	-2.0071259	5.1747746	1
6711	MB21D2	0.030759439	0.07502637	1.2836077	44.55244	1
6713	PLAAT1	0.0019158943	0.009234268	2.211117	13.98791	1
6731	LINC00887	0.0043340176	0.00044000382	-3.0375729	18.144203	1
6735	ATP13A3	0.22838771	0.47731337	1.0631223	44.55244	1
6757	MUC20	0.0016781972	0.008357524	2.24982	13.7396145	1
6791	PIGZ	0.003165295	0.008033708	1.3166997	7.8720207	1
6793	MELTF	0.002822102	0.012735026	2.1350076	19.645973	1
6826	TMEM271	0.0028249826	0.00018717555	-3.3484232	15.398995	1
6827	AC116565.1	0.00706631	0.0007432448	-3.087207	27.650848	1
6847	RNF212	0.007045845	0.0033997204	-1.0298649	6.1747465	1
6850	SPON2	0.06928337	0.4447035	2.6805062	44.55244	1
6859	AC147067.1	0.0049687033	0.012725704	1.3393494	12.768251	1
6865	FGFR3	0.0006206554	0.004816828	2.7703462	10.264951	1
6868	NELFA	0.051716477	0.14930095	1.5277064	44.55244	1
6869	C4orf48	0.15828095	0.5896248	1.8966432	44.55244	1
6870	NAT8L	0.00082563073	0.0039338465	2.1236475	7.7445345	1
6903	NSG1	0.0010644019	0.023831366	4.361242	44.55244	1
6909	CYTL1	0.031145303	0.08593805	1.4613355	44.55244	1
6910	STK32B	0.06351055	0.028775822	-1.139404	44.55244	1
6919	PPP2R2C	0.004356044	0.0002855812	-3.5306568	20.079086	1
6922	LINC02482	0.014991471	0.006084054	-1.2871087	16.697691	1
6925	S100P	0.00015125494	0.0026424741	3.448254	5.877081	1
6930	AC097382.3	0.012884203	0.0058583915	-1.1237627	13.208937	1
6937	SORCS2	0.11506823	0.018494248	-2.6308146	44.55244	1
6945	HTRA3	0.042598195	0.11565621	1.4388427	44.55244	1
6947	AC104825.1	0.003907893	0.0013918316	-1.4257593	6.624166	1
6958	AC105916.1	0.020807281	0.0065665343	-1.6489966	33.72858	1
6980	NKX3-2	0.009751117	0.0013866541	-2.7282183	35.051723	1
6993	C1QTNF7	0.053795703	0.025682814	-1.0637605	37.554478	1
6999	BST1	0.00567028	0.0152122965	1.4079775	16.221415	1
7018	FAM184B	0.007771549	0.0037722257	-1.0234845	6.4725056	1
7026	SLIT2	0.27406117	0.9559953	1.8021302	44.55244	1
7034	AC096576.2	0.0036061232	0.0007992394	-2.0431337	7.498367	1
7035	KCNIP4-IT1	0.029496402	0.009860339	-1.5711552	37.707073	1
7037	ADGRA3	0.19881481	0.08359725	-1.2488985	44.55244	1
7038	AC097512.1	0.005372896	0.0009442168	-2.389883	12.518321	1
7040	AC093607.1	0.005319948	0.000964582	-2.347992	11.958602	1
7042	PPARGC1A	0.10449962	0.018985212	-2.4543507	44.55244	1
7056	SEL1L3	0.0144601725	0.04376996	1.5912061	40.83162	1
7079	PCDH7	0.76329774	0.3413168	-1.160901	44.55244	1
7080	AC097716.1	0.0063949716	0.0029552085	-1.0880523	5.138157	1
7088	AC016687.3	0.015177288	0.0016475818	-3.1279566	44.55244	1
7095	AC104078.2	0.00024007785	0.012559678	5.2182317	25.002998	1
7099	NWD2	0.012537193	0.002748037	-2.149636	25.794394	1
7108	LINC01258	0.0006321085	0.020685181	4.827354	44.55244	1
7109	LINC02278	0.005022167	4.8457878e-09	-5.6786127	28.680944	1
7110	KLF3-AS1	0.047124326	0.012517368	-1.9041194	44.55244	1
7114	TLR1	0.0013780338	0.012335887	3.0727584	26.559792	1
7115	TLR6	0.0011363795	0.011425532	3.22064	27.38428	1
7116	FAM114A1	0.29045254	0.6300068	1.1167973	44.55244	1
7140	RBM47	0.0032162531	0.008733019	1.4133525	8.424629	1
7143	APBB2	0.69438547	0.27138287	-1.3550835	44.55244	1
7147	LIMCH1	0.4133493	0.18931183	-1.1261839	44.55244	1
7156	BEND4	0.0043237293	0.000540741	-2.7874498	16.201952	1
7157	AC111006.1	0.0024903326	9.188832e-05	-3.7547987	13.250135	1
7159	SHISA3	0.010448097	0.00043027545	-4.314097	44.55244	1
7167	AC114757.1	0.0017024565	0.00028163125	-2.2397132	6.6071954	1
7176	GABRG1	0.0069910646	4.8457878e-09	-6.1478605	41.288094	1
7178	GABRA2	0.024603836	0.05908319	1.2604524	37.843777	1
7181	GABRA4	0.0009330095	0.0055802916	2.4591115	8.899358	1
7189	CORIN	0.006596954	0.01558069	1.2274121	11.384128	1
7196	TEC	0.0019872584	0.011167838	2.4325294	18.554558	1
7198	SLC10A4	0.006839488	0.000718115	-3.0844536	28.23691	1
7210	AC097522.2	0.0033708375	0.0011527465	-1.4701895	5.1156845	1
7212	USP46-AS1	0.011655707	0.004733736	-1.2821507	13.825245	1
7218	RASL11B	0.006966519	0.0023192174	-1.5464592	11.590301	1
7222	LNX1	0.0065372027	0.013558418	1.0411431	6.3483963	1
7237	KDR	0.026371466	0.08261828	1.6437682	44.55244	1
7246	NMU	0.0023548906	0.00034942967	-2.4494915	9.127846	1
7250	AC110611.2	0.0042676367	0.0014554418	-1.4895284	6.0465913	1
7279	AC092596.1	0.0021160415	9.054317e-05	-3.5397952	11.199523	1
7285	TECRL	0.00014447313	0.090207905	8.529033	44.55244	1
7291	AC116049.2	0.0027475797	0.00734138	1.385834	6.477708	1
7310	UGT2B7	0.0003888294	0.005027766	3.3909273	9.88405	1
7316	SULT1E1	0.40525657	0.01716867	-4.552963	44.55244	1
7320	ODAM	0.00013578971	0.005206011	4.492055	11.956866	1
7324	SMR3B	0.0025122038	4.8457878e-09	-4.7071257	6.8087177	1
7338	SLC4A4	0.033319198	0.089094944	1.4162848	44.55244	1
7339	GC	9.122602e-05	0.0028606656	3.952571	6.055324	1
7347	ALB	4.9108836e-05	0.06688578	8.811345	44.55244	1
7348	AFP	7.486587e-05	0.05269837	8.238101	44.55244	1
7353	CXCL8	0.0017005666	0.018091142	3.3367133	31.424093	1
7357	PF4	8.0980775e-05	0.007291196	5.351899	23.276775	1
7360	CXCL3	0.003949863	0.008454155	1.0787523	5.9274535	1
7361	CXCL2	0.0068859677	0.025600918	1.8792881	25.905043	1
7367	AREG	0.02506916	0.09415948	1.9049807	44.55244	1
7370	PARM1	0.1246596	0.026920334	-2.2070334	44.55244	1
7399	STBD1	0.010652312	0.045507886	2.0846364	44.55244	1
7401	SHROOM3	0.121021375	0.04867667	-1.3121903	44.55244	1
7402	AC107072.2	0.012339492	0.027154963	1.1315913	15.9869585	1
7412	ANXA3	0.00265797	0.013452463	2.2968762	20.591854	1
7420	LINC00989	0.006817066	0.0005977186	-3.309443	27.996351	1
7429	BMP3	0.0045931293	0.0015220798	-1.5327054	7.2479267	1
7430	PRKG2	0.025541663	0.056047976	1.1307443	32.017376	1
7432	RASGEF1B	0.0286159	0.11124557	1.9551226	44.55244	1
7435	AC124016.1	0.013353445	0.005605609	-1.2375227	14.6353	1
7438	TMEM150C	0.0054353327	0.012176269	1.1491303	8.849859	1
7440	SCD5	0.01850844	0.083104715	2.1607082	44.55244	1
7450	HPSE	0.0010835595	0.0043448037	1.9089875	7.052376	1
7458	CDS1	0.0075740037	0.0024139737	-1.6100098	11.960744	1
7468	C4orf36	0.0033840158	0.00066149636	-2.1938422	10.490923	1
7470	AFF1	0.30034593	0.1312484	-1.1937066	44.55244	1
7473	HSD17B11	0.17088893	0.07788625	-1.1326112	44.55244	1
7476	SPARCL1	0.46603477	0.21981446	-1.0838046	44.55244	1
7481	MEPE	0.00027770482	0.012658147	5.078016	28.25742	1
7482	AC131944.1	0.003552559	0.00039658416	-2.8787973	15.223204	1
7485	ABCG2	0.0049335533	0.059018772	3.5539672	44.55244	1
7513	GRID2	0.0582443	0.022281418	-1.3822904	44.55244	1
7521	BMPR1B	0.009707171	0.09283653	3.244337	44.55244	1
7531	TSPAN5	0.20826313	0.5266972	1.3381476	44.55244	1
7540	AP002026.1	0.059166968	0.022319892	-1.402449	44.55244	1
7542	ADH6	0.0013888754	0.0001882943	-2.3686087	5.324984	1
7545	ADH1C	0.0008243267	4.8457878e-09	-3.208333	5.409932	1
7559	EMCN	1.0286049	0.18751177	-2.4550068	44.55244	1
7560	AC097459.1	0.039882585	0.007887032	-2.3236406	44.55244	1
7578	LINC02428	0.002495466	0.00940266	1.8723377	11.449678	1
7591	AC004066.2	0.0022126134	7.54375e-05	-3.7204952	12.172738	1
7595	NPNT	0.0638201	0.008707992	-2.8593848	44.55244	1
7601	AC092445.1	0.014608373	0.0025689334	-2.4623024	37.98819	1
7602	DKK2	0.10683173	0.018471932	-2.525494	44.55244	1
7617	COL25A1	0.485839	0.08596668	-2.4972486	44.55244	1
7619	SEC24B-AS1	0.048652325	0.021668863	-1.163205	43.190712	1
7625	CFI	0.30725768	0.048531875	-2.6599443	44.55244	1
7632	ENPEP	0.0092056235	0.07182458	2.9503102	44.55244	1
7634	PANCR	0.0008303536	0.016161846	4.1275682	39.015	1
7635	PITX2	0.011114639	0.061565306	2.459076	44.55244	1
7659	NDST4	0.01566295	0.00070160866	-4.2974954	44.55244	1
7663	AC093765.4	0.0033954424	0.00036610715	-2.9067416	11.461362	1
7664	AC093765.3	0.021299522	0.0051025334	-2.0402925	38.896225	1
7665	AC093765.2	0.0024713073	0.0006158612	-1.8447502	5.191553	1
7674	PRSS12	0.01936323	0.0022940529	-3.023224	44.55244	1
7679	MYOZ2	0.0015478833	0.046388008	4.818173	44.55244	1
7685	PDE5A	0.20179482	0.05336834	-1.916847	44.55244	1
7693	NDNF	0.0008755073	0.006349122	2.7248783	13.28342	1
7708	AC053545.1	0.0016590687	6.809792e-05	-3.387438	10.472709	1
7719	AC121154.1	0.0056048566	0.00044363947	-3.3914685	23.567272	1
7749	LINC02465	0.0006468509	0.0043598544	2.5781045	6.643303	1
7751	LINC02377	0.01301816	0.0016696297	-2.890046	39.1283	1
7752	SNHG27	0.00082671456	4.8457878e-09	-3.2120552	5.0999646	1
7772	PCDH18	0.3433982	0.11328449	-1.5990791	44.55244	1
7774	AC116563.1	0.0007543035	4.8457878e-09	-3.0946786	5.140711	1
7780	SLC7A11	0.040231947	0.25323552	2.6510544	44.55244	1
7787	MGARP	0.0010081795	0.012439651	3.500234	27.787092	1
7802	CLGN	0.005234924	0.012357373	1.2234601	9.925931	1
7810	RNF150	0.35633665	0.12667318	-1.4913962	44.55244	1
7815	IL15	0.011375133	0.048590377	2.085126	44.55244	1
7818	AC139720.1	0.0019933498	0.0076804683	1.8940436	9.107776	1
7819	AC104596.1	0.03412373	0.0153976055	-1.1429517	27.198528	1
7827	FREM3	0.0042574266	0.0004374272	-3.019335	17.45459	1
7828	GYPE	0.013181277	0.0006194123	-4.2064314	44.55244	1
7829	GYPB	0.0021394591	6.7592766e-05	-3.7401185	11.861472	1
7833	HHIP-AS1	0.002375908	0.009708133	1.9860207	15.349939	1
7834	HHIP	0.0052867364	0.05077696	3.2395291	44.55244	1
7858	EDNRA	1.0965186	0.50137544	-1.1288109	44.55244	1
7871	IQCM	0.0050340393	0.0015614145	-1.6276823	8.562123	1
7873	DCLK2	0.5113577	0.22403547	-1.1902441	44.55244	1
7876	MAB21L2	0.0046382877	0.014335123	1.6071457	15.393715	1
7899	MIR4453HG	0.0052934745	0.002469121	-1.06994	5.0232363	1
7908	TMEM131L	0.26987725	0.09390271	-1.5220635	44.55244	1
7909	AC106865.2	0.004243098	0.00108435	-1.8746291	10.662856	1
7911	RNF175	0.0048576714	0.0013259343	-1.7977551	8.770038	1
7913	SFRP2	0.067503884	0.0022078224	-4.872502	44.55244	1
7914	AC079298.3	0.032515537	0.0005737857	-5.597126	44.55244	1
7915	DCHS2	0.034987997	0.0014786068	-4.4742537	44.55244	1
7919	FGB	-1.36424205e-08	0.0035165232	5.1767282	7.2595387	1
7930	AC107208.1	0.0005051416	0.013107244	4.4479127	29.475527	1
7940	PDGFC	0.13737792	0.061621577	-1.1553531	44.55244	1
7942	GLRB	0.008572323	0.004170559	-1.0219938	7.0911207	1
7943	GRIA2	0.023109391	0.0035063329	-2.6861043	44.55244	1
7949	GASK1B	0.066008456	0.018364644	-1.8400694	44.55244	1
7950	FAM198B-AS1	0.0073370347	0.00097393134	-2.7918255	24.621817	1
7951	TMEM144	0.005991624	0.014052775	1.216186	11.895442	1
7958	FNIP2	0.3463022	0.16503929	-1.0687647	44.55244	1
7962	LINC02233	0.003185098	0.0003110488	-2.998555	11.526387	1
7965	FSTL5	0.011218174	0.0024775618	-2.1345623	23.071995	1
7972	NPY5R	0.0038640324	0.008597349	1.1336068	6.8571444	1
7974	MARCH1	0.0063609877	0.018910626	1.5569794	15.063738	1
7986	AC080079.2	0.001689637	7.2274815e-05	-3.3768833	8.092755	1
7988	TLL1	0.0049769264	0.00038705458	-3.3818	18.319426	1
7990	SPOCK3	0.012941271	0.0036600276	-1.7942692	20.258884	1
8023	AC097534.2	0.010949553	0.032240257	1.5493432	36.10314	1
8025	SCRG1	0.03870985	0.18884481	2.2834702	44.55244	1
8029	AC093849.2	0.009859459	0.0026717864	-1.8452512	21.760672	1
8030	HAND2	0.10869074	0.2637505	1.2781649	44.55244	1
8032	LINC02269	0.00317134	0.01744594	2.4231837	23.981977	1
8040	HPGD	0.005015152	0.0011986274	-1.9777895	9.857787	1
8045	AC022325.2	0.031491864	0.001300258	-4.4957886	44.55244	1
8046	AC095050.1	0.017597351	0.0012931711	-3.6670892	44.55244	1
8048	GPM6A	0.0021391008	0.006430783	1.5443363	6.887755	1
8065	LINC01099	0.055058304	0.15999554	1.5372831	44.55244	1
8116	SLC25A4	0.057571687	0.16802806	1.5436254	44.55244	1
8121	ANKRD37	0.008127893	0.057741836	2.8135183	44.55244	1
8123	C4orf47	0.021279799	0.07861193	1.8803341	44.55244	1
8124	CCDC110	0.0016490336	0.010246955	2.5645764	20.216984	1
8125	AC106897.1	0.0042863176	0.027099038	2.6324735	44.55244	1
8126	PDLIM3	0.08642759	1.021163	3.5610504	44.55244	1
8127	SORBS2	0.0315381	0.12432286	1.9755167	44.55244	1
8135	F11-AS1	0.000991277	0.0068652113	2.6741498	12.183289	1
8153	LINC01060	0.00462291	0.030009968	2.6724932	38.02424	1
8162	PLEKHG4B	0.009880687	0.026327172	1.404811	22.408222	1
8168	AHRR	0.032473754	0.12987967	1.996504	44.55244	1
8176	TPPP	9.7581775e-05	0.002092102	3.4717932	5.6796474	1
8187	NKD2	0.0015251392	0.06862052	5.402106	44.55244	1
8188	SLC12A7	0.017794963	0.04245598	1.2498083	32.29701	1
8203	IRX4	0.0002853399	0.0058341725	3.9448433	11.890996	1
8212	IRX2	0.024566164	0.011157747	-1.1316153	22.842838	1
8213	C5orf38	0.012777837	0.00464272	-1.4411038	17.450472	1
8216	IRX1	0.0069010374	0.0010878216	-2.5592506	19.983429	1
8224	AC022424.1	0.002655114	0.0003579878	-2.588731	7.8419547	1
8225	ADAMTS16	0.026558332	0.0034133468	-2.9236686	44.55244	1
8233	UBE2QL1	0.017523127	0.0013993703	-3.5550413	44.55244	1
8248	AC091912.3	0.000108622415	0.0035330183	4.1222024	9.821033	1
8251	MIR4458HG	0.012446266	0.041632	1.7338961	44.55244	1
8253	AC091932.1	7.968056e-05	0.00526331	4.899617	14.247059	1
8256	SEMA5A	0.44428262	0.9226089	1.0540733	44.55244	1
8260	SNHG18	0.065462165	0.13946567	1.0900087	44.55244	1
8293	OTULINL	0.0968013	0.025325188	-1.9302577	44.55244	1
8309	RETREG1	0.0007389702	0.01573874	4.238694	37.734337	1
8331	CDH12	0.009741427	0.002985126	-1.673538	13.711105	1
8335	AC114930.1	0.0043514404	0.009990785	1.1806943	5.129065	1
8345	PURPL	0.008670342	0.02455675	1.4912777	18.714472	1
8368	NPR3	0.011836104	0.048302848	2.0197601	44.55244	1
8375	ADAMTS12	0.15489554	0.31766492	1.0357331	44.55244	1
8385	TTC23L	0.015424235	0.0049178046	-1.629394	24.315075	1
8401	RANBP3L	0.019970413	0.0017406692	-3.446768	44.55244	1
8412	GDNF-AS1	0.0059898705	0.0011177346	-2.322212	17.242807	1
8413	GDNF	0.009371528	0.0011664256	-2.902835	33.066223	1
8417	EGFLAM	0.025888013	0.115839124	2.1574492	44.55244	1
8421	LIFR	0.119025975	0.2604701	1.1291833	44.55244	1
8443	PLCXD3	0.0673807	0.017153665	-1.967572	44.55244	1
8449	GHR	0.32773817	0.093112126	-1.8143942	44.55244	1
8450	CCDC152	0.027533526	0.0072000413	-1.920443	44.55244	1
8451	SELENOP	0.6509467	0.11023533	-2.560866	44.55244	1
8453	AC008945.2	0.0023081456	0.00022335089	-2.8967502	9.987308	1
8460	ANXA2R	0.0055440846	0.0014496585	-1.8647892	13.452293	1
8461	AC025171.2	0.015610434	0.007087943	-1.1280723	15.014945	1
8464	NIM1K	0.002811516	0.0074473782	1.3742051	5.951724	1
8491	AC010478.1	0.0019163679	0.00039251347	-2.0335238	5.563585	1
8492	ISL1	0.021748569	0.010574825	-1.0333264	18.781466	1
8500	ITGA2	0.055601973	0.13096403	1.2344714	44.55244	1
8506	FST	0.056013517	0.026739532	-1.0639889	38.575985	1
8513	HSPB3	7.98076e-05	0.011694279	6.035489	27.266596	1
8519	GZMA	0.0008029437	4.8457878e-09	-3.1745663	6.5220633	1
8527	PLPP1	0.27189547	0.6492856	1.2554929	44.55244	1
8535	ANKRD55	0.0021818543	0.007234438	1.6844796	7.244885	1
8547	AC016644.1	0.0026665777	0.00078650366	-1.6419039	5.2083335	1
8557	GAPT	0.0026506996	0.0003522154	-2.6047165	11.064344	1
8559	RAB3C	0.15785518	0.05009811	-1.6538103	44.55244	1
8622	PIK3R1	0.40532044	0.14063305	-1.5264577	44.55244	1
8635	CCDC125	0.06852381	0.02336288	-1.5483291	44.55244	1
8639	MARVELD2	0.00040345342	0.0036170166	2.8842149	7.9709554	1
8664	AC008972.2	0.0011304613	0.000114572504	-2.5196621	5.574613	1
8669	FOXD1	0.004090966	0.03014428	2.8513076	44.55244	1
8675	ARHGEF28	0.0076584117	0.0037318228	-1.0177305	5.4926305	1
8679	LINC01331	0.001665725	0.00512442	1.5650101	5.7660556	1
8700	SV2C	0.0036437425	0.012182933	1.714102	12.024919	1
8702	IQGAP2	0.12006178	0.028879844	-2.0518565	44.55244	1
8707	F2RL1	0.0066458485	0.015137696	1.175573	12.542701	1
8709	CRHBP	0.002674893	0.40226668	7.179935	44.55244	1
8714	PDE8B	0.020518914	0.048473686	1.2362067	30.047373	1
8727	HOMER1	0.087051734	0.20180084	1.2120456	44.55244	1
8734	THBS4	0.07808685	0.23798646	1.6064875	44.55244	1
8740	FAM151B	0.021203162	0.042820256	1.0105911	23.46141	1
8747	RASGRF2	0.0082483115	0.038064245	2.1926656	43.70734	1
8750	CKMT2	0.004804668	0.010133501	1.0610725	5.9120216	1
8770	HAPLN1	0.018203514	0.21589491	3.5608048	44.55244	1
8796	LINC01339	0.0005793029	0.0035383482	2.4211566	5.9477096	1
8804	LUCAT1	0.002079154	0.017830942	3.0406113	31.543722	1
8812	AC124854.1	0.009927035	0.0020024744	-2.2537348	23.482286	1
8815	LINC02058	0.0034860966	0.0007629152	-2.0551238	8.207186	1
8816	AC012625.1	0.0017118842	0.0002708553	-2.2885623	5.610671	1
8818	NR2F1-AS1	0.45362806	0.19547252	-1.2141241	44.55244	1
8819	NR2F1	0.7517424	0.20621347	-1.8655924	44.55244	1
8830	MCTP1	0.10506814	0.033200745	-1.6590713	44.55244	1
8840	GLRX	0.04168573	0.095774956	1.1981436	44.55244	1
8850	PCSK1	0.010115701	0.0020651668	-2.238238	24.94165	1
8860	LIX1	0.003109966	0.020539215	2.6847582	31.840342	1
8873	LINC02062	0.03950566	0.018359577	-1.1013372	30.263655	1
8880	SLCO4C1	0.0068344185	0.0010408249	-2.6036975	20.475101	1
8881	SLCO6A1	0.0028247135	0.019139623	2.7177134	29.34487	1
8884	LINC00491	0.002401974	0.011593614	2.224582	17.400282	1
8897	EFNA5	0.08194212	0.45178768	2.4615276	44.55244	1
8900	AC008462.1	0.009636306	0.0032819738	-1.525509	14.253189	1
8914	TSLP	0.0017542996	0.0060846866	1.7378261	7.7456384	1
8917	CAMK4	0.19896251	0.0976917	-1.0254376	44.55244	1
8921	STARD4-AS1	0.18573336	0.06421553	-1.5307703	44.55244	1
8922	NREP	1.2991376	0.63499045	-1.0326313	44.55244	1
8924	EPB41L4A	0.03254097	0.28157997	3.1093009	44.55244	1
8929	EPB41L4A-DT	0.000528035	0.004580674	2.8977995	11.911265	1
8940	KCNN2	0.0135665815	0.035535444	1.3826605	25.024757	1
8942	TRIM36	0.0017246229	0.007964164	2.1439266	12.166006	1
8952	CDO1	0.030862985	0.011366668	-1.4330983	40.73946	1
8969	LINC02147	0.0046746302	0.023788977	2.3228843	26.286608	1
8977	TNFAIP8	0.038148906	0.12766653	1.7400196	44.55244	1
8981	AC113418.1	0.0010143525	0.004801316	2.1369636	7.7570195	1
8986	LOX	0.04873608	0.2775537	2.5072672	44.55244	1
8987	AC010255.1	0.0020273258	0.00035362662	-2.2294638	6.7477083	1
8992	SNCAIP	0.16124633	0.046266317	-1.7990116	44.55244	1
8995	AC022101.1	0.004071789	0.0007252704	-2.3377273	12.741186	1
9001	AC106786.1	0.0017928713	0.0004174934	-1.8709639	5.4174466	1
9002	PRDM6	0.26395988	0.054156832	-2.2829883	44.55244	1
9005	LINC01170	0.0031430267	0.009916205	1.6269232	9.194364	1
9012	LINC02240	0.002244966	0.010501011	2.176563	15.046108	1
9017	AC093535.1	0.004907783	0.0015873779	-1.569389	7.605582	1
9023	MARCH3	0.09617227	0.30216503	1.6506218	44.55244	1
9027	MEGF10	0.03860745	0.018505542	-1.0568789	27.82906	1
9041	ADAMTS19-AS1	0.015758246	0.0014827575	-3.324721	44.55244	1
9042	ADAMTS19	0.24547458	0.045008305	-2.4446962	44.55244	1
9043	AC008591.1	0.05615913	0.016204173	-1.786846	44.55244	1
9044	MINAR2	0.005858714	0.0013028682	-2.0866215	14.086991	1
9058	P4HA2	0.13138507	0.5749374	2.1287568	44.55244	1
9059	PDLIM4	0.095110424	0.029279295	-1.6963197	44.55244	1
9061	MIR3936HG	0.02367965	0.0057458635	-2.0242393	44.55244	1
9062	SLC22A5	0.013007113	0.0029964207	-2.0816765	31.845758	1
9063	C5orf56	0.054565974	0.014358112	-1.918764	44.55244	1
9069	TH2LCRR	0.0023254151	0.0006298676	-1.732525	5.311265	1
9114	PITX1	0.08658099	0.0061829467	-3.7862024	44.55244	1
9115	C5orf66	0.009271597	0.0038282967	-1.254391	9.416148	1
9116	C5orf66-AS1	0.0011410103	4.8457878e-09	-3.6333733	6.619796	1
9118	AC026691.1	0.0010568365	0.00010571328	-2.491478	5.685932	1
9122	CXCL14	0.008047347	0.04061145	2.3210325	44.55244	1
9125	LECT2	0.0033689954	0.0005239268	-2.4750693	8.665741	1
9126	TGFBI	0.54950583	0.22077332	-1.3151782	44.55244	1
9132	AC112178.1	3.0229501e-05	0.044566713	8.422	44.55244	1
9133	AC109439.2	3.166042e-05	0.04379222	8.381	44.55244	1
9135	KLHL3	0.032011036	0.078707315	1.2952603	44.55244	1
9169	SPATA24	0.006259234	0.013694355	1.117153	10.971222	1
9171	ECSCR	0.004425117	0.013623336	1.6006044	14.373212	1
9184	NRG2	0.0047676503	0.041659582	3.1008098	44.55244	1
9193	HBEGF	0.038515598	0.12941347	1.7458465	44.55244	1
9198	SRA1	0.12659243	0.25379905	1.0029247	44.55244	1
9213	PCDHA2	0.003402919	0.0005538962	-2.4214242	12.033389	1
9214	PCDHA3	0.0031711892	0.00040306157	-2.7010083	12.348318	1
9228	PCDHA13	0.0015003385	0.0053547435	1.7691343	7.9602685	1
9239	PCDHB5	0.013308354	0.0019215386	-2.7296064	44.55244	1
9274	PCDHGA10	0.049980786	0.31235048	2.6412983	44.55244	1
9290	AC005753.2	0.0024743248	0.00019250228	-3.1376743	10.607542	1
9293	PCDH1	0.0651093	0.015828542	-2.0334635	44.55244	1
9302	SPRY4	0.17621745	0.07549167	-1.2218761	44.55244	1
9303	SPRY4-AS1	0.5646837	0.17450646	-1.6935916	44.55244	1
9304	FGF1	0.07545786	0.013067147	-2.5206392	44.55244	1
9305	AC005592.1	0.0033835352	0.00042793935	-2.7221081	13.0844145	1
9306	LINC01844	0.050952405	0.008245581	-2.6128945	44.55244	1
9316	KCTD16	0.07837823	0.196414	1.3242676	44.55244	1
9333	PPP2R2B	0.009939103	0.004906401	-1.0037847	6.270731	1
9340	SPINK1	7.9676574e-05	0.004670179	4.7305694	9.772222	1
9345	AC011346.1	0.055612348	0.02411939	-1.2018347	44.55244	1
9353	HTR4	0.00036525456	0.004599702	3.336477	9.8561945	1
9355	ADRB2	0.031013899	0.0026943155	-3.4769924	44.55244	1
9362	AFAP1L1	0.012194324	0.032885402	1.4238353	30.156664	1
9367	IL17B	0.020071644	0.0064604157	-1.6204696	33.826744	1
9379	CSF1R	0.005973171	0.013342148	1.1462418	9.128819	1
9383	CAMK2A	0.0050408207	0.010333783	1.0211918	6.548903	1
9384	ARSI	0.00939876	0.031593215	1.738363	40.70604	1
9386	CD74	0.02517005	0.0071667843	-1.7980396	44.55244	1
9388	NDST1-AS1	0.0019117849	0.0004560927	-1.8550787	5.3902583	1
9390	SYNPO	0.109611005	0.24167453	1.139954	44.55244	1
9397	SMIM3	0.27049726	0.08195637	-1.72146	44.55244	1
9398	IRGM	0.007482607	0.0021947538	-1.7243544	13.294474	1
9399	ZNF300	0.040138736	0.013396794	-1.5759683	44.55244	1
9404	CCDC69	0.010159532	0.03506863	1.7773244	38.8651	1
9424	GRIA1	0.0753123	0.016714662	-2.16508	44.55244	1
9432	HAND1	0.00048789068	0.008881763	3.9333787	20.53847	1
9435	FAXDC2	0.10887515	0.044924766	-1.2752085	44.55244	1
9441	SGCD	0.06264344	0.17305884	1.4645594	44.55244	1
9458	ADAM19	0.19158347	0.08683083	-1.140786	44.55244	1
9467	AC025437.4	0.004291568	0.0011113316	-1.8581424	9.949509	1
9475	EBF1	0.7502366	0.26526472	-1.4995614	44.55244	1
9478	LINC02202	0.031772316	0.007955433	-1.9842699	44.55244	1
9487	ADRA1B	0.0044345544	0.012257803	1.4463897	11.909057	1
9494	ZBED8	0.009447487	0.0043550674	-1.0996739	8.972792	1
9501	GABRB2	0.0018460223	0.01539042	2.9927762	29.105305	1
9503	GABRA1	0.0002664688	0.0067312657	4.220391	16.249863	1
9512	AC109466.1	0.04814341	0.02233904	-1.1043209	23.942078	1
9519	TENM2	0.15827717	0.4646591	1.5531187	44.55244	1
9527	AC026689.1	0.0032609543	0.0077772597	1.2288228	6.925191	1
9528	WWC1	0.023024352	0.06996826	1.5993482	44.55244	1
9530	FBLL1	0.00475635	0.01203051	1.3206959	11.224212	1
9533	SLIT3	0.68872947	0.34417275	-1.000595	44.55244	1
9536	AC011389.1	0.011564307	0.0036105036	-1.6524136	17.515017	1
9538	DOCK2	0.016123248	0.042458594	1.3913878	30.075645	1
9539	INSYN2B	0.056815278	0.19692829	1.7915149	44.55244	1
9544	KCNIP1	0.1464431	0.031243982	-2.2250648	44.55244	1
9548	AC027312.1	0.0011078047	8.522222e-05	-2.705058	5.1016335	1
9553	FGF18	0.008929691	0.0032022034	-1.4512476	11.42109	1
9565	AC022217.3	0.0019014251	0.0064829052	1.7176968	8.120327	1
9566	DUSP1	0.05973532	0.16876665	1.4968151	44.55244	1
9576	STC2	0.024086228	0.15479575	2.67904	44.55244	1
9586	CPEB4	0.08341312	0.17291032	1.0507833	44.55244	1
9588	NSG2	0.0017140028	0.00025579208	-2.3500702	7.0167704	1
9615	CDHR2	0.0031386497	0.00084328384	-1.7796286	7.2058296	1
9635	F12	0.0049531474	0.017683757	1.8153061	25.073215	1
9638	PRR7	0.00885091	0.030623998	1.7792598	39.481144	1
9645	AC139795.3	0.002196354	0.00043415045	-2.104027	7.1581755	1
9646	TMED9	0.3441656	0.70223516	1.0286378	44.55244	1
9650	FAM153A	0.00017993941	0.003787622	3.7957015	8.780035	1
9663	COL23A1	0.018798485	0.045919757	1.2839828	29.686762	1
9672	ZNF454	0.007974182	0.001508614	-2.327498	23.032175	1
9677	ADAMTS2	0.124333344	0.05515915	-1.1710877	44.55244	1
9689	LTC4S	0.0007086294	0.0039192387	2.3133717	8.659068	1
9690	MGAT4B	0.07319282	0.16781273	1.1959678	44.55244	1
9707	HEIH	0.009898296	0.021047141	1.0807086	14.709882	1
9713	BTNL9	0.013123267	0.0048601646	-1.4146188	17.071213	1
9748	FOXC1	0.078823194	0.038825206	-1.0197446	44.55244	1
9759	SERPINB1	0.036794107	0.07642458	1.0525327	44.55244	1
9761	SERPINB9	0.05100371	0.15862241	1.6350058	44.55244	1
9782	AL590004.3	0.0005192064	0.002472602	2.0547361	5.263412	1
9803	PPP1R3G	0.0012918118	0.0059405286	2.1177106	10.548685	1
9829	BMP6	0.029077498	0.0061178887	-2.2303596	44.55244	1
9838	TFAP2A	0.0028308122	0.007582719	1.3903164	7.7699685	1
9856	AL357497.1	0.0013157286	6.8748406e-05	-3.068599	7.4373817	1
9857	SYCP2L	0.07817153	0.03454216	-1.1759588	44.55244	1
9863	NEDD9	0.07762902	0.18951534	1.2865504	44.55244	1
9881	GFOD1	0.02296004	0.18735446	3.0230732	44.55244	1
9900	AL138720.1	0.011875928	0.0045432006	-1.366946	14.149461	1
9918	RBM24	0.0035216748	0.021196531	2.5558896	37.104816	1
9919	CAP2	0.07634827	0.15470019	1.0178515	44.55244	1
9932	AL022068.1	0.020929078	0.042557914	1.020428	21.100082	1
9934	MBOAT1	0.020614836	0.009089983	-1.1725303	20.554934	1
9949	CASC15	0.93549496	0.45356947	-1.0442425	44.55244	1
9955	NRSN1	0.0014356157	9.311332e-05	-2.9912977	6.923458	1
9959	GPLD1	0.0065543144	0.0032036377	-1.0102345	5.7984743	1
9973	AL133268.4	0.00093202683	4.8457878e-09	-3.3673387	5.2540936	1
9975	SCGN	0.007348962	0.0030943614	-1.2215118	7.6727877	1
9978	SLC17A3	0.004401813	0.019559031	2.1266143	26.17336	1
9993	HFE	0.004532737	0.009777553	1.0922889	7.1148133	1
10001	HIST1H2BE	0.011244668	0.0049110893	-1.1788182	11.853947	1
10034	AL590062.1	0.005754058	0.002009621	-1.4724532	9.482543	1
10036	HIST1H2BJ	0.010358774	0.0044265394	-1.2082334	12.366915	1
10047	AL021918.5	0.008209849	0.0027187977	-1.5597423	12.74588	1
10062	HIST1H3I	0.002941636	0.0008823551	-1.630531	6.774503	1
10071	ZSCAN16	0.008322168	0.003578777	-1.1949654	9.668003	1
10090	AL662890.1	0.0013837991	0.000104565835	-2.8586588	7.024394	1
10112	HLA-F-AS1	0.001566958	0.0044023683	1.4334662	5.3892164	1
10163	PSORS1C1	0.001690696	0.012178667	2.7775617	23.461123	1
10172	HLA-C	0.13626604	0.42525014	1.6411664	44.55244	1
10190	AIF1	0.03658731	0.008137116	-2.15507	44.55244	1
10214	HSPA1A	0.054779693	0.014085428	-1.9518629	44.55244	1
10218	SLC44A4	0.003304631	0.00010808782	-4.032234	17.853764	1
10232	TNXB	0.0047007343	0.010709906	1.171027	8.390293	1
10246	NOTCH4	0.0042666984	0.012891889	1.5729965	14.1502075	1
10247	TSBP1-AS1	0.0054405183	0.020482795	1.8933462	24.930914	1
10250	HLA-DRA	0.0012969645	4.8457878e-09	-3.8041534	6.504916	1
10253	HLA-DQA1	0.0013377455	4.8457878e-09	-3.8456664	9.299264	1
10263	HLA-DMB	0.0010245958	9.9656674e-05	-2.4938133	5.3843822	1
10264	HLA-DMA	0.003900557	0.009359692	1.2415923	9.289814	1
10267	HLA-DOA	0.008082826	0.0013830442	-2.4640377	24.76523	1
10268	HLA-DPA1	0.0016379112	0.02787552	4.0087385	44.55244	1
10269	HLA-DPB1	0.018789636	0.056479786	1.5826919	44.55244	1
10271	COL11A2	0.008075579	0.0022555192	-1.7952757	15.312331	1
10277	HCG25	0.00584219	0.00239977	-1.2491992	6.5235977	1
10298	IP6K3	6.078615e-05	0.0019576333	3.6777709	6.200845	1
10321	SCUBE3	0.067150235	0.016585851	-2.010914	44.55244	1
10331	FKBP5	0.25775722	0.117794745	-1.1290729	44.55244	1
10342	Z84485.1	0.008024411	0.0038765927	-1.0307304	6.280852	1
10352	CDKN1A	0.06557862	0.18675178	1.5083987	44.55244	1
10363	PIM1	0.04277458	0.01701104	-1.3251952	44.55244	1
10371	MDGA1	0.011443394	0.003119049	-1.842361	23.158337	1
10383	DAAM2	0.16802095	0.06213577	-1.4336835	44.55244	1
10384	AL590999.1	0.007524645	0.003427623	-1.1119738	6.4322524	1
10390	LRFN2	0.017206587	0.0050778706	-1.7408905	29.159616	1
10396	APOBEC2	0.00025453806	0.009781953	4.8007836	19.93708	1
10402	TREM1	0.0013534988	0.024877684	4.103038	44.55244	1
10404	FOXP4-AS1	0.0037359532	0.0011771392	-1.5866694	7.48357	1
10405	LINC01276	0.00096078805	4.8457878e-09	-3.4069946	6.1990743	1
10406	FOXP4	0.04588542	0.015465786	-1.5627983	44.55244	1
10412	PRICKLE4	0.012654747	0.0033288999	-1.8952165	25.950384	1
10427	PRPH2	0.0010708126	0.006499189	2.4947786	12.871649	1
10455	CRIP3	0.0022206656	0.00063109986	-1.6663983	5.2401686	1
10471	RSPH9	0.006791634	0.016181113	1.2402813	14.199348	1
10474	VEGFA	0.0450645	0.27057308	2.58329	44.55244	1
10503	ENPP5	0.0028973387	0.0006679227	-1.9646491	7.2186856	1
10504	RCAN2	0.24567352	0.030309714	-3.0147252	44.55244	1
10505	AL035670.1	0.002306362	0.00035761792	-2.3946383	7.2241583	1
10506	CYP39A1	0.037776444	0.0029484	-3.6351767	44.55244	1
10507	SLC25A27	0.0577515	0.011119505	-2.3663454	44.55244	1
10509	TDRD6	0.0019164182	0.00022744521	-2.6224694	8.087158	1
10510	PLA2G7	0.004235511	0.001262328	-1.670128	8.439381	1
10512	ADGRF5	0.17784098	0.024745477	-2.8403435	44.55244	1
10522	PTCHD4	0.021893024	0.060556613	1.463619	41.668777	1
10523	AL353138.1	0.022065265	0.052652594	1.2509414	30.850298	1
10544	TMEM14A	0.051395506	0.11472473	1.156915	44.55244	1
10546	GSTA1	0.0002035895	0.032965515	6.7670617	44.55244	1
10561	MLIP	0.0012466488	0.033220917	4.6289825	44.55244	1
10571	COL21A1	0.16096021	0.06285077	-1.3553041	44.55244	1
10574	BEND6	0.010199681	0.031150227	1.6012671	31.54979	1
10578	BAG2	0.029148897	0.09578278	1.7128896	44.55244	1
10588	KHDRBS2-OT	0.002260391	6.658528e-05	-3.824693	11.213828	1
10589	KHDRBS2	0.060225654	0.0030166784	-4.2746906	44.55244	1
10597	EYS	0.022647899	0.22283417	3.2928126	44.55244	1
10605	AL606923.2	0.00025284168	0.0060838945	4.1314225	12.16974	1
10621	OGFRL1	0.016759846	0.03403656	1.0177264	20.517694	1
10623	RIMS1	0.0044116364	0.028068006	2.6423347	36.781967	1
10642	CD109	0.024391234	0.062961526	1.3644947	44.55244	1
10646	COL12A1	0.27236646	0.043895386	-2.6306543	44.55244	1
10658	AL355612.1	0.003958631	0.02631372	2.7022226	33.197517	1
10670	AL391840.3	0.024718428	0.00973935	-1.3347769	28.155005	1
10683	TENT5A	0.1017732	0.54470503	2.4189653	44.55244	1
10686	LINC02542	0.0025860483	0.008406093	1.6630113	9.031712	1
10693	PGM3	0.11467929	0.2677238	1.2224218	44.55244	1
10694	RWDD2A	0.011235607	0.023618601	1.0651573	15.874209	1
10695	ME1	0.054503452	0.166102	1.6058737	44.55244	1
10696	PRSS35	0.31444556	0.082937986	-1.9214255	44.55244	1
10704	MRAP2	0.005261422	0.019120399	1.8419507	24.667526	1
10706	LINC01611	0.0033137328	0.018579658	2.452046	27.981436	1
10707	TBX18	0.009720673	0.10466512	3.4151928	44.55244	1
10711	NT5E	0.013872176	0.029273193	1.0719433	18.360102	1
10718	AL139274.2	0.0048732967	0.0020152112	-1.2334007	5.7676353	1
10728	CNR1	0.0038690667	0.00016143182	-3.9242933	19.913895	1
10737	GABRR1	0.041983478	0.00132024	-4.8890476	44.55244	1
10758	AL591519.1	0.0035247721	0.012451402	1.7918862	12.520664	1
10766	FHL5	0.0015321916	4.8457878e-09	-4.0286684	9.313042	1
10777	FAXC	0.010784644	0.0035478403	-1.5771797	16.296188	1
10790	GRIK2	0.18237987	0.39432174	1.1120017	44.55244	1
10798	BVES	0.006239368	0.02622126	2.0538177	35.115135	1
10799	BVES-AS1	0.0016595238	0.0056465403	1.7075086	6.3664813	1
10800	POPDC3	0.0025308589	0.02629773	3.326808	44.55244	1
10818	SOBP	0.33305454	0.1390702	-1.2593411	44.55244	1
10820	SCML4	0.0014173789	7.616824e-05	-3.1065557	8.421254	1
10851	METTL24	0.018284429	0.004170689	-2.1059437	39.105453	1
10875	LAMA4	0.614517	0.15144415	-2.0199494	44.55244	1
10876	Z99289.1	0.004095494	0.00089202594	-2.080391	9.560191	1
10878	Z99289.3	0.007451867	0.0022687623	-1.6726998	12.512354	1
10879	AL365214.2	0.012929415	0.0062477537	-1.0374544	8.36993	1
10896	AL590550.1	0.0053845337	0.0020408914	-1.3571572	6.7660384	1
10908	CALHM5	0.006108988	0.015052839	1.2871581	12.416289	1
10914	FAM162B	0.046644475	0.001891469	-4.5528913	44.55244	1
10919	DCBLD1	0.03296427	0.077464394	1.2301215	44.55244	1
10922	SLC35F1	0.42071596	0.034168333	-3.6182413	44.55244	1
10924	PLN	0.095479324	0.2002413	1.0676894	44.55244	1
10932	AL096854.1	0.0064438283	0.0027904059	-1.1788628	5.802508	1
10937	PKIB	0.29150242	0.10108908	-1.5269489	44.55244	1
10938	AL512283.2	0.0076992335	0.0022663882	-1.7206455	11.88547	1
10944	TRDN	0.00282524	0.07869717	4.751517	44.55244	1
10945	TRDN-AS1	0.00026275634	0.005006253	3.8151922	11.767202	1
10948	NKAIN2	0.03855711	0.018638846	-1.0447017	20.477957	1
10958	HEY2	0.03590387	0.12142496	1.7550286	44.55244	1
10965	RSPO3	0.20887451	0.06719204	-1.6348193	44.55244	1
10969	SOGA3	0.019789578	0.07111131	1.8400937	44.55244	1
10976	LAMA2	0.050293654	0.1644541	1.707248	44.55244	1
10983	SAMD3	0.063210055	0.028796455	-1.1315422	36.17494	1
10984	TMEM200A	0.036627866	0.018184297	-1.0062699	24.600334	1
10991	ENPP3	0.0014166445	0.010203278	2.7641485	18.226656	1
10995	AL133346.1	0.14046766	0.063951574	-1.1339587	44.55244	1
10996	AL021408.1	0.011843466	0.0038985189	-1.5786839	19.259613	1
10997	LINC01013	0.0072668963	0.0008997615	-2.881401	25.622334	1
10998	MOXD1	0.10355533	0.021369923	-2.2714055	44.55244	1
11008	EYA4	0.022881653	0.049559478	1.1115866	26.910383	1
11011	TARID	0.031544197	0.078640334	1.3151618	44.55244	1
11014	TCF21	0.005497332	0.107578814	4.2658515	44.55244	1
11016	SLC2A12	0.028441118	0.0032628656	-3.0852787	44.55244	1
11022	CT69	0.0006851903	0.0047277105	2.620225	9.079021	1
11023	AL078590.2	0.0022044613	0.015189208	2.7300122	29.760609	1
11034	AL035604.1	0.0051919366	0.0019466564	-1.3705269	6.5167575	1
11039	MTFR2	0.004968743	0.011497952	1.1941702	10.240507	1
11042	MAP7	0.022780804	0.008839411	-1.3558862	25.076565	1
11043	AL024508.2	0.0023210996	0.0003402793	-2.4591715	7.605853	1
11044	MAP3K5	0.15343554	0.052962784	-1.5328003	44.55244	1
11061	ARFGEF3	0.0031247954	0.019089997	2.573075	32.01109	1
11073	AL592429.2	0.013335157	0.0033289033	-1.970194	26.441122	1
11080	AL035446.2	0.009474819	0.0030736434	-1.593105	12.706896	1
11094	AIG1	0.07405742	0.15091412	1.0260204	44.55244	1
11122	STXBP5	0.25033808	0.7233655	1.5304704	44.55244	1
11126	AL445123.2	0.004770629	0.012686015	1.3923868	10.062643	1
11153	AL355312.3	0.0014263771	0.0048256395	1.6901996	6.0344543	1
11157	ULBP2	0.0004797692	0.004058866	2.8426394	9.798546	1
11158	ULBP1	0.00053797505	0.0046028025	2.8819487	10.675755	1
11160	ULBP3	0.005391073	0.015109085	1.4697733	16.992788	1
11161	PPP1R14C	0.0011921014	0.028355945	4.460939	44.55244	1
11163	PLEKHG1	0.13749811	0.0247384	-2.4698167	44.55244	1
11167	MTHFD1L	0.34057364	0.7217446	1.083298	44.55244	1
11169	AL138733.1	0.0053413305	0.01083031	1.006303	6.586734	1
11170	AKAP12	1.1310471	0.45545244	-1.3120975	44.55244	1
11179	MYCT1	0.0020955864	0.008025521	1.8878541	10.532972	1
11180	VIP	0.010811355	0.00018548506	-5.2562714	31.87227	1
11185	RGS17	0.032867547	0.10284724	1.6427867	44.55244	1
11199	AL589693.1	0.010003225	0.00356028	-1.4647899	12.341893	1
11224	EZR	0.10250423	0.28629917	1.480937	44.55244	1
11233	AL356417.2	0.0041632075	0.00011063161	-4.339145	24.482044	1
11234	FNDC1	0.09515151	0.0033692443	-4.7790484	44.55244	1
11253	SLC22A3	0.009553801	0.002751461	-1.7593957	13.94466	1
11278	PDE10A	0.23330213	0.5903088	1.3388964	44.55244	1
11289	AL022069.3	0.0058056507	0.0028348453	-1.0088115	5.4516454	1
11292	RPS6KA2	0.051430456	0.111186855	1.110786	44.55244	1
11313	AFDN-DT	0.0025528378	0.00975599	1.8934642	14.434911	1
11314	AFDN	0.2159865	0.6359537	1.5575397	44.55244	1
11323	DACT2	0.009351635	0.0030739636	-1.5742784	14.72927	1
11325	SMOC2	0.0776235	0.0073183645	-3.3891778	44.55244	1
11345	DLL1	0.005980251	0.0018380869	-1.6494976	10.700102	1
11356	AC215522.2	0.0017350132	0.008203711	2.1779659	11.829751	1
11361	AC093627.4	0.001525144	0.00026376537	-2.1594872	5.181437	1
11363	FAM20C	0.09088719	0.038115893	-1.2514907	44.55244	1
11371	PRKAR1B	0.06868686	0.02306681	-1.5700736	44.55244	1
11373	AC147651.4	0.0010035129	0.0033331055	1.6374108	5.454774	1
11383	GPR146	0.002526445	0.0089311525	1.7817986	11.496068	1
11389	AC091729.3	0.004248913	0.010102425	1.2301854	9.421523	1
11409	LFNG	0.021055384	0.0028931051	-2.82131	44.55244	1
11454	CYTH3	0.28859288	0.09733989	-1.566951	44.55244	1
11489	AC010991.1	0.0038420402	0.00011873457	-4.1716895	20.137192	1
11491	AC004879.1	0.007848092	0.0027906406	-1.4592193	8.990342	1
11499	VWDE	0.012197993	0.0013100703	-3.124584	43.77429	1
11501	SCIN	0.0066875587	0.0013795083	-2.1977751	17.974741	1
11509	AGMO	0.02444174	0.006973905	-1.7946588	36.575226	1
11510	MEOX2	0.13964184	0.0040785796	-5.0636077	44.55244	1
11511	AC005550.2	0.0022275867	8.418096e-05	-3.6596391	11.146704	1
11512	LINC02587	0.0017677211	4.8457878e-09	-4.2231374	10.752711	1
11517	SOSTDC1	0.08295026	0.0041591176	-4.2853584	44.55244	1
11528	AHR	0.05344687	0.22078061	2.0443926	44.55244	1
11531	AC019117.1	0.0016131259	0.012834425	2.916513	20.80312	1
11533	HDAC9	0.6511624	0.11871054	-2.454576	44.55244	1
11542	TMEM196	0.0014894035	0.00013560444	-2.754047	6.790913	1
11558	RAPGEF5	0.03544755	0.12112377	1.7698506	44.55244	1
11566	SNHG26	0.004214269	0.012149902	1.5055821	12.914945	1
11583	NPY	0.00041810988	0.004119494	3.02574	5.6960664	1
11586	GSDME	0.0059126355	0.023156514	1.9515655	32.06364	1
11593	AC005165.1	0.007303433	0.0013151136	-2.3872766	23.191982	1
11602	AC004540.2	0.0034833075	0.0010237998	-1.672907	7.4729075	1
11603	AC004540.1	0.029164694	0.009997015	-1.5352324	42.71359	1
11606	SKAP2	0.25005603	0.106338255	-1.2328113	44.55244	1
11607	HOXA1	0.0032592653	0.0003201043	-2.9993262	15.03654	1
11608	HOTAIRM1	0.03447844	0.004576966	-2.886228	44.55244	1
11609	HOXA2	0.0109174065	0.0003680672	-4.5569253	44.55244	1
11610	HOXA3	0.13047153	0.0058569415	-4.454125	44.55244	1
11611	HOXA-AS2	0.01630799	0.0007833739	-4.2152305	44.55244	1
11612	HOXA4	0.01113571	0.0016689925	-2.6670916	36.67596	1
11613	HOXA-AS3	0.007936347	0.00031775606	-4.265807	39.619125	1
11614	HOXA5	0.06703945	0.0045095608	-3.8644595	44.55244	1
11615	HOXA6	0.08740786	0.004274272	-4.322298	44.55244	1
11616	HOXA7	0.0808077	0.008024835	-3.3158667	44.55244	1
11618	HOXA9	0.09808301	0.006216533	-3.9582686	44.55244	1
11619	HOXA10-AS	0.041707102	0.0037477235	-3.4416711	44.55244	1
11620	HOXA10	0.13427056	0.010149289	-3.7126215	44.55244	1
11621	HOXA11	0.017017715	0.0035834797	-2.216349	43.598198	1
11622	HOXA11-AS	0.0053242813	0.002095784	-1.3046957	6.9752274	1
11623	AC004080.2	0.0012975589	0.00013627886	-2.5643466	6.341539	1
11636	TRIL	0.13884765	0.027668465	-2.3230221	44.55244	1
11638	AC005162.3	0.014411028	0.0037414897	-1.9174119	27.069323	1
11642	CHN2	0.012738547	0.0022689288	-2.4381752	37.608143	1
11646	PRR15	0.009371518	0.00080291246	-3.3909376	42.177692	1
11647	WIPF3	0.002766017	0.0066351346	1.2326596	6.055917	1
11650	FKBP14	0.11998409	0.28322083	1.2383916	44.55244	1
11666	GARS	0.22885753	0.4669894	1.0286187	44.55244	1
11668	INMT	0.0014545408	0.00012146902	-2.8113115	7.58967	1
11671	AQP1	0.009071887	0.0625492	2.7720058	44.55244	1
11677	PDE1C	0.12484299	0.01800457	-2.7868443	44.55244	1
11692	BMPER	0.025554536	0.052579094	1.0380167	23.19209	1
11694	AC009262.1	0.00054025115	0.00938023	3.8882122	16.030056	1
11697	DPY19L1	0.0415961	0.09156842	1.1365123	44.55244	1
11699	TBX20	0.0024653806	0.41037324	7.3219714	44.55244	1
11711	EEPD1	0.059020557	0.016530203	-1.8298541	44.55244	1
11722	EPDR1	0.009774653	0.049491502	2.328291	44.55244	1
11735	AMPH	0.09078752	0.025688056	-1.8173792	44.55244	1
11737	POU6F2	0.015842903	0.0078083463	-1.0114665	10.838171	1
11764	HECW1	0.019380309	0.0070111225	-1.4538674	19.730328	1
11778	PGAM2	5.3344025e-05	0.0077709705	5.681698	17.936445	1
11783	MYL7	0.00011422007	1.145449	12.384658	44.55244	1
11786	CAMK2B	0.00111256	0.0048425207	2.0271907	6.977641	1
11804	NACAD	0.0042723347	0.0107380925	1.3096352	9.880666	1
11809	ADCY1	0.01642787	0.007726943	-1.07838	13.441983	1
11811	IGFBP3	0.2918167	0.91869235	1.6541821	44.55244	1
11814	AC023669.1	0.0001501994	0.0040808823	4.062657	9.662703	1
11815	AC023669.2	0.00019680063	0.013757755	5.5450554	29.08912	1
11816	AC011294.1	0.00053256034	0.003963892	2.683587	6.966079	1
11817	AC004870.4	0.00041945517	0.01907341	5.2059636	39.669186	1
11824	PKD1L1	0.012223077	0.002290127	-2.3662033	30.772264	1
11826	C7orf69	0.03435414	0.0015953721	-4.3450036	44.55244	1
11831	ABCA13	0.018031575	0.0010236354	-4.0122585	44.55244	1
11843	GRB10	0.08938214	0.21917371	1.2930611	44.55244	1
11854	VSTM2A	0.0010766053	6.543616e-05	-2.8302839	5.7269535	1
11870	PSPH	0.025475265	0.052076947	1.0286634	34.135857	1
11874	CHCHD2	0.1347852	0.01742593	-2.9441693	44.55244	1
11925	AUTS2	0.9588793	0.47010413	-1.0282125	44.55244	1
11926	GALNT17	0.02784135	0.008648964	-1.6752177	37.701275	1
11927	CALN1	0.01957549	0.1132905	2.5268283	44.55244	1
11928	TYW1B	0.060133424	0.24940357	2.0504243	44.55244	1
11951	METTL27	0.007876783	0.0013430145	-2.466721	24.528927	1
11953	ELN	0.08805991	0.016008869	-2.4522676	44.55244	1
11967	CASTOR2	0.049064327	0.021185609	-1.2077336	44.55244	1
11976	CCL26	0.0005106803	0.004043599	2.7623951	9.975382	1
11986	SSC4D	0.022989297	0.003487487	-2.6861787	44.55244	1
11998	GSAP	0.03444365	0.013988896	-1.293862	34.222733	1
12013	GNAI1	0.49186495	0.22016373	-1.1593235	44.55244	1
12016	CD36	0.35337096	0.10466842	-1.7543876	44.55244	1
12018	SEMA3C	0.06867287	0.013820098	-2.3046703	44.55244	1
12024	SEMA3E	0.23296157	0.0070854896	-5.0194807	44.55244	1
12028	SEMA3D	0.022133859	0.0930252	2.0664132	44.55244	1
12030	GRM3	0.0069451267	0.03272454	2.2200775	31.24933	1
12041	ABCB1	0.0025293033	0.007052649	1.443797	7.193927	1
12045	ADAM22	0.04829933	0.01610084	-1.5789186	44.55244	1
12053	STEAP2-AS1	0.0035291826	0.0009830651	-1.7445247	6.9393854	1
12055	STEAP1	0.004081496	0.014479063	1.801807	19.028172	1
12056	STEAP2	0.011905208	0.0041484516	-1.4986514	16.796099	1
12066	FZD1	0.07365494	0.021270493	-1.7871195	44.55244	1
12067	AC079760.2	0.010037082	0.0025047034	-1.9604514	21.022419	1
12068	AC079760.1	0.12735428	0.014636948	-3.1124701	44.55244	1
12069	AC000058.1	0.0011308617	4.8457878e-09	-3.6215267	6.665309	1
12095	TFPI2	0.052092265	0.18189453	1.801987	44.55244	1
12108	PPP1R9A	0.18604413	0.04234745	-2.1326702	44.55244	1
12109	AC002429.2	0.009233838	0.0028297736	-1.6716812	15.789478	1
12112	PON2	0.11297679	0.23454806	1.0531957	44.55244	1
12120	DLX6-AS1	0.0025092813	0.00037587326	-2.4550033	8.871518	1
12121	DLX6	0.004124131	0.00073113205	-2.345505	13.365589	1
12122	DLX5	0.01637377	0.003635135	-2.1409385	37.992104	1
12125	ASNS	0.0059611197	0.017899737	1.5703195	20.692455	1
12134	TMEM130	0.0065098214	0.0004844446	-3.499473	31.057936	1
12161	GJC3	0.0022336745	0.00031443668	-2.4933798	8.217972	1
12163	AZGP1	0.00020341511	0.0025736422	3.1394415	6.6297574	1
12201	FBXO24	0.0046593575	0.0011764412	-1.8986398	10.240028	1
12202	PCOLCE-AS1	0.0062704543	0.0005698064	-3.2495801	25.665325	1
12203	PCOLCE	0.44570854	0.1628621	-1.4518876	44.55244	1
12218	ACHE	0.022582972	0.01110524	-1.0174361	18.460064	1
12221	MUC12	0.0049389917	0.02355854	2.231154	42.159744	1
12222	AC105446.1	0.0018222184	0.00785101	2.048366	13.883003	1
12232	CLDN15	0.02407526	0.009150121	-1.3859873	30.455902	1
12237	COL26A1	0.05879372	0.0038063803	-3.9142096	44.55244	1
12251	RASA4B	0.0015244045	0.0046360884	1.5437851	5.3290477	1
12253	SPDYE2	0.005041046	0.010956343	1.1047405	8.003588	1
12255	RASA4	0.00788509	0.027661515	1.7977058	34.218426	1
12257	UPK3BL1	0.027177993	0.06461091	1.2462716	44.55244	1
12273	RELN	0.0030541234	0.010710391	1.7771077	12.069253	1
12290	CDHR3	0.05728841	0.025226004	-1.1801399	44.55244	1
12292	NAMPT	0.10400784	0.26629925	1.3555112	44.55244	1
12323	AC004014.1	0.0033974873	0.023474837	2.752857	34.069008	1
12326	AC073114.1	0.011845784	0.0629834	2.400759	44.55244	1
12346	FOXP2	0.13827997	0.014578223	-3.236886	44.55244	1
12356	AC002066.1	0.0037974904	0.010541658	1.4491056	9.969798	1
12357	AC073130.1	0.0012900403	9.347282e-05	-2.844924	5.3339286	1
12358	CAV2	0.028984133	0.10440758	1.8453034	44.55244	1
12359	CAV1	0.09192938	0.431215	2.2285752	44.55244	1
12364	ST7-AS1	0.008731243	0.0034929872	-1.2974327	10.298201	1
12379	ANKRD7	0.0011191906	0.00709563	2.5611973	10.796189	1
12407	LMOD2	0.00052117225	0.023387946	5.240783	44.251408	1
12413	TMEM229A	0.060255613	0.012309904	-2.281996	44.55244	1
12414	AC006148.1	0.04088364	0.016705096	-1.2861495	38.813602	1
12417	GPR37	0.036261827	0.013392106	-1.4303093	44.55244	1
12439	IMPDH1	0.021828767	0.04711559	1.1064386	34.667	1
12442	AC090114.2	0.04453744	0.017977519	-1.3040577	44.55244	1
12452	KCP	0.067395054	0.03271891	-1.0402544	44.55244	1
12458	TSPAN33	0.0006121223	0.0049086255	2.8142178	11.349204	1
12459	SMO	0.10438382	0.04967724	-1.0697213	44.55244	1
12478	CPA4	0.0052868794	0.0013566985	-1.8867475	12.124571	1
12484	MEST	0.002490484	0.22832668	6.4623656	44.55244	1
12487	AC007938.3	0.00016013868	0.0078231385	4.928719	19.142208	1
12488	AUXG01000058.1	0.0030881758	0.07182349	4.49566	44.55244	1
12491	KLF14	0.003403291	0.0009017395	-1.8062035	7.8104424	1
12492	AC016831.6	0.0027925603	0.0006664355	-1.9161108	5.6677547	1
12494	LINC00513	0.092313744	0.02396789	-1.9409977	44.55244	1
12498	LINC-PINT	0.010579023	0.021790218	1.0355067	11.101868	1
12502	PODXL	0.0053816424	0.012090388	1.153064	8.023775	1
12504	PLXNA4	0.13725473	0.32288983	1.2335821	44.55244	1
12537	AC024084.1	0.0027931642	0.009070202	1.6643052	9.343263	1
12538	AC078845.1	0.0071369316	0.025677633	1.8326697	27.350853	1
12541	PTN	1.5693315	0.5312037	-1.5626335	44.55244	1
12542	AC078842.2	0.009316892	0.0007257698	-3.5114396	38.29119	1
12544	DGKI	0.04970889	0.16807489	1.7554871	44.55244	1
12553	KIAA1549	0.14991394	0.050425656	-1.5700085	44.55244	1
12573	ADCK2	0.025583101	0.012304073	-1.0500054	22.288969	1
12591	MGAM	0.012341051	0.0017555362	-2.7452004	38.838627	1
12594	MGAM2	0.0015547257	7.761752e-05	-3.219746	7.941741	1
12600	TRBC2	0.0031499271	0.0010486004	-1.5005305	5.315625	1
12602	EPHB6	0.053541675	0.022082187	-1.2739527	44.55244	1
12615	FAM131B	0.002996187	0.0009076455	-1.6195045	6.3097515	1
12633	ARHGEF35	0.0023072672	0.011114471	2.2198932	18.785189	1
12634	AC004889.1	0.020903904	0.064061925	1.6110599	44.55244	1
12637	OR2A1-AS1	0.006250087	0.019308116	1.6118118	22.001919	1
12639	ARHGEF5	0.0038854468	0.009882755	1.3246964	9.515061	1
12642	CNTNAP2	0.744006	0.19634703	-1.9213679	44.55244	1
12649	AC005229.4	0.007493608	0.0035104137	-1.0726213	7.7387524	1
12656	ZNF786	0.03351473	0.014339076	-1.2191153	32.199562	1
12681	RARRES2	0.060390487	0.018636968	-1.6908208	44.55244	1
12693	GIMAP5	0.00022638286	0.002086422	2.7439346	5.1857934	1
12694	TMEM176B	0.15252072	0.052800816	-1.5285889	44.55244	1
12695	TMEM176A	0.15345646	0.06592458	-1.2176942	44.55244	1
12698	NOS3	0.010361288	0.028007034	1.4258708	30.870111	1
12717	AC005486.1	0.001593517	0.00021315308	-2.4350824	5.894111	1
12719	WDR86	0.020329263	0.0032038314	-2.6284251	44.55244	1
12737	PAXIP1-AS2	0.013746227	0.002966554	-2.1748025	35.86523	1
12764	PTPRN2	0.014405129	0.029043818	1.0066268	18.173923	1
12772	VIPR2	0.009434305	0.0017665727	-2.3527362	23.075813	1
12775	ZNF596	0.013253153	0.0013211241	-3.232076	44.55244	1
12796	MYOM2	0.011254727	0.002205887	-2.299899	31.315147	1
12799	AC245187.2	0.0018762586	0.000105245046	-3.2673526	9.055339	1
12801	AC245123.1	0.0020666323	4.8457878e-09	-4.4373126	12.038254	1
12802	AC246817.2	0.012943415	0.00047963747	-4.492027	44.55244	1
12803	AC246817.1	0.0027754784	0.00019799889	-3.2704232	12.066765	1
12804	CSMD1	0.009097818	0.0023691491	-1.8972776	13.72346	1
12807	AC009435.1	0.0024834105	0.00036449364	-2.4755461	8.890384	1
12819	FAM66B	0.00039399823	0.005739755	3.56333	11.1292095	1
12834	AC022784.1	0.0036511763	0.019557564	2.3896697	22.901411	1
12874	AC022239.1	0.00048717717	0.007291387	3.6539772	17.98655	1
12876	GATA4	0.0011609761	0.549017	8.766429	44.55244	1
12877	C8orf49	-1.36424205e-08	0.00687942	6.125232	21.050785	1
12881	CTSB	0.2552807	0.5366786	1.0716777	44.55244	1
12882	AC025857.2	0.0005919276	0.0027678248	2.0512638	5.2856507	1
12903	C8orf48	-1.36424205e-08	0.006266933	5.9927235	20.34092	1
12905	SGCZ	0.011906695	0.005025687	-1.2280217	9.574316	1
12914	ZDHHC2	0.012127086	0.036258478	1.5722114	36.13528	1
12918	SLC7A2	0.023730783	0.1157954	2.281925	44.55244	1
12931	NAT1	0.0023290606	0.0069513447	1.5374998	8.691845	1
12934	PSD3	0.3236366	0.77217597	1.2542962	44.55244	1
12937	AC100849.1	0.0030759238	0.008241253	1.3930879	6.550797	1
12940	SH2D4A	0.0040744315	0.008964653	1.1186721	6.751892	1
12944	LPL	0.013910338	0.038228277	1.4519174	25.238132	1
12955	DOK2	0.00023532516	0.006532465	4.3059125	17.584772	1
12961	NUDT18	0.003889356	0.007932437	1.0096817	5.6725073	1
12973	SLC39A14	0.034798045	0.07747381	1.1524235	44.55244	1
12995	TNFRSF10C	0.0023733494	0.008267732	1.7583705	11.425338	1
13013	STC1	0.029545648	0.11428736	1.9480355	44.55244	1
13016	AC120193.1	0.0045047505	0.0017661003	-1.3030964	5.3922896	1
13019	AF106564.1	0.0014034148	0.00023826855	-2.152002	5.284238	1
13020	NEFM	0.13663252	0.008387457	-4.00988	44.55244	1
13021	NEFL	0.01791651	0.0051170923	-1.7880017	29.134457	1
13026	GNRH1	0.0076341922	0.0018966197	-1.9536911	19.115053	1
13031	AC009623.3	0.0036847945	4.8457878e-09	-5.242073	19.515062	1
13033	EBF2	0.58896905	0.02039015	-4.8454347	44.55244	1
13037	PNMA2	0.0036154236	0.015195948	2.0415509	24.264894	1
13046	SCARA3	0.08987599	0.025132645	-1.8342487	44.55244	1
13047	AC013643.2	0.0054206555	0.00038234485	-3.5167027	24.388216	1
13057	FBXO16	0.01821674	0.047121096	1.3662689	40.624607	1
13069	KIF13B	0.032701872	0.09688705	1.564014	44.55244	1
13098	PURG	0.04775145	0.014769643	-1.6861928	44.55244	1
13111	DUSP26	0.0013470426	0.0069028875	2.2748425	11.711854	1
13118	UNC5D	0.0855271	0.0110422205	-2.9420307	44.55244	1
13120	AC124290.1	0.017233204	0.0027923076	-2.5832453	44.55244	1
13128	AC124067.2	0.00044249714	0.008221756	3.9392004	21.177763	1
13141	ADRB3	0.014336133	0.0039999983	-1.8159891	26.82107	1
13142	EIF4EBP1	0.15070076	0.44672534	1.5670673	44.55244	1
13160	FGFR1	0.68072045	0.2512495	-1.4375798	44.55244	1
13161	AC087623.3	0.0032870446	0.0008706162	-1.8030542	6.6863546	1
13162	AC087623.1	0.0018449406	0.00031828572	-2.2171655	6.311106	1
13175	ADAM18	0.00037414086	0.0040185424	3.118746	9.285888	1
13181	TCIM	0.0014826228	0.007426055	2.2495763	13.099994	1
13186	ZMAT4	0.030793583	0.066074386	1.0989656	32.337776	1
13197	ANK1	0.0046405345	0.0013916156	-1.668174	7.936978	1
13270	SOX17	0.0013163692	0.0060505653	2.1185217	10.32481	1
13278	LYN	0.055111352	0.11891056	1.1080527	44.55244	1
13286	PENK	0.020213593	0.044200856	1.1248893	18.85292	1
13308	TOX	0.07736945	0.010747171	-2.8363087	44.55244	1
13310	AC090152.1	0.0083787115	0.0017375919	-2.2060287	23.370207	1
13314	CA8	0.010156251	0.0011986714	-2.9813952	36.70172	1
13320	CHD7	0.095273115	0.26643595	1.4826756	44.55244	1
13327	ASPH	0.3033142	0.6117392	1.011864	44.55244	1
13331	AC023095.1	0.0042321887	0.0009194242	-2.0873415	9.171166	1
13332	NKAIN3	0.17370965	0.044106107	-1.9751905	44.55244	1
13334	NKAIN3-IT1	0.0053255553	0.001221121	-2.0380082	13.119292	1
13336	GGH	0.029793216	0.07936964	1.4105858	44.55244	1
13349	CYP7B1	0.06204065	0.023961917	-1.3687859	44.55244	1
13363	TRIM55	0.0014938175	0.023514979	3.889144	40.456573	1
13376	TCF24	0.014462943	0.00039208436	-4.8872523	44.55244	1
13383	CPA6	0.07546493	0.019844031	-1.9217597	44.55244	1
13385	PREX2	0.22815119	0.018085727	-3.6497438	44.55244	1
13388	C8orf34	0.06028867	0.015479199	-1.954657	44.55244	1
13389	AC083967.1	0.33638835	0.028553573	-3.5537696	44.55244	1
13394	SLCO5A1	0.019356323	0.0067962683	-1.4963514	24.72153	1
13396	AC079089.1	0.004915942	0.0010392179	-2.1384768	13.241363	1
13403	XKR9	0.0064969417	0.0012479883	-2.2909894	16.28044	1
13404	AC022858.1	0.0009060844	4.8457878e-09	-3.3306096	6.1175227	1
13405	EYA1	0.017081782	0.0041868226	-2.0028992	33.89545	1
13408	MSC	0.0076054623	0.026905159	1.8092816	37.2948	1
13409	TRPA1	0.0032920877	0.008453701	1.3343751	7.1571145	1
13412	KCNB2	0.027498351	0.008344611	-1.7084793	31.049604	1
13418	SBSPON	0.009740066	0.0035777383	-1.4198492	12.346975	1
13434	JPH1	0.0022808753	0.015234054	2.687175	23.745438	1
13440	PI15	0.021609522	0.002699981	-2.954839	44.55244	1
13442	CRISPLD1	0.098791905	0.048556242	-1.0232276	44.55244	1
13445	CASC9	0.01817529	0.05329144	1.5467141	44.55244	1
13446	HNF4G	0.012880757	0.004528347	-1.4878057	16.584188	1
13449	ZFHX4-AS1	0.0065976675	0.001418312	-2.1411905	16.283892	1
13450	ZFHX4	0.121026665	0.04260108	-1.5041721	44.55244	1
13453	AC062004.1	0.0032350156	7.732692e-05	-4.23321	15.921658	1
13460	AC083837.1	0.013733	0.0060297153	-1.1742221	11.396401	1
13463	STMN2	0.2433844	0.69027865	1.5035585	44.55244	1
13465	HEY1	0.054748192	0.21070826	1.9424154	44.55244	1
13467	AC036214.1	0.0035268837	0.007985163	1.1565462	6.2743115	1
13472	TPD52	0.0032767216	0.036736913	3.447457	44.55244	1
13479	ZNF704	0.5285494	0.23235251	-1.1853752	44.55244	1
13487	FABP5	0.2838319	0.5897978	1.0549202	44.55244	1
13491	FABP4	0.1178623	0.010992344	-3.4106898	44.55244	1
13497	CHMP4C	0.0030355202	0.017440509	2.483914	29.791378	1
13505	AC015522.1	0.06445788	0.28938758	2.1648364	44.55244	1
13506	RALYL	0.0302065	0.17773779	2.552863	44.55244	1
13512	CA13	0.0049986746	0.027878512	2.456125	44.55244	1
13515	CA1	0.0008494023	0.004364046	2.2332604	7.2638593	1
13516	CA3	0.0043429635	0.03454606	2.963097	44.55244	1
13518	CA2	0.0031377436	0.018889029	2.5521054	28.66107	1
13533	AC090572.3	0.0029200108	0.0005664142	-2.1800628	8.859437	1
13534	AC090572.2	0.0018850007	7.579479e-05	-3.4971752	9.952676	1
13535	CNBD1	0.01533968	0.0065333173	-1.2188405	14.282545	1
13536	AF121898.1	0.006850253	0.0021441171	-1.6309173	11.168752	1
13550	LINC00534	0.00762927	0.0031838233	-1.2349557	7.8534184	1
13554	NECAB1	0.006610554	0.03029034	2.1791089	41.997345	1
13556	C8orf88	0.021875987	0.04621109	1.0754299	29.52695	1
13562	SLC26A7	0.030694256	0.008575834	-1.8275869	43.85347	1
13604	AC087752.3	0.0012307446	6.210055e-05	-3.0372727	7.0115175	1
13620	AP003548.1	0.0037806986	0.00063019263	-2.4099674	13.199225	1
13637	OSR2	0.0029635453	0.00015950299	-3.561379	13.6205435	1
13670	NCALD	0.33384	0.16141231	-1.0479447	44.55244	1
13683	AZIN1-AS1	0.06411546	0.020475755	-1.6419753	44.55244	1
13689	BAALC	0.03546163	0.108739525	1.6138091	44.55244	1
13692	FZD6	0.050939206	0.102440596	1.0065173	44.55244	1
13694	CTHRC1	0.01649504	0.08152933	2.2983356	44.55244	1
13708	ZFPM2-AS1	0.08435761	0.22734067	1.4291909	44.55244	1
13711	AC090802.1	0.00062287186	0.004638522	2.7126253	8.594239	1
13721	AC025508.1	0.00092575356	5.1940944e-05	-2.7551014	5.1467233	1
13728	AC104248.1	0.0052530323	0.0014644081	-1.7747395	9.90327	1
13733	PKHD1L1	0.0006952494	0.0046967305	2.592572	8.071728	1
13742	CSMD3	0.18842068	0.02587672	-2.8594317	44.55244	1
13755	AARD	0.0119410595	0.005886421	-1.0081967	9.250553	1
13763	TNFRSF11B	0.0016259125	0.010629692	2.6361775	17.503746	1
13764	COLEC10	0.0021109506	0.056168336	4.6695848	44.55244	1
13769	CCN3	0.0070803193	0.0144123025	1.0151565	9.126229	1
13771	ENPP2	0.051530562	0.016453154	-1.6411192	44.55244	1
13778	COL14A1	0.17398922	0.35862777	1.0430624	44.55244	1
13781	SNTB1	0.18638186	0.015582947	-3.5717669	44.55244	1
13782	AC104958.1	0.0010663981	4.8457878e-09	-3.5439184	6.632932	1
13785	HAS2	0.024244668	0.20439664	3.0703995	44.55244	1
13786	HAS2-AS1	0.0045529604	0.016540857	1.838509	20.576187	1
13816	AC090192.2	0.00026586698	0.0036301627	3.3498476	8.911811	1
13827	ZNF572	0.0011751398	0.00013873787	-2.417156	5.4662786	1
13841	LRATD2	0.00190363	0.0071159187	1.848567	10.207281	1
13842	PCAT1	0.009512271	0.034378394	1.8427435	35.812897	1
13853	MYC	0.03711503	0.089982316	1.2753586	44.55244	1
13854	PVT1	0.1270183	0.26175776	1.0426116	44.55244	1
13879	KCNQ3	0.033923358	0.009929504	-1.7622753	44.55244	1
13882	TMEM71	0.0021133332	0.016324034	2.891516	29.540833	1
13888	SLA	0.020828197	0.0052444404	-1.9693372	40.97197	1
13905	KHDRBS3	0.14510134	0.072034635	-1.0092907	44.55244	1
13912	FAM135B	0.0032347043	0.00061280496	-2.2259796	10.555096	1
13913	COL22A1	0.05645284	0.0016713332	-4.996692	44.55244	1
13919	AC107375.1	0.0075198505	0.0034666394	-1.0951973	7.3270116	1
13925	AC040970.1	0.0024935517	0.009000291	1.8109835	13.510918	1
13951	LY6E-DT	0.019157944	0.0051931418	-1.8632576	37.512966	1
13955	LY6H	0.11405483	0.005009506	-4.481664	44.55244	1
14013	SCX	0.08144472	0.0022133626	-5.1395283	44.55244	1
14057	PGM5P3-AS1	0.0027473979	4.8457878e-09	-4.8315024	16.841036	1
14066	KANK1	0.04197428	0.19773577	2.2332928	44.55244	1
14068	AL392089.1	8.006009e-05	0.0032326349	4.210113	8.606942	1
14071	DMRT2	0.0012332927	4.8457878e-09	-3.7368517	7.274074	1
14074	VLDLR-AS1	0.19565761	0.053648923	-1.8647605	44.55244	1
14084	GLIS3	0.1970653	0.50643855	1.3612665	44.55244	1
14089	SLC1A1	0.008046321	0.01640508	1.0186895	9.1511755	1
14107	PDCD1LG2	0.0061392756	0.0025184802	-1.2526488	6.2236395	1
14116	IL33	0.05139545	0.72655517	3.818754	44.55244	1
14126	AL157703.1	0.0011182723	0.005155661	2.1090357	9.444098	1
14129	AL135923.2	0.00020415729	0.0061088013	4.351425	12.167041	1
14138	TYRP1	0.0006301226	0.007379375	3.356707	19.02515	1
14140	LURAP1L	0.103839874	0.042448726	-1.2885613	44.55244	1
14144	AL583785.1	0.015777793	0.0050360397	-1.6282821	24.478542	1
14154	CER1	0.00061032415	0.0035577584	2.3644104	5.679408	1
14162	C9orf92	0.007804581	0.0011479914	-2.6630812	22.841501	1
14163	BNC2	0.46622765	0.072102286	-2.6912274	44.55244	1
14170	ADAMTSL1	0.21927693	0.02909265	-2.9097347	44.55244	1
14171	SAXO1	0.009117176	0.0024959801	-1.8280454	18.034847	1
14205	AL445623.2	0.009320998	0.002800877	-1.6993906	13.729538	1
14206	ELAVL2	0.02255477	0.0047011008	-2.2383778	44.55244	1
14222	TEK	0.011621792	0.071478456	2.6103323	44.55244	1
14224	MOB3B	0.0366704	0.011748387	-1.6338544	44.55244	1
14227	AL451123.1	0.0008954944	5.305763e-05	-2.7013383	5.4652505	1
14233	AL162388.2	0.0055195307	0.0018954164	-1.4937599	9.725768	1
14257	AQP3	0.00949766	0.02300996	1.2677602	20.408737	1
14259	ANKRD18B	0.0005632587	0.008027868	3.6152334	18.965485	1
14270	UBE2R2-AS1	0.009403243	0.004272509	-1.1199586	8.211288	1
14278	MYORG	0.0090588005	0.002458622	-1.8397915	18.442093	1
14279	C9orf24	0.024148079	0.055767667	1.2041432	38.518406	1
14283	CNTFR	0.06729141	0.13877268	1.0431262	44.55244	1
14295	CCL21	0.011767291	0.14844821	3.6458688	44.55244	1
14364	SHB	0.034906898	0.12145939	1.7959502	44.55244	1
14367	ANKRD18A	0.00036565465	0.0028905943	2.6831	7.4126506	1
14384	AL591926.2	0.0018433919	0.00015535665	-2.9279912	8.703912	1
14398	LINC01410	0.0012124161	0.0047142915	1.8750982	6.985334	1
14401	LERFS	0.0008475264	0.01248471	3.7313619	33.194637	1
14407	CBWD5	0.018975599	0.04214273	1.1469748	28.732111	1
14417	PGM5	0.047929384	0.009110855	-2.3825104	44.55244	1
14418	PGM5-AS1	0.008472406	4.8457878e-09	-6.4215584	39.04308	1
14419	AL161457.2	0.0068834973	0.0028836373	-1.2268775	7.231753	1
14429	BANCR	0.00024141709	0.008544403	4.662159	19.901785	1
14430	FAM189A2	0.0017402899	0.013556886	2.8916237	22.338875	1
14454	ALDH1A1	0.021069374	0.00481096	-2.1079016	43.598198	1
14459	RORB	0.0130834	0.033290375	1.3407099	21.376669	1
14467	OSTF1	0.047354702	0.09672083	1.0287664	44.55244	1
14468	PCSK5	0.10477619	0.03587061	-1.5437965	44.55244	1
14470	GCNT1	0.002903756	0.00761247	1.3604254	6.9534497	1
14479	PSAT1	0.031487502	0.19305192	2.6123102	44.55244	1
14485	TLE1	0.59914505	0.19553348	-1.6149929	44.55244	1
14486	AL591368.1	0.03651786	0.0036087185	-3.3035548	44.55244	1
14491	RASEF	0.017563177	0.0015329134	-3.4352248	44.55244	1
14492	AL499602.1	0.000768507	4.8457878e-09	-3.1184676	5.1633563	1
14508	SLC28A3	0.00027071775	0.023018466	5.9625807	44.55244	1
14511	NTRK2	0.18054208	0.043750726	-2.0424614	44.55244	1
14519	C9orf153	0.042672776	0.019097961	-1.1557398	34.25763	1
14525	GAS1	0.14237207	0.019267304	-2.8789842	44.55244	1
14526	GAS1RR	0.014327382	0.0022331842	-2.6284373	44.55244	1
14530	DAPK1	0.05957713	0.15972498	1.421243	44.55244	1
14547	GADD45G	0.0053876573	0.049408805	3.173423	44.55244	1
14555	SYK	0.029540183	0.0061973184	-2.2347448	44.55244	1
14565	ROR2	0.18592376	0.090348	-1.0403264	44.55244	1
14568	IARS	0.22592969	0.47144175	1.0608732	44.55244	1
14571	OGN	0.095696874	0.0028079296	-5.0419145	44.55244	1
14573	ASPN	0.28105706	0.032196514	-3.1219258	44.55244	1
14574	ECM2	0.03884399	0.0048832195	-2.9662507	44.55244	1
14614	AL161729.1	0.0037664513	0.0009716753	-1.851142	8.87849	1
14630	PRXL2C	0.029357709	0.06533691	1.1514595	44.55244	1
14631	AL589843.1	0.032201093	0.013650878	-1.2320592	31.91668	1
14636	CTSV	0.0030109794	0.018930534	2.6128752	33.74423	1
14638	AL590705.1	0.0011993423	0.00474466	1.8986139	7.4011455	1
14656	TRIM14	0.0044133165	0.02264106	2.3330398	36.5378	1
14657	CORO2A	0.00452712	0.04590522	3.3136113	44.55244	1
14662	GALNT12	0.003099007	0.010133352	1.6775826	12.9438715	1
14664	COL15A1	0.016393071	0.3529364	4.4198847	44.55244	1
14665	AL136084.3	3.7310274e-05	0.00257737	4.285305	8.354055	1
14673	AL162394.1	0.0018401844	0.00030000927	-2.2780883	5.799965	1
14683	PLPPR1	0.0048383772	0.0020826475	-1.1779578	5.2722225	1
14689	TMEM246	0.015346475	0.031544313	1.0346687	21.254066	1
14707	SLC44A1	0.105799645	0.21866181	1.046663	44.55244	1
14783	AMBP	0.0005181031	0.0058673676	3.2711754	10.897754	1
14795	TNFSF15	0.012949157	0.004577931	-1.4800141	17.958303	1
14801	AL691420.1	0.015506651	0.004939173	-1.6309022	20.386486	1
14803	PAPPA	0.1525175	0.51003385	1.7409555	44.55244	1
14807	ASTN2	0.13879935	0.059157297	-1.2289752	44.55244	1
14817	BRINP1	0.14589489	0.015500294	-3.2262728	44.55244	1
14825	TRAF1	0.004884979	0.02098694	2.0806906	29.01349	1
14826	C5	0.014267382	0.0039446354	-1.8287157	29.157547	1
14844	PTGS1	0.00039058976	0.0047749956	3.3128119	11.290404	1
14858	STRBP	0.12220542	0.05986632	-1.0282639	44.55244	1
14859	CRB2	0.00079534634	0.0072696228	3.041073	15.511025	1
14863	LHX2	0.0012533189	0.02720083	4.334371	44.55244	1
14872	MIR181A2HG	0.15024534	0.05948894	-1.3351637	44.55244	1
14918	ENG	0.124597035	0.26132813	1.0679872	44.55244	1
14945	CERCAM	0.08555652	0.19305938	1.1731567	44.55244	1
14946	AL359091.5	0.0006621169	0.0028531523	1.9541715	5.234364	1
14959	AL441992.1	0.0019849837	0.005275113	1.366259	5.882766	1
14995	PRRX2	0.011804664	0.033532348	1.4983227	31.725786	1
15008	HMCN2	0.009492607	0.00062405836	-3.727745	40.339027	1
15017	LAMC3	0.021451129	0.08126048	1.9165648	44.55244	1
15033	NTNG2	0.0069065164	0.0023205534	-1.5333602	11.061462	1
15061	SLC2A6	0.019456655	0.08799645	2.1714244	44.55244	1
15063	ADAMTSL2	0.01653882	0.07731517	2.2180634	44.55244	1
15064	FAM163B	0.000168453	0.0072507644	4.7751527	19.022484	1
15067	DBH-AS1	0.0011716791	0.006063303	2.276969	10.237518	1
15068	SARDH	0.00723451	0.017561566	1.2678409	15.008059	1
15083	OLFM1	0.0051321876	0.020135831	1.9514259	30.245533	1
15085	PPP1R26	0.006268608	0.013228359	1.0654491	9.157479	1
15089	LCN1	0.00060689624	0.0076042293	3.4460802	21.679249	1
15091	PAEP	5.7624326e-05	0.0027471113	4.174937	8.122651	1
15120	EGFL7	0.08769172	0.6563594	2.902549	44.55244	1
15121	AGPAT2	0.05734019	0.12002345	1.0643854	44.55244	1
15126	TMEM141	0.1651949	0.52692294	1.6728235	44.55244	1
15127	CCDC183	0.01272789	0.21111523	4.041358	44.55244	1
15129	RABL6	0.20370336	0.60754704	1.5760558	44.55244	1
15130	AJM1	0.0057021654	0.033630446	2.5393882	44.55244	1
15132	MAMDC4	0.0029463845	0.014698343	2.2802658	22.873226	1
15139	PTGDS	0.0021330086	0.26711655	6.902877	44.55244	1
15140	LCNL1	-1.36424205e-08	0.0015421653	4.037724	5.071504	1
15142	CLIC3	0.00030611118	0.0019760835	2.3539178	5.0224795	1
15152	UAP1L1	0.0056727924	0.011472074	1.0033062	7.8143797	1
15181	PNPLA7	0.017293347	0.007988779	-1.1045418	15.523562	1
15189	CACNA1B	0.0013500935	0.037950248	4.7136884	44.55244	1
15192	TUBB8	0.00036798956	0.0036401164	2.998535	8.175985	1
15207	ADARB2	0.045882873	0.0155613385	-1.5538892	44.251408	1
15216	PFKP	0.042934384	0.19455896	2.177387	44.55244	1
15218	PITRM1-AS1	0.0021267568	0.007929389	1.8503462	10.170785	1
15237	AKR1E2	0.008164264	0.0034109938	-1.2350068	9.434903	1
15239	AKR1C2	0.015700517	0.0064048087	-1.2803934	18.15056	1
15243	AKR1C4	-1.36424205e-08	0.001727702	4.192156	5.926868	1
15247	NET1	0.1323306	0.038590204	-1.7751962	44.55244	1
15268	PRKCQ	0.0048095877	0.012654577	1.3773414	11.58807	1
15269	PRKCQ-AS1	0.002332622	0.011412898	2.242667	20.72452	1
15277	ITIH5	0.0005028399	0.010993163	4.201752	22.42567	1
15293	CELF2	0.028659254	0.10596617	1.8828664	44.55244	1
15301	ECHDC3	0.005722776	0.00037380983	-3.619327	27.44985	1
15312	AL353586.1	0.013281337	0.046369325	1.7960565	44.55244	1
15313	CCDC3	0.11589073	0.4507645	1.9586844	44.55244	1
15316	UCMA	0.0008218882	4.8457878e-09	-3.204522	5.10131	1
15319	BEND7	0.0438797	0.014327177	-1.6080487	44.55244	1
15323	FRMD4A	0.54402757	0.17509727	-1.6349646	44.55244	1
15326	AL157392.2	0.005792473	0.0009906181	-2.4337273	15.143709	1
15327	AC044781.1	0.003991298	0.0011608709	-1.6981381	7.3027816	1
15340	ACBD7	0.003911016	0.0010313871	-1.8258752	7.700215	1
15346	ITGA8	0.3704888	0.17451377	-1.0856519	44.55244	1
15349	PTER	0.0050765667	0.031098915	2.5914285	44.55244	1
15362	HACD1	0.009601708	0.058797948	2.6019068	44.55244	1
15371	CACNB2	0.2630705	0.09036427	-1.5405777	44.55244	1
15372	AL390783.1	0.0074521294	0.0019889474	-1.8541071	12.906059	1
15378	MALRD1	0.040451568	0.011987057	-1.7462947	44.55244	1
15379	AL157895.1	0.0014539539	0.00014696139	-2.6535861	7.079057	1
15384	NEBL	0.009937043	0.123370446	3.6207595	44.55244	1
15406	MSRB2	0.07717008	0.17524834	1.1822419	44.55244	1
15413	KIAA1217	0.62848896	0.20360963	-1.6256028	44.55244	1
15414	AL356113.1	0.0033999395	0.00075028324	-2.0413146	8.621899	1
15419	ENKUR	0.004075762	0.0009740091	-1.9590331	10.235583	1
15426	MYO3A	0.049067415	0.010577889	-2.2030761	44.55244	1
15436	AL160291.1	0.0014241564	0.00013935156	-2.6708078	5.7565637	1
15445	LINC02652	0.008578567	0.002781845	-1.590464	12.980925	1
15449	LINC01517	0.0009184308	0.0042110505	2.0816915	6.0997477	1
15477	AL391839.1	0.007880559	0.002334871	-1.7126443	13.690562	1
15484	NRP1	0.6660869	0.28419456	-1.2285407	44.55244	1
15502	FZD8	0.038530122	0.017105939	-1.1668197	37.3701	1
15510	ZNF248	0.0768214	0.01013006	-2.9105706	44.55244	1
15511	AL135791.1	0.0019506036	4.8457878e-09	-4.357907	12.44311	1
15515	ZNF37A	0.18877198	0.019984327	-3.2332666	44.55244	1
15519	ZNF33B	0.07711699	0.03551551	-1.1164126	44.55244	1
15532	AL450326.1	0.0044308007	0.009294309	1.052021	6.8642163	1
15542	LINC00840	0.0018376152	0.00038065997	-2.0111935	5.973004	1
15548	CXCL12	0.58623385	0.114480056	-2.3553665	44.55244	1
15550	TMEM72-AS1	0.02006798	0.009121687	-1.1289641	17.424976	1
15551	TMEM72	0.0062206625	0.0025161006	-1.2726576	6.3701015	1
15578	GDF10	0.077497	0.011522256	-2.7391107	44.55244	1
15579	GDF2	3.1644573e-05	0.0052306205	5.3395834	12.650716	1
15581	ZNF488	0.0021265512	0.00041012617	-2.1258848	6.117737	1
15594	WDFY4	0.0012523739	4.8457878e-09	-3.7573524	8.782913	1
15597	AC060234.1	0.0007639876	4.8457878e-09	-3.1109407	5.614934	1
15598	VSTM4	0.17733021	0.019493671	-3.178792	44.55244	1
15629	DKK1	0.010327603	0.10331183	3.309922	44.55244	1
15630	LNCAROD	0.0047497815	0.025528349	2.401749	28.966084	1
15633	LINC02672	0.0019660734	0.007406444	1.861238	9.012574	1
15650	PHYHIPL	0.03220735	0.009017151	-1.8252076	44.55244	1
15655	SLC16A9	0.0068494207	0.013887341	1.0091572	8.867442	1
15659	ANK3	0.3434043	0.75482744	1.1360099	44.55244	1
15684	AC022387.2	0.0064348467	0.0029798467	-1.0852948	6.4971766	1
15689	LINC01515	0.0008352819	0.13316542	7.1546855	44.55244	1
15690	CTNNA3	0.1198596	0.2722838	1.1830921	44.55244	1
15692	LRRTM3	0.013524071	0.027680503	1.0279148	13.796219	1
15714	SRGN	0.0021249482	6.0324972e-05	-3.7947006	9.109042	1
15726	COL13A1	0.12678903	0.036860935	-1.7794942	44.55244	1
15729	AIFM2	0.009002967	0.025922602	1.5153564	26.553885	1
15737	PALD1	0.055281904	0.014077861	-1.9657748	44.55244	1
15739	ADAMTS14	0.024304582	0.011367474	-1.0896044	17.110207	1
15745	UNC5B-AS1	0.006430593	0.017568724	1.435912	16.001036	1
15746	SLC29A3	0.013564783	0.03440468	1.3363296	26.38285	1
15755	DDIT4	0.023143543	0.3791238	4.0281477	44.55244	1
15763	OIT3	0.00772461	0.016679684	1.1006248	10.076835	1
15765	P4HA1	0.36538708	0.9847619	1.430101	44.55244	1
15785	MYOZ1	0.0015955954	0.0070607476	2.0783184	9.280327	1
15786	SYNPO2L	0.0009071227	0.020212201	4.3340354	40.741737	1
15791	FUT11	0.07093238	0.14674416	1.0477371	44.55244	1
15799	PLAU	0.028199995	0.07602439	1.427557	44.55244	1
15815	AC010997.3	0.012666898	0.0022445612	-2.445018	35.632587	1
15816	ZNF503	0.19674729	0.09323867	-1.0765301	44.55244	1
15828	AL450306.1	0.029344609	0.013336898	-1.1318034	26.757103	1
15865	SH2D4B	0.0040881773	0.0015877782	-1.3111973	5.521198	1
15884	GRID1	0.1621632	0.05388302	-1.5877583	44.55244	1
15890	LDB3	0.0064624827	0.050820068	2.9559207	44.55244	1
15891	AC067750.1	0.0030342927	0.0010040415	-1.5053456	5.380084	1
15894	SNCG	0.08066203	0.027711535	-1.5379938	44.55244	1
15896	ADIRF	0.004486456	0.0017107084	-1.3408256	6.4316025	1
15912	PAPSS2	0.050103642	0.27186474	2.4375556	44.55244	1
15923	STAMBPL1	0.033239946	0.078860454	1.2438785	44.55244	1
15929	LIPA	0.05829927	0.2998329	2.3606176	44.55244	1
15934	IFIT1	0.017916627	0.03765449	1.0673193	25.321396	1
15936	SLC16A12	0.0019432447	0.08057524	5.303192	44.55244	1
15949	AL391704.1	0.0039478154	0.009254912	1.2085806	6.0879107	1
15954	ANKRD1	0.03310828	0.27820277	3.0670402	44.55244	1
15972	HHEX	0.0010075804	0.020351937	4.206754	44.55244	1
15975	CYP26A1	0.0071254442	4.8457878e-09	-6.1749444	40.19439	1
15982	LGI1	0.07371567	0.0035704558	-4.329896	44.55244	1
15983	AL157396.1	0.010505849	0.0007016892	-3.7256732	44.55244	1
15985	SLC35G1	0.18091074	0.039080508	-2.2078671	44.55244	1
16018	SLIT1	0.0054583587	0.0010771439	-2.2393682	13.951044	1
16021	FRAT1	0.005451808	0.0022673463	-1.229687	7.123837	1
16026	PGAM1	0.13262504	0.3155075	1.2496909	44.55244	1
16039	SFRP5	-1.36424205e-08	0.006469105	6.037822	15.774254	1
16044	LOXL4	0.00868931	0.0021483388	-1.9668905	19.4884	1
16046	PYROXD2	0.01038413	0.022752935	1.1241723	15.465068	1
16051	GOT1	0.05881147	0.12061372	1.0349692	44.55244	1
16072	SCD	0.04579282	0.13330944	1.5395204	44.55244	1
16075	SEC31B	0.021807566	0.010706196	-1.0195706	16.578016	1
16089	AL133215.2	0.004936125	0.0011926619	-1.9619693	12.316651	1
16090	KAZALD1	0.080776215	0.0037336682	-4.398918	44.55244	1
16092	TLX1	0.0075673973	0.0005149789	-3.6401281	33.96334	1
16113	ELOVL3	0.0043275966	0.0005471796	-2.7742856	17.597614	1
16140	INA	0.0055498234	0.0023747066	-1.1909482	6.678321	1
16170	SORCS3	0.015610088	0.0068062632	-1.185714	13.551255	1
16171	LINC02627	0.0006542576	4.8457878e-09	-2.9149876	5.2985787	1
16174	SORCS1	0.11776496	0.27875242	1.2423669	44.55244	1
16176	LINC01435	0.012455208	0.0037107274	-1.7201476	19.50654	1
16196	ADRA2A	0.012248678	0.0018640064	-2.6524851	39.450783	1
16197	AL136119.1	0.021926092	0.0023245479	-3.183426	44.55244	1
16208	AL158212.2	0.015132933	0.0070443563	-1.0923178	12.522265	1
16209	AL133482.1	0.0043048835	0.00043174118	-3.0503078	16.098911	1
16231	AC016042.1	0.011590367	0.004776424	-1.2614249	11.121815	1
16232	GFRA1	0.09849373	0.004305846	-4.484005	44.55244	1
16233	AC012470.1	0.0020442624	7.650557e-05	-3.602696	10.751465	1
16239	HSPA12A	0.062207103	0.027723594	-1.163088	44.55244	1
16251	EMX2	0.0008197493	4.8457878e-09	-3.201171	5.22196	1
16271	RGS10	0.058381088	0.124411985	1.0902425	44.55244	1
16285	FGFR2	0.0020505877	0.027712712	3.6929414	44.55244	1
16287	AL731566.3	0.00090991234	4.8457878e-09	-3.3360884	5.6526504	1
16289	AL731566.2	0.0009253219	4.8457878e-09	-3.3579352	6.4258165	1
16297	HTRA1	0.28503403	0.6778456	1.2495295	44.55244	1
16307	LINC02641	0.013766789	0.004608714	-1.5582287	18.311382	1
16311	CPXM2	0.0013538104	0.014212042	3.2993186	24.933786	1
16312	CHST15	0.021381177	0.0046544517	-2.1757221	44.55244	1
16346	PTPRE	0.16402149	0.081328265	-1.0111626	44.55244	1
16351	LINC01163	0.0013534813	0.000118282616	-2.7352433	6.5147758	1
16358	EBF3	0.102491796	0.005750875	-4.132119	44.55244	1
16362	C10orf143	0.008694037	0.0035893004	-1.2531782	10.572979	1
16365	LINC02646	0.004706259	0.000940668	-2.2074044	11.90825	1
16367	TCERG1L	0.0048404704	0.00046513008	-3.1279933	19.554733	1
16372	BNIP3	0.1328982	0.70046335	2.3971088	44.55244	1
16383	AL451069.1	0.014215913	0.0028371874	-2.2851124	34.95331	1
16397	CALY	0.023397025	0.009986915	-1.2199931	26.654879	1
16411	LINC01001	0.0054748375	0.024321865	2.1311717	33.094772	1
16413	BET1L	0.03928581	0.079889305	1.0221312	44.55244	1
16444	MIR210HG	0.0029706093	0.054691825	4.157364	44.55244	1
16448	SCT	0.0032592304	0.008350541	1.330913	7.4314375	1
16465	CRACR2B	0.009078976	0.0013672443	-2.645224	29.25612	1
16482	DUSP8	0.010076485	0.029109702	1.5212084	30.651037	1
16489	IFITM10	0.0056402856	0.019478612	1.770084	24.152527	1
16490	CTSD	0.13924426	0.29756537	1.0950377	44.55244	1
16492	SYT8	0.0001713445	0.004999065	4.232035	14.104855	1
16494	LSP1	0.007627652	0.003307176	-1.1814536	9.148504	1
16496	TNNT3	0.005836441	0.0021505551	-1.3993174	7.9220076	1
16504	IGF2-AS	0.028086646	0.013604323	-1.0403807	22.692593	1
16514	KCNQ1	0.0063783694	0.02330367	1.8530322	26.756805	1
16519	SLC22A18	0.010222714	0.034383085	1.7400665	42.739525	1
16532	ART5	0.010339589	0.00088997843	-3.398524	44.55244	1
16549	OR51E1	0.017450215	0.00092747173	-4.094318	44.55244	1
16550	OR51E2	0.0033065423	4.8457878e-09	-5.090166	19.365932	1
16552	MMP26	0.0046752314	0.00036402588	-3.3632934	19.123053	1
16558	HBG2	0.00015306773	0.0031279465	3.6730213	6.6337266	1
16569	TRIM6	0.0050391927	0.010616449	1.0602132	7.9146624	1
16585	CCKBR	0.004184291	0.00015804579	-4.0533576	20.638155	1
16586	CAVIN3	0.04977993	0.1095863	1.1368519	44.55244	1
16604	MRPL17	0.08663207	0.20038028	1.2088228	44.55244	1
16618	SYT9	0.041563775	0.09320048	1.163091	44.55244	1
16620	OLFML1	0.031150429	0.003914272	-2.9606657	44.55244	1
16622	CYB5R2	0.0070700515	0.02773915	1.9570597	42.47326	1
16632	RIC3	0.007314683	0.0023420157	-1.6023124	12.030475	1
16635	STK33	0.0985938	0.027244564	-1.8517054	44.55244	1
16656	WEE1	0.07681152	0.15550062	1.016576	44.55244	1
16665	ADM	0.006307471	0.029039316	2.1851401	44.55244	1
16666	AMPD3	0.007605916	0.016035654	1.0662137	9.818398	1
16670	LYVE1	0.006254081	0.001865789	-1.6925751	12.370186	1
16671	MRVI1	0.1302845	0.035428755	-1.8757133	44.55244	1
16675	ZBED5	0.14134967	0.06758373	-1.0634078	44.55244	1
16680	GALNT18	0.025368404	0.050994977	1.0044731	21.319105	1
16690	MICAL2	0.21183665	0.48138827	1.1838675	44.55244	1
16711	SPON1	0.029244006	0.40304282	3.7801533	44.55244	1
16716	PDE3B	0.023494657	0.12248952	2.3773036	44.55244	1
16718	CALCB	0.013677659	0.0005128942	-4.490549	44.55244	1
16719	CALCA	0.004791155	0.00018981841	-4.076954	24.88869	1
16720	INSC	0.004300221	0.00031155118	-3.418432	16.52171	1
16721	LINC02751	0.004626588	0.0007851447	-2.4168139	14.86328	1
16723	AC087379.2	0.012913794	0.0024274276	-2.3643	35.07452	1
16727	SOX6	0.2210524	0.5327064	1.2685705	44.55244	1
16733	NUCB2	0.20954074	0.44909772	1.0994314	44.55244	1
16753	LDHA	0.3293697	0.95951945	1.5423167	44.55244	1
16768	CSRP3	5.644223e-05	0.1297825	9.697361	44.55244	1
16779	HTATIP2	0.009337227	0.020079812	1.0964779	14.999581	1
16781	NELL1	0.0125728	0.0016754738	-2.8354592	36.003197	1
16783	ANO5	0.0052023875	0.013754477	1.3856382	11.72631	1
16790	GAS2	0.13285615	0.020101968	-2.7183828	44.55244	1
16792	AC006299.1	0.022599543	0.007199766	-1.636741	31.3091	1
16800	ANO3	0.01610628	0.00433947	-1.8680936	22.074736	1
16804	FIBIN	0.12054958	0.008775783	-3.7648048	44.55244	1
16806	BBOX1-AS1	0.003955462	0.019373301	2.2635593	26.468153	1
16813	BDNF	0.08287914	0.018292902	-2.1735997	44.55244	1
16831	MPPED2	0.14643033	0.045155283	-1.6950412	44.55244	1
16833	MPPED2-AS1	0.0016685337	0.0003124232	-2.1003563	5.409112	1
16835	DCDC1	0.0056664916	0.05561316	3.2722526	44.55244	1
16844	RCN1	0.32030332	0.6426849	1.004447	44.55244	1
16845	AL078612.1	0.0012252565	0.0050149173	1.9484394	7.5813212	1
16848	WT1-AS	0.04883527	0.016719755	-1.5407181	44.55244	1
16853	DEPDC7	0.0018227876	0.005006445	1.4091198	5.1850405	1
16868	LMO2	0.008807427	0.06493902	2.8682249	44.55244	1
16872	ABTB2	0.051581867	0.02116593	-1.2811143	44.55244	1
16879	CD44	0.06712643	0.20395555	1.6018615	44.55244	1
16883	PAMR1	0.12829572	0.050060563	-1.3559717	44.55244	1
16893	PRR5L	0.023833996	0.0486098	1.0251509	26.148874	1
16898	C11orf74	0.07259199	0.0049655405	-3.8430085	44.55244	1
16902	LRRC4C	0.18338825	0.085141785	-1.1060549	44.55244	1
16923	ACCS	0.01574576	0.004331103	-1.8383592	29.913296	1
16926	ALX4	0.0025851992	0.00029029007	-2.7824104	9.750997	1
16931	TSPAN18	0.13083899	0.27097866	1.0498166	44.55244	1
16932	TP53I11	0.07425109	0.19530529	1.3940437	44.55244	1
16935	PRDM11	0.059209477	0.029383086	-1.0083752	42.304466	1
16937	SYT13	0.0103915185	0.0012660879	-2.9411013	39.13247	1
16943	CHST1	0.033173937	0.008402717	-1.9683969	44.55244	1
16970	LRP4-AS1	0.012469817	0.004183041	-1.5532563	19.002655	1
16971	LRP4	0.09311802	0.01976154	-2.2306314	44.55244	1
16984	MYBPC3	-1.36424205e-08	0.031188315	8.289677	44.55244	1
16997	C1QTNF4	0.05532171	0.0015203055	-5.0961137	44.55244	1
17004	FOLH1	0.012547646	0.00092585135	-3.6239753	44.55244	1
17010	LRRC55	0.0026413465	0.007495824	1.4703217	8.307214	1
17011	APLNR	0.0020712723	0.023036592	3.4135637	44.55244	1
17015	P2RX3	0.0053536533	0.00072678895	-2.721632	17.600014	1
17025	AP000662.1	0.034570247	0.011970113	-1.522259	44.55244	1
17045	AP001636.3	0.0052715153	0.001978328	-1.3699057	7.568162	1
17074	MS4A7	0.008893822	0.018596264	1.0557437	10.95868	1
17088	ZP1	0.00020672841	0.0025967248	3.1361747	6.9444804	1
17095	SLC15A3	0.0040129996	0.00042328058	-2.9745343	16.765133	1
17120	FADS1	0.124644645	0.32118618	1.364881	44.55244	1
17150	LRRN4CL	0.0050208997	0.0005679549	-2.9385746	19.774683	1
17152	GNG3	0.0033506055	0.0012252935	-1.3805377	5.5379195	1
17175	SLC22A10	0.011779166	0.0028399122	-2.0145886	23.53672	1
17180	PLAAT4	0.036655206	0.006135375	-2.5594006	44.55244	1
17182	PLAAT3	0.0036143367	0.01805175	2.2889318	27.58826	1
17187	C11orf95	0.037629977	0.016166365	-1.2138194	39.445957	1
17195	AP000721.2	0.0062591853	0.0018857849	-1.6791326	10.556235	1
17197	FLRT1	0.0057191574	0.0010872623	-2.2931716	14.703434	1
17200	FERMT3	0.0027682253	0.006335449	1.1658825	5.6434593	1
17209	PPP1R14B-AS1	0.0029451647	0.007488962	1.3173822	7.8607316	1
17226	NRXN2	0.032048747	0.005026476	-2.6487234	44.55244	1
17228	RASGRP2	0.009360836	0.028375294	1.5896711	30.080074	1
17257	AP003068.2	0.002879027	0.006589702	1.1671007	5.9433885	1
17262	CDC42EP2	0.01434139	0.037975274	1.3986449	38.30608	1
17265	AP000944.1	0.00022889324	0.002380765	2.915094	5.664349	1
17266	SLC25A45	0.002876731	0.012169058	2.0432239	18.093132	1
17267	FRMD8	0.028756246	0.10201037	1.8231739	44.55244	1
17299	FOSL1	0.00361932	0.008426354	1.1968901	7.2334223	1
17308	GAL3ST3	0.0066819903	0.0015788955	-2.0141962	15.696204	1
17341	CTSF	0.07860732	0.008291655	-3.2294705	44.55244	1
17347	SPTBN2	0.0073434073	0.0020307251	-1.8046186	15.41582	1
17359	SSH3	0.0034241553	0.0122639425	1.8107893	17.544834	1
17386	UNC93B1	0.0042979876	0.011011283	1.3371099	10.89216	1
17387	ALDH3B1	0.00069245446	0.003102458	2.0147798	5.215763	1
17396	AP002813.1	0.0064725084	0.0024474254	-1.3674041	8.848017	1
17400	GAL	0.07167113	0.012589774	-2.4997373	44.55244	1
17403	LINC02701	0.002320159	7.773679e-05	-3.7672877	12.933485	1
17423	AP003555.2	0.011658826	0.002688772	-2.076042	25.67641	1
17425	LINC02753	0.0019480657	0.00022120014	-2.6727176	7.472522	1
17427	ANO1	0.03819539	0.015682723	-1.2788247	38.282154	1
17438	SHANK2	0.0035392675	0.016000781	2.1454108	18.84369	1
17477	PDE2A	0.0009865208	0.0049337666	2.2119226	9.009104	1
17511	P4HA3	0.008124645	0.03257319	1.9900821	44.55244	1
17515	KCNE3	0.00072738633	0.0067670527	3.053058	16.5337	1
17518	AP001372.2	0.021420697	0.008641287	-1.2998072	26.286688	1
17530	TPBGL	0.0006790102	0.0040783384	2.4232152	9.194276	1
17531	ARRB1	0.057893723	0.11805592	1.0267231	44.55244	1
17547	WNT11	0.012160999	0.09244439	2.916069	44.55244	1
17566	CAPN5	0.01737135	0.051427886	1.5603623	44.55244	1
17595	AP003110.1	0.001199492	0.00010472896	-2.6661606	5.4733863	1
17596	TENM4	0.61502296	0.21274598	-1.531065	44.55244	1
17605	FAM181B	0.0055703246	0.0026964992	-1.0198094	5.061484	1
17621	DLG2	0.38638872	0.12434743	-1.6348897	44.55244	1
17623	AP001825.1	0.0046312017	0.0015325021	-1.5351218	8.225011	1
17629	SYTL2	0.08740766	0.01751784	-2.3123722	44.55244	1
17643	AP001528.1	0.08601728	0.014653332	-2.545262	44.55244	1
17644	FZD4	0.037101354	0.012170652	-1.6001433	44.55244	1
17655	GRM5	0.043440796	0.003911601	-3.4401178	44.55244	1
17657	NOX4	0.22233729	0.030154562	-2.878174	44.55244	1
17659	NAALAD2	0.06096685	0.0260983	-1.2209163	44.55244	1
17695	ENDOD1	0.12022732	0.28265378	1.232582	44.55244	1
17712	CNTN5	0.17072995	0.07094468	-1.2657623	44.55244	1
17716	PGR-AS1	0.0012862469	7.4549454e-05	-2.9894764	6.08634	1
17717	TRPC6	0.06439098	0.003856823	-4.026683	44.55244	1
17734	MMP10	0.0072079804	0.0029305196	-1.2699075	8.079099	1
17735	MMP1	0.012923739	0.03062606	1.2383192	19.19061	1
17743	PDGFD	0.3282863	0.058145646	-2.4951718	44.55244	1
17747	CASP4	0.020779554	0.10529473	2.33564	44.55244	1
17749	CASP1	0.009286492	0.021846537	1.2253352	19.408709	1
17752	GRIA4	0.35632214	0.1491203	-1.2561431	44.55244	1
17765	ELMOD1	0.014851336	0.0043943506	-1.7340899	25.442654	1
17766	SLN	0.001963462	0.03922779	4.2524104	44.55244	1
17778	EXPH5	0.011167674	0.002619244	-2.0509121	22.852142	1
17801	LAYN	0.04992385	0.13903664	1.4758145	44.55244	1
17809	CRYAB	0.0055866265	0.06617476	3.5428147	44.55244	1
17822	BCO2	0.063398756	0.019859266	-1.6696696	44.55244	1
17829	AP003100.2	0.0010013969	4.8457878e-09	-3.4611926	6.7170577	1
17848	ZBTB16	0.015406654	0.00042455085	-4.885661	44.55244	1
17850	NNMT	0.08687807	0.026793284	-1.6934057	44.55244	1
17858	CADM1	0.33391935	0.14498094	-1.2030736	44.55244	1
17861	AP000462.1	0.017077263	0.0054888027	-1.6198891	25.187479	1
17864	LINC02698	0.017018612	0.002131276	-2.9396248	44.55244	1
17875	APOC3	-1.36424205e-08	0.011275088	6.829931	23.34197	1
17876	APOA1	0.000961392	0.04262508	5.3310537	44.55244	1
17890	DSCAML1	0.02888534	0.0048920154	-2.5376291	44.55244	1
17891	AP001554.1	0.0015718222	4.8457878e-09	-4.0632796	10.101123	1
17900	SCN4B	0.006958932	0.00094505545	-2.7558703	26.921446	1
17901	SCN2B	0.006797397	0.0011503893	-2.4636745	22.18423	1
17903	MPZL3	0.005515329	0.0019205784	-1.4746022	9.476434	1
17904	MPZL2	0.0068995594	0.00043017202	-3.7227316	30.088419	1
17921	TREH	0.0013381277	0.004459534	1.6646945	5.317534	1
17925	AP004609.3	0.006770869	0.002994299	-1.1508799	7.580523	1
17948	NLRX1	0.0026704855	0.008662728	1.661241	10.578423	1
17952	MCAM	0.23474915	0.08881472	-1.4012401	44.55244	1
17960	AP003396.5	0.0060624685	0.002463771	-1.2652409	8.2947645	1
17970	OAF	0.101661034	0.050305683	-1.0135269	44.55244	1
17974	GRIK4	0.02382599	0.006475106	-1.8634926	44.55244	1
17981	AP001977.1	0.006341982	0.0015101563	-2.000304	14.855526	1
17983	MIR100HG	0.533576	0.24790679	-1.1055845	44.55244	1
17987	UBASH3B	0.09058187	0.040683724	-1.1528207	44.55244	1
18001	OR8D4	0.00038465924	0.0077539384	4.0183735	15.850324	1
18040	FEZ1	0.04684065	0.121809795	1.3769044	44.55244	1
18051	DDX25	0.006160923	0.0011765815	-2.2940896	18.508255	1
18054	CDON	0.052581962	0.023383593	-1.165656	44.55244	1
18067	ST3GAL4	0.026228942	0.056312937	1.0993766	38.995247	1
18068	KIRREL3	0.03322628	0.0033725176	-3.2626064	44.55244	1
18082	SENCR	0.0063539497	0.001588703	-1.9342667	15.485756	1
18100	ADAMTS8	0.006723993	0.0005461844	-3.4005983	28.34903	1
18116	OPCML	0.42671278	0.038640756	-3.4616792	44.55244	1
18137	LINC02717	0.0010024145	8.3704166e-05	-2.5852106	5.047694	1
18143	SLC6A12	0.001973242	0.006683507	1.7101427	7.993329	1
18152	NINJ2	0.001238378	0.008711666	2.718929	17.302883	1
18163	WNT5B	0.03783833	0.0076314057	-2.2948534	44.55244	1
18171	CACNA1C	0.9500989	0.47255233	-1.0074502	44.55244	1
18178	AC005414.1	0.0019475113	0.00043064967	-1.9480399	5.0907583	1
18187	NRIP2	0.01190698	0.0058243573	-1.0191427	9.907439	1
18209	FGF23	0.0006581582	0.025036646	5.0511494	39.671288	1
18221	AC005906.2	0.011083464	0.00081617024	-3.6096075	42.11153	1
18222	KCNA1	0.0059094387	0.00048768707	-3.3541102	26.390594	1
18230	NTF3	0.014521234	0.0013194543	-3.364657	44.55244	1
18234	CD9	0.03360416	0.12814091	1.927858	44.55244	1
18238	LTBR	0.04511628	0.09150472	1.0185797	44.55244	1
18250	AC006064.4	0.0047248504	0.01294243	1.4346566	12.487472	1
18268	CD4	0.009451163	0.03717419	1.9644288	44.55244	1
18274	TPI1	0.5570939	1.2831323	1.203531	44.55244	1
18278	ENO2	0.010335522	0.09328148	3.1616337	44.55244	1
18290	C1RL-AS1	0.04150777	0.019699266	-1.0714061	32.36477	1
18296	PEX5	0.021443991	0.01034534	-1.0444261	17.935448	1
18299	CD163	0.0007775567	4.8457878e-09	-3.1334224	5.2805223	1
18308	SLC2A3	0.081361994	0.208898	1.35929	44.55244	1
18316	FAM66C	0.022824425	0.0070364927	-1.6835984	38.25572	1
18343	A2M	0.77916425	0.15312332	-2.3464768	44.55244	1
18351	AC010186.3	0.004953573	0.002048372	-1.2340598	6.181217	1
18355	CD69	0.008822684	0.0011965472	-2.782803	29.936152	1
18368	CLEC1A	0.011660981	0.0006633364	-3.9455454	44.55244	1
18369	CLEC7A	0.008132931	0.001173669	-2.6924157	27.276178	1
18377	AC022075.1	0.023459341	0.09461862	2.0073488	44.55244	1
18387	YBX3	0.31120127	0.6723197	1.1110506	44.55244	1
18407	AC244131.2	0.025374161	0.059467163	1.2254827	40.203297	1
18432	GPRC5A	0.006141578	0.013950139	1.1706017	9.5460825	1
18435	HEBP1	0.050489392	0.1045533	1.0487108	44.55244	1
18439	EMP1	0.06254682	0.17806081	1.5078669	44.55244	1
18453	AC010168.2	0.0043116687	0.0013863619	-1.5695391	7.131679	1
18458	SMCO3	0.009902634	0.0024376353	-1.9788231	24.278748	1
18461	MGP	2.356905	0.37129152	-2.665942	44.55244	1
18462	ERP27	0.0075062173	0.0014324201	-2.3113673	20.83525	1
18466	RERG	0.4419466	0.15865831	-1.4773663	44.55244	1
18469	PTPRO	0.020281628	0.0028561563	-2.7854748	44.55244	1
18476	LMO3	0.013378679	0.0008224016	-3.8691401	44.55244	1
18479	AC092110.1	0.0027750079	9.895728e-05	-3.8530354	15.343547	1
18482	RERGL	0.012249047	0.0017247612	-2.7586203	39.53287	1
18483	PIK3C2G	0.0036921536	0.0012242815	-1.5178076	6.5833726	1
18490	AC024901.1	0.05049936	0.023212677	-1.1180046	37.13675	1
18491	LINC02398	0.031169297	0.013479014	-1.2033681	26.384935	1
18505	SPX	0.00066633243	0.003138487	2.0792778	5.7070284	1
18528	BCAT1	0.24548624	0.5645857	1.2012184	44.55244	1
18576	PTHLH	0.00657024	0.054083094	3.0220323	44.55244	1
18599	AC010198.1	0.0021991257	0.0002510501	-2.7113366	8.794037	1
18601	TSPAN11	0.021565761	0.00683312	-1.6438403	35.05421	1
18624	FGD4	0.06322729	0.025626402	-1.2995776	44.55244	1
18631	PKP2	0.02027428	0.040982153	1.0117629	22.058798	1
18633	SYT10	0.021902205	0.002382691	-3.1476715	44.55244	1
18640	ALG10B	0.009881429	0.002636064	-1.8671443	22.186766	1
18645	KIF21A	0.08800298	0.21951252	1.3176976	44.55244	1
18646	ABCD2	0.00952264	0.004040094	-1.2167692	9.843778	1
18649	SLC2A13	0.20463768	0.4886908	1.2554404	44.55244	1
18652	LRRK2	0.008913352	0.0015393844	-2.4589097	22.214554	1
18654	CNTN1	0.05811306	0.0029001096	-4.278256	44.55244	1
18674	ADAMTS20	0.0016060852	0.009752066	2.5297365	13.616264	1
18681	DBX2	0.0046496848	0.000651368	-2.6602402	17.532291	1
18682	AC008127.1	0.0055326005	0.00044721697	-3.3636162	23.119413	1
18733	CCDC184	0.009910267	0.029021066	1.5405828	34.568043	1
18753	RND1	0.0058210953	0.0025074505	-1.1832241	6.7421265	1
18755	FKBP11	0.025491042	0.10620167	2.0544534	44.55244	1
18771	TUBA1C	0.11645229	0.29111445	1.3211045	44.55244	1
18778	DNAJC22	0.0053349654	0.012310544	1.1912236	10.241251	1
18792	FAIM2	0.00089047366	0.003967167	2.0378337	6.5317945	1
18799	ASIC1	0.0048950585	0.019648507	1.9831702	28.977404	1
18824	SMAGP	0.011570679	0.040539376	1.7999898	44.55244	1
18827	GALNT6	0.003995917	0.0115665775	1.5101231	12.337521	1
18828	SLC4A8	0.03024931	0.013343333	-1.1747729	28.316982	1
18830	SCN8A	0.042697508	0.019789487	-1.1055208	33.338005	1
18841	NR4A1	0.04941337	0.1527301	1.6260387	44.55244	1
18853	KRT81	0.0034488577	0.00022900512	-3.4311728	17.52883	1
18876	IGFBP6	0.084500134	0.025206612	-1.7411456	44.55244	1
18878	CSAD	0.15479597	0.07548247	-1.035176	44.55244	1
18886	AC073611.1	0.0032123136	0.019470343	2.562758	39.309956	1
18891	AMHR2	0.0018550645	0.015729818	3.0173566	34.657196	1
18896	AC023509.3	0.0037926086	0.0004120525	-2.9263737	15.633	1
18912	HOXC10	0.011030445	0.0016612555	-2.659835	37.262783	1
18913	HOXC6	0.045796867	0.004147974	-3.4335492	44.55244	1
18914	HOXC-AS2	0.0029637709	0.00013804564	-3.6859984	16.504766	1
18915	HOXC9	0.13935958	0.018070769	-2.9401557	44.55244	1
18916	HOXC-AS1	0.0046582604	5.2893367e-05	-4.9598365	28.51885	1
18917	HOXC8	0.04062343	0.003692918	-3.424479	44.55244	1
18918	HOXC4	0.034879	0.002183378	-3.9372475	44.55244	1
18919	AC012531.1	0.0019222213	4.8457878e-09	-4.337799	10.020222	1
18920	HOXC5	0.0048351088	0.00028488695	-3.6805751	25.867567	1
18921	AC023794.1	0.002673603	0.0004559597	-2.3187091	7.8677564	1
18922	AC023794.3	0.0014148201	8.3305895e-05	-3.0468214	7.11067	1
18925	LINC02381	0.023899226	0.007079839	-1.7409645	44.075317	1
18943	PDE1B	0.061483927	0.01778275	-1.7839854	44.55244	1
18944	PPP1R1A	0.0036857075	0.009297323	1.3116869	7.615109	1
18966	PMEL	0.017519478	0.0042015193	-2.034253	39.623302	1
18975	ERBB3	0.000992104	0.0049221856	2.2012053	7.7486353	1
19018	TAC3	0.008878868	0.0034348178	-1.3448976	11.1272745	1
19026	AC137834.2	0.00063205627	0.004205694	2.5562193	6.8888106	1
19027	SHMT2	0.07429798	0.18862155	1.3429238	44.55244	1
19028	NDUFA4L2	0.017849164	0.14208576	2.9857883	44.55244	1
19033	INHBE	2.7296039e-05	0.0023947114	4.2926135	7.135618	1
19041	KIF5A	0.010858487	0.0042555663	-1.3311166	13.2694235	1
19047	B4GALNT1	0.0023168651	0.007036416	1.5620627	9.495288	1
19050	AGAP2	0.025851501	0.004549756	-2.480591	44.55244	1
19051	AGAP2-AS1	0.0027736705	0.02598273	3.1821284	44.55244	1
19065	AC083805.3	0.0018090213	0.00033220474	-2.1430464	6.1023154	1
19070	LRIG3	0.15736859	0.04164433	-1.9154118	44.55244	1
19086	PPM1H	0.009525698	0.02198163	1.1978836	15.133712	1
19087	AVPR1A	0.007070222	0.00011783775	-5.040692	39.378895	1
19089	DPY19L2	0.029704217	0.014233256	-1.0561502	23.678703	1
19090	AC084357.2	0.001747125	0.01519687	3.0498831	30.60968	1
19115	WIF1	0.0074584754	0.00025382056	-4.4170055	35.541866	1
19122	LINC02454	0.002090684	0.008592517	1.9883926	13.5519285	1
19132	IRAK3	0.014807906	0.043022245	1.5323547	40.046925	1
19134	GRIP1	0.25083515	0.052996937	-2.240614	44.55244	1
19138	LINC02408	0.0032154436	0.00059951143	-2.2447824	8.080447	1
19146	LINC02384	0.027057746	0.003685618	-2.842763	44.55244	1
19155	CPM	0.0449359	0.0034165604	-3.6788385	44.55244	1
19164	LRRC10	-1.36424205e-08	0.0033030342	5.088947	9.066826	1
19210	GLIPR1L2	0.00785965	0.002997956	-1.3613883	10.495404	1
19222	LNCOG	0.0014709701	0.004538745	1.5620788	5.587272	1
19223	BBS10	0.013939865	0.006160104	-1.1652704	13.806357	1
19230	E2F7	0.015502974	0.074673295	2.2607021	44.55244	1
19241	SYT1	0.3332336	0.8642456	1.3746417	44.55244	1
19242	AC090709.1	0.0028332993	0.009879299	1.7664142	10.848523	1
19265	AC089998.4	0.0012171592	6.399796e-05	-3.0056798	6.873809	1
19266	AC089998.1	0.0009098866	4.8457878e-09	-3.3360515	6.392449	1
19268	TMTC2	0.5783168	0.12809479	-2.1737719	44.55244	1
19277	RASSF9	0.03525447	0.014356619	-1.2901626	36.725292	1
19278	NTS	0.00016050582	0.1373379	9.043248	44.55244	1
19279	MGAT4C	0.022013769	0.048473638	1.1352286	24.702969	1
19285	KITLG	0.037000313	0.11331964	1.6121671	44.55244	1
19299	ATP2B1-AS1	0.03449026	0.016461803	-1.0625063	28.379555	1
19310	LUM	0.13354823	0.3845652	1.5251626	44.55244	1
19311	DCN	0.5435379	0.19279246	-1.4948493	44.55244	1
19354	NTN4	0.03936731	0.013172913	-1.5721732	39.771984	1
19375	AC016152.1	0.00078741816	0.011671691	3.7295637	22.136597	1
19381	IKBIP	0.22349976	0.5500685	1.2989548	44.55244	1
19383	ANKS1B	0.048159618	0.016514298	-1.5383912	44.55244	1
19392	NR1H4	0.00034118758	0.009273743	4.409161	21.403065	1
19417	IGF1	0.08103554	0.014090392	-2.5154195	44.55244	1
19429	NT5DC3	0.016117781	0.034455836	1.091353	20.283617	1
19447	ALDH1L2	0.02049618	0.112588055	2.451886	44.55244	1
19458	CKAP4	0.30915192	0.7379632	1.2549618	44.55244	1
19480	WSCD2	0.012233339	0.0017568342	-2.7316465	40.944126	1
19481	CMKLR1	0.012776146	0.028205404	1.1363767	20.866646	1
19487	TMEM119	0.018468551	0.0071649686	-1.3538328	24.068045	1
19508	FAM222A	0.0047556567	0.010446745	1.1190596	6.7419486	1
19533	MYL2	5.9941878e-05	0.084714726	9.050623	44.55244	1
19534	LINC01405	-1.36424205e-08	0.0058281245	5.889701	12.347481	1
19535	CUX2	0.033134863	0.004118861	-2.977772	44.55244	1
19561	DTX1	0.024923615	0.0081338	-1.60366	41.439835	1
19579	TBX5	0.024284255	0.06459559	1.4077175	44.55244	1
19581	TBX3	0.47980615	0.14225225	-1.753287	44.55244	1
19582	AC026765.3	0.021018915	0.0059601376	-1.8011134	35.807045	1
19584	AC008125.1	0.0022353134	0.00017646424	-3.0784514	10.398377	1
19597	LINC00173	0.005649004	0.0006588563	-2.9214134	21.182917	1
19610	TESC	0.043336947	0.010464906	-2.0396428	44.55244	1
19631	HSPB8	0.017370766	0.06814918	1.965869	44.55244	1
19637	TMEM233	0.0024208094	0.0006870836	-1.6792983	5.2524295	1
19652	MSI1	0.008054702	0.0029043406	-1.4405836	12.73635	1
19692	RHOF	0.00564931	0.01446786	1.3413283	13.984433	1
19724	HIP1R	0.017458629	0.00576395	-1.5822356	27.654913	1
19737	SBNO1-AS1	0.012224599	0.005456208	-1.1493683	12.823984	1
19763	RFLNA	0.056305703	0.027421724	-1.0352702	38.91457	1
19776	TMEM132B	0.003166393	0.01929713	2.570073	27.713242	1
19802	FZD10-AS1	0.0072781504	6.1120365e-05	-5.5170484	40.667133	1
19803	FZD10	0.0050709127	4.8457878e-09	-5.692277	29.342127	1
19805	RIMBP2	0.007860821	0.0024640004	-1.6345206	13.209157	1
19871	GJA3	0.0020704311	0.0112711275	2.3893218	17.458109	1
19877	AL161772.1	0.0026134679	0.016422236	2.6061993	32.13294	1
19878	IL17D	0.011027922	0.039150644	1.8185322	44.55244	1
19896	SGCG	0.019344214	0.008422709	-1.189957	16.949802	1
19901	TNFRSF19	0.051920705	0.16396308	1.6570927	44.55244	1
19909	C1QTNF9	0.0036913317	0.0007957257	-2.0815759	10.195617	1
19927	ATP8A2	0.45499483	0.07495039	-2.6002357	44.55244	1
19936	GPR12	0.0010113108	4.8457878e-09	-3.4741206	6.613438	1
19944	RASL11A	0.020326538	0.0054453346	-1.8810984	43.34832	1
19958	FLT1	0.16133346	0.36393946	1.1731551	44.55244	1
19964	SLC7A1	0.04265677	0.12955344	1.6004356	44.55244	1
19980	ALOX5AP	0.0017062906	0.00020452071	-2.5684178	7.8974566	1
19983	MEDAG	0.0074170385	0.0030799056	-1.2411803	8.469218	1
19987	RXFP2	0.052633855	0.00015674994	-7.682222	44.55244	1
19993	N4BP2L1	0.023189971	0.008898561	-1.3719426	28.560974	1
20016	DCLK1	0.14344771	0.060374547	-1.2471303	44.55244	1
20017	SOHLH2	0.0008741109	0.0041509005	2.1256106	5.9455523	1
20022	SERTM1	0.0029848795	0.00030201033	-2.9399097	12.588404	1
20032	POSTN	1.3041773	0.32418045	-2.0079367	44.55244	1
20038	LINC00366	0.0007559464	4.8457878e-09	-3.0974505	5.2749257	1
20044	AL354809.1	0.0065212687	0.0031632637	-1.0207921	5.486368	1
20045	LHFPL6	1.1725131	0.49877384	-1.2329803	44.55244	1
20061	RGCC	0.026577974	0.0058255647	-2.1706245	44.55244	1
20070	LINC01050	0.0008844034	0.0042695124	2.1501505	7.672774	1
20073	DNAJC15	0.06454591	0.18780904	1.5394034	44.55244	1
20080	CCDC122	0.015414828	0.034457542	1.155353	24.541313	1
20082	LACC1	0.01198572	0.025982497	1.1097785	18.413666	1
20085	SMIM2-AS1	0.0011591042	0.0049193194	1.9950941	6.8249264	1
20093	TSC22D1-AS1	0.0026109954	0.0005457717	-2.0697267	7.395491	1
20106	SLC25A30	0.0094666295	0.00342197	-1.4416281	14.022915	1
20112	SIAH3	0.0050948826	0.0002657996	-3.8279657	24.799942	1
20119	RUBCNL	0.0024424535	0.00041621795	-2.3001692	9.662734	1
20125	HTR2A	0.0030934776	0.007226755	1.198046	6.311036	1
20140	RCBTB2	0.106484644	0.052253783	-1.0256339	44.55244	1
20161	DLEU1	0.06688748	0.15377112	1.199759	44.55244	1
20168	FAM124A	0.0013111786	0.008016721	2.5239966	14.410041	1
20192	OLFM4	0.0008596708	4.8457878e-09	-3.2624698	6.153364	1
20194	AL356295.1	0.0007530535	0.004771084	2.5135345	8.096737	1
20197	AL442636.1	3.2723365e-05	0.0031461215	4.6122227	8.155324	1
20202	PCDH17	0.07600659	0.26100707	1.7785481	44.55244	1
20211	PCDH20	0.00669951	0.01354882	1.0052737	7.582299	1
20219	PCDH9	0.56269777	0.18190394	-1.6286469	44.55244	1
20220	PCDH9-AS1	0.0010835103	9.1266826e-05	-2.6294136	5.5254097	1
20221	PCDH9-AS2	0.011068085	0.003597517	-1.594753	15.341016	1
20222	PCDH9-AS3	0.0013334013	0.00015134629	-2.5116942	5.355222	1
20229	KLHL1	0.004496129	0.0015365565	-1.4897559	6.865002	1
20232	DACH1	0.039939266	0.121183254	1.5988929	44.55244	1
20237	KLF5	0.006917593	0.033438243	2.2567592	44.55244	1
20248	LMO7-AS1	0.012273342	0.002576669	-2.2087245	29.034025	1
20254	AL161717.1	0.0018382026	4.8457878e-09	-4.2765775	10.466858	1
20256	KCTD12	0.21653804	0.058751766	-1.880129	44.55244	1
20267	SLAIN1	0.0060835076	0.0022473498	-1.3973925	8.550807	1
20269	EDNRB	0.010448857	0.080565244	2.9348605	44.55244	1
20286	AL590807.1	0.0126097165	0.0047177933	-1.3994875	15.25098	1
20287	LINC00377	0.009241654	0.002248407	-1.9919953	20.730146	1
20298	SLITRK6	0.0059495727	0.06364605	3.397431	44.55244	1
20303	MIR4500HG	0.0042457543	0.0012093572	-1.7307479	7.4778733	1
20304	SLITRK5	0.008610815	0.0031760868	-1.4108341	11.636225	1
20314	MIR17HG	0.020573266	0.009576123	-1.0952653	18.512255	1
20315	GPC5	0.27004555	0.05569227	-2.2755997	44.55244	1
20317	GPC5-AS2	0.0032384337	0.0005458559	-2.369887	9.468028	1
20319	AL356737.2	0.0029000174	0.00039627682	-2.595754	10.750776	1
20326	GPC6-AS2	0.004704452	0.0010563509	-2.0547926	11.29492	1
20327	GPC6-AS1	0.0106132105	0.0023879649	-2.1063528	22.95417	1
20331	SOX21-AS1	0.0015325877	0.00012931204	-2.8317764	7.8524466	1
20334	ABCC4	0.030153291	0.13052027	2.110215	44.55244	1
20368	GPR183	0.006563884	0.0748768	3.4920092	44.55244	1
20393	FGF14	0.058707707	0.021900564	-1.4184647	44.55244	1
20435	MYO16	0.005367238	0.0022610524	-1.2113822	5.175393	1
20438	AL163541.1	0.0051781246	0.0016713687	-1.5751609	7.478543	1
20441	AL162497.1	0.002987783	0.0006041371	-2.1326432	9.28789	1
20449	RAB20	0.0087306695	0.019460665	1.1473607	13.602446	1
20482	F10	0.008584755	0.036633395	2.0805354	44.55244	1
20490	GRTP1	0.016914684	0.00330065	-2.322898	44.55244	1
20493	ADPRHL1	0.009645526	0.021888014	1.1739054	14.221206	1
20537	PNP	0.011933489	0.031827692	1.4077533	31.001541	1
20542	ANG	0.008088633	0.02180601	1.4196321	23.617882	1
20543	RNASE4	0.018967936	0.04796556	1.333855	44.55244	1
20549	RNASE1	0.0042090593	0.044221576	3.3625643	44.55244	1
20559	NDRG2	0.07399818	0.030589052	-1.2717142	44.55244	1
20627	CMTM5	0.0009786547	0.005503238	2.3770278	10.731157	1
20628	MYH6	-1.36424205e-08	0.16111904	10.655004	44.55244	1
20629	MYH7	8.055196e-05	0.20849624	10.174084	44.55244	1
20650	NRL	0.0032568937	0.0073078	1.1419182	5.153154	1
20651	PCK2	0.007872913	0.073763475	3.2116823	44.55244	1
20653	FITM1	0.00035475654	0.010507236	4.5438104	23.273624	1
20674	AL096870.8	0.016211672	0.032526083	1.0001212	20.076485	1
20685	CBLN3	0.005577632	0.0024882685	-1.133302	5.820859	1
20692	STXBP6	0.017059747	0.04867443	1.5070968	43.85347	1
20704	LINC00645	0.0049687983	0.0005504382	-2.9621599	17.297306	1
20707	FOXG1-AS1	0.001004266	4.8457878e-09	-3.4649458	5.9569364	1
20708	FOXG1	0.004414806	5.5833538e-05	-4.8565865	25.115305	1
20709	LINC01551	0.0049379393	7.98317e-05	-4.8081145	24.453815	1
20740	AL352984.1	0.0012176855	7.927957e-05	-2.877723	5.389066	1
20741	ARHGAP5-AS1	0.020344255	0.0060845413	-1.7249571	39.517673	1
20747	NPAS3	0.2822627	0.069935866	-2.0113838	44.55244	1
20793	CLEC14A	0.002769136	0.00057173765	-2.0946467	7.382065	1
20808	AL390800.1	0.0045798607	0.0013776807	-1.663131	7.849139	1
20810	AL121821.2	0.06324039	0.023930896	-1.3982353	44.55244	1
20811	LRFN5	0.91739297	0.29105672	-1.6559012	44.55244	1
20813	AL442163.1	0.012683419	0.0021625054	-2.4982805	30.98193	1
20835	LINC00871	0.007551464	0.0003731615	-4.0153313	31.731033	1
20837	LINC00648	0.0023869197	0.011646006	2.2397385	17.005146	1
20853	AL627171.2	0.018498512	0.037553005	1.0175778	23.34558	1
20886	FRMD6-AS2	0.0015194674	0.00020504103	-2.4084442	5.4959354	1
20892	GNG2	0.18982348	0.5675169	1.5794994	44.55244	1
20899	PTGDR	0.01786563	0.006362285	-1.4751232	21.725872	1
20900	PTGER2	0.005865392	0.0018824976	-1.5892978	9.195238	1
20901	TXNDC16	0.054272175	0.025376445	-1.0937046	44.55244	1
20903	ERO1A	0.06390995	0.17059946	1.4150904	44.55244	1
20904	AL133453.1	0.010663514	0.03066602	1.5151886	32.05656	1
20920	BMP4	0.031238837	0.0143727325	-1.1146144	28.609478	1
20928	GCH1	0.0027584946	0.006763445	1.2636774	5.9932485	1
20943	LINC00520	0.00041436276	0.01000865	4.2966604	25.818634	1
20946	PELI2	0.12649988	0.296514	1.2283107	44.55244	1
20949	LINC02284	0.0067529147	0.021036383	1.6249388	20.812277	1
20954	OTX2	2.6493544e-05	0.0018401777	3.939053	5.340076	1
20979	DACT1	0.110831715	0.053899962	-1.0386416	44.55244	1
20986	RTN1	0.026624216	0.011429737	-1.212788	24.3647	1
20988	LRRC9	0.00452697	0.0013324094	-1.6916238	8.689592	1
20997	SIX1	0.0044295145	0.000100732104	-4.496013	23.568672	1
20998	SIX4	0.017687485	0.0038611873	-2.1668577	41.577007	1
21010	HIF1A-AS3	0.00939085	0.12939367	3.7702005	44.55244	1
21066	PLEK2	0.0015875024	0.0070767114	2.0884335	11.420827	1
21070	ARG2	0.013164536	0.07237652	2.4499395	44.55244	1
21091	GALNT16	0.0050422205	0.0018212104	-1.420376	7.141005	1
21102	SLC8A3	0.0038415717	0.027372159	2.8011274	41.514614	1
21103	AL160191.1	0.00013468333	0.002304165	3.3567486	5.90151	1
21112	TTC9	0.017433517	0.0055041024	-1.6455601	28.555254	1
21121	AC004817.5	0.0010800229	4.8457878e-09	-3.560673	6.193505	1
21128	RGS6	0.06870933	0.014753535	-2.211798	44.55244	1
21142	AC005280.2	0.00034676812	0.006998347	3.9898849	17.187433	1
21178	LTBP2	0.07390392	0.017780453	-2.0492184	44.55244	1
21197	AL691403.1	0.007230494	0.018274015	1.3256845	15.381248	1
21202	JDP2	0.043236695	0.12244107	1.4996042	44.55244	1
21233	TMEM63C	0.0042267907	0.011745327	1.4529488	10.813797	1
21257	AC008056.1	0.012185992	0.004879242	-1.3030163	11.50473	1
21259	DIO2	0.0058821663	0.012277916	1.0490285	5.795667	1
21263	AC007262.2	0.013198397	0.006253692	-1.0655854	10.452043	1
21273	LINC02301	0.014785375	0.0021660908	-2.715618	44.55244	1
21277	AL049775.2	0.0006742325	0.0043186313	2.5127606	8.903864	1
21287	LINC02296	0.009008463	0.04457091	2.2940562	44.55244	1
21289	LINC02330	-1.36424205e-08	0.0022253064	4.539546	5.8699856	1
21293	GPR65	0.0006196142	0.0044299187	2.6541896	10.77662	1
21335	GPR68	0.002564978	0.00025987686	-2.8885484	12.337323	1
21339	CCDC88C	0.03358694	0.0065877438	-2.3325982	44.55244	1
21342	CATSPERB	0.0036467214	0.0004718413	-2.711942	12.577278	1
21343	AL121839.2	0.0006840658	4.8457878e-09	-2.9709048	5.0239897	1
21344	TC2N	0.015722567	0.0012685356	-3.5312788	44.55244	1
21345	FBLN5	0.11807721	0.017072262	-2.7828	44.55244	1
21353	LGMN	0.081162095	0.18328007	1.1741823	44.55244	1
21363	UNC79	0.043560773	0.0130479885	-1.7314957	44.55244	1
21369	ASB2	0.002068195	0.011603189	2.4323351	18.663439	1
21376	IFI27L2	0.090520054	0.21821198	1.268489	44.55244	1
21380	SERPINA1	0.0004244494	0.07833024	7.2244625	44.55244	1
21390	GSC	0.05923317	0.00029517096	-7.230218	44.55244	1
21391	AL121612.2	0.0059283935	4.8457878e-09	-5.913632	35.198524	1
21395	DICER1-AS1	0.01023263	0.00455891	-1.1491431	10.099041	1
21396	CLMN	0.06704501	0.020663612	-1.6932228	44.55244	1
21398	SYNE3	0.0048838654	0.01188075	1.2653812	9.407977	1
21408	BDKRB2	0.0028280488	0.010001374	1.78654	13.78	1
21427	BCL11B	0.013997473	0.040896203	1.5400538	39.987465	1
21451	BEGAIN	0.0070734103	0.016010826	1.1672995	12.076289	1
21454	DLK1	0.13859338	1.6598945	3.5812075	44.55244	1
21455	MEG3	0.3971591	0.056219026	-2.8183858	44.55244	1
21456	AL117190.2	0.004880391	0.0005140597	-3.0198083	19.068468	1
21458	MEG8	0.31557322	0.09566585	-1.7208486	44.55244	1
21460	MEG9	0.0059289588	0.0016304393	-1.8007705	12.404486	1
21469	DIO3	0.0069669695	0.04138415	2.5533967	44.55244	1
21485	ANKRD9	0.017826838	0.039488897	1.1429749	29.97461	1
21497	TNFAIP2	0.028431494	0.0074283625	-1.9221474	44.55244	1
21500	AL138976.2	0.0012015501	8.335694e-05	-2.827504	6.696608	1
21518	LINC00637	0.0041511473	0.00033321854	-3.2946854	18.40239	1
21520	AL132712.2	0.0010366056	0.00011567542	-2.397798	5.099538	1
21544	PLD4	0.0027515485	0.00020539184	-3.2230122	12.948009	1
21545	AHNAK2	0.0040042964	0.01006508	1.3084147	8.638265	1
21563	TEDC1	0.0057691727	0.013478515	1.2100967	12.055163	1
21564	TMEM121	0.007928044	0.022448033	1.4898813	24.83085	1
21573	AC138649.1	0.00024778632	0.0037238265	3.458744	7.261018	1
21584	PWRN4	0.0044937134	0.001083554	-1.9565352	9.776589	1
21585	PWRN1	0.051666297	0.0121453	-2.079785	44.55244	1
21597	ATP10A	0.040495835	0.008034911	-2.3191333	44.55244	1
21604	GABRB3	0.04813812	0.01268958	-1.9152048	44.55244	1
21606	GABRA5	0.0015774075	0.00010044849	-3.0649297	8.156958	1
21607	GABRG3	0.27199382	0.07253691	-1.9053293	44.55244	1
21608	GABRG3-AS1	0.01901842	0.0057668793	-1.704298	28.2663	1
21645	MTMR10	0.052191667	0.025071343	-1.054799	38.846428	1
21662	SCG5	0.011260224	0.03261609	1.5260092	34.851837	1
21690	AC087457.1	0.0001627304	0.0075079105	4.855845	13.797178	1
21691	ACTC1	0.0007637136	0.7722499	9.804486	44.55244	1
21699	DPH6-DT	0.070771195	0.03423215	-1.0456392	44.55244	1
21700	LINC02853	0.0073003904	0.0028034607	-1.3498278	9.056811	1
21701	AC021351.1	0.0051103868	0.0011232365	-2.0906873	11.155256	1
21706	AC018563.1	0.0362122	0.010530558	-1.7722371	44.55244	1
21708	AC078909.1	0.015632784	0.0039625242	-1.9533257	31.627577	1
21709	AC078909.2	0.0024845062	0.000272471	-2.7946887	10.739013	1
21721	LINC02694	0.0056424206	0.0018640406	-1.5478342	8.137881	1
21724	AC013652.1	0.02708984	0.008832764	-1.6058892	36.502895	1
21735	GPR176	0.07945404	0.038142126	-1.0567725	44.55244	1
21743	BMF	0.050951414	0.017631816	-1.5256107	44.55244	1
21750	PLCB2	0.0069729765	0.017377617	1.305119	14.534461	1
21756	PHGR1	-1.36424205e-08	0.0050359974	5.6827693	10.9579315	1
21776	SPINT1-AS1	0.004301648	0.0016635979	-1.3195221	6.2667365	1
21777	SPINT1	0.016537244	0.007498369	-1.1306548	16.915771	1
21783	CHAC1	0.0037599588	0.04475511	3.538615	44.55244	1
21810	EHD4	0.029134506	0.06011054	1.0423439	35.447098	1
21829	CDAN1	0.042845856	0.018111948	-1.2376338	43.29717	1
21888	AC051619.5	0.007061823	0.0017614177	-1.9439249	14.328559	1
21891	GATM	0.0061405934	0.1419854	4.5089316	44.55244	1
21893	SPATA5L1	0.031592783	0.06569053	1.0537256	40.351044	1
21897	SLC30A4	0.025806122	0.012369963	-1.0548358	21.59122	1
21903	AC068722.1	0.040228393	0.01401987	-1.5140691	44.55244	1
21907	AC073941.1	0.010966357	0.0020207427	-2.3835387	26.146214	1
21939	FGF7	0.23819785	0.020640025	-3.5222764	44.55244	1
21941	ATP8B4	0.0067579322	0.0017328149	-1.9037125	13.723849	1
21947	GABPB1-AS1	0.14932899	0.072344124	-1.0445194	44.55244	1
21959	MIR4713HG	0.0023782123	0.010571695	2.1064177	15.049198	1
21960	TNFAIP8L3	0.0052508134	0.055106428	3.3670063	44.55244	1
21967	SCG3	0.0027987147	0.014060182	2.2883546	24.943478	1
21970	LYSMD2	0.012369548	0.031147968	1.3253533	29.648893	1
22002	UNC13C	0.10541907	0.034024287	-1.6286329	44.55244	1
22016	AC012378.2	0.0016295324	0.00022864487	-2.3957806	6.2857985	1
22036	CGNL1	0.045913316	0.65350014	3.828285	44.55244	1
22041	GCOM1	0.009954026	0.0036284172	-1.4311382	14.351745	1
22042	POLR2M	0.081301205	0.04059021	-1.0003684	44.55244	1
22044	ALDH1A2	0.3676277	0.032004077	-3.5178094	44.55244	1
22045	AC012653.2	0.007247644	0.00028952048	-4.2375107	36.525097	1
22051	AC018904.1	0.0011143285	0.0038282436	1.6937257	5.3570266	1
22095	C2CD4A	0.00027178804	0.0043916665	3.5946984	11.742316	1
22096	C2CD4B	0.00073414476	0.0077249147	3.2297053	17.914173	1
22112	CA12	0.004713327	0.102041356	4.4073887	44.55244	1
22117	FBXL22	0.002045982	0.0072564343	1.7773685	8.714953	1
22154	IGDCC3	0.1559638	0.07195452	-1.1149751	44.55244	1
22175	LINC01169	0.00030431754	0.009009902	4.493875	22.252508	1
22176	SMAD6	0.042070106	0.3287293	2.963046	44.55244	1
22177	AC013564.1	0.00087132386	0.012171407	3.6592045	22.472097	1
22199	CORO2B	0.11718171	0.042564567	-1.4588677	44.55244	1
22209	PAQR5	0.0012488945	0.0067948736	2.3537467	9.7670555	1
22218	LINC02204	0.008653278	0.0037522912	-1.1841066	8.020248	1
22222	AC009269.2	0.009067852	0.0022248388	-1.9794531	17.26633	1
22223	AC009269.5	0.0026622163	0.0006519355	-1.8771455	5.7106895	1
22229	THSD4	0.170279	0.052026194	-1.7086672	44.55244	1
22241	PKM	0.34144658	0.8532275	1.3210173	44.55244	1
22260	HCN4	0.0003167324	0.009266435	4.490307	22.686043	1
22273	ISLR2	0.004409226	0.00046565913	-2.994875	18.704239	1
22274	AC010931.2	0.0054568513	0.00089148356	-2.4866068	17.850702	1
22276	ISLR	0.33287668	0.054646816	-2.6045742	44.55244	1
22283	SEMA7A	0.0038701955	0.0013844867	-1.419246	6.305079	1
22302	RPP25	0.0136527205	0.07905035	2.5248787	44.55244	1
22305	C15orf39	0.013992884	0.044267874	1.6545486	44.55244	1
22333	NRG4	0.018402176	0.004357357	-2.0534346	34.06815	1
22334	TMEM266	0.0140656	0.006392986	-1.1254377	11.470375	1
22365	CRABP1	0.07300531	0.014936354	-2.2815216	44.55244	1
22368	HYKK	0.009424764	0.0033927364	-1.4473255	14.113202	1
22372	CHRNA3	0.0135616185	0.00057846424	-4.331712	44.55244	1
22373	CHRNB4	0.014474812	0.00038041017	-4.9230666	44.55244	1
22375	ADAMTS7	0.047648944	0.02007203	-1.2431127	44.55244	1
22377	CTSH	0.020411363	0.0031454507	-2.6599326	44.55244	1
22382	TMED3	0.15986726	0.32143956	1.0072197	44.55244	1
22394	FAH	0.018501	0.03829526	1.0455482	26.801216	1
22396	CTXND1	7.535589e-05	0.025516842	7.190663	44.55244	1
22398	AC016705.2	0.004756231	0.0019396361	-1.2515252	5.8508883	1
22406	CEMIP	0.013527	0.006372973	-1.0739677	9.22151	1
22412	CFAP161	0.0070088757	0.0027319887	-1.3278059	8.093138	1
22424	MEX3B	0.045539413	0.009831257	-2.200232	44.55244	1
22425	LINC01583	0.00092021475	0.0049558557	2.3090823	8.949774	1
22429	SAXO2	0.005246956	0.0021440866	-1.2525893	6.1616483	1
22442	HOMER2	0.018830137	0.06552804	1.7936276	44.55244	1
22450	AC024270.5	0.0074675702	0.0031855567	-1.2036923	8.4766	1
22451	TM6SF1	0.0030313283	0.01215729	1.9687934	16.839285	1
22453	AC103876.1	0.041410565	0.014445961	-1.5128601	44.55244	1
22454	BNC1	0.00076144317	0.0071059116	3.0643532	14.029768	1
22456	ADAMTSL3	0.07958637	0.018103924	-2.1300836	44.55244	1
22466	NMB	0.009993804	0.06452265	2.67857	44.55244	1
22472	ALPK3	0.01767035	0.0844047	2.2495594	44.55244	1
22486	AGBL1	0.05256253	0.004118058	-3.642126	44.55244	1
22493	NTRK3	0.1453418	0.008818398	-4.0275135	44.55244	1
22494	NTRK3-AS1	0.0009842477	4.8457878e-09	-3.4385526	6.352518	1
22500	ISG20	0.0036807521	0.014433217	1.942609	19.520512	1
22502	ACAN	0.069026396	0.0024169583	-4.7794833	44.55244	1
22503	HAPLN3	0.009591109	0.00426456	-1.1508255	10.121265	1
22530	SEMA4B	0.010757685	0.049753357	2.1989741	44.55244	1
22582	RGMA	0.02771518	0.0017234035	-3.931167	44.55244	1
22584	AC091078.1	0.013203673	0.00045359158	-4.5868587	44.55244	1
22585	AC110023.1	0.0152049465	0.00034894605	-5.091312	44.55244	1
22587	LINC02207	0.0008250248	4.8457878e-09	-3.209422	5.722935	1
22615	LINC02253	0.0005704281	0.03189851	5.5767784	44.55244	1
22617	LINC02254	0.00065121055	0.0063628773	3.1048872	11.354141	1
22621	LINC00923	0.0047428603	0.0018146111	-1.338808	5.8188744	1
22623	ARRDC4	0.018171467	0.040049504	1.1357898	27.372658	1
22626	AC022523.1	0.0020260678	0.00011863473	-3.281593	10.282551	1
22667	ALDH1A3	0.03309855	0.015637884	-1.0768787	24.039888	1
22671	AC090907.1	0.0006674123	0.006128542	3.0208206	13.612076	1
22676	CHSY1	0.09422946	0.43188432	2.1951985	44.55244	1
22680	PCSK6	0.0045278235	0.03878637	3.070859	44.55244	1
22703	RGS11	0.0009579807	0.008348672	2.9974113	19.189516	1
22708	TMEM8A	0.03416268	0.06899894	1.0120255	42.77429	1
22718	NHLRC4	0.010454068	0.0035474265	-1.5328484	16.78596	1
22737	HAGHL	0.010278109	0.023466123	1.1831709	19.555096	1
22751	AC009041.2	0.05096358	0.012347306	-2.036461	44.55244	1
22752	SOX8	0.015026681	0.0022246	-2.7020411	44.55244	1
22755	CACNA1H	0.01284245	0.0022426525	-2.465896	37.23039	1
22761	BAIAP3	0.005429889	0.0010133975	-2.3122818	14.542424	1
22804	NOXO1	0.0010274206	4.8457878e-09	-3.494884	7.194225	1
22872	PAQR4	0.0098752305	0.02928098	1.5584605	35.01224	1
22926	GLIS2	0.03947588	0.014509227	-1.4377416	44.55244	1
22964	RBFOX1	0.019547394	0.0037310522	-2.3585253	44.55244	1
22970	TMEM114	0.004547338	4.8457878e-09	-5.538263	27.242699	1
22973	ABAT	0.039648682	0.019421306	-1.0258576	27.51113	1
23003	TVP23A	0.01518617	0.0018191317	-2.9937015	44.55244	1
23013	SOCS1	0.029740246	0.06184934	1.0538297	40.84803	1
23051	AC130650.2	0.007612322	0.0025668538	-1.5320265	11.5538845	1
23052	AC130650.1	0.0064041843	0.0020937757	-1.5679522	9.452296	1
23071	MPV17L	0.0063269925	0.0017922194	-1.7640646	12.82828	1
23078	MYH11	0.096662104	0.036841482	-1.3892003	44.55244	1
23091	XYLT1	0.18897852	0.028364126	-2.7317688	44.55244	1
23114	SYT17	0.010763086	0.0684089	2.6568575	44.55244	1
23138	ACSM3	0.03861089	0.23847435	2.6236274	44.55244	1
23139	ACSM1	0.0024225041	0.01585514	2.6610925	24.400269	1
23162	AC092119.2	0.0019163537	0.00045220146	-1.8684821	5.3365974	1
23178	NPIPB5	0.057055082	0.026888425	-1.0825411	43.77429	1
23182	HS3ST2	0.019150844	0.0025991765	-2.8343303	44.55244	1
23204	PRKCB	0.0029058198	0.235393	6.291782	44.55244	1
23212	SLC5A11	0.0033664806	0.0009299891	-1.7508427	7.0815325	1
23244	SBK1	0.030232027	0.005805958	-2.3605988	44.55244	1
23255	SULT1A2	0.0016858596	0.007856892	2.1555865	13.510862	1
23256	SULT1A1	0.019580457	0.050465386	1.3613864	44.55244	1
23301	SEZ6L2	0.15561523	0.37119627	1.2536607	44.55244	1
23302	ASPHD1	0.017345548	0.043596756	1.3246673	39.08438	1
23312	ALDOA	0.015369482	0.049642026	1.6850405	44.55244	1
23316	YPEL3	0.1407261	0.057943195	-1.278716	44.55244	1
23362	CTF1	0.009777507	0.0040498073	-1.2511026	12.198334	1
23369	STX1B	0.010145054	0.0048980694	-1.0354848	8.837564	1
23371	AC135050.3	0.004237256	0.0015392762	-1.4037237	5.860511	1
23377	VKORC1	0.1890839	0.5060399	1.4197469	44.55244	1
23419	MYLK3	0.0023701154	0.022463068	3.1913128	41.987774	1
23456	ADCY7	0.007958041	0.025420787	1.6631719	29.085794	1
23483	TOX3	0.03034801	0.005584264	-2.4213026	44.55244	1
23487	AC007906.2	0.005301864	0.0017135002	-1.5746803	8.21482	1
23501	IRX3	0.00054242834	0.038000803	5.890142	44.55244	1
23507	CRNDE	0.022238996	0.13899532	2.6384377	44.55244	1
23508	IRX5	0.0009202073	0.012183083	3.5897384	26.163406	1
23517	SLC6A2	2.09965e-05	0.004874253	5.3614426	10.2923565	1
23518	CES1	7.3620606e-05	0.0058058375	5.0881314	16.984358	1
23522	GNAO1	0.034525655	0.11167312	1.6906599	44.55244	1
23533	MT2A	0.17204624	0.03357241	-2.3539958	44.55244	1
23534	MT1E	0.020331033	0.006451883	-1.6407806	30.706196	1
23540	MT1X	0.014810982	0.00060020405	-4.412456	44.55244	1
23559	CX3CL1	0.018599834	0.0058259782	-1.6579002	33.309586	1
23564	DOK4	0.04936803	0.10303822	1.0600107	44.55244	1
23567	ADGRG1	0.002073165	0.015556872	2.8489263	32.71672	1
23580	MMP15	0.003800561	0.02814122	2.8560488	44.55244	1
23607	AC040174.1	0.00012211729	0.0042391405	4.288016	11.066442	1
23609	AC138305.1	0.00037071083	0.016626198	5.1511245	33.87952	1
23619	LINC00922	0.010535699	0.0026516356	-1.9505535	23.432362	1
23624	BEAN1	0.002150862	0.012435855	2.477511	21.75762	1
23650	CES4A	0.004887886	0.0016935917	-1.4755769	7.566236	1
23654	TRADD	0.01910596	0.053097773	1.4698118	44.55244	1
23655	FBXL8	0.006713456	0.021463538	1.6621352	24.059776	1
23657	NOL3	0.008966163	0.120893784	3.7382972	44.55244	1
23669	TPPP3	0.029385438	0.014459323	-1.0180594	20.877647	1
23671	HSD11B2	0.05296481	0.025621809	-1.0447633	35.087017	1
23673	AC009061.2	0.013983414	0.005352008	-1.3691374	16.52918	1
23680	AC027682.4	0.010386466	0.004506198	-1.1868801	10.4584055	1
23684	CARMIL2	0.0019038118	0.006533724	1.727072	9.215689	1
23692	TSNAXIP1	0.0054420508	0.0022604405	-1.2313638	6.5259433	1
23726	CDH3	0.012601861	0.0018730132	-2.6865673	40.58677	1
23727	AC126773.4	0.008811479	0.0007543809	-3.3827136	38.301693	1
23748	NQO1	0.051690537	0.20725913	2.0013711	44.55244	1
23762	AC012184.4	0.0040431023	0.010418372	1.3441281	9.156743	1
23768	IL34	0.02015955	0.0029530057	-2.7303	44.55244	1
23813	AC116667.1	0.0021130717	0.00040277763	-2.138058	6.9306474	1
23816	AC140912.1	5.7823207e-05	0.011858932	6.243635	30.368896	1
23821	AC138627.1	0.0047758995	0.002022608	-1.1998304	5.1895175	1
23828	NPIPB15	0.000968557	0.008820313	3.0614305	17.668703	1
23833	MLKL	0.0060427724	0.03119828	2.3491216	44.55244	1
23867	CNTNAP4	0.053523913	0.009332982	-2.5070908	44.55244	1
23870	AC106729.1	0.0024982123	0.0005354005	-2.0317812	6.4973626	1
23872	SYCE1L	0.03648688	0.017391924	-1.0646374	31.884865	1
23875	ADAMTS18	0.002333844	0.0067979875	1.5029387	6.035963	1
23881	VAT1L	0.06536087	0.016840477	-1.9501582	44.55244	1
23902	LINC01229	0.0034804912	0.0009825741	-1.7256919	7.345331	1
23906	AC105411.1	0.014873235	0.0024975757	-2.5271482	34.459904	1
23907	DYNLRB2	0.004108416	0.00085538917	-2.1391168	10.73494	1
23909	CDYL2	0.029550739	0.0112890545	-1.3804201	32.126434	1
23912	ARLNC1	0.0025308284	0.0005141205	-2.0989234	7.4804173	1
23935	CDH13	0.18963438	0.6163239	1.6999416	44.55244	1
23956	WFDC1	0.0025613985	0.017113203	2.693259	34.223003	1
23965	CRISPLD2	0.12532361	0.025729612	-2.279711	44.55244	1
23966	AC025280.2	0.00081830256	4.8457878e-09	-3.1988997	6.1400948	1
23981	C16orf74	0.025398526	0.010993831	-1.2006562	23.705933	1
23996	FENDRR	0.0005855049	0.011177251	4.0401044	23.35791	1
23997	FOXF1	0.0006069341	0.012571876	4.163911	34.280502	1
24003	AC009154.1	0.0027286804	0.00024389723	-3.0400798	9.162167	1
24024	JPH3	0.02197613	0.0059023015	-1.8788996	44.55244	1
24031	SLC7A5	0.018805202	0.05550842	1.5565201	44.55244	1
24042	ZFPM1	0.055726003	0.027645001	-1.0087094	41.918972	1
24046	CYBA	0.18211235	0.4568395	1.3263823	44.55244	1
24062	CBFA2T3	0.006177253	0.0004718427	-3.456443	27.592453	1
24102	DBNDD1	0.0009877494	0.005431748	2.346389	11.119194	1
24105	FAM157C	0.0024861414	0.012846324	2.3236692	19.505653	1
24108	LINC02193	0.0016088771	0.0046715345	1.4814047	5.202892	1
24111	DOC2B	0.02022651	0.0010402689	-4.1559167	44.55244	1
24114	AC129507.4	0.0022361535	4.8457878e-09	-4.5459933	13.301726	1
24115	AC129507.1	0.0010085356	4.8457878e-09	-3.4705133	7.6050754	1
24116	AC129507.2	0.0011642446	0.00011956132	-2.5255797	5.455636	1
24146	SLC43A2	0.0065930714	0.013538819	1.0269784	8.904644	1
24151	TLCD2	0.06409023	0.020027403	-1.6731927	44.55244	1
24152	MIR22HG	0.046046015	0.09426596	1.0320605	44.55244	1
24159	RTN4RL1	0.005417254	0.0017081425	-1.609442	8.912715	1
24163	DPH1	0.014905503	0.0060830195	-1.2791083	16.574562	1
24168	HIC1	0.17862414	0.032638665	-2.448667	44.55244	1
24187	RAP1GAP2	0.010192901	0.037916332	1.8849698	44.55244	1
24194	ASPA	0.0053099236	0.001747139	-1.5503157	8.292889	1
24210	P2RX1	0.0004797958	0.024374412	5.3995857	44.55244	1
24226	SMTNL2	0.005159519	0.053538125	3.3502562	44.55244	1
24238	VMO1	0.007054059	0.0028672202	-1.2696499	8.494992	1
24250	ENO3	0.005018692	0.056851625	3.47589	44.55244	1
24266	ZNF594	0.024481919	0.00805307	-1.5921823	38.51366	1
24267	AC087500.1	0.027676016	0.011726422	-1.231826	28.023567	1
24291	AC004706.3	0.0013769303	0.00014741003	-2.5776258	6.2393146	1
24318	ELP5	0.06829916	0.1518465	1.1515129	44.55244	1
24320	SLC2A4	0.0019746441	0.00042784266	-1.974684	6.4920416	1
24321	YBX2	0.0037806537	0.00079194235	-2.1212773	9.548049	1
24335	FGF11	0.010789371	0.040908433	1.913	44.55244	1
24347	AC016876.1	0.016908245	0.0077624917	-1.1131759	16.065758	1
24349	SOX15	0.0028300968	0.00075257436	-1.7810508	6.4556055	1
24364	KCNAB3	0.006747024	0.002923836	-1.179097	8.011259	1
24383	SLC25A35	0.0058170278	0.002636267	-1.1126635	6.1280947	1
24419	AC005323.2	0.0045577637	0.0012606747	-1.7753153	9.257746	1
24445	LINC00670	0.008390844	0.0022283487	-1.8666008	12.63542	1
24456	COX10-AS1	0.08371569	0.041410625	-1.0137397	44.55244	1
24464	AC022816.1	0.0026175594	0.007893054	1.5564352	8.069369	1
24487	ADORA2B	0.02395594	0.07823715	1.7033037	44.55244	1
24497	TRPV2	0.0041112914	0.025723431	2.6163461	44.55244	1
24521	RASD1	0.0023957635	0.009600236	1.9585385	14.756578	1
24552	FOXO3B	0.020229073	0.008871638	-1.1801012	20.631952	1
24576	MFAP4	0.3048523	0.14561927	-1.0653918	44.55244	1
24580	SLC47A1	0.00095470826	0.034100797	5.019114	44.55244	1
24610	KCNJ12	0.0010192296	0.0052924166	2.268426	10.097585	1
24616	MTRNR2L1	0.0035019238	0.07588614	4.3988967	44.55244	1
24623	LGALS9	0.007829997	0.020990072	1.4111718	18.330494	1
24639	VTN	0.00058301	0.0061926213	3.2036824	13.312855	1
24648	ALDOC	0.005537933	0.049175326	3.1276274	44.55244	1
24695	CORO6	0.0025110655	0.013821781	2.414633	23.667645	1
24727	ADAP2	0.044742763	0.012204301	-1.8657126	44.55244	1
24743	AC007923.4	0.0050743655	0.0020966474	-1.2360786	5.981175	1
24774	ASIC2	0.2567528	0.014006434	-4.1865163	44.55244	1
24782	CCL7	0.016157603	0.00183687	-3.0693154	44.55244	1
24784	CCL8	0.00077515683	0.0032727218	1.9462998	5.4613347	1
24800	UNC45B	5.7502002e-05	0.019560238	6.963767	40.70871	1
24806	SLFN11	0.0061150864	0.00054382696	-3.2710295	28.105501	1
24809	SLFN12	0.03145873	0.013851097	-1.1776607	32.58889	1
24811	SLFN12L	0.0016281334	0.0003071738	-2.0854979	5.005613	1
24817	RASL10B	0.027789626	0.01323869	-1.0641116	26.111958	1
24819	MMP28	0.02383925	0.0023488388	-3.2892082	44.55244	1
24831	CCL14	0.0012256594	4.1281943e-05	-3.230061	8.0836115	1
24842	CCL3L1	0.0002573836	0.0039248182	3.4933782	7.1652684	1
24876	SRCIN1	0.0043879263	0.0010266815	-1.9939693	10.137706	1
24883	CISD3	0.03646529	0.083845526	1.1989785	44.55244	1
24885	AC006449.5	0.00096930313	6.049539e-05	-2.7360673	5.6583633	1
24894	LINC00672	0.007829132	0.03227244	2.0295315	44.55244	1
24897	PLXDC1	0.22245242	0.07924872	-1.4878664	44.55244	1
24898	AC091178.2	0.003149259	0.00095606846	-1.6214074	6.369051	1
24902	STAC2	0.0052635646	0.0020384737	-1.3266106	7.240521	1
24912	TCAP	0.0013789989	0.057551343	5.2846613	44.55244	1
24964	KRT19	0.0026458495	0.022076614	3.0137146	37.76786	1
24997	STAT5A	0.019691534	0.008380901	-1.222594	22.16659	1
25014	CCR10	0.028459353	0.0075941477	-1.8921299	44.55244	1
25015	AC100793.2	0.05350698	0.023399796	-1.1897727	44.55244	1
25017	AC100793.3	0.00439667	0.0018858031	-1.1791345	5.348243	1
25023	WNK4	0.0028125646	0.00080911437	-1.6797564	6.0391054	1
25033	PTGES3L	0.002474711	0.016180517	2.660664	29.299032	1
25043	TMEM106A	0.009972111	0.025499457	1.3457471	21.804068	1
25045	LINC00910	0.035634205	0.008512629	-2.0527802	44.55244	1
25046	ARL4D	0.022160128	0.16023421	2.8485487	44.55244	1
25050	MEOX1	0.019676255	0.0005964214	-4.827665	44.55244	1
25081	GRN	0.17033161	0.34827507	1.0314484	44.55244	1
25086	FZD2	0.1189612	0.04656857	-1.3511802	44.55244	1
25095	HIGD1B	0.025279738	0.0013329204	-4.146647	44.55244	1
25142	RPRML	0.00032368186	0.002379236	2.5488424	5.698228	1
25147	MYL4	0.008146777	0.48394707	5.875173	44.55244	1
25148	ITGB3	0.02419868	0.0704739	1.5382569	44.55244	1
25150	AC068234.2	0.00843036	0.020964222	1.3041161	16.243416	1
25163	SP6	0.0028259656	0.015261167	2.392303	26.053127	1
25187	HOXB3	0.083387524	0.039682403	-1.0694301	44.55244	1
25188	HOXB-AS3	0.014025376	0.0061109853	-1.1853952	14.304858	1
25191	AC103702.1	0.00837183	0.0016850388	-2.2467182	22.40133	1
25198	AC103702.2	0.095140174	0.021211268	-2.1599538	44.55244	1
25199	LINC02086	0.11254495	0.028586425	-1.9733425	44.55244	1
25215	ABI3	0.0032945601	0.010140344	1.5929675	13.174387	1
25225	NGFR	0.03532806	0.3545393	3.3233879	44.55244	1
25232	FAM117A	0.027483149	0.012352987	-1.1472954	24.535486	1
25253	SGCA	0.0011753789	0.013012546	3.3619502	27.161274	1
25273	CACNA1G-AS1	0.0014584045	0.0001916766	-2.417628	6.2077	1
25276	ABCC3	0.002452156	0.009115067	1.8522781	12.654273	1
25295	CA10	0.13528013	0.043341063	-1.6398847	44.55244	1
25296	LINC01982	0.005456924	0.000540733	-3.1164913	16.855434	1
25305	HLF	0.033249028	0.0081636775	-2.012789	44.55244	1
25314	NOG	0.00040933536	0.0033865366	2.775107	6.6279373	1
25391	AC011921.1	0.005348218	0.0018960837	-1.4486122	7.734551	1
25418	AC005972.3	0.0069446336	0.0015799822	-2.0680788	16.663828	1
25440	CD79B	0.00047721947	0.0024632001	2.1507542	5.246542	1
25463	AXIN2	0.009361806	0.004198534	-1.138271	8.790494	1
25482	C17orf58	0.017240832	0.039263126	1.1826718	31.665028	1
25502	ABCA8	0.0023586892	0.14271167	5.8600807	44.55244	1
25504	ABCA9	0.049938813	0.010775215	-2.2020037	44.55244	1
25505	ABCA6	0.018405037	0.0043246765	-2.064274	37.845398	1
25524	SOX9-AS1	0.003148141	0.0075210966	1.2303842	6.118166	1
25526	SOX9	0.038355064	0.14203405	1.8860067	44.55244	1
25548	TTYH2	0.032983463	0.011059492	-1.567839	44.55244	1
25554	GPRC5C	0.031751495	0.14554282	2.1930015	44.55244	1
25555	CD300A	0.0006783927	0.003594105	2.2466547	6.9330244	1
25562	RAB37	0.0005248379	0.0036335802	2.579006	8.036122	1
25576	CDR2L	0.02375082	0.048155285	1.0166482	31.042582	1
25600	LLGL2	0.018680051	0.0069723027	-1.4089491	24.438454	1
25636	SPHK1	0.016549818	0.03872467	1.2214673	32.83097	1
25649	ST6GALNAC1	2.4057335e-05	0.002305867	4.2774777	7.2598605	1
25697	CEP295NL	0.0027428006	0.0008001219	-1.6591206	5.580724	1
25699	LGALS3BP	0.115816705	0.31120384	1.4252347	44.55244	1
25702	C1QTNF1	0.022191934	0.10342075	2.2153263	44.55244	1
25704	RBFOX3	0.007242533	0.0012605144	-2.4321256	21.1095	1
25748	LINC00482	0.0015137235	8.1765575e-05	-3.1502426	8.286918	1
25750	AC027601.6	0.014537714	0.0038356495	-1.8950166	30.604343	1
25755	BAHCC1	0.06566068	0.030292543	-1.1135079	44.55244	1
25756	LINC01971	0.0017144135	0.00033947188	-2.0456605	5.6512403	1
25762	TSPAN10	0.009729151	0.0046566785	-1.0471122	8.509977	1
25775	P4HB	0.3679959	0.7776552	1.0792346	44.55244	1
25783	NPB	0.0024188436	0.017415697	2.7978148	36.097164	1
25789	PYCR1	0.07158687	0.16692527	1.2202854	44.55244	1
25797	RAC3	0.06621104	0.1751849	1.4023808	44.55244	1
25807	SLC16A3	0.01718966	0.15045303	3.1222904	44.55244	1
25814	SECTM1	0.007234731	0.0002587997	-4.3534937	35.871254	1
25820	HEXD-IT1	0.004003854	0.0014228354	-1.4302194	6.8226423	1
25836	FN3K	0.008847217	0.0043517645	-1.0070617	7.061942	1
25843	METRNL	0.034105077	0.076687224	1.1666558	44.55244	1
25851	AP001005.3	-1.36424205e-08	0.0035024814	5.171116	11.641409	1
25856	COLEC12	0.15872535	0.035248786	-2.1677086	44.55244	1
25859	CLUL1	0.016444545	0.00010515459	-6.3335004	44.55244	1
25871	AP000894.2	0.0016691481	7.0419024e-05	-3.3758965	9.142138	1
25872	ADCYAP1	0.010281933	0.0019469698	-2.3425133	29.278831	1
25874	AP000829.1	0.020567691	0.05639222	1.450675	44.075317	1
25884	EMILIN2	0.017138606	0.073708385	2.0981417	44.55244	1
25898	GAPLINC	0.0026113207	0.008315393	1.6340348	10.87185	1
25899	DLGAP1	0.74291396	0.06796403	-3.4484248	44.55244	1
25905	DLGAP1-AS4	0.008679332	0.0010927495	-2.87982	27.46929	1
25906	DLGAP1-AS5	0.005820586	0.0004452716	-3.440693	25.234837	1
25907	AP005203.1	0.003328634	0.0006202002	-2.2511642	9.0113535	1
25915	EPB41L3	0.04257178	0.15900168	1.8985949	44.55244	1
25922	L3MBTL4	0.015783194	0.032861557	1.0532835	17.76767	1
25931	LAMA1	0.006017941	0.020215048	1.7314306	23.966843	1
25934	PTPRM	0.39479303	0.856593	1.1173165	44.55244	1
26013	LDLRAD4	0.4141796	0.12741047	-1.699989	44.55244	1
26017	AP005131.5	0.0041565527	0.00063749094	-2.5289881	12.827112	1
26037	GREB1L	0.03028975	0.013345336	-1.1764791	25.332293	1
26046	MIR133A1HG	0.0012515176	0.0074756746	2.4867942	12.959622	1
26067	ANKRD29	0.001190061	0.004800641	1.9255311	7.55807	1
26074	CABYR	0.016779086	0.0061493134	-1.4334671	23.69736	1
26098	AC090206.1	0.001106553	6.022794e-05	-2.9126937	6.1403255	1
26099	AQP4-AS1	0.004472001	0.0015161565	-1.5002588	6.1831203	1
26107	CDH2	0.4618211	1.052302	1.1879675	44.55244	1
26114	DSC3	0.0052623306	0.026983446	2.3364792	40.868134	1
26115	DSC2	0.016313517	0.064290605	1.9719658	44.55244	1
26123	DSG2	0.07564704	0.1976979	1.3847656	44.55244	1
26125	TTR	9.7774224e-05	0.0031492081	4.0381618	6.862577	1
26133	RNF125	0.0035220233	0.0012850317	-1.386877	5.3497133	1
26138	GAREM1	0.24380766	0.086521596	-1.4935364	44.55244	1
26144	KLHL14	0.0038132153	0.034246538	3.1337383	44.55244	1
26151	DTNA	0.0903083	0.22733852	1.3309494	44.55244	1
26175	MOCOS	0.0023930469	0.011725779	2.245953	18.618013	1
26187	MIR924HG	0.09223973	0.01581861	-2.5362372	44.55244	1
26194	AC079052.1	0.0003897326	0.0030187424	2.6708982	5.566374	1
26195	AC021504.1	0.0044911588	0.053675372	3.5500154	44.55244	1
26201	RIT2	0.0021785165	0.0058798497	1.3920143	5.2086883	1
26209	SLC14A2-AS1	0.0028141164	0.00078667986	-1.7165734	5.2753196	1
26214	AC023421.2	0.0026951823	0.000678197	-1.844735	6.480898	1
26216	SLC14A1	0.0049898173	0.0008041838	-2.492926	14.180411	1
26224	LOXHD1	0.0018644076	0.00037073265	-2.0611143	5.539892	1
26229	KATNAL2	0.029775573	0.012210876	-1.279033	31.402838	1
26239	ZBTB7C	0.012328602	0.04157193	1.7454119	43.85347	1
26257	MYO5B	0.0075427853	0.0023036285	-1.6688845	11.344205	1
26263	MAPK4	0.0010618226	0.0054811304	2.2641675	9.423639	1
26273	DCC	0.0675223	0.008542263	-2.9680183	44.55244	1
26281	RAB27B	0.048128027	0.107033975	1.1514723	44.55244	1
26284	CCDC68	0.15246709	0.3583986	1.2325236	44.55244	1
26289	AC022031.2	0.0010865034	0.020439522	4.1136146	39.678333	1
26294	AC009271.1	0.004087444	0.010458363	1.3342445	8.23278	1
26305	ST8SIA3	0.00562039	4.8457878e-09	-5.8379717	38.19107	1
26306	ONECUT2	0.028467769	0.0015542337	-4.110153	44.55244	1
26312	ATP8B1	0.4103247	0.121382274	-1.7563717	44.55244	1
26319	ALPK2	0.012474946	0.1325683	3.3991997	44.55244	1
26337	CCBE1	0.04492089	0.1874194	2.0583732	44.55244	1
26343	PMAIP1	0.033631023	0.13752457	2.02859	44.55244	1
26349	CDH20	0.006148294	0.002759525	-1.1276867	5.1254644	1
26351	AC090409.1	0.0006223744	0.005897709	3.053593	11.715682	1
26355	PIGN	0.08080835	0.17935018	1.1492229	44.55244	1
26374	SERPINB7	0.0008841125	4.8457878e-09	-3.2987535	6.1918306	1
26379	SERPINB8	0.007627541	0.020315683	1.4015964	20.166655	1
26384	LINC01916	0.0062903794	0.0007245508	-2.9542212	20.225218	1
26387	CDH19	0.0003918992	0.042929616	6.4508233	44.55244	1
26403	AC090337.1	0.0058350638	0.013886827	1.2367333	10.172263	1
26406	DOK6	0.14838646	0.36290723	1.2896669	44.55244	1
26407	AC119868.2	0.0054905745	0.0141465925	1.3495485	9.425614	1
26425	CBLN2	0.003873442	0.010228905	1.378226	8.584162	1
26426	NETO1	0.051841367	0.020295914	-1.348604	44.55244	1
26436	CYB5A	0.06489431	0.15383387	1.2439253	44.55244	1
26439	DIPK1C	0.0020879346	4.8457878e-09	-4.451428	13.780269	1
26449	ZADH2	0.10771084	0.041458126	-1.3752997	44.55244	1
26450	TSHZ1	0.16268137	0.04580801	-1.8261178	44.55244	1
26451	AC116003.1	0.0012238849	4.8457878e-09	-3.7266357	7.4733353	1
26452	AC012101.2	0.006271056	0.00044908345	-3.5364351	29.135582	1
26483	NFATC1	0.045985475	0.12079999	1.39143	44.55244	1
26508	LINC01002	0.0055252537	0.016092543	1.5253396	16.588526	1
26509	AC016588.2	0.004578496	0.0014144165	-1.6272827	8.565078	1
26510	PLPP2	0.008164498	0.02689944	1.7079304	36.216724	1
26515	C2CD4C	0.0075857807	0.0033000149	-1.1766506	8.4586935	1
26518	MADCAM1	0.0064448416	0.0023987964	-1.3891249	8.679468	1
26523	AC009005.1	0.006883588	0.0012304309	-2.3920748	21.750746	1
26538	PLPPR3	0.03618878	0.012614375	-1.5130631	44.55244	1
26554	ABCA7	0.004407197	0.01926117	2.1028638	27.110807	1
26585	PLK5	0.0021420943	0.00046102196	-1.9987179	6.095556	1
26592	ATP8B3	0.0014813647	0.005969717	1.9404591	8.577344	1
26647	TLE6	0.0015210472	0.0061449283	1.9457588	9.817475	1
26648	TLE2	0.025521418	0.05753581	1.1696151	39.61355	1
26657	CELF5	0.010102198	0.0013596847	-2.8051512	34.50681	1
26668	GIPC3	0.0011934493	0.014344347	3.4812098	34.089916	1
26669	TBXA2R	0.0030655197	0.02677766	3.0858932	44.55244	1
26678	ZFR2	0.019040601	0.008086567	-1.2253057	19.652567	1
26692	SHD	0.0004276004	0.0037247906	2.8578632	8.058914	1
26694	FSD1	0.013419925	0.03160944	1.2298253	26.581413	1
26711	LRG1	0.0018070535	0.00034315378	-2.105466	6.1272917	1
26712	SEMA6B	0.017744275	0.0023244172	-2.8797514	44.55244	1
26742	NRTN	0.013502174	0.0042004418	-1.6612805	23.246544	1
26751	CAPS	0.0060437033	0.002690178	-1.1387513	6.5297246	1
26768	SLC25A41	0.0027211872	0.0002947662	-2.8372319	11.237914	1
26773	TUBB4A	0.0031589617	0.0004142254	-2.6639397	12.83916	1
26802	STXBP2	0.0043108985	0.015933137	1.8619123	22.702429	1
26810	PRR36	0.004267683	0.0009666734	-2.0337493	11.03102	1
26827	FBN3	0.036400042	0.0031324835	-3.4971833	44.55244	1
26828	CERS4	0.09640983	0.04440169	-1.1168157	44.55244	1
26829	AC022146.2	0.008623684	0.0034035575	-1.3161169	10.05411	1
26830	CD320	0.061838783	0.13483712	1.1233723	44.55244	1
26831	NDUFA7	0.099734694	0.21726114	1.1224808	44.55244	1
26843	ADAMTS10	0.100394346	0.04614519	-1.119739	44.55244	1
26853	ZNF699	0.026399514	0.010542846	-1.3160819	29.225132	1
26855	ZNF559	0.07311213	0.023332547	-1.643569	44.55244	1
26856	ZNF177	0.01891287	0.0055742916	-1.7444643	34.66266	1
26860	ZNF560	0.0050454615	0.0003226857	-3.6056433	23.528118	1
26867	ZNF561-AS1	0.057399277	0.028453596	-1.0098715	44.251408	1
26877	COL5A3	0.13637514	0.059012443	-1.2071044	44.55244	1
26882	ANGPTL6	0.0049532065	0.017589029	1.8075839	21.941841	1
26887	S1PR2	0.049152765	0.023529125	-1.0596385	42.280598	1
26891	ICAM1	0.024158342	0.009926216	-1.2747037	25.575237	1
26899	ICAM3	0.010141878	0.028680531	1.490613	33.379986	1
26916	C19orf38	0.013984402	0.0056739687	-1.286463	16.320723	1
26922	LDLR	0.12873866	0.27337193	1.0858272	44.55244	1
26938	EPOR	0.0141782	0.035858624	1.3325238	32.901283	1
26948	ACP5	0.0045126807	0.012238993	1.4195473	11.010175	1
26970	ZNF442	0.00766615	0.0034433817	-1.1320726	7.803688	1
27012	NFIX	0.19319136	0.057165273	-1.7550448	44.55244	1
27015	LYL1	0.002965249	0.018506402	2.601723	35.447247	1
27024	CACNA1A	0.008782396	0.07108608	3.0025744	44.55244	1
27066	ADGRE2	0.016088959	0.05009586	1.6325582	44.55244	1
27070	SLC1A6	0.0040948223	0.00084447477	-2.1510255	10.471876	1
27130	F2RL3	0.0005789595	0.0091719385	3.7714736	23.030462	1
27131	CPAMD8	0.02739063	0.00865178	-1.6512917	44.55244	1
27152	PLVAP	0.010649817	0.036009237	1.7480559	39.82669	1
27160	TMEM221	0.018789688	0.002735491	-2.7359285	44.55244	1
27173	INSL3	0.0013359974	0.00019712545	-2.272909	5.4205275	1
27174	JAK3	0.03484636	0.015890174	-1.1279567	32.26358	1
27179	ARRDC2	0.003398815	0.008582508	1.3112454	8.528436	1
27256	AC011447.3	0.021130161	0.043943647	1.0528185	25.309155	1
27264	ZNF85	0.03990974	0.018746464	-1.0860575	33.070423	1
27271	ZNF493	0.050339226	0.017492754	-1.5195647	44.55244	1
27272	AC010615.2	0.013906308	0.0016825713	-2.9740453	44.55244	1
27274	ZNF429	0.047174156	0.0152685605	-1.6210698	44.55244	1
27303	ZNF726	0.0032442547	0.0003222999	-2.985345	15.380226	1
27315	AC010511.1	0.018594537	0.005552548	-1.7256435	29.763815	1
27320	AC005394.1	0.0036990237	0.0011991654	-1.5480437	6.090982	1
27334	PLEKHF1	0.015360546	0.006609841	-1.2042409	17.318134	1
27371	SLC7A10	0.0048586563	0.0008773496	-2.3430026	15.3635	1
27374	CEBPA-DT	0.0032473046	0.00025811253	-3.224515	15.7380705	1
27375	AC008738.2	0.0008982749	5.241794e-05	-2.7114043	5.420437	1
27376	CEBPG	0.06329409	0.13297218	1.0697887	44.55244	1
27409	HPN	0.0005356894	0.0030480984	2.3080866	5.1640587	1
27412	FXYD3	2.6336835e-05	0.0024244974	4.320649	6.0887194	1
27415	FXYD7	0.008323764	0.017941833	1.098809	12.6742525	1
27416	FXYD5	0.09418527	0.5237679	2.4740987	44.55244	1
27421	HAMP	0.0005296195	0.0030971898	2.3442523	6.2378707	1
27422	MAG	0.009077741	0.0001361339	-5.280462	44.55244	1
27423	CD22	0.016022712	0.00069371454	-4.3443303	44.55244	1
27425	FFAR3	0.0009732283	0.008474547	2.9981036	19.282724	1
27426	GPR42	0.00017130066	0.003041294	3.5333946	9.043857	1
27431	KRTDAP	0.0017284122	0.0047189267	1.3981205	5.013241	1
27432	DMKN	0.04661058	0.18969665	2.0226333	44.55244	1
27446	UPK1A-AS1	0.00021210025	0.003485933	3.522267	8.159189	1
27454	AC002398.2	0.0008861386	4.8457878e-09	-3.3017206	5.7855396	1
27455	HSPB6	0.043620955	0.0036847237	-3.530065	44.55244	1
27465	TYROBP	0.0025780415	0.00054812187	-2.0468414	5.4141583	1
27481	COX7A1	0.003860757	0.00021804648	-3.6384668	18.946716	1
27500	ZNF850	0.010219745	0.03400151	1.7244284	38.822018	1
27528	ZNF540	0.01053036	0.003922783	-1.4019247	15.129005	1
27542	SPINT2	0.024168145	0.049021184	1.0172817	28.458258	1
27547	KCNK6	0.014425527	0.07583643	2.3862016	44.55244	1
27553	RASGRP4	0.00042028638	0.0033312372	2.721351	8.132665	1
27569	RINL	0.0039693234	0.008988135	1.1591954	7.5754604	1
27578	FBXO27	0.0027468004	0.008483246	1.5921819	11.051079	1
27583	NCCRP1	0.00096210424	0.01970289	4.2207136	44.55244	1
27585	LRFN1	0.003690832	0.009626557	1.3594146	10.180487	1
27587	GMFG	0.018869575	0.038414452	1.0217127	24.310907	1
27598	SELENOV	0.0021922758	0.0003998145	-2.197316	6.293043	1
27621	PRX	0.014181553	0.004791654	-1.5457586	22.196638	1
27627	SPTBN4	0.009436472	0.0030722276	-1.5879594	15.424171	1
27650	TGFB1	0.10592955	0.315324	1.5728259	44.55244	1
27659	B3GNT8	0.010446966	0.0028524694	-1.836834	22.74302	1
27681	GRIK5	0.020588296	0.005036696	-2.0099022	44.55244	1
27699	CEACAM1	0.02730783	0.004412795	-2.6024952	44.55244	1
27714	ZNF575	0.01226605	0.00555579	-1.1285844	12.577317	1
27722	CADM4	0.030257463	0.012113598	-1.313563	38.181248	1
27723	PLAUR	0.0695585	0.15571384	1.161452	44.55244	1
27728	ZNF283	0.027192838	0.013071626	-1.0510889	22.065842	1
27754	ZNF229	-1.36424205e-08	0.0018727834	4.3023577	6.866716	1
27758	AC243964.3	0.0049560154	0.012671012	1.3368002	10.835466	1
27759	PVR	0.025203692	0.05480051	1.1174717	37.25071	1
27760	CEACAM19	0.007014668	0.01657759	1.2290425	13.128001	1
27770	APOC1	0.033808447	0.08373431	1.305896	44.55244	1
27787	CKM	0.0004140793	0.03673469	6.1629305	44.55244	1
27793	FOSB	0.08457184	0.20458566	1.2734559	44.55244	1
27803	QPCTL	0.0068541323	0.018335605	1.4065524	17.444355	1
27814	FOXA3	0.0022439111	0.00024676695	-2.7568796	10.519697	1
27822	IGFL4	0.0013016005	0.00010764819	-2.754862	6.195468	1
27830	AC007193.2	0.0046809986	0.001849939	-1.293883	5.2326026	1
27833	CCDC8	0.096473545	0.04811766	-1.0020664	44.55244	1
27834	PNMA8C	0.0013848013	0.00022479263	-2.1926792	5.6201167	1
27841	AC093503.2	0.0015903683	0.00030348627	-2.066746	5.0604897	1
27845	DACT3-AS1	0.013784656	0.0065303403	-1.0663366	12.644532	1
27850	SLC1A5	0.043844294	0.18501739	2.0746927	44.55244	1
27865	MEIS3	0.28051466	0.13551125	-1.0491135	44.55244	1
27866	SLC8A2	0.013665692	0.004328075	-1.6363256	24.105247	1
27887	PLA2G4C	0.015309845	0.058531016	1.9278117	44.55244	1
27903	GRIN2D	0.019031992	0.071948126	1.9129739	44.55244	1
27915	DBP	0.04141855	0.0050352034	-3.0152628	44.55244	1
27916	CA11	0.07542035	0.018701343	-2.0060298	44.55244	1
27917	NTN5	0.004192107	0.0012161889	-1.7053195	8.616849	1
27929	NUCB1	0.12899731	0.33794814	1.3887697	44.55244	1
27932	DHDH	0.0021858804	0.025340823	3.4763234	44.55244	1
27943	LIN7B	0.018972391	0.039217036	1.043669	25.12101	1
27946	HRC	0.09035632	0.032121073	-1.4892167	44.55244	1
27953	DKKL1	0.017366039	0.007868564	-1.1321608	16.803837	1
27958	SLC17A7	0.0021803596	0.00021751496	-2.844365	9.786228	1
27965	RCN3	0.015883522	0.053846605	1.754947	44.55244	1
28008	MYBPC2	0.0020254797	0.00024983435	-2.6030445	9.5571165	1
28012	AC020909.2	0.0012305835	0.109428905	6.363109	44.55244	1
28064	SPACA6P-AS	0.0015095312	0.00025222683	-2.1920638	5.044408	1
28065	SPACA6	0.13526821	0.051721975	-1.3852531	44.55244	1
28066	HAS1	0.0026564382	0.0005507161	-2.082705	7.9310656	1
28074	ZNF350-AS1	0.0056852973	0.0019627367	-1.4878314	8.7755	1
28075	ZNF350	0.022734627	0.00255767	-3.1029892	44.55244	1
28092	ZNF610	0.019735312	0.008876951	-1.1437736	18.417353	1
28093	ZNF880	0.04646399	0.007513271	-2.6126263	44.55244	1
28094	ZNF528-AS1	0.0024250494	0.00026968087	-2.7719593	10.048608	1
28102	ZNF83	0.15264866	0.30694896	1.007309	44.55244	1
28104	AC022150.4	0.0049947402	0.010847192	1.1034803	8.570827	1
28105	ZNF611	0.060268667	0.21622305	1.8413155	44.55244	1
28127	ZNF761	0.011649534	0.02763311	1.2390058	22.05011	1
28128	ZNF813	0.00969006	0.035137378	1.847717	44.55244	1
28162	TTYH1	0.027592605	0.11679568	2.0776489	44.55244	1
28180	AC011476.3	0.0016407274	0.0057275183	1.7431914	7.1872644	1
28183	EPS8L1	0.0020248387	0.010894698	2.3713827	21.506666	1
28186	TNNT1	0.003568501	0.053493313	3.8687904	44.55244	1
28187	TNNI3	0.00022754175	0.008553283	4.723497	20.323883	1
28209	SHISA7	0.0013526579	0.0001399967	-2.5976086	5.8745666	1
28255	ZNF667	0.05901079	0.01764019	-1.7364001	44.55244	1
28256	ZNF667-AS1	0.10320232	0.024507526	-2.0697012	44.55244	1
28257	ZNF471	0.0391147	0.012509257	-1.6369114	44.55244	1
28259	AC005498.2	0.002340221	0.0005838129	-1.8353384	6.227218	1
28260	ZFP28	0.015641743	0.0045744358	-1.7517312	29.523006	1
28266	AC006115.2	0.0018602108	0.00043714	-1.8676387	5.326517	1
28316	ZSCAN1	0.0026501676	0.00039626978	-2.470323	10.88535	1
28317	ZNF135	0.024505677	0.00459972	-2.3883445	44.55244	1
28351	UBE2M	0.08391793	0.18693313	1.1545247	44.55244	1
28361	TRIB3	0.009953231	0.09874551	3.2975163	44.55244	1
28365	TCF15	0.035944726	0.003330412	-3.3933344	44.55244	1
28368	FAM110A	0.012433605	0.02697434	1.1111249	20.261549	1
28373	TMEM74B	0.006670525	0.030627053	2.18217	44.55244	1
28386	AL109809.5	0.0145197585	0.0032141702	-2.1411998	35.147472	1
28387	AL117335.1	0.005556303	0.0012623431	-2.0537694	13.676676	1
28417	LZTS3	0.0042838524	0.010557693	1.2816242	9.482888	1
28426	HSPA12B	0.013393083	0.0010943322	-3.4979439	44.55244	1
28443	PRNP	0.052900817	0.106694125	1.0107458	44.55244	1
28444	PRND	0.0024076502	6.1581166e-05	-3.956005	12.229748	1
28447	RASSF2	0.012426079	0.0038439494	-1.6672219	21.940275	1
28463	CHGB	0.012086419	0.005034648	-1.246937	13.649197	1
28469	LRRN4	0.00041002285	0.021034347	5.372884	44.55244	1
28471	FERMT1	0.0042982036	0.018565817	2.0854123	29.144852	1
28474	BMP2	0.00975852	0.05222653	2.4080997	44.55244	1
28484	PLCB4	0.43898904	0.10660049	-2.0409467	44.55244	1
28486	LAMP5	0.014548871	0.003085168	-2.201348	40.27888	1
28496	AL050403.2	0.030521598	0.01476358	-1.0427679	21.77202	1
28512	SPTLC3	0.04194243	0.007452168	-2.4768834	44.55244	1
28532	PCSK2	0.0063212435	0.0009267354	-2.6447883	19.958061	1
28562	RIN2	0.43986735	0.13506402	-1.7026852	44.55244	1
28583	THBD	0.003357588	0.015939387	2.213781	20.336985	1
28594	CST3	0.37765157	0.99550706	1.3981388	44.55244	1
28607	APMAP	0.0737705	0.15378673	1.0587986	44.55244	1
28625	FAM182B	0.0070652766	0.024341915	1.7702631	30.17233	1
28632	LINC01597	0.038731426	0.0011658714	-4.939022	44.55244	1
28687	SNTA1	0.01935256	0.04668012	1.2659354	38.377995	1
28724	PROCR	0.017750224	0.052574564	1.5611643	44.55244	1
28750	EPB41L1	0.11367928	0.056104302	-1.0174854	44.55244	1
28757	TGIF2	0.11041197	0.052708607	-1.0653576	44.55244	1
28772	SRC	0.027215058	0.05536383	1.0218507	32.733387	1
28779	VSTM2L	0.029602725	0.008057011	-1.8644828	44.55244	1
28783	TGM2	0.07315327	0.024699355	-1.5625907	44.55244	1
28784	KIAA1755	0.029980231	0.0008325309	-5.0115204	44.55244	1
28785	AL031651.2	0.0015462358	4.8457878e-09	-4.041029	8.961185	1
28786	AL359555.4	0.0101931775	4.8457878e-09	-6.685475	44.55244	1
28789	BPI	0.002536463	4.8457878e-09	-4.7204623	15.827853	1
28817	LPIN3	0.006662281	0.015265927	1.1841528	12.044687	1
28818	EMILIN3	0.004046821	0.001009029	-1.9027086	9.747525	1
28823	PTPRT	0.036937527	0.37013504	3.3213816	44.55244	1
28851	KCNK15	0.0040012505	0.0007441933	-2.2804184	13.63562	1
28853	RIMS4	0.0034959973	0.0005144187	-2.5490978	11.501401	1
28871	PIGT	0.06785736	0.15155508	1.158092	44.55244	1
28878	WFDC10B	0.000503764	0.003271917	2.4815125	6.1508727	1
28891	PLTP	0.14089853	0.33190283	1.2355155	44.55244	1
28906	SLC13A3	0.040361915	0.018462148	-1.124201	33.164017	1
28911	EYA2	0.014339323	0.0009681114	-3.756869	44.55244	1
28918	SULF2	0.14066963	0.39839727	1.5012337	44.55244	1
28922	AL139351.3	0.00096615584	0.009149223	3.1169138	17.582254	1
28927	PREX1	0.033094786	0.015786255	-1.0631777	26.770233	1
28937	KCNB1	0.038818333	0.003215496	-3.5531533	44.55244	1
28938	PTGIS	0.11702196	0.0350451	-1.7366161	44.55244	1
28950	CEBPB	0.06671622	0.17327105	1.3755927	44.55244	1
28965	KCNG1	0.013027519	0.028040206	1.1000386	20.490074	1
28967	ATP9A	0.072351106	0.027871631	-1.3730433	44.55244	1
28977	TSHZ2	1.8966653	0.2737956	-2.7918432	44.55244	1
28978	AL391097.3	0.01328579	0.0009367272	-3.690594	44.55244	1
28979	AL391097.1	0.010873761	0.0013107365	-2.9595377	33.45027	1
28980	AL391097.2	0.010501794	0.0008574196	-3.4690132	44.251408	1
28981	AL109930.1	0.2744068	0.026910527	-3.345248	44.55244	1
28983	AL354993.2	0.006193077	0.0002830579	-4.038131	29.693718	1
29001	CASS4	0.0040765097	0.09416034	4.496281	44.55244	1
29019	PMEPA1	0.4884023	0.16789085	-1.5399827	44.55244	1
29032	GNAS-AS1	0.007873821	0.0005982968	-3.5133588	35.82565	1
29038	CTSZ	0.014675544	0.098831244	2.743215	44.55244	1
29043	EDN3	0.007337315	0.00045075495	-3.7552993	34.947834	1
29053	CDH4	0.002404757	0.012182742	2.29389	14.437808	1
29067	LAMA5	0.027731864	0.08409766	1.5970427	44.55244	1
29077	MIR1-1HG-AS1	0.00038845727	0.0035518738	2.9023328	7.7878036	1
29103	NKAIN4	0.11286948	0.0016679254	-5.997732	44.55244	1
29104	AL121827.2	0.0034113221	6.7721274e-05	-4.387877	18.535643	1
29109	EEF1A2	0.002520326	0.027384123	3.3907802	44.55244	1
29125	SLC2A4RG	0.07098531	0.14252596	1.0046132	44.55244	1
29126	ZBTB46	0.3481868	0.12423016	-1.4860994	44.55244	1
29128	ZBTB46-AS1	0.008407072	0.0011938981	-2.7169387	25.407616	1
29142	LKAAEAR1	0.0018180328	0.008031714	2.0839322	14.32431	1
29160	U2AF1L5	0.00034342546	0.009996956	4.509085	24.21282	1
29179	CR381653.1	0.0012076946	4.8457878e-09	-3.7088838	7.1820107	1
29182	TPTE	0.0027903018	0.0008242189	-1.6449137	5.472089	1
29193	NRIP1	0.50238967	0.21814816	-1.2031244	44.55244	1
29195	AF127577.2	0.0071676243	0.0028166096	-1.3171915	7.332613	1
29197	AJ009632.2	0.004818286	0.00086779473	-2.3453825	15.871276	1
29207	CXADR	0.0022065889	0.033453356	3.8626244	44.55244	1
29208	BTG3	0.1205731	0.28551963	1.2429909	44.55244	1
29215	AF130417.1	0.009228068	0.031938393	1.7801516	27.283516	1
29223	NCAM2	0.16914597	0.07286779	-1.2137898	44.55244	1
29246	MIR155HG	0.002866516	0.008674104	1.5644822	8.98887	1
29249	JAM2	0.027905837	0.0088597955	-1.6441898	44.55244	1
29258	CYYR1-AS1	0.009079306	0.0033341916	-1.4184146	10.235628	1
29260	CYYR1	0.17903037	0.0590094	-1.5995505	44.55244	1
29262	AP001599.1	0.004565928	0.0016078455	-1.4499866	6.407613	1
29263	ADAMTS5	0.18294817	0.044997036	-2.0211189	44.55244	1
29264	AP001605.1	0.032920394	0.008694093	-1.9087508	44.55244	1
29268	AJ006995.1	0.004750257	0.0017670369	-1.3773108	5.661774	1
29270	LINC01697	0.031654764	0.0099407025	-1.6611129	41.14217	1
29271	LINC01695	0.18123822	0.049338464	-1.8749771	44.55244	1
29282	MAP3K7CL	0.032756098	0.0056148344	-2.5233777	44.55244	1
29306	HUNK	0.11892963	0.03886505	-1.6110681	44.55244	1
29307	LINC00159	0.018036861	0.007353612	-1.2829131	19.48113	1
29314	URB1-AS1	0.006434862	0.0018972732	-1.7101251	12.807578	1
29315	EVA1C	0.02004883	0.042835306	1.0914685	25.89314	1
29354	CLIC6	0.003065758	0.00041173893	-2.629071	11.086206	1
29355	LINC01426	0.0022939576	0.005919234	1.3301822	6.054752	1
29364	CBR3-AS1	0.004668736	0.0019285254	-1.2331755	5.828314	1
29372	AP000695.2	0.00057157996	0.0045000534	2.7760193	7.479643	1
29378	SIM2	0.005811184	0.0019819224	-1.5055307	7.8562484	1
29395	KCNJ6	0.0111062275	0.004996846	-1.1366241	8.41982	1
29400	ERG	0.16729224	0.021240156	-2.97159	44.55244	1
29401	AP001037.1	0.003061889	0.00032247519	-2.9038482	11.199145	1
29415	SH3BGR	0.014742557	0.055757396	1.9120086	44.55244	1
29456	PDE9A	0.1172019	0.05305375	-1.1419829	44.55244	1
29463	ERVH48-1	0.001025496	0.0061457003	2.4723024	11.454967	1
29466	CBS	0.0010080385	0.007934468	2.8581946	13.580877	1
29482	PWP2	0.00026696664	0.0021904174	2.6418896	5.2708955	1
29487	ICOSLG	0.004625182	0.01254727	1.4203842	13.2757225	1
29526	BX322562.1	0.0027656772	0.010726057	1.9175599	17.179081	1
29527	COL18A1	0.21620812	0.74933755	1.7927206	44.55244	1
29533	PCBP3	0.023506232	0.15570746	2.7225246	44.55244	1
29536	AJ011931.2	0.00030783535	0.0034020124	3.1021254	6.325145	1
29598	TMEM191B	0.004059428	0.0011297415	-1.7580299	8.97387	1
29604	DGCR9	0.0115503175	0.0025964277	-2.111248	28.017979	1
29612	SLC25A1	0.044675346	0.09120009	1.0279118	44.55244	1
29625	CLDN5	0.004028931	0.0008643589	-2.0981262	11.0239935	1
29627	AC000067.1	0.0015756275	4.8457878e-09	-4.06656	12.169907	1
29628	SEPTIN5	0.03143242	0.00926991	-1.750729	44.55244	1
29629	GP1BB	0.033402216	0.011697145	-1.5058188	44.075317	1
29634	COMT	0.08369302	0.19053657	1.185923	44.55244	1
29635	ARVCF	0.013340496	0.005357378	-1.3003066	15.702614	1
29646	RTN4R	0.009004742	0.0042470396	-1.066585	7.8696394	1
29669	P2RX6	0.0006708947	0.004855201	2.6843379	9.220179	1
29687	YPEL1	0.034167957	0.014005412	-1.2806114	38.126972	1
29715	IGLL1	0.0042304974	0.0007507759	-2.3476815	13.493189	1
29723	MMP11	0.22334072	0.05606325	-1.9921937	44.55244	1
29726	AP000350.5	0.0032422852	0.00042476103	-2.6711025	12.847074	1
29727	SLC2A11	0.050163414	0.022668537	-1.1424671	44.55244	1
29730	MIF-AS1	0.0035329177	0.008170678	1.186877	7.1049156	1
29731	AP000350.6	0.0025380133	9.827807e-05	-3.7338548	13.077671	1
29739	GGT5	0.027624225	0.013155692	-1.0645351	24.830578	1
29766	LRP5L	0.025641354	0.0033644375	-2.893395	44.55244	1
29772	MYO18B	0.003041585	0.027172895	3.1179035	43.70734	1
29777	SEZ6L	0.012419288	0.0021635478	-2.467495	35.397293	1
29788	MIAT	0.01569856	0.0014902451	-3.312472	44.55244	1
29801	LINC02554	0.0007341276	4.8457878e-09	-3.0601983	5.1633973	1
29806	MN1	0.063158095	0.030021625	-1.0704505	44.55244	1
29822	EMID1	0.047972307	0.022179507	-1.1094888	39.78756	1
29827	RASL10A	0.00920874	0.0017353577	-2.3425245	26.797861	1
29830	RFPL1S	0.020678526	0.0062021487	-1.7211777	37.900227	1
29832	NEFH	0.045610107	0.014651524	-1.6316493	44.55244	1
29859	MTFP1	0.019503364	0.07582183	1.9534135	44.55244	1
29878	SMTN	0.033075664	0.071246676	1.1047208	44.55244	1
29898	C22orf24	0.0028468925	0.0005688522	-2.1394353	8.07707	1
29903	RFPL2	0.0013658548	0.00013004467	-2.671756	6.2086425	1
29904	SLC5A4-AS1	0.017094908	0.0060730046	-1.4779367	22.430996	1
29914	SYN3	0.047690008	0.019276792	-1.3023794	44.55244	1
29935	HMOX1	0.0064302133	0.01392761	1.1030672	10.969363	1
29938	MB	0.00018025021	0.04123873	7.2046347	44.55244	1
29947	APOL3	0.010770389	0.002297652	-2.1807094	29.519968	1
29948	APOL4	0.014050195	0.00045578514	-4.6701508	44.55244	1
29950	APOL1	0.0048460467	0.0016089346	-1.5331787	8.667422	1
29952	Z82215.1	0.008251941	0.022278529	1.4219317	18.469212	1
29973	IL2RB	0.0028401518	0.008343012	1.521867	10.41719	1
29977	RAC2	0.008285557	0.017069919	1.0339047	12.346477	1
30018	KDELR3	0.09203899	0.20510209	1.1551616	44.55244	1
30039	AL022318.5	0.024747819	0.0032397404	-2.8953114	44.55244	1
30045	APOBEC3D	0.0014394853	0.0042749094	1.5068051	5.9139786	1
30049	CBX7	0.0065516625	0.00288358	-1.1566705	6.4368367	1
30075	MCHR1	0.0005825807	0.026363768	5.276875	44.55244	1
30085	AL035681.1	0.005457558	0.016796561	1.6042067	18.471584	1
30089	TEF	0.007760429	0.00324269	-1.2335984	9.111846	1
30120	AC254562.3	0.0035782517	0.0013953978	-1.2984909	5.3250337	1
30139	TSPO	0.063322045	0.3560995	2.489629	44.55244	1
30142	MPPED1	0.000992882	4.8457878e-09	-3.4499958	6.8165083	1
30155	SHISAL1	0.00044779555	0.0053813118	3.3228116	12.775113	1
30172	RIBC2	0.0011985603	0.0079796985	2.6373885	16.901617	1
30182	LINC00899	0.0032796129	0.0004170363	-2.7085207	12.445248	1
30186	MIRLET7BHG	0.026242588	0.0065074787	-1.9952254	44.55244	1
30212	AL078622.1	-1.36424205e-08	0.0033433018	5.1059175	10.547619	1
30230	MOV10L1	0.004551308	0.009553233	1.0533757	5.486717	1
30232	PANX2	0.00097143924	0.0037453054	1.8435482	5.8225327	1
30248	ADM2	0.005410862	0.032287456	2.5550854	44.55244	1
30253	TYMP	0.014448691	0.032236956	1.1522946	25.75015	1
30254	ODF3B	0.003400651	0.010721087	1.6281502	13.57857	1
30264	ARSA	0.011958967	0.043498855	1.854184	44.55244	1
30271	PLCXD1	0.07291741	0.035225913	-1.0475136	44.55244	1
30289	AL683807.1	0.00045410456	0.004576854	3.0773082	10.95506	1
30297	GYG2	0.033017054	0.015648408	-1.0723684	26.123955	1
30304	LINC01546	0.002211567	0.00044257013	-2.0909896	6.936132	1
30305	MXRA5	0.4133327	0.044901915	-3.199594	44.55244	1
30311	NLGN4X	0.47240266	0.12185516	-1.9539716	44.55244	1
30319	AC006062.1	0.015597517	0.00056873943	-4.5529485	44.55244	1
30320	ANOS1	0.08414366	0.031665012	-1.4071295	44.55244	1
30323	FAM9B	0.0084342845	0.00048666628	-3.862658	36.743748	1
30330	WWC3-AS1	0.0026960506	0.0007482545	-1.7208215	5.9117565	1
30336	ARHGAP6	0.13420175	0.26917592	1.0036069	44.55244	1
30340	FRMPD4	0.1594629	0.024697235	-2.6858742	44.55244	1
30350	TCEANC	0.018554902	0.008370879	-1.1389711	17.906631	1
30373	GRPR	0.002482192	0.0006150702	-1.8524395	5.40648	1
30376	CTPS2	0.21211459	0.09567945	-1.1477358	44.55244	1
30380	RBBP7	0.48387602	0.22937103	-1.0766236	44.55244	1
30386	RAI2	0.018995913	0.0043980805	-2.0858824	41.012985	1
30387	LINC01456	0.006848398	0.023599904	1.770129	26.140324	1
30392	PPEF1	0.020603698	0.0070822835	-1.527374	28.88258	1
30397	ADGRG2	0.009205326	0.0028792508	-1.643107	14.261219	1
30409	CNKSR2	0.031882834	0.008523566	-1.8909414	44.55244	1
30411	SMPX	0.00012888559	0.06024598	8.042487	44.55244	1
30415	PHEX	0.022554468	0.0055285	-2.0089734	42.828163	1
30419	AC004470.1	0.0037857478	0.0011348139	-1.6538987	7.782358	1
30420	PTCHD1	0.07617926	0.027742855	-1.4539837	44.55244	1
30424	SAT1	0.29529992	0.5959029	1.0126501	44.55244	1
30429	ZFX-AS1	0.0047756527	0.0012196227	-1.8854698	10.832268	1
30439	DCAF8L2	0.00024754766	0.00601059	4.136029	13.62096	1
30442	IL1RAPL1	0.5435442	0.2342018	-1.2142947	44.55244	1
30455	AL591378.1	0.0024642975	4.8457878e-09	-4.680422	14.076302	1
30456	AL591501.1	0.03473049	0.0013027163	-4.6340556	44.55244	1
30461	AL592156.2	0.0017309467	0.0087007405	2.2650352	12.209797	1
30524	SLC9A7	0.010873209	0.004714448	-1.1885432	10.473728	1
30540	SYN1	0.0023718236	0.007465883	1.6139326	10.123568	1
30549	ZNF630-AS1	0.0014426277	0.005746603	1.9222087	7.8364873	1
30550	AC244636.3	0.0016747045	0.0052013067	1.5787692	6.4510508	1
30552	SLC38A5	0.0011717766	0.009442923	2.9075859	22.686066	1
30555	PORCN	0.009696134	0.022924175	1.232865	19.5894	1
30556	EBP	0.058410306	0.1284154	1.1351787	44.55244	1
30583	PLP2	0.050372493	0.13880894	1.4605701	44.55244	1
30594	GAGE10	0.0019177744	0.00021307947	-2.688164	7.812687	1
30598	CLCN5	0.14714865	0.056415915	-1.3815253	44.55244	1
30606	NUDT10	0.016739646	0.0036597433	-2.1631556	44.55244	1
30641	TRO	0.14181867	0.05934348	-1.2554739	44.55244	1
30661	SPIN2A	0.025615357	0.0070610954	-1.844378	44.55244	1
30667	SPIN4	0.030177737	0.013645632	-1.1392841	28.28597	1
30679	AL034397.2	0.0011480387	8.970778e-05	-2.7178118	5.748843	1
30688	STARD8	0.040292267	0.010914355	-1.8746942	44.55244	1
30710	SLC7A3	0.0058331555	0.0012212471	-2.1668992	16.537643	1
30721	ITGB1BP2	0.0005989883	0.013847967	4.3186426	26.555405	1
30728	NHSL2	0.36318842	0.15647303	-1.2142797	44.55244	1
30735	PHKA1	0.031223835	0.0063715256	-2.2750833	44.55244	1
30738	FAM226B	0.004486959	0.0011207093	-1.9098183	10.4730835	1
30748	JPX	0.6065164	0.2749245	-1.1412245	44.55244	1
30757	ZDHHC15	0.042956665	0.014006576	-1.6098689	44.55244	1
30766	PGK1	0.2519192	0.7557251	1.5845188	44.55244	1
30768	TAF9B	0.043693665	0.016689086	-1.3831986	44.55244	1
30769	CYSLTR1	0.046764884	0.0070604025	-2.7103949	44.55244	1
30771	LPAR4	0.023766005	0.00873127	-1.4342643	32.325603	1
30774	ITM2A	0.11565528	0.031052655	-1.893651	44.55244	1
30793	KLHL4	0.045916244	0.18178202	1.9827877	44.55244	1
30796	PABPC5-AS1	0.0032502026	0.00072344573	-2.024503	9.001012	1
30797	PABPC5	0.052156612	0.016260691	-1.6753799	44.55244	1
30798	PCDH11X	0.46795148	0.16970831	-1.46276	44.55244	1
30801	AL022151.1	0.0057600113	0.0013434065	-2.0214257	12.260049	1
30805	AL157778.1	0.009614131	0.21542399	4.4716196	44.55244	1
30807	TNMD	0.031990368	0.001256928	-4.5637245	44.55244	1
30817	TMEM35A	0.0242831	0.009683654	-1.3174363	30.221943	1
30819	DRP2	0.008825644	0.019278802	1.1184514	13.093433	1
30835	ZMAT1	0.028788986	0.010828274	-1.402454	35.644264	1
30836	TCEAL2	0.0005194747	0.0069045047	3.4991658	15.074364	1
30854	BEX1	0.051479768	0.22836426	2.1470912	44.55244	1
30858	TCEAL5	0.04220334	0.012825094	-1.7105968	44.55244	1
30859	BEX2	0.11901514	0.04433361	-1.4226335	44.55244	1
30868	TCEAL3	0.098057404	0.2204722	1.168082	44.55244	1
30875	PLP1	0.0071367295	0.0007772765	-3.0442343	27.464	1
30885	IL1RAPL2	0.1791686	0.0052333083	-5.070948	44.55244	1
30886	NRK	0.34119666	0.13218261	-1.3674028	44.55244	1
30891	TBC1D8B	0.03149064	0.076010734	1.2686028	44.55244	1
30923	CAPN6	0.0115143275	0.002453442	-2.1853902	30.281427	1
30924	DCX	0.031425644	0.010335367	-1.5950445	44.55244	1
30931	LHFPL1	0.017731566	0.0026481398	-2.697906	44.55244	1
30932	AMOT	0.4373282	0.042609002	-3.3564339	44.55244	1
30933	AC002072.1	0.019527754	0.0051162844	-1.9118007	33.96969	1
30935	HTR2C	0.036554437	0.013009985	-1.4833219	30.18435	1
30936	IL13RA2	0.0050897454	0.0004871015	-3.143982	21.959585	1
30937	LRCH2	0.13614416	0.050036773	-1.4422532	44.55244	1
30938	PLS3-AS1	0.011919483	0.005100817	-1.2085646	11.729132	1
30939	PLS3	0.6829701	0.32495907	-1.0713319	44.55244	1
30941	AGTR2	0.0025348682	4.8457878e-09	-4.719589	14.04705	1
30945	DOCK11	0.14901899	0.06115448	-1.2835766	44.55244	1
30949	LONRF3	0.004893022	0.0011583033	-1.9884335	10.495872	1
30950	KIAA1210	0.00987759	0.00032294923	-4.560135	44.55244	1
30954	SLC25A43	0.049051866	0.0984313	1.0033358	44.55244	1
30975	ATP1B4	-1.36424205e-08	0.0026074457	4.7590575	6.43026	1
30992	TENM1	0.10132425	0.020452457	-2.30302	44.55244	1
31000	APLN	0.0018585242	0.0061851176	1.6821728	7.0737743	1
31002	XPNPEP2	0.0005594488	0.00727725	3.4837506	18.241072	1
31012	RAB33A	0.009782098	0.035281703	1.8401142	44.55244	1
31020	IGSF1	0.061269533	0.17007785	1.4714488	44.55244	1
31028	MBNL3	0.061743952	0.02722407	-1.1784602	44.55244	1
31032	GPC4	0.014826782	0.006239085	-1.2355567	15.124812	1
31033	GPC3	0.5083321	0.17229687	-1.5603216	44.55244	1
31042	FAM122B	0.010268872	0.027129542	1.3929138	25.315645	1
31043	FAM122C	0.025176955	0.06118315	1.2776678	44.55244	1
31046	SMIM10	0.029297497	0.06718857	1.1946682	44.55244	1
31086	LDOC1	0.10289387	0.049392197	-1.0572854	44.55244	1
31089	MAGEC3	0.006139937	0.0023003912	-1.3782618	7.230273	1
31090	AL031073.2	0.008739816	0.0014093941	-2.550047	25.077927	1
31093	SLITRK4	0.07532841	0.014111045	-2.4080954	44.55244	1
31095	AL500522.1	0.014784257	0.0026467245	-2.438003	35.525608	1
31097	SLITRK2	0.011252269	0.0027513157	-1.993281	26.385868	1
31106	AFF2	0.12850906	0.038300205	-1.7438062	44.55244	1
31113	TMEM185A	0.040009983	0.13415909	1.7429864	44.55244	1
31135	GABRA3	0.0045988667	0.000824563	-2.3454692	14.229341	1
31140	ZNF185	0.005161041	0.002246957	-1.1645567	6.11137	1
31151	PNCK	0.0010643695	0.0071143894	2.6313283	13.658201	1
31152	SLC6A8	0.020796569	0.06645112	1.6711968	44.55244	1
31161	L1CAM	0.0069817444	0.06586268	3.2194734	44.55244	1
31197	F8	0.016302628	0.107170075	2.7092488	44.55244	1
31200	CMC4	0.034627903	0.09263255	1.4169805	44.55244	1
31201	MTCP1	0.004924105	0.09738475	4.2782383	44.55244	1
31216	RPS4Y1	4.6668378e-05	0.69323146	12.206772	44.55244	1
31218	ZFY	0.00020099239	0.11666563	8.599673	44.55244	1
31219	ZFY-AS1	-1.36424205e-08	0.010685395	6.7531323	25.62594	1
31221	AC012078.2	0.00020688717	0.009541105	4.973418	17.80296	1
31222	AC010737.1	0.0002630118	0.054254144	7.2262297	44.55244	1
31228	USP9Y	3.9235318e-05	0.22135015	10.6352415	44.55244	1
31229	AC244213.1	-1.36424205e-08	0.003367369	5.1159663	10.000185	1
31230	DDX3Y	4.9368122e-05	0.19728865	10.367951	44.55244	1
31231	UTY	0.00013766563	0.24656066	10.019379	44.55244	1
31233	NLGN4Y	8.429771e-05	0.2024195	10.101807	44.55244	1
31239	TTTY14	0.0011676662	0.20643643	7.348078	44.55244	1
31242	KDM5D	6.964428e-05	0.056233827	8.375345	44.55244	1
31244	TTTY10	0.00016503292	0.02937386	6.7971206	44.55244	1
31245	EIF1AY	-1.36424205e-08	0.13485281	10.398437	44.55244	1
31262	AC011043.1	0.034762293	0.0148271	-1.2237337	35.44697	1
31267	AC240274.1	0.047860216	0.021114847	-1.176764	44.55244	1
31268	AC004556.3	0.000127993	0.022442423	6.627509	44.55244	1
