	gene	expression_1	expression_2	log2FC	-log10 p-val	significant
69	ATAD3C	0.0031189169	6.9849193e-10	-2.042264	5.266521	1
118	TTC34	0.0058742855	6.9849193e-10	-2.7812088	9.903518	1
126	PRDM16-DT	0.21746005	0.09397036	-1.2018203	8.051215	1
171	AL031847.1	0.0028021783	6.9849193e-10	-1.9268252	5.2273555	1
177	ACOT7	0.03803518	0.15347941	1.9845678	5.7690806	1
182	TNFRSF25	0.00967245	0.09952037	3.2355247	5.226956	1
204	PER3	0.12966982	0.03315867	-1.9356023	14.127039	1
220	ENO1-AS1	0.0038828761	6.9849193e-10	-2.2877302	6.7919083	1
264	SRM	0.22787185	0.48198685	1.0774437	9.976806	1
277	FBXO2	0.36209968	0.1699082	-1.087144	11.151075	1
281	DRAXIN	0.0036956887	6.9849193e-10	-2.2313356	6.5529046	1
297	TNFRSF1B	0.001297026	0.08976269	5.3042603	5.2515607	1
382	ARHGEF19	0.005225585	6.9849193e-10	-2.6382084	9.016307	1
384	CPLANE2	0.016726976	6.9849193e-10	-4.1478734	26.709867	1
388	NECAP2	0.09465783	0.36783206	1.9470091	13.564409	1
390	AL137802.2	0.013487226	6.9849193e-10	-3.8567085	21.452047	1
419	ACTL8	0.006051243	6.9849193e-10	-2.8178766	10.305466	1
441	NBL1	0.0066788215	0.1057681	3.797452	5.833335	1
477	ECE1	0.23355074	0.57594985	1.2985457	14.571616	1
487	HSPG2	0.5206583	1.2400912	1.2504321	35.97665	1
499	EPHA8	0.0077197608	6.9849193e-10	-3.1242874	12.825649	1
509	LUZP1	0.34720197	0.75707334	1.122413	17.666864	1
566	RHCE	0.005135591	6.9849193e-10	-2.6172013	9.021933	1
572	SELENON	0.10842553	0.27946597	1.3578763	7.648243	1
593	SH3BGRL3	0.47392285	1.9398254	2.0309052	44.55244	1
615	TENT5B	0.0036709406	6.9849193e-10	-2.223712	6.6146793	1
616	SLC9A1	0.043927796	0.21848087	2.2884152	9.428443	1
620	SYTL1	0.10559407	0.031899437	-1.6959925	8.6948395	1
627	BX293535.1	0.01664955	6.9849193e-10	-4.141558	26.247025	1
631	IFI6	0.09811368	0.25322667	1.3589592	6.585359	1
649	AL353622.1	0.0032756575	6.9849193e-10	-2.0961452	5.001403	1
667	TMEM200B	0.11887766	0.04038224	-1.5344791	9.531892	1
683	LAPTM5	0.0017387526	0.4755662	7.4430137	23.914207	1
685	LINC01778	0.008755813	6.9849193e-10	-3.286261	14.248785	1
712	AL445248.1	0.0033626026	6.9849193e-10	-2.125188	5.4221272	1
723	FAM167B	0.0015592271	0.10682754	5.396874	6.298517	1
726	MARCKSL1	0.89389807	1.8069061	1.0145246	44.55244	1
754	PHC2	0.15489995	0.31325707	1.0113245	6.7584424	1
767	GJA4	0.0049509373	0.20823494	5.135863	7.9903126	1
769	DLGAP3	0.0031848303	6.9849193e-10	-2.0651681	5.7637377	1
770	TMEM35B	0.122880235	0.37802288	1.6133388	11.19181	1
798	EVA1B	0.09714265	0.9078368	3.2110689	36.307076	1
832	POU3F1	0.0030337106	6.9849193e-10	-2.0121067	6.034159	1
842	MYCBP	0.08595654	0.22151905	1.3555624	5.5167985	1
869	CAP1	0.46136367	1.2057877	1.3840721	44.55244	1
874	ZMPSTE24	0.060639903	0.21806355	1.8294129	7.1781435	1
887	RIMS3	0.03294838	0.005127744	-2.4699147	9.569273	1
922	P3H1	0.06271187	0.31501162	2.3103433	12.972414	1
938	TIE1	0.00093734625	0.34671694	7.4876876	18.571205	1
943	ELOVL1	0.06454726	0.4881793	2.899756	24.247824	1
1023	EFCAB14	0.3088275	0.73028547	1.2389696	15.812473	1
1166	PLPP3	0.19033061	1.0654916	2.478733	32.39613	1
1194	HOOK1	0.2212102	0.08970193	-1.2927198	11.249055	1
1237	JAK1	0.499757	1.2234035	1.2898966	35.18616	1
1268	RPE65	0.004428521	6.9849193e-10	-2.4405582	7.221743	1
1298	NEGR1	0.008995021	6.9849193e-10	-3.3212085	14.201764	1
1301	AL513166.1	0.007757308	6.9849193e-10	-3.1304862	11.974102	1
1344	NEXN-AS1	0.030062426	0.0017652264	-3.489701	22.912569	1
1354	IFI44	0.008985861	0.10738884	3.4401855	5.1889515	1
1355	ADGRL4	0.0025633997	1.3201534	8.5343275	44.55244	1
1365	ADGRL2	0.0764039	0.38331696	2.3118184	12.792306	1
1396	MCOLN3	0.014037187	6.9849193e-10	-3.9104617	21.167955	1
1399	BCL10	0.14391351	0.34706587	1.2641683	8.47711	1
1405	CCN1	0.059189923	0.29202488	2.2834291	8.009766	1
1445	LRRC8C	0.015300831	0.214127	3.7221713	10.907171	1
1464	TGFBR3	0.040685065	0.16723171	2.0128472	6.4162045	1
1479	TMED5	0.13071232	0.3000924	1.1928159	6.3279963	1
1483	FNBP1L	0.15710638	0.40493363	1.3603481	10.302421	1
1484	BCAR3	0.004871395	0.107941255	4.213703	5.578531	1
1488	GCLM	0.095267	0.38269824	1.9948589	12.971184	1
1491	ARHGAP29	0.15897125	1.1330403	2.8255875	43.649353	1
1505	AC092802.1	0.0036047618	6.9849193e-10	-2.2031255	6.2414246	1
1540	LRRC39	0.2555119	0.116786785	-1.1228479	9.268354	1
1554	SLC30A7	0.06807622	0.22676267	1.7212702	7.404329	1
1559	S1PR1	0.032844953	0.2762675	3.0342658	12.425468	1
1565	COL11A1	0.13261911	0.46356493	1.7977538	14.177075	1
1568	RNPC3	0.5699917	0.2535451	-1.1655486	19.404812	1
1581	VAV3	0.0067727105	0.24982138	5.012099	13.265469	1
1602	TAF13	0.069444254	0.18950835	1.4353004	5.0734696	1
1636	CSF1	0.021763489	0.0022992329	-2.786519	10.232621	1
1695	CTTNBP2NL	0.15191892	0.43265373	1.5037764	12.815612	1
1702	RHOC	0.70921624	1.4752831	1.0556393	40.045975	1
1711	LRIG2-DT	0.030476948	0.006591179	-2.0519	5.140975	1
1714	PHTF1	0.11212414	0.30263186	1.4244163	8.542264	1
1732	NRAS	0.12050739	0.316911	1.387579	7.887887	1
1743	VANGL1	0.045848828	0.16102967	1.7901732	5.4723616	1
1758	CD58	0.06846982	0.18795708	1.4436003	5.1732755	1
1770	AL358072.1	0.003809933	6.9849193e-10	-2.2660158	6.044573	1
1776	SPAG17	0.002913721	6.9849193e-10	-1.96854	5.337584	1
1792	PHGDH	0.60578567	0.29740304	-1.0239248	13.889359	1
1809	SRGAP2C	0.06845519	0.25194478	1.8646679	8.983068	1
1829	SRGAP2B	0.053824846	0.20793347	1.9301419	7.7090974	1
1848	LIX1L-AS1	0.016427215	0.0021215738	-2.4809966	7.074796	1
1881	AC239809.3	0.003954187	6.9849193e-10	-2.3086474	7.168596	1
1903	HIST2H2BF	0.006312628	6.9849193e-10	-2.8703887	10.260067	1
1935	ECM1	0.009844418	0.09624298	3.1646416	5.093314	1
1952	ANXA9	0.005011053	6.9849193e-10	-2.5876167	8.577899	1
1956	C1orf56	0.079529956	0.2454282	1.61357	6.0427713	1
1957	CDC42SE1	0.17290354	0.40800256	1.2338226	10.038942	1
1958	MLLT11	0.44840807	1.0546687	1.2320592	23.418179	1
1979	CGN	0.0037297588	6.9849193e-10	-2.2417655	6.4990273	1
1981	AL365436.2	0.0050408198	6.9849193e-10	-2.5947433	8.932201	1
2004	S100A10	0.43786904	2.5565505	2.5429003	44.55244	1
2006	S100A11	0.64924645	2.5007932	1.943904	44.55244	1
2066	S100A6	0.37143162	2.3911169	2.6832404	44.55244	1
2068	S100A4	0.3371686	0.72170347	1.0956612	9.301876	1
2069	S100A3	0.0005647872	0.15532489	6.6424375	8.10217	1
2072	S100A16	0.34607968	1.0419873	1.5873829	32.90406	1
2074	S100A13	0.51084316	1.3239039	1.3721141	42.889683	1
2076	AL162258.2	0.005918025	6.9849193e-10	-2.7903593	9.957472	1
2080	NPR1	0.00312209	0.11096774	4.763563	6.077992	1
2084	SLC27A3	0.0638684	0.33032742	2.3526697	11.940604	1
2086	AL358472.5	0.004757198	6.9849193e-10	-2.5253658	7.8280153	1
2089	SLC39A1	0.14237882	0.34530523	1.2722121	9.211596	1
2091	AL358472.3	0.0031770263	6.9849193e-10	-2.0624752	5.3437843	1
2095	RAB13	0.78103864	1.5916289	1.0260984	43.950382	1
2098	TPM3	0.39511344	1.6602921	2.0683203	44.55244	1
2107	SHE	0.0031930548	0.22320594	5.740679	13.241527	1
2117	KCNN3	0.011872723	0.38718167	4.914343	17.849499	1
2123	SHC1	0.11342187	0.65968996	2.5296104	25.996296	1
2131	ADAM15	0.026146922	0.40480307	3.9019191	19.313002	1
2134	EFNA1	0.07537929	0.23880646	1.650617	6.9242296	1
2140	AC234582.1	0.008422443	6.9849193e-10	-3.2361002	13.648025	1
2142	MTX1	0.112851664	0.24647121	1.1201053	5.9065795	1
2150	FDPS	0.33039758	0.8610464	1.3792025	24.15129	1
2152	RUSC1	0.0675998	0.19349341	1.5034449	6.672771	1
2158	AL353807.5	0.0028295922	6.9849193e-10	-1.9371898	5.0778136	1
2205	AL590666.4	0.0039063497	6.9849193e-10	-2.294649	6.8661814	1
2214	SH2D2A	0.0030404623	6.9849193e-10	-2.0145195	5.72563	1
2217	PEAR1	0.005316629	0.10862381	4.1172624	6.164562	1
2258	IFI16	0.15008597	0.5871742	1.9608737	19.207418	1
2276	AL590560.3	0.0067303046	6.9849193e-10	-2.950524	11.0751505	1
2279	TAGLN2	0.023627395	0.8992691	5.1920204	38.97936	1
2288	ATP1A2	0.3164608	0.13264824	-1.2481375	12.910097	1
2313	F11R	0.103335336	0.41778505	2.004982	16.200321	1
2334	PCP4L1	0.0029441048	6.9849193e-10	-1.9796969	5.052192	1
2335	MPZ	0.0046761865	6.9849193e-10	-2.504921	7.7470694	1
2338	AL592295.4	0.003564455	6.9849193e-10	-2.1904416	6.3700323	1
2417	MPZL1	0.22709297	0.5444368	1.2577901	13.78333	1
2425	TBX19	0.0050927754	6.9849193e-10	-2.6070986	8.702069	1
2469	FMO4	0.015411504	6.9849193e-10	-4.0366344	23.837843	1
2532	RASAL2	0.12853155	0.4095955	1.6644142	13.269339	1
2540	ANGPTL1	0.00397085	6.9849193e-10	-2.3134913	6.5906434	1
2543	ABL2	0.09746825	0.34959742	1.8320848	11.653842	1
2561	QSOX1	0.046631604	0.19851923	2.066537	6.282202	1
2568	AL162431.1	0.0032046372	6.9849193e-10	-2.0719802	5.208628	1
2572	IER5	0.062006738	0.19065848	1.6049598	5.487761	1
2590	LINC01686	0.0045395666	6.9849193e-10	-2.469772	7.1388273	1
2597	LAMC1	0.48442227	1.0949079	1.1748145	33.58511	1
2608	RGL1	0.063299924	0.22890194	1.8381296	8.411708	1
2620	EDEM3	0.1320151	0.31718767	1.2582878	6.7437696	1
2621	NIBAN1	0.047697093	0.20670903	2.0926564	7.567303	1
2623	RNF2	0.117551476	0.26457852	1.1636248	5.843555	1
2626	IVNS1ABP	0.14178184	1.0729834	2.9110873	38.578358	1
2630	HMCN1	0.008456739	0.19715989	4.3891783	9.752248	1
2664	AL390957.1	0.0030541462	6.9849193e-10	-2.019397	5.415356	1
2695	CRB1	0.0050416896	6.9849193e-10	-2.594951	8.150908	1
2713	NR5A2	0.00019089971	0.07568085	6.0087423	5.0431294	1
2724	INAVA	0.002943195	6.9849193e-10	-1.979364	5.917712	1
2775	AC105940.2	0.0028843489	6.9849193e-10	-1.9576716	5.349592	1
2828	ELK4	0.121330954	0.25656295	1.0741354	5.2035947	1
2846	SRGAP2	0.0880818	0.22492537	1.3426436	5.7424912	1
2879	CD34	0.0013993866	0.49500915	7.6915574	19.59964	1
2882	PLXNA2	0.22542374	0.61909026	1.4534531	15.260071	1
2933	LINC02608	0.0049609626	6.9849193e-10	-2.5755444	8.65027	1
2962	PROX1-AS1	0.03023377	0.0029597003	-2.9796436	12.259071	1
2970	PTPN14	0.027285151	0.21283613	2.9183888	10.005648	1
2994	LYPLAL1-DT	0.008490376	6.9849193e-10	-3.2464643	13.878857	1
3001	ZC3H11B	0.0029071667	6.9849193e-10	-1.9661218	5.2630706	1
3018	HLX	0.0020721313	0.69170576	7.816859	33.202393	1
3036	AIDA	0.23126689	0.57846904	1.318948	16.893158	1
3049	CAPN2	0.18562175	0.73236126	1.9744068	25.944515	1
3058	WDR26	0.19770439	0.398744	1.0084525	7.473302	1
3066	LBR	0.13269372	0.34477562	1.3709043	8.619849	1
3083	LINC01703	0.004882231	6.9849193e-10	-2.5563624	8.570345	1
3091	ITPKB	0.032536544	0.27501288	3.0409296	12.861652	1
3097	CDC42BPA	0.22905515	0.50602907	1.1400887	12.060627	1
3121	OBSCN-AS1	0.013919675	6.9849193e-10	-3.8991432	21.350937	1
3125	AL353593.3	0.0033911606	6.9849193e-10	-2.1346014	6.717428	1
3134	HIST3H2BB	0.009286188	6.9849193e-10	-3.3626354	15.032686	1
3173	FAM89A	0.03757619	0.28991336	2.9148068	11.900327	1
3244	NID1	0.21569148	0.8984781	2.0534456	27.881826	1
3248	EDARADD	0.0068308264	6.9849193e-10	-2.9691634	11.1375675	1
3249	LGALS8	0.14339168	0.35758957	1.3123457	8.021009	1
3268	CHRM3	0.002477062	0.09763803	4.8262033	5.5918193	1
3276	GREM2	0.1748423	0.05520741	-1.64545	11.177427	1
3346	AL627095.2	0.00308424	6.9849193e-10	-2.0300667	5.0336256	1
3445	PXDN	0.4399832	1.2785505	1.5368416	35.993065	1
3464	AC231981.1	0.0035547027	6.9849193e-10	-2.1873558	5.846144	1
3520	ASAP2	0.032792963	0.29836908	3.1471305	13.03977	1
3526	AC073195.1	0.011668509	6.9849193e-10	-3.6631737	18.312141	1
3546	ODC1-DT	0.0036295145	6.9849193e-10	-2.21086	6.5459223	1
3560	ROCK2	0.3333312	0.82463795	1.3042314	21.587368	1
3606	FAM49A	0.017460097	0.19172403	3.3840544	8.790293	1
3609	RAD51AP2	0.0048216395	6.9849193e-10	-2.5414243	8.246042	1
3622	LINC01376	0.0070245145	6.9849193e-10	-3.0044131	10.676732	1
3638	RHOB	0.09543465	0.37204018	1.9517074	12.252098	1
3672	FKBP1B	0.08781947	0.26667628	1.5915413	8.426458	1
3675	TP53I3	0.12007978	0.40662515	1.7512851	13.838592	1
3721	AGBL5-AS1	0.0028576325	6.9849193e-10	-1.9477147	5.181711	1
3728	CGREF1	0.010791334	6.9849193e-10	-3.559654	18.190214	1
3739	UCN	0.027509775	6.9849193e-10	-4.8333836	42.140823	1
3765	FOSL2	0.04080255	0.31203002	2.9046383	12.252069	1
3787	LBH	0.5051994	1.572704	1.6363866	39.289513	1
3821	RASGRP3	0.09058067	0.790921	3.1122415	29.85319	1
3823	FAM98A	0.13642254	0.27520895	1.0071412	5.4795723	1
3833	CRIM1	0.04830153	0.3512528	2.836907	13.350095	1
3849	QPCT	0.020144008	0.3834233	4.184375	20.615467	1
3852	CDC42EP3	0.16043237	0.6514427	2.0149214	20.180706	1
3875	ARHGEF33	0.0034935274	6.9849193e-10	-2.1678474	6.3559847	1
3885	SLC8A1-AS1	0.13284767	0.033666037	-1.9489973	13.324289	1
3898	EML4	0.101931766	0.24623136	1.2641734	5.78131	1
3940	EPAS1	0.012348094	0.496342	5.2195325	23.373308	1
3971	AC092650.1	0.003239086	6.9849193e-10	-2.0837522	5.5661793	1
4100	ACTR2	0.5389062	1.0942864	1.0205276	25.588442	1
4113	LINC01798	0.00651827	6.9849193e-10	-2.9103997	10.379341	1
4132	CNRIP1	0.05806033	0.21341266	1.8601288	7.433651	1
4149	ANXA4	0.14239718	0.30205393	1.0795579	6.4209514	1
4181	NAGK	0.120751664	0.2953401	1.2833122	6.771532	1
4186	PAIP2B	0.18203907	0.05906249	-1.6076155	12.4675865	1
4189	DYSF	0.045659393	0.5484809	3.55783	23.145317	1
4197	AC010913.1	0.015479486	6.9849193e-10	-4.0425982	25.36959	1
4232	AC005041.4	0.0033682175	6.9849193e-10	-2.1270437	5.9962773	1
4242	LBX2	0.0032299082	6.9849193e-10	-2.0806253	5.3498425	1
4257	HK2	0.443855	0.21216464	-1.0613669	11.9868555	1
4315	TCF7L1	0.12519014	0.31409326	1.3201797	8.228577	1
4317	TGOLN2	0.34055302	0.6868139	1.0099087	14.234387	1
4327	VAMP8	0.050103366	0.31182945	2.613886	12.4736595	1
4328	VAMP5	0.12735169	0.8470195	2.7239952	28.55134	1
4350	RNF103	0.08342659	0.28545344	1.7625313	9.633484	1
4361	CYTOR	0.06273102	0.53421944	3.0700629	21.929724	1
4375	AC062029.1	0.008908033	6.9849193e-10	-3.3085976	13.414826	1
4377	IGKC	0.057191808	0.0142505	-1.9319595	8.009076	1
4482	LINC00342	0.10898697	0.28811884	1.39433	6.735626	1
4498	AC013270.1	0.0035248268	6.9849193e-10	-2.1778617	6.337278	1
4508	SEMA4C	0.045890935	0.23776917	2.3482356	10.226024	1
4552	LYG1	0.0037203422	6.9849193e-10	-2.2388904	6.5104513	1
4553	TXNDC9	0.1830836	0.5057511	1.4609162	15.113185	1
4569	NPAS2	0.0044825333	0.1634111	4.906321	8.02305	1
4583	MAP4K4	0.5130013	1.3255548	1.3678405	35.268585	1
4596	SLC9A2	0.005349297	6.9849193e-10	-2.6665957	8.316839	1
4634	AC108058.1	0.003906304	6.9849193e-10	-2.2946355	6.6577396	1
4641	UXS1	0.048701398	0.22593829	2.1909418	7.96725	1
4664	SULT1C4	0.050415695	0.40608653	2.9850547	16.852987	1
4667	LIMS1	0.34271076	1.5998324	2.2195554	44.55244	1
4681	MALL	0.00055766676	0.4537298	8.189479	19.465454	1
4692	MIR4435-2HG	0.040612526	0.3599393	3.1166666	15.375517	1
4714	TTL	0.10903481	0.24804254	1.1784322	5.4782257	1
4720	SLC20A1	0.05824902	0.30461192	2.3668377	11.883335	1
4762	DPP10-AS1	0.0055810614	6.9849193e-10	-2.7183192	9.844714	1
4781	DBI	0.5424573	1.2723869	1.2284324	37.281834	1
4782	TMEM37	0.023642197	0.18523526	2.9179235	8.567646	1
4787	PTPN4	0.13027523	0.3367853	1.3635116	8.558218	1
4791	RALB	0.12328133	0.442944	1.836768	14.906241	1
4793	INHBB	0.00047585042	0.36461973	7.9526534	13.89034	1
4822	GYPC	0.49801874	1.2096618	1.2786301	33.669376	1
4827	BIN1	0.02630002	0.17811519	2.7139137	7.6876144	1
4927	DARS-AS1	0.033459842	0.007067615	-2.0947018	5.533611	1
4929	CXCR4	0.017115114	0.53105444	4.876308	16.358727	1
4961	ZEB2-AS1	0.0032406612	6.9849193e-10	-2.0842881	5.9034677	1
5001	NMI	0.00095906213	0.089054145	5.5225577	5.8950453	1
5011	FMNL2	0.044909988	0.17512943	1.9397562	6.037464	1
5015	ARL6IP6	0.06700247	0.18441623	1.4471086	5.7193933	1
5023	AC061961.1	0.0035915407	6.9849193e-10	-2.1989772	6.101199	1
5071	PSMD14	0.3117018	0.69831586	1.1611567	16.16289	1
5089	GRB14	0.013691091	0.0020256187	-2.2796395	5.3711514	1
5094	SCN2A	0.0030336045	6.9849193e-10	-2.0120685	5.3348064	1
5105	SCN9A	0.025290107	0.16920353	2.694669	6.6742964	1
5114	CERS6-AS1	0.009213956	6.9849193e-10	-3.3524687	14.522228	1
5115	NOSTRIN	0.01726983	0.17609839	3.277016	7.7814794	1
5140	GAD1	0.0040576817	6.9849193e-10	-2.3384752	7.0488243	1
5159	ITGA6	0.054054666	0.6805911	3.6299698	25.556091	1
5165	RAPGEF4	0.009441764	0.122715764	3.566592	6.3231335	1
5182	WIPF1	0.04591078	0.16829777	1.8515717	5.4103427	1
5200	HOXD8	0.0011627417	0.14237319	6.05077	7.876756	1
5212	LINC01116	0.0023875344	0.10199514	4.926197	6.618409	1
5216	AC079305.3	0.0071610464	6.9849193e-10	-3.028753	11.407184	1
5219	AC079305.1	0.0048972685	6.9849193e-10	-2.560046	7.867064	1
5249	SESTD1	0.14642215	0.3328179	1.179108	7.119482	1
5260	ITGA4	0.009602642	0.18600003	4.140543	8.5059595	1
5266	ITPRID2	0.17383455	0.54283583	1.6371808	16.059776	1
5271	FRZB	0.08548803	0.21862376	1.3444617	5.271439	1
5295	FAM171B	0.049421236	0.18790284	1.9055411	6.2711964	1
5298	CALCRL	0.02629854	0.83503497	4.9366674	36.29566	1
5299	TFPI	0.11379524	0.86504346	2.9153764	32.025337	1
5321	INPP1	0.055251148	0.17194688	1.6203747	5.7022424	1
5337	MYO1B	0.13349313	0.55027974	2.035252	18.195297	1
5348	AC068135.2	0.004285252	6.9849193e-10	-2.4019713	7.260249	1
5358	DNAH7	0.005652301	6.9849193e-10	-2.7338524	9.245899	1
5360	AC114760.2	0.00364511	6.9849193e-10	-2.2157118	6.417335	1
5361	HECW2	0.012679499	0.679538	5.6365886	27.394836	1
5398	SPATS2L	0.18212923	0.36673293	1.0057962	5.8183017	1
5414	CFLAR	0.13279064	0.42404765	1.6676474	10.534995	1
5448	RAPH1	0.04169454	0.18964179	2.158741	6.8578935	1
5458	NRP2	0.29561356	0.9998235	1.7545311	25.897799	1
5479	KLF7	0.08007452	0.23546265	1.5442919	6.483819	1
5492	CCNYL1	0.022157384	0.16741829	2.8625045	7.8187065	1
5543	FN1	0.2908158	0.96925145	1.7333008	13.866206	1
5601	VIL1	0.003937941	6.9849193e-10	-2.3039086	6.817188	1
5603	CNOT9	0.055462908	0.1770598	1.6569866	5.9712534	1
5639	TUBA4A	0.035602637	0.30434883	3.0604389	13.904089	1
5660	INHA	0.5046948	0.18337256	-1.4556429	21.315704	1
5690	WDFY1	0.14721042	0.3768888	1.3503149	10.821327	1
5740	SP100	0.009643715	0.2841125	4.7434573	13.435869	1
5760	LINC00471	0.013880102	6.9849193e-10	-3.8953116	20.309275	1
5796	DGKD	0.14076312	0.37756732	1.4170675	9.570505	1
5834	ACKR3	0.00083093205	0.41576678	7.8305182	14.813051	1
5846	RAB17	0.011339444	6.9849193e-10	-3.6252043	16.915632	1
5855	ESPNL	0.005717704	6.9849193e-10	-2.7479672	9.551043	1
5859	LINC02610	0.016355444	6.9849193e-10	-4.1173153	27.14748	1
5902	GPR35	0.0035426351	6.9849193e-10	-2.1835284	6.4594016	1
5946	LINC01238	0.0030518249	6.9849193e-10	-2.0185707	5.03694	1
5950	LINC01238-1	0.0035175206	6.9849193e-10	-2.1755302	5.9045544	1
5984	AC026202.2	0.00324396	6.9849193e-10	-2.08541	5.8609343	1
6069	PPARG	0.005260215	0.119680375	4.268835	5.132521	1
6103	FGD5	0.0018585677	0.25386643	6.478305	13.938542	1
6110	SH3BP5	0.078683645	1.0586609	3.7331753	44.55244	1
6118	ANKRD28	0.058437955	0.24440023	2.0456803	8.704895	1
6123	DPH3	0.24683982	0.5434045	1.1352711	12.362668	1
6144	SATB1-AS1	0.010511012	6.9849193e-10	-3.5249417	16.65006	1
6145	KCNH8	0.0038714125	6.9849193e-10	-2.2843392	6.6514916	1
6166	THRB	0.0048812707	6.9849193e-10	-2.5561268	7.962125	1
6196	TGFBR2	0.295032	1.00981	1.7716869	34.727654	1
6200	OSBPL10	0.014941178	0.21372323	3.751648	12.081688	1
6206	CMTM7	0.0479771	0.1933756	1.988668	7.1033206	1
6207	CMTM6	0.23611955	0.5487444	1.2131462	12.624823	1
6223	LINC01811	0.0038097845	6.9849193e-10	-2.2659712	7.1713395	1
6228	ARPP21	0.18443471	0.054521512	-1.7397927	14.258544	1
6240	AC097359.2	0.025126528	0.0017652264	-3.240046	17.383783	1
6245	CTDSPL	0.11102525	0.42218226	1.9174551	13.814654	1
6255	ACVR2B-AS1	0.004837014	6.9849193e-10	-2.5452294	9.242798	1
6257	EXOG	0.058603797	0.18338305	1.62923	6.447148	1
6268	AC092053.4	0.006082725	6.9849193e-10	-2.8243034	10.133916	1
6278	AC099332.1	0.0029119612	6.9849193e-10	-1.967891	5.034845	1
6310	HHATL	0.1183166	0.04324627	-1.4311671	8.44783	1
6328	SNRK	0.057604596	0.650992	3.4757686	27.472118	1
6331	ABHD5	0.07120891	0.27239934	1.9207609	9.876217	1
6334	AC006058.3	0.0033661285	6.9849193e-10	-2.1263535	5.760977	1
6337	AC104187.1	0.004920669	6.9849193e-10	-2.5657592	8.326548	1
6342	ZKSCAN7	0.025016045	6.9849193e-10	-4.7013288	38.43686	1
6348	AC124045.1	0.0071961265	6.9849193e-10	-3.0349412	12.277624	1
6352	KIF15	0.0067422306	6.9849193e-10	-2.9527483	11.1994505	1
6356	ZDHHC3	0.16740474	0.41464457	1.3034174	10.773177	1
6363	LIMD1	0.06037953	0.27765995	2.182676	9.711591	1
6388	TMIE	0.003649237	6.9849193e-10	-2.216993	6.3076787	1
6393	NBEAL2	0.009449654	0.13715212	3.7247305	7.3066697	1
6412	FBXW12	0.0029933108	6.9849193e-10	-1.9975843	6.163782	1
6419	SHISA5	0.33055335	0.7256479	1.1320155	17.9527	1
6462	BSN-DT	0.004587341	6.9849193e-10	-2.4821608	7.6514735	1
6472	INKA1	0.02498642	0.29746217	3.5217183	14.6091175	1
6482	RBM5-AS1	0.009371784	6.9849193e-10	-3.374591	14.375516	1
6487	GNAI2	0.6893084	1.7886984	1.3744037	44.55244	1
6489	U73166.1	0.007876639	6.9849193e-10	-3.1500125	13.188389	1
6497	HYAL2	0.20500465	0.8830187	2.1014	33.092533	1
6514	DOCK3	0.0061616856	6.9849193e-10	-2.8402982	10.488658	1
6515	MANF	0.34978715	0.7364742	1.0719968	14.474128	1
6543	TWF2	0.07557325	0.31212777	2.031839	11.189081	1
6544	AC006252.1	0.0032413248	6.9849193e-10	-2.084514	5.8589964	1
6555	STAB1	0.001114265	0.104987025	5.647588	6.521239	1
6601	ARHGEF3	0.028847178	0.13030975	2.1373074	5.1956334	1
6619	FLNB	0.03015449	0.22465876	2.8566308	9.670685	1
6629	AC135507.1	0.0028615384	6.9849193e-10	-1.9491746	5.6315947	1
6644	PTPRG	0.0992061	0.25245574	1.3387635	6.7344475	1
6671	ADAMTS9	0.17370693	1.1957866	2.7761571	39.94006	1
6688	TAFA1	0.003403082	6.9849193e-10	-2.1385126	5.4498477	1
6691	EOGT	0.018008994	0.1925818	3.3481894	9.587468	1
6712	GPR27	0.046177015	0.010530475	-2.032632	6.6635146	1
6727	GXYLT2	0.15024291	0.06653441	-1.1631728	6.7578497	1
6738	LINC00960	0.08640392	0.2840647	1.7055194	8.639358	1
6740	ROBO2	0.1305028	0.042225998	-1.6051224	9.668513	1
6745	ROBO1	0.118360564	0.5136093	2.1081512	17.0811	1
6855	CBLB	0.126408	0.30769843	1.2767422	6.9874263	1
6858	LINC00882	0.051481526	0.008947973	-2.3993351	10.452482	1
6869	CD47	0.19830376	0.5021157	1.3359213	12.751479	1
6889	NECTIN3-AS1	0.008639056	6.9849193e-10	-3.2688909	14.062052	1
6903	TBILA	0.005883473	6.9849193e-10	-2.7831357	9.511353	1
6905	AC112487.1	0.0063810954	6.9849193e-10	-2.883834	11.115343	1
6916	AC074044.1	0.0028000819	6.9849193e-10	-1.9260294	5.0750113	1
6919	AC078785.1	0.0040053795	6.9849193e-10	-2.3234785	7.5429873	1
6978	CD80	0.0045760903	6.9849193e-10	-2.4792528	7.17756	1
7004	POLQ	0.012798445	6.9849193e-10	-3.7864327	19.645731	1
7005	ARGFX	0.0028485865	6.9849193e-10	-1.9443277	5.0202327	1
7006	FBXO40	0.50068116	0.19983214	-1.3207805	19.104	1
7007	HCLS1	0.0010481729	0.09337751	5.5260334	5.5798626	1
7025	PARP14	0.056164548	0.3122504	2.4541237	13.031848	1
7037	MYLK	0.06910312	0.4581645	2.7114606	12.834178	1
7045	ITGB5	0.07264007	0.2293765	1.6454307	6.7459197	1
7048	HEG1	0.08306344	0.2607704	1.6387515	6.781206	1
7059	ALG1L	0.008371291	6.9849193e-10	-3.2282467	13.953634	1
7071	KLF15	0.018310025	0.0028638248	-2.3212483	5.292176	1
7106	GATA2	0.0052176863	0.08962323	3.865431	5.0460563	1
7134	PLXND1	0.116100915	0.8114753	2.7945716	33.418762	1
7143	AC130888.1	0.00537882	6.9849193e-10	-2.6732886	8.904075	1
7153	AC010210.1	0.0047476953	6.9849193e-10	-2.5229826	7.596904	1
7158	CPNE4	0.0054883924	6.9849193e-10	-2.69786	9.165491	1
7197	SLC35G2	0.031783443	0.17563893	2.4297643	7.246711	1
7264	PLS1	0.10124118	0.023008933	-2.0903332	11.944215	1
7268	PCOLCE2	0.055169854	0.008829593	-2.5145924	9.053396	1
7275	CHST2	0.00982016	0.20916872	4.279754	10.3941	1
7320	TM4SF18	0.002625837	1.3124789	8.500863	44.55244	1
7321	TM4SF1	0.020184277	1.6552236	6.2887597	44.55244	1
7325	WWTR1	0.39092612	1.5423317	1.9773946	44.55244	1
7373	RAP2B	0.1305076	0.49330825	1.9102646	15.717171	1
7386	MME	0.0016875918	0.18517771	6.1142225	7.208676	1
7389	STRIT1	0.006388247	6.9849193e-10	-2.885231	10.035267	1
7409	LEKR1	0.0046640313	6.9849193e-10	-2.5018282	7.6540933	1
7410	LINC00880	0.019250246	0.0021215738	-2.697594	9.028182	1
7417	VEPH1	0.0014071715	0.20960474	6.451055	11.3891735	1
7428	LXN	0.028996663	0.5633247	4.2336516	22.477745	1
7433	AC080013.1	0.0037334235	6.9849193e-10	-2.242883	6.4782286	1
7440	SCHIP1	0.029084373	0.14827096	2.3108473	5.641966	1
7478	AC079822.1	0.006387049	6.9849193e-10	-2.884997	9.716344	1
7487	MECOM	0.020099929	0.4444408	4.399924	20.252392	1
7510	CLDN11	0.0030904422	6.9849193e-10	-2.032256	5.909434	1
7522	PLD1	0.05673479	0.22439733	1.9649576	7.672142	1
7529	TNFSF10	0.00022622652	0.2412272	7.6259913	9.5749445	1
7577	PEX5L	0.0050723134	6.9849193e-10	-2.6022453	8.985575	1
7585	CCDC39	0.0030949777	6.9849193e-10	-2.0338545	5.441104	1
7590	SOX2-OT	0.007717008	6.9849193e-10	-3.123832	11.726987	1
7651	AC107294.3	0.005598586	6.9849193e-10	-2.7221558	9.922098	1
7673	DNAJB11	0.23394151	0.5108785	1.1234998	10.953727	1
7714	CLDN1	0.0031254767	0.1490717	5.184947	7.5557923	1
7724	CCDC50	0.33991376	0.74738383	1.1343716	19.302519	1
7729	FGF12	0.0018991552	0.16123894	5.8063436	9.271068	1
7747	LINC02028	0.0027355296	6.9849193e-10	-1.9013119	5.642893	1
7768	FAM43A	0.04714917	0.47315997	3.299791	21.851952	1
7791	TFRC	0.6938365	0.26276228	-1.3974353	28.657696	1
7803	AC117490.2	0.0042799287	6.9849193e-10	-2.4005175	7.3929553	1
7804	SMCO1	0.00607573	6.9849193e-10	-2.822878	10.576305	1
7820	MELTF	0.0033886237	6.9849193e-10	-2.1337676	5.8201914	1
7857	AC107464.1	0.005074564	6.9849193e-10	-2.6027796	7.9518433	1
7907	MXD4	0.1600159	0.38042986	1.2442145	8.996589	1
7915	SH3BP2	0.07264476	0.21965012	1.5831057	6.45957	1
7918	MFSD10	0.26398656	0.5889802	1.1547474	13.429105	1
7925	RGS12	0.07131515	0.23086232	1.6808985	7.286228	1
7938	LYAR	0.08148837	0.1967741	1.2615908	5.0757446	1
7952	CRMP1	0.13531667	0.32155845	1.2425984	7.1902857	1
8001	AC108519.1	0.009095057	6.9849193e-10	-3.335576	15.019753	1
8080	LDB2	0.042438727	0.864048	4.3157263	37.604523	1
8087	AC006160.1	0.0055011683	6.9849193e-10	-2.700698	9.290882	1
8105	AC096576.3	0.0041159955	6.9849193e-10	-2.3550138	6.6860375	1
8137	STIM2	0.13921922	0.36946103	1.4016377	8.856473	1
8195	KLF3	0.1576632	0.4456323	1.4931201	11.989757	1
8199	FAM114A1	0.20131992	0.54353136	1.4283768	15.832658	1
8201	KLHL5	0.07991396	0.3097726	1.9413987	10.831183	1
8204	WDR19	0.037752464	0.009372172	-1.90157	5.4322953	1
8231	UCHL1	0.2874722	1.6215497	2.4917586	35.167133	1
8232	LIMCH1	0.028072001	0.45701218	3.9776835	20.748196	1
8256	AC114757.1	-4.505273e-08	0.18338756	7.5266623	10.127687	1
8259	YIPF7	0.0061604115	6.9849193e-10	-2.8400416	9.767494	1
8308	RASL11B	0.011102668	6.9849193e-10	-3.5972521	17.956047	1
8332	KDR	0.1626039	1.2511951	2.9361804	44.55244	1
8334	SRD5A3	0.06709031	0.20564313	1.60162	6.2487674	1
8350	AC068620.1	0.0034469794	6.9849193e-10	-2.1528246	6.417913	1
8357	HOPX	0.0069568874	0.77300954	6.6040034	34.495785	1
8387	AC020741.1	0.0054856376	6.9849193e-10	-2.6972473	9.606856	1
8393	LINC02232	0.0050857477	6.9849193e-10	-2.6054335	9.377232	1
8405	UBA6	0.16825357	0.38617912	1.1938149	8.399674	1
8523	SEPTIN11	0.25152576	0.53541374	1.0869156	10.65093	1
8528	CNOT6L	0.1798335	0.44519424	1.3030099	10.569556	1
8535	BMP2K	0.091176294	0.23877613	1.3792204	7.0897164	1
8537	LINC01088	0.011833185	6.9849193e-10	-3.6818063	18.385588	1
8582	WDFY3-AS1	0.0035413099	6.9849193e-10	-2.1831074	6.303469	1
8684	DAPP1	0.00859562	6.9849193e-10	-3.262375	14.228876	1
8688	AC097460.1	0.0037040035	6.9849193e-10	-2.2338881	6.3002825	1
8691	EMCN	0.02007676	0.85796154	5.348869	28.232304	1
8722	CXXC4-AS1	0.0039792843	6.9849193e-10	-2.3159373	6.789899	1
8746	PAPSS1	0.13891345	0.36335045	1.380792	9.597423	1
8764	CASP6	0.103511676	0.25205952	1.2758125	6.7841473	1
8784	AC109347.1	0.0149697475	6.9849193e-10	-3.9972687	23.039026	1
8797	AC093879.1	0.0046994705	6.9849193e-10	-2.5108268	7.9889994	1
8814	AC092661.1	0.0027225972	6.9849193e-10	-1.8963084	5.271195	1
8821	SEC24D	0.08547459	0.3080593	1.8375355	10.721572	1
8838	NDNF	0.065351136	0.015646003	-1.9949454	7.6875086	1
8855	AC053545.1	0.005694448	6.9849193e-10	-2.742964	9.625666	1
8862	SPRY1	0.09249881	0.7054052	2.917476	28.715998	1
8871	ANKRD50	0.11375173	0.3163389	1.4675084	7.5966115	1
8913	PCDH10	0.09176458	0.2258572	1.2901385	5.136924	1
8939	SLC7A11-AS1	0.004705855	6.9849193e-10	-2.512442	7.02985	1
8960	MGST2	0.31255472	0.9012987	1.5248879	31.057188	1
8971	TBC1D9	0.019124815	0.18731527	3.2261026	8.562101	1
8989	SMARCA5-AS1	0.0035141027	6.9849193e-10	-2.1744382	6.3166466	1
9007	SMAD1	0.17054287	0.52938473	1.6284701	15.466761	1
9035	AC002460.2	0.0034540729	6.9849193e-10	-2.1551242	5.45142	1
9049	MAB21L2	0.002912894	6.9849193e-10	-1.968235	5.0902495	1
9073	FBXW7	0.094230145	0.29314274	1.6270261	7.0443606	1
9093	DCHS2	0.0032394635	6.9849193e-10	-2.0838807	5.3326364	1
9122	GLRB	0.015978552	6.9849193e-10	-4.0856404	24.967903	1
9129	GASK1B	0.038115665	0.26672447	2.7749305	10.349662	1
9157	MARCH1	0.048544988	0.008816393	-2.3354743	7.4510384	1
9170	MSMO1	0.23740456	0.61776996	1.3759912	16.957226	1
9213	GALNT7	0.09215008	0.24706407	1.4130839	6.862851	1
9223	HAND2	0.89042974	0.4344009	-1.0337768	22.144978	1
9234	HPGD	0.0033122157	0.15260313	5.1546345	6.4550543	1
9248	SPCS3	0.33548036	0.84908634	1.337087	27.486044	1
9332	AC108472.1	0.004089078	6.9849193e-10	-2.3474033	7.139591	1
9377	PLEKHG4B	0.021598268	0.003058313	-2.47726	6.4708886	1
9497	AC091965.4	0.0033562267	6.9849193e-10	-2.123078	5.4924264	1
9534	AC012629.2	0.0035193115	6.9849193e-10	-2.176102	6.2476277	1
9550	AC016575.1	0.0052514477	6.9849193e-10	-2.6441894	8.730262	1
9562	RETREG1	0.12799846	0.05667462	-1.1613454	5.5002184	1
9565	MYO10	0.030841807	0.8396781	4.7225595	32.48354	1
9657	NPR3	0.004224849	0.36616278	6.1348867	14.253965	1
9674	RAI14	0.056425203	0.40114444	2.807958	15.369561	1
9703	AC025449.2	0.0038541714	6.9849193e-10	-2.2792242	6.849759	1
9719	LIFR	0.12789883	0.26811078	1.0619609	5.0413356	1
9724	OSMR	0.0023930944	0.1169879	5.1198936	7.415975	1
9725	RICTOR	0.17038569	0.3438123	1.0085646	5.9544506	1
9729	DAB2	0.17668703	0.67717	1.9323084	21.08626	1
9754	SELENOP	0.18950114	0.3966393	1.0616605	8.285209	1
9772	AC114956.3	0.0026988266	6.9849193e-10	-1.8870666	5.2248244	1
9781	FGF10-AS1	0.003455243	6.9849193e-10	-2.155503	5.863172	1
9792	EMB	0.0113330465	0.13372011	3.4493642	6.7993145	1
9807	ITGA1	0.019383674	0.70211947	5.1082835	32.630608	1
9809	ITGA2	0.026348734	0.53313154	4.287649	22.162863	1
9826	ESM1	0.009105245	2.1829865	7.755716	44.55244	1
9870	PLK2	0.09832497	1.2829362	3.6922734	44.55244	1
9890	ZSWIM6	0.065572776	0.33173868	2.3213851	12.829701	1
9897	IPO11	0.039463494	0.36693335	3.1847515	17.64407	1
9918	AC010359.2	0.003375568	6.9849193e-10	-2.1294692	5.7313356	1
9928	MAST4	0.22792268	0.5824575	1.3497671	15.657394	1
10005	ARHGEF28	0.0006265277	0.13946076	6.432228	7.4905906	1
10013	ENC1	0.028576478	0.18532416	2.6552925	6.667571	1
10014	HEXB	0.09779451	0.3058598	1.6350769	10.212833	1
10022	ANKRD31	0.0039596604	6.9849193e-10	-2.3102403	6.3007793	1
10024	HMGCR	0.104542196	0.32983682	1.6482998	9.342639	1
10028	AC010245.1	0.0036543258	6.9849193e-10	-2.2185712	6.014918	1
10035	IQGAP2	0.013274714	0.24367258	4.0993185	11.143641	1
10039	F2R	0.043688424	0.49213827	3.4640193	22.445927	1
10041	S100Z	0.0028226203	6.9849193e-10	-1.9345609	5.177732	1
10083	RASGRF2	0.0011388549	0.21366799	6.6491246	11.139512	1
10110	HAPLN1	0.021854058	0.7359681	5.01108	21.683699	1
10111	EDIL3	0.03034054	0.21555896	2.788658	8.526919	1
10143	MEF2C	0.56097806	1.1550413	1.0406075	25.913702	1
10158	AC074132.1	0.0029170234	6.9849193e-10	-1.9697567	5.2402964	1
10198	GLRX	0.1886065	0.7060554	1.8988148	24.634779	1
10216	ERAP2	0.006991475	0.12336119	3.9599307	6.3693156	1
10230	AC008522.1	0.008979311	6.9849193e-10	-3.3189392	14.334968	1
10232	LINC02062	0.0045648734	6.9849193e-10	-2.476348	8.196303	1
10235	AC021086.1	0.008352663	6.9849193e-10	-3.2253761	13.614745	1
10236	FAM174A	0.13853173	0.28966898	1.0587839	6.0357227	1
10238	ST8SIA4	0.0038242526	0.2422369	5.655913	12.997132	1
10287	STARD4-AS1	1.0927312	0.53522354	-1.0283519	25.086063	1
10333	SEMA6A	0.13623384	0.4032214	1.5585093	11.071089	1
10334	SEMA6A-AS1	0.0048119198	6.9849193e-10	-2.5390136	7.819788	1
10367	SNCAIP	0.07788192	0.020296585	-1.8890727	8.935457	1
10418	SLC12A2	0.069370024	0.52536774	2.903038	22.618973	1
10497	SEC24A	0.06525662	0.18064666	1.4549984	5.4717345	1
10518	CXCL14	0.014094545	6.9849193e-10	-3.9159544	11.869756	1
10542	PKD2L2	0.0035285847	6.9849193e-10	-2.1790593	6.1443367	1
10575	ECSCR	0.002222647	0.9542636	8.211509	43.853474	1
10577	TMEM173	0.20044324	0.491935	1.2910241	12.383245	1
10597	HBEGF	0.023425188	0.42174557	4.113348	21.839613	1
10620	PCDHA5	0.0052550724	6.9849193e-10	-2.6450255	8.701125	1
10632	PCDHA13	0.0038073217	6.9849193e-10	-2.2652323	7.189802	1
10649	PCDHB8	0.0034298063	6.9849193e-10	-2.1472425	5.8468885	1
10689	DIAPH1	0.090989344	0.28154007	1.6189167	7.8610744	1
10695	ARAP3	0.007980244	0.17375448	4.282431	9.366952	1
10699	PCDH1	0.0018469553	0.098913394	5.1331863	5.7811646	1
10701	DELE1	0.09628446	0.26386708	1.4449872	7.4269447	1
10702	PCDH12	0.0007480809	0.47873595	8.100325	25.432028	1
10708	SPRY4	0.04272207	0.5159712	3.5636504	22.572495	1
10723	KCTD16	0.045631383	0.005742122	-2.7900264	14.303419	1
10768	HTR4	0.00890359	6.9849193e-10	-3.3079505	14.3847	1
10777	AFAP1L1	0.16822927	0.8548993	2.3384619	28.538818	1
10785	AC131025.2	0.0025780895	6.9849193e-10	-1.8391883	5.2370048	1
10798	CAMK2A	0.12919906	0.049959365	-1.3532999	7.2997217	1
10805	NDST1	0.056281302	0.27294672	2.257759	11.34634	1
10829	SPARC	0.30703935	2.2260556	2.853951	44.55244	1
10832	ATOX1	0.62616926	1.344078	1.1007631	35.91141	1
10834	AC091982.3	0.005499363	6.9849193e-10	-2.7002974	9.490612	1
10893	EBF1	0.009139681	0.16841179	4.06245	8.042682	1
10897	RNF145	0.14340998	0.42876476	1.5733767	13.359119	1
10901	AC008691.1	0.0035554091	6.9849193e-10	-2.1875796	6.805635	1
10963	AC011389.1	0.0044651795	6.9849193e-10	-2.4502678	7.2191405	1
10985	FGF18	0.074099205	0.021949958	-1.7103062	6.458508	1
10990	STK10	0.02424908	0.185847	2.8875546	7.597914	1
10993	SH3PXD2B	0.047001895	0.1813185	1.9252979	7.180575	1
11000	DUSP1	0.081314206	0.41238892	2.3282864	13.434056	1
11011	STC2	0.59945685	0.19039929	-1.649475	27.06734	1
11063	SNCB	0.033950686	6.9849193e-10	-5.127248	44.55244	1
11099	FAM153A	0.0866455	0.01787181	-2.2154472	10.148792	1
11107	FAM153CP	0.32232076	0.1101887	-1.5399559	17.220612	1
11108	N4BP3	0.026448475	0.12783572	2.2307348	5.5020595	1
11114	COL23A1	0.12248098	0.034463916	-1.7998651	11.397524	1
11122	ZFP2	0.0056519797	6.9849193e-10	-2.7337828	9.460697	1
11158	FLT4	0.0019961675	0.1614575	5.7608004	9.1345825	1
11161	MGAT1	0.109709695	0.27233517	1.3038894	7.928703	1
11163	LINC00847	0.071541846	0.01955322	-1.819449	7.2006865	1
11168	BTNL9	0.00089603814	0.16594526	6.460243	9.151505	1
11192	DUSP22	0.13550207	0.30025983	1.1420854	6.8938446	1
11232	AL133351.1	0.0064229597	6.9849193e-10	-2.8919935	10.87535	1
11234	RIPK1	0.024250371	0.116240196	2.2150908	5.034064	1
11238	TUBB2A	0.10447333	0.34180754	1.7005205	9.001079	1
11245	PXDC1	0.055959992	0.24148771	2.089891	8.916159	1
11321	C6orf52	0.01348658	6.9849193e-10	-3.856644	21.508076	1
11335	NEDD9	0.056412145	0.33013436	2.527989	13.867466	1
11345	AL157373.2	0.0063784285	6.9849193e-10	-2.8833127	9.486337	1
11350	AL008729.1	0.006253117	6.9849193e-10	-2.8586001	10.587704	1
11384	AL137003.1	0.00380352	6.9849193e-10	-2.264091	6.899608	1
11393	AL138824.1	0.003409828	6.9849193e-10	-2.1407213	5.7468033	1
11424	CASC15	0.007584314	0.13663559	4.003007	6.391659	1
11442	C6orf62	0.23614924	0.48384875	1.0317396	9.398318	1
11461	TRIM38	0.01568234	0.16340204	3.3008347	7.6185427	1
11567	Z98745.2	0.0033693346	6.9849193e-10	-2.1274126	6.75132	1
11575	AL662890.1	0.0032738443	6.9849193e-10	-2.0955334	5.702086	1
11611	HLA-G	0.005558852	6.9849193e-10	-2.7134423	9.949037	1
11629	HLA-E	0.10626635	1.0667167	3.3152595	43.17223	1
11631	GNL1	0.09821058	0.28187802	1.5116142	8.363128	1
11639	PPP1R18	0.091646895	0.3552137	1.9429284	12.535157	1
11644	AL662797.1	0.0039529265	6.9849193e-10	-2.3082802	6.9092464	1
11660	HCG22	0.015073065	6.9849193e-10	-4.0065722	22.878397	1
11670	HCG27	0.0053453096	6.9849193e-10	-2.6656895	8.809659	1
11672	HLA-C	0.41066927	1.2799859	1.637697	40.167156	1
11673	HLA-B	0.10977234	0.6438145	2.5412865	22.084316	1
11677	MICA	0.04439497	0.15835913	1.8116773	5.178858	1
11702	ABHD16A	0.09249609	0.20455955	1.1365784	5.014464	1
11708	DDAH2	0.2966202	0.6045035	1.0246631	12.888307	1
11709	CLIC1	0.7932715	1.836896	1.210351	44.55244	1
11725	ZBTB12	0.015065698	6.9849193e-10	-4.005911	24.117432	1
11742	AL662884.3	0.046558015	0.0023339638	-3.834378	32.12519	1
11750	GPSM3	0.046761714	0.29199404	2.6169448	12.197116	1
11751	NOTCH4	0.012257731	0.40719527	4.9443536	18.405552	1
11766	PSMB8	0.019582666	0.12658766	2.631987	6.8362856	1
11776	HLA-DPA1	0.006582418	0.10496529	3.80479	5.564043	1
11791	RGL2	0.1112428	0.41563106	1.8921474	14.560759	1
11806	IP6K3	0.003927836	6.9849193e-10	-2.3009531	6.626817	1
11819	PACSIN1	0.012358595	6.9849193e-10	-3.7396953	19.381098	1
11850	MAPK13	0.01242494	0.12652531	3.247796	5.794397	1
11862	CDKN1A	0.22834265	1.02219	2.1574974	28.166094	1
11922	FOXP4-AS1	0.009601639	6.9849193e-10	-3.4062142	16.222948	1
11965	RRP36	0.26644838	0.57396996	1.1042261	14.012523	1
11983	DLK2	0.013227952	6.9849193e-10	-3.8306549	22.01919	1
11997	VEGFA	1.4695244	0.71363115	-1.0410601	35.15276	1
12002	AL109615.3	0.14301582	0.066255465	-1.0985038	5.255848	1
12004	AL109615.2	0.030048082	0.0031029824	-2.9197593	11.123169	1
12039	ADGRF5	0.0027395836	0.6680497	7.483092	30.837656	1
12051	AL353138.1	0.0054807793	0.21096058	5.0314846	10.666067	1
12085	TMEM14A	0.11545922	0.24006559	1.0496008	5.494192	1
12095	ELOVL5	0.11908582	0.35067174	1.5501635	10.334331	1
12113	FAM83B	0.0035919189	6.9849193e-10	-2.1990962	6.648904	1
12119	COL21A1	0.04683891	0.32225996	2.7564385	11.0279665	1
12133	AL021368.1	0.003397692	6.9849193e-10	-2.1367455	5.363646	1
12147	EYS	0.0037052538	6.9849193e-10	-2.2342715	6.816309	1
12161	COL19A1	0.008887366	6.9849193e-10	-3.3055851	14.144995	1
12181	FO393414.3	0.0027725198	6.9849193e-10	-1.9155275	5.027121	1
12184	KCNQ5-AS1	0.0065773427	6.9849193e-10	-2.921691	11.563312	1
12200	CD109	0.26422846	0.7163027	1.4353465	20.693077	1
12204	COL12A1	0.0044493205	6.9849193e-10	-2.4460754	6.910181	1
12206	TMEM30A	0.32281905	0.6476683	1.0022931	13.199007	1
12212	MYO6	0.27501786	0.68010557	1.3031168	17.56572	1
12213	IMPG1	0.0032561808	6.9849193e-10	-2.0895584	5.620716	1
12232	LINC01621	0.0033756974	6.9849193e-10	-2.1295118	5.025176	1
12240	AL359715.3	0.008322592	6.9849193e-10	-3.22073	13.144123	1
12274	NT5E	0.0007209112	0.20660536	6.9145274	11.585401	1
12283	GJB7	0.00593115	6.9849193e-10	-2.7930937	10.0765085	1
12304	UBE2J1	0.17922653	0.8668944	2.267708	32.841454	1
12326	AL591519.1	0.0051132757	6.9849193e-10	-2.6119447	8.821287	1
12340	KLHL32	0.0040488318	6.9849193e-10	-2.3359487	6.883324	1
12379	PRDM1	0.00065764773	0.40754503	7.945214	18.526823	1
12397	AL024507.2	0.0046379836	6.9849193e-10	-2.4951782	7.6793294	1
12416	AL359711.2	0.006078692	6.9849193e-10	-2.8234818	10.175616	1
12429	METTL24	0.0031026583	6.9849193e-10	-2.036558	5.975541	1
12449	FYN	0.1834401	0.615846	1.7417579	21.752188	1
12454	LAMA4	0.29889426	1.4166378	2.2409632	44.55244	1
12468	MARCKS	0.35752857	1.922658	2.4236925	44.55244	1
12503	DCBLD1	0.022636736	0.14043057	2.5809913	6.204969	1
12519	GJA1	0.18681307	0.8489015	2.177998	28.067741	1
12534	NKAIN2	0.047309037	0.013059064	-1.7807925	5.7073035	1
12565	ARHGAP18	0.01879294	0.5008774	4.664277	21.02144	1
12567	L3MBTL3	0.025118075	0.15782697	2.6043355	6.7659855	1
12573	EPB41L2	0.07326645	0.3245349	2.1320295	12.624223	1
12613	SGK1	0.049225293	0.2669461	2.4154568	6.0317507	1
12653	IFNGR1	0.16971631	0.38906774	1.1921237	8.084713	1
12658	WAKMAR2	0.015044026	0.19033158	3.5759668	8.792794	1
12659	TNFAIP3	0.03012135	0.34862512	3.4898322	14.0323	1
12674	ABRACL	0.1118102	0.53856593	2.2579017	20.35234	1
12678	AL592429.2	0.0033711293	6.9849193e-10	-2.128005	6.5116487	1
12679	CITED2	0.4390962	0.97265047	1.1455851	23.883505	1
12700	AL355304.1	0.004549536	6.9849193e-10	-2.472366	8.040653	1
12708	PHACTR2	0.2859004	0.7360954	1.3613014	20.816643	1
12712	PLAGL1	0.13544998	0.38169068	1.4878066	10.195665	1
12716	UTRN	0.32066134	0.9397832	1.5483198	27.480389	1
12720	AL023806.1	0.006850753	6.9849193e-10	-2.97283	11.1648035	1
12727	RAB32	0.15742324	0.39837304	1.3339528	9.905627	1
12743	SASH1	0.11268216	0.36967152	1.7051353	10.868053	1
12777	PLEKHG1	0.0687419	0.3421189	2.2986107	12.348204	1
12785	AKAP12	0.2991298	0.78540593	1.3896877	16.201263	1
12798	MYCT1	0.0020737797	0.6233681	7.6662393	30.21378	1
12809	CNKSR3	0.062489588	0.21803667	1.7865806	6.3399487	1
12828	AL390955.2	0.00821499	6.9849193e-10	-3.2039814	13.199136	1
12831	SNX9	0.24533187	0.52727944	1.100698	9.231549	1
12835	SYNJ2	0.0136272935	0.16777568	3.5283723	7.5154676	1
12844	TMEM181	0.1336662	0.34465903	1.3599617	9.526334	1
12850	C6orf99	0.002712193	6.9849193e-10	-1.8922707	5.073821	1
12866	ACAT2	0.036359034	0.20894313	2.4904697	7.0735936	1
12928	RPS6KA2	0.1348813	0.4190944	1.6283666	11.203087	1
12933	RNASET2	0.081254244	0.20543964	1.327558	5.2301326	1
13032	PDGFA	0.08292208	0.49040505	2.5497904	16.511686	1
13040	AC073957.3	0.009885724	6.9849193e-10	-3.4443643	15.852733	1
13075	CHST12	0.08340013	0.21355133	1.3460057	5.5959363	1
13080	TTYH3	0.120208256	0.26879996	1.154402	6.2203336	1
13107	AC092171.3	0.0040009655	6.9849193e-10	-2.3222055	6.9740257	1
13113	FSCN1	0.31453204	1.0836521	1.7813741	36.460545	1
13160	AC060834.2	0.0033663572	6.9849193e-10	-2.126429	5.925985	1
13170	THSD7A	0.054308027	0.16564068	1.5911798	5.4861903	1
13178	ARL4A	0.0554978	0.31953603	2.50422	12.491287	1
13203	TSPAN13	0.17705083	0.4108026	1.2096636	10.019034	1
13206	AHR	0.025960097	0.19949825	2.894692	8.203934	1
13232	ITGB8	0.0033639222	6.9849193e-10	-2.1256244	5.533277	1
13240	RAPGEF5	0.003953216	0.65882176	7.057567	26.631742	1
13249	FAM126A	0.09864681	0.32734057	1.7202973	11.598421	1
13270	OSBPL3	0.029003937	0.17434588	2.54698	7.021866	1
13283	NFE2L3	0.003095463	0.10420726	4.683064	6.214374	1
13294	SKAP2	0.1295153	0.36392298	1.4833729	10.137083	1
13308	HOXA10	0.0037205112	0.10452612	4.4825134	6.4924507	1
13329	AC005162.3	0.00454142	6.9849193e-10	-2.4702547	8.294582	1
13343	FKBP14	0.13798651	0.3381738	1.2870798	8.134843	1
13395	TBX20	0.1733247	0.07969906	-1.1111531	6.3408675	1
13403	AC018647.1	0.0027869083	6.9849193e-10	-1.9210194	5.4978795	1
13404	SEPTIN7-AS1	0.015284756	6.9849193e-10	-4.0254493	23.980927	1
13462	RALA	0.28614402	1.0401049	1.8582691	33.170223	1
13530	IGFBP1	0.007929567	0.2657466	4.900736	6.64318	1
13531	IGFBP3	0.13626793	2.0157988	3.8770006	44.55244	1
13543	TNS3	0.017866323	0.13315235	2.829987	6.550826	1
13571	GRB10	0.13508628	0.51984745	1.9363391	16.713135	1
13595	AC074351.1	0.003934642	6.9849193e-10	-2.3029444	6.9191446	1
13600	VOPP1	0.05336165	0.16408037	1.6025075	5.2377453	1
13667	ASL	0.056592245	0.21773094	1.9252108	7.084496	1
13691	CT66	0.0052048364	6.9849193e-10	-2.633392	8.395696	1
13693	GALNT17	0.0039888895	6.9849193e-10	-2.3187177	7.463842	1
13694	CALN1	0.06791411	0.0125669455	-2.3447037	12.075127	1
13712	VPS37D	0.07730883	0.017603591	-2.0735939	11.728429	1
13774	PTPN12	0.30550903	0.72701085	1.2480303	20.083122	1
13788	GNAI1	0.11373931	0.5254556	2.197952	19.742668	1
13814	TP53TG1	0.14777292	0.3262153	1.1371281	6.7836947	1
13852	LRRD1	0.004405001	6.9849193e-10	-2.434294	7.327911	1
13874	GNG11	0.42553484	1.9006389	2.156508	44.55244	1
13889	PON2	0.35077435	0.72921836	1.0536777	15.593838	1
13898	DLX6-AS1	0.0034058094	6.9849193e-10	-2.1394062	5.194102	1
13899	DLX6	0.0028425911	6.9849193e-10	-1.9420784	5.266099	1
13904	AC079781.5	0.010911812	6.9849193e-10	-3.5743198	17.838701	1
13918	AC004834.1	0.0027936292	6.9849193e-10	-1.9235775	5.261467	1
13920	ARPC1B	0.143934	1.2558005	3.1162877	44.55244	1
13953	CNPY4	0.09431959	0.22677545	1.2567676	5.2322507	1
13978	SAP25	0.006005911	6.9849193e-10	-2.8085716	9.45043	1
13988	POP7	0.12316954	0.29195857	1.2383852	7.3070703	1
13991	EPHB4	0.050899636	0.16215551	1.6524515	5.0931034	1
14005	AP1S1	0.2198842	0.46607235	1.0803558	9.775094	1
14009	PLOD3	0.12085662	0.2707635	1.157167	5.963424	1
14027	ORAI2	0.12403725	0.4248652	1.7680387	14.596904	1
14031	RASA4B	0.0040624286	6.9849193e-10	-2.3398287	7.417629	1
14042	FBXL13	0.0075679617	6.9849193e-10	-3.098951	12.229821	1
14080	PIK3CG	-4.505273e-08	0.074469484	6.2378864	5.3394294	1
14113	DOCK4	0.053673174	0.6848691	3.6490283	33.271675	1
14139	TES	0.10678541	0.2631627	1.2932647	6.3617687	1
14143	CAV2	0.12326137	0.4937124	1.9932121	15.988684	1
14144	CAV1	0.10048923	1.1772636	3.5372639	40.30888	1
14178	FAM3C	0.25140458	0.50730264	1.0099497	11.006005	1
14230	LRRC4	0.005530326	0.16144754	4.636675	7.6706667	1
14236	HILPDA	0.8229062	0.40706995	-1.0136636	19.594856	1
14298	PODXL	0.02100199	0.44481114	4.340727	18.353283	1
14331	SLC13A4	0.002935606	6.9849193e-10	-1.9765849	5.3795986	1
14345	CREB3L2	0.13218167	0.2771142	1.0622818	5.413571	1
14350	SVOPL	0.008048312	6.9849193e-10	-3.1776476	12.612597	1
14355	ZC3HAV1	0.1466728	0.31932646	1.1171387	6.3054523	1
14386	DENND11	0.044310626	0.16191497	1.846198	5.4014874	1
14525	AC004889.1	0.009943124	0.18235725	4.0665607	10.265129	1
14548	PDIA4	0.24478796	0.55187964	1.1695511	14.42738	1
14560	ZNF467	0.1603208	0.41500378	1.3666642	10.930371	1
14564	ATP6V0E2-AS1	0.006941363	6.9849193e-10	-2.9893856	11.27898	1
14584	GIMAP4	0.0012148871	0.3893522	7.4613996	16.401543	1
14585	GIMAP6	-4.505273e-08	0.09281337	6.551787	5.7914715	1
14587	GIMAP1	0.00057063403	0.09898097	5.9922347	6.462671	1
14593	NOS3	0.014737338	0.17145284	3.4539385	9.368042	1
14609	CHPF2	0.049922448	0.17611977	1.7983516	7.5834036	1
14660	AC009403.2	0.0053188773	6.9849193e-10	-2.6596673	8.852765	1
14670	AC005534.1	0.006184359	6.9849193e-10	-2.8448584	10.430055	1
14674	MNX1	0.0028896672	6.9849193e-10	-1.9596455	5.3083234	1
14685	PTPRN2	0.0096749095	0.19428767	4.193305	9.182393	1
14698	LINC00689	0.0036088172	6.9849193e-10	-2.2043955	5.93235	1
14724	CLN8	0.07225355	0.20945269	1.5225254	6.482697	1
14728	ARHGEF10	0.09441535	0.24596922	1.3720379	6.489489	1
14758	ANGPT2	0.01743104	0.56360143	4.9370236	16.428797	1
14846	SOX7	0.004619005	0.18059018	5.014228	9.735078	1
14859	MTMR9	0.11888577	0.30890656	1.3701729	7.783707	1
14864	FAM167A	0.005862963	6.9849193e-10	-2.7788305	9.618017	1
14871	C8orf49	0.0048055113	6.9849193e-10	-2.5374222	8.642905	1
14875	CTSB	0.3206147	0.6525912	1.0230553	14.0555935	1
14899	DLC1	0.23575464	0.50947213	1.1084394	10.92961	1
14900	AC106845.1	0.002908805	6.9849193e-10	-1.9667265	5.0792584	1
14920	MTMR7	0.012976015	6.9849193e-10	-3.8048801	20.207073	1
14923	PDGFRL	0.029712966	0.0020020753	-3.3548157	19.858698	1
14940	AC100800.1	0.00411239	6.9849193e-10	-2.3539968	6.5162764	1
14947	CSGALNACT1	0.0035171253	0.22123626	5.6205454	10.436844	1
14966	GFRA2	0.0027119205	6.9849193e-10	-1.8921647	5.062097	1
14974	HR	0.004814676	6.9849193e-10	-2.5396976	7.700204	1
14978	BMP1	0.020798253	0.11974528	2.4696822	5.039099	1
14984	PIWIL2	0.004969416	6.9849193e-10	-2.5775888	8.632016	1
15005	TNFRSF10B	0.15571897	0.34073964	1.1247177	6.7854424	1
15009	TNFRSF10D	0.033590738	0.34731105	3.3319187	17.024927	1
15011	TNFRSF10A	0.0014884035	0.09222276	5.22739	5.2318087	1
15016	LOXL2	0.20056336	0.49865884	1.3097099	13.032527	1
15023	NKX3-1	0.018371962	6.9849193e-10	-4.275897	26.59403	1
15027	STC1	0.30330727	1.4317542	2.2351906	30.05696	1
15036	NEFL	0.48681253	0.17406932	-1.4784006	20.016483	1
15037	AC107373.2	0.015682925	6.9849193e-10	-4.0602994	23.556803	1
15056	DPYSL2	0.22784705	0.75207156	1.7184032	24.637669	1
15084	EXTL3-AS1	0.0057403906	6.9849193e-10	-2.7528312	9.1556835	1
15093	DUSP4	0.010098239	0.45679444	5.3662972	18.36118	1
15191	AC087623.2	0.0072172405	6.9849193e-10	-3.038653	11.42463	1
15193	FGFR1	0.14906615	0.5640395	1.9127531	19.231924	1
15199	TACC1	0.24095301	0.7205088	1.5762901	20.365915	1
15205	TM2D2	0.19763197	0.559571	1.4967992	16.083286	1
15217	TCIM	0.0017542847	0.5141222	7.547093	16.913918	1
15237	AC027702.1	0.005244797	6.9849193e-10	-2.6426537	8.697227	1
15249	AC090739.1	0.004090996	6.9849193e-10	-2.347947	6.8520665	1
15260	HGSNAT	0.09439212	0.29272062	1.6225024	8.8411	1
15302	AC064807.4	0.0047383895	6.9849193e-10	-2.520645	7.894987	1
15327	SOX17	0.0013857755	0.5264275	7.7883706	21.518671	1
15328	RP1	-4.505273e-08	0.09643951	6.6065	5.795465	1
15336	LYN	0.15993942	0.3926504	1.290397	10.704344	1
15452	AC021321.1	0.0067192498	6.9849193e-10	-2.9484596	11.733289	1
15455	PREX2	0.012592141	0.12563615	3.2198448	6.2829986	1
15472	TRAM1	0.38260388	0.8123081	1.0841845	21.288494	1
15509	AC087627.1	0.00019280554	0.11120956	6.5556927	5.807745	1
15513	AC103952.1	0.007188704	6.9849193e-10	-3.033634	11.186835	1
15545	HEY1	0.068567	0.5851432	3.074778	21.52779	1
15552	TPD52	0.603977	0.2787404	-1.1127918	17.666134	1
15599	CA2	0.007362744	1.0782217	7.0117993	39.054955	1
15718	ERICH5	0.00738257	6.9849193e-10	-3.0673916	13.276682	1
15768	RRM2B	0.08328558	0.3035643	1.8533891	9.026352	1
15774	KLF10	0.10517083	0.29665488	1.487253	7.312592	1
15785	BAALC	0.013654344	0.33469576	4.517754	15.567198	1
15886	SNTB1	0.0023448407	0.15788151	5.56987	9.458358	1
15919	FAM91A1	0.059623096	0.21480311	1.8317764	8.557066	1
15934	MTSS1	0.20199358	0.6307528	1.637926	17.447725	1
15941	SQLE	0.29515883	0.8162629	1.4644291	20.589046	1
15957	PCAT1	0.0071293907	6.9849193e-10	-3.0231462	11.49433	1
16045	PTK2	0.3023737	0.6603015	1.1242121	16.200548	1
16047	DENND3	0.014290075	0.19329523	3.667583	8.1725025	1
16055	AC100803.3	0.0027366108	6.9849193e-10	-1.9017293	5.255771	1
16058	PTP4A3	0.2631875	0.5490712	1.0580561	11.516318	1
16066	TSNARE1	0.0056954864	6.9849193e-10	-2.743188	9.677535	1
16108	AC067930.3	0.003062969	6.9849193e-10	-2.0225334	5.8451767	1
16124	MAPK15	0.002547706	6.9849193e-10	-1.8268853	5.1170564	1
16137	PLEC	0.23618871	0.53616196	1.1793218	11.770558	1
16158	SLC52A2	0.08369969	0.21771654	1.3686339	5.84229	1
16194	ZNF252P-AS1	0.0054320185	6.9849193e-10	-2.6852705	9.07103	1
16221	VLDLR-AS1	0.120013505	0.036302775	-1.6978134	11.01784	1
16229	RFX3-AS1	0.014351546	6.9849193e-10	-3.940311	21.486208	1
16230	AL354977.2	0.007774438	6.9849193e-10	-3.1333055	12.558211	1
16308	ZDHHC21	0.118661426	0.31277996	1.3907951	8.396939	1
16325	SH3GL2	0.0101664215	6.9849193e-10	-3.481094	15.456305	1
16369	CDKN2A	0.03414526	0.20112722	2.5238616	6.528013	1
16400	TEK	0.0010145757	0.13421004	6.0685825	7.9270105	1
16428	B4GALT1	0.121803604	0.30314353	1.3083993	7.2564025	1
16464	MYORG	0.0026215427	0.09973026	4.797749	5.677275	1
16466	FAM219A	0.10904058	0.3436415	1.6470608	10.472555	1
16468	ENHO	0.031139543	0.0074253	-1.9315495	5.8614874	1
16478	CCL27	0.0035259598	6.9849193e-10	-2.1782227	6.357133	1
16479	AL162231.1	0.15753587	0.075538434	-1.050553	5.640832	1
16566	AL953883.1	0.004058073	6.9849193e-10	-2.3385868	7.1820145	1
16584	CBWD6	0.008551317	6.9849193e-10	-3.2556987	13.715945	1
16617	AL512625.3	0.0055652186	6.9849193e-10	-2.714842	9.343511	1
16639	FAM27E3	0.0030330764	6.9849193e-10	-2.0118797	5.8619194	1
16651	AL161457.1	0.0034454307	6.9849193e-10	-2.1523223	6.276329	1
16672	SMC5-AS1	0.006329274	6.9849193e-10	-2.8736691	10.237306	1
16679	CEMIP2	0.047557645	0.5379647	3.4724205	23.82043	1
16691	ANXA1	0.07910931	0.96525675	3.5923645	38.224266	1
16704	OSTF1	0.11976831	0.59917945	2.3131518	24.492773	1
16706	PCSK5	0.017526202	0.115758754	2.6558917	5.0139294	1
16719	PSAT1	0.4370413	0.18261418	-1.2543894	14.4962015	1
16728	TLE1	0.021476002	0.17856781	2.9980714	8.086326	1
16764	AL353743.2	0.0140432995	6.9849193e-10	-3.9110482	21.483215	1
16785	CDK20	0.014426038	0.0017652264	-2.479898	7.280045	1
16786	AL353572.4	0.005485788	6.9849193e-10	-2.697281	9.735989	1
16797	SECISBP2	0.13856018	0.29917246	1.1049043	6.7072115	1
16808	DIRAS2	0.033636697	0.006928536	-2.1271749	5.6059947	1
16839	CARD19	0.11951245	0.3506429	1.5449287	11.192917	1
16849	BARX1	0.005876078	6.9849193e-10	-2.781585	10.026241	1
16857	AL691447.2	0.00422985	6.9849193e-10	-2.3867686	6.8440895	1
16875	AL161729.4	0.0028074747	6.9849193e-10	-1.9288334	5.033905	1
16888	SLC35D2	0.09027165	0.22239324	1.2913468	5.084817	1
16922	TRIM14	0.004033659	6.9849193e-10	-2.3316066	7.865369	1
16928	GALNT12	0.007451861	6.9849193e-10	-3.079268	12.479774	1
16930	COL15A1	0.008149963	0.54408807	5.8965797	19.67499	1
16961	CYLC2	0.010996112	6.9849193e-10	-3.5844939	16.511047	1
16982	SLC44A1	0.22391985	0.49210876	1.1324948	10.19009	1
17027	GNG10	0.32949176	0.86884886	1.3961505	27.400688	1
17032	PTBP3	0.1463342	0.4524656	1.6219006	14.118274	1
17034	C9orf147	0.0033551813	6.9849193e-10	-2.1227317	5.7453933	1
17048	CDC26	0.24923335	0.51192164	1.0354643	11.583107	1
17053	HDHD3	0.17272675	0.07618671	-1.1703955	7.0572104	1
17057	RGS3	0.19361678	0.5006043	1.3659135	12.870266	1
17083	PAPPA	0.0073202206	6.9849193e-10	-3.0566208	11.4152155	1
17145	PDCL	0.14954898	0.32778683	1.1269195	7.240038	1
17164	NEK6	0.06538143	0.23788473	1.847463	8.128356	1
17202	ANGPTL2	0.016174043	0.18693022	3.4518955	8.719747	1
17205	AL445222.1	0.0072102984	6.9849193e-10	-3.0374336	12.099896	1
17210	NIBAN2	0.06366817	0.24725626	1.9407024	9.037722	1
17217	SH2D3C	0.009315072	0.2309863	4.491214	11.898734	1
17221	ENG	0.38076884	0.9143433	1.2616136	18.976236	1
17224	ST6GALNAC6	0.18400063	0.39920473	1.113208	9.099432	1
17260	HMGA1P4	0.0032933922	6.9849193e-10	-2.102117	5.8072534	1
17270	LRRC8A	0.062083762	0.2615322	2.0571537	10.55338	1
17285	AL158151.1	0.010862013	6.9849193e-10	-3.568276	16.317986	1
17291	LINC01503	0.13024133	0.06346854	-1.0255549	5.0040603	1
17316	ASS1	0.30010042	0.11219505	-1.4114337	16.14107	1
17318	PRDM12	0.0058260704	6.9849193e-10	-2.7710543	9.991736	1
17338	RAPGEF1	0.07650727	0.2507692	1.6996982	7.7127867	1
17342	SETX	0.22929174	0.50450355	1.1342585	10.698027	1
17355	RALGDS	0.087229945	0.2108976	1.2640269	5.1277266	1
17360	MED22	0.15293862	0.07497496	-1.0187593	5.6799417	1
17365	STKLD1	0.007389093	6.9849193e-10	-3.0685139	12.944893	1
17385	RXRA	0.1381275	0.31060612	1.1633159	7.4399304	1
17435	NOTCH1	0.02045234	0.24493967	3.5190976	12.097466	1
17440	EGFL7	0.37777692	1.6373222	2.112799	44.55244	1
17442	DIPK1B	0.31859124	0.80423605	1.333184	20.932686	1
17444	LCN10	0.006181139	6.9849193e-10	-2.8442116	10.647192	1
17447	LCN15	0.0034266762	6.9849193e-10	-2.1462228	5.198087	1
17462	PTGDS	0.5708835	0.28195053	-1.0151715	10.120533	1
17463	LCNL1	0.0056590927	6.9849193e-10	-2.7353246	10.1055	1
17469	NPDC1	0.311487	0.77361697	1.309687	21.31758	1
17480	LRRC26	0.01589729	6.9849193e-10	-4.078719	24.887892	1
17500	NRARP	0.034861464	0.22738265	2.6709468	9.510685	1
17525	AL359878.1	0.005194584	6.9849193e-10	-2.6310062	8.644588	1
17529	IDI1	0.26657873	0.6259074	1.2282889	15.304448	1
17558	LINC02669	0.00031605095	0.12330989	6.561582	7.2876725	1
17562	KLF6	0.2034835	1.1440736	2.485384	34.01549	1
17611	AL157395.1	0.011518218	6.9849193e-10	-3.6459563	18.375809	1
17666	AL512770.1	0.004133038	6.9849193e-10	-2.359812	6.573585	1
17682	FRMD4A	0.057717633	0.1832115	1.6494975	5.4909143	1
17689	FAM107B	0.053505804	0.7425189	3.7698877	32.23777	1
17691	CDNF	0.0037850454	6.9849193e-10	-2.2585316	6.61117	1
17705	ITGA8	0.004966993	0.20525195	5.11126	8.532045	1
17711	RSU1	0.10468745	0.313315	1.572407	9.2136965	1
17741	AL353147.1	0.0038641877	6.9849193e-10	-2.282198	6.735695	1
17742	PLXDC2	0.36110625	0.118492894	-1.5994883	21.699732	1
17780	ARHGAP21	0.17670514	0.4406146	1.3133024	10.2914715	1
17797	ABI1	0.1399013	0.28497657	1.021212	5.842639	1
17806	MKX	0.0075438935	6.9849193e-10	-3.0948925	13.185778	1
17823	JCAD	0.05938215	0.42216802	2.8090365	15.659127	1
17839	ZEB1	0.42860413	0.8633858	1.0086675	16.565392	1
17856	NRP1	0.28933063	0.9388073	1.6946682	29.546259	1
17869	CREM	0.44696856	1.1986144	1.4211013	30.78349	1
17910	RASGEF1A	0.0033038384	6.9849193e-10	-2.1056228	5.5781817	1
17940	TMEM72	0.0035632835	6.9849193e-10	-2.1900713	6.1018376	1
17942	AL353801.3	0.0068813013	6.9849193e-10	-2.978433	11.151135	1
17960	LINC00842	0.0031299274	6.9849193e-10	-2.0461154	5.2625275	1
17964	AL356056.2	0.005050625	6.9849193e-10	-2.597083	8.193996	1
18010	PARG	0.12928909	0.04603346	-1.469957	8.819885	1
18021	AL589794.2	0.010780842	6.9849193e-10	-3.5583696	16.550348	1
18031	PRKG1-AS1	0.0076095546	6.9849193e-10	-3.1059375	12.123629	1
18046	AC010996.1	0.0032475395	6.9849193e-10	-2.0866263	5.71187	1
18060	SLC16A9	0.03189889	6.9849193e-10	-5.0399656	44.55244	1
18069	RHOBTB1	0.050568964	0.15624565	1.6084452	5.0814385	1
18077	ARID5B	0.122683756	0.33247852	1.4309378	7.499251	1
18085	EGR2	0.006439341	6.9849193e-10	-2.8951738	10.156159	1
18130	TSPAN15	0.04349343	0.32650203	2.8798397	15.345229	1
18136	COL13A1	0.30269185	0.6656909	1.1344099	10.963198	1
18147	PALD1	0.014341976	0.13027363	3.0970209	5.1880174	1
18178	OIT3	0.011054933	0.23993339	4.3209386	7.2416463	1
18184	AC016394.2	0.0030391254	6.9849193e-10	-2.014042	5.242456	1
18211	CAMK2G	0.06894018	0.20077376	1.5285453	6.0465417	1
18214	PLAU	0.0068618516	0.3701052	5.5608153	14.658419	1
18227	DUSP13	0.013286837	6.9849193e-10	-3.8366137	20.226955	1
18280	AL512662.2	0.0044857473	6.9849193e-10	-2.455687	7.228967	1
18283	TMEM254-AS1	0.003383757	6.9849193e-10	-2.1321669	5.8949876	1
18288	MAT1A	0.0056998106	6.9849193e-10	-2.7441192	8.8373995	1
18293	TSPAN14	0.08262354	0.3053829	1.8733547	10.192885	1
18331	MMRN2	0.0022082012	0.6131191	7.5806103	31.208376	1
18332	SNCG	0.018529858	0.34223783	4.135455	15.544778	1
18352	PAPSS2	0.037091028	0.30285212	2.9958463	14.60745	1
18354	KLLN	0.00767019	6.9849193e-10	-3.1160626	12.3043995	1
18364	STAMBPL1	0.08348096	0.031388704	-1.3831357	6.4483304	1
18368	FAS	0.0074059917	0.12516235	3.9077196	6.341783	1
18371	LIPA	0.026462732	0.6153938	4.488305	27.790691	1
18374	IFIT3	0.01781056	0.3550214	4.242349	16.645742	1
18381	AL157400.2	0.008281596	6.9849193e-10	-3.214372	14.106492	1
18414	HHEX	0.0024581421	0.22050978	6.0012293	11.0558405	1
18444	AL157834.1	0.0071968734	6.9849193e-10	-3.0350726	12.335339	1
18451	ENTPD1	0.006875584	0.28779566	5.1965184	13.0833	1
18456	AC021037.1	0.005050244	6.9849193e-10	-2.5969923	8.338013	1
18479	UBTD1	0.030854804	0.1750558	2.46645	7.2332544	1
18488	SFRP5	0.0033867536	6.9849193e-10	-2.1331527	5.8523073	1
18520	BLOC1S2	0.17688747	0.48641178	1.4541762	13.176406	1
18539	SFXN3	0.050807107	0.2606427	2.3363762	9.5490465	1
18573	RPARP-AS1	0.095932186	0.03395754	-1.4713721	6.3917236	1
18622	CFAP58	0.00473099	6.9849193e-10	-2.5187833	8.781345	1
18636	XPNPEP1	0.13672528	0.29846114	1.1205753	6.5704594	1
18667	AL158212.2	0.02675618	0.0022992329	-3.0726066	14.264876	1
18670	NRAP	0.0043401225	6.9849193e-10	-2.4168718	8.01997	1
18676	AL592546.3	0.0028662682	6.9849193e-10	-1.9509407	5.120391	1
18697	C10orf82	0.032331232	0.0066254684	-2.1279767	5.6691356	1
18719	CASC2	0.0160658	0.00246601	-2.2997603	5.382202	1
18735	RGS10	0.012659293	0.32892966	4.594204	14.463563	1
18762	PLEKHA1	0.34707254	0.77972895	1.1654338	18.198265	1
18784	CPXM2	0.0019356444	0.74049616	7.980618	31.48145	1
18788	CHST15	0.00055459805	0.16704494	6.7561617	7.735692	1
18817	ADAM12	0.013801726	0.253648	4.104667	12.680069	1
18822	DOCK1	0.10116062	0.25002694	1.2970028	6.7787123	1
18829	PTPRE	0.073365055	0.34620866	2.2231061	12.554589	1
18876	NKX6-2	0.0077426005	6.9849193e-10	-3.1280613	12.300626	1
18883	KNDC1	0.052289948	0.013786623	-1.8495708	6.1608744	1
18888	ADAM8	0.0040250244	6.9849193e-10	-2.3291295	7.3674326	1
18901	SCART1	0.0039305463	6.9849193e-10	-2.3017464	6.417713	1
18923	IFITM2	0.46582153	1.3596756	1.5433803	40.911663	1
18927	IFITM3	0.98795456	1.983717	1.0049571	44.55244	1
18935	SIGIRR	0.1313754	0.39573354	1.5835353	12.532564	1
18942	HRAS	0.21576054	0.5106483	1.2390503	12.022266	1
18955	EPS8L2	0.16482215	0.07414936	-1.1418039	5.3993087	1
19009	TNNI2	0.00326477	6.9849193e-10	-2.0924668	5.486755	1
19025	ASCL2	0.008970379	6.9849193e-10	-3.3176472	15.183467	1
19027	TSPAN32	0.044106178	0.009483922	-2.1051464	9.17975	1
19040	PHLDA2	0.0126225315	0.35266045	4.698298	16.62015	1
19058	ART5	0.019922387	0.0028979941	-2.4242435	6.093664	1
19063	RHOG	0.14920938	0.4977875	1.7314503	16.217073	1
19065	STIM1	0.08524352	0.2524887	1.5554333	7.269205	1
19112	AC104389.5	0.0066974093	6.9849193e-10	-2.944372	10.866266	1
19154	CAVIN3	0.20736791	0.7645642	1.8773903	21.366243	1
19155	AC068733.3	0.021208595	6.9849193e-10	-4.4730453	31.622494	1
19171	DCHS1	0.08827294	0.3504612	1.9770706	11.240623	1
19220	AKIP1	0.13287918	0.27542782	1.045971	5.619072	1
19223	TMEM9B	0.15856488	0.33946162	1.0933489	7.7013507	1
19225	NRIP3	0.012247947	0.21204713	4.007332	11.61875	1
19237	SWAP70	0.09070346	0.3655206	1.9988462	13.807371	1
19241	AC011092.2	0.0042046877	6.9849193e-10	-2.3798106	7.378841	1
19250	LYVE1	0.0009734683	0.6638933	8.396246	17.754608	1
19257	AC069360.1	0.0045487992	6.9849193e-10	-2.4721746	7.817405	1
19260	GALNT18	0.045875683	0.32256204	2.7871306	12.746705	1
19273	PARVA	0.10770373	0.35774502	1.7225573	11.651663	1
19301	CALCB	0.0035408158	6.9849193e-10	-2.1829505	6.2176156	1
19330	TPH1	0.0030132476	6.9849193e-10	-2.004769	5.071191	1
19372	HTATIP2	0.080776796	0.33774665	2.0504432	10.526687	1
19411	AC100771.2	0.004802449	6.9849193e-10	-2.536661	8.027712	1
19467	CD59	0.6058617	1.3224686	1.1248844	31.467049	1
19473	LINC02721	0.0034718695	6.9849193e-10	-2.160877	6.3555408	1
19474	LMO2	0.024034427	0.78912735	4.9800997	37.12326	1
19488	CD44	0.015304098	0.18798898	3.5349956	7.1502876	1
19491	SLC1A2	0.0062505715	6.9849193e-10	-2.8580937	10.1603	1
19548	CD82	0.03455264	0.1504129	2.0904596	5.7897086	1
19554	TP53I11	0.09830455	1.2207557	3.6209524	44.55244	1
19568	CHST1	0.005705037	0.373108	5.8020654	12.975393	1
19589	DGKZ	0.13542865	0.3303538	1.2802258	7.9044285	1
19607	PACSIN3	0.15778956	0.056901123	-1.4554529	9.02791	1
19710	SLC43A3	0.0023674709	0.26024455	6.2775917	11.540399	1
19726	CTNND1	0.20161699	0.46599606	1.2046552	11.386678	1
19809	TMEM109	0.11159272	0.32356855	1.5274096	8.5743	1
19840	FADS2	0.12589458	0.28149766	1.1546085	5.476329	1
19844	BEST1	0.03705916	0.009015273	-1.9260418	5.3891068	1
19860	AHNAK	0.23684478	1.20095	2.3372848	42.177696	1
19869	B3GAT3	0.11699222	0.31317186	1.4128623	8.586736	1
19912	ATL3	0.03683409	0.29413214	2.9636023	14.451585	1
19918	RCOR2	0.14279541	0.06082609	-1.21773	6.1979384	1
19924	AP006333.2	0.0058920896	6.9849193e-10	-2.7849405	9.607759	1
19925	FLRT1	0.008363897	6.9849193e-10	-3.227108	13.568376	1
19963	MAP4K2	0.05449051	0.38355118	2.7928627	16.055025	1
19994	CDC42EP2	0.009887518	0.220982	4.3496957	11.503988	1
20012	MAP3K11	0.079698466	0.245374	1.6102368	6.6392956	1
20014	SIPA1	0.016135555	0.12114597	2.8335414	5.7074623	1
20045	AP000759.1	0.006960637	6.9849193e-10	-2.992883	11.568061	1
20050	RAB1B	0.17809574	0.46586356	1.38227	14.158748	1
20076	CCDC87	0.0032279068	6.9849193e-10	-2.0799425	5.6539135	1
20081	SPTBN2	0.014119354	6.9849193e-10	-3.9183235	22.28088	1
20106	CORO1B	0.12521264	0.30499682	1.2776601	6.1734204	1
20124	ALDH3B1	0.0040714554	6.9849193e-10	-2.342399	7.293081	1
20133	AP002813.1	0.015792642	6.9849193e-10	-4.069756	26.466938	1
20161	CCND1	0.6860218	1.7106655	1.3169731	39.364277	1
20183	CTTN	0.23804806	0.5562192	1.2209443	12.4188	1
20246	RELT	0.017533874	0.13054733	2.8273456	6.8927746	1
20266	PGM2L1	0.13539608	0.35871994	1.3990719	7.5639753	1
20285	ARRB1	0.031631507	0.2357418	2.858977	10.238395	1
20290	GDPD5	0.004641584	0.09412743	4.0756893	5.10045	1
20302	UVRAG-DT	0.005444721	6.9849193e-10	-2.6881168	8.841868	1
20306	WNT11	0.18477523	0.090740174	-1.0179327	5.9254994	1
20317	LRRC32	0.0070199994	0.16067557	4.333356	8.137993	1
20321	AP003119.2	0.014826402	6.9849193e-10	-3.9842603	23.075628	1
20371	PRCP	0.25864014	0.64576	1.3167171	13.538981	1
20385	DLG2	0.06155247	0.020484803	-1.5417502	5.014151	1
20393	SYTL2	0.01321652	0.0020020753	-2.2435362	5.2338924	1
20405	PRSS23	0.79123926	1.7485993	1.1430165	44.55244	1
20408	FZD4	0.069199435	0.25632495	1.8740599	8.766795	1
20416	RAB38	0.08033426	0.2212548	1.4502795	6.791445	1
20422	NOX4	0.000880942	0.21258269	6.8271956	11.044597	1
20447	DEUP1	0.004556061	6.9849193e-10	-2.4740613	7.6349263	1
20476	ENDOD1	0.03249716	0.14303571	2.104316	5.419056	1
20485	MAML2	0.08403377	0.27593368	1.7034326	9.336322	1
20521	MMP1	0.023353217	0.9752137	5.3250127	21.684015	1
20534	CASP4	0.0032363269	0.16987567	5.333989	8.761448	1
20539	CARD18	0.0029668934	6.9849193e-10	-1.9880086	5.459654	1
20553	ELMOD1	0.0143328495	6.9849193e-10	-3.9385529	21.922707	1
20564	C11orf65	0.016488994	0.0022857646	-2.412146	6.2454953	1
20574	AP001981.2	0.0037705475	6.9849193e-10	-2.2541537	7.0038915	1
20578	ARHGAP20	0.0057290182	6.9849193e-10	-2.750395	9.4488735	1
20593	LAYN	0.02129133	0.17688043	2.9963531	5.8906736	1
20615	PTS	0.17366724	0.44284075	1.3454331	12.73439	1
20633	DRD2	0.003339381	6.9849193e-10	-2.1174881	6.6362844	1
20677	APOA1-AS	0.008705119	6.9849193e-10	-3.278745	15.242089	1
20683	PCSK7	0.103864715	0.29066947	1.475805	8.883998	1
20690	DSCAML1	0.002922446	6.9849193e-10	-1.9717526	5.3040338	1
20704	MPZL2	0.0015503565	0.115522936	5.513771	5.650355	1
20719	PHLDB1	0.055266403	0.21296667	1.9270405	8.22208	1
20729	UPK2	0.0053588473	6.9849193e-10	-2.6687644	8.777794	1
20752	MCAM	0.14296243	0.9210853	2.6792078	29.907602	1
20758	USP2-AS1	0.023832012	6.9849193e-10	-4.634128	37.03774	1
20760	THY1	0.03094683	1.0324163	5.015605	35.78143	1
20774	OAF	0.003957698	0.21320324	5.433166	12.363649	1
20778	ARHGEF12	0.32490763	0.74847287	1.2014133	15.37994	1
20805	SCN3B	0.006706902	0.12642795	4.047387	5.7262483	1
20837	NRGN	0.0065710666	0.3259607	5.432477	14.722236	1
20840	ESAM	0.00674547	1.16998	7.240148	44.55244	1
20847	ROBO4	0.0007028909	0.3256357	7.5835524	16.588627	1
20851	CCDC15-DT	0.013241705	6.9849193e-10	-3.832049	20.745918	1
20853	SLC37A2	0.0029071742	6.9849193e-10	-1.9661245	5.19652	1
20861	AP000708.1	0.0028013038	6.9849193e-10	-1.9264934	5.3946886	1
20904	ETS1	0.022946723	0.6841268	4.838471	32.375008	1
20907	FLI1	0.0018577253	0.1983717	6.1244497	10.162552	1
20910	KCNJ5	0.061864313	0.010682312	-2.4279153	11.655316	1
20925	ZBTB44-DT	0.0033646869	6.9849193e-10	-2.1258771	6.254078	1
20926	ADAMTS8	0.0053045633	6.9849193e-10	-2.6563954	9.405363	1
20944	OPCML	0.0040161605	6.9849193e-10	-2.3265824	6.9023194	1
20954	JAM3	0.10114295	0.636432	2.6416817	22.826853	1
20982	AC007406.4	0.005562136	6.9849193e-10	-2.7141645	8.749637	1
20983	SLC6A13	0.0037990534	6.9849193e-10	-2.262749	7.0063424	1
21083	CD9	0.20795016	1.6294527	2.964042	44.55244	1
21085	TNFRSF1A	0.15684457	0.45051473	1.5162684	14.250927	1
21141	RBP5	0.0035552215	6.9849193e-10	-2.1875203	6.261516	1
21153	CLEC4C	0.010278507	6.9849193e-10	-3.4955032	15.738662	1
21194	A2M	0.43203825	0.909598	1.0723199	15.9214115	1
21209	KLRF1	0.002700352	6.9849193e-10	-1.8876615	5.5814667	1
21210	CLEC2B	0.0019117986	0.1930708	6.058529	9.192941	1
21272	MANSC1	0.05357316	0.2156252	1.9889376	8.537146	1
21282	AC008115.3	0.0044664936	6.9849193e-10	-2.4506147	7.347918	1
21284	APOLD1	0.020983867	0.24237975	3.468692	9.835296	1
21294	EMP1	0.006380465	1.0304598	7.12676	41.1459	1
21319	ARHGDIB	0.0142223565	0.87888956	5.853059	41.719933	1
21363	RECQL	0.08688643	0.36960283	2.0761616	12.975969	1
21364	GOLT1B	0.070883796	0.21267872	1.5717047	6.1815543	1
21387	SOX5	0.03830404	0.18229997	2.2214572	6.4631033	1
21412	BHLHE41	0.11492156	0.04444095	-1.3510841	5.7332	1
21436	PPFIBP1	0.18818069	0.7664218	2.020255	25.563631	1
21455	FAR2	0.0028455802	0.10441729	4.7767663	5.702419	1
21458	AC009318.1	0.0078041414	6.9849193e-10	-3.1381812	13.261018	1
21491	RESF1	0.10362217	0.49777696	2.2532063	19.325712	1
21519	CPNE8	0.045585107	0.31485233	2.7613094	14.457455	1
21536	PDZRN4	0.0026920685	6.9849193e-10	-1.8844283	5.1991296	1
21541	GXYLT1	0.10423232	0.27914777	1.41261	7.600986	1
21547	AC079601.1	0.0040201154	6.9849193e-10	-2.3277194	7.558088	1
21594	AC004241.1	0.004506446	6.9849193e-10	-2.4611204	7.141633	1
21595	ENDOU	0.0051938007	6.9849193e-10	-2.6308239	8.33506	1
21600	HDAC7	0.14003114	0.5305314	1.914141	19.91605	1
21626	AC024257.4	0.004256334	6.9849193e-10	-2.394056	7.3015056	1
21638	ADCY6-DT	0.009318803	6.9849193e-10	-3.3672028	14.805675	1
21647	DDN	0.021885293	0.0034130462	-2.374574	5.563004	1
21659	TUBA1C	0.13543817	0.48441917	1.8309836	15.218639	1
21674	FMNL3	0.009835036	0.40879503	5.2411265	20.557274	1
21680	FAIM2	0.0042059743	6.9849193e-10	-2.3801672	7.443172	1
21687	AQP6	0.0037624128	6.9849193e-10	-2.2516916	6.035075	1
21695	LIMA1	0.10418142	0.36680755	1.8060712	10.641946	1
21714	SMAGP	0.015672136	0.29564494	4.1532264	15.618228	1
21728	ACVRL1	0.0019958	0.2740422	6.520568	13.293936	1
21730	GRASP	0.060727824	0.23678738	1.9456794	7.785678	1
21731	NR4A1	0.07104281	0.31796098	2.1464534	9.085523	1
21777	TNS2	0.040091146	0.20309688	2.3123548	6.71313	1
21779	IGFBP6	0.07665702	0.26360047	1.7686273	7.6241126	1
21795	AMHR2	0.18436582	0.07078217	-1.3686779	9.173563	1
21803	ATF7	0.10751149	0.2944426	1.4450299	7.7486186	1
21844	ITGA5	0.0657753	0.71617985	3.4249485	29.371819	1
21884	ORMDL2	0.18329535	0.38055065	1.0498549	7.743895	1
21903	ESYT1	0.08338462	0.21045601	1.3253056	5.2529545	1
21930	GLS2	0.0032739933	6.9849193e-10	-2.0955837	5.99655	1
21931	RBMS2	0.084678955	0.2726557	1.675349	10.464618	1
21951	AC137834.2	0.0049567954	6.9849193e-10	-2.5745354	8.463029	1
21960	GLI1	0.0048598372	6.9849193e-10	-2.5508595	7.8646417	1
21967	KIF5A	0.014368241	6.9849193e-10	-3.941879	21.715849	1
21990	AC083805.1	0.019983968	6.9849193e-10	-4.3912144	29.693594	1
22055	HMGA2	0.21587443	0.62054366	1.5189958	18.176165	1
22062	TMBIM4	0.39553693	0.81248987	1.0366691	20.231022	1
22085	RAP1B	0.48125666	1.0037957	1.0590293	23.793556	1
22089	MDM2	0.22313698	0.475551	1.0882499	8.732103	1
22092	CPM	0.0057598264	0.13323297	4.3116093	7.434396	1
22104	AC025263.1	0.0064753518	6.9849193e-10	-2.9021404	10.821141	1
22115	PTPRB	0.0015992728	0.24750015	6.5789948	12.0523815	1
22117	PTPRR	0.008623539	6.9849193e-10	-3.2665665	14.076821	1
22134	TRHDE	0.0045711896	6.9849193e-10	-2.4779844	7.5659065	1
22151	AC121761.2	0.003028818	6.9849193e-10	-2.0103557	5.495814	1
22161	PHLDA1	0.049939178	0.4943457	3.281588	18.207941	1
22176	NAV3	0.17239836	0.058439415	-1.5445985	10.160175	1
22219	SLC6A15	0.0046871356	6.9849193e-10	-2.5077012	8.231628	1
22235	KITLG	0.036588855	0.35472676	3.2423925	13.290953	1
22239	DUSP6	0.077834286	0.6804677	3.1117501	25.843828	1
22242	AC010201.2	0.010046982	6.9849193e-10	-3.4655793	14.835762	1
22263	DCN	0.004195525	6.9849193e-10	-2.3772686	6.472482	1
22289	SOCS2-AS1	0.0057969578	6.9849193e-10	-2.764888	9.978617	1
22302	CEP83-DT	0.005987404	6.9849193e-10	-2.8047554	10.398428	1
22311	USP44	0.01288827	6.9849193e-10	-3.795794	19.361359	1
22323	ELK3	0.11807355	0.4354401	1.8739306	13.958325	1
22341	IKBIP	0.29619032	0.69208795	1.2216513	17.78503	1
22369	GNPTAB	0.041040353	0.27809626	2.730916	12.390305	1
22370	DRAM1	0.0028553	0.12578255	5.039369	7.0615034	1
22413	ALDH1L2	0.06265278	0.01148544	-2.349977	9.917426	1
22430	RFX4	0.0036450839	6.9849193e-10	-2.2157037	5.8003206	1
22459	SSH1	0.13037314	0.3060017	1.2245762	7.35218	1
22473	KCTD10	0.14927366	0.30146232	1.0091631	5.870249	1
22480	GLTP	0.2311855	0.5789947	1.3207618	16.628136	1
22482	TCHP	0.08411055	0.19731477	1.2203822	5.002463	1
22483	GIT2	0.0977062	0.30642262	1.6390107	9.6480055	1
22494	VPS29	0.40399545	0.85169894	1.0741309	19.394915	1
22508	SH2B3	0.030432904	0.34132197	3.4450064	16.940344	1
22626	TMEM233	0.00048721372	0.09077561	5.947427	5.085923	1
22646	SRSF9	0.5398153	1.115229	1.0454252	31.729528	1
22669	P2RX7	0.002792288	6.9849193e-10	-1.9230675	5.152871	1
22697	MLXIP	0.078133345	0.31081155	1.9783167	10.91603	1
22718	VPS37B	0.06035917	0.23162441	1.9226518	8.718441	1
22727	CDK2AP1	0.41443416	0.88500667	1.0926977	24.557194	1
22749	AC068790.7	0.0060710665	6.9849193e-10	-2.8219268	10.2466545	1
22756	RFLNA	0.0041432357	6.9849193e-10	-2.3626752	6.6094513	1
22834	STX2	0.13882697	0.28839654	1.0494049	6.1831913	1
22890	AC127070.1	0.0032742894	6.9849193e-10	-2.0956836	5.29705	1
22944	ZDHHC20	0.11133741	0.2493879	1.1563264	5.558444	1
22955	SGCG	0.0036481465	6.9849193e-10	-2.2166545	6.195367	1
22960	TNFRSF19	0.25906178	0.108392574	-1.2493395	11.001915	1
22992	CDK8	0.17905036	0.0862788	-1.0446972	6.252697	1
23005	RASL11A	0.0029526749	6.9849193e-10	-1.9828283	5.7105904	1
23021	FLT1	0.03364177	2.3178308	6.064741	44.55244	1
23060	FRY-AS1	0.011634691	6.9849193e-10	-3.6593175	18.217428	1
23107	POSTN	0.16362756	0.05737438	-1.4957987	8.167944	1
23110	LINC02334	0.004025385	6.9849193e-10	-2.329233	6.7653947	1
23115	FREM2	0.09097342	0.031023817	-1.5220718	6.8433986	1
23121	LHFPL6	0.062103603	0.17805104	1.5045767	5.108556	1
23125	FOXO1	0.062451873	0.18907432	1.582829	6.4301357	1
23137	RGCC	0.00245426	0.7101956	7.685726	22.559399	1
23140	DGKH	0.22087453	0.6315827	1.51151	18.619295	1
23168	SERP2	0.1235646	0.3726299	1.5847157	11.083769	1
23195	LRRC63	0.0030600852	6.9849193e-10	-2.021509	5.3231974	1
23201	LRCH1	0.06129963	0.19635439	1.6634932	6.265436	1
23216	RB1-DT	0.010380409	6.9849193e-10	-3.5084796	16.36257	1
23219	LPAR6	0.0030218232	0.15996298	5.3227353	8.566402	1
23227	FNDC3A	0.37611914	0.76003873	1.0129496	15.919754	1
23232	PHF11	0.058941167	0.23314567	1.9657874	7.744883	1
23246	RNASEH2B-AS1	0.0041322433	6.9849193e-10	-2.3595886	6.9015107	1
23266	THSD1	0.0068226885	0.12722497	4.0348687	6.5461464	1
23295	PCDH17	0.01953572	1.2354733	5.9119515	41.8105	1
23346	KLF5	0.0040380294	0.11569698	4.533764	6.6775985	1
23386	EDNRB	0.013322633	0.17018268	3.579168	6.561816	1
23452	MIR17HG	0.0069252113	6.9849193e-10	-2.9864483	11.680831	1
23486	MBNL2	0.14758992	0.38890123	1.3917724	10.0111475	1
23489	RAP2A	0.10856519	0.33210438	1.6041847	10.182747	1
23502	STK24-AS1	0.0032779411	6.9849193e-10	-2.0969157	5.951022	1
23504	DOCK9	0.038593847	0.2485252	2.6558375	9.183134	1
23515	LINC00449	0.0106481835	6.9849193e-10	-3.542032	17.08905	1
23568	EFNB2	0.075423025	0.534359	2.8084273	18.734514	1
23597	IRS2	0.1659489	0.069135934	-1.2511809	7.6970057	1
23605	COL4A1	0.8020391	2.708479	1.7544732	44.55244	1
23606	COL4A2	1.117603	2.3948374	1.0988319	44.55244	1
23622	ARHGEF7	0.12995198	0.4135094	1.6623669	11.789291	1
23665	TMCO3	0.14812146	0.33754963	1.1828794	9.095551	1
23671	TMEM255B	0.0013334233	0.64526945	8.1135435	29.759912	1
23737	PNP	0.016174491	0.6660821	5.279525	29.184246	1
23752	RNASE1	0.0035522152	0.38986748	6.423967	22.39975	1
23929	MMP14	0.021473661	0.2718706	3.6019099	13.038462	1
23930	LRP10	0.20856094	0.70207334	1.7463052	23.785353	1
23994	TM9SF1	0.1309315	0.2772098	1.0763841	6.24137	1
23995	AL136295.6	0.0052112187	6.9849193e-10	-2.6348753	8.297321	1
24012	ADCY4	0.003196077	0.28238532	6.07758	13.782845	1
24032	AL079343.1	0.0030843322	6.9849193e-10	-2.0300992	5.4330997	1
24068	HEATR5A	0.06889176	0.18525268	1.4140668	5.0028157	1
24095	BAZ1A	0.15236829	0.35950783	1.2330302	7.9801717	1
24103	NFKBIA	0.2329572	0.4970585	1.0900706	10.653414	1
24139	CLEC14A	0.00055944896	0.51272976	8.36383	17.580338	1
24195	AL139099.1	0.0030213762	6.9849193e-10	-2.0076883	5.490899	1
24205	ARF6	0.17672436	0.40674093	1.1980114	9.10171	1
24231	TMX1	0.13802545	0.28914502	1.0614251	5.4729667	1
24242	GNG2	0.016808558	0.30549884	4.105239	15.493796	1
24258	AL139317.3	0.0030523334	6.9849193e-10	-2.0187519	5.108549	1
24344	DHRS7	0.17892139	0.39333668	1.1320611	7.499561	1
24357	PRKCH	0.058949407	0.2477646	2.0529637	9.043051	1
24364	HIF1A	0.3101878	0.6729808	1.114922	14.716899	1
24365	HIF1A-AS3	0.48317584	0.1553827	-1.6304501	24.951109	1
24367	SYT16	0.0034544612	6.9849193e-10	-2.1552498	5.6972327	1
24373	RHOJ	0.0049629533	0.19376023	5.029528	11.538583	1
24388	AL122035.2	0.012527675	6.9849193e-10	-3.757841	19.556786	1
24422	PLEK2	0.00083605095	0.10126559	5.799571	5.764583	1
24447	GALNT16	0.0040944098	6.9849193e-10	-2.348914	6.689535	1
24458	SMOC1	0.0029427223	6.9849193e-10	-1.9791911	5.3330493	1
24469	TTC9	0.010796145	0.2219857	4.240564	11.610185	1
24490	DPF3	0.14588374	0.05262872	-1.4535971	8.084109	1
24494	AL442663.3	0.0044308538	6.9849193e-10	-2.441178	7.2500653	1
24508	AC005225.2	0.0053876643	6.9849193e-10	-2.6752875	9.489765	1
24510	ACOT4	0.006602422	6.9849193e-10	-2.9264581	10.283045	1
24547	PGF	0.021881565	0.39446673	4.1112986	13.458646	1
24565	FLVCR2	0.007997641	6.9849193e-10	-3.169546	12.84614	1
24567	ERG28	0.23137006	0.52669835	1.1832892	13.571417	1
24579	VASH1	0.08698438	0.3055032	1.8005826	10.363827	1
24650	AL049775.1	0.0034929449	6.9849193e-10	-2.1676602	5.892285	1
24700	CALM1	1.1363658	2.9811647	1.3906636	44.55244	1
24748	PRIMA1	0.0075575225	6.9849193e-10	-3.097192	11.732223	1
24807	AL137786.1	0.0039839535	6.9849193e-10	-2.3172896	6.893413	1
24847	DEGS2	0.020898476	0.0025650454	-2.6188383	7.917446	1
24905	AMN	0.0032512508	6.9849193e-10	-2.0878863	5.2323875	1
24912	TNFAIP2	0.0023453794	0.21642154	6.022181	11.865906	1
24919	AL133367.1	0.005484553	6.9849193e-10	-2.6970062	8.713082	1
24930	XRCC3	0.0065580616	6.9849193e-10	-2.9180152	10.663176	1
24938	RD3L	0.008186429	6.9849193e-10	-3.1995032	13.355229	1
24939	ASPG	0.0073420936	6.9849193e-10	-3.0604084	12.377544	1
24964	AHNAK2	0.59887964	0.17053944	-1.8061327	32.98469	1
24967	GPR132	0.0041525243	6.9849193e-10	-2.3652782	6.9672794	1
24971	JAG2	0.06330429	0.19371597	1.5983844	5.648934	1
25216	CYFIP1	0.12419362	0.33567196	1.4271824	9.115944	1
25238	AC124312.2	0.0051127686	6.9849193e-10	-2.611825	7.6228704	1
25242	AC100774.1	0.0034002839	6.9849193e-10	-2.1375957	5.3352737	1
25253	GABRB3	0.009194983	6.9849193e-10	-3.3497863	14.5581455	1
25331	AVEN	0.09039486	0.21617042	1.2486427	5.5104833	1
25374	SPRED1	0.111050226	0.7075868	2.660799	26.207277	1
25390	THBS1	0.029732825	0.19368671	2.6633022	5.8387957	1
25395	GPR176	0.012752217	6.9849193e-10	-3.7815912	19.548094	1
25427	CCDC32	0.14847128	0.31333515	1.0724353	6.2082844	1
25445	DLL4	0.0006088391	0.26491135	7.3687816	13.109179	1
25473	EHD4	0.23903246	0.5923967	1.3057673	15.74002	1
25487	SNAP23	0.09680212	0.31639192	1.6983277	10.654975	1
25514	PPIP5K1	0.024041988	0.004590665	-2.1632571	6.37781	1
25516	STRC	0.003997094	6.9849193e-10	-2.3210883	7.1853356	1
25593	FBN1	0.024617812	0.15497184	2.6060665	6.7821126	1
25621	AC022087.1	0.00822713	6.9849193e-10	-3.2058809	12.545105	1
25638	GLDN	0.005381636	6.9849193e-10	-2.6739252	7.9874763	1
25646	LYSMD2	0.018478949	0.3449333	4.150506	17.124542	1
25647	TMOD2	0.033109833	0.58743674	4.108628	26.18309	1
25649	TMOD3	0.18513153	0.67384493	1.8582335	22.022276	1
25653	LEO1	0.13992795	0.28220925	1.0069106	5.467572	1
25664	CERNA1	0.0063940766	6.9849193e-10	-2.886369	10.225371	1
25692	AC012378.2	0.0088798655	6.9849193e-10	-3.3044903	13.709568	1
25695	NEDD4	0.09248868	0.28924444	1.6344049	9.42592	1
25707	AC010999.2	0.00294691	6.9849193e-10	-1.9807227	5.4511104	1
25732	AC090515.2	0.0033391109	6.9849193e-10	-2.1173985	6.4156384	1
25733	MINDY2	0.29616877	0.6174581	1.0573934	13.980769	1
25742	MYO1E	0.12689331	0.37733942	1.5647402	11.1005335	1
25756	ANXA2	0.5848382	2.004271	1.775223	44.55244	1
25758	RORA-AS1	0.003211807	6.9849193e-10	-2.0744383	5.8579164	1
25788	AC103740.1	0.00370231	6.9849193e-10	-2.2333686	6.1444473	1
25791	TPM1-AS	0.012373739	6.9849193e-10	-3.74133	19.745056	1
25796	RAB8B	0.0791811	0.2264491	1.5042096	6.004002	1
25797	APH1B	0.06878407	0.18236834	1.3937749	5.14679	1
25824	PLEKHO2	0.023800433	0.13169792	2.4197085	5.355483	1
25865	AC110048.2	0.00271561	6.9849193e-10	-1.893598	5.476631	1
25872	IQCH	0.00689481	6.9849193e-10	-2.9809036	11.904702	1
25897	AC026992.2	0.004548421	6.9849193e-10	-2.4720762	7.3717012	1
25939	CELF6	0.003595782	6.9849193e-10	-2.2003093	5.9407244	1
25941	HEXA-AS1	0.0044959136	6.9849193e-10	-2.4583583	7.579453	1
25962	CD276	0.13685396	0.6013481	2.1274567	23.238535	1
25993	AC100835.2	0.0042627044	6.9849193e-10	-2.3958035	6.642715	1
26007	SCAMP5	0.044375904	0.22504319	2.3166003	8.115451	1
26057	LINGO1-AS1	0.008906795	6.9849193e-10	-3.3084173	14.570469	1
26085	ADAMTS7	0.03707187	0.26044485	2.7797093	11.489821	1
26121	AC068870.2	0.0041591865	6.9849193e-10	-2.3671424	6.2656975	1
26122	TLNRD1	0.090373166	0.27751338	1.6079042	8.716242	1
26124	IL16	0.00038017472	0.08166419	5.90434	5.330553	1
26145	CPEB1	0.07116183	0.017432183	-1.9690089	8.764659	1
26147	AP3B2	0.0037747142	6.9849193e-10	-2.2554133	6.855207	1
26190	PDE8A	0.05061308	0.23882003	2.2161436	9.5854845	1
26218	ISG20	0.005800635	0.17424075	4.687525	8.392723	1
26243	MESP1	0.076105766	0.022952298	-1.6866748	8.0832405	1
26248	ZNF710	0.022605669	0.13977264	2.5761619	5.819083	1
26254	CIB1	0.23299803	0.5018419	1.1036085	11.431418	1
26260	IQGAP1	0.13912807	0.7858619	2.4893644	30.028336	1
26272	FURIN	0.0783023	0.31200492	1.9807506	11.50932	1
26369	IRAIN	0.0031967382	6.9849193e-10	-2.0692675	6.379792	1
26415	SELENOS	0.3461935	0.75815004	1.1286451	17.952145	1
26418	PCSK6	0.01314462	0.36768082	4.7040467	14.9326315	1
26434	RHBDF1	0.024790278	0.13700208	2.419791	5.646888	1
26435	MPG	0.34838498	0.7311544	1.0673302	16.529297	1
26469	AL022341.2	0.004437239	6.9849193e-10	-2.4428732	7.068827	1
26472	Z92544.1	0.0032884185	6.9849193e-10	-2.1004446	5.9384837	1
26487	CHTF18	0.011952755	6.9849193e-10	-3.6951861	18.305822	1
26518	AL031714.1	0.003865981	6.9849193e-10	-2.2827296	6.458933	1
26524	AL032819.1	0.0063759526	6.9849193e-10	-2.8828285	11.266751	1
26536	TMEM204	0.010684558	0.36814618	4.9815173	18.32934	1
26574	SLC9A3R2	0.22292511	1.0793984	2.2704751	36.91459	1
26613	AC093525.7	0.0042916774	6.9849193e-10	-2.4037242	7.2679653	1
26624	AC092117.1	0.0040344032	6.9849193e-10	-2.3318198	7.030371	1
26635	KREMEN2	0.005865994	6.9849193e-10	-2.7794676	9.4385805	1
26651	IL32	0.002354709	0.31740552	6.568534	12.209404	1
26698	CORO7	0.058235724	0.16740422	1.5073888	5.1155477	1
26751	PMM2	0.044533502	0.15829857	1.806733	5.2055197	1
26814	AC007216.3	0.004859017	6.9849193e-10	-2.5506575	8.66872	1
26818	SNX29	0.039288517	0.15049206	1.9108016	5.32496	1
26860	NTAN1	0.3110236	0.6918939	1.1509794	19.693813	1
26865	BMERB1	0.1202907	0.25717348	1.0898719	5.411446	1
26912	ITPRIPL2	0.06687956	0.41122624	2.602387	17.63788	1
26914	SYT17	0.0067708343	0.11126867	3.8527422	5.607552	1
26981	CDR2	0.02826959	0.15483697	2.412563	6.411978	1
26991	USP31	0.018729506	0.1766795	3.1708505	7.5934443	1
27042	KDM8	0.003788705	6.9849193e-10	-2.2596345	6.447637	1
27047	IL4R	0.036764253	0.26233047	2.8017814	11.503668	1
27067	NUPR1	0.32822984	0.069994174	-2.2133224	27.169474	1
27075	AC145285.2	0.0054585757	6.9849193e-10	-2.691215	9.347138	1
27117	AC120114.2	0.0027851993	6.9849193e-10	-1.9203682	5.0854926	1
27118	SEZ6L2	0.17141584	0.37813535	1.1368207	7.710803	1
27131	AC093512.1	0.0048828465	6.9849193e-10	-2.5565133	9.009318	1
27139	MAPK3	0.12625135	0.29293963	1.2078388	7.7516875	1
27150	MYLPF	0.002839102	6.9849193e-10	-1.9407678	5.0675936	1
27179	BCL7C	0.1859682	0.3859084	1.049199	9.443627	1
27204	PRSS36	0.008130701	6.9849193e-10	-3.1907246	13.725582	1
27208	PYCARD	0.012686568	0.19980004	3.874927	9.012217	1
27211	PYDC1	0.003020606	6.9849193e-10	-2.007412	5.1433997	1
27216	COX6A2	0.03391672	0.0052895346	-2.4728928	9.563454	1
27305	GPT2	0.18538664	0.084015645	-1.1324983	6.693509	1
27309	NETO2	0.04088988	0.23911469	2.51905	9.156529	1
27436	AC040168.1	0.0029398724	6.9849193e-10	-1.9781479	5.0380616	1
27471	CPNE2	0.023676869	0.39363047	3.9992712	19.896412	1
27494	KIFC3	0.034282926	0.16108805	2.1997356	6.4814706	1
27525	CDH8	0.005384675	0.23403956	5.2021465	8.070443	1
27530	AC040174.2	0.0042285672	6.9849193e-10	-2.3864148	6.906583	1
27531	AC138305.1	0.0093605695	6.9849193e-10	-3.3730304	15.142325	1
27547	CDH5	0.002237931	1.0902793	8.396732	44.55244	1
27554	CKLF	0.13915537	0.36856937	1.398818	10.76656	1
27568	AC044802.2	0.0036841044	6.9849193e-10	-2.2277722	5.991924	1
27572	RRAD	0.4399331	0.18808688	-1.2215104	15.50031	1
27585	EXOC3L1	0.0037251473	0.09930156	4.407841	5.953544	1
27590	FHOD1	0.017469615	0.24599494	3.7412558	13.097263	1
27603	RIPOR1	0.108392715	0.27860513	1.3538741	7.072322	1
27616	GFOD2	0.028831733	0.19329767	2.7033489	9.065296	1
27649	AC099521.3	0.007783483	6.9849193e-10	-3.134792	12.305807	1
27653	AC126773.6	0.005134151	6.9849193e-10	-2.6168625	8.358812	1
27654	CDH3	0.0072101373	6.9849193e-10	-3.0374053	11.545471	1
27678	NQO1	0.18556505	0.7864163	2.077448	22.460194	1
27699	MTSS2	0.051681105	0.0148885865	-1.7292948	5.166103	1
27747	AC116667.1	0.0029519312	6.9849193e-10	-1.9825568	5.159402	1
27767	MLKL	0.0008338727	0.14491983	6.3141384	8.477807	1
27770	ZNRF1	0.13894016	0.34807324	1.3187197	9.614147	1
27782	TMEM170A	0.15842523	0.32296902	1.0229758	6.6235666	1
27849	CDYL2	0.017326115	0.12850782	2.8210664	5.6311326	1
27865	AC009148.1	0.0060236496	6.9849193e-10	-2.8122199	10.0906315	1
27878	CDH13	0.01555272	0.3891059	4.5587254	18.652048	1
27894	MBTPS1	0.196373	0.4434883	1.1712208	10.646364	1
27911	COTL1	0.06721146	0.3935062	2.531962	14.293401	1
28011	CYBA	0.32571566	1.1941386	1.8710706	44.55244	1
28012	MVD	0.073672585	0.21638636	1.5416108	6.5016994	1
28019	PIEZO1	0.08950687	0.22821386	1.340595	6.1790066	1
28050	SPG7	0.22794119	0.47827578	1.0658789	9.636906	1
28053	CPNE7	0.0030676262	6.9849193e-10	-2.0241861	5.5824447	1
28069	TUBB3	0.046952717	0.36704427	2.9401948	13.253393	1
28070	DEF8	0.09756285	0.24351732	1.3108208	6.4966564	1
28086	AC129507.4	0.0031636986	6.9849193e-10	-2.0578647	5.77724	1
28092	RFLNB	0.046984144	1.0990946	4.518926	42.232296	1
28114	CRK	0.21184957	0.4575268	1.1071719	9.26058	1
28116	MYO1C	0.13704808	0.48916706	1.8281027	16.37929	1
28121	SCARF1	0.009312506	0.27333227	4.7334576	14.875271	1
28124	AC130343.2	0.006523985	6.9849193e-10	-2.911496	10.480986	1
28126	MIR22HG	0.0225664	0.1554492	2.730891	6.6040764	1
28130	SERPINF1	0.28539455	0.12714936	-1.1601777	9.83877	1
28160	AC005696.1	0.020193338	6.9849193e-10	-4.405538	31.447006	1
28179	TRPV3	0.0048949746	6.9849193e-10	-2.5594847	8.269918	1
28199	CYB5D2	0.11462453	0.29715016	1.3665916	7.5380545	1
28228	MINK1	0.07695777	0.20649047	1.4122804	5.382274	1
28263	DERL2	0.18554091	0.37385163	1.0068275	7.319146	1
28278	MED31	0.18162297	0.42220375	1.212484	9.7760515	1
28292	BCL6B	0.0008933196	0.27085224	7.165761	14.438359	1
28305	CLDN7	0.0035660476	0.18310356	5.333428	11.319506	1
28317	PLSCR3	0.056501567	0.22195274	1.9550648	7.5916247	1
28331	TNFSF12	0.026971174	0.20514798	2.8816676	9.2147	1
28358	ALOX15B	0.0029919334	6.9849193e-10	-1.9970866	5.3380346	1
28360	ALOX12B	0.003145787	6.9849193e-10	-2.051645	5.595071	1
28363	HES7	0.013756116	6.9849193e-10	-3.8832402	20.40156	1
28367	AC129492.4	0.0032059578	6.9849193e-10	-2.0724332	5.294806	1
28376	ARHGEF15	0.0006759361	0.2053936	6.9442873	11.858072	1
28407	DHRS7C	0.0028322716	6.9849193e-10	-1.9381988	5.053907	1
28418	MYH4	0.0032066158	6.9849193e-10	-2.072659	5.0308695	1
28420	MYH2	0.0038714325	6.9849193e-10	-2.2843451	6.2165775	1
28422	MYH3	0.0043852157	6.9849193e-10	-2.429003	7.174533	1
28433	AC015908.2	0.0030310862	6.9849193e-10	-2.0111675	5.2412643	1
28444	LINC00670	0.0032157102	6.9849193e-10	-2.0757747	5.3651795	1
28456	COX10-AS1	0.030819377	0.0056994455	-2.247792	6.631909	1
28463	HS3ST3B1	0.016934745	0.002540688	-2.3406556	5.599318	1
28474	PMP22	0.20035581	0.5631335	1.4862894	17.672512	1
28509	AC127540.2	0.0031601926	6.9849193e-10	-2.0566492	5.0393577	1
28551	MYO15A	0.0045117694	6.9849193e-10	-2.4625144	8.351846	1
28552	AC087164.1	0.0034305872	6.9849193e-10	-2.147497	6.0331974	1
28563	LINC02076	0.0072945673	6.9849193e-10	-3.0521657	11.164104	1
28595	MFAP4	0.16835646	0.056552082	-1.5571231	10.987376	1
28602	SLC47A1	0.010828567	6.9849193e-10	-3.5642023	18.109264	1
28615	AC005730.2	0.00275684	6.9849193e-10	-1.9095186	5.0832753	1
28636	AC087294.1	0.003303676	6.9849193e-10	-2.1055684	5.919881	1
28638	MAP2K3	0.07117333	0.20808856	1.5345763	6.28178	1
28661	AC069366.2	0.003362134	6.9849193e-10	-2.1250331	5.600889	1
28663	LGALS9	0.003051328	6.9849193e-10	-2.0183938	6.000448	1
28665	AC005697.2	0.002689341	6.9849193e-10	-1.883362	5.0717983	1
28669	NLK	0.08061918	0.22940083	1.4971657	5.900088	1
28678	TNFAIP1	0.11149699	0.47787625	2.0897663	18.599398	1
28685	AC002094.4	0.0036487943	6.9849193e-10	-2.2168555	6.6110125	1
28713	TRAF4	0.047759343	0.2112399	2.1219454	7.6989717	1
28776	AC127024.6	0.009473733	6.9849193e-10	-3.3887026	15.112756	1
28815	AC005899.6	0.012635321	6.9849193e-10	-3.7692757	19.819914	1
28876	SLFN5	0.1175022	0.424431	1.8440113	12.955603	1
28936	AC243830.1	0.0028676894	6.9849193e-10	-1.9514709	5.2709503	1
28959	TBC1D3L	0.0039486466	6.9849193e-10	-2.307033	5.968847	1
28967	ARHGAP23	0.02915033	0.21859609	2.8646066	9.242564	1
28984	LASP1	0.073525354	0.25432613	1.7765379	7.3804517	1
28992	AC091178.2	0.003942833	6.9849193e-10	-2.3053372	6.9814043	1
28997	STAC2	0.008945934	6.9849193e-10	-3.3141057	13.047128	1
28999	AC005288.1	0.004563	6.9849193e-10	-2.475862	7.947666	1
29017	AC090844.2	0.0037179403	6.9849193e-10	-2.238156	6.353807	1
29037	IGFBP4	0.4817787	0.9702311	1.0084525	21.004185	1
29107	KRT19	0.6858584	0.3411855	-1.0052341	11.38095	1
29123	ACLY	0.11343053	0.34684142	1.6039577	10.111422	1
29134	RAB5C	0.2886661	0.7692708	1.410975	20.757208	1
29145	CAVIN1	0.35354647	1.0690576	1.5936419	32.993156	1
29167	RAMP2	0.10675785	1.3628165	3.6617846	44.55244	1
29174	AOC2	0.0036187293	6.9849193e-10	-2.207495	6.560849	1
29238	MEIOC	0.00383328	6.9849193e-10	-2.2730014	6.2521186	1
29250	GFAP	0.006247336	6.9849193e-10	-2.8574498	10.302682	1
29322	SP6	0.0044975276	0.10238819	4.2331448	5.655065	1
29354	HOXB5	0.04317544	0.19313021	2.1357083	6.6673155	1
29355	HOXB6	0.007473699	0.16690232	4.3084865	7.702528	1
29356	HOXB7	0.009158575	0.33107445	5.0307364	16.2429	1
29357	HOXB8	0.0029455982	0.21179989	5.7531095	10.450091	1
29358	HOXB9	0.0044684215	0.20739277	5.252037	10.709662	1
29360	AC103702.2	0.00577508	0.11379085	4.082626	6.66388	1
29378	ABI3	0.0010458456	0.15903114	6.2895117	8.355513	1
29521	AC005962.2	0.0046059163	6.9849193e-10	-2.4869492	8.254582	1
29558	RNFT1-DT	0.0070326244	6.9849193e-10	-3.0058703	11.689731	1
29610	ACE	0.009965026	0.1434832	3.7199206	7.720726	1
29614	MAP3K3	0.08132015	0.22566245	1.4612279	6.5343823	1
29616	LIMD2	0.099847876	0.3571627	1.8284345	11.657374	1
29632	ICAM2	0.0006213052	0.47465253	8.196609	20.911196	1
29637	PECAM1	0.004008638	1.3887846	8.116227	44.55244	1
29642	SMURF2	0.17660151	0.50049186	1.4975823	15.282265	1
29652	CEP112	0.053837545	0.21759066	1.994996	8.247614	1
29667	PITPNC1	0.025376184	0.29506156	3.4885893	12.313734	1
29675	AC145343.1	0.0045959107	6.9849193e-10	-2.484372	8.155251	1
29708	KCNJ2	0.0037019704	0.4825429	6.6842346	22.345697	1
29734	SDK2	0.25672942	0.09418658	-1.437027	12.721833	1
29793	AC022211.2	0.005141708	6.9849193e-10	-2.6186388	8.462862	1
29810	ITGB4	0.0042424644	6.9849193e-10	-2.390244	7.5757747	1
29817	TRIM47	0.015706744	0.21551447	3.695961	11.396669	1
29835	UBALD2	0.09414649	0.4105303	2.1127763	15.654594	1
29866	SNHG20	0.036390133	0.15589155	2.0690384	5.5188127	1
29867	SEC14L1	0.18853123	1.1844466	2.6449232	44.55244	1
29884	TMC6	0.042796515	0.24330688	2.4798064	10.638816	1
29897	PGS1	0.078090034	0.20191476	1.359306	5.1792793	1
29903	AC022966.2	0.0047335727	6.9849193e-10	-2.5194335	8.60703	1
29931	GAA	0.0966535	0.22413956	1.205076	5.5884643	1
29938	RNF213	0.156772	0.3354196	1.0924206	6.7635474	1
29981	NPLOC4	0.12169767	0.28258747	1.2086858	5.94504	1
29998	ARHGDIA	0.28272235	0.8321696	1.5541303	31.0222	1
30008	MAFG-DT	0.07061846	0.017498316	-1.9529375	8.289669	1
30011	MYADML2	0.016141145	0.0020256187	-2.5021615	7.363428	1
30018	RAC3	0.16494146	0.373551	1.1744878	8.0786915	1
30072	LINC02564	0.0037438408	6.9849193e-10	-2.2460546	6.4179935	1
30078	AP000845.1	0.0030758684	6.9849193e-10	-2.0271065	5.7984805	1
30080	COLEC12	0.03729448	0.2390081	2.6478748	10.483127	1
30091	YES1	0.17016529	0.5857201	1.7772822	19.047384	1
30123	MYL12B	0.8441967	1.8849677	1.1579461	44.55244	1
30172	PTPRM	0.16266283	0.51368505	1.6529632	17.867165	1
30193	AP001033.1	0.0035697557	6.9849193e-10	-2.192116	6.2167797	1
30199	PPP4R1	0.13805646	0.3519848	1.3439353	9.143338	1
30203	RAB31	0.21406418	0.61804754	1.5252829	17.985874	1
30215	APCDD1	0.017088145	0.12148645	2.7595057	5.8967066	1
30216	NAPG	0.160083	0.38335183	1.2546233	10.950277	1
30221	PIEZO2	0.011737135	0.34682068	4.7712307	15.491828	1
30249	AP005264.1	0.006324185	6.9849193e-10	-2.872667	10.544725	1
30250	TUBB6	0.25459725	0.7883088	1.6267176	25.277378	1
30258	AP005482.3	0.0068609333	6.9849193e-10	-2.9746995	11.724728	1
30260	AP005482.1	0.005544381	6.9849193e-10	-2.7102559	9.448512	1
30365	AC007996.1	0.0034370655	6.9849193e-10	-2.1496048	5.7399282	1
30434	MAPRE2	0.1545519	0.35640353	1.2001579	8.014223	1
30439	AC011815.1	0.0031388695	6.9849193e-10	-2.0492358	5.527301	1
30445	INO80C	0.13571504	0.29943135	1.1358633	6.383231	1
30488	AC120049.1	0.0028053918	6.9849193e-10	-1.928044	5.0840273	1
30502	PSTPIP2	0.042282376	0.007824147	-2.294251	9.497951	1
30549	SNHG22	0.0052111666	6.9849193e-10	-2.6348634	8.230901	1
30550	MYO5B	0.0048311106	6.9849193e-10	-2.5437696	7.7569776	1
30583	TCF4	0.25752977	1.5796611	2.6121259	44.55244	1
30609	ONECUT2	0.006112996	6.9849193e-10	-2.8304563	10.350814	1
30637	SEC11C	0.09574645	0.29437745	1.610279	8.763705	1
30672	BCL2	0.0039985166	0.09704505	4.293873	6.44885	1
30690	SERPINB8	0.003630118	0.081591904	4.1568794	5.048224	1
30716	AC040896.1	0.003015377	6.9849193e-10	-2.0055344	5.334122	1
30770	TSHZ1	0.098775595	0.26646188	1.4225743	7.980319	1
30820	LINC01896	0.0041513876	6.9849193e-10	-2.36496	6.861441	1
30821	SALL3	0.006108072	6.9849193e-10	-2.8294573	10.023682	1
30849	PARD6G-AS1	0.0068248315	6.9849193e-10	-2.9680586	10.757126	1
30859	PLPP2	0.003872125	0.15348671	4.986788	8.502742	1
30878	FGF22	0.0025635846	6.9849193e-10	-1.8333281	5.007159	1
30890	PRTN3	0.018269442	6.9849193e-10	-4.268242	27.8291	1
30895	KISS1R	0.17272434	0.045549314	-1.8999681	16.610947	1
30905	ABCA7	0.16736148	0.05509242	-1.5856844	11.520821	1
30924	AC005329.1	0.0037361411	6.9849193e-10	-2.243711	6.593767	1
30998	AC119403.1	0.005790342	6.9849193e-10	-2.7634833	10.078578	1
31004	GNA11	0.12581578	0.27236965	1.1081188	5.6239476	1
31014	SMIM24	0.0037035323	6.9849193e-10	-2.2337437	6.467408	1
31023	GIPC3	0.0014528685	0.12305307	5.6603436	7.71191	1
31024	TBXA2R	0.0038013705	0.116913415	4.618138	5.8473053	1
31047	ANKRD24	0.0030907118	6.9849193e-10	-2.0323508	5.621538	1
31059	AC007292.1	0.004081234	6.9849193e-10	-2.345178	6.9919796	1
31071	TNFAIP8L1	0.030812057	0.34040058	3.42382	14.645199	1
31072	MYDGF	0.33548787	1.029861	1.6152235	33.428947	1
31099	PRR22	0.00519315	6.9849193e-10	-2.6306725	9.220655	1
31132	TUBB4A	0.018238593	6.9849193e-10	-4.26593	27.00399	1
31153	INSR	0.22358114	0.48274857	1.1070205	9.578523	1
31158	TEX45	0.0032756552	6.9849193e-10	-2.0961444	5.691482	1
31166	PCP2	0.004068245	6.9849193e-10	-2.3414853	6.627885	1
31178	AC010336.3	0.005200215	6.9849193e-10	-2.632317	8.814892	1
31180	AC010336.1	0.004459079	6.9849193e-10	-2.4486566	7.3283167	1
31191	AC010336.6	0.002920853	6.9849193e-10	-1.9711665	5.884887	1
31200	KANK3	0.00337942	0.16275282	5.224636	8.237758	1
31259	ANGPTL6	0.00523923	6.9849193e-10	-2.641367	9.223847	1
31276	ICAM3	0.02068073	0.1339865	2.63833	5.9032087	1
31288	ILF3-DT	0.30334553	0.14539795	-1.0558147	10.161305	1
31299	LDLR	0.06179047	0.45335022	2.8551872	18.118614	1
31302	DOCK6	0.024613116	0.45207763	4.1448035	22.075392	1
31308	RAB3D	0.035607144	0.1630185	2.1636615	5.6934977	1
31319	ELAVL3	0.0038827686	6.9849193e-10	-2.2876983	6.453835	1
31326	AC008543.1	0.004883245	6.9849193e-10	-2.556611	8.495684	1
31331	ZNF491	0.0056520714	6.9849193e-10	-2.7338026	9.769171	1
31374	JUNB	0.34048834	0.70402133	1.0458306	13.300161	1
31403	IER2	0.41064557	1.1459835	1.4783701	31.72087	1
31413	AC020916.1	0.037512895	0.23788013	2.6328735	7.7161894	1
31415	C19orf57	0.010702421	6.9849193e-10	-3.548734	17.539839	1
31423	IL27RA	0.02018893	0.20623805	3.2899063	8.877063	1
31466	EPHX3	0.0042870436	6.9849193e-10	-2.4024603	7.687242	1
31473	RASAL3	0.0040009855	6.9849193e-10	-2.3222115	6.5210905	1
31493	TPM4	0.7172389	1.8844978	1.3924098	44.55244	1
31504	KLF2	0.07311404	0.46947572	2.6663015	13.7155	1
31550	PLVAP	0.006703657	1.2940682	7.393269	44.55244	1
31566	COLGALT1	0.107437626	0.25302	1.2280765	6.4894085	1
31569	MAP1S	0.12852846	0.27701223	1.1018792	6.2514687	1
31586	RAB3A	0.10170401	0.03333148	-1.5808886	7.3323326	1
31587	AC005759.1	0.0041573355	6.9849193e-10	-2.3666248	7.363078	1
31609	TMEM59L	0.026215635	0.002442773	-2.9827929	12.704378	1
31619	HOMER3	0.18574311	0.40823716	1.1318821	8.422914	1
31811	CEBPA-DT	0.006824053	6.9849193e-10	-2.967915	10.88657	1
31817	KCTD15	0.0460753	0.16329123	1.8032134	5.652759	1
31841	ZNF30-AS1	0.0056574615	6.9849193e-10	-2.7349713	9.588154	1
31844	GRAMD1A	0.14337668	0.29307875	1.0263647	5.837416	1
31855	FXYD5	0.10387438	0.70156425	2.743968	28.56516	1
31868	LINC01531	0.0026500328	6.9849193e-10	-1.8679082	5.282536	1
31888	UPK1A-AS1	0.07640043	0.026133243	-1.5122801	5.864984	1
31933	AC092295.2	0.005155862	6.9849193e-10	-2.62196	8.033387	1
31962	AC016590.3	0.0030875755	6.9849193e-10	-2.0312443	5.0844264	1
31978	AC093227.3	0.00447927	6.9849193e-10	-2.4539826	7.4210663	1
32001	RYR1	0.0045443503	6.9849193e-10	-2.4710174	7.1238866	1
32007	ACTN4	0.2613323	0.71261346	1.4437474	22.086637	1
32040	GMFG	0.0086323125	0.48827285	5.666613	25.184917	1
32078	SERTAD1	0.113376975	0.35992047	1.6578842	10.882689	1
32092	RAB4B	0.050484728	0.16194898	1.662204	5.5601454	1
32106	TGFB1	0.19854526	0.5802877	1.5425364	16.635956	1
32119	PCAT19	0.0011297247	0.18476427	6.4466624	8.253571	1
32121	LINC01480	0.00015223864	0.13955067	6.930507	5.5934896	1
32135	ARHGEF1	0.06747328	0.23136513	1.7627805	6.5524983	1
32138	ATP1A3	0.051477697	0.008171898	-2.516412	9.987648	1
32179	ETHE1	0.1440713	0.33811542	1.2250142	8.080127	1
32190	PLAUR	0.018175185	0.45638007	4.5760813	20.080206	1
32236	NECTIN2	0.28539282	0.5817142	1.0247933	12.551709	1
32256	EXOC3L2	0.0037461822	0.28602874	5.918284	14.023713	1
32266	VASP	0.19638994	0.6618051	1.7475362	23.68954	1
32268	GPR4	0.0006197932	0.23544222	7.189534	15.064433	1
32288	NOVA2	0.013040914	0.28168342	4.331478	13.701921	1
32319	PRKD2	0.03673708	0.19842987	2.4018269	8.627887	1
32332	AC008532.1	0.0048136837	6.9849193e-10	-2.5394516	8.540363	1
32349	EHD2	0.040128484	0.1800829	2.1384406	7.74769	1
32354	CRX	0.0030314592	6.9849193e-10	-2.011301	5.211949	1
32366	CARD8	0.059457988	0.34947988	2.5353267	14.098307	1
32368	CARD8-AS1	0.008357093	0.2640497	4.8240585	13.695548	1
32389	DBP	0.28241676	0.0924254	-1.6010382	18.962713	1
32394	RASIP1	0.007817206	0.42130777	5.5818295	19.975222	1
32402	PPP1R15A	0.21392079	0.5095538	1.2482579	10.866564	1
32408	BAX	0.46173584	1.2260516	1.4069352	35.901215	1
32424	KCNA7	0.004091912	6.9849193e-10	-2.3482065	6.8755703	1
32447	FCGRT	0.1677258	1.3271863	2.976705	44.55244	1
32464	AC006942.1	0.028131694	0.005242722	-2.2223423	6.7672987	1
32470	PNKP	0.1154859	0.25645655	1.1441735	5.120311	1
32475	ATF5	0.644289	0.26504162	-1.2782935	15.442891	1
32491	SPIB	0.0030271113	6.9849193e-10	-2.0097444	5.1346116	1
32501	SYT3	0.0036066724	6.9849193e-10	-2.203724	6.192555	1
32504	CLEC11A	0.21915987	0.4872973	1.1492082	7.5161576	1
32595	ZNF528-AS1	0.0031829872	6.9849193e-10	-2.0645325	5.758828	1
32641	MYADM	0.2838387	0.8142257	1.5170544	24.79799	1
32645	CACNG8	0.025913576	0.20802379	2.957261	9.386493	1
32657	MBOAT7	0.17048673	0.43592438	1.3492867	12.886584	1
32677	CDC42EP5	0.15302421	0.39402688	1.3587936	8.314653	1
32702	TNNT1	0.17471491	0.06914363	-1.3248526	6.995902	1
32746	AC008735.1	0.003376762	6.9849193e-10	-2.1298628	5.819308	1
32807	ZNF749	0.08296884	0.2180565	1.3833771	6.4841986	1
32840	ZSCAN1	0.0029970189	6.9849193e-10	-1.9989234	5.6636677	1
32855	ZNF497	0.0042663896	6.9849193e-10	-2.3968132	7.073751	1
32910	SDCBP2	0.03541476	0.23460838	2.6937957	9.287825	1
32913	FKBP1A	0.75769424	2.13372	1.4924563	44.55244	1
32920	AL109809.5	0.008401968	6.9849193e-10	-3.2329617	13.590063	1
32957	C20orf194	0.12121724	0.2577525	1.0821248	5.327907	1
32964	SPEF1	0.0035996926	6.9849193e-10	-2.2015364	6.522412	1
32984	RASSF2	0.000854722	0.13625284	6.2094893	8.322325	1
33037	SNAP25	0.0626613	0.02377941	-1.3612747	5.1377115	1
33043	JAG1	0.117219366	0.31949314	1.438827	6.386399	1
33055	BTBD3	0.058759943	0.22985107	1.9497118	7.4467463	1
33063	SPTLC3	0.022973299	6.9849193e-10	-4.5833554	34.318615	1
33094	RRBP1	0.3481697	0.97796094	1.4873229	29.763876	1
33125	AL121761.1	0.011734965	6.9849193e-10	-3.670722	18.54589	1
33165	THBD	0.0014485159	0.18440497	6.2426286	9.941782	1
33166	CD93	0.0033186702	1.2768947	8.208966	44.55244	1
33202	APMAP	0.15766215	0.34088388	1.1075484	7.407536	1
33246	HM13	0.2706219	0.57360095	1.0809606	11.667541	1
33276	NOL4L	0.1038179	0.31442532	1.5894132	9.653495	1
33328	MAP1LC3A	0.2037425	0.46849188	1.1972896	10.208562	1
33336	MYH7B	0.2390525	0.072608046	-1.7054147	17.916933	1
33339	PROCR	0.039389558	0.43987343	3.4483104	20.935299	1
33348	GDF5	0.0047334954	6.9849193e-10	-2.519414	8.224995	1
33453	IFT52	0.088328294	0.20639245	1.2151742	5.0374327	1
33459	AL035447.1	0.0034018573	6.9849193e-10	-2.1381114	5.687787	1
33479	RIMS4	0.009209811	6.9849193e-10	-3.3518832	15.447922	1
33524	CTSA	0.115196705	0.26968	1.220019	6.4180684	1
33534	CD40	0.0032588644	0.5856052	7.1057773	25.189167	1
33552	AL031666.1	0.005351622	6.9849193e-10	-2.667124	8.574051	1
33554	NCOA3	0.08713496	0.30474192	1.794528	11.058805	1
33555	SULF2	0.009551384	0.4764345	5.499799	22.4689	1
33573	PREX1	0.027276235	0.39411423	3.8046079	18.593378	1
33585	B4GALT5	0.10885206	0.31832528	1.5394648	9.326614	1
33592	TMEM189	0.110768385	0.2807519	1.3339131	7.5546885	1
33596	CEBPB-AS1	0.03050805	0.0028401837	-3.0364733	13.126859	1
33680	PMEPA1	0.19844982	0.4597381	1.2079211	8.182843	1
33743	ADRM1	0.3306016	0.7648486	1.2076082	19.004972	1
33777	AL117379.1	0.004506479	6.9849193e-10	-2.461129	6.4855337	1
33833	SOX18	0.0015227786	0.6018352	7.900606	25.572264	1
33907	SAMSN1	0.0027046828	0.08291676	4.5015373	5.1395783	1
33999	CYYR1	0.007904332	0.26673505	4.910155	13.496	1
34000	ADAMTS1	0.20379198	0.5577865	1.448138	11.594576	1
34002	ADAMTS5	0.014861912	0.26428756	4.0639186	9.646541	1
34011	AF165147.1	0.014061011	6.9849193e-10	-3.9127457	22.68092	1
34087	URB1-AS1	0.009369727	6.9849193e-10	-3.374305	15.395645	1
34107	IL10RB	0.08152178	0.2933863	1.8348637	9.134313	1
34108	IFNAR1	0.23214851	0.50997275	1.1319971	10.362735	1
34109	IFNGR2	0.18304928	0.3704894	1.0132288	6.4317966	1
34176	AP001437.1	0.003468316	6.9849193e-10	-2.1597302	5.768013	1
34188	ERG	0.00033196528	0.20842722	7.2967486	11.219012	1
34191	ETS2	0.081486985	0.4979898	2.596772	19.876204	1
34221	BACE2	0.03869881	0.37631392	3.2485976	16.229101	1
34268	CBS	0.006231672	6.9849193e-10	-2.8543282	10.098868	1
34286	CSTB	0.78608775	1.7637869	1.1648977	44.55244	1
34289	AGPAT3	0.097868316	0.23616128	1.2622883	5.484022	1
34380	COL6A2	0.24841759	0.7931393	1.6708288	25.77876	1
34390	AP001469.3	0.005343244	6.9849193e-10	-2.6652198	8.42329	1
34395	DIP2A	0.113678634	0.28482035	1.3175118	6.6963468	1
34445	AC016026.2	0.004765254	6.9849193e-10	-2.527383	7.3683133	1
34461	TMEM191B	0.0068899337	6.9849193e-10	-2.9800122	11.293461	1
34471	DGCR9	0.0031358413	6.9849193e-10	-2.0481799	5.352724	1
34490	UFD1	0.205799	0.6193866	1.5849383	18.088507	1
34495	CLDN5	0.001393993	0.71169686	8.217726	23.692057	1
34508	AC006547.3	0.0031093839	6.9849193e-10	-2.038921	5.1250324	1
34541	P2RX6	0.007019558	6.9849193e-10	-3.0035217	11.898426	1
34545	AP000550.1	0.008837969	6.9849193e-10	-3.2983594	13.913662	1
34561	SDF2L1	0.12372274	0.36177105	1.5403348	10.556259	1
34568	PPM1F	0.033003166	0.36974156	3.446673	15.770827	1
34734	LRP5L	0.004081047	6.9849193e-10	-2.3451247	6.9308314	1
34742	MYO18B	0.25675586	0.12677273	-1.0124252	7.4961643	1
34755	TPST2	0.11403172	0.26048285	1.1846845	5.531762	1
34803	GAS2L1	0.045996465	0.1777998	1.9277211	6.156508	1
34848	TCN2	0.014437694	0.12378269	3.0148888	5.7080364	1
34879	YWHAH	0.49720225	1.4263072	1.5184926	43.774292	1
34903	TIMP3	0.8420106	1.7780751	1.0775048	39.82041	1
34928	RASD2	0.0115107475	6.9849193e-10	-3.645095	18.712471	1
34943	MYH9	0.44496074	1.0452777	1.2302773	25.196392	1
34983	CDC42EP1	0.040604725	0.24036057	2.5363708	10.541462	1
34989	LGALS1	0.14660396	1.010931	2.7773077	22.096996	1
35007	SLC16A8	0.0043799905	6.9849193e-10	-2.4276025	7.378276	1
35012	MAFF	0.01612704	0.21342157	3.6461022	10.016787	1
35013	TMEM184B	0.08485928	0.26003546	1.6041996	7.5508986	1
35030	JOSD1	0.109795295	0.27375504	1.3102493	6.915659	1
35054	PDGFB	0.012408582	0.2740044	4.3582263	12.758997	1
35066	CACNA1I	0.0058674375	6.9849193e-10	-2.7797709	8.904222	1
35075	AL022238.2	0.0069721816	6.9849193e-10	-2.9949734	11.142249	1
35095	TOB2	0.13771269	0.32425195	1.2294579	8.1345415	1
35099	AL023553.1	0.0045664683	6.9849193e-10	-2.4767613	7.463902	1
35107	SREBF2-AS1	0.01034838	6.9849193e-10	-3.5044134	15.425968	1
35109	SHISA8	0.003536038	6.9849193e-10	-2.1814318	6.1582446	1
35128	LINC01315	0.018431086	6.9849193e-10	-4.2802935	29.29673	1
35134	Z93241.1	0.004822897	6.9849193e-10	-2.541736	8.485393	1
35144	TSPO	0.19644101	0.64602363	1.7123966	18.793562	1
35154	EFCAB6	0.0037111542	6.9849193e-10	-2.2360795	6.872893	1
35165	SHISAL1	0.003808252	6.9849193e-10	-2.2655115	6.0758553	1
35169	LINC00207	0.0050967825	6.9849193e-10	-2.608047	8.509063	1
35172	ARHGAP8	0.012545114	6.9849193e-10	-3.7596996	19.555717	1
35232	AL078622.1	0.0033096713	6.9849193e-10	-2.1075768	6.2817683	1
35245	Z98885.3	0.0039147907	6.9849193e-10	-2.297129	6.479231	1
35251	CRELD2	0.061091296	0.24485521	1.985346	8.184094	1
35286	KLHDC7B	0.014379547	6.9849193e-10	-3.94294	22.416504	1
35295	SHANK3	0.016387213	0.23962745	3.7907026	11.239151	1
35310	IL3RA	0.007444325	0.36670923	5.4444394	17.755987	1
35324	CD99	1.081351	2.2346926	1.0465531	44.55244	1
35351	ANOS1	0.02586915	0.004262926	-2.3520136	5.134418	1
35371	MSL3	0.11098979	0.30669326	1.4581256	8.164151	1
35378	TMSB4X	0.74301463	4.262441	2.5186155	44.55244	1
35401	PIR	0.12897357	0.26979133	1.0589632	5.1031423	1
35405	CLTRN	0.018529817	0.0017652264	-2.820209	10.95849	1
35422	SCML1	0.06923129	0.21345618	1.6104971	6.0817814	1
35442	RPS6KA3	0.10449253	0.26870403	1.3542361	7.059592	1
35460	PTCHD1	0.052726775	0.18224198	1.7700369	5.292625	1
35462	ACOT9	0.13653494	0.37125492	1.4364927	10.413532	1
35523	DYNLT3	0.1883799	0.3914416	1.0511948	8.13268	1
35575	DIPK2B	0.00033588626	0.3053699	7.8413334	16.817911	1
35609	UXT-AS1	0.0058939164	6.9849193e-10	-2.7853227	9.053008	1
35625	AF196972.1	0.0031627058	6.9849193e-10	-2.0575206	5.7012415	1
35627	EBP	0.14892125	0.32853934	1.1362456	6.876411	1
35646	KCND1	0.0086701615	6.9849193e-10	-3.2735388	13.787269	1
35654	PLP2	0.31427708	0.932214	1.5655876	26.806047	1
35686	SHROOM4	0.022320308	0.1414345	2.61064	6.008264	1
35780	MSN	0.2751961	1.2347053	2.16157	44.55244	1
35885	CYSLTR1	0.002223651	0.2888543	6.4904885	12.873977	1
35890	ITM2A	0.17283955	0.50042146	1.5282674	9.803442	1
35921	DIAPH2	0.11181589	0.42896298	1.9302421	14.236433	1
35929	SYTL4	0.021738647	0.16175362	2.8394713	6.98079	1
35943	GLA	0.028209565	0.18953021	2.705507	7.5810056	1
35950	AC234775.3	0.00525807	6.9849193e-10	-2.6457167	9.55408	1
35973	Z68871.1	0.019217262	0.0028638248	-2.387486	5.82737	1
36006	ZCCHC18	0.0041972273	6.9849193e-10	-2.377741	7.511566	1
36032	PSMD10	0.21109232	0.50097644	1.2429272	11.243749	1
36033	ATG4A	0.04610679	0.18562372	1.9861255	7.12338	1
36081	LINC01285	0.0047191945	6.9849193e-10	-2.515811	7.903253	1
36096	SOWAHD	0.003152036	6.9849193e-10	-2.053818	5.6058254	1
36130	GLUD2	0.0027630357	6.9849193e-10	-1.911896	5.2769275	1
36154	APLN	0.016238444	0.97325146	5.820593	29.17938	1
36167	ZNF280C	0.027817812	0.0057881917	-2.0858614	5.5728397	1
36195	MIR503HG	0.02470917	0.14653079	2.520661	6.270725	1
36253	ATP11C	0.12603171	0.31107554	1.2967064	7.9717755	1
36257	SOX3	0.00584265	6.9849193e-10	-2.774554	9.516942	1
36298	IDS	0.3763372	0.75440216	1.0013907	15.227124	1
36334	GABRE	0.005282145	0.26230487	5.3893332	11.84855	1
36356	PNMA6A	0.030686678	0.003747649	-2.7385912	8.768187	1
36365	HAUS7	0.003639651	6.9849193e-10	-2.2140152	5.738346	1
36366	BGN	0.027626432	0.23307654	3.0315607	7.9137297	1
36370	PNCK	0.14384776	0.050834183	-1.4825617	9.663426	1
36371	SLC6A8	0.19701663	0.08665489	-1.1757151	6.8880615	1
36372	BCAP31	0.502397	1.0349115	1.0411325	27.365988	1
36379	PDZD4	0.00338255	6.9849193e-10	-2.1317697	5.4963827	1
36398	FLNA	0.27145573	0.80814105	1.5703694	24.99912	1
36406	ATP6AP1	0.327225	0.71641535	1.1281235	16.325624	1
36434	RAB39B	0.0669261	0.018332483	-1.812939	7.932637	1
36451	AC006157.1	0.008528175	6.9849193e-10	-3.252199	12.576965	1
