	gene	expression_1	expression_2	log2FC	-log10 p-val	significant
22	LINC02593	0.035552956	0.006315558	-2.4743752	8.6898365	1
23	SAMD11	0.21982221	0.059977733	-1.8720909	36.6365	1
29	HES4	0.2376281	0.5366854	1.1750331	44.55244	1
44	SDF4	0.27602124	0.8966614	1.6994224	44.55244	1
45	B3GALT6	0.09819162	0.20208208	1.0405148	15.873676	1
52	PUSL1	0.040399544	0.1330494	1.7170683	21.4601	1
57	DVL1	0.03647687	0.0797345	1.1260808	7.155907	1
68	VWA1	0.03404453	0.14268133	2.064081	27.286058	1
71	ATAD3A	0.035282046	0.11178951	1.6609854	17.162277	1
75	FNDC10	0.03393084	0.104948014	1.6261342	16.080505	1
78	MIB2	0.054409716	0.11191167	1.0390636	8.801837	1
79	MMP23B	0.14795244	0.3560517	1.2663836	33.329105	1
85	NADK	0.052964643	0.107437946	1.019023	8.189664	1
104	RER1	0.29306716	0.73402554	1.3243034	44.55244	1
134	MEGF6	0.031237094	0.0074446057	-2.054354	6.159155	1
136	TPRG1L	0.0501097	0.15179878	1.5970722	21.000454	1
145	CEP104	0.070065185	0.15847641	1.176351	14.550435	1
173	ICMT	0.05845789	0.13365786	1.1916882	12.763654	1
177	ACOT7	0.022043388	0.09187685	2.0543947	18.838589	1
180	ESPN	0.00047933043	0.069316655	6.904752	21.63224	1
189	THAP3	0.074125424	0.15418084	1.0555736	12.362677	1
202	VAMP3	0.13917233	0.45914227	1.7213467	44.55244	1
207	TNFRSF9	-1.542503e-09	0.01398658	7.1382	5.668077	1
211	ERRFI1	0.023688283	0.25632674	3.4302237	44.55244	1
219	ENO1	1.2846433	2.7464192	1.0961242	44.55244	1
237	CLSTN1	0.18228692	0.3781249	1.052242	31.477194	1
252	CENPS	0.0296204	0.06441756	1.1182386	5.903522	1
264	SRM	0.28401378	0.6371691	1.1654341	44.55244	1
277	FBXO2	0.005500102	0.038686026	2.792012	9.945242	1
280	MAD2L2	0.086289205	0.22739835	1.3969332	27.602978	1
282	AGTRAP	0.10315715	0.22507313	1.1247929	20.054352	1
287	NPPA	0.0020011382	0.026259614	3.6490862	7.3099284	1
290	KIAA2013	0.08573178	0.21366613	1.3164494	24.155788	1
291	PLOD1	0.2984761	1.3441424	2.1706228	44.55244	1
344	TMEM51	0.018479386	0.07837493	2.0785291	14.941839	1
369	AL450998.2	0.027893614	0.06270787	1.1658477	6.0512233	1
374	HSPB7	0.017022505	0.20633769	3.5917406	44.55244	1
377	FAM131C	0.0004299822	0.0139182275	4.725216	5.5951195	1
401	BX284668.5	0.009552211	0.06407937	2.7331784	15.923597	1
406	ATP13A2	0.034719247	0.08402414	1.2726347	9.36059	1
407	SDHB	0.12679395	0.25941837	1.0322132	20.510387	1
433	EMC1	0.07835854	0.19846399	1.3396016	23.025568	1
437	SLC66A1	0.03286868	0.0662189	1.0083238	5.031298	1
438	CAPZB	0.44321612	0.9385108	1.0821912	44.55244	1
441	NBL1	0.034227714	0.12858783	1.9064299	22.184307	1
449	PLA2G5	-1.542503e-09	0.017942423	7.4952717	5.1553044	1
464	CAMK2N1	0.37526068	0.16585352	-1.1774983	31.37815	1
467	CDA	0.15507007	0.0063495478	-4.5885086	44.55244	1
470	DDOST	0.49903813	1.0356848	1.0532134	44.55244	1
477	ECE1	0.02861382	0.9989794	5.120782	44.55244	1
487	HSPG2	0.09549322	0.28975523	1.6003523	38.324852	1
517	TCEA3	0.02233329	0.07986632	1.8337513	12.592993	1
529	GALE	0.03779878	0.13469806	1.8305763	23.049164	1
530	HMGCL	0.08337072	0.22674482	1.4423636	28.927792	1
547	RCAN3	0.03152437	0.11659631	1.8836502	20.14431	1
552	CLIC4	0.18715504	0.6643871	1.8272367	44.55244	1
565	TMEM50A	0.39535603	0.8790109	1.1525279	44.55244	1
568	LDLRAP1	0.009273197	0.054730576	2.5483677	13.559103	1
570	MAN1C1	0.0052761007	0.076801874	3.8383868	23.515976	1
572	SELENON	0.06916739	0.17397156	1.3294322	20.286386	1
584	TRIM63	-1.542503e-09	0.02311676	7.859045	9.194619	1
593	SH3BGRL3	0.732024	2.089637	1.5131613	44.55244	1
599	DHDDS	0.06892439	0.1838361	1.4140266	22.65488	1
605	PIGV	0.012382342	0.045110077	1.8567559	7.971848	1
608	GPN2	0.039053928	0.08656264	1.1462531	8.036379	1
614	TRNP1	0.003693544	0.05956394	3.975241	19.97543	1
631	IFI6	0.12702502	0.2609145	1.0378819	19.030262	1
651	SESN2	0.05651008	0.13796009	1.2861655	13.390236	1
656	TRNAU1AP	0.0908362	0.19795574	1.1229799	17.635263	1
657	SNHG12	0.031862687	0.109317824	1.7753872	15.998389	1
658	TAF12	0.12676987	0.25811905	1.0252459	20.41998	1
667	TMEM200B	0.006514961	0.046665374	2.8216362	12.616835	1
672	PTPRU	0.006936503	0.04915507	2.8073418	12.289559	1
683	LAPTM5	0.007235263	0.02804372	1.9398925	5.0097437	1
687	SDC3	0.08341696	0.43448722	2.3795047	44.55244	1
691	ZCCHC17	0.21041603	0.43187287	1.0370104	36.552864	1
693	FABP3	0.015437438	0.10387571	2.742426	24.144665	1
705	SPOCD1	0.0017858065	0.02164476	3.5274143	6.835389	1
717	CCDC28B	0.29208302	0.6011763	1.0411559	44.55244	1
729	FAM229A	0.026425485	0.09392939	1.8257327	15.818264	1
738	YARS	0.10357175	0.3612141	1.8012307	44.55244	1
740	FNDC5	0.06092059	0.012799237	-2.2420104	12.885939	1
742	TMEM54	0.05135229	0.13930877	1.4380141	16.236013	1
744	RNF19B	0.021039486	0.051721606	1.2936136	5.8384094	1
757	CSMD2	0.001102666	0.015975427	3.740549	5.6147914	1
762	SMIM12	0.098563775	0.24940835	1.3384957	28.896513	1
770	TMEM35B	0.12322662	0.3188127	1.3706772	37.40744	1
772	ZMYM1	0.06949886	0.14096253	1.0191993	10.760781	1
777	KIAA0319L	0.09773389	0.24731389	1.3385203	28.714495	1
783	CLSPN	0.022593347	0.08128652	1.8425205	11.403404	1
797	SH3D21	0.04063033	0.13050537	1.6810389	18.348068	1
800	STK40	0.07756688	0.1884787	1.2797953	20.409506	1
801	LSM10	0.2084268	0.4215979	1.0159769	34.99219	1
811	LINC01137	0.0035300686	0.031793114	3.1351764	9.116713	1
812	ZC3H12A	0.0033290212	0.021396047	2.6482027	5.5135074	1
815	DNALI1	0.05038992	0.10445511	1.0501963	8.175897	1
816	GNL2	0.10937913	0.24693166	1.1740401	23.231352	1
820	CDCA8	0.004279991	0.05346862	3.6123884	12.528605	1
830	FHL3	0.12147707	0.31131622	1.3569729	36.969166	1
832	POU3F1	0.10907839	0.0068935873	-3.964511	33.308052	1
854	HEYL	0.0478509	0.114121616	1.2522058	10.756794	1
869	CAP1	0.43720382	1.0573436	1.273873	44.55244	1
875	COL9A2	0.04074699	0.10091247	1.3062316	9.464389	1
905	HIVEP3	0.0074801673	0.036157556	2.25798	8.361924	1
922	P3H1	0.17189485	0.7683474	2.1595812	44.55244	1
923	C1orf50	0.11183113	0.24185237	1.1121118	21.771976	1
927	ERMAP	0.01195374	0.04373732	1.8626786	7.597307	1
930	SLC2A1	0.02612984	0.55679506	4.4081244	44.55244	1
942	CDC20	0.008368081	0.075788096	3.1637666	13.163743	1
943	ELOVL1	0.084037624	0.25984466	1.6273814	38.091404	1
944	MED8	0.18359491	0.42051768	1.1951978	44.55244	1
950	PTPRF	0.107509166	0.22723518	1.07902	18.812782	1
960	ATP6V0B	0.43627155	0.8824538	1.0161273	44.55244	1
961	B4GALT2	0.0635046	0.18100841	1.5096506	24.565882	1
964	AL139220.2	0.004521118	0.023483954	2.3514917	5.3897195	1
971	TMEM53	0.015024423	0.05305183	1.8132393	9.353992	1
973	KIF2C	0.009202721	0.056373145	2.6018405	11.081886	1
977	PLK3	0.033070594	0.093122825	1.4907783	12.197038	1
1026	CYP4X1	0.01980338	0.0016922882	-3.4731388	6.889896	1
1035	CMPK1	0.21395534	0.48451564	1.1788571	44.55244	1
1066	CDKN2C	-1.542503e-09	0.011997133	6.9185433	5.801004	1
1069	RNF11	0.1239266	0.25244343	1.0258819	20.001705	1
1081	TXNDC12	0.2755688	0.5787412	1.0702317	44.55244	1
1094	GPX7	0.20827882	0.50963616	1.2905421	44.55244	1
1125	HSPB11	0.1620901	0.33471167	1.0456641	27.25842	1
1126	LRRC42	0.09770344	0.22131422	1.1787907	21.194157	1
1133	MRPL37	0.08492281	0.2543828	1.5816461	37.1041	1
1140	ACOT11	0.038776517	0.09655433	1.3139353	10.1265135	1
1145	PARS2	0.0055956007	0.02624529	2.2096252	5.8320637	1
1166	PLPP3	0.34009722	0.0661317	-2.3607774	44.55244	1
1167	PRKAA2	0.013977044	0.041555792	1.5651728	5.5932636	1
1182	JUN	0.20284723	0.67822325	1.7408683	44.55244	1
1192	FGGY	0.018432757	0.05175107	1.4842963	7.28743	1
1199	AC099792.1	0.00063719915	0.016363297	4.481055	5.688835	1
1208	L1TD1	0.04177496	0.004862506	-3.0769472	10.677663	1
1230	PGM1	0.14554812	0.34928337	1.2623237	36.288235	1
1231	ROR1	0.20955603	0.024729593	-3.0778918	44.55244	1
1235	CACHD1	0.12285293	0.043711748	-1.4887165	15.191535	1
1240	AK4	0.04512382	0.45876127	3.3429031	44.55244	1
1241	DNAJC6	0.0024597028	0.01679908	2.7228963	5.179697	1
1244	LEPR	0.0114844125	0.05776284	2.3204522	12.793232	1
1247	PDE4B	0.04126053	0.18409047	2.1548717	32.992905	1
1249	SGIP1	0.0098227	0.06308773	2.67084	15.356191	1
1263	GADD45A	0.107105136	0.58652055	2.4520535	44.55244	1
1269	DEPDC1	0.0044256174	0.052649472	3.5429702	12.480907	1
1279	LRRC7	0.034106784	0.009047311	-1.902863	6.2963543	1
1286	HHLA3	0.049229734	0.10734997	1.1231357	9.348693	1
1331	ST6GALNAC3	0.13334803	0.05560005	-1.2605275	13.813963	1
1336	PIGK	0.054196563	0.18032134	1.7324371	29.10967	1
1338	AK5	0.0019599993	0.032223646	3.9718742	11.396204	1
1345	NEXN	0.0801984	0.1796314	1.1623993	14.558967	1
1347	DNAJB4	0.07279332	0.17478226	1.2625254	18.640575	1
1352	PTGFR	0.06690142	0.0023392371	-4.77969	22.486387	1
1355	ADGRL4	0.022149099	0.0662226	1.5757537	8.917073	1
1376	TTLL7	0.038258832	0.32161915	3.068171	44.55244	1
1387	CTBS	0.08741193	0.3327952	1.9275163	44.55244	1
1393	LPAR3	0.00059898646	0.024170468	5.1177936	8.586858	1
1397	SYDE2	0.053422764	0.020134855	-1.4033102	6.5543494	1
1403	AC092807.3	0.0044820597	0.027748743	2.603544	6.708716	1
1408	COL24A1	0.045463588	0.014878886	-1.6049511	6.542047	1
1416	SH3GLB1	0.33791062	0.8668731	1.3589188	44.55244	1
1419	HS2ST1	0.08159034	0.18750204	1.1994381	18.148195	1
1429	KYAT3	0.095412016	0.25695473	1.4283214	33.259354	1
1431	GBP3	0.015567899	0.15382954	3.2963865	44.55244	1
1432	GBP1	0.020935114	0.05036814	1.2625734	5.3788123	1
1433	GBP2	0.0037950198	0.32299814	6.374198	44.55244	1
1436	GBP4	0.0024361457	0.55236256	7.767095	44.55244	1
1442	LRRC8B	0.029380012	0.09008354	1.613127	13.279309	1
1443	LRRC8C-DT	0.015653132	0.06141957	1.9654068	10.725705	1
1445	LRRC8C	0.014171945	0.08304968	2.5425289	20.516329	1
1457	LINC02609	0.0005351211	0.043626394	6.105329	16.112364	1
1463	CDC7	0.07065884	0.02742696	-1.3620651	8.363769	1
1479	TMED5	0.0981856	0.2513242	1.3550714	29.933884	1
1480	CCDC18	0.023581121	0.052192513	1.1428671	5.0505795	1
1484	BCAR3	0.012345131	0.15373568	3.627737	44.55244	1
1488	GCLM	0.043262344	0.0900378	1.0556896	7.441146	1
1491	ARHGAP29	0.043925352	0.405157	3.2024305	44.55244	1
1526	SNX7	0.11068527	0.24156182	1.1252235	21.660456	1
1531	PALMD	0.013025771	0.08829492	2.7515614	20.653889	1
1544	RTCA	0.11275726	0.32360023	1.5201591	44.55244	1
1551	VCAM1	0.2075044	0.045949146	-2.1725907	38.574036	1
1562	OLFM3	0.1102806	0.0048435647	-4.480791	35.577118	1
1565	COL11A1	0.13953033	0.45590594	1.7074403	44.55244	1
1580	NTNG1	0.07491251	0.015491072	-2.266411	15.000898	1
1601	WDR47	0.03083873	0.07909297	1.3559585	9.612531	1
1610	PSRC1	0.01399094	0.05076756	1.8519781	8.479103	1
1631	GSTM3	0.26289868	0.64193356	1.2875931	44.55244	1
1636	CSF1	0.021184098	0.056477085	1.4104419	6.879893	1
1637	AHCYL1	0.30959243	0.6444886	1.0575426	44.55244	1
1665	LRIF1	0.14226621	0.29434082	1.0483708	23.710867	1
1667	DRAM2	0.06548027	0.21563591	1.7179326	33.498203	1
1675	PIFO	0.005918057	0.03668735	2.6118402	9.407231	1
1684	RAP1A	0.17803968	0.38542375	1.1138107	36.737217	1
1702	RHOC	0.54505336	1.293592	1.24676	44.55244	1
1703	PPM1J	0.0015653084	0.019400021	3.5496144	6.514325	1
1708	SLC16A1	0.08244112	0.3771958	2.192511	44.55244	1
1714	PHTF1	0.034818463	0.10818359	1.6327527	16.417946	1
1726	SYT6	0.07039646	0.00041441462	-7.0984755	27.247131	1
1752	ATP1A1	0.18400799	0.75830996	2.0424256	44.55244	1
1758	CD58	0.022539478	0.11606505	2.3592634	25.835196	1
1759	IGSF3	0.062362965	0.17214987	1.4634298	21.163845	1
1763	PTGFRN	0.13309574	0.29360914	1.14084	26.492502	1
1766	TTF2	0.027198445	0.07720198	1.5016866	10.403851	1
1792	PHGDH	0.21744351	0.6672358	1.617109	44.55244	1
1803	LINC00623	0.06552856	0.23166692	1.8202791	36.884853	1
1809	SRGAP2C	0.07007801	0.21110167	1.5895303	29.434702	1
1822	LINC02802	0.04793982	0.2958796	2.6231952	44.55244	1
1825	NBPF15	0.024393758	0.057348955	1.2298666	6.167922	1
1829	SRGAP2B	0.057820592	0.17026949	1.5565187	23.53999	1
1844	ITGA10	0.005919474	0.123605356	4.361127	33.40842	1
1857	NBPF10	0.030387932	0.07206101	1.2429813	7.5772233	1
1872	GJA5	0.0047309925	0.058060165	3.58964	15.105828	1
1891	PDE4DIP	0.049758982	0.1226925	1.3002971	13.5856285	1
1916	BOLA1	0.03873839	0.08280281	1.0939376	7.018331	1
1919	MTMR11	0.01802283	0.0574105	1.6660172	8.669845	1
1935	ECM1	0.00845534	0.6789951	6.3106446	44.55244	1
1945	CTSK	0.015105083	0.088543184	2.543456	18.97659	1
2001	THEM4	0.06889601	0.14619943	1.0843394	12.513221	1
2004	S100A10	0.13921323	2.3878913	4.0993934	44.55244	1
2066	S100A6	0.35923582	1.0984808	1.6122365	44.55244	1
2068	S100A4	0.06486284	0.44753405	2.7846332	44.55244	1
2069	S100A3	0.0018724316	0.04579419	4.5402646	16.345793	1
2072	S100A16	0.07603189	0.8206301	3.430335	44.55244	1
2074	S100A13	0.37192443	0.88727355	1.2541443	44.55244	1
2080	NPR1	0.024318159	0.19612515	3.0064836	44.55244	1
2084	SLC27A3	0.11576221	0.545704	2.235973	44.55244	1
2089	SLC39A1	0.17106165	0.4374449	1.3540715	44.55244	1
2093	JTB	0.36368823	0.7936218	1.1255345	44.55244	1
2095	RAB13	0.75888914	1.6172527	1.0914831	44.55244	1
2100	C1orf43	0.24603485	0.54042065	1.1349008	44.55244	1
2102	HAX1	0.20090237	0.47859678	1.2518995	44.55244	1
2117	KCNN3	0.052537825	0.014021204	-1.8982369	9.281409	1
2123	SHC1	0.20273432	0.5198489	1.358068	44.55244	1
2131	ADAM15	0.016320914	0.08128935	2.3093057	18.611904	1
2135	SLC50A1	0.10523718	0.22639388	1.1044574	19.909204	1
2141	THBS3	0.026551947	0.06917776	1.3781514	8.516214	1
2142	MTX1	0.1243201	0.25213754	1.0195634	19.334824	1
2144	GBA	0.02853315	0.07356966	1.3633844	9.231741	1
2146	SCAMP3	0.08058922	0.18961199	1.2333629	18.990788	1
2163	SYT11	0.06632166	0.13589808	1.0338606	10.689908	1
2164	RIT1	0.18142469	0.37947792	1.0642301	31.91927	1
2167	ARHGEF2	0.08960513	0.18825236	1.0701717	14.9913	1
2173	LAMTOR2	0.24826768	0.61221296	1.3017917	44.55244	1
2176	LMNA	0.1949427	1.3164662	2.754918	44.55244	1
2190	C1orf61	0.0005586169	0.025388077	5.274239	7.634513	1
2191	MEF2D	0.0712359	0.14825472	1.0563506	12.083005	1
2193	IQGAP3	-1.542503e-09	0.017214213	7.4358354	7.3139253	1
2206	CRABP2	0.19866931	0.7881976	1.9876454	44.55244	1
2210	MRPL24	0.07826327	0.16485746	1.0738446	13.677534	1
2215	NTRK1	0.0007092284	0.03106392	5.2671857	12.167622	1
2231	KIRREL1	0.0739535	0.20435841	1.4651675	26.996433	1
2235	CD1D	0.00055179535	0.025656777	5.304389	11.34011	1
2258	IFI16	0.45728338	0.93636364	1.0338191	44.55244	1
2270	DUSP23	0.060976088	0.23776062	1.9614367	44.55244	1
2279	TAGLN2	0.0770113	0.9649528	3.6455936	44.55244	1
2287	IGSF8	0.059009146	0.15152527	1.359057	17.462107	1
2292	PEA15	0.068958715	0.24077658	1.8023987	40.78218	1
2296	COPA	0.4183143	0.85026246	1.0231459	44.55244	1
2313	F11R	0.013706323	0.108613126	2.9771252	29.465498	1
2314	TSTD1	0.028600989	0.09690215	1.7569162	14.570138	1
2315	USF1	0.03939189	0.014279976	-1.4574953	5.345329	1
2328	ADAMTS4	0.008362527	0.036600307	2.1166317	7.4790087	1
2331	APOA2	0.003298616	0.05413524	3.9962113	11.547216	1
2342	FCGR2A	0.056897905	0.007305652	-2.9442103	15.3797245	1
2369	RGS4	0.010936532	0.09047181	3.0367754	20.551464	1
2370	RGS5	0.042355526	0.802142	4.240013	44.55244	1
2374	NUF2	0.0029944151	0.05745219	4.217132	14.751166	1
2375	PBX1	0.83928233	0.21985935	-1.9320912	44.55244	1
2378	AL357568.2	0.037114616	0.007812693	-2.2336287	8.279995	1
2386	MGST3	0.7236434	1.7534841	1.2767564	44.55244	1
2391	UCK2	0.016463641	0.053909615	1.7051965	8.842685	1
2414	CREG1	0.09138508	0.32644913	1.8356916	44.55244	1
2416	RCSD1	0.013886733	0.21740483	3.9589167	44.55244	1
2417	MPZL1	0.19953069	0.47442445	1.2491488	44.55244	1
2421	DCAF6	0.07479469	0.17247638	1.2042998	16.94128	1
2437	ATP1B1	0.24371031	0.67632276	1.4721662	44.55244	1
2475	DNM3	0.07486072	0.010834654	-2.7772274	18.95506	1
2477	DNM3OS	0.86685824	0.17895569	-2.2755542	44.55244	1
2487	TNFSF4	0.002257364	0.023499703	3.323522	8.04411	1
2488	AL645568.1	0.011342036	0.043484244	1.929463	7.6844134	1
2489	PRDX6	0.7269958	1.6274123	1.1624509	44.55244	1
2492	ANKRD45	0.0021718019	0.023222996	3.3598442	7.105325	1
2495	CENPL	0.02309962	0.068671085	1.567701	10.021817	1
2539	RALGPS2	0.16176054	0.052458733	-1.6227489	23.34085	1
2540	ANGPTL1	0.21061571	0.020360867	-3.3643587	44.55244	1
2561	QSOX1	0.05009326	0.47866073	3.253739	44.55244	1
2588	RNASEL	0.020553706	0.06465066	1.6484944	9.418339	1
2589	RGS16	0.03019052	0.09291323	1.6185696	10.149867	1
2597	LAMC1	0.19919111	0.77995515	1.9686987	44.55244	1
2607	ARPC5	0.5831043	1.1845243	1.0223563	44.55244	1
2608	RGL1	0.1605196	0.41707706	1.3770119	44.55244	1
2616	C1orf21	0.18824375	0.6282467	1.7381928	44.55244	1
2620	EDEM3	0.110234536	0.2212186	1.0042402	16.311903	1
2621	NIBAN1	0.006792917	0.1480611	4.425908	43.774292	1
2640	PTGS2	0.017907107	0.28872877	4.0035763	44.55244	1
2647	AL691515.1	0.013254507	0.0005528191	-4.3545	5.1204243	1
2671	UCHL5	0.091188796	0.189963	1.0579679	15.562212	1
2673	GLRX2	0.06957878	0.2263386	1.7003286	33.134197	1
2686	CFH	0.03632005	0.18964499	2.381257	38.368134	1
2688	CFHR1	-1.542503e-09	0.013876648	7.126897	5.463209	1
2693	ASPM	0.014046445	0.14612058	3.369635	19.703054	1
2700	LHX9	0.01702536	1.2732926e-09	-7.4199724	6.2458277	1
2707	MIR181A1HG	0.14163874	0.29106852	1.0386201	22.30941	1
2716	AC104461.1	0.0005746436	0.01342528	4.325389	5.441923	1
2719	KIF14	0.003296425	0.04970164	3.8741043	13.04655	1
2734	TNNT2	0.01641529	0.42420208	4.6832175	44.55244	1
2737	TNNI1	0.05721274	0.39902523	2.7999136	44.55244	1
2738	PHLDA3	0.12990147	0.4758082	1.8721554	44.55244	1
2742	NAV1	0.28937438	0.6649317	1.1999875	44.55244	1
2747	SHISA4	0.032794494	0.11804131	1.8445953	20.331734	1
2750	TIMM17A	0.15983714	0.3545577	1.1489222	33.806595	1
2759	UBE2T	0.03158881	0.09394754	1.5694165	11.378854	1
2766	PCAT6	0.034352086	0.13829628	2.006142	24.340027	1
2769	ADIPOR1	0.08750366	0.25766122	1.556972	36.849724	1
2770	CYB5R1	0.06604154	0.1716847	1.376973	20.143936	1
2772	PPFIA4	0.018134292	0.065997235	1.8579358	10.890703	1
2783	FMOD	0.009452842	0.05957342	2.6430867	12.308847	1
2784	PRELP	0.0012743819	0.03717695	4.7614293	12.564587	1
2809	LRRN2	0.022452597	0.0025755248	-3.0753996	7.0612965	1
2820	NUAK2	-1.542503e-09	0.012620504	6.991034	5.3520904	1
2831	RAB29	0.040422965	0.08740885	1.1106892	7.575043	1
2838	RAB7B	0.0027569681	0.1157068	5.341091	40.528694	1
2846	SRGAP2	0.06599742	0.17321959	1.3907688	20.820585	1
2853	DYRK3	0.035791855	0.08566303	1.2566993	9.028301	1
2854	MAPKAPK2	0.10145446	0.21050209	1.0522662	17.283642	1
2858	IL24	-1.542503e-09	0.02040434	7.6798077	5.204305	1
2859	FCMR	0.0054386444	0.06341143	3.5194116	18.760279	1
2870	CD55	0.0189841	0.29217377	3.9368773	44.55244	1
2896	CAMK1G	0.026324814	0.0034904548	-2.879655	7.488737	1
2903	IRF6	0.00469333	0.038112853	2.994958	10.279857	1
2916	TRAF5	0.059847288	0.19054641	1.669133	28.086472	1
2918	LINC00467	0.04747954	0.11183425	1.2342383	10.548846	1
2925	NEK2	0.0023479727	0.03488886	3.8372364	9.701121	1
2931	DTL	0.00897222	0.035977326	1.991565	6.590272	1
2934	PPP2R5A	0.034721512	0.1291906	1.8925666	22.387354	1
2940	NENF	0.36376038	0.7531774	1.0497963	44.55244	1
2946	ATF3	0.010058985	0.13741109	3.75872	34.605175	1
2952	TATDN3	0.045937125	0.10309314	1.1644773	9.816829	1
2959	RPS6KC1	0.088782325	0.20810287	1.2280214	20.403059	1
2971	CENPF	0.080640495	0.22716053	1.4929829	13.292598	1
3003	EPRS	0.29372913	0.7473505	1.3470007	44.55244	1
3012	MARC2	0.022820115	0.07276549	1.6686214	10.655682	1
3023	DUSP10	0.011836584	0.07431352	2.6401749	17.856441	1
3036	AIDA	0.17275374	0.43910635	1.345347	44.55244	1
3049	CAPN2	0.20540036	0.60929376	1.5682338	44.55244	1
3057	CNIH4	0.22217022	0.5369417	1.2727195	44.55244	1
3084	ACBD3	0.34862173	0.8251246	1.2427107	44.55244	1
3106	JMJD4	0.039280392	0.081854	1.0573368	6.6022105	1
3117	GUK1	0.83185387	1.8919599	1.1853822	44.55244	1
3135	RNF187	0.23293343	0.5075358	1.1232569	44.55244	1
3145	CCSAP	0.031235239	0.06450736	1.0439125	5.3755307	1
3150	ABCB10	0.014593207	0.040162068	1.454272	5.1759996	1
3155	GALNT2	0.088476636	0.40252474	2.1844375	44.55244	1
3158	PGBD5	0.0005757304	0.016643653	4.631023	5.8978295	1
3163	AGT	-1.542503e-09	0.058059666	9.183897	16.66886	1
3167	C1orf198	0.028826986	0.09047246	1.6466565	13.214449	1
3173	FAM89A	0.0502272	0.18479371	1.877286	31.111336	1
3177	GNPAT	0.066048145	0.15418772	1.2218506	15.68486	1
3178	EXOC8	0.019717284	0.052494805	1.4081612	6.4861884	1
3180	EGLN1	0.123895854	0.2723468	1.1356825	24.387835	1
3181	AL445524.1	0.009060388	0.03858884	2.0784369	8.040578	1
3189	SIPA1L2	0.48112205	0.14283521	-1.7513413	44.55244	1
3198	KCNK1	0.011172768	0.058988582	2.3900378	11.937596	1
3215	IRF2BP2	0.23911461	0.6518165	1.4463817	44.55244	1
3254	ACTN2	0.0040617785	0.034759916	3.066297	10.130277	1
3255	MTR	0.18534894	0.38502887	1.0543191	32.958508	1
3258	RYR2	0.0005484088	0.017062208	4.7261877	6.5162206	1
3263	LINC01139	0.031123599	0.0022018973	-3.7617414	10.468293	1
3268	CHRM3	0.18862613	0.0026519876	-6.099676	44.55244	1
3269	CHRM3-AS2	0.100154646	0.00037015846	-7.736306	36.850605	1
3302	AKT3	0.1528889	0.3223496	1.0756468	27.302183	1
3314	ADSS	0.14019907	0.32106647	1.1948158	31.605518	1
3316	DESI2	0.19957946	0.4281247	1.100682	39.469807	1
3324	EFCAB2	0.037498165	0.091003574	1.2768455	10.044586	1
3325	KIF26B	0.30744582	0.0800708	-1.9396526	44.55244	1
3335	CNST	0.04644596	0.09711977	1.0625938	7.8329253	1
3370	TRIM58	0.00044862233	0.020540867	5.2335463	8.805803	1
3406	ZNF672	0.028200485	0.09974608	1.818879	17.395105	1
3465	AC108488.1	0.009444811	0.03187449	1.7441328	5.6441126	1
3470	COLEC11	0.02377527	0.8160603	5.0952635	44.55244	1
3481	SOX11	0.10860582	0.012657176	-3.0910482	27.299013	1
3497	RNF144A	0.07375916	0.027037514	-1.4444884	8.923488	1
3515	MBOAT2	0.08734362	0.2052302	1.2315209	21.635448	1
3520	ASAP2	0.07150891	0.14344649	1.0033071	10.990334	1
3521	ITGB1BP1	0.19165596	0.6704154	1.805999	44.55244	1
3542	RRM2	0.007669506	0.07252924	3.2246559	15.749028	1
3544	HPCAL1	0.010659691	0.04689266	2.1267989	9.008985	1
3559	SLC66A3	0.020586824	0.090324454	2.1280007	18.91507	1
3606	FAM49A	0.0108084185	0.057841934	2.409166	13.552143	1
3610	VSNL1	0.006250978	0.06769262	3.4160776	19.759407	1
3614	KCNS3	0.0072468948	0.0959977	3.7092955	27.693897	1
3623	OSR1	0.11719686	0.021271119	-2.45643	25.48248	1
3632	MATN3	-1.542503e-09	0.015008336	7.2392235	6.698265	1
3636	SDC1	0.042198304	0.009665145	-2.1148865	8.924847	1
3638	RHOB	0.15403049	0.33171234	1.1062151	26.654886	1
3641	HS1BP3	0.041490376	0.10349838	1.3166797	11.474684	1
3672	FKBP1B	0.058382206	0.17295434	1.5651554	23.73603	1
3698	ASXL2	0.08020185	0.16354153	1.0270338	12.560342	1
3712	KCNK3	0.00057089905	0.028980164	5.437796	9.27161	1
3714	CENPA	0.0006718737	0.04388435	5.832482	13.44529	1
3717	MAPRE3	0.05017339	0.11301822	1.1699644	10.516943	1
3719	TMEM214	0.10191259	0.24248108	1.2497197	25.971714	1
3726	EMILIN1	0.48953867	1.053787	1.1059309	44.55244	1
3728	CGREF1	0.0023807487	0.01704958	2.7893257	5.301744	1
3734	ATRAID	0.46513873	1.0071342	1.1143562	44.55244	1
3751	FNDC4	0.049456116	0.11173282	1.1742085	10.723574	1
3755	CCDC121	0.04672516	0.014994555	-1.6332558	7.059556	1
3765	FOSL2	0.0074880915	0.16058406	4.404346	44.55244	1
3787	LBH	0.48602596	0.22814512	-1.090746	39.483765	1
3793	GALNT14	0.003940136	0.031165948	2.9521165	8.934722	1
3796	EHD3	0.015086559	0.18604144	3.6155324	44.55244	1
3807	SLC30A6	0.03640965	0.07638993	1.0669919	6.406042	1
3816	TTC27	0.030067993	0.07312639	1.279345	7.8289084	1
3819	LTBP1	0.021881312	0.7100404	5.013755	44.55244	1
3821	RASGRP3	0.009121962	0.066388294	2.8499548	16.3257	1
3823	FAM98A	0.12040625	0.37985232	1.6567104	44.55244	1
3832	CRIM1-DT	0.024826912	0.0058803465	-2.0594032	5.3312306	1
3833	CRIM1	0.050905935	0.105025254	1.0433723	7.6870956	1
3837	STRN	0.14131987	0.28835124	1.0283425	22.556326	1
3849	QPCT	0.015743136	0.11048753	2.803259	25.666227	1
3857	CYP1B1	0.042092964	0.16016604	1.9253943	22.08418	1
3874	MORN2	0.09810458	0.21819688	1.1524292	20.512701	1
3914	PLEKHH2	0.2316771	0.03992901	-2.53362	44.55244	1
3940	EPAS1	0.021067914	0.27246055	3.6866257	44.55244	1
3946	RHOQ	0.15797393	0.46255535	1.5493383	44.55244	1
3955	MCFD2	0.31190246	0.72007227	1.2067847	44.55244	1
3975	STON1	0.024205243	0.073483415	1.5981131	10.537772	1
3983	NRXN1	0.89278907	0.08251193	-3.434059	44.55244	1
3996	ERLEC1	0.30067694	0.75059307	1.3195292	44.55244	1
3999	ACYP2	0.050031707	0.13004147	1.3762854	15.475381	1
4003	SPTBN1	0.63619304	1.7096264	1.4260023	44.55244	1
4007	EML6	0.15675275	0.0069393846	-4.477818	44.55244	1
4026	CCDC85A	0.044211615	0.004619454	-3.230993	13.696482	1
4028	VRK2	0.022534989	0.073322065	1.6976591	11.20289	1
4050	KIAA1841	0.054107785	0.108845726	1.0070375	8.164536	1
4051	AC016747.1	0.04362326	0.16307272	1.8999269	28.657932	1
4052	C2orf74	0.02547261	0.11288289	2.143433	22.188671	1
4065	B3GNT2	0.055926893	0.18601853	1.7320303	28.817709	1
4077	UGP2	0.19241486	0.520635	1.4355795	44.55244	1
4096	SLC1A4	0.00839756	0.042952143	2.3409646	9.643062	1
4109	LINC01873	0.021296907	0.0017586733	-3.525057	7.0016875	1
4111	MEIS1	0.65439445	0.057314597	-3.5108914	44.55244	1
4112	MEIS1-AS2	0.06692828	0.0051376754	-3.6777713	20.968325	1
4113	LINC01798	0.012388577	1.2732926e-09	-6.964447	5.276455	1
4144	ANTXR1	0.24588235	0.56335896	1.1957557	44.55244	1
4146	GFPT1	0.17599528	0.46400627	1.398099	44.55244	1
4147	NFU1	0.15948047	0.32857186	1.0423638	27.748257	1
4149	ANXA4	0.056804452	0.2566951	2.174004	44.55244	1
4151	GMCL1	0.09660631	0.22160776	1.1969774	20.867361	1
4161	PCYOX1	0.2352714	0.57450366	1.2876283	44.55244	1
4178	TEX261	0.039283674	0.092318095	1.2305776	9.217916	1
4181	NAGK	0.1671957	0.33938348	1.0209409	27.881067	1
4183	MCEE	0.024282476	0.11398756	2.226225	23.333704	1
4192	SPR	0.0054888856	0.023686694	2.0895224	5.0337596	1
4196	RAB11FIP5	0.011239041	0.050759252	2.1652117	10.172844	1
4200	PRADC1	0.0830992	0.1775596	1.094474	15.501786	1
4227	MTHFD2	0.067579605	0.49073467	2.858444	44.55244	1
4233	WDR54	0.11863906	0.3916922	1.722294	44.55244	1
4248	AUP1	0.19732629	0.40406576	1.0336329	33.165825	1
4249	HTRA2	0.06206912	0.13023442	1.067948	10.839908	1
4250	LOXL3	0.033044428	0.4441977	3.7446885	44.55244	1
4251	DOK1	0.03213434	0.10000793	1.6348859	14.646603	1
4257	HK2	0.020252597	0.1417602	2.8011851	32.041485	1
4262	TACR1	0.040527366	0.00839085	-2.258471	8.894082	1
4264	EVA1A	0.08925762	0.016444718	-2.4332201	20.460249	1
4280	LRRTM4	0.05076223	0.017358039	-1.5427033	6.7865787	1
4308	SUCLG1	0.23457433	0.48990333	1.0621315	44.55244	1
4317	TGOLN2	0.24959566	0.6237004	1.3209137	44.55244	1
4321	CAPG	0.03532862	0.074477054	1.0738165	6.041859	1
4328	VAMP5	0.0711982	0.28683954	2.008809	44.55244	1
4329	RNF181	0.3387732	0.8062996	1.2507496	44.55244	1
4335	ATOH8	0.016424125	0.060924556	1.8848162	10.480471	1
4337	ST3GAL5	0.037451733	0.15685356	2.0633864	28.978266	1
4343	IMMT	0.2750765	0.5511427	1.0023304	44.55244	1
4347	KDM3A	0.16390117	0.33412546	1.0271155	25.146172	1
4361	CYTOR	0.06936476	0.3431134	2.3047526	44.55244	1
4373	EIF2AK3	0.025595127	0.081598274	1.6688108	12.5335655	1
4377	IGKC	0.00063014624	0.16555275	7.825761	43.950382	1
4496	NCAPH	0.0010688945	0.03440361	4.883531	10.902386	1
4499	ARID5A	0.010463369	0.04461959	2.0818372	8.77464	1
4542	MGAT4A	0.12637036	0.0096099675	-3.7031891	39.944675	1
4557	AFF3	0.16175105	0.007833585	-4.35055	44.55244	1
4569	NPAS2	0.0118208	0.034664452	1.544132	5.0575557	1
4577	RNF149	0.1058315	0.21318737	1.0096668	15.715026	1
4587	IL1R1	0.0127374325	0.27305162	4.4112735	44.55244	1
4590	IL1RL1	0.0006092687	0.027706593	5.2929506	7.3177967	1
4591	IL18R1	0.0042309794	0.07771524	4.167288	24.996552	1
4659	SLC5A7	0.032258086	0.0012900459	-4.540922	10.691723	1
4664	SULT1C4	0.22864446	0.10772805	-1.0850042	18.114616	1
4667	LIMS1	0.47258773	1.3021543	1.4620519	44.55244	1
4674	SEPTIN10	0.25630656	0.5130692	1.0010016	41.489483	1
4681	MALL	0.0075789075	0.036131293	2.2382634	6.6905155	1
4683	MTLN	0.086151786	0.19047633	1.1437427	17.441574	1
4689	BUB1	0.005360395	0.10051849	4.2037463	26.620886	1
4692	MIR4435-2HG	0.053499933	0.19628993	1.8734179	30.652632	1
4694	BCL2L11	0.12500547	0.05808416	-1.1044464	10.1982	1
4707	TMEM87B	0.077469856	0.25212884	1.7011652	39.87157	1
4719	AC079922.2	0.0030457587	0.02243628	2.8407695	6.4580855	1
4720	SLC20A1	0.036436927	0.28233656	2.9504995	44.55244	1
4722	CKAP2L	0.0010905956	0.0638646	5.7475185	19.53378	1
4743	PGM5P4-AS1	0.049910508	1.2732926e-09	-8.966069	19.939478	1
4753	ACTR3	0.38309228	0.81230557	1.0841317	44.55244	1
4758	DPP10	0.15701616	0.023882749	-2.7117627	39.097282	1
4762	DPP10-AS1	0.040203653	0.006198335	-2.6778684	10.666863	1
4771	INSIG2	0.08644145	0.36503318	2.0769596	44.55244	1
4781	DBI	0.4879384	1.1366417	1.2198379	44.55244	1
4782	TMEM37	0.010947455	0.03893637	1.8211049	6.505556	1
4829	CYP27C1	0.09055419	0.03639628	-1.3126243	9.874737	1
4849	UGGT1	0.084391005	0.17376165	1.0410701	13.387911	1
4858	POTEF	0.05221851	0.023016106	-1.1784232	5.109405	1
4860	CCDC74B	0.0023936841	0.020914735	3.0750506	6.106041	1
4865	IMP4	0.071029216	0.20327407	1.5156215	28.05679	1
4866	PTPN18	0.020902388	0.054950222	1.3901951	6.7493887	1
4867	POTEI	0.086976565	0.03275851	-1.4060173	10.359647	1
4881	PLEKHB2	0.08976148	0.25731817	1.518339	36.07068	1
4887	MZT2A	0.398879	0.9683423	1.2793534	44.55244	1
4889	CCDC74A	0.008548344	0.09877185	3.515064	31.10124	1
4892	C2orf27A	0.03281135	0.114997916	1.8062046	18.902187	1
4912	MGAT5	0.036147527	0.1837817	2.3428235	39.71047	1
4929	CXCR4	0.029375792	0.16226272	2.461618	27.38669	1
4930	THSD7B	0.03077996	0.0006139274	-5.4347496	11.729935	1
4939	NXPH2	0.0368313	0.005802445	-2.6454594	9.325212	1
4946	LRP1B	0.1909848	0.017365232	-3.4516554	44.55244	1
4981	KIF5C	0.21126148	0.034753557	-2.6003346	44.55244	1
4986	MMADHC	0.16952823	0.4723571	1.4778069	44.55244	1
4992	RND3	0.38544142	0.8011293	1.0553293	44.55244	1
5002	TNFAIP6	0.011586877	0.101684965	3.1225634	25.542534	1
5015	ARL6IP6	0.06263265	0.19029006	1.6016697	26.999508	1
5029	NR4A2	0.0011807993	0.083620004	6.030456	27.435808	1
5030	GPD2	0.011380353	0.04363802	1.929721	8.60663	1
5035	GALNT5	0.011606875	0.12639748	3.4336808	36.48097	1
5040	ACVR1	0.041000217	0.13017456	1.6643375	19.702448	1
5052	TANC1	0.06351132	0.190943	1.5865419	26.953829	1
5062	PLA2R1	0.0091057075	0.074975334	3.0277386	20.152401	1
5066	RBMS1	0.40197024	1.0396934	1.3707775	44.55244	1
5082	FAP	-1.542503e-09	0.04972969	8.960884	19.658596	1
5084	GCA	0.043298744	0.1301936	1.5860411	17.233284	1
5085	KCNH7	0.0005986867	0.012956315	4.223958	5.4971805	1
5087	FIGN	0.10210234	0.048482195	-1.0729287	8.271366	1
5096	CSRNP3	0.32657003	0.08556251	-1.9310981	44.55244	1
5106	SCN7A	0.041472733	0.012608428	-1.7098522	6.647444	1
5111	B3GALT1	0.027314937	0.0058968114	-2.1926947	6.174218	1
5115	NOSTRIN	0.01105411	0.1165081	3.3860207	33.443474	1
5116	SPC25	0.0035925251	0.04801398	3.7037766	12.627965	1
5124	FASTKD1	0.017545003	0.050320968	1.5147641	6.906069	1
5138	AC007405.3	0.011023135	0.052834455	2.2506437	10.614372	1
5139	ERICH2	0.0019869546	0.023467854	3.4973493	7.368262	1
5144	GORASP2	0.15535001	0.41483206	1.4164243	44.55244	1
5148	CYBRD1	0.07901924	0.2012856	1.3478601	22.103886	1
5159	ITGA6	0.011767338	0.043182407	1.8667845	7.3450356	1
5161	ITGA6-AS1	0.008348484	0.039399397	2.2250664	8.092374	1
5163	PDK1	0.070283264	0.3047047	2.1145806	44.55244	1
5166	MAP3K20	0.07922744	0.26223478	1.725517	41.769966	1
5179	GPR155	0.041609477	0.11790736	1.5004296	14.963723	1
5182	WIPF1	0.047782876	0.17357308	1.8587924	31.194094	1
5196	HOXD11	0.073258944	0.0063481415	-3.5080175	22.042395	1
5197	HOXD10	0.03850814	0.0004060596	-6.2534537	14.676781	1
5198	HOXD-AS2	0.06304126	0.006412303	-3.2773435	18.816275	1
5199	HOXD9	0.0734354	0.0011840544	-5.839661	26.741602	1
5200	HOXD8	0.051979143	0.002755711	-4.1887836	18.368647	1
5201	HOXD3	0.016429435	1.2732926e-09	-7.368875	6.8437667	1
5212	LINC01116	0.11404729	0.011326915	-3.3203888	32.51442	1
5218	NFE2L2	0.26422006	0.6575542	1.3150433	44.55244	1
5232	OSBPL6	0.009492424	0.05807706	2.600483	13.580374	1
5234	PRKRA	0.14391576	0.313736	1.1237841	28.678997	1
5236	FKBP7	0.24791591	0.5119526	1.0458593	43.950382	1
5237	PLEKHA3	0.1697847	0.36369154	1.098556	33.852608	1
5239	TTN	0.053507246	0.3857812	2.8476567	44.55244	1
5248	CCDC141	0.00273224	0.059353665	4.3917503	20.355156	1
5260	ITGA4	0.8100172	0.2567422	-1.6572485	44.55244	1
5268	PDE1A	0.36739874	0.028254973	-3.6960657	44.55244	1
5270	DNAJC10	0.25772807	0.5326889	1.0471549	44.55244	1
5271	FRZB	0.15317048	0.06935924	-1.1418413	12.722287	1
5272	NCKAP1	0.23263264	0.49576464	1.0912728	44.55244	1
5284	ZNF804A	0.04579389	0.10288227	1.166022	8.726781	1
5293	ITGAV	0.22585158	0.7392702	1.7102833	44.55244	1
5299	TFPI	0.3999881	1.1032085	1.4634466	44.55244	1
5305	COL5A2	0.81428814	1.765519	1.1163856	44.55244	1
5309	SLC40A1	0.16623533	0.06692708	-1.3112786	17.561577	1
5321	INPP1	0.06408115	0.13974795	1.1236376	12.018446	1
5327	NAB1	0.07669301	0.17143814	1.1594825	15.158594	1
5337	MYO1B	0.116022296	0.40798977	1.8132415	44.55244	1
5338	NABP1	0.030070331	0.10936655	1.8592876	18.210152	1
5340	CAVIN2	0.012221783	0.10845867	3.1391919	26.332438	1
5361	HECW2	0.042657364	0.4704048	3.4599645	44.55244	1
5373	COQ10B	0.1217898	0.26395413	1.1152563	23.23831	1
5382	PLCL1	0.1663077	0.02597772	-2.6738327	40.914055	1
5398	SPATS2L	0.36245212	0.9906546	1.4503394	44.55244	1
5401	SGO2	0.027494155	0.11760223	2.0927072	17.900364	1
5414	CFLAR	0.120624125	0.2516354	1.060194	20.233118	1
5417	CASP10	0.0026570046	0.022219185	3.0171106	7.0691833	1
5420	TRAK2	0.06982732	0.14777766	1.080476	12.329103	1
5458	NRP2	1.408039	0.20121498	-2.8062632	44.55244	1
5469	ADAM23	0.029875576	0.12995501	2.1172626	24.231472	1
5479	KLF7	0.08454945	0.23299035	1.4613167	28.81144	1
5492	CCNYL1	0.028510543	0.0683502	1.258508	7.1721845	1
5502	IDH1	0.13047014	0.27311888	1.065232	21.895731	1
5543	FN1	0.77513856	3.09138	1.9955853	44.55244	1
5563	SMARCAL1	0.042018548	0.087013	1.0484324	7.051461	1
5569	IGFBP2	0.7863869	2.445048	1.6364272	44.55244	1
5583	DIRC3	0.15054446	0.010739226	-3.796814	44.55244	1
5584	TNS1	0.08141501	0.18115766	1.1529044	15.904186	1
5589	ARPC2	1.1550174	2.3384528	1.0175765	44.55244	1
5591	GPBAR1	0.0044163503	0.10089707	4.483012	31.857653	1
5594	TMBIM1	0.021468077	0.18130328	3.072231	44.55244	1
5610	TTLL4	0.020657478	0.052669186	1.3460646	6.496022	1
5611	CYP27A1	0.008399328	0.05848641	2.7851455	14.787812	1
5631	RETREG2	0.10073468	0.20816608	1.046436	16.812326	1
5634	ABCB6	0.027222605	0.13875447	2.3454068	29.244406	1
5635	ATG9A	0.03940172	0.105497055	1.4185821	13.221346	1
5638	STK16	0.09475343	0.19537541	1.0432153	15.783892	1
5639	TUBA4A	0.0070261452	0.05285963	2.8936994	13.859119	1
5642	PTPRN	0.0017117982	0.12435421	6.102049	38.43239	1
5649	SPEG	0.034195088	0.09718574	1.5042263	12.152405	1
5653	GMPPA	0.04386892	0.13817814	1.653017	21.36823	1
5655	CHPF	0.07709399	0.86491317	3.4861617	44.55244	1
5660	INHA	-1.542503e-09	0.04215016	8.722836	15.363843	1
5674	EPHA4	0.39734918	0.025843265	-3.9373384	44.55244	1
5683	ACSL3	0.25240076	0.6672042	1.402057	44.55244	1
5688	SCG2	0.035150293	0.26221302	2.8955822	33.079655	1
5693	SERPINE2	0.32653123	1.7932067	2.4568877	44.55244	1
5698	DOCK10	0.024916194	0.005080746	-2.2716305	5.667158	1
5702	IRS1	0.029891413	0.13716848	2.194379	26.42711	1
5706	COL4A4	0.0011201997	0.05951214	5.610417	18.349611	1
5712	AGFG1	0.13940729	0.29077592	1.0600632	23.43956	1
5729	PID1	0.19475603	0.04429648	-2.1338913	37.650276	1
5740	SP100	0.047214422	0.30674532	2.6971595	44.55244	1
5766	PDE6D	0.0442883	0.10863152	1.2925187	12.076024	1
5782	EIF4E2	0.3571594	0.73518366	1.0413289	44.55244	1
5796	DGKD	0.059801992	0.14491777	1.2755537	14.363653	1
5809	HJURP	0.003554534	0.036452048	3.322193	9.333318	1
5819	ARL4C	0.012288868	0.16588072	3.7438993	41.61643	1
5822	SH3BP4	0.0148532735	0.061666414	2.0463614	11.827266	1
5825	AGAP1	0.06698497	0.17699414	1.4004551	21.395836	1
5838	COPS8	0.21296428	0.4713275	1.1457472	44.55244	1
5849	LRRFIP1	0.18605672	0.614406	1.7229095	44.55244	1
5852	RAMP1	0.03856256	0.13466865	1.8014759	16.776396	1
5853	UBE2F	0.120586954	0.25288153	1.0677623	21.40093	1
5894	GPC1	0.06441048	0.34657446	2.425976	44.55244	1
5899	RNPEPL1	0.066928774	0.15482931	1.2087576	15.242667	1
5912	SNED1	0.026642261	0.0017569473	-3.8481169	9.29724	1
5917	PPP1R7	0.17783451	0.43149427	1.2783294	44.55244	1
5918	ANO7	0.0022957877	0.025727393	3.43033	8.14169	1
5919	HDLBP	0.6479469	1.3654699	1.0753331	44.55244	1
5923	FARP2	0.04593698	0.10608566	1.2057238	10.461318	1
5925	STK25	0.17253207	0.3659089	1.0841781	32.63283	1
5927	BOK	0.014646498	0.09522301	2.6924522	24.273935	1
5931	DTYMK	0.1336821	0.3026129	1.178065	27.149212	1
5934	D2HGDH	0.040085256	0.08096755	1.0124583	6.089377	1
5972	SUMF1	0.032794256	0.10094911	1.619149	15.404472	1
5982	BHLHE40	0.008607164	0.18955211	4.4450088	44.55244	1
5986	EDEM1	0.02465841	0.09555315	1.949894	17.695171	1
6005	RAD18	0.027568758	0.07357876	1.412991	9.241212	1
6006	SRGAP3	0.10118559	0.026215825	-1.9444264	17.790728	1
6023	TADA3	0.17069684	0.4264134	1.3203098	44.55244	1
6032	CRELD1	0.12804419	0.30616024	1.25699	32.731083	1
6037	EMC3	0.19368042	0.41925642	1.113754	39.818974	1
6039	FANCD2	0.0066849524	0.028876973	2.0944965	6.0790963	1
6049	SEC13	0.24387914	0.6194671	1.3445028	44.55244	1
6060	HRH1	0.0022428853	0.09464578	5.3377037	31.27662	1
6062	ATG7	0.04260215	0.09354642	1.1329151	8.399031	1
6066	TAMM41	0.045158938	0.106907696	1.2414399	11.212096	1
6068	TIMP4	0.0011254379	0.014885969	3.6122432	5.087868	1
6082	HDAC11	0.010115157	0.046155285	2.178907	9.9449215	1
6083	FBLN2	0.03671944	0.8685183	4.5601826	44.55244	1
6087	CHCHD4	0.030487549	0.06782153	1.1509246	6.5849214	1
6088	TMEM43	0.088921115	0.19778812	1.1524656	18.402515	1
6094	SLC6A6	0.024999995	0.058132585	1.2141396	5.541643	1
6110	SH3BP5	0.110251755	0.3280442	1.5722203	44.55244	1
6117	BTD	0.029207313	0.076235734	1.3810979	8.843804	1
6125	RFTN1	0.02555056	0.06890723	1.4277574	8.992142	1
6151	SGO1	0.007895054	0.040348243	2.3388975	8.747712	1
6155	ZNF385D	0.09245845	0.006397971	-3.8323035	27.233326	1
6177	LRRC3B	0.04403483	0.0023210016	-4.188242	15.663523	1
6183	LINC01980	0.0040664757	0.027134972	2.708561	6.657214	1
6196	TGFBR2	0.17527853	0.61476785	1.8098042	44.55244	1
6200	OSBPL10	0.023088146	0.059935804	1.3724358	7.2900624	1
6207	CMTM6	0.27074072	0.5501522	1.0226483	44.55244	1
6208	DYNC1LI1	0.17957425	0.39263925	1.128188	36.617382	1
6213	GLB1	0.10412233	0.32881224	1.6580383	44.55244	1
6215	CRTAP	0.44869322	0.9195881	1.0350939	44.55244	1
6237	LRRFIP2	0.12725824	0.31575555	1.3103725	36.649834	1
6243	ITGA9	0.04006845	0.14009446	1.8032945	21.227465	1
6247	PLCD1	0.018932803	0.10855095	2.513141	24.945688	1
6265	CSRNP1	0.016073342	0.1044571	2.6926014	26.502758	1
6285	ENTPD3	0.028005168	0.000758085	-5.0335712	10.771183	1
6301	VIPR1	0.00050433853	0.050087932	6.3758397	16.6493	1
6303	SEC22C	0.09354812	0.1975065	1.0773084	16.841055	1
6325	POMGNT2	0.028362341	0.05949662	1.0661763	5.08807	1
6330	ANO10	0.051545884	0.1160499	1.1692626	11.314409	1
6331	ABHD5	0.042851698	0.09293591	1.1150725	8.187074	1
6352	KIF15	0.0076074973	0.04109727	2.4182143	8.78976	1
6353	TMEM42	0.036719926	0.12175716	1.7266322	18.556915	1
6390	MYL3	0.009015863	0.09888536	3.440764	25.796053	1
6396	KIF9	0.021800403	0.08083262	1.885764	13.875466	1
6406	MAP4	0.44896612	0.9318442	1.0533158	44.55244	1
6419	SHISA5	0.24145055	0.56835526	1.2347217	44.55244	1
6420	PFKFB4	0.018420901	0.16555789	3.1609807	41.94178	1
6423	UQCRC1	0.17608404	0.41863278	1.2489465	44.55244	1
6426	CELSR3	0.002796582	0.018008787	2.6442664	5.224134	1
6429	NCKIPSD	0.026445216	0.07408777	1.4827296	9.880057	1
6439	P4HTM	0.069559544	0.15147027	1.121594	13.12922	1
6441	DALRD3	0.10823661	0.25545013	1.2380854	25.527023	1
6442	NDUFAF3	0.28997007	0.6575644	1.1809502	44.55244	1
6448	LAMB2	0.11420672	0.32820296	1.5221175	44.55244	1
6450	KLHDC8B	0.10094921	0.35745764	1.8231176	44.55244	1
6461	DAG1	0.06239162	0.18968904	1.6026621	27.694008	1
6469	GMPPB	0.030183451	0.07649116	1.3386484	9.0746355	1
6494	HYAL3	0.007917435	0.038854484	2.2805767	8.941086	1
6495	NAA80	0.017695772	0.05339942	1.5879889	8.090465	1
6498	TUSC2	0.11485713	0.24602765	1.0983108	22.003183	1
6499	RASSF1	0.043333996	0.15991221	1.8812854	26.738783	1
6503	NPRL2	0.03858972	0.08238705	1.0922174	6.8968434	1
6504	CYB561D2	0.04415529	0.09678936	1.1304884	8.8242235	1
6505	TMEM115	0.09310555	0.20265573	1.1212549	18.03656	1
6509	HEMK1	0.035217565	0.07806331	1.1461056	7.119438	1
6533	ABHD14B	0.043273296	0.09860864	1.1863692	9.556371	1
6534	ABHD14A	0.12796246	0.261883	1.0326254	21.599213	1
6539	POC1A	0.0047216862	0.030989276	2.6888072	8.584869	1
6543	TWF2	0.104459405	0.32054615	1.6166593	44.55244	1
6553	TNNC1	0.012861829	0.24082948	4.2162695	44.55244	1
6556	NT5DC2	0.25241584	0.815548	1.6915729	44.55244	1
6559	GNL3	0.19939029	0.4054895	1.0237018	33.065216	1
6560	GLT8D1	0.21414977	0.5648537	1.3988391	44.55244	1
6571	PRKCD	0.006206044	0.026965901	2.1016693	6.027418	1
6580	ACTR8	0.049965397	0.11998514	1.2621719	12.446046	1
6593	WNT5A	0.34278283	0.16950175	-1.0155646	24.21014	1
6594	WNT5A-AS1	0.031980794	0.005112786	-2.6215835	7.9992714	1
6601	ARHGEF3	0.020250048	0.065674864	1.6925042	9.79248	1
6605	IL17RD	0.13366264	0.012783568	-3.3760712	39.10717	1
6619	FLNB	0.05846193	0.18143918	1.6322459	25.73918	1
6622	DNASE1L3	0.0007351985	0.019772515	4.5725117	7.223198	1
6627	PXK	0.08425171	0.17974873	1.0922947	14.82072	1
6637	C3orf67	0.0027528615	0.02989664	3.3943193	9.8630905	1
6644	PTPRG	0.5361439	0.18855876	-1.5071104	44.55244	1
6646	C3orf14	0.03819966	0.1409304	1.8806026	25.408215	1
6664	AC092040.1	0.0075346353	0.044335883	2.541094	10.905533	1
6666	PRICKLE2	0.016711673	0.07852867	2.2255924	16.055883	1
6673	ADAMTS9-AS2	0.009235719	0.051656794	2.4709153	11.057255	1
6679	SLC25A26	0.07729043	0.17134513	1.1475198	15.401954	1
6680	LRIG1	0.0071360446	0.099465676	3.7823753	31.42519	1
6691	EOGT	0.017377052	0.06678174	1.9361506	12.186175	1
6693	TMF1	0.27781814	0.6284869	1.1774522	44.55244	1
6695	ARL6IP5	0.41009578	1.0660096	1.3779713	44.55244	1
6697	FRMD4B	0.021283993	0.41454053	4.277258	44.55244	1
6700	MITF	0.013938223	0.046669424	1.7362053	7.7660756	1
6726	SHQ1	0.032076694	0.068852164	1.0995796	6.1055865	1
6727	GXYLT2	0.020568501	0.09625002	2.2208512	19.667915	1
6730	PDZRN3	0.17267515	0.06924256	-1.3170826	18.637083	1
6734	CNTN3	0.014704176	0.0006864601	-4.2344866	5.534671	1
6754	GBE1	0.023691501	0.37312365	3.971522	44.55244	1
6764	CADM2	0.022742568	0.0022106445	-3.3053575	7.0657063	1
6781	PROS1	0.09820011	0.39956138	2.023513	44.55244	1
6790	EPHA6	0.017660692	0.0016815859	-3.3174539	5.782474	1
6811	CLDND1	0.20259123	0.40553614	1.0009024	31.889912	1
6815	CPOX	0.03861831	0.11588554	1.582857	15.9127245	1
6817	ST3GAL6	0.019957036	0.10258539	2.3560507	22.714975	1
6818	DCBLD2	0.14515465	0.29566735	1.0258783	20.597366	1
6824	COL8A1	0.0324532	0.18545273	2.5109577	29.480034	1
6829	TBC1D23	0.1012374	0.23441046	1.2104856	23.625814	1
6830	NIT2	0.08178362	0.2393308	1.547962	33.2733	1
6833	TMEM45A	0.13669863	0.4818465	1.8168191	44.55244	1
6835	TFG	0.37215975	0.7695228	1.047842	44.55244	1
6846	NXPE3	0.04778935	0.13292696	1.4739418	16.891401	1
6848	NFKBIZ	0.094544224	0.24109368	1.3496058	25.425634	1
6858	LINC00882	0.009041381	0.03912079	2.1011345	7.5901713	1
6869	CD47	0.13318361	0.38574833	1.5335344	44.55244	1
6874	CIP2A	0.019029295	0.0505568	1.4049724	6.61629	1
6901	C3orf52	0.010293758	0.03354946	1.6948663	5.413269	1
6909	ATG3	0.16301152	0.33028695	1.018298	26.224062	1
6922	BOC	0.217024	0.05104724	-2.0857909	41.135967	1
6933	GRAMD1C	0.0071621644	0.040576942	2.4857397	9.707234	1
6954	GAP43	0.041371215	0.23625189	2.510754	36.126213	1
6977	TIMMDC1	0.17622878	0.40159702	1.1878399	41.364075	1
6983	COX17	0.15301214	0.3137038	1.035274	24.856232	1
6996	HGD	0.00052352744	0.016117139	4.7009225	6.804058	1
7002	STXBP5L	0.0004725834	0.048512477	6.407697	17.768658	1
7007	HCLS1	0.035930585	0.005533033	-2.6772385	9.773479	1
7017	FAM162A	0.42442074	1.370385	1.6907797	44.55244	1
7030	PDIA5	0.027268456	0.2727479	3.3175108	44.55244	1
7033	ADCY5	0.042344093	0.012681542	-1.7315019	6.9867897	1
7045	ITGB5	0.068948194	0.33071968	2.2603695	44.55244	1
7048	HEG1	0.031772677	0.25206244	2.983961	44.55244	1
7050	SLC12A8	-1.542503e-09	0.023602936	7.888944	10.019639	1
7052	SNX4	0.13760637	0.31644014	1.2007931	31.884188	1
7081	PLXNA1	0.057399582	0.11512445	1.0028235	8.47808	1
7095	ABTB1	0.019543624	0.07781993	1.9879314	14.2672205	1
7096	MGLL	0.025271937	0.23145704	3.190062	44.55244	1
7099	SEC61A1	0.18223472	0.4854081	1.412906	44.55244	1
7102	EEFSEC	0.037983295	0.07919163	1.0580102	6.655147	1
7106	GATA2	0.008040852	0.05138425	2.6608796	12.722597	1
7107	GATA2-AS1	0.002294767	0.029409928	3.623243	10.068626	1
7110	RPN1	0.19335131	0.5246473	1.4396523	44.55244	1
7111	RAB7A	0.27328134	0.5684291	1.0563195	44.55244	1
7124	COPG1	0.13125779	0.3236401	1.3013343	37.312447	1
7134	PLXND1	0.1210982	0.2540498	1.0683109	19.53859	1
7139	TRH	0.0027384069	0.05262324	4.215286	11.715223	1
7148	ATP2C1	0.0912356	0.20453702	1.1638179	18.664871	1
7159	ACPP	-1.542503e-09	0.012002273	6.9191566	6.3528895	1
7161	ACAD11	0.027765317	0.07225124	1.3765472	9.023124	1
7163	UBA5	0.11674311	0.25912988	1.1496593	24.706017	1
7175	SRPRB	0.100061245	0.27883297	1.477594	37.18387	1
7177	RAB6B	0.006101434	0.02474682	2.0023875	5.2208953	1
7183	AMOTL2	0.015618466	0.040216707	1.3589175	5.0262737	1
7197	SLC35G2	0.021858908	0.05343683	1.2857255	5.8928685	1
7208	DZIP1L	0.01716772	0.07150806	2.0520444	13.781713	1
7213	MRAS	0.01913884	0.16248384	3.07909	44.55244	1
7217	PIK3CB	0.009188554	0.036916662	1.9946489	7.3155184	1
7230	AC046134.2	0.02903584	0.06289822	1.1125162	5.4480853	1
7238	CLSTN2	0.08173632	0.003449803	-4.5269303	27.13653	1
7251	ZBTB38	0.15562434	0.31786272	1.029863	25.247452	1
7257	ATP1B3	0.16498819	0.7376559	2.1599066	44.55244	1
7267	TRPC1	0.03018541	0.09610475	1.6674851	14.744325	1
7268	PCOLCE2	0.0113328835	0.034378875	1.5925236	5.1289177	1
7275	CHST2	0.22887434	0.07220946	-1.6629295	33.127018	1
7287	PLOD2	0.17345937	0.7612014	2.1330385	44.55244	1
7288	PLSCR4	0.02295435	0.110574394	2.2632105	21.345032	1
7308	AGTR1	0.07214047	0.02152693	-1.7399784	10.977725	1
7309	CPB1	0.035931505	0.0003794662	-6.231686	13.69128	1
7313	GYG1	0.0824564	0.20332213	1.3010246	21.41764	1
7314	HLTF	0.210814	0.47260356	1.1642809	44.55244	1
7316	HPS3	0.0502543	0.16205798	1.6872132	23.710802	1
7321	TM4SF1	0.04213243	1.0156095	4.5879927	44.55244	1
7325	WWTR1	0.18558443	1.1710346	2.6569822	44.55244	1
7330	RNF13	0.11713256	0.2601871	1.1507303	24.12863	1
7339	TSC22D2	0.104709774	0.21958216	1.0676445	18.17474	1
7340	SERP1	0.47126228	1.102713	1.2262801	44.55244	1
7342	SELENOT	0.19661573	0.41045505	1.0614634	35.49036	1
7346	SIAH2	0.028123133	0.14413626	2.353484	30.60503	1
7364	SUCNR1	0.0060821148	0.03243172	2.395675	5.621571	1
7366	MBNL1	0.25360706	0.5212211	1.0390087	44.55244	1
7371	P2RY1	0.020429632	0.32055923	3.9652612	44.55244	1
7373	RAP2B	0.13567118	0.48494187	1.8369318	44.55244	1
7400	KCNAB1	0.06380912	0.008828278	-2.8395681	17.047316	1
7401	AC091607.2	0.014929319	0.05489655	1.8715615	8.646738	1
7405	SSR3	0.59573233	1.3971797	1.2296425	44.55244	1
7407	TIPARP	0.067497596	0.2909074	2.1060119	44.55244	1
7412	LINC00881	0.0010564656	0.02537546	4.461314	9.635104	1
7417	VEPH1	0.0034130765	0.025192136	2.847882	7.6575665	1
7418	PTX3	0.009032367	0.115428165	3.661112	20.755653	1
7423	SHOX2	0.021099318	0.061417006	1.5369675	7.1257014	1
7426	MLF1	0.080232106	0.21244815	1.4037411	25.830025	1
7428	LXN	0.03581565	0.16104367	2.165663	28.032825	1
7431	RARRES1	0.010302239	0.048315603	2.218578	8.561046	1
7446	SMC4	0.14359072	0.32040694	1.1573887	24.51189	1
7451	PPM1L	0.08648781	0.029894747	-1.529454	11.368523	1
7453	NMD3	0.0994715	0.20396712	1.0352389	16.182539	1
7467	SLITRK3	0.018520867	0.0015269179	-3.516707	6.1351695	1
7510	CLDN11	0.017093642	0.05291896	1.6246333	6.973792	1
7517	EIF5A2	0.025889982	0.10801382	2.0565236	20.48757	1
7520	TNIK	0.05584214	0.30697176	2.4565682	44.55244	1
7522	PLD1	0.004408895	0.06133425	3.7681975	20.408583	1
7527	FNDC3B	0.23376893	0.7438446	1.6694951	44.55244	1
7533	ECT2	0.009501746	0.083619036	3.124187	20.52998	1
7616	YEATS2	0.11008324	0.23420121	1.0884596	19.569822	1
7618	MAP6D1	0.000529417	0.01363931	4.4481497	5.418998	1
7619	PARL	0.16539165	0.3407223	1.0422612	28.612843	1
7630	AP2M1	0.5290965	1.2434309	1.2325668	44.55244	1
7633	ALG3	0.057949618	0.2046382	1.8184217	36.06613	1
7634	EEF1AKMT4	0.022638014	0.070509866	1.6347636	10.437813	1
7635	CAMK2N2	0.0011377721	0.017692368	3.8454409	6.3481207	1
7647	EPHB3	0.111005805	0.035261616	-1.651678	16.460114	1
7654	C3orf70	0.015974652	0.07128391	2.1508114	14.5825205	1
7658	TMEM41A	0.08064256	0.18727581	1.2145334	18.514069	1
7667	DGKG	-1.542503e-09	0.015003667	7.238777	6.4091673	1
7686	ST6GAL1	0.008452393	0.12053591	3.8181875	39.24881	1
7687	RPL39L	0.060908027	0.2589061	2.0859149	44.55244	1
7690	MASP1	0.0011422554	0.76427734	9.26518	44.55244	1
7697	BCL6	0.008987088	0.09537341	3.3932092	26.338598	1
7706	LPP	0.28328422	0.767404	1.437415	44.55244	1
7712	P3H2	0.050242007	0.1025839	1.0283754	7.8313117	1
7717	IL1RAP	0.059671827	0.17093866	1.5167848	22.673834	1
7733	MB21D2	0.008420897	0.030658575	1.8519115	5.6623526	1
7735	PLAAT1	0.0012135474	0.020973573	4.003895	7.403262	1
7760	ATP13A3	0.0953943	0.5511027	2.5290964	44.55244	1
7764	TMEM44	0.036332324	0.14855589	2.0286856	28.324673	1
7768	FAM43A	0.06002027	0.12680656	1.0778432	9.86739	1
7782	APOD	0.0012360441	0.016405879	3.6269405	5.030033	1
7791	TFRC	0.09666651	0.23747739	1.2958179	22.282358	1
7795	PCYT1A	0.11318646	0.22805935	1.0100664	17.408712	1
7797	TCTEX1D2	0.08447971	0.21601917	1.3534434	25.25228	1
7802	RNF168	0.09300663	0.193988	1.0597551	15.188763	1
7820	MELTF	0.0010487301	0.019614095	4.1011157	7.0409203	1
7860	MYL5	0.038718656	0.08816702	1.1851244	8.6661215	1
7880	SPON2	0.023718972	0.2416734	3.3434725	35.968204	1
7886	UVSSA	0.039229844	0.09479769	1.2707486	10.290785	1
7892	AC147067.1	0.0036825684	0.053743776	3.8313415	17.99193	1
7894	SLBP	0.14713006	0.31552595	1.1001436	27.069908	1
7896	TACC3	0.0069725905	0.066771336	3.2410774	16.396397	1
7902	C4orf48	0.3213877	1.2971356	2.0126052	44.55244	1
7914	TNIP2	0.07434961	0.24387312	1.7123859	38.5698	1
7918	MFSD10	0.15100892	0.50342834	1.7364842	44.55244	1
7929	LRPAP1	0.28607616	0.9134385	1.6745621	44.55244	1
7938	LYAR	0.08471255	0.23102055	1.446296	27.33706	1
7941	NSG1	0.0016133605	0.11278574	6.041891	29.745665	1
7947	CYTL1	0.12585746	0.2814798	1.1606073	23.43743	1
7958	WFS1	0.023640286	0.068229206	1.5251651	9.634876	1
7961	MAN2B2	0.04084059	0.12686719	1.632852	19.704424	1
7977	GRPEL1	0.0962081	0.28310323	1.5561085	40.304886	1
7982	AFAP1	0.122230925	0.27281427	1.1576586	25.018208	1
7989	HTRA3	0.020783054	0.22657706	3.4402337	44.55244	1
8031	WDR1	0.14448217	0.45398864	1.6510843	44.55244	1
8049	NKX3-2	0.13220453	0.00051770976	-7.7427177	44.55244	1
8050	LINC01096	0.011702922	1.2732926e-09	-6.882982	5.0674543	1
8061	CPEB2	0.010504108	0.04677463	2.144184	10.211586	1
8069	BST1	0.0015388947	0.07029653	5.4247093	25.215006	1
8073	PROM1	0.046948817	0.012220425	-1.9331065	8.307461	1
8091	NCAPG	0.003211555	0.07447589	4.493129	18.94869	1
8101	KCNIP4	0.013817438	0.058773324	2.0807204	9.922918	1
8118	SOD3	0.004084001	0.18017884	5.429203	44.55244	1
8123	PI4K2B	0.016305724	0.06756368	2.0441825	13.85146	1
8154	PCDH7	0.7056169	0.29015446	-1.2817714	44.55244	1
8171	ARAP2	0.027692357	0.0056496193	-2.27315	6.1056232	1
8179	NWD2	0.016826194	1.2732926e-09	-7.4030952	7.3210993	1
8184	PGM2	0.044632424	0.113614365	1.3460218	12.903129	1
8193	KLF3-AS1	0.060871754	0.021262474	-1.5130624	7.8586874	1
8195	KLF3	0.25916418	0.5279001	1.0261154	44.25141	1
8198	TLR6	0.0005933676	0.019357959	4.810596	7.760534	1
8199	FAM114A1	0.20683841	1.146632	2.470255	44.55244	1
8231	UCHL1	0.4467109	0.9368074	1.0682422	44.55244	1
8267	GABRA2	0.26004398	0.042733587	-2.6024957	44.55244	1
8272	AC107398.3	0.035635717	0.0085109025	-2.0531304	7.0950184	1
8278	CORIN	0.06593805	0.014429164	-2.1843457	13.466403	1
8297	SGCB	0.18043862	0.58629346	1.6995616	44.55244	1
8299	SPATA18	0.011090335	0.036956243	1.7274634	5.8725553	1
8322	PDGFRA	1.4309347	0.5127201	-1.4805338	44.55244	1
8332	KDR	0.018569954	0.16058876	3.1054788	27.823477	1
8334	SRD5A3	0.040547427	0.19282801	2.2468266	41.480927	1
8337	TMEM165	0.33921054	0.92593014	1.4484531	44.55244	1
8353	PAICS	0.15829961	0.40492478	1.3544414	44.55244	1
8357	HOPX	0.013005045	0.045228925	1.7903097	6.275511	1
8363	IGFBP7	0.75277203	1.9351381	1.3620346	44.55244	1
8386	ADGRL3	0.079807006	0.030663462	-1.3771042	9.037668	1
8391	TECRL	0.0010100432	0.035770096	5.014094	10.939106	1
8405	UBA6	0.14085114	0.3200424	1.1835185	31.259453	1
8427	SULT1E1	0.15180078	0.0029323741	-5.646538	44.55244	1
8434	ODAM	-1.542503e-09	0.0123664765	6.961932	5.2348213	1
8453	SLC4A4	0.003572177	0.028822452	2.9774823	8.428386	1
8457	ADAMTS3	0.0462448	0.13658054	1.5603284	15.051761	1
8462	ALB	0.005660803	0.093839474	4.0273895	21.868227	1
8463	AFP	0.002404446	0.04933419	4.3029456	10.556967	1
8468	CXCL8	-1.542503e-09	0.027936382	8.131179	5.4228854	1
8484	AREG	0.0042418526	0.08061449	4.216445	12.254887	1
8488	PARM1	0.030217396	0.0054724235	-2.443769	7.39494	1
8502	USO1	0.19044843	0.4572215	1.2630509	44.55244	1
8505	NAAA	0.010086041	0.08830776	3.1175797	26.399704	1
8514	SCARB2	0.38656235	1.1686105	1.5957713	44.55244	1
8517	STBD1	0.0027425992	0.18398571	6.017023	44.55244	1
8519	SHROOM3	0.10482018	0.026582059	-1.9753503	19.302784	1
8531	ANXA3	0.00176788	0.029073859	3.9652026	10.208338	1
8535	BMP2K	0.048069835	0.11769423	1.290067	12.876681	1
8536	PAQR3	0.03293169	0.07756494	1.2334127	7.8947086	1
8550	PRKG2	0.0015685009	0.043167368	4.6966553	14.247266	1
8552	RASGEF1B	0.002164448	0.03414413	3.9186254	9.991297	1
8592	AFF1	0.28178087	0.078037366	-1.8510009	44.55244	1
8599	SPARCL1	0.4303124	0.11667012	-1.8820485	44.55244	1
8606	SPP1	0.013071807	0.11843503	3.1697884	14.319655	1
8608	ABCG2	0.013436234	0.04102886	1.6033248	6.0903444	1
8609	PPM1K	0.09293505	0.2061553	1.1485851	17.853794	1
8626	SNCA	0.09983142	0.2255833	1.1752894	19.958187	1
8648	PDLIM5	0.063595034	0.34033075	2.4181085	44.55244	1
8652	UNC5C	0.3492025	0.17399324	-1.0046167	25.36277	1
8653	AC106881.1	0.056509912	0.02530829	-1.1557554	5.4320436	1
8662	RAP1GDS1	0.06736706	0.23132065	1.7782624	39.44696	1
8663	TSPAN5	0.17551489	0.57694	1.7162561	44.55244	1
8680	TRMT10A	0.031645063	0.07988277	1.333157	8.838756	1
8691	EMCN	0.41036728	0.19548705	-1.0694563	27.421719	1
8701	SLC39A8	0.027321175	0.061472736	1.1670014	5.8258324	1
8705	MANBA	0.036393054	0.14623107	2.0035422	26.332935	1
8711	SLC9B2	0.0150801055	0.040879708	1.4327279	5.4219728	1
8713	CENPE	0.023273915	0.13244858	2.50355	19.091215	1
8721	CXXC4	0.23290502	0.03360078	-2.789507	44.55244	1
8746	PAPSS1	0.18928088	0.42323738	1.1605171	42.07677	1
8752	LEF1	0.0067144586	0.104311965	3.9375443	32.562126	1
8753	LEF1-AS1	-1.542503e-09	0.012521731	6.9797883	5.8404574	1
8759	COL25A1	0.28624597	0.07283091	-1.9731569	44.55244	1
8763	MCUB	0.0035384987	0.027552653	2.9260027	7.817309	1
8766	PLA2G12A	0.13625525	0.33400893	1.2929482	37.572956	1
8774	ENPEP	0.00348061	0.07271669	4.345992	21.137438	1
8776	PANCR	0.002881486	0.032371942	3.4450903	10.449438	1
8795	ANK2	0.039921734	0.080744594	1.0143676	6.1274023	1
8803	NDST4	0.033530343	1.2732926e-09	-8.393601	12.364701	1
8818	PRSS12	0.086635716	0.006000309	-3.829672	26.416374	1
8821	SEC24D	0.14626782	0.42584404	1.5410656	44.55244	1
8823	MYOZ2	0.0027238582	0.026213009	3.2200367	7.586099	1
8825	C4orf3	0.73844737	1.587358	1.1039561	44.55244	1
8834	MAD2L1	0.027404914	0.12424323	2.1765666	20.387629	1
8842	ANXA5	0.53634363	1.5771418	1.5559053	44.55244	1
8846	CCNA2	0.0050864136	0.069452934	3.7453022	17.12964	1
8847	BBS7	0.06849034	0.15280482	1.1565565	14.231724	1
8865	LINC01091	0.006309651	0.053512722	3.0642579	15.910659	1
8888	PGRMC2	0.21539985	0.44579482	1.0490166	39.014503	1
8913	PCDH10	0.7840896	0.29597425	-1.4052436	44.55244	1
8940	SLC7A11	0.010493239	0.12813023	3.5975206	30.224733	1
8955	RAB33B	0.031874612	0.08906694	1.479582	11.441631	1
8960	MGST2	0.10862888	0.253468	1.2216374	24.86537	1
8971	TBC1D9	0.044438325	0.11591649	1.3812107	13.441602	1
8974	RNF150	0.1927423	0.07174689	-1.4244238	22.874897	1
8980	IL15	0.0022502895	0.036843836	3.9744234	12.978574	1
8999	HHIP-AS1	0.007850294	0.04490126	2.5008855	10.25829	1
9000	HHIP	0.004363776	0.05018212	3.493709	10.821891	1
9027	EDNRA	0.65417135	0.19581398	-1.7396688	44.55244	1
9086	TMEM131L	0.09849675	0.045320056	-1.1182106	8.881356	1
9089	RNF175	0.025475876	0.0012981253	-4.193218	8.862392	1
9091	SFRP2	0.26888493	0.0040033143	-6.0345917	44.55244	1
9123	GRIA2	0.08189279	0.0011874008	-5.992964	28.185883	1
9129	GASK1B	0.1669831	0.022240875	-2.9028082	43.438496	1
9133	TMEM144	0.010293198	0.037834194	1.8678594	6.068782	1
9144	LINC02233	0.03288622	1.2732926e-09	-8.365702	13.517291	1
9147	FSTL5	0.23913032	0.0013733824	-7.3431244	44.55244	1
9153	NPY1R	0.4031314	0.015945926	-4.651329	44.55244	1
9157	MARCH1	0.056530893	0.021090532	-1.4181695	6.776849	1
9176	SPOCK3	0.10021313	0.0042677834	-4.5214653	30.579405	1
9192	CLCN3	0.13293247	0.569514	2.098206	44.55244	1
9211	GALNTL6	0.031536978	0.0049142265	-2.6575127	8.148353	1
9216	AC097534.2	0.03688962	0.1321482	1.8380557	20.228348	1
9217	SAP30	0.15363033	0.43150142	1.4892977	44.55244	1
9218	SCRG1	0.06903212	0.48212484	2.8022778	44.55244	1
9225	LINC02269	0.00090256525	0.1867522	7.5420575	41.216183	1
9232	CEP44	0.09720281	0.21986355	1.1767111	20.102781	1
9234	HPGD	0.07496904	0.0070786215	-3.3864393	19.390623	1
9257	AGA	0.018895082	0.058180932	1.617398	8.396836	1
9295	STOX2	0.21452735	0.028530005	-2.906234	44.55244	1
9309	CENPU	0.015392296	0.04535374	1.5528481	6.3762403	1
9319	SLC25A4	0.12635823	0.3581645	1.502364	44.55244	1
9321	SNX25	0.021002969	0.059771653	1.5044272	8.30766	1
9324	ANKRD37	0.023176312	0.383965	4.044416	44.55244	1
9326	C4orf47	0.0044186697	0.05324639	3.5614207	14.775942	1
9327	CCDC110	0.005670033	0.03549417	2.6249895	8.582921	1
9328	AC106897.1	0.0005903091	0.060909126	6.4656386	24.087227	1
9329	PDLIM3	0.004438319	1.0287932	7.82472	44.55244	1
9330	SORBS2	0.0021465041	0.057954304	4.6916494	19.362309	1
9342	FAT1	0.23758197	0.5235407	1.1395448	44.55244	1
9381	SDHA	0.09729702	0.24407963	1.3259933	28.7734	1
9384	AHRR	0.0070563857	0.027564362	1.9507256	6.0450807	1
9389	SLC9A3-AS1	0.011139829	0.035262782	1.6536118	5.427432	1
9399	TRIP13	0.0075344685	0.032094046	2.0761943	6.8520775	1
9405	NKD2	0.0005023986	0.1800613	8.224355	44.55244	1
9406	SLC12A7	0.018458873	0.06707609	1.8558387	11.4613	1
9412	CLPTM1L	0.1386024	0.29782057	1.102935	26.622347	1
9424	IRX4	0.0006225612	0.017208878	4.5822487	6.225459	1
9441	IRX1	0.023895627	0.0006927776	-4.9197116	8.512227	1
9467	MED10	0.20465913	0.4934093	1.2691493	44.55244	1
9472	SRD5A1	0.023963824	0.101113275	2.0724607	20.068644	1
9503	SEMA5A	0.12140702	0.81886065	2.7527544	44.55244	1
9507	SNHG18	0.08283311	0.3270426	1.9798994	44.55244	1
9533	DAP	0.1457997	0.45754763	1.6492603	44.55244	1
9545	OTULINL	0.1546586	0.05442137	-1.5051259	18.99287	1
9548	ANKH	0.023221277	0.15915029	2.7715774	38.73028	1
9561	ZNF622	0.100237735	0.22897911	1.1909816	22.769482	1
9565	MYO10	0.06253333	0.2400021	1.9386456	39.58926	1
9567	BASP1-AS1	0.017932191	0.0024605244	-2.8160634	5.32782	1
9601	CDH12	0.03473758	0.0020224005	-4.0368757	11.615388	1
9604	AC091938.1	0.014432286	1.2732926e-09	-7.1830993	5.899615	1
9611	CDH10	0.07565327	0.013480397	-2.4797826	17.134842	1
9639	CDH6	0.0016875402	0.03955397	4.471418	10.597247	1
9657	NPR3	0.004666732	0.15664893	5.0393114	29.582754	1
9666	ADAMTS12	0.033565897	0.13782328	2.034506	25.709997	1
9674	RAI14	0.12219616	0.40008757	1.7102971	44.55244	1
9685	IL7R	0.0138743045	0.059449177	2.091305	10.984706	1
9707	GDNF	0.044428147	0.0010763188	-5.242367	16.210257	1
9713	EGFLAM	0.00608431	0.10087234	4.029204	31.23549	1
9719	LIFR	0.06137464	0.22935627	1.900156	33.798843	1
9724	OSMR	0.012292431	0.12448485	3.3295977	35.962227	1
9741	CARD6	0.013991397	0.039897062	1.5050795	5.6178427	1
9742	C7	0.21672714	1.3736736	2.663527	44.55244	1
9745	PLCXD3	0.0047434797	0.027270643	2.4985137	5.9742074	1
9746	OXCT1	0.035311293	0.08782725	1.3121008	9.778447	1
9752	GHR	0.097130544	0.018880645	-2.3568807	21.561657	1
9754	SELENOP	0.9030154	0.22370586	-2.0126624	44.55244	1
9784	MRPS30-DT	0.019997628	0.05171715	1.3664045	5.9649997	1
9800	AC010478.1	0.020803936	0.00046009134	-5.2219687	8.156886	1
9801	ISL1	0.2535318	0.015931299	-3.9837723	44.55244	1
9805	AC022126.1	0.022235312	0.08802584	1.9802387	15.474625	1
9806	PELO	0.08656407	0.33854958	1.9662873	44.55244	1
9807	ITGA1	0.13514243	0.8523238	2.656023	44.55244	1
9809	ITGA2	0.079664774	0.2187193	1.4559163	21.408411	1
9822	HSPB3	-1.542503e-09	0.016943235	7.413078	7.1793113	1
9826	ESM1	0.065160535	0.0076448726	-3.0748975	18.161573	1
9833	GPX8	0.39534298	0.8676624	1.1338304	44.55244	1
9839	PLPP1	0.08977445	0.5680956	2.6604047	44.55244	1
9843	IL6ST	0.37109315	0.9246017	1.3168179	44.55244	1
9903	RGS7BP	0.048708536	0.0037252575	-3.6735046	15.166194	1
9911	CENPK	0.026708191	0.07993925	1.5780339	10.206487	1
9916	SGTB	0.045804866	0.10860324	1.243676	11.433346	1
9940	PIK3R1	0.43541533	0.18508579	-1.2337501	44.55244	1
9951	CCNB1	0.031625252	0.15126784	2.2543552	19.547558	1
9952	CENPH	0.025857642	0.08481925	1.7099323	12.363723	1
9979	MAP1B	0.42351955	2.1256616	2.3271387	44.55244	1
9987	TNPO1	0.27495646	0.58364224	1.0856037	44.55244	1
9997	FOXD1	0.0018970309	0.21846643	6.7740717	44.55244	1
10014	HEXB	0.08184923	0.3520643	2.1034462	44.55244	1
10039	F2R	0.17479056	0.68656003	1.9731436	44.55244	1
10040	F2RL1	-1.542503e-09	0.04840161	8.921911	20.731115	1
10042	CRHBP	0.008290942	1.3994935	7.3819594	44.55244	1
10047	PDE8B	0.08370003	0.037859075	-1.142506	7.1445723	1
10048	WDR41	0.18319876	0.41552255	1.1810769	42.899227	1
10055	SCAMP1	0.12136332	0.26496556	1.1258285	23.89184	1
10056	LHFPL2	0.04822099	0.104781225	1.1180346	9.108694	1
10057	ARSB	0.027415171	0.07412505	1.431679	9.029123	1
10069	THBS4	0.07254504	0.20552896	1.5011073	17.011478	1
10071	SERINC5	0.025396293	0.17285661	2.7620509	39.38043	1
10079	DHFR	0.057405334	0.13301782	1.210936	13.056279	1
10090	SSBP2	0.5098474	0.2374805	-1.101932	44.55244	1
10093	ATG10	0.06653831	0.13685611	1.03929	10.75145	1
10107	XRCC4	0.05035851	0.1679833	1.7360067	26.815508	1
10110	HAPLN1	0.014469516	1.102419	6.241707	44.55244	1
10111	EDIL3	0.11601641	0.5981574	2.3651946	44.55244	1
10128	RASA1	0.08976215	0.18363717	1.031858	13.824835	1
10155	LYSMD3	0.06933732	0.16867281	1.2812992	17.962385	1
10157	LUCAT1	-1.542503e-09	0.039717536	8.637282	14.516668	1
10164	ARRDC3	0.21366487	0.45291585	1.0835366	34.422283	1
10176	NR2F1	0.49790645	0.10273225	-2.2758715	44.55244	1
10192	ARSK	0.04765368	0.13818924	1.5340052	18.510424	1
10197	RHOBTB3	0.56509626	1.174698	1.055589	44.55244	1
10198	GLRX	0.093481645	0.3069233	1.7140505	44.55244	1
10203	ELL2	0.026595375	0.10810702	2.0191324	19.127253	1
10210	CAST	0.54457855	1.1283497	1.0508652	44.55244	1
10216	ERAP2	0.017362278	0.051093627	1.5517225	7.3287206	1
10236	FAM174A	0.06624471	0.13709939	1.0482208	10.889531	1
10238	ST8SIA4	0.042146545	0.10403731	1.3015817	10.71594	1
10247	PAM	0.19756721	0.7340435	1.8929886	44.55244	1
10251	C5orf30	0.07497717	0.027218884	-1.4584757	9.429833	1
10278	SLC25A46	0.0805687	0.16578715	1.0401211	13.11936	1
10280	TSLP	0.0012848959	0.021521827	3.964639	7.132216	1
10290	EPB41L4A	0.005603264	0.16873394	4.8876734	44.55244	1
10295	EPB41L4A-DT	-1.542503e-09	0.015236079	7.260808	7.0298414	1
10299	REEP5	0.19864967	0.6158367	1.6318296	44.55244	1
10306	KCNN2	0.16881947	0.067330256	-1.3248677	16.661451	1
10316	CCDC112	0.092628166	0.2186981	1.2385206	21.251902	1
10317	FEM1C	0.038984407	0.08416944	1.1084163	7.2411485	1
10318	TICAM2	0.011976212	0.06111462	2.3417084	14.127327	1
10320	TMED7	0.18455356	0.42844823	1.2146364	44.55244	1
10333	SEMA6A	0.8758775	0.29816476	-1.5543004	44.55244	1
10334	SEMA6A-AS1	0.032511722	0.0062612514	-2.3580081	7.583546	1
10351	TNFAIP8	0.060702305	0.25668988	2.0783904	44.55244	1
10361	LOX	0.005409149	0.6174608	6.808608	44.55244	1
10375	PPIC	0.34680015	0.84651214	1.2871808	44.55244	1
10378	PRDM6	0.040729877	0.011719699	-1.788432	7.1086755	1
10405	MARCH3	0.022794763	0.20011365	3.1284509	44.55244	1
10409	MEGF10	0.0115669025	0.041122906	1.8210247	6.8536687	1
10411	PRRC1	0.14180161	0.3082567	1.1197091	28.145071	1
10418	SLC12A2	0.076169096	0.19155608	1.3293493	19.57962	1
10425	ADAMTS19	0.19363877	0.007640155	-4.6456065	44.55244	1
10444	P4HA2	0.19731747	1.382542	2.8081062	44.55244	1
10452	IRF1	0.04341308	0.09073576	1.0618112	6.9190426	1
10482	VDAC1	0.5631642	1.2103618	1.1036739	44.55244	1
10489	UBE2B	0.361375	0.80575967	1.1566328	44.55244	1
10496	SAR1B	0.16125256	0.35131833	1.122973	33.250237	1
10497	SEC24A	0.07459282	0.19644831	1.3958424	23.540934	1
10501	TXNDC15	0.15499525	0.39061394	1.3329582	44.55244	1
10504	PITX1	0.07194894	0.005053244	-3.8054245	22.890177	1
10536	SPOCK1	0.022068808	0.18898673	3.0924451	41.95038	1
10537	KLHL3	0.031842142	0.09523142	1.5774907	13.390141	1
10549	KIF20A	0.0051643066	0.045126688	3.102859	12.180194	1
10552	CDC25C	0.0010331263	0.023312464	4.3688965	9.279723	1
10556	REEP2	0.010701831	0.061668247	2.5155895	14.654212	1
10563	SIL1	0.10882142	0.46673587	2.0996275	44.55244	1
10566	SNHG4	0.007835286	0.027701935	1.8088312	5.3296423	1
10575	ECSCR	0.032167282	0.0675828	1.0687171	5.2275696	1
10577	TMEM173	0.043982416	0.16728407	1.924887	29.143383	1
10581	CXXC5	0.32327434	0.76500773	1.2424577	44.55244	1
10591	PURA	0.16076028	0.3226375	1.004553	24.296585	1
10594	CYSTM1	0.12896106	0.43487677	1.7528846	44.55244	1
10597	HBEGF	0.010675955	0.0984782	3.193453	25.846315	1
10602	SRA1	0.17958301	0.4703972	1.3887321	44.55244	1
10650	PCDHB16	0.018732395	0.04745714	1.3364456	5.615682	1
10658	PCDHB14	0.015787337	0.05902549	1.895903	10.070992	1
10680	PCDHGA10	0.14731607	0.62398034	2.0818381	44.55244	1
10689	DIAPH1	0.08671595	0.19440204	1.1637532	18.542585	1
10693	RELL2	0.005475772	0.025228709	2.18353	5.8304467	1
10694	FCHSD1	0.016516048	0.041913647	1.3382808	5.0306125	1
10704	RNF14	0.06475244	0.13353263	1.0430397	10.657487	1
10714	ARHGAP26	0.018206354	0.053165544	1.5408581	7.4283733	1
10722	YIPF5	0.28198528	0.65071374	1.2061133	44.55244	1
10755	C5orf46	-1.542503e-09	0.014536383	7.1934376	6.4332356	1
10758	SPINK5	0.032282334	0.008426386	-1.9252008	6.0233274	1
10770	ADRB2	0.1452624	0.0064536254	-4.471217	44.55244	1
10777	AFAP1L1	0.013764663	0.07220031	2.3825896	15.542566	1
10781	PCYOX1L	0.026381884	0.065226026	1.3026521	7.1734776	1
10789	PPARGC1B	0.014021825	0.044879213	1.6713319	6.7758083	1
10801	CD74	0.057252333	0.024362763	-1.2292649	5.841591	1
10806	SYNPO	0.03225631	0.3635001	3.4902334	44.55244	1
10813	SMIM3	0.17628944	0.37014732	1.069725	25.622147	1
10815	ZNF300	0.07433568	0.031216761	-1.2490594	7.750484	1
10817	TNIP1	0.10874467	0.33971307	1.6424704	44.55244	1
10820	CCDC69	0.0010519287	0.029089129	4.6633077	11.083081	1
10821	GM2A	0.042118087	0.12615354	1.5803907	17.515514	1
10829	SPARC	0.8119849	2.624657	1.6924813	44.55244	1
10897	RNF145	0.14175819	0.31278038	1.1411617	29.374052	1
10911	CCNJL	0.03037869	0.06996106	1.200812	6.8100114	1
10912	C1QTNF2	0.0026405498	0.02542874	3.2195852	8.662296	1
10915	PTTG1	0.069764934	0.3348804	2.2614362	44.55244	1
10930	HMMR	0.0061416067	0.09873222	3.984992	20.146646	1
10936	AC109466.1	0.05052117	0.0086793015	-2.5275629	11.72284	1
10945	TENM2	0.028711531	0.17113239	2.5712373	35.60879	1
10954	AC026689.1	0.0044570635	0.02429796	2.4205842	6.1187315	1
10956	RARS	0.18857452	0.45179528	1.2600888	44.55244	1
10957	FBLL1	0.0064604194	0.03394007	2.375374	7.941702	1
10964	SPDL1	0.06489332	0.15376672	1.2433178	14.553081	1
10967	INSYN2B	0.008774451	0.0666356	2.9107268	18.756845	1
10990	STK10	0.056013472	0.13825667	1.3019731	15.161043	1
11000	DUSP1	0.12046781	0.25923726	1.1049846	20.259497	1
11010	NKX2-5	0.009532639	0.1635879	4.086873	44.55244	1
11011	STC2	0.0024900464	0.51576346	7.6378675	44.55244	1
11023	CPEB4	0.08553777	0.17286521	1.0141629	12.888594	1
11039	SFXN1	0.16482599	0.37261283	1.1762456	37.270573	1
11052	KIAA1191	0.109499335	0.26612177	1.2803894	28.592474	1
11055	ARL10	0.07114344	0.1440329	1.0165704	10.721677	1
11078	MXD3	0.010573926	0.042192478	1.9863102	8.069143	1
11080	LMAN2	0.3022176	0.8276706	1.4531661	44.55244	1
11084	F12	0.014772105	0.09582524	2.6893017	23.635881	1
11085	GRK6	0.04229752	0.09709936	1.1969669	9.845102	1
11087	PRR7	0.03178336	0.16993204	2.4149308	38.11533	1
11092	DDX41	0.072576396	0.21052559	1.5351219	28.071833	1
11095	TMED9	0.6008398	1.6377851	1.4465418	44.55244	1
11096	B4GALT7	0.09073364	0.20571974	1.1800828	19.560276	1
11099	FAM153A	-1.542503e-09	0.015902426	7.3221693	5.718222	1
11107	FAM153CP	0.012777505	0.06364423	2.3074417	12.149636	1
11129	ADAMTS2	0.016470777	0.04587853	1.4723191	5.6045213	1
11143	MGAT4B	0.12193989	0.64994025	2.4131763	44.55244	1
11144	SQSTM1	0.33992273	0.83413243	1.2948183	44.55244	1
11154	GFPT2	0.011701566	0.09283314	2.9772148	24.712954	1
11157	SCGB3A1	0.0005160351	0.015773239	4.68744	5.350455	1
11161	MGAT1	0.09655293	0.32109365	1.7325579	44.55244	1
11162	HEIH	0.03462408	0.07337585	1.0813335	5.8621054	1
11163	LINC00847	0.014487128	0.04316575	1.5685297	6.051329	1
11173	TRIM7	-1.542503e-09	0.0118028885	6.8951902	5.3243833	1
11192	DUSP22	0.04715017	0.11141227	1.2388111	11.76969	1
11224	WRNIP1	0.06815155	0.14010806	1.0386355	11.010351	1
11225	SERPINB1	0.033309482	0.3033903	3.1833208	44.55244	1
11227	SERPINB9	0.022403723	0.36584938	4.0234084	44.55244	1
11229	SERPINB6	0.2809955	0.9985052	1.8288542	44.55244	1
11231	NQO2	0.1059452	0.3733856	1.8163732	44.55244	1
11238	TUBB2A	0.0892569	0.36192697	2.018446	44.55244	1
11245	PXDC1	0.042916927	0.13432176	1.6437904	20.269905	1
11294	SSR1	0.27540347	0.69176596	1.3284222	44.55244	1
11298	AL031058.1	0.01335381	0.07234034	2.4287786	16.768606	1
11299	DSP	0.10174839	0.39874765	1.9694146	44.55244	1
11301	BMP6	-1.542503e-09	0.017177822	7.4328	6.4368267	1
11302	TXNDC5	0.1385215	0.55698174	2.006738	44.55244	1
11307	SLC35B3	0.05551269	0.12978488	1.2237475	13.017968	1
11310	TFAP2A	0.004431227	0.04935282	3.4480793	14.113072	1
11330	ELOVL2	0.006439783	0.110025495	4.073762	33.626926	1
11332	SMIM13	0.033735503	0.095222205	1.4942744	13.343844	1
11335	NEDD9	0.010142523	0.16973817	4.051518	44.55244	1
11347	EDN1	0.0011686488	0.15327545	6.917631	27.171165	1
11351	TBC1D7	0.07368014	0.15612218	1.0822947	13.379869	1
11353	GFOD1	0.0488079	0.23913856	2.2903104	44.55244	1
11360	MCUR1	0.1330699	0.3507132	1.397435	43.774292	1
11380	MYLIP	0.07724001	0.30170763	1.9643422	44.55244	1
11381	GMPR	0.0045341174	0.064117335	3.7925963	20.149136	1
11383	ATXN1	0.13566792	0.29199412	1.1052905	25.682848	1
11391	RBM24	0.004065912	0.08393121	4.334221	28.531208	1
11392	CAP2	0.019996293	0.16701838	3.0558693	43.23022	1
11399	TPMT	0.04065648	0.10008512	1.2975668	11.122386	1
11406	ID4	0.2128935	0.68936276	1.6946632	44.55244	1
11440	ACOT13	0.13679451	0.40507236	1.565471	44.55244	1
11442	C6orf62	0.14808048	0.2964248	1.0007973	22.433207	1
11445	GMNN	0.062086053	0.18115753	1.543378	23.139257	1
11447	RIPOR2	0.023704238	0.2413445	3.3424013	44.55244	1
11461	TRIM38	0.13132659	0.28339332	1.1090574	24.739408	1
11469	HIST1H3B	0.0022533692	0.021871543	3.2228365	6.2444386	1
11473	HIST1H1C	0.13793583	0.2953093	1.0976725	20.308659	1
11479	HIST1H1E	0.045457993	0.14091077	1.6300293	17.920553	1
11500	BTN3A2	0.056594353	0.12813865	1.1775541	12.012021	1
11501	BTN2A2	0.08638509	0.04147457	-1.05675	6.885059	1
11541	HIST1H2BN	0.012884831	0.051184468	1.9816948	8.802295	1
11608	HLA-F-AS1	0.0006618788	0.020274285	4.741044	7.8901095	1
11613	HLA-A	0.27476752	1.2008204	2.1273324	44.55244	1
11629	HLA-E	0.15445012	0.6640879	2.1035168	44.55244	1
11639	PPP1R18	0.13540158	0.32994133	1.2843369	36.239605	1
11645	FLOT1	0.19010037	0.4464634	1.2313449	44.55244	1
11647	IER3	0.05053691	0.98282766	4.278824	44.55244	1
11652	DDR1	0.043854013	0.17036813	1.9554352	29.894653	1
11662	PSORS1C1	-1.542503e-09	0.05333847	9.061757	19.481567	1
11666	TCF19	0.004115493	0.022959847	2.4516096	6.246365	1
11672	HLA-C	0.1064033	1.242924	3.5448842	44.55244	1
11673	HLA-B	0.059122078	0.5964718	3.3324888	44.55244	1
11677	MICA	0.03715934	0.15648176	2.071242	29.902727	1
11686	NFKBIL1	0.11481135	0.25231385	1.1352696	21.732311	1
11692	AIF1	0.10226763	0.041139446	-1.3116627	10.565003	1
11720	NEU1	0.13409783	0.2755481	1.0384662	21.361778	1
11729	SKIV2L	0.027252324	0.06297704	1.2054516	6.384654	1
11745	AGPAT1	0.13122815	0.27670076	1.0756718	23.668457	1
11750	GPSM3	0.040024187	0.19645761	2.2924082	41.188267	1
11757	HLA-DRB1	-1.542503e-09	0.019314658	7.6010246	7.1727843	1
11771	HLA-DMA	0.003080636	0.036349818	3.5185244	11.053342	1
11776	HLA-DPA1	0.014784133	0.12074633	3.0213265	34.128414	1
11777	HLA-DPB1	0.07280111	0.22032937	1.5963037	31.60437	1
11779	COL11A2	0.0053884382	0.027101668	2.3092275	5.600114	1
11781	SLC39A7	0.37102157	0.7662973	1.0462006	44.55244	1
11788	B3GALT4	0.007592517	0.050917994	2.7294786	13.228335	1
11792	TAPBP	0.08015705	0.2595454	1.6938424	42.13747	1
11796	KIFC1	0.0012962196	0.048163928	5.1113477	14.577381	1
11797	PHF1	0.07698012	0.17653662	1.1963538	16.465277	1
11802	BAK1	0.035892475	0.07838935	1.1248014	7.2904487	1
11807	LEMD2	0.05997965	0.13412192	1.1596719	11.963342	1
11813	HMGA1	0.031813994	0.13512236	2.0830724	25.24597	1
11814	SMIM29	0.07088503	0.20467812	1.5284747	27.539143	1
11829	SCUBE3	0.117239326	0.015814554	-2.882268	30.94614	1
11862	CDKN1A	0.09472617	0.5689051	2.5850844	44.55244	1
11874	PIM1	0.0132334875	0.0562496	2.0793514	10.28231	1
11881	CCDC167	0.22057748	0.48755005	1.1439068	44.55244	1
11920	TREM1	-1.542503e-09	0.027251588	8.095503	8.112933	1
11938	CCND3	0.07089659	0.16276577	1.1978617	15.545759	1
11958	CNPY3	0.25029355	0.552849	1.1429492	44.55244	1
11963	MEA1	0.26681525	0.6334371	1.2470475	44.55244	1
11990	POLH	0.015291846	0.05195303	1.7578158	9.124245	1
11994	RSPH9	0.006042466	0.047769427	2.9622147	13.378232	1
11997	VEGFA	0.12703829	1.0134665	2.9949703	44.55244	1
12010	SLC29A1	0.03750581	0.14381042	1.9361436	23.266638	1
12021	SUPT3H	0.05434808	0.14477243	1.4118298	17.477097	1
12029	RCAN2	0.12326522	0.015404194	-2.9922054	32.70405	1
12042	TNFRSF21	0.050025456	0.1237233	1.3046675	12.941657	1
12054	CENPQ	0.022968434	0.06212567	1.43159	7.5837183	1
12083	TRAM2	0.05881228	0.18231708	1.6306006	26.633732	1
12085	TMEM14A	0.079443656	0.29895827	1.9106078	44.55244	1
12087	GSTA1	-1.542503e-09	0.14450392	10.497913	29.495857	1
12117	HMGCLL1	0.0513142	0.018265605	-1.4851606	6.720225	1
12118	BMP5	0.29415864	0.12166924	-1.2729349	28.719013	1
12119	COL21A1	0.7762218	0.20524839	-1.9185812	44.55244	1
12123	BEND6	0.015524356	0.044128153	1.5011684	6.0787096	1
12128	RAB23	0.041307747	0.08440354	1.0291109	6.8837433	1
12158	AL391807.1	0.07625766	0.02559779	-1.5711286	10.463812	1
12159	ADGRB3	0.12034316	0.04368951	-1.4596951	14.579115	1
12160	LMBRD1	0.08600768	0.19767293	1.1996311	18.766518	1
12162	COL9A1	0.012051622	0.05690958	2.2300556	10.509404	1
12198	SLC17A5	0.050040327	0.27801082	2.4716165	44.55244	1
12200	CD109	0.021839658	0.22519812	3.3602223	44.55244	1
12204	COL12A1	0.31359693	0.086712725	-1.853393	44.55244	1
12206	TMEM30A	0.16762565	0.5237193	1.6429659	44.55244	1
12208	FILIP1	0.029847346	0.20828053	2.7987204	44.55244	1
12237	TTK	0.004771885	0.051559564	3.4064837	12.73369	1
12243	TENT5A	0.19930147	0.80908364	2.020791	44.55244	1
12250	IBTK	0.1619845	0.33446416	1.0455368	27.865257	1
12256	PGM3	0.20334852	0.6671387	1.7135392	44.55244	1
12257	RWDD2A	0.039363317	0.08219024	1.060209	6.8693995	1
12258	ME1	0.02137818	0.10111489	2.2364779	21.63165	1
12264	CYB5R4	0.0227783	0.072142184	1.6588616	10.911205	1
12267	MRAP2	0.0020330534	0.058794253	4.7871346	20.377916	1
12274	NT5E	-1.542503e-09	0.07798369	9.6089	28.71394	1
12275	SNX14	0.14614436	0.3044615	1.0583525	25.158117	1
12279	HTR1E	0.028712202	0.0017345173	-3.9732077	9.96931	1
12287	SLC35A1	0.068262696	0.22683154	1.7309759	36.377426	1
12288	RARS2	0.21407837	0.52649593	1.2978836	44.55244	1
12289	ORC3	0.09281627	0.19191466	1.0472133	14.856275	1
12302	GABRR1	0.03638412	0.0009398944	-5.13276	13.867138	1
12305	RRAGD	0.05439096	0.23118632	2.085591	41.475437	1
12325	EPHA7	0.11501819	0.048530474	-1.2431833	10.96097	1
12335	UFL1	0.2728217	0.5472428	1.0039577	44.55244	1
12371	BVES	0.0025792609	0.032176733	3.5905876	10.936295	1
12373	POPDC3	0.0011947885	0.042442314	5.0381103	17.025717	1
12389	CD24	0.0137448795	0.04320894	1.6453125	5.4715066	1
12399	OSTM1	0.048234105	0.18095984	1.9053531	32.530342	1
12419	MICAL1	0.012094588	0.060114756	2.3038762	13.228205	1
12427	WASF1	0.25871062	0.103191964	-1.3251687	28.261267	1
12437	RPF2	0.13605683	0.29021835	1.0923663	24.128714	1
12452	TUBE1	0.036044043	0.072341636	1.0030612	5.386968	1
12480	NT5DC1	0.078089625	0.21610846	1.4673738	27.256754	1
12490	CALHM5	0.00661359	0.02639606	1.9806216	5.3790994	1
12503	DCBLD1	0.02178679	0.09441021	2.11041	18.947002	1
12506	SLC35F1	0.0758254	0.004967432	-3.9052558	23.596445	1
12508	PLN	0.016733715	0.14867836	3.1437392	33.21272	1
12519	GJA1	0.124112196	0.60385674	2.2816384	44.55244	1
12522	PKIB	0.033374164	0.09127572	1.4487629	9.736751	1
12534	NKAIN2	0.019269532	0.001194815	-3.9029713	6.7182355	1
12538	TPD52L1	0.02853539	0.06228223	1.1233358	5.5935283	1
12544	HEY2	0.007254665	0.31172994	5.4059563	44.55244	1
12545	NCOA7	0.09189814	0.59905964	2.7032638	44.55244	1
12554	KIAA0408	0.01255089	0.06731398	2.4138088	16.105333	1
12555	SOGA3	0.017802203	0.11432338	2.676173	27.976063	1
12562	LAMA2	0.009579826	0.05550682	2.522209	12.991432	1
12565	ARHGAP18	0.12262367	0.27174792	1.1473862	23.73012	1
12580	ENPP1	0.016972117	0.07237303	2.0858023	9.393841	1
12586	MOXD1	0.17437057	0.0038283102	-5.472931	44.55244	1
12603	EYA4	0.02770647	0.007429778	-1.8847413	5.2429085	1
12613	SGK1	0.2181836	0.55563134	1.3481838	44.55244	1
12618	AL078590.2	0.0037155976	0.041163933	3.4349005	12.473078	1
12647	PEX7	0.0344731	0.07343425	1.0887665	6.1576138	1
12653	IFNGR1	0.110486336	0.24108611	1.1249737	21.393475	1
12659	TNFAIP3	0.021154752	0.057360463	1.4347843	6.5879397	1
12663	PERP	0.04143525	0.16081497	1.9538904	26.454721	1
12664	ARFGEF3	0.0018090343	0.04985312	4.70966	15.965097	1
12667	HEBP2	0.18576969	0.5644845	1.602898	44.55244	1
12669	AL590617.2	0.045260448	0.117756985	1.3775305	13.545017	1
12679	CITED2	0.08322509	0.32661647	1.9712163	44.55244	1
12698	HIVEP2	0.034541756	0.11136323	1.6859839	17.82746	1
12707	FUCA2	0.14471248	0.32980654	1.1878715	33.514706	1
12727	RAB32	0.158319	0.5708444	1.849605	44.55244	1
12734	STXBP5	0.048259813	0.28041556	2.5362	44.55244	1
12735	SAMD5	0.104401246	0.032291796	-1.6898197	15.454516	1
12755	GINM1	0.26380885	0.6760967	1.3574033	44.55244	1
12762	PCMT1	0.25238067	0.5920639	1.2298238	44.55244	1
12764	LRP11	0.02892532	0.08988015	1.6322949	13.711487	1
12770	ULBP2	0.0056406716	0.027195567	2.2493753	6.0267506	1
12775	PPP1R14C	0.0045683486	0.029492939	2.6642687	7.8404512	1
12781	MTHFD1L	0.05303685	0.3278247	2.6255798	44.55244	1
12798	MYCT1	0.0070603103	0.046126742	2.6906338	9.577687	1
12799	VIP	0.03802035	0.00044580788	-6.1260242	11.623504	1
12803	MTRF1L	0.08767652	0.24774392	1.4975249	32.948456	1
12804	RGS17	0.020176452	0.14350918	2.824271	32.91764	1
12815	TFB1M	0.036849428	0.09507811	1.3650777	10.882418	1
12831	SNX9	0.1509468	0.4318951	1.5160193	44.55244	1
12835	SYNJ2	0.033811543	0.19455071	2.5210392	44.55244	1
12844	TMEM181	0.064412415	0.16844448	1.3854806	20.445808	1
12847	EZR	0.09426848	0.2843258	1.5916754	37.627655	1
12866	ACAT2	0.06976414	0.18514253	1.4067913	21.074863	1
12868	MRPL18	0.184652	0.39213106	1.0861137	34.726612	1
12888	AGPAT4	0.07025934	0.34477776	2.293271	44.55244	1
12913	PDE10A	0.07162454	0.16452543	1.1986486	13.501524	1
12933	RNASET2	0.059416495	0.16305986	1.4549247	19.357592	1
12956	AFDN-DT	0.010701307	0.06559761	2.604635	14.92408	1
12957	AFDN	0.21938801	0.7371373	1.747987	44.55244	1
12970	SMOC2	0.046235442	0.0061706165	-2.885437	11.975624	1
12980	THBS2	0.004267414	0.058022477	3.734245	19.147728	1
13032	PDGFA	0.07097049	0.26722348	1.9112638	39.962536	1
13036	AC147651.4	0.00049362855	0.020458894	5.1140585	8.306419	1
13042	COX19	0.11395548	0.2535079	1.1528639	23.10725	1
13046	GPR146	0.0044715498	0.0256794	2.4954634	5.963489	1
13051	ZFAND2A	0.07384632	0.17423868	1.2373425	17.782116	1
13072	NUDT1	0.082848944	0.22295132	1.4270802	26.790829	1
13075	CHST12	0.06558183	0.1416669	1.1099545	12.231822	1
13120	AIMP2	0.05178315	0.13679989	1.3997833	17.315588	1
13130	KDELR2	0.66927445	1.6450592	1.2973418	44.55244	1
13153	GLCCI1	0.16018806	0.03562127	-2.1658118	32.235035	1
13160	AC060834.2	0.068454586	0.010932709	-2.635466	16.720308	1
13170	THSD7A	0.31565595	0.06996708	-2.1720011	44.55244	1
13187	MEOX2	0.2379018	0.00028071488	-9.288046	44.55244	1
13188	AC005550.2	0.022699596	1.2732926e-09	-7.832846	9.486692	1
13195	SOSTDC1	0.17174438	0.026030395	-2.7173018	39.472958	1
13203	TSPAN13	0.038160898	0.12234051	1.6781383	18.114428	1
13206	AHR	0.033379305	0.23224173	2.7949066	44.55244	1
13213	HDAC9	0.07099417	0.035189733	-1.0104827	5.275972	1
13232	ITGB8	0.013946802	0.050670262	1.853742	8.39055	1
13240	RAPGEF5	0.0163834	0.044622116	1.4399747	5.416962	1
13248	SNHG26	0.0044063777	0.023685584	2.4000473	5.855009	1
13255	GPNMB	0.000588709	0.03500709	5.671724	11.9934	1
13256	MALSU1	0.1410551	0.34221348	1.2780367	38.217075	1
13265	NPY	0.0008813814	0.063570686	6.0196714	8.594497	1
13268	GSDME	0.008746438	0.04204111	2.25206	9.363193	1
13270	OSBPL3	0.0011619305	0.020765796	4.0474358	7.1127405	1
13271	CYCS	0.2913689	0.7037617	1.2719501	44.55244	1
13288	AC004540.2	0.1069774	0.003053966	-5.0853434	35.73187	1
13296	HOTAIRM1	0.061592914	0.01975945	-1.6352792	9.149375	1
13297	HOXA2	0.015311277	0.0007414753	-4.1949215	5.5738225	1
13298	HOXA3	0.072595105	0.0039974037	-4.1490765	23.89757	1
13301	HOXA-AS3	0.0395978	0.0020002804	-4.240405	13.947543	1
13302	HOXA5	0.057547864	0.0030476293	-4.1949296	19.0725	1
13303	HOXA6	0.023109883	0.00038259677	-5.587777	8.871284	1
13304	HOXA7	0.05229063	0.0014563175	-5.0731006	18.688902	1
13306	HOXA9	0.19956672	0.010131864	-4.2864532	44.55244	1
13307	HOXA10-AS	0.037479416	0.003930569	-3.2208872	10.988629	1
13308	HOXA10	0.5646772	0.016385475	-5.0984144	44.55244	1
13309	HOXA11	0.120866716	0.0038209155	-4.9472756	43.17223	1
13310	HOXA11-AS	0.027241684	0.00084192306	-4.8593493	10.619723	1
13323	JAZF1	0.025822954	0.08508125	1.7163059	13.780933	1
13326	CREB5	0.07200847	0.17376713	1.2697446	16.195944	1
13343	FKBP14	0.16863064	0.5463868	1.6954646	44.55244	1
13347	MTURN	0.027437842	0.0771611	1.4883268	9.950039	1
13353	NOD1	0.002613973	0.021160468	2.969695	6.4148602	1
13359	GARS	0.15980212	0.58478975	1.8709756	44.55244	1
13364	AQP1	0.00042577228	0.38217342	9.505951	44.55244	1
13380	FKBP9	0.11251373	0.42129982	1.9038069	44.55244	1
13393	DPY19L1	0.068387195	0.15562639	1.1851072	14.697809	1
13395	TBX20	0.0004777772	0.0867209	7.231385	31.966429	1
13415	ANLN	0.007973079	0.07809461	3.2758784	15.8712	1
13423	ELMO1	0.0090864515	0.033962578	1.8906081	5.943828	1
13426	EPDR1	0.005266828	0.1999387	5.2200656	44.55244	1
13429	STARD3NL	0.19090636	0.41721788	1.127526	39.94333	1
13473	INHBA	0.092418365	0.40801764	2.1411734	44.55244	1
13479	C7orf25	0.032005183	0.06915805	1.1091754	6.253172	1
13487	STK17A	0.04621369	0.1950862	2.0753405	38.561363	1
13489	BLVRA	0.07788241	0.17625858	1.1772912	16.039627	1
13500	AEBP1	0.1876497	0.6241808	1.7333846	44.55244	1
13502	MYL7	0.015623298	0.3541265	4.493696	44.55244	1
13504	YKT6	0.06986018	0.2214903	1.6632887	34.106026	1
13511	OGDH	0.043782488	0.10849496	1.3072399	12.409352	1
13522	CCM2	0.1338091	0.35090932	1.3902552	44.07532	1
13523	NACAD	0.009918334	0.065559834	2.7123685	17.637665	1
13549	HUS1	0.061019477	0.12861253	1.0744483	10.536266	1
13552	UPP1	0.035372842	0.27051112	2.9314342	44.55244	1
13571	GRB10	0.014433554	0.094158135	2.6972296	23.531454	1
13590	VSTM2A	0.02728779	1.2732926e-09	-8.097371	10.313692	1
13600	VOPP1	0.0518357	0.17140506	1.7234527	28.259932	1
13608	PSPH	0.034405123	0.08912678	1.3706661	10.30717	1
13610	SUMF2	0.17985363	0.55218536	1.6177887	44.55244	1
13611	PHKG1	0.024053823	0.07128255	1.5633199	9.14625	1
13666	GUSB	0.09059697	0.2290946	1.3374467	25.592836	1
13667	ASL	0.052588977	0.14793564	1.4903716	19.493755	1
13670	TPST1	0.058485724	0.1831364	1.6450851	27.68981	1
13676	AC027644.3	0.047542334	0.10640094	1.1605501	9.787448	1
13679	SBDS	0.30119103	0.65966374	1.1307919	44.55244	1
13708	BCL7B	0.08022749	0.16792737	1.0647306	13.710426	1
13709	TBL2	0.0703472	0.20245032	1.5236661	28.289808	1
13722	ELN	0.07822339	0.033762053	-1.2097738	7.381321	1
13750	RHBDD2	0.07562067	0.16120239	1.0910087	13.359339	1
13752	TMEM120A	0.048236582	0.16301423	1.7546953	25.931536	1
13753	STYXL1	0.041665733	0.097978756	1.2316209	9.619566	1
13754	MDH2	0.35023347	0.7317094	1.0627393	44.55244	1
13769	FGL2	0.0039352984	0.029819598	2.8903437	5.1424837	1
13795	HGF	0.027178252	0.12950553	2.2483041	21.107668	1
13796	CACNA2D1	0.08103747	0.18340822	1.1774045	16.52257	1
13801	SEMA3A	0.2534001	0.089857645	-1.4946682	30.784136	1
13804	SEMA3D	0.28451154	0.076171674	-1.8997748	44.55244	1
13805	LINC00972	0.015524147	0.0004852446	-4.738594	6.357717	1
13821	ADAM22	0.037791844	0.011288093	-1.7343612	6.107273	1
13832	STEAP1	0.0011301041	0.016176349	3.725925	5.802105	1
13840	CDK14	0.07434323	0.15505439	1.059492	12.107971	1
13867	SAMD9L	0.005666573	0.032828473	2.5135496	7.714837	1
13872	TFPI2	0.0075144996	0.85724294	6.8149796	44.55244	1
13874	GNG11	0.30487677	1.1534424	1.9192998	44.55244	1
13875	BET1	0.102108814	0.23214999	1.1841589	22.222599	1
13884	PEG10	0.8607267	0.40206632	-1.0979307	44.55244	1
13885	PPP1R9A	0.14179869	0.025087593	-2.4940763	33.249157	1
13889	PON2	0.10245166	0.50191206	2.2913713	44.55244	1
13900	DLX5	0.052154426	0.002344875	-4.417721	17.719818	1
13919	ARPC1A	0.37263605	0.8201937	1.1379863	44.55244	1
13920	ARPC1B	0.18775949	0.9227372	2.296422	44.55244	1
13922	BUD31	0.27263045	0.75237423	1.4641664	44.55244	1
13986	GNB2	0.3836581	0.8491745	1.1460338	44.55244	1
14000	MUC12	0.0072556236	0.05270606	2.843784	14.480069	1
14004	SERPINE1	0.0068568042	0.16652848	4.5820665	40.547947	1
14009	PLOD3	0.07904345	0.5545201	2.808958	44.55244	1
14016	COL26A1	0.051896557	0.0057558725	-3.1504602	14.707881	1
14027	ORAI2	0.16866206	0.37591583	1.1558027	36.029186	1
14035	RASA4	0.027909525	0.08959979	1.6791872	13.061276	1
14046	ARMC10	0.12466701	0.25173482	1.0132412	19.248001	1
14066	RINT1	0.03323877	0.06657768	1.0000031	5.1256323	1
14071	SYPL1	0.19764455	0.4555847	1.204398	44.55244	1
14072	NAMPT	0.06960209	0.3907711	2.4874191	44.55244	1
14078	CCDC71L	0.0713139	0.14495029	1.0222762	10.940766	1
14085	COG5	0.06265759	0.12725134	1.0209523	9.692777	1
14096	LAMB1	0.21932805	0.7512389	1.7757158	44.55244	1
14099	NRCAM	0.009583485	0.063806586	2.7223663	14.609824	1
14102	DNAJB9	0.11704854	0.27725735	1.2434069	24.60971	1
14112	LRRN3	0.08115023	0.038379725	-1.0782733	6.4275765	1
14113	DOCK4	0.055907033	0.30276534	2.4349964	44.55244	1
14118	IFRD1	0.10433204	0.33777106	1.6939083	44.55244	1
14126	SMIM30	0.17978022	0.37062293	1.0433048	30.628843	1
14143	CAV2	0.016604014	0.33195436	4.313153	44.55244	1
14144	CAV1	0.02685694	1.0273323	5.252243	44.55244	1
14171	KCND2	0.03687428	0.0054854676	-2.726772	9.955387	1
14175	CPED1	0.29996476	0.09681997	-1.6304079	42.7531	1
14203	TMEM229A	0.1146151	0.025125664	-2.1850913	22.847538	1
14208	GPR37	0.14930832	0.044106275	-1.7569375	23.228949	1
14228	SND1	0.2296975	0.50735736	1.1429236	44.55244	1
14235	IMPDH1	0.02189165	0.16426641	2.9018877	44.55244	1
14236	HILPDA	0.1252054	0.49414837	1.9797876	44.55244	1
14243	CALU	0.81788427	2.3353586	1.5135608	44.55244	1
14280	MEST	1.2460731	0.4475314	-1.4771215	44.55244	1
14283	AC007938.3	0.096029006	0.011878262	-3.004553	26.120138	1
14284	AUXG01000058.1	0.5872831	0.13417627	-2.1290975	44.55244	1
14294	LINC-PINT	0.015351899	0.06785982	2.1368978	14.155879	1
14313	AKR1B1	0.09954229	0.30252287	1.6026908	43.707344	1
14316	BPGM	0.054169625	0.1392667	1.3606689	16.394262	1
14321	CYREN	0.06110732	0.14229156	1.2180876	13.9172325	1
14335	MTPN	0.5298285	1.146206	1.1131226	44.55244	1
14344	DGKI	0.013898674	0.13497281	3.2703753	33.036083	1
14345	CREB3L2	0.1414485	0.37194657	1.3941867	44.55244	1
14349	TRIM24	0.32787415	0.7210425	1.1367023	44.55244	1
14353	KIAA1549	0.11347578	0.0420915	-1.4286308	13.741908	1
14355	ZC3HAV1	0.06904349	0.18490794	1.4199219	22.31114	1
14535	CNTNAP2	0.19671804	0.042021208	-2.2242436	40.937862	1
14548	PDIA4	0.35309562	0.9912278	1.4888948	44.55244	1
14573	LRRC61	0.055975012	0.018643143	-1.5809952	7.9660892	1
14593	NOS3	0.016130483	0.078849964	2.2822328	17.67023	1
14598	CDK5	0.057962526	0.13774222	1.2473387	13.726132	1
14599	SLC4A2	0.065564185	0.2008655	1.6137692	29.535467	1
14601	FASTK	0.11823144	0.23968057	1.0188813	18.88204	1
14602	TMUB1	0.055246662	0.23368454	2.0786114	44.55244	1
14609	CHPF2	0.054655753	0.21262746	1.9579238	39.66373	1
14618	RHEB	0.35993615	0.7541132	1.0668308	44.55244	1
14652	INSIG1	0.058578562	0.1251179	1.0935354	10.174686	1
14694	NCAPG2	0.016967883	0.048669524	1.5146958	6.489971	1
14695	ESYT2	0.033722643	0.21093002	2.641387	44.55244	1
14724	CLN8	0.042805552	0.14467047	1.754531	22.537857	1
14726	AC100810.1	0.11001931	0.26255718	1.2541134	27.239582	1
14728	ARHGEF10	0.061646555	0.20002581	1.6964767	31.505377	1
14756	AC016065.1	0.014834058	0.045810748	1.6202258	6.6527314	1
14762	AGPAT5	0.07847345	0.20792449	1.4046396	25.427483	1
14822	PPP1R3B	0.049519427	0.18365778	1.8888284	31.426046	1
14848	PINX1	0.042556945	0.08839599	1.0528314	7.3542275	1
14870	GATA4	0.0007092284	0.5932881	9.518213	44.55244	1
14871	C8orf49	-1.542503e-09	0.033353824	8.386049	13.946076	1
14872	NEIL2	0.03559211	0.09614433	1.4310963	11.515776	1
14873	FDFT1	0.23357669	0.61256284	1.3905795	44.55244	1
14875	CTSB	0.15886045	1.4487373	3.188156	44.55244	1
14876	AC025857.2	-1.542503e-09	0.017614007	7.468769	7.5585685	1
14895	LONRF1	0.038952176	0.10034985	1.3630006	11.082441	1
14905	SGCZ	0.053739455	0.000523243	-6.4327254	20.450987	1
14917	ZDHHC2	0.009574085	0.03700241	1.939316	6.949239	1
14921	SLC7A2	0.005993228	0.116544984	4.258774	32.050243	1
14923	PDGFRL	0.0038889146	0.035909593	3.174313	9.548407	1
14925	MTUS1	0.017307254	0.14848366	3.0935152	32.06774	1
14933	ASAH1	0.17918506	0.6370054	1.8292768	44.55244	1
14939	PSD3	0.13471982	0.32751173	1.2809544	34.876167	1
14947	CSGALNACT1	0.0032713762	0.08384292	4.637999	24.794865	1
14949	INTS10	0.109311365	0.23756678	1.1191777	20.724577	1
14967	DOK2	-1.542503e-09	0.02417299	7.92323	10.54077	1
14973	NUDT18	0.0039160238	0.03590241	3.164254	10.025964	1
14975	REEP4	0.020918928	0.07958559	1.9226297	14.832458	1
14978	BMP1	0.07630971	0.22704889	1.5718102	33.010876	1
14982	POLR3D	0.19658744	0.4257482	1.1144344	39.137733	1
14985	SLC39A14	0.016825177	0.08428527	2.3178203	19.188166	1
14986	PPP3CC	0.031791408	0.08104652	1.3473614	9.375936	1
14988	SORBS3	0.09551057	0.3082697	1.6894189	44.55244	1
14991	PDLIM2	0.26749825	0.9473985	1.824055	44.55244	1
14992	C8orf58	0.042668577	0.15294096	1.8392947	25.59673	1
15005	TNFRSF10B	0.08927251	0.26739013	1.5815825	36.526573	1
15009	TNFRSF10D	0.039151624	0.24153218	2.6219883	44.55244	1
15011	TNFRSF10A	-1.542503e-09	0.011885677	6.90519	6.144481	1
15016	LOXL2	0.14592507	0.89450985	2.6150424	44.55244	1
15022	SLC25A37	0.17832775	0.46729708	1.3893086	44.55244	1
15027	STC1	0.07578957	0.34769216	2.1962519	44.55244	1
15035	NEFM	0.5963694	0.018773353	-4.9820256	44.55244	1
15036	NEFL	0.14382894	0.0050963014	-4.791728	44.25141	1
15045	CDCA2	0.002070142	0.041787405	4.270655	12.398797	1
15050	EBF2	0.11242167	0.012715632	-3.1342263	29.733034	1
15051	PPP2R2A	0.20582801	0.4703711	1.1919659	44.55244	1
15055	PNMA2	0.0069720056	0.026699351	1.9220067	5.1664724	1
15069	ESCO2	0.0047255536	0.03199786	2.733711	7.3877034	1
15070	PBK	0.0026816872	0.05757194	4.3738375	17.81077	1
15077	ZNF395	0.066546455	0.17774397	1.4160119	20.92331	1
15082	FZD3	0.18423921	0.08993547	-1.0337976	13.865863	1
15090	KIF13B	0.023696298	0.09468063	1.9938551	17.282585	1
15093	DUSP4	0.039325196	0.26133966	2.729288	44.55244	1
15104	SARAF	0.4828621	1.0171511	1.074694	44.55244	1
15106	LEPROTL1	0.151534	0.33116177	1.1273783	30.928493	1
15115	RBPMS	0.17237072	0.40665704	1.2378157	42.939655	1
15116	GTF2E2	0.09853774	0.25900498	1.393325	31.286583	1
15119	GSR	0.050675448	0.13169697	1.3761142	15.715054	1
15130	NRG1	0.09506949	0.022991048	-2.0431654	16.52506	1
15175	EIF4EBP1	0.19564293	1.0187774	2.3799484	44.55244	1
15199	TACC1	0.08926487	0.31077895	1.7985731	44.55244	1
15202	PLEKHA2	0.008439808	0.09816872	3.5244567	28.445742	1
15203	AC108863.2	0.00063719915	0.021699738	4.8861127	8.305623	1
15205	TM2D2	0.17853276	0.36732146	1.040439	29.93673	1
15206	ADAM9	0.10876801	0.27486056	1.3366445	29.77888	1
15241	AP3M2	0.110211	0.3017912	1.452452	38.30295	1
15271	CEBPD	0.024179483	0.45876613	4.2402635	44.55244	1
15274	MCM4	0.04338523	0.09855356	1.1818457	8.434058	1
15285	SNAI2	0.18458752	0.58607686	1.6662496	44.55244	1
15314	OPRK1	0.02812322	0.0006748258	-5.1868668	10.297762	1
15327	SOX17	0.0058712265	0.10851049	4.1849923	30.498072	1
15330	XKR4	0.0012442501	0.017681757	3.7255244	5.6957254	1
15336	LYN	0.03402816	0.15945339	2.2250047	33.720894	1
15342	CHCHD7	0.11973743	0.29479882	1.2991413	32.820404	1
15345	PENK	0.021318935	0.6300196	4.878667	44.55244	1
15350	IMPAD1	0.1577986	0.41958928	1.4103231	44.55244	1
15371	TOX	0.059942327	0.004036063	-3.85965	18.843561	1
15373	AC090152.1	0.036396243	0.009368164	-1.9465915	6.791136	1
15383	CHD7	0.101894535	0.30649945	1.5878632	43.34832	1
15391	ASPH	0.27984932	0.9817625	1.8103555	44.55244	1
15397	NKAIN3	0.027501715	0.002090449	-3.6554594	8.854158	1
15400	NKAIN3-IT1	0.01613141	0.0008293156	-4.126476	5.973447	1
15402	GGH	0.017220946	0.1940787	3.4867954	44.55244	1
15446	TCF24	0.0692121	0.0013003498	-5.629248	24.355457	1
15455	PREX2	0.09223502	0.011700765	-2.9679976	25.529575	1
15472	TRAM1	0.29301503	0.7053056	1.266986	44.55244	1
15477	EYA1	0.021818522	0.0014842735	-3.7902575	7.512605	1
15480	MSC-AS1	-1.542503e-09	0.03452014	8.435491	14.354874	1
15481	MSC	-1.542503e-09	0.017902516	7.492077	6.7849	1
15485	KCNB2	0.014106289	0.0010787848	-3.5911574	5.028239	1
15507	LY96	0.003990264	0.021633478	2.4096532	5.8689733	1
15511	JPH1	0.0014105067	0.036535032	4.6001196	12.66722	1
15527	ZFHX4-AS1	0.04710321	0.0010538992	-5.354296	16.96963	1
15529	ZFHX4	0.5530875	0.03918618	-3.8156748	44.55244	1
15539	IL7	0.051093455	0.0020654716	-4.563206	17.88713	1
15540	AC083837.1	0.016220117	0.00036136445	-5.144601	6.7294006	1
15541	LINC02605	0.028824996	0.0005908552	-5.3877897	11.506736	1
15543	STMN2	0.7405013	1.9061658	1.3639803	44.55244	1
15545	HEY1	0.1331954	0.53362596	2.0014722	44.55244	1
15549	MRPS28	0.105413094	0.21470565	1.0256099	16.720303	1
15552	TPD52	0.008452237	0.13835588	4.0169806	38.43183	1
15559	ZNF704	0.11381422	0.27996257	1.2978013	26.864845	1
15561	PAG1	0.043338824	0.18050765	2.0558019	32.80044	1
15567	FABP5	0.40464354	1.4305516	1.8215926	44.55244	1
15574	IMPA1	0.0503782	0.1235804	1.2928845	13.411597	1
15577	CHMP4C	0.004423315	0.033086933	2.875163	9.012299	1
15579	SNX16	0.03159479	0.08502341	1.4253101	10.88732	1
15586	AC015522.1	0.005350266	0.06853404	3.6545258	19.949268	1
15587	RALYL	0.030604418	0.080056176	1.3843675	8.911913	1
15625	RIPK2	0.03508799	0.08635622	1.2968866	9.609455	1
15637	C8orf88	0.026953017	0.06538703	1.2754198	7.1166444	1
15644	SLC26A7	0.17276186	0.001851386	-6.4689765	44.55244	1
15646	RUNX1T1	0.541592	0.26450914	-1.03361	42.73953	1
15707	CPQ	0.08130593	0.21802528	1.4219512	26.116978	1
15714	LAPTM4B	0.3479325	0.75816256	1.1234756	44.55244	1
15715	MATN2	0.1498578	0.3721393	1.3116738	37.64377	1
15768	RRM2B	0.06015072	0.12042	1.0002222	8.399354	1
15782	ATP6V1C1	0.09276724	0.1897306	1.0314709	14.62306	1
15785	BAALC	0.0149735	0.48124743	4.996992	44.55244	1
15788	FZD6	0.044956345	0.12005986	1.4151528	14.367438	1
15790	CTHRC1	0.05110122	0.38977912	2.9287767	44.55244	1
15792	SLC25A32	0.040077947	0.115636304	1.5263656	15.893347	1
15801	LRP12	0.117119975	0.2473616	1.0779862	20.508875	1
15802	ZFPM2	0.01064495	0.14453408	3.7506769	44.55244	1
15816	ANGPT1	0.5406056	0.19944118	-1.4381568	44.55244	1
15844	CSMD3	0.14193407	0.0018696884	-6.172126	44.55244	1
15864	EXT1	0.19453503	0.49023128	1.3329854	44.55244	1
15868	TNFRSF11B	0.0005809799	0.021238627	4.9697113	5.138661	1
15869	COLEC10	0.0043085204	0.057403	3.7052708	11.82469	1
15874	CCN3	0.00176264	0.05023422	4.756119	14.857805	1
15883	COL14A1	0.059866946	0.2591646	2.1121857	40.310047	1
15891	HAS2-AS1	0.004302287	0.02161155	2.3021376	5.357537	1
15904	DERL1	0.09875785	0.307888	1.6394467	44.55244	1
15912	ATAD2	0.027677728	0.0872557	1.6529733	11.643467	1
15914	FBXO32	-1.542503e-09	0.0919912	9.846942	27.8507	1
15927	TMEM65	0.05680545	0.12531152	1.1400312	11.228164	1
15934	MTSS1	0.024878006	0.34171072	3.7744675	44.55244	1
15941	SQLE	0.3024305	0.6309228	1.0606115	44.55244	1
15969	PVT1	0.029188966	0.09137263	1.6429828	12.954538	1
15992	EFR3A	0.11390894	0.24744962	1.1185708	22.236526	1
16006	CCN4	0.04449486	0.0138741825	-1.6741136	6.932832	1
16007	NDRG1	0.010526795	0.2805761	4.723128	44.55244	1
16008	ST3GAL1	0.08306472	0.24738407	1.5732921	34.602947	1
16058	PTP4A3	0.10636073	0.2459949	1.2088933	23.072344	1
16090	LY6E	0.4947463	1.0138645	1.0349549	44.55244	1
16093	LY6H	0.113944	0.010978309	-3.363781	31.894308	1
16100	TOP1MT	0.031769525	0.077601805	1.2857704	8.343749	1
16110	MROH6	0.015314441	0.04281539	1.4772127	5.4782653	1
16137	PLEC	0.08806366	0.31979194	1.8593286	44.55244	1
16144	GPAA1	0.09763706	0.29650024	1.6015421	43.707344	1
16145	CYC1	0.22381496	0.4636809	1.0504924	39.48227	1
16146	SHARPIN	0.1234736	0.29797885	1.2703234	33.06632	1
16147	MAF1	0.18790638	0.3957036	1.0740031	34.422215	1
16150	MROH1	0.023901924	0.0660162	1.4618537	8.514299	1
16152	SCX	0.28654283	0.0099256	-4.837494	44.55244	1
16153	HSF1	0.095085345	0.23156323	1.2832177	25.629362	1
16158	SLC52A2	0.07695396	0.22982663	1.5772326	32.550743	1
16171	PPP1R16A	0.032402918	0.09172675	1.4983453	11.627412	1
16174	MFSD3	0.033419747	0.069247335	1.0488291	5.8027167	1
16179	C8orf82	0.07357794	0.17611583	1.2580389	18.414513	1
16185	ZNF34	0.022552406	0.053090524	1.2315049	5.830576	1
16195	C8orf33	0.14658496	0.34455374	1.2324266	35.678375	1
16199	PGM5P3-AS1	0.033240348	1.2732926e-09	-8.381107	13.757198	1
16209	KANK1	0.02394139	0.070453	1.5531873	9.419869	1
16221	VLDLR-AS1	0.012020981	0.054694034	2.1765125	9.807847	1
16223	VLDLR	0.03169246	0.21355233	2.7485085	44.55244	1
16232	GLIS3	0.01376337	0.13832341	3.3197381	38.760113	1
16237	SLC1A1	-1.542503e-09	0.043085076	8.754412	15.862253	1
16253	PLGRKT	0.0642147	0.16462366	1.3568274	19.232437	1
16254	CD274	-1.542503e-09	0.013206151	7.0559716	5.953156	1
16255	AL162253.2	0.0061301407	0.036383964	2.549926	8.76437	1
16265	IL33	0.002693512	0.7127223	7.9953184	44.55244	1
16267	UHRF2	0.07193121	0.1486833	1.0465183	11.75836	1
16273	KDM4C	0.037412178	0.08123352	1.1164908	7.0273724	1
16295	LURAP1L	0.11238828	0.04502967	-1.3176266	11.517373	1
16314	SNAPC3	0.117005505	0.2514426	1.1029938	21.618916	1
16318	BNC2	0.12852964	0.009418598	-3.7563303	41.066296	1
16329	RRAGA	0.24536732	0.50794107	1.0494142	44.55244	1
16331	PLIN2	0.18027496	0.87254095	2.274389	44.55244	1
16346	HACD4	0.0069427136	0.03849778	2.4543147	9.167871	1
16372	CDKN2B	0.022154782	0.09849456	2.1473927	15.77309	1
16381	ELAVL2	0.060140733	0.0048823566	-3.5958393	18.570074	1
16400	TEK	0.0011120897	0.10401798	6.424579	37.31053	1
16402	MOB3B	0.011755871	0.043612484	1.8824438	7.0050673	1
16409	AL353746.1	0.04555187	0.01350693	-1.7463324	7.1465673	1
16410	LINGO2	0.05013475	0.010671167	-2.2215111	10.581099	1
16415	ACO1	0.14947894	0.30188835	1.0135858	22.835403	1
16436	AQP3	0.002142256	0.03384635	3.9202337	11.8239765	1
16463	NUDT2	0.08211008	0.23802115	1.5343086	32.99321	1
16466	FAM219A	0.03790602	0.1485213	1.967341	27.311113	1
16479	AL162231.1	0.031001339	0.07599455	1.2908164	8.080032	1
16480	AL162231.2	0.033207413	0.0812258	1.2878697	8.801235	1
16482	CCL21	0.005106535	0.3650164	6.1318893	44.55244	1
16488	DNAJB5	0.021372411	0.048586503	1.1810378	5.147942	1
16497	FAM214B	0.032074455	0.10738884	1.7401992	16.923878	1
16502	TESK1	0.046387773	0.09526448	1.0366007	7.344692	1
16508	CCDC107	0.21706863	0.5492931	1.3390231	44.55244	1
16511	TPM2	0.77342534	1.6846763	1.1230366	44.55244	1
16513	CREB3	0.112535685	0.30722943	1.4481219	40.167137	1
16535	MELK	0.005091474	0.044135246	3.0909805	12.848128	1
16556	SLC25A51	0.020923479	0.057094045	1.4438636	7.55299	1
16557	SHB	0.00890067	0.10499307	3.5454912	32.233986	1
16605	FAM27C	0.022307185	0.08276035	1.8867204	14.1223955	1
16648	PGM5	0.08960524	0.025359029	-1.817015	14.794496	1
16649	PGM5-AS1	0.06978507	0.0028624234	-4.5601344	22.127817	1
16660	TJP2	0.030277481	0.07677287	1.3394723	8.743116	1
16662	FAM189A2	0.0005491315	0.017301485	4.744556	5.885404	1
16671	MAMDC2	0.010875513	0.10096492	3.202922	27.509102	1
16675	KLF9	0.026613487	0.11122136	2.0590904	20.687836	1
16676	TRPM3	0.049678717	0.0036347979	-3.736427	15.344026	1
16690	ALDH1A1	0.030337496	0.0044378066	-2.7457829	7.251992	1
16691	ANXA1	0.14902951	0.6277342	2.0738177	44.55244	1
16696	RORB	0.0013980655	0.07001166	5.548482	21.481482	1
16699	C9orf40	0.031559087	0.07195938	1.1865665	7.169188	1
16703	NMRK1	0.026091525	0.13757978	2.3941448	30.888641	1
16704	OSTF1	0.04613981	0.24408351	2.4007583	44.55244	1
16708	GCNT1	0.003381011	0.021752328	2.6502085	5.8676305	1
16714	VPS13A	0.049346983	0.10759083	1.1229409	9.485288	1
16715	GNA14	0.0046271337	0.034280453	2.8625512	9.271676	1
16719	PSAT1	0.084735975	0.2405665	1.5042872	25.189196	1
16722	TLE4	0.6354782	0.26978403	-1.2357302	44.55244	1
16728	TLE1	0.5106526	0.20200942	-1.337488	44.55244	1
16741	FRMD3	0.013682344	0.05030553	1.8707608	8.36671	1
16746	GKAP1	0.06395043	0.016532553	-1.9451987	11.399025	1
16753	RMI1	0.021385932	0.07526597	1.8105209	12.474639	1
16755	SLC28A3	0.0006557339	0.026356196	5.1295834	10.185032	1
16762	AGTPBP1	0.054273162	0.10879782	1.0020084	7.658003	1
16774	GAS1	0.38964033	0.08710705	-2.1599965	44.55244	1
16781	CTSL	0.19026819	0.4230811	1.1524827	39.78048	1
16793	S1PR3	0.4901154	0.14126697	-1.7939707	44.55244	1
16809	SYK	0.19788596	0.002930012	-6.0299306	44.55244	1
16819	NFIL3	0.039345328	0.11010379	1.4822475	13.993442	1
16821	ROR2	0.07742015	0.030162824	-1.3570248	8.911874	1
16824	IARS	0.16152498	0.3837212	1.2477841	39.48086	1
16827	OGN	0.103695236	0.005172794	-4.299029	30.786396	1
16839	CARD19	0.0753066	0.30501047	2.016569	44.55244	1
16846	FAM120A	0.13861491	0.2928308	1.078437	24.840412	1
16851	PTPDC1	0.033799328	0.10205314	1.591405	15.057547	1
16864	AOPEP	0.053149264	0.16378088	1.621814	23.153833	1
16869	FANCC	0.018102434	0.044830024	1.3035486	5.163701	1
16872	PTCH1	0.029060211	0.06465241	1.1509329	5.863982	1
16888	SLC35D2	0.041845445	0.17158426	2.0331717	32.17542	1
16892	HABP4	0.05395746	0.13818501	1.355079	16.122927	1
16894	PRXL2C	0.018368073	0.14425157	2.9664817	38.65304	1
16900	CTSV	0.0041141626	0.036224615	3.1076298	10.22045	1
16906	TDRD7	0.0037883078	0.023050435	2.573825	5.72496	1
16907	TMOD1	0.0039471025	0.032114156	2.9927337	8.479805	1
16921	NANS	0.13444301	0.37539968	1.4807441	44.55244	1
16922	TRIM14	0.003809803	0.022709351	2.5444577	6.24638	1
16923	CORO2A	0.0067511727	0.16082652	4.5539074	44.55244	1
16928	GALNT12	0.0016458452	0.019164631	3.463957	6.4660425	1
16930	COL15A1	0.02232898	0.53941905	4.5882382	44.55244	1
16944	ERP44	0.22039878	0.5304816	1.266804	44.55244	1
16947	MSANTD3	0.12722632	0.30272868	1.249971	31.85703	1
16956	TMEM246	0.038920034	0.15243624	1.9668651	28.192604	1
16958	GRIN3A	0.037903097	0.0037665507	-3.296998	11.158757	1
16976	NIPSNAP3A	0.062291615	0.1754051	1.4920889	22.49103	1
16978	ABCA1	0.091537416	0.22193556	1.2767819	20.519955	1
16982	SLC44A1	0.118182205	0.54798126	2.2121568	44.55244	1
16987	TMEM38B	0.072831295	0.14615063	1.0038328	10.41012	1
16993	ZNF462	0.397735	0.17638321	-1.1726391	37.918365	1
16999	KLF4	0.010493645	0.041024543	1.9568006	7.632442	1
17006	CTNNAL1	0.11025245	0.42556453	1.9475981	44.55244	1
17007	TMEM245	0.10869853	0.26777953	1.2999251	29.842741	1
17010	PTPN3	0.0016878046	0.018874316	3.4077868	6.220638	1
17016	SVEP1	0.10728508	0.046979193	-1.189632	10.191588	1
17026	DNAJC25	0.05065634	0.123383254	1.2826554	12.6883745	1
17031	SUSD1	0.014441279	0.06606866	2.185994	14.684094	1
17047	SLC31A1	0.06516741	0.16614406	1.3488681	18.850931	1
17054	ALAD	0.03818391	0.08662246	1.1796675	8.455833	1
17057	RGS3	0.06357932	0.2783754	2.1286528	44.55244	1
17077	TNC	0.05764437	0.19835277	1.7810435	23.299046	1
17083	PAPPA	0.009334541	0.46093038	5.6107655	44.55244	1
17094	TLR4	0.03616086	0.08499296	1.2306267	8.631372	1
17108	PHF19	0.025635997	0.22641149	3.1377249	44.55244	1
17109	TRAF1	0.0012293935	0.037346292	4.815983	12.803101	1
17113	GSN	0.21254264	0.9165197	2.1078925	44.55244	1
17116	STOM	0.07624179	0.16562667	1.1182609	14.217201	1
17123	NDUFA8	0.26104483	0.5358982	1.0373782	44.55244	1
17128	PTGS1	0.00052777154	0.019805308	4.9867697	6.810782	1
17157	DENND1A	0.024383368	0.06955983	1.5085249	9.260939	1
17160	LHX2	0.0033297366	0.040424876	3.5626383	10.970958	1
17164	NEK6	0.11871798	0.5552991	2.2247717	44.55244	1
17174	OLFML2A	0.019391337	0.22358117	3.5205388	44.55244	1
17181	RABEPK	0.04134132	0.09080853	1.1333457	8.503494	1
17202	ANGPTL2	0.06847709	0.19751522	1.5268954	24.803905	1
17210	NIBAN2	0.060124196	0.25382462	2.075985	44.55244	1
17211	STXBP1	0.028420035	0.11911657	2.0635371	22.798996	1
17221	ENG	0.09711258	0.78781253	3.0188205	44.55244	1
17224	ST6GALNAC6	0.108774506	0.22065392	1.0197729	16.86802	1
17228	DPM2	0.11804353	0.29597434	1.3254188	35.347443	1
17242	SWI5	0.15790321	0.49696803	1.6534895	44.55244	1
17246	SLC27A4	0.02040758	0.04811529	1.2333336	5.3358994	1
17247	URM1	0.11170285	0.24262263	1.1183517	21.300714	1
17250	CERCAM	0.09008508	0.53252083	2.562148	44.55244	1
17256	SPTAN1	0.28502092	0.5734201	1.0082703	44.55244	1
17263	ZDHHC12	0.02020792	0.11019581	2.4412637	24.924055	1
17264	AL441992.1	0.0019756623	0.017492289	3.0832994	5.2781334	1
17267	ENDOG	0.08752202	0.23846222	1.4450002	29.99846	1
17279	CRAT	0.050222427	0.113234155	1.1713092	10.854283	1
17281	PTPA	0.088872686	0.21931016	1.302196	23.930925	1
17298	NTMT1	0.15380077	0.34789327	1.1770589	33.757183	1
17302	PRRX2	0.030339692	0.1364635	2.1655462	24.449345	1
17305	TOR1B	0.021115499	0.08496542	2.0034542	16.709362	1
17309	FNBP1	0.24077219	0.54663134	1.1825643	44.55244	1
17314	NCS1	0.09497377	0.2477127	1.3821309	29.713314	1
17316	ASS1	0.008735249	0.09648149	3.4504042	24.825756	1
17324	LAMC3	0.032154504	0.107734695	1.7412488	16.08085	1
17362	SURF1	0.09703594	0.21013278	1.1139107	18.508728	1
17363	SURF2	0.09931693	0.22362126	1.1701388	21.26484	1
17364	SURF4	0.22501715	0.5901603	1.3906754	44.55244	1
17369	SLC2A6	0.02382411	0.16016927	2.7439606	40.276207	1
17371	ADAMTSL2	0.00096550636	0.28382763	8.05784	44.55244	1
17372	FAM163B	-1.542503e-09	0.014924231	7.2311697	6.156173	1
17376	SARDH	0.012547764	0.037202906	1.5604057	5.172801	1
17389	COL5A1	0.32700568	0.91284776	1.4807756	44.55244	1
17395	OLFM1	0.0044977097	0.084032856	4.193682	23.198885	1
17401	PPP1R26	0.01669315	0.046006214	1.4570884	5.885141	1
17402	C9orf116	0.012451051	0.04570881	1.8678169	8.291112	1
17403	MRPS2	0.13056976	0.27510783	1.0745962	23.890902	1
17405	LCN1	0.0012250056	0.01686669	3.6786346	6.623357	1
17417	NACC2	0.029562622	0.07190743	1.2794997	7.93072	1
17433	SEC16A	0.102229945	0.2141598	1.0661328	17.936256	1
17435	NOTCH1	0.083384395	0.22039561	1.4011714	25.800844	1
17440	EGFL7	0.2711754	1.5270805	2.4930406	44.55244	1
17441	AGPAT2	0.1121258	0.44903788	2.0007539	44.55244	1
17442	DIPK1B	0.14123909	0.3449169	1.2875065	37.00374	1
17448	TMEM141	0.32079473	1.2680792	1.9825866	44.55244	1
17449	CCDC183	0.017285617	0.20666027	3.5719929	44.55244	1
17451	RABL6	0.23546274	0.7942078	1.7535869	44.55244	1
17452	AJM1	0.010390152	0.04755088	2.1834674	10.3347435	1
17456	TRAF2	0.017129747	0.049943514	1.5382817	6.9997215	1
17458	FBXW5	0.14063735	0.43238652	1.6196498	44.55244	1
17462	PTGDS	0.009282054	0.64402026	6.1012826	44.55244	1
17466	ABCA2	0.036581665	0.105397046	1.5240716	13.6318035	1
17469	NPDC1	0.19348638	0.45817247	1.2432282	44.55244	1
17473	SAPCD2	0.0017862795	0.039247062	4.382641	13.089178	1
17475	UAP1L1	0.014889661	0.08013824	2.4203222	17.041616	1
17477	MAN1B1	0.097973585	0.3625633	1.8866942	44.55244	1
17478	DPP7	0.10489326	0.3344478	1.6719157	44.55244	1
17484	TPRN	0.02066375	0.072120346	1.7983384	12.364357	1
17492	TUBB4B	0.30515411	0.7242251	1.2466266	44.55244	1
17497	TOR4A	0.014235424	0.04877066	1.769384	8.111307	1
17501	EXD3	0.032598898	0.070049666	1.1011943	6.446024	1
17504	NSMF	0.05108379	0.10399429	1.024132	8.069221	1
17550	PFKP	0.037464086	0.63306046	4.0751452	44.55244	1
17562	KLF6	0.36229092	1.1183594	1.6258943	44.55244	1
17568	LINC00702	-1.542503e-09	0.022927726	7.8472505	10.247987	1
17580	AKR1C3	0.08657462	0.02696455	-1.6792053	12.504291	1
17588	NET1	0.12255809	0.044269525	-1.4670013	15.526269	1
17604	FBH1	0.077559724	0.17377265	1.1627926	16.036186	1
17610	PFKFB3	0.031756375	0.17002223	2.4169176	37.52841	1
17612	LINC02649	0.0029418943	0.01949893	2.687733	5.4365234	1
17622	SFMBT2	0.06853396	0.010506867	-2.693924	17.482769	1
17630	GATA3	0.24125548	0.037677497	-2.6755605	44.55244	1
17647	CELF2	0.22059649	0.060442362	-1.8660468	36.172832	1
17659	PROSER2	0.0042498033	0.027530689	2.6672494	7.200432	1
17664	NUDT5	0.21892752	0.4546087	1.0538305	40.550056	1
17670	CCDC3	0.039499987	0.32390472	3.0324428	44.55244	1
17671	OPTN	0.115922585	0.569238	2.2948797	44.55244	1
17672	MCM10	0.0043782354	0.022064477	2.3072472	5.382053	1
17674	PHYH	0.102856934	0.26621905	1.3711146	30.765406	1
17678	BEND7	0.05461955	0.024582747	-1.1485535	5.0696917	1
17689	FAM107B	0.21518035	0.4430559	1.0415976	33.049557	1
17702	NMT2	0.061471324	0.17653988	1.5204806	21.95234	1
17703	FAM171A1	0.14245492	0.3554078	1.3183632	38.706768	1
17708	PTER	0.0020217611	0.048780043	4.5259113	16.892744	1
17711	RSU1	0.0930576	0.22921915	1.2996114	24.48399	1
17722	HACD1	0.008069205	0.12997228	3.992974	37.92478	1
17745	NEBL	0.004358139	0.057612687	3.694375	17.236141	1
17753	DNAJC1	0.4232804	0.90604246	1.0977834	44.55244	1
17768	PIP4K2A	0.08203668	0.3272121	1.9945683	44.55244	1
17788	GPR158	0.0010301592	0.03374042	4.9041495	11.61587	1
17800	MASTL	0.010146258	0.040379237	1.982085	8.185628	1
17804	RAB18	0.20512797	0.41761428	1.0252892	35.39357	1
17805	LINC02680	0.0006227059	0.013066033	4.1872683	5.2206326	1
17816	BAMBI	0.22777015	1.2368988	2.4405603	44.55244	1
17822	SVIL	0.38770628	0.95572555	1.3014112	44.55244	1
17823	JCAD	0.016123382	0.14997426	3.2095299	42.60305	1
17827	MAP3K8	0.0064179897	0.0632155	3.2800598	18.124727	1
17839	ZEB1	0.15847024	0.32673135	1.0434241	25.714716	1
17853	ITGB1	1.1244719	2.3012884	1.0331284	44.55244	1
17872	CCNY	0.24323273	0.57433563	1.2392149	44.55244	1
17877	FZD8	0.2525081	0.042969808	-2.552152	44.55244	1
17899	ZNF33B	0.09201491	0.045833893	-1.0038756	6.853363	1
17909	CSGALNACT2	0.08749078	0.2302258	1.3948251	27.555859	1
17935	CXCL12	0.46752274	0.23278435	-1.0057313	28.123291	1
17944	DEPP1	0.008100498	0.048762195	2.5749354	10.774635	1
17969	GDF10	0.04607612	0.004895837	-3.2083488	13.100749	1
18005	ERCC6	0.097311474	0.210085	1.1094961	17.916208	1
18017	SGMS1	0.055118714	0.11593848	1.0713742	9.379401	1
18045	ZWINT	0.028833065	0.062800296	1.1203477	5.322744	1
18047	IPMK	0.030454112	0.07101181	1.2187227	6.9329276	1
18048	CISD1	0.14256592	0.3140371	1.1387537	28.960672	1
18060	SLC16A9	0.07245296	0.028193627	-1.3585575	8.230709	1
18064	ANK3	0.22972634	0.48888126	1.089235	36.823944	1
18068	CDK1	0.012128909	0.0816796	2.7414453	13.802105	1
18090	REEP3	0.22026229	0.5530427	1.3277744	44.55244	1
18098	CTNNA3	0.0032805246	0.03675334	3.4464765	11.355844	1
18121	KIF1BP	0.08499547	0.23525387	1.4676774	30.201136	1
18128	HK1	0.13794507	0.5569623	2.0126994	44.55244	1
18130	TSPAN15	0.04450444	0.09657627	1.1159744	7.664385	1
18136	COL13A1	0.027396888	0.058988173	1.1036011	5.067475	1
18139	AIFM2	0.00997702	0.05417115	2.4291165	13.09791	1
18141	SAR1A	0.2679415	0.5923824	1.144316	44.55244	1
18157	UNC5B-AS1	0.01127584	0.26444826	4.539486	44.55244	1
18163	PSAP	0.48363996	1.3097472	1.4370949	44.55244	1
18165	CHST3	0.035232726	0.10494353	1.5719103	14.823178	1
18168	ASCC1	0.0842429	0.17620774	1.0637572	14.553742	1
18170	DDIT4	0.12915261	1.1194931	3.1147091	44.55244	1
18180	P4HA1	0.57358855	1.8629544	1.6993301	44.55244	1
18205	SEC24C	0.04144348	0.09141541	1.1393927	8.276924	1
18206	FUT11	0.058802284	0.28072146	2.2532575	44.55244	1
18214	PLAU	0.017007196	0.08643953	2.338756	15.929573	1
18219	ADK	0.05587082	0.19026089	1.7659903	30.62432	1
18230	COMTD1	0.028631598	0.093837924	1.7090695	15.09096	1
18266	PPIF	0.06909405	0.14777865	1.0956938	12.509376	1
18267	ZCCHC24	0.24823932	0.5140408	1.0498508	41.96249	1
18285	PLAC9	0.14958395	0.40783155	1.4464076	38.485603	1
18286	ANXA11	0.07792419	0.34974372	2.1647172	44.55244	1
18306	GHITM	0.31217068	0.6381066	1.0312265	44.55244	1
18314	CCSER2	0.1446881	0.34826285	1.2666477	38.789948	1
18328	LDB3	0.003041278	0.037091557	3.5655515	11.377089	1
18331	MMRN2	0.009174022	0.03511698	1.9250044	6.383332	1
18338	GLUD1	0.1163007	0.2721982	1.2260876	28.420586	1
18339	SHLD2	0.0668934	0.14945047	1.1585416	13.721321	1
18352	PAPSS2	0.04840679	0.2797327	2.5283058	44.55244	1
18366	ACTA2	0.39579478	0.87715566	1.1478803	44.55244	1
18370	CH25H	0.012461739	1.2732926e-09	-6.972874	5.0513215	1
18371	LIPA	0.082679674	0.608325	2.8777308	44.55244	1
18372	IFIT2	0.068007015	0.15650907	1.2012925	12.853345	1
18374	IFIT3	0.12465109	0.29808494	1.2571548	26.889605	1
18376	IFIT1	0.02942109	0.11084788	1.9100643	17.769999	1
18377	IFIT5	0.055488635	0.13165487	1.2449944	13.354168	1
18378	SLC16A12	0.005242894	0.060460445	3.5026827	18.20751	1
18385	KIF20B	0.05535247	0.15619332	1.4949323	15.73127	1
18396	ANKRD1	0.004021841	0.06492529	3.9796402	11.41382	1
18401	PCGF5	0.023384407	0.06670273	1.508204	8.864499	1
18403	PPP1R3C	0.014399285	0.06724422	2.2155724	12.695296	1
18413	KIF11	0.014553812	0.07282604	2.3151581	12.273082	1
18414	HHEX	0.006776936	0.14574781	4.406554	41.602077	1
18420	MYOF	0.039861407	0.15782426	1.9825535	28.482803	1
18421	CEP55	0.00272799	0.061451726	4.44395	16.53628	1
18426	LGI1	0.060080968	0.0015287957	-5.20743	21.845533	1
18427	AL157396.1	0.019112488	0.00040328177	-5.2545342	7.5331564	1
18429	SLC35G1	0.22956708	0.03682163	-2.6370058	44.55244	1
18430	PLCE1	0.03136707	0.08764351	1.4794495	10.704121	1
18447	PDLIM1	0.1105944	0.5975291	2.4326682	44.55244	1
18451	ENTPD1	0.063550465	0.15885423	1.3203684	16.246284	1
18475	PGAM1	0.2731357	0.96677625	1.8231854	44.55244	1
18477	ZDHHC16	0.07030257	0.15673779	1.1555731	14.564037	1
18478	MMS19	0.05369548	0.13797298	1.359874	16.041538	1
18479	UBTD1	0.021347346	0.14583567	2.7664616	37.0047	1
18485	AVPI1	0.0068660695	0.0314284	2.1782353	6.7515383	1
18500	GOT1	0.07782437	0.17433152	1.1625143	15.259515	1
18515	ERLIN1	0.0738607	0.14998677	1.020966	11.931723	1
18523	SCD	0.08749687	0.3342023	1.932202	44.55244	1
18539	SFXN3	0.046692695	0.22027892	2.235631	44.55244	1
18551	DPCD	0.13471004	0.37697518	1.4839242	44.55244	1
18568	GBF1	0.085601136	0.20504552	1.2592614	21.679113	1
18569	NFKB2	0.031420484	0.1283449	2.0267878	23.863276	1
18570	PSD	0.071734615	0.1539186	1.1003534	12.739404	1
18571	FBXL15	0.08372474	0.21547326	1.3627303	24.717983	1
18579	TRIM8	0.14830373	0.47205633	1.6697371	44.55244	1
18611	STN1	0.050208967	0.20466498	2.0250814	39.29595	1
18614	SFR1	0.025958918	0.061524555	1.2417282	6.3263817	1
18616	GSTO1	0.38092396	1.2765565	1.7444168	44.55244	1
18618	ITPRIP	0.02685326	0.099788554	1.8898597	17.816198	1
18639	MXI1	0.11076862	0.3856797	1.798926	44.55244	1
18645	RBM20	0.0061021275	0.037925433	2.6161296	9.036975	1
18652	SHOC2	0.10980086	0.24291414	1.1448376	22.313028	1
18653	ADRA2A	0.16239183	0.0030692827	-5.680067	44.55244	1
18655	AL136119.1	0.011620277	1.2732926e-09	-6.8728447	5.008806	1
18666	TCF7L2	0.90869623	0.32110623	-1.5004572	44.55244	1
18667	AL158212.2	0.09324978	0.030547826	-1.606862	13.288617	1
18683	AFAP1L2	0.0445921	0.10076064	1.1742715	9.524024	1
18689	ATRNL1	0.21737148	0.05183742	-2.06598	40.34298	1
18690	AC016042.1	0.026463859	0.0016393443	-3.9328492	9.070515	1
18691	GFRA1	0.15968247	0.0039311824	-5.308762	44.55244	1
18735	RGS10	0.028474465	0.34042293	3.5749536	44.55244	1
18737	BAG3	0.05517139	0.16200264	1.5523028	22.798273	1
18741	PLPP4	0.011134734	0.036792133	1.7153473	6.411786	1
18758	TACC2	0.019306242	0.084249415	2.1198573	17.110231	1
18762	PLEKHA1	0.14469081	0.3066488	1.0830874	26.104214	1
18765	HTRA1	0.50901145	1.2957455	1.3478403	44.55244	1
18784	CPXM2	0.006500343	0.0864893	3.7135758	22.487177	1
18789	OAT	0.12732041	0.29036227	1.1887543	28.808247	1
18817	ADAM12	0.11914348	0.3047462	1.3541713	32.37094	1
18829	PTPRE	0.04077686	0.082349576	1.0122277	5.8130703	1
18833	MKI67	0.033071667	0.173753	2.3898444	18.068535	1
18846	EBF3	0.10193319	0.01216779	-3.0560913	27.867773	1
18861	BNIP3	0.41673812	1.586688	1.9285504	44.55244	1
18867	STK32C	0.028499298	0.07093602	1.3125709	7.8430557	1
18875	INPP5A	0.048296288	0.12877561	1.413011	15.275798	1
18892	CALY	0.026094632	0.062103707	1.2477293	6.5226035	1
18895	FUOM	0.11983961	0.27181745	1.1808604	26.570507	1
18910	LINC01001	0.0121052135	0.06183524	2.343263	13.352015	1
18912	BET1L	0.06864531	0.22830403	1.7322547	36.68306	1
18916	RIC8A	0.09328421	0.25795037	1.466402	34.25088	1
18925	IFITM1	0.01817003	0.24029455	3.7178533	44.55244	1
18935	SIGIRR	0.056365725	0.29546472	2.3880267	44.55244	1
18937	PTDSS2	0.051743865	0.11438752	1.1429452	10.145545	1
18939	RNH1	0.26875684	0.70954335	1.4002562	44.55244	1
18942	HRAS	0.12733369	0.3791239	1.5733031	44.55244	1
18946	RASSF7	0.006561463	0.031978656	2.2677028	7.1619267	1
18947	MIR210HG	0.03460185	0.25488925	2.8773518	44.55244	1
18951	SCT	0.0050749155	0.032523558	2.656307	7.468173	1
18958	TALDO1	0.35015258	0.70390457	1.0071892	44.55244	1
18967	PNPLA2	0.03012667	0.07528543	1.3184637	8.676697	1
18970	CD151	0.1640998	0.8881634	2.4355352	44.55244	1
18972	TSPAN4	0.16972564	0.6027236	1.8276815	44.55244	1
18974	CHID1	0.26792744	0.7055016	1.3964733	44.55244	1
18989	MOB2	0.05451659	0.14394309	1.3990892	17.104681	1
18990	DUSP8	0.007939002	0.033971425	2.0834742	6.9196715	1
19002	IFITM10	0.0066669676	0.038325924	2.5054986	9.344368	1
19003	CTSD	0.21073416	0.73990774	1.8114318	44.55244	1
19015	MRPL23	0.038084716	0.17988817	2.236835	38.90698	1
19033	KCNQ1	0.0067797843	0.03086189	2.1700583	6.3183265	1
19039	SLC22A18	0.0056495126	0.09428418	4.0370336	30.333723	1
19040	PHLDA2	0.043205578	0.328815	2.92509	44.55244	1
19043	CARS	0.054791875	0.2616161	2.253338	44.55244	1
19063	RHOG	0.12613416	0.2815066	1.1575787	25.956038	1
19067	RRM1	0.045674298	0.14086713	1.6227491	18.955545	1
19128	TRIM34	0.032879435	0.07726651	1.2301425	7.85308	1
19154	CAVIN3	0.030045968	0.46219996	3.9387922	44.55244	1
19157	SMPD1	0.030923774	0.112822145	1.8638824	20.274338	1
19167	TAF10	0.30999616	0.65015465	1.0682892	44.55244	1
19169	TPP1	0.0707986	0.21146268	1.5772561	29.060633	1
19174	MRPL17	0.24669366	0.63106495	1.3547119	44.55244	1
19184	ZNF215	0.0074213236	0.04220284	2.4916961	10.11817	1
19191	OLFML1	0.035130866	0.005615007	-2.6240127	8.795765	1
19192	PPFIBP2	0.04415551	0.11288925	1.3522565	12.89568	1
19194	CYB5R2	0.006730474	0.09812628	3.8460515	31.671543	1
19213	STK33	0.05652229	0.019458484	-1.5335755	7.873955	1
19229	DENND5A	0.08888874	0.18521884	1.0583148	14.813363	1
19236	WEE1	0.04160251	0.120443575	1.5313486	15.491639	1
19237	SWAP70	0.04665622	0.12735759	1.446787	16.23242	1
19245	ADM	0.007331088	0.23878023	5.0065703	44.55244	1
19246	AMPD3	0.0023213113	0.019062925	2.9844573	5.706668	1
19248	RNF141	0.057314824	0.15191367	1.4047059	18.384497	1
19260	GALNT18	0.0052735065	0.04302877	3.004715	10.625303	1
19266	DKK3	0.023961822	0.36960346	3.9415507	44.55244	1
19270	MICAL2	0.004411946	0.41006088	6.506296	44.55244	1
19294	SPON1	0.004030579	0.17044972	5.367705	44.55244	1
19299	PDE3B	0.006766139	0.029413383	2.1037984	6.333399	1
19310	SOX6	0.1503073	0.39237142	1.383713	44.55244	1
19316	NUCB2	0.2511199	0.9962327	1.9876769	44.55244	1
19329	SERGEF	0.025995288	0.06681823	1.35861	7.6455264	1
19341	LDHA	0.934721	2.55128	1.4485157	44.55244	1
19347	UEVLD	0.039737143	0.09417221	1.2427183	9.72677	1
19359	CSRP3	0.00056359184	0.024422709	5.2076783	8.888248	1
19363	NAV2	0.015251868	0.06155601	2.0058274	11.050206	1
19372	HTATIP2	0.008075704	0.09442286	3.5312486	28.705645	1
19390	GAS2	0.036047384	0.009186055	-1.9607536	6.955348	1
19398	LUZP2	0.11985174	0.015382113	-2.95378	28.980364	1
19401	ANO3	0.01966036	1.2732926e-09	-7.626447	8.166012	1
19406	FIBIN	0.3687279	0.046014074	-2.9996686	44.55244	1
19415	BDNF	0.19570993	0.018951325	-3.3614907	44.55244	1
19434	MPPED2	0.15873535	0.017745849	-3.1538715	43.21002	1
19438	DCDC1	0.0007531614	0.017036248	4.3280888	6.4766693	1
19459	TCP11L1	0.017427584	0.05057387	1.5316149	6.947131	1
19463	HIPK3	0.086231545	0.24227329	1.489271	32.326107	1
19464	KIAA1549L	-1.542503e-09	0.012297402	6.9539165	6.3034496	1
19467	CD59	0.274867	1.3252227	2.2690134	44.55244	1
19474	LMO2	0.021658152	0.2824345	3.698799	44.55244	1
19486	PDHX	0.058035918	0.116389476	1.002698	8.536773	1
19488	CD44	0.025097806	0.21812026	3.114415	44.55244	1
19505	PRR5L	0.0039852	0.042686813	3.3886876	13.067716	1
19512	C11orf74	0.03208607	0.005569776	-2.5050728	7.8144407	1
19518	LRRC4C	0.47856876	0.047377996	-3.3336966	44.55244	1
19537	ALKBH3	0.033238716	0.07465004	1.1648757	7.230054	1
19540	C11orf96	0.20187666	0.62368613	1.6268629	44.55244	1
19545	EXT2	0.10032684	0.26189047	1.3833693	31.258274	1
19548	CD82	0.01319909	0.072853535	2.4556503	14.998511	1
19553	TSPAN18	0.12181782	0.31964028	1.3909913	36.33445	1
19554	TP53I11	0.14460865	0.44475648	1.6201887	44.55244	1
19559	SYT13	0.019725807	0.0023763163	-3.001112	5.6548786	1
19568	CHST1	0.07753045	0.024408212	-1.6633575	11.600756	1
19574	SLC35C1	0.021741083	0.061612684	1.4985228	8.631344	1
19588	CREB3L1	0.046767738	0.21758965	2.2156057	44.55244	1
19596	ARHGAP1	0.07534763	0.20714584	1.4577955	27.334637	1
19608	DDB2	0.04706981	0.20892656	2.1477506	39.565388	1
19614	MYBPC3	0.0018489315	0.026823124	3.7880905	8.631708	1
19617	SLC39A13	0.08504695	0.18053947	1.0850865	14.847538	1
19627	C1QTNF4	0.073151104	0.006045036	-3.5753572	22.026266	1
19702	LRRC55	0.002945587	0.035922784	3.5641174	10.463828	1
19703	APLNR	0.00047520193	0.078084655	7.0866733	23.555494	1
19719	YPEL4	0.0107858665	0.040327605	1.8928845	7.194529	1
19722	MED19	0.17666888	0.35395718	1.002118	27.003145	1
19773	STX3	0.018206049	0.1424686	2.961264	38.318626	1
19790	MS4A7	0.0068795644	0.028073581	2.013134	5.1271853	1
19803	CCDC86	0.032940082	0.07345271	1.1545612	6.8750243	1
19809	TMEM109	0.07462383	0.21322294	1.5133988	28.370749	1
19823	CYB561A3	0.02966942	0.07660386	1.3654681	9.04839	1
19841	FADS1	0.23442177	0.56639045	1.2723298	44.55244	1
19842	FADS3	0.018375976	0.070445105	1.9328954	12.363033	1
19848	INCENP	0.00941966	0.03716681	1.9689095	7.823555	1
19869	B3GAT3	0.14868988	0.37103856	1.3186814	42.400154	1
19870	GANAB	0.22270438	0.5590892	1.327559	44.55244	1
19871	INTS5	0.030989679	0.0707316	1.1879574	7.1209054	1
19888	TMEM179B	0.15900147	0.4248684	1.4174083	44.55244	1
19896	SLC3A2	0.23260127	0.7033328	1.5959336	44.55244	1
19910	PLAAT3	0.004547369	0.06357924	3.7763371	20.53694	1
19912	ATL3	0.09005855	0.18794124	1.0605129	15.151408	1
19914	RTN3	0.22518365	0.5083369	1.1743263	44.55244	1
19928	FERMT3	0.004132836	0.022192053	2.396833	5.4190884	1
19929	TRPT1	0.07223294	0.1869322	1.370562	22.140621	1
19930	NUDT22	0.077289045	0.23887323	1.6266477	35.801094	1
19933	VEGFB	0.2957474	0.697236	1.2370008	44.55244	1
19934	FKBP2	0.025784211	0.07389055	1.5152688	9.998546	1
19936	PPP1R14B	0.8135161	1.7316037	1.089772	44.55244	1
19937	PPP1R14B-AS1	0.0034180956	0.019058265	2.4451003	5.822977	1
19944	ESRRA	0.039563604	0.10306943	1.379128	12.435819	1
19949	RPS6KA4	0.046345983	0.10324252	1.1538082	9.590366	1
19957	NRXN2	0.051998787	0.014412251	-1.8439785	8.998672	1
19959	RASGRP2	0.014627395	0.06043564	2.0392826	11.38946	1
19966	EHD1	0.06376359	0.14546897	1.1886373	13.577151	1
19969	PPP2R5B	0.02285556	0.08722377	1.9275309	15.219568	1
19973	ARL2	0.21924481	0.5164884	1.2358147	44.55244	1
19977	CDCA5	0.0041487888	0.03737575	3.1408339	9.799282	1
19978	ZFPL1	0.08639577	0.23098072	1.4176954	28.430643	1
19982	TM7SF2	0.1360206	0.060293827	-1.1724124	12.369703	1
19990	CAPN1	0.11032023	0.2570037	1.2193457	26.30858	1
19992	POLA2	0.008077397	0.029801479	1.8705033	5.5133286	1
19994	CDC42EP2	0.027568053	0.10249634	1.8906863	17.230078	1
19998	SLC25A45	0.006711096	0.03940888	2.5362182	10.565105	1
19999	FRMD8	0.02193621	0.15841143	2.846639	39.383465	1
20000	NEAT1	1.3964083	3.0468857	1.1255585	44.55244	1
20005	SCYL1	0.102292836	0.24025546	1.2310547	24.439636	1
20008	ZNRD2	0.11713504	0.25849998	1.1413182	23.823252	1
20010	EHBP1L1	0.040662706	0.14181566	1.7997121	23.187235	1
20012	MAP3K11	0.04730046	0.15032731	1.6660935	22.669947	1
20015	RELA	0.12158369	0.25702146	1.079314	21.55357	1
20027	EFEMP2	0.32009566	0.8946166	1.4824771	44.55244	1
20029	FIBP	0.32459486	0.6757826	1.0576882	44.55244	1
20030	CCDC85B	0.29090506	0.6849448	1.2351543	44.55244	1
20031	FOSL1	0.0027510875	0.029476717	3.3748777	8.70994	1
20032	C11orf68	0.09298604	0.19779629	1.0881077	16.777401	1
20040	GAL3ST3	0.02346001	0.0031612732	-2.852833	6.818203	1
20044	PACS1	0.11714486	0.3746362	1.6763506	44.55244	1
20046	KLC2	0.019245597	0.049264025	1.3514549	6.103317	1
20050	RAB1B	0.14490697	0.30534992	1.0748136	26.606361	1
20053	CNIH2	0.018683324	0.05044301	1.4280593	6.6243734	1
20054	YIF1A	0.23435843	0.7898659	1.7524582	44.55244	1
20058	RIN1	0.018176861	0.061762925	1.7590568	9.679997	1
20060	BRMS1	0.059650637	0.1308304	1.1317741	12.033303	1
20061	B4GAT1	0.084928565	0.21378234	1.3307979	23.722393	1
20069	DPP3	0.030937836	0.09131559	1.5584123	13.084836	1
20072	ZDHHC24	0.045351386	0.122295	1.4291483	15.311659	1
20085	LRFN4	0.0513649	0.107108764	1.0587622	8.69349	1
20093	SSH3	0.015549693	0.04204119	1.4290968	5.4247456	1
20096	POLD4	0.2068124	0.5993262	1.5345621	44.55244	1
20112	CDK2AP2	0.09929546	0.29659072	1.5777079	42.85347	1
20118	NUDT8	0.037521075	0.09426984	1.3267848	10.602735	1
20123	UNC93B1	0.002607644	0.043581367	4.011908	14.910338	1
20127	TCIRG1	0.036700018	0.1247051	1.7618984	20.071898	1
20132	C11orf24	0.050839942	0.26949334	2.4039156	44.55244	1
20134	LRP5	0.059970304	0.20893113	1.798994	32.747505	1
20137	GAL	0.0023673913	0.04119922	4.0650563	12.567039	1
20139	CPT1A	0.022801777	0.09388969	2.037043	17.691442	1
20161	CCND1	0.5156945	1.2551427	1.283098	44.55244	1
20175	FADD	0.05447215	0.12593459	1.207583	12.507399	1
20183	CTTN	0.21485123	0.44277677	1.0428959	37.45939	1
20190	DHCR7	0.03796957	0.13419761	1.8187233	22.722399	1
20192	NADSYN1	0.02111109	0.0696052	1.7164476	11.315659	1
20222	CLPB	0.04606194	0.09406275	1.0284526	7.4963045	1
20235	STARD10	0.05788687	0.17874083	1.6248779	24.039326	1
20250	PLEKHB1	-1.542503e-09	0.015689962	7.302886	6.647091	1
20251	RAB6A	0.1994264	0.4048468	1.0211526	32.977573	1
20256	PAAF1	0.073540054	0.15587524	1.0827544	12.748855	1
20263	PPME1	0.120945625	0.3164441	1.3868556	38.896645	1
20264	P4HA3	0.011770682	0.13945653	3.5553749	41.850872	1
20266	PGM2L1	0.046029128	0.21925338	2.249507	43.17223	1
20284	TPBGL	-1.542503e-09	0.01890692	7.570403	7.7705107	1
20289	KLHL35	0.004372184	0.024188846	2.4412425	5.8880086	1
20292	SERPINH1	0.9668306	2.0701325	1.0983084	44.55244	1
20294	MAP6	0.008650405	0.042788163	2.2931578	9.365193	1
20306	WNT11	0.0034537166	0.11226965	4.98278	37.077496	1
20317	LRRC32	0.00796106	0.07632792	3.2450583	20.8007	1
20326	CAPN5	0.042002313	0.11530308	1.4547102	14.097565	1
20371	PRCP	0.16102342	0.73224366	2.1843545	44.55244	1
20374	RAB30	0.049184747	0.12871239	1.3860581	15.050465	1
20381	ANKRD42	0.021349484	0.05438838	1.3450058	6.5144205	1
20396	PICALM	0.16711828	0.36079362	1.109841	33.21195	1
20405	PRSS23	0.1516798	0.5971694	1.976402	44.55244	1
20434	NAALAD2	0.062130295	0.02663147	-1.219078	6.278486	1
20439	FAT3	0.19784296	0.020318896	-3.277108	44.55244	1
20445	SLC36A4	0.09123908	0.1985475	1.1209064	17.044926	1
20448	SMCO4	0.028767908	0.162112	2.4903421	39.01549	1
20456	PANX1	0.017013565	0.123454176	2.8519316	33.540707	1
20476	ENDOD1	0.1131054	0.6078669	2.42505	44.55244	1
20484	MTMR2	0.07910475	0.2013613	1.3468438	23.60533	1
20488	JRKL	0.04967489	0.10651925	1.0989779	9.240877	1
20496	CNTN5	0.069857195	0.004387135	-3.962606	22.872803	1
20524	MMP13	0.016115438	1.2732926e-09	-7.3412056	6.874779	1
20530	PDGFD	0.24140984	0.04349422	-2.4698732	44.55244	1
20534	CASP4	0.0435792	0.15505584	1.8286997	24.6565	1
20540	GRIA4	0.5216406	0.042771913	-3.605228	44.55244	1
20543	KBTBD3	0.017307302	0.05213396	1.5852956	7.2017665	1
20549	GUCY1A2	0.025858885	0.13979943	2.4300897	27.817675	1
20554	SLN	0.00082568696	0.08024706	6.439577	16.323326	1
20593	LAYN	0.04353078	0.390131	3.1609101	44.55244	1
20601	CRYAB	0.0017784412	0.08124792	5.4364977	24.182478	1
20615	PTS	0.14199568	0.30436102	1.0993947	27.061699	1
20618	LINC02762	0.023984918	0.16453408	2.773061	41.011112	1
20626	NCAM1	0.16838756	0.7160605	2.087641	44.55244	1
20645	NNMT	0.00191473	0.045719903	4.507316	12.464152	1
20647	C11orf71	0.015254345	0.060749304	1.9865938	11.326644	1
20649	REXO2	0.17251177	0.6909317	2.0012212	44.55244	1
20653	CADM1	0.625597	0.19521813	-1.6796384	44.55244	1
20670	ZPR1	0.06168563	0.15888074	1.3635088	18.695065	1
20676	APOA1	0.005512461	0.043924596	2.9716043	9.183777	1
20681	SIDT2	0.030099574	0.09459413	1.6487468	14.669518	1
20682	TAGLN	0.12350567	0.78417957	2.6656232	44.55244	1
20719	PHLDB1	0.08452054	0.31421235	1.893119	44.55244	1
20720	AP000941.1	0.00048470154	0.012851082	4.4692283	5.445167	1
20735	TRAPPC4	0.17858991	0.42716798	1.2576829	44.55244	1
20738	HYOU1	0.100549184	0.27538696	1.4526485	34.715946	1
20745	C2CD2L	0.0068828017	0.030659819	2.1391692	6.935945	1
20748	NLRX1	0.005222373	0.024250591	2.1938152	5.127149	1
20753	RNF26	0.0401593	0.09274127	1.2054441	9.557297	1
20763	NECTIN1	0.010509009	0.035985317	1.7661221	6.519682	1
20783	SC5D	0.14433226	0.48701108	1.7538577	44.55244	1
20785	SORL1	0.015753483	0.055912327	1.8209445	9.461762	1
20804	GRAMD1B	0.029681792	0.06458544	1.1190104	5.4828715	1
20811	OR8D4	-1.542503e-09	0.03434244	8.428066	14.228132	1
20820	VWA5A	0.02159947	0.053369626	1.3010598	5.8130207	1
20835	SIAE	0.01189234	0.056304928	2.2337081	12.2742815	1
20836	SPA17	0.021474047	0.061153833	1.5055034	8.426693	1
20837	NRGN	0.029821655	0.13754399	2.2016797	25.256311	1
20840	ESAM	0.033893287	0.11460482	1.7546042	14.205564	1
20845	ROBO3	0.010825808	0.036592223	1.7477344	6.1147127	1
20860	FEZ1	0.06808046	0.33090517	2.2794235	44.55244	1
20863	STT3A	0.15610206	0.31660527	1.0197273	24.679176	1
20864	CHEK1	0.037335914	0.12011579	1.6831315	18.559622	1
20889	DCPS	0.03467326	0.15120521	2.1214116	31.157322	1
20891	ST3GAL4	0.026769865	0.2112859	2.9758182	44.55244	1
20922	APLP2	0.7649083	1.6145242	1.077651	44.55244	1
20927	ADAMTS15	0.0006352967	0.01706192	4.5447407	7.1396008	1
20937	NTM	0.17340627	0.4039524	1.2195545	33.00606	1
20954	JAM3	0.10409413	0.3460716	1.7322133	44.55244	1
20957	VPS26B	0.08499779	0.18345152	1.1089915	15.923494	1
21012	CACNA1C	0.12856567	0.03956744	-1.6976	18.904957	1
21031	FOXM1	0.004063467	0.040038258	3.269121	11.87203	1
21035	TEAD4	0.003243945	0.027576456	3.049036	8.154517	1
21051	CCND2-AS1	0.008901972	0.03592016	2.0004919	7.048491	1
21053	TIGAR	0.06193889	0.14277662	1.2035252	13.235404	1
21054	FGF23	-1.542503e-09	0.07565774	9.565271	13.781885	1
21057	RAD51AP1	0.010829715	0.043843687	2.0074	7.8882337	1
21061	NDUFA9	0.15164296	0.31350997	1.0473418	25.956888	1
21072	KCNA5	0.003325187	0.03357739	3.2975256	9.415434	1
21083	CD9	0.06287274	0.72407633	3.5235417	44.55244	1
21087	LTBR	0.07587637	0.1590391	1.0666655	13.201699	1
21099	AC006064.4	0.009220093	0.041503005	2.1582716	8.543639	1
21112	COPS7A	0.100131534	0.2023337	1.014113	15.82387	1
21117	CD4	0.03622126	0.14217496	1.9697956	24.467306	1
21119	P3H3	0.10165996	0.39510807	1.9574424	44.55244	1
21121	CDCA3	0.0043357047	0.05022721	3.5041034	14.288081	1
21125	LRRC23	0.032918394	0.07491892	1.1839845	7.339324	1
21127	ENO2	0.032796215	0.62977815	4.259079	44.55244	1
21137	C1S	0.022622814	0.10196373	2.1672568	20.091467	1
21158	SLC2A3	0.094188705	0.55569243	2.5593894	44.55244	1
21162	C3AR1	0.0006714149	0.012198348	3.9948137	5.455144	1
21184	AC092490.1	-1.542503e-09	0.023671377	7.893104	10.974291	1
21194	A2M	0.069728956	0.14804232	1.0850865	10.401489	1
21210	CLEC2B	0.0071128784	0.10629694	3.8827379	28.299986	1
21222	CLEC7A	0.022008505	1.2732926e-09	-7.7884393	8.809794	1
21230	AC022075.1	0.0036875491	0.060086757	3.9901097	19.049906	1
21240	YBX3	0.31018528	1.0786556	1.797701	44.55244	1
21269	ETV6	0.07588158	0.16580641	1.1266481	14.769213	1
21275	DUSP16	0.023178257	0.06307092	1.4402776	7.879073	1
21281	CDKN1B	0.09446931	0.23511028	1.3145071	25.344038	1
21286	GPRC5A	-1.542503e-09	0.015792796	7.3122516	6.57474	1
21294	EMP1	0.026523434	0.25996092	3.288081	44.55244	1
21303	PLBD1	0.011826586	0.062185094	2.384706	14.729367	1
21315	ART4	-1.542503e-09	0.01294466	7.0273376	6.089041	1
21317	MGP	0.45492372	1.5717316	1.788433	44.55244	1
21319	ARHGDIB	0.098356195	0.6169991	2.6479483	44.55244	1
21322	RERG	0.20664154	0.07020618	-1.5561049	27.094122	1
21325	PTPRO	0.013007702	0.00027330927	-5.1338997	5.427923	1
21326	EPS8	0.062395904	0.45198014	2.854745	44.55244	1
21333	LMO3	0.017171765	0.0018950877	-3.1138916	5.2907434	1
21363	RECQL	0.11111297	0.40547806	1.8666545	44.55244	1
21364	GOLT1B	0.10569526	0.34255525	1.6954826	44.55244	1
21374	CMAS	0.15336196	0.36078647	1.2336638	38.302574	1
21375	ST8SIA1	0.014127404	0.03904604	1.460194	5.2465587	1
21392	BCAT1	0.20257448	0.70993197	1.8087196	44.55244	1
21411	RASSF8	0.1244936	0.31225228	1.325944	34.160126	1
21412	BHLHE41	0.0071941465	0.051554956	2.8240957	12.554684	1
21421	ITPR2	0.035161033	0.14824378	2.0727978	29.268871	1
21458	AC009318.1	0.040257517	0.013517152	-1.5674126	5.8101463	1
21472	CAPRIN2	0.077036425	0.20790946	1.431165	25.56211	1
21474	AC010198.2	0.0063750227	0.044290543	2.7772954	11.76915	1
21505	PKP2	0.007498845	0.029664565	1.9697438	5.466639	1
21508	SYT10	0.036432005	0.00019158397	-6.9691057	14.302265	1
21519	CPNE8	0.063830495	0.4274417	2.7414887	44.55244	1
21522	KIF21A	0.06039785	0.29274157	2.2751646	44.55244	1
21527	SLC2A13	0.07454463	0.24711893	1.7276788	37.37375	1
21534	CNTN1	0.16558257	0.006838209	-4.577715	44.55244	1
21536	PDZRN4	0.034543864	0.098021515	1.5019696	11.015185	1
21557	IRAK4	0.0338058	0.10034228	1.5667627	14.264617	1
21563	NELL2	0.03966693	0.0038609419	-3.3276536	10.979279	1
21567	ANO6	0.13422044	0.2867821	1.094779	23.719341	1
21574	SLC38A1	0.036196698	0.18022725	2.3127072	34.51806	1
21576	SLC38A2	0.25087363	0.70534486	1.4909976	44.55244	1
21584	AMIGO2	0.015350708	0.18869837	3.6111014	44.55244	1
21585	PCED1B	0.0017071494	0.016861156	3.2304468	5.6711283	1
21618	CCDC184	0.015456856	0.07358953	2.2439091	15.6814995	1
21637	ADCY6	0.07215475	0.14952157	1.0501539	11.324373	1
21643	FKBP11	0.06269409	0.25880024	2.0436954	44.55244	1
21659	TUBA1C	0.06941059	0.594113	3.0956755	44.55244	1
21664	TROAP	0.004817712	0.03229788	2.7198403	8.005996	1
21688	RACGAP1	0.009845279	0.049112413	2.3069384	9.872155	1
21703	METTL7A	0.13670175	0.050880678	-1.4240642	15.8718815	1
21714	SMAGP	0.027996315	0.13023095	2.213727	27.271051	1
21717	GALNT6	0.0017130629	0.02390212	3.726661	8.49706	1
21725	AC068987.3	0.02603744	0.005674338	-2.1783903	5.733834	1
21731	NR4A1	0.09436159	0.19061865	1.0136462	12.889474	1
21733	ATG101	0.12633221	0.3266552	1.3698461	39.889637	1
21772	KRT8	0.11466681	0.89036727	2.955857	44.55244	1
21773	KRT18	0.15961795	0.78574336	2.2987154	44.55244	1
21778	SPRYD3	0.02846987	0.07846407	1.4593753	10.3274555	1
21779	IGFBP6	0.022526218	0.08933461	1.9828378	15.805212	1
21785	RARG	0.021911277	0.06777811	1.6247036	9.674395	1
21790	AC073611.1	0.00825683	0.041931797	2.3304534	9.248707	1
21795	AMHR2	0.000544712	0.082372084	6.9991074	28.091093	1
21796	PRR13	0.1724103	0.4552356	1.4002478	44.55244	1
21814	HOTAIR	0.0122349635	1.2732926e-09	-6.9465914	5.375285	1
21815	HOXC11	0.015050513	0.00041160203	-4.8882008	6.197223	1
21817	HOXC10	0.025287379	1.2732926e-09	-7.9879494	10.35397	1
21820	HOXC9	0.124714874	0.0076805004	-4.003783	40.69862	1
21829	SMUG1	0.049297374	0.12213548	1.3071569	13.906889	1
21844	ITGA5	0.087874986	0.33164978	1.9149301	44.55244	1
21884	ORMDL2	0.10248385	0.27506486	1.4234924	33.42184	1
21899	ERBB3	0.0027032879	0.06953063	4.63453	20.033836	1
21903	ESYT1	0.06752606	0.1383315	1.0335212	10.884736	1
21916	COQ10A	0.024341485	0.056422964	1.2095053	5.6709666	1
21948	LRP1	0.2894142	0.7515008	1.3763326	44.55244	1
21950	NXPH4	0.0128186885	0.050690424	1.975097	8.3813305	1
21952	SHMT2	0.13776526	0.4350779	1.6583463	44.55244	1
21953	NDUFA4L2	0.021117736	0.289687	3.7716503	44.55244	1
21962	MARS	0.07785668	0.17198692	1.1423929	15.437195	1
21963	DDIT3	0.056108803	0.22493246	2.001265	32.40186	1
21973	B4GALNT1	0.0016071199	0.02506366	3.8817055	9.087671	1
21974	OS9	0.3283839	0.90300834	1.4590765	44.55244	1
21977	AGAP2-AS1	0.006923669	0.08427488	3.5865169	25.833513	1
21980	MARCH9	0.032969467	0.1405241	2.088272	26.569912	1
21997	LRIG3	0.14511265	0.05945698	-1.2858245	14.457975	1
22031	XPOT	0.07177416	0.16516158	1.2012062	14.885045	1
22034	RASSF3	0.027490368	0.06499422	1.2383648	6.8869686	1
22039	GNS	0.094463766	0.36106935	1.933316	44.55244	1
22049	MSRB3	0.09405926	0.3096477	1.7179186	44.55244	1
22063	IRAK3	0.007876676	0.056969177	2.8388524	14.982816	1
22065	HELB	0.0237902	0.058575317	1.2963349	6.1732607	1
22066	GRIP1	0.14765367	0.005788283	-4.6492033	44.55244	1
22105	RAB3IP	0.019618364	0.048098426	1.2894462	5.064053	1
22113	KCNMB4	0.41538447	0.18425594	-1.1723006	38.86728	1
22115	PTPRB	0.004173553	0.02818707	2.726635	7.78775	1
22122	LGR5	0.11444155	0.0019506625	-5.803637	42.22816	1
22134	TRHDE	0.20336331	0.008787097	-4.5169125	44.55244	1
22135	TRHDE-AS1	0.113827035	0.002397557	-5.511449	41.96698	1
22154	GLIPR1	0.08154604	0.16529635	1.0184726	11.679275	1
22161	PHLDA1	0.13410878	0.9425406	2.8122287	44.55244	1
22171	CSRP2	0.35608968	1.0338821	1.5374937	44.55244	1
22173	E2F7	0.0023185948	0.09379956	5.2788773	30.907822	1
22176	NAV3	0.44992426	0.12978035	-1.7928195	44.55244	1
22185	SYT1	0.121636845	0.36741903	1.594053	40.21614	1
22201	LIN7A	0.03599568	0.080997676	1.1678343	7.6052465	1
22204	PPFIA2	0.010202459	0.046034034	2.1628428	9.229564	1
22214	TMTC2	0.10974703	0.053922575	-1.0238615	8.0306425	1
22219	SLC6A15	0.002933283	0.029902572	3.306134	8.579839	1
22222	ALX1	0.0072040325	0.03757406	2.3668065	8.000631	1
22224	RASSF9	0.032360822	0.008460033	-1.9230114	6.304911	1
22225	NTS	0.0061381515	0.100709744	4.014373	18.359282	1
22226	MGAT4C	0.08902267	0.007055462	-3.6386757	26.524246	1
22235	KITLG	0.018690413	0.07801556	2.0556133	14.207099	1
22239	DUSP6	0.14307445	0.32761654	1.1946744	27.554564	1
22248	ATP2B1	1.3649704	0.585202	-1.2217222	44.55244	1
22249	ATP2B1-AS1	0.14913902	0.052724253	-1.4983523	18.88564	1
22280	EEA1	0.2910779	0.58874464	1.0159862	44.55244	1
22296	PLXNC1	0.006294318	0.0345939	2.4398198	7.9806476	1
22305	NDUFA12	0.47556525	0.96344393	1.0184038	44.55244	1
22307	FGD6	0.035631754	0.1142303	1.677929	17.797672	1
22341	IKBIP	0.18659446	0.9168963	2.2962368	44.55244	1
22342	APAF1	0.09556496	0.25664118	1.424252	33.201893	1
22352	SCYL2	0.08356132	0.1813478	1.1169218	16.149569	1
22355	GAS2L3	0.013516913	0.043508045	1.6791948	6.0411906	1
22356	ANO4	0.004425015	0.055545848	3.6202798	18.708454	1
22361	ARL1	0.26214093	0.60696125	1.2109494	44.55244	1
22367	CHPT1	0.05572289	0.20657396	1.888428	36.517906	1
22373	WASHC3	0.116099216	0.29412493	1.340319	34.25186	1
22375	NUP37	0.061505586	0.13539821	1.1371406	12.226965	1
22376	PARPBP	0.007896848	0.027359355	1.7797943	5.347327	1
22378	HELLPAR	0.09858127	0.040265482	-1.2896541	9.977476	1
22380	IGF1	0.25665247	0.023256894	-3.4584577	44.55244	1
22409	CHST11	0.022161102	0.06257208	1.4932978	8.658641	1
22413	ALDH1L2	0.0027418714	0.12437211	5.4528375	42.119473	1
22416	C12orf75	0.06043688	0.24865067	2.0388143	44.55244	1
22422	NUAK1	0.07135378	0.2647558	1.8901247	43.1545	1
22424	CKAP4	0.5191778	1.4453828	1.4769729	44.55244	1
22427	TCP11L2	0.02316174	0.07720397	1.7325835	12.254983	1
22436	TMEM263	0.23859824	0.5733664	1.264521	44.55244	1
22449	CMKLR1	0.0043287934	0.027481584	2.6387198	7.415731	1
22455	TMEM119	0.058657255	0.011670873	-2.3195457	13.114343	1
22458	CORO1C	0.108312435	0.33578455	1.631435	44.55244	1
22474	UBE3B	0.045678753	0.09615047	1.0721154	8.088584	1
22475	MMAB	0.13344574	0.27077997	1.0203196	20.71221	1
22476	MVK	0.04956382	0.10988676	1.1470627	9.891633	1
22492	GPN3	0.08493151	0.20250213	1.2525799	20.898453	1
22493	FAM216A	0.04229349	0.12721522	1.5864903	17.250607	1
22508	SH2B3	0.046265744	0.112421215	1.2790658	11.825281	1
22513	ALDH2	0.15621561	0.42575032	1.4458846	44.55244	1
22516	TMEM116	0.028785445	0.0630326	1.1280425	5.4422894	1
22517	ERP29	0.69149065	1.5209961	1.1371211	44.55244	1
22535	RITA1	0.031747736	0.08636038	1.4408484	10.988518	1
22538	TPCN1	0.03753867	0.07651719	1.0254524	5.9670067	1
22541	PLBD2	0.03960955	0.1274577	1.6835918	19.85346	1
22553	TBX5	-1.542503e-09	0.050887875	8.994033	19.671474	1
22554	TBX5-AS1	-1.542503e-09	0.01301068	7.034621	5.783127	1
22578	LINC00173	0.040704817	0.00779003	-2.3706367	9.019697	1
22601	WSB2	0.08309639	0.18320979	1.1396909	16.27428	1
22620	HSPB8	0.0024891074	0.035948876	3.7994275	12.144229	1
22628	CIT	0.0029472192	0.041776992	3.7805927	13.460309	1
22636	PXN	0.036227625	0.1036702	1.5142533	13.8228445	1
22650	COQ5	0.07888117	0.17642966	1.16033	16.244497	1
22661	ACADS	0.017585931	0.06361085	1.848937	10.635361	1
22665	HNF1A-AS1	0.0004968379	0.014789594	4.6408215	5.072376	1
22669	P2RX7	0.0020791246	0.016240308	2.9066145	5.1809115	1
22672	P2RX4	0.040182933	0.1509229	1.9065266	26.14864	1
22679	ORAI1	0.076164044	0.18476455	1.2773937	19.653135	1
22682	TMEM120B	0.02890901	0.06058222	1.0647728	5.032759	1
22683	RHOF	0.018805947	0.07100375	1.9110855	13.507487	1
22709	KNTC1	0.01333321	0.037177783	1.4725121	5.2433286	1
22720	ABCB9	0.014389192	0.04121884	1.5118227	5.3438597	1
22738	TMED2	0.35492563	0.7877131	1.1499304	44.55244	1
22761	SCARB1	0.025702486	0.12661321	2.295985	26.68203	1
22770	TMEM132B	0.0009737908	0.05230944	5.6090417	16.955433	1
22811	SLC15A4	0.021202158	0.049051926	1.2062484	5.1982055	1
22834	STX2	0.09757762	0.27021492	1.4685411	35.2879	1
22888	GOLGA3	0.20177051	0.4471383	1.1476134	43.29717	1
22925	GJA3	0.0011832343	0.029867945	4.5455637	8.74377	1
22929	CRYL1	0.040813386	0.133261	1.7046919	19.951895	1
22932	AL161772.1	0.01848287	0.075472	2.0238786	13.412232	1
22933	IL17D	0.022700509	0.07372956	1.6951326	11.182212	1
22936	XPO4	0.042379	0.09673476	1.1887752	9.188278	1
22937	LATS2	0.033331815	0.096521124	1.531117	13.169082	1
22956	SACS	0.06183605	0.28117108	2.1831098	44.55244	1
22960	TNFRSF19	0.010089077	0.051557697	2.34196	11.524562	1
22965	SPATA13	0.00887632	0.034229998	1.9352739	6.7517843	1
22984	MTMR6	0.094265155	0.23570813	1.3212874	26.856592	1
22986	NUP58	0.16588369	0.3345141	1.0114567	25.277117	1
22987	ATP8A2	0.02396679	0.0596755	1.3125106	6.4545164	1
22988	SHISA2	0.021123871	0.066813774	1.6566155	8.848651	1
23007	GTF3A	0.2387081	0.55787283	1.2243431	44.55244	1
23021	FLT1	0.061399918	0.5445285	3.146616	44.55244	1
23027	SLC7A1	0.0047195065	0.06696845	3.798677	19.953218	1
23059	FRY	0.0076873647	0.05142534	2.7260752	12.894603	1
23062	BRCA2	0.009757735	0.053511675	2.4432192	12.380882	1
23101	ALG5	0.13256411	0.31972334	1.2694969	34.777596	1
23121	LHFPL6	0.20796794	0.4177179	1.0058197	29.330606	1
23122	COG6	0.06332756	0.19293989	1.6057173	27.376265	1
23125	FOXO1	0.023979958	0.24510074	3.3480585	44.55244	1
23129	ELF1	0.10185865	0.3862469	1.9219124	44.55244	1
23137	RGCC	0.08156811	0.014359937	-2.4977117	16.149776	1
23140	DGKH	0.12069574	0.25497407	1.0783466	20.118418	1
23217	RB1	0.15539408	0.32183993	1.0499318	26.445063	1
23225	CYSLTR2	0.017597323	0.0007568879	-4.368281	6.9492006	1
23229	CDADC1	0.030528106	0.07146457	1.2243893	7.3250413	1
23232	PHF11	0.060169123	0.15430275	1.3572074	17.659796	1
23238	SPRYD7	0.05376108	0.174573	1.6973416	28.17358	1
23250	FAM124A	0.00054271973	0.027107535	5.4036727	10.076272	1
23254	WDFY2	0.090755895	0.19313255	1.088686	15.4999075	1
23300	DIAPH3	0.008311693	0.08737978	3.3784816	18.547394	1
23307	PCDH20	0.0555628	0.17895836	1.6856444	22.565935	1
23325	PCDH9	0.9166902	0.12152321	-2.9141731	44.55244	1
23342	MZT1	0.080636315	0.21195775	1.3931676	24.89745	1
23344	DIS3	0.16453157	0.34064814	1.0494647	27.665758	1
23346	KLF5	0.0038822663	0.038991373	3.2951887	11.384429	1
23349	KLF12	0.24935138	0.089417316	-1.47852	31.821638	1
23357	TBC1D4	0.061062835	0.17542465	1.5209464	21.374895	1
23360	UCHL3	0.10043378	0.22532426	1.1649624	20.991356	1
23362	LMO7	0.021635817	0.15059415	2.793477	35.53207	1
23371	KCTD12	0.6909562	0.23230614	-1.5721548	44.55244	1
23386	EDNRB	0.022600463	0.15412001	2.7641964	34.11002	1
23426	SLITRK6	0.160283	0.07169922	-1.1594812	12.289503	1
23432	MIR4500HG	0.026856389	0.00039243483	-5.7745504	10.146411	1
23434	SLITRK5	0.26211184	0.0050005764	-5.6839285	44.55244	1
23453	GPC5	0.025500868	0.0032419518	-2.9374297	7.327302	1
23462	GPC6	0.4826158	0.11984998	-2.0087411	44.55244	1
23474	ABCC4	0.0017565989	0.054534078	4.879067	19.559368	1
23479	DNAJC3	0.22716811	0.47760066	1.0717117	42.294765	1
23481	UGGT2	0.11197835	0.3810446	1.7658306	44.55244	1
23496	FARP1	0.3241312	0.71838003	1.1479254	44.55244	1
23508	UBAC2	0.123793885	0.2672498	1.1096234	23.583237	1
23510	GPR183	0.0004365733	0.0414237	6.274016	13.284995	1
23551	POGLUT2	0.0625	0.18705267	1.579981	26.648983	1
23588	MYO16	0.03919101	1.2732926e-09	-8.618037	15.5070095	1
23605	COL4A1	0.45119905	2.0943544	2.2144186	44.55244	1
23606	COL4A2	0.5158585	1.9092728	1.8877718	44.55244	1
23609	RAB20	0.010957259	0.044790667	2.0214217	8.659535	1
23651	F10	0.030755652	0.1170817	1.9251407	18.801912	1
23658	LAMP1	0.30177295	0.8779628	1.5403829	44.55244	1
23673	GAS6	0.0064932304	0.067975946	3.3680878	19.084875	1
23681	RASA3	0.031135725	0.14564823	2.2222095	31.143702	1
23737	PNP	0.010650951	0.07090328	2.7234213	18.07683	1
23745	ANG	0.008377391	0.13446495	3.9885385	40.19073	1
23746	RNASE4	0.019608878	0.39679924	4.3318553	44.55244	1
23752	RNASE1	0.0036583664	0.18638599	5.6328177	44.55244	1
23930	LRP10	0.15007481	0.41608843	1.4705939	44.55244	1
23947	SLC7A8	0.1424503	0.059072945	-1.2684615	14.406783	1
23954	SLC22A17	0.06721958	0.21495731	1.675623	31.95672	1
23958	CMTM5	0.0023203332	0.0355527	3.8807337	10.517957	1
23959	MYH6	0.008791116	0.18045904	4.343962	44.55244	1
23960	MYH7	0.0018335447	0.03483427	4.175323	12.136882	1
23969	JPH4	0.13886482	0.060973726	-1.1860958	12.686631	1
23982	PCK2	0.014514412	0.078939766	2.435187	17.767307	1
23986	EMC9	0.058706522	0.14846595	1.3370553	16.342514	1
23994	TM9SF1	0.13245583	0.267531	1.013645	20.896355	1
24004	RABGGTA	0.020665292	0.054876965	1.4046532	6.9322944	1
24005	AL096870.8	0.02290465	0.060319282	1.3930837	7.522805	1
24025	STXBP6	0.004516707	0.102947034	4.480295	29.46697	1
24060	SCFD1	0.23313217	0.4836063	1.0523646	43.32199	1
24078	ARHGAP5-AS1	0.10833113	0.028999127	-1.8977313	19.018806	1
24082	AKAP6	0.010844343	0.058636066	2.4240613	12.737945	1
24084	NPAS3	0.05441473	0.017822344	-1.6048868	7.9023356	1
24087	EGLN3	0.15452738	0.3275771	1.083479	23.919514	1
24098	FAM177A1	0.1659572	0.56933975	1.777863	44.55244	1
24099	PPP2R3C	0.13393296	0.28126973	1.0698792	23.67643	1
24138	SSTR1	0.022528464	0.0037405596	-2.5587502	6.0006447	1
24142	SEC23A	0.16140515	0.47231793	1.5484835	44.55244	1
24156	AL121821.2	0.12210306	0.056928594	-1.0995231	10.097097	1
24157	LRFN5	0.3574079	0.06793741	-2.393575	44.55244	1
24169	C14orf28	0.024617529	0.05444424	1.1418924	5.0577626	1
24185	MDGA2	0.09625439	0.010134126	-3.2349627	27.409998	1
24192	LRR1	0.021042531	0.071838886	1.7666237	11.845141	1
24194	MGAT2	0.07612645	0.21614681	1.5043153	29.896885	1
24205	ARF6	0.14820187	0.36213857	1.2884033	40.529144	1
24216	ATL1	0.010400166	0.042836916	2.0318065	8.2894	1
24228	TRIM9	0.08257851	0.03393816	-1.2803594	8.765657	1
24242	GNG2	0.17151745	0.81930643	2.255383	44.55244	1
24247	NID2	0.115323074	0.4059973	1.8148937	44.55244	1
24250	PTGER2	0.022998542	0.0025784809	-3.1083148	6.511246	1
24253	ERO1A	0.06964886	0.84155524	3.5929878	44.55244	1
24254	AL133453.1	0.03766514	0.41498277	3.458272	44.55244	1
24261	FERMT2	0.35174266	0.78084636	1.1502932	44.55244	1
24270	BMP4	0.0363644	0.07620037	1.0652015	5.457044	1
24272	CDKN3	0.012363117	0.10188808	3.0326638	19.02537	1
24277	SAMD4A	0.023098972	0.09457284	2.02889	18.952307	1
24283	LGALS3	0.036892056	0.5886275	3.9923127	44.55244	1
24284	DLGAP5	0.0071971435	0.09810127	3.750338	17.415794	1
24294	LINC00520	0.0010779413	0.13235886	6.8131332	37.493187	1
24297	PELI2	0.020079654	0.15253522	2.9191146	39.384525	1
24320	ARMH4	0.054914314	0.14426273	1.3918194	17.222225	1
24332	DACT1	0.05486547	0.14648898	1.4151791	16.501017	1
24353	SIX4	0.03471717	0.0054433467	-2.65097	9.032238	1
24365	HIF1A-AS3	0.004514023	0.106281616	4.52708	29.237394	1
24366	SNAPC1	0.09159576	0.28853875	1.654338	39.973034	1
24382	SYNE2	0.08255257	0.32830992	1.9903661	44.55244	1
24389	ZBTB25	0.040417165	0.114292085	1.4973822	14.047339	1
24396	PLEKHG3	0.025688123	0.0614642	1.2553849	6.583489	1
24420	ATP6V1D	0.201511	0.42379478	1.0721318	37.33685	1
24421	EIF2S1	0.15170683	0.34304774	1.1765931	33.708504	1
24425	PIGH	0.066409945	0.15806185	1.2497596	15.675037	1
24426	ARG2	0.018996764	0.44115242	4.5302043	44.55244	1
24428	VTI1B	0.2422799	0.5345272	1.1412632	44.55244	1
24429	RDH11	0.1994529	0.44597843	1.160526	44.55244	1
24440	ACTN1	0.1836451	0.80481774	2.1311355	44.55244	1
24454	SUSD6	0.031545527	0.069874786	1.1448336	6.5408177	1
24483	SIPA1L1	0.12396119	0.0546123	-1.1811147	11.5588255	1
24500	NUMB	0.17773768	0.37265188	1.0676545	32.057648	1
24501	AC005280.2	-1.542503e-09	0.011528211	6.8615074	5.2184315	1
24510	ACOT4	0.00054937025	0.016526094	4.678264	6.1963706	1
24525	ENTPD5	0.03091872	0.07720685	1.3174572	8.742097	1
24537	ISCA2	0.16546011	0.33796605	1.02995	26.88369	1
24538	LTBP2	0.0018761304	0.04887238	4.6312184	17.510092	1
24545	DLST	0.055317387	0.11576531	1.0640382	9.239894	1
24562	JDP2	0.03916096	0.19178095	2.2890441	38.416584	1
24570	TGFB3	0.034813937	0.094167314	1.4329545	10.570091	1
24579	VASH1	0.097196534	0.304669	1.6472558	43.190712	1
24600	POMT2	0.027592786	0.06010519	1.1203778	5.422733	1
24614	NRXN3	0.034535605	0.008303601	-2.0431764	6.9285054	1
24636	SEL1L	0.20220236	0.4763999	1.2359626	44.55244	1
24666	GALC	0.06567307	0.22575597	1.7798342	35.572197	1
24705	TTC7B	0.025293577	0.063345596	1.3210564	7.47208	1
24712	RPS6KA5	0.16859925	0.048987985	-1.7810117	25.76715	1
24718	CCDC88C	0.018965438	0.001966809	-3.2054827	6.127503	1
24724	FBLN5	0.15290616	0.065984175	-1.2112131	14.709316	1
24733	LGMN	0.061622653	0.39431453	2.6758406	44.55244	1
24734	GOLGA5	0.09264291	0.26578957	1.5195181	35.703053	1
24756	IFI27L1	0.100355856	0.2606006	1.3758321	31.163172	1
24758	IFI27L2	0.2471209	0.7503962	1.602044	44.55244	1
24762	SERPINA1	0.0031229656	0.0819332	4.6697474	15.730326	1
24772	GSC	0.041701738	1.2732926e-09	-8.707401	16.145237	1
24782	SYNE3	0.007045878	0.03430471	2.267423	7.3818536	1
24795	C14orf132	0.03213624	0.08846656	1.4580786	11.207513	1
24811	VRK1	0.03316316	0.071958095	1.1152353	6.1889215	1
24832	BCL11B	0.015482191	0.057258148	1.8801004	9.98312	1
24835	SETD3	0.07636679	0.20525847	1.4252392	26.392424	1
24856	WARS	0.039106708	0.15798515	2.0115294	28.821428	1
24858	WDR25	0.03078879	0.07946872	1.365118	9.341074	1
24865	DLK1	0.29649654	1.8179156	2.6157908	44.55244	1
24866	MEG3	0.87578434	0.06383206	-3.776129	44.55244	1
24869	MEG8	0.18590757	0.027712416	-2.7415605	44.55244	1
24896	MOK	0.0331363	0.07132588	1.103687	6.068553	1
24898	CINP	0.10067849	0.31437445	1.641755	44.55244	1
24900	ANKRD9	0.044299044	0.13067134	1.5584458	18.212885	1
24912	TNFAIP2	0.05016631	0.018801019	-1.4111278	6.1503863	1
24918	CKB	0.038466074	0.12229735	1.6661681	15.770869	1
24924	COA8	0.24179359	0.48964235	1.0176504	40.387257	1
24951	INF2	0.06526754	0.14581153	1.1584476	13.029696	1
24953	ADSSL1	0.02211076	0.062830135	1.5024923	8.318334	1
24964	AHNAK2	0.00054435997	0.029894134	5.5406694	10.495294	1
24980	CRIP2	0.09496559	0.5504752	2.5339444	44.55244	1
24981	CRIP1	0.014002751	0.17538469	3.6372967	42.774292	1
24982	TEDC1	0.011035854	0.045504086	2.0339508	8.886898	1
24983	TMEM121	0.027814953	0.13993886	2.3267171	31.261915	1
25213	AC138649.1	0.0012361691	0.016954878	3.67401	5.4293194	1
25214	NIPA1	0.012257091	0.043533925	1.8201112	7.69567	1
25234	SNRPN	0.41004938	0.8722606	1.0887752	44.55244	1
25257	GABRG3	0.05403703	0.012319638	-2.1239927	10.767607	1
25306	LINC02352	-1.542503e-09	0.012745982	7.0051956	5.5158496	1
25308	KLF13	0.09414177	0.35910314	1.9303614	44.55244	1
25319	ARHGAP11A	0.012337026	0.052194774	2.0720253	8.844127	1
25331	AVEN	0.054339964	0.1367282	1.3296275	15.216952	1
25335	EMC7	0.23061268	0.62315077	1.4337155	44.55244	1
25350	ACTC1	0.020101802	0.38824314	4.264776	44.55244	1
25374	SPRED1	0.22691527	0.55542296	1.2910572	44.55244	1
25390	THBS1	0.06888622	0.24616295	1.8358194	29.419878	1
25405	BUB1B	0.0051892693	0.059868485	3.5030642	14.428271	1
25420	KNSTRN	0.029384714	0.07740119	1.3942513	8.5820675	1
25425	CHST14	0.067296326	0.13950437	1.0506023	10.861074	1
25429	KNL1	0.003848538	0.08471351	4.4249034	20.207842	1
25432	RAD51	0.0058608083	0.027607584	2.216701	6.616031	1
25440	SPINT1	0.0068559283	0.033689562	2.2802627	7.6593065	1
25443	VPS18	0.023109803	0.06699642	1.5315015	9.582806	1
25446	CHAC1	0.0050566397	0.060408313	3.5526302	14.731467	1
25456	NUSAP1	0.013842591	0.12207468	3.1313746	20.043467	1
25473	EHD4	0.028448397	0.13670842	2.2606754	29.77841	1
25483	TMEM87A	0.20825379	0.42899242	1.042253	35.41146	1
25487	SNAP23	0.16202888	0.33434573	1.0446309	27.895906	1
25503	CCNDBP1	0.042972445	0.13124217	1.6084931	19.553751	1
25527	FRMD5	-1.542503e-09	0.019988434	7.6502438	8.026844	1
25528	CASC4	0.23579992	0.4812349	1.028866	39.97534	1
25543	SORD	0.075297005	0.19693361	1.3858627	21.82514	1
25558	GATM	0.007329817	0.09425735	3.6667364	21.608007	1
25586	MYEF2	0.1672721	0.07866176	-1.0874918	13.663256	1
25593	FBN1	0.41480204	1.2398793	1.5794734	44.55244	1
25598	CEP152	0.009836613	0.047221743	2.251677	10.422408	1
25609	FAM227B	0.020382507	0.08555411	2.06413	15.524586	1
25612	FGF7	0.06877126	0.024909928	-1.4614011	8.569242	1
25633	TNFAIP8L3	0.00083761977	0.083247915	6.4739995	27.733711	1
25643	SCG3	0.00594996	0.05532876	3.1956372	15.403344	1
25646	LYSMD2	0.020941366	0.050212864	1.257699	5.327706	1
25647	TMOD2	0.051511314	0.20028418	1.9570094	34.604378	1
25649	TMOD3	0.3040727	0.839993	1.4656584	44.55244	1
25666	MYO5A	0.01617421	0.096436426	2.568486	24.362553	1
25678	UNC13C	0.02222351	0.0045632944	-2.2591426	5.2740636	1
25682	RAB27A	0.0430905	0.0901722	1.0635678	7.5705757	1
25685	PIGB	0.0090984795	0.03257469	1.8287064	5.9544706	1
25686	CCPG1	0.16339605	0.6123884	1.9054267	44.55244	1
25695	NEDD4	0.068520546	0.14689411	1.0990458	12.54584	1
25712	CGNL1	0.13966165	0.9999151	2.8389814	44.55244	1
25718	POLR2M	0.3353381	0.13276574	-1.3360772	38.2233	1
25720	ALDH1A2	0.79716545	0.006144771	-6.996268	44.55244	1
25721	AC012653.2	0.043887842	0.0018592208	-4.4887533	14.699229	1
25730	ADAM10	0.19010177	0.44695595	1.2329247	44.55244	1
25733	MINDY2	0.071577996	0.35940808	2.326422	44.55244	1
25739	CCNB2	0.026282424	0.09353379	1.8274522	11.153292	1
25742	MYO1E	0.043573692	0.12345951	1.5003697	16.082733	1
25750	BNIP2	0.13296479	0.31113732	1.2258861	31.99256	1
25756	ANXA2	0.27034917	1.9971938	2.8846173	44.55244	1
25775	VPS13C	0.19163387	0.49795425	1.3771976	44.55244	1
25779	C2CD4B	0.0033656047	0.025009371	2.8570468	5.44159	1
25790	TPM1	0.91490656	2.4934175	1.4463283	44.55244	1
25794	LACTB	0.07219569	0.18688636	1.3709515	21.092064	1
25795	RPS27L	0.64395976	1.4027733	1.1231183	44.55244	1
25797	APH1B	0.04145274	0.12603387	1.6019402	17.749405	1
25798	CA12	-1.542503e-09	0.21782759	11.089656	44.55244	1
25802	USP3	0.15882976	0.31938654	1.0073657	24.188135	1
25821	AC100830.1	0.016061848	0.05182292	1.6837794	7.8774433	1
25822	RBPMS2	0.0988449	0.20082533	1.0219622	15.352225	1
25823	PIF1	0.0032023052	0.023125751	2.81418	5.250393	1
25824	PLEKHO2	0.03220906	0.080984265	1.3274832	9.241431	1
25833	RASL12	0.0229813	0.085784525	1.8956739	14.771119	1
25841	IGDCC3	0.63136196	0.077425726	-3.0259488	44.55244	1
25856	MAP2K1	0.058800127	0.16711263	1.5053412	21.574896	1
25863	SMAD6	0.03356786	0.57985884	4.1065063	44.55244	1
25864	AC013564.1	0.001867548	0.06690426	5.089782	24.843578	1
25885	ITGA11	0.017765341	0.74677545	5.3856325	44.55244	1
25902	KIF23	0.0017848304	0.054254208	4.8498855	15.310165	1
25908	TLE3	0.028099047	0.094756484	1.7501	15.699157	1
25916	UACA	0.20789099	0.48367012	1.2178006	38.20863	1
25920	LARP6	0.09975653	0.20114501	1.0110244	14.6883335	1
25936	PKM	0.58601356	1.7950072	1.6148179	44.55244	1
25940	HEXA	0.13215809	0.42380682	1.6803912	44.55244	1
25952	ADPGK	0.09746246	0.2139142	1.1333084	19.677347	1
25977	ISLR	0.46973038	0.090641126	-2.3723116	44.55244	1
26002	SCAMP2	0.12587555	0.273057	1.1165867	24.465681	1
26003	MPI	0.051407557	0.13725765	1.4150813	16.61568	1
26006	RPP25	0.0160928	0.22580746	3.8023076	44.55244	1
26009	C15orf39	0.02353603	0.10804661	2.1939287	21.731977	1
26021	PTPN9	0.06476388	0.13369168	1.0445012	11.171145	1
26029	CSPG4	0.06283744	0.22394459	1.8317956	34.93631	1
26036	UBE2Q2	0.16105013	0.35244727	1.1294113	31.93211	1
26065	CIB2	0.11828222	0.23880339	1.0129749	18.175526	1
26075	CRABP1	0.7043805	0.0141191045	-5.630657	44.55244	1
26092	TMED3	0.16935706	0.87763596	2.3728673	44.55244	1
26096	MTHFS	0.06823271	0.19087476	1.4827337	24.748705	1
26099	AC015871.1	0.060607154	0.17014836	1.4877025	23.207848	1
26101	ST20-AS1	0.015700562	0.050114676	1.6681333	7.881599	1
26102	BCL2A1	0.00070819777	0.058564972	6.1816473	18.076271	1
26104	FAH	0.041452724	0.11053827	1.4128355	13.41406	1
26106	CTXND1	-1.542503e-09	0.039357025	8.624161	12.729516	1
26119	MESD	0.4560151	0.9160576	1.0061978	44.55244	1
26122	TLNRD1	0.06270406	0.17049997	1.4416877	21.857988	1
26152	WHAMM	0.050600767	0.106770046	1.075778	8.582621	1
26153	HOMER2	0.011710815	0.20289303	4.10325	44.55244	1
26158	BTBD1	0.07960694	0.17829305	1.1622821	16.498466	1
26169	ADAMTSL3	0.10453338	0.004612883	-4.4725895	36.24253	1
26181	NMB	0.03356174	0.46964893	3.8027081	44.55244	1
26187	ALPK3	0.0068318923	0.18476146	4.7370515	44.55244	1
26190	PDE8A	0.03857112	0.14302438	1.887941	25.395401	1
26211	NTRK3	0.08436827	0.002057549	-5.290944	28.599274	1
26218	ISG20	0.0029984321	0.023045776	2.9011388	6.789076	1
26222	MFGE8	0.14682662	0.46564388	1.6644409	44.55244	1
26227	FANCI	0.016483154	0.057240266	1.7898302	9.079705	1
26246	AP3S2	0.0583728	0.14737578	1.3346405	16.636824	1
26250	ZNF710-AS1	0.006838395	0.025564171	1.8870819	5.0477805	1
26251	IDH2	0.26996472	0.76936674	1.5105538	44.55244	1
26253	SEMA4B	0.028320352	0.26382962	3.2151568	44.55244	1
26254	CIB1	0.15254301	0.71685857	2.2317283	44.55244	1
26260	IQGAP1	0.17321165	0.79316676	2.1944375	44.55244	1
26269	BLM	0.010800126	0.036880396	1.762416	6.444391	1
26272	FURIN	0.043585863	0.20771797	2.250082	43.37635	1
26276	HDDC3	0.03514977	0.082966164	1.2366469	8.503153	1
26280	PRC1	0.0128212245	0.1407866	3.4467196	25.518814	1
26291	SLCO3A1	0.022286147	0.17869644	2.99764	44.55244	1
26328	LINC01197	0.02734366	0.0061855423	-2.1263638	5.913675	1
26337	NR2F2-AS1	0.19431788	0.06443433	-1.5910223	26.72062	1
26342	NR2F2	1.0861124	0.33996618	-1.6754189	44.55244	1
26344	AC087477.2	0.015802938	0.0015265519	-3.2894046	5.281216	1
26350	LINC02253	0.0053443965	0.033972114	2.6457477	8.470221	1
26388	MEF2A	0.23996918	0.70894074	1.5624183	44.55244	1
26414	CHSY1	0.16209434	1.0476207	2.6914587	44.55244	1
26415	SELENOS	0.33784398	0.8063227	1.2547522	44.55244	1
26418	PCSK6	0.008474796	0.048454136	2.50142	10.773385	1
26425	TARSL2	0.08835881	0.1797425	1.0236562	13.058991	1
26434	RHBDF1	0.03774894	0.10912049	1.5289187	15.26087	1
26435	MPG	0.24438266	0.6736086	1.4623926	44.55244	1
26446	FAM234A	0.07819755	0.23368311	1.5781317	33.75136	1
26452	TMEM8A	0.082981795	0.26478302	1.672751	43.12108	1
26465	METTL26	0.31028923	0.6784644	1.1284074	44.55244	1
26466	MCRIP2	0.03372052	0.15009347	2.1508512	28.803848	1
26474	JMJD8	0.071533024	0.15199159	1.0862436	12.952249	1
26482	HAGHL	0.043457657	0.14014553	1.6869564	21.425209	1
26496	AC009041.2	0.20646499	0.062178656	-1.7297859	31.531782	1
26497	SOX8	0.06534085	0.013857408	-2.2291603	13.6407585	1
26541	JPT2	0.057592925	0.13457851	1.2230533	13.513331	1
26572	ZNF598	0.049957555	0.10338922	1.0478207	8.22165	1
26586	MLST8	0.09069574	0.18595108	1.0350022	14.339273	1
26588	PGP	0.16194414	0.38062096	1.2323471	39.69236	1
26598	CCNF	0.012260488	0.03914237	1.6666765	6.4004784	1
26610	PDPK1	0.09121096	0.19901921	1.1247724	17.076578	1
26633	FLYWCH1	0.034116115	0.074885435	1.1319343	6.6899557	1
26636	PKMYT1	0.0022450339	0.016098041	2.7881386	5.143786	1
26637	PAQR4	0.009125625	0.04708067	2.3544774	10.428343	1
26644	TNFRSF12A	0.028643267	0.25292474	3.1379824	44.55244	1
26645	HCFC1R1	0.18086909	0.40631503	1.1672105	39.128887	1
26651	IL32	0.009137904	0.049381137	2.4212413	9.3173485	1
26684	TRAP1	0.07797534	0.15991461	1.0352647	12.026873	1
26699	VASN	0.03262283	0.08677446	1.4086347	10.025484	1
26703	NMRAL1	0.062565655	0.16153802	1.3670197	19.34186	1
26704	HMOX2	0.11787602	0.24476142	1.0534719	20.179913	1
26719	ROGDI	0.07291703	0.18123229	1.312331	19.856855	1
26727	ALG1	0.031310268	0.06383349	1.0253356	5.146383	1
26748	METTL22	0.037392445	0.08008223	1.0966827	6.9748173	1
26749	ABAT	0.06744784	0.031113163	-1.1137552	5.976557	1
26751	PMM2	0.093068466	0.27203515	1.5464096	37.784546	1
26754	CARHSP1	0.2770754	0.6013532	1.1176534	44.55244	1
26770	GRIN2A	0.005575836	0.32018304	5.818371	44.55244	1
26778	EMP2	0.051780347	0.21763799	2.069333	40.306805	1
26794	SOCS1	0.17981839	0.08682259	-1.0495396	13.434738	1
26806	TXNDC11	0.022300329	0.07591964	1.7628524	12.79339	1
26828	CPPED1	0.028406952	0.11283549	1.9861133	21.15419	1
26854	NOMO1	0.007965716	0.039145295	2.2826452	9.447808	1
26860	NTAN1	0.24389909	0.7091434	1.5394051	44.55244	1
26868	NDE1	0.032663204	0.08733095	1.4160677	10.980875	1
26870	AC026401.3	0.005299384	0.024516549	2.188762	5.617476	1
26902	ARL6IP1	0.34709165	0.69978917	1.0113943	44.55244	1
26913	AC099518.5	0.015472781	0.040995877	1.3999672	5.357113	1
26914	SYT17	0.0053360392	0.08583416	3.982604	28.265348	1
26944	ACSM3	0.0059696375	0.059769806	3.3021464	14.953238	1
26954	TMEM159	0.08234886	0.2841134	1.7854031	44.55244	1
26977	EEF2K	0.045396995	0.09710423	1.0952477	8.313002	1
26981	CDR2	0.07410903	0.1962869	1.404032	23.565329	1
27008	PLK1	0.0058087884	0.05595733	3.2459688	11.758829	1
27013	PRKCB	0.0045516635	0.30864614	6.052531	44.55244	1
27033	HS3ST4	0.04714982	0.013132715	-1.8361999	8.279518	1
27044	NSMCE1	0.055626873	0.15397938	1.4672287	19.307451	1
27047	IL4R	0.016954869	0.08812429	2.3709922	20.23072	1
27058	SBK1	0.09160187	0.019380659	-2.2349086	18.640324	1
27070	SULT1A2	0.0012314129	0.016438177	3.6347704	5.636237	1
27071	SULT1A1	0.01831896	0.12587866	2.773916	33.174263	1
27090	SPNS1	0.087677404	0.20044641	1.1920146	19.619854	1
27099	BOLA2	0.04231847	0.12719405	1.5854005	18.699427	1
27108	KIF22	0.032479994	0.082045294	1.3341916	9.148093	1
27115	MVP	0.01666812	0.096393205	2.5247064	23.410336	1
27116	CDIPT	0.10211225	0.27614287	1.434369	34.90241	1
27118	SEZ6L2	0.36144403	0.94959265	1.3932893	44.55244	1
27119	ASPHD1	0.007301972	0.0918699	3.6351802	29.665531	1
27122	TMEM219	0.31517017	0.6667663	1.0808089	44.55244	1
27125	INO80E	0.062489033	0.14703538	1.2331624	14.849585	1
27130	ALDOA	0.02585805	0.17904179	2.786848	44.55244	1
27139	MAPK3	0.06531972	0.16844617	1.3653463	19.805159	1
27152	SEPTIN1	0.032499686	0.07599149	1.222877	7.273631	1
27185	ORAI3	0.09585334	0.22184041	1.2097673	21.397621	1
27190	STX4	0.12418062	0.26455304	1.0905008	22.536541	1
27197	VKORC1	0.33554927	1.548262	2.2057164	44.55244	1
27198	BCKDK	0.11454524	0.34218737	1.5780315	44.55244	1
27208	PYCARD	0.069823235	0.15176259	1.1189227	12.45457	1
27222	TGFB1I1	0.25770542	0.6731112	1.3847767	44.55244	1
27225	C16orf58	0.07050051	0.14860986	1.0747498	11.710728	1
27298	SHCBP1	0.0041343267	0.04489919	3.4096947	12.217036	1
27302	ORC6	0.06477964	0.14022936	1.1129792	10.54569	1
27303	MYLK3	0.0039187544	0.0235203	2.555207	5.6865063	1
27305	GPT2	0.022290733	0.085580654	1.9360678	15.375269	1
27311	ITFG1	0.12730864	0.27403903	1.1054446	23.883377	1
27350	ADCY7	0.011604979	0.049899194	2.0947826	10.272563	1
27386	TOX3	0.09537171	0.0042629256	-4.4517055	31.400341	1
27417	CRNDE	0.055062957	0.32068944	2.5398548	44.55244	1
27419	IRX5	0.006273924	0.028752984	2.1784668	5.7100577	1
27430	LPCAT2	0.03187649	0.11097029	1.7963895	17.130592	1
27438	GNAO1	0.037179638	0.10815008	1.5379083	14.079487	1
27464	HERPUD1	0.1737855	0.6038658	1.7963293	44.55244	1
27471	CPNE2	0.04248779	0.15264314	1.8425958	26.821877	1
27480	CX3CL1	0.01227899	0.04699962	1.9278218	8.305609	1
27485	DOK4	0.09692731	0.27937523	1.5262576	37.060997	1
27488	ADGRG1	0.0036337555	0.023567006	2.664178	5.9864635	1
27494	KIFC3	0.027585471	0.09488608	1.778587	15.55181	1
27501	MMP15	0.008699764	0.0549775	2.6459265	13.078098	1
27513	NDRG4	0.008173828	0.048653446	2.5588775	11.5248995	1
27525	CDH8	0.0665639	0.0031168985	-4.373163	21.764118	1
27549	BEAN1	-1.542503e-09	0.02655692	8.058389	10.651567	1
27554	CKLF	0.16458572	0.36536095	1.1500016	34.95662	1
27572	RRAD	0.0011122971	0.021797873	4.174976	7.3059273	1
27573	CIAO2B	0.3853398	0.8447399	1.1321726	44.55244	1
27580	TRADD	0.022059875	0.20665081	3.2218714	44.55244	1
27581	FBXL8	0.0065348386	0.062086336	3.2284644	18.821888	1
27583	NOL3	0.038385596	0.4847883	3.6552618	44.55244	1
27589	TMEM208	0.24035223	0.5075074	1.0779628	44.55244	1
27590	FHOD1	0.049750816	0.11306661	1.1827594	10.686569	1
27603	RIPOR1	0.05790115	0.14251812	1.2980038	15.788915	1
27615	C16orf86	0.0028374149	0.022146007	2.9209275	6.731087	1
27627	PSMB10	0.0967869	0.1970643	1.0250248	15.4249325	1
27629	SLC12A4	0.029051317	0.08647438	1.5703793	12.324082	1
27642	PLA2G15	0.02906572	0.1249218	2.099834	24.602758	1
27678	NQO1	0.086549565	0.3611105	2.0595753	44.55244	1
27688	AARS	0.072000444	0.18111104	1.3295908	20.425371	1
27767	MLKL	0.0076075313	0.055291574	2.845326	15.721663	1
27777	BCAR1	0.103239425	0.22107556	1.0978012	19.349113	1
27788	TMEM231	0.012550692	0.040423185	1.6795313	6.5694265	1
27793	KARS	0.09812497	0.24010026	1.2900759	27.28304	1
27835	MAF	0.39352384	0.09560252	-2.0401888	44.55244	1
27854	CENPN	0.02207373	0.08540471	1.9471524	14.497435	1
27866	GAN	0.013621247	0.03848927	1.4917883	5.3489056	1
27878	CDH13	0.11080507	0.5671021	2.3545375	44.55244	1
27904	WFDC1	0.0060142023	0.09187028	3.9109316	29.52486	1
27911	COTL1	0.25123903	1.0059878	2.0010495	44.55244	1
27916	CRISPLD2	0.09272567	0.019047193	-2.277391	18.720085	1
27961	FOXC2	0.018097172	0.052418556	1.529113	6.968168	1
27972	C16orf95	0.021308279	0.07138862	1.7395447	11.572422	1
27981	MAP1LC3B	0.31176093	0.7680619	1.3005075	44.55244	1
27994	SLC7A5	0.0052115885	0.065338165	3.6229172	18.40663	1
28006	ZNF469	0.0044726003	0.04350502	3.2534077	13.207395	1
28007	ZFPM1	0.10228129	0.049301993	-1.0513109	8.10268	1
28011	CYBA	0.2986909	1.0873913	1.8637959	44.55244	1
28012	MVD	0.077733666	0.21283163	1.4519241	25.306324	1
28019	PIEZO1	0.013014086	0.08170553	2.641081	21.136108	1
28024	CDT1	0.009192146	0.041769408	2.1718128	9.022329	1
28025	APRT	0.39106816	0.82057023	1.0690137	44.55244	1
28026	GALNS	0.031541422	0.11420055	1.8529458	20.216093	1
28039	CDH15	0.005444754	0.03462827	2.6469152	8.779468	1
28056	SPATA33	0.034683682	0.074982144	1.1100591	6.6268497	1
28060	SPATA2L	0.01525294	0.04709853	1.620227	7.166657	1
28069	TUBB3	0.14894858	0.83933675	2.493639	44.55244	1
28073	GAS8	0.014030658	0.05339806	1.9206581	9.702388	1
28076	FAM157C	0.0033535617	0.019502904	2.5049105	5.2648125	1
28097	TLCD3A	0.04133311	0.12574948	1.6028433	17.459839	1
28104	NXN	0.059398238	0.15666366	1.3976723	18.976995	1
28108	ABR	0.031552836	0.081902124	1.3733265	9.943732	1
28116	MYO1C	0.13340671	0.35680765	1.4186385	44.55244	1
28117	INPP5K	0.013510503	0.04607903	1.7625175	7.8917856	1
28126	MIR22HG	0.040130448	0.13077293	1.701807	20.583794	1
28142	HIC1	0.13743803	0.044245996	-1.6329548	19.94948	1
28187	EMC6	0.24158949	0.5129281	1.0858833	44.55244	1
28195	P2RX1	-1.542503e-09	0.012599956	6.988702	5.477246	1
28211	SMTNL2	0.004584872	0.06515528	3.800013	19.865	1
28233	RNF167	0.1069534	0.2317478	1.1148475	19.9802	1
28235	ENO3	0.005120553	0.067892164	3.703094	20.899809	1
28237	CAMTA2	0.028030258	0.113374464	2.012173	19.819471	1
28243	KIF1C	0.070190325	0.14382324	1.0339015	11.471223	1
28273	PIMREG	0.0022267106	0.040192034	4.114131	10.797777	1
28299	ACADVL	0.22320448	0.57514787	1.3651716	44.55244	1
28318	TMEM256	0.29912138	0.60404056	1.0136712	44.55244	1
28323	TMEM102	0.0039465236	0.025756631	2.6757793	7.6340227	1
28325	FGF11	0.036723506	0.08976003	1.2870524	9.544155	1
28328	ZBTB4	0.060944032	0.15605865	1.3550904	18.07747	1
28336	CD68	0.0044799414	0.029734287	2.7035704	7.7314467	1
28340	FXR2	0.049183156	0.09893374	1.0068254	7.373986	1
28366	TMEM107	0.068463944	0.22914785	1.7413862	37.22319	1
28369	AURKB	0.010404908	0.060842883	2.5363944	12.351186	1
28384	NDEL1	0.0589475	0.19599853	1.7316308	31.75158	1
28396	STX8	0.1386802	0.33791316	1.2842776	38.00462	1
28446	MYOCD	0.0014718168	0.023457324	3.9056706	7.498938	1
28452	ELAC2	0.050068833	0.10368862	1.048785	8.820054	1
28463	HS3ST3B1	0.018628543	0.08465993	2.1781437	14.771029	1
28474	PMP22	0.11246207	0.54195064	2.2677069	44.55244	1
28494	ADORA2B	0.0029461584	0.10455668	5.1025295	34.65581	1
28505	TRPV2	-1.542503e-09	0.105971366	10.050842	41.735535	1
28534	RASD1	-1.542503e-09	0.05380075	9.074183	16.559017	1
28536	PEMT	0.07138727	0.16297798	1.1898037	15.86603	1
28550	DRG2	0.087771274	0.18328328	1.0613985	14.887755	1
28553	ALKBH5	0.12996984	0.30804193	1.2443085	32.193672	1
28570	TVP23B	0.023015546	0.08842286	1.9371866	16.153053	1
28581	AC007952.4	0.017618012	0.05182524	1.5512193	7.5496397	1
28602	SLC47A1	-1.542503e-09	0.011987248	6.917364	5.324959	1
28616	SPECC1	0.05934186	0.19644979	1.7253436	30.011381	1
28634	DHRS7B	0.059231028	0.13590778	1.1968305	13.492514	1
28652	MTRNR2L1	0.04732208	0.10098646	1.091959	8.840154	1
28660	KSR1	0.048241038	0.11359169	1.2338065	11.05259	1
28677	IFT20	0.23125406	0.4964921	1.1019589	44.55244	1
28678	TNFAIP1	0.07657459	0.21553315	1.4917586	29.645317	1
28679	POLDIP2	0.11425718	0.24218698	1.0831699	20.365686	1
28692	PIGS	0.090520434	0.25965106	1.5192212	34.969112	1
28693	ALDOC	0.030358888	0.17830652	2.5502331	40.87211	1
28695	SPAG5	0.004410297	0.025067022	2.48024	6.3629336	1
28719	FLOT2	0.053028524	0.11587626	1.1262709	10.263619	1
28722	DHRS13	0.007917915	0.038662724	2.273371	7.8818	1
28740	TP53I13	0.07649426	0.23178507	1.5981017	33.45654	1
28747	SSH2	0.06411755	0.1582296	1.3018914	17.485447	1
28764	CPD	0.06411414	0.21925709	1.7723184	36.553444	1
28786	RNF135	0.03479	0.08743051	1.3269722	9.534516	1
28822	MYO1D	0.029171044	0.12819201	2.1318853	25.479681	1
28833	ASIC2	0.042306874	0.002945582	-3.7995083	14.021907	1
28851	CCL2	0.02355799	0.21125264	3.1592526	30.324303	1
28872	UNC45B	0.00058818265	0.013118905	4.2636676	5.6649966	1
28881	SLFN12	0.012241185	0.037455607	1.6055475	5.9686003	1
28896	MMP28	0.022518307	0.004494926	-2.2993774	5.3143563	1
28929	MYO19	0.026973924	0.06743995	1.3188372	7.835083	1
28940	AATF	0.08257861	0.17266877	1.0632565	14.339811	1
28976	CISD3	0.06806534	0.18724081	1.458555	24.292707	1
28984	LASP1	0.15859081	0.3983257	1.3280921	44.55244	1
28987	LINC00672	0.02280154	0.13325837	2.541792	30.248049	1
29015	GSDMB	0.005064512	0.024131097	2.2301557	5.773164	1
29025	NR1D1	0.0043976516	0.020143619	2.1702235	5.0199723	1
29030	CDC6	0.0075606317	0.03247838	2.0883796	6.014203	1
29036	TOP2A	0.035302535	0.18907975	2.417833	19.06711	1
29107	KRT19	-1.542503e-09	0.055188846	9.110867	17.621923	1
29117	P3H4	0.20063029	0.6635548	1.7251747	44.55244	1
29118	FKBP10	0.38161615	1.1509321	1.592356	44.55244	1
29123	ACLY	0.14296658	0.29789925	1.0586219	24.478167	1
29145	CAVIN1	0.032140713	0.489135	3.923572	44.55244	1
29149	NAGLU	0.06635934	0.21335582	1.6833936	33.2707	1
29152	COASY	0.056318704	0.13194388	1.226772	13.334262	1
29157	TUBG1	0.06333014	0.15626915	1.3017154	16.90941	1
29158	TUBG2	0.035011612	0.07482816	1.0935597	6.6665254	1
29162	CNTNAP1	0.051039916	0.122934595	1.2665423	12.128725	1
29179	PTGES3L	0.002182614	0.026537264	3.544687	9.1375	1
29180	RUNDC1	0.035014942	0.09731492	1.4720577	12.9709835	1
29183	VAT1	0.14133427	0.61080706	2.1108212	44.55244	1
29185	BRCA1	0.016825335	0.05353184	1.6639054	8.0605955	1
29189	TMEM106A	0.018179664	0.061829954	1.7603978	10.259854	1
29192	ARL4D	0.027158584	0.490198	4.168876	44.55244	1
29195	ETV4	0.053559333	0.15772991	1.5564696	22.008242	1
29196	MEOX1	0.056369513	0.0054662847	-3.3426857	16.099487	1
29198	SOST	-1.542503e-09	0.06494058	9.345219	11.486284	1
29199	DUSP3	0.038184054	0.18275893	2.2559154	39.764874	1
29204	MPP2	0.02588507	0.06981884	1.4279983	8.684229	1
29211	NAGS	0.004569517	0.022856068	2.2975304	5.5584044	1
29231	GRN	0.25656858	0.8493433	1.7266111	44.55244	1
29239	CCDC43	0.099944934	0.21156646	1.0811445	18.250557	1
29253	C1QL1	0.078129314	0.02168607	-1.8443035	12.440768	1
29295	NSF	0.089375734	0.18867554	1.0771034	15.818269	1
29301	RPRML	-1.542503e-09	0.03421234	8.422606	12.476399	1
29303	CDC27	0.15907243	0.34521383	1.1173177	32.32884	1
29304	AC002558.3	0.029034803	0.061118178	1.0712167	5.208806	1
29306	MYL4	0.007612954	0.25938734	5.072237	44.55244	1
29307	ITGB3	0.0016981843	0.14788587	6.362775	44.55244	1
29322	SP6	0.004230769	0.06582872	3.928212	17.780375	1
29325	AC018521.5	0.02762902	0.08194509	1.5650204	11.642501	1
29334	COPZ2	0.06320253	0.31189066	2.3011677	44.55244	1
29336	NFE2L1	0.15466452	0.45446473	1.5544109	44.55244	1
29348	HOXB-AS1	0.011969805	0.058692947	2.2842407	12.8061075	1
29352	HOXB4	0.01331502	0.06089682	2.1848848	12.504855	1
29358	HOXB9	0.15199074	0.06817792	-1.1554413	13.287627	1
29364	HOXB13	0.032316	0.010599202	-1.599203	5.177541	1
29370	SNF8	0.34265158	0.6898486	1.0093256	44.55244	1
29378	ABI3	0.0050486736	0.04052494	2.980093	11.755681	1
29388	NGFR	0.0107271345	0.28161904	4.701534	44.55244	1
29406	ITGA3	0.010772112	0.16764902	3.9476001	44.55244	1
29416	SGCA	0.0012012207	0.030781621	4.568811	11.408325	1
29422	XYLT2	0.02356365	0.07450962	1.6566892	11.435972	1
29424	EME1	0.0035098093	0.030602047	3.0883403	8.526932	1
29425	LRRC59	0.15176697	0.45595056	1.5863856	44.55244	1
29440	ABCC3	0.0014402822	0.017962085	3.5516977	6.056176	1
29464	CA10	0.01940353	0.00038259677	-5.3367734	7.839798	1
29480	TMEM100	0.07683719	0.027918652	-1.4572936	8.774354	1
29496	AKAP1	0.023580806	0.055529978	1.2321444	5.547031	1
29532	SEPTIN4	0.020515317	0.16561309	3.006899	42.391075	1
29539	TRIM37	0.0614719	0.15442206	1.3274688	16.978764	1
29542	PRR11	0.015522577	0.089083865	2.5131505	17.26117	1
29553	VMP1	0.30388662	0.8857411	1.5430402	44.55244	1
29572	BCAS3	0.041586764	0.119790755	1.524059	15.486845	1
29595	MRC2	0.5115589	1.3293985	1.377628	44.55244	1
29601	TANC2	0.062346898	0.21072365	1.755335	32.737118	1
29608	CYB561	0.0034479934	0.023977274	2.7625968	7.0432434	1
29613	TACO1	0.063528635	0.13209604	1.0549308	10.892526	1
29614	MAP3K3	0.066742904	0.15582168	1.2219751	15.802671	1
29617	CCDC47	0.21920417	0.44005388	1.0050747	34.84906	1
29627	CD79B	-1.542503e-09	0.014006693	7.1402583	5.5754595	1
29642	SMURF2	0.14871356	0.5151006	1.7916284	44.55244	1
29647	GNA13	0.10088969	0.22484073	1.155337	20.843039	1
29649	RGS9	0.03507326	0.1803269	2.3588634	39.265877	1
29667	PITPNC1	0.04671844	0.15246654	1.7042898	23.749752	1
29673	C17orf58	0.06270505	0.17936973	1.5147882	23.460129	1
29674	KPNA2	0.1446614	0.3568475	1.3020349	31.276934	1
29683	AMZ2	0.07760066	0.15791391	1.0240527	12.064738	1
29684	ARSG	0.025978647	0.10739071	2.043271	21.239717	1
29687	WIPI1	0.046209916	0.33743802	2.8656569	44.55244	1
29693	ABCA8	0.028831769	0.18935306	2.7111142	44.55244	1
29699	ABCA5	0.024175784	0.069569916	1.5210179	9.519819	1
29717	SOX9-AS1	0.0028302083	0.09309383	4.9911594	29.82259	1
29719	SOX9	0.10855223	0.5612105	2.3690813	44.55244	1
29720	LINC00511	0.004004733	0.123114325	4.9077377	36.46216	1
29724	SLC39A11	0.014918596	0.047835715	1.6743511	7.6507254	1
29755	GPRC5C	0.046360094	0.39795488	3.0989032	44.55244	1
29771	FDXR	0.026889782	0.0856518	1.6677537	12.913994	1
29778	CDR2L	0.024677929	0.121662475	2.296942	26.39586	1
29779	MRPL58	0.09086582	0.19400325	1.0934279	17.10873	1
29811	GALK1	0.09128918	0.27349117	1.5819263	39.830147	1
29816	WBP2	0.09296879	0.26614624	1.5163918	36.649197	1
29817	TRIM47	0.013290985	0.14152123	3.4027035	39.947308	1
29819	TRIM65	0.032955132	0.071741186	1.119937	6.7409964	1
29835	UBALD2	0.08217459	0.17924033	1.1241812	15.047126	1
29838	SPHK1	0.0051361965	0.15477988	4.886487	44.55244	1
29842	CYGB	0.13804299	0.30454916	1.1409863	24.738	1
29854	MXRA7	0.18479416	0.5340973	1.5306731	44.55244	1
29856	JMJD6	0.037390336	0.1310522	1.8066512	21.466105	1
29857	METTL23	0.13166085	0.31187466	1.243507	32.096745	1
29884	TMC6	0.030672105	0.108122535	1.8143059	18.859089	1
29887	SYNGR2	0.023080098	0.055589445	1.2645173	5.9734273	1
29888	TK1	0.0052763107	0.08875511	4.0467663	24.289831	1
29889	AFMID	0.045272786	0.09319296	1.039941	7.2147536	1
29890	BIRC5	0.016988564	0.1186534	2.7968657	20.830564	1
29895	SOCS3	0.024732934	0.07343124	1.5661026	8.947798	1
29904	TIMP2	0.17870511	0.6172879	1.7877892	44.55244	1
29908	LGALS3BP	0.10715688	0.42539135	1.9880595	44.55244	1
29911	C1QTNF1	0.0059073544	0.15130374	4.655527	44.55244	1
29931	GAA	0.06732984	0.24125019	1.8396689	39.96811	1
29938	RNF213	0.16101454	0.33084247	1.0384938	26.224415	1
29942	ENDOV	0.117535196	0.23550807	1.0020692	17.465477	1
29964	NDUFAF8	0.23966567	0.4811875	1.0052738	39.012398	1
29981	NPLOC4	0.07413	0.15151909	1.0303771	12.009036	1
29985	CCDC137	0.06749656	0.159245	1.2371321	16.095123	1
29993	MCRIP1	0.38073993	0.776867	1.0286686	44.55244	1
29995	P4HB	0.54308146	2.140578	1.9785615	44.55244	1
29998	ARHGDIA	0.3247046	0.88074934	1.4393234	44.55244	1
30003	NPB	0.008769926	0.07994717	3.1738565	21.50936	1
30004	PCYT2	0.030752104	0.07487237	1.2809901	8.338031	1
30006	MAFG	0.12215189	0.25569215	1.0651152	21.079575	1
30009	PYCR1	0.08937033	0.33387288	1.9002496	44.55244	1
30018	RAC3	0.16218841	0.5480942	1.7561272	44.55244	1
30019	DCXR	0.15865313	0.32268217	1.0237758	24.79925	1
30024	FASN	0.07727488	0.17564265	1.1835271	15.926824	1
30029	SLC16A3	0.05258748	0.55239224	3.390422	44.55244	1
30030	CSNK1D	0.1684269	0.35021645	1.0556798	29.8661	1
30040	OGFOD3	0.07842079	0.19786772	1.3341186	21.726831	1
30044	CYBC1	0.06687984	0.13949864	1.059486	11.700414	1
30047	NARF	0.20234075	0.44683027	1.1425499	43.707344	1
30067	METRNL	0.056447946	0.28198728	2.318595	44.55244	1
30088	TYMS	0.08544218	0.26770476	1.6464736	30.219593	1
30110	NDC80	0.012039531	0.06137766	2.3403497	10.756899	1
30113	EMILIN2	0.00971126	0.05298673	2.435841	11.111297	1
30118	MYOM1	0.003862777	0.027810993	2.8162496	7.7777767	1
30127	TGIF1	0.08888167	0.20334738	1.1930757	18.090252	1
30128	GAPLINC	0.0022975148	0.030383455	3.6684148	9.55691	1
30129	DLGAP1	0.021323673	0.0013290463	-3.9060814	7.493474	1
30148	EPB41L3	0.065350555	0.2222096	1.7640929	34.14619	1
30167	LAMA1	0.00053219113	0.017844701	4.827053	8.178766	1
30172	PTPRM	0.031822164	0.22731677	2.8327081	44.55244	1
30184	MTCL1	0.0038139399	0.02328207	2.5787091	6.720556	1
30203	RAB31	0.13430864	0.75262487	2.4854968	44.55244	1
30216	NAPG	0.13016635	0.2735705	1.0709753	22.470522	1
30250	TUBB6	0.10595708	0.5316499	2.3259068	44.55244	1
30255	SPIRE1	0.07523366	0.17751253	1.2373668	17.745703	1
30267	LDLRAD4	0.100342885	0.023246733	-2.1050828	20.081232	1
30280	FAM210A	0.089198135	0.29091242	1.7043787	44.55244	1
30317	GATA6-AS1	0.0061611147	0.055177618	3.142204	16.536644	1
30318	GATA6	0.023326503	0.16693592	2.8339448	43.950382	1
30326	RBBP8	0.028589016	0.09269906	1.6936117	14.384431	1
30331	RIOK3	0.21168596	0.615771	1.5400213	44.55244	1
30332	RMC1	0.008361107	0.028081825	1.7358468	5.1506505	1
30333	NPC1	0.034420513	0.08335413	1.2735295	8.822005	1
30372	CHST9	0.028040335	0.002782863	-3.2870653	7.9980946	1
30379	CDH2	0.5797369	1.535054	1.4046644	44.55244	1
30389	DSC3	0.00111043	0.02096391	4.121182	7.5378633	1
30390	DSC2	0.024165666	0.19929561	3.0386453	44.55244	1
30399	DSG2	0.1196932	0.5156978	2.1062596	44.55244	1
30414	GAREM1	0.1187384	0.036311742	-1.7065254	18.648092	1
30431	DTNA	0.017917434	0.07590566	2.0767133	14.747875	1
30445	INO80C	0.053112336	0.12870795	1.275389	13.764853	1
30454	AC023043.1	-1.542503e-09	0.011140472	6.812581	5.225642	1
30455	MOCOS	-1.542503e-09	0.012340891	6.958968	5.7046785	1
30457	FHOD3	0.00062566914	0.049567774	6.096854	19.149792	1
30459	TPGS2	0.24443108	0.5008369	1.0346111	43.137466	1
30469	MIR924HG	0.012389922	1.2732926e-09	-6.9646025	5.5105467	1
30485	SYT4	0.18261546	0.08613323	-1.0832828	10.266054	1
30489	SETBP1	0.2515586	0.11350947	-1.1473848	21.50392	1
30506	RNF165	0.018456673	0.060122576	1.6983664	9.264171	1
30533	SMAD7	0.1301531	0.43084976	1.7262019	44.55244	1
30536	DYM	0.08190953	0.18948598	1.2089888	18.977448	1
30548	ACAA2	0.2260255	0.53211606	1.2348883	44.55244	1
30557	SKA1	-1.542503e-09	0.019704055	7.6296744	9.305696	1
30572	MBD2	0.119974	0.29987574	1.3209218	35.298363	1
30576	C18orf54	0.021544943	0.062906764	1.5414768	8.797313	1
30578	RAB27B	0.030087745	0.20774724	2.7834888	44.55244	1
30609	ONECUT2	0.060559314	0.0021312127	-4.764829	19.604956	1
30615	ATP8B1	0.01729481	0.062080987	1.8378167	11.239379	1
30624	ALPK2	0.002404819	0.0386136	3.9500623	12.919269	1
30641	LMAN1	0.44288486	1.2670012	1.5162024	44.55244	1
30643	CCBE1	0.0022887697	0.17125972	6.1646166	44.55244	1
30649	PMAIP1	0.014524462	0.17933437	3.6170008	39.9613	1
30658	AC090409.1	-1.542503e-09	0.012836637	7.015341	6.947055	1
30672	BCL2	0.22436361	0.09461977	-1.2447441	22.242596	1
30690	SERPINB8	0.009317837	0.045216274	2.2665617	10.882946	1
30697	LINC01916	0.23805046	0.0037993882	-5.932482	44.55244	1
30699	CDH7	0.36597502	0.039956428	-3.1920335	44.55244	1
30702	CDH19	0.0009122177	0.1832424	7.500877	44.55244	1
30714	TMX3	0.14593714	0.3835281	1.393373	44.55244	1
30715	CCDC102B	0.054262217	0.40664208	2.9034379	44.55244	1
30720	AC090337.1	0.0006370376	0.013378315	4.192758	5.568288	1
30742	CBLN2	0.091893375	0.0048731747	-4.209291	28.903383	1
30754	CYB5A	0.19577134	0.42871594	1.1304523	39.349865	1
30802	MBP	0.04756841	0.007403225	-2.6674507	11.691243	1
30827	NFATC1	0.011886866	0.22746842	4.2467737	44.55244	1
30835	CTDP1	0.021463206	0.05305427	1.3016139	5.984595	1
30859	PLPP2	0.009593202	0.09790677	3.3378363	27.955347	1
30860	MIER2	0.03603428	0.075802825	1.0707854	6.3494916	1
30874	BSG	0.45407814	1.2819672	1.4971417	44.55244	1
30876	POLRMT	0.019862274	0.046750598	1.2307913	5.1475368	1
30879	RNF126	0.07509349	0.16928145	1.1715962	15.90621	1
30881	FSTL3	0.024987897	0.06412724	1.3561938	7.3643556	1
30883	PALM	0.050001726	0.113051586	1.1753246	10.710721	1
30901	GRIN3B	-1.542503e-09	0.012577178	6.986112	5.340129	1
30909	SBNO2	0.019613087	0.050382722	1.356636	6.1545672	1
30917	FAM174C	0.10553902	0.3819646	1.8546737	44.55244	1
30925	GAMT	0.16355656	0.3412872	1.0607375	28.572302	1
30943	ATP8B3	0.0035420284	0.027079983	2.8997304	7.7050147	1
30948	KLF16	0.027649155	0.09177968	1.7273021	14.451371	1
30952	ABHD17A	0.2428451	0.54850847	1.1751466	44.55244	1
30980	GADD45B	0.04554916	0.17867371	1.9694743	29.680798	1
30981	GNG7	0.02936261	0.06816544	1.2122701	6.551405	1
30989	SLC39A3	0.07574436	0.17962487	1.2446762	18.866192	1
31000	TLE6	0.0010701503	0.0145768225	3.648774	5.1589165	1
31001	TLE2	0.041319612	0.14305626	1.7892047	22.707363	1
31004	GNA11	0.07100183	0.15820643	1.1547613	15.033741	1
31010	NCLN	0.056061648	0.1384018	1.3022476	15.390391	1
31017	FZR1	0.036372155	0.08010115	1.1368273	7.5702505	1
31018	MFSD12	0.03648009	0.13022138	1.8329432	22.637785	1
31022	HMG20B	0.18724285	0.38220134	1.0290294	31.54671	1
31023	GIPC3	0.0018823874	0.03902212	4.302674	14.429274	1
31024	TBXA2R	0.004758173	0.081054516	4.062186	27.385283	1
31037	ATCAY	0.0021158415	0.059575103	4.7512026	19.574362	1
31039	DAPK3	0.08153818	0.22391656	1.4562895	29.233137	1
31052	FSD1	0.022058824	0.08098133	1.8714885	14.568605	1
31060	CHAF1A	0.028726835	0.07163544	1.3152736	7.6999955	1
31062	UBXN6	0.076879784	0.22314297	1.5360632	31.41665	1
31072	MYDGF	0.43861026	1.301525	1.5689737	44.55244	1
31074	DPP9	0.044209246	0.10312324	1.2200881	10.861626	1
31083	PLIN3	0.24297892	0.53365177	1.1347442	44.55244	1
31085	UHRF1	0.007711041	0.03432057	2.1396844	8.048877	1
31086	KDM4B	0.10224272	0.30902252	1.5947702	44.55244	1
31097	LONP1	0.0883861	0.21603744	1.2884262	23.543215	1
31117	MLLT1	0.072524674	0.15416844	1.0869112	12.790141	1
31121	CLPP	0.21302736	0.54635143	1.3583776	44.55244	1
31132	TUBB4A	0.02113625	0.0012835697	-3.9400618	7.1846795	1
31140	GPR108	0.055291448	0.13389762	1.2744721	13.78127	1
31141	TRIP10	0.050895818	0.1323583	1.3770874	15.133302	1
31162	PNPLA6	0.011788948	0.039524443	1.7367696	6.896112	1
31168	STXBP2	0.0017053264	0.03783574	4.393226	13.685092	1
31171	TRAPPC5	0.43036854	0.91826653	1.0931624	44.55244	1
31183	TGFBR3L	0.003626558	0.06491105	4.124769	21.228798	1
31186	CTXN1	0.06795677	0.15406549	1.1796694	14.268516	1
31197	CD320	0.13327533	0.37798235	1.5032086	44.55244	1
31198	NDUFA7	0.21680294	0.49740487	1.1976609	44.55244	1
31201	ANGPTL4	0.17413361	0.73989874	2.0865	44.55244	1
31247	ZNF846	0.039026484	0.1207295	1.6267554	17.715868	1
31253	OLFM2	0.08812983	0.22923951	1.3781464	21.993393	1
31254	COL5A3	0.005724003	0.054387636	3.225846	12.002913	1
31257	SHFL	0.08312454	0.18592505	1.160416	16.422146	1
31259	ANGPTL6	0.0056403275	0.03814612	2.7361085	9.402601	1
31260	PPAN	0.057684854	0.11574202	1.0033954	8.720641	1
31268	ICAM1	0.0010974302	0.026350792	4.4652977	8.223669	1
31276	ICAM3	0.012792554	0.11503322	3.158694	33.965855	1
31279	PDE4A	0.005552896	0.037142638	2.7198935	10.04189	1
31285	CDKN2D	0.03954939	0.21732683	2.4551594	44.55244	1
31287	SLC44A2	0.071579054	0.24357496	1.7653345	39.51804	1
31291	DNM2	0.07592569	0.16685243	1.1348782	15.296954	1
31292	TMED1	0.19839622	0.40183514	1.0178511	32.512897	1
31295	YIPF2	0.097267315	0.34392872	1.8210195	44.55244	1
31299	LDLR	0.13349973	0.2804151	1.0701612	20.484625	1
31300	SPC24	0.0036930824	0.038052507	3.3303351	11.898227	1
31311	CCDC159	0.03486589	0.07918893	1.1811712	7.450516	1
31315	EPOR	0.04044111	0.12944493	1.675995	19.455318	1
31317	CCDC151	0.006472321	0.03305975	2.3349583	7.309055	1
31318	PRKCSH	0.2714839	0.62348133	1.1991799	44.55244	1
31322	CNN1	0.023273164	0.17512101	2.906251	41.110905	1
31358	MAN2B1	0.045083165	0.13926855	1.6250477	20.126955	1
31362	DHPS	0.11567965	0.25150746	1.1197928	22.095669	1
31365	FBXW9	0.020237789	0.056033265	1.4646932	7.4087524	1
31382	DNASE2	0.07625448	0.28861636	1.9188681	44.55244	1
31390	AC092069.1	0.020351168	0.07980524	1.966107	13.93773	1
31391	RAD23A	0.32090157	0.7037322	1.1326513	44.55244	1
31394	NFIX	0.040293626	0.13876112	1.7814431	21.451618	1
31397	LYL1	0.0018423933	0.087103985	5.488487	31.91641	1
31399	NACC1	0.050449423	0.1023711	1.0194504	8.155946	1
31406	CACNA1A	0.013777361	0.06397532	2.2070355	13.189667	1
31413	AC020916.1	0.092168994	0.28878784	1.6465915	38.2868	1
31440	DDX39A	0.0711364	0.15012765	1.0764638	12.35507	1
31441	PKN1	0.11316102	0.3222262	1.5088699	44.55244	1
31462	ILVBL	0.08790436	0.20090511	1.1915853	19.336388	1
31504	KLF2	0.16758424	0.40286693	1.2649143	34.575623	1
31512	SLC35E1	0.10701969	0.305203	1.5110179	41.73027	1
31528	F2RL3	0.00055106374	0.024506602	5.240103	9.936614	1
31533	MYO9B	0.11916588	0.2730493	1.1955082	26.579767	1
31539	OCEL1	0.054083336	0.14508206	1.4219421	17.712585	1
31540	NR2F6	0.30156893	0.6233925	1.0474062	44.55244	1
31550	PLVAP	0.023353476	0.06189165	1.4022721	6.5655	1
31566	COLGALT1	0.07888427	0.2782561	1.8172944	44.55244	1
31567	UNC13A	0.0023142162	0.048537258	4.332435	18.218428	1
31569	MAP1S	0.057013262	0.14757106	1.3704894	17.14035	1
31579	ARRDC2	0.004732903	0.032573726	2.757169	8.936687	1
31594	GDF15	0.017563269	0.059622888	1.7575316	5.7993636	1
31603	KXD1	0.17312655	0.42946464	1.3102151	44.55244	1
31607	CRLF1	0.000590038	0.021951532	4.9980593	7.483487	1
31608	REX1BD	0.225089	0.47847772	1.0876168	43.853474	1
31619	HOMER3	0.17610736	0.40420434	1.1981674	41.741535	1
31623	SLC25A42	0.02257419	0.06073498	1.4238502	7.8810306	1
31665	ZNF85	0.048619196	0.014387317	-1.7497	8.1217375	1
31755	PLEKHF1	0.00056891557	0.020496592	4.9444375	7.3938584	1
31787	PDCD5	0.43021485	0.8709463	1.0173568	44.55244	1
31813	CEBPG	0.07400926	0.15805033	1.0935707	12.52254	1
31823	GPI	0.30119458	0.823302	1.4504223	44.55244	1
31844	GRAMD1A	0.12485396	0.25405625	1.0243189	19.848516	1
31853	FXYD1	0.024476774	0.061865956	1.3341802	6.8562207	1
31854	FXYD7	0.00892308	0.045329005	2.3319218	9.047775	1
31855	FXYD5	0.1953455	1.158995	2.5681605	44.55244	1
31873	DMKN	0.03990433	0.10739097	1.4259874	10.398727	1
31888	UPK1A-AS1	-1.542503e-09	0.032637075	8.354804	10.759733	1
31904	APLP1	0.03683833	0.09094444	1.3014523	9.5024395	1
31916	THAP8	0.040562745	0.09087278	1.1617273	8.422185	1
31921	CAPNS1	0.42542934	0.939169	1.1422799	44.55244	1
31937	ZNF529-AS1	0.041139726	0.08442967	1.035423	6.624984	1
31943	ZNF850	0.011772889	0.056035373	2.2412393	11.4488535	1
31988	PPP1R14A	0.06209878	0.2864788	2.2039735	44.55244	1
31990	YIF1B	0.05260861	0.19171654	1.8636165	34.22027	1
31992	KCNK6	0.0072179395	0.15478015	4.403571	44.55244	1
32007	ACTN4	0.20745064	0.4348994	1.06755	37.912624	1
32018	RINL	0.0026126853	0.028301029	3.3881495	8.829582	1
32021	NFKBIB	0.03398242	0.075521916	1.1497767	7.033609	1
32024	MRPS12	0.13866556	0.3395911	1.2915738	38.93688	1
32031	PAK4	0.030411415	0.07698773	1.3371521	9.494549	1
32033	NCCRP1	0.0010396404	0.021071298	4.2154593	6.958027	1
32040	GMFG	0.023898205	0.0719519	1.5861101	9.673259	1
32082	BLVRB	0.2226773	0.71506965	1.6826832	44.55244	1
32084	SHKBP1	0.051850222	0.1344368	1.372799	15.711795	1
32086	NUMBL	0.059600748	0.15405852	1.3685937	18.362648	1
32091	MIA	0.00038168114	0.06373037	7.0500207	17.515995	1
32092	RAB4B	0.032247882	0.10052615	1.637262	15.470593	1
32103	AXL	0.063484095	0.19431631	1.6124114	27.752882	1
32106	TGFB1	0.10755588	0.75859797	2.8170986	44.55244	1
32109	TMEM91	0.06052128	0.12332501	1.0257386	9.15288	1
32112	EXOSC5	0.03566236	0.076390855	1.0968453	6.6467113	1
32113	BCKDHA	0.08516621	0.2064123	1.2761816	20.985397	1
32119	PCAT19	0.0053979508	0.038870625	2.8254213	9.614344	1
32137	RABAC1	0.62494177	1.554546	1.3145615	44.55244	1
32139	GRIK5	0.034192014	0.006166352	-2.4521751	8.106865	1
32152	MEGF8	0.06297917	0.1412559	1.1640966	13.555511	1
32179	ETHE1	0.109637365	0.23993103	1.129166	21.336985	1
32190	PLAUR	0.017803859	0.32852215	4.198087	44.55244	1
32198	AC006213.2	0.015338455	0.043515634	1.498317	5.580993	1
32229	PVR	0.017495861	0.061341062	1.8039671	10.995273	1
32232	BCL3	0.02210843	0.14157678	2.673424	35.305267	1
32235	BCAM	0.020540642	0.049856305	1.275179	5.3275437	1
32236	NECTIN2	0.1193616	0.5115509	2.0986128	44.55244	1
32239	APOE	0.54287267	1.9277182	1.8280175	44.55244	1
32240	APOC1	0.04979772	0.14237262	1.5136389	17.92766	1
32244	CLPTM1	0.08085257	0.17342061	1.0999582	14.941117	1
32245	RELB	0.028042994	0.10308092	1.8743285	17.222876	1
32250	MARK4	0.09056145	0.18442646	1.0252665	14.419441	1
32256	EXOC3L2	0.016633576	0.043573063	1.3839979	5.746813	1
32257	CKM	0.0009834598	0.02958445	4.77599	10.166224	1
32260	PPP1R13L	0.008235822	0.07113203	3.0951297	18.873207	1
32263	FOSB	0.106275454	0.43558505	2.0341203	44.55244	1
32264	RTN2	0.05816327	0.14760783	1.3420877	16.305538	1
32265	PPM1N	0.0015945575	0.021046525	3.6414402	6.8697076	1
32266	VASP	0.15450263	0.45304036	1.551393	44.55244	1
32308	PNMA8A	0.087469555	0.0420906	-1.0535078	6.995763	1
32316	GNG8	0.01645926	0.10878059	2.7170367	24.861084	1
32323	SLC1A5	0.04405749	0.28803268	2.7060032	44.55244	1
32331	BBC3	0.076098934	0.17687134	1.2156731	15.556314	1
32343	NAPA	0.09218636	0.21310987	1.208085	20.690313	1
32349	EHD2	0.104683444	0.36559278	1.8032212	44.55244	1
32352	SELENOW	0.8303043	1.7862785	1.1051519	44.55244	1
32360	PLA2G4C	0.009335494	0.058184613	2.6269453	13.875214	1
32362	LIG1	0.040465333	0.08819448	1.1220759	7.904139	1
32373	TMEM143	0.010108006	0.04678386	2.1993904	10.154061	1
32376	GRIN2D	0.013027445	0.10503397	3.001571	28.932013	1
32394	RASIP1	0.015079884	0.042156145	1.4770005	5.500998	1
32398	BCAT2	0.053616427	0.12610662	1.2323523	12.834635	1
32402	PPP1R15A	0.18112305	0.7551198	2.0591302	44.55244	1
32404	NUCB1	0.20535548	0.9547968	2.2165189	44.55244	1
32407	DHDH	0.0111032585	0.051076766	2.1915705	10.69623	1
32411	GYS1	0.028734563	0.086293295	1.5831202	12.291527	1
32412	RUVBL2	0.08303389	0.1759072	1.0821258	15.178216	1
32426	LIN7B	0.040122002	0.10002587	1.3157579	11.301795	1
32430	TRPM4	0.018575752	0.07029987	1.9144065	12.725975	1
32443	ALDH16A1	0.025896339	0.05479146	1.0782733	5.0114384	1
32447	FCGRT	0.6229371	1.3007876	1.0621063	44.55244	1
32448	RCN3	0.021102311	0.25642744	3.5968196	44.55244	1
32453	RRAS	0.24009329	1.0366423	2.1097896	44.55244	1
32475	ATF5	0.07053559	0.16025692	1.1828194	13.389587	1
32487	NR1H2	0.05932339	0.19051848	1.6815852	29.698868	1
32490	POLD1	0.00961509	0.030445827	1.6526761	5.187696	1
32494	EMC10	0.3544448	0.83852214	1.2420532	44.55244	1
32496	AC020909.2	0.020501837	0.33852223	4.0388317	44.55244	1
32497	JOSD2	0.07642233	0.36582068	2.2575781	44.55244	1
32502	C19orf81	0.013651081	0.041289933	1.5897349	6.1903925	1
32504	CLEC11A	0.32492027	0.95726526	1.5585399	44.55244	1
32531	CTU1	0.043444216	0.10931992	1.3293223	12.423623	1
32543	ETFB	0.2999517	0.98696	1.7179267	44.55244	1
32576	ZNF350	0.028938022	0.0009556027	-4.781804	10.906987	1
32589	ZNF766	0.07861996	0.16738725	1.0892498	13.95015	1
32591	ZNF480	0.06546451	0.15341622	1.227404	15.000872	1
32594	ZNF880	0.032954704	0.010700899	-1.6137042	5.023513	1
32604	ZNF83	0.100317836	0.2085028	1.0547429	16.633892	1
32607	ZNF611	0.022553014	0.07970847	1.816839	13.252733	1
32618	ZNF160	0.097239465	0.19650434	1.0141984	14.463164	1
32631	AC022137.4	0.008135471	0.042506386	2.3711467	9.388631	1
32632	ZNF761	0.018491093	0.058846157	1.6647862	8.682201	1
32633	ZNF813	0.00644294	0.033396337	2.3559926	8.093142	1
32645	CACNG8	0.024521368	0.14737171	2.5824554	35.127544	1
32657	MBOAT7	0.10043694	0.2245281	1.1598127	20.954744	1
32669	TTYH1	0.034789037	0.20586462	2.5615509	38.073467	1
32699	EPS8L1	0.0038804167	0.04709913	3.5677688	15.626275	1
32700	PPP1R12C	0.03813811	0.09672306	1.3403394	11.410974	1
32702	TNNT1	0.0056529557	0.088437684	3.9439166	22.37419	1
32732	SSC5D	0.04660505	0.10086362	1.1121851	8.535857	1
32737	ZNF524	0.03369607	0.09162821	1.4405099	11.38826	1
32742	ZNF581	0.13403852	0.3045586	1.1834699	28.214985	1
32747	EPN1	0.17448388	0.35456452	1.0225346	29.144043	1
32759	ZNF444	0.05518249	0.11445312	1.0511223	9.558343	1
32845	ZNF274	0.05651034	0.1565037	1.4679809	20.04672	1
32847	AC020915.2	0.019033955	0.059657305	1.64298	8.888342	1
32853	A1BG	0.16043773	0.6387969	1.9926708	44.55244	1
32854	A1BG-AS1	0.027867313	0.081397034	1.543006	11.436144	1
32871	SLC27A5	0.038584802	0.09883571	1.3547244	11.206175	1
32873	ZBTB45	0.03093679	0.065789565	1.0860707	5.898819	1
32876	UBE2M	0.41780883	0.8850178	1.0826813	44.55244	1
32892	NRSN2	0.046010125	0.11390758	1.3059744	12.154639	1
32893	TRIB3	0.017748073	0.211554	3.5678678	44.55244	1
32897	TCF15	0.04610308	0.012568835	-1.8667052	8.257715	1
32898	SRXN1	0.02363127	0.057182394	1.2713026	5.967457	1
32901	FAM110A	0.01708859	0.050866026	1.5680847	7.284526	1
32905	PSMF1	0.17965347	0.3924649	1.1269116	36.88771	1
32906	TMEM74B	0.0057391985	0.046294753	2.9901195	12.711761	1
32913	FKBP1A	0.56035775	1.2006642	1.0992752	44.55244	1
32958	ATRN	0.082426555	0.18320987	1.1513542	16.451431	1
32962	HSPA12B	0.05953423	0.006090675	-3.2679722	17.554554	1
32966	CDC25B	0.019135356	0.08168703	2.0881116	15.169154	1
32968	AP5S1	0.026806364	0.058014162	1.1109424	5.3163824	1
32975	SMOX	0.04824734	0.13860637	1.5205256	18.426123	1
32980	PRNP	0.0594017	0.2050018	1.7853374	32.351017	1
33009	LRRN4	-1.542503e-09	0.022674574	7.8313026	10.69507	1
33011	FERMT1	0.0016504666	0.029687865	4.0889134	11.103589	1
33014	BMP2	0.020140525	0.13390666	2.7269862	28.351467	1
33025	PLCB4	0.18118209	0.050803896	-1.8323883	29.444561	1
33039	MKKS	0.038004246	0.07985495	1.0692356	6.8547325	1
33043	JAG1	0.16290508	0.40932456	1.3286806	43.37635	1
33073	FLRT3	0.21567827	0.02020036	-3.4099724	44.55244	1
33081	KIF16B	0.055234108	0.14319631	1.3727605	15.86899	1
33093	DSTN	0.73936325	1.6248099	1.1358093	44.55244	1
33099	MGME1	0.052357096	0.13046095	1.3155135	14.232742	1
33113	DTD1	0.17168377	0.43148956	1.3290662	44.55244	1
33121	SLC24A3	0.034781203	0.0098779	-1.8056419	6.183179	1
33165	THBD	0.002900739	0.045518696	3.9262354	13.108262	1
33183	CST3	0.62413484	1.8110167	1.5367187	44.55244	1
33202	APMAP	0.096859716	0.4555741	2.232545	44.55244	1
33209	ENTPD6	0.013597482	0.042868376	1.6493646	7.092794	1
33212	PYGB	0.05318212	0.15295014	1.5222808	20.343266	1
33215	ABHD12	0.051454462	0.14574046	1.5002217	19.94358	1
33246	HM13	0.24935165	0.6321986	1.3418458	44.55244	1
33257	TPX2	0.021354824	0.16571122	2.9501677	25.109608	1
33301	SNTA1	0.030606372	0.17230764	2.4892137	39.165443	1
33304	NECAB3	0.037779156	0.07679977	1.0215751	5.875261	1
33309	PXMP4	0.017136078	0.04249052	1.3051008	5.30867	1
33317	EIF2S2	0.51450807	1.0981259	1.0936289	44.55244	1
33321	AHCY	0.17689332	0.48035362	1.4407022	44.55244	1
33331	TP53INP2	0.018698817	0.069525294	1.8889697	13.503422	1
33338	EDEM2	0.014405801	0.12627023	3.1229548	36.622883	1
33339	PROCR	0.025432251	0.11181629	2.1320274	21.121435	1
33341	MMP24OS	0.19363791	0.5921577	1.6121188	44.55244	1
33370	DLGAP4	0.18571234	0.39699578	1.0956408	35.65602	1
33372	MYL9	0.08269073	0.79706675	3.2673404	44.55244	1
33377	DSN1	0.026433002	0.06135536	1.211751	6.4798217	1
33384	RPN2	0.31111634	0.95946515	1.6244631	44.55244	1
33400	TGM2	0.010170318	0.031513732	1.6220706	5.1218257	1
33419	FAM83D	0.0004401001	0.021608997	5.3289223	8.701714	1
33431	MAFB	0.6182945	0.18734759	-1.7220403	44.55244	1
33438	LPIN3	0.0076000826	0.06484214	3.0762093	17.53897	1
33444	PTPRT	0.0038428002	0.050758857	3.6892066	15.414858	1
33454	MYBL2	0.0062760925	0.048796143	2.9389763	12.156086	1
33460	OSER1	0.09135344	0.19023083	1.0574	14.753665	1
33471	SERINC3	0.18385684	0.5135997	1.481558	44.55244	1
33473	ADA	0.052743614	0.12266339	1.2160795	11.780288	1
33495	SDC4	0.009619494	0.08389482	3.1113472	23.24725	1
33497	SYS1	0.077587426	0.17184828	1.1462216	15.641814	1
33499	DBNDD2	0.02465996	0.064218655	1.3772283	7.6453934	1
33500	PIGT	0.112868555	0.4261977	1.91594	44.55244	1
33502	WFDC2	0.014172267	0.07289079	2.3544998	14.05758	1
33516	UBE2C	0.033550516	0.13315663	1.9855067	13.611194	1
33518	SNX21	0.032146763	0.08763732	1.4440364	11.348118	1
33524	CTSA	0.085729785	0.30638266	1.8362551	44.55244	1
33526	PLTP	0.12843473	0.80674076	2.6501257	44.55244	1
33530	MMP9	0.6550882	0.07115681	-3.2008097	44.55244	1
33534	CD40	0.010340104	0.07339697	2.815549	18.825047	1
33537	SLC35C2	0.08779337	0.24383138	1.4726491	31.954027	1
33546	SLC2A10	0.035959546	0.07426332	1.04421	5.9180303	1
33555	SULF2	0.10955129	0.28570917	1.3821294	28.119709	1
33573	PREX1	0.06488882	0.018620385	-1.7955816	11.130112	1
33578	CSE1L	0.07020057	0.14415617	1.0370247	11.447127	1
33581	ZNFX1	0.045628477	0.10719507	1.2304189	10.954772	1
33592	TMEM189	0.05345294	0.14178635	1.4056982	17.762337	1
33597	CEBPB	0.08377423	0.3610101	2.1061392	44.55244	1
33625	TSHZ2	1.1978924	0.09145116	-3.7098968	44.55244	1
33627	AL391097.1	0.0464068	0.0016353464	-4.7441463	16.947763	1
33643	DOK5	0.01693009	0.20153108	3.56556	44.55244	1
33652	FAM210B	0.12045752	0.32348278	1.4244132	38.951336	1
33653	AURKA	0.009816376	0.08933655	3.1729798	19.684467	1
33674	RBM38	0.027225642	0.05845393	1.0995106	5.2086067	1
33680	PMEPA1	0.165558	0.50290155	1.6023551	44.55244	1
33689	APCDD1L	-1.542503e-09	0.030581387	8.261242	10.640273	1
33694	NPEPL1	0.042704538	0.11376746	1.4115199	14.546754	1
33705	CTSZ	0.055843823	0.44509166	2.9923759	44.55244	1
33710	EDN3	0.028209602	0.00039268943	-5.844469	10.844359	1
33742	OSBPL2	0.06825035	0.1646675	1.2694111	16.990322	1
33743	ADRM1	0.21662638	0.45860186	1.0816821	40.80209	1
33745	LAMA5	0.017107708	0.21507592	3.6443899	44.55244	1
33753	GATA5	0.003536478	0.10473443	4.8494267	34.787483	1
33774	COL9A3	0.0613887	0.63751066	3.3742826	44.55244	1
33775	TCFL5	0.030060083	0.078052245	1.373647	9.335109	1
33779	SLC17A9	0.00064451766	0.012742133	4.108435	5.1488156	1
33793	NKAIN4	0.16346057	0.0029478476	-5.74589	44.55244	1
33802	EEF1A2	0.0049832575	0.08384174	4.045563	22.86875	1
33804	PPDPF	0.78790265	1.6794727	1.0918218	44.55244	1
33809	HELZ2	0.019603238	0.052928876	1.4283454	6.81826	1
33819	SLC2A4RG	0.2292941	0.4765198	1.0550104	41.35214	1
33825	TPD52L2	0.118296854	0.26210892	1.1470859	24.343943	1
33826	DNAJC5	0.04012033	0.10668108	1.4086591	13.500549	1
33836	RGS19	0.03688649	0.08963241	1.2786306	9.807792	1
33907	SAMSN1	0.07431547	0.019638514	-1.9145893	13.084707	1
33919	USP25	0.035939343	0.09370602	1.3801078	11.239713	1
33920	MIR99AHG	0.18658614	0.079394974	-1.2316793	17.052538	1
33928	CXADR	0.01777822	0.07024068	1.9761561	12.57606	1
33929	BTG3	0.07228879	0.4452709	2.621169	44.55244	1
33936	CHODL	0.09420225	0.028244264	-1.7342355	10.61556	1
33950	NCAM2	0.20515698	0.011396695	-4.15814	44.55244	1
33985	MRPL39	0.043035556	0.08686068	1.0114856	6.613868	1
33991	AP001442.1	0.025359359	0.006199356	-2.0149198	5.095322	1
33999	CYYR1	0.34585533	0.119322814	-1.5345072	44.55244	1
34000	ADAMTS1	0.093699396	0.27539903	1.5543966	30.294476	1
34021	MAP3K7CL	-1.542503e-09	0.019568283	7.6197495	8.065749	1
34024	BACH1	0.1814574	0.43605828	1.264426	44.55244	1
34105	IFNAR2	0.06421166	0.26481536	2.0423791	44.55244	1
34107	IL10RB	0.04941312	0.17385265	1.812812	29.935177	1
34108	IFNAR1	0.12750849	0.4339968	1.7662925	44.55244	1
34109	IFNGR2	0.15614077	0.38126326	1.2873948	43.707344	1
34115	DONSON	0.02096728	0.06325379	1.5884268	9.202438	1
34133	RCAN1	0.05446333	0.1592109	1.5458415	18.319847	1
34136	LINC01426	0.00055082183	0.012984735	4.3294783	5.014061	1
34137	RUNX1	0.03146868	0.094044976	1.5763903	12.504809	1
34149	CBR3	0.0010651533	0.034167547	4.8782516	13.2270975	1
34163	HLCS	0.021697626	0.05500987	1.3381398	6.3952665	1
34167	PIGP	0.11405131	0.30210957	1.4046019	37.905468	1
34173	VPS26C	0.06519556	0.1559416	1.256874	15.595577	1
34191	ETS2	0.07386631	0.20524566	1.4731143	23.560795	1
34206	GET1	0.10499344	0.2830224	1.4297532	36.907322	1
34208	SH3BGR	0.00943104	0.06430824	2.7565398	15.379129	1
34221	BACE2	0.020112434	0.22543253	3.4800205	44.55244	1
34235	RIPK4	-1.542503e-09	0.015548389	7.2898927	6.6659894	1
34284	PDXK	0.15245175	0.38099676	1.3208585	44.25141	1
34297	ICOSLG	0.0043580546	0.030897733	2.7976766	8.467767	1
34303	PFKL	0.14521252	0.37190717	1.3561715	44.55244	1
34312	LRRC3	0.005096033	0.035774488	2.7874758	9.603038	1
34350	ADARB1	0.029544573	0.10804853	1.8671741	17.544107	1
34353	POFUT2	0.08600928	0.3128953	1.8619003	44.55244	1
34360	BX322562.1	0.0011787644	0.029297564	4.5228744	10.54643	1
34361	COL18A1	0.07156726	1.0186657	3.8293643	44.55244	1
34364	SLC19A1	0.02329393	0.05962329	1.3521594	7.133079	1
34368	PCBP3	-1.542503e-09	0.030457463	8.2554035	12.734719	1
34380	COL6A2	0.67813236	1.5198541	1.1641762	44.55244	1
34385	LSS	0.043628663	0.091016546	1.0591339	7.4987283	1
34391	YBEY	0.087653875	0.19124407	1.1246344	16.607895	1
34429	IL17RA	0.024188988	0.06624727	1.4497348	8.382707	1
34440	ATP6V1E1	0.16543795	0.4456124	1.428951	44.55244	1
34441	BCL2L13	0.04514189	0.13064656	1.5310419	18.034721	1
34442	BID	0.035063397	0.18619916	2.4054747	40.38462	1
34444	MICAL3	0.02274079	0.07016553	1.6212045	10.461558	1
34482	SLC25A1	0.11031507	0.29064247	1.3968047	37.154373	1
34490	UFD1	0.21855934	0.4670423	1.095177	42.55681	1
34495	CLDN5	0.02978477	0.0015442757	-4.1838865	10.173781	1
34504	COMT	0.09947552	0.34655604	1.7996418	44.55244	1
34526	SCARF2	0.025661102	0.07773886	1.5952963	11.121166	1
34528	MED15	0.06521644	0.1460086	1.161523	13.685021	1
34558	YDJC	0.022120543	0.09605253	2.1134307	19.465187	1
34561	SDF2L1	0.14292866	0.34824666	1.2842195	36.15364	1
34688	CHCHD10	0.36880383	0.82319164	1.1581589	44.55244	1
34698	GSTT2B	0.088225156	0.21515632	1.2851592	23.502434	1
34701	DDT	0.39922056	0.9933786	1.3149416	44.55244	1
34708	ADORA2A	0.0031399592	0.027173089	3.0734305	7.0795956	1
34712	GUCD1	0.05284413	0.116144724	1.1346226	10.450729	1
34715	LRRC75B	0.049698133	0.1004295	1.0134553	7.4532804	1
34721	SGSM1	0.0005396935	0.014267331	4.4892673	5.7000813	1
34723	KIAA1671	0.024997206	0.078642	1.6496067	11.616575	1
34727	AL022323.4	0.01679743	0.05630291	1.7389657	9.065011	1
34752	SRRD	0.089030705	0.18956342	1.0894471	16.249681	1
34755	TPST2	0.03613356	0.17927535	2.307583	38.021336	1
34783	MN1	0.08636467	0.030936243	-1.4781568	11.158533	1
34790	XBP1	0.17759223	0.62509805	1.8149327	44.55244	1
34797	KREMEN1	0.014382279	0.04326932	1.5823863	6.23774	1
34803	GAS2L1	0.031011999	0.09608742	1.6283771	15.075203	1
34831	CASTOR1	0.03496388	0.07790142	1.1535147	7.149854	1
34836	SEC14L2	0.009659057	0.033978824	1.8040621	5.9506693	1
34839	MTFP1	0.05282978	0.21115398	1.996827	37.562023	1
34846	PES1	0.06251291	0.12749189	1.0270046	9.856244	1
34849	SLC35E4	0.017818004	0.067482345	1.9152365	11.858135	1
34850	DUSP18	0.015979722	0.065450415	2.0273626	13.104606	1
34858	SMTN	0.056965865	0.16274467	1.5127965	20.773626	1
34860	SELENOM	0.2943116	0.9592981	1.704295	44.55244	1
34873	SFI1	0.019670038	0.047725707	1.2744707	5.2634826	1
34879	YWHAH	0.32649693	0.7168061	1.134273	44.55244	1
34899	FBXO7	0.15966877	0.35971427	1.1712669	35.386112	1
34929	MB	0.0042102193	0.06502494	3.917377	18.837292	1
34943	MYH9	0.31530476	0.8477372	1.4265829	44.55244	1
34944	Z82215.1	0.007999749	0.03059253	1.9219384	5.832772	1
34964	TST	0.031814206	0.13033378	2.0310469	25.215462	1
34965	MPST	0.19439442	0.4794188	1.3018585	44.55244	1
34967	KCTD17	0.053725723	0.12310246	1.1946633	12.0613165	1
34972	C1QTNF6	0.08276409	0.28633437	1.7893856	44.55244	1
34974	RAC2	0.033882726	0.08719284	1.3610618	9.385844	1
34983	CDC42EP1	0.12598577	0.26980492	1.0980457	23.858557	1
34989	LGALS1	0.6844976	2.8583202	2.06189	44.55244	1
34993	GCAT	0.017795822	0.050393835	1.4964846	6.907541	1
34998	MICALL1	0.015361677	0.058443367	1.9208089	10.843485	1
35012	MAFF	0.015520414	0.057325434	1.8782573	9.56333	1
35013	TMEM184B	0.06343175	0.1416834	1.1581391	13.173645	1
35021	KDELR3	0.089925505	0.6380038	2.8253856	44.55244	1
35031	GTPBP1	0.037511077	0.08415553	1.1636138	8.011528	1
35033	SUN2	0.04305054	0.1237287	1.5208952	16.506706	1
35047	APOBEC3C	0.05575436	0.17527333	1.6506875	25.965153	1
35058	SYNGR1	0.11557757	0.37534094	1.6984768	44.55244	1
35065	RPS19BP1	0.2797083	0.6534425	1.2238425	44.55244	1
35076	MRTFA	0.040060744	0.092460826	1.2046157	9.183216	1
35079	MCHR1	-1.542503e-09	0.06342263	9.311149	23.73946	1
35097	ACO2	0.11591704	0.2598718	1.1640184	24.968475	1
35111	CENPM	0.0072503793	0.03364077	2.1986022	7.7568398	1
35116	NAGA	0.03704262	0.1394945	1.9100945	25.800846	1
35135	CYB5R3	0.23521486	0.6920473	1.5564866	44.55244	1
35137	A4GALT	0.0017706143	0.01503349	3.0161607	5.072054	1
35138	ARFGAP3	0.26169574	0.5544773	1.082947	44.55244	1
35141	TTLL1	0.04688546	0.104115084	1.1492778	9.750799	1
35144	TSPO	0.16146886	1.1055071	2.7746177	44.55244	1
35160	PARVB	0.01202955	0.05834664	2.268594	13.5538225	1
35171	PRR5	0.05226783	0.12552504	1.2623713	13.035151	1
35182	FAM118A	0.051818386	0.15543458	1.5829179	21.04307	1
35193	BX537318.1	0.008870696	0.028848184	1.6901811	5.0038323	1
35201	PPARA	0.019825956	0.11317197	2.50707	26.576956	1
35207	GTSE1	0.0066011082	0.079219654	3.5652068	16.685844	1
35214	TBC1D22A	0.06750735	0.13733117	1.0234573	10.725259	1
35251	CRELD2	0.17491692	0.36884815	1.0759236	31.38523	1
35253	PIM3	0.06961439	0.15199919	1.1254841	12.570196	1
35259	PANX2	0.005692159	0.02464115	2.0947397	5.3477373	1
35267	HDAC10	0.027149895	0.057530105	1.080572	5.1886673	1
35268	MAPK12	0.041229434	0.089361414	1.1140959	8.031656	1
35276	ADM2	0.0024118037	0.054171182	4.4333906	17.778837	1
35278	LMF2	0.07322608	0.24431476	1.7369331	39.3757	1
35279	NCAPH2	0.0293446	0.0803382	1.4498779	10.930911	1
35280	SCO2	0.07557971	0.2563491	1.7606939	42.60305	1
35282	TYMP	0.02018588	0.07875921	1.9588033	14.780977	1
35283	ODF3B	-1.542503e-09	0.025523514	8.001347	11.119509	1
35293	ARSA	0.015647432	0.11937629	2.9235358	33.911354	1
35301	GTPBP6	0.11224447	0.22585127	1.0080825	17.28576	1
35303	PPP2R3B	0.038225383	0.07866176	1.0391952	6.573618	1
35314	ASMTL	0.05343532	0.13507822	1.3362998	15.003531	1
35320	DHRSX	0.10705745	0.26418594	1.3023674	28.687355	1
35324	CD99	0.9647361	2.3529406	1.2861702	44.55244	1
35328	ARSD	0.03548669	0.10947981	1.6225722	15.901986	1
35330	ARSE	0.0010965497	0.014764029	3.6348732	5.277417	1
35351	ANOS1	0.03500393	0.010584984	-1.7160479	5.837461	1
35367	HCCS	0.043965843	0.10290798	1.2250234	10.344103	1
35372	FRMPD4	0.0338834	0.002373388	-3.7802696	11.433834	1
35374	PRPS2	0.021606753	0.056325827	1.3782117	6.700886	1
35385	EGFL6	0.00067058427	0.024614558	5.0032644	7.165931	1
35387	RAB9A	0.087780714	0.17785765	1.0179155	13.696855	1
35423	RAI2	0.034085263	0.006711298	-2.3273728	7.8931046	1
35432	PHKA2	0.02687791	0.06582154	1.2889715	6.990262	1
35437	SH3KBP1	0.08585174	0.34532416	2.0067701	44.55244	1
35449	SMPX	0.0009662185	0.037475973	5.1392355	12.48442	1
35450	MBTPS2	0.04715037	0.09534347	1.0143209	7.1018806	1
35452	SMS	0.2224824	0.50239015	1.1747558	44.55244	1
35461	PRDX4	0.50664693	1.6280568	1.6839023	44.55244	1
35462	ACOT9	0.07578767	0.24121457	1.6689776	37.528435	1
35464	SAT1	0.23536988	1.2770932	2.4393623	44.55244	1
35471	PDK3	0.050329275	0.1917654	1.9277612	32.60293	1
35489	IL1RAPL1	0.14601548	0.0080447635	-4.1650925	44.55244	1
35490	AC003659.1	0.027447987	0.0011437525	-4.469176	10.235386	1
35495	NR0B1	0.019782916	0.0018540177	-3.347014	6.2664857	1
35509	AL591501.1	0.020015689	1.2732926e-09	-7.652159	8.457184	1
35512	TMEM47	0.098650046	0.2631391	1.4145204	29.79339	1
35523	DYNLT3	0.07986112	0.380324	2.2502377	44.55244	1
35528	SRPX	0.019677803	0.3444873	4.1229153	44.55244	1
35546	ATP6AP2	0.37809697	0.94718665	1.3246634	44.55244	1
35549	CXorf38	0.0731016	0.17714137	1.2757682	19.350502	1
35569	NDP	0.01780539	0.001707846	-3.3080504	6.0919795	1
35589	RP2	0.025236476	0.057366893	1.1815152	5.50156	1
35592	RGN	0.0010872261	0.014565312	3.6267414	5.393114	1
35597	CDK16	0.0864278	0.23645791	1.4509578	30.387054	1
35605	TIMP1	1.1077366	2.8437872	1.360119	44.55244	1
35608	UXT	0.3799391	0.81093776	1.0936213	44.55244	1
35623	SLC38A5	0.001097382	0.01303862	3.4558585	5.18225	1
35624	FTSJ1	0.044291623	0.11198067	1.3361782	12.827227	1
35626	PORCN	0.017324222	0.053764954	1.6282527	8.393125	1
35627	EBP	0.12944238	0.29915524	1.2079523	28.513819	1
35628	TBC1D25	0.021607548	0.06967225	1.6844566	10.663862	1
35643	SLC35A2	0.038719203	0.12542483	1.6931304	19.683865	1
35650	PRAF2	0.15370631	0.3764779	1.2918335	43.853474	1
35654	PLP2	0.037798826	0.5351275	3.8199272	44.55244	1
35655	PRICKLE3	0.009361087	0.032886952	1.8018177	6.0399957	1
35720	TSPYL2	0.09483615	0.21901338	1.206648	20.757982	1
35741	APEX2	0.028272124	0.06427851	1.1821052	6.5946655	1
35762	SPIN2A	0.046120986	0.017655727	-1.3802637	5.694454	1
35769	SPIN4	0.06063236	0.026767807	-1.1765869	5.929045	1
35780	MSN	0.3657801	1.247371	1.7695634	44.55244	1
35796	EDA	0.004610249	0.024590995	2.39011	5.667791	1
35808	PDZD11	0.19327737	0.39348406	1.0252528	32.625626	1
35809	KIF4A	0.002226874	0.05686329	4.6135674	16.6089	1
35816	SNX12	0.03445785	0.09936882	1.5252308	13.41722	1
35879	MAGT1	0.14100607	0.39552048	1.487337	44.55244	1
35882	PGK1	0.553015	2.0529165	1.8920938	44.55244	1
35890	ITM2A	0.1350592	0.29722592	1.1373855	20.051294	1
35891	TBX22	0.0006496902	0.016717248	4.487503	5.768982	1
35909	KLHL4	0.007890734	0.08330122	3.3836687	23.246296	1
35925	PCDH19	0.04780743	0.013561872	-1.8100944	7.8195887	1
35926	TNMD	0.02561338	0.0004805124	-5.4690485	8.240359	1
35928	SRPX2	0.034542028	0.2020909	2.5451226	44.55244	1
35936	TMEM35A	0.07701935	0.029099258	-1.4011612	9.056363	1
35940	TIMM8A	0.042724032	0.10326403	1.2712415	11.077695	1
35943	GLA	0.042550188	0.21128184	2.3092275	42.638626	1
35946	ARMCX1	0.20429696	0.012608639	-4.0074925	44.55244	1
35952	ARMCX2	0.16182745	0.35629317	1.1381221	32.236866	1
35955	TCEAL2	0.011710795	0.039440587	1.7432283	5.5646615	1
35969	GPRASP2	0.0864738	0.034524444	-1.3221395	9.362013	1
35977	BEX1	0.15412427	0.5286225	1.7774808	44.55244	1
35982	BEX2	0.29771006	0.107278824	-1.4716829	35.17525	1
35991	TCEAL3	0.2484376	0.5018081	1.0139592	40.588886	1
35994	MORF4L2	0.4992533	1.0962539	1.1345809	44.55244	1
36007	FAM199X	0.058931667	0.11801866	1.0006759	8.746114	1
36009	IL1RAPL2	0.021692486	0.00038748223	-5.4823375	8.802774	1
36011	NRK	0.7899775	0.08142406	-3.2766964	44.55244	1
36014	RADX	0.003342971	0.02046122	2.5781999	5.4482327	1
36016	TBC1D8B	0.03365833	0.15725891	2.2207434	32.730385	1
36017	MORC4	0.051451508	0.20503727	1.992503	38.05732	1
36032	PSMD10	0.095603645	0.1953323	1.0300232	15.462995	1
36034	COL4A6	0.03082985	0.21337776	2.787014	44.55244	1
36035	COL4A5	0.17848285	0.41165408	1.2051893	39.194397	1
36036	AL035425.3	-1.542503e-09	0.015692797	7.303145	5.6463165	1
36042	ACSL4	0.03522935	0.15319428	2.1173646	31.38193	1
36050	CAPN6	0.05247326	0.0008197482	-5.8369465	19.14431	1
36051	DCX	0.15344036	0.0017241394	-6.395258	44.55244	1
36052	SERTM2	0.045689438	0.002498267	-4.1393933	15.865654	1
36059	AMOT	0.44348228	0.0954141	-2.215416	44.55244	1
36069	PLS3	0.19196157	0.47663364	1.3116145	44.55244	1
36078	DOCK11	0.0074016643	0.03817941	2.3512862	9.017164	1
36079	IL13RA1	0.084025964	0.27492034	1.7089151	43.190712	1
36088	SLC25A43	0.015612204	0.07127487	2.1835308	15.496587	1
36095	SEPTIN6	0.5058217	1.0464123	1.0486033	44.55244	1
36100	RNF113A	0.06563373	0.14002703	1.0920295	11.864885	1
36112	LAMP2	0.20091322	0.67702985	1.7521422	44.55244	1
36135	GRIA3	0.015008976	0.047690928	1.661331	7.684871	1
36143	TENM1	0.16243587	0.0031431117	-5.6472354	44.55244	1
36159	ZDHHC9	0.067023516	0.156424	1.2214937	15.1983185	1
36163	ELF4	0.000635997	0.019763587	4.7542825	8.149948	1
36166	RAB33A	0.0148095125	0.17006023	3.512589	44.55244	1
36175	IGSF1	0.010183891	0.042163186	2.0390153	8.355387	1
36180	STK26	0.06308032	0.12747791	1.0138314	9.881942	1
36194	HPRT1	0.057111084	0.15424097	1.4317545	19.411497	1
36200	FAM122C	0.017293047	0.050303113	1.5350022	6.6404753	1
36203	SMIM10	0.037261274	0.12499212	1.7433753	19.005611	1
36205	RTL8C	0.43233564	0.88951075	1.0406889	44.55244	1
36233	FHL1	0.08858382	0.32998496	1.8960946	44.55244	1
36234	MAP7D3	0.08291152	0.18717368	1.1737647	16.980461	1
36241	ARHGEF6	0.021398364	0.09340442	2.1208076	18.67775	1
36248	FGF13	0.01251228	0.047447216	1.9145318	8.137108	1
36295	AFF2	0.09183872	0.020424487	-2.1633265	18.522669	1
36298	IDS	0.21127251	0.48505136	1.198647	44.55244	1
36301	CXorf40A	0.0094480505	0.03827654	2.0069466	7.2705827	1
36305	TMEM185A	0.044908036	0.2254341	2.3250911	44.55244	1
36312	CXorf40B	0.021318283	0.07032193	1.717182	11.684313	1
36315	MAMLD1	0.0068243435	0.026526576	1.9431177	5.1948647	1
36366	BGN	0.2056781	0.8602007	2.0637515	44.55244	1
36370	PNCK	0.0029163705	0.054100893	4.1674314	14.390843	1
36371	SLC6A8	0.029261222	0.42057866	3.8407347	44.55244	1
36372	BCAP31	0.29704577	0.6845107	1.2041132	44.55244	1
36380	L1CAM	0.0012121125	0.17802113	7.0848236	44.55244	1
36383	ARHGAP4	0.0032964612	0.032419115	3.259184	8.535667	1
36388	TMEM187	0.02478754	0.0745376	1.5844791	10.656742	1
36398	FLNA	0.3456276	0.7783016	1.1708789	44.55244	1
36400	EMD	0.17363805	0.45320824	1.3835787	44.55244	1
36403	DNASE1L1	0.015071512	0.111989915	2.8852198	32.999302	1
36406	ATP6AP1	0.14585704	0.47418448	1.7002089	44.55244	1
36408	FAM50A	0.30041406	0.7612572	1.3411411	44.55244	1
36409	PLXNA3	0.08240863	0.21323259	1.3704875	24.804615	1
36411	UBL4A	0.045879126	0.16582999	1.8515236	28.222862	1
36412	SLC10A3	0.023720818	0.10185653	2.0976593	20.699806	1
36413	FAM3A	0.067704976	0.18104224	1.4176599	22.536343	1
36415	G6PD	0.057954665	0.16994141	1.5504022	22.950657	1
36424	MPP1	0.019644069	0.052648135	1.4177009	6.6864076	1
36426	F8	0.003783038	0.20811556	5.744748	44.55244	1
36428	F8A1	0.03218377	0.065260254	1.0176045	5.068579	1
36429	FUNDC2	0.29453433	0.7175711	1.2843974	44.55244	1
36430	CMC4	0.051069982	0.33225814	2.699369	44.55244	1
36431	MTCP1	0.00053309056	0.013040865	4.3755045	5.0229516	1
36445	VAMP7	0.045690373	0.094067104	1.0401788	7.8805857	1
36500	NLGN4Y	0.17057794	0.05737923	-1.570164	23.790276	1
36519	EIF1AY	0.14008549	0.3763992	1.4253097	44.55244	1
36563	MT-ATP8	0.080638506	0.1782206	1.1431446	15.954807	1
36584	AC004556.3	0.036551047	0.09598203	1.3904122	11.395414	1
36599	AC007325.4	0.0040965625	0.023615723	2.498564	6.3701115	1
