gene	mean	EC_1_mean	EC_1_positive_frac	EC_2_mean	EC_2_positive_frac	log2FC	-log10 p-val	is_significant
SAMD11	0.034049716	0.011732065	0.012437810945273632	0.0695111	0.09723320158102766	2.5566156	16.239002	1
HES4	0.46492067	0.3360017	0.3119402985074627	0.6697591	0.6490118577075099	0.99495995	44.25141	1
AGRN	0.14749566	0.112531446	0.11691542288557213	0.20305847	0.2735177865612648	0.8509958	12.580103	1
MXRA8	0.042776417	0.004258833	0.005472636815920398	0.10397788	0.14466403162055336	4.5775776	35.472626	1
MMP23B	0.015400898	0.0041605267	0.004975124378109453	0.033261262	0.0466403162055336	2.9690702	8.811034	1
SLC35E2B	0.08422039	0.06713382	0.07263681592039802	0.11136602	0.15889328063241107	0.7293449	5.5347347	1
SMIM1	0.016293405	0.0018397656	0.001990049751243781	0.039259452	0.05375494071146245	4.342756	12.692502	1
C1orf174	0.11517605	0.09605569	0.10497512437810945	0.14556071	0.20790513833992094	0.5991677	5.46083	1
GPR153	0.02197272	0.0035715543	0.003980099502487562	0.051211037	0.0782608695652174	3.8048062	16.944643	1
GPR157	0.0117629	0.0039601927	0.004477611940298508	0.02416105	0.03557312252964427	2.579022	6.4909225	1
H6PD	0.066448405	0.046912417	0.05373134328358209	0.09748519	0.1383399209486166	1.0536203	8.357202	1
RBP7	0.022785146	0.007222301	0.006965174129353234	0.04751358	0.07035573122529644	2.7010043	11.764577	1
FBXO42	0.10435063	0.08460117	0.09353233830845771	0.1357324	0.19130434782608696	0.6813738	6.138324	1
MFAP2	0.3582839	0.25486192	0.2507462686567164	0.52260613	0.5660079051383399	1.0357183	44.25141	1
CAMK2N1	0.09382206	0.01652625	0.01691542288557214	0.21664049	0.26403162055335966	3.704434	44.25141	1
KDM1A	0.28602043	0.24619706	0.24676616915422886	0.3492832	0.4197628458498024	0.50441074	9.560588	1
LDLRAP1	0.096329525	0.11303636	0.12288557213930348	0.06978635	0.10592885375494071	-0.69498	5.5961647	1
ZNF593	0.18533543	0.15691748	0.1691542288557214	0.2304902	0.29881422924901185	0.554406	7.413601	1
HMGN2	0.89887387	0.75476146	0.6029850746268657	1.1278672	0.8584980237154151	0.57944137	44.25141	1
ARID1A	0.50299007	0.43317306	0.40945273631840795	0.61391896	0.6411067193675889	0.5030068	19.831245	1
AHDC1	0.17700702	0.14929079	0.1517412935323383	0.22104803	0.2964426877470356	0.5659213	7.284818	1
RAB42	0.0062948065	0.000263703	0.0004975124378109452	0.015877824	0.02766798418972332	5.457166	7.325327	1
GMEB1	0.15499109	0.13124211	0.13532338308457711	0.19273457	0.2624505928853755	0.5540342	6.187646	1
TINAGL1	0.011643944	0.0010825376	0.0014925373134328358	0.028425463	0.039525691699604744	4.5922923	9.862426	1
COL16A1	0.032149643	0.0059869047	0.005970149253731343	0.073720545	0.10909090909090909	3.6002417	23.786448	1
CCDC28B	0.2794123	0.23037869	0.22786069651741295	0.3573124	0.43636363636363634	0.63295627	14.518758	1
FAM167B	0.19187342	0.21803088	0.21144278606965175	0.1503036	0.1984189723320158	-0.5363549	6.2473965	1
FNDC5	0.006056388	0.00083925	0.0009950248756218905	0.014346103	0.019762845849802372	3.9430273	5.006306	1
ZNF362	0.10625711	0.087206624	0.09253731343283582	0.13652855	0.19683794466403162	0.646096	5.641959	1
CLSPN	0.05384549	0.03757608	0.03582089552238806	0.07969364	0.10197628458498023	1.0826248	5.941067	1
AGO3	0.34964642	0.2993381	0.2935323383084577	0.4295703	0.4980237154150198	0.5209722	12.980466	1
POU3F1	0.014592998	0.005500323	0.006965174129353234	0.02904088	0.0458498023715415	2.3794625	7.4668803	1
HEYL	0.077601425	0.01085189	0.010945273631840797	0.18366157	0.24347826086956523	4.0685835	44.25141	1
NFYC	0.19407728	0.1602105	0.1681592039800995	0.24788791	0.3241106719367589	0.6294008	9.703731	1
TIE1	0.63577056	0.71918464	0.6029850746268657	0.5032265	0.5533596837944664	-0.51506823	24.817987	1
SLC6A9	0.008363846	0.0012551774	0.0014925373134328358	0.019659163	0.02766798418972332	3.8659682	6.661425	1
IPP	0.07280031	0.056093156	0.0626865671641791	0.099341005	0.14466403162055336	0.82344645	6.1135774	1
CYP4X1	0.008650896	0.0011107925	0.0009950248756218905	0.02063171	0.028458498023715414	4.0978155	7.0402474	1
SPATA6	0.105576046	0.067376524	0.07064676616915423	0.16627395	0.2189723320158103	1.301972	17.889477	1
BEND5	0.024105566	0.009240719	0.00945273631840796	0.047724996	0.06719367588932806	2.3561594	10.73374	1
TUT4	0.27706832	0.20498528	0.20746268656716418	0.39159375	0.45138339920948617	0.93350214	28.30572	1
GPX7	0.14990455	0.11970366	0.12686567164179105	0.19789964	0.2648221343873518	0.72482586	9.551806	1
NFIA	0.3895989	0.20103431	0.19950248756218905	0.689212	0.6537549407114625	1.776998	44.25141	1
L1TD1	0.00824214	0.001997749	0.0024875621890547263	0.018164054	0.025296442687747035	3.122093	5.2771063	1
DOCK7	0.09974444	0.03390296	0.035323383084577116	0.20436352	0.266403162055336	2.5881112	44.25141	1
ROR1	0.10369325	0.083524495	0.0880597014925373	0.13574244	0.18814229249011857	0.6999368	6.0350876	1
PDE4B	0.2452913	0.2901381	0.28308457711442786	0.17401767	0.22529644268774704	-0.7371742	14.547699	1
GNG12	0.16806047	0.10949552	0.11492537313432835	0.2611185	0.33438735177865614	1.2530681	28.773489	1
WLS	0.18108475	0.15334131	0.15870646766169155	0.22516832	0.29960474308300394	0.55395746	7.1586494	1
NEXN	0.05375786	0.037277784	0.03980099502487562	0.07994115	0.11383399209486166	1.0985608	7.1496186	1
IFI44L	0.009599657	1.4042598e-09	0.0	0.024852864	0.04189723320158103	7.9630413	11.512187	1
SYDE2	0.018558817	0.0073419586	0.007462686567164179	0.036381945	0.05138339920948617	2.2934284	8.320118	1
LMO4	0.24686146	0.16230518	0.16965174129353233	0.38120878	0.4268774703557312	1.2313621	39.63186	1
GTF2B	0.17891046	0.14727227	0.1527363184079602	0.2291829	0.3059288537549407	0.63766366	9.217339	1
RBMXL1	0.06868121	0.052607052	0.06069651741293532	0.09421659	0.13280632411067195	0.83951557	5.986112	1
GBP1	0.018367153	0.0030988741	0.0029850746268656717	0.042627484	0.06324110671936758	3.7395282	13.596728	1
CDC7	0.03545143	0.023297988	0.024875621890547265	0.054762606	0.07588932806324111	1.2294388	5.758922	1
CCDC18-AS1	0.08235579	0.058050413	0.06218905472636816	0.12097225	0.16600790513833993	1.0580069	10.099526	1
LRRC39	0.0069065494	0.00091893267	0.0009950248756218905	0.016420526	0.023715415019762844	4.019129	6.034688	1
VCAM1	0.025509182	0.005104479	0.005472636815920398	0.057930995	0.0782608695652174	3.4789982	16.346022	1
DPH5	0.10631337	0.08395334	0.08955223880597014	0.14184476	0.19051383399209487	0.75595254	7.1096025	1
OLFM3	0.010806322	0.0011106153	0.0009950248756218905	0.026212256	0.03715415019762846	4.4419227	8.315042	1
GSTM2	0.0142635	0.005543588	0.005970149253731343	0.0281192	0.04189723320158103	2.3219924	6.617914	1
GSTM3	0.2720837	0.23139346	0.23432835820895523	0.33672562	0.40948616600790516	0.5410304	10.442556	1
CSF1	0.021309167	0.0044690724	0.004975124378109453	0.048067093	0.07272727272727272	3.3980746	15.089005	1
SLC16A1-AS1	0.08315882	0.06136287	0.06567164179104477	0.117787026	0.15731225296442689	0.9396179	7.9646773	1
OLFML3	0.08234332	0.031515036	0.03283582089552239	0.1631049	0.21106719367588933	2.3680017	34.11217	1
SYT6	0.007929584	0.0004737696	0.0004975124378109452	0.019776387	0.028458498023715414	5.11444	7.788569	1
NGF	0.015343339	0.0015059342	0.001990049751243781	0.037330102	0.05375494071146245	4.5427146	13.172451	1
IGSF3	0.02226524	0.012427236	0.012935323383084577	0.037897415	0.05454545454545454	1.6008333	5.822408	1
PTGFRN	0.16147552	0.13364683	0.136318407960199	0.20570007	0.2727272727272727	0.6217388	7.6751165	1
WARS2	0.053143773	0.0385171	0.041791044776119404	0.07638179	0.11383399209486166	0.98587644	6.1091785	1
ZNF697	0.05193896	0.027053827	0.03034825870646766	0.09147738	0.13517786561264822	1.7538358	15.85433	1
PHGDH	0.11563736	0.032363467	0.034328358208955224	0.24795443	0.31462450592885377	2.9337676	44.25141	1
NOTCH2	0.10047281	0.011988794	0.013930348258706468	0.24106838	0.3098814229249012	4.3182983	44.25141	1
LINC00623	0.07237264	0.04364436	0.049253731343283584	0.11801684	0.16126482213438736	1.4330456	14.969033	1
TXNIP	0.32528153	0.22328424	0.19751243781094527	0.48733708	0.4924901185770751	1.1256886	40.879604	1
NBPF10	0.010025414	0.0003350125	0.0004975124378109452	0.025422823	0.03715415019762846	5.874587	9.772351	1
NOTCH2NLA	0.017963108	0.0009651585	0.0009950248756218905	0.044971716	0.06877470355731226	5.4030824	17.908445	1
BCL9	0.03958263	0.018359542	0.019402985074626865	0.0733047	0.1067193675889328	1.9915056	14.376324	1
NBPF14	0.03708547	0.0019685386	0.0024875621890547263	0.09288394	0.13359683794466404	5.490298	34.63594	1
PDE4DIP	0.053644303	0.035934743	0.03880597014925373	0.08178067	0.11936758893280633	1.1841344	8.380925	1
NBPF9	0.020590657	0.011430412	0.013930348258706468	0.035145886	0.05217391304347826	1.612011	5.692883	1
AC245297.3	0.08363044	0.046392117	0.050746268656716415	0.14279804	0.1976284584980237	1.619928	21.643738	1
NOTCH2NLC	0.010299622	0.0002420758	0.0004975124378109452	0.026280435	0.03873517786561265	6.2690086	10.654389	1
NBPF19	0.027822858	0.0016558324	0.001990049751243781	0.06940057	0.09644268774703557	5.306798	24.949854	1
MTMR11	0.020000061	0.010158973	0.011442786069651741	0.035637133	0.05217391304347826	1.8005377	6.357346	1
ARNT	0.12381274	0.101279266	0.10696517412935323	0.15962169	0.21739130434782608	0.65579754	6.5848527	1
C1orf56	0.15941052	0.1167391	0.11990049751243781	0.22721818	0.25059288537549407	0.9601899	13.652538	1
SELENBP1	0.022810375	0.007586631	0.008955223880597015	0.047000192	0.06640316205533597	2.6153097	11.637985	1
POGZ	0.31305477	0.26959687	0.272636815920398	0.38209298	0.45770750988142295	0.5029625	10.932298	1
SNX27	0.15900654	0.12766552	0.1338308457711443	0.20881292	0.27430830039525694	0.70940316	9.664166	1
THEM4	0.08391172	0.06686896	0.07611940298507462	0.11098805	0.15810276679841898	0.73013914	5.6489873	1
CKS1B	0.21044467	0.16099766	0.1527363184079602	0.2890102	0.3383399209486166	0.8436839	15.773988	1
MEX3A	0.12020681	0.058991563	0.06069651741293532	0.2174759	0.2909090909090909	1.8804947	39.870956	1
CRABP2	0.051476363	0.012211691	0.012935323383084577	0.11386447	0.1509881422924901	3.2104833	30.36655	1
F11R	0.45223835	0.5194203	0.4701492537313433	0.34547645	0.4134387351778656	-0.58817536	20.164095	1
FCGR2A	0.008775419	0.0026132255	0.0029850746268656717	0.018566852	0.028458498023715414	2.7823977	5.7254505	1
OLFML2B	0.019356519	0.0006881868	0.0009950248756218905	0.049019247	0.06877470355731226	5.961607	17.983765	1
UAP1	0.057617787	0.040076323	0.044278606965174126	0.08548624	0.12648221343873517	1.0910333	7.9151583	1
DDR2	0.07673194	0.011933725	0.012935323383084577	0.17969126	0.23557312252964427	3.9011676	44.25141	1
PRRX1	0.0288402	0.003315483	0.003980099502487562	0.069397286	0.09407114624505929	4.346795	22.221334	1
DNM3OS	0.15540697	0.045757946	0.04975124378109453	0.32963267	0.3841897233201581	2.8460531	44.25141	1
PIGC	0.14755245	0.11698876	0.12437810945273632	0.19612314	0.2671936758893281	0.74489254	10.176189	1
GAS5	0.824171	0.610944	0.5258706467661691	1.1629783	0.8735177865612648	0.9286001	44.25141	1
ANGPTL1	0.014274932	0.0035086498	0.003482587064676617	0.031381924	0.04426877470355731	3.1249928	8.957998	1
RGS16	0.13088118	0.07588053	0.07263681592039802	0.21827677	0.2766798418972332	1.5231178	27.994207	1
COLGALT2	0.009139459	0.0027270531	0.0029850746268656717	0.019328393	0.02766798418972332	2.7807956	5.4551954	1
C1orf21	0.12374293	0.09864278	0.10348258706467661	0.16362923	0.21818181818181817	0.7295647	7.781215	1
RGS2	0.044481922	0.021382164	0.02437810945273632	0.08118477	0.108300395256917	1.9198457	13.678851	1
KCNT2	0.0076988866	1.4042598e-09	0.0	0.019931894	0.028458498023715414	7.646135	7.702139	1
CFH	0.021285852	0.0040272023	0.003980099502487562	0.04870883	0.07193675889328063	3.5639062	15.314107	1
ZBTB41	0.08075904	0.060434796	0.06865671641791045	0.113048345	0.16442687747035573	0.9023789	7.913068	1
MIR181A1HG	0.17684811	0.12166307	0.12238805970149254	0.2645342	0.3209486166007905	1.1199228	23.381561	1
KIF21B	0.03972049	0.018924	0.020895522388059702	0.07276465	0.10513833992094862	1.9373986	13.424028	1
TNNI1	0.027301123	0.013481531	0.014925373134328358	0.049259625	0.06482213438735178	1.8616854	7.465336	1
REN	0.03322361	0.01385995	0.012437810945273632	0.06399144	0.05928853754940711	2.198838	6.9224677	1
PLEKHA6	0.0077369744	0.0017969402	0.001990049751243781	0.01717544	0.025296442687747035	3.1869764	5.476842	1
MDM4	0.33582917	0.28478807	0.27860696517412936	0.4169167	0.4901185770750988	0.54971	13.863583	1
CAMK1G	0.0056534624	1.4042598e-09	0.0	0.014636423	0.019762845849802372	7.2032223	5.9669294	1
G0S2	0.06672359	0.008243154	0.00845771144278607	0.1596446	0.1857707509881423	4.259031	41.283398	1
VASH2	0.019503709	0.0071669007	0.007462686567164179	0.03910631	0.05612648221343874	2.4316738	9.392804	1
CENPF	0.0971494	0.06010067	0.04079601990049751	0.15601549	0.12569169960474308	1.374762	9.403062	1
TGFB2	0.023619764	0.0035646062	0.003980099502487562	0.05548614	0.0774703557312253	3.922995	17.819166	1
SUSD4	0.015471856	0.0013097441	0.0014925373134328358	0.037974577	0.05454545454545454	4.755323	13.489136	1
TP53BP2	0.15783492	0.13415463	0.1417910447761194	0.1954694	0.25059288537549407	0.54270875	5.8380804	1
ENAH	0.17093313	0.09186994	0.09601990049751244	0.29655918	0.35889328063241105	1.689572	44.25141	1
EPHX1	0.0428368	0.02704183	0.03034825870646766	0.067932874	0.10039525691699605	1.325714	8.212707	1
TMEM63A	0.106461234	0.086363904	0.09502487562189055	0.13839579	0.19446640316205532	0.67967224	6.204697	1
PARP1	0.46631622	0.39456436	0.3756218905472637	0.5803177	0.6102766798418973	0.5564654	21.29625	1
OBSCN	0.048153102	0.023681885	0.0263681592039801	0.087034725	0.12173913043478261	1.8733848	15.349305	1
RHOU	0.033530794	0.019506318	0.020895522388059702	0.055814907	0.08300395256916997	1.5119144	7.912339	1
CCSAP	0.01463986	0.0069317627	0.007960199004975124	0.026887907	0.03873517786561265	1.9403548	5.343597	1
KIF26B	0.042231962	0.013464292	0.014925373134328358	0.0879415	0.11699604743083004	2.69837	21.036066	1
ID2	0.117880814	0.07843883	0.08109452736318408	0.18055548	0.22608695652173913	1.2017629	16.520773	1
IAH1	0.2633049	0.21920435	0.22885572139303484	0.33336684	0.4039525691699605	0.6046088	12.5485115	1
TRIB2	0.17519902	0.05003362	0.0527363184079602	0.37407666	0.4268774703557312	2.8998692	44.25141	1
AC064875.1	0.008569118	0.0007565376	0.0009950248756218905	0.020982858	0.03241106719367589	4.62141	8.43771	1
RDH14	0.2048898	0.17350537	0.18109452736318407	0.25475264	0.3367588932806324	0.55385166	8.291472	1
OSR1	0.014451175	0.0058166925	0.006467661691542288	0.028171033	0.04031620553359684	2.2564619	6.517361	1
KLHL29	0.016084742	0.006116776	0.006965174129353234	0.03192342	0.048221343873517786	2.3648891	7.807855	1
ATAD2B	0.10732934	0.08714561	0.0945273631840796	0.13940336	0.19683794466403162	0.6771454	6.254938	1
NCOA1	0.14896144	0.11933147	0.12835820895522387	0.19604872	0.27430830039525694	0.7157648	9.7286625	1
ADCY3	0.03497925	0.019951543	0.023383084577114428	0.058857456	0.08300395256916997	1.5559611	8.627043	1
DNMT3A	0.18076847	0.14574853	0.15024875621890546	0.23641357	0.30513833992094863	0.6974522	10.560837	1
EMILIN1	0.09935374	0.018393971	0.020398009950248756	0.22799356	0.291699604743083	3.6244988	44.25141	1
GTF3C2	0.088881075	0.07188383	0.08208955223880597	0.1158853	0.16758893280632411	0.68819726	5.4629335	1
CYP1B1	0.047896374	0.0071980734	0.007960199004975124	0.11256281	0.14308300395256918	3.948352	31.252287	1
SLC8A1	0.042773705	0.010264071	0.010945273631840797	0.09442881	0.12964426877470356	3.1891634	25.592995	1
PKDCC	0.045888614	0.012981402	0.013930348258706468	0.09817438	0.14150197628458497	2.9092982	27.272324	1
MTA3	0.1331789	0.10205534	0.11144278606965174	0.18263689	0.25138339920948616	0.83900326	11.230571	1
OXER1	0.0065589347	0.00079219614	0.0009950248756218905	0.015721936	0.02292490118577075	4.1484213	5.8583317	1
HAAO	0.015205199	0.0016037412	0.001990049751243781	0.036817014	0.052964426877470355	4.437508	12.697431	1
PLEKHH2	0.048659917	0.008687706	0.009950248756218905	0.112172216	0.14782608695652175	3.6753707	32.27456	1
MSH6	0.17695406	0.13876092	0.14527363184079603	0.2376419	0.3059288537549407	0.7757555	12.641687	1
NRXN1	0.10322331	0.010461527	0.011940298507462687	0.250616	0.2656126482213439	4.569164	44.25141	1
ASB3	0.11130333	0.090464786	0.09601990049751244	0.14441733	0.1976284584980237	0.6742204	6.165621	1
EML6	0.017455773	0.0013080715	0.0014925373134328358	0.043113425	0.05928853754940711	4.9396873	14.538605	1
BCL11A	0.090827204	0.0672554	0.07064676616915423	0.12827945	0.17944664031620552	0.93054867	8.938377	1
MDH1	0.46476322	0.39680222	0.3845771144278607	0.57274264	0.6047430830039525	0.52935535	19.235872	1
PELI1	0.11541499	0.09424714	0.10049751243781095	0.14905311	0.20395256916996046	0.66074336	6.197464	1
MEIS1	0.13751091	0.0701918	0.07412935323383085	0.24447867	0.30355731225296445	1.7988702	40.006035	1
ANTXR1	0.19367012	0.057254154	0.06218905472636816	0.4104227	0.4490118577075099	2.839492	44.25141	1
DYSF	0.637545	0.7241163	0.609950248756219	0.4999847	0.5478260869565217	-0.5342483	27.25831	1
TET3	0.07514569	0.057795312	0.06119402985074627	0.102708675	0.14782608695652175	0.8284435	6.172059	1
MTHFD2	0.10444823	0.07237948	0.08159203980099503	0.15540452	0.21106719367588933	1.101312	13.911878	1
LOXL3	0.012992443	0.0034878242	0.003980099502487562	0.028094865	0.04426877470355731	2.9742513	8.7657585	1
POLE4	0.2803714	0.23384161	0.23432835820895523	0.3542926	0.4300395256916996	0.59919995	13.250205	1
MAT2A	0.45308435	0.35192528	0.3353233830845771	0.61381406	0.6158102766798419	0.8023577	39.21627	1
GGCX	0.16480173	0.1381021	0.15024875621890546	0.20723088	0.27035573122529644	0.5851554	7.0443954	1
DUSP2	0.018141635	0.0023313693	0.0029850746268656717	0.043263175	0.06798418972332015	4.1566296	15.574897	1
AFF3	0.017790603	0.0034592582	0.003980099502487562	0.040562283	0.05928853754940711	3.5140429	12.836053	1
NCK2	0.25568017	0.21333641	0.22139303482587064	0.32295164	0.4039525691699605	0.59795845	12.043211	1
ST6GAL2	0.032156415	0.010874202	0.011940298507462687	0.065972686	0.09249011857707509	2.5899382	14.951273	1
SLC5A7	0.02086103	0.001920028	0.001990049751243781	0.050957035	0.06877470355731226	4.6596627	16.455505	1
CCDC138	0.018147103	0.0098698335	0.011442786069651741	0.031299476	0.043478260869565216	1.6550993	5.1324162	1
SOWAHC	0.0328859	0.016885698	0.018407960199004977	0.058309354	0.08458498023715415	1.781879	9.942179	1
RGPD5	0.042041894	0.028405903	0.03034825870646766	0.06370803	0.08774703557312254	1.1624774	6.0334673	1
MALL	0.5512283	0.623192	0.5014925373134328	0.43686926	0.4561264822134387	-0.5123765	17.206863	1
AC108463.3	0.10050047	0.07465262	0.07960199004975124	0.14157252	0.1857707509881423	0.92236394	9.383058	1
AC068491.3	0.06434146	0.0461306	0.0527363184079602	0.09327321	0.13201581027667983	1.0141605	7.5087347	1
DPP10	0.011626834	0.002749838	0.0029850746268656717	0.025731834	0.034782608695652174	3.1801982	7.060566	1
GLI2	0.010125545	0.00073713035	0.0009950248756218905	0.025043115	0.03715415019762846	4.9085674	9.549355	1
CYP27C1	0.026746105	0.011231497	0.013432835820895522	0.051397946	0.07114624505928854	2.1841764	10.693071	1
MAP3K2	0.23159875	0.18772104	0.1925373134328358	0.30131057	0.38102766798418974	0.6823712	13.630446	1
LYPD1	0.008409887	0.00054295943	0.0004975124378109452	0.02090994	0.02766798418972332	5.0302005	7.256126	1
THSD7B	0.0075564883	0.0006549433	0.0004975124378109452	0.018522564	0.02608695652173913	4.62454	6.694346	1
HNMT	0.058604296	0.017059887	0.01890547263681592	0.12461415	0.17707509881422925	2.8615131	34.010323	1
LRP1B	0.037640765	0.01887351	0.01990049751243781	0.067460865	0.09486166007905138	1.8322011	11.531721	1
ZEB2	0.40332645	0.26116106	0.2646766169154229	0.62921286	0.6205533596837944	1.2682854	44.25141	1
MBD5	0.22786626	0.18329139	0.18606965174129353	0.2986857	0.37628458498023715	0.7041851	14.062428	1
EPC2	0.15757129	0.12958875	0.13582089552238805	0.20204173	0.2711462450592885	0.6403138	7.9826283	1
KIF5C	0.04734319	0.024483843	0.02736318407960199	0.08366367	0.11067193675889328	1.7686142	13.2240715	1
CSRNP3	0.13264984	0.075408824	0.0781094527363184	0.22360471	0.28300395256916994	1.5668784	31.298616	1
SCN9A	0.4194579	0.47509956	0.4218905472636816	0.33103177	0.383399209486166	-0.52112806	13.7488365	1
CERS6	0.1472772	0.10604335	0.11393034825870647	0.21280056	0.28616600790513835	1.0041658	17.49422	1
NOSTRIN	0.15087846	0.17203327	0.17313432835820897	0.117271915	0.16284584980237155	-0.55243874	5.368986	1
KLHL23	0.108727284	0.04142014	0.044278606965174126	0.21567583	0.27509881422924903	2.37765	44.25141	1
CYBRD1	0.064229	0.03745399	0.04079601990049751	0.10676925	0.14782608695652175	1.5088086	14.466251	1
HOXD11	0.016005732	0.0051520253	0.004975124378109453	0.033251744	0.04901185770750988	2.6668165	8.519606	1
OSBPL6	0.01953058	0.006992257	0.006965174129353234	0.039453357	0.05533596837944664	2.4794836	9.015912	1
FKBP7	0.15734789	0.12363327	0.12935323383084577	0.21092522	0.2782608695652174	0.77018195	11.101674	1
ITGA4	0.2602227	0.17354183	0.17164179104477612	0.39794582	0.45375494071146244	1.1968199	40.25328	1
PDE1A	0.042806245	0.009013709	0.008955223880597015	0.09649974	0.12806324110671938	3.4059093	27.022058	1
FRZB	0.09117517	0.0129928645	0.015422885572139304	0.21540207	0.2648221343873518	4.040849	44.25141	1
ZNF804A	0.0073085674	0.0004395774	0.0004975124378109452	0.018222965	0.028458498023715414	5.085679	7.279552	1
FSIP2	0.047963932	0.032128118	0.03383084577114428	0.07312357	0.09644268774703557	1.183988	6.8109922	1
ITGAV	0.43268147	0.35356542	0.34577114427860695	0.5583839	0.5770750988142292	0.6591306	25.7678	1
COL3A1	0.68679327	0.15800087	0.15124378109452735	1.52701	0.9067193675889328	3.2718868	44.25141	1
SLC40A1	0.111013696	0.062199656	0.0681592039800995	0.18857838	0.24743083003952568	1.5986329	27.009653	1
STAT1	0.15740846	0.13553335	0.14875621890547264	0.19217452	0.266403162055336	0.50345564	5.468344	1
STK17B	0.07794799	0.015455982	0.01691542288557214	0.17724293	0.22608695652173913	3.5110004	44.25141	1
AC114760.2	0.008069612	0.00050514285	0.0004975124378109452	0.020089079	0.0308300395256917	5.0601554	8.1046295	1
HECW2-AS1	0.0090583265	0.0028284418	0.0029850746268656717	0.018957384	0.030039525691699605	2.7021449	5.4720063	1
PGAP1	0.12522946	0.0954029	0.10298507462686567	0.17262752	0.22845849802371543	0.8548816	10.478539	1
ANKRD44	0.06312438	0.035070658	0.03731343283582089	0.107696645	0.1533596837944664	1.615868	16.029936	1
SPATS2L	0.6119087	0.48299912	0.445771144278607	0.8167344	0.7225296442687748	0.7577244	44.25141	1
PPIL3	0.14418694	0.11632605	0.12686567164179105	0.18846343	0.24980237154150198	0.69563603	8.566143	1
CASP10	0.12895577	0.14934593	0.154726368159204	0.09656384	0.12964426877470356	-0.6285755	5.7295895	1
FZD7	0.009429269	0.0034424053	0.003482587064676617	0.018942261	0.0308300395256917	2.4264035	5.2499547	1
FAM117B	0.032965038	0.02173737	0.022885572139303482	0.050805297	0.06956521739130435	1.2210166	5.2100534	1
ICA1L	0.037786502	0.02467646	0.026865671641791045	0.058617648	0.08537549407114625	1.2448242	6.474749	1
CCNYL1	0.25020257	0.2834308	0.2865671641791045	0.197391	0.2600790513833992	-0.52171856	8.32519	1
MAP2	0.056461733	0.014985169	0.01691542288557214	0.12236412	0.16758893280632411	3.0211563	33.574215	1
CPS1	0.019103741	0.0059494036	0.006467661691542288	0.040005326	0.062450592885375494	2.728929	11.282679	1
ATIC	0.07347934	0.044989616	0.04975124378109453	0.118743904	0.1691699604743083	1.3982008	15.170689	1
FN1	0.9898067	0.47661296	0.3502487562189055	1.8052413	0.8964426877470356	1.9210789	44.25141	1
IGFBP5	1.1220679	0.8618781	0.3920398009950249	1.5355074	0.7976284584980237	0.8330863	44.25141	1
DIRC3	0.014416873	0.0025282807	0.003482587064676617	0.033307202	0.042687747035573126	3.6679678	9.70745	1
TNS1	0.108042076	0.07168423	0.07611940298507462	0.16581362	0.22055335968379447	1.2086935	16.654388	1
ZFAND2B	0.13271981	0.10598239	0.11492537313432835	0.17520985	0.23794466403162054	0.7247218	8.491938	1
STK16	0.14555721	0.12329903	0.12935323383084577	0.18093115	0.2482213438735178	0.5529069	5.7202325	1
CHPF	0.043135073	0.007620276	0.007960199004975124	0.09956492	0.14545454545454545	3.6903615	32.587177	1
OBSL1	0.061007958	0.022210607	0.02437810945273632	0.122652315	0.17391304347826086	2.4599485	29.797068	1
EPHA4	0.0595605	0.032664657	0.03631840796019901	0.10229249	0.12964426877470356	1.6438975	14.011191	1
KCNE4	0.041312717	0.0025552379	0.0029850746268656717	0.102895714	0.1391304347826087	5.2775993	33.90808	1
SCG2	0.010720605	0.0018591419	0.001990049751243781	0.024800995	0.03162055335968379	3.6679096	6.8978915	1
SERPINE2	0.10618088	0.07238719	0.07213930348258707	0.15987745	0.2007905138339921	1.1420705	13.512521	1
PID1	0.02923319	0.002753495	0.0029850746268656717	0.07130766	0.09960474308300395	4.645277	24.283113	1
SP110	0.08318659	0.056714907	0.06069651741293532	0.12524475	0.17233201581027668	1.1415601	11.733196	1
ARMC9	0.0766379	0.055935286	0.06119402985074627	0.10952797	0.1549407114624506	0.9682083	8.211128	1
NMUR1	0.0069352654	0.0015297489	0.0014925373134328358	0.015524394	0.02450592885375494	3.2610786	5.1790895	1
INPP5D	0.074716076	0.09076488	0.09601990049751244	0.04920884	0.07588932806324111	-0.8818765	6.349352	1
COL6A3	0.32671568	0.039873067	0.04328358208955224	0.7824889	0.6703557312252965	4.2911544	44.25141	1
TWIST2	0.010762139	0.00088222505	0.0009950248756218905	0.02646068	0.03873517786561265	4.757095	9.798694	1
GPC1	0.10653284	0.02600874	0.028855721393034824	0.23448071	0.28537549407114626	3.1674798	44.25141	1
MTERF4	0.1480241	0.12687099	0.12935323383084577	0.1816432	0.2458498023715415	0.5174024	5.1213164	1
ITPR1	0.08585266	0.065078415	0.07064676616915423	0.11885875	0.16047430830039525	0.86799514	7.312925	1
IL17RC	0.032196343	0.015405191	0.017412935323383085	0.058876563	0.08379446640316206	1.9273906	10.811808	1
PPARG	0.10208914	0.04442491	0.046766169154228855	0.19371495	0.2600790513833992	2.1219952	39.33105	1
RFTN1	0.08294145	0.06580811	0.0736318407960199	0.11016102	0.16126482213438736	0.742395	5.809328	1
SATB1	0.119841486	0.08847119	0.09502487562189055	0.16969001	0.233201581027668	0.93884224	12.150222	1
AC061958.1	0.034801096	0.022841612	0.02437810945273632	0.053804137	0.0766798418972332	1.2324293	5.736902	1
ZNF385D	0.008811726	0.0013336523	0.0009950248756218905	0.02069398	0.028458498023715414	3.858399	6.1858945	1
UBE2E2	0.21940035	0.1823396	0.18855721393034827	0.2782813	0.3541501976284585	0.6096434	10.476672	1
TOP2B	0.28615642	0.24090585	0.23980099502487562	0.3580433	0.4205533596837945	0.5714688	11.840012	1
OSBPL10	0.34602004	0.39129853	0.3661691542288557	0.27406085	0.34782608695652173	-0.51361585	11.449814	1
TRANK1	0.025012044	0.014315242	0.014925373134328358	0.042008787	0.06403162055335969	1.5465263	6.338406	1
ZNF445	0.08919163	0.06898926	0.07611940298507462	0.1212902	0.16600790513833993	0.8131186	6.9279594	1
ZKSCAN7	0.0131331	0.0059705623	0.006965174129353234	0.024514252	0.03873517786561265	2.0195918	5.482744	1
CCR1	0.010731535	0.0003075877	0.0004975124378109452	0.02729451	0.043478260869565216	6.0706325	11.178203	1
PTH1R	0.0122547215	0.0016884262	0.001990049751243781	0.029043907	0.042687747035573126	4.0264316	9.929107	1
SMARCC1	0.56210494	0.48298866	0.44228855721393034	0.68780935	0.6798418972332015	0.5099306	23.051	1
IP6K2	0.36740187	0.30843335	0.3004975124378109	0.4610901	0.5351778656126482	0.5799351	17.306175	1
ARIH2	0.18570618	0.1564444	0.16666666666666666	0.23220137	0.30513833992094863	0.5694257	7.870475	1
IMPDH2	0.24459036	0.16997722	0.1771144278606965	0.36313862	0.4434782608695652	1.0947276	34.83448	1
APEH	0.09919531	0.07838089	0.0845771144278607	0.13226806	0.18735177865612648	0.7541417	6.708405	1
MAPKAPK3	0.03255707	0.021641256	0.022388059701492536	0.049901824	0.07351778656126483	1.2015455	5.218127	1
RBM15B	0.19577257	0.16535445	0.17064676616915422	0.24410258	0.31620553359683795	0.56164443	7.7966022	1
NISCH	0.18680443	0.15796359	0.16069651741293534	0.23263074	0.2972332015810277	0.5581568	7.205335	1
PTPRG	0.29386932	0.2208197	0.22338308457711442	0.4099289	0.47035573122529645	0.89220345	28.647177	1
PRICKLE2	0.008333509	0.0016281748	0.001990049751243781	0.018987942	0.028458498023715414	3.4653406	6.150211	1
FOXP1	0.2835899	0.16669288	0.16865671641791044	0.4693256	0.5233201581027668	1.4928387	44.25141	1
PDZRN3	0.03454053	0.0044316985	0.004975124378109453	0.08238154	0.12094861660079051	4.1859474	28.201735	1
ROBO2	0.024751747	0.0066843964	0.006965174129353234	0.05345973	0.0774703557312253	2.9808564	14.426102	1
EPHA3	0.032407843	0.0028008698	0.003482587064676617	0.07945138	0.11620553359683794	4.7773294	28.64577	1
RIOX2	0.075572245	0.056252252	0.06318407960199005	0.106265076	0.1533596837944664	0.91647935	7.7211766	1
DCBLD2	0.13455334	0.046239547	0.050248756218905476	0.2748794	0.3359683794466403	2.5690076	44.25141	1
COL8A1	0.006526631	0.0015881156	0.001990049751243781	0.014373723	0.02450592885375494	3.0999506	5.3107815	1
CMSS1	0.12948427	0.10764912	0.11492537313432835	0.16418472	0.21976284584980238	0.6085222	5.9090767	1
FILIP1L	0.07632771	0.014757911	0.015422885572139304	0.1741572	0.21818181818181817	3.5519152	44.25141	1
TMEM45A	0.099381156	0.08097949	0.08358208955223881	0.12862155	0.17470355731225296	0.66684467	5.215114	1
NFKBIZ	0.082487725	0.030146284	0.03034825870646766	0.16565372	0.2150197628458498	2.4542115	36.69529	1
DZIP3	0.097409494	0.073488824	0.07960199004975124	0.13541864	0.1841897233201581	0.8809327	8.738609	1
NECTIN3	0.17044473	0.12616974	0.1338308457711443	0.24079776	0.30513833992094863	0.931912	16.755867	1
CCDC80	0.15114799	0.019520711	0.021393034825870648	0.36029541	0.4031620553359684	4.1991315	44.25141	1
BOC	0.043957643	0.022229718	0.024875621890547265	0.07848073	0.10909090909090909	1.8152105	13.306396	1
CFAP44	0.029478371	0.015521536	0.01791044776119403	0.051655017	0.07430830039525692	1.7281625	8.45205	1
SPICE1	0.058328595	0.04453558	0.049253731343283584	0.080240585	0.11462450592885376	0.8479348	5.0236	1
ZBTB20	0.14972131	0.11344511	0.11890547263681592	0.20736891	0.26798418972332017	0.8696296	12.853895	1
LSAMP	0.09465118	0.039818887	0.04228855721393035	0.18177633	0.23478260869565218	2.1878142	36.319996	1
FSTL1	0.4315485	0.30349523	0.2945273631840796	0.6350112	0.6466403162055336	1.0648602	44.25141	1
SEMA5B	0.051094774	0.007939405	0.008955223880597015	0.11966534	0.16758893280632411	3.8969781	37.997723	1
ADCY5	0.014798099	0.0021687537	0.0024875621890547263	0.034865394	0.0458498023715415	3.945956	10.597914	1
CCDC14	0.16874696	0.13095644	0.1338308457711443	0.22879732	0.2948616600790514	0.80451226	12.68385	1
IFT122	0.053864103	0.040209264	0.04378109452736319	0.075557694	0.11067193675889328	0.9083753	5.3612733	1
MRPL3	0.2894069	0.24600868	0.2512437810945274	0.35835135	0.44031620553359685	0.5424818	11.670592	1
TMEM108	0.011592187	0.0026245583	0.0029850746268656717	0.025841257	0.037944664031620556	3.2511542	8.075042	1
TFDP2	0.20121358	0.14603393	0.15323383084577114	0.28888825	0.3691699604743083	0.9837196	22.964931	1
PCOLCE2	0.00643815	0.0007226911	0.0009950248756218905	0.015519663	0.02450592885375494	4.2468686	6.1116524	1
CHST2	0.22203945	0.13792136	0.1427860696517413	0.35569236	0.425296442687747	1.3661438	44.25141	1
PLSCR4	0.017810108	0.009343339	0.010945273631840797	0.03126364	0.048221343873517786	1.731724	5.6211715	1
AGTR1	0.042609837	0.009451457	0.009950248756218905	0.09529558	0.12964426877470356	3.3201296	27.030952	1
SUCNR1	0.012178155	0.00047073304	0.0004975124378109452	0.030780477	0.04110671936758893	5.7577353	10.241093	1
GMPS	0.24582511	0.21165827	0.21890547263681592	0.3001037	0.37628458498023715	0.50352335	8.274883	1
KCNAB1	0.0111075835	0.0042574946	0.004975124378109453	0.02199227	0.03241106719367589	2.341971	5.5020704	1
C3orf80	0.009959121	0.002128122	0.0024875621890547263	0.022402193	0.03162055335968379	3.3361654	6.610906	1
SMC4	0.20286798	0.17038138	0.15771144278606966	0.25448474	0.30039525691699603	0.5785316	7.3815536	1
PPM1L	0.097174585	0.069487356	0.0736318407960199	0.14116824	0.18735177865612648	1.02154	11.124718	1
SLITRK3	0.006078279	1.4042598e-09	0.0	0.015736252	0.022134387351778657	7.307067	6.348242	1
SERPINI1	0.25501984	0.1173728	0.1208955223880597	0.4737278	0.4458498023715415	2.0120358	44.25141	1
SKIL	0.41323578	0.3420234	0.3243781094527363	0.5263799	0.5754940711462451	0.62186176	21.735699	1
RPL22L1	0.4271955	0.30531594	0.3024875621890547	0.6208478	0.6237154150197628	1.0236968	44.25141	1
TNIK	0.09916941	0.07812699	0.08109452736318408	0.1326056	0.1826086956521739	0.7624908	6.769028	1
PLD1	0.23111302	0.27078566	0.2691542288557214	0.16806044	0.22450592885375495	-0.68784565	12.4310665	1
GNB4	0.23706494	0.19522196	0.19900497512437812	0.30354276	0.38023715415019765	0.63652074	12.257179	1
PARL	0.20883694	0.17951912	0.1890547263681592	0.2554167	0.3264822134387352	0.50847656	7.158965	1
ABCC5	0.19239876	0.16359164	0.1746268656716418	0.23816843	0.3201581027667984	0.54160726	7.475222	1
EPHB3	0.026988579	0.00591906	0.006467661691542288	0.06046677	0.09011857707509881	3.3309164	18.64003	1
MAGEF1	0.22066106	0.17716476	0.18009950248756218	0.28976887	0.3652173913043478	0.7094946	13.678677	1
RPL39L	0.061928757	0.033247717	0.03631840796019901	0.10749812	0.14940711462450593	1.6899929	16.519283	1
CLDN1	0.1700115	0.19631846	0.1890547263681592	0.12821265	0.17470355731225296	-0.6142671	7.0493627	1
MELTF-AS1	0.007503158	0.001224204	0.0014925373134328358	0.01747999	0.025296442687747035	3.730737	6.160031	1
DLG1	0.2509338	0.20253277	0.20945273631840797	0.32782918	0.4015810276679842	0.6945168	15.214303	1
SPON2	0.10391964	0.018391332	0.01890547263681592	0.23981883	0.2150197628458498	3.6976254	43.707344	1
GRK4	0.06915485	0.05414959	0.05870646766169154	0.09299159	0.1359683794466403	0.7790386	5.1945558	1
CYTL1	0.036788125	0.020419665	0.019402985074626865	0.062796615	0.09011857707509881	1.6159753	8.90284	1
CC2D2A	0.120717525	0.10059543	0.10895522388059702	0.15269415	0.20869565217391303	0.60159117	5.541089	1
QDPR	0.17096059	0.14302593	0.14975124378109453	0.21535099	0.2845849802371542	0.5900746	7.4838734	1
SLIT2	0.103496924	0.052740257	0.05373134328358209	0.18414727	0.23873517786561266	1.8019338	29.29422	1
KCNIP4	0.012095048	0.0025765211	0.0029850746268656717	0.027219526	0.045059288537549404	3.3515015	9.164906	1
AC096576.6	0.012905104	0.0015847508	0.0014925373134328358	0.030892441	0.0466403162055336	4.201309	10.6682625	1
KCNIP4-IT1	0.022953078	0.002384489	0.0024875621890547263	0.05563522	0.07272727272727272	4.4875684	16.721512	1
ADGRA3	0.042397767	0.022237618	0.023383084577114428	0.07443036	0.1067193675889328	1.738353	12.217263	1
LGI2	0.025518246	0.014562989	0.015920398009950248	0.042925745	0.052964426877470355	1.5530211	5.4552836	1
PCDH7	0.15568084	0.018377868	0.01890547263681592	0.37384653	0.41185770750988143	4.3389616	44.25141	1
TBC1D1	0.24167849	0.18537605	0.19154228855721392	0.33113074	0.41027667984189725	0.83660364	20.980154	1
KLF3-AS1	0.016209554	0.007667898	0.007960199004975124	0.029782047	0.042687747035573126	1.9436828	5.6128907	1
UGDH	0.16149527	0.12748806	0.13582089552238805	0.21553592	0.28695652173913044	0.7571042	11.232146	1
GABRA2	0.015978362	0.0021397735	0.001990049751243781	0.037966967	0.05454545454545454	4.087115	12.979655	1
GABRB1	0.0068474123	0.0005291943	0.0009950248756218905	0.016886605	0.02608695652173913	4.754748	6.6775465	1
AC107398.3	0.008002782	0.00040466618	0.0004975124378109452	0.020075668	0.0308300395256917	5.321143	8.277879	1
ATP10D	0.2112528	0.14892952	0.16218905472636816	0.3102764	0.3778656126482213	1.0584205	27.119978	1
CORIN	0.008960539	0.001934308	0.001990049751243781	0.020124784	0.025296442687747035	3.3135142	5.644739	1
NIPAL1	0.013385548	0.0063692657	0.006965174129353234	0.024534298	0.03873517786561265	1.9289945	5.1110735	1
USP46	0.21191709	0.17757598	0.18606965174129353	0.2664778	0.33992094861660077	0.5853079	9.185409	1
PDGFRA	0.30425808	0.05921825	0.06318407960199005	0.6936082	0.5857707509881422	3.547781	44.25141	1
KIT	0.1364301	0.15723246	0.1562189054726368	0.10338329	0.1367588932806324	-0.6044185	5.50774	1
IGFBP7	0.5583466	0.17529348	0.16766169154228855	1.1669916	0.8173913043478261	2.7342508	44.25141	1
SULT1E1	0.029095074	0.0038634662	0.004477611940298508	0.069186464	0.08616600790513834	4.127739	19.222984	1
STBD1	0.0163169	0.008362081	0.010447761194029851	0.028956925	0.043478260869565216	1.7797977	5.153707	1
SHROOM3	0.038298137	0.015343052	0.01791044776119403	0.074772395	0.1067193675889328	2.277476	16.29722	1
SEPTIN11	0.9213992	0.7050031	0.5920398009950248	1.2652458	0.8909090909090909	0.8436256	44.25141	1
CCNG2	0.15965816	0.12541966	0.12935323383084577	0.21406792	0.2758893280632411	0.770829	10.887956	1
FRAS1	0.03642225	0.024433836	0.027860696517412936	0.055471234	0.08142292490118577	1.1795655	5.8000555	1
ANXA3	0.20083176	0.22837196	0.22587064676616916	0.15706171	0.2150197628458498	-0.5397674	6.9569526	1
ARHGAP24	0.10892548	0.08383526	0.09353233830845771	0.14879507	0.20711462450592885	0.8269471	8.9850645	1
MAPK10	0.040172048	0.020831555	0.022885572139303482	0.07090248	0.10118577075098814	1.76219	11.697301	1
PTPN13	0.13982797	0.021647517	0.023383084577114428	0.32760924	0.3786561264822134	3.9134936	44.25141	1
SPARCL1	0.026190989	0.0050401837	0.004477611940298508	0.059798308	0.07035573122529644	3.5426235	14.319044	1
PKD2	0.15056476	0.12335191	0.13084577114427862	0.19381227	0.2600790513833992	0.6514549	8.000204	1
PPM1K	0.10609488	0.08570978	0.09154228855721393	0.13848713	0.19130434782608696	0.69157934	6.145431	1
HERC5	0.024052497	0.012758073	0.014427860696517412	0.04199883	0.06640316205533597	1.7111057	7.3685865	1
FAM13A	0.07099625	0.03379103	0.03781094527363184	0.13011056	0.17865612648221343	1.9418709	23.58707	1
UNC5C	0.0730591	0.010281391	0.010945273631840797	0.17280805	0.22924901185770752	4.0579333	44.25141	1
AC106881.1	0.009763001	0.0017077647	0.001990049751243781	0.022562277	0.03636363636363636	3.648014	8.323941	1
BDH2	0.25991613	0.21017997	0.2099502487562189	0.33893394	0.41106719367588934	0.6891182	15.309374	1
CENPE	0.0513098	0.035241608	0.03233830845771144	0.076839335	0.08695652173913043	1.1223536	5.3950377	1
HADH	0.12355893	0.08717559	0.09402985074626866	0.18137388	0.2450592885375494	1.0561118	15.482283	1
LEF1	0.03481764	0.010363302	0.010447761194029851	0.07367406	0.1075098814229249	2.8177755	19.20792	1
COL25A1	0.06826685	0.042900465	0.045771144278606964	0.10856822	0.1422924901185771	1.3375059	11.844502	1
PITX2	0.08200697	0.054708485	0.05970149253731343	0.12537888	0.16758893280632411	1.1949733	12.410414	1
ALPK1	0.016793326	0.008753021	0.00945273631840796	0.02956921	0.042687747035573126	1.7447248	5.1788135	1
ANK2	0.020974442	0.011599705	0.013432835820895522	0.035870563	0.05612648221343874	1.6203446	5.96229	1
CAMK2D	0.15091284	0.109835126	0.11343283582089553	0.21618946	0.28616600790513835	0.9763109	16.381075	1
ARSJ	0.021049006	0.0024944553	0.0029850746268656717	0.050531007	0.08063241106719368	4.2865176	19.072062	1
SNHG8	0.34099826	0.26688066	0.2626865671641791	0.4587559	0.5043478260869565	0.78130597	25.989553	1
PDE5A	0.023588974	0.013688331	0.014925373134328358	0.039320722	0.06086956521739131	1.5155065	6.0238595	1
PCDH18	0.14347751	0.023281263	0.025373134328358207	0.33446196	0.383399209486166	3.8388486	44.25141	1
RNF150	0.04288055	0.017361136	0.01791044776119403	0.08342829	0.1241106719367589	2.2581177	18.85103	1
INPP4B	0.07010941	0.05223636	0.05771144278606965	0.09850337	0.1422924901185771	0.91382337	6.904287	1
ZNF827	0.13542695	0.10994552	0.11741293532338308	0.17592098	0.23636363636363636	0.677647	7.5913796	1
LSM6	0.3425549	0.2941189	0.29502487562189056	0.4195045	0.4964426877470356	0.51214015	12.760235	1
EDNRA	0.22117941	0.024057735	0.023880597014925373	0.53439194	0.5462450592885375	4.4676113	44.25141	1
ARHGAP10	0.06120977	0.044803675	0.04875621890547264	0.08727418	0.1233201581027668	0.96037346	6.498164	1
DCLK2	0.070565	0.04923753	0.051741293532338306	0.104448214	0.14703557312252966	1.083411	9.018539	1
MAB21L2	0.008861042	0.0008306637	0.0009950248756218905	0.021620853	0.0308300395256917	4.544677	7.0304885	1
TMEM131L	0.12630586	0.102413	0.10945273631840796	0.16427508	0.22529644268774704	0.6811848	7.2504053	1
SFRP2	0.03250807	0.0054685907	0.005472636815920398	0.075472124	0.07430830039525692	3.7624702	15.525693	1
MAP9	0.15115525	0.10088998	0.1054726368159204	0.2310287	0.2956521739130435	1.1944842	22.802591	1
GUCY1A1	0.091421835	0.007927197	0.00945273631840796	0.2240897	0.2774703557312253	4.80368	44.25141	1
AC104083.1	0.012897093	0.0009078838	0.0014925373134328358	0.031947248	0.0458498023715415	4.9907994	11.951439	1
GUCY1B1	0.09241554	0.016724812	0.018407960199004977	0.21268402	0.27035573122529644	3.6607275	44.25141	1
TDO2	0.05456505	0.005949732	0.006467661691542288	0.13181119	0.14861660079051384	4.446552	33.902447	1
PDGFC	0.03173125	0.011360434	0.011940298507462687	0.064099304	0.09407114624505929	2.485896	15.095425	1
GRIA2	0.030088156	0.011445674	0.010447761194029851	0.059709996	0.0774703557312253	2.3730342	11.738523	1
FSTL5	0.010964573	0.0015107522	0.001990049751243781	0.025986059	0.03320158102766799	4.0174723	7.7536263	1
NAF1	0.07525933	0.058557153	0.06368159203980099	0.10179168	0.14861660079051384	0.79665726	5.8668575	1
NPY1R	0.05709766	0.011430565	0.013432835820895522	0.12965874	0.15889328063241107	3.4922965	33.9205	1
CPE	0.16890469	0.10247923	0.10995024875621891	0.27445263	0.32252964426877473	1.420344	31.549877	1
PALLD	0.3820576	0.32178155	0.30696517412935326	0.47782305	0.5201581027667984	0.5702484	16.26389	1
HMGB2	0.15624702	0.107904196	0.0945273631840796	0.23306654	0.23794466403162054	1.1102735	14.195113	1
SAP30	0.16443998	0.13837682	0.14378109452736318	0.20585936	0.2758893280632411	0.5727153	6.8361983	1
SCRG1	0.009756658	0.0021156757	0.0024875621890547263	0.021897756	0.0308300395256917	3.3115377	7.0472426	1
HAND2	0.06768211	0.013671723	0.014925373134328358	0.15350002	0.19130434782608696	3.4793973	41.44659	1
HAND2-AS1	0.024531549	0.0073122904	0.00845771144278607	0.051891897	0.07035573122529644	2.8102956	13.032066	1
TENM3	0.029307948	0.0050079967	0.005472636815920398	0.06791899	0.09090909090909091	3.7351084	19.95878	1
STOX2	0.033017114	0.012149521	0.013432835820895522	0.06617447	0.09249011857707509	2.435728	14.942149	1
CFAP97	0.111504465	0.07585803	0.08159203980099503	0.16814694	0.22608695652173913	1.1473058	16.011967	1
FAT1	0.13805042	0.07155859	0.07512437810945273	0.24370353	0.30513833992094863	1.7665075	39.328194	1
SEMA5A	0.2193697	0.13608441	0.12437810945273632	0.3517004	0.39288537549407115	1.3691956	38.18519	1
SNHG18	0.111291975	0.07834404	0.08009950248756219	0.16364694	0.21739130434782608	1.061732	13.371198	1
OTULINL	0.06246098	0.039921403	0.044278606965174126	0.09827058	0.13201581027667983	1.2974551	10.769295	1
BASP1	0.5881148	0.44789827	0.3875621890547264	0.81090665	0.7122529644268775	0.8562206	44.25141	1
CDH10	0.012154233	0.0051209573	0.005472636815920398	0.023329912	0.03320158102766799	2.1659653	5.1007476	1
CDH6	0.008283195	1.4042598e-09	0.0	0.021444637	0.030039525691699605	7.751165	8.221836	1
NPR3	0.07591839	0.09721587	0.0791044776119403	0.04207115	0.05375494071146245	-1.2064188	7.607343	1
ADAMTS12	0.021415694	0.004802827	0.005472636815920398	0.04781255	0.07193675889328063	3.288718	14.637233	1
PRLR	0.0072116363	0.001100446	0.0009950248756218905	0.016921904	0.02608695652173913	3.82575	6.338755	1
IL7R	0.09891802	0.023631541	0.02437810945273632	0.21854426	0.25375494071146243	3.2037077	44.25141	1
C7	0.042825237	0.009334106	0.009950248756218905	0.09603964	0.1241106719367589	3.3491738	25.159452	1
GHR	0.031930313	0.0211599	0.022388059701492536	0.049043946	0.07351778656126483	1.208879	5.348386	1
SELENOP	0.5368421	0.3962648	0.3661691542288557	0.7602072	0.7098814229249012	0.9397537	44.25141	1
NNT-AS1	0.1400621	0.11641804	0.12039800995024875	0.17763826	0.23715415019762845	0.60920095	6.4039545	1
PARP8	0.0497512	0.029803567	0.03283582089552239	0.08144468	0.11620553359683794	1.4472733	10.679426	1
ISL1	0.035868023	0.020833502	0.021890547263681594	0.05975709	0.08379446640316206	1.5157086	8.16474	1
SNX18	0.14908622	0.1077225	0.1154228855721393	0.21481647	0.28063241106719367	0.9951178	16.852842	1
MAP3K1	0.17429255	0.1382981	0.14477611940298507	0.23148881	0.2948616600790514	0.74274147	11.247327	1
IPO11	0.63801044	0.72015494	0.6009950248756218	0.5074829	0.558102766798419	-0.5048643	24.457409	1
RNF180	0.06744241	0.04932209	0.05472636815920398	0.09622951	0.1383399209486166	0.9628217	7.2323856	1
RGS7BP	0.014225387	0.0009874098	0.0009950248756218905	0.035259698	0.05454545454545454	5.0231385	13.812239	1
ADAMTS6	0.115626454	0.08449305	0.08656716417910448	0.16509895	0.22055335968379447	0.96559346	11.890093	1
AC092353.2	0.008375917	0.0007239319	0.0009950248756218905	0.020534527	0.03162055335968379	4.6463914	8.363587	1
ARHGEF28	0.1578006	0.18183418	0.1855721393034826	0.119619094	0.16600790513833993	-0.6037633	6.6110573	1
ZBED3	0.11147327	0.08995897	0.09601990049751244	0.14566104	0.2015810276679842	0.6946632	6.5876203	1
ZBED3-AS1	0.020053003	0.011017121	0.011442786069651741	0.034410764	0.0466403162055336	1.6342633	5.16627	1
WDR41	0.16910604	0.14237866	0.15572139303482588	0.21157913	0.28300395256916994	0.57113326	7.165297	1
JMY	0.08575806	0.066979155	0.07213930348258707	0.115593635	0.16521739130434782	0.786373	6.385131	1
CMYA5	0.014171173	0.006498019	0.006467661691542288	0.026363665	0.039525691699604744	2.003908	5.502833	1
RASGRF2	0.17141208	0.19808063	0.20398009950248755	0.12903726	0.18023715415019761	-0.61791056	7.72317	1
ZCCHC9	0.17685583	0.1483789	0.1572139303482587	0.22210574	0.2885375494071146	0.5816383	7.5643053	1
SSBP2	0.23486595	0.17913601	0.18059701492537314	0.3234097	0.3952569169960474	0.8519484	20.152914	1
VCAN	0.3858468	0.060259547	0.05771144278606965	0.90318227	0.7162055335968379	3.903523	44.25141	1
TMEM161B-AS1	0.17921497	0.14057423	0.1472636815920398	0.24061373	0.31620553359683795	0.77496034	13.204096	1
LUCAT1	0.14223744	0.16278607	0.16666666666666666	0.109593794	0.15573122529644268	-0.5703812	5.501709	1
NR2F1-AS1	0.06904977	0.015955461	0.019402985074626865	0.1534123	0.20948616600790515	3.2572181	44.25141	1
NR2F1	0.22269286	0.020305585	0.021890547263681594	0.5442716	0.5288537549407115	4.737556	44.25141	1
RHOBTB3	0.47773394	0.3469537	0.3318407960199005	0.6855293	0.6656126482213439	0.98227	44.25141	1
EFNA5	0.099983536	0.075346634	0.08109452736318408	0.13913034	0.19130434782608696	0.8839452	8.873414	1
CAMK4	0.03961146	0.0019175612	0.001990049751243781	0.09950437	0.14387351778656127	5.6255245	36.969433	1
EPB41L4A	0.1394014	0.15896986	0.1681592039800995	0.10831508	0.1549407114624506	-0.55309504	5.2674546	1
EPB41L4A-AS1	0.24661928	0.19052644	0.1935323383084577	0.3357388	0.39288537549407115	0.8170206	19.609055	1
PRR16	0.013748642	0.0016777026	0.001990049751243781	0.03292859	0.0466403162055336	4.2156296	10.781737	1
LOX	0.012301052	0.002611045	0.0029850746268656717	0.027697932	0.03873517786561265	3.3580565	7.900161	1
PRDM6	0.020914318	0.0032685697	0.003482587064676617	0.048952334	0.06877470355731226	3.8641138	15.373018	1
ZNF608	0.120857656	0.08705651	0.08855721393034825	0.17457011	0.22845849802371543	1.0029525	13.086733	1
MEGF10	0.025082752	0.0054920716	0.005970149253731343	0.056211155	0.08142292490118577	3.3319662	17.03981	1
FBN2	0.092999086	0.044996344	0.04626865671641791	0.16927208	0.20869565217391303	1.9091136	27.194565	1
ISOC1	0.089419045	0.071596086	0.07562189054726368	0.11773687	0.16363636363636364	0.7168247	5.5626135	1
ADAMTS19	0.053919524	0.033081736	0.03631840796019901	0.08702646	0.11620553359683794	1.3927215	10.136604	1
PITX1	0.014596143	0.0016464462	0.001990049751243781	0.03517236	0.05138339920948617	4.3360443	12.18994	1
TGFBI	0.07504521	0.038913522	0.041791044776119404	0.13245326	0.17470355731225296	1.764526	20.23448	1
FAM13B	0.15526195	0.1284454	0.13681592039800994	0.19787987	0.26324110671936757	0.6230757	7.5264926	1
EGR1	0.38186482	0.18802673	0.15870646766169155	0.689857	0.6007905138339921	1.8748016	44.25141	1
CXXC5	0.5971391	0.4744092	0.42786069651741293	0.7921456	0.7233201581027668	0.7395118	44.25141	1
JAKMIP2	0.0079444945	0.0012239297	0.0014925373134328358	0.018623063	0.02924901185770751	3.8219182	6.9498925	1
ADRB2	0.01427594	0.00570948	0.005970149253731343	0.027887689	0.039525691699604744	2.2683115	6.290203	1
CARMN	0.29271656	0.049723964	0.04975124378109453	0.6788141	0.6039525691699604	3.7683172	44.25141	1
AC131025.2	0.007437794	1.4042598e-09	0.0	0.019255947	0.02608695652173913	7.596613	7.788182	1
PDGFRB	0.37102053	0.03979245	0.041791044776119404	0.8973188	0.7383399209486166	4.491594	44.25141	1
TCOF1	0.12592062	0.100951664	0.10895522388059702	0.16559927	0.22845849802371543	0.7134742	7.8178234	1
CD74	0.010299882	0.0034778544	0.003980099502487562	0.021139838	0.0308300395256917	2.569606	5.7548213	1
SMIM3	0.04542094	0.026176129	0.028855721393034824	0.075998865	0.11146245059288537	1.5341222	10.851445	1
ZNF300	0.031980105	0.01810725	0.01990049751243781	0.05402336	0.0766798418972332	1.5717385	7.9860888	1
GALNT10	0.073496774	0.050041355	0.05572139303482587	0.11076155	0.1541501976284585	1.1446862	10.537741	1
THG1L	0.074806646	0.047701363	0.05323383084577114	0.117871135	0.1691699604743083	1.3033103	13.734851	1
EBF1	0.28821987	0.192597	0.1900497512437811	0.44014955	0.4782608695652174	1.1919874	44.07532	1
PTTG1	0.06605134	0.047008637	0.03880597014925373	0.09630463	0.10039525691699605	1.0331109	5.1805162	1
SLIT3	0.041941755	0.007890343	0.008955223880597015	0.096046776	0.1241106719367589	3.5889091	27.120039	1
KCNMB1	0.015975947	0.004647395	0.004975124378109453	0.0339765	0.05059288537549407	2.8435693	9.526778	1
N4BP3	0.3053141	0.35079893	0.33781094527363187	0.23302682	0.29802371541501976	-0.5899405	12.683077	1
ADAMTS2	0.007383772	0.0018598464	0.001990049751243781	0.0161611	0.02766798418972332	3.0526123	5.668404	1
FOXC1	0.1936704	0.045981027	0.05223880597014925	0.4283367	0.46877470355731227	3.2168372	44.25141	1
GMDS	0.12967703	0.1080074	0.11741293532338308	0.16411434	0.22608695652173913	0.6031148	5.9945145	1
AL031058.1	0.038518682	0.026361711	0.028358208955223882	0.057835534	0.08537549407114625	1.1305422	5.594743	1
DSP	0.30199134	0.24858321	0.2417910447761194	0.38684055	0.433201581027668	0.6378027	14.549783	1
PAK1IP1	0.18280283	0.15565914	0.1626865671641791	0.22593334	0.2956521739130435	0.53721875	6.853051	1
NEDD9	0.21535051	0.24614331	0.23980099502487562	0.16640837	0.22213438735177865	-0.56448984	7.9634705	1
ID4	0.100564666	0.015489721	0.016417910447761194	0.2357437	0.2719367588932806	3.9191642	44.25141	1
SOX4	1.1954291	0.9436414	0.6845771144278607	1.5955122	0.9573122529644269	0.75764644	44.25141	1
DCDC2	0.010238665	0.0019503693	0.001990049751243781	0.023408247	0.03399209486166008	3.5192113	7.462669	1
RIPOR2	0.015139209	0.0026361584	0.003482587064676617	0.035005756	0.05138339920948617	3.681484	11.508402	1
HIST1H4C	0.27655908	0.15699139	0.13532338308457711	0.4665391	0.45770750988142295	1.570703	44.25141	1
ZNF322	0.22734965	0.17775905	0.18606965174129353	0.30613956	0.3865612648221344	0.7839261	17.380007	1
GABBR1	0.09687905	0.07656045	0.08059701492537313	0.12916313	0.18023715415019761	0.7537564	6.631881	1
ZNRD1	0.2886915	0.24416237	0.2427860696517413	0.35943267	0.43715415019762843	0.5576912	11.999088	1
IER3	0.07770803	0.058627553	0.05870646766169154	0.10802	0.14387351778656127	0.880524	6.3254457	1
AIF1	0.023058696	0.0056387167	0.006467661691542288	0.050738014	0.0766798418972332	3.1471076	14.502556	1
SNHG32	0.5288283	0.43507326	0.4099502487562189	0.6777965	0.666403162055336	0.63947517	32.066223	1
NOTCH4	0.46904132	0.5297925	0.4626865671641791	0.372498	0.4426877470355731	-0.50807977	15.587585	1
RING1	0.14655215	0.12536106	0.13582089552238805	0.1802309	0.2450592885375494	0.523407	5.2568493	1
SCUBE3	0.027455708	0.006897401	0.006965174129353234	0.060121614	0.07984189723320158	3.1053903	15.418255	1
TEAD3	0.026662279	0.011337368	0.011940298507462687	0.05101277	0.07984189723320158	2.1599288	11.291866	1
FKBP5	0.19704267	0.16137268	0.1691542288557214	0.2537181	0.31462450592885377	0.65250486	10.078855	1
KCNK17	0.009403176	0.00086768577	0.0009950248756218905	0.022965556	0.03162055335968379	4.5750575	8.403141	1
DAAM2	0.033064686	0.0051441556	0.005472636815920398	0.07742862	0.11067193675889328	3.8859468	25.332237	1
MDFI	0.24300936	0.1714345	0.1736318407960199	0.35673097	0.4197628458498024	1.0567418	31.099415	1
TRERF1	0.076576	0.05655364	0.059203980099502486	0.10838486	0.1533596837944664	0.9372532	7.753464	1
DNPH1	0.30720037	0.24007742	0.24328358208955222	0.41384262	0.4806324110671937	0.78533024	23.936993	1
MRPL14	0.325928	0.265607	0.2646766169154229	0.42176166	0.49486166007905136	0.66693383	19.427078	1
RUNX2	0.012491111	0.0018917985	0.0024875621890547263	0.029332757	0.048221343873517786	3.8852792	10.933065	1
TNFRSF21	0.08541943	0.0548882	0.05970149253731343	0.13392925	0.18893280632411066	1.2853539	15.011894	1
MCM3	0.14372328	0.12257597	0.12587064676616916	0.17733303	0.2316205533596838	0.53242195	5.0608683	1
HMGCLL1	0.01769904	0.0022957858	0.0024875621890547263	0.04217386	0.062450592885375494	4.141195	14.752139	1
BMP5	0.0829674	0.01147294	0.012437810945273632	0.19656728	0.2482213438735178	4.0869293	44.25141	1
AL391807.1	0.012298091	0.00248508	0.0024875621890547263	0.02789046	0.04110671936758893	3.4366543	8.694738	1
ADGRB3	0.016661715	0.0028869878	0.0029850746268656717	0.03854905	0.05454545454545454	3.6936698	12.433527	1
LINC00472	0.0824376	0.061536588	0.06766169154228856	0.11564456	0.1683794466403162	0.90908545	8.162666	1
COL12A1	0.046576485	0.021319762	0.021393034825870648	0.08670677	0.11620553359683794	2.0188653	15.491092	1
PHIP	0.40037462	0.32571432	0.3218905472636816	0.5189963	0.566798418972332	0.6719523	24.789326	1
LCA5	0.055650897	0.041530304	0.045771144278606964	0.078084536	0.10988142292490119	0.9092492	5.368051	1
ELOVL4	0.027844625	0.014619846	0.015920398009950248	0.048858143	0.06640316205533597	1.7337863	7.535539	1
TENT5A	0.07168722	0.029179296	0.031840796019900496	0.13922758	0.17865612648221343	2.250528	27.016394	1
PRSS35	0.024157181	0.0027532894	0.003482587064676617	0.05816659	0.06956521739130435	4.351971	14.653166	1
SRSF12	0.024541548	0.012182016	0.013432835820895522	0.044180233	0.06403162055335969	1.8501154	8.094288	1
PM20D2	0.044397578	0.027073475	0.02935323383084577	0.0719235	0.10276679841897234	1.4062687	9.08471	1
GABRR1	0.03337719	0.0032265892	0.003980099502487562	0.081284486	0.11936758893280633	4.612638	29.52069	1
MAP3K7	0.16327463	0.135677	0.14378109452736318	0.20713173	0.27035573122529644	0.61000586	7.5870214	1
PNISR	0.9922509	0.8504719	0.6716417910447762	1.2175379	0.8980237154150198	0.51758003	44.25141	1
LIN28B	0.11023902	0.09100112	0.09601990049751244	0.14080976	0.19367588932806323	0.62923074	5.3471994	1
CRYBG1	0.06623572	0.08118887	0.08407960199004975	0.042469244	0.0616600790513834	-0.93324643	5.9085045	1
SOBP	0.03044611	0.0045797126	0.004975124378109453	0.071546115	0.10118577075098814	3.9363968	23.327662	1
FOXO3	0.16885716	0.13639124	0.1427860696517413	0.22044805	0.2901185770750988	0.69228464	9.8347025	1
FRK	0.004924782	1.4042598e-09	0.0	0.012749924	0.019762845849802372	7.0055957	5.448746	1
DSE	0.09036472	0.052972402	0.05721393034825871	0.14977765	0.20395256916996046	1.4977515	20.19848	1
SLC35F1	0.04758876	0.01055333	0.011940298507462687	0.10643447	0.14624505928853754	3.321944	30.79183	1
PLN	0.067865945	0.012779571	0.013930348258706468	0.15539357	0.17628458498023716	3.5936985	36.86545	1
TRDN	0.07842451	0.009806222	0.009950248756218905	0.18745416	0.2316205533596838	4.2428284	44.25141	1
HDDC2	0.15684259	0.07827022	0.08407960199004975	0.2816918	0.3494071146245059	1.846252	44.25141	1
TRMT11	0.12142992	0.0951278	0.10248756218905472	0.16322675	0.22134387351778656	0.7783065	8.741298	1
RSPO3	0.022368714	0.0057124025	0.004477611940298508	0.048834704	0.06007905138339921	3.0736516	10.771594	1
CCN2	0.21718034	0.14530846	0.12935323383084577	0.3313758	0.35098814229249015	1.1887922	26.348589	1
MOXD1	0.012174652	0.002736672	0.0029850746268656717	0.02717107	0.037944664031620556	3.2651	7.7188683	1
TCF21	0.012197228	0.0018988339	0.001990049751243781	0.028560858	0.03715415019762846	3.8418515	8.524504	1
SGK1	0.11091093	0.08175551	0.08507462686567165	0.1572386	0.2015810276679842	0.9427212	10.111762	1
AHI1	0.088636234	0.06872734	0.07412935323383085	0.120267324	0.16521739130434782	0.8063902	6.7589025	1
AL035604.1	0.009684848	0.00048084138	0.0004975124378109452	0.024309414	0.039525691699604744	5.3931494	9.799849	1
MAP7	0.010013055	0.0026005404	0.0024875621890547263	0.021791182	0.03557312252964427	3.0190299	7.095496	1
MAP3K5	0.019821012	0.0054483833	0.005970149253731343	0.042658314	0.06561264822134387	2.9460657	12.328525	1
AL590617.2	0.0708069	0.053504966	0.05771144278606965	0.09829323	0.14466403162055336	0.87619233	6.5731764	1
ADGRG6	0.018297525	0.008748507	0.008955223880597015	0.03347057	0.05138339920948617	1.9236912	6.5138764	1
AKAP12	0.84436655	0.71355647	0.5388059701492537	1.0522238	0.7770750988142292	0.560277	37.00178	1
SYNE1	0.24062125	0.18590069	0.1925373134328358	0.32756022	0.39367588932806324	0.81689245	19.142015	1
TFB1M	0.046047032	0.033696674	0.038308457711442784	0.065669365	0.09565217391304348	0.9605344	5.166037	1
TULP4	0.20906523	0.16905667	0.17562189054726368	0.2726311	0.3438735177865613	0.68911916	12.252653	1
PDE10A	0.024354814	0.008660437	0.009950248756218905	0.049292352	0.07114624505928854	2.495213	11.881454	1
RPS6KA2	0.70410645	0.79430056	0.6313432835820896	0.56080025	0.5889328063241107	-0.50212234	26.345785	1
FAM20C	0.044202514	0.0055295574	0.006467661691542288	0.10565079	0.15256916996047432	4.231503	36.06868	1
NUDT1	0.06404807	0.042662244	0.045771144278606964	0.09802403	0.1399209486166008	1.1982689	9.763925	1
TNRC18	0.14561981	0.122889906	0.13034825870646766	0.1817439	0.25138339920948616	0.56416065	6.0402274	1
ZDHHC4	0.1536219	0.13033389	0.1407960199004975	0.19063345	0.2545454545454545	0.5482392	5.9993277	1
ZNF853	0.017974302	0.007222431	0.00845771144278607	0.035058588	0.052964426877470355	2.2634826	8.20109	1
ZNF12	0.14215426	0.12048714	0.12985074626865672	0.17658968	0.23478260869565218	0.5511418	5.435549	1
RPA3	0.17217402	0.14721853	0.1527363184079602	0.21183036	0.2766798418972332	0.52465147	5.9584165	1
GLCCI1	0.046232283	0.025492622	0.027860696517412936	0.079184644	0.11067193675889328	1.6313136	11.663747	1
AC060834.2	0.012502613	0.0017344389	0.001990049751243781	0.029612515	0.04426877470355731	4.01766	10.4160185	1
PHF14	0.6133028	0.5273132	0.48258706467661694	0.74993193	0.733596837944664	0.50801843	27.515877	1
ARL4A	0.43384576	0.34526488	0.3218905472636816	0.57458764	0.5802371541501976	0.7346567	29.8849	1
ETV1	0.09145488	0.060557563	0.06567164179104477	0.14054652	0.19209486166007905	1.2133143	14.273136	1
DGKB	0.010249326	0.0011511709	0.0014925373134328358	0.024705816	0.034782608695652174	4.3093276	8.871989	1
MEOX2	0.014950142	0.0026396853	0.0029850746268656717	0.034510806	0.04426877470355731	3.6591403	9.894403	1
SOSTDC1	0.009059315	0.0025566048	0.0024875621890547263	0.019391794	0.02766798418972332	2.8752112	5.2847595	1
ANKMY2	0.04703243	0.0293014	0.03333333333333333	0.07520426	0.1075098814229249	1.3568467	9.143476	1
BZW2	0.26398838	0.18320478	0.18756218905472638	0.3923403	0.4592885375494071	1.0982287	37.496326	1
HDAC9	0.06471817	0.04646655	0.054228855721393035	0.093714364	0.13280632411067195	1.0105147	7.4369025	1
TWIST1	0.09503599	0.016003337	0.017412935323383085	0.22061357	0.2774703557312253	3.7767437	44.25141	1
CDCA7L	0.048079096	0.028456125	0.03034825870646766	0.07925676	0.10988142292490119	1.4745529	10.265615	1
HOXA3	0.01395327	0.0054937494	0.005472636815920398	0.027395032	0.03557312252964427	2.2972834	5.8778987	1
HOXA11-AS	0.028143706	0.018130708	0.020398009950248756	0.044053927	0.06561264822134387	1.2761711	5.2385616	1
TRIL	0.034042493	0.004507111	0.004975124378109453	0.08097229	0.10988142292490119	4.1372747	24.249176	1
CPVL	0.039982334	0.022870678	0.024875621890547265	0.06717084	0.09644268774703557	1.550188	9.5652685	1
LSM5	0.39049917	0.330588	0.3238805970149254	0.48568437	0.5343873517786562	0.5548454	16.869987	1
AMPH	0.022064496	0.0020216259	0.0024875621890547263	0.05391131	0.08221343873517786	4.670019	20.178257	1
YAE1	0.08372547	0.06722375	0.07611940298507462	0.10994249	0.16126482213438736	0.7088732	5.382803	1
INHBA	0.02371082	0.0035111043	0.003980099502487562	0.055806868	0.07588932806324111	3.9525137	17.019186	1
GLI3	0.071929924	0.040850125	0.04626865671641791	0.12131023	0.1707509881422925	1.5679501	17.69354	1
BLVRA	0.09344917	0.058837987	0.06467661691542288	0.14844266	0.20395256916996046	1.3336076	17.46809	1
AEBP1	0.09419981	0.045505837	0.049253731343283584	0.1715714	0.2308300395256917	1.9123594	31.44937	1
POLD2	0.13845564	0.11452764	0.12587064676616916	0.17648199	0.24743083003952568	0.62338316	6.962554	1
TNS3	0.25359926	0.18479966	0.19203980099502488	0.36290967	0.433201581027668	0.9732654	28.999432	1
EGFR	0.067397736	0.0076583694	0.00845771144278607	0.16231914	0.2189723320158103	4.3878245	44.25141	1
AUTS2	0.086434975	0.061677106	0.06865671641791045	0.12577099	0.17312252964426877	1.0268015	10.276704	1
ELN	0.005371443	0.0002943095	0.0004975124378109452	0.013438672	0.01818181818181818	5.101614	5.184351	1
CLIP2	0.101378456	0.077124864	0.08606965174129354	0.13991696	0.1984189723320158	0.8584642	8.949418	1
HIP1	0.16789716	0.13183308	0.1373134328358209	0.22520399	0.29802371541501976	0.77206653	12.0233755	1
CCDC146	0.009935269	0.0040570335	0.004975124378109453	0.01927578	0.03162055335968379	2.2206283	5.051829	1
RSBN1L	0.27021837	0.21382402	0.21791044776119403	0.3598154	0.43399209486166007	0.7505593	19.133762	1
TMEM60	0.16720532	0.14364707	0.1527363184079602	0.20464185	0.26956521739130435	0.5102734	5.712205	1
PHTF2	0.13743198	0.06712467	0.07462686567164178	0.24914765	0.31225296442687744	1.8905172	44.25141	1
MAGI2	0.1173022	0.073094726	0.07661691542288557	0.18754914	0.24426877470355732	1.3582261	21.873047	1
MAGI2-AS3	0.48325944	0.38817987	0.3646766169154229	0.6343302	0.6458498023715415	0.70836467	34.79518	1
CD36	0.20245749	0.028108161	0.02935323383084577	0.4794861	0.38181818181818183	4.0876055	44.25141	1
SEMA3E	0.012008657	0.003926772	0.004975124378109453	0.024850415	0.034782608695652174	2.6313682	6.2232785	1
SEMA3A	0.03809747	0.01119082	0.011940298507462687	0.080850475	0.11304347826086956	2.8418894	20.911102	1
SEMA3D	0.018739255	0.0026145629	0.0024875621890547263	0.044360373	0.05691699604743083	4.033728	13.140709	1
CDK6	0.2909159	0.20553924	0.2064676616915423	0.42656368	0.48142292490118577	1.0529838	37.506428	1
COL1A2	0.46129027	0.087860815	0.08706467661691543	1.0546432	0.7952569169960474	3.5838869	44.25141	1
PEG10	0.2741169	0.17509885	0.17114427860696518	0.43144256	0.45296442687747035	1.3005096	43.774292	1
PDK4	0.058934953	0.020642834	0.021393034825870648	0.11977681	0.16363636363636364	2.5308678	27.954857	1
TAC1	0.10378566	0.014940839	0.016417910447761194	0.24495463	0.2300395256916996	4.0261464	44.25141	1
ZNF655	0.1339411	0.0971364	0.10497512437810945	0.19242689	0.2600790513833992	0.9854916	14.932356	1
MCM7	0.082753845	0.066282704	0.06965174129353234	0.10892074	0.15573122529644268	0.7157232	5.180641	1
GAL3ST4	0.008803269	0.001679526	0.0014925373134328358	0.020122604	0.03399209486166008	3.506404	7.4047456	1
GPC2	0.026882675	0.014601887	0.014925373134328358	0.046396162	0.06877470355731226	1.6611104	7.5555987	1
PCOLCE	0.052585702	0.014360928	0.014925373134328358	0.113321595	0.1565217391304348	2.9714634	29.326193	1
TRIP6	0.17943828	0.15241595	0.16218905472636816	0.22237627	0.2845849802371542	0.54469144	6.7302027	1
ACHE	0.009063373	0.0023818489	0.001990049751243781	0.019679964	0.0308300395256917	2.9945526	6.0726485	1
CUX1	0.34208736	0.27504656	0.27611940298507465	0.44859946	0.5067193675889328	0.7055492	22.40388	1
LRRC17	0.12780352	0.014350577	0.01691542288557214	0.3080729	0.36205533596837947	4.414541	44.25141	1
IMMP2L	0.046856474	0.03204873	0.03482587064676617	0.070383534	0.10039525691699605	1.1325245	6.638708	1
LRRN3	0.010545295	0.0022525347	0.001990049751243781	0.023722097	0.03399209486166008	3.3400126	7.305249	1
MDFIC	0.17212923	0.1364291	0.14378109452736318	0.22885728	0.3027667984189723	0.74586993	11.732946	1
CPED1	0.07103831	0.00964733	0.010447761194029851	0.1685838	0.2189723320158103	4.1131706	44.25141	1
TMEM229A	0.010017352	0.0014305597	0.0014925373134328358	0.023661317	0.03715415019762846	3.9564836	8.472621	1
GPR37	0.0380449	0.019029817	0.021393034825870648	0.06825877	0.09960474308300395	1.8373034	12.219584	1
CCDC136	0.010284499	0.0032906963	0.003482587064676617	0.021397313	0.030039525691699605	2.6645029	5.67339	1
KCP	0.036221478	0.0035405853	0.003980099502487562	0.08814927	0.12806324110671938	4.599342	31.48171	1
SMO	0.027517172	0.010484001	0.011442786069651741	0.054581907	0.08063241106719368	2.3691785	12.792203	1
MEST	0.13332401	0.028110974	0.02736318407960199	0.30050153	0.31778656126482213	3.413524	44.25141	1
AC007938.3	0.00847216	0.0010207618	0.0009950248756218905	0.020311948	0.02766798418972332	4.1868625	6.9091477	1
AUXG01000058.1	0.057343133	0.021417944	0.023383084577114428	0.114424385	0.14150197628458497	2.4120426	22.590876	1
PLXNA4	0.04289668	0.01590685	0.017412935323383085	0.08578053	0.1233201581027668	2.4236417	19.87269	1
CHRM2	0.013267908	0.0005061562	0.0004975124378109452	0.0335455	0.05059288537549407	5.7945805	13.132463	1
PTN	0.13599046	0.020728	0.019402985074626865	0.3191353	0.2972332015810277	3.938024	44.25141	1
DENND2A	0.06559886	0.035842147	0.038308457711442784	0.11287718	0.1541501976284585	1.652283	16.933325	1
BRAF	0.21467674	0.18214701	0.18606965174129353	0.26635867	0.3359683794466403	0.5480166	8.204199	1
EPHB6	0.020138776	0.0017519254	0.001990049751243781	0.04935429	0.07035573122529644	4.738998	17.141819	1
TCAF1	0.571673	0.4881503	0.445771144278607	0.7043816	0.7027667984189724	0.5289411	26.122438	1
AC004889.1	0.3579088	0.30828092	0.3054726368159204	0.4367525	0.49960474308300395	0.5024328	12.557267	1
CNTNAP2	0.042736474	0.0034020727	0.003980099502487562	0.10523576	0.14071146245059288	4.9106426	33.698734	1
EZH2	0.064885624	0.050154686	0.05621890547263682	0.08828715	0.12094861660079051	0.81457853	5.0277767	1
RARRES2	0.013165829	0.0018629808	0.0024875621890547263	0.031125342	0.043478260869565216	3.9915996	10.168724	1
GIMAP8	0.19427964	0.22582236	0.2218905472636816	0.14415094	0.19604743083003953	-0.64724624	9.187532	1
TMEM176B	0.008300945	0.0020131138	0.0024875621890547263	0.018292008	0.025296442687747035	3.1216366	5.4532433	1
TMEM176A	0.006031311	0.0009150367	0.0009950248756218905	0.014160761	0.020553359683794466	3.812447	5.2546062	1
KCNH2	0.012909151	0.0040677045	0.003980099502487562	0.026957793	0.03715415019762846	2.6987193	6.715245	1
SMARCD3	0.044327788	0.017905686	0.020398009950248756	0.08630987	0.12094861660079051	2.2627437	18.82837	1
SOX7	0.36757874	0.4153435	0.3736318407960199	0.29166782	0.350197628458498	-0.50983155	11.2267885	1
FAM167A	0.0077272216	0.0003089551	0.0004975124378109452	0.019514354	0.02924901185770751	5.5838237	8.043896	1
AC145124.1	0.013250916	0.0051816492	0.006467661691542288	0.026072547	0.03636363636363636	2.308994	6.028232	1
LPL	0.043176178	0.008111645	0.00845771144278607	0.09889093	0.1233201581027668	3.5915532	25.657915	1
LZTS1	0.041111156	0.006580591	0.007960199004975124	0.09597774	0.14150197628458497	3.8461545	31.836208	1
GFRA2	0.017169314	0.0027134956	0.0029850746268656717	0.040138774	0.06007905138339921	3.8381507	13.607215	1
EGR3	0.04215138	0.015719874	0.015422885572139304	0.08414865	0.11699604743083004	2.4129155	18.481861	1
TNFRSF10A	0.16092555	0.18705721	0.191044776119403	0.11940907	0.16442687747035573	-0.64713055	7.624971	1
NEFM	0.061620995	0.040668484	0.04228855721393035	0.09490905	0.09802371541501977	1.2206106	6.336066	1
DOCK5	0.044760667	0.030324314	0.03631840796019901	0.0676977	0.10118577075098814	1.1560116	7.0945697	1
EBF2	0.031292018	0.0030698406	0.003482587064676617	0.076135226	0.10355731225296443	4.5879755	24.936384	1
SCARA3	0.009579668	0.002730724	0.0029850746268656717	0.020462465	0.03162055335968379	2.8607702	6.250769	1
HMBOX1	0.2629102	0.2086456	0.21492537313432836	0.34912354	0.42134387351778657	0.74240494	18.083649	1
ADGRA2	0.20317659	0.1495207	0.15024875621890546	0.28842947	0.35731225296442687	0.9474088	20.587494	1
TCIM	0.26977974	0.3054262	0.27412935323383086	0.21312492	0.2490118577075099	-0.51892006	7.582464	1
SFRP1	0.4116446	0.16597636	0.16368159203980098	0.80199206	0.5928853754940712	2.271921	44.25141	1
GINS4	0.040244285	0.018500224	0.020398009950248756	0.07479366	0.1067193675889328	2.0095236	14.124776	1
PLAT	0.20784673	0.040723596	0.04378109452736319	0.47339374	0.4608695652173913	3.53587	44.25141	1
POLB	0.07917194	0.06329004	0.07064676616915423	0.10440125	0.14466403162055336	0.72119224	5.074043	1
MCM4	0.070046835	0.05191058	0.054228855721393035	0.09885903	0.13043478260869565	0.9280262	6.371226	1
SNAI2	0.25455886	0.17134024	0.1626865671641791	0.3867803	0.4434782608695652	1.1741815	37.296722	1
FAM110B	0.07735446	0.014232102	0.014925373134328358	0.17765097	0.23636363636363636	3.6325352	44.25141	1
SDCBP	0.50326633	0.4183297	0.37860696517412934	0.6382196	0.6561264822134387	0.6092938	27.103878	1
AC083967.1	0.06858699	0.0095326165	0.009950248756218905	0.16241969	0.16442687747035573	4.076543	36.583538	1
SULF1	0.46234944	0.07343976	0.07562189054726368	1.0803005	0.7928853754940711	3.8768978	44.25141	1
AC087627.1	0.111999646	0.13656126	0.136318407960199	0.072979815	0.09802371541501977	-0.90305936	8.916436	1
CRISPLD1	0.0931768	0.06797632	0.0736318407960199	0.13321753	0.17233201581027668	0.96964157	9.402321	1
ZFHX4	0.067298435	0.012772718	0.012437810945273632	0.15393522	0.20474308300395258	3.5808716	44.25141	1
PEX2	0.09761493	0.075697176	0.08059701492537313	0.13244073	0.18735177865612648	0.80621976	7.4919567	1
ZC2HC1A	0.22151591	0.18773901	0.19203980099502488	0.27517888	0.34703557312252964	0.5513971	8.563994	1
STMN2	0.24003154	0.051604062	0.04626865671641791	0.53942835	0.4553359683794466	3.3833492	44.25141	1
ZBTB10	0.16891633	0.14257275	0.14975124378109453	0.21077888	0.2798418972332016	0.56370485	6.864767	1
PAG1	0.036699396	0.01857813	0.021393034825870648	0.06549306	0.10039525691699605	1.8121932	12.049153	1
FABP5	1.4461797	1.2137711	0.7467661691542289	1.815474	0.924901185770751	0.58081055	44.25141	1
FABP4	0.12321086	0.016283017	0.016417910447761194	0.29311284	0.22924901185770752	4.1616755	44.25141	1
ZFAND1	0.12969461	0.10980129	0.11890547263681592	0.16130921	0.22450592885375495	0.55451465	5.24039	1
CHMP4C	0.009961312	0.004063604	0.004975124378109453	0.019332629	0.03320158102766799	2.2225764	5.276338	1
MMP16	0.09695151	0.05818633	0.05721393034825871	0.15854712	0.2126482213438735	1.4445919	19.914324	1
AF117829.1	0.07630294	0.041764576	0.046766169154228855	0.13117868	0.1857707509881423	1.6488307	20.87303	1
NECAB1	0.0066050244	0.0017768403	0.001990049751243781	0.014276742	0.02450592885375494	2.937359	5.1230965	1
C8orf88	0.025842313	0.011314002	0.011940298507462687	0.04892703	0.07588932806324111	2.102773	10.37483	1
SLC26A7	0.021968124	0.0042806817	0.004477611940298508	0.050072335	0.05928853754940711	3.517665	12.285578	1
RUNX1T1	0.094915524	0.026891628	0.02935323383084577	0.20300213	0.26403162055335966	2.9116216	44.25141	1
GEM	0.02179537	0.0038489678	0.003980099502487562	0.050311107	0.07193675889328063	3.674194	15.774128	1
FSBP	0.04191833	0.029475568	0.03134328358208955	0.06168807	0.08695652173913043	1.0629225	5.3338413	1
SDC2	0.13909715	0.026505023	0.028855721393034824	0.31799948	0.35731225296442687	3.5797074	44.25141	1
MATN2	0.031596158	0.0116472	0.012437810945273632	0.06329386	0.09486166007905138	2.4320261	15.15497	1
LRP12	0.13688476	0.106904455	0.11293532338308458	0.18452713	0.24743083003952568	0.7869437	10.028423	1
AC027031.2	0.0391473	0.020250008	0.021890547263681594	0.06917395	0.10039525691699605	1.7672836	11.545369	1
ANGPT1	0.110822335	0.024024755	0.0263681592039801	0.24873869	0.30434782608695654	3.3666246	44.25141	1
CSMD3	0.013852471	0.0015100497	0.001990049751243781	0.033463873	0.0458498023715415	4.3817325	11.2274885	1
TRPS1	0.13446213	0.03910262	0.03980099502487562	0.28598413	0.3438735177865613	2.8674173	44.25141	1
EXT1	0.1929504	0.16537745	0.17512437810945275	0.23676045	0.3059288537549407	0.51740265	6.6794214	1
HAS2	0.038757566	0.0042517087	0.003482587064676617	0.093585104	0.12885375494071147	4.428166	30.259983	1
MYC	0.0878075	0.05564003	0.06019900497512438	0.13891803	0.1841897233201581	1.3184862	15.203465	1
SLA	0.010952592	0.0025591704	0.003482587064676617	0.02428931	0.03320158102766799	3.1972008	6.8890915	1
CCN4	0.012694606	0.0015963834	0.001990049751243781	0.030329056	0.045059288537549404	4.1649156	10.688976	1
DENND3	0.15038034	0.17225681	0.1761194029850746	0.115627624	0.15968379446640316	-0.574665	5.8299723	1
LY6E	0.19291592	0.06921987	0.0736318407960199	0.38945904	0.45375494071146244	2.4905012	44.25141	1
SCX	0.029951671	0.013559255	0.015422885572139304	0.05599837	0.07588932806324111	2.0380802	10.339727	1
CYHR1	0.1588416	0.13588887	0.1407960199004975	0.19531992	0.2616600790513834	0.52308893	5.6088033	1
PLGRKT	0.17089476	0.14535652	0.1517412935323383	0.21147658	0.2845849802371542	0.54059196	6.529834	1
PTPRD	0.08695409	0.040419962	0.04378109452736319	0.16089304	0.2158102766798419	1.9902935	30.112394	1
LURAP1L	0.05742082	0.031915642	0.035323383084577116	0.097944394	0.1399209486166008	1.6146581	14.758707	1
FREM1	0.09052054	0.07051701	0.07562189054726368	0.122303136	0.17391304347826086	0.7935528	6.8744016	1
BNC2	0.024261976	0.004951787	0.005472636815920398	0.054944675	0.07588932806324111	3.4457374	15.745116	1
CNTLN	0.14390515	0.1201342	0.12437810945273632	0.1816835	0.24347826086956523	0.5963739	6.3420134	1
PLIN2	0.29463407	0.22215156	0.2218905472636816	0.40979192	0.4624505928853755	0.88304985	27.088816	1
MLLT3	0.12663859	0.103601255	0.10895522388059702	0.16324893	0.22371541501976286	0.65552366	6.6960044	1
TEK	0.15126117	0.17407724	0.17114427860696518	0.11501534	0.15731225296442689	-0.59747595	5.9399495	1
AL353746.1	0.017973714	0.0021523547	0.0024875621890547263	0.04311286	0.06324110671936758	4.261955	14.703615	1
LINGO2	0.017871607	0.003003577	0.0029850746268656717	0.041495975	0.06482213438735178	3.74444	14.554572	1
CNTFR	0.023210239	0.0023683528	0.0029850746268656717	0.056326628	0.07351778656126483	4.5147557	17.967005	1
IL11RA	0.08917154	0.05307712	0.05621890547263682	0.14652224	0.1992094861660079	1.4632264	19.364838	1
AL162231.1	0.01538682	0.0068063457	0.007462686567164179	0.029020904	0.04189723320158103	2.0760608	6.2199354	1
TPM2	0.88891524	0.6480175	0.5054726368159204	1.271692	0.8648221343873518	0.97253543	44.25141	1
TMEM8B	0.020714123	0.0071803094	0.007960199004975124	0.04221869	0.06007905138339921	2.5392234	10.290544	1
GLIPR2	0.11160065	0.069939844	0.0736318407960199	0.17779952	0.23873517786561266	1.3448148	20.591503	1
ZCCHC7	0.1344626	0.11198481	0.12189054726368159	0.17018542	0.23636363636363636	0.60336405	6.36892	1
POLR1E	0.026661636	0.015519225	0.01691542288557214	0.044366457	0.06798418972332015	1.5093946	6.394079	1
EXOSC3	0.15113014	0.12977557	0.13930348258706468	0.1850693	0.25375494071146243	0.5117148	5.3067665	1
PGM5	0.016845413	0.006520088	0.006467661691542288	0.033251923	0.04743083003952569	2.3328478	7.6884527	1
CEP78	0.10317558	0.08241527	0.08706467661691543	0.1361638	0.18893280632411066	0.7236694	6.4818096	1
TLE4	0.19942543	0.15630493	0.16069651741293534	0.2679371	0.32252964426877473	0.77714664	13.54743	1
TLE1	0.316291	0.17570412	0.18258706467661692	0.5396693	0.5754940711462451	1.618374	44.25141	1
NTRK2	0.032024138	0.01351039	0.013930348258706468	0.06144145	0.08853754940711463	2.17685	12.963611	1
GOLM1	0.21280225	0.1752381	0.18308457711442785	0.27248386	0.3422924901185771	0.63656044	10.673726	1
GAS1	0.14770457	0.12472607	0.12288557213930348	0.18422358	0.22608695652173913	0.5623213	5.3136063	1
SPIN1	0.24247518	0.19907342	0.2044776119402985	0.3114294	0.38023715415019765	0.64534324	12.606106	1
S1PR3	0.18035005	0.02752908	0.028855721393034824	0.42317072	0.4553359683794466	3.9373212	44.25141	1
SYK	0.02349226	0.0016317008	0.0014925373134328358	0.05822725	0.07905138339920949	5.0739083	19.012491	1
ROR2	0.009339571	1.4042598e-09	0.0	0.024179516	0.03873517786561265	7.923576	11.043521	1
WNK2	0.0155883655	0.0067978315	0.006965174129353234	0.029556217	0.04110671936758893	2.1041198	6.0811076	1
PCAT7	0.075430825	0.058844384	0.0626865671641791	0.10177999	0.14387351778656127	0.7894444	5.690562	1
AOPEP	0.06909507	0.043622993	0.0472636815920398	0.10956471	0.15177865612648223	1.3266352	12.635677	1
ERCC6L2	0.16240449	0.13065198	0.13880597014925372	0.21286327	0.2774703557312253	0.70377177	9.750394	1
CDC14B	0.052585978	0.029576592	0.03283582089552239	0.08914393	0.1359683794466403	1.5884287	13.924596	1
MFSD14C	0.17112301	0.14170516	0.1527363184079602	0.21787053	0.2845849802371542	0.62022316	8.271934	1
XPA	0.19257937	0.15867507	0.16666666666666666	0.24644859	0.3201581027667984	0.6348876	9.87852	1
SMC2	0.18479049	0.1402086	0.13681592039800994	0.2556295	0.3185770750988142	0.8660151	15.345634	1
ABCA1	0.15208787	0.124611236	0.12786069651741294	0.19575435	0.25612648221343876	0.6511897	7.7044773	1
ZNF462	0.21746203	0.16634242	0.16616915422885573	0.29868248	0.36363636363636365	0.84407234	17.943928	1
SVEP1	0.026635166	0.003397461	0.003482587064676617	0.063558385	0.09407114624505929	4.185971	21.740332	1
LPAR1	0.008172202	0.00042287703	0.0004975124378109452	0.020485386	0.028458498023715414	5.299005	8.04152	1
UGCG	0.18316054	0.15478623	0.16069651741293534	0.22824697	0.2964426877470356	0.5600187	7.249337	1
TNC	0.015617471	0.0054742834	0.005472636815920398	0.031734567	0.043478260869565216	2.513736	7.138752	1
TLR4	0.05966236	0.03384349	0.03631840796019901	0.10068311	0.1391304347826087	1.5700469	14.042996	1
AL160272.1	0.0053630895	1.4042598e-09	0.0	0.013884698	0.022134387351778657	7.127685	6.195795	1
CDK5RAP2	0.112799	0.08528659	0.0945273631840796	0.15651767	0.21106719367588933	0.8751656	9.985144	1
CNTRL	0.07127968	0.048003215	0.05223880597014925	0.108259924	0.14940711462450593	1.1716261	10.544759	1
RABGAP1	0.39622408	0.34060872	0.33432835820895523	0.48458377	0.5454545454545454	0.5085049	14.777669	1
NR6A1	0.037140474	0.025348028	0.026865671641791045	0.055878103	0.07905138339920949	1.1373087	5.142036	1
OLFML2A	0.17758317	0.12021549	0.12437810945273632	0.26873702	0.3185770750988142	1.1599094	23.718584	1
PBX3	0.16792132	0.12929015	0.1383084577114428	0.2293083	0.2845849802371542	0.8261898	13.127429	1
CERCAM	0.114939675	0.09570195	0.10248756218905472	0.14551151	0.19446640316205532	0.6039975	5.212677	1
PHYHD1	0.04027204	0.024614036	0.026865671641791045	0.06515107	0.09565217391304348	1.400671	8.362297	1
IER5L	0.23039716	0.18738589	0.19054726368159203	0.29873183	0.3715415019762846	0.6725518	12.763421	1
PRRX2	0.008321756	0.00043584604	0.0004975124378109452	0.020852003	0.02924901185770751	5.289126	7.5325937	1
NCS1	0.06752289	0.047420803	0.0527363184079602	0.09945917	0.14308300395256918	1.0669949	8.735352	1
LAMC3	0.014350665	0.0025874018	0.0029850746268656717	0.033041805	0.04426877470355731	3.6243684	9.847156	1
BRD3	0.17294301	0.12678781	0.13582089552238805	0.24628313	0.3193675889328063	0.95734996	18.518734	1
COL5A1	0.15526168	0.092765	0.09402985074626866	0.2545687	0.30513833992094863	1.4554147	30.762596	1
GPSM1	0.03901904	0.024449611	0.0263681592039801	0.06216909	0.08616600790513834	1.3428161	7.3494735	1
AGPAT2	0.11842844	0.09172335	0.0955223880597015	0.16086532	0.21739130434782608	0.8098169	8.923733	1
PAXX	0.20257671	0.1574159	0.16766169154228855	0.2743304	0.350197628458498	0.80094284	15.963296	1
ENTPD2	0.012937213	0.0010786327	0.0014925373134328358	0.03177981	0.04031620553359684	4.7574573	9.951836	1
DIP2C	0.05466812	0.038184285	0.042786069651741296	0.080856204	0.11383399209486166	1.0803893	7.1799965	1
LINC02669	0.14061587	0.16551283	0.16666666666666666	0.101062916	0.14071146245059288	-0.71113396	7.8020816	1
AKR1C3	0.020243814	0.00727498	0.00845771144278607	0.040850695	0.057707509881422925	2.473177	9.494111	1
NET1	0.050819363	0.025660016	0.028358208955223882	0.090794116	0.12569169960474308	1.8190535	15.159401	1
SFMBT2	0.06885332	0.05230519	0.05721393034825871	0.09514168	0.1367588932806324	0.8618833	6.146553	1
KIN	0.21460007	0.184183	0.1925373134328358	0.26292476	0.3438735177865613	0.51327556	7.558719	1
GATA3	0.23916544	0.1508479	0.15422885572139303	0.37949008	0.4205533596837945	1.3303916	41.6939	1
CAMK1D	0.03564297	0.01801052	0.021393034825870648	0.06365988	0.09249011857707509	1.8158209	11.198797	1
CCDC3	0.021817325	0.005552745	0.005472636815920398	0.047660854	0.06877470355731226	3.0788052	12.53953	1
PLXDC2	0.09214824	0.04200701	0.04228855721393035	0.17181972	0.21818181818181817	2.0296028	30.6399	1
BAMBI	0.11331647	0.065399684	0.06716417910447761	0.18945509	0.24189723320158102	1.5330573	24.779505	1
PARD3	0.052043896	0.021904182	0.023383084577114428	0.099932015	0.14071146245059288	2.1846123	20.52196	1
FZD8	0.19579111	0.1633162	0.16766169154228855	0.24739037	0.3185770750988142	0.5988214	8.740397	1
ZNF32	0.20062391	0.15259783	0.16069651741293534	0.27693126	0.35889328063241105	0.8593691	18.238455	1
CXCL12	0.049548756	0.010175851	0.010945273631840797	0.11210913	0.13754940711462452	3.4488604	28.082552	1
RASSF4	0.066338055	0.05041739	0.05373134328358209	0.091629624	0.13280632411067195	0.8606076	5.779896	1
ZNF22	0.29892018	0.25270045	0.25223880597014925	0.3723459	0.44189723320158103	0.55903184	12.274087	1
VSTM4	0.011021827	0.004254625	0.004477611940298508	0.021774821	0.03320158102766799	2.3286507	5.4767346	1
PRKG1	0.19526128	0.102443226	0.10895522388059702	0.34274146	0.41185770750988143	1.7413093	44.25141	1
BICC1	0.031551473	0.004779355	0.005472636815920398	0.074090675	0.108300395256917	3.9264755	24.820791	1
PHYHIPL	0.018913385	0.006381933	0.006467661691542288	0.03882522	0.05454545454545454	2.5862093	9.43574	1
ANK3	0.14602514	0.103343986	0.10995024875621891	0.2138486	0.2790513833992095	1.0484146	17.658138	1
CDK1	0.054312807	0.037309922	0.0263681592039801	0.08132566	0.0932806324110672	1.1220626	5.382404	1
RHOBTB1	0.20343022	0.17280239	0.18308457711442785	0.25209296	0.32964426877470354	0.5445701	8.013824	1
TMEM26	0.04110544	0.0048595336	0.005472636815920398	0.098697476	0.1422924901185771	4.316198	33.475178	1
CABCOCO1	0.015106415	0.006829349	0.007960199004975124	0.028258502	0.04031620553359684	2.0329897	5.782336	1
ARID5B	0.363564	0.24599828	0.2383084577114428	0.5503608	0.5802371541501976	1.1614053	44.25141	1
EGR2	0.024048964	0.004853141	0.005472636815920398	0.054549973	0.07905138339920949	3.4638052	16.981602	1
DNAJC12	0.03506649	0.008020823	0.00845771144278607	0.07804034	0.108300395256917	3.2663698	22.174938	1
TET1	0.112319626	0.053776696	0.05522388059701493	0.20534289	0.258498023715415	1.931004	36.1222	1
AL513534.2	0.043751188	0.029580444	0.030845771144278607	0.06626679	0.09723320158102766	1.1609489	6.479398	1
H2AFY2	0.10728871	0.073440194	0.07711442786069651	0.16107304	0.21422924901185772	1.1320056	14.617067	1
PPA1	0.39899048	0.34119853	0.33134328358208953	0.4908093	0.549407114624506	0.5244223	15.70391	1
SGPL1	0.0944892	0.072467715	0.0791044776119403	0.12948093	0.18181818181818182	0.8364537	7.8922286	1
KAT6B	0.28642318	0.20197505	0.208955223880597	0.42059696	0.4853754940711462	1.05789	38.447166	1
AL450306.1	0.008314032	0.00080382964	0.0009950248756218905	0.020247204	0.02924901185770751	4.4926357	6.7630124	1
DLG5	0.041617524	0.0124539705	0.014427860696517412	0.08795588	0.12885375494071147	2.8102756	23.58757	1
PPIF	0.055342108	0.032070175	0.03582089552238806	0.09231667	0.13359683794466404	1.5224293	12.903266	1
ZCCHC24	0.13214882	0.09136876	0.09601990049751244	0.1969509	0.2600790513833992	1.1072174	17.638441	1
PLAC9	0.04945461	0.0073830043	0.008955223880597015	0.11630334	0.1422924901185771	3.959371	32.347553	1
NRG3	0.024770193	0.0039914725	0.004477611940298508	0.05778629	0.08616600790513834	3.8225298	19.019226	1
BMPR1A	0.040452447	0.007420544	0.00845771144278607	0.09293763	0.13122529644268774	3.6289055	29.136162	1
PTEN	0.4366714	0.31799084	0.3124378109452736	0.62524116	0.6284584980237155	0.97520477	44.25141	1
ACTA2	0.35260046	0.24124333	0.2417910447761194	0.5295308	0.4798418972332016	1.1339	36.74033	1
IFIT2	0.07184027	0.01735845	0.018407960199004977	0.15840726	0.2015810276679842	3.1825516	40.973118	1
KIF20B	0.065400206	0.046544038	0.04477611940298507	0.09535669	0.1241106719367589	1.0331537	6.907906	1
HHEX	0.28125206	0.3173281	0.29502487562189056	0.22391579	0.2782608695652174	-0.5028294	8.2558155	1
LGI1	0.010193694	0.00039640896	0.0004975124378109452	0.025760949	0.03715415019762846	5.703102	9.816072	1
AL157396.1	0.0044301664	1.4042598e-09	0.0	0.011469406	0.017391304347826087	6.854151	5.2031345	1
SLC35G1	0.06291195	0.045232378	0.04875621890547264	0.09099873	0.1241106719367589	1.0068891	6.9270387	1
PLCE1	0.02299914	0.01305614	0.014925373134328358	0.038798112	0.057707509881422925	1.5639639	6.04213	1
HELLS	0.08447819	0.057147224	0.05721393034825871	0.12790276	0.16521739130434782	1.1608973	11.033334	1
PDLIM1	0.37633896	0.32354113	0.3044776119402985	0.4602203	0.509090909090909	0.508243	12.784361	1
HPSE2	0.009213129	0.001640442	0.001990049751243781	0.021245705	0.0308300395256917	3.6164203	7.397857	1
CNNM1	0.015949018	0.0022635253	0.0024875621890547263	0.037694447	0.057707509881422925	3.9991622	13.099841	1
FBXW4	0.06392264	0.04824005	0.05223880597014925	0.088837005	0.13043478260869565	0.8795648	5.918462	1
NPM3	0.14959875	0.12717806	0.13781094527363183	0.18523225	0.24743083003952568	0.54213023	5.704315	1
LDB1	0.1466151	0.11398865	0.11840796019900497	0.19846396	0.2648221343873518	0.79944855	11.133254	1
PSD	0.0148608945	0.0023873001	0.0029850746268656717	0.034680642	0.05375494071146245	3.805632	12.4489	1
CALHM2	0.008106738	0.0012928805	0.0014925373134328358	0.0189335	0.02924901185770751	3.7723975	6.9750686	1
SORCS1	0.059785783	0.04060974	0.042786069651741296	0.09025104	0.12648221343873517	1.1501672	8.239669	1
ADRA2A	0.013928289	0.006181444	0.006467661691542288	0.026237924	0.03557312252964427	2.0679734	5.3010454	1
TCF7L2	0.3109162	0.2167849	0.2243781094527363	0.4604762	0.5114624505928854	1.0865103	43.37635	1
AFAP1L2	0.11029971	0.050442755	0.05323383084577114	0.20541154	0.2727272727272727	2.0236433	39.838978	1
ATRNL1	0.021900525	0.0039461716	0.004477611940298508	0.05042885	0.07193675889328063	3.642478	15.793298	1
GFRA1	0.055908687	0.0037589173	0.004477611940298508	0.13877094	0.1857707509881423	5.169405	44.25141	1
CPXM2	0.6000602	0.6833826	0.5557213930348258	0.46765643	0.5059288537549407	-0.5471471	23.433538	1
EEF1AKMT2	0.120511904	0.098915264	0.10696517412935323	0.15483256	0.22055335968379447	0.64591753	6.449446	1
CTBP2	0.25948316	0.1812451	0.18507462686567164	0.38379064	0.4608695652173913	1.0819575	36.42652	1
MKI67	0.06939822	0.046559155	0.025870646766169153	0.10568369	0.07984189723320158	1.1808851	5.0193377	1
MGMT	0.3103338	0.264006	0.25323383084577117	0.3839329	0.45691699604743086	0.5401129	11.896363	1
EBF3	0.044807326	0.0306873	0.030845771144278607	0.0672416	0.08932806324110672	1.1291627	5.856977	1
FUOM	0.1123969	0.09285858	0.09900497512437811	0.14344417	0.1976284584980237	0.6268347	5.4977684	1
IFITM1	0.013005484	0.005703471	0.004975124378109453	0.024608335	0.03873517786561265	2.09001	5.450257	1
B4GALNT4	0.04580491	0.023706006	0.024875621890547265	0.08091736	0.11699604743083004	1.7669055	13.4175205	1
H19	0.3092187	0.12839334	0.09751243781094528	0.5965344	0.5454545454545454	2.2151537	44.25141	1
IGF2	0.07165812	0.03386366	0.03034825870646766	0.13170835	0.16758893280632411	1.956378	21.23329	1
KCNQ1OT1	0.5415101	0.267608	0.24676616915422886	0.97671956	0.7470355731225297	1.867432	44.25141	1
CDKN1C	0.27258646	0.113523744	0.11691542288557213	0.5253232	0.5296442687747036	2.2092156	44.25141	1
TRIM5	0.13616116	0.109955706	0.11592039800995024	0.17780605	0.24347826086956523	0.69288164	7.965219	1
PPFIBP2	0.023321748	0.001891361	0.0024875621890547263	0.057373233	0.08221343873517786	4.8510637	20.24135	1
TUB	0.005689911	0.0009009941	0.0009950248756218905	0.013299285	0.020553359683794466	3.7426505	5.115132	1
SBF2	0.17890605	0.1513387	0.16019900497512438	0.22270994	0.2909090909090909	0.5570796	7.139112	1
MRVI1	0.049315143	0.028306518	0.031840796019900496	0.08269467	0.11541501976284585	1.543316	11.508549	1
TEAD1	0.2709458	0.22675747	0.22786069651741295	0.34114563	0.4126482213438735	0.5890244	12.047601	1
SOX6	0.048599977	0.032285903	0.03134328358208955	0.07452022	0.10355731225296443	1.2042006	7.061956	1
FIBIN	0.03187224	0.006461076	0.006965174129353234	0.07224896	0.09723320158102766	3.462968	20.239546	1
BDNF	0.0297892	0.0046985587	0.005472636815920398	0.0696566	0.09565217391304348	3.861657	21.560774	1
KIF18A	0.013687446	0.0059494665	0.006965174129353234	0.02598288	0.037944664031620556	2.1082234	5.443757	1
WT1	0.019850092	0.004445865	0.005472636815920398	0.04432649	0.06640316205533597	3.2887936	13.6152	1
CD44	0.17942381	0.1498842	0.14676616915422885	0.22636217	0.2837944664031621	0.5944596	7.3678517	1
TRIM44	0.42585883	0.34641874	0.32786069651741295	0.5520756	0.5810276679841897	0.67219394	25.967186	1
PRR5L	0.115459435	0.13498524	0.14228855721393036	0.084441096	0.12015810276679842	-0.6761453	6.1129045	1
LRRC4C	0.05253102	0.005502556	0.006965174129353234	0.12725571	0.16205533596837945	4.5066347	38.76423	1
C11orf96	0.38391483	0.17916083	0.1761194029850746	0.7092518	0.6442687747035574	1.984441	44.25141	1
MDK	0.4830253	0.14373986	0.13532338308457711	1.0221267	0.782608695652174	2.8291798	44.25141	1
PACSIN3	0.02253639	0.004568862	0.004975124378109453	0.051085714	0.07509881422924901	3.4545984	16.492817	1
NR1H3	0.015675895	0.005145093	0.005970149253731343	0.032408804	0.04901185770750988	2.6317904	8.672883	1
SSRP1	0.33597922	0.2812595	0.2791044776119403	0.42291254	0.48300395256916995	0.58828574	15.478541	1
SERPING1	0.08604361	0.028294364	0.028855721393034824	0.17780325	0.22845849802371543	2.6474164	42.55681	1
DTX4	0.018839046	0.0096626775	0.009950248756218905	0.033420127	0.04980237154150197	1.779679	6.025007	1
MS4A7	0.034373946	0.005634465	0.005970149253731343	0.08003913	0.10513833992094862	3.8047762	23.258621	1
TMEM216	0.049245358	0.03387987	0.03631840796019901	0.07365804	0.10592885375494071	1.11812	6.8395147	1
UQCC3	0.20035738	0.17032138	0.17661691542288557	0.24808028	0.324901185770751	0.5422822	7.6570077	1
TTC9C	0.17106736	0.14636634	0.15323383084577114	0.21031904	0.28300395256916994	0.5226961	6.097741	1
SNHG1	0.09995908	0.0755953	0.08208955223880597	0.13867171	0.18972332015810275	0.8744379	8.82912	1
DNAJC4	0.15252809	0.11692246	0.12388059701492538	0.2091103	0.27430830039525694	0.8381685	12.503215	1
VEGFB	0.24646246	0.20060033	0.20348258706467662	0.31932592	0.4031620553359684	0.6704384	14.138162	1
NRXN2	0.0072074067	0.001138409	0.0014925373134328358	0.016850833	0.025296442687747035	3.7747965	6.1828628	1
SNX15	0.09155826	0.07387205	0.08109452736318408	0.119658515	0.16679841897233202	0.695076	5.364073	1
LTBP3	0.07763638	0.04250896	0.04626865671641791	0.1334485	0.183399209486166	1.648135	20.304123	1
EFEMP2	0.29173476	0.2417162	0.24328358208955222	0.37119782	0.4426877470355731	0.6186659	14.424457	1
CD248	0.103980325	0.027121346	0.029850746268656716	0.22610518	0.2932806324110672	3.0548217	44.25141	1
CCS	0.24860069	0.20101689	0.21044776119402986	0.32419872	0.4023715415019763	0.6892891	15.135156	1
RPS6KB2	0.1341664	0.10310628	0.11144278606965174	0.18352449	0.24426877470355732	0.8312277	10.756247	1
PITPNM1	0.029990619	0.017120074	0.01890547263681592	0.05044128	0.0782608695652174	1.553371	7.8691587	1
INPPL1	0.13308159	0.10875393	0.11741293532338308	0.17174228	0.23557312252964427	0.6586916	7.2837706	1
ARHGEF17	0.1746982	0.11741212	0.12189054726368159	0.2657231	0.3375494071146245	1.1776569	26.486443	1
RELT	0.12974696	0.14913285	0.15422885572139303	0.098950736	0.13438735177865613	-0.59132546	5.271613	1
PAK1	0.056090858	0.023214588	0.0263681592039801	0.108326755	0.1549407114624506	2.217416	23.617678	1
TENM4	0.015647955	0.003464847	0.003980099502487562	0.035006262	0.05059288537549407	3.2998164	10.726286	1
RAB30	0.06813949	0.044598676	0.04626865671641791	0.105540186	0.1422924901185771	1.2408546	10.649211	1
CREBZF	0.21405698	0.18132953	0.191044776119403	0.26605412	0.33517786561264823	0.55285245	8.316767	1
SYTL2	0.02442802	0.005250127	0.006467661691542288	0.054900534	0.08063241106719368	3.3618007	17.16243	1
EED	0.09600858	0.07423292	0.0791044776119403	0.13060789	0.17628458498023716	0.81427294	7.3913918	1
CTSC	0.6602748	0.5430259	0.472636815920398	0.8465775	0.7122529644268775	0.6405259	36.933193	1
FAT3	0.027605135	0.004180307	0.004477611940298508	0.06482575	0.09249011857707509	3.9230046	20.433613	1
AMOTL1	0.19664465	0.15188697	0.15422885572139303	0.2677597	0.34071146245059286	0.8175299	15.363044	1
SESN3	0.19004464	0.056789465	0.058208955223880594	0.40177497	0.449802371541502	2.8205132	44.25141	1
CEP57	0.23881657	0.19445068	0.20248756218905473	0.30930233	0.38735177865612647	0.6693379	13.635708	1
MAML2	0.28892547	0.21877714	0.2253731343283582	0.40037483	0.4608695652173913	0.8715903	26.812805	1
ARHGAP42	0.14902188	0.07783387	0.08208955223880597	0.26213744	0.3264822134387352	1.7505512	42.73953	1
CEP126	0.10958856	0.08637916	0.0945273631840796	0.14646827	0.20395256916996046	0.76114833	7.804524	1
YAP1	0.10846195	0.033690345	0.03582089552238806	0.22727096	0.308300395256917	2.750365	44.25141	1
MMP13	0.10053088	0.010644644	0.011442786069651741	0.24335454	0.1976284584980237	4.5019627	41.328945	1
DYNC2H1	0.10648058	0.07877228	0.08208955223880597	0.15050982	0.20474308300395258	0.93322563	10.3930235	1
GRIA4	0.20765728	0.026855115	0.0263681592039801	0.49493918	0.5225296442687747	4.1989117	44.25141	1
MSANTD4	0.09106667	0.0705638	0.0791044776119403	0.12364218	0.1707509881422925	0.80829406	7.04782	1
AASDHPPT	0.35438773	0.30002335	0.2960199004975124	0.44075763	0.5225296442687747	0.5547573	15.597339	1
GUCY1A2	0.050075028	0.025460778	0.026865671641791045	0.089183785	0.11620553359683794	1.8044665	13.884009	1
DIXDC1	0.050534632	0.02725753	0.028358208955223882	0.08751819	0.12094861660079051	1.6792924	13.281319	1
NKAPD1	0.18895876	0.16037446	0.16865671641791044	0.23437545	0.3067193675889328	0.54709315	7.395893	1
LINC02762	0.027949179	0.015133849	0.017412935323383085	0.048312098	0.07193675889328063	1.6680871	7.734698	1
NCAM1	0.014105026	0.0040669786	0.004477611940298508	0.030054998	0.039525691699604744	2.8553236	7.7864537	1
CADM1	0.29138878	0.17396256	0.1746268656716418	0.47796515	0.5059288537549407	1.4576012	44.25141	1
SIK3	0.08508345	0.06231287	0.06865671641791045	0.121261425	0.16521739130434782	0.95939445	8.752602	1
TAGLN	0.20897679	0.099378705	0.09004975124378109	0.38311717	0.33517786561264823	1.9457026	41.57289	1
BACE1	0.13891663	0.11409399	0.12238805970149254	0.17836581	0.23952569169960475	0.64416105	7.136713	1
FXYD6	0.23869169	0.18189919	0.18159203980099503	0.32892287	0.39209486166007906	0.85425574	20.661562	1
THY1	1.380937	1.1892301	0.7427860696517413	1.6855559	0.9557312252964427	0.50316095	44.25141	1
MIR100HG	0.048966974	0.027818933	0.027860696517412936	0.08256833	0.11146245059288537	1.566091	11.159222	1
ARHGAP32	0.050499298	0.02508007	0.02935323383084577	0.090887	0.12885375494071147	1.8533782	16.21592	1
ZBTB44	0.15854873	0.13168964	0.13681592039800994	0.20123336	0.266403162055336	0.6113493	7.463713	1
NTM	0.028127626	0.0057722805	0.005970149253731343	0.06364891	0.08063241106719368	3.440408	16.275978	1
IQSEC3	0.0048234947	0.0004132301	0.0004975124378109452	0.011831188	0.020553359683794466	4.538988	5.3909726	1
NRIP2	0.014005245	0.002688218	0.0029850746268656717	0.03198746	0.04426877470355731	3.5245943	9.392841	1
LTBR	0.098661825	0.07966079	0.0845771144278607	0.12885348	0.1865612648221344	0.6930992	6.020618	1
CHD4	0.8938845	0.76914984	0.6368159203980099	1.0920888	0.8569169960474309	0.50569814	44.25141	1
PIANP	0.008812978	0.00074797	0.0009950248756218905	0.021627778	0.03320158102766799	4.6793838	8.235654	1
CD4	0.017472701	0.0035038816	0.003482587064676617	0.039668337	0.062450592885375494	3.463997	13.123658	1
C1R	0.014371531	0.005289215	0.005970149253731343	0.028803075	0.042687747035573126	2.423076	7.0405145	1
AC092490.1	0.068662666	0.08671113	0.09353233830845771	0.03997783	0.057707509881422925	-1.1150756	8.497874	1
PHC1	0.12922254	0.10698363	0.11343283582089553	0.16456378	0.22529644268774704	0.6207852	6.237678	1
A2M	0.54738516	0.46296525	0.40298507462686567	0.68151706	0.6339920948616601	0.557746	22.71013	1
PRH1	0.16855957	0.13903181	0.1482587064676617	0.2154814	0.28616600790513835	0.6317803	8.534529	1
ETV6	0.119158246	0.09535288	0.1009950248756219	0.1569871	0.21739130434782608	0.71870404	7.5138474	1
APOLD1	0.18589893	0.21388732	0.20348258706467662	0.14142205	0.17865612648221343	-0.5964985	6.955083	1
MGP	0.44532478	0.08443817	0.0845771144278607	1.0187482	0.6142292490118577	3.5911925	44.25141	1
RERG	0.05101532	0.0044541787	0.004975124378109453	0.12499754	0.17233201581027668	4.779719	42.22611	1
EPS8	0.08198813	0.031396348	0.03383084577114428	0.16237377	0.2189723320158103	2.3669503	35.16729	1
RERGL	0.012579543	0.0010493577	0.0009950248756218905	0.030900247	0.043478260869565216	4.75338	10.336926	1
PLEKHA5	0.16990936	0.08556986	0.09303482587064676	0.30392036	0.37707509881422924	1.8273082	44.25141	1
AEBP2	0.16134536	0.13704985	0.1472636815920398	0.19995578	0.2711462450592885	0.5446492	6.283048	1
AC126468.1	0.008247345	0.001292312	0.0014925373134328358	0.019298553	0.030039525691699605	3.8003945	6.851441	1
PDE3A	0.083030276	0.019636208	0.020895522388059702	0.1837583	0.23952569169960475	3.2196774	44.25141	1
KCNJ8	0.012668504	0.0014864678	0.001990049751243781	0.030436082	0.03636363636363636	4.266625	8.2407255	1
ABCC9	0.01005133	0.00072825875	0.0004975124378109452	0.024865124	0.03636363636363636	4.9136887	9.155523	1
SSPN	0.027094042	0.012080044	0.011940298507462687	0.05095051	0.07193675889328063	2.0674062	9.665044	1
STK38L	0.098048806	0.061892375	0.06517412935323383	0.15550002	0.21027667984189724	1.3276795	17.675081	1
KIF21A	0.10782206	0.08950628	0.0955223880597015	0.13692664	0.18972332015810275	0.6127846	5.0089207	1
SLC2A13	0.09214344	0.07236805	0.07711442786069651	0.12356428	0.16758893280632411	0.77101195	6.308612	1
CNTN1	0.014452802	0.0026895828	0.0029850746268656717	0.03314386	0.04743083003952569	3.5749667	10.480937	1
PRICKLE1	0.054356754	0.032524407	0.034328358208955224	0.08904434	0.12648221343873517	1.4501915	11.480081	1
ARID2	0.13589771	0.1073795	0.11343283582089553	0.18121755	0.2450592885375494	0.75445706	9.200602	1
AMIGO2	0.027888412	0.017882558	0.019402985074626865	0.04378724	0.06403162055335969	1.2872034	5.197727	1
ZNF641	0.077602305	0.05933887	0.06567164179104477	0.10661615	0.15177865612648223	0.84429985	6.568568	1
ADCY6	0.09120343	0.0738016	0.08109452736318408	0.11885174	0.16996047430830039	0.686699	5.4107103	1
NCKAP5L	0.08230516	0.06164977	0.06865671641791045	0.11512072	0.16047430830039525	0.8998945	7.7741976	1
METTL7A	0.022634005	0.007729817	0.00845771144278607	0.04631589	0.06798418972332015	2.5675683	11.702373	1
LETMD1	0.08271582	0.06442838	0.07014925373134329	0.1117689	0.16126482213438736	0.79380333	6.2874894	1
TNS2	0.23327723	0.18054587	0.18407960199004975	0.31705698	0.3897233201581028	0.8120328	18.595804	1
HOXC9	0.1193819	0.07105047	0.07064676616915423	0.19617991	0.25296442687747034	1.4639672	24.285696	1
HNRNPA1	1.333694	1.1469752	0.8014925373134328	1.6303849	0.9628458498023715	0.50734115	44.25141	1
PDE1B	0.028966388	0.0062232194	0.006965174129353234	0.06510389	0.091699604743083	3.366227	19.516586	1
GDF11	0.18145342	0.14558327	0.14925373134328357	0.23844944	0.3098814229249012	0.711453	11.02653	1
IKZF4	0.038889877	0.026863938	0.028855721393034824	0.057998557	0.08458498023715415	1.1074711	5.3379254	1
MYL6B	0.49574605	0.42164242	0.3970149253731343	0.61348647	0.6403162055335968	0.54090464	22.136652	1
STAT2	0.10840842	0.0854683	0.08955223880597014	0.1448618	0.1976284584980237	0.76052445	7.2344937	1
NAB2	0.09348932	0.04873702	0.05323383084577114	0.16459787	0.22371541501976286	1.7537748	27.2176	1
LRP1	0.12438388	0.041049805	0.04477611940298507	0.25679687	0.324901185770751	2.6422317	44.25141	1
NXPH4	0.009235245	0.0007336519	0.0009950248756218905	0.022743756	0.03320158102766799	4.776211	7.967598	1
SHMT2	0.19468702	0.1548772	0.16119402985074627	0.257941	0.3312252964426877	0.73554426	12.892482	1
NDUFA4L2	0.039054256	0.0065808236	0.006467661691542288	0.09065246	0.11383399209486166	3.763839	23.727093	1
R3HDM2	0.19318743	0.14031012	0.1517412935323383	0.27720416	0.34703557312252964	0.9818222	21.750406	1
DTX3	0.0363485	0.018160574	0.020895522388059702	0.06524805	0.091699604743083	1.8394121	11.360292	1
ARHGEF25	0.014277045	0.0046138284	0.004477611940298508	0.02963153	0.0458498023715415	2.6570227	8.108963	1
CDK4	0.5261657	0.4516994	0.42835820895522386	0.6444838	0.6561264822134387	0.51268566	21.636824	1
RXYLT1	0.11745371	0.09368124	0.09751243781094528	0.15523069	0.21422924901185772	0.7279716	7.3998847	1
AC026124.1	0.078976125	0.051467825	0.05621890547263682	0.122681625	0.16600790513833993	1.2515516	12.82626	1
GRIP1	0.016755981	0.0037763927	0.003980099502487562	0.03737981	0.052964426877470355	3.2733269	10.7197275	1
DYRK2	0.15729678	0.111679345	0.11691542288557213	0.22978549	0.3027667984189723	1.0402617	19.467443	1
MDM1	0.050864644	0.037057966	0.042786069651741296	0.07279981	0.10592885375494071	0.9722434	5.7546544	1
CPSF6	0.32459915	0.27925083	0.2796019900497512	0.39664176	0.48300395256916995	0.50612223	11.822542	1
FRS2	0.10043978	0.07767971	0.08606965174129354	0.13660426	0.18893280632411066	0.81359255	7.987974	1
KCNMB4	0.1330003	0.1083986	0.1154228855721393	0.17209695	0.2276679841897233	0.6663832	7.106686	1
PTPRB	0.35829547	0.40728733	0.3895522388059702	0.28043708	0.35177865612648224	-0.5382097	13.15849	1
TRHDE	0.04421806	0.004092857	0.003482587064676617	0.10797413	0.15889328063241107	4.687944	38.44045	1
TRHDE-AS1	0.03177608	0.0017091644	0.001990049751243781	0.07955042	0.10988142292490119	5.4602866	28.01182	1
ATXN7L3B	0.61773074	0.5311228	0.48009950248756217	0.7553408	0.7256916996047431	0.50800157	27.076252	1
GLIPR1	0.04728466	0.020078057	0.022885572139303482	0.09051262	0.12490118577075099	2.1669247	18.14879	1
CSRP2	0.64716834	0.47000238	0.40746268656716417	0.92867035	0.7272727272727273	0.982347	44.25141	1
NAV3	0.10063343	0.013320397	0.013930348258706468	0.2393682	0.29881422924901185	4.157335	44.25141	1
SYT1	0.065577164	0.048646197	0.045771144278606964	0.092474304	0.1241106719367589	0.92532206	5.805491	1
ACSS3	0.0199175	0.0102927275	0.011940298507462687	0.035210963	0.048221343873517786	1.7645419	6.0843477	1
RASSF9	0.013586381	0.0018662476	0.001990049751243781	0.032208998	0.04901185770750988	4.0384192	11.8810005	1
MGAT4C	0.012106917	0.0013847303	0.0014925373134328358	0.029143782	0.03715415019762846	4.299857	8.993591	1
ATP2B1	0.60962075	0.47171044	0.418407960199005	0.8287467	0.7146245059288537	0.8128979	44.25141	1
ATP2B1-AS1	0.03862274	0.014151978	0.014427860696517412	0.07750526	0.10988142292490119	2.4449923	17.930384	1
LUM	0.11295374	0.022003697	0.020895522388059702	0.25746742	0.2774703557312253	3.5425904	44.25141	1
DCN	0.017475316	0.003312972	0.003482587064676617	0.03997853	0.052964426877470355	3.5537293	11.340324	1
GAS2L3	0.24675474	0.2802749	0.2651741293532338	0.19347924	0.24347826086956523	-0.5344328	7.864458	1
HELLPAR	0.045167875	0.026535321	0.027860696517412936	0.07477229	0.1075098814229249	1.4910913	10.039121	1
IGF1	0.09545964	0.038615394	0.03731343283582089	0.18578272	0.22213438735177865	2.2634134	33.381912	1
APPL2	0.094135575	0.073520415	0.0781094527363184	0.12689106	0.18023715415019761	0.7865491	6.9189286	1
C12orf75	0.06343032	0.032631844	0.03631840796019901	0.112364694	0.15968379446640316	1.7807053	19.166393	1
TMEM119	0.009640797	0.0010815685	0.0009950248756218905	0.023240868	0.034782608695652174	4.304083	8.522199	1
ALKBH2	0.035183713	0.019918926	0.021890547263681594	0.059438672	0.08458498023715415	1.5724624	8.743348	1
IFT81	0.09307405	0.065572605	0.07114427860696518	0.13677093	0.18814229249011857	1.0594525	11.454885	1
DTX1	0.016410008	0.0015654813	0.0014925373134328358	0.03999709	0.06324110671936758	4.5894866	15.067531	1
TPCN1	0.029524775	0.017580355	0.019402985074626865	0.04850381	0.07272727272727272	1.4589223	6.7926493	1
SDSL	0.029268866	0.01940506	0.021890547263681594	0.04494202	0.07035573122529644	1.2074232	5.0608697	1
TBX3	0.15822685	0.073274456	0.07860696517412935	0.29321244	0.34624505928853755	1.9990884	44.25141	1
MED13L	0.34461176	0.28828922	0.2865671641791045	0.4340928	0.4980237154150198	0.5903185	16.149683	1
TESC	0.07113544	0.049621776	0.05472636815920398	0.10531442	0.1541501976284585	1.0841224	9.58221	1
TMEM233	0.16962345	0.1914055	0.19303482587064677	0.13501433	0.18181818181818182	-0.50320524	5.082312	1
MLEC	0.45489413	0.35406056	0.34427860696517415	0.61510485	0.6284584980237155	0.7966634	40.435333	1
P2RX4	0.031143954	0.011526948	0.013432835820895522	0.062314205	0.08616600790513834	2.424402	13.728344	1
KDM2B	0.0582917	0.044475455	0.04825870646766169	0.080240235	0.11620553359683794	0.8498731	5.0732923	1
RILPL2	0.08402811	0.057061132	0.06318407960199005	0.1268743	0.17786561264822134	1.15143	12.306351	1
NCOR2	0.13696468	0.11548927	0.12139303482587065	0.1710946	0.2276679841897233	0.56662977	5.470473	1
EP400	0.19096313	0.16112961	0.16965174129353233	0.23836537	0.31699604743083004	0.56466305	8.023576	1
CDK8	0.07830888	0.061653163	0.0691542288557214	0.10476763	0.15256916996047432	0.7639844	5.757783	1
PAN3	0.090346195	0.0709128	0.07611940298507462	0.12122251	0.16996047430830039	0.77269626	6.376521	1
B3GLCT	0.05404831	0.03959139	0.04477611940298507	0.07701582	0.10988142292490119	0.95820063	5.8024015	1
FRY	0.04084065	0.02877512	0.031840796019900496	0.060011297	0.08853754940711463	1.0578094	5.340654	1
PDS5B	0.34671956	0.25723052	0.26119402985074625	0.48890096	0.5335968379446641	0.9262147	37.29212	1
STARD13	0.20552099	0.17052895	0.17661691542288557	0.26111573	0.341501976284585	0.6143792	9.894218	1
DCLK1	0.008794077	0.0007952849	0.0009950248756218905	0.021503666	0.03241106719367589	4.5927854	8.509403	1
SMAD9	0.04180459	0.0074391174	0.007960199004975124	0.09640891	0.12806324110671938	3.6781948	28.547092	1
POSTN	0.09762265	0.010921197	0.011940298507462687	0.23538569	0.2671936758893281	4.4172864	44.25141	1
NHLRC3	0.16624625	0.13913131	0.14527363184079603	0.20933512	0.28063241106719367	0.5890197	7.285029	1
LHFPL6	0.32224742	0.23647483	0.24129353233830847	0.4585241	0.5114624505928854	0.95501554	36.23992	1
MRPS31	0.19555807	0.16233242	0.17114427860696518	0.24835016	0.31620553359683795	0.61311686	9.3103895	1
TNFSF11	0.014382874	0.0011589869	0.0009950248756218905	0.035394765	0.057707509881422925	4.817271	14.112704	1
EPSTI1	0.006149275	0.00068748934	0.0009950248756218905	0.014827705	0.026877470355731226	4.244588	6.612189	1
ENOX1	0.016477568	0.0010885426	0.0014925373134328358	0.040929805	0.0616600790513834	5.109407	15.679472	1
LACC1	0.12739712	0.069242656	0.07512437810945273	0.21980323	0.2656126482213439	1.6650537	31.356134	1
TPT1-AS1	0.1285548	0.10177814	0.10845771144278607	0.17110665	0.23478260869565218	0.74889416	8.737152	1
EBPL	0.4360238	0.36234602	0.35323383084577115	0.5530858	0.5928853754940712	0.60999805	23.426046	1
DLEU2	0.11471627	0.07858531	0.08308457711442786	0.17212875	0.2276679841897233	1.1301597	15.43947	1
TRIM13	0.18267705	0.15616813	0.16119402985074627	0.22479899	0.2940711462450593	0.52525365	6.4166574	1
RNASEH2B	0.121127084	0.08398564	0.08706467661691543	0.18014584	0.24426877470355732	1.1000346	16.305834	1
WDFY2	0.11497506	0.06728906	0.07263681592039802	0.19074702	0.2545454545454545	1.5018302	26.21994	1
PCDH20	0.004947416	1.4042598e-09	0.0	0.012808524	0.016600790513833993	7.0121603	5.030888	1
PCDH9	0.24767394	0.06390838	0.06716417910447761	0.5396626	0.5272727272727272	3.075992	44.25141	1
KLF12	0.14431663	0.11310501	0.11840796019900497	0.19391675	0.25612648221343876	0.7772435	10.22859	1
KCTD12	0.36567903	0.29524595	0.27562189054726366	0.47758195	0.5138339920948617	0.6936446	21.181145	1
SPRY2	0.33134246	0.24529628	0.2427860696517413	0.4680544	0.5138339920948617	0.93187094	34.93112	1
SLITRK1	0.0060184584	0.00032223566	0.0004975124378109452	0.015069399	0.020553359683794466	5.1669717	5.5544147	1
SLITRK6	0.020649837	0.0028863947	0.003482587064676617	0.048874784	0.06719367588932806	4.0355625	14.881317	1
SLITRK5	0.033945624	0.012199422	0.012935323383084577	0.06849901	0.09644268774703557	2.4795973	15.378561	1
GPC6	0.16228637	0.12751202	0.12835820895522387	0.21754676	0.2798418972332016	0.77022433	11.076159	1
DZIP1	0.12424539	0.076064415	0.08159203980099503	0.20080529	0.2648221343873518	1.3993266	24.848297	1
FARP1	0.46388575	0.36343196	0.3502487562189055	0.62349385	0.6308300395256917	0.7785246	39.15015	1
DOCK9	0.4729085	0.53497463	0.46567164179104475	0.37427515	0.433201581027668	-0.5152555	15.831559	1
BIVM	0.09808198	0.077910446	0.08109452736318408	0.13013405	0.17786561264822134	0.7393675	6.393828	1
IRS2	0.01804153	0.0074566063	0.007462686567164179	0.03486052	0.05217391304347826	2.2099164	7.8839397	1
CCNB1IP1	0.17938752	0.11831418	0.12388059701492538	0.2764302	0.35098814229249015	1.223595	29.430244	1
RNASE1	0.4992451	0.5646564	0.4736318407960199	0.3952971	0.43715415019762843	-0.51432645	15.910472	1
ARHGEF40	0.20302048	0.1374939	0.14228855721393036	0.307136	0.37707509881422924	1.1589308	30.380531	1
SALL2	0.0149418255	0.0053317915	0.005472636815920398	0.03021179	0.04743083003952569	2.480379	8.036425	1
SLC7A8	0.14488801	0.06145635	0.06766169154228856	0.27745652	0.3138339920948617	2.172802	44.25141	1
EFS	0.015274837	0.0023882017	0.0024875621890547263	0.035750892	0.05454545454545454	3.8488338	12.255554	1
JPH4	0.025720308	0.0063790604	0.006965174129353234	0.056452375	0.07984189723320158	3.1257312	15.9028225	1
DHRS4-AS1	0.08895788	0.068464294	0.07512437810945273	0.12151931	0.17312252964426877	0.82684296	7.2056804	1
IRF9	0.1013504	0.078982905	0.08557213930348259	0.1368923	0.18735177865612648	0.7926571	7.5482163	1
NFATC4	0.055881035	0.021250416	0.022388059701492536	0.1109049	0.15731225296442689	2.3782873	25.369213	1
NYNRIN	0.12233867	0.0848893	0.0880597014925373	0.18184692	0.24347826086956523	1.0981644	16.047802	1
NPAS3	0.016906738	0.0068319547	0.007462686567164179	0.03291507	0.04901185770750988	2.2517908	7.7175627	1
MBIP	0.14822616	0.11894626	0.12388059701492538	0.19475766	0.2648221343873518	0.7108983	9.193783	1
AL121821.2	0.017679932	0.0066215065	0.007462686567164179	0.035251234	0.05533596837944664	2.3949041	9.015264	1
LRFN5	0.04945449	0.009495387	0.010447761194029851	0.112945974	0.15810276679841898	3.558425	34.676105	1
MIS18BP1	0.1389423	0.107428305	0.10845771144278607	0.18902202	0.23636363636363636	0.8146008	9.908377	1
MDGA2	0.018363243	0.0015828422	0.001990049751243781	0.0450262	0.06640316205533597	4.7449937	17.047531	1
KLHDC2	0.2625447	0.22333872	0.22885572139303484	0.32482898	0.40948616600790516	0.5402451	10.385741	1
PYGL	0.068574764	0.04125651	0.044278606965174126	0.111978434	0.15177865612648223	1.4383223	13.95764	1
TRIM9	0.016831687	0.0032487893	0.003482587064676617	0.038414106	0.05928853754940711	3.5236754	12.760819	1
FRMD6	0.09617484	0.062229976	0.06766169154228856	0.15011105	0.20474308300395258	1.2689928	16.250507	1
PTGDR	0.011636819	0.001010047	0.0009950248756218905	0.02852206	0.04189723320158103	4.6884346	10.634737	1
DDHD1	0.14769131	0.12210223	0.12985074626865672	0.1883581	0.2482213438735178	0.6249731	6.9760623	1
LGALS3	0.1335195	0.030304244	0.03383084577114428	0.29752198	0.33201581027667987	3.2911363	44.25141	1
PSMA3-AS1	0.30945182	0.24267505	0.24228855721393036	0.41554326	0.4727272727272727	0.7757256	23.316439	1
DACT1	0.02375323	0.0028939438	0.003482587064676617	0.056897286	0.08300395256916997	4.2507744	19.18349	1
SYNE2	0.11896112	0.07950035	0.07661691542288557	0.18166599	0.23241106719367588	1.1912357	16.542158	1
PLEKHG3	0.020156564	0.008179361	0.00845771144278607	0.03918782	0.05691699604743083	2.2464907	8.675006	1
ZFP36L1	1.0599611	0.7980658	0.6288557213930348	1.4760984	0.9375494071146245	0.8871263	44.25141	1
PCNX1	0.14791211	0.116335675	0.12338308457711443	0.19809227	0.266403162055336	0.7673675	10.45425	1
RGS6	0.014354096	0.00653548	0.007462686567164179	0.026777767	0.04110671936758893	2.0181406	5.8414316	1
FOS	0.5499035	0.31747326	0.25422885572139303	0.91921616	0.6996047430830039	1.5334717	44.25141	1
IFT43	0.12276035	0.093190245	0.1	0.1697492	0.23636363636363636	0.86445624	10.981441	1
TGFB3	0.03723953	0.0074547273	0.007462686567164179	0.08456566	0.11146245059288537	3.4863255	22.888647	1
IRF2BPL	0.18454367	0.106556475	0.11044776119402985	0.30845997	0.3683794466403162	1.5325793	42.67738	1
GSTZ1	0.1285562	0.10517727	0.11393034825870647	0.16570899	0.22371541501976286	0.6553283	6.8575993	1
FLRT2	0.023217333	0.0077727986	0.007960199004975124	0.04775788	0.06482213438735178	2.6038082	10.753836	1
RPS6KA5	0.06754629	0.042682648	0.044278606965174126	0.107049	0.14466403162055336	1.3245208	11.901937	1
FBLN5	0.023825105	0.0026369402	0.0024875621890547263	0.057491686	0.08379446640316206	4.3952246	19.86669	1
EVL	0.2650228	0.21205151	0.21592039800995025	0.3491797	0.4205533596837945	0.7192877	17.038708	1
DLK1	0.10048456	0.021916606	0.023880597014925373	0.2253245	0.19209486166007905	3.3559804	37.74177	1
MEG3	0.2929928	0.12223545	0.11393034825870647	0.5643118	0.5122529644268775	2.2059057	44.25141	1
MEG8	0.0642009	0.023585537	0.023880597014925373	0.12873478	0.16442687747035573	2.443444	26.93403	1
JAG2	0.2548387	0.28737018	0.2791044776119403	0.203134	0.2648221343873518	-0.5002704	7.7535896	1
MTA1	0.15928693	0.12734002	0.13532338308457711	0.2100542	0.2766798418972332	0.7216299	10.015347	1
CRIP1	0.18708365	0.15624093	0.13681592039800994	0.2360909	0.25059288537549407	0.59525794	6.259506	1
NDN	0.4766965	0.4057334	0.3845771144278607	0.5894458	0.6229249011857707	0.53871644	20.806087	1
PWRN1	0.009172178	0.0018090769	0.001990049751243781	0.02087165	0.0308300395256917	3.4574933	6.8070807	1
GABRG3	0.01191511	0.00032223566	0.0004975124378109452	0.030335408	0.039525691699604744	6.1715584	10.523402	1
APBA2	0.033826653	0.022692036	0.025373134328358207	0.051519033	0.0774703557312253	1.1793734	5.427475	1
SCG5	0.0090302145	0.0014263204	0.0014925373134328358	0.021112313	0.03399209486166008	3.7967722	7.8476806	1
MEIS2	0.4681052	0.2952929	0.28258706467661693	0.74268883	0.6972332015810276	1.330317	44.25141	1
BMF	0.035020515	0.023832733	0.025870646766169153	0.052797318	0.0774703557312253	1.1442095	5.2456656	1
INAFM2	0.10777528	0.08378195	0.09104477611940298	0.14590096	0.20711462450592885	0.7995456	8.389266	1
MGA	0.19135019	0.16279447	0.1701492537313433	0.23672092	0.3075098814229249	0.53985894	7.220735	1
SHF	0.015750883	0.0040156585	0.003980099502487562	0.034397516	0.05138339920948617	3.0672975	10.2675495	1
SEMA6D	0.103215836	0.049196124	0.05223880597014925	0.18905167	0.24426877470355732	1.9399973	33.796124	1
FBN1	0.36389437	0.29388475	0.29054726368159206	0.47512504	0.5241106719367589	0.6928696	22.81146	1
FGF7	0.00960635	0.0024746663	0.0024875621890547263	0.020938337	0.02766798418972332	3.0305634	5.4024997	1
DTWD1	0.22319911	0.19143744	0.19900497512437812	0.27365848	0.3494071146245059	0.5152772	7.7919188	1
GABPB1-AS1	0.24108832	0.18712744	0.1890547263681592	0.3268191	0.4015810276679842	0.80414164	18.896048	1
UNC13C	0.011977716	0.0012734426	0.0014925373134328358	0.02898612	0.043478260869565216	4.4044623	10.81702	1
RSL24D1	0.49443018	0.41548476	0.39502487562189054	0.61986417	0.6426877470355731	0.5770422	25.035795	1
PYGO1	0.02416613	0.011281246	0.011940298507462687	0.044639513	0.06719367588932806	1.9748911	8.72862	1
PRTG	0.071015224	0.054375555	0.05771144278606965	0.09744945	0.13122529644268774	0.8405248	5.551543	1
MNS1	0.020391874	0.011213554	0.011442786069651741	0.034975924	0.05217391304347826	1.632429	5.6328044	1
POLR2M	0.15653507	0.11434406	0.1208955223880597	0.22358014	0.2932806324110672	0.96679455	16.731915	1
ALDH1A2	0.14726993	0.01564254	0.018407960199004977	0.35641733	0.38023715415019765	4.5012317	44.25141	1
AC012653.2	0.0072299764	0.00124029	0.0014925373134328358	0.016747206	0.02450592885375494	3.6518924	5.9519024	1
TLN2	0.07637494	0.04545209	0.04975124378109453	0.12550595	0.17549407114624507	1.4633156	16.509207	1
TPM1	0.9882044	0.7309167	0.6014925373134329	1.397022	0.8948616600790514	0.93448174	44.25141	1
PCLAF	0.07855228	0.055784013	0.03880597014925373	0.114724874	0.11936758893280633	1.0389277	6.3537064	1
RASL12	0.024895536	0.002188543	0.0024875621890547263	0.060975477	0.08142292490118577	4.738092	19.948837	1
IGDCC3	0.16664156	0.114712134	0.11293532338308458	0.24915773	0.29802371541501976	1.118363	20.789232	1
IGDCC4	0.02550353	0.005020547	0.005472636815920398	0.0580497	0.08379446640316206	3.505402	18.210588	1
SMAD3	0.05262283	0.02866654	0.03134328358208955	0.090685375	0.12648221343873517	1.6580683	13.789634	1
ITGA11	0.08334647	0.041645978	0.04328358208955224	0.14960393	0.1992094861660079	1.842403	24.60006	1
NEO1	0.14738363	0.0958838	0.10298507462686567	0.22921781	0.3027667984189723	1.2564856	25.28748	1
LOXL1	0.20473146	0.17626266	0.17960199004975125	0.2499621	0.31462450592885377	0.5037413	6.517594	1
ISLR	0.103338465	0.009624781	0.010945273631840797	0.25224352	0.3090909090909091	4.6975794	44.25141	1
STRA6	0.014290356	0.002851154	0.0029850746268656717	0.03246652	0.048221343873517786	3.4640386	10.321123	1
CSK	0.12162381	0.10017102	0.10995024875621891	0.15571637	0.2134387351778656	0.63594216	6.161236	1
MAN2C1	0.13779303	0.11533745	0.12338308457711443	0.1734798	0.23557312252964427	0.58848774	6.065709	1
SIN3A	0.14828804	0.12600552	0.13482587064676618	0.18370198	0.24426877470355732	0.54352087	5.6108027	1
CSPG4	0.124246225	0.042714752	0.044278606965174126	0.25379506	0.3193675889328063	2.5680523	44.25141	1
LINGO1	0.12220827	0.019212931	0.020895522388059702	0.28586143	0.34624505928853755	3.8881814	44.25141	1
CIB2	0.13469286	0.10653272	0.10945273631840796	0.17944273	0.2450592885375494	0.75167704	9.046328	1
CRABP1	0.08173549	0.058429983	0.05771144278606965	0.1187619	0.14071146245059288	1.0220386	7.5409927	1
CEMIP	0.039401107	0.018969629	0.020398009950248756	0.07186517	0.08774703557312254	1.9160221	10.862973	1
NTRK3	0.014015858	0.0015554556	0.0014925373134328358	0.03381468	0.048221343873517786	4.35661	11.253955	1
KIF7	0.004527938	1.4042598e-09	0.0	0.011722525	0.018972332015810278	6.885374	5.6960416	1
SLCO3A1	0.18995692	0.0879925	0.09253731343283582	0.35196856	0.39920948616600793	1.9987652	44.25141	1
NR2F2-AS1	0.048505995	0.006561698	0.006467661691542288	0.115152374	0.1541501976284585	4.112763	36.373302	1
NR2F2	0.3175729	0.06818511	0.06517412935323383	0.7138317	0.658498023715415	3.3861432	44.25141	1
METRN	0.20245856	0.11306645	0.11990049751243781	0.3444942	0.38814229249011856	1.606452	44.25141	1
HAGHL	0.017625442	0.0057535255	0.006965174129353234	0.036489323	0.052964426877470355	2.644045	9.441845	1
AC009041.2	0.041163575	0.028070359	0.03034825870646766	0.061967656	0.08142292490118577	1.1396638	5.5395737	1
NPW	0.06975433	0.009163461	0.010447761194029851	0.16602857	0.20632411067193676	4.164605	44.25141	1
PKD1	0.08313925	0.06634108	0.07114427860696518	0.109825976	0.15968379446640316	0.7263849	5.5069914	1
CLUAP1	0.15531884	0.13326551	0.1373134328358209	0.19036898	0.2545454545454545	0.5141704	5.216443	1
CREBBP	0.28972802	0.24691436	0.24875621890547264	0.35774374	0.4316205533596838	0.53473485	10.954017	1
GLIS2	0.02825265	0.009319951	0.010447761194029851	0.058335595	0.08537549407114625	2.6330562	14.851592	1
VASN	0.034268137	0.0044672047	0.004477611940298508	0.08161988	0.11857707509881422	4.161304	27.61439	1
EMP2	0.045410383	0.027551165	0.028358208955223882	0.07378587	0.1067193675889328	1.4179584	9.398653	1
SOCS1	0.05204772	0.020280024	0.023383084577114428	0.102522604	0.1399209486166008	2.332121	22.460732	1
LITAF	0.10538967	0.017303914	0.018407960199004977	0.24535225	0.3098814229249012	3.8179588	44.25141	1
MYH11	0.027099442	0.005114842	0.005472636815920398	0.062031604	0.07430830039525692	3.574632	15.063348	1
USP31	0.1515064	0.1749226	0.17761194029850746	0.11430681	0.15573122529644268	-0.61336833	6.505798	1
HS3ST4	0.008053282	0.0011991289	0.0009950248756218905	0.01894416	0.025296442687747035	3.873732	5.930251	1
SBK1	0.015082379	0.0015705319	0.0014925373134328358	0.03655184	0.05375494071146245	4.4555063	13.104071	1
NUPR1	0.036204	0.004344684	0.004477611940298508	0.08682635	0.10909090909090909	4.289641	24.576174	1
QPRT	0.49320066	0.31937954	0.291044776119403	0.76938665	0.7114624505928854	1.2681729	44.25141	1
PRRT2	0.028242059	0.012043346	0.012935323383084577	0.053980906	0.0774703557312253	2.1549535	11.247294	1
SEZ6L2	0.34511948	0.29273534	0.29502487562189056	0.42834312	0.5011857707509881	0.549014	14.581779	1
ASPHD1	0.012274785	0.004996294	0.005472636815920398	0.023840012	0.03557312252964427	2.2319036	5.454977	1
FBRS	0.16368072	0.14063323	0.15223880597014924	0.20030843	0.26877470355731226	0.5099802	5.6353116	1
ZNF423	0.038201127	0.022864418	0.02437810945273632	0.06257033	0.08616600790513834	1.4483825	7.728472	1
TOX3	0.00963522	0.002184078	0.0024875621890547263	0.021474795	0.03241106719367589	3.239663	6.904151	1
MT2A	0.059987634	0.014651681	0.015422885572139304	0.13202234	0.1715415019762846	3.162923	33.813255	1
MT1E	0.007758447	0.0013570084	0.0014925373134328358	0.017930012	0.025296442687747035	3.6293194	5.2906904	1
CCDC102A	0.10002999	0.081870206	0.08756218905472637	0.1288846	0.18023715415019761	0.6540273	5.312375	1
MMP15	0.21971808	0.25358236	0.2572139303482587	0.16589502	0.2189723320158103	-0.6118832	9.591931	1
CDH11	0.2679459	0.034620613	0.03681592039800995	0.6386833	0.6118577075098814	4.2014623	44.25141	1
CBFB	0.15973985	0.13466956	0.1417910447761194	0.19958264	0.2600790513833992	0.5672142	6.37071	1
B3GNT9	0.014409945	0.0066188914	0.007960199004975124	0.026789714	0.04031620553359684	2.0007594	5.699135	1
TPPP3	0.028888425	0.013409094	0.014427860696517412	0.053484205	0.07351778656126483	1.987877	9.439871	1
HSD11B2	0.07246234	0.010447738	0.010447761194029851	0.170999	0.21818181818181817	4.019826	44.25141	1
CTCF	0.29538602	0.2541824	0.2572139303482587	0.36084303	0.44189723320158103	0.50533956	10.440054	1
NOB1	0.1425572	0.11641169	0.12238805970149254	0.18410818	0.2466403162055336	0.6608624	7.660612	1
ZFHX3	0.49299166	0.4170614	0.3935323383084577	0.6136343	0.6237154150197628	0.55700874	22.25667	1
MAF	0.15930296	0.101037376	0.1	0.25188664	0.30513833992094863	1.3170308	26.839659	1
CRISPLD2	0.009081013	0.0011672091	0.0014925373134328358	0.02165559	0.028458498023715414	4.10166	6.854832	1
GSE1	0.065881714	0.037418723	0.03980099502487562	0.11110422	0.1533596837944664	1.5675288	15.514749	1
GINS2	0.026833145	0.014424226	0.013432835820895522	0.046550382	0.06324110671936758	1.6834276	6.4928775	1
FOXC2	0.028244687	0.008830459	0.00945273631840796	0.059092805	0.08537549407114625	2.7286158	15.197334	1
ZCCHC14	0.11644839	0.08951518	0.09601990049751244	0.15924747	0.22292490118577074	0.8303611	9.664152	1
ZFPM1	0.09707565	0.06987049	0.07562189054726368	0.14030254	0.19367588932806323	1.0047506	11.002816	1
DPEP1	0.11114442	0.13241154	0.12835820895522387	0.07735934	0.10276679841897234	-0.7746069	6.6823378	1
SPIRE2	0.0074913283	0.0015521934	0.0014925373134328358	0.01692821	0.02450592885375494	3.3654723	5.4807615	1
NXN	0.0573716	0.030570466	0.03383084577114428	0.09995338	0.14150197628458497	1.705848	16.064886	1
SERPINF1	0.0226482	0.0020283726	0.0024875621890547263	0.055411734	0.07588932806324111	4.70497	18.940409	1
RPA1	0.13150011	0.11108033	0.1208955223880597	0.16395234	0.22845849802371543	0.5612545	5.480387	1
HIC1	0.030823192	0.013368939	0.014925373134328358	0.058556974	0.08774703557312254	2.1226666	12.708897	1
MNT	0.07679346	0.05912803	0.06666666666666667	0.10485665	0.14782608695652175	0.8254415	6.2909117	1
WSCD1	0.16630241	0.19457936	0.20298507462686566	0.12137406	0.15889328063241107	-0.68045163	8.493208	1
ATP1B2	0.056720648	0.008915369	0.009950248756218905	0.13267927	0.17391304347826086	3.8804996	39.192562	1
EFNB3	0.027724124	0.009988357	0.010447761194029851	0.055905297	0.08221343873517786	2.472872	13.663187	1
KDM6B	0.27335253	0.22973597	0.23333333333333334	0.34264457	0.4158102766798419	0.5765291	11.847915	1
PER1	0.040135775	0.026835836	0.02935323383084577	0.06126852	0.091699604743083	1.187972	6.532746	1
GAS7	0.010939837	0.0014919393	0.001990049751243781	0.025951937	0.039525691699604744	4.0325336	9.112623	1
HS3ST3A1	0.013185155	0.005430782	0.005970149253731343	0.025506679	0.04426877470355731	2.2109647	6.5322604	1
ZNF286A	0.12838428	0.10587887	0.11243781094527364	0.1641502	0.22213438735177865	0.63211846	6.350828	1
CENPV	0.041471962	0.01436047	0.015422885572139304	0.08454974	0.1241106719367589	2.5493913	21.350403	1
LRRC75A	0.18635194	0.117255755	0.11840796019900497	0.29614228	0.2909090909090909	1.3358889	25.783741	1
MFAP4	0.03693067	0.0068821604	0.006965174129353234	0.084675826	0.11620553359683794	3.6019075	24.814634	1
SPECC1	0.046468414	0.014794859	0.01791044776119403	0.0967947	0.1399209486166008	2.7016034	25.63931	1
CCDC144NL-AS1	0.33272088	0.26492107	0.263681592039801	0.4404399	0.5043478260869565	0.7331657	22.882296	1
TMEM97	0.08977463	0.06327358	0.06965174129353234	0.13188058	0.17470355731225296	1.0583723	10.626813	1
UNC119	0.1528426	0.12708479	0.1328358208955224	0.19377846	0.25533596837944667	0.6082263	6.999573	1
RAB34	0.25656092	0.17236988	0.18009950248756218	0.39032617	0.4624505928853755	1.1787052	42.093052	1
AC005562.1	0.1380377	0.116109446	0.12487562189054727	0.17288709	0.23715415019762845	0.573937	5.90314	1
ADAP2	0.016793387	0.003212148	0.003980099502487562	0.038373128	0.06007905138339921	3.538012	12.994971	1
NF1	0.3061806	0.24140954	0.2417910447761194	0.4090846	0.4727272727272727	0.7606715	22.28318	1
TMEM98	0.16053303	0.10604539	0.11144278606965174	0.24711439	0.31067193675889326	1.219721	25.323593	1
RASL10B	0.019517425	0.006336194	0.005970149253731343	0.04046178	0.06086956521739131	2.6558414	10.761575	1
ZNHIT3	0.23323931	0.19932467	0.20746268656716418	0.28711736	0.3541501976284585	0.526299	8.225575	1
MLLT6	0.12365633	0.09729436	0.10149253731343283	0.16554832	0.22055335968379447	0.7662135	8.379901	1
PLXDC1	0.18570107	0.03308314	0.034328358208955224	0.4281997	0.4482213438735178	3.6900983	44.25141	1
ERBB2	0.024532052	0.0063683903	0.00845771144278607	0.053392984	0.0774703557312253	3.047871	15.407933	1
THRA	0.1491194	0.11213495	0.11592039800995024	0.2078917	0.27509881422924903	0.890004	13.506566	1
TOP2A	0.06789179	0.04097076	0.0263681592039801	0.11066327	0.09407114624505929	1.431296	7.3843794	1
TMEM99	0.14759871	0.1250786	0.12885572139303483	0.18338989	0.25375494071146243	0.55171263	5.854984	1
PLEKHH3	0.159994	0.08895899	0.09502487562189055	0.27286625	0.34071146245059286	1.6158892	41.42018	1
CCR10	0.028338082	0.0101013975	0.010447761194029851	0.057315063	0.08379446640316206	2.4926624	13.939194	1
AC100793.2	0.063153744	0.018895967	0.021393034825870648	0.1334751	0.18735177865612648	2.813886	35.743237	1
CNTNAP1	0.05149969	0.03210496	0.03631840796019901	0.08231478	0.11620553359683794	1.35562	9.753974	1
UBTF	0.36198944	0.30452135	0.3004975124378109	0.45329198	0.525691699604743	0.57374185	16.656166	1
FZD2	0.029139558	0.00439143	0.004477611940298508	0.06846277	0.09723320158102766	3.9321787	22.08223	1
GJC1	0.107683204	0.08576426	0.09104477611940298	0.14251278	0.18972332015810275	0.7319737	6.814263	1
MAPT	0.061520886	0.012868604	0.013930348258706468	0.13882548	0.19051383399209487	3.4212162	41.168625	1
KANSL1	0.3793638	0.32553217	0.3199004975124378	0.46488798	0.5209486166007905	0.51395017	14.014717	1
CBX1	0.41764933	0.34916472	0.3407960199004975	0.526459	0.5786561264822134	0.5922743	20.552181	1
LINC02086	0.026195426	0.014204096	0.015920398009950248	0.045249045	0.06719367588932806	1.6646439	7.436362	1
PRAC2	0.012956523	0.0043417597	0.004975124378109453	0.026645023	0.037944664031620556	2.5900674	6.7741046	1
SPOP	0.3026066	0.2596098	0.263681592039801	0.37091124	0.43399209486166007	0.5145625	10.720798	1
KAT7	0.14084707	0.11996878	0.12587064676616916	0.17402898	0.24031620553359684	0.53629524	5.3341255	1
COL1A1	0.4193286	0.06768	0.07164179104477612	0.9780742	0.7051383399209487	3.8511598	44.25141	1
AC006141.1	0.06627902	0.049956992	0.05472636815920398	0.09220864	0.12964426877470356	0.88289404	6.0707746	1
CA10	0.014705361	0.001631357	0.001990049751243781	0.03547913	0.05612648221343874	4.3610563	13.508616	1
TOM1L1	0.018888656	0.007886274	0.009950248756218905	0.036371112	0.05454545454545454	2.19116	8.076809	1
STXBP4	0.07837694	0.06284088	0.06865671641791045	0.10305649	0.14940711462450593	0.71276534	5.0120564	1
HLF	0.005326856	0.00045367813	0.0004975124378109452	0.013070164	0.022134387351778657	4.572082	5.720622	1
MSI2	0.15459003	0.124356605	0.12885572139303483	0.20263688	0.2727272727272727	0.7039657	9.299086	1
MTMR4	0.09087395	0.066832274	0.07263681592039802	0.12907279	0.18102766798418973	0.9485282	9.414894	1
SEPTIN4	0.08814945	0.008125651	0.008955223880597015	0.21530259	0.2671936758893281	4.710762	44.25141	1
RAD51C	0.07979782	0.063363425	0.06865671641791045	0.105905205	0.14466403162055336	0.7401378	5.1182094	1
TBX2-AS1	0.0345764	0.0035974635	0.003482587064676617	0.083799966	0.12173913043478261	4.5040627	29.62712	1
TBX2	0.23769727	0.039681237	0.041791044776119404	0.55233026	0.5549407114624506	3.7956324	44.25141	1
AC080038.1	0.009283011	0.0030319267	0.003980099502487562	0.019215668	0.028458498023715414	2.624649	5.3343678	1
MRC2	0.19808061	0.03906821	0.04228855721393035	0.45073903	0.48300395256916995	3.5248573	44.25141	1
CEP95	0.12758106	0.10751501	0.11492537313432835	0.15947013	0.21739130434782608	0.5683113	5.2761846	1
PRKCA	0.07088042	0.045165688	0.04825870646766169	0.111734785	0.15731225296442689	1.3048792	12.845479	1
FAM20A	0.054101355	0.008756272	0.00945273631840796	0.12615116	0.16126482213438736	3.8334534	35.333363	1
SOX9	0.009686175	0.0007340718	0.0009950248756218905	0.023910455	0.03320158102766799	4.8473473	8.331944	1
CDC42EP4	0.033163134	0.022743085	0.024875621890547265	0.049720094	0.0766798418972332	1.1249702	5.0248985	1
GPRC5C	0.05521343	0.009993589	0.010945273631840797	0.12706406	0.16996047430830039	3.65518	37.655766	1
NT5C	0.24391598	0.18462655	0.191044776119403	0.33811495	0.42292490118577075	0.8725491	23.108023	1
CYGB	0.10921126	0.017996194	0.019402985074626865	0.25414646	0.3090909090909091	3.8124695	44.25141	1
PRCD	0.014861058	0.004569325	0.004975124378109453	0.031214094	0.04426877470355731	2.7455263	8.274904	1
TNRC6C	0.07167473	0.042577203	0.046766169154228855	0.11790502	0.16442687747035573	1.4673107	15.606918	1
LGALS3BP	0.077969365	0.007577892	0.007960199004975124	0.18981637	0.26403162055335966	4.6285105	44.25141	1
TBC1D16	0.1058696	0.085648134	0.0955223880597015	0.13800192	0.19209486166007905	0.68755615	6.247111	1
NPTX1	0.007623175	0.0004892289	0.0004975124378109452	0.018958542	0.02450592885375494	5.0154657	6.2834888	1
PYCR1	0.029099405	0.011964138	0.012935323383084577	0.056326404	0.0782608695652174	2.2256458	11.883751	1
COLEC12	0.29428416	0.33773944	0.3164179104477612	0.22522216	0.2790513833992095	-0.5843485	11.506863	1
LPIN2	0.1827675	0.13243939	0.1398009950248756	0.2627353	0.3383399209486166	0.9877378	20.839073	1
EPB41L3	0.01065315	0.0028668374	0.003482587064676617	0.023025213	0.03320158102766799	2.9624689	6.5486507	1
TMEM200C	0.01012542	0.0014354928	0.001990049751243781	0.023933174	0.03557312252964427	3.9682536	8.13845	1
PIEZO2	0.45326188	0.2748287	0.2676616915422886	0.7367755	0.6735177865612648	1.4223634	44.25141	1
IMPA2	0.030284787	0.00934567	0.010447761194029851	0.06355579	0.09407114624505929	2.7525668	16.65251	1
PTPN2	0.15663673	0.12357041	0.13333333333333333	0.20918456	0.2719367588932806	0.7589655	10.710332	1
OSBPL1A	0.18916081	0.118549	0.12288557213930348	0.30135643	0.3691699604743083	1.3452495	35.804707	1
CDH2	0.26078707	0.21546587	0.21194029850746268	0.33278793	0.3865612648221344	0.6269077	12.017003	1
DSG2	0.14051253	0.11753889	0.12388059701492538	0.17702319	0.23636363636363636	0.59038794	6.109824	1
GAREM1	0.021296717	0.0056099086	0.005970149253731343	0.046222195	0.06956521739130435	3.020164	12.700466	1
ASXL3	0.043449618	0.024157705	0.02437810945273632	0.074102506	0.1067193675889328	1.613025	10.934166	1
ZNF397	0.052664965	0.03085195	0.03283582089552239	0.08732177	0.12964426877470356	1.4979624	12.018693	1
SLC39A6	0.1199782	0.082034774	0.08855721393034825	0.18027069	0.2466403162055336	1.1348999	17.215273	1
SYT4	0.015602417	0.0040973527	0.003980099502487562	0.0338834	0.03873517786561265	3.0172787	7.8429203	1
SMAD7	0.05080466	0.02052894	0.021890547263681594	0.09890927	0.14308300395256918	2.262894	21.692598	1
RAB27B	0.013201247	0.0012682317	0.0014925373134328358	0.032162096	0.0458498023715415	4.559456	10.436041	1
CCDC68	0.11489597	0.013906909	0.014925373134328358	0.27536118	0.3256916996047431	4.2976384	44.25141	1
MALT1	0.09412637	0.075332046	0.07960199004975124	0.12398835	0.17312252964426877	0.7181182	5.8639793	1
CCBE1	0.0070090657	1.4042598e-09	0.0	0.018145999	0.026877470355731226	7.511416	7.303578	1
LINC01916	0.033595115	0.003759778	0.003980099502487562	0.081001505	0.10118577075098814	4.393139	22.493069	1
CDH7	0.044111498	0.013348341	0.012935323383084577	0.09299114	0.1233201581027668	2.7912157	21.968208	1
DSEL	0.11398723	0.069276504	0.07164179104477612	0.18503194	0.23952569169960475	1.4160347	22.132849	1
CCDC102B	0.13470463	0.04230768	0.04378109452736319	0.2815187	0.33043478260869563	2.7313457	44.25141	1
DOK6	0.03399486	0.013230536	0.014427860696517412	0.06698813	0.09565217391304348	2.3313227	14.495356	1
CBLN2	0.016189592	0.0022786716	0.0024875621890547263	0.03829319	0.04980237154150197	4.0126224	11.366966	1
PARD6G	0.04677366	0.018551474	0.020398009950248756	0.091615364	0.13517786561264822	2.2978737	21.155853	1
PLPPR3	0.0122956745	0.0017700676	0.0014925373134328358	0.029020231	0.04031620553359684	3.9608595	9.463416	1
CIRBP	1.038796	0.83757025	0.6651741293532338	1.3585349	0.9272727272727272	0.69770354	44.25141	1
GAMT	0.2624418	0.22504017	0.22487562189054727	0.32185787	0.4015810276679842	0.5160484	9.341433	1
PLEKHJ1	0.2332597	0.1944507	0.19800995024875623	0.29491627	0.3739130434782609	0.60064816	10.902627	1
NFIC	0.32070056	0.25170854	0.25920398009950246	0.4303119	0.4972332015810277	0.77339077	25.152456	1
PIAS4	0.106095135	0.08439827	0.09004975124378109	0.140572	0.1976284584980237	0.7353415	7.02041	1
SH3GL1	0.28760424	0.24634407	0.2517412935323383	0.35315028	0.425296442687747	0.5194304	10.348746	1
SEMA6B	0.23507205	0.2692637	0.2681592039800995	0.1807289	0.23715415019762845	-0.57493025	9.086649	1
PLIN3	0.29982206	0.2554124	0.26218905472636816	0.37037206	0.44031620553359685	0.53597146	11.590114	1
KHSRP	0.3343765	0.2823177	0.2860696517412935	0.41708148	0.4901185770750988	0.5628446	14.526881	1
MAP2K7	0.17086966	0.14240775	0.1517412935323383	0.21609724	0.2845849802371542	0.60130775	7.8703766	1
CTXN1	0.07604918	0.057043172	0.061691542288557215	0.10624283	0.14466403162055336	0.8960697	6.906986	1
ANGPTL4	0.114957266	0.08038864	0.0736318407960199	0.16988713	0.2150197628458498	1.0785683	13.066961	1
OLFM2	0.067254886	0.041096106	0.044278606965174126	0.10881563	0.1541501976284585	1.4026312	13.610316	1
COL5A3	0.01763807	0.0036675248	0.003980099502487562	0.03983642	0.05454545454545454	3.406016	10.828856	1
S1PR2	0.046258733	0.02257078	0.02437810945273632	0.083895884	0.11541501976284585	1.8894846	14.265762	1
S1PR5	0.019324612	0.0028287785	0.0029850746268656717	0.04553548	0.06956521739130435	3.9617848	15.39455	1
ATG4D	0.04223672	0.026014438	0.031840796019900496	0.06801205	0.10276679841897234	1.3830625	9.12719	1
CARM1	0.14807728	0.12387365	0.1338308457711443	0.18654306	0.25296442687747034	0.5902484	6.6035223	1
RAB3D	0.20363614	0.23785074	0.23980099502487562	0.14925832	0.2	-0.67188543	10.3678	1
RGL3	0.011962909	0.0036134643	0.003980099502487562	0.0252298	0.03715415019762846	2.769998	6.983156	1
ECSIT	0.07620512	0.059782777	0.06368159203980099	0.10229301	0.14387351778656127	0.77390414	5.461295	1
CNN1	0.010958518	0.0028058626	0.003482587064676617	0.023912761	0.03399209486166008	3.0467627	7.1730156	1
ELOF1	0.17080392	0.13619362	0.14427860696517414	0.22580078	0.30513833992094863	0.72897124	11.351569	1
HOOK2	0.11257856	0.092889294	0.1	0.14386651	0.19683794466403162	0.63059676	5.586579	1
DNASE2	0.035705395	0.022859424	0.024875621890547265	0.056116935	0.07905138339920949	1.2919184	6.308042	1
AC092069.1	0.07222699	0.04139553	0.04228855721393035	0.12121213	0.14308300395256918	1.547696	13.896565	1
NFIX	0.0073365015	0.0016092659	0.001990049751243781	0.016436787	0.023715415019762844	3.2742302	5.4492903	1
DCAF15	0.07293958	0.057881486	0.06417910447761194	0.096860155	0.14782608695652175	0.7417997	5.2462244	1
SAMD1	0.2729732	0.22443527	0.22338308457711442	0.35008508	0.433201581027668	0.6411755	14.713084	1
ADGRL1	0.050959308	0.034129485	0.03681592039800995	0.07769837	0.11462450592885376	1.1845003	8.01751	1
NOTCH3	0.12096684	0.0271924	0.028855721393034824	0.2699689	0.3422924901185771	3.3067563	44.25141	1
BST2	0.14355823	0.022607502	0.023383084577114428	0.33574146	0.3778656126482213	3.8865395	44.25141	1
PIK3R2	0.075338304	0.04462332	0.050248756218905476	0.12413866	0.16996047430830039	1.474015	16.473331	1
ISYNA1	0.15583661	0.106608175	0.11194029850746269	0.23406263	0.29960474308300394	1.1338401	21.509832	1
ZNF506	0.06018629	0.045923598	0.049253731343283584	0.082844764	0.11778656126482213	0.8497771	5.1580825	1
ZNF714	0.069743335	0.05244025	0.05621890547263682	0.09723202	0.1367588932806324	0.88949144	6.405448	1
ZNF431	0.14903718	0.1261828	0.13134328358208955	0.1853592	0.25217391304347825	0.55444366	5.901699	1
ZNF738	0.063450456	0.044474117	0.049253731343283584	0.093598776	0.13201581027667983	1.0718238	7.9928117	1
KCTD15	0.14332838	0.12223368	0.12835820895522387	0.17685409	0.23952569169960475	0.53255343	5.246019	1
UBA2	0.43086267	0.37099677	0.3592039800995025	0.5259773	0.574703557312253	0.5034794	15.885846	1
ZNF302	0.16433689	0.1356977	0.14378109452736318	0.20984761	0.2735177865612648	0.62857044	7.9906926	1
DMKN	0.03228411	0.0036997797	0.004477611940298508	0.07770278	0.11067193675889328	4.355834	25.76772	1
ARHGAP33	0.018818373	0.008892202	0.009950248756218905	0.03459072	0.0466403162055336	1.9478036	6.3470387	1
CLIP3	0.084874325	0.06820499	0.07512437810945273	0.1113577	0.15731225296442689	0.7064333	5.2560334	1
ZNF146	0.18147773	0.15626104	0.16616915422885573	0.22154668	0.28695652173913044	0.50338066	5.9286733	1
PPP1R14A	0.057674628	0.030481664	0.030845771144278607	0.100879826	0.12490118577075099	1.7233282	13.603059	1
FBXO17	0.10701853	0.0602635	0.06567164179104477	0.1813105	0.24426877470355732	1.5875096	26.559925	1
ZFP36	0.2542844	0.21014823	0.20746268656716418	0.32440272	0.391304347826087	0.6261368	12.311268	1
PLEKHG2	0.14703844	0.106658064	0.11393034825870647	0.21120574	0.28537549407114626	0.98498684	16.489325	1
FBL	0.34892783	0.28295547	0.28507462686567164	0.45374286	0.5217391304347826	0.6811081	21.88106	1
SERTAD3	0.23285542	0.18783343	0.18855721393034827	0.30438435	0.3786561264822134	0.69614625	13.98161	1
LTBP4	0.13165903	0.03829609	0.04029850746268657	0.2800075	0.34071146245059286	2.8669493	44.25141	1
NUMBL	0.058865417	0.04471282	0.049253731343283584	0.08134819	0.12094861660079051	0.8619711	5.336855	1
AXL	0.016901558	0.0035522713	0.003482587064676617	0.038112763	0.05691699604743083	3.387189	11.511021	1
XRCC1	0.08368239	0.06591008	0.07014925373134329	0.11191747	0.15731225296442689	0.7629655	5.88422	1
APOE	0.3057013	0.05343885	0.05522388059701493	0.7065274	0.5841897233201581	3.7222917	44.25141	1
APOC1	0.04009338	0.02114212	0.022885572139303482	0.070205666	0.09802371541501977	1.7267132	11.152749	1
FOSB	0.20809461	0.14485352	0.12935323383084577	0.3085775	0.3391304347826087	1.09051	22.995226	1
GIPR	0.015114048	0.0035498543	0.004477611940298508	0.0334889	0.04901185770750988	3.2020738	10.096397	1
HIF3A	0.18791477	0.16176799	0.15870646766169155	0.22946008	0.2972332015810277	0.50405395	6.017517	1
CCDC8	0.05743339	0.02138855	0.022885572139303482	0.11470506	0.16600790513833993	2.4175463	27.22353	1
PTGIR	0.016062167	0.00084091286	0.0009950248756218905	0.04024772	0.057707509881422925	5.422282	15.027929	1
DACT3	0.08103015	0.015729882	0.018407960199004977	0.18478791	0.24426877470355732	3.5459285	44.25141	1
NPAS1	0.010220661	0.0024906746	0.0029850746268656717	0.02250316	0.03636363636363636	3.1251247	7.4301276	1
INAFM1	0.058340307	0.029143842	0.030845771144278607	0.10472868	0.14387351778656127	1.8418287	17.778711	1
MEIS3	0.09525172	0.014382558	0.014925373134328358	0.22374822	0.28300395256916994	3.9501326	44.25141	1
DBP	0.024787968	0.014181139	0.014427860696517412	0.041641798	0.05612648221343874	1.5473818	5.641933	1
PLEKHA4	0.045389924	0.0078206565	0.007960199004975124	0.105084196	0.14782608695652175	3.7311542	32.98859	1
HRC	0.010339986	0.0024874506	0.0029850746268656717	0.02281739	0.03320158102766799	3.1468394	6.966159	1
TEAD2	0.1335993	0.080620706	0.08557213930348259	0.21778186	0.28774703557312253	1.4325354	28.626549	1
BCL2L12	0.0894002	0.06729362	0.07263681592039802	0.12452356	0.17312252964426877	0.8868928	8.105609	1
LRRC4B	0.04861503	0.024200045	0.025870646766169153	0.08740697	0.12490118577075099	1.848439	15.594745	1
CLEC11A	0.2977294	0.23535258	0.22835820895522388	0.39682925	0.45375494071146244	0.75344527	20.201706	1
C19orf48	0.07792935	0.057045493	0.06069651741293532	0.11110761	0.1549407114624506	0.9605439	8.076416	1
IGLON5	0.0333372	0.005999012	0.005970149253731343	0.07677581	0.10988142292490119	3.6558824	24.130205	1
VSIG10L	0.012548332	0.0048940657	0.005970149253731343	0.02471059	0.03241106719367589	2.3126695	5.4670606	1
TTYH1	0.024042867	0.0055808253	0.005970149253731343	0.053377915	0.06956521739130435	3.2347708	14.574246	1
NAT14	0.11652294	0.08887373	0.09154228855721393	0.16045965	0.2150197628458498	0.85165805	9.67032	1
SSC5D	0.009646894	0.0005590985	0.0004975124378109452	0.02408679	0.03715415019762846	5.1975813	9.816365	1
ZNF579	0.12980898	0.108662136	0.11890547263681592	0.16341504	0.22687747035573122	0.58824694	5.820382	1
ZNF154	0.08369784	0.063908555	0.06766169154228856	0.11513786	0.16521739130434782	0.8482781	7.1479907	1
AC008969.1	0.057867028	0.04128119	0.044278606965174126	0.08421737	0.12094861660079051	1.0268546	7.026757	1
ZNF274	0.07445633	0.058378298	0.06417910447761194	0.09999736	0.14545454545454545	0.7754306	5.452529	1
TRIM28	0.34490496	0.2950481	0.2845771144278607	0.42411283	0.49881422924901186	0.5233492	13.004295	1
C20orf96	0.10095042	0.078469835	0.08407960199004975	0.13667184	0.18735177865612648	0.7997238	7.5064125	1
ZCCHC3	0.20339684	0.17313042	0.17761194029850746	0.25148547	0.32885375494071145	0.5383562	7.722107	1
EBF4	0.015978875	0.005675477	0.005472636815920398	0.03235042	0.05059288537549407	2.4902253	8.206839	1
CPXM1	0.24659988	0.19016159	0.1935323383084577	0.33626705	0.40869565217391307	0.822052	20.216812	1
PCED1A	0.09915604	0.07540809	0.08109452736318408	0.13689165	0.1841897233201581	0.8593847	8.414958	1
C20orf27	0.08639451	0.06496614	0.07114427860696518	0.1204398	0.16600790513833993	0.8895306	7.734316	1
RNF24	0.19859515	0.15339887	0.1582089552238806	0.2704065	0.3430830039525692	0.81743526	15.845407	1
PRND	0.28942257	0.33351713	0.2462686567164179	0.21934375	0.22371541501976286	-0.60434216	8.637275	1
PLCB4	0.085285716	0.066472955	0.0681592039800995	0.115174465	0.1549407114624506	0.79206485	6.0022454	1
SNAP25	0.016865809	0.008712695	0.009950248756218905	0.029820887	0.048221343873517786	1.7634978	5.81556	1
JAG1	0.2941259	0.1917269	0.1925373134328358	0.45682383	0.4972332015810277	1.2521485	44.25141	1
FLRT3	0.035773396	0.01031069	0.010945273631840797	0.07623202	0.10197628458498023	2.8742228	18.77971	1
SLC24A3	0.006848086	1.4042598e-09	0.0	0.017729232	0.02608695652173913	7.4780807	7.68	1
ID1	0.360244	0.13825631	0.12835820895522387	0.71296334	0.6284584980237155	2.3656418	44.25141	1
TPX2	0.062189586	0.043103393	0.03582089552238806	0.092512354	0.09486166007905138	1.10006	5.6105847	1
FOXS1	0.054063298	0.009224804	0.00945273631840796	0.12530811	0.17391304347826086	3.7494135	39.73115	1
SNTA1	0.02226488	0.012290293	0.014427860696517412	0.038114194	0.057707509881422925	1.6248983	6.3888564	1
AHCY	0.2187926	0.18737374	0.19751243781094527	0.26870832	0.341501976284585	0.5198891	7.78163	1
MAP1LC3A	0.36942363	0.29691267	0.2860696517412935	0.48462877	0.5359683794466403	0.70665324	24.39526	1
EPB41L1	0.104908295	0.06732105	0.0736318407960199	0.16463228	0.21818181818181817	1.2888522	17.83126	1
MYL9	0.2731805	0.22712268	0.20796019900497512	0.3463511	0.3683794466403162	0.6085447	10.366572	1
SRC	0.03451053	0.02338012	0.0263681592039801	0.05219631	0.0766798418972332	1.1552694	5.309795	1
NNAT	0.041126277	0.026770728	0.026865671641791045	0.06393558	0.08300395256916997	1.2528384	6.291403	1
SNHG17	0.10815717	0.08726548	0.09402985074626866	0.14135532	0.19288537549407114	0.6952112	6.3462315	1
MAFB	0.49961287	0.18065552	0.16368159203980098	1.0064135	0.7241106719367589	2.4772549	44.25141	1
TOX2	0.08872735	0.10584	0.11243781094527364	0.061536163	0.08695652173913043	-0.78139836	5.9796853	1
PABPC1L	0.012618113	0.005656385	0.006467661691542288	0.023680232	0.03557312252964427	2.0465279	5.177731	1
DBNDD2	0.10921523	0.06713442	0.07462686567164178	0.1760801	0.2316205533596838	1.389779	21.515476	1
UBE2C	0.05379473	0.03383954	0.023880597014925373	0.08549963	0.07905138339920949	1.3346376	5.9266853	1
PLTP	0.09489367	0.035758812	0.03582089552238806	0.18885614	0.24189723320158102	2.397652	41.055374	1
MMP9	1.3780466	0.6753393	0.5597014925373134	2.4946067	0.8774703557312253	1.8849721	44.25141	1
SLC12A5	0.07560362	0.0362351	0.038308457711442784	0.13815528	0.1865612648221344	1.9278988	25.146034	1
ELMO2	0.056788903	0.040165666	0.04626865671641791	0.083198145	0.11857707509881422	1.0487342	7.220155	1
KCNB1	0.010411379	0.002453504	0.0024875621890547263	0.023056068	0.03399209486166008	3.18084	7.0552645	1
TSHZ2	0.18377402	0.05288901	0.05522388059701493	0.39173973	0.42292490118577075	2.8864985	44.25141	1
NELFCD	0.19595005	0.16132577	0.16965174129353233	0.2509633	0.32806324110671936	0.63718015	10.255263	1
NKAIN4	0.010648637	0.0018224684	0.0014925373134328358	0.024672925	0.034782608695652174	3.6877325	7.669305	1
STMN3	0.023079604	0.004549531	0.005472636815920398	0.052522775	0.0774703557312253	3.5005302	16.279097	1
ZBTB46	0.12306607	0.102424935	0.10945273631840796	0.15586795	0.2150197628458498	0.6052748	5.7234397	1
ZNF512B	0.12343285	0.097301595	0.1054726368159204	0.16495872	0.22371541501976286	0.760962	8.602711	1
NRIP1	0.30231333	0.23686634	0.23681592039800994	0.40629148	0.45138339920948617	0.77818793	21.558384	1
MIR99AHG	0.030690826	0.006425772	0.006467661691542288	0.06924649	0.09723320158102766	3.4096024	20.11627	1
C21orf91	0.06368275	0.02924647	0.031840796019900496	0.11839734	0.16679841897233202	2.0135958	22.68825	1
CHODL	0.12606868	0.013808785	0.014925373134328358	0.3044425	0.2924901185770751	4.452575	44.25141	1
NCAM2	0.03842575	0.015167713	0.014925373134328358	0.07538133	0.10592885375494071	2.305636	16.02459	1
GABPA	0.14069386	0.11726221	0.1253731343283582	0.17793298	0.23557312252964427	0.6011766	6.3613296	1
ADAMTS5	0.20572624	0.15443757	0.14228855721393036	0.28721625	0.3256916996047431	0.8946819	16.017036	1
TIAM1	0.049323976	0.034289125	0.03631840796019901	0.07321142	0.09881422924901186	1.0920855	6.125913	1
MIS18A	0.05048696	0.024372697	0.027860696517412936	0.09197906	0.12806324110671938	1.9117	16.346025	1
PAXBP1	0.18226984	0.14879681	0.15323383084577114	0.23545817	0.30355731225296445	0.6617705	9.705134	1
MRPS6	0.31361628	0.22836429	0.23383084577114427	0.4490667	0.5177865612648221	0.97528225	38.42869	1
SLC5A3	0.09090478	0.053944856	0.05721393034825871	0.14963056	0.20316205533596837	1.4701395	19.6686	1
RUNX1	0.07843907	0.008728935	0.009950248756218905	0.1892035	0.23794466403162054	4.422318	44.25141	1
CBR1	0.14591795	0.10750555	0.1109452736318408	0.2069592	0.27430830039525694	0.9442908	14.63221	1
PDE9A	0.055639125	0.032037675	0.035323383084577116	0.09313714	0.12964426877470356	1.5366391	12.727861	1
CFAP410	0.04194146	0.029648677	0.03233830845771144	0.061473414	0.091699604743083	1.0494821	5.469557	1
COL18A1	0.4143125	0.34749052	0.32587064676616917	0.52047884	0.524901185770751	0.5827281	17.272814	1
COL6A1	0.3019944	0.15716246	0.16019900497512438	0.5321172	0.5541501976284585	1.7588408	44.25141	1
SEPTIN5	0.01004553	0.002293852	0.0029850746268656717	0.022362554	0.03162055335968379	3.2301161	6.8674383	1
GP1BB	0.029206157	0.01341036	0.013432835820895522	0.05430477	0.08300395256916997	2.0096672	10.626485	1
PI4KA	0.0879587	0.068244494	0.07462686567164178	0.1192803	0.1691699604743083	0.8046677	6.7841377	1
MMP11	0.0651065	0.025917556	0.027860696517412936	0.12737337	0.17233201581027668	2.2926385	27.129566	1
SMARCB1	0.4338191	0.3626822	0.35124378109452736	0.5468434	0.591304347826087	0.59228796	22.052498	1
MN1	0.06328754	0.04640245	0.050248756218905476	0.090112254	0.12094861660079051	0.9560166	6.295737	1
EMID1	0.04536605	0.030887319	0.03233830845771144	0.0683703	0.09486166007905138	1.1438005	6.3376675	1
NIPSNAP1	0.11249039	0.09252452	0.09850746268656717	0.14421785	0.19367588932806323	0.6397836	5.6138535	1
IL2RB	0.011556298	1.4042598e-09	0.0	0.02991848	0.0458498023715415	8.229687	12.590894	1
SH3BP1	0.04083508	0.020591682	0.022388059701492536	0.07300013	0.10909090909090909	1.8208232	13.357868	1
LGALS1	0.65405226	0.5537026	0.39502487562189054	0.8134975	0.6537549407114625	0.5549434	20.144617	1
MAFF	0.22887214	0.25876978	0.2562189054726368	0.18135135	0.24189723320158102	-0.51264375	7.354999	1
APOBEC3G	0.010876741	0.003168821	0.003980099502487562	0.023124333	0.034782608695652174	2.828795	6.7308807	1
SYNGR1	0.042634733	0.013560984	0.015920398009950248	0.08883018	0.12727272727272726	2.7026117	23.945782	1
MGAT3	0.0060523325	0.000572998	0.0004975124378109452	0.01475865	0.021343873517786563	4.464557	5.6624665	1
PMM1	0.062826276	0.04072846	0.04527363184079602	0.0979347	0.1422924901185771	1.2637172	10.8683405	1
FAM118A	0.038681395	0.024424898	0.02736318407960199	0.06133422	0.08616600790513834	1.3247955	7.163614	1
FBLN1	0.076394156	0.018781522	0.01890547263681592	0.16793571	0.21739130434782608	3.1537209	44.25141	1
PLXNB2	0.1804418	0.15103282	0.15671641791044777	0.22717306	0.2964426877470356	0.58860964	7.9181304	1
CHKB	0.11398931	0.09490353	0.10497512437810945	0.1443177	0.19604743083003953	0.6041945	5.2959933	1
MXRA5	0.026638623	0.010661301	0.009950248756218905	0.052025698	0.07588932806324111	2.2761424	11.539537	1
ANOS1	0.0070336657	0.00040907308	0.0004975124378109452	0.017559765	0.023715415019762844	5.1164494	6.052618	1
TBL1X	0.15047956	0.11011308	0.11592039800995024	0.21462588	0.28537549407114626	0.96220064	15.939829	1
FRMPD4	0.0067472165	0.00033199723	0.0004975124378109452	0.016940588	0.026877470355731226	5.3018093	7.5144224	1
GPM6B	0.054144476	0.020282205	0.021393034825870648	0.10794737	0.1549407114624506	2.406282	25.396677	1
CDKL5	0.12051892	0.059508387	0.06567164179104477	0.21746302	0.28063241106719367	1.8678461	39.27462	1
IL1RAPL1	0.0122147575	0.0017775286	0.001990049751243781	0.028798895	0.042687747035573126	3.9441075	9.890052	1
AC003659.1	0.005584715	1.4042598e-09	0.0	0.014458451	0.022134387351778657	7.185693	6.0809684	1
DMD	0.013078574	0.004456363	0.005472636815920398	0.026778907	0.04110671936758893	2.56052	7.0962734	1
TMEM47	0.13181257	0.103725106	0.10696517412935323	0.17644769	0.2426877470355731	0.7659026	9.224188	1
USP11	0.22111139	0.18264736	0.1925373134328358	0.2822211	0.36205533596837947	0.62748635	11.272471	1
ELK1	0.06905724	0.05268811	0.05721393034825871	0.095061325	0.1399209486166008	0.8501623	6.127572	1
MAGED1	0.34210682	0.27278024	0.2721393034825871	0.4522516	0.5146245059288538	0.72917664	24.024693	1
KDM5C	0.15539943	0.13387403	0.14228855721393036	0.1896101	0.25691699604743085	0.50184315	5.1550612	1
FGD1	0.03961485	0.020714406	0.023383084577114428	0.06964633	0.10592885375494071	1.744535	12.333708	1
TRO	0.07617739	0.052378893	0.05771144278606965	0.11398732	0.16205533596837945	1.1203291	10.636621	1
LINC01278	0.13229577	0.10304401	0.10995024875621891	0.17878014	0.24189723320158102	0.79433316	9.898226	1
HEPH	0.08648235	0.06630544	0.07164179104477612	0.11854005	0.17233201581027668	0.8372176	7.3436227	1
PJA1	0.05640736	0.03436138	0.038308457711442784	0.09143394	0.13438735177865613	1.4093263	12.000717	1
DLG3	0.021330625	0.004578345	0.004975124378109453	0.04794901	0.07588932806324111	3.3604364	15.386778	1
ZMYM3	0.09364896	0.07366258	0.08009950248756219	0.12540507	0.18181818181818182	0.76678467	6.8468494	1
NHSL2	0.12676829	0.09423441	0.1	0.17846687	0.23794466403162054	0.92060846	12.085693	1
RTL5	0.042107	0.025510926	0.028855721393034824	0.06847616	0.10355731225296443	1.4209478	9.005554	1
ZNF711	0.06484085	0.042695433	0.04378109452736319	0.100024	0.14150197628458497	1.226259	10.303079	1
KLHL4	0.19076258	0.22056764	0.22338308457711442	0.14339638	0.19683794466403162	-0.6208608	8.590543	1
PCDH11X	0.0113215605	0.0027210277	0.0029850746268656717	0.024987422	0.034782608695652174	3.1526713	7.234808	1
NAP1L3	0.056183215	0.042963523	0.04776119402985075	0.07718426	0.11778656126482213	0.8437082	5.0558887	1
TNMD	0.0077908533	0.0009005586	0.0009950248756218905	0.018739125	0.026877470355731226	4.234854	6.497074	1
TMSB15A	0.04734409	0.0117400475	0.013432835820895522	0.103915505	0.1391304347826087	3.1350517	28.004414	1
BEX1	0.046206914	0.028430978	0.0263681592039801	0.07444981	0.09881422924901186	1.3856754	8.169796	1
TCEAL5	0.00855157	0.00063848944	0.0009950248756218905	0.02112498	0.0308300395256917	4.845042	8.122773	1
BEX2	0.08571061	0.05801173	0.058208955223880594	0.12972039	0.18102766798418973	1.1596156	12.00164	1
TCEAL7	0.18208413	0.1411777	0.13333333333333333	0.24708177	0.2932806324110672	0.80703866	12.380557	1
TMSB15B-1	0.012150084	0.0051528933	0.005472636815920398	0.023268444	0.03320158102766799	2.1533775	5.0141063	1
NRK	0.15503952	0.026143866	0.027860696517412936	0.35984644	0.3794466403162055	3.77773	44.25141	1
PWWP3B	0.019619491	0.010395988	0.00945273631840796	0.03427525	0.05138339920948617	1.7115322	5.694049	1
TSC22D3	0.17931443	0.14198539	0.14975124378109453	0.2386305	0.308300395256917	0.74862474	12.014209	1
COL4A5	0.12942535	0.095763996	0.1054726368159204	0.18291603	0.2466403162055336	0.932909	12.978637	1
PAK3	0.008812374	0.0003275126	0.0004975124378109452	0.022294264	0.03320158102766799	5.7110186	9.014879	1
DCX	0.028144397	0.0028116535	0.0029850746268656717	0.068396494	0.08774703557312254	4.5561194	21.25672	1
AMOT	0.07124184	0.026557421	0.028358208955223882	0.14224066	0.18893280632411066	2.4167387	30.995256	1
SEPTIN6	0.3185068	0.20822674	0.208955223880597	0.4937265	0.5430830039525691	1.2451562	44.25141	1
TENM1	0.024128469	0.003680972	0.004477611940298508	0.056618243	0.07588932806324111	3.9069839	17.150278	1
SMARCA1	0.5897599	0.5007801	0.4532338308457711	0.73113656	0.6956521739130435	0.54587287	27.435257	1
RBMX2	0.2420108	0.20796022	0.21641791044776118	0.2961058	0.38023715415019765	0.5095986	8.581352	1
IGSF1	0.010689014	0.0042471094	0.004975124378109453	0.020925183	0.0308300395256917	2.27399	5.1412973	1
FIRRE	0.05635693	0.03751522	0.042786069651741296	0.08629165	0.1233201581027668	1.1995753	9.007445	1
STK26	0.024561524	0.0040641367	0.004477611940298508	0.05713061	0.08695652173913043	3.7806978	19.284834	1
GPC3	0.030075168	0.0058360044	0.006467661691542288	0.06858962	0.08616600790513834	3.5325282	17.789803	1
MIR503HG	0.16567118	0.10806212	0.11044776119402985	0.25720996	0.31225296442687744	1.2503119	26.042967	1
FHL1	0.07800339	0.028906688	0.031840796019900496	0.15601274	0.20948616600790515	2.4281309	35.785294	1
AL683813.1	0.023156159	0.012942069	0.014925373134328358	0.039385945	0.06086956521739131	1.5981665	6.4479723	1
RBMX	0.54915863	0.45442334	0.41442786069651744	0.6996827	0.6996047430830039	0.6225527	32.868977	1
FGF13	0.013763224	0.0021010903	0.0024875621890547263	0.0322936	0.05059288537549407	3.8794186	11.683171	1
LINC00632	0.21825835	0.03559762	0.03731343283582089	0.5084929	0.516205533596838	3.8326116	44.25141	1
LDOC1	0.14189102	0.10841026	0.11641791044776119	0.195096	0.25691699604743085	0.84709203	11.684581	1
AFF2	0.012046485	0.003595349	0.003482587064676617	0.025474977	0.03557312252964427	2.7909503	6.9484243	1
BGN	0.4296928	0.23834096	0.22835820895522388	0.73373526	0.6703557312252965	1.6218241	44.25141	1
TTTY10	0.012342706	0.004740369	0.004477611940298508	0.024422698	0.03320158102766799	2.3409288	5.5576735	1
