	gene	expression_1	expression_2	log2FC	-log10 p-val	significant
20	AL645608.2	0.001165918	0.016035873	3.672016	6.4330707	1
22	LINC02593	0.008334096	0.04471613	2.409713	8.269346	1
23	SAMD11	0.06889457	0.3773995	2.4519198	44.55244	1
29	HES4	0.48442185	0.69391507	0.5184054	9.876432	1
44	SDF4	0.9497519	0.48858312	-0.9588034	39.34593	1
68	VWA1	0.1911888	0.10692842	-0.83775836	5.1172123	1
73	SSU72	0.8650712	0.6014738	-0.52424383	16.12734	1
79	MMP23B	0.47355336	0.2152881	-1.136893	15.631458	1
104	RER1	0.7887925	0.44469178	-0.8266986	26.832098	1
134	MEGF6	0.004572733	0.03424971	2.8779597	8.063856	1
177	ACOT7	0.10165016	0.041502755	-1.2902801	5.4507113	1
180	ESPN	0.09375856	0.002310052	-5.2833524	9.388991	1
202	VAMP3	0.458495	0.31955513	-0.5207044	6.829586	1
211	ERRFI1	0.27796853	0.091432564	-1.6030834	13.172273	1
264	SRM	0.67082125	0.44502774	-0.59192413	11.439913	1
280	MAD2L2	0.23832977	0.14572005	-0.7093753	5.252947	1
282	AGTRAP	0.26520336	0.15408021	-0.7830252	6.3764796	1
291	PLOD1	1.400699	0.5961283	-1.2323132	44.55244	1
339	KAZN	0.07617993	0.2970889	1.9620047	39.475826	1
374	HSPB7	0.24595122	0.09349481	-1.3944582	9.827549	1
433	EMC1	0.20746092	0.11730742	-0.82201135	5.45262	1
464	CAMK2N1	0.110917546	0.4147954	1.9019599	44.55244	1
467	CDA	0.0021565342	0.09733503	5.43226	39.198193	1
470	DDOST	1.1407933	0.67868465	-0.74913806	36.722466	1
477	ECE1	0.96371585	0.34498185	-1.481819	44.55244	1
517	TCEA3	0.12980624	0.047815666	-1.4389013	6.0374146	1
530	HMGCL	0.26653907	0.16411254	-0.6993238	5.8983374	1
534	PNRC2	0.368733	0.5797163	0.65262836	14.127137	1
547	RCAN3	0.12934701	0.05092603	-1.3430563	6.1237965	1
552	CLIC4	0.69035417	0.34460816	-1.0021703	24.832338	1
568	LDLRAP1	0.06927832	0.017842328	-1.9511179	5.274153	1
570	MAN1C1	0.09870576	0.015309979	-2.6807303	8.193174	1
593	SH3BGRL3	2.1401618	1.158577	-0.8853088	44.55244	1
631	IFI6	0.26558444	0.14381039	-0.8845429	7.1536674	1
657	SNHG12	0.14791071	0.061785363	-1.2580315	5.5610447	1
687	SDC3	0.41325468	0.16554895	-1.3192511	21.287502	1
697	TINAGL1	3.1286618e-10	0.049036544	8.940648	23.749851	1
740	FNDC5	0.014082482	0.0483713	1.7730207	5.967017	1
767	GJA4	0.006490502	0.11605568	4.139528	36.772503	1
777	KIAA0319L	0.27363744	0.16330676	-0.74432504	6.6274076	1
832	POU3F1	0.007955846	0.12232235	3.925687	36.398254	1
854	HEYL	0.078148015	0.23145701	1.5652413	21.730503	1
875	COL9A2	0.14104424	0.035899166	-1.9711348	7.7669125	1
922	P3H1	0.88864166	0.35216486	-1.3351035	44.55244	1
930	SLC2A1	0.5896527	0.2048821	-1.5246123	27.075613	1
994	NASP	0.6512254	1.0497879	0.68878484	26.183325	1
1026	CYP4X1	0.0008202536	0.02189487	4.578992	10.744215	1
1035	CMPK1	0.49527952	0.26475894	-0.9033101	17.209759	1
1091	PRPF38A	0.22888252	0.33821797	0.56314224	6.3376293	1
1092	TUT4	0.32932875	0.6042645	0.8754526	22.520447	1
1094	GPX7	0.57231206	0.31921118	-0.8420911	16.345646	1
1096	COA7	0.050419822	0.106468506	1.0768596	6.1726336	1
1125	HSPB11	0.4050082	0.25039008	-0.69355386	8.805553	1
1134	SSBP3	0.28813174	0.48852926	0.7615111	15.382326	1
1166	PLPP3	0.03366163	0.21357049	2.661931	43.251408	1
1182	JUN	0.71485895	0.4315944	-0.7278501	12.767791	1
1205	TM2D1	0.4950279	0.30548826	-0.6962122	10.999248	1
1209	KANK4	0.0068546827	0.041845307	2.592453	8.2058735	1
1230	PGM1	0.41586664	0.2397611	-0.7942686	10.487963	1
1231	ROR1	0.01587909	0.16489366	3.3681533	44.55244	1
1240	AK4	0.5079417	0.1917081	-1.4052833	25.712467	1
1247	PDE4B	0.18497251	0.052806698	-1.8065684	11.352688	1
1263	GADD45A	0.6021145	0.21734379	-1.469635	27.01792	1
1298	NEGR1	0.0025655243	0.025862664	3.2839472	6.984768	1
1331	ST6GALNAC3	0.048681937	0.118565835	1.2824857	8.929226	1
1352	PTGFR	0.0011610622	0.04595323	5.190591	17.481365	1
1376	TTLL7	0.29932407	0.1714324	-0.80370903	7.3507767	1
1385	GNG5	2.1735933	1.505582	-0.5297313	44.55244	1
1387	CTBS	0.38491276	0.14392065	-1.4186306	20.877472	1
1397	SYDE2	0.009567646	0.05419445	2.4895682	9.37046	1
1416	SH3GLB1	0.8688986	0.5823416	-0.57724035	15.716836	1
1418	SELENOF	0.6223312	0.41721746	-0.5767692	11.452228	1
1429	KYAT3	0.29899386	0.16169208	-0.88645715	9.016917	1
1432	GBP1	0.020454533	0.07003312	1.7706393	10.157641	1
1433	GBP2	0.40687448	0.06807618	-2.5775986	31.738987	1
1436	GBP4	0.5323013	0.13096146	-2.0222707	29.772385	1
1443	LRRC8C-DT	0.065737754	0.014649473	-2.1582518	5.155014	1
1472	RPAP2	0.21311255	0.32790944	0.62144494	6.6938777	1
1478	MTF2	0.26795802	0.39186904	0.54819447	7.026955	1
1484	BCAR3	0.14518961	0.05832397	-1.3142992	6.941149	1
1491	ARHGAP29	0.34890726	0.17626116	-0.98472416	10.091506	1
1526	SNX7	0.27365923	0.14893647	-0.87724215	7.8938184	1
1531	PALMD	0.12890518	0.025537461	-2.3311036	9.578617	1
1544	RTCA	0.35451457	0.20396309	-0.79723644	9.10753	1
1562	OLFM3	0.007095351	0.056470297	2.9749079	13.265978	1
1565	COL11A1	0.5405172	0.3133542	-0.7863529	11.054921	1
1580	NTNG1	0.006556688	0.097146265	3.8687665	32.081516	1
1581	VAV3	0.038339857	0.10384191	1.4351026	8.236721	1
1684	RAP1A	0.39876798	0.27576733	-0.5319367	6.042658	1
1708	SLC16A1	0.40871722	0.16163506	-1.3378234	19.514914	1
1726	SYT6	3.1286618e-10	0.02737349	8.1018915	12.83395	1
1737	TSPAN2	0.009915177	0.045707118	2.193384	6.3329935	1
1752	ATP1A1	0.75542045	0.38181305	-0.98422664	27.522093	1
1758	CD58	0.13544154	0.05933143	-1.1894372	5.625512	1
1759	IGSF3	0.16777278	0.083429046	-1.0070184	5.795658	1
1792	PHGDH	0.72568905	0.3836591	-0.9193495	20.635357	1
1803	LINC00623	0.27948275	0.14666377	-0.92977947	8.015789	1
1809	SRGAP2C	0.2099592	0.12125178	-0.7916007	5.134134	1
1844	ITGA10	0.12204306	0.018310383	-2.7299802	9.5079975	1
1869	BCL9	0.063635744	0.1424137	1.1609261	9.004475	1
1899	NBPF19	0.05238614	0.10981607	1.0663939	6.2093487	1
1935	ECM1	0.7090646	0.16827275	-2.074462	44.55244	1
1945	CTSK	0.10507635	0.029230947	-1.8423147	6.104824	1
2004	S100A10	2.5663254	0.6478689	-1.9857638	44.55244	1
2066	S100A6	1.0628681	0.7101147	-0.58177114	9.398645	1
2072	S100A16	0.89640296	0.26611114	-1.7517376	44.55244	1
2080	NPR1	0.19156209	0.060225647	-1.6677215	9.96659	1
2084	SLC27A3	0.6354598	0.23410787	-1.4402382	26.057035	1
2093	JTB	0.88782537	0.5495018	-0.6920517	23.935787	1
2100	C1orf43	0.5626648	0.35479364	-0.66514546	11.754788	1
2102	HAX1	0.51392704	0.3372117	-0.607762	9.255557	1
2117	KCNN3	0.008776407	0.03592454	2.0209322	5.4180117	1
2135	SLC50A1	0.2647828	0.16762573	-0.65925	5.2899027	1
2137	KRTCAP2	1.3421971	0.90912926	-0.56198794	33.864902	1
2173	LAMTOR2	0.632091	0.43502334	-0.53893614	10.633349	1
2175	MEX3A	0.23666348	0.38167796	0.6892872	9.156002	1
2176	LMNA	1.4106888	0.8177268	-0.7866347	44.55244	1
2206	CRABP2	0.9855775	0.39117432	-1.3329353	44.55244	1
2270	DUSP23	0.24438699	0.13244575	-0.8832672	7.1924744	1
2279	TAGLN2	1.0447534	0.47641957	-1.1326933	44.251408	1
2287	IGSF8	0.163154	0.07553368	-1.1100177	6.4103317	1
2313	F11R	0.11574166	0.028588222	-2.0136237	9.051238	1
2314	TSTD1	0.11867084	0.03999679	-1.566622	5.9962664	1
2354	OLFML2B	3.1286618e-10	0.022503009	7.8203664	13.437891	1
2370	RGS5	0.762156	0.2815459	-1.4363933	22.666525	1
2375	PBX1	0.2087219	0.55814457	1.4186243	43.075317	1
2386	MGST3	1.810623	1.2467043	-0.53833085	44.55244	1
2414	CREG1	0.35805565	0.1374183	-1.380963	17.61011	1
2416	RCSD1	0.25658023	0.14465901	-0.8263189	6.1662145	1
2417	MPZL1	0.47649738	0.3213007	-0.56839806	8.1059885	1
2420	MPC2	0.57060677	0.3749949	-0.60549414	10.688815	1
2437	ATP1B1	0.6856636	0.24853516	-1.463681	28.964102	1
2461	PRRX1	0.3636125	0.18890955	-0.9443394	8.400273	1
2477	DNM3OS	0.18805486	0.4634309	1.3007449	30.97856	1
2489	PRDX6	1.6842449	1.1295744	-0.5762805	44.55244	1
2539	RALGPS2	0.055088002	0.13244085	1.2640104	9.826798	1
2540	ANGPTL1	0.02077023	0.0911134	2.1277995	14.073252	1
2561	QSOX1	0.46031174	0.13656713	-1.7522583	29.787388	1
2589	RGS16	0.07801653	0.17006624	1.1232451	7.6651635	1
2597	LAMC1	0.7429231	0.42110977	-0.8188682	21.708902	1
2616	C1orf21	0.65601856	0.3337061	-0.9749463	21.354866	1
2630	HMCN1	0.072517775	0.15364434	1.0821387	8.566898	1
2640	PTGS2	0.3131482	0.071418546	-2.1309168	17.661455	1
2675	B3GALT2	0.0115702795	0.044862173	1.9458727	5.101925	1
2705	PTPRC	0.0015301764	0.014841874	3.1962612	5.056247	1
2724	INAVA	0.006085481	0.028325943	2.2002506	5.662677	1
2734	TNNT2	0.5174023	0.22784719	-1.1828656	14.893445	1
2737	TNNI1	0.4661711	0.21493167	-1.1166198	12.387818	1
2738	PHLDA3	0.51235837	0.31340542	-0.70894456	10.890349	1
2742	NAV1	0.7361453	0.4736465	-0.6360714	14.235046	1
2747	SHISA4	0.14501879	0.06574797	-1.1400234	5.9059515	1
2750	TIMM17A	0.38243648	0.251189	-0.6062499	6.8816333	1
2766	PCAT6	0.15652537	0.063302115	-1.304715	7.4430485	1
2769	ADIPOR1	0.2421415	0.1344875	-0.84790164	7.128138	1
2770	CYB5R1	0.2137354	0.12480583	-0.77565986	5.1653314	1
2783	FMOD	0.088409446	0.0045123314	-4.2622633	7.9131637	1
2786	ATP2B4	0.37607434	0.25809518	-0.5429394	5.106594	1
2794	SOX13	0.0015888121	0.03509992	4.3814917	16.577305	1
2798	REN	0.0031098123	0.12533124	5.288264	24.326008	1
2809	LRRN2	3.1286618e-10	0.01766539	7.472921	9.112853	1
2838	RAB7B	0.14276132	0.035279546	-2.0136278	10.139475	1
2870	CD55	0.37742275	0.13005899	-1.5362885	16.859291	1
2896	CAMK1G	0.0030837313	0.037627388	3.5668218	12.735772	1
2901	TRAF3IP3	3.1286618e-10	0.008027333	6.3447056	5.3510695	1
2940	NENF	0.83183414	0.5150907	-0.6913627	21.61638	1
2981	GPATCH2	0.21915813	0.3466966	0.6614593	8.781926	1
2990	TGFB2	0.1396582	0.23300073	0.7380206	5.686616	1
3003	EPRS	0.79904616	0.45552123	-0.81062454	24.93058	1
3018	HLX	0.0407072	0.088428974	1.1173259	5.0023007	1
3036	AIDA	0.4522853	0.30042994	-0.5900433	7.933182	1
3049	CAPN2	0.6708379	0.38811293	-0.789331	18.330679	1
3053	DEGS1	0.4493607	0.3060354	-0.55402505	6.5382824	1
3084	ACBD3	0.91315013	0.57671374	-0.6629045	23.827673	1
3088	PARP1	0.36882097	0.5402612	0.55061245	9.474209	1
3136	RHOU	0.2823259	0.13143888	-1.102383	9.000177	1
3155	GALNT2	0.34357873	0.21079025	-0.704568	7.3043566	1
3163	AGT	0.10952901	0.009027907	-3.5862017	7.7968535	1
3189	SIPA1L2	0.14379424	0.3677059	1.3539357	25.37222	1
3215	IRF2BP2	0.6100411	0.34405077	-0.82610226	17.951708	1
3268	CHRM3	3.1286618e-10	0.06941859	9.441251	29.562061	1
3269	CHRM3-AS2	3.1286618e-10	0.039853364	8.642169	18.816162	1
3294	PLD5	0.0049391026	0.03317987	2.7234113	8.41168	1
3320	COX20	0.5846577	0.38956025	-0.5856224	9.571313	1
3325	KIF26B	0.07344759	0.24351022	1.7278246	25.468864	1
3470	COLEC11	0.71316457	0.22884245	-1.6394522	33.674416	1
3496	RNF144A-AS1	0.0007829492	0.013327231	3.9266875	6.281007	1
3497	RNF144A	0.029196711	0.09104563	1.6374348	10.180381	1
3513	ID2	0.8341923	0.51024914	-0.70906824	15.357589	1
3521	ITGB1BP1	0.69051117	0.40427715	-0.7721723	19.005392	1
3545	ODC1	0.36021504	0.18099564	-0.9925069	10.215894	1
3573	MIR3681HG	3.1286618e-10	0.009204138	6.5397964	5.6106	1
3577	TRIB2	0.30852267	0.5992952	0.9576636	25.572115	1
3610	VSNL1	0.0930196	0.011721387	-2.9776855	9.264556	1
3623	OSR1	0.013395479	0.09535707	2.8223758	21.093678	1
3668	ATAD2B	0.11226252	0.19280742	0.7797478	5.879169	1
3694	DNMT3A	0.17473575	0.30389225	0.79803425	10.0378475	1
3700	RAB10	0.5793829	0.39772865	-0.542619	9.562854	1
3719	TMEM214	0.24330942	0.14521363	-0.744215	5.8967247	1
3726	EMILIN1	1.0598333	0.671243	-0.6588515	21.475903	1
3734	ATRAID	1.0682428	0.67753226	-0.6568002	29.683819	1
3765	FOSL2	0.1653882	0.06095469	-1.4385543	8.213149	1
3787	LBH	0.22969928	0.37801	0.7184317	8.821542	1
3819	LTBP1	0.7940085	0.16816366	-2.2386124	44.55244	1
3849	QPCT	0.10428548	0.036190473	-1.5242583	5.1102905	1
3857	CYP1B1	0.18262425	0.074448235	-1.293422	6.1015277	1
3885	SLC8A1-AS1	0.006156765	0.035076614	2.491128	7.511184	1
3886	SLC8A1	0.08483105	0.23134728	1.4463196	17.207888	1
3898	EML4	0.2580303	0.4316821	0.74220407	12.980734	1
3910	ZFP36L2	0.16687974	0.31066722	0.8961612	11.426248	1
3914	PLEKHH2	0.035831816	0.20612995	2.52092	38.886696	1
3983	NRXN1	0.071627274	0.5974077	3.0583634	44.55244	1
3996	ERLEC1	0.745286	0.5205795	-0.5175921	11.732586	1
4007	EML6	0.009946596	0.068325505	2.7678275	16.461416	1
4026	CCDC85A	0.0052887006	0.060472995	3.4906654	18.832958	1
4052	C2orf74	0.1333805	0.0564194	-1.2398111	5.799499	1
4077	UGP2	0.5215963	0.32285795	-0.691864	11.429263	1
4098	CEP68	0.04826082	0.106248185	1.1368848	6.4776363	1
4111	MEIS1	0.048627485	0.4695879	3.2688947	44.55244	1
4112	MEIS1-AS2	0.0055209864	0.05714172	3.348172	17.681093	1
4146	GFPT1	0.52399117	0.29409042	-0.8330677	14.703578	1
4149	ANXA4	0.2511189	0.13068585	-0.94173837	7.9717107	1
4227	MTHFD2	0.45723736	0.20080777	-1.1867254	15.968101	1
4233	WDR54	0.45147038	0.26972243	-0.74294055	9.978481	1
4250	LOXL3	0.46125108	0.11301687	-2.028051	32.212303	1
4251	DOK1	0.13012221	0.0520198	-1.3210721	6.1167626	1
4257	HK2	0.16238828	0.0457151	-1.8264406	9.487697	1
4280	LRRTM4	0.014767895	0.05448085	1.8761945	7.221537	1
4325	MAT2A	0.34822574	0.50061107	0.5235414	8.346934	1
4328	VAMP5	0.32481772	0.18625802	-0.8019975	7.3907013	1
4337	ST3GAL5	0.16162449	0.06354749	-1.3453625	7.9391475	1
4377	IGKC	0.1932286	0.019706199	-3.2870312	13.679098	1
4487	DUSP2	0.03613011	0.13974133	1.9485296	18.205147	1
4495	ITPRIPL1	0.003642859	0.022123061	2.569845	6.1057153	1
4542	MGAT4A	0.012844369	0.06527585	2.3364332	10.9869795	1
4557	AFF3	0.0078719165	0.16255158	4.3507147	44.55244	1
4587	IL1R1	0.22532775	0.111264154	-1.0173802	7.1928926	1
4647	ST6GAL2	0.06265858	0.14087519	1.1675568	8.550332	1
4659	SLC5A7	3.1286618e-10	0.044318337	8.795007	20.830482	1
4664	SULT1C4	0.106092826	0.2376088	1.1625091	14.167537	1
4692	MIR4435-2HG	0.14118063	0.3340226	1.2418139	20.41356	1
4696	AC108463.3	0.023466619	0.073723495	1.6473353	7.704099	1
4720	SLC20A1	0.33190438	0.106267385	-1.6421465	17.284803	1
4743	PGM5P4-AS1	3.1286618e-10	0.014203889	7.1602592	6.4473114	1
4758	DPP10	0.022944566	0.06378166	1.4709752	5.3952146	1
4771	INSIG2	0.38895938	0.14136082	-1.4595878	18.564423	1
4782	TMEM37	0.02190804	0.05799932	1.4004906	5.6577516	1
4785	CFAP221	0.0013643765	0.02170465	3.8962774	8.535985	1
4808	AC011246.1	3.1286618e-10	0.021162327	7.7321515	10.330877	1
4822	GYPC	1.0145605	0.7147655	-0.50525326	16.786005	1
4827	BIN1	0.21786425	0.32667142	0.5841902	6.192806	1
4867	POTEI	0.03054913	0.087836206	1.5206113	8.566017	1
4887	MZT2A	1.0537541	0.62805736	-0.74647725	34.518646	1
4889	CCDC74A	0.10876336	0.042247504	-1.3621695	5.668117	1
4912	MGAT5	0.19891347	0.088460155	-1.1681364	7.7046337	1
4929	CXCR4	0.19857979	0.053078797	-1.901522	9.454191	1
4930	THSD7B	0.0020567942	0.018345555	3.0963128	5.1755857	1
4939	NXPH2	0.005386001	0.028979484	2.406175	6.041707	1
4946	LRP1B	0.0086243935	0.16381985	4.231792	44.55244	1
4959	ZEB2	0.70396966	1.0835836	0.6221535	26.844961	1
4975	ACVR2A	0.038981665	0.105372965	1.4323094	10.00258	1
4978	MBD5	0.20339917	0.3115139	0.6147367	6.684897	1
4979	EPC2	0.15096296	0.24426848	0.6939082	6.489893	1
4981	KIF5C	0.025463205	0.27967677	3.4521356	44.55244	1
4986	MMADHC	0.43923232	0.27245593	-0.6887603	9.8093405	1
5002	TNFAIP6	0.13325702	0.02888239	-2.2020452	8.827031	1
5007	CACNB4	0.018005094	0.05028918	1.4767184	5.193355	1
5029	NR4A2	0.08734174	0.01766202	-2.2995265	6.537372	1
5035	GALNT5	0.19219077	0.025340892	-2.9180684	18.196674	1
5040	ACVR1	0.14223868	0.06852208	-1.052583	5.2912254	1
5054	BAZ2B	0.33428153	0.51958853	0.6361522	11.682822	1
5066	RBMS1	0.9785865	0.682628	-0.5195359	17.019516	1
5077	DPP4	3.1286618e-10	0.011442416	6.850797	5.1303797	1
5087	FIGN	0.04189001	0.098743066	1.2350936	6.990457	1
5096	CSRNP3	0.069919534	0.2276181	1.7014195	23.578053	1
5105	SCN9A	0.061129157	0.1639769	1.4220814	13.167644	1
5111	B3GALT1	0.007313716	0.03149066	2.0912294	5.121838	1
5128	KLHL23	0.074029885	0.22899234	1.627802	22.572449	1
5130	METTL5	0.4612656	0.28298968	-0.7046513	10.481338	1
5144	GORASP2	0.43427914	0.2887061	-0.5888537	7.761144	1
5163	PDK1	0.32683644	0.17664903	-0.8873077	8.970672	1
5182	WIPF1	0.17641863	0.0934102	-0.9166247	5.506252	1
5194	HOXD13	3.1286618e-10	0.011957632	6.9137983	6.735997	1
5196	HOXD11	0.0013838961	0.081052445	5.773173	36.7787	1
5197	HOXD10	3.1286618e-10	0.032279596	8.338937	15.461526	1
5198	HOXD-AS2	0.002158435	0.08039425	5.1554904	38.50037	1
5199	HOXD9	3.1286618e-10	0.057166655	9.161547	26.614153	1
5200	HOXD8	0.0010058968	0.051858522	5.554072	24.648563	1
5208	LINC01117	3.1286618e-10	0.013303196	7.0664287	7.5438466	1
5212	LINC01116	0.008826288	0.09168549	3.3621337	27.141197	1
5217	HNRNPA3	1.132038	1.6097014	0.5078329	31.618069	1
5228	PDE11A	3.1286618e-10	0.019990763	7.650384	10.219785	1
5236	FKBP7	0.61492896	0.3204338	-0.940178	22.41521	1
5238	TTN-AS1	0.041195963	0.08861792	1.1032248	5.021235	1
5260	ITGA4	0.13531679	0.71584314	2.4024384	44.55244	1
5266	ITPRID2	0.41667968	0.90466386	1.1182564	44.55244	1
5268	PDE1A	0.026480716	0.34135088	3.683226	44.55244	1
5271	FRZB	0.062145088	0.2801068	2.17046	42.324554	1
5288	FSIP2	0.044463713	0.10260629	1.204583	6.3694286	1
5305	COL5A2	1.8234897	1.1782396	-0.63002574	44.55244	1
5309	SLC40A1	0.045641746	0.19769748	2.1124406	32.23422	1
5337	MYO1B	0.41684934	0.27485955	-0.6006527	7.1132784	1
5359	STK17B	0.05371844	0.14760399	1.4565363	13.226903	1
5361	HECW2	0.4002396	0.17753644	-1.1722966	12.947767	1
5368	ANKRD44	0.053484377	0.10833464	1.0169414	5.3115864	1
5382	PLCL1	0.015241841	0.2097074	3.7735221	44.55244	1
5398	SPATS2L	0.98664784	0.6763749	-0.5446451	19.164812	1
5456	PARD3B	0.027277041	0.07751801	1.503425	7.55122	1
5458	NRP2	0.19227546	0.5400309	1.4893843	40.874195	1
5509	MAP2	0.097012095	0.19209908	0.9848785	8.62299	1
5536	BARD1	0.10093478	0.21467362	1.0879649	11.470414	1
5569	IGFBP2	2.391065	1.2408465	-0.9462726	44.55244	1
5583	DIRC3	0.010987974	0.10613661	3.2602134	25.472723	1
5634	ABCB6	0.16467725	0.07047436	-1.223301	6.4228005	1
5642	PTPRN	0.09921362	0.0106449295	-3.2083356	9.563943	1
5653	GMPPA	0.17632404	0.07615883	-1.2100708	8.064402	1
5655	CHPF	0.9267175	0.24741137	-1.9047905	44.55244	1
5660	INHA	0.06993885	0.0039991173	-4.0947704	6.7718487	1
5674	EPHA4	0.019387905	0.24739477	3.666747	44.55244	1
5675	AC079834.2	3.1286618e-10	0.009290725	6.55316	5.158729	1
5683	ACSL3	0.6281554	0.39974433	-0.6519128	12.970163	1
5685	KCNE4	0.23272566	0.36044604	0.6309333	6.344455	1
5693	SERPINE2	1.754977	0.5677046	-1.6280679	44.55244	1
5698	DOCK10	0.004078066	0.026536738	2.6725101	7.315059	1
5729	PID1	0.033446245	0.19677092	2.5530267	37.59218	1
5740	SP100	0.29199833	0.15802734	-0.8853672	8.47262	1
5819	ARL4C	0.19327003	0.034072243	-2.5004673	12.521835	1
5838	COPS8	0.5256363	0.29775575	-0.8197257	15.170799	1
5841	COL6A3	1.4344237	0.9902546	-0.5345548	18.017342	1
5849	LRRFIP1	0.67577696	0.39539945	-0.773085	17.27271	1
5852	RAMP1	0.16782069	0.025035433	-2.7399855	11.781116	1
5894	GPC1	0.3772844	0.18824703	-1.0026414	11.445803	1
5912	SNED1	0.0026747554	0.025304917	3.1946752	8.094552	1
5978	ITPR1	0.06443575	0.14392993	1.1581981	8.276848	1
5982	BHLHE40	0.21586256	0.034890436	-2.6257486	16.785807	1
6023	TADA3	0.48404828	0.33668098	-0.5236383	7.308563	1
6032	CRELD1	0.35409555	0.2447556	-0.5326148	5.0315514	1
6049	SEC13	0.64965165	0.445939	-0.5427186	10.942465	1
6060	HRH1	0.13707104	0.014208675	-3.261014	12.899866	1
6083	FBLN2	1.0169737	0.2171795	-2.2268002	44.55244	1
6088	TMEM43	0.2180761	0.12572022	-0.7941292	5.4517784	1
6103	FGD5	0.033580042	0.08002915	1.2504332	5.3332973	1
6110	SH3BP5	0.32694572	0.14324982	-1.1899521	12.487747	1
6125	RFTN1	0.05246481	0.12443093	1.2443349	8.73517	1
6155	ZNF385D	0.0083485255	0.0419114	2.3140094	6.3561606	1
6177	LRRC3B	3.1286618e-10	0.029357541	8.202489	14.94635	1
6196	TGFBR2	0.5514187	0.35119125	-0.65074223	9.717473	1
6208	DYNC1LI1	0.42480436	0.26278245	-0.69272035	8.728669	1
6213	GLB1	0.3252575	0.19115475	-0.7665303	7.561758	1
6247	PLCD1	0.118579365	0.04257659	-1.4755523	6.145215	1
6257	EXOG	0.0684918	0.12868321	0.9088364	5.307308	1
6285	ENTPD3	0.0013691541	0.016236966	3.4750826	5.4988046	1
6328	SNRK	0.06314227	0.11988986	0.92395145	5.3251495	1
6350	ZNF501	0.0034504067	0.027936975	2.9812744	8.610051	1
6391	PTH1R	0.06504149	0.14598718	1.165181	8.394235	1
6394	SETD2	0.28542086	0.4382797	0.6185848	10.012438	1
6419	SHISA5	0.60039055	0.38912576	-0.62553436	13.191186	1
6420	PFKFB4	0.17892818	0.061024103	-1.5503733	8.565428	1
6423	UQCRC1	0.47717267	0.31911066	-0.5803049	8.5061	1
6497	HYAL2	0.53443414	0.37251434	-0.520599	7.550887	1
6543	TWF2	0.33523062	0.18859273	-0.82954526	8.880442	1
6553	TNNC1	0.34821883	0.19262767	-0.85384464	8.354076	1
6559	GNL3	0.43079352	0.29178604	-0.56192625	6.963301	1
6560	GLT8D1	0.61585736	0.41329113	-0.57532316	10.785213	1
6594	WNT5A-AS1	0.0011102855	0.016960029	3.817201	6.759808	1
6605	IL17RD	0.0051106275	0.066584334	3.6778188	21.897617	1
6613	ARF4	1.1861402	0.77172774	-0.6200453	29.927574	1
6619	FLNB	0.19287845	0.09713771	-0.9888519	5.950788	1
6627	PXK	0.19791742	0.11024788	-0.84356844	5.0902176	1
6644	PTPRG	0.15114896	0.35778478	1.2425698	22.90569	1
6646	C3orf14	0.15738362	0.06839357	-1.2011611	6.645316	1
6671	ADAMTS9	0.07856802	0.23632014	1.5875038	21.643953	1
6695	ARL6IP5	1.1321744	0.6735239	-0.74920833	36.0726	1
6697	FRMD4B	0.3944071	0.098331876	-2.0028536	25.846252	1
6727	GXYLT2	0.13126601	0.0344426	-1.9271435	9.216135	1
6730	PDZRN3	0.058554646	0.23462828	2.0006742	36.33154	1
6734	CNTN3	3.1286618e-10	0.02292269	7.846908	10.762171	1
6740	ROBO2	0.113226786	0.2671657	1.2377856	17.859066	1
6754	GBE1	0.3860411	0.09199877	-2.0678742	27.01503	1
6764	CADM2	0.00032768075	0.015368144	5.176622	7.0895905	1
6779	EPHA3	0.044397883	0.13597174	1.6125588	12.516744	1
6781	PROS1	0.41505897	0.17838007	-1.2179009	17.567074	1
6815	CPOX	0.12497161	0.047450926	-1.3952091	6.3766146	1
6817	ST3GAL6	0.1368543	0.05209276	-1.391773	6.7423244	1
6830	NIT2	0.24266195	0.14750884	-0.7177632	5.30879	1
6833	TMEM45A	0.55336577	0.26303136	-1.072711	19.750372	1
6869	CD47	0.39290324	0.2198812	-0.83716094	10.832452	1
6919	AC078785.1	3.1286618e-10	0.009880709	6.641066	5.888415	1
6922	BOC	0.05414371	0.12296187	1.181856	7.612567	1
6954	GAP43	0.29806852	0.10884973	-1.4524653	9.499499	1
6983	COX17	0.332009	0.22489369	-0.5617721	5.2088227	1
7007	HCLS1	0.0034900757	0.037029117	3.3704648	12.471132	1
7017	FAM162A	1.4329096	0.9361067	-0.61414933	23.47883	1
7025	PARP14	0.13499416	0.22372979	0.72843665	6.3360143	1
7029	SEMA5B	0.04194734	0.23731484	2.4973238	40.42579	1
7030	PDIA5	0.3356045	0.122530095	-1.4528787	17.825666	1
7033	ADCY5	0.013101902	0.04353538	1.7247527	5.5924306	1
7037	MYLK	0.06929791	0.23770578	1.7768196	22.23016	1
7045	ITGB5	0.33787778	0.20341632	-0.73178387	7.796445	1
7096	MGLL	0.26592973	0.097595185	-1.445228	11.573032	1
7099	SEC61A1	0.49896023	0.29749352	-0.7458708	12.277645	1
7110	RPN1	0.5119205	0.31251636	-0.7118084	11.4303665	1
7111	RAB7A	0.6184405	0.41326672	-0.58144593	11.673999	1
7124	COPG1	0.31647795	0.20860942	-0.6010651	5.647407	1
7163	UBA5	0.31807992	0.17090498	-0.8958044	9.554288	1
7167	TMEM108	0.013078334	0.04792146	1.8655114	7.307159	1
7175	SRPRB	0.31562975	0.17791182	-0.8267171	8.367109	1
7213	MRAS	0.19665632	0.07017707	-1.485284	10.608682	1
7238	CLSTN2	0.0028065434	0.03925848	3.759298	12.074219	1
7257	ATP1B3	0.7420479	0.50919104	-0.54321635	11.713208	1
7259	TFDP2	0.2984585	0.4568587	0.61405015	9.611665	1
7275	CHST2	0.06516932	0.22215182	1.7677183	24.511148	1
7287	PLOD2	0.8303932	0.389388	-1.0923896	31.656553	1
7308	AGTR1	0.016294593	0.05093315	1.6382146	5.784426	1
7321	TM4SF1	1.0367496	0.21666344	-2.2580132	44.55244	1
7325	WWTR1	1.1352854	0.43132156	-1.396012	44.55244	1
7340	SERP1	1.2254478	0.7475478	-0.71299607	38.266045	1
7346	SIAH2	0.18063161	0.07478499	-1.2711004	7.627986	1
7371	P2RY1	0.30257264	0.167438	-0.85326976	7.3985887	1
7373	RAP2B	0.4576386	0.20356418	-1.1683316	19.133297	1
7400	KCNAB1	0.0076986644	0.043112114	2.470137	8.48543	1
7405	SSR3	1.470077	0.9672699	-0.6038503	42.264637	1
7407	TIPARP	0.3020393	0.14998531	-1.0094309	9.141566	1
7426	MLF1	0.2274551	0.11809017	-0.9451059	7.524041	1
7428	LXN	0.21150154	0.058450613	-1.8535938	10.807801	1
7451	PPM1L	0.025634661	0.18075104	2.8130174	42.60305	1
7467	SLITRK3	3.1286618e-10	0.055182505	9.110675	25.341616	1
7469	BCHE	0.1109695	0.28267154	1.3481742	21.415905	1
7487	MECOM	0.08125437	0.3947623	2.2790577	44.55244	1
7520	TNIK	0.2959745	0.14311756	-1.0477517	9.911238	1
7527	FNDC3B	0.74674785	0.47870412	-0.6413788	15.808834	1
7584	TTC14	0.24260035	0.34570235	0.5107714	5.153099	1
7619	PARL	0.37910017	0.25525877	-0.57043403	6.264446	1
7633	ALG3	0.2573864	0.12122023	-1.085676	10.460859	1
7634	EEF1AKMT4	0.092537664	0.03377811	-1.4512454	5.239488	1
7647	EPHB3	0.036595393	0.08027695	1.1311828	5.2340713	1
7686	ST6GAL1	0.10501545	0.03705722	-1.5002601	6.171027	1
7687	RPL39L	0.27874416	0.1493329	-0.89996123	7.517268	1
7690	MASP1	0.7496858	0.12386079	-2.5965948	44.55244	1
7712	P3H2	0.1305016	0.043539573	-1.5814637	7.857259	1
7760	ATP13A3	0.5121584	0.2525209	-1.0198979	15.923042	1
7764	TMEM44	0.15297158	0.06520627	-1.2289131	6.880603	1
7892	AC147067.1	0.07090807	0.015871113	-2.152518	5.6045094	1
7902	C4orf48	1.2519877	0.5991709	-1.0630554	44.55244	1
7914	TNIP2	0.27080527	0.1549606	-0.8049562	6.7658825	1
7918	MFSD10	0.5558474	0.31544882	-0.81708527	16.846214	1
7929	LRPAP1	0.96494585	0.46858418	-1.0419815	39.464146	1
7941	NSG1	0.1093948	0.0136469565	-2.993678	8.120675	1
7947	CYTL1	0.34192887	0.19633855	-0.80004	7.3463507	1
7961	MAN2B2	0.12880932	0.053435907	-1.2677778	6.0402727	1
7967	MRFAP1L1	0.17345843	0.26097226	0.5890277	5.235322	1
7989	HTRA3	0.22068557	0.116675295	-0.91891074	5.8050876	1
8031	WDR1	0.46117574	0.28990075	-0.66957283	8.884394	1
8049	NKX3-2	3.1286618e-10	0.06489907	9.344271	27.777903	1
8063	C1QTNF7	0.0013354297	0.01400365	3.296514	5.4029303	1
8098	SLIT2	0.11098502	0.2101862	0.9206899	7.1562185	1
8101	KCNIP4	0.0334566	0.096970186	1.5324316	9.174325	1
8104	AC096576.6	0.00967636	0.067633465	2.7924995	18.551245	1
8107	KCNIP4-IT1	3.1286618e-10	0.10645309	10.057352	44.55244	1
8118	SOD3	0.23667766	0.04528451	-2.383261	15.934238	1
8154	PCDH7	0.2232108	0.6449442	1.530345	44.55244	1
8179	NWD2	3.1286618e-10	0.020509806	7.6871824	9.683553	1
8185	TBC1D1	0.19879007	0.43719542	1.136637	27.010206	1
8199	FAM114A1	1.2475545	0.6043922	-1.0454229	44.55244	1
8267	GABRA2	0.035242293	0.19308001	2.450478	32.61997	1
8276	ATP10D	0.23413882	0.35633674	0.6056658	7.24222	1
8292	OCIAD2	0.44038042	0.28482643	-0.62848854	7.4189034	1
8297	SGCB	0.5695083	0.34858352	-0.7080521	14.171623	1
8301	USP46	0.23771296	0.35930136	0.5957684	6.901843	1
8322	PDGFRA	0.5179286	0.78993165	0.6088787	16.26026	1
8334	SRD5A3	0.21249285	0.11816411	-0.8460808	5.880968	1
8337	TMEM165	0.944787	0.6557788	-0.52671254	16.015324	1
8347	KIAA1211	0.0077905497	0.04214404	2.42055	9.350397	1
8353	PAICS	0.41433835	0.28216502	-0.5541071	6.2630043	1
8386	ADGRL3	0.020035869	0.11915574	2.5662193	23.376186	1
8427	SULT1E1	0.0006418564	0.10065616	7.085512	38.990078	1
8457	ADAMTS3	0.18255292	0.04777098	-1.9318815	8.766832	1
8488	PARM1	0.0047661425	0.093001135	4.2579484	32.152905	1
8502	USO1	0.45013896	0.3011075	-0.5799333	7.8114977	1
8505	NAAA	0.09692952	0.030073218	-1.6851552	6.219934	1
8514	SCARB2	1.2507551	0.6597192	-0.92277193	44.55244	1
8517	STBD1	0.19694452	0.06859443	-1.5202565	9.851221	1
8519	SHROOM3	0.027531428	0.10162186	1.8802477	14.076224	1
8523	SEPTIN11	1.0082303	1.7236241	0.7735605	44.55244	1
8544	ANTXR2	0.31555712	0.4488782	0.5082871	6.4109297	1
8562	SEC31A	1.2767074	0.90220636	-0.5008517	25.86441	1
8585	ARHGAP24	0.047392506	0.1416434	1.5775098	14.975122	1
8586	MAPK10	0.038442295	0.097558245	1.3412993	7.528105	1
8588	PTPN13	0.14476568	0.28964296	1.0000578	13.934954	1
8592	AFF1	0.06916019	0.19600709	1.5015434	18.245792	1
8597	NUDT9	0.17835864	0.28542632	0.6780339	7.255186	1
8599	SPARCL1	0.06960225	0.1550904	1.1547621	6.5719104	1
8606	SPP1	0.15433213	0.011006219	-3.7975333	6.7588277	1
8624	GPRIN3	0.05458608	0.1697704	1.6351889	18.3822	1
8648	PDLIM5	0.35631102	0.2153915	-0.72591096	7.732341	1
8652	UNC5C	0.16793662	0.4390494	1.3859361	32.23278	1
8653	AC106881.1	0.013017908	0.08121369	2.6319606	17.927435	1
8662	RAP1GDS1	0.24742985	0.13818258	-0.83998305	7.0747986	1
8663	TSPAN5	0.5382558	0.29087466	-0.8876666	13.457221	1
8691	EMCN	0.16342428	0.78503543	2.2634368	44.55244	1
8696	PPP3CA	0.40764463	0.5981299	0.5530343	10.74985	1
8712	BDH2	0.2576866	0.37483287	0.54045516	6.3262897	1
8721	CXXC4	0.042636707	0.16624945	1.9606694	23.540884	1
8746	PAPSS1	0.42082465	0.25064963	-0.7473145	10.190725	1
8756	OSTC	1.9723914	1.3300614	-0.5684176	44.55244	1
8759	COL25A1	0.05482806	0.13208961	1.2669936	8.184951	1
8777	PITX2	0.07237661	0.1602955	1.1460463	9.325293	1
8800	ARSJ	0.018060645	0.15618362	3.1052792	44.55244	1
8808	AC093765.3	3.1286618e-10	0.0151803605	7.2555304	8.022562	1
8816	NDST3	0.0054054856	0.029482681	2.425811	6.2985754	1
8818	PRSS12	0.0023415827	0.0701474	4.846556	24.132318	1
8821	SEC24D	0.38586625	0.2633443	-0.5509768	5.8875704	1
8824	USP53	0.06540875	0.15633106	1.2557675	9.315972	1
8829	PDE5A	0.03113703	0.08402131	1.429214	7.7886934	1
8842	ANXA5	1.6193511	1.0246748	-0.6601981	44.55244	1
8880	INTU	0.07043259	0.13785566	0.96784276	6.231004	1
8913	PCDH10	0.29403067	0.5780716	0.9750406	22.32623	1
8931	PCDH18	0.23085922	0.5101598	1.1435939	28.168545	1
8974	RNF150	0.055272114	0.16522196	1.5780468	15.121652	1
9022	TTC29	0.001912967	0.019065423	3.2511106	6.1984553	1
9027	EDNRA	0.115948185	0.76943034	2.7292542	44.55244	1
9046	DCLK2	0.064745665	0.17591324	1.440602	14.77598	1
9086	TMEM131L	0.038466513	0.112178884	1.5416659	11.037258	1
9091	SFRP2	3.1286618e-10	0.070700325	9.4676075	21.36962	1
9110	GUCY1A1	0.0782257	0.32076973	2.0344298	44.55244	1
9111	AC104083.1	0.0044968105	0.036267344	2.9839385	10.779084	1
9112	GUCY1B1	0.111047514	0.35176316	1.6625388	34.1271	1
9114	TDO2	0.0030711608	0.08115768	4.6794214	28.34762	1
9123	GRIA2	3.1286618e-10	0.04280173	8.744887	18.784649	1
9129	GASK1B	0.013904618	0.095703244	2.774172	23.515614	1
9142	RAPGEF2	0.099633664	0.19415715	0.9618153	9.139959	1
9144	LINC02233	3.1286618e-10	0.012683093	6.998089	6.5169473	1
9147	FSTL5	3.1286618e-10	0.19266967	10.912658	44.55244	1
9153	NPY1R	0.005396836	0.2510799	5.5139756	44.55244	1
9154	NPY5R	0.0016220433	0.017571881	3.3592622	6.100472	1
9157	MARCH1	0.009097913	0.03969379	2.113165	7.264455	1
9170	MSMO1	0.53755945	0.3179205	-0.75757295	10.326163	1
9176	SPOCK3	0.0024415343	0.0712537	4.811217	24.26169	1
9182	DDX60L	0.017141636	0.046228774	1.4260118	5.27465	1
9192	CLCN3	0.564858	0.25904673	-1.1243745	21.405565	1
9211	GALNTL6	0.0012857552	0.036446504	4.720989	14.584351	1
9217	SAP30	0.4553677	0.24681033	-0.8833616	12.627991	1
9218	SCRG1	0.51436156	0.118830025	-2.1129503	31.996634	1
9223	HAND2	1.083355	0.60570055	-0.8387243	33.651764	1
9225	LINC02269	0.20954572	0.012366899	-4.071779	13.494215	1
9234	HPGD	3.1286618e-10	0.02006807	7.655925	8.792588	1
9278	DCTD	0.34085682	0.23361431	-0.5448429	5.083591	1
9295	STOX2	0.020471642	0.10586228	2.364822	19.045137	1
9319	SLC25A4	0.37921813	0.20796031	-0.8664065	9.9602	1
9324	ANKRD37	0.44152832	0.08231383	-2.4218743	27.163841	1
9329	PDLIM3	1.1680375	0.24851547	-2.232222	44.55244	1
9381	SDHA	0.2953933	0.1839543	-0.6829939	6.2435536	1
9405	NKD2	0.18457784	0.023371825	-2.976009	16.180712	1
9467	MED10	0.5224161	0.32821396	-0.6703995	11.277587	1
9469	UBE2QL1	0.002956986	0.020353628	2.7421749	5.5760856	1
9507	SNHG18	0.3575051	0.2407785	-0.57006156	5.282109	1
9533	DAP	0.5377893	0.22950304	-1.2281675	25.417662	1
9548	ANKH	0.1860598	0.051837604	-1.8416902	11.524511	1
9566	BASP1	0.5968338	1.0990992	0.8808099	42.26914	1
9601	CDH12	0.0013759641	0.02713214	4.2055807	10.000932	1
9604	AC091938.1	3.1286618e-10	0.013811553	7.1201353	6.17483	1
9611	CDH10	0.007158304	0.06011843	3.0525007	12.913898	1
9617	LINC02228	0.0033614032	0.02444767	2.826157	6.2712173	1
9683	SPEF2	0.051356826	0.114990555	1.161335	6.6342936	1
9685	IL7R	0.043190327	0.10754224	1.3141277	7.733304	1
9707	GDNF	0.001430684	0.01765658	3.5361054	6.1879587	1
9713	EGFLAM	0.10177424	0.030106394	-1.7538633	6.496677	1
9724	OSMR	0.115404256	0.045655973	-1.335914	5.4508963	1
9738	PTGER4	0.0076623526	0.07924367	3.3535492	22.507814	1
9742	C7	1.3994862	0.39129925	-1.8382875	44.55244	1
9752	GHR	0.012691029	0.087923124	2.7827501	20.392654	1
9753	CCDC152	0.0071865018	0.03333263	2.1979587	6.5138783	1
9754	SELENOP	0.18481034	0.69645464	1.9134107	44.55244	1
9800	AC010478.1	3.1286618e-10	0.019539911	7.61764	9.765409	1
9801	ISL1	0.013142863	0.21542498	4.024568	44.55244	1
9806	PELO	0.33508497	0.2156845	-0.6353661	6.1044254	1
9823	SNX18	0.15444472	0.32173193	1.058283	15.750319	1
9833	GPX8	0.91708636	0.6006098	-0.6105467	19.088518	1
9839	PLPP1	0.5823993	0.23097734	-1.3338805	26.031864	1
9870	PLK2	0.35127878	0.59053975	0.7492515	14.035095	1
9901	HTR1A	3.1286618e-10	0.009762059	6.6238127	5.6383185	1
9902	RNF180	0.057168353	0.11507001	1.0079551	5.71184	1
9903	RGS7BP	0.0027998353	0.09393399	5.0191393	39.08087	1
9926	AC092353.2	0.001971444	0.026973015	3.7081466	11.899141	1
9940	PIK3R1	0.15571585	0.42055485	1.4327948	34.12329	1
9957	TAF9	0.48223147	0.32843116	-0.5539948	7.582202	1
9979	MAP1B	2.0267012	1.0150735	-0.9974782	44.55244	1
9997	FOXD1	0.22964023	0.047022462	-2.2855167	16.615562	1
10014	HEXB	0.35561514	0.13212453	-1.4277325	18.234655	1
10042	CRHBP	1.3617811	0.35840547	-1.9255338	35.292118	1
10069	THBS4	0.17327303	0.074755706	-1.2116953	5.581939	1
10071	SERINC5	0.16653289	0.067908034	-1.2928962	7.223539	1
10090	SSBP2	0.24641483	0.51051205	1.0505532	26.652487	1
10107	XRCC4	0.21058385	0.08348901	-1.3336946	9.78656	1
10108	VCAN	2.748007	1.8650672	-0.5591331	44.55244	1
10110	HAPLN1	1.0021435	0.2653134	-1.9169202	39.0053	1
10111	EDIL3	0.5274741	0.35022438	-0.5906825	8.312722	1
10143	MEF2C	0.41247788	0.70467675	0.7724999	18.420477	1
10155	LYSMD3	0.18658973	0.10271855	-0.860542	5.0382037	1
10164	ARRDC3	0.47029406	0.17805134	-1.4007665	22.500338	1
10175	NR2F1-AS1	0.08285604	0.26575795	1.6802367	28.711721	1
10176	NR2F1	0.08128963	0.7315583	3.1682532	44.55244	1
10198	GLRX	0.30136007	0.17390774	-0.7928154	6.990815	1
10210	CAST	1.1424707	0.80038035	-0.51334554	21.62806	1
10247	PAM	0.7450291	0.3136093	-1.2480623	34.934563	1
10283	CAMK4	0.044602666	0.16958047	1.9243877	24.354706	1
10287	STARD4-AS1	0.35741553	0.5789498	0.6956817	14.5934725	1
10290	EPB41L4A	0.17226802	0.055240452	-1.6390857	9.283297	1
10299	REEP5	0.6377094	0.41886637	-0.606291	12.793493	1
10316	CCDC112	0.23814347	0.13221468	-0.8484636	6.250088	1
10320	TMED7	0.38802275	0.2722964	-0.5108054	5.437264	1
10333	SEMA6A	0.28976077	0.5017325	0.791846	13.869625	1
10351	TNFAIP8	0.29549786	0.12508543	-1.2395692	12.645348	1
10361	LOX	0.72901875	0.12278667	-2.5688252	44.251408	1
10378	PRDM6	0.015437164	0.07263413	2.2269092	11.877102	1
10387	ZNF608	0.17101629	0.2627302	0.6191539	5.206105	1
10398	GRAMD2B	0.031339597	0.089528434	1.5113738	9.251776	1
10405	MARCH3	0.21157087	0.06718162	-1.6535385	12.500538	1
10411	PRRC1	0.33074865	0.21590927	-0.6150781	5.871092	1
10418	SLC12A2	0.21700005	0.09801283	-1.1458464	7.697746	1
10419	FBN2	0.23905145	0.36056566	0.5927375	6.660016	1
10425	ADAMTS19	0.009667648	0.091380075	3.2273746	23.717875	1
10444	P4HA2	1.5383072	0.6710263	-1.1967813	44.55244	1
10489	UBE2B	0.8820097	0.58389324	-0.59500635	19.299952	1
10501	TXNDC15	0.40553916	0.26653066	-0.60535425	6.9102125	1
10504	PITX1	3.1286618e-10	0.097474225	9.930352	44.55244	1
10526	TGFBI	0.5403239	0.33832267	-0.67526543	7.9606895	1
10536	SPOCK1	0.24653897	0.053754587	-2.1952596	14.185075	1
10548	BRD8	0.1306223	0.22268651	0.76915663	6.9182663	1
10557	EGR1	0.47720864	0.7666245	0.6837859	16.572195	1
10563	SIL1	0.5529844	0.20835231	-1.4077824	29.359495	1
10602	SRA1	0.49458998	0.32434157	-0.60856605	8.617482	1
10680	PCDHGA10	0.59412205	0.3047396	-0.96295196	17.810987	1
10695	ARAP3	0.06979763	0.1298206	0.89431477	5.122615	1
10699	PCDH1	0.01316664	0.056450047	2.0917253	10.068904	1
10722	YIPF5	0.7039655	0.45220488	-0.6384141	16.329441	1
10755	C5orf46	3.1286618e-10	0.011541763	6.863161	8.757303	1
10758	SPINK5	0.007305708	0.032461602	2.1364622	5.6571555	1
10770	ADRB2	3.1286618e-10	0.08784205	9.780405	36.533943	1
10782	IL17B	0.0034640692	0.021838063	2.621839	6.44619	1
10784	CARMN	0.27074787	0.62707484	1.211385	33.943027	1
10795	PDGFRB	0.525501	1.150365	1.1301771	44.55244	1
10806	SYNPO	0.36298397	0.12567468	-1.5294616	19.073858	1
10813	SMIM3	0.4086657	0.2437644	-0.74519485	7.137035	1
10815	ZNF300	0.021996083	0.07132771	1.6926932	8.406421	1
10829	SPARC	2.5240223	1.6688735	-0.5968207	44.55244	1
10893	EBF1	0.07057444	0.34723446	2.297065	44.55244	1
10896	LINC02202	3.1286618e-10	0.013985431	7.1380553	9.117212	1
10915	PTTG1	0.39559025	0.19671285	-1.007547	8.039813	1
10924	GABRA1	0.004650949	0.025341282	2.4208837	5.359848	1
10936	AC109466.1	0.010742534	0.041793644	1.9500295	6.481759	1
10945	TENM2	0.19699411	0.054594617	-1.8494138	11.58879	1
10956	RARS	0.49243608	0.2810037	-0.809127	14.081902	1
10960	SLIT3	0.12609611	0.26275933	1.0586233	12.423544	1
10974	KCNIP1	3.1286618e-10	0.012572557	6.9855595	6.8233438	1
10975	KCNMB1	0.012222965	0.04920862	2.0004904	8.159763	1
11000	DUSP1	0.27675337	0.15803966	-0.8079227	6.598528	1
11010	NKX2-5	0.18781143	0.05222901	-1.84437	10.6402235	1
11011	STC2	0.5319091	0.10392426	-2.354531	30.35058	1
11039	SFXN1	0.38526055	0.24780594	-0.63641596	7.419101	1
11052	KIAA1191	0.27266857	0.1645387	-0.7283738	5.845274	1
11076	AC146507.3	3.1286618e-10	0.008908363	6.4931884	6.157057	1
11080	LMAN2	0.8932869	0.5012077	-0.83358866	31.048162	1
11087	PRR7	0.17668238	0.09268257	-0.93004876	5.237396	1
11088	DBN1	0.3949108	0.57336205	0.537806	10.301978	1
11095	TMED9	1.7270722	1.0320976	-0.7426927	44.55244	1
11143	MGAT4B	0.68529147	0.3509947	-0.9650681	26.672924	1
11144	SQSTM1	0.8416019	0.5674798	-0.5684862	13.358208	1
11154	GFPT2	0.120152675	0.03149943	-1.9280984	8.483036	1
11161	MGAT1	0.32674602	0.2046932	-0.67444324	7.088318	1
11168	BTNL9	0.0029857275	0.020484868	2.7379017	5.5118566	1
11215	GMDS	0.24137665	0.14264491	-0.7584443	5.5183973	1
11225	SERPINB1	0.32321116	0.11752696	-1.4587045	16.456104	1
11227	SERPINB9	0.40221044	0.09238847	-2.1209636	27.090908	1
11229	SERPINB6	1.0376211	0.6197417	-0.7434472	33.024353	1
11231	NQO2	0.41915238	0.21807422	-0.9423382	14.30143	1
11238	TUBB2A	0.46189895	0.18796197	-1.2966815	20.1729	1
11240	TUBB2B	0.26328456	0.12709926	-1.0500804	8.604857	1
11245	PXDC1	0.15041274	0.07165192	-1.0687962	5.718588	1
11253	PRPF4B	0.4191342	0.59334207	0.50135094	9.517278	1
11294	SSR1	0.72516495	0.43684232	-0.7310653	20.793743	1
11302	TXNDC5	0.6355899	0.29899538	-1.0877177	23.443943	1
11335	NEDD9	0.17991143	0.061494507	-1.547215	9.04143	1
11353	GFOD1	0.22637054	0.12306409	-0.87874174	5.668813	1
11375	JARID2	0.19965528	0.31309152	0.64881146	6.65775	1
11391	RBM24	0.08435063	0.022888632	-1.8771876	5.976722	1
11392	CAP2	0.14900275	0.062123504	-1.2607752	6.34982	1
11440	ACOT13	0.41976961	0.2577246	-0.7035515	9.235428	1
11447	RIPOR2	0.18844157	0.06290871	-1.5812595	8.523907	1
11613	HLA-A	1.2383873	0.6513587	-0.92683333	44.55244	1
11629	HLA-E	0.6763762	0.39106578	-0.7902591	18.07952	1
11647	IER3	1.1455476	0.32800862	-1.8039181	44.55244	1
11662	PSORS1C1	0.059248272	0.011667772	-2.334365	5.0124993	1
11672	HLA-C	1.3190982	0.442188	-1.5766034	44.55244	1
11673	HLA-B	0.6612823	0.21843219	-1.5976387	38.259754	1
11677	MICA	0.16581284	0.07106683	-1.2211486	6.901957	1
11776	HLA-DPA1	0.11536943	0.042318244	-1.4447541	6.2715454	1
11777	HLA-DPB1	0.24613956	0.13608101	-0.854537	6.720531	1
11781	SLC39A7	0.86183316	0.55952024	-0.6231278	19.530964	1
11813	HMGA1	0.17268287	0.05781422	-1.5769706	9.143777	1
11829	SCUBE3	0.018174162	0.07884967	2.111128	11.913094	1
11839	FKBP5	0.15507057	0.32427308	1.0637991	15.565493	1
11862	CDKN1A	0.5797662	0.17305554	-1.7436515	27.663237	1
11899	DAAM2	0.046429522	0.10718292	1.2052022	7.618558	1
11925	MDFI	0.44817773	0.6407253	0.5155384	10.939879	1
11948	TRERF1	0.07223831	0.13896066	0.94288254	6.1088057	1
11958	CNPY3	0.57578516	0.4060397	-0.5038051	8.265678	1
11963	MEA1	0.6940139	0.48616493	-0.51342994	11.279976	1
11987	YIPF3	0.76785207	0.5208537	-0.55986106	14.117764	1
11997	VEGFA	1.1670338	0.30166167	-1.9514885	44.55244	1
12010	SLC29A1	0.15964106	0.046083648	-1.7902812	9.113827	1
12021	SUPT3H	0.17663376	0.08545818	-1.0465999	6.148247	1
12029	RCAN2	0.020722419	0.06150377	1.5648811	5.9760303	1
12039	ADGRF5	0.006534312	0.04307967	2.7023335	9.074673	1
12085	TMEM14A	0.30356845	0.14309509	-1.084515	11.586192	1
12087	GSTA1	0.16762191	0.011887483	-3.8064704	9.666186	1
12117	HMGCLL1	0.019500839	0.08487563	2.1161337	12.930368	1
12118	BMP5	0.12237125	0.3174354	1.3744743	22.661814	1
12119	COL21A1	0.18829612	0.60343176	1.6796604	44.55244	1
12158	AL391807.1	0.01890545	0.071468115	1.9129039	9.726625	1
12159	ADGRB3	0.025714971	0.108652554	2.0747695	17.063173	1
12162	COL9A1	0.08253988	0.01752786	-2.228981	5.437951	1
12198	SLC17A5	0.28692123	0.10673716	-1.4257438	15.519589	1
12200	CD109	0.21815409	0.08748359	-1.3172761	8.750482	1
12206	TMEM30A	0.5104538	0.3140974	-0.7003919	11.343626	1
12212	MYO6	0.32699627	0.54539776	0.73785806	15.036493	1
12229	AL391840.3	0.01285731	0.043378122	1.7465235	5.9388804	1
12243	TENT5A	0.9063857	0.33186096	-1.4492708	44.55244	1
12256	PGM3	0.75296104	0.35031056	-1.1037207	31.660452	1
12267	MRAP2	0.084296234	0.012779184	-2.7121377	8.110941	1
12274	NT5E	0.08075763	0.024038339	-1.7440575	5.0913744	1
12277	SNHG5	1.2046195	0.8260985	-0.5441369	29.241795	1
12287	SLC35A1	0.2220397	0.12138571	-0.8706807	6.2968	1
12288	RARS2	0.5891931	0.32736808	-0.84763116	19.001509	1
12302	GABRR1	0.00067730667	0.032160826	5.375156	16.887598	1
12305	RRAGD	0.23535034	0.11433479	-1.040897	7.7136617	1
12325	EPHA7	0.037909295	0.09985539	1.394932	7.1604614	1
12370	LIN28B	0.04812089	0.105494656	1.1308067	6.9840174	1
12427	WASF1	0.11220108	0.221605	0.98126954	9.968597	1
12449	FYN	0.4175692	0.2698006	-0.6299326	7.3140807	1
12454	LAMA4	0.34449604	0.1970402	-0.8056841	7.0305324	1
12483	TSPYL4	0.120071135	0.27953714	1.2184656	18.68002	1
12504	GOPC	0.28836134	0.5461232	0.9211127	23.618141	1
12506	SLC35F1	0.001472196	0.11679421	6.2162786	44.55244	1
12519	GJA1	0.7150766	0.19970924	-1.8396763	38.959805	1
12521	SERINC1	0.7519416	0.5015966	-0.5839972	13.592299	1
12544	HEY2	0.2957692	0.16541891	-0.8379635	6.21772	1
12545	NCOA7	0.5443025	0.3045957	-0.8373047	13.272884	1
12555	SOGA3	0.10175276	0.036563914	-1.4740522	5.4337296	1
12565	ARHGAP18	0.22150266	0.13123575	-0.75471556	5.183975	1
12570	TMEM200A	0.021966292	0.058091998	1.3989767	5.0137534	1
12573	EPB41L2	0.38295597	0.66992253	0.8066545	21.758526	1
12586	MOXD1	0.0070942463	0.05895442	3.0371296	14.994993	1
12609	TCF21	0.28706375	0.16631293	-0.78710604	5.241051	1
12611	SLC2A12	3.1286618e-10	0.015257294	7.262776	8.627554	1
12633	AL035604.1	3.1286618e-10	0.032763172	8.360324	14.651242	1
12663	PERP	0.20775278	0.07212045	-1.5250827	10.000614	1
12664	ARFGEF3	0.05502219	0.005069738	-3.4144702	5.3603787	1
12667	HEBP2	0.5576217	0.3499829	-0.67184895	11.560648	1
12707	FUCA2	0.34634742	0.22315231	-0.6339612	6.460162	1
12708	PHACTR2	0.2345638	0.6613935	1.4951317	44.55244	1
12712	PLAGL1	0.30829242	0.5923433	0.9419098	24.08309	1
12713	HYMAI	0.0847033	0.1931417	1.1882143	11.580984	1
12725	SHPRH	0.21904223	0.3173923	0.53485405	5.325491	1
12727	RAB32	0.56554693	0.38064978	-0.5710587	9.468201	1
12734	STXBP5	0.30684844	0.09104618	-1.7517421	17.285126	1
12735	SAMD5	0.027036455	0.10318375	1.9283091	13.272209	1
12755	GINM1	0.75846046	0.45311877	-0.74305665	22.958733	1
12762	PCMT1	0.6683952	0.43589944	-0.61659104	13.213322	1
12781	MTHFD1L	0.3360527	0.15170968	-1.1468529	13.643673	1
12785	AKAP12	0.39366	0.79978204	1.0224707	30.869816	1
12804	RGS17	0.122935496	0.03300361	-1.8940141	7.9225407	1
12831	SNX9	0.4400801	0.29219523	-0.5906677	7.086186	1
12835	SYNJ2	0.18569107	0.09584726	-0.9533677	6.0106316	1
12840	TULP4	0.16067335	0.24798691	0.6258173	5.544389	1
12868	MRPL18	0.41674724	0.27385268	-0.60559213	7.549507	1
12888	AGPAT4	0.42417827	0.10629057	-1.9956405	28.9254	1
12957	AFDN	0.72132623	0.3290678	-1.1320288	31.75203	1
13025	FAM20C	0.051454224	0.13481897	1.3879306	11.553299	1
13032	PDGFA	0.22393851	0.40679622	0.8609141	12.0785265	1
13044	C7orf50	0.66817886	0.44717312	-0.5792943	12.359189	1
13065	ELFN1	0.006560929	0.034206185	2.3646734	7.1784463	1
13113	FSCN1	1.0004386	0.6649641	-0.58921146	22.165169	1
13130	KDELR2	1.7385775	0.98401815	-0.8210869	44.55244	1
13153	GLCCI1	0.028539976	0.14525022	2.343431	26.919956	1
13160	AC060834.2	0.010269456	0.04772198	2.2053337	8.003256	1
13168	PHF14	0.5266806	0.79814345	0.59962666	18.610243	1
13170	THSD7A	0.055616364	0.35854402	2.6863794	44.55244	1
13176	SCIN	3.1286618e-10	0.012645222	6.9938083	6.6354566	1
13187	MEOX2	3.1286618e-10	0.08192033	9.679833	33.72806	1
13201	BZW2	0.3153956	0.4879206	0.6293223	11.100905	1
13206	AHR	0.2228776	0.12766513	-0.8034046	5.093213	1
13213	HDAC9	0.028561397	0.09207046	1.6851956	10.016154	1
13240	RAPGEF5	0.021608228	0.11254053	2.3754122	21.343016	1
13256	MALSU1	0.34033558	0.22414175	-0.6023268	5.775177	1
13288	AC004540.2	0.0012768395	0.026492227	4.271572	10.526598	1
13296	HOTAIRM1	0.015048561	0.067876965	2.1658652	12.005057	1
13298	HOXA3	0.0016731981	0.04693885	4.7294273	18.857767	1
13301	HOXA-AS3	3.1286618e-10	0.019797426	7.6364336	9.01286	1
13302	HOXA5	0.0015994227	0.04405198	4.699362	18.587883	1
13303	HOXA6	3.1286618e-10	0.026508564	8.055742	13.517144	1
13304	HOXA7	3.1286618e-10	0.052390978	9.035921	26.333937	1
13306	HOXA9	0.0028997578	0.13150467	5.4552207	44.55244	1
13307	HOXA10-AS	0.003617908	0.05578758	3.9099646	21.384724	1
13308	HOXA10	0.003932344	0.38399366	6.5736957	44.55244	1
13309	HOXA11	0.0017495701	0.11674951	5.981318	44.55244	1
13310	HOXA11-AS	3.1286618e-10	0.030311221	8.248455	15.406018	1
13312	HOXA13	3.1286618e-10	0.01754737	7.463305	8.714368	1
13343	FKBP14	0.5819656	0.32306713	-0.8489015	16.988274	1
13359	GARS	0.5864949	0.30578348	-0.93938255	16.580858	1
13364	AQP1	0.57408935	0.061638772	-3.2172778	31.967989	1
13380	FKBP9	0.4672784	0.2349859	-0.991403	15.927308	1
13388	BMPER	0.000985741	0.073709786	6.0870605	33.480083	1
13395	TBX20	0.113426834	0.015303686	-2.881686	11.18951	1
13426	EPDR1	0.19531326	0.054292887	-1.8450384	13.951647	1
13473	INHBA	0.425903	0.20989512	-1.0205077	10.64997	1
13500	AEBP1	0.64495134	0.33766323	-0.93340176	22.31569	1
13502	MYL7	0.56756103	0.34132254	-0.7334715	11.042925	1
13543	TNS3	0.1373487	0.3251258	1.2425485	21.363123	1
13552	UPP1	0.2552818	0.099953175	-1.3518887	11.052448	1
13571	GRB10	0.108211234	0.035858918	-1.5907613	6.3410873	1
13594	SEC61G	1.7612568	1.1976835	-0.55632013	44.55244	1
13610	SUMF2	0.5675013	0.35290375	-0.68519455	12.267954	1
13666	GUSB	0.26357552	0.14471763	-0.86452633	7.4141164	1
13670	TPST1	0.21841799	0.09373737	-1.2195175	9.928903	1
13692	AUTS2	0.07865458	0.16960022	1.1075526	9.183614	1
13709	TBL2	0.22432798	0.12939611	-0.7933438	5.731169	1
13752	TMEM120A	0.19448794	0.10106404	-0.9437258	6.400724	1
13768	CCDC146	0.005837801	0.030244196	2.35342	5.5589848	1
13776	RSBN1L	0.25015658	0.52785593	1.0770097	28.544243	1
13785	AC074024.1	3.1286618e-10	0.011390379	6.844278	6.715113	1
13788	GNAI1	0.2769419	0.4409675	0.67089534	11.2703085	1
13791	CD36	0.0049440963	0.13601838	4.7541223	35.363483	1
13859	PEX1	0.050460756	0.115292035	1.1904536	8.078139	1
13862	CDK6	0.3020158	0.52685905	0.80258924	17.16273	1
13872	TFPI2	0.9039582	0.13867861	-2.7036304	35.352634	1
13874	GNG11	1.0374862	0.6426679	-0.69086146	17.231121	1
13884	PEG10	0.42313018	0.60364467	0.5124961	7.3069854	1
13885	PPP1R9A	0.020968819	0.08928213	2.084877	13.363709	1
13889	PON2	0.50010866	0.23344688	-1.0988178	17.176313	1
13896	SLC25A13	0.14864483	0.22644958	0.6069872	5.1527934	1
13898	DLX6-AS1	3.1286618e-10	0.012481158	6.9751163	5.496352	1
13900	DLX5	0.0017461901	0.04594219	4.6403337	16.324581	1
13920	ARPC1B	0.9750256	0.4664354	-1.0636015	36.663857	1
13922	BUD31	0.79465723	0.48816115	-0.70286137	20.693222	1
14004	SERPINE1	0.17606334	0.06351661	-1.4694384	7.2927127	1
14009	PLOD3	0.6114518	0.24875343	-1.2971785	32.276253	1
14011	CLDN15	0.010480383	0.038645007	1.8726187	5.6837645	1
14016	COL26A1	0.0031059624	0.039524913	3.6275785	13.787321	1
14030	POLR2J	0.731236	0.51016444	-0.5192892	12.516211	1
14047	NAPEPLD	0.045399662	0.09646728	1.0856786	5.575451	1
14072	NAMPT	0.44070157	0.17072468	-1.3676128	18.531834	1
14096	LAMB1	0.7341075	0.32149595	-1.1909387	32.585785	1
14099	NRCAM	0.094706275	0.016935848	-2.476409	7.3044634	1
14102	DNAJB9	0.32586756	0.15044379	-1.1145451	9.919156	1
14112	LRRN3	0.024487302	0.07632272	1.6360883	8.462731	1
14113	DOCK4	0.25778168	0.15530837	-0.730645	5.3147564	1
14124	GPR85	0.0024382423	0.026130645	3.3693514	8.312667	1
14126	SMIM30	0.41358805	0.24826364	-0.7360893	9.829282	1
14129	FOXP2	0.006203339	0.03188465	2.3431916	5.8323255	1
14143	CAV2	0.31594524	0.11538018	-1.4524858	17.434687	1
14144	CAV1	1.07042	0.24504465	-2.1266065	44.55244	1
14149	CAPZA2	0.6542393	0.45552385	-0.5221957	10.510377	1
14171	KCND2	0.005174831	0.028364237	2.4319537	6.0474687	1
14175	CPED1	0.0754923	0.33880323	2.1645622	44.55244	1
14178	FAM3C	0.50052977	0.34806395	-0.52397734	7.746828	1
14203	TMEM229A	0.018563798	0.13190569	2.8222857	29.446312	1
14204	AC006148.1	3.1286618e-10	0.013543251	7.092039	7.6328354	1
14208	GPR37	0.0209639	0.15146358	2.8470786	35.76159	1
14228	SND1	0.53786975	0.33765724	-0.6715385	11.308044	1
14235	IMPDH1	0.1640378	0.06727081	-1.284712	7.867531	1
14236	HILPDA	0.5778817	0.20855397	-1.4699115	21.335203	1
14243	CALU	2.3639207	1.447168	-0.70791054	44.55244	1
14248	KCP	0.027336886	0.10555192	1.9451303	15.24832	1
14280	MEST	0.3861999	0.6441616	0.7379254	16.426966	1
14283	AC007938.3	0.0051950165	0.03481066	2.7209606	8.631752	1
14284	AUXG01000058.1	0.08695122	0.3447513	1.986038	42.726364	1
14294	LINC-PINT	0.082932286	0.025260996	-1.711061	5.235607	1
14300	PLXNA4	0.11678858	0.20712677	0.8260763	6.9276114	1
14313	AKR1B1	0.3122085	0.16869363	-0.88771135	8.353672	1
14344	DGKI	0.1549882	0.028691152	-2.4293914	10.462868	1
14345	CREB3L2	0.4225637	0.23288254	-0.85928833	11.864098	1
14350	SVOPL	3.1286618e-10	0.013800863	7.119026	7.554104	1
14363	HIPK2	0.27638036	0.39330488	0.5088379	6.1860585	1
14525	AC004889.1	0.15941148	0.3714625	1.2199446	24.445044	1
14535	CNTNAP2	0.065012574	0.16909818	1.3777059	13.051691	1
14548	PDIA4	1.1037266	0.5491566	-1.0069613	41.741535	1
14602	TMUB1	0.24551457	0.14488283	-0.7605141	5.6759157	1
14618	RHEB	0.7325476	0.50638455	-0.5326012	11.727715	1
14695	ESYT2	0.20908019	0.0941509	-1.150168	7.914797	1
14822	PPP1R3B	0.18696435	0.0921107	-1.0205284	6.6659584	1
14864	FAM167A	3.1286618e-10	0.013657217	7.1040406	8.030329	1
14870	GATA4	0.6785576	0.10395801	-2.7052958	44.55244	1
14873	FDFT1	0.72141236	0.38290516	-0.91366047	21.552235	1
14875	CTSB	1.6429216	0.5056424	-1.6998767	44.55244	1
14900	AC106845.1	0.0039753453	0.02394963	2.5610206	6.48439	1
14905	SGCZ	3.1286618e-10	0.015390395	7.2752256	7.0567718	1
14921	SLC7A2	0.09810684	0.028974421	-1.7560731	5.797888	1
14923	PDGFRL	0.064095445	0.009261769	-2.777618	5.3870025	1
14933	ASAH1	0.5845326	0.38032988	-0.6198999	11.048119	1
14939	PSD3	0.37448585	0.21406607	-0.80656636	9.211013	1
14947	CSGALNACT1	0.10939162	0.015645849	-2.7977772	8.584696	1
14950	LPL	0.019035341	0.14830035	2.955183	23.99041	1
14954	LZTS1	0.0393341	0.116647996	1.5658821	12.0999	1
14966	GFRA2	0.0048440327	0.050169878	3.345934	14.071071	1
14978	BMP1	0.2120426	0.12402813	-0.7732042	5.198742	1
14982	POLR3D	0.469588	0.30483553	-0.62319857	8.394872	1
14991	PDLIM2	1.0428941	0.5903474	-0.8208505	31.551283	1
15005	TNFRSF10B	0.24502344	0.12933373	-0.92129475	6.898481	1
15009	TNFRSF10D	0.24865335	0.097988605	-1.3425584	11.583287	1
15016	LOXL2	0.8476208	0.36402175	-1.2191683	36.509502	1
15022	SLC25A37	0.44450316	0.2723349	-0.7066066	9.259907	1
15027	STC1	0.31329837	0.07319375	-2.0962355	17.854818	1
15035	NEFM	0.017312137	0.23259643	3.7402837	42.796566	1
15036	NEFL	0.0035410088	0.061157633	4.0724797	17.358793	1
15050	EBF2	0.0060698455	0.032806452	2.4150643	6.096571	1
15056	DPYSL2	0.63334876	0.4376017	-0.53328013	9.913394	1
15065	CLU	0.15674298	0.038817536	-2.0108285	8.282813	1
15077	ZNF395	0.22873646	0.12924862	-0.8230523	5.595943	1
15082	FZD3	0.08063101	0.1456665	0.85246426	5.510057	1
15087	HMBOX1	0.22482418	0.49540684	1.139466	29.435068	1
15093	DUSP4	0.25674576	0.051519774	-2.3149064	17.410261	1
15104	SARAF	1.1319906	0.71737653	-0.65798587	31.402857	1
15123	PURG	0.025634348	0.072145104	1.4892046	7.2486916	1
15175	EIF4EBP1	0.99089915	0.42992088	-1.2044771	43.00837	1
15187	PLPP5	0.3111799	0.15211016	-1.0321478	11.218437	1
15229	GINS4	0.02199349	0.114170715	2.3707626	23.962973	1
15271	CEBPD	0.51748824	0.118616015	-2.1242902	30.966948	1
15314	OPRK1	3.1286618e-10	0.018345417	7.527114	8.083498	1
15327	SOX17	0.1267784	0.028049955	-2.172242	8.696857	1
15342	CHCHD7	0.3327936	0.19653222	-0.75956136	7.8473883	1
15345	PENK	0.82908505	0.10800984	-2.9391963	32.053074	1
15350	IMPAD1	0.4142201	0.2661674	-0.63786995	8.1847515	1
15371	TOX	0.0043370924	0.038135763	3.1072361	9.979367	1
15391	ASPH	0.9386718	0.61115587	-0.61899817	20.702305	1
15397	NKAIN3	3.1286618e-10	0.027185481	8.091986	14.043412	1
15400	NKAIN3-IT1	0.0011774484	0.014761689	3.5402613	5.433767	1
15402	GGH	0.22487618	0.07702743	-1.5444562	12.153526	1
15446	TCF24	0.00081274955	0.038434558	5.3997903	15.70328	1
15455	PREX2	0.0071515483	0.06129621	3.0817885	17.509731	1
15458	C8orf34	0.002001587	0.025471715	3.6049979	9.677067	1
15459	AC083967.1	0.006253874	0.21990608	5.1137633	44.55244	1
15463	SULF1	0.93008345	1.4255334	0.6160158	27.607487	1
15472	TRAM1	0.69516057	0.4652763	-0.5791561	12.268076	1
15485	KCNB2	3.1286618e-10	0.036311604	8.50825	16.63121	1
15489	TERF1	0.2568686	0.39364967	0.61568666	8.311713	1
15496	RDH10	0.013180558	0.06990681	2.3981795	12.156618	1
15505	ELOC	0.6807555	0.42483652	-0.68010134	16.380001	1
15527	ZFHX4-AS1	3.1286618e-10	0.028965507	8.18316	12.621445	1
15529	ZFHX4	0.03193796	0.38061	3.5708382	44.55244	1
15539	IL7	3.1286618e-10	0.034287658	8.425742	17.09206	1
15540	AC083837.1	3.1286618e-10	0.010532076	6.732275	5.7110977	1
15541	LINC02605	3.1286618e-10	0.015370898	7.2734084	7.9159675	1
15543	STMN2	1.9208245	1.130785	-0.76434857	44.55244	1
15545	HEY1	0.5088515	0.24941276	-1.0284147	15.663015	1
15552	TPD52	0.17743331	0.015487585	-3.5096204	15.749835	1
15567	FABP5	1.4085772	0.80310214	-0.810506	33.38169	1
15571	FABP4	3.1286618e-10	0.04598207	8.848057	13.339523	1
15628	DECR1	0.2975225	0.43110266	0.53488266	7.5007052	1
15644	SLC26A7	3.1286618e-10	0.17906438	10.807064	44.55244	1
15646	RUNX1T1	0.22325054	0.47834054	1.0990299	25.003107	1
15714	LAPTM4B	0.7668064	0.4848386	-0.6612485	16.521235	1
15715	MATN2	0.32373312	0.17921333	-0.85276777	7.7167892	1
15785	BAALC	0.4812603	0.06340538	-2.9221663	36.97161	1
15790	CTHRC1	0.32551992	0.13163425	-1.3055583	10.745879	1
15802	ZFPM2	0.146429	0.056118093	-1.3820798	6.7873335	1
15816	ANGPT1	0.16564946	0.5694991	1.7809427	44.55244	1
15844	CSMD3	3.1286618e-10	0.07731561	9.596477	34.19413	1
15864	EXT1	0.48471788	0.30584842	-0.66415447	8.54849	1
15865	SAMD12	0.0036382645	0.022690916	2.6080184	6.5126553	1
15874	CCN3	0.09119381	0.009861739	-3.1960475	7.689804	1
15876	ENPP2	0.0015344907	0.059941575	5.199049	25.687368	1
15883	COL14A1	0.22107515	0.09350094	-1.2405943	7.090408	1
15904	DERL1	0.315962	0.1911704	-0.7245939	7.1258693	1
15914	FBXO32	0.10275748	0.016842019	-2.6019692	7.536336	1
15934	MTSS1	0.33751485	0.07566252	-2.155822	23.605263	1
15941	SQLE	0.66264963	0.4283908	-0.6291998	10.9147625	1
16004	SLA	3.1286618e-10	0.030958842	8.278855	17.235748	1
16006	CCN4	0.01558492	0.047605775	1.6047859	5.399165	1
16007	NDRG1	0.36540735	0.055983964	-2.70424	22.744972	1
16090	LY6E	1.0731658	0.66186357	-0.6971836	27.611656	1
16093	LY6H	0.005615533	0.05615654	3.299061	14.582866	1
16144	GPAA1	0.37011606	0.1810293	-1.0313474	13.580495	1
16145	CYC1	0.51879215	0.36407477	-0.5108038	7.336425	1
16152	SCX	0.0071707154	0.12522757	4.107463	39.515892	1
16158	SLC52A2	0.24254012	0.14583775	-0.7334649	5.128567	1
16171	PPP1R16A	0.12117973	0.048234984	-1.3271987	5.4325395	1
16179	C8orf82	0.21722047	0.12771496	-0.7657673	5.2571893	1
16195	C8orf33	0.41538286	0.23396958	-0.8278515	11.69149	1
16223	VLDLR	0.22927329	0.06322359	-1.8568823	14.744977	1
16232	GLIS3	0.13994953	0.0351014	-1.9922323	9.160439	1
16265	IL33	0.7208194	0.22798093	-1.6602923	30.602348	1
16281	PTPRD	0.21235853	0.37444624	0.8179625	11.502493	1
16295	LURAP1L	0.02739367	0.10393176	1.9198527	13.004005	1
16310	FREM1	0.08307484	0.2740383	1.7206849	29.800362	1
16318	BNC2	0.014569162	0.08561584	2.5467753	17.144815	1
16331	PLIN2	0.9035976	0.46918562	-0.94537383	18.79766	1
16381	ELAVL2	0.006492833	0.033487063	2.3489354	5.708743	1
16409	AL353746.1	3.1286618e-10	0.040405564	8.661972	21.675705	1
16410	LINGO2	0.0054596104	0.041436486	2.9013236	11.947062	1
16412	AL162388.2	3.1286618e-10	0.015232309	7.2604265	8.062405	1
16417	TOPORS	0.21313962	0.31133744	0.5464668	5.079623	1
16466	FAM219A	0.15862903	0.07742327	-1.0338647	5.6708074	1
16482	CCL21	0.34094605	0.060709	-2.4876096	17.95419	1
16513	CREB3	0.33904675	0.20528118	-0.72360563	7.614613	1
16542	EBLN3P	0.3055099	0.18872531	-0.694639	6.5133	1
16557	SHB	0.14275183	0.030067636	-2.243446	11.307313	1
16648	PGM5	0.029846463	0.09258889	1.6300107	9.656285	1
16649	PGM5-AS1	0.0028284986	0.033400234	3.515938	8.591193	1
16650	AL161457.2	0.0026479394	0.018085256	2.7263472	5.137586	1
16671	MAMDC2	0.09445388	0.01616819	-2.539083	8.398072	1
16676	TRPM3	0.0034330278	0.046230767	3.7129936	14.831851	1
16679	CEMIP2	0.04476244	0.09349728	1.0609584	5.361118	1
16696	RORB	0.06306935	0.008161224	-2.9347973	6.3608117	1
16704	OSTF1	0.22446537	0.12359633	-0.8603328	6.5345955	1
16718	CEP78	0.10194451	0.17788711	0.80257416	5.8467097	1
16722	TLE4	0.23083735	0.4226708	0.8723742	15.077714	1
16728	TLE1	0.19274718	0.6091228	1.659512	44.55244	1
16744	UBQLN1	0.32874596	0.22394936	-0.55359524	5.231998	1
16781	CTSL	0.436588	0.2752353	-0.66541326	8.908722	1
16788	SPIN1	0.2777355	0.42695594	0.6201941	9.027023	1
16793	S1PR3	0.10650243	0.42730543	2.0033648	44.55244	1
16809	SYK	0.0014544777	0.10016106	6.011188	43.77429	1
16819	NFIL3	0.15535975	0.0648229	-1.2597417	6.277275	1
16829	ASPN	0.12378267	0.022065194	-2.4826066	7.995678	1
16839	CARD19	0.31235746	0.14395922	-1.1169977	12.37555	1
16860	PCAT7	0.10735335	0.18087812	0.75210476	5.083464	1
16864	AOPEP	0.21616925	0.10445467	-1.0485711	7.458766	1
16880	ERCC6L2	0.14279822	0.24938503	0.80396533	8.2987585	1
16888	SLC35D2	0.1757674	0.08162127	-1.1057047	6.670269	1
16921	NANS	0.45564565	0.24683295	-0.8841094	13.792003	1
16923	CORO2A	0.16074571	0.035605744	-2.1714494	12.711283	1
16930	COL15A1	0.6216328	0.08478195	-2.8727648	40.860035	1
16944	ERP44	0.54427344	0.35110122	-0.6322989	10.577747	1
16947	MSANTD3	0.3043966	0.17374381	-0.8086342	7.8781233	1
16958	GRIN3A	3.1286618e-10	0.026832035	8.073175	12.984385	1
16966	SMC2	0.2969513	0.4359651	0.5538314	6.992454	1
16982	SLC44A1	0.541528	0.27053717	-1.0009425	18.95974	1
16993	ZNF462	0.16260226	0.30922878	0.92690665	12.477834	1
17006	CTNNAL1	0.43855172	0.18646075	-1.2334305	17.633678	1
17016	SVEP1	0.033421274	0.08703796	1.3782244	8.086447	1
17019	LPAR1	0.053199988	0.11228737	1.0762728	5.651881	1
17035	KIAA1958	0.025117673	0.06104871	1.277887	5.098472	1
17057	RGS3	0.30200365	0.17476304	-0.7888181	6.557028	1
17061	ZNF618	0.16539209	0.25460938	0.6220897	5.6375566	1
17074	TNFSF15	3.1286618e-10	0.017597001	7.4673567	9.673438	1
17077	TNC	0.26276022	0.12467697	-1.074944	6.874492	1
17083	PAPPA	0.4364207	0.14230794	-1.6160204	15.803466	1
17099	BRINP1	0.0046458244	0.04221495	3.156437	10.922661	1
17104	MEGF9	0.019785628	0.06733444	1.7617596	9.451967	1
17113	GSN	0.92646503	0.60175365	-0.6224795	20.166962	1
17164	NEK6	0.4869226	0.22061968	-1.1417733	19.812777	1
17174	OLFML2A	0.15574363	0.29218996	0.907301	9.579357	1
17192	MVB12B	0.029240932	0.071580164	1.2886592	5.791286	1
17202	ANGPTL2	0.23813859	0.08176984	-1.5410031	11.9240675	1
17217	SH2D3C	0.014861448	0.10382129	2.7961698	23.131123	1
17218	AL162586.2	3.1286618e-10	0.0108096665	6.769459	6.611745	1
17228	DPM2	0.34519553	0.19412245	-0.83012164	9.837466	1
17242	SWI5	0.56839186	0.27130073	-1.0667152	23.017178	1
17250	CERCAM	0.6101186	0.22911522	-1.4126234	34.18751	1
17263	ZDHHC12	0.13513304	0.051814996	-1.3812245	6.7907295	1
17316	ASS1	0.113311246	0.01202505	-3.225501	10.004689	1
17362	SURF1	0.2667186	0.17193143	-0.6331869	5.0186925	1
17364	SURF4	0.64239615	0.38984165	-0.72042966	15.648424	1
17371	ADAMTSL2	0.30262852	0.035207227	-3.099989	27.992548	1
17389	COL5A1	0.91125035	0.58171433	-0.64744693	17.004356	1
17395	OLFM1	0.14344974	0.0125993965	-3.498719	11.207395	1
17403	MRPS2	0.31949413	0.21843001	-0.5484094	5.007134	1
17440	EGFL7	1.5878923	0.76124024	-1.0605906	44.55244	1
17441	AGPAT2	0.5144131	0.26393026	-0.9625047	15.663209	1
17448	TMEM141	1.2698892	0.73421335	-0.79034853	42.899227	1
17449	CCDC183	0.2183429	0.076946154	-1.5034614	9.934194	1
17451	RABL6	0.7644354	0.5271233	-0.53616923	12.860816	1
17458	FBXW5	0.44960457	0.28502718	-0.657372	9.414474	1
17462	PTGDS	0.64786696	0.07733535	-3.064856	32.061375	1
17469	NPDC1	0.5385265	0.2603734	-1.0481492	19.99279	1
17477	MAN1B1	0.42558923	0.21885389	-0.9591735	14.200223	1
17478	DPP7	0.34048858	0.20822722	-0.7091786	6.828438	1
17500	NRARP	0.022414207	0.19080666	3.0839598	44.55244	1
17550	PFKP	0.6753367	0.3002431	-1.1692091	29.11385	1
17562	KLF6	1.1360655	0.70868677	-0.68074936	22.54175	1
17588	NET1	0.037213	0.111485444	1.5803984	12.803166	1
17610	PFKFB3	0.19755302	0.08194472	-1.2684877	8.107907	1
17630	GATA3	0.010425179	0.6111546	5.8598566	44.55244	1
17631	GATA3-AS1	3.1286618e-10	0.029224865	8.195976	15.060735	1
17647	CELF2	0.043216288	0.20994848	2.2777407	36.887005	1
17670	CCDC3	0.36236638	0.22307454	-0.69967467	5.757393	1
17671	OPTN	0.6146161	0.32734394	-0.90867245	15.778195	1
17674	PHYH	0.2650432	0.15708144	-0.7543408	6.206144	1
17682	FRMD4A	0.08743773	0.20830879	1.2514392	14.441461	1
17689	FAM107B	0.4493372	0.3114395	-0.52870446	5.626835	1
17703	FAM171A1	0.31765813	0.164953	-0.94499964	9.825778	1
17722	HACD1	0.1259498	0.055604186	-1.1781361	5.2369246	1
17753	DNAJC1	0.99853104	0.70407206	-0.50402373	17.295128	1
17768	PIP4K2A	0.33215365	0.11742539	-1.4993125	16.720076	1
17778	KIAA1217	0.033768658	0.12248874	1.8558037	15.935898	1
17779	AL356113.1	3.1286618e-10	0.011161477	6.815248	6.545294	1
17791	MYO3A	3.1286618e-10	0.009692423	6.6135893	5.9704165	1
17816	BAMBI	1.1562825	0.79996234	-0.53143436	17.033495	1
17872	CCNY	0.54560655	0.3823181	-0.5129746	7.911978	1
17877	FZD8	0.052050795	0.1193642	1.1958172	7.88682	1
17909	CSGALNACT2	0.24938995	0.14859225	-0.74665225	5.606839	1
17935	CXCL12	0.2900926	0.57331526	0.98256975	16.388987	1
17940	TMEM72	3.1286618e-10	0.011552096	6.8644414	6.0595436	1
17969	GDF10	0.0067982734	0.03232322	2.2327204	5.0628686	1
18026	PRKG1	0.129839	0.4198814	1.6924909	43.47326	1
18038	PCDH15	3.1286618e-10	0.017931975	7.494409	9.210615	1
18052	TFAM	0.22875024	0.34019804	0.5723949	6.358897	1
18055	PHYHIPL	0.012523409	0.053013604	2.07298	8.3873625	1
18069	RHOBTB1	0.12023163	0.19988759	0.73289454	6.002651	1
18071	TMEM26	0.019205142	0.09165627	2.2488215	17.684227	1
18077	ARID5B	0.37987256	0.7910935	1.0581354	37.23427	1
18128	HK1	0.5744313	0.33805078	-0.7647189	14.600718	1
18130	TSPAN15	0.052721087	0.11717596	1.1507214	6.899314	1
18138	H2AFY2	0.12652509	0.21055119	0.73429275	6.086875	1
18141	SAR1A	0.6955712	0.4261966	-0.70654815	17.470625	1
18152	PCBD1	0.3404971	0.22057378	-0.62615085	6.332134	1
18157	UNC5B-AS1	0.36988148	0.038050205	-3.2776902	20.913076	1
18163	PSAP	1.3032365	0.77824545	-0.7437271	44.55244	1
18170	DDIT4	1.1909062	0.30805248	-1.9504646	44.55244	1
18180	P4HA1	1.9474123	1.1508341	-0.75882727	44.55244	1
18206	FUT11	0.32436845	0.1394647	-1.2171439	13.842065	1
18219	ADK	0.2322987	0.10839315	-1.0989981	9.03326	1
18222	KAT6B	0.3316446	0.60311073	0.86258924	23.44629	1
18233	ZNF503	0.29109466	0.41194007	0.5008008	5.432915	1
18267	ZCCHC24	0.5467714	0.29845724	-0.8731942	15.126167	1
18285	PLAC9	0.52007383	0.24768971	-1.0698775	13.161226	1
18286	ANXA11	0.35413736	0.19942948	-0.82811433	9.89138	1
18306	GHITM	0.6798617	0.47607765	-0.5139537	10.545155	1
18332	SNCG	0.062327076	0.14864518	1.252599	10.182916	1
18352	PAPSS2	0.26853386	0.16433343	-0.7081374	5.996443	1
18354	KLLN	3.1286618e-10	0.0096765105	6.6112432	6.0286	1
18355	PTEN	0.59131193	0.9677021	0.71054864	30.84555	1
18371	LIPA	0.5654163	0.22646515	-1.3196427	23.091576	1
18414	HHEX	0.115267485	0.035864517	-1.6815906	5.840532	1
18426	LGI1	3.1286618e-10	0.038411144	8.589128	18.96319	1
18427	AL157396.1	3.1286618e-10	0.020706337	7.700875	10.7448845	1
18429	SLC35G1	0.037158366	0.16509593	2.1485417	26.953094	1
18438	HELLS	0.09952281	0.20328835	1.0296891	9.164144	1
18447	PDLIM1	0.7089473	0.43209234	-0.7142085	15.101675	1
18475	PGAM1	1.0136274	0.616564	-0.7171132	30.106295	1
18486	MARVELD1	0.32721546	0.21744788	-0.58934873	5.5549874	1
18499	CNNM1	0.0059017846	0.054081153	3.1743279	14.940208	1
18523	SCD	0.38125202	0.12319746	-1.6289803	22.88264	1
18531	SLF2	0.16106397	0.24921544	0.629443	5.326435	1
18539	SFXN3	0.23154117	0.10866495	-1.090678	9.0247135	1
18551	DPCD	0.40720943	0.25200605	-0.6920945	8.969718	1
18563	LDB1	0.11239356	0.1901131	0.75777423	5.810475	1
18569	NFKB2	0.14215727	0.06518686	-1.1236378	5.2939205	1
18579	TRIM8	0.4758938	0.2992575	-0.6690734	9.178582	1
18594	PCGF6	0.03849339	0.08247331	1.0973216	5.230773	1
18611	STN1	0.22845145	0.12109127	-0.91523314	6.956704	1
18616	GSTO1	1.2674919	0.7415668	-0.77324736	43.32199	1
18639	MXI1	0.45167175	0.18451336	-1.291087	17.181408	1
18653	ADRA2A	0.0034491322	0.11259582	4.988824	41.631794	1
18666	TCF7L2	0.3166303	0.54124194	0.77328545	17.014574	1
18667	AL158212.2	0.030988451	0.079454534	1.3555655	6.457665	1
18689	ATRNL1	0.03326172	0.15774184	2.242214	24.441042	1
18690	AC016042.1	0.0019334705	0.025380546	3.6473804	8.555802	1
18691	GFRA1	0.0040962193	0.10598874	4.6600375	40.21041	1
18735	RGS10	0.36105847	0.13093244	-1.462708	14.7590475	1
18765	HTRA1	1.3622338	0.78549844	-0.79421616	40.023125	1
18784	CPXM2	0.10501846	0.01690109	-2.6283169	8.278547	1
18817	ADAM12	0.30421612	0.1837067	-0.72738135	5.737634	1
18846	EBF3	0.0039056286	0.04790002	3.5829346	14.300164	1
18861	BNIP3	1.6163028	0.98843807	-0.70941836	36.831722	1
18912	BET1L	0.24384958	0.12546903	-0.9581023	7.7233195	1
18925	IFITM1	0.2458241	0.10009221	-1.2954427	9.588154	1
18935	SIGIRR	0.3229262	0.15066771	-1.0993236	12.651732	1
18939	RNH1	0.75887907	0.5180372	-0.5507259	13.286988	1
18942	HRAS	0.36933348	0.23318613	-0.66321397	7.280427	1
18947	MIR210HG	0.25562674	0.14262922	-0.8413222	6.8084974	1
18970	CD151	1.0044402	0.5042661	-0.9939921	44.55244	1
18972	TSPAN4	0.6262794	0.33472744	-0.9036191	19.252417	1
18974	CHID1	0.74667436	0.4801589	-0.6368601	16.10876	1
19003	CTSD	0.7300535	0.3887651	-0.9089301	23.853199	1
19015	MRPL23	0.19540936	0.09240698	-1.0796036	7.767371	1
19019	IGF2	0.31108838	0.48674574	0.64567655	8.21345	1
19022	IGF2-AS	0.0019102528	0.030237092	3.915634	11.523141	1
19037	CDKN1C	0.5864096	0.9807755	0.7419152	26.613491	1
19039	SLC22A18	0.094795376	0.0334117	-1.5016729	5.5636964	1
19043	CARS	0.24684918	0.14171988	-0.8001544	5.550087	1
19154	CAVIN3	0.51044935	0.19652608	-1.3765959	19.117645	1
19157	SMPD1	0.1448223	0.05081478	-1.5091231	8.2736845	1
19167	TAF10	0.6704242	0.46219644	-0.53647125	11.23066	1
19169	TPP1	0.21482645	0.10163346	-1.0790488	7.4438033	1
19174	MRPL17	0.6334174	0.40144864	-0.6578096	14.270991	1
19194	CYB5R2	0.120083675	0.029120872	-2.04017	8.998696	1
19245	ADM	0.2416457	0.03198944	-2.9133196	18.178598	1
19251	MRVI1	0.020722723	0.07004626	1.7522075	8.665027	1
19266	DKK3	0.35206667	0.15723951	-1.1623772	13.300296	1
19270	MICAL2	0.42403254	0.12711239	-1.737276	22.783812	1
19294	SPON1	0.1447388	0.04930719	-1.5516552	6.886199	1
19310	SOX6	0.45629647	0.14707156	-1.6327887	25.590652	1
19316	NUCB2	1.1569088	0.45585907	-1.3434236	44.55244	1
19329	SERGEF	0.08642133	0.026011473	-1.7283721	5.349682	1
19341	LDHA	2.6165903	1.8122042	-0.52991796	44.55244	1
19398	LUZP2	0.0156283	0.12435564	2.984197	25.117851	1
19406	FIBIN	0.06343105	0.12889916	1.0218278	5.06798	1
19413	BDNF-AS	0.026601356	0.065540165	1.297666	5.004781	1
19415	BDNF	0.023941277	0.116792716	2.2815998	16.604532	1
19434	MPPED2	0.018623196	0.07644294	2.0314426	10.806506	1
19449	RCN1	1.380908	0.8129984	-0.76421976	44.55244	1
19467	CD59	1.4030677	0.6031386	-1.2178867	44.55244	1
19474	LMO2	0.33114624	0.06039393	-2.4530418	21.446733	1
19488	CD44	0.28143412	0.080255866	-1.8088344	13.37618	1
19496	FJX1	0.09388028	0.17433764	0.89228135	5.466495	1
19512	C11orf74	0.0012831648	0.032557707	4.5613785	12.786706	1
19518	LRRC4C	0.037387293	0.34105915	3.1859713	44.55244	1
19545	EXT2	0.24734034	0.14346024	-0.7854245	5.8800344	1
19553	TSPAN18	0.37125114	0.17247316	-1.1055758	13.594505	1
19554	TP53I11	0.36595228	0.19087547	-0.9386623	10.2149105	1
19559	SYT13	3.1286618e-10	0.015991678	7.3301663	8.661811	1
19568	CHST1	0.023202904	0.0629748	1.4365541	5.3575606	1
19573	LINC02716	0.002211681	0.01926842	3.0666919	5.544786	1
19588	CREB3L1	0.20337252	0.11455123	-0.8275821	5.207316	1
19596	ARHGAP1	0.22816102	0.14027548	-0.70139354	5.167066	1
19608	DDB2	0.2190303	0.0959698	-1.1896341	8.886379	1
19627	C1QTNF4	0.003850355	0.029574547	2.9091718	7.1635666	1
19703	APLNR	0.07892292	0.012745562	-2.6210012	5.5081663	1
19870	GANAB	0.5784859	0.37420654	-0.6283109	11.771629	1
19888	TMEM179B	0.4641305	0.3030307	-0.61490136	8.817987	1
19896	SLC3A2	0.6916724	0.4117771	-0.74808353	12.95816	1
19914	RTN3	0.53220236	0.33700117	-0.6590644	9.977147	1
19929	TRPT1	0.19074927	0.09361178	-1.0261314	6.9665794	1
19933	VEGFB	0.74399793	0.48949102	-0.6039156	15.267665	1
19936	PPP1R14B	1.7312325	1.2147772	-0.51107234	44.55244	1
19957	NRXN2	0.011760038	0.0459952	1.9585079	6.868408	1
19978	ZFPL1	0.25869858	0.15218404	-0.7650649	6.168853	1
19999	FRMD8	0.15425418	0.06959958	-1.1470228	5.3951354	1
20000	NEAT1	3.0293245	2.0120203	-0.5903272	44.55244	1
20005	SCYL1	0.2710912	0.16621788	-0.7053669	5.6446185	1
20027	EFEMP2	0.97630084	0.6238293	-0.6460909	24.218834	1
20044	PACS1	0.37290746	0.24438703	-0.60944647	6.5872717	1
20054	YIF1A	0.8633302	0.4885052	-0.82141036	28.716934	1
20057	CD248	0.17697223	0.44261923	1.3220541	32.117516	1
20096	POLD4	0.62481797	0.40085787	-0.6402163	12.835342	1
20132	C11orf24	0.30116615	0.12973148	-1.2143983	12.549636	1
20134	LRP5	0.19443521	0.058075204	-1.741555	12.437641	1
20141	MRPL21	0.75543267	0.4865553	-0.63459384	16.576517	1
20190	DHCR7	0.18847473	0.062807105	-1.5838414	10.372998	1
20209	NUMA1	0.33321765	0.48620623	0.54496735	8.525975	1
20235	STARD10	0.21009775	0.098842755	-1.0870812	7.281489	1
20245	ARHGEF17	0.13792078	0.24072471	0.8030979	8.180966	1
20263	PPME1	0.30652452	0.19856888	-0.62610704	5.536043	1
20264	P4HA3	0.17010678	0.035313133	-2.2649322	13.524346	1
20266	PGM2L1	0.21383569	0.09442503	-1.1784089	7.9011965	1
20306	WNT11	0.10353883	0.021654448	-2.2521825	7.509957	1
20326	CAPN5	0.120045274	0.047918145	-1.3231282	5.945084	1
20371	PRCP	0.70111173	0.41556716	-0.7544215	14.215139	1
20393	SYTL2	0.005941051	0.0485751	3.0103126	13.904299	1
20407	AP001528.1	0.04117279	0.09121554	1.1456695	5.609162	1
20439	FAT3	0.00947238	0.061988927	2.6973865	13.756953	1
20448	SMCO4	0.1794774	0.07708398	-1.2182323	7.9427404	1
20451	TAF1D	0.7761022	0.49395066	-0.6517735	14.2617855	1
20456	PANX1	0.14113618	0.048267342	-1.5460045	8.373694	1
20476	ENDOD1	0.6692275	0.2519338	-1.409095	35.821163	1
20485	MAML2	0.4717073	0.6682914	0.50249547	10.832381	1
20496	CNTN5	0.0055332473	0.04393326	2.966555	11.575609	1
20498	ARHGAP42	0.1844925	0.32558435	0.8191304	10.844914	1
20530	PDGFD	0.0367633	0.16911091	2.1985655	27.182886	1
20540	GRIA4	0.012161908	0.62865174	5.680235	44.55244	1
20554	SLN	0.10601488	0.018933332	-2.479027	5.6314163	1
20593	LAYN	0.4506836	0.19591987	-1.2014351	15.440115	1
20615	PTS	0.31184357	0.17756942	-0.8120896	8.310537	1
20618	LINC02762	0.21194457	0.05703873	-1.8918267	14.6085205	1
20626	NCAM1	0.9496175	0.25354475	-1.9046893	44.55244	1
20642	ZBTB16	3.1286618e-10	0.009925656	6.647548	5.250232	1
20649	REXO2	0.7197626	0.34534475	-1.0592667	28.568792	1
20653	CADM1	0.15365626	0.32615387	1.0853498	14.938501	1
20719	PHLDB1	0.32230753	0.20908025	-0.6241387	5.7118874	1
20738	HYOU1	0.30983487	0.16817515	-0.88114285	8.5140085	1
20751	CBL	0.17958167	0.28130782	0.64721906	6.842617	1
20752	MCAM	0.10506874	0.48659253	2.2103045	44.55244	1
20760	THY1	0.6946115	1.3075055	0.9124415	42.090042	1
20774	OAF	0.075991206	0.17186931	1.1763494	10.733611	1
20783	SC5D	0.52900654	0.30042377	-0.8160792	12.959178	1
20789	MIR100HG	0.6740489	0.31981352	-1.0753855	22.891066	1
20840	ESAM	0.069931515	0.15519784	1.1489615	7.5316586	1
20841	AP000866.2	0.0056768674	0.027102152	2.2353616	5.877823	1
20863	STT3A	0.33252499	0.1838719	-0.8544111	9.29461	1
20891	ST3GAL4	0.25329086	0.079118885	-1.677448	15.572006	1
20922	APLP2	1.5896503	1.0353484	-0.61854446	44.55244	1
20954	JAM3	0.37672466	0.2189991	-0.78230965	9.498402	1
20979	AC007406.3	3.1286618e-10	0.009233214	6.5442977	5.800486	1
21012	CACNA1C	0.026790762	0.13092896	2.2847033	21.25158	1
21054	FGF23	0.077413544	0.0037815773	-4.3197336	5.0559826	1
21058	DYRK4	0.31858018	0.2111704	-0.5930185	5.522365	1
21083	CD9	0.97069097	0.23906806	-2.021136	44.55244	1
21119	P3H3	0.4465969	0.20584862	-1.1170117	19.294699	1
21127	ENO2	0.6675262	0.15383893	-2.1166825	41.070137	1
21158	SLC2A3	0.50830066	0.2707315	-0.9085704	12.4154625	1
21182	RIMKLB	0.12036613	0.2062075	0.77616876	6.5515738	1
21194	A2M	0.13966699	0.32334816	1.2105108	18.309362	1
21210	CLEC2B	0.11644962	0.015418374	-2.908895	9.54521	1
21240	YBX3	1.1586481	0.55092996	-1.0723643	44.55244	1
21271	LRP6	0.17019361	0.2660653	0.6442981	5.818405	1
21281	CDKN1B	0.24588645	0.14124909	-0.7993163	5.7189193	1
21294	EMP1	0.26692528	0.0908961	-1.5530996	12.269164	1
21317	MGP	1.7083113	0.8866276	-0.9460925	27.11599	1
21322	RERG	0.043333337	0.15279353	1.8156526	18.88683	1
21346	PLEKHA5	0.2165537	0.44356605	1.0340832	21.904827	1
21355	PDE3A	0.15412822	0.38134125	1.306394	24.953941	1
21363	RECQL	0.40862957	0.2574932	-0.6660521	8.400131	1
21364	GOLT1B	0.3684798	0.1816884	-1.0197167	13.941596	1
21370	KCNJ8	0.016812583	0.06868032	2.0238988	10.746681	1
21371	ABCC9	0.004822271	0.059093878	3.588052	13.663557	1
21392	BCAT1	0.68740773	0.37855554	-0.86049	22.099543	1
21411	RASSF8	0.29835585	0.16783679	-0.8295992	7.2758503	1
21412	BHLHE41	0.05870634	0.0032894474	-4.11685	6.6785536	1
21491	RESF1	0.12476525	0.2699446	1.1128258	15.927984	1
21508	SYT10	0.0006418564	0.033632513	5.506856	12.488676	1
21517	ALG10B	0.0018760617	0.02069686	3.395666	6.5139728	1
21519	CPNE8	0.38592434	0.21017054	-0.876445	10.858356	1
21522	KIF21A	0.3089236	0.14596197	-1.0811363	10.782525	1
21534	CNTN1	0.0037439554	0.09488228	4.626995	33.630997	1
21563	NELL2	0.0032024407	0.047055766	3.8358297	13.159678	1
21574	SLC38A1	0.19288866	0.06900364	-1.4816824	9.210438	1
21643	FKBP11	0.3161272	0.103590705	-1.6086749	17.017027	1
21651	KMT2D	0.056669682	0.11192545	0.980634	5.6174674	1
21659	TUBA1C	0.6836998	0.28571716	-1.2584816	24.777807	1
21703	METTL7A	0.042701058	0.10619388	1.3123401	7.813854	1
21714	SMAGP	0.12752162	0.058302283	-1.127776	5.453	1
21728	ACVRL1	0.027662484	0.09712707	1.8082215	12.589668	1
21731	NR4A1	0.17343646	0.07440408	-1.2198474	6.6249175	1
21772	KRT8	1.1289601	0.4646817	-1.2804971	44.55244	1
21773	KRT18	0.99815375	0.45946285	-1.1191444	35.818153	1
21777	TNS2	0.14503726	0.23789994	0.71354324	6.623354	1
21779	IGFBP6	0.11747618	0.032605056	-1.8460102	7.6975207	1
21795	AMHR2	0.12864356	0.007896236	-4.0090356	13.533505	1
21796	PRR13	0.4965681	0.2931072	-0.76036155	12.760952	1
21814	HOTAIR	3.1286618e-10	0.01332904	7.0692077	7.074501	1
21815	HOXC11	3.1286618e-10	0.01290902	7.023364	7.1058264	1
21817	HOXC10	3.1286618e-10	0.028125824	8.140867	13.569136	1
21818	HOXC6	0.0017455437	0.030235983	4.0389123	12.092272	1
21820	HOXC9	0.0019334602	0.19624476	6.5933084	44.55244	1
21822	HOXC8	0.002522889	0.018290345	2.8097198	5.6527877	1
21884	ORMDL2	0.31114593	0.17523347	-0.82795346	7.75312	1
21899	ERBB3	0.09605885	0.0071068415	-3.7379808	8.815398	1
21942	ZBTB39	0.017128225	0.0505428	1.5555832	5.626252	1
21948	LRP1	0.77216786	0.46733966	-0.7243212	19.499844	1
21952	SHMT2	0.44899154	0.2899503	-0.6307064	7.6529894	1
21963	DDIT3	0.21643507	0.08484668	-1.3499712	7.170947	1
21974	OS9	0.9721723	0.50422484	-0.9470072	43.70734	1
21977	AGAP2-AS1	0.08405597	0.023544453	-1.8315638	5.6248174	1
21980	MARCH9	0.16046192	0.07758892	-1.047349	5.455987	1
21997	LRIG3	0.055518467	0.12176871	1.1316918	6.6296225	1
22039	GNS	0.3250997	0.17597814	-0.8851101	9.816511	1
22066	GRIP1	0.0021028738	0.08817022	5.324468	35.28479	1
22073	DYRK2	0.21546668	0.32493982	0.59248227	6.5028677	1
22113	KCNMB4	0.18975796	0.29955322	0.6583733	6.968858	1
22122	LGR5	0.004579544	0.060548104	3.6960227	16.659695	1
22134	TRHDE	0.002824385	0.1411091	5.593556	44.55244	1
22135	TRHDE-AS1	0.004663535	0.081204854	4.0932374	28.055372	1
22145	ATXN7L3B	0.63745457	0.91798586	0.5260802	18.83445	1
22161	PHLDA1	0.86789787	0.4673392	-0.8929129	27.007215	1
22173	E2F7	0.07972436	0.024748532	-1.6836685	5.120509	1
22176	NAV3	0.08704624	0.2615253	1.5859916	24.898067	1
22185	SYT1	0.3266231	0.16954939	-0.9455123	7.187297	1
22224	RASSF9	0.0038333286	0.07747721	4.3018103	29.064806	1
22226	MGAT4C	0.00081274955	0.03546136	5.2839475	14.938716	1
22235	KITLG	0.09239416	0.030705038	-1.586196	5.897908	1
22247	AC025034.1	3.1286618e-10	0.013044353	7.038295	7.3429217	1
22248	ATP2B1	0.5777014	1.163891	1.0104342	44.55244	1
22249	ATP2B1-AS1	0.04934163	0.17154483	1.7956282	21.188131	1
22305	NDUFA12	1.0178756	0.71779865	-0.5038508	16.885853	1
22312	NTN4	3.1286618e-10	0.020177051	7.6636996	10.96246	1
22341	IKBIP	1.0281959	0.51928705	-0.9853735	43.70734	1
22342	APAF1	0.2731349	0.17626964	-0.63153934	5.2350993	1
22361	ARL1	0.64580303	0.41877583	-0.6247951	13.117693	1
22367	CHPT1	0.20358638	0.09954819	-1.031434	7.401609	1
22373	WASHC3	0.31299	0.19648694	-0.67140996	6.491001	1
22380	IGF1	0.032933306	0.16552669	2.3259418	24.48005	1
22398	HSP90B1	2.9450781	2.0572107	-0.5175953	44.55244	1
22413	ALDH1L2	0.10791417	0.03909846	-1.4623517	5.3632727	1
22415	APPL2	0.119041726	0.21521534	0.85377234	8.167303	1
22422	NUAK1	0.2915922	0.109707616	-1.4094687	13.479689	1
22424	CKAP4	1.4836448	0.84076744	-0.8192927	44.55244	1
22455	TMEM119	0.0075278427	0.06382206	3.066967	16.92478	1
22458	CORO1C	0.32825363	0.22204642	-0.5637395	5.009897	1
22505	CUX2	3.1286618e-10	0.017128062	7.428612	8.220406	1
22513	ALDH2	0.46031794	0.27674368	-0.7338725	10.466855	1
22517	ERP29	1.5552142	1.0497137	-0.5670727	44.55244	1
22531	DTX1	3.1286618e-10	0.0151938	7.2567987	9.170862	1
22553	TBX5	0.06981061	0.0076470207	-3.1737978	7.034348	1
22556	TBX3	0.17543952	0.43158203	1.2981731	27.090622	1
22697	MLXIP	0.22219737	0.3415153	0.6198817	7.095133	1
22727	CDK2AP1	1.010106	0.6414569	-0.6550004	23.261452	1
22738	TMED2	0.82519233	0.49239787	-0.7447878	23.028687	1
22756	RFLNA	0.0049524526	0.026680449	2.4061244	5.684667	1
22761	SCARB1	0.1273765	0.034813665	-1.8683676	8.170343	1
22770	TMEM132B	0.07466002	0.0127509935	-2.540387	5.901141	1
22888	GOLGA3	0.46755978	0.30658486	-0.60870236	8.187814	1
22956	SACS	0.30495456	0.1734684	-0.8135629	7.8565726	1
23007	GTF3A	0.6001206	0.39501286	-0.60322815	12.028072	1
23028	UBL3	0.1723809	0.2685352	0.6392117	6.059708	1
23066	PDS5B	0.30558258	0.5821461	0.9295949	24.736847	1
23070	STARD13	0.08521124	0.17815214	1.0631117	9.412015	1
23098	RFXAP	0.03206941	0.08085664	1.3314599	6.5580063	1
23099	SMAD9	0.19836749	0.39043292	0.9765414	17.28716	1
23101	ALG5	0.3324505	0.21823761	-0.60701275	5.929639	1
23112	UFM1	0.66227627	0.46193433	-0.51965106	10.232729	1
23121	LHFPL6	0.35174012	0.5375576	0.61176777	10.514953	1
23122	COG6	0.22228807	0.12228275	-0.86167914	5.909239	1
23125	FOXO1	0.20563449	0.100343324	-1.034402	6.6825123	1
23129	ELF1	0.32952788	0.21069999	-0.6449634	6.0559206	1
23225	CYSLTR2	3.1286618e-10	0.010042142	6.664214	5.776383	1
23250	FAM124A	0.04771335	0.0034476016	-3.7524977	5.2884517	1
23307	PCDH20	0.17503779	0.06103094	-1.5185157	8.294274	1
23325	PCDH9	0.08654381	0.8968924	3.371927	44.55244	1
23341	DACH1	0.026544737	0.16191657	2.604219	31.132414	1
23344	DIS3	0.3619278	0.24844988	-0.542565	5.223711	1
23349	KLF12	0.07117241	0.18254629	1.3576368	14.606247	1
23371	KCTD12	0.20678517	0.5233533	1.3392305	34.99723	1
23407	SPRY2	0.35259584	0.56523055	0.6806702	13.861998	1
23414	SLITRK1	3.1286618e-10	0.020815214	7.7084045	10.510429	1
23426	SLITRK6	0.04203724	0.18168204	2.109042	23.253235	1
23432	MIR4500HG	3.1286618e-10	0.021588096	7.760755	9.508949	1
23434	SLITRK5	0.0017545366	0.20389897	6.781359	44.55244	1
23462	GPC6	0.100885965	0.37249056	1.8834362	44.55244	1
23481	UGGT2	0.38840753	0.22448003	-0.7907128	9.71011	1
23568	EFNB2	0.118797764	0.7538553	2.6647573	44.55244	1
23569	AL138689.2	0.006456316	0.035888817	2.4565916	7.7951317	1
23571	ARGLU1	0.96198535	1.471005	0.6126633	42.234375	1
23580	FAM155A-IT1	0.0014344457	0.014171755	3.2173731	5.105634	1
23588	MYO16	3.1286618e-10	0.019311339	7.6007514	8.783345	1
23658	LAMP1	0.84162474	0.49713823	-0.75941145	24.46306	1
23745	ANG	0.18595268	0.030901786	-2.5852878	14.52938	1
23746	RNASE4	0.47580072	0.100617185	-2.2403507	32.38611	1
23752	RNASE1	0.16574109	0.051070582	-1.6964148	7.951083	1
23929	MMP14	0.38534424	0.2505898	-0.620619	6.6290784	1
23930	LRP10	0.4391949	0.26231748	-0.743326	10.544948	1
23931	REM2	3.1286618e-10	0.013110625	7.0455503	6.5079474	1
23954	SLC22A17	0.23029743	0.12565678	-0.87348837	6.3629208	1
23969	JPH4	0.041100662	0.12182674	1.5652751	11.744881	1
24012	ADCY4	0.017250113	0.075086795	2.1155343	10.703269	1
24025	STXBP6	0.102157034	0.01879727	-2.4359505	7.6725316	1
24031	NOVA1	0.256533	0.45139527	0.8150042	14.763783	1
24078	ARHGAP5-AS1	0.022967378	0.07034841	1.6107132	7.689347	1
24084	NPAS3	0.009129335	0.033997487	1.8853669	5.326814	1
24097	SRP54	0.59564245	0.42013472	-0.5034935	8.345019	1
24098	FAM177A1	0.6262729	0.3199732	-0.96862	25.04896	1
24142	SEC23A	0.48021215	0.3075693	-0.6425919	9.759917	1
24157	LRFN5	0.0651739	0.23881009	1.8718896	31.1107	1
24172	TOGARAM1	0.07960849	0.15881582	0.99545735	7.589121	1
24185	MDGA2	0.004853535	0.055519238	3.4890537	19.188885	1
24194	MGAT2	0.22544813	0.12250217	-0.87945074	6.720807	1
24205	ARF6	0.38453728	0.24478874	-0.6513721	7.201741	1
24228	TRIM9	0.03753303	0.089897215	1.2578808	6.3822756	1
24242	GNG2	0.7654948	0.25383347	-1.5921307	43.121075	1
24247	NID2	0.37210763	0.20480588	-0.8611462	10.13199	1
24250	PTGER2	3.1286618e-10	0.020323401	7.674075	9.960208	1
24253	ERO1A	0.8992796	0.24969947	-1.8481597	44.55244	1
24254	AL133453.1	0.47080123	0.1348533	-1.8029641	25.31701	1
24283	LGALS3	0.6241754	0.39669153	-0.6538016	10.113398	1
24294	LINC00520	0.19198455	0.011219404	-4.084872	14.397779	1
24324	PSMA3-AS1	0.23486882	0.38962713	0.7299949	10.803525	1
24337	JKAMP	0.25037247	0.14013375	-0.8368182	6.605358	1
24382	SYNE2	0.3522921	0.22196753	-0.66618294	5.9124765	1
24425	PIGH	0.19132558	0.09684012	-0.98161775	6.0923004	1
24426	ARG2	0.49702325	0.054613993	-3.1836216	35.1104	1
24440	ACTN1	0.8470061	0.45870158	-0.8846723	28.14279	1
24483	SIPA1L1	0.061099634	0.11932517	0.96451193	5.3841195	1
24500	NUMB	0.39882147	0.2607159	-0.61307305	6.882181	1
24537	ISCA2	0.36876795	0.22334589	-0.72317886	8.36167	1
24547	PGF	0.09394508	0.23037648	1.2931951	15.083032	1
24553	NEK9	0.03657964	0.09614187	1.3916851	8.557486	1
24555	TMED10	1.1812266	0.7565817	-0.64264935	35.738644	1
24562	JDP2	0.18021189	0.08840957	-1.0265892	5.7853775	1
24567	ERG28	0.5014736	0.34685707	-0.53170437	6.808696	1
24579	VASH1	0.31685388	0.20650269	-0.6174138	5.039065	1
24652	FLRT2	0.1105047	0.27598676	1.319709	19.488863	1
24666	GALC	0.24296801	0.095699176	-1.3432748	11.456768	1
24712	RPS6KA5	0.03971499	0.18535809	2.2197096	28.113947	1
24733	LGMN	0.40547487	0.18113281	-1.162124	16.963482	1
24758	IFI27L2	0.7739389	0.5270399	-0.55422014	13.294881	1
24772	GSC	3.1286618e-10	0.033218328	8.380168	12.669103	1
24832	BCL11B	0.0867048	0.021865403	-1.9825418	6.218326	1
24835	SETD3	0.25121176	0.13873044	-0.85615426	7.2860007	1
24865	DLK1	1.57185	0.8067695	-0.96214795	20.931227	1
24866	MEG3	0.0010522468	1.0119339	9.778592	44.55244	1
24869	MEG8	0.0034773806	0.2770284	6.275507	44.55244	1
24898	CINP	0.3090396	0.18340828	-0.75241333	7.6742477	1
24918	CKB	0.17159595	0.08222581	-1.0604393	5.337881	1
24924	COA8	0.49347168	0.33939868	-0.53985363	7.6047864	1
24931	ZFYVE21	0.3113086	0.20230478	-0.6215653	5.5198965	1
24980	CRIP2	0.5938593	0.3563975	-0.7364722	14.006307	1
25257	GABRG3	0.018176364	0.055037316	1.59305	5.885676	1
25283	TJP1	0.43190083	0.67446053	0.64291394	16.0422	1
25308	KLF13	0.35827607	0.22920893	-0.64418167	6.422788	1
25325	FMN1	3.1286618e-10	0.01847384	7.5371237	9.700564	1
25335	EMC7	0.61263007	0.3950002	-0.6330333	12.277034	1
25350	ACTC1	0.5911514	0.3062906	-0.9483999	16.616648	1
25366	MEIS2	0.7338917	1.2312723	0.7464314	41.298374	1
25415	INAFM2	0.071368955	0.134291	0.9110479	5.6693087	1
25487	SNAP23	0.35816112	0.20219555	-0.8245469	9.690627	1
25503	CCNDBP1	0.16791546	0.081632964	-1.039604	6.0516324	1
25520	PDIA3	2.2547607	1.5291195	-0.5602428	44.55244	1
25528	CASC4	0.4738935	0.32810074	-0.53028876	6.603975	1
25543	SORD	0.24733733	0.10028552	-1.3015119	10.424612	1
25575	SEMA6D	0.09824527	0.17713186	0.8497104	6.199712	1
25586	MYEF2	0.087199256	0.15943459	0.8698279	5.632244	1
25619	GABPB1-IT1	0.10547783	0.19759682	0.9049827	8.030671	1
25620	GABPB1-AS1	0.24075663	0.38505942	0.677281	8.831824	1
25633	TNFAIP8L3	0.09158583	0.01685886	-2.4346595	7.308316	1
25647	TMOD2	0.18959789	0.07178823	-1.3998761	9.158679	1
25666	MYO5A	0.101784125	0.036979616	-1.458231	5.7080326	1
25678	UNC13C	0.002493444	0.040435217	3.9662347	15.435345	1
25686	CCPG1	0.5755701	0.32196006	-0.8379127	15.537488	1
25712	CGNL1	0.9917201	0.32709098	-1.5999455	44.55244	1
25717	GCOM1	3.1286618e-10	0.01254941	6.9829216	7.522115	1
25718	POLR2M	0.13399869	0.24866723	0.89150125	9.578289	1
25720	ALDH1A2	3.1286618e-10	0.4276121	12.06242	44.55244	1
25721	AC012653.2	0.0017817384	0.036198184	4.2697597	12.869483	1
25733	MINDY2	0.3946531	0.15783907	-1.3215824	20.02849	1
25756	ANXA2	2.1505864	0.8302258	-1.3730476	44.55244	1
25775	VPS13C	0.466708	0.29915684	-0.6414451	8.656999	1
25785	TLN2	0.10202981	0.16918029	0.72901005	5.0323453	1
25795	RPS27L	1.3956794	0.84947443	-0.71625865	36.48654	1
25798	CA12	0.2658704	0.029613491	-3.1620755	19.372538	1
25812	PPIB	2.985452	1.9743359	-0.59655714	44.55244	1
25816	ZNF609	0.12758744	0.21127881	0.72721416	6.0160046	1
25841	IGDCC3	0.03241724	0.5521681	4.086092	44.55244	1
25863	SMAD6	0.61896557	0.24806905	-1.3187691	31.735403	1
25885	ITGA11	0.6838622	0.25503227	-1.4226713	34.703876	1
25901	AC027237.3	3.1286618e-10	0.008092048	6.356148	5.4154344	1
25936	PKM	1.8747706	1.2368304	-0.6000268	44.55244	1
25940	HEXA	0.4493937	0.23463659	-0.937258	14.292475	1
25955	NEO1	0.14674884	0.35436875	1.2713265	24.249113	1
25977	ISLR	0.07991266	0.26567227	1.7318902	28.588367	1
26002	SCAMP2	0.27286327	0.17174263	-0.6676188	5.624925	1
26006	RPP25	0.18752797	0.08837367	-1.0845549	7.2436147	1
26019	SIN3A	0.10796931	0.19431409	0.847176	7.2235284	1
26052	PEAK1	0.18471794	0.30445117	0.72057974	8.352991	1
26056	LINGO1	0.10054279	0.31137526	1.6298736	31.198853	1
26075	CRABP1	0.009303012	0.56666	5.913471	44.55244	1
26092	TMED3	1.0252737	0.37644017	-1.4452741	44.55244	1
26099	AC015871.1	0.18569194	0.084411256	-1.1364725	7.711873	1
26102	BCL2A1	0.07075855	0.0046113716	-3.910723	6.38256	1
26119	MESD	0.96006453	0.64230245	-0.57980424	20.347628	1
26153	HOMER2	0.17534924	0.02994137	-2.5460312	13.978438	1
26158	BTBD1	0.19712594	0.10270628	-0.9399209	6.363373	1
26169	ADAMTSL3	0.0043492494	0.055930946	3.6545901	16.817247	1
26181	NMB	0.54266095	0.11698128	-2.2128065	31.637968	1
26187	ALPK3	0.21012747	0.048416827	-2.115394	16.146511	1
26211	NTRK3	0.0011436933	0.058348257	5.554457	24.500362	1
26220	ACAN	3.1286618e-10	0.040035218	8.648721	18.772251	1
26246	AP3S2	0.17679399	0.09409698	-0.9091323	5.3602314	1
26251	IDH2	0.8182904	0.5270536	-0.63456583	17.88643	1
26253	SEMA4B	0.29756093	0.06543394	-2.1833556	18.80416	1
26254	CIB1	0.86282396	0.31433424	-1.4564753	44.55244	1
26260	IQGAP1	0.7649614	0.46063307	-0.73164445	19.11783	1
26272	FURIN	0.22653304	0.10332565	-1.1317642	8.437474	1
26328	LINC01197	3.1286618e-10	0.010173018	6.6827116	6.1255336	1
26337	NR2F2-AS1	0.063484184	0.20869255	1.7153304	22.301743	1
26342	NR2F2	0.20273764	1.0936184	2.430844	44.55244	1
26344	AC087477.2	3.1286618e-10	0.012474996	6.9744096	7.102579	1
26356	LINC00923	3.1286618e-10	0.012397947	6.965543	6.393664	1
26377	SYNM	0.10276689	0.1996857	0.9576746	7.871753	1
26388	MEF2A	0.6878136	0.3596782	-0.9351196	21.440577	1
26390	AC090825.1	0.013910083	0.04384255	1.6491532	5.54029	1
26414	CHSY1	1.0496725	0.37973028	-1.4666499	44.55244	1
26415	SELENOS	0.82857	0.5469983	-0.5989976	16.988943	1
26418	PCSK6	0.07822995	0.006385605	-3.5942512	7.8988667	1
26425	TARSL2	0.22562319	0.12036074	-0.9059916	6.0137997	1
26435	MPG	0.6833453	0.46875036	-0.5436985	11.40577	1
26446	FAM234A	0.26652923	0.15978208	-0.7378266	6.131095	1
26452	TMEM8A	0.25744686	0.16085476	-0.6781796	5.7271028	1
26465	METTL26	0.7506023	0.49467945	-0.6014554	14.706359	1
26466	MCRIP2	0.18447286	0.07145329	-1.3671004	8.45741	1
26482	HAGHL	0.15190028	0.073679775	-1.0427766	5.499641	1
26496	AC009041.2	0.062485658	0.1567139	1.3251495	11.536512	1
26497	SOX8	0.008170372	0.06668823	3.0135698	16.80599	1
26536	TMEM204	0.11021597	0.21608517	0.9706259	8.321951	1
26573	NPW	0.25764084	0.5683516	1.1411166	28.252697	1
26644	TNFRSF12A	0.29219764	0.13777925	-1.0840328	6.2474146	1
26686	CREBBP	0.19839394	0.34218276	0.7860936	11.434059	1
26754	CARHSP1	0.69194984	0.4797449	-0.5283078	11.427299	1
26770	GRIN2A	0.35470235	0.04970278	-2.8327174	26.450653	1
26794	SOCS1	0.052601617	0.26799387	2.346819	44.55244	1
26841	MRTFB	0.11418056	0.20007198	0.80866003	6.588389	1
26860	NTAN1	0.7268576	0.45093197	-0.68864167	19.141235	1
26871	MYH11	0.0038033307	0.15377603	5.300919	44.55244	1
26876	ABCC1	0.021006415	0.062173713	1.5609418	7.1186047	1
26954	TMEM159	0.28900602	0.17269224	-0.7425602	6.9492145	1
27013	PRKCB	0.24933706	0.058626845	-2.0865839	16.667837	1
27033	HS3ST4	0.010805858	0.04471867	2.0389967	5.680563	1
27058	SBK1	0.024468051	0.065449715	1.415806	5.630605	1
27067	NUPR1	0.49818575	0.15158468	-1.7158979	15.730171	1
27071	SULT1A1	0.13404046	0.054141063	-1.306287	6.282008	1
27116	CDIPT	0.2967875	0.18506376	-0.68111455	6.0551724	1
27118	SEZ6L2	0.9704872	0.57065713	-0.7659808	31.28907	1
27119	ASPHD1	0.1354231	0.040251706	-1.7478372	9.221202	1
27130	ALDOA	0.22673084	0.08696295	-1.3814859	11.828549	1
27177	ZNF629	0.04791267	0.098992586	1.0453619	5.5773897	1
27197	VKORC1	1.6976694	0.8519796	-0.9945803	44.55244	1
27341	ZNF423	0.037363444	0.09081533	1.2790401	6.6565056	1
27386	TOX3	0.0015670548	0.12989831	6.2850475	44.55244	1
27417	CRNDE	0.32159916	0.14431815	-1.15546	12.218169	1
27427	MMP2	1.007444	0.6782183	-0.5708086	17.780958	1
27451	MT2A	0.02525815	0.113619246	2.1649551	17.851776	1
27453	MT1E	3.1286618e-10	0.026907321	8.077202	14.776133	1
27464	HERPUD1	0.65313894	0.34747908	-0.91026956	18.011631	1
27475	ARL2BP	0.46617445	0.32423094	-0.52371275	6.439502	1
27525	CDH8	0.001165918	0.03021155	4.5816116	11.732609	1
27552	AC010542.2	3.1286618e-10	0.007715746	6.288307	5.038776	1
27554	CKLF	0.39751515	0.26975054	-0.55921215	6.0722356	1
27580	TRADD	0.21542613	0.09411727	-1.1937994	9.351814	1
27583	NOL3	0.51267934	0.19847065	-1.3686857	23.120934	1
27589	TMEM208	0.5543375	0.39072284	-0.50451016	7.943183	1
27595	TPPP3	0.014945692	0.0697804	2.2155375	12.250733	1
27597	HSD11B2	0.011015005	0.109620176	3.3032482	31.280642	1
27642	PLA2G15	0.14229967	0.059857182	-1.2479413	6.7174797	1
27744	ZFHX3	0.2742733	0.45055604	0.7158866	13.120759	1
27767	MLKL	0.07578899	0.0139349755	-2.434864	6.6948566	1
27793	KARS	0.26058486	0.16400416	-0.66769487	5.2619667	1
27835	MAF	0.09693649	0.17616044	0.86110944	5.4338164	1
27878	CDH13	0.5320153	0.25671747	-1.0509957	18.511456	1
27911	COTL1	0.9346394	0.48373345	-0.95005375	25.160976	1
27916	CRISPLD2	0.011292454	0.073871665	2.6988943	16.264961	1
27925	GSE1	0.17929102	0.3296422	0.87823075	11.932601	1
27981	MAP1LC3B	0.79725707	0.49901223	-0.6758618	17.685532	1
28007	ZFPM1	0.056523204	0.1772741	1.6473299	17.972584	1
28011	CYBA	1.068456	0.69424343	-0.6219412	23.769594	1
28012	MVD	0.21740456	0.11484103	-0.9201518	6.1080136	1
28069	TUBB3	0.9379771	0.33394969	-1.4896439	39.06909	1
28130	SERPINF1	0.40744206	0.14273462	-1.5126033	18.822666	1
28142	HIC1	0.03444906	0.088259324	1.354736	7.373222	1
28143	SMG6	0.14518233	0.2280477	0.65110886	5.5487556	1
28233	RNF167	0.2691083	0.16656607	-0.6917624	5.565868	1
28237	CAMTA2	0.13720885	0.059879802	-1.1948758	5.09472	1
28251	ZNF594	0.009306933	0.040388033	2.1056993	7.70776	1
28299	ACADVL	0.63515097	0.44246253	-0.5214454	10.214197	1
28343	ATP1B2	0.12573306	0.22253786	0.8231879	7.2134943	1
28352	CHD3	0.28462204	0.4116441	0.53219384	7.1456704	1
28396	STX8	0.36058763	0.21492432	-0.74625003	8.655414	1
28474	PMP22	0.61455387	0.2845666	-1.110501	23.515848	1
28505	TRPV2	0.10182197	0.029598625	-1.778997	6.598405	1
28553	ALKBH5	0.35684502	0.20101164	-0.82770526	9.873043	1
28629	CCDC144NL-AS1	0.43858868	0.62367904	0.5078377	9.71554	1
28677	IFT20	0.5422453	0.36751258	-0.5610257	8.209756	1
28693	ALDOC	0.19810033	0.09662311	-1.0350268	6.1518545	1
28740	TP53I13	0.24268234	0.11336572	-1.097407	8.700322	1
28764	CPD	0.20528618	0.11984389	-0.77597934	5.1670885	1
28782	ADAP2	0.002447394	0.031195654	3.6188684	12.000789	1
28851	CCL2	0.2398425	0.06853176	-1.8057405	6.6842732	1
28876	SLFN5	0.23896208	0.34326294	0.5223489	5.2782927	1
28893	TAF15	0.32737172	0.47504118	0.536986	8.171649	1
28991	PLXDC1	0.073744744	0.28083593	1.9276739	34.18622	1
29011	MIEN1	0.35711655	0.23599829	-0.5974113	6.468635	1
29024	THRA	0.21167396	0.31083772	0.5541004	5.3017554	1
29117	P3H4	0.72090894	0.37328357	-0.9493588	26.949306	1
29118	FKBP10	1.2228683	0.6134719	-0.9950826	44.55244	1
29145	CAVIN1	0.5508007	0.1889229	-1.5432312	28.60038	1
29149	NAGLU	0.2555251	0.11196442	-1.1897012	11.05113	1
29159	PLEKHH3	0.093322985	0.20574564	1.1397134	11.534578	1
29160	CCR10	0.023311958	0.0833759	1.8341142	10.344307	1
29161	AC100793.2	0.037877336	0.13706924	1.8527464	15.632581	1
29166	RAMP2-AS1	0.02658602	0.07688243	1.528445	8.00474	1
29183	VAT1	0.5727779	0.34124213	-0.7470094	13.974836	1
29192	ARL4D	0.5134743	0.13656153	-1.9099658	31.359331	1
29195	ETV4	0.15070209	0.07556536	-0.99495155	5.5181665	1
29196	MEOX1	0.0018272013	0.019457055	3.3431098	5.7667365	1
29231	GRN	0.848157	0.48025417	-0.8204029	27.66139	1
29236	FZD2	0.12538671	0.20583253	0.7146371	5.3967876	1
29283	MAPT	0.03920623	0.13566427	1.7882739	16.360367	1
29306	MYL4	0.4200943	0.16225678	-1.3718889	14.9795885	1
29307	ITGB3	0.15826067	0.04434688	-1.83306	11.186449	1
29334	COPZ2	0.4027161	0.14709541	-1.4523885	21.54475	1
29336	NFE2L1	0.48442942	0.30817714	-0.6523563	10.448262	1
29349	HOXB3	0.05758019	0.115899086	1.0079656	5.646791	1
29353	AC103702.1	3.1286618e-10	0.026654903	8.063655	13.734086	1
29358	HOXB9	0.054267984	0.18649712	1.7790974	21.699228	1
29360	AC103702.2	0.11925531	0.23531626	0.97995114	9.75492	1
29361	LINC02086	0.009004966	0.0337373	1.893889	5.451861	1
29363	PRAC2	0.007832832	0.057128783	2.8508332	14.543981	1
29364	HOXB13	0.007668767	0.05660033	2.8675997	14.519299	1
29366	TTLL6	3.1286618e-10	0.013272661	7.0631385	7.6459875	1
29388	NGFR	0.22045818	0.11283376	-0.96568245	5.229561	1
29425	LRRC59	0.4602298	0.30427626	-0.5968121	7.512136	1
29464	CA10	3.1286618e-10	0.034417965	8.431199	17.928177	1
29474	STXBP4	0.050072517	0.107026584	1.0943472	6.377063	1
29475	HLF	3.1286618e-10	0.03285973	8.364556	16.29536	1
29480	TMEM100	0.030625615	0.08133199	1.4061539	6.176313	1
29491	COIL	0.21687889	0.31155172	0.52237993	5.1848626	1
29532	SEPTIN4	0.11863682	0.21230188	0.8390292	7.064703	1
29553	VMP1	0.85173404	0.50790733	-0.74572307	23.133617	1
29580	TBX2	0.38116047	0.8963266	1.2334086	44.55244	1
29595	MRC2	1.358953	0.85626644	-0.66630155	41.472176	1
29601	TANC2	0.2278276	0.08940856	-1.348478	10.013082	1
29642	SMURF2	0.48796198	0.29917574	-0.70558906	9.606475	1
29649	RGS9	0.22628088	0.087262526	-1.3736657	10.58296	1
29687	WIPI1	0.34581172	0.13608001	-1.3448889	17.50301	1
29689	FAM20A	0.009151199	0.07249772	2.972212	19.11923	1
29693	ABCA8	0.16391128	0.07756955	-1.078374	5.7100167	1
29717	SOX9-AS1	0.10393014	0.00896823	-3.5200367	10.148949	1
29719	SOX9	0.60084045	0.10208156	-2.5560873	44.075317	1
29720	LINC00511	0.13740334	0.016450608	-3.0545106	11.295188	1
29755	GPRC5C	0.36371708	0.21433292	-0.7626867	7.7725554	1
29811	GALK1	0.30023482	0.18490317	-0.69902164	6.2621074	1
29817	TRIM47	0.15019487	0.053505424	-1.4873447	7.5930037	1
29838	SPHK1	0.16980538	0.052854083	-1.6819175	10.561965	1
29854	MXRA7	0.53035164	0.33943748	-0.64365053	9.763704	1
29856	JMJD6	0.13462868	0.063511044	-1.0827079	5.1097727	1
29857	METTL23	0.35290402	0.21436107	-0.71896875	7.575141	1
29904	TIMP2	0.6130986	0.2997128	-1.0322926	25.04607	1
29911	C1QTNF1	0.18362273	0.040978048	-2.1610906	13.889618	1
29913	RBFOX3	3.1286618e-10	0.013869545	7.126137	6.384563	1
29931	GAA	0.23467918	0.13710849	-0.7749347	5.542352	1
29993	MCRIP1	0.8744021	0.5660082	-0.627384	20.898575	1
29995	P4HB	2.3652103	1.0844833	-1.1248885	44.55244	1
29998	ARHGDIA	0.88380426	0.6234674	-0.50334466	14.170875	1
30009	PYCR1	0.4149862	0.1722734	-1.2678738	19.79592	1
30018	RAC3	0.58738846	0.25183886	-1.2214869	28.125044	1
30029	SLC16A3	0.55687404	0.2795529	-0.9939729	18.560358	1
30040	OGFOD3	0.2340143	0.13384268	-0.80559736	5.348396	1
30067	METRNL	0.2893219	0.12596695	-1.1989839	11.656314	1
30127	TGIF1	0.19993018	0.094040304	-1.0873332	7.017904	1
30148	EPB41L3	0.24179612	0.13615642	-0.82806337	5.6802945	1
30172	PTPRM	0.21521047	0.07453964	-1.5284045	12.124654	1
30221	PIEZO2	0.17427799	0.6141198	1.8165371	44.55244	1
30250	TUBB6	0.579285	0.37065837	-0.64404327	9.860335	1
30267	LDLRAD4	0.03048156	0.085053094	1.477397	7.810725	1
30280	FAM210A	0.31871837	0.19928613	-0.6771696	6.2580233	1
30331	RIOK3	0.64175105	0.37285936	-0.78322023	16.327759	1
30343	OSBPL1A	0.20300148	0.30734047	0.59810627	6.1476765	1
30359	SS18	0.22608414	0.3273407	0.53373575	5.2101483	1
30379	CDH2	1.480145	0.5381082	-1.4595996	44.55244	1
30390	DSC2	0.17520493	0.07498357	-1.2232975	7.349895	1
30399	DSG2	0.533093	0.24395128	-1.1274735	22.095715	1
30414	GAREM1	0.042831037	0.11008324	1.3598118	8.637565	1
30427	ASXL3	0.06612867	0.15940228	1.2680492	11.486063	1
30457	FHOD3	0.070683256	0.012224993	-2.5218215	6.045022	1
30469	MIR924HG	3.1286618e-10	0.010587857	6.7398243	6.452169	1
30536	DYM	0.23324825	0.12909694	-0.8529128	6.4104853	1
30548	ACAA2	0.62630254	0.40896595	-0.61475676	12.732637	1
30562	ELAC1	0.037295178	0.08051967	1.1082796	5.0761333	1
30578	RAB27B	0.18864527	0.08909392	-1.0814232	6.6207757	1
30641	LMAN1	1.3869021	0.76728266	-0.85395193	44.55244	1
30643	CCBE1	0.16645013	0.012207499	-3.758347	13.149337	1
30672	BCL2	0.07321279	0.14348896	0.96980804	6.359833	1
30675	KDSR	0.3980356	0.24305311	-0.71139467	8.58655	1
30697	LINC01916	3.1286618e-10	0.15375717	10.587372	44.55244	1
30699	CDH7	0.03780593	0.40151754	3.4053266	44.55244	1
30702	CDH19	0.16322829	0.018218387	-3.1564102	12.792998	1
30723	DOK6	0.09393038	0.18448171	0.9730607	8.3682995	1
30742	CBLN2	3.1286618e-10	0.14917547	10.5437565	44.55244	1
30754	CYB5A	0.4048237	0.25215307	-0.6827783	8.358991	1
30827	NFATC1	0.23415239	0.045892928	-2.34858	17.69271	1
30859	PLPP2	0.107316256	0.026316414	-2.023706	7.831106	1
30874	BSG	1.3080534	0.8263023	-0.6626155	41.00172	1
30917	FAM174C	0.41204765	0.21595123	-0.9317877	13.423798	1
30980	GADD45B	0.21626021	0.10720426	-1.0117278	6.713235	1
31001	TLE2	0.17090532	0.05563113	-1.6174859	9.456841	1
31033	MRPL54	0.426534	0.29321778	-0.5405345	6.347984	1
31058	SH3GL1	0.38632777	0.27171794	-0.50755817	5.067978	1
31072	MYDGF	1.4336102	0.6893705	-1.0561926	44.55244	1
31097	LONP1	0.22550137	0.13392405	-0.75128394	5.194876	1
31121	CLPP	0.5848885	0.39364958	-0.57113	10.673872	1
31168	STXBP2	0.056886807	0.008236043	-2.7731934	5.3722525	1
31183	TGFBR3L	0.10597759	0.019723292	-2.4198513	8.338124	1
31197	CD320	0.43738705	0.20985377	-1.0591686	16.1298	1
31198	NDUFA7	0.53397334	0.3404908	-0.6489985	11.383789	1
31201	ANGPTL4	0.7638713	0.3475837	-1.1357431	20.911037	1
31247	ZNF846	0.13687365	0.06382022	-1.099554	5.025972	1
31282	S1PR5	0.032007765	0.08480783	1.4029752	7.546141	1
31287	SLC44A2	0.25015938	0.13164973	-0.92562395	7.8115783	1
31295	YIPF2	0.3848239	0.15138692	-1.34538	18.817438	1
31301	KANK2	0.23935628	0.4495377	0.90900064	18.095068	1
31316	RGL3	0.00706318	0.06483075	3.18023	16.641403	1
31322	CNN1	0.21347164	0.11037578	-0.95099	5.599158	1
31334	ZNF439	0.0068529034	0.04245162	2.6135266	11.151843	1
31382	DNASE2	0.32488993	0.1291199	-1.3305666	15.247694	1
31391	RAD23A	0.70574707	0.49688876	-0.5061425	11.091925	1
31394	NFIX	0.1634833	0.054888368	-1.5728271	8.8282	1
31397	LYL1	0.08765509	0.027959231	-1.6450074	5.6287713	1
31432	ADGRL1	0.09692194	0.16930482	0.80409193	5.803312	1
31441	PKN1	0.32796907	0.20873868	-0.6516106	6.1222825	1
31461	SYDE1	0.07203673	0.13267788	0.88020897	5.559872	1
31464	NOTCH3	0.17236517	0.35603037	1.0461004	17.978685	1
31512	SLC35E1	0.3393576	0.17704143	-0.9383297	10.495318	1
31550	PLVAP	0.01776945	0.10421922	2.5454378	22.525246	1
31553	BST2	0.54249173	0.8601002	0.6648054	16.857796	1
31566	COLGALT1	0.27733293	0.15645681	-0.8254526	7.6562076	1
31583	PIK3R2	0.095188476	0.16170195	0.7638553	5.1009645	1
31588	PDE4C	0.016792864	0.06589938	1.9660386	8.597208	1
31603	KXD1	0.46812686	0.28741288	-0.70358115	11.226986	1
31665	ZNF85	0.016574623	0.052133612	1.6473243	5.978884	1
31709	ZNF91	0.17329423	0.26752323	0.6261474	5.9297576	1
31713	ZNF681	0.01037726	0.035625536	1.7696943	5.1768327	1
31787	PDCD5	0.90348375	0.620631	-0.5416902	15.836224	1
31823	GPI	0.86443114	0.5738717	-0.5909384	16.79103	1
31831	ZNF302	0.19431138	0.29693475	0.61151904	6.306343	1
31855	FXYD5	1.2680231	0.37289822	-1.7654543	44.55244	1
31897	HSPB6	3.1286618e-10	0.022424402	7.8153405	11.065107	1
31900	ARHGAP33	0.019487146	0.054572314	1.4809034	5.265217	1
31927	LINC00665	0.06916728	0.13446128	0.95801747	5.879442	1
31987	SPINT2	0.17316696	0.067858934	-1.3502614	7.3954105	1
31992	KCNK6	0.19482602	0.039221395	-2.3095403	14.307451	1
32046	PLEKHG2	0.11563516	0.20330356	0.8135178	7.3388124	1
32082	BLVRB	0.75855184	0.46737912	-0.69853604	17.080643	1
32091	MIA	0.08797068	0.0035683126	-4.5854735	7.1018667	1
32103	AXL	0.22404194	0.12636064	-0.8257242	5.7659106	1
32106	TGFB1	0.8492468	0.41132882	-1.0457109	34.984203	1
32137	RABAC1	1.7235024	1.1237394	-0.6169912	44.55244	1
32179	ETHE1	0.28317264	0.1754681	-0.6901604	5.848472	1
32190	PLAUR	0.3221933	0.057031404	-2.4960182	26.31993	1
32232	BCL3	0.150556	0.06440848	-1.2236973	6.635843	1
32260	PPP1R13L	0.10497699	0.020492522	-2.3512545	8.265104	1
32263	FOSB	0.41915068	0.23975515	-0.8056497	9.168969	1
32268	GPR4	3.1286618e-10	0.017312828	7.444002	10.804379	1
32306	CCDC8	0.15756665	0.24233194	0.6207022	5.1296363	1
32316	GNG8	0.13486496	0.03411822	-1.9797482	8.768384	1
32323	SLC1A5	0.30263928	0.14208625	-1.0902938	10.603723	1
32327	NPAS1	0.012418164	0.053910367	2.1092134	9.10529	1
32331	BBC3	0.20768996	0.10815246	-0.94072616	5.442187	1
32376	GRIN2D	0.10563006	0.03782228	-1.4792681	5.7597046	1
32402	PPP1R15A	0.7911569	0.5075251	-0.6403827	15.467342	1
32404	NUCB1	1.0252911	0.50009626	-1.035608	44.55244	1
32429	HRC	0.04058865	0.16082105	1.9836547	21.552385	1
32432	AC011450.1	3.1286618e-10	0.007827044	6.3087068	5.1710854	1
32434	TEAD2	0.16614178	0.28070137	0.7562669	8.320071	1
32448	RCN3	0.35074687	0.062452674	-2.4876978	22.171556	1
32453	RRAS	1.1187255	0.78571033	-0.509732	20.623262	1
32497	JOSD2	0.3860871	0.20503618	-0.912718	11.906159	1
32504	CLEC11A	0.8920547	0.6158743	-0.53442377	11.477528	1
32543	ETFB	0.999631	0.6882984	-0.5382961	18.088778	1
32576	ZNF350	3.1286618e-10	0.035912365	8.492344	17.522963	1
32594	ZNF880	0.0055760304	0.035233736	2.638092	7.891103	1
32641	MYADM	0.49356788	0.327874	-0.58995926	8.597864	1
32702	TNNT1	0.12321997	0.031784322	-1.9514872	6.5864	1
32853	A1BG	0.6766591	0.36756912	-0.88023454	22.0207	1
32888	ZCCHC3	0.2017129	0.31369853	0.6368201	7.071349	1
32893	TRIB3	0.19053894	0.047388084	-2.0052054	9.588944	1
32897	TCF15	0.0106548285	0.06366075	2.5676842	14.145468	1
32905	PSMF1	0.42712572	0.28696638	-0.5736142	7.0465026	1
32962	HSPA12B	0.009333661	0.036016487	1.936768	5.2582283	1
32975	SMOX	0.17236677	0.06545756	-1.3954843	8.860754	1
32980	PRNP	0.26878622	0.08549682	-1.6513667	15.040256	1
33014	BMP2	0.12775831	0.039171513	-1.7029909	6.891251	1
33021	TMX4	0.40493232	0.24846481	-0.7044149	8.562973	1
33073	FLRT3	0.011163333	0.16783704	3.8982148	44.55244	1
33093	DSTN	1.7717286	1.1970398	-0.5656474	44.55244	1
33113	DTD1	0.4497989	0.21819295	-1.0433353	17.772747	1
33183	CST3	1.8579149	0.8835085	-1.0722829	44.55244	1
33202	APMAP	0.47465	0.23228382	-1.0306584	18.18393	1
33212	PYGB	0.16074738	0.07162208	-1.1652032	6.6082625	1
33246	HM13	0.70891327	0.4459966	-0.6684565	16.002659	1
33259	FOXS1	0.06554104	0.23650324	1.8498	26.474058	1
33266	CCM2L	3.1286618e-10	0.012156213	6.937365	6.611838	1
33301	SNTA1	0.20914315	0.081720546	-1.3546454	9.617139	1
33317	EIF2S2	1.1131364	0.73577243	-0.5972324	24.845644	1
33321	AHCY	0.4815549	0.3100409	-0.63507617	8.537532	1
33338	EDEM2	0.15843275	0.056115028	-1.495753	8.876029	1
33339	PROCR	0.10685914	0.033975262	-1.6502631	6.7363195	1
33341	MMP24OS	0.64208513	0.35667187	-0.84798753	19.704023	1
33352	ERGIC3	0.8816019	0.5830247	-0.5964866	18.953318	1
33366	EPB41L1	0.055101745	0.11482573	1.057916	6.2044973	1
33373	TGIF2	0.084927976	0.15567355	0.87344074	6.035376	1
33384	RPN2	1.0862901	0.4891419	-1.1509224	44.55244	1
33390	NNAT	0.18513134	0.31711167	0.7761175	8.5375395	1
33431	MAFB	0.16782053	0.6280327	1.9032907	44.55244	1
33444	PTPRT	0.064834945	0.0079888515	-3.0049884	6.014318	1
33471	SERINC3	0.4751273	0.3294137	-0.52827924	7.0096884	1
33495	SDC4	0.09946627	0.029902587	-1.7305702	6.5936484	1
33500	PIGT	0.45661485	0.21583064	-1.0807257	18.896734	1
33524	CTSA	0.31203818	0.17505845	-0.8335241	8.29085	1
33526	PLTP	0.8858423	0.34551552	-1.3580449	44.55244	1
33530	MMP9	0.026757296	0.32835552	3.6123118	44.55244	1
33555	SULF2	0.26664189	0.091594145	-1.5405427	11.764816	1
33573	PREX1	0.018568898	0.05072983	1.4450387	5.0882616	1
33583	KCNB1	0.0006418564	0.024656683	5.0605345	11.558625	1
33597	CEBPB	0.35390496	0.15992917	-1.1454346	12.742872	1
33625	TSHZ2	0.07318013	0.7054946	3.2673454	44.55244	1
33627	AL391097.1	0.0029883438	0.028416384	3.2068858	8.766093	1
33643	DOK5	0.2694915	0.045372453	-2.5677102	21.023201	1
33680	PMEPA1	0.49148574	0.3142879	-0.64489734	8.174719	1
33705	CTSZ	0.51650435	0.2111432	-1.2901549	22.378405	1
33742	OSBPL2	0.20391743	0.10710945	-0.92826027	6.256523	1
33745	LAMA5	0.19377469	0.101810366	-0.92782354	6.2642164	1
33774	COL9A3	0.83950096	0.12536234	-2.7424495	44.55244	1
33793	NKAIN4	0.003162694	0.10296552	4.981354	35.923084	1
33802	EEF1A2	0.107342295	0.029767554	-1.8469111	5.6347623	1
33820	ZBTB46	0.05815295	0.14248954	1.2914652	10.83899	1
33907	SAMSN1	0.012284802	0.05948361	2.2663448	10.671615	1
33913	NRIP1	0.14825796	0.34268212	1.2082095	20.904108	1
33928	CXADR	0.105067596	0.020793838	-2.3315408	8.096604	1
33929	BTG3	0.49155188	0.2676026	-0.877006	14.561649	1
33933	C21orf91	0.059262563	0.17266865	1.5412161	16.772158	1
33936	CHODL	0.0035724475	0.25036904	6.091747	44.55244	1
33950	NCAM2	0.0065625813	0.16701546	4.64862	44.55244	1
33999	CYYR1	0.078416236	0.29143396	1.8926009	39.263195	1
34002	ADAMTS5	0.023430705	0.16598569	2.8193114	34.990738	1
34024	BACH1	0.4697611	0.30445433	-0.6255348	7.9573364	1
34093	PAXBP1	0.19498403	0.3040285	0.6405853	6.832097	1
34105	IFNAR2	0.25965312	0.15576269	-0.73686534	5.760001	1
34107	IL10RB	0.21194148	0.105394885	-1.0071735	7.265366	1
34108	IFNAR1	0.40695813	0.27172157	-0.58257496	7.060929	1
34109	IFNGR2	0.38720953	0.23019193	-0.75002307	9.091562	1
34167	PIGP	0.3211366	0.18091851	-0.8274989	8.747087	1
34188	ERG	0.0015344907	0.014426619	3.1517859	5.141695	1
34191	ETS2	0.20924127	0.0882645	-1.2443179	8.210579	1
34206	GET1	0.2994001	0.19366826	-0.628224	5.8120413	1
34221	BACE2	0.26241663	0.08046407	-1.7042003	15.526146	1
34258	PDE9A	0.02468128	0.061593346	1.3158643	5.1502585	1
34284	PDXK	0.38158962	0.25368497	-0.5887934	6.3334413	1
34286	CSTB	1.0443964	0.6829953	-0.61264867	25.273323	1
34350	ADARB1	0.121219665	0.052107025	-1.2164975	5.3061905	1
34353	POFUT2	0.41206297	0.16105473	-1.3547683	21.158392	1
34361	COL18A1	0.89809644	0.4982663	-0.8498246	20.207968	1
34440	ATP6V1E1	0.44750646	0.28198949	-0.66607803	9.306699	1
34488	MRPL40	0.52384347	0.34165615	-0.616444	10.602261	1
34504	COMT	0.31723204	0.18556073	-0.77332443	7.23797	1
34558	YDJC	0.13274959	0.052480806	-1.3371856	6.8841696	1
34701	DDT	1.0452844	0.7100503	-0.5578372	23.774702	1
34755	TPST2	0.18179102	0.08341069	-1.1230415	7.219979	1
34783	MN1	0.02668395	0.07670037	1.5197445	7.555961	1
34790	XBP1	0.6709611	0.34182963	-0.97274476	24.664494	1
34860	SELENOM	1.1437418	0.5039126	-1.1823559	44.55244	1
34903	TIMP3	0.22308208	0.34957469	0.64779204	5.464626	1
34906	LARGE1	0.03186228	0.08066683	1.3373926	6.656099	1
34964	TST	0.15195039	0.07546939	-1.0086757	5.5988736	1
34965	MPST	0.5194418	0.29126924	-0.83439124	15.364006	1
34974	RAC2	0.1243011	0.02757638	-2.1682723	9.369903	1
34989	LGALS1	3.052615	1.3993725	-1.1252097	44.55244	1
35021	KDELR3	0.8169193	0.22499304	-1.8598487	44.55244	1
35058	SYNGR1	0.41617006	0.23736656	-0.8097954	11.183953	1
35065	RPS19BP1	0.7012298	0.4661637	-0.58894706	13.756877	1
35079	MCHR1	0.0836374	0.011472488	-2.855173	7.539594	1
35109	SHISA8	3.1286618e-10	0.014636753	7.2032704	8.073023	1
35110	TNFRSF13C	0.0030848784	0.023984047	2.9187675	6.9256625	1
35138	ARFGAP3	0.59894896	0.38170502	-0.6498379	12.259384	1
35144	TSPO	1.1973077	0.6230446	-0.9422756	44.55244	1
35160	PARVB	0.07623637	0.02339356	-1.7001052	5.2262073	1
35251	CRELD2	0.42063376	0.258839	-0.7002953	8.516958	1
35278	LMF2	0.25945267	0.14452963	-0.8436641	6.594329	1
35293	ARSA	0.12006564	0.054326717	-1.1426374	5.255389	1
35310	IL3RA	0.00061616313	0.04323502	5.919101	18.739992	1
35324	CD99	2.4860334	1.516905	-0.71267796	44.55244	1
35341	NLGN4X	0.030100668	0.104874425	1.7973856	13.8168545	1
35351	ANOS1	0.0072679394	0.034243386	2.2206993	6.682509	1
35357	TBL1X	0.14750965	0.2393343	0.69784284	6.355875	1
35359	SHROOM2	0.011885243	0.05202185	2.1206293	9.769975	1
35372	FRMPD4	0.0036919224	0.027998105	2.8894715	7.182219	1
35423	RAI2	0.0076111825	0.035076108	2.189572	6.60687	1
35427	CDKL5	0.16590238	0.25568777	0.6237433	5.4224806	1
35437	SH3KBP1	0.39056906	0.15822412	-1.3030659	17.125013	1
35461	PRDX4	1.8678248	0.9026317	-1.0490671	44.55244	1
35464	SAT1	1.3484873	0.57508373	-1.229354	44.55244	1
35489	IL1RAPL1	0.004636078	0.11624299	4.618548	44.55244	1
35490	AC003659.1	3.1286618e-10	0.02604718	8.030507	12.86631	1
35509	AL591501.1	3.1286618e-10	0.01321488	7.056891	6.5592675	1
35523	DYNLT3	0.40288872	0.21868746	-0.8812094	11.562481	1
35528	SRPX	0.3285081	0.09025641	-1.8626692	20.153925	1
35546	ATP6AP2	0.9330873	0.6046789	-0.6257587	23.405567	1
35549	CXorf38	0.21326435	0.11080692	-0.9439698	6.611053	1
35605	TIMP1	2.8770437	1.7495362	-0.71758235	44.55244	1
35608	UXT	0.88459903	0.55859774	-0.6631188	24.18846	1
35640	PCSK1N	0.24278216	0.0959049	-1.3390765	8.271047	1
35643	SLC35A2	0.14509478	0.07048604	-1.0405349	5.3537593	1
35654	PLP2	0.64479506	0.20628761	-1.6437081	40.949295	1
35700	MAGED1	0.95398897	0.6709032	-0.50780416	16.646528	1
35739	TRO	0.08810367	0.17652889	1.0018107	8.530568	1
35769	SPIN4	0.019231385	0.076189965	1.9805484	11.453604	1
35780	MSN	1.2209134	0.7957826	-0.6174514	27.66877	1
35835	NHSL2	0.06945209	0.15020834	1.1117593	8.212734	1
35879	MAGT1	0.3925622	0.220427	-0.8323333	10.462936	1
35882	PGK1	2.1536496	1.3104872	-0.7166372	44.55244	1
35890	ITM2A	0.31232697	0.08255903	-1.9182745	16.617079	1
35908	DACH2	0.0012551842	0.018764228	3.7990923	7.811454	1
35921	DIAPH2	0.1525294	0.24599628	0.6891899	6.1164184	1
35926	TNMD	3.1286618e-10	0.011151563	6.8139772	5.716412	1
35928	SRPX2	0.21765585	0.054592013	-1.9933094	15.4527	1
35936	TMEM35A	0.026262127	0.06639645	1.3348106	5.205935	1
35946	ARMCX1	0.0049118353	0.2360668	5.5583234	44.55244	1
35952	ARMCX2	0.36636198	0.25029042	-0.5494842	5.2707524	1
35963	TMSB15A	0.13550535	0.23036678	0.76514477	6.227748	1
35977	BEX1	0.56578517	0.2301931	-1.2970382	18.503653	1
35982	BEX2	0.1130396	0.22631167	1.0008444	8.259737	1
35994	MORF4L2	1.1378912	0.7466691	-0.6077552	29.537045	1
36009	IL1RAPL2	3.1286618e-10	0.012208716	6.943532	6.5165644	1
36011	NRK	0.054907724	0.5313452	3.2722147	44.55244	1
36016	TBC1D8B	0.16775273	0.0813584	-1.0430605	6.0923753	1
36017	MORC4	0.23059918	0.121409856	-0.9249396	6.8010187	1
36041	KCNE5	0.0025306002	0.021360189	3.0281987	5.294887	1
36050	CAPN6	3.1286618e-10	0.024858657	7.9633923	11.726919	1
36051	DCX	3.1286618e-10	0.13531776	10.403196	44.55244	1
36052	SERTM2	0.0009156423	0.016491693	4.029997	6.9677763	1
36059	AMOT	0.087393306	0.29362947	1.7472434	33.598557	1
36076	KLHL13	0.026514137	0.07075739	1.4127256	6.748298	1
36095	SEPTIN6	1.101225	0.72513795	-0.60271394	22.878479	1
36112	LAMP2	0.6818063	0.37761927	-0.8522592	21.631931	1
36143	TENM1	0.0049450053	0.10335445	4.357996	39.08339	1
36166	RAB33A	0.17075227	0.033395223	-2.350722	12.884894	1
36175	IGSF1	0.02969838	0.083789274	1.4932525	8.022943	1
36190	GPC3	0.32814786	0.6070636	0.8872997	18.557793	1
36195	MIR503HG	0.11610545	0.24949451	1.1029085	12.445317	1
36205	RTL8C	0.93452656	0.6589836	-0.50392866	17.337078	1
36233	FHL1	0.36701447	0.23039131	-0.6715175	6.899387	1
36259	LINC00632	0.5486443	0.89319927	0.70300955	23.901535	1
36260	CDR1	0.0032216327	0.02042576	2.6274712	5.219293	1
36305	TMEM185A	0.2134339	0.11020786	-0.9529295	6.579387	1
36371	SLC6A8	0.5131514	0.09394796	-2.4481971	22.226019	1
36380	L1CAM	0.17530374	0.06369284	-1.4592131	9.0506935	1
36403	DNASE1L1	0.14048544	0.050376758	-1.477756	8.468412	1
36406	ATP6AP1	0.4832228	0.26339328	-0.87522095	14.5885	1
36408	FAM50A	0.7727247	0.4806395	-0.684886	18.75792	1
36415	G6PD	0.19490431	0.101270616	-0.94386655	6.037542	1
36426	F8	0.18887559	0.026737228	-2.8158922	15.004679	1
36429	FUNDC2	0.80510634	0.5361668	-0.5864076	15.579424	1
36430	CMC4	0.3651854	0.120876625	-1.5942957	19.050491	1
36500	NLGN4Y	0.06135784	0.13258319	1.1103165	7.69777	1
36519	EIF1AY	0.38873568	0.24233297	-0.6815747	7.877559	1
36566	MT-ND3	1.5832404	2.4074137	0.6045725	44.55244	1
36570	MT-ND6	0.32328126	0.5533164	0.7751295	15.476016	1
