	gene	expression_1	expression_2	log2FC	-log10 p-val	significant
16	LINC01128	0.091718614	0.04498004	-1.0262978	5.6609855	1
22	LINC02593	0.006315558	0.041534267	2.698125	6.3172565	1
23	SAMD11	0.059977733	0.12936868	1.1077008	6.861688	1
24	NOC2L	0.22728476	0.1311237	-0.7931071	9.176203	1
30	ISG15	0.24941832	0.16468316	-0.59857684	6.0086126	1
32	AGRN	0.15754433	0.25266615	0.6811299	6.931946	1
44	SDF4	0.8966614	0.33279946	-1.4296377	44.55244	1
45	B3GALT6	0.20208208	0.09712415	-1.0562685	13.055516	1
48	UBE2J2	0.29491273	0.19650485	-0.58547825	7.304991	1
51	ACAP3	0.115132175	0.06153624	-0.9026928	5.72936	1
52	PUSL1	0.1330494	0.049645334	-1.4204128	13.686667	1
53	INTS11	0.19931906	0.11130849	-0.8399441	8.892411	1
55	CPTP	0.088225275	0.04394922	-1.0037098	5.4565606	1
57	DVL1	0.0797345	0.032322153	-1.3000323	7.165602	1
71	ATAD3A	0.11178951	0.030571623	-1.8670983	17.005938	1
73	SSU72	0.79571825	0.47810397	-0.7348129	33.95264	1
75	FNDC10	0.104948014	0.02935664	-1.8343842	15.889635	1
79	MMP23B	0.3560517	0.025070006	-3.8227146	44.55244	1
86	GNB1	0.930895	0.61522245	-0.59743065	29.584398	1
94	PRKCZ	0.02069971	0.0028450745	-2.8201873	5.4083967	1
99	SKI	0.21212816	0.14009063	-0.59822625	5.324475	1
104	RER1	0.73402554	0.3920742	-0.9045323	43.438496	1
136	TPRG1L	0.15179878	0.056486692	-1.4245756	15.023608	1
142	SMIM1	0.15080108	0.045975525	-1.7115306	18.310162	1
145	CEP104	0.15847641	0.091168866	-0.7969835	6.3847504	1
177	ACOT7	0.09187685	0.019423276	-2.2360756	18.364536	1
180	ESPN	0.069316655	0.0009187869	-6.090358	21.144285	1
189	THAP3	0.15418084	0.073088564	-1.0758687	10.156204	1
202	VAMP3	0.45914227	0.185865	-1.3042243	43.598198	1
207	TNFRSF9	0.01398658	1.3242243e-09	-7.1381583	5.6680746	1
211	ERRFI1	0.25632674	0.017765278	-3.8433163	44.55244	1
219	ENO1	2.7464192	0.73370034	-1.9041448	44.55244	1
226	LNCTAM34A	0.02167294	0.00308609	-2.7726772	5.626545	1
238	CTNNBIP1	0.24582538	0.14569996	-0.7542303	9.378795	1
241	LZIC	0.44330546	0.30132523	-0.5568264	10.471103	1
254	DFFA	0.27400798	0.18029465	-0.6035877	7.0156336	1
264	SRM	0.6371691	0.27677733	-1.2026559	44.55244	1
277	FBXO2	0.038686026	0.0070576905	-2.4379709	7.9921803	1
280	MAD2L2	0.22739835	0.056770094	-2.000114	37.86262	1
282	AGTRAP	0.22507313	0.121085	-0.8938235	10.964529	1
287	NPPA	0.026259614	0.0020530976	-3.6138437	7.0621643	1
290	KIAA2013	0.21366613	0.09780009	-1.1266512	15.112229	1
291	PLOD1	1.3441424	0.11028115	-3.6062276	44.55244	1
344	TMEM51	0.07837493	0.018415816	-2.0834737	12.960778	1
374	HSPB7	0.20633769	0.014732699	-3.7988534	44.55244	1
377	FAM131C	0.0139182275	1.3242243e-09	-7.131141	6.0366015	1
382	ARHGEF19	0.024474002	0.0011518798	-4.294965	8.156915	1
401	BX284668.5	0.06407937	0.013565578	-2.231563	11.626661	1
406	ATP13A2	0.08402414	0.041717313	-1.0084194	5.377079	1
407	SDHB	0.25941837	0.15961504	-0.7003364	8.582981	1
416	RCC2	0.17665297	0.26594025	0.58991	5.957601	1
431	UBR4	0.19205853	0.12378654	-0.6332776	5.397742	1
433	EMC1	0.19846399	0.115054935	-0.7860278	7.94998	1
434	MRTO4	0.27163857	0.1590983	-0.77139443	10.617887	1
438	CAPZB	0.9385108	0.48604095	-0.94915247	44.55244	1
441	NBL1	0.12858783	0.028677197	-2.1608777	22.377943	1
449	PLA2G5	0.017942423	1.3242243e-09	-7.49523	5.155302	1
464	CAMK2N1	0.16585352	0.25314233	0.6097393	5.175274	1
467	CDA	0.0063495478	0.09865702	3.9366133	18.360302	1
470	DDOST	1.0356848	0.50614667	-1.0328119	44.55244	1
477	ECE1	0.9989794	0.083152406	-3.5850356	44.55244	1
485	USP48	0.48109186	0.2846655	-0.7568379	18.556555	1
487	HSPG2	0.28975523	0.14155701	-1.0329304	16.431664	1
503	EPHB2	0.060031816	0.008227696	-2.8521395	15.067607	1
509	LUZP1	0.5185697	0.3223959	-0.68553543	16.850374	1
517	TCEA3	0.07986632	0.028309297	-1.4930295	8.450465	1
527	PITHD1	0.27975413	0.18688773	-0.5817313	6.6476893	1
530	HMGCL	0.22674482	0.06921037	-1.7105625	29.946718	1
547	RCAN3	0.11659631	0.053883832	-1.1121596	8.021108	1
552	CLIC4	0.6643871	0.23443475	-1.5024395	44.55244	1
565	TMEM50A	0.8790109	0.46067438	-0.9319847	44.55244	1
567	MACO1	0.28659555	0.18170632	-0.65711707	8.333747	1
568	LDLRAP1	0.054730576	0.015196428	-1.8417859	8.346989	1
570	MAN1C1	0.076801874	0.009650337	-2.9794948	18.433435	1
572	SELENON	0.17397156	0.08264247	-1.0729805	11.776708	1
584	TRIM63	0.02311676	0.0035009596	-2.6887133	5.4277854	1
589	ZNF593	0.25372586	0.155095	-0.709757	8.440078	1
593	SH3BGRL3	2.089637	0.8317905	-1.3288558	44.55244	1
599	DHDDS	0.1838361	0.089800015	-1.0328114	11.288033	1
614	TRNP1	0.05956394	1.3242243e-09	-9.220696	23.66198	1
619	TMEM222	0.15589464	0.08145586	-0.935636	8.310307	1
631	IFI6	0.2609145	0.124180466	-1.0705304	16.16546	1
644	XKR8	0.09537257	0.04726026	-1.0114094	5.840252	1
651	SESN2	0.13796009	0.070696056	-0.9635554	7.100308	1
656	TRNAU1AP	0.19795574	0.124732375	-0.6659144	6.1291	1
657	SNHG12	0.109317824	0.045939744	-1.2488961	8.290162	1
658	TAF12	0.25811905	0.14614797	-0.8201788	11.0458145	1
667	TMEM200B	0.046665374	0.009229549	-2.3255615	9.4822235	1
672	PTPRU	0.04915507	0.0031354944	-3.9282143	14.585666	1
683	LAPTM5	0.02804372	0.0052494276	-2.3953567	5.2230353	1
687	SDC3	0.43448722	0.07593955	-2.514824	44.55244	1
691	ZCCHC17	0.43187287	0.21889803	-0.98002285	25.875015	1
694	SERINC2	0.09629308	0.049690325	-0.953064	5.177172	1
697	TINAGL1	0.0022097137	0.07325769	4.9891624	14.184484	1
705	SPOCD1	0.02164476	0.0010789789	-4.205058	7.2887597	1
708	PTP4A2	0.99194896	0.5942593	-0.7390759	44.55244	1
717	CCDC28B	0.6011763	0.3525361	-0.76984805	24.66234	1
722	EIF3I	0.7992548	0.5447447	-0.552991	21.208954	1
729	FAM229A	0.09392939	0.015381872	-2.602532	20.375647	1
732	ZBTB8A	0.28413448	0.16732	-0.7636095	10.276039	1
738	YARS	0.3612141	0.12177845	-1.5678104	39.966797	1
742	TMEM54	0.13930877	0.016844716	-3.0404139	33.94061	1
746	AK2	0.32457885	0.14625038	-1.1495868	24.040812	1
754	PHC2	0.32355377	0.2201791	-0.5551187	7.336125	1
757	CSMD2	0.015975427	0.0009970111	-3.873207	5.4999943	1
767	GJA4	0.015438667	0.1999541	3.6864557	32.891006	1
770	TMEM35B	0.3188127	0.195175	-0.70765424	10.490129	1
777	KIAA0319L	0.24731389	0.12425051	-0.99251413	14.369078	1
781	PSMB2	0.78460956	0.5123185	-0.61483616	24.085695	1
783	CLSPN	0.08128652	0.019516528	-2.0527203	11.391335	1
792	ADPRHL2	0.19814155	0.09018634	-1.1346796	13.857138	1
797	SH3D21	0.13050537	0.028676512	-2.1822507	22.128222	1
801	LSM10	0.4215979	0.222092	-0.92440283	22.909883	1
803	MRPS15	0.47615284	0.29183093	-0.7061007	16.479256	1
816	GNL2	0.24693166	0.12071435	-1.0319041	15.155428	1
820	CDCA8	0.05346862	0.0018009553	-4.8165917	14.006092	1
825	C1orf122	1.0061234	0.6361927	-0.6611883	38.447124	1
829	SF3A3	0.3148336	0.20722309	-0.6031669	8.201924	1
832	POU3F1	0.0068935873	0.06699359	3.2620704	11.229965	1
840	RRAGC	0.31950438	0.2205757	-0.5343592	6.7471266	1
854	HEYL	0.114121616	0.28362158	1.3126401	19.09162	1
858	PPIE	0.25232968	0.14357436	-0.8130789	10.766902	1
869	CAP1	1.0573436	0.7303959	-0.5336326	27.029732	1
870	PPT1	0.20429301	0.1103223	-0.8883143	10.031045	1
871	RLF	0.36873668	0.16699122	-1.1423463	27.267721	1
875	COL9A2	0.10091247	0.010540733	-3.246864	22.480202	1
905	HIVEP3	0.036157556	0.010656079	-1.7531295	5.5361238	1
917	PPIH	0.17461708	0.10008078	-0.80241495	7.270432	1
922	P3H1	0.7683474	0.16826548	-2.19035	44.55244	1
923	C1orf50	0.24185237	0.11433234	-1.0802282	16.346422	1
930	SLC2A1	0.55679506	0.015309288	-5.1755333	44.55244	1
934	EBNA1BP2	0.22737624	0.14000888	-0.6991674	7.5142403	1
942	CDC20	0.075788096	1.3242243e-09	-9.567711	17.321043	1
943	ELOVL1	0.25984466	0.13759655	-0.91671205	13.079536	1
944	MED8	0.42051768	0.22064589	-0.93012285	23.275002	1
950	PTPRF	0.22723518	0.04247507	-2.4167402	44.55244	1
960	ATP6V0B	0.8824538	0.53666747	-0.7173869	36.42532	1
961	B4GALT2	0.18100841	0.0468338	-1.9481544	28.513586	1
963	SLC6A9	0.016446203	0.062073767	1.9098059	6.763013	1
968	ERI3	0.29097188	0.17249162	-0.7540129	10.874711	1
973	KIF2C	0.056373145	0.00095508184	-5.7421384	16.463825	1
992	PRDX1	1.7241746	1.1516236	-0.582195	44.55244	1
993	AKR1A1	0.5309769	0.277189	-0.9375305	30.314524	1
1026	CYP4X1	0.0016922882	0.0504353	4.817417	10.109779	1
1034	STIL	0.028034147	0.006343372	-2.1264343	5.4292383	1
1035	CMPK1	0.48451564	0.1889098	-1.3583798	44.55244	1
1049	SPATA6	0.16209285	0.2704597	0.7382367	8.43634	1
1052	BEND5	0.17123666	0.09314687	-0.87770677	7.434138	1
1064	FAF1	0.14347073	0.08522018	-0.75080276	5.3322797	1
1066	CDKN2C	0.011997133	1.3242243e-09	-6.9185023	5.8010006	1
1069	RNF11	0.25244343	0.16527869	-0.61075807	6.614922	1
1081	TXNDC12	0.5787412	0.2653458	-1.1247503	44.55244	1
1092	TUT4	0.3733069	0.59756315	0.67858416	17.56107	1
1094	GPX7	0.50963616	0.18452054	-1.4651877	44.55244	1
1108	CZIB	0.3424766	0.23087049	-0.5687181	8.0931225	1
1125	HSPB11	0.33471167	0.19829929	-0.75494295	12.447138	1
1126	LRRC42	0.22131422	0.12535055	-0.81962913	9.5144615	1
1128	TMEM59	1.160168	0.7645073	-0.6016673	41.515015	1
1133	MRPL37	0.2543828	0.1379287	-0.8825998	12.1565695	1
1140	ACOT11	0.09655433	0.028140869	-1.7750499	12.837504	1
1167	PRKAA2	0.041555792	0.00358608	-3.4983578	11.156081	1
1173	DAB1	0.022758612	0.0019729452	-3.4629838	6.3119864	1
1182	JUN	0.67822325	0.39029542	-0.797037	23.041151	1
1199	AC099792.1	0.016363297	1.3242243e-09	-7.3630905	6.313715	1
1205	TM2D1	0.4696961	0.28148988	-0.7384393	17.50365	1
1210	USP1	0.22985442	0.14299473	-0.6843773	7.0412784	1
1226	ITGB3BP	0.17980984	0.081676096	-1.1375229	12.390803	1
1230	PGM1	0.34928337	0.07699319	-2.1801355	44.55244	1
1231	ROR1	0.024729593	0.10272809	2.050102	11.7018175	1
1240	AK4	0.45876127	0.012240603	-5.216573	44.55244	1
1241	DNAJC6	0.01679908	0.0021627194	-2.900815	5.0163717	1
1244	LEPR	0.05776284	0.017609626	-1.7081034	7.7587385	1
1247	PDE4B	0.18409047	0.0021208643	-6.3739333	44.55244	1
1249	SGIP1	0.06308773	0.016028639	-1.9700198	9.77623	1
1263	GADD45A	0.58652055	0.1842932	-1.6696422	44.55244	1
1264	GNG12	0.46866664	0.32088068	-0.54638344	10.500436	1
1267	WLS	0.34388605	0.23848489	-0.52784723	6.8920617	1
1269	DEPDC1	0.052649472	0.0012608947	-5.2765293	14.306598	1
1288	CTH	0.022779647	0.0022241531	-3.2992876	6.5133963	1
1292	PTGER3	0.072603695	0.0020462973	-5.082107	22.677877	1
1336	PIGK	0.18032134	0.07331494	-1.2972243	15.715072	1
1338	AK5	0.032223646	1.3242243e-09	-8.336427	13.626542	1
1343	MIGA1	0.22528537	0.12089952	-0.89739245	10.545162	1
1345	NEXN	0.1796314	0.09284864	-0.9513367	8.761804	1
1347	DNAJB4	0.17478226	0.061506126	-1.5052383	19.40497	1
1355	ADGRL4	0.0662226	0.017492067	-1.9145757	9.902632	1
1376	TTLL7	0.32161915	0.058835067	-2.4486036	44.55244	1
1385	GNG5	2.1073787	1.4576335	-0.531791	44.55244	1
1387	CTBS	0.3327952	0.11917524	-1.4807733	35.70541	1
1391	SSX2IP	0.13010545	0.055610254	-1.2247751	10.297559	1
1393	LPAR3	0.024170468	0.0011811029	-4.2437434	7.7459736	1
1398	C1orf52	0.25930297	0.15127447	-0.7770731	10.101789	1
1416	SH3GLB1	0.8668731	0.51654595	-0.7468112	37.517876	1
1418	SELENOF	0.5995712	0.39252624	-0.6110152	17.263605	1
1419	HS2ST1	0.18750204	0.08388674	-1.159442	13.684992	1
1429	KYAT3	0.25695473	0.13044597	-0.97751755	14.65838	1
1431	GBP3	0.15382954	0.06649681	-1.2087451	12.117099	1
1433	GBP2	0.32299814	0.023036905	-3.8037047	44.55244	1
1436	GBP4	0.55236256	0.0027715703	-7.587893	44.55244	1
1442	LRRC8B	0.09008354	0.02575514	-1.802413	12.7584	1
1443	LRRC8C-DT	0.06141957	0.014860367	-2.0398998	9.775883	1
1445	LRRC8C	0.08304968	0.022238122	-1.8962028	12.448392	1
1448	LRRC8D	0.07926346	0.023710938	-1.7368506	10.865236	1
1457	LINC02609	0.043626394	0.0059439004	-2.8549528	10.55697	1
1472	RPAP2	0.22597635	0.33379772	0.56259614	6.8702836	1
1474	EVI5	0.41108584	0.26460755	-0.63539135	11.769405	1
1479	TMED5	0.2513242	0.15309252	-0.7147776	8.616444	1
1481	CCDC18-AS1	0.2801835	0.1855626	-0.5942035	6.6162167	1
1484	BCAR3	0.15373568	0.06961636	-1.141821	10.473705	1
1491	ARHGAP29	0.405157	0.12008445	-1.7535868	44.55244	1
1499	CNN3	0.79964894	1.1789607	0.56001884	32.425983	1
1503	TLCD4	0.017661497	0.0019656294	-3.1040998	5.3401856	1
1518	DPYD	0.028426375	0.005845037	-2.262539	6.328357	1
1531	PALMD	0.08829492	0.028082235	-1.6491774	10.058217	1
1538	SASS6	0.061237965	0.018955402	-1.6865804	8.328178	1
1544	RTCA	0.32360023	0.124604136	-1.3761489	32.695965	1
1552	EXTL2	0.31294268	0.18960801	-0.72257876	10.90322	1
1554	SLC30A7	0.19567683	0.12756623	-0.6168331	5.3739963	1
1559	S1PR1	0.020682598	0.0032566842	-2.6302674	5.0626473	1
1562	OLFM3	0.0048435647	0.065665424	3.7337058	10.662811	1
1565	COL11A1	0.45590594	0.11207842	-2.0232575	44.55244	1
1568	RNPC3	0.25362274	0.14199463	-0.8364007	10.406565	1
1581	VAV3	0.059068307	0.18909504	1.6769778	17.853361	1
1600	CLCC1	0.14540619	0.08104603	-0.84248805	6.606064	1
1604	TMEM167B	0.19699876	0.10563406	-0.8984784	9.721979	1
1608	SARS	0.65852755	0.35219145	-0.90269345	34.777767	1
1610	PSRC1	0.05076756	0.0077686803	-2.6925523	11.444096	1
1612	SORT1	0.074133955	0.14923406	1.008392	7.388867	1
1620	GNAI3	0.8100313	0.45967042	-0.8172421	41.615925	1
1623	AMPD2	0.11638829	0.051743705	-1.1679442	8.57631	1
1631	GSTM3	0.64193356	0.31513146	-1.0262372	43.85347	1
1637	AHCYL1	0.6444886	0.38486442	-0.74365366	26.199034	1
1653	LAMTOR5	0.98416495	0.64882505	-0.6009949	32.34555	1
1665	LRIF1	0.29434082	0.1630931	-0.85139745	13.241179	1
1667	DRAM2	0.21563591	0.0765396	-1.4931045	23.116808	1
1675	PIFO	0.03668735	0.009679224	-1.911418	5.867579	1
1684	RAP1A	0.38542375	0.27178356	-0.50383085	7.5785313	1
1686	INKA2	0.023732416	0.0035857665	-2.6928885	5.6547437	1
1702	RHOC	1.293592	0.844264	-0.6155572	44.55244	1
1708	SLC16A1	0.3771958	0.0889667	-2.082738	44.55244	1
1724	OLFML3	0.31010884	0.21080296	-0.5566604	6.627483	1
1729	BCAS2	0.33679965	0.23153345	-0.5404752	7.2243567	1
1732	NRAS	0.236446	0.15030469	-0.6532712	6.9352655	1
1734	SIKE1	0.31498834	0.20048395	-0.65155023	9.28733	1
1737	TSPAN2	0.012196735	0.064037256	2.3828874	8.496153	1
1752	ATP1A1	0.75830996	0.18889357	-2.0046408	44.55244	1
1758	CD58	0.11606505	0.034559503	-1.7448531	15.409879	1
1759	IGSF3	0.17214987	0.050594505	-1.7646016	22.67967	1
1763	PTGFRN	0.29360914	0.120869264	-1.2797476	24.854021	1
1766	TTF2	0.07720198	0.018242298	-2.075331	13.077351	1
1791	ZNF697	0.0576945	0.12845486	1.15338	7.8042946	1
1792	PHGDH	0.6672358	0.35506138	-0.90993834	33.39884	1
1798	SEC22B	0.41266173	0.26090467	-0.66123354	12.710804	1
1809	SRGAP2C	0.21110167	0.10042403	-1.0710808	13.421733	1
1822	LINC02802	0.2958796	0.061952412	-2.2539384	44.55244	1
1829	SRGAP2B	0.17026949	0.09232994	-0.8822349	8.199913	1
1844	ITGA10	0.123605356	0.025973925	-2.2462282	19.130304	1
1852	POLR3GL	0.3282578	0.22248438	-0.56091636	7.460675	1
1853	TXNIP	1.3997017	0.95511746	-0.5513213	34.966778	1
1864	PRKAB2	0.17440191	0.050773896	-1.7782453	23.04528	1
1919	MTMR11	0.0574105	0.022318598	-1.3591294	5.618671	1
1923	PLEKHO1	0.5391082	0.34942305	-0.625455	15.336518	1
1925	ANP32E	0.5369228	0.29315892	-0.8728086	25.62753	1
1928	APH1A	0.52173334	0.28765646	-0.858741	26.378046	1
1932	PRPF3	0.1403855	0.0818639	-0.77736056	5.5157304	1
1935	ECM1	0.6789951	0.006702736	-6.6413546	44.55244	1
1945	CTSK	0.088543184	0.0153402025	-2.5213182	16.939146	1
1958	MLLT11	0.7232566	0.293379	-1.3014499	44.55244	1
1963	SCNM1	0.17794114	0.106626384	-0.7382938	6.420151	1
1968	PSMD4	0.66651493	0.4511607	-0.56289256	17.325033	1
2001	THEM4	0.14619943	0.05915547	-1.3039038	13.161882	1
2004	S100A10	2.3878913	0.13107656	-4.186216	44.55244	1
2066	S100A6	1.0984808	0.31070456	-1.8215616	44.55244	1
2068	S100A4	0.44753405	0.110707484	-2.0142643	44.55244	1
2069	S100A3	0.04579419	0.0039638914	-3.4973779	13.681648	1
2072	S100A16	0.8206301	0.014968409	-5.7673087	44.55244	1
2074	S100A13	0.88727355	0.52950686	-0.74461967	36.052406	1
2080	NPR1	0.19612515	0.05183577	-1.9177095	26.150597	1
2084	SLC27A3	0.545704	0.17571978	-1.6342856	44.55244	1
2089	SLC39A1	0.4374449	0.16195069	-1.4329858	44.55244	1
2093	JTB	0.7936218	0.4145383	-0.93678004	44.55244	1
2095	RAB13	1.6172527	0.87339866	-0.8887569	44.55244	1
2098	TPM3	1.5245545	0.8452539	-0.850855	44.55244	1
2100	C1orf43	0.54042065	0.29161865	-0.88977224	28.14823	1
2102	HAX1	0.47859678	0.23099656	-1.0506163	31.856726	1
2107	SHE	0.01963985	0.0011537462	-3.9767938	7.0451665	1
2123	SHC1	0.5198489	0.26590395	-0.9669222	30.595964	1
2124	CKS1B	0.3770113	0.16930647	-1.1545013	23.86816	1
2125	FLAD1	0.10121742	0.053157452	-0.9278268	5.485123	1
2131	ADAM15	0.08128935	0.020456258	-1.9852623	13.578902	1
2132	EFNA4	0.1618988	0.067917	-1.252016	13.275881	1
2133	EFNA3	0.07446915	0.01217745	-2.6025681	14.93308	1
2135	SLC50A1	0.22639388	0.075663336	-1.5799003	27.247173	1
2136	DPM3	0.25434428	0.1382089	-0.8794557	12.076672	1
2137	KRTCAP2	1.2631836	0.5999791	-1.0739539	44.55244	1
2142	MTX1	0.25213754	0.12536299	-1.007521	15.101175	1
2146	SCAMP3	0.18961199	0.07346246	-1.3667693	17.89702	1
2150	FDPS	0.5681484	0.3275098	-0.7945433	22.706892	1
2160	DAP3	0.31216338	0.21282335	-0.55242914	6.9237437	1
2163	SYT11	0.13589808	0.074966036	-0.8573541	6.305275	1
2164	RIT1	0.37947792	0.19258292	-0.9781674	21.893808	1
2171	SSR2	1.809717	1.1654724	-0.6348052	44.55244	1
2173	LAMTOR2	0.61221296	0.32178235	-0.92773587	35.660736	1
2176	LMNA	1.3164662	0.7012487	-0.90857625	44.55244	1
2190	C1orf61	0.025388077	0.0017519131	-3.7827342	6.6195455	1
2193	IQGAP3	0.017214213	1.3242243e-09	-7.435794	7.3139215	1
2196	GPATCH4	0.16626528	0.09998702	-0.7330994	5.8995805	1
2203	NES	0.5742979	0.34604076	-0.7306918	20.087948	1
2206	CRABP2	0.7881976	0.2981725	-1.4021094	44.55244	1
2210	MRPL24	0.16485746	0.07136268	-1.206832	13.019072	1
2211	HDGF	0.49310878	0.32396343	-0.6059223	13.106345	1
2215	NTRK1	0.03106392	1.3242243e-09	-8.283713	13.029094	1
2231	KIRREL1	0.20435841	0.10299088	-0.9878908	11.776098	1
2235	CD1D	0.025656777	1.3242243e-09	-8.008789	12.054968	1
2258	IFI16	0.93636364	0.4350309	-1.1057736	44.55244	1
2270	DUSP23	0.23776062	0.124979794	-0.9272676	12.531244	1
2279	TAGLN2	0.9649528	0.227508	-2.0840566	44.55244	1
2287	IGSF8	0.15152527	0.060803805	-1.315906	13.614341	1
2292	PEA15	0.24077658	0.09341144	-1.3650794	22.727575	1
2296	COPA	0.85026246	0.4085421	-1.0572401	44.55244	1
2297	NCSTN	0.21558636	0.106934234	-1.0108626	13.050271	1
2313	F11R	0.108613126	0.011561132	-3.2207465	28.372835	1
2314	TSTD1	0.09690215	0.007439113	-3.68555	27.143564	1
2321	NIT1	0.11546417	0.055980105	-1.0431333	7.6020103	1
2327	B4GALT3	0.14805202	0.08075006	-0.8737575	7.0322638	1
2328	ADAMTS4	0.036600307	0.005942461	-2.6025841	7.97576	1
2331	APOA2	0.05413524	1.3242243e-09	-9.083068	13.322386	1
2342	FCGR2A	0.007305652	0.04172146	2.497545	6.139582	1
2362	UHMK1	0.15179002	0.08965458	-0.7589697	5.793698	1
2364	UAP1	0.185059	0.08378443	-1.1422896	13.617434	1
2370	RGS5	0.802142	0.28683847	-1.4832962	44.55244	1
2374	NUF2	0.05745219	0.0018901093	-4.8539515	15.313807	1
2375	PBX1	0.21985935	0.3885231	0.8211347	14.2144575	1
2387	ALDH9A1	0.289909	0.20034921	-0.53286093	6.095657	1
2391	UCK2	0.053909615	0.016535873	-1.6989187	7.3095098	1
2414	CREG1	0.32644913	0.0912525	-1.8377838	44.55244	1
2416	RCSD1	0.21740483	0.10141252	-1.0993898	13.484816	1
2417	MPZL1	0.47442445	0.24436016	-0.9568829	27.422148	1
2420	MPC2	0.5018078	0.29069003	-0.7874447	21.223587	1
2423	TIPRL	0.5416162	0.36940023	-0.55196214	12.791818	1
2437	ATP1B1	0.67632276	0.1484836	-2.1866503	44.55244	1
2461	PRRX1	0.33427957	0.077224374	-2.1124914	44.55244	1
2477	DNM3OS	0.17895569	0.4094812	1.193741	25.755083	1
2481	SUCO	0.44315004	0.28390372	-0.64221096	13.024233	1
2489	PRDX6	1.6274123	0.84504604	-0.9453958	44.55244	1
2492	ANKRD45	0.023222996	1.3242243e-09	-7.86559	9.125659	1
2495	CENPL	0.068671085	0.027683744	-1.3075612	6.346133	1
2510	CACYBP	0.42171386	0.24561924	-0.7795957	16.648878	1
2513	KIAA0040	0.011544904	0.045865092	1.98084	5.4665318	1
2539	RALGPS2	0.052458733	0.11955298	1.1868539	7.439252	1
2554	TOR1AIP2	0.44362688	0.23500933	-0.9163402	23.671947	1
2561	QSOX1	0.47866073	0.06945308	-2.7831185	44.55244	1
2588	RNASEL	0.06465066	0.028487995	-1.1794856	5.035071	1
2589	RGS16	0.09291323	0.302133	1.7001532	26.050888	1
2597	LAMC1	0.77995515	0.38361493	-1.0235413	44.55244	1
2608	RGL1	0.41707706	0.1422789	-1.5509244	44.55244	1
2611	COLGALT2	0.05869192	0.013349436	-2.1280723	10.246462	1
2616	C1orf21	0.6282467	0.12025729	-2.3842373	44.55244	1
2640	PTGS2	0.28872877	0.005270901	-5.7489066	44.55244	1
2642	PLA2G4A	0.07403336	0.021407085	-1.7853109	10.445123	1
2670	RGS2	0.22637285	0.07956758	-1.5072734	19.393053	1
2672	RO60	0.6183064	0.3725928	-0.73056835	23.592272	1
2673	GLRX2	0.2263386	0.10208311	-1.147963	15.723278	1
2693	ASPM	0.14612058	0.0083919065	-4.105914	21.25748	1
2719	KIF14	0.04970164	0.0019838284	-4.578885	13.687961	1
2725	KIF21B	0.025695432	0.15595064	2.5968268	23.048725	1
2730	TMEM9	0.43265375	0.20921889	-1.0478438	28.416954	1
2734	TNNT2	0.42420208	0.006455029	-6.016346	44.55244	1
2737	TNNI1	0.39902523	0.11404265	-1.8060036	42.796566	1
2738	PHLDA3	0.4758082	0.16912293	-1.4917581	44.55244	1
2742	NAV1	0.6649317	0.0818173	-3.021183	44.55244	1
2747	SHISA4	0.11804131	0.02320723	-2.341664	23.5464	1
2750	TIMM17A	0.3545577	0.1883151	-0.91251254	18.249006	1
2751	RNPEP	0.15335424	0.07584516	-1.0147786	9.241941	1
2756	ARL8A	0.25635505	0.15508279	-0.7247372	9.057915	1
2759	UBE2T	0.09394754	0.0132916635	-2.812055	19.395073	1
2766	PCAT6	0.13829628	0.037341658	-1.8860888	19.762087	1
2769	ADIPOR1	0.25766122	0.108878575	-1.2419907	21.754906	1
2770	CYB5R1	0.1716847	0.09950286	-0.7863425	6.765869	1
2771	TMEM183A	0.3118489	0.18308125	-0.7680378	11.910455	1
2772	PPFIA4	0.065997235	0.025486447	-1.3692102	6.176545	1
2783	FMOD	0.05957342	1.3242243e-09	-9.220925	18.841694	1
2784	PRELP	0.03717695	1.3242243e-09	-8.542121	13.821024	1
2786	ATP2B4	0.35248324	0.16032326	-1.1360805	24.448195	1
2794	SOX13	0.010729432	0.059711613	2.4654682	8.22037	1
2798	REN	0.011630466	0.10060151	3.101753	6.5807343	1
2838	RAB7B	0.1157068	0.014678118	-2.9701855	28.011591	1
2846	SRGAP2	0.17321959	0.08545125	-1.0185739	10.394961	1
2858	IL24	0.02040434	1.3242243e-09	-7.6797667	5.204303	1
2859	FCMR	0.06341143	0.014742714	-2.0972614	10.659251	1
2899	G0S2	0.22672991	0.12638843	-0.8426054	8.184552	1
2907	SERTAD4-AS1	0.06524334	0.014544431	-2.1576881	11.292322	1
2908	SERTAD4	0.05377508	0.017182145	-1.6403358	6.5643277	1
2916	TRAF5	0.19054641	0.10666167	-0.83650553	8.174763	1
2918	LINC00467	0.11183425	0.060208965	-0.89220715	5.396189	1
2925	NEK2	0.03488886	0.0022032682	-3.9251413	9.453293	1
2931	DTL	0.035977326	0.004351405	-3.01876	8.822761	1
2934	PPP2R5A	0.1291906	0.04411286	-1.5480794	14.653031	1
2940	NENF	0.7531774	0.31366318	-1.2635052	44.55244	1
2946	ATF3	0.13741109	0.04720895	-1.5393629	12.917839	1
2952	TATDN3	0.10309314	0.044754226	-1.2020313	8.293278	1
2959	RPS6KC1	0.20810287	0.102518335	-1.0207014	12.173412	1
2964	PROX1	0.021865692	1.3242243e-09	-7.779089	8.1172905	1
2968	SMYD2	0.19852129	0.11987715	-0.7272606	7.039152	1
2971	CENPF	0.22716053	0.025047077	-3.1758845	25.767117	1
2990	TGFB2	0.22358927	0.04576935	-2.2858937	38.37366	1
3003	EPRS	0.7473505	0.28387633	-1.3962076	44.55244	1
3010	MARK1	0.030038606	0.07191314	1.2566476	5.0167117	1
3012	MARC2	0.07276549	0.026472233	-1.4553163	7.416451	1
3023	DUSP10	0.07431352	0.0074136336	-3.3079822	19.866268	1
3036	AIDA	0.43910635	0.21460418	-1.0325485	28.996138	1
3049	CAPN2	0.60929376	0.21758458	-1.4851354	44.55244	1
3053	DEGS1	0.46994013	0.2566073	-0.87265956	23.014824	1
3057	CNIH4	0.5369417	0.29055858	-0.8857088	28.75412	1
3069	ENAH	0.7416692	0.33948088	-1.1272153	44.55244	1
3084	ACBD3	0.8251246	0.36808702	-1.1643481	44.55244	1
3088	PARP1	0.39319903	0.5786076	0.5572081	12.810438	1
3105	SNAP47	0.13028494	0.066034324	-0.97930604	7.413523	1
3113	ARF1	1.3628136	0.64179504	-1.0862848	44.55244	1
3115	MRPL55	0.36825684	0.19397664	-0.92447746	19.860672	1
3117	GUK1	1.8919599	0.9414111	-1.0069078	44.55244	1
3135	RNF187	0.5075358	0.28505027	-0.83207154	23.321733	1
3136	RHOU	0.20066012	0.020468501	-3.2869642	44.55244	1
3142	RAB4A	0.4421636	0.2837785	-0.639633	12.99771	1
3145	CCSAP	0.06450736	0.019030431	-1.7558291	9.135623	1
3155	GALNT2	0.40252474	0.100258544	-2.0042722	44.55244	1
3158	PGBD5	0.016643653	0.0008819892	-4.0917635	5.502377	1
3163	AGT	0.058059666	0.0012295868	-5.450969	15.56631	1
3173	FAM89A	0.18479371	0.08399257	-1.1366459	12.696204	1
3180	EGLN1	0.2723468	0.07072024	-1.9437408	43.02096	1
3181	AL445524.1	0.03858884	0.012140544	-1.6602498	5.3678837	1
3189	SIPA1L2	0.14283521	0.28898212	1.0161179	13.875559	1
3198	KCNK1	0.058988582	0.004541646	-3.670171	15.52022	1
3215	IRF2BP2	0.6518165	0.2818571	-1.2092116	44.55244	1
3231	TOMM20	1.3603834	0.91618127	-0.5702569	44.55244	1
3234	GGPS1	0.2184881	0.1337343	-0.707767	7.3561287	1
3244	NID1	0.57817614	0.32503244	-0.83073115	25.813568	1
3254	ACTN2	0.034759916	0.009883437	-1.8039606	5.180032	1
3263	LINC01139	0.0022018973	0.033763494	3.8788354	6.7197237	1
3268	CHRM3	0.0026519876	0.03779118	3.7833164	6.912738	1
3269	CHRM3-AS2	0.00037015846	0.022477807	5.5856147	5.1145554	1
3298	CEP170	0.71305174	0.46216282	-0.6254958	21.591564	1
3302	AKT3	0.3223496	0.20938599	-0.6222199	8.77401	1
3314	ADSS	0.32106647	0.17116176	-0.9071182	16.248579	1
3316	DESI2	0.4281247	0.22269331	-0.942662	23.775278	1
3320	COX20	0.54038924	0.2955764	-0.8702469	26.652206	1
3329	SMYD3	0.15582332	0.08871797	-0.8119133	6.498111	1
3335	CNST	0.09711977	0.041959997	-1.2088009	7.5908227	1
3342	AHCTF1	0.25095537	0.17468429	-0.52243006	5.072322	1
3370	TRIM58	0.020540867	0.002208059	-3.1607516	6.319846	1
3406	ZNF672	0.09974608	0.03874433	-1.3620017	9.574969	1
3412	SH3YL1	0.21805312	0.11075252	-0.9766995	12.002727	1
3413	ACP1	0.6479727	0.3969	-0.70701677	24.93675	1
3445	PXDN	1.4235084	0.87134916	-0.7080639	44.55244	1
3466	RNASEH1	0.29271224	0.15852469	-0.8843584	14.147348	1
3470	COLEC11	0.8160603	0.0061664768	-7.0250545	44.55244	1
3496	RNF144A-AS1	0.0017090872	0.028155198	3.9651825	6.00034	1
3497	RNF144A	0.027037514	0.12185065	2.1679368	15.186389	1
3513	ID2	0.65888506	0.19668679	-1.7436125	44.55244	1
3515	MBOAT2	0.2052302	0.09331967	-1.1361476	15.088998	1
3521	ITGB1BP1	0.6704154	0.3012737	-1.153717	44.55244	1
3524	ADAM17	0.24981402	0.1655739	-0.5930855	6.2444944	1
3527	YWHAQ	0.9335863	0.6387157	-0.54753816	25.375435	1
3542	RRM2	0.07252924	0.002690245	-4.702087	18.649422	1
3544	HPCAL1	0.04689266	0.012439222	-1.9059877	6.981558	1
3545	ODC1	0.31578952	0.11680511	-1.434082	29.596266	1
3553	PDIA6	2.2512863	1.242536	-0.8574099	44.55244	1
3559	SLC66A3	0.090324454	0.036506906	-1.3045971	8.233557	1
3577	TRIB2	0.36151892	0.71358633	0.98082006	37.448814	1
3578	AC064875.1	0.014985018	0.057802383	1.9405063	6.7622986	1
3587	NBAS	0.25761706	0.15561207	-0.72690713	9.037701	1
3595	MYCN	0.01767957	0.0012340186	-3.7363698	5.362118	1
3610	VSNL1	0.06769262	0.0029407663	-4.4786215	22.101116	1
3611	SMC6	0.25366694	0.154564	-0.7143667	8.361004	1
3614	KCNS3	0.0959977	0.013084207	-2.8656912	21.266014	1
3669	UBXN2A	0.24843572	0.16987006	-0.54817253	5.4853153	1
3674	FAM228B	0.15556015	0.082978085	-0.9058598	7.641806	1
3686	ADCY3	0.038055323	0.09017698	1.2424737	6.023055	1
3691	EFR3B	0.036914043	0.010835698	-1.7590275	5.3018246	1
3700	RAB10	0.5487904	0.35349396	-0.63442457	16.620447	1
3703	HADHB	0.64829236	0.37766156	-0.7793912	28.823715	1
3712	KCNK3	0.028980164	0.0011819589	-4.5036135	8.51932	1
3714	CENPA	0.04388435	0.0011796901	-5.103124	12.819454	1
3719	TMEM214	0.24248108	0.08932683	-1.4396875	25.710812	1
3726	EMILIN1	1.053787	0.29398826	-1.8413992	44.55244	1
3728	CGREF1	0.01704958	0.0012035316	-3.7176757	6.072314	1
3734	ATRAID	1.0071342	0.49570084	-1.0225666	44.55244	1
3740	MPV17	0.3631324	0.24638414	-0.55939794	8.243013	1
3744	EIF2B4	0.1160288	0.045742158	-1.340979	10.744875	1
3745	SNX17	0.41242748	0.2867919	-0.523983	8.680198	1
3751	FNDC4	0.11173282	0.047905084	-1.2200845	9.153917	1
3756	GPN1	0.1875645	0.11750033	-0.6742637	5.818881	1
3765	FOSL2	0.16058406	0.02152367	-2.8935437	37.41115	1
3772	PPP1CB	0.54996705	0.34571323	-0.66961455	17.93398	1
3787	LBH	0.22814512	0.5778062	1.3402512	42.4189	1
3793	GALNT14	0.031165948	1.3242243e-09	-8.288429	12.745437	1
3796	EHD3	0.18604144	0.050779678	-1.8712379	25.470057	1
3803	DPY30	0.47344267	0.2706141	-0.8067245	20.450289	1
3819	LTBP1	0.7100404	0.02121628	-5.058077	44.55244	1
3821	RASGRP3	0.066388294	0.0074930624	-3.1303468	16.18367	1
3823	FAM98A	0.37985232	0.14426851	-1.3960623	38.333984	1
3833	CRIM1	0.105025254	0.03437771	-1.6083734	11.708462	1
3842	CEBPZOS	0.26030222	0.12728742	-1.0315188	15.637628	1
3849	QPCT	0.11048753	0.00686073	-3.9898064	30.678055	1
3852	CDC42EP3	0.1153088	0.03428776	-1.7467861	14.817128	1
3871	GEMIN6	0.11742882	0.061408706	-0.934152	6.390178	1
3874	MORN2	0.21819688	0.13229066	-0.72149014	7.509762	1
3886	SLC8A1	0.08482404	0.3176779	1.9037738	32.112717	1
3896	PKDCC	0.2019944	0.13175516	-0.61607534	5.1872873	1
3899	COX7A2L	0.9807529	0.6173632	-0.66768354	37.515083	1
3910	ZFP36L2	0.17424148	0.29305923	0.7497685	8.968399	1
3914	PLEKHH2	0.03992901	0.1826932	2.1910944	22.167189	1
3940	EPAS1	0.27246055	0.15737411	-0.791462	10.327712	1
3946	RHOQ	0.46255535	0.24874692	-0.89467925	22.991592	1
3955	MCFD2	0.72007227	0.36451045	-0.9819863	44.55244	1
3964	EPCAM	0.03267872	0.006121814	-2.3973525	6.5469007	1
3983	NRXN1	0.08251193	0.3705414	2.1656017	39.446117	1
3996	ERLEC1	0.75059307	0.45195484	-0.73172545	30.78056	1
4003	SPTBN1	1.7096264	1.1613885	-0.55779064	44.55244	1
4007	EML6	0.0069393846	0.07663785	3.4464173	13.4484415	1
4010	RTN4	1.5860915	0.8301083	-0.9340217	44.55244	1
4014	MTIF2	0.16577	0.10441192	-0.66638535	5.1487007	1
4017	CFAP36	0.3197779	0.2149063	-0.5731423	7.4334	1
4021	EFEMP1	0.03925411	0.0010928229	-5.0440626	11.92061	1
4026	CCDC85A	0.004619454	0.07129485	3.9191282	13.421366	1
4028	VRK2	0.073322065	0.024025047	-1.605682	8.810878	1
4050	KIAA1841	0.108845726	0.04817492	-1.1742637	8.166056	1
4051	AC016747.1	0.16307272	0.06983329	-1.2223485	12.8768215	1
4052	C2orf74	0.11288289	0.04360854	-1.3701173	10.589028	1
4057	XPO1	0.61039096	0.42769298	-0.51305723	12.938032	1
4060	CCT4	0.8567331	0.59368765	-0.5290671	21.040342	1
4077	UGP2	0.520635	0.26283628	-0.9858363	32.036148	1
4099	RAB1A	0.69062454	0.39065683	-0.8218394	34.46277	1
4111	MEIS1	0.057314597	0.34059384	2.5689862	44.55244	1
4112	MEIS1-AS2	0.0051376754	0.033821497	2.6952014	5.272386	1
4146	GFPT1	0.46400627	0.16517669	-1.4895719	44.55244	1
4147	NFU1	0.32857186	0.23080993	-0.50931764	6.4499555	1
4149	ANXA4	0.2566951	0.11065859	-1.2131989	20.427378	1
4151	GMCL1	0.22160776	0.14196959	-0.6420615	6.199727	1
4152	SNRNP27	0.3064804	0.1773642	-0.7887374	12.436893	1
4161	PCYOX1	0.57450366	0.37813696	-0.60327685	16.196505	1
4163	FAM136A	0.3500191	0.21427348	-0.7077192	11.995944	1
4181	NAGK	0.33938348	0.21825561	-0.63666165	9.924034	1
4183	MCEE	0.11398756	0.029382305	-1.9522202	17.413736	1
4185	MPHOSPH10	0.5348657	0.32707217	-0.7093964	19.27328	1
4196	RAB11FIP5	0.050759252	0.010288103	-2.291578	9.605551	1
4201	CCT7	0.54718935	0.35051295	-0.64242464	16.858768	1
4212	DUSP11	0.17395239	0.10272166	-0.75937736	6.633446	1
4218	DGUOK	0.78435117	0.5035686	-0.6392089	26.462471	1
4221	TET3	0.06812094	0.13105936	0.94303423	5.8422093	1
4227	MTHFD2	0.49073467	0.10696532	-2.1967459	44.55244	1
4233	WDR54	0.3916922	0.08084906	-2.2750022	44.55244	1
4234	RTKN	0.08946613	0.040038977	-1.1579494	6.70798	1
4237	MOGS	0.12870401	0.07506185	-0.77710503	5.2120824	1
4248	AUP1	0.40406576	0.24816501	-0.7030662	13.670665	1
4250	LOXL3	0.4441977	0.034456406	-3.6845016	44.55244	1
4251	DOK1	0.10000793	0.04029464	-1.3093204	8.998569	1
4257	HK2	0.1417602	0.005138738	-4.7591066	42.26018	1
4264	EVA1A	0.016444718	0.09492089	2.521874	13.188597	1
4308	SUCLG1	0.48990333	0.29660356	-0.72376937	18.226057	1
4313	KCMF1	0.3638374	0.2243595	-0.69723505	12.030735	1
4317	TGOLN2	0.6237004	0.32759905	-0.9287131	36.588524	1
4325	MAT2A	0.37327835	0.5477329	0.5530977	11.809924	1
4328	VAMP5	0.28683954	0.19491115	-0.5571901	5.8777757	1
4329	RNF181	0.8062996	0.3472654	-1.215041	44.55244	1
4335	ATOH8	0.060924556	0.0076354127	-2.9798398	15.096986	1
4337	ST3GAL5	0.15685356	0.031737033	-2.30156	28.934526	1
4343	IMMT	0.5511427	0.34338155	-0.68245506	19.043377	1
4347	KDM3A	0.33412546	0.17611153	-0.9235132	16.897984	1
4369	THNSL2	0.069014356	0.031035759	-1.150413	5.172247	1
4373	EIF2AK3	0.081598274	0.02581323	-1.6566168	10.583197	1
4377	IGKC	0.16555275	1.3242243e-09	-10.693928	44.55244	1
4470	MRPS5	0.51106536	0.31140584	-0.71453106	17.983	1
4487	DUSP2	0.035354704	0.16741303	2.2402244	19.060663	1
4496	NCAPH	0.03440361	0.006081586	-2.4806986	6.6968203	1
4531	ACTR1B	0.1620442	0.087373465	-0.89036	7.8146405	1
4542	MGAT4A	0.0096099675	0.07097239	2.8717508	11.212927	1
4557	AFF3	0.007833585	0.05611766	2.8249786	8.747867	1
4577	RNF149	0.21318737	0.13136126	-0.6981608	6.875356	1
4587	IL1R1	0.27305162	0.034223787	-2.9924212	44.55244	1
4590	IL1RL1	0.027706593	1.3242243e-09	-8.119264	7.7218266	1
4591	IL18R1	0.07771524	0.01838671	-2.0735643	13.05287	1
4632	C2orf49	0.2068137	0.124894165	-0.7271683	7.089735	1
4633	FHL2	0.17879696	0.07578973	-1.2371523	14.098839	1
4637	NCK2	0.37423876	0.2354748	-0.66815925	11.232559	1
4659	SLC5A7	0.0012900459	0.11861479	6.4162235	23.341856	1
4664	SULT1C4	0.10772805	0.278897	1.371517	20.280231	1
4667	LIMS1	1.3021543	0.6720388	-0.95418	44.55244	1
4673	SH3RF3	0.028593283	0.0043844352	-2.6777148	6.5832405	1
4674	SEPTIN10	0.5130692	0.3284644	-0.6432586	15.49577	1
4681	MALL	0.036131293	0.0049463264	-2.843931	7.673177	1
4683	MTLN	0.19047633	0.0858326	-1.1490915	13.997909	1
4689	BUB1	0.10051849	0.0074903057	-3.7285936	24.431639	1
4692	MIR4435-2HG	0.19628993	0.46383554	1.2402034	29.919138	1
4694	BCL2L11	0.05808416	0.17117345	1.5576032	13.939422	1
4696	AC108463.3	0.02755073	0.12087266	2.1292915	14.653629	1
4707	TMEM87B	0.25212884	0.055882525	-2.1716847	44.55244	1
4709	FBLN7	0.017733991	1.3242243e-09	-7.478467	7.647664	1
4712	ZC3H6	0.20480406	0.11609555	-0.8183938	8.040792	1
4714	TTL	0.18920815	0.114754125	-0.72093385	6.370901	1
4719	AC079922.2	0.02243628	0.0020277651	-3.4048386	7.0047956	1
4720	SLC20A1	0.28233656	0.0346334	-3.0235312	44.55244	1
4722	CKAP2L	0.0638646	1.3242243e-09	-9.321111	20.405218	1
4753	ACTR3	0.81230557	0.54558015	-0.5741446	21.668386	1
4771	INSIG2	0.36503318	0.07873331	-2.2115455	44.55244	1
4782	TMEM37	0.03893637	0.11838298	1.601789	10.188843	1
4785	CFAP221	0.0012572688	0.032464847	4.584537	6.7283235	1
4797	GLI2	0.10159114	0.026082532	-1.9575175	16.209621	1
4805	NIFK	0.47146428	0.3221491	-0.5492782	10.827219	1
4808	AC011246.1	0.0003794662	0.032467674	6.085868	7.174426	1
4822	GYPC	0.9731811	0.31419566	-1.6307343	44.55244	1
4860	CCDC74B	0.020914735	0.002088503	-3.263385	6.004873	1
4861	SMPD4	0.1130045	0.05912467	-0.933386	6.036664	1
4862	MZT2B	1.4526714	0.8294116	-0.8084735	44.55244	1
4864	CCDC115	0.18788001	0.110763	-0.76180124	6.9920063	1
4865	IMP4	0.20327407	0.065107055	-1.6410358	26.043184	1
4881	PLEKHB2	0.25731817	0.17410691	-0.563312	5.964512	1
4887	MZT2A	0.9683423	0.41136634	-1.2348918	44.55244	1
4889	CCDC74A	0.09877185	0.0145692555	-2.7527642	23.586079	1
4912	MGAT5	0.1837817	0.09766722	-0.9113552	9.190236	1
4926	DARS	0.6132467	0.3723828	-0.7195291	22.353628	1
4929	CXCR4	0.16226272	0.051034115	-1.6668624	15.966765	1
4930	THSD7B	0.0006139274	0.03560918	5.644374	7.6786785	1
4946	LRP1B	0.017365232	0.07906211	2.1803243	9.764751	1
4978	MBD5	0.22758326	0.33188722	0.5440994	6.4071	1
4979	EPC2	0.15782495	0.2448601	0.6333077	6.040524	1
4986	MMADHC	0.4723571	0.20915355	-1.1749312	37.112083	1
4992	RND3	0.8011293	0.18666783	-2.100969	44.55244	1
5002	TNFAIP6	0.101684965	1.3242243e-09	-9.99129	34.860626	1
5005	ARL5A	0.64421976	0.42052534	-0.61524117	19.01066	1
5006	AC097448.1	0.11055134	0.04747952	-1.2176082	8.860021	1
5011	FMNL2	0.10830967	0.055971563	-0.9511523	5.86094	1
5015	ARL6IP6	0.19029006	0.09874316	-0.9457451	10.093637	1
5029	NR4A2	0.083620004	0.001262176	-5.9415874	27.014553	1
5035	GALNT5	0.12639748	0.002164723	-5.8036304	44.251408	1
5040	ACVR1	0.13017456	0.052136194	-1.3184336	11.579686	1
5062	PLA2R1	0.074975334	0.026971042	-1.4715886	7.798445	1
5066	RBMS1	1.0396934	0.56052786	-0.8911814	44.55244	1
5071	PSMD14	0.39676666	0.27893385	-0.5082143	7.826879	1
5082	FAP	0.04972969	1.3242243e-09	-8.960843	19.658592	1
5084	GCA	0.1301936	0.058453288	-1.1539443	9.12549	1
5085	KCNH7	0.012956315	1.3242243e-09	-7.028585	6.2633457	1
5089	GRB14	0.0023540072	0.04248527	4.117143	8.432322	1
5096	CSRNP3	0.08556251	0.30439508	1.829683	31.689585	1
5105	SCN9A	0.07353842	0.017264526	-2.0843158	12.307415	1
5115	NOSTRIN	0.1165081	0.041021306	-1.5037099	12.428095	1
5116	SPC25	0.04801398	1.3242243e-09	-8.910294	15.437123	1
5127	PHOSPHO2	0.016438449	0.06588236	1.9962566	7.83685	1
5128	KLHL23	0.08005342	0.2833151	1.8220805	28.649015	1
5130	METTL5	0.4321134	0.24424347	-0.82283324	19.074379	1
5138	AC007405.3	0.052834455	0.0047624055	-3.4444652	14.37639	1
5139	ERICH2	0.023467854	0.0020685832	-3.4419956	6.982963	1
5144	GORASP2	0.41483206	0.1664832	-1.3166323	39.004665	1
5159	ITGA6	0.043182407	0.013567267	-1.663056	5.51716	1
5161	ITGA6-AS1	0.039399397	0.0050982	-2.9257467	9.614305	1
5162	AC078883.1	0.023410602	0.0031791935	-2.8418984	5.8132553	1
5163	PDK1	0.3047047	0.08730532	-1.802092	42.102192	1
5166	MAP3K20	0.26223478	0.17784454	-0.55998135	5.8374763	1
5179	GPR155	0.11790736	0.05404425	-1.1239967	7.9414744	1
5182	WIPF1	0.17357308	0.078728095	-1.1395923	12.725701	1
5192	LNPK	0.24251628	0.15911312	-0.60771704	6.208846	1
5196	HOXD11	0.0063481415	0.042803023	2.7341242	6.8330364	1
5198	HOXD-AS2	0.006412303	0.13548431	4.3798785	26.628899	1
5199	HOXD9	0.0011840544	0.039156735	4.934162	8.438673	1
5200	HOXD8	0.002755711	0.06621352	4.537381	12.952939	1
5212	LINC01116	0.011326915	0.18423533	4.011825	34.759323	1
5218	NFE2L2	0.6575542	0.35480863	-0.88988173	35.689026	1
5234	PRKRA	0.313736	0.20026287	-0.6473955	9.13336	1
5236	FKBP7	0.5119526	0.18252817	-1.4873828	44.55244	1
5237	PLEKHA3	0.36369154	0.23532848	-0.62782305	10.284034	1
5238	TTN-AS1	0.038791295	0.090197355	1.2152364	5.9261756	1
5239	TTN	0.3857812	0.05469323	-2.816087	44.55244	1
5248	CCDC141	0.059353665	1.3242243e-09	-9.215603	23.075205	1
5260	ITGA4	0.2567422	0.46249813	0.84887713	17.470928	1
5268	PDE1A	0.028254973	0.11917521	2.0726206	13.695624	1
5270	DNAJC10	0.5326889	0.35563877	-0.58274597	13.463823	1
5271	FRZB	0.06935924	0.6529527	3.2329607	44.55244	1
5284	ZNF804A	0.10288227	0.019779963	-2.373009	18.34094	1
5288	FSIP2	0.060491174	0.122818366	1.0205208	5.942436	1
5299	TFPI	1.1032085	0.6535007	-0.75535494	44.55244	1
5301	GULP1	0.11088696	0.051028237	-1.118198	7.558251	1
5304	COL3A1	3.1115725	1.7483819	-0.8315874	44.55244	1
5305	COL5A2	1.765519	0.83847004	-1.0741708	44.55244	1
5309	SLC40A1	0.06692708	0.19741042	1.5591127	17.079266	1
5321	INPP1	0.13974795	0.066319495	-1.0741804	9.053297	1
5330	GLS	0.3736923	0.25569546	-0.5472462	8.1577015	1
5337	MYO1B	0.40798977	0.25313985	-0.6883821	13.111781	1
5338	NABP1	0.10936655	0.035427615	-1.6234772	13.146136	1
5340	CAVIN2	0.10845867	0.0035057056	-4.91205	31.984552	1
5357	SLC39A10	0.45160586	0.23499446	-0.9421431	24.973461	1
5359	STK17B	0.06601337	0.24420701	1.8856812	26.052404	1
5360	AC114760.2	0.005505106	0.045927424	3.0376804	7.9305315	1
5361	HECW2	0.4704048	0.070927046	-2.7277691	44.55244	1
5367	PGAP1	0.3053126	0.13401893	-1.1872467	23.229225	1
5368	ANKRD44	0.05639052	0.12604739	1.1590296	7.5837603	1
5382	PLCL1	0.02597772	0.3876587	3.8942695	44.55244	1
5401	SGO2	0.11760223	0.024803143	-2.240742	17.423832	1
5411	FAM126B	0.14354429	0.08386347	-0.7746669	5.5823708	1
5414	CFLAR	0.2516354	0.13665648	-0.8802988	11.92202	1
5417	CASP10	0.022219185	0.00091785454	-4.454681	8.582533	1
5420	TRAK2	0.14777766	0.07133003	-1.0498015	9.470473	1
5436	AC064836.4	0.009316379	1.3242243e-09	-6.557081	5.040414	1
5444	NBEAL1	0.6380405	0.44447982	-0.5214317	14.364808	1
5448	RAPH1	0.09055487	0.21551697	1.2500143	13.824367	1
5458	NRP2	0.20121498	0.11821578	-0.766812	6.408009	1
5468	ZDBF2	0.24110997	0.15366378	-0.64957374	6.9256654	1
5469	ADAM23	0.12995501	0.027437307	-2.2396626	22.74184	1
5479	KLF7	0.23299035	0.11705292	-0.9924963	13.035037	1
5502	IDH1	0.27311888	0.1472758	-0.89055747	13.055199	1
5542	ATIC	0.16300058	0.10108213	-0.6888074	5.3904214	1
5569	IGFBP2	2.445048	0.49374965	-2.3077781	44.55244	1
5570	IGFBP5	1.4861416	0.7567819	-0.97352856	44.55244	1
5571	AC007563.2	0.028878802	0.006155424	-2.2118185	5.7155194	1
5591	GPBAR1	0.10089707	0.015742976	-2.672398	21.381298	1
5594	TMBIM1	0.18130328	0.030408863	-2.5719001	38.949142	1
5611	CYP27A1	0.05848641	0.008711846	-2.7330499	13.227333	1
5630	CNPPD1	0.08673401	0.041020937	-1.078387	5.804938	1
5634	ABCB6	0.13875447	0.026144091	-2.4035091	26.731232	1
5635	ATG9A	0.105497055	0.052927718	-0.993751	6.2167325	1
5636	ANKZF1	0.15975642	0.09313486	-0.7778354	6.344092	1
5641	DNAJB2	0.14430735	0.061205655	-1.236052	11.573076	1
5642	PTPRN	0.12435421	0.00091020466	-6.9448237	38.952614	1
5643	AC114803.1	0.015984748	1.3242243e-09	-7.3295302	6.1366253	1
5649	SPEG	0.09718574	0.025955293	-1.9006518	14.132951	1
5653	GMPPA	0.13817814	0.0511184	-1.4328389	14.207526	1
5655	CHPF	0.86491317	0.111445226	-2.9550934	44.55244	1
5658	OBSL1	0.29043153	0.1611902	-0.849036	12.511179	1
5660	INHA	0.04215016	0.0011095429	-5.126423	14.041844	1
5681	FARSB	0.09724366	0.045212235	-1.1031862	6.8802986	1
5683	ACSL3	0.6672042	0.32554165	-1.0350595	44.55244	1
5688	SCG2	0.26221302	0.026349232	-3.3099916	34.540512	1
5690	WDFY1	0.28808126	0.17049128	-0.7564326	10.670358	1
5693	SERPINE2	1.7932067	0.08765235	-4.3530407	44.55244	1
5698	DOCK10	0.005080746	0.110193394	4.4120426	21.787504	1
5702	IRS1	0.13716848	0.05394888	-1.3446637	12.005931	1
5706	COL4A4	0.05951214	1.3242243e-09	-9.219443	19.264774	1
5712	AGFG1	0.29077592	0.15125792	-0.9424397	15.163656	1
5725	SPHKAP	0.014002872	1.3242243e-09	-7.139826	6.2915645	1
5729	PID1	0.04429648	0.10156782	1.1953459	6.2080455	1
5740	SP100	0.30674532	0.15977338	-0.94058174	16.26723	1
5744	ITM2C	1.8431265	1.1691372	-0.6566657	44.55244	1
5782	EIF4E2	0.73518366	0.420952	-0.80430263	35.70015	1
5796	DGKD	0.14491777	0.070923924	-1.0298526	8.556328	1
5809	HJURP	0.036452048	1.3242243e-09	-8.513789	12.151849	1
5819	ARL4C	0.16588072	0.007490845	-4.4506116	43.95038	1
5822	SH3BP4	0.061666414	0.01441393	-2.0893846	10.602154	1
5825	AGAP1	0.17699414	0.10675111	-0.7289146	6.2263618	1
5838	COPS8	0.4713275	0.22761545	-1.0498037	31.683264	1
5841	COL6A3	1.535766	0.91282904	-0.7504777	44.55244	1
5849	LRRFIP1	0.614406	0.30597994	-1.0055187	38.421677	1
5852	RAMP1	0.13466865	0.0019892599	-6.011349	36.440414	1
5853	UBE2F	0.25288153	0.14083256	-0.844027	11.515835	1
5866	ASB1	0.117931575	0.064065896	-0.87929416	5.706834	1
5906	KIF1A	0.052039087	0.0035813497	-3.8240588	13.304789	1
5912	SNED1	0.0017569473	0.025690652	3.7958436	5.132312	1
5917	PPP1R7	0.43149427	0.2339123	-0.88309133	22.05755	1
5918	ANO7	0.025727393	0.005228209	-2.2771795	5.2262583	1
5919	HDLBP	1.3654699	0.77821386	-0.8110792	44.55244	1
5923	FARP2	0.10608566	0.051592827	-1.0385529	6.730509	1
5925	STK25	0.3659089	0.17252634	-1.084226	25.256273	1
5927	BOK	0.09522301	0.026319956	-1.8511965	14.175132	1
5931	DTYMK	0.3026129	0.12864292	-1.2334571	23.590137	1
5972	SUMF1	0.10094911	0.049407035	-1.0293511	6.548554	1
5982	BHLHE40	0.18955211	0.011484488	-4.033089	44.55244	1
5983	ARL8B	0.2296115	0.13473956	-0.7685793	8.870259	1
5986	EDEM1	0.09555315	0.04093791	-1.2208551	7.761917	1
6014	THUMPD3	0.26601827	0.17498839	-0.603984	7.031927	1
6023	TADA3	0.4264134	0.24877632	-0.7771621	17.495312	1
6024	ARPC4	0.69157773	0.45833582	-0.5933803	19.587778	1
6032	CRELD1	0.30616024	0.13815254	-1.147452	22.41785	1
6037	EMC3	0.41925642	0.24184576	-0.7934933	17.848948	1
6039	FANCD2	0.028876973	0.0061530406	-2.2122772	5.696346	1
6049	SEC13	0.6194671	0.24623375	-1.3306463	44.55244	1
6060	HRH1	0.09464578	0.0009811694	-6.4533973	32.205956	1
6069	PPARG	0.090087436	0.26460582	1.5533915	22.109703	1
6072	MKRN2	0.15283723	0.08746553	-0.80450463	6.362542	1
6082	HDAC11	0.046155285	0.0123715205	-1.890981	7.3220563	1
6083	FBLN2	0.8685183	0.0050444417	-7.3995643	44.55244	1
6088	TMEM43	0.19778812	0.07919135	-1.3194495	17.726404	1
6104	FGD5-AS1	0.37286824	0.25813544	-0.53036577	7.916284	1
6110	SH3BP5	0.3280442	0.072758615	-2.1711583	44.55244	1
6123	DPH3	0.4055534	0.26695123	-0.60313106	10.767879	1
6142	SATB1	0.11797061	0.19039923	0.6901353	5.189216	1
6148	RAB5A	0.3861361	0.25539273	-0.5962009	10.01734	1
6151	SGO1	0.040348243	0.01005276	-1.9942051	6.570154	1
6173	NGLY1	0.19888467	0.11900961	-0.7403675	7.08955	1
6187	AZI2	0.3626474	0.2537503	-0.51498735	7.3677335	1
6196	TGFBR2	0.61476785	0.27851173	-1.1420205	44.55244	1
6208	DYNC1LI1	0.39263925	0.2238611	-0.81032354	16.759022	1
6213	GLB1	0.32881224	0.13142745	-1.3223386	30.040277	1
6237	LRRFIP2	0.31575555	0.18930571	-0.737785	11.598783	1
6243	ITGA9	0.14009446	0.0073630065	-4.2315288	41.10528	1
6245	CTDSPL	0.2492842	0.11720948	-1.0880505	16.747704	1
6247	PLCD1	0.10855095	0.01960074	-2.4633791	21.914356	1
6251	OXSR1	0.23985532	0.13614342	-0.8165792	10.039902	1
6265	CSRNP1	0.1044571	0.04897286	-1.0912938	7.0989084	1
6301	VIPR1	0.050087932	1.3242243e-09	-8.971178	17.079035	1
6303	SEC22C	0.1975065	0.105332755	-0.9063073	9.879217	1
6304	SS18L2	0.22788481	0.13804199	-0.72278583	8.019385	1
6330	ANO10	0.1160499	0.057730056	-1.0060965	7.2261276	1
6338	TCAIM	0.11581758	0.060076255	-0.9458331	6.3223853	1
6352	KIF15	0.04109727	0.0049776603	-3.020313	9.954638	1
6353	TMEM42	0.12175716	0.03987974	-1.60785	14.412282	1
6357	EXOSC7	0.29460034	0.15040849	-0.96940374	16.706606	1
6360	TMEM158	0.1056493	0.0025875561	-5.298209	26.781914	1
6390	MYL3	0.09888536	0.0036357688	-4.727738	29.07318	1
6397	KLHL18	0.06967532	0.029245833	-1.2495612	6.071074	1
6406	MAP4	0.9318442	0.56036186	-0.7336273	40.700935	1
6410	NME6	0.21227634	0.13885112	-0.6120455	5.535919	1
6419	SHISA5	0.56835526	0.26128626	-1.1208637	44.55244	1
6420	PFKFB4	0.16555789	0.010598578	-3.952716	44.55244	1
6423	UQCRC1	0.41863278	0.2203155	-0.92580414	23.75913	1
6429	NCKIPSD	0.07408777	0.0254296	-1.5390104	8.703448	1
6439	P4HTM	0.15147027	0.054203272	-1.4808757	16.103762	1
6441	DALRD3	0.25545013	0.11257935	-1.181383	19.020245	1
6442	NDUFAF3	0.6575644	0.34628364	-0.9249809	38.189392	1
6461	DAG1	0.18968904	0.102549255	-0.8866735	9.130529	1
6469	GMPPB	0.07649116	0.026564617	-1.5222514	9.054008	1
6487	GNAI2	1.3085958	0.7061272	-0.88992536	44.55244	1
6491	SEMA3B	0.020614114	0.0021738973	-3.187375	5.9141173	1
6493	IFRD2	0.1392605	0.06890176	-1.0141165	8.611344	1
6494	HYAL3	0.038854484	0.0100130625	-1.9455695	6.5927854	1
6495	NAA80	0.05339942	0.018941808	-1.4903527	6.150841	1
6497	HYAL2	0.5210696	0.26510376	-0.9746517	31.227278	1
6498	TUSC2	0.24602765	0.16184166	-0.60393256	6.4170566	1
6499	RASSF1	0.15991221	0.03342571	-2.254842	28.940327	1
6504	CYB561D2	0.09678936	0.044809356	-1.1093222	6.8771987	1
6505	TMEM115	0.20265573	0.09229154	-1.1339101	14.515535	1
6519	TEX264	0.24457803	0.1433187	-0.77065146	9.484572	1
6532	PCBP4	0.15640284	0.07858818	-0.99197	8.999347	1
6534	ABHD14A	0.261883	0.16296077	-0.68406343	8.356085	1
6539	POC1A	0.030989276	0.0029059283	-3.3705344	9.703068	1
6543	TWF2	0.32054615	0.13275993	-1.271076	27.818878	1
6553	TNNC1	0.24082948	0.004963506	-5.5723305	44.55244	1
6556	NT5DC2	0.815548	0.53625405	-0.604761	24.245842	1
6559	GNL3	0.4054895	0.15295418	-1.4059778	41.816044	1
6560	GLT8D1	0.5648537	0.22887696	-1.3029304	44.55244	1
6561	SPCS1	1.1479609	0.6797524	-0.7559056	44.55244	1
6573	TKT	0.8631958	0.5606899	-0.62239456	27.712252	1
6580	ACTR8	0.11998514	0.05175739	-1.211436	9.435087	1
6613	ARF4	1.1078317	0.59612095	-0.8939499	44.55244	1
6619	FLNB	0.18143918	0.045156654	-2.004079	28.624516	1
6622	DNASE1L3	0.019772515	0.0011059057	-4.0425854	6.6441245	1
6627	PXK	0.17974873	0.070743844	-1.3440695	16.380232	1
6637	C3orf67	0.02989664	0.0020350155	-3.8124824	10.068383	1
6644	PTPRG	0.18855876	0.33931753	0.84728193	13.042282	1
6654	THOC7	0.38053343	0.2431955	-0.6456925	11.267953	1
6666	PRICKLE2	0.07852867	0.019713117	-1.9885997	12.528285	1
6673	ADAMTS9-AS2	0.051656794	0.009411451	-2.444011	9.655677	1
6675	MAGI1	0.03512826	0.08351293	1.246993	5.7279453	1
6679	SLC25A26	0.17134513	0.089712605	-0.932757	8.885244	1
6680	LRIG1	0.099465676	0.035995197	-1.4638416	10.152561	1
6693	TMF1	0.6284869	0.29946843	-1.0692266	44.55244	1
6695	ARL6IP5	1.0660096	0.48166552	-1.1459528	44.55244	1
6697	FRMD4B	0.41454053	0.04163134	-3.3126578	44.55244	1
6700	MITF	0.046669424	0.011656619	-1.9920925	7.816875	1
6727	GXYLT2	0.09625002	0.00959137	-3.3135126	25.86418	1
6730	PDZRN3	0.06924256	0.168332	1.2803532	11.123485	1
6734	CNTN3	0.0006864601	0.050849076	6.0175385	10.621067	1
6745	ROBO1	0.4458286	0.23899198	-0.8992469	22.051172	1
6754	GBE1	0.37312365	0.029420264	-3.6602628	44.55244	1
6776	ZNF654	0.16278116	0.096739985	-0.75014496	5.9568086	1
6779	EPHA3	0.065903306	0.16300969	1.3052323	10.449775	1
6781	PROS1	0.39956138	0.090123236	-2.1472073	44.55244	1
6811	CLDND1	0.40553614	0.2694285	-0.58974844	10.259958	1
6815	CPOX	0.11588554	0.051462222	-1.1695586	8.508813	1
6824	COL8A1	0.18545273	0.025885211	-2.8360667	30.295061	1
6829	TBC1D23	0.23441046	0.11259669	-1.0572071	14.96758	1
6830	NIT2	0.2393308	0.10614981	-1.1721486	17.658697	1
6833	TMEM45A	0.4818465	0.05842465	-3.0417566	44.55244	1
6835	TFG	0.7695228	0.42115384	-0.8694618	43.10528	1
6840	PCNP	0.6112634	0.3534974	-0.78992265	27.091118	1
6846	NXPE3	0.13292696	0.05496273	-1.2725706	11.08461	1
6848	NFKBIZ	0.24109368	0.15777194	-0.61143726	5.9605145	1
6854	ALCAM	0.1423534	0.018067975	-2.9710205	32.46647	1
6869	CD47	0.38574833	0.096276976	-2.0012734	44.55244	1
6874	CIP2A	0.0505568	0.017534673	-1.5223411	6.1302795	1
6896	PHLDB2	0.15946731	0.071444094	-1.1572605	11.445446	1
6901	C3orf52	0.03354946	0.0042265756	-2.959286	8.68387	1
6909	ATG3	0.33028695	0.20251754	-0.7053976	11.0364685	1
6954	GAP43	0.23625189	0.018959204	-3.6323767	44.55244	1
6956	LSAMP	0.60105044	0.2743546	-1.1311586	41.60944	1
6961	AC092691.1	0.0726983	0.033030402	-1.1357491	5.4466066	1
6970	B4GALT4	0.10687819	0.053541634	-0.9958915	6.297213	1
6974	TMEM39A	0.17138444	0.07854086	-1.1247265	12.015529	1
6977	TIMMDC1	0.40159702	0.24517736	-0.71169364	13.965763	1
6991	LRRC58	0.28848353	0.20286503	-0.50775766	5.574945	1
6993	FSTL1	1.2948656	0.74872375	-0.79021573	44.55244	1
6996	HGD	0.016117139	1.3242243e-09	-7.3413563	7.4267654	1
7002	STXBP5L	0.048512477	1.3242243e-09	-8.925164	18.216293	1
7004	POLQ	0.014914966	1.3242243e-09	-7.2302384	6.807643	1
7017	FAM162A	1.370385	0.25871357	-2.4047015	44.55244	1
7029	SEMA5B	0.06562655	0.31312957	2.2526722	38.51676	1
7030	PDIA5	0.2727479	0.04228432	-2.6864944	44.55244	1
7033	ADCY5	0.012681542	0.045878228	1.846889	5.0565634	1
7035	HACD2	0.046522625	0.10488278	1.1710504	6.4446235	1
7037	MYLK	0.07535384	0.21746351	1.5277704	16.381794	1
7045	ITGB5	0.33071968	0.17309664	-0.93363404	17.355783	1
7048	HEG1	0.25206244	0.07630439	-1.7226259	33.061745	1
7050	SLC12A8	0.023602936	0.0018638122	-3.593337	7.7092376	1
7052	SNX4	0.31644014	0.18034114	-0.81086	13.360077	1
7081	PLXNA1	0.11512445	0.04448171	-1.369923	11.0203495	1
7094	PODXL2	0.105348945	0.038155694	-1.4627982	10.645452	1
7096	MGLL	0.23145704	0.11620114	-0.9935024	12.153526	1
7099	SEC61A1	0.4854081	0.19750041	-1.2969095	44.55244	1
7100	RUVBL1	0.25963244	0.1676613	-0.6306162	7.1651006	1
7106	GATA2	0.05138425	0.009825043	-2.374986	10.137716	1
7107	GATA2-AS1	0.029409928	0.0027817138	-3.3562014	9.105643	1
7110	RPN1	0.5246473	0.25168857	-1.0594101	36.27787	1
7111	RAB7A	0.5684291	0.3069813	-0.8886137	30.485556	1
7124	COPG1	0.3236401	0.141688	-1.1911005	26.006237	1
7130	MBD4	0.29110315	0.17795369	-0.70971364	9.734396	1
7139	TRH	0.05262324	1.3242243e-09	-9.042276	13.296536	1
7145	COL6A6	0.043596983	0.00490509	-3.1260657	10.31108	1
7148	ATP2C1	0.20453702	0.0965667	-1.0819763	13.579174	1
7156	MRPL3	0.39315552	0.23468198	-0.7441453	14.765708	1
7160	DNAJC13	0.21989147	0.14793919	-0.5714685	5.249998	1
7161	ACAD11	0.07225124	0.02828378	-1.349951	7.2948494	1
7163	UBA5	0.25912988	0.111698404	-1.2133323	21.15848	1
7172	CDV3	0.9545367	0.6439007	-0.5678895	28.220068	1
7175	SRPRB	0.27883297	0.09925794	-1.4892112	30.523125	1
7183	AMOTL2	0.040216707	0.008679833	-2.1991124	7.938153	1
7185	CEP63	0.29790512	0.16900499	-0.81741774	12.702081	1
7189	AC092969.1	0.038297255	0.011514308	-1.7251	5.4041014	1
7193	PCCB	0.113690674	0.057629082	-0.9790121	6.5008807	1
7208	DZIP1L	0.07150806	0.022521054	-1.6624558	9.037645	1
7213	MRAS	0.16248384	0.013129516	-3.6193516	44.55244	1
7229	COPB2	0.81333226	0.49733147	-0.7095245	32.846004	1
7230	AC046134.2	0.06289822	0.022786751	-1.4607984	6.4972086	1
7233	RBP1	0.37094337	0.16267653	-1.1886951	27.002972	1
7244	SLC25A36	0.62874514	0.32332674	-0.95926595	36.56289	1
7254	RNF7	1.2787386	0.89597964	-0.51313525	36.9517	1
7257	ATP1B3	0.7376559	0.30709586	-1.2639848	44.55244	1
7267	TRPC1	0.09610475	0.04543952	-1.078989	6.492683	1
7268	PCOLCE2	0.034378875	0.007557131	-2.170837	6.2150793	1
7275	CHST2	0.07220946	0.43357244	2.5843494	44.55244	1
7281	DIPK2A	0.21796279	0.093666285	-1.2176024	16.554628	1
7287	PLOD2	0.7612014	0.116504885	-2.7068396	44.55244	1
7288	PLSCR4	0.110574394	0.04491557	-1.2978255	9.118309	1
7291	PLSCR5	0.019622223	0.0009003182	-4.3012915	6.1071596	1
7308	AGTR1	0.02152693	0.27833965	3.6864638	44.55244	1
7309	CPB1	0.0003794662	0.023311429	5.60964	5.053075	1
7314	HLTF	0.47260356	0.30968076	-0.60968816	12.485151	1
7316	HPS3	0.16205798	0.08441587	-0.94010586	8.280266	1
7317	CP	0.018259028	0.0010767061	-3.9636638	5.463811	1
7321	TM4SF1	1.0156095	0.073233195	-3.7918775	44.55244	1
7325	WWTR1	1.1710346	0.2897332	-2.0146122	44.55244	1
7330	RNF13	0.2601871	0.16737092	-0.63619316	7.3320527	1
7339	TSC22D2	0.21958216	0.122084364	-0.846358	9.879734	1
7340	SERP1	1.102713	0.57216513	-0.94643253	44.55244	1
7342	SELENOT	0.41045505	0.26523745	-0.62974733	11.559819	1
7346	SIAH2	0.14413626	0.036693312	-1.9709184	22.11873	1
7354	P2RY14	0.011113797	1.3242243e-09	-6.809112	5.2433624	1
7364	SUCNR1	0.03243172	0.08916471	1.4562427	5.89758	1
7366	MBNL1	0.5212211	0.33420378	-0.6410127	15.449828	1
7371	P2RY1	0.32055923	0.07728946	-2.0508318	44.55244	1
7380	ARHGEF26	0.0374868	0.010651931	-1.8056303	5.2968664	1
7386	MME	0.11923633	0.056456696	-1.0772636	6.62562	1
7398	GMPS	0.36583394	0.24731724	-0.5646371	8.6467	1
7405	SSR3	1.3971797	0.6462545	-1.1122234	44.55244	1
7407	TIPARP	0.2909074	0.11773752	-1.3042568	24.015005	1
7412	LINC00881	0.02537546	1.3242243e-09	-7.992945	10.799234	1
7417	VEPH1	0.025192136	0.001999749	-3.5904	8.570285	1
7418	PTX3	0.115428165	0.0073469244	-3.955456	21.030306	1
7423	SHOX2	0.061417006	0.0019418419	-4.913042	18.626398	1
7424	RSRC1	0.29413104	0.18925713	-0.6358397	8.210048	1
7426	MLF1	0.21244815	0.08560045	-1.3104149	19.15369	1
7428	LXN	0.16104367	0.044697616	-1.8468536	20.532686	1
7431	RARRES1	0.048315603	0.0011970159	-5.222204	14.137076	1
7444	C3orf80	0.04747114	0.0008165939	-5.69766	12.920874	1
7446	SMC4	0.32040694	0.118073486	-1.4394492	28.01622	1
7467	SLITRK3	0.0015269179	0.06551579	5.33383	12.997649	1
7477	SERPINI1	0.14793293	0.69176716	2.224577	44.55244	1
7487	MECOM	0.10893917	0.9347864	3.0999446	44.55244	1
7510	CLDN11	0.05291896	0.0106167495	-2.306641	9.079205	1
7516	RPL22L1	0.7857575	0.54235595	-0.53476167	17.988127	1
7517	EIF5A2	0.10801382	0.046338685	-1.219152	8.416464	1
7520	TNIK	0.30697176	0.09760262	-1.6521066	38.18801	1
7522	PLD1	0.06133425	0.012807432	-2.2508411	12.07422	1
7527	FNDC3B	0.7438446	0.33160004	-1.1653161	44.55244	1
7533	ECT2	0.083619036	0.019368257	-2.104432	12.882307	1
7561	ZMAT3	0.47101688	0.17474255	-1.4300287	44.55244	1
7568	GNB4	0.42886952	0.23450078	-0.8706673	21.035244	1
7574	MRPL47	0.4992897	0.33017343	-0.5965051	13.418627	1
7616	YEATS2	0.23420121	0.14582129	-0.6831741	7.3571386	1
7619	PARL	0.3407223	0.1540919	-1.1442927	25.823366	1
7628	EIF2B5	0.13387136	0.07473959	-0.84005105	6.0390983	1
7630	AP2M1	1.2434309	0.7872005	-0.6594559	44.55244	1
7631	ABCF3	0.08393786	0.029752309	-1.493197	9.196606	1
7633	ALG3	0.2046382	0.052365832	-1.9643302	33.804222	1
7634	EEF1AKMT4	0.070509866	0.027978275	-1.3304155	6.5940185	1
7637	PSMD2	0.6303001	0.39675236	-0.6676655	20.923834	1
7641	POLR2H	0.44085905	0.21078841	-1.0641648	30.209362	1
7647	EPHB3	0.035261616	0.1029214	1.5426878	8.885032	1
7654	C3orf70	0.07128391	0.0155997425	-2.184858	13.032967	1
7658	TMEM41A	0.18727581	0.074068144	-1.3370632	17.036976	1
7667	DGKG	0.015003667	0.0008289788	-4.0231094	5.4163623	1
7673	DNAJB11	0.48133838	0.2942238	-0.7099471	16.406641	1
7675	AHSG	0.020637922	1.3242243e-09	-7.6961083	5.868792	1
7686	ST6GAL1	0.12053591	0.023951344	-2.3264701	23.62099	1
7687	RPL39L	0.2589061	0.1230665	-1.072376	16.101238	1
7690	MASP1	0.76427734	0.0009152401	-9.55632	44.55244	1
7697	BCL6	0.09537341	0.025942551	-1.8742282	13.138385	1
7712	P3H2	0.1025839	0.025556156	-2.000833	16.423946	1
7717	IL1RAP	0.17093866	0.06942278	-1.2987647	14.650252	1
7733	MB21D2	0.030658575	0.0039672568	-2.9188607	8.239542	1
7735	PLAAT1	0.020973573	0.001177133	-4.0444546	7.109124	1
7751	HES1	0.3010059	0.55836105	0.8911858	22.06763	1
7760	ATP13A3	0.5511027	0.12087685	-2.187852	44.55244	1
7764	TMEM44	0.14855589	0.03737185	-1.9880974	23.775478	1
7767	LSG1	0.16767767	0.09127506	-0.87667835	8.082318	1
7768	FAM43A	0.12680656	0.020286715	-2.6380656	26.50864	1
7774	XXYLT1	0.26794982	0.115209065	-1.2169951	21.45582	1
7778	ACAP2	0.54822326	0.36066747	-0.6039575	15.25083	1
7782	APOD	0.016405879	0.0010574606	-3.833945	5.003492	1
7791	TFRC	0.23747739	0.078132704	-1.6025538	25.053093	1
7795	PCYT1A	0.22805935	0.15512396	-0.5556905	5.1712713	1
7797	TCTEX1D2	0.21601917	0.10404373	-1.053251	13.811136	1
7802	RNF168	0.193988	0.105637886	-0.8762185	9.052811	1
7812	PAK2	0.8548984	0.5559026	-0.62083	27.807457	1
7820	MELTF	0.019614095	0.059862226	1.6048265	5.0850086	1
7875	FGFRL1	0.05205321	0.016665528	-1.6372582	6.915752	1
7880	SPON2	0.2416734	0.07066289	-1.7725906	18.45361	1
7892	AC147067.1	0.053743776	0.0040285806	-3.705062	16.751734	1
7894	SLBP	0.31552595	0.18227094	-0.7913398	12.57589	1
7896	TACC3	0.066771336	0.0069918423	-3.2371557	15.183979	1
7898	FGFR3	0.013018972	1.3242243e-09	-7.035492	5.717741	1
7901	NELFA	0.1776749	0.079705074	-1.1554993	13.002406	1
7902	C4orf48	1.2971356	0.43361458	-1.5806228	44.55244	1
7914	TNIP2	0.24387312	0.08294507	-1.5547558	28.439878	1
7918	MFSD10	0.50342834	0.24899662	-1.0153676	32.443672	1
7920	NOP14	0.18289465	0.10009309	-0.8690184	8.668319	1
7929	LRPAP1	0.9134385	0.2627	-1.7975004	44.55244	1
7938	LYAR	0.23102055	0.088190705	-1.3883121	21.483212	1
7941	NSG1	0.11278574	0.0055933273	-4.3094473	26.418236	1
7947	CYTL1	0.2814798	0.07859224	-1.8392506	36.389713	1
7948	STK32B	0.012671978	1.3242243e-09	-6.996819	6.0648766	1
7961	MAN2B2	0.12686719	0.056524172	-1.1649657	9.835459	1
7968	BLOC1S4	0.37851697	0.22587416	-0.7445812	14.402578	1
7977	GRPEL1	0.28310323	0.091273226	-1.6319942	35.709366	1
7982	AFAP1	0.27281427	0.12022325	-1.1815324	20.676466	1
7989	HTRA3	0.22657706	0.03256066	-2.7950125	44.55244	1
8031	WDR1	0.45398864	0.20417666	-1.1524495	34.257416	1
8061	CPEB2	0.04677463	0.014211067	-1.7116761	6.5094404	1
8067	FBXL5	0.20341203	0.12996979	-0.6458281	5.8535347	1
8069	BST1	0.07029653	0.003270291	-4.384559	22.698463	1
8080	LDB2	0.31984162	0.1409689	-1.1814086	23.284258	1
8091	NCAPG	0.07447589	0.0031824985	-4.505843	18.527044	1
8098	SLIT2	0.21778426	0.10652026	-1.0310804	10.925104	1
8104	AC096576.6	0.021625891	0.088842064	2.0334506	10.390406	1
8107	KCNIP4-IT1	0.008820149	0.17800966	4.3195543	30.538578	1
8118	SOD3	0.18017884	0.01610332	-3.4758687	44.55244	1
8120	LGI2	0.08528417	0.022436544	-1.9217024	12.433042	1
8123	PI4K2B	0.06756368	0.016579842	-2.020276	11.750357	1
8129	SEL1L3	0.025456227	0.002634219	-3.2244742	7.576588	1
8131	SMIM20	0.32606593	0.22230144	-0.55243987	7.2448883	1
8154	PCDH7	0.29015446	0.47196007	0.7016523	13.032497	1
8185	TBC1D1	0.21629885	0.5403872	1.3205677	39.670643	1
8195	KLF3	0.5279001	0.24337979	-1.1167362	39.190388	1
8198	TLR6	0.019357959	0.001964273	-3.2366548	6.0011234	1
8199	FAM114A1	1.146632	0.20483029	-2.484323	44.55244	1
8212	SMIM14	0.27452308	0.1642434	-0.74073935	9.846483	1
8215	UBE2K	0.5481251	0.3741599	-0.5507279	12.762089	1
8217	N4BP2	0.24127041	0.1522255	-0.66409135	7.0807986	1
8228	APBB2	0.074489176	0.17551425	1.2353717	11.272757	1
8231	UCHL1	0.9368074	0.6371718	-0.55599755	20.598509	1
8276	ATP10D	0.22953299	0.36472973	0.6678933	9.799844	1
8287	SLC10A4	0.0014316941	0.028057829	4.200336	5.28076	1
8294	DCUN1D4	0.17562401	0.08245707	-1.0898477	11.677097	1
8297	SGCB	0.58629346	0.29261932	-1.0023512	38.493717	1
8301	USP46	0.23992689	0.37603182	0.6480422	9.441621	1
8302	USP46-AS1	0.004806782	0.03150937	2.6875033	5.2478776	1
8318	CHIC2	0.26864016	0.18716854	-0.52110326	5.4455085	1
8322	PDGFRA	0.5127201	1.4139004	1.4632577	44.55244	1
8332	KDR	0.16058876	0.01965281	-3.0241392	26.0516	1
8334	SRD5A3	0.19282801	0.088506564	-1.1225771	13.50428	1
8337	TMEM165	0.92593014	0.58649325	-0.6586986	32.512836	1
8353	PAICS	0.40492478	0.118954584	-1.7663869	44.55244	1
8354	SRP72	0.6976137	0.42826137	-0.7038069	26.75218	1
8361	NOA1	0.124373436	0.06943248	-0.84007895	5.6433525	1
8391	TECRL	0.035770096	1.3242243e-09	-8.486619	11.740499	1
8405	UBA6	0.3200424	0.20095153	-0.6711484	9.845429	1
8427	SULT1E1	0.0029323741	0.10667835	5.1380277	18.330118	1
8434	ODAM	0.0123664765	1.3242243e-09	-6.9618907	5.234819	1
8450	GRSF1	0.42805904	0.2907947	-0.55764985	9.936493	1
8453	SLC4A4	0.028822452	0.0039043843	-2.8525374	7.6041584	1
8457	ADAMTS3	0.13658054	0.019478088	-2.8034961	25.721333	1
8462	ALB	0.093839474	0.001748255	-5.6674957	24.1677	1
8463	AFP	0.04933419	1.3242243e-09	-8.949347	11.994486	1
8468	CXCL8	0.027936382	1.3242243e-09	-8.131137	5.422884	1
8484	AREG	0.08061449	0.0050923615	-3.958365	11.559598	1
8501	G3BP2	0.770844	0.46010557	-0.7443477	33.556927	1
8502	USO1	0.4572215	0.2698015	-0.76077586	18.193005	1
8505	NAAA	0.08830776	0.010906239	-3.0058515	23.2896	1
8506	SDAD1	0.24660487	0.14647727	-0.7511249	9.1182995	1
8514	SCARB2	1.1686105	0.4151238	-1.4929565	44.55244	1
8517	STBD1	0.18398571	0.02687383	-2.7707453	41.0216	1
8531	ANXA3	0.029073859	0.0060067317	-2.256204	5.987517	1
8536	PAQR3	0.07756494	0.03471074	-1.157731	5.976364	1
8544	ANTXR2	0.36318094	0.24689054	-0.55662984	7.932745	1
8547	FGF5	0.014785066	0.00091600575	-3.872885	6.155381	1
8550	PRKG2	0.043167368	0.001881949	-4.4482875	13.621475	1
8557	ENOPH1	0.19816083	0.11168524	-0.82666993	8.565454	1
8561	SCD5	0.042451248	0.008926927	-2.2368946	8.277681	1
8562	SEC31A	1.2060214	0.5857755	-1.0417091	44.55244	1
8585	ARHGAP24	0.06891505	0.16695935	1.2753779	11.086764	1
8586	MAPK10	0.044535004	0.104250394	1.2251886	6.8525085	1
8588	PTPN13	0.14539652	0.4546928	1.6442248	42.26914	1
8592	AFF1	0.078037366	0.31187013	1.9973233	36.469048	1
8599	SPARCL1	0.11667012	0.020388128	-2.510811	16.468029	1
8606	SPP1	0.11843503	0.0014560744	-6.251259	18.120918	1
8608	ABCG2	0.04102886	0.011589286	-1.8149644	6.2082863	1
8624	GPRIN3	0.04624844	0.27789396	2.5844607	39.17841	1
8626	SNCA	0.2255833	0.11072387	-1.026031	12.876661	1
8652	UNC5C	0.17399324	0.39160153	1.1698945	23.581097	1
8653	AC106881.1	0.02530829	0.07101435	1.4848415	5.9912515	1
8662	RAP1GDS1	0.23132065	0.090214714	-1.3574846	22.111532	1
8663	TSPAN5	0.57694	0.17376092	-1.7307376	44.55244	1
8687	H2AFZ	1.5905681	0.9880128	-0.6868852	44.55244	1
8691	EMCN	0.19548705	0.69884527	1.8373686	44.55244	1
8705	MANBA	0.14623107	0.05250036	-1.4760915	14.959969	1
8710	SLC9B1	0.012539821	1.3242243e-09	-6.981813	5.421379	1
8711	SLC9B2	0.040879708	0.01034976	-1.97144	6.943725	1
8713	CENPE	0.13244858	0.019023446	-2.7931068	19.696218	1
8721	CXXC4	0.03360078	0.09282187	1.4632361	7.6212854	1
8740	AIMP1	0.47134906	0.2802975	-0.74962854	17.983574	1
8746	PAPSS1	0.42323738	0.17375223	-1.2839462	39.200024	1
8747	SGMS2	0.017398234	0.0009292897	-4.0874887	6.528138	1
8756	OSTC	1.858913	1.1356219	-0.7109271	44.55244	1
8759	COL25A1	0.07283091	0.18841131	1.3700488	13.060329	1
8763	MCUB	0.027552653	0.003034374	-3.1411686	7.7363687	1
8766	PLA2G12A	0.33400893	0.18966334	-0.8161172	14.195968	1
8773	ELOVL6	0.12466181	0.06534511	-0.93081903	6.579214	1
8774	ENPEP	0.07271669	0.0023738327	-4.8794494	21.482237	1
8776	PANCR	0.032371942	1.3242243e-09	-8.343031	13.454594	1
8783	FAM241A	0.06365714	0.13509038	1.0843337	7.320846	1
8808	AC093765.3	1.2732926e-09	0.02726307	8.096068	6.4448643	1
8816	NDST3	0.012220837	0.049440566	2.0075102	5.702015	1
8821	SEC24D	0.42584404	0.15110888	-1.494121	44.55244	1
8823	MYOZ2	0.026213009	1.3242243e-09	-8.039614	10.026997	1
8824	USP53	0.056351576	0.19561954	1.793702	18.033478	1
8825	C4orf3	1.587358	0.75676215	-1.0686159	44.55244	1
8834	MAD2L1	0.12424323	0.02011202	-2.6210425	22.17444	1
8838	NDNF	0.018300155	1.3242243e-09	-7.523555	7.4060917	1
8842	ANXA5	1.5771418	0.9649046	-0.70879614	44.55244	1
8846	CCNA2	0.069452934	0.0039410708	-4.105302	17.408905	1
8857	FGF2	0.06433546	0.014445355	-2.1472962	11.950079	1
8862	SPRY1	0.87759167	0.35513514	-1.30494	44.55244	1
8865	LINC01091	0.053512722	0.0020866322	-4.6157928	19.459354	1
8884	PLK4	0.017147727	0.0016059119	-3.3377912	5.4449058	1
8888	PGRMC2	0.44579482	0.22888818	-0.96143025	26.387325	1
8913	PCDH10	0.29597425	0.5245043	0.8252707	17.64455	1
8931	PCDH18	0.27120036	0.52840877	0.96203655	24.374205	1
8940	SLC7A11	0.12813023	0.015654786	-3.0248744	25.307997	1
8953	NAA15	0.21319747	0.12229726	-0.8012957	8.627366	1
8955	RAB33B	0.08906694	0.03206041	-1.471223	9.331006	1
8956	SETD7	0.10141605	0.05477981	-0.8873605	5.082127	1
8964	SCOC	0.44169605	0.26901668	-0.7151486	15.438005	1
8971	TBC1D9	0.11591649	0.06204675	-0.900579	5.7418118	1
8975	ZNF330	0.21857247	0.12737554	-0.7785511	8.507388	1
8980	IL15	0.036843836	0.0010332643	-5.0267777	13.957584	1
8987	GAB1	0.10298349	0.17626362	0.77473974	5.8831553	1
8999	HHIP-AS1	0.04490126	0.004234659	-3.3759751	12.151835	1
9000	HHIP	0.05018212	0.002824128	-4.103967	11.439317	1
9003	ABCE1	0.3759041	0.23581567	-0.67247707	11.64729	1
9027	EDNRA	0.19581398	0.77300227	1.980439	44.55244	1
9085	MND1	0.032641206	0.003485687	-3.1907861	9.115834	1
9086	TMEM131L	0.045320056	0.12289088	1.43715	9.630526	1
9096	PLRG1	0.23691054	0.1618806	-0.5491302	5.292989	1
9110	GUCY1A1	0.11676353	0.2375971	1.0242995	10.958703	1
9112	GUCY1B1	0.16778007	0.33418936	0.99366635	15.552175	1
9114	TDO2	0.013299372	0.07709188	2.5262837	9.38839	1
9120	PDGFC	0.05156173	0.23207279	2.168031	28.40704	1
9123	GRIA2	0.0011874008	0.17115763	7.0555634	30.228294	1
9129	GASK1B	0.022240875	0.09595387	2.104158	11.328089	1
9140	FNIP2	0.21424817	0.363607	0.7628205	11.896366	1
9142	RAPGEF2	0.12541275	0.3330468	1.408324	25.712345	1
9153	NPY1R	0.015945926	0.15757664	3.29669	25.14433	1
9170	MSMO1	0.4703424	0.2052449	-1.195969	33.820244	1
9176	SPOCK3	0.0042677834	0.03351776	2.9442506	5.063436	1
9192	CLCN3	0.569514	0.17061223	-1.7384181	44.55244	1
9215	HMGB2	0.34145328	0.12519497	-1.4467821	28.63661	1
9216	AC097534.2	0.1321482	0.019977197	-2.7196186	27.53145	1
9217	SAP30	0.43150142	0.1409427	-1.6135677	44.55244	1
9218	SCRG1	0.48212484	0.020159278	-4.5730515	44.55244	1
9223	HAND2	0.98229283	0.10958282	-3.1629624	44.55244	1
9224	HAND2-AS1	0.340541	0.038283765	-3.1496837	44.55244	1
9225	LINC02269	0.1867522	0.0011635065	-7.2083206	40.93691	1
9227	AC106895.2	0.010869413	1.3242243e-09	-6.7773232	5.262573	1
9228	LINC02268	0.029380972	0.0022624887	-3.6414046	8.23456	1
9232	CEP44	0.21986355	0.10920237	-1.0089397	12.794994	1
9234	HPGD	0.0070786215	0.039995525	2.4816625	5.360769	1
9248	SPCS3	0.7059623	0.49394134	-0.51516384	15.312962	1
9255	NEIL3	0.012337833	1.3242243e-09	-6.9585724	6.187325	1
9257	AGA	0.058180932	0.015403401	-1.9104393	8.909557	1
9271	TENM3-AS1	0.036611695	0.002364446	-3.8969045	10.847108	1
9272	TENM3	0.19879964	0.031170277	-2.6691768	43.29717	1
9278	DCTD	0.32814083	0.17571984	-0.9006567	16.629267	1
9283	WWC2	0.19290677	0.12579878	-0.6163872	5.13743	1
9289	ING2	0.24939698	0.17063549	-0.54725933	5.4272375	1
9291	RWDD4	0.23338257	0.13505821	-0.7886657	9.325261	1
9295	STOX2	0.028530005	0.074044794	1.3728175	5.58925	1
9301	IRF2	0.20362218	0.31076875	0.60970247	7.3115726	1
9309	CENPU	0.04535374	0.012071014	-1.9009497	6.825413	1
9319	SLC25A4	0.3581645	0.22862245	-0.647427	10.136048	1
9321	SNX25	0.059771653	0.02039403	-1.5466696	7.2337866	1
9324	ANKRD37	0.383965	0.009801877	-5.2775044	44.55244	1
9325	UFSP2	0.31097567	0.16471775	-0.91639394	15.652344	1
9326	C4orf47	0.05324639	0.0010480473	-5.538137	17.446594	1
9327	CCDC110	0.03549417	0.004232745	-3.0382879	8.945964	1
9328	AC106897.1	0.060909126	0.001250903	-5.4970293	22.875315	1
9329	PDLIM3	1.0287932	0.0009579829	-9.925561	44.55244	1
9330	SORBS2	0.057954304	0.0010497428	-5.65802	20.108614	1
9342	FAT1	0.5235407	0.23291396	-1.1681608	38.774418	1
9380	CCDC127	0.17995037	0.107100025	-0.74809533	6.5464025	1
9381	SDHA	0.24407963	0.13426293	-0.86180776	11.485876	1
9384	AHRR	0.027564362	0.0069346945	-1.975469	5.308013	1
9399	TRIP13	0.032094046	0.004118807	-2.931887	8.701231	1
9405	NKD2	0.1800613	0.0008165939	-7.6187906	44.55244	1
9406	SLC12A7	0.06707609	0.014243708	-2.2275298	12.142241	1
9412	CLPTM1L	0.29782057	0.15220508	-0.9679635	17.091024	1
9416	LPCAT1	0.124465525	0.06869639	-0.85650015	5.984855	1
9420	MRPL36	0.39776114	0.2793805	-0.50951743	7.977715	1
9467	MED10	0.4934093	0.24177134	-1.0288374	32.11089	1
9503	SEMA5A	0.81886065	0.26592857	-1.622213	44.55244	1
9507	SNHG18	0.3270426	0.17313734	-0.91716975	16.340963	1
9533	DAP	0.45754763	0.13037662	-1.8104458	44.55244	1
9536	CTNND2	0.01569016	1.3242243e-09	-7.302863	6.0170207	1
9547	OTULIN	0.17731707	0.0869362	-1.0274574	10.689256	1
9548	ANKH	0.15915029	0.034982927	-2.1824548	27.161406	1
9561	ZNF622	0.22897911	0.11709804	-0.9668975	12.859644	1
9611	CDH10	0.013480397	0.052779414	1.9611806	5.6214375	1
9650	GOLPH3	0.26022527	0.14697942	-0.82371986	11.329437	1
9657	NPR3	0.15664893	0.0018611992	-6.3205757	30.752354	1
9664	TARS	0.43005234	0.2618177	-0.7157342	14.581085	1
9666	ADAMTS12	0.13782328	0.037080627	-1.891243	20.356558	1
9674	RAI14	0.40008757	0.15861857	-1.3342054	35.897537	1
9679	BRIX1	0.22030732	0.13511318	-0.7049364	7.3079762	1
9680	DNAJC21	0.5729398	0.3376935	-0.76249385	23.29415	1
9682	PRLR	0.18431048	0.007356319	-4.6283135	44.55244	1
9685	IL7R	0.059449177	0.18462464	1.6332228	15.659945	1
9713	EGFLAM	0.10087234	0.012570119	-2.9944582	24.000698	1
9719	LIFR	0.22935627	0.058568917	-1.967551	30.620878	1
9724	OSMR	0.12448485	0.02531911	-2.2931433	23.262918	1
9729	DAB2	0.38987696	0.59172636	0.6017852	12.998266	1
9738	PTGER4	0.011998958	0.0485336	2.0070708	5.7197227	1
9742	C7	1.3736736	0.13956214	-3.2981312	44.55244	1
9752	GHR	0.018880645	0.06613247	1.8030097	6.8667326	1
9754	SELENOP	0.22370586	1.2076205	2.431967	44.55244	1
9768	HMGCS1	0.3383366	0.22299613	-0.6012201	7.918037	1
9805	AC022126.1	0.08802584	0.02350138	-1.9006939	12.502201	1
9806	PELO	0.33854958	0.11140685	-1.6026608	41.400764	1
9807	ITGA1	0.8523238	0.18257752	-2.2222717	44.55244	1
9815	FST	0.040994782	0.0034777499	-3.5218308	8.425223	1
9822	HSPB3	0.016943235	1.3242243e-09	-7.4130363	7.1793075	1
9826	ESM1	0.0076448726	0.05710604	2.884854	9.270167	1
9833	GPX8	0.8676624	0.36651793	-1.2430228	44.55244	1
9839	PLPP1	0.5680956	0.077095516	-2.879799	44.55244	1
9854	MAP3K1	0.36739555	0.14485605	-1.3421111	32.380844	1
9873	RAB3C	0.050958645	0.0021864607	-4.4809675	15.026519	1
9876	PDE4D	0.1203575	0.03105178	-1.9511378	18.035913	1
9886	NDUFAF2	0.25005326	0.10969902	-1.187947	19.020855	1
9890	ZSWIM6	0.11895419	0.19180933	0.6888064	5.354428	1
9902	RNF180	0.0759552	0.14470573	0.9289999	6.1675935	1
9903	RGS7BP	0.0037252575	0.07441043	4.2838135	13.782337	1
9911	CENPK	0.07993925	0.015118057	-2.3949237	14.729033	1
9916	SGTB	0.10860324	0.05296404	-1.0345885	6.8291	1
9917	NLN	0.17982817	0.076268286	-1.2363755	14.816897	1
9940	PIK3R1	0.18508579	0.30319667	0.7117562	8.961845	1
9949	SLC30A5	0.16618375	0.094485976	-0.8139489	6.8035507	1
9951	CCNB1	0.15126784	0.03889743	-1.9566078	15.428428	1
9952	CENPH	0.08481925	0.015974443	-2.4013228	15.981832	1
9956	AK6	0.28686348	0.14315228	-1.002309	17.026897	1
9957	TAF9	0.45737755	0.26808268	-0.770485	18.515467	1
9979	MAP1B	2.1256616	0.62155956	-1.7737831	44.55244	1
9987	TNPO1	0.58364224	0.39147726	-0.57603455	14.827632	1
9997	FOXD1	0.21846643	0.0033629583	-5.979923	44.55244	1
10013	ENC1	0.6707267	0.13493378	-2.3126197	44.55244	1
10014	HEXB	0.3520643	0.07271389	-2.273963	44.55244	1
10024	HMGCR	0.28425452	0.1738841	-0.7087353	8.852654	1
10035	IQGAP2	0.097033575	0.02730748	-1.8254004	11.909967	1
10037	F2RL2	0.01465634	0.0011567157	-3.5536048	5.247558	1
10039	F2R	0.68656003	0.21861455	-1.6505468	44.55244	1
10040	F2RL1	0.04840161	1.3242243e-09	-8.921869	20.73111	1
10042	CRHBP	1.3994935	1.3242243e-09	-13.772701	44.55244	1
10048	WDR41	0.41552255	0.15897591	-1.3855584	42.71993	1
10055	SCAMP1	0.26496556	0.120221905	-1.1394498	19.294962	1
10056	LHFPL2	0.104781225	0.031904563	-1.7124069	13.866694	1
10057	ARSB	0.07412505	0.026823541	-1.4630381	7.779222	1
10062	HOMER1	0.08696617	0.04369098	-0.99147856	5.1628265	1
10069	THBS4	0.20552896	0.021476362	-3.2525198	34.370213	1
10071	SERINC5	0.17285661	0.039269157	-2.1352725	27.545918	1
10086	CKMT2	0.0102619305	1.3242243e-09	-6.69513	5.0412617	1
10090	SSBP2	0.2374805	0.4996125	1.0726819	28.467499	1
10093	ATG10	0.13685611	0.07231568	-0.91933954	7.013309	1
10106	TMEM167A	0.9135721	0.5114922	-0.83668214	44.55244	1
10107	XRCC4	0.1679833	0.058560118	-1.5187244	18.60276	1
10108	VCAN	2.7853668	0.9219002	-1.59508	44.55244	1
10110	HAPLN1	1.102419	0.008497949	-7.0025954	44.55244	1
10111	EDIL3	0.5981574	0.28047103	-1.0924004	39.812252	1
10128	RASA1	0.18363717	0.091659814	-1.0017091	10.509756	1
10143	MEF2C	0.47187185	1.3586333	1.5254896	44.55244	1
10154	POLR3G	0.022777291	0.0031913663	-2.7971578	5.796746	1
10155	LYSMD3	0.16867281	0.10414099	-0.6951599	5.48856	1
10157	LUCAT1	0.039717536	0.001877573	-4.331601	12.484594	1
10164	ARRDC3	0.45291585	0.1694768	-1.4176227	41.712963	1
10175	NR2F1-AS1	0.1266652	0.3502986	1.4668382	28.078228	1
10176	NR2F1	0.10273225	1.1802578	3.5208595	44.55244	1
10191	TTC37	0.44656813	0.3046121	-0.5517565	10.13359	1
10192	ARSK	0.13818924	0.04791499	-1.5261321	15.347169	1
10198	GLRX	0.3069233	0.2081178	-0.5602547	6.8516545	1
10219	LIX1	0.017907998	0.00097472133	-4.066603	6.1985106	1
10247	PAM	0.7340435	0.13585228	-2.4329617	44.55244	1
10270	PJA2	0.9447764	0.612397	-0.6254228	31.510857	1
10280	TSLP	0.021521827	1.3242243e-09	-7.7563257	8.415276	1
10282	WDR36	0.1751059	0.09285652	-0.91442335	9.049066	1
10283	CAMK4	0.055044845	0.13618249	1.3053023	9.681015	1
10290	EPB41L4A	0.16873394	0.012318827	-3.7650042	44.55244	1
10291	EPB41L4A-AS1	0.54422337	0.36000252	-0.59605634	12.912198	1
10295	EPB41L4A-DT	0.015236079	1.3242243e-09	-7.260767	7.0298386	1
10299	REEP5	0.6158367	0.288646	-1.0929811	44.55244	1
10301	MCC	0.18191259	0.06970144	-1.3827094	16.95216	1
10306	KCNN2	0.067330256	0.0022164744	-4.8633933	19.783966	1
10316	CCDC112	0.2186981	0.0918788	-1.250227	17.275518	1
10317	FEM1C	0.08416944	0.033216428	-1.3387758	7.7571244	1
10318	TICAM2	0.06111462	0.014862643	-2.0325115	10.520885	1
10320	TMED7	0.42844823	0.22925168	-0.9018961	22.256905	1
10324	ATG12	0.56024903	0.35978055	-0.6388077	17.313745	1
10351	TNFAIP8	0.25668988	0.076111145	-1.7525142	33.28891	1
10356	PRR16	0.04911955	0.1374265	1.4824063	10.68315	1
10360	SRFBP1	0.23079892	0.1471519	-0.6489751	6.552701	1
10361	LOX	0.6174608	0.007915021	-6.267731	44.55244	1
10375	PPIC	0.84651214	0.59684926	-0.5040929	18.278782	1
10378	PRDM6	0.011719699	0.06755886	2.5170858	9.09601	1
10404	LMNB1	0.14172801	0.05550671	-1.3508116	11.688422	1
10405	MARCH3	0.20011365	0.01757585	-3.501689	44.55244	1
10409	MEGF10	0.041122906	0.09370552	1.1862266	5.8659205	1
10411	PRRC1	0.3082567	0.13804029	-1.1584659	23.461235	1
10418	SLC12A2	0.19155608	0.10711824	-0.83796936	7.900814	1
10419	FBN2	0.26850128	0.18640159	-0.52627814	5.2104073	1
10425	ADAMTS19	0.007640155	0.20826125	4.750581	38.681084	1
10444	P4HA2	1.382542	0.124993384	-3.4663503	44.55244	1
10470	ZCCHC10	0.17671634	0.11160621	-0.6625422	5.1789203	1
10482	VDAC1	1.2103618	0.606408	-0.996959	44.55244	1
10489	UBE2B	0.80575967	0.5258267	-0.6156669	25.619024	1
10496	SAR1B	0.35131833	0.2082597	-0.7541131	13.487997	1
10497	SEC24A	0.19644831	0.06756447	-1.5384135	22.27787	1
10501	TXNDC15	0.39061394	0.16225986	-1.2669176	34.72314	1
10504	PITX1	0.005053244	0.04487417	3.1255438	7.7070394	1
10526	TGFBI	0.4515335	0.047528747	-3.2452478	44.55244	1
10536	SPOCK1	0.18898673	0.0031372772	-5.8681235	44.55244	1
10549	KIF20A	0.045126688	0.0020034376	-4.4263535	14.3985615	1
10552	CDC25C	0.023312464	0.002210493	-3.3410041	7.4192734	1
10556	REEP2	0.061668247	0.010936255	-2.4846148	12.828453	1
10557	EGR1	0.61771065	1.2928886	1.065473	44.55244	1
10558	ETF1	0.31551155	0.20149973	-0.6466562	9.278857	1
10559	HSPA9	0.6526916	0.39856932	-0.71143	22.938555	1
10563	SIL1	0.46673587	0.12668598	-1.8805202	44.55244	1
10574	DNAJC18	0.18862143	0.11885755	-0.6658114	5.6602635	1
10575	ECSCR	0.0675828	0.015000532	-2.16419	11.057377	1
10579	UBE2D2	1.0275286	0.6446272	-0.67255825	41.28153	1
10591	PURA	0.3226375	0.21295054	-0.5991654	8.037861	1
10597	HBEGF	0.0984782	0.03419447	-1.5232927	10.198419	1
10602	SRA1	0.4703972	0.21209882	-1.1487695	35.94394	1
10610	WDR55	0.1262418	0.053724874	-1.2309871	10.337263	1
10679	PCDHGB6	0.5120682	0.3054696	-0.74511683	18.79431	1
10680	PCDHGA10	0.62398034	0.13453607	-2.2126667	44.55244	1
10693	RELL2	0.025228709	0.0021921545	-3.4659972	7.9262705	1
10699	PCDH1	0.02163844	0.15652518	2.848996	23.869793	1
10707	NDFIP1	0.6127948	0.4021208	-0.6076519	17.806044	1
10708	SPRY4	0.28424072	0.18722627	-0.6020674	7.02467	1
10722	YIPF5	0.65071374	0.30385098	-1.0984062	44.55244	1
10723	KCTD16	0.044754438	0.011830299	-1.9106207	6.1851234	1
10734	LARS	0.56202096	0.37050918	-0.6009821	14.874806	1
10748	DPYSL3	0.2980768	0.016895441	-4.1329484	44.55244	1
10755	C5orf46	0.014536383	1.3242243e-09	-7.193396	6.4332333	1
10774	ABLIM3	0.0114189405	1.3242243e-09	-6.847845	5.546233	1
10777	AFAP1L1	0.07220031	0.015677115	-2.1961684	12.612103	1
10781	PCYOX1L	0.065226026	0.018287241	-1.8289529	9.545632	1
10784	CARMN	0.32441998	1.1827466	1.865884	44.55244	1
10785	AC131025.2	0.004718852	0.03119305	2.6990807	5.0627923	1
10795	PDGFRB	0.68752193	1.7952846	1.3846055	44.55244	1
10799	ARSI	0.02778321	0.0024963443	-3.424843	8.341076	1
10806	SYNPO	0.3635001	0.017117735	-4.4003854	44.55244	1
10809	MYOZ3	0.031416092	0.008141988	-1.9350246	5.411436	1
10813	SMIM3	0.37014732	0.0773968	-2.2562804	44.55244	1
10815	ZNF300	0.031216761	0.082372464	1.3969775	6.4737225	1
10817	TNIP1	0.33971307	0.103069164	-1.7197294	44.55244	1
10820	CCDC69	0.029089129	0.006014067	-2.2552269	5.990661	1
10821	GM2A	0.12615354	0.041506168	-1.6014545	14.775452	1
10829	SPARC	2.624657	1.2803149	-1.0355723	44.55244	1
10832	ATOX1	1.1239805	0.7137125	-0.6551283	44.55244	1
10846	GALNT10	0.064869255	0.17630401	1.4410542	13.624224	1
10850	HAND1	0.045060888	0.00087765564	-5.529604	14.7616205	1
10852	LARP1	0.6645823	0.46264574	-0.52244526	15.299655	1
10856	MRPL22	0.4163947	0.2592715	-0.6832782	13.84697	1
10859	SGCD	0.10738473	0.0030911188	-5.0739255	35.06364	1
10872	CYFIP2	0.0526819	0.13669705	1.3739219	9.82378	1
10893	EBF1	0.10027411	0.6775379	2.7551274	44.55244	1
10897	RNF145	0.31278038	0.21452117	-0.5438187	6.8818297	1
10907	TTC1	0.36489168	0.22786666	-0.6790407	11.55297	1
10912	C1QTNF2	0.02542874	0.0021441884	-3.5078566	8.504209	1
10914	SLU7	0.27170265	0.1726178	-0.6541427	7.9698577	1
10915	PTTG1	0.3348804	0.029309988	-3.5096986	44.55244	1
10921	GABRB2	0.018758215	0.00092313375	-4.2041264	6.733878	1
10928	CCNG1	0.6016254	0.28106427	-1.097692	42.088547	1
10930	HMMR	0.09873222	0.0020798573	-5.502676	22.086044	1
10945	TENM2	0.17113239	1.3242243e-09	-10.741721	44.55244	1
10954	AC026689.1	0.02429796	0.0011476172	-4.289513	8.666307	1
10955	WWC1	0.028669685	0.004914155	-2.5204709	6.9415174	1
10956	RARS	0.45179528	0.16809043	-1.4258927	44.55244	1
10957	FBLL1	0.03394007	0.0057730074	-2.5350628	7.4885488	1
10958	PANK3	0.33879536	0.22862615	-0.56721854	7.813368	1
10964	SPDL1	0.15376672	0.07619491	-1.0120225	8.649954	1
10967	INSYN2B	0.0666356	0.0071774637	-3.196949	18.77158	1
10996	NEURL1B	0.039202485	0.010761946	-1.855338	5.6108956	1
11000	DUSP1	0.25923726	0.17451745	-0.5706317	5.6506476	1
11002	ERGIC1	0.27463213	0.16341436	-0.7486082	10.300033	1
11006	ATP6V0E1	1.3672951	0.9034315	-0.59778345	44.55244	1
11009	BNIP1	0.1024178	0.052274223	-0.9689455	5.8407364	1
11010	NKX2-5	0.1635879	0.0048926207	-5.0350065	44.55244	1
11011	STC2	0.51576346	0.0010189915	-8.848646	44.55244	1
11017	BOD1	0.59376425	0.36364368	-0.7072111	21.560211	1
11039	SFXN1	0.37261283	0.16298707	-1.192422	29.850315	1
11052	KIAA1191	0.26612177	0.12570953	-1.0813872	17.547586	1
11055	ARL10	0.1440329	0.06592565	-1.1263012	10.054988	1
11059	FAF2	0.4641771	0.29249176	-0.666097	14.7568245	1
11078	MXD3	0.042192478	0.0085799005	-2.2846508	8.278252	1
11079	PRELID1	0.9963439	0.5956832	-0.74200106	44.55244	1
11080	LMAN2	0.8276706	0.35098383	-1.2374156	44.55244	1
11084	F12	0.09582524	0.0019939549	-5.517608	34.19916	1
11087	PRR7	0.16993204	0.035397388	-2.2600217	30.956099	1
11092	DDX41	0.21052559	0.09246709	-1.1861094	15.84639	1
11095	TMED9	1.6377851	0.51259375	-1.6756649	44.55244	1
11096	B4GALT7	0.20571974	0.07658316	-1.4243996	20.602793	1
11099	FAM153A	0.015902426	1.3242243e-09	-7.322128	5.718219	1
11107	FAM153CP	0.06364423	0.01513678	-2.0647368	9.753822	1
11110	NHP2	0.57238346	0.36807925	-0.63682586	17.416142	1
11129	ADAMTS2	0.04587853	0.0030474006	-3.8687277	13.177748	1
11140	CANX	1.2805642	0.73635834	-0.79821634	44.55244	1
11143	MGAT4B	0.64994025	0.22563493	-1.5258994	44.55244	1
11144	SQSTM1	0.83413243	0.43461248	-0.940388	44.55244	1
11147	TBC1D9B	0.23283035	0.14214939	-0.7114762	7.973167	1
11148	RNF130	0.36305547	0.24050927	-0.5938951	9.123891	1
11154	GFPT2	0.09283314	0.0060610874	-3.9149363	28.325048	1
11161	MGAT1	0.32109365	0.15149458	-1.0832251	22.165373	1
11162	HEIH	0.07337585	0.017018348	-2.1017268	11.955469	1
11163	LINC00847	0.04316575	0.012817599	-1.7438877	5.883229	1
11168	BTNL9	0.0014685321	0.02885903	4.2065263	6.12023	1
11173	TRIM7	0.0118028885	1.3242243e-09	-6.8951488	5.3243814	1
11224	WRNIP1	0.14010806	0.0796932	-0.81323165	5.9832625	1
11225	SERPINB1	0.3033903	0.08069923	-1.9092369	41.734875	1
11227	SERPINB9	0.36584938	0.022376815	-4.0251346	44.55244	1
11229	SERPINB6	0.9985052	0.3507354	-1.5091201	44.55244	1
11231	NQO2	0.3733856	0.12819853	-1.5415479	43.23022	1
11238	TUBB2A	0.36192697	0.07874344	-2.1990345	44.55244	1
11240	TUBB2B	0.19439532	0.03928264	-2.3041039	34.803425	1
11245	PXDC1	0.13432176	0.043714438	-1.6172885	16.469995	1
11256	ECI2	0.51602274	0.30245778	-0.7705036	21.236094	1
11267	CDYL	0.30052933	0.20068853	-0.58230895	7.3585887	1
11274	LYRM4	0.39355782	0.22221452	-0.8243399	16.963213	1
11294	SSR1	0.69176596	0.32357207	-1.0959598	44.55244	1
11299	DSP	0.39874765	0.6552702	0.71647245	18.323608	1
11300	SNRNP48	0.1417123	0.07072459	-1.0016603	8.372529	1
11301	BMP6	0.017177822	1.3242243e-09	-7.4327583	6.4368234	1
11302	TXNDC5	0.55698174	0.132053	-2.0756798	44.55244	1
11307	SLC35B3	0.12978488	0.05782321	-1.16502	9.679496	1
11310	TFAP2A	0.04935282	0.0031635743	-3.921528	14.5167465	1
11318	GCNT2	0.0070949886	0.049432	2.7832966	7.9554157	1
11330	ELOVL2	0.110025495	0.022378521	-2.2925296	19.544579	1
11332	SMIM13	0.095222205	0.047925264	-0.98901886	5.879268	1
11335	NEDD9	0.16973817	0.011508058	-3.8709624	44.55244	1
11347	EDN1	0.15327545	0.0030102471	-5.6238947	26.285065	1
11351	TBC1D7	0.15612218	0.089345045	-0.8045258	6.5635405	1
11353	GFOD1	0.23913856	0.027361343	-3.1229758	44.55244	1
11357	NOL7	0.8259058	0.519826	-0.66784555	30.780687	1
11360	MCUR1	0.3507132	0.21500656	-0.70565146	11.822651	1
11380	MYLIP	0.30170763	0.15853697	-0.92790014	14.610997	1
11381	GMPR	0.064117335	0.004535935	-3.7920306	19.036402	1
11383	ATXN1	0.29199412	0.14988603	-0.9616051	16.103857	1
11391	RBM24	0.08393121	0.011559712	-2.8493931	20.173004	1
11392	CAP2	0.16701838	0.03265745	-2.3509755	31.01517	1
11435	MRS2	0.18930025	0.12157799	-0.6383699	5.419108	1
11440	ACOT13	0.40507236	0.17416221	-1.217276	33.15529	1
11442	C6orf62	0.2964248	0.17537323	-0.75690186	11.263151	1
11445	GMNN	0.18115753	0.09902318	-0.87074655	8.073829	1
11447	RIPOR2	0.2413445	0.044976793	-2.4212346	38.471844	1
11469	HIST1H3B	0.021871543	1.3242243e-09	-7.7794733	8.20433	1
11473	HIST1H1C	0.2953093	0.18017302	-0.7125317	8.446713	1
11479	HIST1H1E	0.14091077	0.06046843	-1.2191675	10.2343645	1
11491	HIST1H1D	0.08389166	0.024878874	-1.7495376	8.521122	1
11500	BTN3A2	0.12813865	0.071878165	-0.8331999	5.614587	1
11506	HCG11	0.0730685	0.031858515	-1.1950222	6.177318	1
11507	HMGN4	0.2478394	0.14336935	-0.789245	9.939363	1
11541	HIST1H2BN	0.051184468	0.011612469	-2.1304767	8.402266	1
11544	HIST1H1B	0.028140968	0.0031664441	-3.1119967	6.2553945	1
11608	HLA-F-AS1	0.020274285	0.0029529233	-2.738486	5.3337994	1
11613	HLA-A	1.2008204	0.34032476	-1.8187327	44.55244	1
11616	PPP1R11	0.28934702	0.17565289	-0.7197509	9.899996	1
11627	RPP21	0.45873976	0.2623766	-0.80580163	20.48313	1
11629	HLA-E	0.6640879	0.3714231	-0.83813953	31.839922	1
11635	MRPS18B	0.38592428	0.23493339	-0.71582586	13.145375	1
11639	PPP1R18	0.32994133	0.19966172	-0.7243665	11.48051	1
11640	NRM	0.11665582	0.050692473	-1.2008078	9.096193	1
11643	TUBB	1.8446065	1.2818207	-0.52508426	44.55244	1
11645	FLOT1	0.4464634	0.22610869	-0.98121065	26.240107	1
11647	IER3	0.98282766	0.07280747	-3.7529469	44.55244	1
11652	DDR1	0.17036813	0.02797021	-2.6023903	35.69941	1
11662	PSORS1C1	0.05333847	0.0009228206	-5.707254	18.43944	1
11666	TCF19	0.022959847	0.0022023635	-3.3241954	7.434466	1
11672	HLA-C	1.242924	0.25093302	-2.3079052	44.55244	1
11673	HLA-B	0.5964718	0.16770968	-1.8298699	44.55244	1
11677	MICA	0.15648176	0.038177658	-2.0323417	25.492546	1
11686	NFKBIL1	0.25231385	0.13099906	-0.94513375	13.034054	1
11694	BAG6	0.26055384	0.15201192	-0.77700186	10.146333	1
11698	GPANK1	0.18124165	0.09431001	-0.94169855	9.418098	1
11699	CSNK2B	0.85904187	0.5610293	-0.61456305	27.222733	1
11714	VARS	0.11817337	0.059321597	-0.993066	7.0962076	1
11715	LSM2	0.68574405	0.4591299	-0.5786641	18.712383	1
11720	NEU1	0.2755481	0.16175888	-0.76809096	10.430709	1
11728	NELFE	0.38616964	0.20086432	-0.9426689	21.744637	1
11745	AGPAT1	0.27670076	0.1593708	-0.7955556	11.200796	1
11750	GPSM3	0.19645761	0.12094072	-0.69945973	6.304442	1
11757	HLA-DRB1	0.019314658	1.3242243e-09	-7.6009836	7.172781	1
11771	HLA-DMA	0.036349818	0.0050164685	-2.8326914	8.838114	1
11776	HLA-DPA1	0.12074633	0.028748823	-2.0665894	20.912268	1
11777	HLA-DPB1	0.22032937	0.04153568	-2.4044242	44.55244	1
11781	SLC39A7	0.7662973	0.33046752	-1.2131475	44.55244	1
11788	B3GALT4	0.050917994	0.012103285	-2.0637367	8.829741	1
11789	WDR46	0.16808668	0.098444924	-0.77120996	6.621118	1
11790	PFDN6	0.2604141	0.17019679	-0.61331004	6.8905993	1
11792	TAPBP	0.2595454	0.13037492	-0.99276996	15.471067	1
11794	DAXX	0.16525409	0.08702636	-0.92437756	8.637193	1
11796	KIFC1	0.048163928	0.00091523625	-5.571058	14.7986765	1
11797	PHF1	0.17653662	0.08947573	-0.9796046	9.719666	1
11802	BAK1	0.07838935	0.03468228	-1.1741443	6.2932634	1
11805	UQCC2	0.5181851	0.3422188	-0.5984055	13.710597	1
11807	LEMD2	0.13412192	0.06426673	-1.0602334	8.4507675	1
11813	HMGA1	0.13512236	0.041896846	-1.6869808	16.725143	1
11814	SMIM29	0.20467812	0.104173966	-0.9736826	11.224373	1
11829	SCUBE3	0.015814554	0.07289676	2.1974857	9.307763	1
11839	FKBP5	0.19751234	0.28684974	0.53812486	5.3088517	1
11858	KCTD20	0.33919787	0.19175205	-0.8225581	14.849788	1
11862	CDKN1A	0.5689051	0.103674255	-2.454993	44.55244	1
11869	C6orf89	0.3075634	0.19417693	-0.6632382	9.361987	1
11872	MTCH1	1.0654997	0.64979005	-0.713398	44.55244	1
11874	PIM1	0.0562496	0.0060236626	-3.2019386	13.801617	1
11879	RNF8	0.22940105	0.13498701	-0.76461184	8.640752	1
11881	CCDC167	0.48755005	0.3149661	-0.6301917	14.016993	1
11886	ZFAND3	0.29357687	0.15413156	-0.92913157	15.631724	1
11889	GLO1	0.6865769	0.45100206	-0.6061776	19.880884	1
11899	DAAM2	0.063376956	0.122472145	0.9493263	5.5862412	1
11911	OARD1	0.23019382	0.14965166	-0.6209037	6.1802034	1
11920	TREM1	0.027251588	1.3242243e-09	-8.095462	8.11293	1
11947	MRPS10	0.33727023	0.18170929	-0.8919066	16.89559	1
11948	TRERF1	0.07549251	0.1562064	1.0480616	8.066712	1
11953	RPL7L1	0.6390853	0.43454948	-0.5563818	15.823743	1
11958	CNPY3	0.552849	0.25745785	-1.10225	41.131824	1
11963	MEA1	0.6334371	0.29031998	-1.1252885	44.55244	1
11964	KLHDC3	0.33820057	0.22000991	-0.6200815	9.151977	1
11965	RRP36	0.3544214	0.21104212	-0.74765825	13.127165	1
11969	MRPL2	0.2366491	0.13898647	-0.7673768	9.123328	1
11971	PTK7	0.24260741	0.13657117	-0.8285092	10.578172	1
11987	YIPF3	0.7187325	0.3557676	-1.0143151	44.55244	1
11994	RSPH9	0.047769427	0.003706569	-3.6525414	14.895083	1
11997	VEGFA	1.0134665	0.039449777	-4.6796274	44.55244	1
12006	MRPL14	0.65913695	0.37745878	-0.80409586	31.306581	1
12007	TMEM63B	0.10233059	0.054092485	-0.91848177	5.2880273	1
12010	SLC29A1	0.14381042	0.068981305	-1.0588038	8.401189	1
12042	TNFRSF21	0.1237233	0.2189059	0.8226869	7.9638753	1
12053	MMUT	0.14208587	0.07985122	-0.83058614	6.175887	1
12054	CENPQ	0.06212567	0.025790842	-1.265068	5.3463964	1
12083	TRAM2	0.18231708	0.083286084	-1.1293622	12.825047	1
12085	TMEM14A	0.29895827	0.15628934	-0.9352844	15.717215	1
12087	GSTA1	0.14450392	1.3242243e-09	-10.497872	29.495857	1
12090	GSTA4	0.3360964	0.22816025	-0.5586246	7.5602803	1
12117	HMGCLL1	0.018265605	0.13008489	2.8254836	19.868984	1
12118	BMP5	0.12166924	0.7123674	2.5486743	44.55244	1
12119	COL21A1	0.20524839	0.59130126	1.5260637	44.55244	1
12123	BEND6	0.044128153	0.0072113005	-2.5967653	10.011729	1
12127	BAG2	0.0760929	0.022061678	-1.7815895	10.627355	1
12128	RAB23	0.08440354	0.0267234	-1.6555197	11.091945	1
12162	COL9A1	0.05690958	0.0011891468	-5.466716	17.86416	1
12177	LINC00472	0.05444013	0.13730082	1.3330005	9.79525	1
12205	COX7A2	1.5502765	1.085208	-0.51451397	44.55244	1
12206	TMEM30A	0.5237193	0.2418955	-1.1140891	39.950943	1
12225	HMGN3-AS1	0.03699292	0.01194718	-1.6224484	5.002857	1
12237	TTK	0.051559564	0.0011788358	-5.3361325	15.00236	1
12243	TENT5A	0.80908364	0.08155191	-3.3089085	44.55244	1
12250	IBTK	0.33446416	0.19096774	-0.8081986	14.299932	1
12256	PGM3	0.6671387	0.15533218	-2.1019177	44.55244	1
12257	RWDD2A	0.08219024	0.03459465	-1.246008	7.133701	1
12258	ME1	0.10111489	0.0025085874	-5.278009	36.68812	1
12259	PRSS35	0.13014068	0.01319219	-3.2925293	30.145628	1
12267	MRAP2	0.058794253	0.001995291	-4.8129044	19.931461	1
12270	TBX18	0.023005066	0.0030159524	-2.890464	5.8509912	1
12274	NT5E	0.07798369	0.0023848119	-4.9738126	25.746277	1
12277	SNHG5	1.1042652	0.67091095	-0.7188091	44.55244	1
12287	SLC35A1	0.22683154	0.07795835	-1.5396322	25.561422	1
12288	RARS2	0.52649593	0.2234954	-1.235806	44.55244	1
12289	ORC3	0.19191466	0.12440665	-0.62499374	5.12829	1
12290	AKIRIN2	0.3576712	0.24164614	-0.5655443	8.16577	1
12302	GABRR1	0.0009398944	0.1941504	7.5453367	42.961376	1
12305	RRAGD	0.23118632	0.12826297	-0.8494508	9.810063	1
12313	BACH2	0.060653202	0.024026008	-1.3323712	5.6474247	1
12335	UFL1	0.5472428	0.34042326	-0.6846915	18.354115	1
12360	ASCC3	0.48649037	0.19247653	-1.3372759	44.55244	1
12362	GRIK2	0.11288244	0.017140953	-2.7121873	24.283283	1
12373	POPDC3	0.042442314	0.0047137756	-3.143658	12.554566	1
12389	CD24	0.04320894	0.0062349485	-2.77326	8.621697	1
12396	SEC63	0.70669	0.4777166	-0.5648247	18.557415	1
12399	OSTM1	0.18095984	0.092987634	-0.95980513	9.986005	1
12402	SNX3	1.1900043	0.8272872	-0.5244536	34.776257	1
12437	RPF2	0.29021835	0.14197941	-1.0309381	17.372799	1
12449	FYN	0.3892104	0.17508365	-1.1520528	29.39886	1
12453	FAM229B	0.30602592	0.20946133	-0.54675263	6.7766595	1
12454	LAMA4	0.33869416	0.22574097	-0.58510166	7.308788	1
12483	TSPYL4	0.15588148	0.25680828	0.71987855	7.6624413	1
12496	FAM162B	0.00873277	0.083181016	3.2370498	13.154304	1
12503	DCBLD1	0.09441021	0.042806216	-1.1392835	6.8113537	1
12505	NUS1	0.18917492	0.11455866	-0.723138	6.650214	1
12506	SLC35F1	0.004967432	0.304131	5.9077687	44.55244	1
12507	CEP85L	0.20762965	0.30499315	0.5545426	6.1112785	1
12514	MAN1A1	0.34299505	0.13376448	-1.357835	30.489899	1
12519	GJA1	0.60385674	0.030244168	-4.3149543	44.55244	1
12521	SERINC1	0.7065489	0.37987134	-0.8951031	39.377304	1
12522	PKIB	0.09127572	0.034777857	-1.3894994	7.913762	1
12529	CLVS2	0.0015204785	0.06585812	5.3470583	13.073808	1
12530	TRDN	0.0512014	0.34709007	2.7586555	44.55244	1
12537	RNF217	0.18803759	0.10149113	-0.8890137	8.962741	1
12538	TPD52L1	0.06228223	0.012711146	-2.2837358	11.744336	1
12539	HDDC2	0.4963797	0.3032168	-0.7109094	17.654182	1
12544	HEY2	0.31172994	0.12403916	-1.328801	25.536741	1
12545	NCOA7	0.59905964	0.10195524	-2.5535903	44.55244	1
12547	HINT3	0.14598632	0.07751874	-0.9123442	7.212697	1
12549	CENPW	0.21894948	0.06267732	-1.8029416	25.769037	1
12551	RSPO3	0.22317444	0.0037678157	-5.8511553	44.55244	1
12554	KIAA0408	0.06731398	0.014915365	-2.1666083	12.402742	1
12555	SOGA3	0.11432338	0.0209122	-2.4450827	23.079369	1
12559	PTPRK	0.07163805	0.2239902	1.6432692	20.258066	1
12562	LAMA2	0.05550682	0.008347464	-2.7186718	12.741538	1
12565	ARHGAP18	0.27174792	0.1564276	-0.79638255	10.669157	1
12573	EPB41L2	0.463742	0.81392825	0.81144553	34.413155	1
12580	ENPP1	0.07237303	0.0010717628	-5.950692	16.716002	1
12599	SLC18B1	0.02951016	0.093484856	1.6601827	8.602956	1
12609	TCF21	0.23821422	0.0052376813	-5.4805083	44.55244	1
12610	TBPL1	0.16570416	0.09923721	-0.739074	5.9352894	1
12613	SGK1	0.55563134	0.07854578	-2.8209465	44.55244	1
12618	AL078590.2	0.041163933	0.0031736589	-3.6559055	12.238705	1
12624	HBS1L	0.27174515	0.18291415	-0.5708298	6.447446	1
12629	AHI1	0.22224656	0.0940509	-1.2397633	17.61549	1
12633	AL035604.1	0.001564494	0.10762045	6.0160646	21.169367	1
12635	PDE7B	0.0572136	0.0089274775	-2.6664827	14.640695	1
12639	MTFR2	0.011479775	1.3242243e-09	-6.8554444	6.1181397	1
12642	MAP7	0.0022340673	0.035348255	3.9247966	7.1092014	1
12653	IFNGR1	0.24108611	0.15951496	-0.59555095	6.0373545	1
12663	PERP	0.16081497	0.07590999	-1.0820376	9.833494	1
12664	ARFGEF3	0.04985312	1.3242243e-09	-8.964412	17.627798	1
12667	HEBP2	0.5644845	0.24588974	-1.1985914	44.55244	1
12668	NHSL1	0.035951603	0.08564531	1.2499943	5.7758336	1
12679	CITED2	0.32661647	0.6030999	0.88459706	24.697584	1
12707	FUCA2	0.32980654	0.15496248	-1.0892076	22.73208	1
12708	PHACTR2	0.28142565	0.6152066	1.1280391	37.780212	1
12712	PLAGL1	0.33830637	0.48225558	0.5113403	8.548921	1
12714	SF3B5	0.9592856	0.6382247	-0.5878203	30.87346	1
12727	RAB32	0.5708444	0.22601828	-1.3362727	44.55244	1
12734	STXBP5	0.28041556	0.027521297	-3.3442278	44.55244	1
12755	GINM1	0.6760967	0.34747928	-0.9601008	42.168625	1
12758	KATNA1	0.22459461	0.14028622	-0.67856413	7.0681906	1
12762	PCMT1	0.5920639	0.31300232	-0.9193625	33.661594	1
12764	LRP11	0.08988015	0.026192911	-1.774933	12.86135	1
12770	ULBP2	0.027195567	0.0061719134	-2.121689	5.0418243	1
12771	ULBP1	0.011703813	1.3242243e-09	-6.88309	5.0186205	1
12781	MTHFD1L	0.3278247	0.03431081	-3.2524307	44.55244	1
12785	AKAP12	0.49081397	1.0185373	1.0530984	44.55244	1
12798	MYCT1	0.046126742	0.01286368	-1.8342525	5.640866	1
12801	FBXO5	0.09925484	0.04646226	-1.0934291	6.3351827	1
12803	MTRF1L	0.24774392	0.1122641	-1.1412507	18.2018	1
12804	RGS17	0.14350918	0.019341141	-2.8849633	31.182346	1
12815	TFB1M	0.09507811	0.049179524	-0.94964147	5.196883	1
12831	SNX9	0.4318951	0.21176411	-1.0278757	27.212902	1
12835	SYNJ2	0.19455071	0.070936404	-1.4542571	19.586048	1
12840	TULP4	0.17764509	0.27417752	0.62582666	6.608636	1
12845	DYNLT1	0.94587857	0.6020554	-0.65167165	33.844543	1
12866	ACAT2	0.18514253	0.059854936	-1.6274649	21.682522	1
12867	TCP1	0.6513671	0.42521182	-0.6151715	19.560198	1
12868	MRPL18	0.39213106	0.21271485	-0.8821049	19.598051	1
12888	AGPAT4	0.34477776	0.067672394	-2.3473153	44.55244	1
12933	RNASET2	0.16305986	0.056908146	-1.5170462	16.978752	1
12956	AFDN-DT	0.06559761	0.004168719	-3.943966	19.031113	1
12957	AFDN	0.7371373	0.17360489	-2.0854907	44.55244	1
12980	THBS2	0.058022477	0.0030452216	-4.207863	19.555502	1
12987	PHF10	0.13493821	0.048229672	-1.4823866	13.852776	1
13025	FAM20C	0.05947928	0.20460148	1.7806389	20.333086	1
13032	PDGFA	0.26722348	0.67942864	1.345948	44.55244	1
13042	COX19	0.2535079	0.11475876	-1.1427388	18.350681	1
13044	C7orf50	0.6106416	0.24815036	-1.2987663	44.55244	1
13046	GPR146	0.0256794	0.0040989285	-2.6181257	5.7756715	1
13051	ZFAND2A	0.17423868	0.077344425	-1.1706594	13.025165	1
13062	PSMG3	0.29201764	0.18289359	-0.6747563	9.067039	1
13072	NUDT1	0.22295132	0.07550635	-1.5607964	24.970589	1
13074	EIF3B	0.42950282	0.2806538	-0.61369795	11.776646	1
13075	CHST12	0.1416669	0.055951893	-1.3386858	13.01149	1
13096	RADIL	0.036789913	0.0020292967	-4.1147776	12.883908	1
13113	FSCN1	0.9800197	0.23607266	-2.053116	44.55244	1
13120	AIMP2	0.13679989	0.053458408	-1.3539363	13.262088	1
13121	EIF2AK1	0.46971405	0.28220102	-0.7348556	17.489706	1
13130	KDELR2	1.6450592	0.66523397	-1.3060765	44.55244	1
13132	ZDHHC4	0.25948828	0.15184888	-0.77263904	9.888445	1
13142	C1GALT1	0.18551974	0.060261436	-1.6206511	22.205427	1
13149	RPA3	0.20834774	0.12891786	-0.69211495	6.481631	1
13160	AC060834.2	0.010932709	0.09577713	3.1193995	14.824478	1
13170	THSD7A	0.06996708	0.250553	1.8388827	24.722826	1
13178	ARL4A	0.24353679	0.4556765	0.9035945	18.495417	1
13187	MEOX2	0.00028071488	0.024584627	6.018758	5.3025184	1
13206	AHR	0.23224173	0.046604287	-2.3146214	42.0653	1
13213	HDAC9	0.035189733	0.19723213	2.4833055	26.707584	1
13232	ITGB8	0.050670262	0.0043190056	-3.52219	14.014738	1
13240	RAPGEF5	0.044622116	0.16121253	1.8507981	16.185371	1
13246	TOMM7	1.3062104	0.8237929	-0.664969	44.55244	1
13248	SNHG26	0.023685584	0.003883344	-2.5780356	5.726599	1
13249	FAM126A	0.17939052	0.11148003	-0.6858288	5.53846	1
13255	GPNMB	0.03500709	0.0011251485	-4.840734	11.250033	1
13256	MALSU1	0.34221348	0.12459227	-1.456946	37.10523	1
13257	IGF2BP3	0.4030181	0.21123819	-0.93164897	21.849161	1
13265	NPY	0.063570686	1.3242243e-09	-9.314466	8.871606	1
13267	MPP6	0.123426825	0.042765863	-1.5269233	14.0517025	1
13270	OSBPL3	0.020765796	0.0019466818	-3.3497813	6.1102996	1
13271	CYCS	0.7037617	0.37513	-0.9075169	38.653072	1
13294	SKAP2	0.17050354	0.30730373	0.849487	11.910776	1
13296	HOTAIRM1	0.01975945	0.12183178	2.6181767	17.65192	1
13298	HOXA3	0.0039974037	0.04169945	3.350702	7.3782363	1
13302	HOXA5	0.0030476293	0.07518693	4.580062	14.773608	1
13304	HOXA7	0.0014563175	0.049699478	4.9999223	10.446792	1
13306	HOXA9	0.010131864	0.11667917	3.5126421	19.511173	1
13307	HOXA10-AS	0.003930569	0.065186106	4.0177207	12.408971	1
13308	HOXA10	0.016385475	0.19297789	3.5499156	33.236523	1
13309	HOXA11	0.0038209155	0.03743348	3.2589157	6.517859	1
13310	HOXA11-AS	0.00084192306	0.029108295	4.954625	6.690108	1
13323	JAZF1	0.08508125	0.01923476	-2.1393392	15.635294	1
13326	CREB5	0.17376713	0.034419496	-2.332502	30.526985	1
13331	CPVL	0.11586036	0.059282877	-0.9655128	6.2525773	1
13340	WIPF3	0.012437814	1.3242243e-09	-6.970123	5.467282	1
13341	SCRN1	0.32775038	0.2105493	-0.6381945	9.31643	1
13343	FKBP14	0.5463868	0.11087249	-2.2999845	44.55244	1
13347	MTURN	0.0771611	0.026809908	-1.5216049	8.567191	1
13359	GARS	0.58478975	0.15041786	-1.95823	44.55244	1
13364	AQP1	0.38217342	0.0045743887	-6.3536835	44.55244	1
13380	FKBP9	0.42129982	0.10974614	-1.9397054	44.55244	1
13382	RP9	0.29347157	0.20150715	-0.5421654	6.298406	1
13393	DPY19L1	0.15562639	0.07791035	-0.99727595	9.1392565	1
13395	TBX20	0.0867209	1.3242243e-09	-9.76188	32.41631	1
13415	ANLN	0.07809461	0.007325014	-3.3966036	15.4763365	1
13426	EPDR1	0.1999387	0.024493568	-3.0239263	44.55244	1
13429	STARD3NL	0.41721788	0.24597755	-0.7620336	16.349459	1
13453	AMPH	0.017378716	0.17413439	3.3173583	29.160875	1
13462	RALA	0.5443782	0.33322138	-0.70796055	17.838236	1
13473	INHBA	0.40801764	0.07435379	-2.4545677	44.55244	1
13488	COA1	0.39355358	0.27096173	-0.5383052	8.738704	1
13496	DBNL	0.3393064	0.20844048	-0.70268625	11.528276	1
13500	AEBP1	0.6241808	0.20819835	-1.5835437	44.55244	1
13501	POLD2	0.25778645	0.124449976	-1.0500112	16.20648	1
13502	MYL7	0.3541265	0.010175427	-5.107402	44.55244	1
13504	YKT6	0.2214903	0.097897574	-1.1770767	16.890398	1
13506	NUDCD3	0.15873468	0.09662472	-0.7155694	5.5307493	1
13509	TMED4	0.58527577	0.37199968	-0.653674	18.625166	1
13521	SNHG15	0.13749568	0.076577656	-0.84355706	5.9270353	1
13522	CCM2	0.35090932	0.20582527	-0.76938844	13.95577	1
13523	NACAD	0.065559834	0.016115552	-2.017633	11.426306	1
13524	TBRG4	0.11555232	0.056506667	-1.0307503	7.18995	1
13531	IGFBP3	1.6968975	0.37227774	-2.1881459	44.55244	1
13543	TNS3	0.1731949	0.32968587	0.9283003	14.476155	1
13549	HUS1	0.12861253	0.07287114	-0.8187546	5.549137	1
13552	UPP1	0.27051112	0.024924574	-3.4348037	44.55244	1
13559	VWC2	0.019016134	0.00084166985	-4.3434258	7.1467896	1
13571	GRB10	0.094158135	0.014583379	-2.6824331	21.170229	1
13594	SEC61G	1.7608671	0.88897014	-0.98599875	44.55244	1
13600	VOPP1	0.17140506	0.08258421	-1.0525674	11.194871	1
13608	PSPH	0.08912678	0.04122792	-1.1103599	6.2540812	1
13610	SUMF2	0.55218536	0.20561944	-1.4247358	44.55244	1
13611	PHKG1	0.07128255	0.021496208	-1.7247936	8.875102	1
13665	VKORC1L1	0.16716874	0.07188044	-1.216491	13.301596	1
13666	GUSB	0.2290946	0.08280669	-1.4670125	24.038263	1
13667	ASL	0.14793564	0.077217095	-0.9370853	7.7781587	1
13668	CRCP	0.16880588	0.10634633	-0.6660933	5.2036214	1
13670	TPST1	0.1831364	0.0659523	-1.4720254	19.521132	1
13678	TMEM248	0.35331115	0.19947197	-0.8244384	15.895503	1
13679	SBDS	0.65966374	0.4032511	-0.7099134	24.04978	1
13708	BCL7B	0.16792737	0.10284916	-0.7067641	5.6215134	1
13709	TBL2	0.20245032	0.06638295	-1.607224	25.189907	1
13712	VPS37D	0.06315854	0.027439917	-1.1997361	5.0573072	1
13714	BUD23	0.27079666	0.17843796	-0.6015116	6.978979	1
13725	EIF4H	0.63590384	0.42299893	-0.58804053	17.619276	1
13732	GTF2I	0.8783625	1.2670382	0.52852136	36.208664	1
13750	RHBDD2	0.16120239	0.093404196	-0.7866648	6.382807	1
13752	TMEM120A	0.16301423	0.076258205	-1.0950276	10.717033	1
13754	MDH2	0.7317094	0.3595126	-1.0250245	44.55244	1
13757	YWHAG	0.61088556	0.34395292	-0.82850784	29.7899	1
13771	GSAP	0.0050605754	0.077998094	3.9196837	14.608003	1
13774	PTPN12	0.4892772	0.94541717	0.9501568	44.55244	1
13776	RSBN1L	0.29605794	0.42653325	0.5266296	8.118041	1
13778	PHTF2	0.19237883	0.53731614	1.4813398	44.55244	1
13780	MAGI2	0.23373184	0.41263267	0.8197362	15.047833	1
13786	MAGI2-AS3	0.665348	1.0352733	0.6377532	32.32923	1
13791	CD36	0.007837159	0.3384477	5.4145927	44.55244	1
13795	HGF	0.12950553	0.004230359	-4.9034967	34.147064	1
13796	CACNA2D1	0.18340822	0.10526076	-0.80050695	7.136988	1
13800	SEMA3E	0.012324962	0.067364775	2.4408932	8.3317795	1
13806	GRM3	0.00685327	0.048710104	2.8114164	7.4803743	1
13822	SRI	0.8993803	0.5854298	-0.6193491	30.004084	1
13840	CDK14	0.15505439	0.09072786	-0.7724978	5.7726283	1
13850	CYP51A1	0.81781816	0.33732483	-1.2773905	44.55244	1
13856	GATAD1	0.46232256	0.30049485	-0.6213915	12.795628	1
13867	SAMD9L	0.032828473	0.007846692	-2.0509095	5.653888	1
13872	TFPI2	0.85724294	0.0074085826	-6.835188	44.55244	1
13874	GNG11	1.1534424	0.7065765	-0.7069491	41.33207	1
13875	BET1	0.23214999	0.111508645	-1.0572298	14.707449	1
13881	COL1A2	2.8266838	1.2468144	-1.180799	44.55244	1
13883	SGCE	0.26334628	0.1531775	-0.7813629	10.170642	1
13884	PEG10	0.40206632	0.20873067	-0.9454586	18.695807	1
13889	PON2	0.50191206	0.12031962	-2.0596516	44.55244	1
13894	PDK4	0.06316641	0.120952375	0.93611974	5.2486887	1
13901	SDHAF3	0.23057812	0.126419	-0.86652726	10.279466	1
13902	TAC1	0.5388536	0.119272366	-2.1746922	44.55244	1
13919	ARPC1A	0.8201937	0.45595306	-0.84693897	44.55244	1
13920	ARPC1B	0.9227372	0.36480713	-1.3385469	44.55244	1
13921	PDAP1	0.8176395	0.5573388	-0.55282795	21.974743	1
13922	BUD31	0.75237423	0.3626353	-1.0527251	44.55244	1
13951	TAF6	0.16918819	0.09462165	-0.83771515	7.303286	1
13970	PPP1R35	0.18295614	0.1047076	-0.80454296	7.294969	1
13982	PCOLCE	0.334852	0.16394506	-1.0298622	19.353922	1
13986	GNB2	0.8491745	0.49314654	-0.783922	41.5296	1
13988	POP7	0.25214007	0.14933583	-0.7552714	9.531961	1
13991	EPHB4	0.18397735	0.115581214	-0.67015755	5.5217285	1
14000	MUC12	0.05270606	0.0045631416	-3.5013294	16.084564	1
14004	SERPINE1	0.16652848	0.028803783	-2.527305	26.543303	1
14005	AP1S1	0.6108472	0.34971663	-0.8044489	28.421333	1
14006	VGF	0.024481975	0.002043084	-3.5198405	5.174752	1
14009	PLOD3	0.5545201	0.14961496	-1.8892814	44.55244	1
14015	IFT22	0.2991592	0.20807803	-0.52357775	6.1624393	1
14019	CUX1	0.81192505	0.49804366	-0.70496243	30.010637	1
14035	RASA4	0.08959979	0.037644777	-1.2488275	7.276874	1
14037	UPK3BL1	0.24181786	0.14121616	-0.7755908	9.584412	1
14043	LRRC17	0.3546607	0.9100346	1.3592339	44.55244	1
14047	NAPEPLD	0.05555385	0.124686375	1.1649071	7.4381866	1
14049	DNAJC2	0.3543972	0.22672442	-0.64419824	10.0464945	1
14050	PSMC2	0.33601472	0.19718228	-0.76869226	13.361835	1
14053	RELN	0.031926204	0.00090522744	-4.993659	11.692365	1
14066	RINT1	0.06657768	0.028868932	-1.2026975	5.469445	1
14071	SYPL1	0.4555847	0.28727007	-0.6651262	14.493248	1
14072	NAMPT	0.3907711	0.08093423	-2.2700894	44.55244	1
14085	COG5	0.12725134	0.06945929	-0.872499	5.999701	1
14096	LAMB1	0.7512389	0.13435085	-2.482385	44.55244	1
14099	NRCAM	0.063806586	0.007985158	-2.9826167	14.6607275	1
14102	DNAJB9	0.27725735	0.13575009	-1.0297304	15.007571	1
14112	LRRN3	0.038379725	0.009569615	-1.9925683	6.294489	1
14113	DOCK4	0.30276534	0.16798046	-0.84952444	12.8267145	1
14118	IFRD1	0.33777106	0.20252265	-0.7376773	11.826291	1
14129	FOXP2	0.0064465324	0.03969132	2.603651	6.215887	1
14139	TES	0.2007762	0.30123395	0.58505654	6.524618	1
14143	CAV2	0.33195436	0.034942452	-3.2442436	44.55244	1
14144	CAV1	1.0273323	0.04212791	-4.6047025	44.55244	1
14149	CAPZA2	0.623101	0.430395	-0.53370106	14.309326	1
14175	CPED1	0.09681997	0.2658803	1.4564534	21.171114	1
14178	FAM3C	0.49359402	0.30217832	-0.7077397	17.488325	1
14198	WASL	0.625779	0.4354558	-0.5230263	13.7517805	1
14228	SND1	0.50735736	0.22594516	-1.1666756	40.984474	1
14235	IMPDH1	0.16426641	0.02073507	-2.9798295	42.1459	1
14236	HILPDA	0.49414837	0.094800994	-2.3807411	44.55244	1
14237	METTL2B	0.19389476	0.11990665	-0.6929033	6.3980756	1
14243	CALU	2.3353586	0.82088566	-1.5082769	44.55244	1
14246	FLNC	0.08513485	0.03334568	-1.3496234	7.6182523	1
14248	KCP	0.033923104	0.11701695	1.7833632	11.738185	1
14252	TNPO3	0.17263374	0.11044329	-0.6439385	5.0349045	1
14280	MEST	0.4475314	0.15092622	-1.5675122	44.55244	1
14294	LINC-PINT	0.06785982	0.025899535	-1.3861963	6.9836483	1
14305	CHCHD3	0.30930063	0.19928953	-0.63388646	8.704255	1
14313	AKR1B1	0.30252287	0.09466478	-1.6750981	38.21622	1
14316	BPGM	0.1392667	0.06250017	-1.1546474	10.236072	1
14321	CYREN	0.14229156	0.077330254	-0.8788943	6.7759647	1
14335	MTPN	1.146206	0.58952326	-0.9591269	44.55244	1
14340	CHRM2	0.104741275	0.02662991	-1.9716799	16.475052	1
14341	PTN	1.1213229	0.28345525	-1.9836286	44.55244	1
14344	DGKI	0.13497281	1.3242243e-09	-10.399503	43.251408	1
14345	CREB3L2	0.37194657	0.123877846	-1.5854008	43.95038	1
14349	TRIM24	0.7210425	0.25453833	-1.501835	44.55244	1
14350	SVOPL	1.2732926e-09	0.049747698	8.961365	11.389565	1
14363	HIPK2	0.3319736	0.62318784	0.9083955	28.589218	1
14364	TBXAS1	0.0090737175	0.04202054	2.1989458	5.655945	1
14367	KDM7A-DT	0.027896797	0.0048536826	-2.4986885	5.8842864	1
14368	SLC37A3	0.14014433	0.049261905	-1.5064725	15.505998	1
14507	EPHA1-AS1	0.025424335	0.005128336	-2.2874496	5.085249	1
14525	AC004889.1	0.19383612	0.47603104	1.2957771	34.270386	1
14535	CNTNAP2	0.042021208	0.12249071	1.5412309	10.345439	1
14548	PDIA4	0.9912278	0.4606873	-1.1052613	44.55244	1
14560	ZNF467	0.22611393	0.12504542	-0.8540823	10.098403	1
14562	ZNF862	0.028547296	0.005073205	-2.4692688	6.40504	1
14589	TMEM176B	0.08296705	0.006122693	-3.7386653	21.2375	1
14590	TMEM176A	0.06815991	0.0046146554	-3.8558142	18.002571	1
14593	NOS3	0.078849964	0.011490877	-2.7679489	19.252726	1
14594	ATG9B	0.015159918	0.00091600575	-3.9087667	5.3268585	1
14598	CDK5	0.13774222	0.064584464	-1.0915266	9.06796	1
14599	SLC4A2	0.2008655	0.09154314	-1.1328491	14.111767	1
14601	FASTK	0.23968057	0.13446796	-0.8333798	10.5674515	1
14602	TMUB1	0.23368454	0.06607517	-1.8208177	33.80623	1
14603	AGAP3	0.12939519	0.05813077	-1.1530448	9.359724	1
14609	CHPF2	0.21262746	0.08379255	-1.3423916	19.870193	1
14613	NUB1	0.3381747	0.23528232	-0.5231893	6.9158244	1
14618	RHEB	0.7541132	0.47445107	-0.66840917	26.65828	1
14628	XRCC2	0.027256258	0.0041780714	-2.6768384	6.645919	1
14652	INSIG1	0.1251179	0.06565237	-0.92932594	6.364848	1
14694	NCAPG2	0.048669524	0.017232142	-1.4925299	5.285727	1
14695	ESYT2	0.21093002	0.054687764	-1.9455225	31.583576	1
14712	ERICH1	0.23708348	0.16110109	-0.557142	5.4037886	1
14724	CLN8	0.14467047	0.037940785	-1.9281483	21.631767	1
14726	AC100810.1	0.26255718	0.13137254	-0.99841946	15.094697	1
14728	ARHGEF10	0.20002581	0.06884155	-1.5374616	22.880018	1
14756	AC016065.1	0.045810748	0.016171634	-1.496473	5.0595336	1
14762	AGPAT5	0.20792449	0.13676599	-0.60398936	5.287969	1
14811	PRAG1	0.08435806	0.025932342	-1.6979301	10.983375	1
14824	AC022784.1	0.017007297	0.0008959085	-4.1024547	6.2542524	1
14870	GATA4	0.5932881	0.002005854	-8.138427	44.55244	1
14871	C8orf49	0.033353824	1.3242243e-09	-8.386008	13.946073	1
14872	NEIL2	0.09614433	0.036564313	-1.392325	9.176695	1
14873	FDFT1	0.61256284	0.24498267	-1.3218249	44.55244	1
14875	CTSB	1.4487373	0.24578746	-2.5588255	44.55244	1
14876	AC025857.2	0.017614007	1.3242243e-09	-7.4687276	7.5585656	1
14921	SLC7A2	0.116544984	0.016697826	-2.7957778	22.774458	1
14923	PDGFRL	0.035909593	0.0041186125	-3.093541	8.767449	1
14925	MTUS1	0.14848366	0.056581326	-1.3903301	12.013726	1
14933	ASAH1	0.6370054	0.28214484	-1.174585	44.55244	1
14939	PSD3	0.32751173	0.2001127	-0.71045345	10.704645	1
14947	CSGALNACT1	0.08384292	0.0051509845	-3.9987488	22.532814	1
14949	INTS10	0.23756678	0.12831645	-0.8881102	11.454836	1
14954	LZTS1	0.06583568	0.15256953	1.211281	9.620874	1
14966	GFRA2	0.009480987	0.07405043	2.952209	11.317891	1
14973	NUDT18	0.03590241	0.0028162762	-3.6258943	10.509567	1
14975	REEP4	0.07958559	0.023400854	-1.7616057	11.196872	1
14978	BMP1	0.22704889	0.055816185	-2.0223005	38.1545	1
14982	POLR3D	0.4257482	0.17715773	-1.2644907	37.515926	1
14985	SLC39A14	0.08428527	0.023116687	-1.861829	12.963255	1
14988	SORBS3	0.3082697	0.21117097	-0.5455664	6.783531	1
14991	PDLIM2	0.9473985	0.37677076	-1.3300539	44.55244	1
14992	C8orf58	0.15294096	0.037597235	-2.021387	24.917297	1
14997	EGR3	0.0953729	0.26263425	1.460441	20.06336	1
15005	TNFRSF10B	0.26739013	0.05464647	-2.2886477	44.55244	1
15009	TNFRSF10D	0.24153218	0.057595897	-2.0662718	39.312664	1
15016	LOXL2	0.89450985	0.12563568	-2.8308644	44.55244	1
15018	ENTPD4	0.17418683	0.10192332	-0.7725646	6.8091836	1
15022	SLC25A37	0.46729708	0.117843166	-1.9865569	44.55244	1
15027	STC1	0.34769216	0.047578797	-2.8668056	44.55244	1
15045	CDCA2	0.041787405	0.0010611612	-5.1728764	12.967543	1
15050	EBF2	0.012715632	0.12047549	3.2339602	19.413498	1
15051	PPP2R2A	0.4703711	0.29757947	-0.6603464	14.660142	1
15052	BNIP3L	1.3281124	0.68854517	-0.9476532	44.55244	1
15056	DPYSL2	0.588047	0.38647214	-0.6054393	15.963988	1
15065	CLU	0.13686801	0.025173908	-2.4381185	21.716867	1
15066	SCARA3	0.088441744	0.03187173	-1.469561	9.160097	1
15069	ESCO2	0.03199786	1.3242243e-09	-8.326314	11.017634	1
15070	PBK	0.05757194	0.000939941	-5.793296	19.122332	1
15077	ZNF395	0.17774397	0.05650013	-1.6517347	21.216135	1
15087	HMBOX1	0.25198513	0.57700187	1.194915	38.042953	1
15093	DUSP4	0.26133966	0.02054941	-3.6623056	44.55244	1
15104	SARAF	1.0171511	0.586387	-0.7945049	44.55244	1
15106	LEPROTL1	0.33116177	0.18896855	-0.80906224	14.09039	1
15116	GTF2E2	0.25900498	0.118972845	-1.1216923	18.025042	1
15119	GSR	0.13169697	0.06774748	-0.95795006	7.2634025	1
15135	AC090204.1	0.45368013	0.2659949	-0.7700526	18.177843	1
15168	ERLIN2	0.16660981	0.09295629	-0.8411634	7.5795274	1
15169	PLPBP	0.18086746	0.0830834	-1.1213628	12.757166	1
15171	BRF2	0.077894196	0.029802786	-1.3830869	7.625592	1
15175	EIF4EBP1	1.0187774	0.16219983	-2.650247	44.55244	1
15187	PLPP5	0.2524811	0.08547476	-1.5614893	29.341946	1
15199	TACC1	0.31077895	0.15952751	-0.9616436	17.331997	1
15202	PLEKHA2	0.09816872	0.025513051	-1.9398533	14.481567	1
15203	AC108863.2	0.021699738	0.0023477878	-3.1547604	6.1306176	1
15205	TM2D2	0.36732146	0.18921533	-0.9566446	20.386374	1
15206	ADAM9	0.27486056	0.13455334	-1.0299746	16.2761	1
15222	ZMAT4	0.014324764	1.3242243e-09	-7.1723847	5.888176	1
15224	SFRP1	1.1492189	0.5111108	-1.1687889	44.55244	1
15229	GINS4	0.034733813	0.08133347	1.2251334	5.5005455	1
15232	GPAT4	0.1644236	0.087888524	-0.90290725	8.256228	1
15242	PLAT	0.7055284	1.4975746	1.0857437	44.55244	1
15244	IKBKB	0.09512647	0.16819145	0.8215272	6.112216	1
15247	VDAC3	0.578933	0.35121974	-0.720861	21.86796	1
15248	SLC20A2	0.100169234	0.18746996	0.9035498	7.7113366	1
15250	SMIM19	0.43853623	0.28365517	-0.62837833	12.405407	1
15258	FNTA	0.43963578	0.25937113	-0.7610629	17.417522	1
15260	HGSNAT	0.23321047	0.1492248	-0.6437972	6.6955657	1
15271	CEBPD	0.45876613	0.043041445	-3.4109268	44.55244	1
15274	MCM4	0.09855356	0.05054255	-0.9620211	5.13258	1
15275	UBE2V2	0.4918337	0.30594906	-0.68470085	16.724672	1
15285	SNAI2	0.58607686	0.34515175	-0.7636874	21.541178	1
15322	TCEA1	0.8829416	0.5506099	-0.6811888	30.751085	1
15325	MRPL15	0.3209504	0.20240466	-0.6648445	9.921982	1
15327	SOX17	0.10851049	0.0066749183	-4.002816	28.733465	1
15342	CHCHD7	0.29479882	0.108853385	-1.4365089	30.627333	1
15345	PENK	0.6300196	0.0010245631	-9.130117	44.55244	1
15350	IMPAD1	0.41958928	0.17984685	-1.2217507	35.83996	1
15371	TOX	0.004036063	0.037108913	3.1693184	6.45009	1
15379	RAB2A	1.2400609	0.85636413	-0.5340626	37.630222	1
15383	CHD7	0.30649945	0.15061153	-1.0245652	18.650839	1
15391	ASPH	0.9817625	0.24225365	-2.0184073	44.55244	1
15402	GGH	0.1940787	0.022225583	-3.1206152	44.55244	1
15448	COPS5	0.4217583	0.27522352	-0.61563057	11.613477	1
15455	PREX2	0.011700765	0.04480887	1.92812	5.0844016	1
15459	AC083967.1	0.028941683	0.20213899	2.7998643	22.522467	1
15463	SULF1	1.0584536	1.7380928	0.7154938	44.55244	1
15472	TRAM1	0.7053056	0.33163464	-1.0884234	44.55244	1
15480	MSC-AS1	0.03452014	1.3242243e-09	-8.435449	14.354871	1
15481	MSC	0.017902516	1.3242243e-09	-7.492036	6.7848973	1
15505	ELOC	0.64905316	0.34656203	-0.9050292	36.949505	1
15507	LY96	0.021633478	0.0028339825	-2.8889868	6.4055223	1
15511	JPH1	0.036535032	0.003203841	-3.4710078	10.347148	1
15529	ZFHX4	0.03918618	0.16366097	2.0594978	18.392624	1
15543	STMN2	1.9061658	0.26540762	-2.8439243	44.55244	1
15545	HEY1	0.53362596	0.05703821	-3.2235713	44.55244	1
15549	MRPS28	0.21470565	0.12520666	-0.7775687	8.345665	1
15552	TPD52	0.13835588	1.3242243e-09	-10.435191	44.55244	1
15559	ZNF704	0.27996257	0.11712021	-1.2565278	20.922407	1
15561	PAG1	0.18050765	0.03782193	-2.2517545	31.806307	1
15571	FABP4	0.00594607	0.12037237	4.3165607	18.121193	1
15586	AC015522.1	0.06853404	0.0009955078	-5.9692526	23.45924	1
15587	RALYL	0.080056176	0.011343888	-2.8082366	18.218616	1
15592	RBIS	0.8058669	0.5367407	-0.58622646	23.585558	1
15611	RMDN1	0.32767642	0.2210311	-0.5678101	7.5595274	1
15624	AF117829.1	0.10459449	0.18046851	0.7863608	6.2444324	1
15644	SLC26A7	0.001851386	0.0803348	5.3652487	14.483492	1
15657	TRIQK	0.16642201	0.10103568	-0.7194208	5.7460036	1
15662	FAM92A	0.2825693	0.19174032	-0.5592091	6.4458723	1
15700	GDF6	0.04017678	1.3242243e-09	-8.653786	14.431897	1
15706	SDC2	0.555298	0.24792993	-1.1630077	42.746258	1
15707	CPQ	0.21802528	0.09898599	-1.138404	15.390632	1
15714	LAPTM4B	0.75816256	0.30089912	-1.3329383	44.55244	1
15715	MATN2	0.3721393	0.03424547	-3.4380386	44.55244	1
15757	ZNF706	0.79452837	0.48431396	-0.7140399	31.560297	1
15768	RRM2B	0.12042	0.066940315	-0.8461717	5.2182503	1
15777	AZIN1	0.22697876	0.12707505	-0.8363772	10.016432	1
15785	BAALC	0.48124743	0.0076419297	-5.9582415	44.55244	1
15788	FZD6	0.12005986	0.02992723	-2.0006118	19.212952	1
15790	CTHRC1	0.38977912	0.0052093877	-6.1983376	44.55244	1
15792	SLC25A32	0.115636304	0.048788976	-1.2432604	9.654809	1
15793	DCAF13	0.33351713	0.17713752	-0.9125093	17.412025	1
15801	LRP12	0.2473616	0.15709548	-0.65464497	7.120445	1
15802	ZFPM2	0.14453408	0.029147351	-2.3060296	27.301067	1
15810	AC027031.2	0.21024996	0.10013485	-1.0694073	12.454001	1
15816	ANGPT1	0.19944118	0.35439482	0.82907796	12.705463	1
15844	CSMD3	0.0018696884	0.057741724	4.8760715	11.235259	1
15856	UTP23	0.22248615	0.14541055	-0.61324006	5.774199	1
15859	AARD	0.007742089	0.05439816	2.7968976	8.355443	1
15864	EXT1	0.49023128	0.1796187	-1.4480162	44.55244	1
15865	SAMD12	0.006819454	0.05179446	2.9068503	8.575358	1
15868	TNFRSF11B	0.021238627	1.3242243e-09	-7.7373047	5.4736795	1
15869	COLEC10	0.057403	1.3242243e-09	-9.167475	14.267359	1
15874	CCN3	0.05023422	0.0019260967	-4.6347647	14.4695015	1
15876	ENPP2	0.004328745	0.038345344	3.117839	6.944522	1
15879	DSCC1	0.02720677	0.004908596	-2.4467804	6.216653	1
15883	COL14A1	0.2591646	0.009984425	-4.6842246	44.55244	1
15890	HAS2	0.24089548	0.061776668	-1.9615386	33.20388	1
15891	HAS2-AS1	0.02161155	0.0021242197	-3.2870915	6.804744	1
15904	DERL1	0.307888	0.12726836	-1.2738671	27.4949	1
15912	ATAD2	0.0872557	0.031711508	-1.457353	8.381312	1
15914	FBXO32	0.0919912	0.012263534	-2.8969722	18.302942	1
15931	TATDN1	0.28597867	0.19400801	-0.5595523	6.510739	1
15934	MTSS1	0.34171072	0.009849368	-5.102449	44.55244	1
15941	SQLE	0.6309228	0.18246034	-1.7893188	44.55244	1
15946	TRIB1	0.067292616	0.023982747	-1.4845905	6.9354396	1
15969	PVT1	0.09137263	0.018301977	-2.3134794	16.902983	1
15978	FAM49B	0.20234336	0.13095942	-0.6272972	5.6626263	1
16004	SLA	0.0024300385	0.06976425	4.787323	14.11531	1
16006	CCN4	0.0138741825	0.07529708	2.4317448	10.312505	1
16007	NDRG1	0.2805761	0.028467728	-3.296448	44.55244	1
16008	ST3GAL1	0.24738407	0.16514629	-0.5827178	5.9338965	1
16024	KHDRBS3	0.06093648	0.00588962	-3.3491354	16.661572	1
16048	AC040970.1	0.027058527	0.0030673095	-3.1000755	7.2115664	1
16089	LY6E-DT	0.019170707	0.0010984808	-4.007131	5.899023	1
16090	LY6E	1.0138645	0.4978651	-1.0258907	44.55244	1
16110	MROH6	0.04281539	0.010653974	-1.9966253	6.7797766	1
16115	TIGD5	0.07645205	0.033360884	-1.1939653	5.8894215	1
16116	PYCR3	0.02632349	0.0060642003	-2.0998354	5.185046	1
16137	PLEC	0.31979194	0.17746459	-0.8492406	14.567198	1
16139	GRINA	0.49703115	0.3095041	-0.68320197	16.507204	1
16144	GPAA1	0.29650024	0.11045117	-1.4238054	30.315905	1
16145	CYC1	0.4636809	0.24018942	-0.9486702	26.037016	1
16146	SHARPIN	0.29797885	0.13264015	-1.167089	23.100906	1
16147	MAF1	0.3957036	0.23522171	-0.7501503	14.944053	1
16150	MROH1	0.0660162	0.026167603	-1.3317192	6.289944	1
16152	SCX	0.0099256	0.06627605	2.7269742	10.032247	1
16153	HSF1	0.23156323	0.124931306	-0.88973975	11.482793	1
16158	SLC52A2	0.22982663	0.09771529	-1.2330416	18.471807	1
16169	KIFC2	0.02867686	0.0063812598	-2.150563	5.417137	1
16171	PPP1R16A	0.09172675	0.027663643	-1.7257177	11.912085	1
16179	C8orf82	0.17611583	0.09707407	-0.85870016	8.033512	1
16195	C8orf33	0.34455374	0.14723368	-1.2260604	28.33516	1
16209	KANK1	0.070453	0.006311127	-3.4600577	19.244503	1
16221	VLDLR-AS1	0.054694034	0.012996908	-2.0647926	8.213228	1
16223	VLDLR	0.21355233	0.058743283	-1.8603153	30.192257	1
16226	PUM3	0.2900774	0.19268233	-0.58996224	6.9272914	1
16232	GLIS3	0.13832341	0.010290358	-3.7357707	39.718937	1
16237	SLC1A1	0.043085076	0.0020225183	-4.346684	13.583528	1
16254	CD274	0.013206151	1.3242243e-09	-7.0559306	5.9531536	1
16265	IL33	0.7127223	0.029686892	-4.580793	44.55244	1
16303	NFIB	0.49945688	0.23926379	-1.061444	31.171764	1
16314	SNAPC3	0.2514426	0.14945841	-0.75009376	9.169833	1
16324	CNTLN	0.24078001	0.13578506	-0.82592785	10.11615	1
16329	RRAGA	0.50794107	0.33769226	-0.58880895	13.330426	1
16330	HAUS6	0.14042215	0.06589661	-1.0903337	9.565928	1
16331	PLIN2	0.87254095	0.36283258	-1.2656866	44.55244	1
16346	HACD4	0.03849778	0.012363875	-1.6307652	5.017822	1
16369	CDKN2A	0.13071965	0.07191408	-0.8612284	5.3941116	1
16372	CDKN2B	0.09849456	0.0109582525	-3.1563847	20.292437	1
16400	TEK	0.10401798	1.3242243e-09	-10.023985	38.377613	1
16402	MOB3B	0.043612484	0.0077152597	-2.4836798	8.4461975	1
16409	AL353746.1	0.01350693	0.07987045	2.5551255	11.333337	1
16410	LINGO2	0.010671167	0.051519398	2.2607388	7.0235095	1
16415	ACO1	0.30188835	0.13699313	-1.1393366	21.571386	1
16428	B4GALT1	0.21144134	0.11800046	-0.8409249	9.166308	1
16439	ANKRD18B	0.012948701	1.3242243e-09	-7.0277433	5.16457	1
16463	NUDT2	0.23802115	0.112296455	-1.0830992	15.680603	1
16466	FAM219A	0.1485213	0.08107512	-0.8725314	6.9049425	1
16470	CNTFR	0.29083806	0.034095407	-3.0888374	44.55244	1
16475	SIGMAR1	0.20535348	0.09054725	-1.1804767	15.723841	1
16477	IL11RA	0.2773551	0.15481895	-0.84074056	11.63116	1
16479	AL162231.1	0.07599455	0.023178808	-1.708776	10.081991	1
16480	AL162231.2	0.0812258	0.023793027	-1.7671235	11.433905	1
16482	CCL21	0.3650164	0.001178835	-8.157382	44.55244	1
16497	FAM214B	0.10738884	0.050904058	-1.0755029	7.0244474	1
16508	CCDC107	0.5492931	0.23579688	-1.2196826	44.55244	1
16513	CREB3	0.30722943	0.14713651	-1.0616504	19.989513	1
16529	RECK	0.18243432	0.1095982	-0.7346279	6.3484454	1
16530	GLIPR2	0.26109412	0.17456493	-0.5805324	6.166337	1
16535	MELK	0.044135246	0.0008411673	-5.554601	16.764103	1
16542	EBLN3P	0.27320313	0.16288719	-0.7457434	9.924239	1
16544	ZCCHC7	0.2864902	0.1656319	-0.7901378	11.285507	1
16546	GRHPR	0.4965703	0.31999847	-0.6337727	14.632167	1
16551	TOMM5	0.86149687	0.60206324	-0.51685834	20.577705	1
16557	SHB	0.10499307	0.001810362	-5.7816777	38.690327	1
16605	FAM27C	0.08276035	0.038242407	-1.111741	5.7448745	1
16660	TJP2	0.07677287	0.017677955	-2.1123853	13.420189	1
16662	FAM189A2	0.017301485	1.3242243e-09	-7.4430475	6.3766785	1
16671	MAMDC2	0.10096492	0.003845793	-4.678823	32.91629	1
16673	SMC5	0.48767322	0.31482357	-0.6312089	14.272376	1
16675	KLF9	0.11122136	0.061098613	-0.86315954	5.134968	1
16676	TRPM3	0.0036347979	0.075598985	4.3411717	13.594584	1
16679	CEMIP2	0.062097006	0.122276865	0.9764138	5.678317	1
16691	ANXA1	0.6277342	0.17301396	-1.8586617	44.55244	1
16696	RORB	0.07001166	0.0052016163	-3.7251503	17.873676	1
16701	CARNMT1	0.12021303	0.06444557	-0.89840287	5.923557	1
16704	OSTF1	0.24408351	0.16323033	-0.580173	6.0538354	1
16708	GCNT1	0.021752328	1.3242243e-09	-7.771624	9.039981	1
16709	PRUNE2	0.011635668	1.3242243e-09	-6.874737	5.232127	1
16715	GNA14	0.034280453	0.0009859006	-4.984625	12.31276	1
16719	PSAT1	0.2405665	0.04440033	-2.4351473	38.629078	1
16728	TLE1	0.20200942	0.8550063	2.0809672	44.55244	1
16741	FRMD3	0.05030553	0.006745311	-2.880394	11.415094	1
16755	SLC28A3	0.026356196	1.3242243e-09	-8.047442	10.941132	1
16766	GOLM1	0.50021815	0.275406	-0.8607622	23.739397	1
16779	DAPK1	0.13614212	0.03789054	-1.8424606	19.814365	1
16781	CTSL	0.4230811	0.21976733	-0.94464195	22.826134	1
16793	S1PR3	0.14126697	0.8248527	2.5448663	44.55244	1
16796	CKS2	0.23245086	0.12471858	-0.89771366	9.775963	1
16809	SYK	0.002930012	0.056575473	4.225329	11.037999	1
16819	NFIL3	0.11010379	0.04203969	-1.3869224	10.69129	1
16822	SPTLC1	0.3049609	0.17763507	-0.7793688	12.311049	1
16824	IARS	0.3837212	0.14691773	-1.3844442	37.08085	1
16829	ASPN	0.114716575	0.0031668283	-5.1352963	28.189718	1
16830	ECM2	0.0063706907	0.044182714	2.7747521	6.84689	1
16833	BICD2	0.21793391	0.12158721	-0.84137493	9.646351	1
16839	CARD19	0.30501047	0.095966995	-1.6672188	40.254436	1
16842	WNK2	0.010417746	0.058149792	2.4694273	8.285817	1
16851	PTPDC1	0.10205314	0.039006557	-1.385251	10.207578	1
16888	SLC35D2	0.17158426	0.089690566	-0.9351221	8.897357	1
16892	HABP4	0.13818501	0.060196564	-1.197497	10.695652	1
16900	CTSV	0.036224615	0.0012673341	-4.73151	12.341568	1
16907	TMOD1	0.032114156	0.0040897643	-2.9427538	7.799577	1
16919	ANP32B	1.3790601	0.80987495	-0.76784086	44.55244	1
16921	NANS	0.37539968	0.13082689	-1.5200502	43.85347	1
16922	TRIM14	0.022709351	0.002886749	-2.9329774	6.5250535	1
16923	CORO2A	0.16082652	0.0053406153	-4.8864884	44.55244	1
16928	GALNT12	0.019164631	0.00094968633	-4.197924	6.9374056	1
16930	COL15A1	0.53941905	0.015722636	-5.091612	44.55244	1
16932	TGFBR1	0.21361092	0.10249831	-1.0586537	13.356048	1
16934	ALG2	0.20019236	0.11313393	-0.8228012	8.499447	1
16944	ERP44	0.5304816	0.30553323	-0.7957732	23.432627	1
16947	MSANTD3	0.30272868	0.12920342	-1.2277414	24.94845	1
16956	TMEM246	0.15243624	0.03241574	-2.2299418	28.244122	1
16966	SMC2	0.30548444	0.1961786	-0.6386682	8.026175	1
16976	NIPSNAP3A	0.1754051	0.10739471	-0.70724726	5.706039	1
16982	SLC44A1	0.54798126	0.16372322	-1.7422501	44.55244	1
16993	ZNF462	0.17638321	0.26196742	0.57040703	5.4796133	1
16996	RAD23B	0.5781759	0.33755478	-0.77620906	24.977129	1
16999	KLF4	0.041024543	0.01136478	-1.8427911	6.2303815	1
17006	CTNNAL1	0.42556453	0.108467914	-1.9711189	44.55244	1
17007	TMEM245	0.26777953	0.13212274	-1.0186139	16.44409	1
17010	PTPN3	0.018874316	0.0009676527	-4.1515336	6.7083855	1
17014	TXN	1.6854974	1.1374768	-0.567296	44.55244	1
17016	SVEP1	0.046979193	0.101776734	1.1136632	5.7529073	1
17019	LPAR1	0.06285022	0.0056151752	-3.4613419	18.24806	1
17022	ECPAS	0.2161573	0.11702709	-0.884674	10.663455	1
17024	PTGR1	0.43934697	0.28994977	-0.59938866	11.136308	1
17026	DNAJC25	0.123383254	0.03600736	-1.7739505	16.433325	1
17029	UGCG	0.26338327	0.15044926	-0.8074757	10.468741	1
17031	SUSD1	0.06606866	0.027962757	-1.2374913	5.910017	1
17047	SLC31A1	0.16614406	0.074170105	-1.1624492	12.184525	1
17054	ALAD	0.08662246	0.029581167	-1.546858	10.27429	1
17057	RGS3	0.2783754	0.15310693	-0.8620683	12.264216	1
17061	ZNF618	0.18735883	0.28594878	0.6096874	6.66718	1
17064	COL27A1	0.14094833	0.033651505	-2.0631657	23.31723	1
17077	TNC	0.19835277	0.024001976	-3.0415723	36.91795	1
17083	PAPPA	0.46093038	0.004628789	-6.6072474	44.55244	1
17108	PHF19	0.22641149	0.025902318	-3.122872	44.55244	1
17109	TRAF1	0.037346292	1.3242243e-09	-8.54866	14.02272	1
17116	STOM	0.16562667	0.03925647	-2.0741332	27.56377	1
17123	NDUFA8	0.5358982	0.3169921	-0.75732636	21.976599	1
17128	PTGS1	0.019805308	1.3242243e-09	-7.6369905	7.284314	1
17155	STRBP	0.05315595	0.10946523	1.0407753	5.7210026	1
17157	DENND1A	0.06955983	0.024688289	-1.4906683	7.6185937	1
17160	LHX2	0.040424876	0.0021992514	-4.1395717	11.389842	1
17164	NEK6	0.5552991	0.069638446	-2.9934988	44.55244	1
17167	PSMB7	0.772249	0.5227201	-0.56293833	20.414862	1
17181	RABEPK	0.09080853	0.04490392	-1.014365	5.813451	1
17186	MAPKAP1	0.29886943	0.20031336	-0.57701916	7.1498485	1
17189	PBX3	0.41767156	0.21381657	-0.965666	22.370567	1
17202	ANGPTL2	0.19751522	0.030442646	-2.693797	41.93649	1
17210	NIBAN2	0.25382462	0.08318978	-1.6081889	30.461489	1
17211	STXBP1	0.11911657	0.038382154	-1.6313233	14.40471	1
17217	SH2D3C	0.037891958	0.09123132	1.2654154	6.0520597	1
17221	ENG	0.78781253	0.33814996	-1.2199458	44.55244	1
17223	AK1	0.5550025	0.37405726	-0.56910956	12.967362	1
17228	DPM2	0.29597434	0.12175207	-1.2808287	26.911097	1
17229	FAM102A	0.114734374	0.056234814	-1.0274558	6.9820056	1
17240	DNM1	0.14864177	0.055163756	-1.4284042	15.211422	1
17241	GOLGA2	0.6420744	0.31100684	-1.0455551	44.55244	1
17242	SWI5	0.49696803	0.14074	-1.819386	44.55244	1
17247	URM1	0.24262263	0.10391815	-1.2224733	19.36786	1
17250	CERCAM	0.53252083	0.10375043	-2.3586016	44.55244	1
17252	ODF2	0.13621071	0.07733524	-0.81583667	5.906212	1
17256	SPTAN1	0.5734201	0.3690224	-0.6357448	16.984129	1
17263	ZDHHC12	0.11019581	0.029857999	-1.8803648	16.229853	1
17267	ENDOG	0.23846222	0.08943656	-1.4138168	23.81203	1
17268	SPOUT1	0.06082878	0.026751922	-1.1820985	5.1714835	1
17270	LRRC8A	0.15362278	0.066868104	-1.198785	11.647073	1
17279	CRAT	0.113234155	0.05555397	-1.0260262	7.1151843	1
17281	PTPA	0.21931016	0.10654612	-1.0407989	13.7471485	1
17298	NTMT1	0.34789327	0.17402789	-0.9989121	20.638826	1
17302	PRRX2	0.1364635	0.017673263	-2.9417913	29.735128	1
17304	PTGES	0.03269507	0.0007447635	-5.2787876	10.958948	1
17305	TOR1B	0.08496542	0.0161565	-2.3875563	17.901735	1
17306	TOR1A	0.21124111	0.12127612	-0.8000888	8.733701	1
17309	FNBP1	0.54663134	0.33529082	-0.70498896	18.942856	1
17314	NCS1	0.2477127	0.06596087	-1.9073822	37.93662	1
17316	ASS1	0.09648149	1.3242243e-09	-9.915584	31.500319	1
17317	FUBP3	0.261051	0.17666942	-0.5630154	5.9817753	1
17324	LAMC3	0.107734695	0.019652827	-2.4486904	20.79728	1
17343	TTF1	0.21692418	0.12131486	-0.83791065	9.297746	1
17355	RALGDS	0.16125326	0.050243117	-1.6803563	20.298027	1
17359	SURF6	0.158689	0.09453887	-0.74660635	5.8052135	1
17362	SURF1	0.21013278	0.11307148	-0.89347714	10.4324	1
17363	SURF2	0.22362126	0.120795235	-0.88794506	10.764324	1
17364	SURF4	0.5901603	0.20618333	-1.5167241	44.55244	1
17366	REXO4	0.1738337	0.10731059	-0.6954012	5.676782	1
17369	SLC2A6	0.16016927	0.01837266	-3.1170344	41.362106	1
17371	ADAMTSL2	0.28382763	0.0011343112	-7.845673	44.55244	1
17372	FAM163B	0.014924231	1.3242243e-09	-7.231128	6.156171	1
17375	DBH-AS1	0.01754216	0.0019700255	-3.0913067	5.0958886	1
17389	COL5A1	0.91284776	0.109786175	-3.0545225	44.55244	1
17395	OLFM1	0.084032856	0.0029713612	-4.775719	23.894854	1
17402	C9orf116	0.04570881	0.013459281	-1.7563444	6.6447754	1
17403	MRPS2	0.27510783	0.11176308	-1.2987875	24.69305	1
17417	NACC2	0.07190743	0.029501751	-1.2824633	6.5610924	1
17426	GPSM1	0.12922071	0.06721064	-0.94204694	6.734042	1
17430	ENTR1	0.18896495	0.119173415	-0.6646094	5.765739	1
17431	PMPCA	0.19998457	0.12238923	-0.70795506	6.823293	1
17433	SEC16A	0.2141598	0.11978534	-0.83770597	9.424046	1
17440	EGFL7	1.5270805	0.23768133	-2.6831634	44.55244	1
17441	AGPAT2	0.44903788	0.14689456	-1.6113956	44.55244	1
17442	DIPK1B	0.3449169	0.110444985	-1.6420335	41.970375	1
17443	SNHG7	0.90095097	0.44180697	-1.027866	44.55244	1
17448	TMEM141	1.2680792	0.32961515	-1.9434667	44.55244	1
17449	CCDC183	0.20666027	0.02265386	-3.183776	44.55244	1
17451	RABL6	0.7942078	0.2750925	-1.529257	44.55244	1
17452	AJM1	0.04755088	0.011705298	-2.0130684	8.162211	1
17453	PHPT1	1.6209035	0.7789182	-1.0571582	44.55244	1
17454	MAMDC4	0.021855338	0.0022216786	-3.2413316	5.824824	1
17456	TRAF2	0.049943514	0.013295406	-1.901445	7.7529845	1
17458	FBXW5	0.43238652	0.20623988	-1.0676324	29.355232	1
17462	PTGDS	0.64402026	0.0010312335	-9.15329	44.55244	1
17466	ABCA2	0.105397046	0.030821295	-1.77053	14.059472	1
17469	NPDC1	0.45817247	0.19222271	-1.2526764	39.118374	1
17473	SAPCD2	0.039247062	0.010619848	-1.8759714	5.862895	1
17475	UAP1L1	0.08013824	0.020127693	-1.9879581	12.294052	1
17477	MAN1B1	0.3625633	0.10430464	-1.7964448	44.55244	1
17478	DPP7	0.3344478	0.07016414	-2.2513518	44.55244	1
17483	SSNA1	0.47015592	0.29562807	-0.669175	15.095019	1
17484	TPRN	0.072120346	0.021655818	-1.731004	9.751572	1
17492	TUBB4B	0.7242251	0.3668303	-0.98113155	37.644073	1
17496	NELFB	0.21222809	0.1327651	-0.676333	6.5339413	1
17500	NRARP	0.05309104	0.29043615	2.4494624	36.74416	1
17504	NSMF	0.10399429	0.046518024	-1.1589311	7.8179297	1
17506	MRPL41	0.78444093	0.5381933	-0.5434563	19.071894	1
17518	DIP2C	0.14434089	0.07796459	-0.887739	7.06279	1
17523	LARP4B	0.14531633	0.08731886	-0.7341728	5.2586584	1
17526	GTPBP4	0.3884642	0.24613579	-0.6581126	11.807894	1
17529	IDI1	0.4572338	0.29055017	-0.6539638	13.153652	1
17550	PFKP	0.63306046	0.055843282	-3.5005343	44.55244	1
17562	KLF6	1.1183594	0.5926045	-0.9161279	44.55244	1
17568	LINC00702	0.022927726	1.3242243e-09	-7.847209	10.247984	1
17577	AKR1C1	0.073761955	0.008101022	-3.170956	17.273989	1
17588	NET1	0.044269525	0.16550945	1.900144	16.899868	1
17601	GDI2	0.9191316	0.5073552	-0.8571479	44.55244	1
17610	PFKFB3	0.17002223	0.025003884	-2.7605894	38.88044	1
17612	LINC02649	0.01949893	0.00095136074	-4.220445	7.07638	1
17622	SFMBT2	0.010506867	0.09017666	3.0893545	15.380577	1
17625	ITIH5	0.019686952	0.0008220701	-4.423529	5.71448	1
17630	GATA3	0.037677497	0.8949681	4.5663986	44.55244	1
17659	PROSER2	0.027530689	0.003098068	-3.1109989	7.6441884	1
17662	DHTKD1	0.09114358	0.043912157	-1.0518209	5.858757	1
17664	NUDT5	0.4546087	0.25157696	-0.8533695	21.726091	1
17670	CCDC3	0.32390472	0.006094541	-5.7088737	44.55244	1
17671	OPTN	0.569238	0.3106763	-0.873409	26.602623	1
17672	MCM10	0.022064477	0.0010453073	-4.2744427	7.981395	1
17674	PHYH	0.26621905	0.14758164	-0.85066515	11.893771	1
17675	SEPHS1	0.22588132	0.14859101	-0.6038861	5.7413034	1
17702	NMT2	0.17653988	0.08347233	-1.079714	10.884866	1
17703	FAM171A1	0.3554078	0.14092004	-1.3339809	31.82399	1
17706	MINDY3	0.12220788	0.06855848	-0.83300763	5.523622	1
17711	RSU1	0.22921915	0.14812478	-0.6295701	6.140017	1
17714	CUBN	0.015587956	1.3242243e-09	-7.2934947	8.117773	1
17718	VIM	4.5262403	2.9933767	-0.59652305	44.55244	1
17722	HACD1	0.12997228	0.018837417	-2.780002	27.647657	1
17742	PLXDC2	0.31854516	0.20812796	-0.6137869	7.8741198	1
17745	NEBL	0.057612687	1.3242243e-09	-9.172726	21.162153	1
17753	DNAJC1	0.90604246	0.40646744	-1.1562433	44.55244	1
17768	PIP4K2A	0.3272121	0.122889005	-1.4121375	31.283548	1
17771	MSRB2	0.6163989	0.4166747	-0.56483054	15.032385	1
17778	KIAA1217	0.045334857	0.22196445	2.2891068	28.461594	1
17780	ARHGAP21	0.28450155	0.17947519	-0.66435546	8.408547	1
17782	PRTFDC1	0.16786769	0.09086531	-0.8847953	7.835836	1
17788	GPR158	0.03374042	0.0010973046	-4.8208857	11.257493	1
17799	YME1L1	0.65423745	0.4327589	-0.5961381	18.292135	1
17800	MASTL	0.040379237	0.008040436	-2.3140042	8.571562	1
17804	RAB18	0.41761428	0.28303143	-0.56104463	9.915863	1
17805	LINC02680	0.013066033	1.3242243e-09	-7.040658	5.9638247	1
17816	BAMBI	1.2368988	0.24835694	-2.3157763	44.55244	1
17822	SVIL	0.95572555	0.29843077	-1.6788678	44.55244	1
17823	JCAD	0.14997426	0.010492709	-3.824533	44.55244	1
17827	MAP3K8	0.0632155	0.023177614	-1.4436156	6.468053	1
17869	CREM	0.3554147	0.24520756	-0.5353174	7.4725595	1
17872	CCNY	0.57433563	0.28838617	-0.9936433	36.45741	1
17877	FZD8	0.042969808	0.15505742	1.8489838	16.21162	1
17909	CSGALNACT2	0.2302258	0.106745586	-1.1081487	15.735154	1
17935	CXCL12	0.23278435	0.11260432	-1.0470709	10.886849	1
17944	DEPP1	0.048762195	0.015406301	-1.6558641	5.895164	1
17955	TIMM23	0.18768762	0.10035536	-0.9025475	9.257768	1
18005	ERCC6	0.210085	0.10123595	-1.0525137	13.166574	1
18026	PRKG1	0.18707187	0.62937415	1.7497835	44.55244	1
18032	DKK1	0.07962031	0.003936525	-4.3037615	18.46298	1
18048	CISD1	0.3140371	0.1954755	-0.6836686	9.932268	1
18055	PHYHIPL	0.014994333	0.17933157	3.5713549	29.969479	1
18068	CDK1	0.0816796	0.015534086	-2.387046	11.412486	1
18069	RHOBTB1	0.14754972	0.27842772	0.91564226	11.922986	1
18071	TMEM26	0.030617263	0.16674446	2.4413822	23.108498	1
18077	ARID5B	0.4271401	0.88803625	1.055734	44.55244	1
18085	EGR2	0.05269422	0.14478694	1.4564756	10.9864855	1
18098	CTNNA3	0.03675334	0.004117122	-3.1274648	9.900922	1
18102	DNAJC12	0.07880564	0.15375611	0.96338135	7.1085877	1
18111	RUFY2	0.2772841	0.19328886	-0.5203802	5.5963254	1
18114	TET1	0.71297616	0.31372908	-1.1840773	44.55244	1
18119	DDX50	0.34566966	0.21609448	-0.67748153	10.657015	1
18120	DDX21	0.4095063	0.24628443	-0.7333268	14.639788	1
18121	KIF1BP	0.23525387	0.11208554	-1.0689448	15.335846	1
18128	HK1	0.5569623	0.21248537	-1.3897964	44.55244	1
18139	AIFM2	0.05417115	0.0115609635	-2.2184985	10.438632	1
18141	SAR1A	0.5923824	0.26819882	-1.1429316	44.55244	1
18157	UNC5B-AS1	0.26444826	0.018550405	-3.826252	44.55244	1
18163	PSAP	1.3097472	0.5527504	-1.2444375	44.55244	1
18165	CHST3	0.10494353	0.04581906	-1.1938223	8.1964	1
18168	ASCC1	0.17620774	0.10132498	-0.79768276	7.1725354	1
18170	DDIT4	1.1194931	0.062031027	-4.171517	44.55244	1
18180	P4HA1	1.8629544	0.2348564	-2.9872048	44.55244	1
18187	DNAJC9	0.20669597	0.09438513	-1.1300488	13.949453	1
18189	MRPS16	0.45544186	0.26122227	-0.8017536	19.752338	1
18192	ANXA7	0.3934391	0.23934716	-0.71679974	13.719577	1
18206	FUT11	0.28072146	0.08295134	-1.7575778	38.024162	1
18214	PLAU	0.08643953	0.016348846	-2.3953729	14.482816	1
18219	ADK	0.19026089	0.08752749	-1.1192816	13.129101	1
18222	KAT6B	0.3654698	0.5716528	0.6452447	15.175592	1
18229	VDAC2	1.2173169	0.72884125	-0.7399488	44.55244	1
18233	ZNF503	0.28755027	0.18864602	-0.60786957	6.7842655	1
18266	PPIF	0.14777865	0.08793593	-0.74824935	5.4967914	1
18267	ZCCHC24	0.5140408	0.234914	-1.1294168	36.914806	1
18285	PLAC9	0.40783155	0.12693942	-1.6830508	40.005676	1
18286	ANXA11	0.34974372	0.125049	-1.4830638	39.707855	1
18292	PRXL2A	1.0216687	0.6038872	-0.75847864	44.55244	1
18306	GHITM	0.6381066	0.39431867	-0.6942957	23.066925	1
18314	CCSER2	0.34826285	0.22726417	-0.61558574	9.2990465	1
18328	LDB3	0.037091557	0.004041818	-3.166639	9.928602	1
18330	BMPR1A	0.27247286	0.14753637	-0.88459367	13.127912	1
18352	PAPSS2	0.2797327	0.06554617	-2.0917819	44.55244	1
18355	PTEN	0.6250966	0.93205297	0.57625675	24.344341	1
18366	ACTA2	0.87715566	0.18587385	-2.2378976	44.55244	1
18368	FAS	0.07522091	0.022366572	-1.7452705	10.170937	1
18371	LIPA	0.608325	0.1831701	-1.7311081	44.55244	1
18372	IFIT2	0.15650907	0.27474615	0.81145644	8.992827	1
18374	IFIT3	0.29808494	0.4562532	0.6139434	10.181325	1
18378	SLC16A12	0.060460445	0.0052108606	-3.5113583	17.11349	1
18385	KIF20B	0.15619332	0.046870086	-1.7344419	16.550144	1
18396	ANKRD1	0.06492529	0.004326005	-3.876924	10.997244	1
18403	PPP1R3C	0.06724422	0.022843346	-1.5534782	7.0364466	1
18413	KIF11	0.07282604	0.013660298	-2.4059224	11.641918	1
18414	HHEX	0.14574781	0.0028478515	-5.628656	44.251408	1
18420	MYOF	0.15782426	0.02224537	-2.821185	36.653362	1
18421	CEP55	0.061451726	1.3242243e-09	-9.265636	18.506767	1
18425	FRA10AC1	0.30907542	0.18497473	-0.74031764	10.804532	1
18449	ALDH18A1	0.16607001	0.07012754	-1.2425513	13.398494	1
18451	ENTPD1	0.15885423	0.3006329	0.91987115	12.719131	1
18475	PGAM1	0.96677625	0.22514823	-2.1018155	44.55244	1
18476	EXOSC1	0.24253774	0.14305419	-0.76123405	9.012972	1
18477	ZDHHC16	0.15673779	0.0807338	-0.95624256	8.585831	1
18478	MMS19	0.13797298	0.050360598	-1.4522018	14.423256	1
18479	UBTD1	0.14583567	0.0376966	-1.9490042	22.520344	1
18485	AVPI1	0.0314284	0.0018382211	-4.023847	10.457433	1
18486	MARVELD1	0.29996577	0.119189225	-1.330815	28.127386	1
18499	CNNM1	0.008396892	0.13455053	3.986141	24.638128	1
18515	ERLIN1	0.14998677	0.068708725	-1.1251334	10.828295	1
18520	BLOC1S2	0.27409634	0.15501198	-0.8218992	11.705095	1
18523	SCD	0.3342023	0.029385226	-3.503089	44.55244	1
18527	NDUFB8	1.1909022	0.79077333	-0.5906575	42.57931	1
18533	MRPL43	0.6039731	0.3964298	-0.60729384	17.475895	1
18539	SFXN3	0.22027892	0.07691797	-1.5167192	24.295202	1
18551	DPCD	0.37697518	0.10330611	-1.8665307	44.55244	1
18565	NOLC1	0.22060008	0.14719467	-0.58338195	5.440047	1
18569	NFKB2	0.1283449	0.059849247	-1.0993359	8.662433	1
18570	PSD	0.1539186	0.060647808	-1.3422003	13.696053	1
18571	FBXL15	0.21547326	0.11957652	-0.8490381	9.529261	1
18572	CUEDC2	0.44700524	0.31384492	-0.51010305	8.931049	1
18576	ACTR1A	0.3323187	0.21671852	-0.6165134	9.001602	1
18579	TRIM8	0.47205633	0.30993024	-0.60685575	12.112598	1
18598	CALHM2	0.05724682	0.016716521	-1.7698343	7.9822598	1
18611	STN1	0.20466498	0.06958581	-1.5550321	23.502169	1
18612	SLK	0.46543795	0.30683005	-0.6009889	12.380461	1
18614	SFR1	0.061524555	0.022976022	-1.4171108	6.118177	1
18616	GSTO1	1.2765565	0.55542326	-1.2004511	44.55244	1
18618	ITPRIP	0.099788554	0.034235146	-1.5406332	11.651398	1
18631	SORCS1	0.10314486	0.031504914	-1.7078491	12.518304	1
18636	XPNPEP1	0.21362998	0.13118176	-0.70312274	7.1429543	1
18639	MXI1	0.3856797	0.21740317	-0.8267407	15.330146	1
18652	SHOC2	0.24291414	0.16399497	-0.5665093	5.65387	1
18683	AFAP1L2	0.10076064	0.4031044	1.999148	44.55244	1
18691	GFRA1	0.0039311824	0.42009744	6.7037206	44.55244	1
18729	DENND10	0.34250945	0.17405161	-0.97622114	20.130041	1
18730	SFXN4	0.086224034	0.036142416	-1.2520831	7.3821464	1
18735	RGS10	0.34042293	0.104257755	-1.7062141	35.29399	1
18737	BAG3	0.16200264	0.0884388	-0.87252575	7.749869	1
18741	PLPP4	0.036792133	0.0030212933	-3.5630975	12.132714	1
18751	FGFR2	0.03324962	0.0068068793	-2.2715645	6.462487	1
18762	PLEKHA1	0.3066488	0.16165893	-0.9232123	16.001568	1
18765	HTRA1	1.2957455	0.55157363	-1.2320068	44.55244	1
18778	BUB3	0.39023533	0.25828627	-0.5951847	9.669016	1
18784	CPXM2	0.0864893	0.0041853674	-4.336698	23.520624	1
18789	OAT	0.29036227	0.19323896	-0.5872183	7.2126765	1
18817	ADAM12	0.3047462	0.058486044	-2.3794527	44.55244	1
18833	MKI67	0.173753	0.005672005	-4.9126515	26.54805	1
18841	MGMT	0.5643796	0.33868906	-0.73653424	22.021688	1
18852	GLRX3	0.47016573	0.31210467	-0.5909841	12.055709	1
18861	BNIP3	1.586688	0.18895528	-3.0692294	44.55244	1
18866	DPYSL4	0.10827584	0.057136584	-0.92103374	5.581164	1
18867	STK32C	0.07093602	0.031882863	-1.1512516	5.323309	1
18891	ZNF511	0.30234632	0.20742235	-0.5434123	6.6516275	1
18892	CALY	0.062103707	0.009851766	-2.6439762	13.705435	1
18895	FUOM	0.27181745	0.086104356	-1.6573359	35.105644	1
18896	ECHS1	0.60112125	0.36776182	-0.7087322	22.669832	1
18910	LINC01001	0.06183524	0.011922246	-2.3650541	12.17978	1
18912	BET1L	0.22830403	0.056297902	-2.0178747	37.87473	1
18916	RIC8A	0.25795037	0.14497858	-0.830818	11.285295	1
18918	PSMD13	0.6582047	0.40558988	-0.6983782	24.135283	1
18921	PGGHG	0.060441885	0.023802022	-1.340801	5.8069153	1
18923	IFITM2	1.6403284	0.95185983	-0.78510004	44.55244	1
18925	IFITM1	0.24029455	0.0249124	-3.2646887	44.55244	1
18927	IFITM3	2.7025764	1.6754794	-0.6897287	44.55244	1
18935	SIGIRR	0.29546472	0.10178296	-1.5365611	33.417873	1
18937	PTDSS2	0.11438752	0.056890953	-1.0063854	6.7512016	1
18939	RNH1	0.70954335	0.35026446	-1.0182378	44.55244	1
18942	HRAS	0.3791239	0.13738687	-1.4637558	41.860474	1
18946	RASSF7	0.031978656	0.0071467496	-2.1462078	6.040563	1
18947	MIR210HG	0.25488925	0.014955212	-4.0821013	44.55244	1
18951	SCT	0.032523558	0.0010128964	-4.873523	10.463244	1
18955	EPS8L2	0.01888512	1.3242243e-09	-7.5687065	7.381302	1
18958	TALDO1	0.70390457	0.33407727	-1.0749713	44.55244	1
18970	CD151	0.8881634	0.29741204	-1.5780396	44.55244	1
18972	TSPAN4	0.6027236	0.14660317	-2.0388358	44.55244	1
18974	CHID1	0.7055016	0.26037985	-1.4376823	44.55244	1
18983	TOLLIP	0.20018741	0.10105902	-0.9854469	11.41147	1
18990	DUSP8	0.033971425	0.005323029	-2.6513917	7.8915577	1
19002	IFITM10	0.038325924	0.006468738	-2.548392	8.447646	1
19003	CTSD	0.73990774	0.25729874	-1.5235355	44.55244	1
19015	MRPL23	0.17988817	0.049423628	-1.8617132	26.910267	1
19018	H19	1.4331633	0.5329642	-1.4269224	44.55244	1
19019	IGF2	0.3539976	0.18371478	-0.9458942	15.002663	1
19021	AC132217.1	0.026269663	0.005237208	-2.304722	5.2642803	1
19030	TSSC4	0.25953233	0.16038954	-0.6939906	8.523786	1
19033	KCNQ1	0.03086189	0.0010493251	-4.7516346	10.437647	1
19037	CDKN1C	0.5202568	1.094331	1.0726079	44.55244	1
19039	SLC22A18	0.09428418	0.013705344	-2.7733183	21.576817	1
19041	NAP1L4	0.62552494	0.38588437	-0.69675565	22.445715	1
19043	CARS	0.2616161	0.057466228	-2.184708	44.55244	1
19062	PGAP2	0.12854739	0.061196353	-1.069549	8.096471	1
19063	RHOG	0.2815066	0.11720401	-1.2634287	23.54581	1
19067	RRM1	0.14086713	0.06533244	-1.1072807	9.181408	1
19127	TRIM6	0.0351998	0.007814616	-2.1570687	6.65713	1
19154	CAVIN3	0.46219996	0.068821445	-2.7458043	44.55244	1
19157	SMPD1	0.112822145	0.0293745	-1.9377891	18.231607	1
19161	ARFIP2	0.1825508	0.10850761	-0.74996287	6.624599	1
19166	ILK	0.50308704	0.3484757	-0.52962285	10.758081	1
19167	TAF10	0.65015465	0.3421883	-0.9257929	38.12622	1
19169	TPP1	0.21146268	0.09501164	-1.1533914	15.093421	1
19171	DCHS1	0.23969235	0.07392397	-1.6957213	31.115313	1
19174	MRPL17	0.63106495	0.16614306	-1.9247229	44.55244	1
19184	ZNF215	0.04220284	0.0040853447	-3.3373363	12.014795	1
19189	SYT9	0.037110373	0.0018550946	-4.250395	12.800993	1
19191	OLFML1	0.005615007	0.04894683	3.1013327	8.268954	1
19194	CYB5R2	0.09812628	0.008911084	-3.4463365	28.096497	1
19217	ST5	0.1805373	0.09976593	-0.85503143	8.247106	1
19224	TMEM9B-AS1	0.023953335	0.0024745408	-3.2238498	7.1219697	1
19225	NRIP3	0.060277443	0.01421987	-2.0759914	10.014123	1
19229	DENND5A	0.18521884	0.10839938	-0.77232265	7.0771537	1
19236	WEE1	0.120443575	0.048462387	-1.3116435	10.3965225	1
19237	SWAP70	0.12735759	0.06638918	-0.9388258	6.956304	1
19245	ADM	0.23878023	0.03109675	-2.9368198	44.075317	1
19246	AMPD3	0.019062925	0.0018351946	-3.3077672	5.8637576	1
19251	MRVI1	0.024472063	0.12938993	2.397749	17.276388	1
19260	GALNT18	0.04302877	0.008223155	-2.3734484	7.94514	1
19266	DKK3	0.36960346	0.08744682	-2.0782416	44.55244	1
19270	MICAL2	0.41006088	0.0030701954	-7.0154743	44.55244	1
19273	PARVA	0.40101355	0.2777491	-0.52970916	8.5119705	1
19285	BTBD10	0.18295246	0.10846238	-0.75373304	6.823625	1
19288	FAR1	0.17362973	0.10971307	-0.6617949	5.2211823	1
19294	SPON1	0.17044972	0.0026820276	-5.937912	44.55244	1
19296	RRAS2	0.085869595	0.032180868	-1.4131471	8.650309	1
19297	COPB1	0.8947134	0.5562383	-0.6856245	34.933186	1
19300	CYP2R1	0.06315615	0.02452757	-1.3609315	6.2558346	1
19310	SOX6	0.39237142	0.055026885	-2.8317597	44.55244	1
19316	NUCB2	0.9962327	0.23650523	-2.0741456	44.55244	1
19318	NCR3LG1	0.018823445	1.3242243e-09	-7.564012	7.537188	1
19329	SERGEF	0.06681823	0.017757937	-1.9058338	10.203218	1
19341	LDHA	2.55128	0.46045098	-2.469845	44.55244	1
19345	TSG101	0.4640178	0.32535812	-0.51201916	9.32488	1
19349	SPTY2D1	0.2797625	0.13558695	-1.0444362	17.47191	1
19359	CSRP3	0.024422709	1.3242243e-09	-7.9379554	9.449687	1
19363	NAV2	0.06155601	0.020352094	-1.5919931	7.0766935	1
19372	HTATIP2	0.09442286	0.016229538	-2.5331793	19.80453	1
19418	KIF18A	0.039169148	0.005721704	-2.753883	8.540499	1
19438	DCDC1	0.017036248	1.3242243e-09	-7.4208884	7.393801	1
19449	RCN1	1.3036596	0.28777006	-2.1791883	44.55244	1
19459	TCP11L1	0.05057387	0.018281464	-1.4629904	5.446385	1
19463	HIPK3	0.24227329	0.15514433	-0.64269006	6.893016	1
19467	CD59	1.3252227	0.40148577	-1.7225637	44.55244	1
19474	LMO2	0.2824345	0.038699925	-2.864301	44.55244	1
19488	CD44	0.21812026	0.0507021	-2.102825	31.989542	1
19505	PRR5L	0.042686813	0.0022597637	-4.180452	14.028414	1
19518	LRRC4C	0.047377996	0.14307208	1.5924193	12.237675	1
19528	TTC17	0.30503812	0.19806832	-0.622736	8.197664	1
19540	C11orf96	0.62368613	0.93974465	0.59137076	21.018244	1
19545	EXT2	0.26189047	0.13667864	-0.93767136	13.740096	1
19548	CD82	0.072853535	0.015426821	-2.2322154	12.278137	1
19553	TSPAN18	0.31964028	0.06691447	-2.254356	44.55244	1
19554	TP53I11	0.44475648	0.19259693	-1.2070063	32.709778	1
19568	CHST1	0.024408212	0.06618284	1.4353701	5.3432374	1
19574	SLC35C1	0.061612684	0.025136618	-1.2900485	5.7376404	1
19588	CREB3L1	0.21758965	0.010745204	-4.3271437	44.55244	1
19596	ARHGAP1	0.20714584	0.11895304	-0.79973865	8.506955	1
19608	DDB2	0.20892656	0.03641107	-2.5172803	41.286915	1
19614	MYBPC3	0.026823124	0.0009788198	-4.64132	9.289759	1
19617	SLC39A13	0.18053947	0.08494312	-1.0868467	11.934032	1
19628	MTCH2	0.36893752	0.22708012	-0.69993085	12.598539	1
19702	LRRC55	0.035922784	0.002063017	-4.0577927	10.829158	1
19703	APLNR	0.078084655	1.3242243e-09	-9.610723	23.905972	1
19704	TNKS1BP1	0.16739067	0.10266472	-0.7047358	5.673212	1
19719	YPEL4	0.040327605	0.00690945	-2.5279677	8.511777	1
19721	ZDHHC5	0.18385227	0.118261404	-0.6361327	5.259132	1
19722	MED19	0.35395718	0.23085259	-0.61638564	9.347539	1
19723	TMX2	0.18958022	0.11955317	-0.6647105	5.768194	1
19753	FAM111B	0.023677168	0.0010152424	-4.414148	7.737848	1
19769	OSBP	0.26151195	0.1715592	-0.60788125	6.8821588	1
19773	STX3	0.1424686	0.06414492	-1.1500021	10.309704	1
19803	CCDC86	0.07345271	0.016162667	-2.1772146	13.485911	1
19809	TMEM109	0.21322294	0.080380864	-1.4063213	20.68725	1
19811	TMEM132A	0.20340253	0.12025668	-0.75773054	7.5052886	1
19827	SDHAF2	0.24370632	0.16505416	-0.56192213	5.635575	1
19838	TMEM258	1.2627587	0.7273172	-0.7958383	44.55244	1
19840	FADS2	0.2905519	0.12274195	-1.242489	23.29059	1
19841	FADS1	0.56639045	0.18375784	-1.623461	44.55244	1
19842	FADS3	0.070445105	0.02839771	-1.3077	6.3658834	1
19860	AHNAK	0.8195883	0.57616377	-0.50834614	16.882982	1
19869	B3GAT3	0.37103856	0.18463024	-1.0065378	21.902657	1
19870	GANAB	0.5590892	0.2739376	-1.0289627	38.122772	1
19875	UQCC3	0.25979525	0.15079708	-0.78436524	10.382253	1
19878	BSCL2	0.20116703	0.08492022	-1.243233	16.513521	1
19886	TMEM223	0.38350266	0.19162598	-1.0005668	22.786167	1
19888	TMEM179B	0.4248684	0.17774071	-1.2567699	37.636753	1
19890	STX5	0.22141561	0.13338113	-0.73077255	7.800974	1
19894	WDR74	0.11693816	0.061909948	-0.9164074	5.941679	1
19896	SLC3A2	0.7033328	0.30933213	-1.1847897	44.55244	1
19910	PLAAT3	0.06357924	0.006344669	-3.304645	17.680561	1
19912	ATL3	0.18794124	0.10858196	-0.7909365	7.492189	1
19914	RTN3	0.5083369	0.22987765	-1.1445751	37.91182	1
19918	RCOR2	0.04965487	0.015521932	-1.671265	6.2788754	1
19922	MACROD1	0.1075578	0.047673	-1.1721855	8.096949	1
19927	STIP1	0.38156855	0.23566784	-0.6949533	12.495485	1
19928	FERMT3	0.022192053	0.003869708	-2.4894247	5.1690545	1
19929	TRPT1	0.1869322	0.07736456	-1.2716784	16.122873	1
19930	NUDT22	0.23887323	0.082410395	-1.5342013	27.427597	1
19933	VEGFB	0.697236	0.31218624	-1.158985	44.55244	1
19934	FKBP2	0.07389055	0.025605705	-1.5252526	8.324109	1
19936	PPP1R14B	1.7316037	0.8430034	-1.0384107	44.55244	1
19940	BAD	0.5332592	0.3354777	-0.6684607	17.655956	1
19946	PRDX5	1.5069172	0.921505	-0.7094756	44.55244	1
19949	RPS6KA4	0.10324252	0.05127061	-1.0084187	6.230425	1
19966	EHD1	0.14546897	0.05729048	-1.3428195	13.245493	1
19969	PPP2R5B	0.08722377	0.024421189	-1.8323455	12.128578	1
19973	ARL2	0.5164884	0.16855942	-1.6149024	44.55244	1
19975	SAC3D1	0.14249116	0.0630039	-1.1760836	10.864487	1
19977	CDCA5	0.03737575	0.006745068	-2.4528208	7.2148986	1
19978	ZFPL1	0.23098072	0.087384775	-1.4012929	22.71143	1
19987	MRPL49	0.14208184	0.06818124	-1.058176	8.925448	1
19990	CAPN1	0.2570037	0.15754722	-0.70565045	8.517621	1
19992	POLA2	0.029801479	0.0072827283	-2.0179908	5.1867175	1
19994	CDC42EP2	0.10249634	0.02784971	-1.8760741	14.841061	1
19998	SLC25A45	0.03940888	0.005992294	-2.6971197	10.132146	1
19999	FRMD8	0.15841143	0.016936114	-3.2179186	40.550316	1
20000	NEAT1	3.0468857	1.9972175	-0.609319	44.55244	1
20005	SCYL1	0.24025546	0.11231307	-1.0963598	16.328217	1
20006	LTBP3	0.2824015	0.1399345	-1.0124762	16.954948	1
20008	ZNRD2	0.25849998	0.14500524	-0.8336225	11.401923	1
20009	FAM89B	0.5269812	0.29103953	-0.8563146	26.115393	1
20010	EHBP1L1	0.14181566	0.044412475	-1.6727521	17.86903	1
20015	RELA	0.25702146	0.12152653	-1.0799919	17.072824	1
20027	EFEMP2	0.8946166	0.35264292	-1.3428137	44.55244	1
20029	FIBP	0.6757826	0.41357237	-0.7082842	26.151037	1
20030	CCDC85B	0.6849448	0.25454488	-1.4277117	44.55244	1
20031	FOSL1	0.029476717	1.3242243e-09	-8.208299	11.202002	1
20032	C11orf68	0.19779629	0.10598055	-0.89958435	9.787527	1
20033	DRAP1	0.9064687	0.622652	-0.5417586	23.691158	1
20044	PACS1	0.3746362	0.230536	-0.7002576	12.524748	1
20053	CNIH2	0.05044301	0.0058696046	-3.0818043	14.238035	1
20054	YIF1A	0.7898659	0.25436974	-1.6342964	44.55244	1
20057	CD248	0.24643041	0.40057835	0.7006789	11.560299	1
20058	RIN1	0.061762925	0.01032781	-2.5686388	13.053685	1
20060	BRMS1	0.1308304	0.07587603	-0.7851841	5.3300204	1
20061	B4GAT1	0.21378234	0.11472158	-0.8974235	10.345319	1
20069	DPP3	0.09131559	0.03794907	-1.2645789	7.9094243	1
20072	ZDHHC24	0.122295	0.06069928	-1.0094185	7.4536943	1
20077	CCS	0.4397382	0.24292794	-0.85585076	20.434292	1
20085	LRFN4	0.107108764	0.05651809	-0.9210879	5.5645485	1
20093	SSH3	0.04204119	0.008176172	-2.3481956	8.709893	1
20096	POLD4	0.5993262	0.2596029	-1.2067201	44.55244	1
20103	RPS6KB2	0.28226218	0.18612342	-0.60051227	7.3984394	1
20109	TMEM134	0.35088187	0.17385247	-1.0127033	21.35265	1
20110	AIP	0.26989025	0.16535467	-0.70647126	9.073239	1
20112	CDK2AP2	0.29659072	0.16915824	-0.80973375	12.304089	1
20114	GSTP1	2.25177	1.5904102	-0.5016338	44.55244	1
20117	NDUFV1	0.35269645	0.20855744	-0.75769955	13.746501	1
20118	NUDT8	0.09426984	0.03346498	-1.4913691	10.269733	1
20123	UNC93B1	0.043581367	0.005174314	-3.0499628	11.588871	1
20127	TCIRG1	0.1247051	0.046714317	-1.4146552	12.329191	1
20132	C11orf24	0.26949334	0.075105414	-1.8418764	39.74881	1
20134	LRP5	0.20893113	0.049451653	-2.0767126	33.61894	1
20137	GAL	0.04119922	0.0032569643	-3.6208854	11.268996	1
20141	MRPL21	0.6467563	0.3489148	-0.89015704	35.13888	1
20161	CCND1	1.2551427	0.7344296	-0.77307385	44.55244	1
20175	FADD	0.12593459	0.043603595	-1.5279958	14.192493	1
20183	CTTN	0.44277677	0.29480106	-0.58667433	11.3269415	1
20190	DHCR7	0.13419761	0.023676515	-2.4978244	28.676968	1
20192	NADSYN1	0.0696052	0.029041938	-1.2581695	6.128414	1
20214	ANAPC15	0.19667642	0.11528024	-0.7701611	7.525001	1
20235	STARD10	0.17874083	0.04394257	-2.0217056	27.299318	1
20245	ARHGEF17	0.16518852	0.25622642	0.63299555	6.198456	1
20251	RAB6A	0.4048468	0.2688397	-0.5904497	10.3123	1
20254	MRPL48	0.18332472	0.11314072	-0.69579536	5.9046135	1
20255	COA4	0.47817004	0.32056606	-0.5767538	12.152501	1
20256	PAAF1	0.15587524	0.0816344	-0.9323016	8.152103	1
20263	PPME1	0.3164441	0.12278248	-1.3651272	30.591116	1
20264	P4HA3	0.13945653	0.009791022	-3.8185863	41.93439	1
20266	PGM2L1	0.21925338	0.06646469	-1.7204279	27.149576	1
20289	KLHL35	0.024188846	0.004786336	-2.3134692	5.0801234	1
20292	SERPINH1	2.0701325	1.1729674	-0.8195068	44.55244	1
20294	MAP6	0.042788163	0.006857581	-2.6239219	9.794891	1
20306	WNT11	0.11226965	0.01845878	-2.5980785	22.843704	1
20320	TSKU	0.1239163	0.06990624	-0.82497424	5.3923516	1
20326	CAPN5	0.11530308	0.035269957	-1.7060853	14.579336	1
20337	AAMDC	0.43427357	0.27646303	-0.651328	13.048708	1
20347	ALG8	0.11349737	0.062006693	-0.8711087	5.47222	1
20371	PRCP	0.73224366	0.23551045	-1.6361172	44.55244	1
20393	SYTL2	0.01709395	0.13441911	2.9678383	20.990513	1
20396	PICALM	0.36079362	0.22326443	-0.69217414	11.838883	1
20405	PRSS23	0.5971694	0.41755018	-0.5160868	10.401612	1
20416	RAB38	0.0341897	0.0077082175	-2.1347103	5.9646	1
20417	CTSC	0.8519391	0.40210208	-1.0829991	44.55244	1
20439	FAT3	0.020318896	0.07312052	1.8423432	7.640307	1
20448	SMCO4	0.162112	0.042727962	-1.9212555	25.325554	1
20451	TAF1D	0.67690855	0.35290062	-0.93950343	37.88269	1
20456	PANX1	0.123454176	0.039028462	-1.6588534	15.838862	1
20469	AMOTL1	0.38521662	0.23212275	-0.73053515	13.884482	1
20475	SRSF8	0.32735232	0.21361646	-0.6155867	8.710559	1
20476	ENDOD1	0.6078669	0.07252147	-3.0655248	44.55244	1
20484	MTMR2	0.2013613	0.10377363	-0.9556733	11.016519	1
20498	ARHGAP42	0.1917888	0.35773224	0.89901286	15.081554	1
20511	TMEM123	0.4760956	0.2877108	-0.7264336	17.113653	1
20524	MMP13	1.2732926e-09	0.053062323	9.054242	10.758793	1
20525	DCUN1D5	0.49423286	0.2824422	-0.80701643	22.3669	1
20530	PDGFD	0.04349422	0.25403297	2.5433748	35.46567	1
20540	GRIA4	0.042771913	1.101623	4.6835847	44.55244	1
20549	GUCY1A2	0.13979943	0.031518877	-2.145532	21.521214	1
20554	SLN	0.08024706	1.3242243e-09	-9.650083	16.754175	1
20563	ATM	0.4065285	0.2822819	-0.5260637	8.222249	1
20565	POGLUT3	0.15641263	0.08274344	-0.9178196	7.974145	1
20573	RDX	1.0979757	0.4634951	-1.2440404	44.55244	1
20593	LAYN	0.390131	0.052721564	-2.8851292	44.55244	1
20597	ALG9	0.11840157	0.0582559	-1.0219557	7.1458898	1
20601	CRYAB	0.08124792	0.0011063882	-6.0753393	24.504467	1
20604	DIXDC1	0.1842258	0.09398428	-0.97023237	10.100209	1
20615	PTS	0.30436102	0.12936111	-1.2337387	25.325306	1
20618	LINC02762	0.16453408	0.014033454	-3.542077	44.55244	1
20626	NCAM1	0.7160605	0.0071120034	-6.633739	44.55244	1
20638	USP28	0.15124744	0.07516326	-1.0078466	8.982807	1
20645	NNMT	0.045719903	0.0019522515	-4.4806952	12.2321	1
20649	REXO2	0.6909317	0.2014472	-1.7776341	44.55244	1
20653	CADM1	0.19521813	0.3029626	0.6337899	6.9276834	1
20670	ZPR1	0.15888074	0.08056969	-0.97875327	9.061759	1
20675	APOC3	0.017688422	1.3242243e-09	-7.474776	5.720508	1
20676	APOA1	0.043924596	1.3242243e-09	-8.782147	12.771787	1
20680	PAFAH1B2	0.40239066	0.20012021	-1.0073676	24.917797	1
20681	SIDT2	0.09459413	0.03942127	-1.2606456	8.122437	1
20682	TAGLN	0.78417957	0.21927984	-1.8379371	44.55244	1
20685	BACE1	0.19858421	0.13197827	-0.589084	5.0537577	1
20695	FXYD6	0.50733685	0.33132568	-0.6145431	13.724414	1
20708	UBE4A	0.2513795	0.15450495	-0.70185405	8.397564	1
20718	ARCN1	0.7556922	0.48595917	-0.6368577	24.851364	1
20719	PHLDB1	0.31421235	0.13327876	-1.23667	26.089478	1
20735	TRAPPC4	0.42716798	0.23768312	-0.8454949	19.67814	1
20738	HYOU1	0.27538696	0.1317895	-1.0626543	17.39221	1
20743	H2AFX	0.19598491	0.112199776	-0.8041235	7.4636874	1
20744	DPAGT1	0.10309805	0.048683316	-1.080956	6.9501147	1
20748	NLRX1	0.024250591	0.0033840712	-2.8051107	5.820699	1
20751	CBL	0.212936	0.34372672	0.69058436	9.6982765	1
20752	MCAM	0.14616492	0.68783396	2.2336862	44.55244	1
20753	RNF26	0.09274127	0.04865729	-0.92914826	5.135516	1
20760	THY1	0.89312035	1.3695654	0.6167354	38.2839	1
20774	OAF	0.07618787	0.031214876	-1.2846056	6.909527	1
20783	SC5D	0.48701108	0.17064229	-1.5124303	44.55244	1
20785	SORL1	0.055912327	0.004150901	-3.719904	16.737844	1
20789	MIR100HG	0.5735996	0.06259413	-3.1938932	44.55244	1
20801	CLMP	0.102731146	0.0017863625	-5.7685266	35.255623	1
20804	GRAMD1B	0.06458544	0.021764386	-1.5648582	7.2650876	1
20811	OR8D4	0.03434244	1.3242243e-09	-8.428024	14.22813	1
20837	NRGN	0.13754399	0.34078556	1.3083458	22.272978	1
20857	PKNOX2	0.037902426	0.008848784	-2.0863283	6.6232715	1
20860	FEZ1	0.33090517	0.10324038	-1.6794497	42.31691	1
20862	EI24	0.55559987	0.36590353	-0.60244846	15.351164	1
20863	STT3A	0.31660527	0.120883755	-1.3883275	31.40405	1
20864	CHEK1	0.12011579	0.03738661	-1.681179	15.829837	1
20884	SRPRA	0.3751161	0.21037932	-0.83404326	16.8097	1
20889	DCPS	0.15120521	0.057749793	-1.3870779	14.834633	1
20891	ST3GAL4	0.2112859	0.02664271	-2.9826617	44.55244	1
20904	ETS1	0.35000542	0.5286335	0.59475136	11.923061	1
20922	APLP2	1.6145242	0.7636289	-1.080066	44.55244	1
20927	ADAMTS15	0.01706192	1.3242243e-09	-7.423048	7.9556475	1
20937	NTM	0.4039524	0.020146646	-4.3187876	44.55244	1
20954	JAM3	0.3460716	0.13676207	-1.3387647	33.22012	1
20957	VPS26B	0.18345152	0.11299278	-0.69867826	6.114518	1
20958	THYN1	0.30595312	0.17736873	-0.78621715	12.568434	1
20975	IQSEC3	0.0015410199	0.0339806	4.376286	7.199935	1
20994	WNK1	0.5544933	0.3214058	-0.78658557	22.908735	1
21012	CACNA1C	0.03956744	0.12230132	1.6255918	10.8969345	1
21029	NRIP2	0.0088649765	0.12713349	3.827035	23.020296	1
21031	FOXM1	0.040038258	0.0031214028	-3.6392171	12.076399	1
21052	CCND2	0.8077859	0.4433419	-0.8654065	42.04865	1
21054	FGF23	0.07565774	1.3242243e-09	-9.56523	13.781884	1
21057	RAD51AP1	0.043843687	0.007042084	-2.6212392	9.420701	1
21058	DYRK4	0.28926033	0.13362937	-1.1135507	20.400246	1
21061	NDUFA9	0.31350997	0.17968558	-0.8026941	13.086811	1
21083	CD9	0.72407633	0.2226141	-1.7011482	44.55244	1
21087	LTBR	0.1590391	0.08677578	-0.8732623	7.6185975	1
21095	NCAPD2	0.09260411	0.03894547	-1.247478	7.741692	1
21098	GAPDH	4.0520325	2.4545283	-0.72317684	44.55244	1
21099	AC006064.4	0.041503005	0.013534144	-1.6094638	5.122262	1
21112	COPS7A	0.2023337	0.13080008	-0.62898344	5.600628	1
21117	CD4	0.14217496	0.06485898	-1.1310809	9.651422	1
21119	P3H3	0.39510807	0.07973664	-2.3074894	44.55244	1
21121	CDCA3	0.05022721	0.0035386372	-3.7898686	14.065616	1
21122	USP5	0.15729806	0.09260005	-0.7637757	5.9747243	1
21123	TPI1	2.3578296	1.0458963	-1.1726427	44.55244	1
21125	LRRC23	0.07491892	0.029747695	-1.3296349	7.0421185	1
21127	ENO2	0.62977815	0.012307192	-5.6658244	44.55244	1
21137	C1S	0.10196373	0.013854262	-2.8706925	23.97824	1
21158	SLC2A3	0.55569243	0.17545074	-1.6626581	44.55244	1
21184	AC092490.1	0.023671377	0.0017569262	-3.6782372	8.548239	1
21194	A2M	0.14804232	0.9136411	2.6248016	44.55244	1
21210	CLEC2B	0.10629694	0.00724734	-3.8560908	27.106306	1
21225	GABARAPL1	0.2476677	0.1241509	-0.9957319	14.262746	1
21230	AC022075.1	0.060086757	0.0054813162	-3.430769	16.447588	1
21238	MAGOHB	0.23708399	0.14805904	-0.67885995	7.33786	1
21240	YBX3	1.0786556	0.30793783	-1.8081887	44.55244	1
21275	DUSP16	0.06307092	0.024146747	-1.3814695	6.147311	1
21277	CREBL2	0.07393984	0.034268938	-1.1071965	5.304364	1
21279	GPR19	0.02117695	1.3242243e-09	-7.7331285	9.259687	1
21281	CDKN1B	0.23511028	0.07525484	-1.642179	28.62877	1
21290	HEBP1	0.35675296	0.16209158	-1.1376307	25.997023	1
21294	EMP1	0.25996092	0.017053073	-3.9223106	44.55244	1
21303	PLBD1	0.062185094	0.014258144	-2.1170177	11.376458	1
21317	MGP	1.5717316	2.2548242	0.5206322	34.637875	1
21319	ARHGDIB	0.6169991	0.28566626	-1.1106666	39.673687	1
21322	RERG	0.07020618	0.2185994	1.6372257	19.405827	1
21326	EPS8	0.45198014	0.14959301	-1.5945717	44.55244	1
21328	STRAP	0.7681146	0.5008596	-0.61681503	23.469488	1
21341	RERGL	0.0006869993	0.09345972	6.893381	18.487694	1
21352	AC126468.1	0.018082729	0.07467401	2.0399683	8.598279	1
21355	PDE3A	0.19711861	0.54992026	1.4796891	44.55244	1
21363	RECQL	0.40547806	0.24351837	-0.7353567	15.004057	1
21364	GOLT1B	0.34255525	0.107834995	-1.666595	44.55244	1
21374	CMAS	0.36078647	0.2358077	-0.61332244	9.490305	1
21375	ST8SIA1	0.03904604	0.011636436	-1.7378721	5.4809175	1
21392	BCAT1	0.70993197	0.11762344	-2.5924823	44.55244	1
21410	RASSF8-AS1	0.14584962	0.085917175	-0.7627737	5.621627	1
21411	RASSF8	0.31225228	0.08953111	-1.8011025	42.918972	1
21412	BHLHE41	0.051554956	0.00214167	-4.526261	16.178898	1
21413	SSPN	0.14269593	0.07459741	-0.93482465	7.3423667	1
21421	ITPR2	0.14824378	0.02666006	-2.470791	31.322058	1
21424	INTS13	0.112006806	0.051072214	-1.1314412	7.937847	1
21426	TM7SF3	0.24308787	0.1528073	-0.66941404	7.3247757	1
21442	MRPS35	0.35982957	0.21465111	-0.74504894	13.239462	1
21447	PTHLH	0.064120665	1.3242243e-09	-9.326875	19.104544	1
21464	TMTC1	0.09382403	0.033125013	-1.4992244	9.389005	1
21472	CAPRIN2	0.20790946	0.058746148	-1.8216292	29.259928	1
21474	AC010198.2	0.044290543	0.0019516164	-4.4354196	15.318366	1
21479	SINHCAF	0.2327721	0.14183271	-0.7143307	7.76607	1
21491	RESF1	0.13549644	0.21095754	0.63831717	5.3232484	1
21519	CPNE8	0.4274417	0.13240968	-1.6899673	44.55244	1
21522	KIF21A	0.29274157	0.08382171	-1.8030043	39.453568	1
21534	CNTN1	0.006838209	0.040214524	2.5386646	5.643886	1
21536	PDZRN4	0.098021515	0.0042057033	-4.5102487	27.66508	1
21541	GXYLT1	0.2807534	0.11928874	-1.2341504	22.668804	1
21546	PRICKLE1	0.193096	0.10289379	-0.90750784	9.021858	1
21556	PUS7L	0.23528463	0.13311544	-0.8212587	9.728156	1
21557	IRAK4	0.10034228	0.04663972	-1.1036456	7.0607247	1
21567	ANO6	0.2867821	0.18036057	-0.6687741	8.455311	1
21574	SLC38A1	0.18022725	0.013669986	-3.7110186	44.55244	1
21576	SLC38A2	0.70534486	0.28107372	-1.3270717	44.55244	1
21584	AMIGO2	0.18869837	0.06573727	-1.5198699	19.283972	1
21618	CCDC184	0.07358953	0.006833675	-3.4097676	21.059961	1
21624	ZNF641	0.08666798	0.15926614	0.87711054	6.490629	1
21643	FKBP11	0.25880024	0.05759477	-2.1658838	44.251408	1
21644	ARF3	0.37903062	0.2624965	-0.5298473	8.149799	1
21650	PRKAG1	0.20188011	0.11084133	-0.8644164	9.526742	1
21656	TUBA1B	1.8518348	1.0750444	-0.78450286	44.55244	1
21658	TUBA1A	1.7132441	1.1711975	-0.54870725	44.55244	1
21659	TUBA1C	0.594113	0.13835184	-2.1015959	44.55244	1
21664	TROAP	0.03229788	0.004302255	-2.879585	7.7524257	1
21674	FMNL3	0.17633727	0.3149912	0.836614	11.914334	1
21688	RACGAP1	0.049112413	0.016536308	-1.564687	5.4979863	1
21689	ASIC1	0.01817802	0.0020086826	-3.115696	5.567307	1
21696	AC008147.2	0.041664567	0.092328705	1.1460614	5.4972568	1
21714	SMAGP	0.13023095	0.04141373	-1.6505193	16.44738	1
21717	GALNT6	0.02390212	0.0043559647	-2.4293523	5.4545126	1
21728	ACVRL1	0.035169873	0.09187114	1.3827449	6.8090587	1
21730	GRASP	0.1800505	0.08600282	-1.0650704	11.214898	1
21731	NR4A1	0.19061865	0.100263275	-0.9262144	8.904762	1
21733	ATG101	0.3266552	0.15527372	-1.0724677	21.808886	1
21772	KRT8	0.89036727	0.23056924	-1.9487369	44.55244	1
21773	KRT18	0.78574336	0.2415306	-1.7014387	44.55244	1
21777	TNS2	0.16980624	0.323499	0.9294682	14.36236	1
21778	SPRYD3	0.07846407	0.021130083	-1.8877597	12.213595	1
21779	IGFBP6	0.08933461	0.016435904	-2.4352312	17.659597	1
21785	RARG	0.06777811	0.019944549	-1.7597365	9.063974	1
21790	AC073611.1	0.041931797	0.009133979	-2.186457	7.6923013	1
21792	AAAS	0.12198356	0.061626922	-0.98389715	7.0922184	1
21795	AMHR2	0.082372084	0.0009358698	-6.3149915	27.581718	1
21796	PRR13	0.4552356	0.202506	-1.1682532	36.821068	1
21814	HOTAIR	1.2732926e-09	0.02930475	8.199887	6.816604	1
21817	HOXC10	1.2732926e-09	0.041592594	8.7036295	9.300092	1
21818	HOXC6	0.005394358	0.037279658	2.7662306	5.9786253	1
21820	HOXC9	0.0076805004	0.22251323	4.8385324	43.598198	1
21822	HOXC8	0.0046007037	0.035565164	2.923567	5.6164403	1
21839	COPZ1	0.5928649	0.37591168	-0.6571693	18.674404	1
21844	ITGA5	0.33164978	0.07567524	-2.130297	44.55244	1
21849	PDE1B	0.026153995	0.13401121	2.3528209	17.899761	1
21850	PPP1R1A	0.0087804515	0.039841596	2.1691873	5.1632223	1
21881	GDF11	0.18219805	0.30780768	0.75619864	9.759984	1
21884	ORMDL2	0.27506486	0.09288078	-1.5652918	31.02219	1
21899	ERBB3	0.06953063	0.0055698804	-3.618332	17.145384	1
21910	SMARCC2	0.29797995	0.42268565	0.50422716	7.492052	1
21913	NABP2	0.18077542	0.11018746	-0.71372753	6.0501776	1
21921	CNPY2	0.9898027	0.61943036	-0.6761118	39.344917	1
21934	PTGES3	1.4896456	0.8999697	-0.7269574	44.55244	1
21936	PRIM1	0.049504936	0.018429855	-1.4206321	5.173075	1
21948	LRP1	0.7515008	0.35132742	-1.0967399	44.55244	1
21952	SHMT2	0.4350779	0.21966213	-0.9856624	24.548164	1
21962	MARS	0.17198692	0.08208388	-1.0662102	11.058723	1
21963	DDIT3	0.22493246	0.064245135	-1.8062301	25.304825	1
21966	DCTN2	0.68214387	0.42633688	-0.6779554	24.599476	1
21973	B4GALNT1	0.02506366	0.002047403	-3.5506768	8.162645	1
21974	OS9	0.90300834	0.34504718	-1.3876874	44.55244	1
21977	AGAP2-AS1	0.08427488	0.0070992582	-3.5508935	24.398108	1
21979	CDK4	0.79230934	0.5088998	-0.6385808	26.461359	1
21980	MARCH9	0.1405241	0.0652983	-1.1045189	9.354163	1
22023	SRGAP1	0.2691865	0.48237675	0.8413176	18.554434	1
22031	XPOT	0.16516158	0.05549071	-1.5718356	18.05762	1
22039	GNS	0.36106935	0.1241133	-1.5398557	41.85871	1
22050	AC026124.1	0.0830292	0.21281756	1.3568677	15.141603	1
22053	LINC02454	0.013939328	1.3242243e-09	-7.133311	7.2470074	1
22055	HMGA2	0.8773477	0.3785092	-1.2126037	44.55244	1
22057	HMGA2-AS1	0.08722335	0.031627752	-1.4606222	8.951496	1
22063	IRAK3	0.056969177	0.0052796667	-3.407123	16.032425	1
22066	GRIP1	0.005788283	0.051177096	3.1223958	8.450186	1
22089	MDM2	0.36634988	0.21053576	-0.79886544	13.3490095	1
22113	KCNMB4	0.18425594	0.1152705	-0.6762195	5.703091	1
22115	PTPRB	0.02818707	0.0036149821	-2.9287155	7.4320326	1
22134	TRHDE	0.008787097	0.3251321	5.1936135	44.55244	1
22135	TRHDE-AS1	0.002397557	0.19804554	6.309899	39.750412	1
22154	GLIPR1	0.16529635	0.07765553	-1.0889101	10.16784	1
22161	PHLDA1	0.9425406	0.25451785	-1.8883743	44.55244	1
22167	OSBPL8	0.6888856	0.4323766	-0.6718519	23.743708	1
22173	E2F7	0.09379956	0.0017399284	-5.673397	31.192	1
22176	NAV3	0.12978035	0.51814413	1.9964486	44.55244	1
22185	SYT1	0.36741903	0.13608904	-1.4322083	29.785852	1
22208	CCDC59	0.34735417	0.21484376	-0.6928634	11.084416	1
22219	SLC6A15	0.029902572	1.3242243e-09	-8.228923	11.217565	1
22222	ALX1	0.03757406	0.005405523	-2.77462	8.489478	1
22224	RASSF9	0.008460033	0.096296355	3.4932904	16.706047	1
22225	NTS	0.100709744	0.0010540152	-6.448829	20.89618	1
22232	C12orf29	0.10594912	0.05336826	-0.9879781	6.020888	1
22234	TMTC3	0.21623346	0.11096753	-0.96181965	12.012502	1
22235	KITLG	0.07801556	0.013309494	-2.5423553	15.6059265	1
22239	DUSP6	0.32761654	0.14484347	-1.176958	21.875732	1
22262	LUM	0.6973927	0.071638614	-3.2813563	44.55244	1
22263	DCN	0.1455427	0.012907969	-3.4849658	30.211737	1
22280	EEA1	0.58874464	0.39981285	-0.55820155	13.720673	1
22296	PLXNC1	0.0345939	0.0092167845	-1.896778	5.2392473	1
22305	NDUFA12	0.96344393	0.58768207	-0.7130691	40.95882	1
22307	FGD6	0.1142303	0.050479997	-1.1765689	8.860538	1
22339	TMPO	0.4336907	0.24397853	-0.82965356	17.213495	1
22341	IKBIP	0.9168963	0.25219756	-1.8617898	44.55244	1
22342	APAF1	0.25664118	0.14140888	-0.859422	12.060281	1
22356	ANO4	0.055545848	0.003098695	-4.1207185	19.2086	1
22361	ARL1	0.60696125	0.2973998	-1.0289536	41.772842	1
22367	CHPT1	0.20657396	0.048649922	-2.0838847	34.68059	1
22369	GNPTAB	0.19616242	0.3646542	0.89414066	15.3097925	1
22378	HELLPAR	0.040265482	0.19962925	2.3068516	25.053635	1
22380	IGF1	0.023256894	0.51634735	4.466701	44.55244	1
22398	HSP90B1	2.6747289	1.8294036	-0.5479942	44.55244	1
22399	C12orf73	0.15337116	0.076609455	-1.0004911	8.751025	1
22406	TXNRD1	0.35621148	0.2321334	-0.6175634	9.266227	1
22409	CHST11	0.06257208	0.022009624	-1.5031483	7.4638166	1
22413	ALDH1L2	0.12437211	0.004250572	-4.838474	39.837574	1
22414	WASHC4	0.2807939	0.17576912	-0.67552304	8.807676	1
22416	C12orf75	0.24865067	0.09165846	-1.4387873	23.995373	1
22422	NUAK1	0.2647558	0.027460422	-3.264537	44.55244	1
22424	CKAP4	1.4453828	0.43326342	-1.7379023	44.55244	1
22436	TMEM263	0.5733664	0.26951373	-1.0888151	41.07387	1
22443	PWP1	0.40473428	0.21704008	-0.89870536	20.431793	1
22449	CMKLR1	0.027481584	0.0047302484	-2.513536	6.6097775	1
22458	CORO1C	0.33578455	0.12277801	-1.4507385	35.477295	1
22459	SSH1	0.2489636	0.12649342	-0.9763116	14.042941	1
22473	KCTD10	0.18961726	0.100972064	-0.90846664	9.754947	1
22475	MMAB	0.27077997	0.118855275	-1.1872344	20.813877	1
22476	MVK	0.10988676	0.021253502	-2.3647852	21.609283	1
22480	GLTP	0.40091917	0.21792006	-0.8792102	20.058048	1
22486	C12orf76	0.25585958	0.1412772	-0.8563666	11.27788	1
22489	ATP2A2	0.30706525	0.1823439	-0.75156206	11.127954	1
22492	GPN3	0.20250213	0.08696228	-1.2185296	16.199203	1
22493	FAM216A	0.12721522	0.042192828	-1.5899199	14.43729	1
22513	ALDH2	0.42575032	0.19805506	-1.1037166	29.651354	1
22517	ERP29	1.5209961	1.0421698	-0.54538256	44.55244	1
22525	PTPN11	0.38734215	0.23471692	-0.72244453	13.721652	1
22531	DTX1	0.0035728044	0.04482433	3.612543	8.681107	1
22541	PLBD2	0.1274577	0.040070847	-1.6669291	16.64829	1
22553	TBX5	0.050887875	1.3242243e-09	-8.993992	19.671474	1
22554	TBX5-AS1	0.01301068	1.3242243e-09	-7.0345798	5.7831235	1
22556	TBX3	0.19777459	0.5815779	1.5556341	44.55244	1
22592	TESC	0.014369976	0.09015203	2.640897	13.34304	1
22628	CIT	0.041776992	0.0020171488	-4.3059635	13.92295	1
22644	TRIAP1	0.25514895	0.15162136	-0.7504807	9.316631	1
22650	COQ5	0.17642966	0.0789082	-1.1598363	12.992807	1
22661	ACADS	0.06361085	0.01439548	-2.135936	11.089239	1
22674	ANAPC5	0.6275022	0.377711	-0.7321858	24.386105	1
22679	ORAI1	0.18476455	0.08689024	-1.087543	12.554756	1
22682	TMEM120B	0.06058222	0.017575724	-1.7795047	8.660458	1
22683	RHOF	0.07100375	0.011026433	-2.6759346	17.408566	1
22696	AC156455.1	0.054978617	0.022298664	-1.2980796	5.2646556	1
22704	CLIP1	0.29136977	0.19022381	-0.61489016	7.7762704	1
22722	ARL6IP4	1.2837797	0.7877536	-0.7045106	44.55244	1
22726	C12orf65	0.1586081	0.087199196	-0.86233544	7.210512	1
22727	CDK2AP1	0.96685934	0.46775985	-1.0473789	44.55244	1
22729	SBNO1	0.40866768	0.28429213	-0.52339965	8.351915	1
22731	KMT5A	0.2296795	0.14311075	-0.6821102	7.123333	1
22732	RILPL2	0.08368453	0.1863298	1.1538767	10.739447	1
22734	RILPL1	0.19397604	0.09587343	-1.0159152	11.746771	1
22738	TMED2	0.7877131	0.35951006	-1.1314201	44.55244	1
22759	NCOR2	0.3154171	0.13346249	-1.2402034	26.495935	1
22761	SCARB1	0.12661321	0.020485183	-2.6218889	27.391678	1
22770	TMEM132B	0.05230944	1.3242243e-09	-9.033664	17.767694	1
22834	STX2	0.27021492	0.14367509	-0.9108272	13.522088	1
22885	PXMP2	0.1360694	0.060682654	-1.163671	9.991333	1
22887	ANKLE2	0.33872417	0.20875153	-0.698059	11.171472	1
22888	GOLGA3	0.4471383	0.20181611	-1.1472877	33.931396	1
22925	GJA3	0.029867945	0.004210068	-2.7976377	6.23251	1
22929	CRYL1	0.133261	0.022986509	-2.5302148	27.5211	1
22932	AL161772.1	0.075472	0.0055900607	-3.7313359	21.494516	1
22933	IL17D	0.07372956	0.011055701	-2.7264173	16.548815	1
22936	XPO4	0.09673476	0.04899838	-0.97984964	5.6135035	1
22956	SACS	0.28117108	0.119846225	-1.2295734	22.55981	1
22960	TNFRSF19	0.051557697	0.0030024517	-4.0575027	16.786839	1
22971	PARP4	0.17199138	0.09167344	-0.9070261	8.634116	1
22978	CENPJ	0.10838339	0.054166824	-0.99933165	6.4417653	1
22984	MTMR6	0.23570813	0.11758216	-1.0027179	13.762823	1
22986	NUP58	0.3345141	0.1415064	-1.2406117	27.364836	1
22987	ATP8A2	0.0596755	0.005657813	-3.3759615	16.478043	1
22988	SHISA2	0.066813774	0.011062857	-2.583597	13.102018	1
22994	WASF3	0.15175991	0.084059656	-0.8515403	6.7683363	1
23007	GTF3A	0.55787283	0.25586334	-1.1242578	43.55244	1
23010	POLR1D	0.7277492	0.48980802	-0.57112885	19.480135	1
23021	FLT1	0.5445285	0.27341616	-0.9936465	27.24128	1
23027	SLC7A1	0.06696845	0.008034073	-3.0435846	16.260221	1
23028	UBL3	0.17928934	0.290711	0.69698745	8.463079	1
23036	KATNAL1	0.1457087	0.07853402	-0.89085114	7.1668935	1
23062	BRCA2	0.053511675	0.013977482	-1.929158	8.261098	1
23066	PDS5B	0.35758716	0.5952275	0.73498523	19.69716	1
23070	STARD13	0.09217118	0.16526894	0.8417363	6.3126163	1
23099	SMAD9	0.19713454	0.12779598	-0.62494135	5.1473365	1
23101	ALG5	0.31972334	0.19121897	-0.7412952	11.47956	1
23102	EXOSC8	0.2514462	0.14749365	-0.76919264	9.420574	1
23107	POSTN	0.5590792	0.3251434	-0.781791	15.351357	1
23112	UFM1	0.63145727	0.32938734	-0.9386906	37.267387	1
23122	COG6	0.19293989	0.07717965	-1.3207386	17.178568	1
23125	FOXO1	0.24510074	0.037231095	-2.7155135	44.55244	1
23129	ELF1	0.3862469	0.18018381	-1.0996269	26.485773	1
23140	DGKH	0.25497407	0.36111584	0.5019449	6.1102896	1
23144	TNFSF11	1.2732926e-09	0.04108097	8.685816	9.801414	1
23148	EPSTI1	0.008846917	0.040023863	2.164998	5.259377	1
23149	DNAJC15	0.35771483	0.20731552	-0.7866893	13.49921	1
23170	TSC22D1	1.0647174	0.68660665	-0.63284016	34.618176	1
23178	GTF2F2	0.25282487	0.15409519	-0.71395105	8.439559	1
23215	ITM2B	2.3575544	1.515389	-0.6375688	44.55244	1
23229	CDADC1	0.07146457	0.023489887	-1.6010771	8.674152	1
23238	SPRYD7	0.174573	0.086604714	-1.0104743	10.503048	1
23239	DLEU2	0.07356652	0.30199966	2.0359435	34.471275	1
23250	FAM124A	0.027107535	0.002182592	-3.5752614	8.056734	1
23273	SUGT1	0.6281222	0.366089	-0.77868664	26.920557	1
23295	PCDH17	0.4282331	0.19783665	-1.1136943	22.323324	1
23300	DIAPH3	0.08737978	0.004190314	-4.3497944	20.429008	1
23307	PCDH20	0.17895836	0.0072811632	-4.6004376	44.55244	1
23325	PCDH9	0.12152321	0.7533234	2.6310422	44.55244	1
23341	DACH1	0.04490624	0.11789021	1.3904703	8.543287	1
23342	MZT1	0.21195775	0.08038209	-1.3977176	20.449396	1
23344	DIS3	0.34064814	0.17707464	-0.9435336	18.463516	1
23346	KLF5	0.038991373	1.3242243e-09	-8.610687	14.973602	1
23349	KLF12	0.089417316	0.20968029	1.2286403	13.333037	1
23357	TBC1D4	0.17542465	0.036364656	-2.267103	30.278456	1
23360	UCHL3	0.22532426	0.14831051	-0.60304946	5.6617694	1
23362	LMO7	0.15059415	0.076340556	-0.9792131	7.8626657	1
23386	EDNRB	0.15412001	0.008820887	-4.111659	42.052753	1
23414	SLITRK1	0.0011524381	0.045954384	5.200527	9.060974	1
23434	SLITRK5	0.0050005764	0.1517246	4.8956017	28.26818	1
23468	GPR180	0.12526198	0.06253093	-1.0011526	7.3945704	1
23474	ABCC4	0.054534078	0.002163818	-4.5929713	18.604168	1
23475	CLDN10	0.022389423	0.0011737653	-4.1420755	5.3627543	1
23481	UGGT2	0.3810446	0.13172881	-1.5316726	43.70734	1
23489	RAP2A	0.16437373	0.096262395	-0.77131504	6.364544	1
23495	IPO5	0.29069838	0.18175796	-0.6772072	9.244422	1
23508	UBAC2	0.2672498	0.14329672	-0.89871645	13.165619	1
23533	TMTC4	0.1423169	0.058275297	-1.2866904	11.851929	1
23551	POGLUT2	0.18705267	0.07590937	-1.2999665	16.337208	1
23553	ERCC5	0.22860742	0.15574735	-0.55336946	5.087132	1
23568	EFNB2	0.20795079	1.1861321	2.5113788	44.55244	1
23569	AL138689.2	0.008119353	0.06507201	2.9871557	10.618132	1
23571	ARGLU1	1.0427645	1.6492069	0.66130805	44.55244	1
23651	F10	0.1170817	0.010405785	-3.4794915	29.55809	1
23656	PCID2	0.21062386	0.13248585	-0.6684268	6.350826	1
23658	LAMP1	0.8779628	0.32699895	-1.4245971	44.55244	1
23665	TMCO3	0.26167807	0.16137564	-0.69702756	8.689129	1
23673	GAS6	0.067975946	0.019447308	-1.8001752	9.108916	1
23681	RASA3	0.14564823	0.03344244	-2.1194186	25.60663	1
23726	CCNB1IP1	0.47614413	0.24951777	-0.9319806	25.49809	1
23729	PARP2	0.11688533	0.06496422	-0.8463912	5.4772396	1
23736	PIP4P1	0.13568944	0.0677456	-1.0010439	8.077295	1
23737	PNP	0.07090328	0.027634354	-1.3562115	6.769397	1
23745	ANG	0.13446495	0.020602884	-2.700399	28.173563	1
23746	RNASE4	0.39679924	0.021545785	-4.1966147	44.55244	1
23752	RNASE1	0.18638599	0.004527274	-5.332761	44.55244	1
23775	LINC00641	0.05609812	0.021954084	-1.3494761	5.4629526	1
23782	TOX4	0.46990776	0.31146416	-0.5931553	12.475011	1
23921	DAD1	1.5445071	0.93920964	-0.7175672	44.55244	1
23930	LRP10	0.41608843	0.25804022	-0.6890819	13.659078	1
23934	PRMT5	0.13009208	0.0550852	-1.2382884	10.756417	1
23936	HAUS4	0.1321832	0.060317375	-1.1305944	9.1175585	1
23947	SLC7A8	0.059072945	0.21962927	1.8927175	22.6611	1
23954	SLC22A17	0.21495731	0.08295081	-1.372655	19.974895	1
23958	CMTM5	0.0355527	0.0009904937	-5.030958	11.472953	1
23959	MYH6	0.18045904	0.0052649556	-5.0727606	44.55244	1
23960	MYH7	0.03483427	1.3242243e-09	-8.448481	14.1245985	1
23982	PCK2	0.078939766	0.02518229	-1.6444516	9.660227	1
23986	EMC9	0.14846595	0.06471741	-1.1966501	11.308164	1
23994	TM9SF1	0.267531	0.18627453	-0.5220404	5.374122	1
23998	CHMP4A	0.32946306	0.22603631	-0.54336184	7.109039	1
23999	MDP1	0.24354288	0.12287654	-0.9863849	14.014792	1
24012	ADCY4	0.02106914	0.08813495	2.0593877	10.04587	1
24025	STXBP6	0.102947034	0.0039811777	-4.6581736	29.288536	1
24031	NOVA1	0.2923991	0.4484672	0.6168919	10.298682	1
24060	SCFD1	0.4836063	0.29677323	-0.7042844	17.006006	1
24068	HEATR5A	0.13785338	0.06642517	-1.0522087	8.857691	1
24082	AKAP6	0.058636066	0.016950332	-1.7844468	8.035449	1
24087	EGLN3	0.3275771	0.49273527	0.5888306	10.453294	1
24089	SPTSSA	0.32159504	0.19784227	-0.7006139	10.48342	1
24097	SRP54	0.5556743	0.3612817	-0.62097585	16.102724	1
24098	FAM177A1	0.56933975	0.24965927	-1.189005	44.55244	1
24099	PPP2R3C	0.28126973	0.1563932	-0.8463671	12.75147	1
24101	PSMA6	0.9386973	0.53718466	-0.805127	44.55244	1
24103	NFKBIA	0.4384464	0.2622479	-0.74124837	14.689235	1
24106	RALGAPA1	0.17012748	0.26581702	0.64351207	6.7229767	1
24142	SEC23A	0.47231793	0.17176606	-1.4587791	44.55244	1
24157	LRFN5	0.06793741	0.14697298	1.1121321	8.3312	1
24178	MIS18BP1	0.24404755	0.12518904	-0.9624931	12.173174	1
24185	MDGA2	0.010134126	0.07965012	2.9620988	12.761741	1
24192	LRR1	0.071838886	0.019475669	-1.8777102	11.013061	1
24194	MGAT2	0.21614681	0.09421187	-1.1971676	17.245523	1
24205	ARF6	0.36213857	0.19002385	-0.9300006	19.072762	1
24214	MAP4K5	0.40138274	0.25274694	-0.6670737	12.6208315	1
24216	ATL1	0.042836916	0.010535454	-2.013337	7.127267	1
24217	SAV1	0.19188228	0.11146478	-0.7830915	7.5751247	1
24224	PYGL	0.11751527	0.21643831	0.88054687	8.593225	1
24228	TRIM9	0.03393816	0.15044643	2.1449835	17.441095	1
24242	GNG2	0.81930643	0.07945874	-3.3644867	44.55244	1
24247	NID2	0.4059973	0.14428894	-1.4918652	43.64935	1
24250	PTGER2	0.0025784809	0.02772458	3.376873	5.216239	1
24253	ERO1A	0.84155524	0.11476552	-2.8732836	44.55244	1
24254	AL133453.1	0.41498277	0.05928884	-2.805135	44.55244	1
24257	GNPNAT1	0.1824629	0.11357708	-0.6834522	5.695602	1
24261	FERMT2	0.78084636	0.5197736	-0.5870625	21.263292	1
24272	CDKN3	0.10188808	0.009442057	-3.4179566	19.742369	1
24277	SAMD4A	0.09457284	0.026456935	-1.8338621	14.348108	1
24280	WDHD1	0.042683233	0.013160742	-1.6898841	5.6111984	1
24282	MAPK1IP1L	0.4119859	0.25994322	-0.6641937	12.666638	1
24283	LGALS3	0.5886275	0.21740334	-1.4365625	44.55244	1
24284	DLGAP5	0.09810127	0.0030937528	-4.942417	19.033165	1
24287	FBXO34	0.17029412	0.10069337	-0.7574748	6.2529583	1
24294	LINC00520	0.13235886	1.3242243e-09	-10.371309	38.24396	1
24297	PELI2	0.15253522	0.026960362	-2.4958348	31.097294	1
24311	EXOC5	0.3144354	0.16834337	-0.9009587	15.801015	1
24320	ARMH4	0.14426273	0.06459528	-1.1579659	10.781363	1
24321	ACTR10	0.4796576	0.2794379	-0.7792618	20.239119	1
24324	PSMA3-AS1	0.25570437	0.4448943	0.798746	16.032478	1
24330	TIMM9	0.3602475	0.20276256	-0.82888615	15.783721	1
24331	KIAA0586	0.15510869	0.07860852	-0.97961766	8.804873	1
24332	DACT1	0.14648898	0.052422002	-1.4807829	14.698948	1
24334	DAAM1	0.49468523	0.17338306	-1.5120077	44.55244	1
24336	L3HYPDH	0.07168287	0.02475246	-1.530251	8.035537	1
24365	HIF1A-AS3	0.106281616	0.006553569	-3.9989767	27.081242	1
24366	SNAPC1	0.28853875	0.09685641	-1.5738567	31.439762	1
24373	RHOJ	0.2375323	0.13519038	-0.81267166	9.877663	1
24382	SYNE2	0.32830992	0.19425838	-0.75677836	11.168874	1
24389	ZBTB25	0.114292085	0.033307064	-1.775762	14.879936	1
24401	FNTB	0.0632418	0.026156383	-1.2704898	5.418615	1
24403	MAX	0.26070616	0.16582192	-0.6524733	7.6388144	1
24407	FUT8	0.15906215	0.05771139	-1.4610716	16.509035	1
24420	ATP6V1D	0.42379478	0.25978473	-0.7058343	14.488943	1
24421	EIF2S1	0.34304774	0.19916481	-0.7841428	13.853567	1
24425	PIGH	0.15806185	0.088450596	-0.83682775	6.7661443	1
24426	ARG2	0.44115242	0.01838172	-4.577433	44.55244	1
24428	VTI1B	0.5345272	0.24448358	-1.1282057	41.71485	1
24429	RDH11	0.44597843	0.22388922	-0.9938681	27.032639	1
24440	ACTN1	0.80481774	0.3032326	-1.4079409	44.55244	1
24459	SLC8A3	0.011700194	1.3242243e-09	-6.8826475	5.2591023	1
24500	NUMB	0.37265188	0.24600974	-0.59891385	9.696724	1
24501	AC005280.2	0.011528211	1.3242243e-09	-6.861466	5.2184286	1
24510	ACOT4	0.016526094	1.3242243e-09	-7.3772864	6.7596445	1
24527	ALDH6A1	0.08274164	0.038217135	-1.1123664	5.7635937	1
24537	ISCA2	0.33796605	0.18960047	-0.83358186	14.743059	1
24538	LTBP2	0.04887238	0.013069369	-1.8947822	7.704139	1
24545	DLST	0.11576531	0.064134784	-0.851022	5.1963763	1
24547	PGF	0.10251388	0.26560524	1.3726008	18.78516	1
24555	TMED10	1.1003923	0.59215695	-0.893854	44.55244	1
24562	JDP2	0.19178095	0.03021004	-2.6623437	40.61267	1
24567	ERG28	0.46387365	0.23470195	-0.9825984	27.024183	1
24579	VASH1	0.304669	0.14964919	-1.0251678	17.817389	1
24611	SNW1	0.58489376	0.4085781	-0.5174564	12.690317	1
24614	NRXN3	0.008303601	0.04168262	2.3138235	5.981331	1
24636	SEL1L	0.4763999	0.24756758	-0.9440709	26.77128	1
24652	FLRT2	0.13906962	0.05015209	-1.4695888	14.326593	1
24666	GALC	0.22575597	0.063308395	-1.8326572	31.479755	1
24675	SPATA7	0.16184819	0.100434884	-0.68783605	5.1939106	1
24696	PSMC1	0.69242525	0.45299247	-0.6120612	20.820316	1
24712	RPS6KA5	0.048987985	0.1107394	1.1750289	6.516274	1
24718	CCDC88C	0.001966809	0.028206255	3.7756438	5.7385902	1
24728	CPSF2	0.21094511	0.1210497	-0.8007605	8.782872	1
24733	LGMN	0.39431453	0.11568523	-1.7682614	44.55244	1
24734	GOLGA5	0.26578957	0.12918715	-1.0402482	16.319336	1
24755	DDX24	0.9442771	0.65961486	-0.5175204	22.857635	1
24756	IFI27L1	0.2606006	0.13734849	-0.92350274	13.4699	1
24758	IFI27L2	0.7503962	0.37631416	-0.99552387	44.55244	1
24762	SERPINA1	0.0819332	1.3242243e-09	-9.680045	17.439579	1
24782	SYNE3	0.03430471	0.00411821	-3.0279033	8.864389	1
24795	C14orf132	0.08846656	0.04052464	-1.124407	6.3348775	1
24832	BCL11B	0.057258148	0.004013197	-3.8016665	17.545692	1
24835	SETD3	0.20525847	0.10568756	-0.95697457	11.629878	1
24836	CCNK	0.25415942	0.15300892	-0.73174274	9.107814	1
24849	YY1	0.94959414	0.6605499	-0.52357703	24.5342	1
24856	WARS	0.15798515	0.037774093	-2.0614185	25.576275	1
24865	DLK1	1.8179156	0.035624918	-5.66929	44.55244	1
24866	MEG3	0.06383206	0.5407616	3.080648	44.55244	1
24869	MEG8	0.027712416	0.10700748	1.9452584	10.800707	1
24893	DYNC1H1	1.0596846	0.7142253	-0.56911796	31.271479	1
24898	CINP	0.31437445	0.12764576	-1.2996672	28.572	1
24900	ANKRD9	0.13067134	0.043860644	-1.5727619	14.962439	1
24912	TNFAIP2	0.018801019	0.05968148	1.6612346	5.554826	1
24916	EIF5	1.1002638	0.61386615	-0.84174967	44.55244	1
24918	CKB	0.12229735	0.04611252	-1.4052166	10.670166	1
24923	KLC1	0.507495	0.34267455	-0.5664179	12.29055	1
24924	COA8	0.48964235	0.2899406	-0.7557681	19.122383	1
24931	ZFYVE21	0.27981132	0.13556959	-1.0448724	17.870693	1
24951	INF2	0.14581153	0.07123731	-1.0323651	8.809012	1
24953	ADSSL1	0.062830135	0.02232641	-1.4885525	6.676018	1
24954	SIVA1	0.7097583	0.4804491	-0.56284726	18.70638	1
24956	AKT1	0.28353542	0.18048313	-0.6513745	8.228229	1
24964	AHNAK2	0.029894134	1.3242243e-09	-8.228518	11.005786	1
24966	CDCA4	0.07586535	0.022470739	-1.750888	10.418399	1
24972	NUDT14	0.16531266	0.07923834	-1.0599796	10.369317	1
24974	BTBD6	0.13777263	0.058606226	-1.2317506	11.127275	1
24980	CRIP2	0.5504752	0.34112242	-0.69022727	17.917591	1
24982	TEDC1	0.045504086	0.011757876	-1.9433177	7.2522135	1
24983	TMEM121	0.13993886	0.030905051	-2.175252	25.405718	1
25213	AC138649.1	0.016954878	0.0009743579	-3.988638	5.519791	1
25215	NIPA2	0.22098911	0.14249438	-0.6327108	6.3605304	1
25234	SNRPN	0.8722606	0.56170326	-0.63485956	30.07258	1
25257	GABRG3	0.012319638	0.061517958	2.3107278	7.9432325	1
25308	KLF13	0.35910314	0.19750926	-0.8621494	16.684687	1
25319	ARHGAP11A	0.052194774	0.0027441392	-4.200603	14.627433	1
25321	SCG5	0.04658156	0.014033708	-1.7237128	5.4777493	1
25324	GREM1	0.046082556	1.3242243e-09	-8.851185	11.87277	1
25335	EMC7	0.62315077	0.3255899	-0.9363139	36.4901	1
25350	ACTC1	0.38824314	0.008553114	-5.487969	44.55244	1
25390	THBS1	0.24616295	0.041073937	-2.5803962	38.29989	1
25403	BMF	0.045339454	0.107162155	1.2391237	6.8144484	1
25405	BUB1B	0.059868485	0.0010211628	-5.741137	17.068195	1
25415	INAFM2	0.07774567	0.16083497	1.0477891	8.351542	1
25425	CHST14	0.13950437	0.06743567	-1.0476226	8.606049	1
25429	KNL1	0.08471351	0.009461854	-3.148932	16.130497	1
25432	RAD51	0.027607584	0.0029547585	-3.1811507	8.551619	1
25433	RMDN3	0.13673605	0.07213751	-0.9216283	6.8708677	1
25434	GCHFR	0.10202581	0.048650514	-1.0668582	6.380351	1
25446	CHAC1	0.060408313	0.009987156	-2.584614	10.918208	1
25455	OIP5	0.014112524	0.0010817123	-3.588212	5.299915	1
25456	NUSAP1	0.12207468	0.0075306874	-4.0009885	22.221308	1
25473	EHD4	0.13670842	0.04589473	-1.5726166	16.07964	1
25483	TMEM87A	0.42899242	0.26756823	-0.6808425	13.547898	1
25487	SNAP23	0.33434573	0.2071789	-0.6901988	11.032434	1
25490	HAUS2	0.111081235	0.05213783	-1.0897464	7.468927	1
25513	MAP1A	0.25982377	0.13036402	-0.9944366	14.172723	1
25520	PDIA3	2.0914922	1.1940433	-0.8086255	44.55244	1
25526	WDR76	0.029439025	0.005136153	-2.496043	6.788124	1
25527	FRMD5	0.019988434	0.0011911673	-3.9596174	6.506021	1
25528	CASC4	0.4812349	0.28588268	-0.7511133	18.226414	1
25543	SORD	0.19693361	0.052128598	-1.9155297	28.322535	1
25558	GATM	0.09425735	0.004469661	-4.3679757	22.7371	1
25567	BLOC1S6	0.42179734	0.21839339	-0.9493024	23.585709	1
25575	SEMA6D	0.093721844	0.17753415	0.92091316	7.506022	1
25586	MYEF2	0.07866176	0.18870087	1.2612981	12.055506	1
25592	DUT	0.6036374	0.42513233	-0.5056699	11.917939	1
25593	FBN1	1.2398793	0.32447255	-1.9337032	44.55244	1
25609	FAM227B	0.08555411	0.021540971	-1.9847572	12.870632	1
25633	TNFAIP8L3	0.083247915	1.3242243e-09	-9.702983	28.575737	1
25643	SCG3	0.05532876	0.010651907	-2.3660424	10.878693	1
25647	TMOD2	0.20028418	0.030149788	-2.7277718	43.438496	1
25649	TMOD3	0.839993	0.40577555	-1.0495118	44.55244	1
25654	MAPK6	0.27395323	0.1305342	-1.0689234	17.63978	1
25666	MYO5A	0.096436426	0.030960029	-1.6360143	12.471747	1
25678	UNC13C	0.0045632944	0.04834906	3.3770473	8.261169	1
25686	CCPG1	0.6123884	0.27311715	-1.1646345	44.55244	1
25709	TCF12	0.46975046	0.30013424	-0.6461131	13.334421	1
25712	CGNL1	0.9999151	0.015081266	-6.041586	44.55244	1
25718	POLR2M	0.13276574	0.33207002	1.3219527	24.011055	1
25720	ALDH1A2	0.006144771	0.90429133	7.178155	44.55244	1
25721	AC012653.2	0.0018592208	0.040318903	4.366678	7.7665434	1
25730	ADAM10	0.44695595	0.22742471	-0.97443205	26.458954	1
25733	MINDY2	0.35940808	0.112896755	-1.6697427	44.55244	1
25739	CCNB2	0.09353379	0.007086003	-3.7037678	19.506464	1
25742	MYO1E	0.12345951	0.21948014	0.8295415	8.034026	1
25748	GTF2A2	0.6439225	0.44005808	-0.54908943	15.82341	1
25750	BNIP2	0.31113732	0.21156636	-0.556223	6.9377227	1
25756	ANXA2	1.9971938	0.36050624	-2.4695504	44.55244	1
25775	VPS13C	0.49795425	0.27196994	-0.87232536	23.740374	1
25790	TPM1	2.4934175	1.2173431	-1.0343279	44.55244	1
25794	LACTB	0.18688636	0.107518815	-0.7970026	7.412758	1
25795	RPS27L	1.4027733	0.5962627	-1.2341228	44.55244	1
25797	APH1B	0.12603387	0.067014635	-0.9102565	6.330785	1
25798	CA12	0.21782759	1.3242243e-09	-11.089614	44.55244	1
25802	USP3	0.31938654	0.17654084	-0.85493624	14.427718	1
25812	PPIB	2.8257837	1.7072401	-0.72695154	44.55244	1
25814	PCLAF	0.14235348	0.039692108	-1.8399366	15.690405	1
25823	PIF1	0.023125751	0.0021197407	-3.387262	5.611007	1
25849	RAB11A	0.70535064	0.49047178	-0.52408093	16.292168	1
25856	MAP2K1	0.16711263	0.08325478	-1.0043471	9.73597	1
25863	SMAD6	0.57985884	0.022221765	-4.6994276	44.55244	1
25864	AC013564.1	0.06690426	1.3242243e-09	-9.38809	26.901388	1
25869	SMAD3	0.17695571	0.105053574	-0.7517055	6.476085	1
25884	FEM1B	0.23275675	0.14008135	-0.73214835	8.178278	1
25885	ITGA11	0.74677545	0.12073157	-2.6278703	44.55244	1
25902	KIF23	0.054254208	0.001879709	-4.7790318	15.042036	1
25908	TLE3	0.094756484	0.014580004	-2.691894	22.576077	1
25920	LARP6	0.20114501	0.088306546	-1.1867279	14.9098425	1
25924	THSD4	0.037926182	0.0044591604	-3.0601532	9.567015	1
25936	PKM	1.7950072	0.43101695	-2.0579188	44.55244	1
25940	HEXA	0.42380682	0.17440125	-1.2805097	38.007923	1
25952	ADPGK	0.2139142	0.12585434	-0.7648057	8.286329	1
25955	NEO1	0.16895932	0.40605503	1.2645009	26.999397	1
25960	NPTN	0.40575173	0.28629822	-0.5029303	7.9070635	1
25970	STOML1	0.054592233	0.01756114	-1.6307576	6.9397545	1
25977	ISLR	0.090641126	0.42049912	2.2126174	44.55244	1
26002	SCAMP2	0.273057	0.102870196	-1.4075035	28.13686	1
26003	MPI	0.13725765	0.028172603	-2.2804606	26.198801	1
26005	COX5A	0.94006634	0.55356866	-0.76389307	44.55244	1
26006	RPP25	0.22580746	0.0050073876	-5.4670024	44.55244	1
26009	C15orf39	0.10804661	0.0073554846	-3.8585427	32.732616	1
26025	IMP3	0.3244684	0.20644332	-0.6520781	9.306137	1
26029	CSPG4	0.22394459	0.31882933	0.5094508	5.412536	1
26036	UBE2Q2	0.35244727	0.17585644	-1.0025983	20.787907	1
26046	SCAPER	0.21462864	0.12978281	-0.72530407	7.350889	1
26052	PEAK1	0.20533778	0.37580252	0.871657	15.225435	1
26056	LINGO1	0.11937557	0.36059168	1.5940504	30.778551	1
26065	CIB2	0.23880339	0.15135272	-0.6575599	7.023829	1
26075	CRABP1	0.0141191045	0.08939332	2.6539495	12.20439	1
26092	TMED3	0.87763596	0.15831462	-2.4700816	44.55244	1
26096	MTHFS	0.19087476	0.106422186	-0.84222794	8.369448	1
26099	AC015871.1	0.17014836	0.08703122	-0.9663792	9.601178	1
26102	BCL2A1	0.058564972	1.3242243e-09	-9.196337	18.686346	1
26104	FAH	0.11053827	0.042984422	-1.3606122	10.255703	1
26106	CTXND1	0.039357025	1.3242243e-09	-8.62412	12.729512	1
26119	MESD	0.9160576	0.4544647	-1.0111102	44.55244	1
26122	TLNRD1	0.17049997	0.08292486	-1.0390022	10.807003	1
26145	CPEB1	0.02463239	0.0019390228	-3.600452	7.613274	1
26153	HOMER2	0.20289303	0.017097408	-3.5611672	44.55244	1
26158	BTBD1	0.17829305	0.110363886	-0.6914846	5.759541	1
26181	NMB	0.46964893	0.054912325	-3.094063	44.55244	1
26187	ALPK3	0.18476146	0.006359281	-4.8389273	44.55244	1
26190	PDE8A	0.14302438	0.06017899	-1.2475423	12.071194	1
26191	AKAP13	0.80229163	0.50171053	-0.67716384	26.860142	1
26211	NTRK3	0.002057549	0.029484177	3.7773604	5.426786	1
26217	AEN	0.07641201	0.024727162	-1.6237669	9.024173	1
26218	ISG20	0.023045776	0.0039625885	-2.5102777	5.531822	1
26222	MFGE8	0.46564388	0.20819642	-1.1608988	35.209816	1
26227	FANCI	0.057240266	0.00835013	-2.7625031	12.877749	1
26246	AP3S2	0.14737578	0.08098104	-0.8630416	6.78837	1
26250	ZNF710-AS1	0.025564171	0.0020245458	-3.5945294	8.402834	1
26251	IDH2	0.76936674	0.2716265	-1.5017039	44.55244	1
26253	SEMA4B	0.26382962	0.026783587	-3.2953556	44.55244	1
26254	CIB1	0.71685857	0.23956284	-1.5808836	44.55244	1
26260	IQGAP1	0.79316676	0.39932626	-0.9898769	44.55244	1
26272	FURIN	0.20771797	0.049730826	-2.06021	34.06971	1
26276	HDDC3	0.082966164	0.029480921	-1.489594	8.912169	1
26280	PRC1	0.1407866	0.013136845	-3.4119031	24.311167	1
26291	SLCO3A1	0.17869644	0.6130398	1.7778981	44.55244	1
26294	ST8SIA2	0.011899731	1.3242243e-09	-6.9068394	5.2660747	1
26306	LINC01578	0.81883043	0.5352103	-0.6133655	24.538372	1
26337	NR2F2-AS1	0.06443433	0.2227529	1.787953	22.224585	1
26342	NR2F2	0.33996618	1.1623322	1.7732592	44.55244	1
26350	LINC02253	0.033972114	0.00544427	-2.619522	7.6060514	1
26388	MEF2A	0.70894074	0.30659944	-1.2090431	44.55244	1
26414	CHSY1	1.0476207	0.15020764	-2.8012638	44.55244	1
26415	SELENOS	0.8063227	0.36272064	-1.1522797	44.55244	1
26416	SNRPA1	0.43555337	0.22235852	-0.9696442	26.009573	1
26418	PCSK6	0.048454136	0.006630767	-2.8507514	11.074946	1
26425	TARSL2	0.1797425	0.058993943	-1.6056517	20.37228	1
26434	RHBDF1	0.10912049	0.042666774	-1.3526812	10.547287	1
26435	MPG	0.6736086	0.36962795	-0.86566067	35.063637	1
26446	FAM234A	0.23368311	0.11736935	-0.9928863	13.633583	1
26451	MRPL28	0.40633792	0.22789416	-0.834038	19.030807	1
26452	TMEM8A	0.26478302	0.11428587	-1.2114464	21.917143	1
26453	NME4	1.5647144	0.76123273	-1.0393926	44.55244	1
26463	RAB40C	0.05812442	0.02224508	-1.3816673	6.035387	1
26465	METTL26	0.6784644	0.29376003	-1.2073567	44.55244	1
26466	MCRIP2	0.15009347	0.029972052	-2.3203268	27.609718	1
26473	STUB1	0.79727453	0.45922792	-0.79573303	38.321495	1
26474	JMJD8	0.15199159	0.06245601	-1.2817199	13.227244	1
26479	METRN	0.45249104	0.22226897	-1.0252525	28.75809	1
26482	HAGHL	0.14014553	0.030970031	-2.174359	25.171045	1
26520	TSR3	0.43418226	0.29191792	-0.57257617	10.606523	1
26536	TMEM204	0.14085312	0.28885084	1.0356086	13.900199	1
26541	JPT2	0.13457851	0.06093892	-1.1417184	9.769958	1
26546	NME3	0.5415533	0.28720763	-0.91477364	29.305761	1
26547	MRPS34	0.6890477	0.40759453	-0.75732464	29.661316	1
26549	SPSB3	0.19430907	0.110049725	-0.8196296	8.104749	1
26550	NUBP2	0.26250717	0.14536528	-0.85223126	12.037749	1
26559	MSRB1	0.08462721	0.040314656	-1.0679468	5.761518	1
26561	NDUFB10	1.1084737	0.7509059	-0.5618085	34.568398	1
26572	ZNF598	0.10338922	0.04742852	-1.1226151	7.3661866	1
26574	SLC9A3R2	0.40557367	0.267331	-0.601153	10.497078	1
26575	NTHL1	0.19827521	0.08747742	-1.1796008	14.852281	1
26586	MLST8	0.18595108	0.10450147	-0.83079565	7.855903	1
26588	PGP	0.38062096	0.19229615	-0.984654	22.067228	1
26593	ECI1	0.32038057	0.14966333	-1.0975524	21.777555	1
26595	RNPS1	0.6001213	0.37873375	-0.66392976	19.609282	1
26598	CCNF	0.03914237	0.0070246076	-2.4615297	8.779637	1
26607	ATP6V0C	1.059147	0.73180395	-0.53331274	29.29875	1
26610	PDPK1	0.19901921	0.10024293	-0.9886934	11.263143	1
26636	PKMYT1	0.016098041	0.0010789755	-3.7802138	5.9992	1
26637	PAQR4	0.04708067	0.010684486	-2.1292386	8.166241	1
26644	TNFRSF12A	0.25292474	0.06513695	-1.9555172	29.009838	1
26651	IL32	0.049381137	0.014920305	-1.7199646	5.719746	1
26658	AC108134.2	0.049283233	0.0062764827	-2.9531887	10.669032	1
26675	NAA60	0.1543724	0.08911829	-0.79193777	6.35056	1
26684	TRAP1	0.15991461	0.07527067	-1.0861286	10.208248	1
26686	CREBBP	0.23857285	0.3507718	0.5559095	7.1880674	1
26696	PAM16	0.28682533	0.14837624	-0.9504432	15.415665	1
26703	NMRAL1	0.16153802	0.06901609	-1.225673	13.247138	1
26704	HMOX2	0.24476142	0.15021752	-0.7039523	8.205054	1
26705	CDIP1	0.09654155	0.050664462	-0.9288246	5.2116838	1
26719	ROGDI	0.18123229	0.076990634	-1.2340083	14.624726	1
26729	EEF2KMT	0.07608508	0.03316911	-1.1953253	6.097772	1
26748	METTL22	0.08008223	0.02501438	-1.6747689	10.686247	1
26751	PMM2	0.27203515	0.0882082	-1.623704	33.546234	1
26754	CARHSP1	0.6013532	0.40814063	-0.5590329	14.63963	1
26770	GRIN2A	0.32018304	0.08052881	-1.9899799	42.415718	1
26778	EMP2	0.21763799	0.09172273	-1.2456698	17.169996	1
26787	DEXI	0.24605884	0.13765015	-0.8375357	11.077207	1
26804	LITAF	0.42438602	0.2951136	-0.5239579	8.370497	1
26806	TXNDC11	0.07591964	0.024998287	-1.5987834	9.480563	1
26808	ZC3H7A	0.33345607	0.23162754	-0.52549976	6.8855705	1
26811	RSL1D1	0.6845301	0.44967481	-0.6061219	19.609928	1
26841	MRTFB	0.12037424	0.29738513	1.3040928	20.26983	1
26848	BFAR	0.42787883	0.22044308	-0.95647883	24.794731	1
26854	NOMO1	0.039145295	0.0068888725	-2.4893882	9.271848	1
26858	PDXDC1	0.24783167	0.14711268	-0.7520406	9.303423	1
26860	NTAN1	0.7091434	0.35590276	-0.9943924	44.55244	1
26871	MYH11	0.011229623	0.052409373	2.212475	5.914587	1
26902	ARL6IP1	0.69978917	0.4088658	-0.7751463	26.888037	1
26912	ITPRIPL2	0.47361225	0.32572234	-0.5399255	10.016524	1
26914	SYT17	0.08583416	0.012296467	-2.7933028	20.492275	1
26944	ACSM3	0.059769806	0.005924848	-3.3128319	14.232152	1
26951	LYRM1	0.07244362	0.021187961	-1.7688111	10.085484	1
26954	TMEM159	0.2841134	0.10795193	-1.3952496	28.108297	1
26969	UQCRC2	0.6163184	0.4254174	-0.53469193	14.421739	1
26977	EEF2K	0.09710423	0.045221664	-1.1008182	6.780327	1
26981	CDR2	0.1962869	0.054049306	-1.858684	28.422579	1
27008	PLK1	0.05595733	0.006383228	-3.1121187	10.841398	1
27013	PRKCB	0.30864614	1.3242243e-09	-11.592186	44.55244	1
27026	LCMT1	0.22218467	0.12280877	-0.85482067	10.30744	1
27044	NSMCE1	0.15397938	0.08762072	-0.8126842	6.2506356	1
27056	XPO6	0.15956065	0.0661888	-1.2681718	13.882142	1
27058	SBK1	0.019380659	0.070231915	1.8521371	7.5212255	1
27067	NUPR1	0.47361767	0.07173704	-2.7212276	44.55244	1
27070	SULT1A2	0.016438177	1.3242243e-09	-7.3696375	6.939493	1
27071	SULT1A1	0.12587866	0.017128184	-2.8703368	31.342472	1
27080	TUFM	0.5731307	0.3672683	-0.6418889	17.831303	1
27087	NFATC2IP	0.20931719	0.13621067	-0.61948144	5.602766	1
27090	SPNS1	0.20044641	0.08101132	-1.305961	17.997622	1
27099	BOLA2	0.12719405	0.04133015	-1.619412	15.773129	1
27110	MAZ	0.5267654	0.3664482	-0.52343166	11.334774	1
27114	PAGR1	0.26708636	0.17154163	-0.63844675	7.586014	1
27115	MVP	0.096393205	0.016726894	-2.5196586	20.918934	1
27116	CDIPT	0.27614287	0.15218835	-0.8591316	12.682797	1
27118	SEZ6L2	0.94959265	0.3647505	-1.3801553	44.55244	1
27119	ASPHD1	0.0918699	0.014866252	-2.619449	20.709593	1
27122	TMEM219	0.6667663	0.41487697	-0.6843663	22.932344	1
27125	INO80E	0.14703538	0.06926255	-1.0849154	9.924335	1
27130	ALDOA	0.17904179	0.02239181	-2.9936302	44.55244	1
27139	MAPK3	0.16844617	0.08160612	-1.0446278	10.589016	1
27152	SEPTIN1	0.07599149	0.032280557	-1.2326072	6.010411	1
27154	DCTPP1	0.2172267	0.14503887	-0.5824315	5.3365836	1
27174	PHKG2	0.10083758	0.04811904	-1.0657886	6.623547	1
27190	STX4	0.26455304	0.13852936	-0.9328693	13.903343	1
27197	VKORC1	1.548262	0.35826528	-2.1112401	44.55244	1
27198	BCKDK	0.34218737	0.11991277	-1.51202	38.836464	1
27225	C16orf58	0.14860986	0.0694105	-1.0971974	9.588052	1
27298	SHCBP1	0.04489919	0.0010812494	-5.2515135	14.542423	1
27300	VPS35	0.7752782	0.54371715	-0.5117785	17.459663	1
27302	ORC6	0.14022936	0.052012164	-1.4291248	12.495393	1
27303	MYLK3	0.0235203	0.0010491039	-4.3614464	7.7265873	1
27305	GPT2	0.085580654	0.020968173	-2.0239043	13.93201	1
27309	NETO2	0.08597162	0.16303152	0.922426	5.6836944	1
27311	ITFG1	0.27403903	0.17660172	-0.6335916	7.527202	1
27341	ZNF423	0.040872958	0.109135665	1.4146999	8.362762	1
27350	ADCY7	0.049899194	0.0067024166	-2.8777857	12.5396595	1
27386	TOX3	0.0042629256	0.067684256	3.9575825	12.313458	1
27409	IRX3	0.037204668	0.007238456	-2.3458078	7.154753	1
27417	CRNDE	0.32068944	0.07630514	-2.0698848	44.55244	1
27419	IRX5	0.028752984	1.3242243e-09	-8.172558	10.292153	1
27427	MMP2	0.9362002	0.39469922	-1.2458521	44.55244	1
27438	GNAO1	0.10815008	0.00842121	-3.667166	30.938988	1
27445	NUDT21	0.29060614	0.20115733	-0.53052014	6.1484194	1
27446	OGFOD1	0.16434579	0.07516001	-1.1276566	11.566492	1
27451	MT2A	0.055776943	0.17697804	1.6640602	14.540891	1
27453	MT1E	0.0070292684	0.053315528	2.9054332	7.6786356	1
27464	HERPUD1	0.6038658	0.2588531	-1.2217761	44.55244	1
27472	FAM192A	0.267847	0.17679214	-0.5990776	6.9540844	1
27475	ARL2BP	0.45275706	0.29446262	-0.6204814	12.644157	1
27480	CX3CL1	0.04699962	0.007205207	-2.6887183	10.597443	1
27484	POLR2C	0.34710267	0.18353024	-0.91897434	18.213873	1
27485	DOK4	0.27937523	0.07358646	-1.923249	41.98659	1
27488	ADGRG1	0.023567006	0.0037237948	-2.6298	5.2717733	1
27494	KIFC3	0.09488608	0.0360537	-1.3935728	9.462386	1
27501	MMP15	0.0549775	0.010653914	-2.3566012	10.515921	1
27513	NDRG4	0.048653446	0.00540347	-3.147091	12.647451	1
27518	GOT2	0.18453522	0.11396055	-0.69487786	6.020496	1
27549	BEAN1	0.02655692	1.3242243e-09	-8.058348	10.651564	1
27554	CKLF	0.36536095	0.22570987	-0.6946087	12.074046	1
27559	CMTM3	0.7861737	0.4411085	-0.8335712	40.474743	1
27561	DYNC1LI2	0.89175105	0.531077	-0.74761003	40.97702	1
27567	NAE1	0.33572358	0.17791441	-0.9157095	17.30211	1
27573	CIAO2B	0.8447399	0.5100708	-0.7276977	35.840263	1
27580	TRADD	0.20665081	0.052630335	-1.971188	33.503765	1
27581	FBXL8	0.062086336	0.0066601266	-3.2014754	17.151495	1
27583	NOL3	0.4847883	0.03316567	-3.8655462	44.55244	1
27589	TMEM208	0.5075074	0.28949985	-0.8096523	22.609234	1
27595	TPPP3	0.015320905	0.05352755	1.798087	5.1446104	1
27597	HSD11B2	0.022628179	0.24452917	3.4280427	40.349598	1
27603	RIPOR1	0.14251812	0.082032375	-0.79613435	5.8989854	1
27629	SLC12A4	0.08647438	0.029947393	-1.5267004	9.963255	1
27642	PLA2G15	0.1249218	0.04289291	-1.5400089	13.992503	1
27667	VPS4A	0.29720426	0.13967167	-1.0888681	20.559797	1
27670	NIP7	0.19149604	0.115803264	-0.7251466	6.6720247	1
27678	NQO1	0.3611105	0.20101532	-0.84481674	13.862348	1
27687	EXOSC6	0.18817277	0.118306965	-0.6690704	5.904569	1
27688	AARS	0.18111104	0.08629906	-1.0685833	11.643415	1
27707	CMTR2	0.10982162	0.17800578	0.6962592	5.0796638	1
27744	ZFHX3	0.299218	0.6116642	1.0312967	33.44143	1
27758	PSMD7	0.8526025	0.49903765	-0.7726048	39.380295	1
27765	GLG1	0.89640546	0.48707792	-0.87986374	44.55244	1
27767	MLKL	0.055291574	0.0033347309	-4.0113974	18.656311	1
27793	KARS	0.24010026	0.12995973	-0.8850634	11.778956	1
27835	MAF	0.09560252	0.16531317	0.7894453	5.424761	1
27854	CENPN	0.08540471	0.018565599	-2.195622	14.751375	1
27862	GCSH	0.43091932	0.27151778	-0.66617465	13.469082	1
27866	GAN	0.03848927	0.006914255	-2.459838	8.436077	1
27868	CMIP	0.14420424	0.07804514	-0.88488567	7.127505	1
27878	CDH13	0.5671021	0.008985831	-5.9641004	44.55244	1
27879	AC099506.1	0.0155975185	1.3242243e-09	-7.2943735	6.8103347	1
27884	AC009063.2	0.01432131	1.3242243e-09	-7.1720395	6.3492527	1
27886	AC009119.1	0.012718046	1.3242243e-09	-7.002013	5.165603	1
27904	WFDC1	0.09187028	0.037478838	-1.2912472	7.996514	1
27911	COTL1	1.0059878	0.3383726	-1.5716454	44.55244	1
27920	ZDHHC7	0.119135775	0.06732676	-0.822424	5.1945357	1
27932	GINS2	0.06675475	0.0220037	-1.5967423	7.6426916	1
27937	EMC8	0.23512837	0.13852027	-0.76292384	8.902215	1
27957	FOXF1	0.016825862	1.3242243e-09	-7.4030666	6.5654855	1
27961	FOXC2	0.052418556	0.10534815	1.0056344	5.0748234	1
27981	MAP1LC3B	0.7680619	0.42237264	-0.8625526	40.677494	1
27994	SLC7A5	0.065338165	0.002024589	-4.9448767	20.71819	1
28006	ZNF469	0.04350502	1.3242243e-09	-8.768332	17.630074	1
28007	ZFPM1	0.049301993	0.14548865	1.5592567	12.704208	1
28011	CYBA	1.0873913	0.48053333	-1.1779952	44.55244	1
28012	MVD	0.21283163	0.0547121	-1.9578238	31.120464	1
28019	PIEZO1	0.08170553	0.02214264	-1.8788705	12.513951	1
28024	CDT1	0.041769408	0.0037407356	-3.446442	12.730078	1
28025	APRT	0.82057023	0.485477	-0.75710255	35.671795	1
28026	GALNS	0.11420055	0.04914324	-1.2148347	9.388406	1
28039	CDH15	0.03462827	0.002982669	-3.4938586	10.181978	1
28069	TUBB3	0.83933675	0.16169478	-2.3752565	44.55244	1
28070	DEF8	0.23497008	0.14521365	-0.6939207	7.693091	1
28073	GAS8	0.05339806	0.021251762	-1.3251315	5.0213175	1
28097	TLCD3A	0.12574948	0.03666187	-1.7754171	17.03257	1
28099	GLOD4	0.42060298	0.26686615	-0.6561453	12.794902	1
28116	MYO1C	0.35680765	0.22617033	-0.6575033	10.763316	1
28120	SLC43A2	0.03291682	0.00950754	-1.7809623	5.153864	1
28130	SERPINF1	0.35223868	0.0525587	-2.742219	44.55244	1
28149	TSR1	0.19244993	0.0952181	-1.0144105	11.933599	1
28156	PAFAH1B1	0.77175134	0.52359694	-0.5595908	20.60066	1
28187	EMC6	0.5129281	0.2679166	-0.93671566	29.252153	1
28211	SMTNL2	0.06515528	0.0051849815	-3.6261244	18.406569	1
28214	PELP1	0.21504986	0.1273632	-0.75526106	7.9278154	1
28232	SLC25A11	0.3248242	0.19365728	-0.7458527	12.06943	1
28233	RNF167	0.2317478	0.11249894	-1.0419848	14.522156	1
28235	ENO3	0.067892164	0.0034760542	-4.248928	21.442852	1
28236	SPAG7	0.54019856	0.3516427	-0.6192364	15.929695	1
28237	CAMTA2	0.113374464	0.033781294	-1.7438067	14.42586	1
28243	KIF1C	0.14382324	0.08187593	-0.8120273	6.243678	1
28273	PIMREG	0.040192034	1.3242243e-09	-8.654332	12.43659	1
28277	TXNDC17	0.9489317	0.5542486	-0.7756628	44.55244	1
28297	ASGR1	0.110214725	0.053606544	-1.0384555	6.86317	1
28299	ACADVL	0.57514787	0.35981512	-0.6765271	19.459124	1
28303	CTDNEP1	0.52277005	0.32150325	-0.7011705	18.703938	1
28304	ELP5	0.45231292	0.3005853	-0.58938575	11.600457	1
28310	GPS2	0.35987312	0.25441143	-0.5001587	6.675631	1
28317	PLSCR3	0.19228628	0.1018265	-0.91647685	10.090417	1
28318	TMEM256	0.60404056	0.25859258	-1.2236457	44.55244	1
28323	TMEM102	0.025756631	0.0058478937	-2.1200836	5.0691423	1
28325	FGF11	0.08976003	0.020012312	-2.1596007	15.709593	1
28328	ZBTB4	0.15605865	0.07039638	-1.1473914	11.432236	1
28336	CD68	0.029734287	0.0019235188	-3.882033	9.510354	1
28340	FXR2	0.09893374	0.03845361	-1.3610542	9.3347225	1
28343	ATP1B2	0.14259987	0.30504334	1.096503	16.562925	1
28349	TMEM88	0.030917333	0.0073398296	-2.0597332	5.27713	1
28355	TRAPPC1	1.0307603	0.64107895	-0.6850498	42.49936	1
28366	TMEM107	0.22914785	0.11254359	-1.025143	13.813587	1
28369	AURKB	0.060842883	0.007221633	-3.0572205	13.459398	1
28384	NDEL1	0.19599853	0.074538045	-1.3935957	19.414928	1
28396	STX8	0.33791316	0.1672878	-1.013885	20.642605	1
28412	GAS7	0.13355498	0.019381985	-2.778301	30.360622	1
28440	ZNF18	0.029263314	0.004977745	-2.531755	6.768879	1
28474	PMP22	0.54195064	0.16273071	-1.735055	44.55244	1
28485	TRIM16	0.101892285	0.0494994	-1.0400654	6.548746	1
28494	ADORA2B	0.10455668	0.004124874	-4.6306124	32.82551	1
28500	PIGL	0.07881096	0.034245696	-1.2000962	6.3020415	1
28505	TRPV2	0.105971366	0.0042115008	-4.6207013	36.414627	1
28508	LRRC75A	0.18611872	0.10604208	-0.81100136	7.005095	1
28534	RASD1	0.05380075	0.003763069	-3.802486	13.052592	1
28536	PEMT	0.16297798	0.07360107	-1.1458045	11.893985	1
28544	SREBF1	0.05878091	0.023380596	-1.326331	5.5896564	1
28550	DRG2	0.18328328	0.10737986	-0.7707958	7.0938025	1
28553	ALKBH5	0.30804193	0.12535512	-1.2964236	27.616468	1
28570	TVP23B	0.08842286	0.032596298	-1.4369227	9.173333	1
28581	AC007952.4	0.05182524	0.019458484	-1.4086415	5.543806	1
28595	MFAP4	0.31622645	0.0685324	-2.2044523	39.660313	1
28602	SLC47A1	0.011987248	1.3242243e-09	-6.917323	5.3249564	1
28604	ALDH3A2	0.12947969	0.07023424	-0.8815405	6.0795627	1
28635	TMEM11	0.25533706	0.14553763	-0.81058455	10.666837	1
28640	LINC02693	0.080717735	0.039414827	-1.0322778	5.032967	1
28658	WSB1	1.7819711	1.1171888	-0.6735527	44.55244	1
28660	KSR1	0.11359169	0.046225317	-1.295254	9.714886	1
28677	IFT20	0.4964921	0.2690517	-0.8836418	25.164032	1
28679	POLDIP2	0.24218698	0.14161654	-0.7737088	9.362822	1
28692	PIGS	0.25965106	0.0961734	-1.4319205	26.320349	1
28693	ALDOC	0.17830652	0.007409228	-4.57036	44.55244	1
28695	SPAG5	0.025067022	0.0022391994	-3.4274478	7.58384	1
28706	RAB34	0.66795814	0.42448944	-0.6539052	22.371199	1
28709	TLCD1	0.019781513	0.001039865	-4.1244926	7.6971226	1
28722	DHRS13	0.038662724	0.011296097	-1.7661302	5.245785	1
28740	TP53I13	0.23178507	0.07514914	-1.6236628	28.299053	1
28764	CPD	0.21925709	0.07116285	-1.6220592	27.650074	1
28782	ADAP2	0.0033589075	0.0336411	3.2861187	6.3649006	1
28802	UTP6	0.24089995	0.13184625	-0.86908245	11.263802	1
28820	PSMD11	0.51408243	0.33036244	-0.6377941	15.499408	1
28822	MYO1D	0.12819201	0.070612304	-0.8593981	5.858477	1
28831	TMEM98	0.56268275	0.24658497	-1.1899084	44.55244	1
28851	CCL2	0.21125264	0.021446843	-3.2941039	29.36972	1
28869	RAD51D	0.061112918	0.015740559	-1.950213	9.396388	1
28872	UNC45B	0.013118905	0.00088114775	-3.7519884	5.15349	1
28876	SLFN5	0.24019817	0.4173426	0.7967522	14.584128	1
28881	SLFN12	0.037455607	0.010023274	-1.8913524	6.345637	1
28892	AP2B1	0.5179244	0.32548296	-0.669995	17.02667	1
28929	MYO19	0.06743995	0.02536934	-1.4069796	6.976904	1
28931	GGNBP2	0.5798438	0.40144786	-0.53034127	12.735385	1
28940	AATF	0.17266877	0.09939254	-0.79618216	7.0529013	1
28950	DUSP14	0.10354275	0.04646367	-1.1543425	7.6656413	1
28976	CISD3	0.18724081	0.07086237	-1.400539	18.724768	1
28979	PSMB3	0.8156673	0.5333532	-0.61279595	25.000402	1
28984	LASP1	0.3983257	0.23471706	-0.7627736	15.5288315	1
28987	LINC00672	0.13325837	0.036556993	-1.8631481	18.60761	1
28991	PLXDC1	0.13139124	0.76545274	2.5415351	44.55244	1
29010	ERBB2	0.130244	0.063441455	-1.0365541	8.037476	1
29011	MIEN1	0.33656442	0.21856077	-0.6226168	9.298395	1
29020	PSMD3	0.34639037	0.22628674	-0.6140257	9.367451	1
29030	CDC6	0.03247838	0.0049538356	-2.6884644	7.104117	1
29031	RARA	0.18514891	0.11762498	-0.65404445	5.4016356	1
29036	TOP2A	0.18907975	0.013187878	-3.831575	25.230947	1
29107	KRT19	0.055188846	0.003011749	-4.1511908	14.8446045	1
29116	JUP	0.2259346	0.14033334	-0.68665814	7.142882	1
29117	P3H4	0.6635548	0.18092115	-1.8742747	44.55244	1
29118	FKBP10	1.1509321	0.3668557	-1.6492503	44.55244	1
29123	ACLY	0.29789925	0.14958216	-0.9934063	17.440798	1
29128	NKIRAS2	0.279155	0.1625388	-0.77991146	11.213433	1
29134	RAB5C	0.66683644	0.39963135	-0.73851866	27.421824	1
29139	STAT5B	0.096007586	0.04806524	-0.99665797	5.606833	1
29145	CAVIN1	0.489135	0.030550027	-3.9965672	44.55244	1
29149	NAGLU	0.21335582	0.06341496	-1.7487692	28.537043	1
29152	COASY	0.13194388	0.06333631	-1.0576366	8.528211	1
29157	TUBG1	0.15626915	0.07941047	-0.97573906	8.833524	1
29159	PLEKHH3	0.09823199	0.48270842	2.295718	44.55244	1
29160	CCR10	0.027817434	0.15552336	2.4788206	20.581127	1
29161	AC100793.2	0.04374794	0.2896929	2.7244413	42.1442	1
29167	RAMP2	0.7635457	0.3777526	-1.01508	44.55244	1
29168	VPS25	0.42614552	0.25284517	-0.75286	16.22566	1
29173	PSME3	0.14087084	0.0846924	-0.73338985	5.135449	1
29183	VAT1	0.61080706	0.18059981	-1.757358	44.55244	1
29185	BRCA1	0.05353184	0.01536197	-1.7943658	7.5106397	1
29189	TMEM106A	0.061829954	0.01654877	-1.895222	9.6264515	1
29192	ARL4D	0.490198	0.031280145	-3.9657347	44.55244	1
29195	ETV4	0.15772991	0.027691713	-2.505644	33.43929	1
29198	SOST	0.06494058	1.3242243e-09	-9.345178	11.486283	1
29199	DUSP3	0.18275893	0.055551443	-1.71624	24.236979	1
29204	MPP2	0.06981884	0.021885987	-1.669097	8.875497	1
29211	NAGS	0.022856068	0.0029584328	-2.908011	6.355252	1
29212	TMEM101	0.24531662	0.15078416	-0.7017915	8.149097	1
29214	G6PC3	0.27714553	0.13483009	-1.038952	17.648949	1
29231	GRN	0.8493433	0.36535662	-1.2168176	44.55244	1
29239	CCDC43	0.21156646	0.112580076	-0.90956026	10.848587	1
29253	C1QL1	0.02168607	0.0019600089	-3.4026835	5.6804185	1
29256	NMT1	0.23155206	0.14606632	-0.66434866	7.0571327	1
29257	PLCD3	0.037371386	0.009345525	-1.9880866	6.3275113	1
29283	MAPT	0.033595216	0.16385086	2.2826476	20.73561	1
29300	GOSR2	0.2614829	0.1139546	-1.1975434	20.745287	1
29301	RPRML	0.03421234	1.3242243e-09	-8.4225645	12.476397	1
29303	CDC27	0.34521383	0.21375036	-0.6913064	11.407977	1
29306	MYL4	0.25938734	0.0113792475	-4.4985642	44.55244	1
29307	ITGB3	0.14788587	0.017650023	-3.0595667	39.567547	1
29314	KPNB1	0.8773519	0.582578	-0.5906211	25.931835	1
29321	SCRN2	0.13090758	0.0556952	-1.2314373	10.803497	1
29322	SP6	0.06582872	0.0032064598	-4.317548	18.06418	1
29332	CDK5RAP3	0.18618011	0.12137609	-0.6168013	5.0980353	1
29334	COPZ2	0.31189066	0.037201647	-3.0641913	44.55244	1
29336	NFE2L1	0.45446473	0.24158502	-0.91135764	24.344517	1
29352	HOXB4	0.06089682	0.02486893	-1.2886001	5.4155746	1
29355	HOXB6	0.036947656	0.094536275	1.353011	6.868135	1
29356	HOXB7	0.16173622	0.24191707	0.5805743	5.1362967	1
29361	LINC02086	0.014130287	0.06046925	2.0896208	7.3534245	1
29368	ATP5MC1	0.65269077	0.3892291	-0.7456306	26.414225	1
29370	SNF8	0.6898486	0.45117807	-0.61247224	20.728554	1
29378	ABI3	0.04052494	0.0019805573	-4.287324	14.159825	1
29385	PHB	0.74230784	0.43651927	-0.7658363	33.55824	1
29388	NGFR	0.28161904	0.0057144463	-5.598471	44.55244	1
29393	SLC35B1	0.3146873	0.19791903	-0.6687383	9.763605	1
29416	SGCA	0.030781621	0.0065854588	-2.20765	5.9746165	1
29417	COL1A1	2.8532398	0.8817217	-1.6940926	44.55244	1
29424	EME1	0.030602047	0.0057115154	-2.4013486	6.1414185	1
29425	LRRC59	0.45595056	0.16267109	-1.4863492	44.55244	1
29440	ABCC3	0.017962085	0.0020538494	-3.067975	5.090497	1
29443	LUC7L3	0.9185513	1.3014406	0.50263107	33.83473	1
29453	SPAG9	0.72696143	0.46692562	-0.6385757	23.656603	1
29455	NME1	0.5428451	0.28784326	-0.91502184	28.711891	1
29458	AC006141.1	0.06718793	0.12570763	0.9027998	5.373713	1
29459	UTP18	0.20457022	0.10545007	-0.9553736	11.08467	1
29464	CA10	0.00038259677	0.112382896	7.8646717	23.408552	1
29475	HLF	0.0017966887	0.061190244	5.014103	11.467645	1
29493	SCPEP1	0.3820489	0.19357884	-0.9804685	21.571327	1
29505	MRPS23	0.3245084	0.22190982	-0.5480767	7.3072433	1
29532	SEPTIN4	0.16561309	0.44104373	1.4125612	33.458954	1
29542	PRR11	0.089083865	0.009568476	-3.2054224	19.942987	1
29546	YPEL2	0.10668568	0.17956758	0.75061184	5.655594	1
29553	VMP1	0.8857411	0.60789806	-0.54298127	21.509277	1
29580	TBX2	0.4760589	0.93828285	0.9787336	44.55244	1
29595	MRC2	1.3293985	0.8597299	-0.62875897	44.55244	1
29601	TANC2	0.21072365	0.050868947	-2.0483463	33.84875	1
29613	TACO1	0.13209604	0.060576204	-1.1234761	9.451011	1
29614	MAP3K3	0.15582168	0.089539215	-0.7986197	6.417909	1
29617	CCDC47	0.44005388	0.24285181	-0.8573378	20.92808	1
29627	CD79B	0.014006693	1.3242243e-09	-7.140217	5.575457	1
29642	SMURF2	0.5151006	0.18440929	-1.4814409	44.55244	1
29649	RGS9	0.1803269	0.03634704	-2.307541	34.28041	1
29658	CACNG4	0.0025983588	0.029520161	3.4564254	5.616535	1
29673	C17orf58	0.17936973	0.08912795	-1.008173	10.461011	1
29674	KPNA2	0.3568475	0.16145113	-1.143721	21.759764	1
29683	AMZ2	0.15791391	0.08648861	-0.8678023	7.2874417	1
29684	ARSG	0.10739071	0.042096943	-1.3490015	10.40487	1
29687	WIPI1	0.33743802	0.057117015	-2.5605338	44.55244	1
29689	FAM20A	0.01125423	0.07688515	2.7613504	12.116976	1
29693	ABCA8	0.18935306	0.03249686	-2.5390356	39.17284	1
29717	SOX9-AS1	0.09309383	0.0012020502	-6.1613774	30.89639	1
29719	SOX9	0.5612105	0.023630047	-4.564012	44.55244	1
29720	LINC00511	0.123114325	1.3242243e-09	-10.266935	39.646545	1
29724	SLC39A11	0.047835715	0.016282624	-1.5489346	5.8341284	1
29729	FAM104A	0.21625595	0.121765524	-0.8281168	9.446987	1
29733	CDC42EP4	0.141762	0.059656166	-1.2473288	11.201881	1
29755	GPRC5C	0.39795488	0.22698785	-0.8097167	15.426659	1
29771	FDXR	0.0856518	0.012231232	-2.7978501	20.24216	1
29778	CDR2L	0.121662475	0.032427326	-1.9043454	18.598326	1
29779	MRPL58	0.19400325	0.11326195	-0.7758877	7.7747207	1
29784	NT5C	0.46926057	0.31690747	-0.5661799	11.485554	1
29785	JPT1	0.847998	0.26221737	-1.6929177	44.55244	1
29791	MRPS7	0.4085472	0.27859396	-0.55217415	9.245973	1
29795	GRB2	0.3779535	0.2504565	-0.59345436	9.566654	1
29807	SAP30BP	0.2838155	0.18281649	-0.6342764	8.08789	1
29811	GALK1	0.27349117	0.072010405	-1.9237422	42.47326	1
29816	WBP2	0.26614624	0.10409941	-1.353414	25.471432	1
29817	TRIM47	0.14152123	0.04142689	-1.7699198	18.421314	1
29819	TRIM65	0.071741186	0.027687203	-1.3703905	7.2212996	1
29821	MRPL38	0.210088	0.1297652	-0.6946655	6.885357	1
29828	SRP68	0.23881224	0.16144544	-0.5645407	5.5569887	1
29838	SPHK1	0.15477988	0.016793635	-3.196598	40.529064	1
29847	SNHG16	0.8532605	0.5327819	-0.67933947	32.460487	1
29854	MXRA7	0.5340973	0.19783866	-1.4323193	44.55244	1
29856	JMJD6	0.1310522	0.037013587	-1.8212225	18.396982	1
29857	METTL23	0.31187466	0.17430216	-0.83901083	13.792127	1
29888	TK1	0.08875511	0.005759517	-3.922601	22.850632	1
29890	BIRC5	0.1186534	0.004517851	-4.684603	26.975346	1
29904	TIMP2	0.6172879	0.19258289	-1.6799487	44.55244	1
29908	LGALS3BP	0.42539135	0.2588843	-0.71626514	14.016586	1
29911	C1QTNF1	0.15130374	0.0066235233	-4.4930396	44.55244	1
29931	GAA	0.24125019	0.062512785	-1.9465988	36.908318	1
29932	EIF4A3	0.3761406	0.21728869	-0.7913786	15.264063	1
29964	NDUFAF8	0.4811875	0.2540385	-0.921284	26.424746	1
29974	BAHCC1	0.026496837	0.07133817	1.4254404	5.876788	1
29985	CCDC137	0.159245	0.049572874	-1.6816237	20.471918	1
29986	ARL16	0.35273093	0.23607379	-0.5791281	8.6339	1
29990	MRPL12	0.27057955	0.12512985	-1.1120073	19.157341	1
29993	MCRIP1	0.776867	0.41227967	-0.9138801	44.55244	1
29995	P4HB	2.140578	0.5459021	-1.9710894	44.55244	1
29998	ARHGDIA	0.88074934	0.3650615	-1.2703607	44.55244	1
30002	ANAPC11	1.2568645	0.7171048	-0.80948687	44.55244	1
30003	NPB	0.07994717	0.0055107824	-3.8345766	23.036678	1
30004	PCYT2	0.07487237	0.02343581	-1.6715015	9.89638	1
30008	MAFG-DT	0.04944127	0.014972038	-1.7167565	6.9376364	1
30009	PYCR1	0.33387288	0.037088677	-3.1667955	44.55244	1
30015	ASPSCR1	0.15474749	0.094578266	-0.7097427	5.136356	1
30016	CENPX	0.3212251	0.15691745	-1.0331087	20.31426	1
30018	RAC3	0.5480942	0.110960886	-2.3033364	44.55244	1
30019	DCXR	0.32268217	0.11765312	-1.4547956	33.305668	1
30021	RFNG	0.2305312	0.115856804	-0.9920003	13.141028	1
30022	GPS1	0.1916564	0.11776013	-0.7021989	6.2404156	1
30024	FASN	0.17564265	0.087855086	-0.99862546	9.753327	1
30029	SLC16A3	0.55239224	0.010519821	-5.7011228	44.55244	1
30030	CSNK1D	0.35021645	0.20306842	-0.78598243	14.414567	1
30040	OGFOD3	0.19786772	0.08550008	-1.2095813	15.141707	1
30044	CYBC1	0.13949864	0.05949207	-1.2280926	11.54113	1
30047	NARF	0.44683027	0.17732897	-1.3328081	42.984238	1
30054	WDR45B	0.4453428	0.25673696	-0.79438734	18.150038	1
30061	TBCD	0.091297716	0.041881777	-1.1223948	6.62288	1
30067	METRNL	0.28198728	0.06253789	-2.1710339	44.55244	1
30076	USP14	0.62799156	0.41301703	-0.6044244	17.960302	1
30080	COLEC12	0.03994232	0.008641752	-2.1955314	7.056358	1
30085	TYMSOS	0.02729533	0.005102662	-2.396608	6.2418213	1
30088	TYMS	0.26770476	0.03823669	-2.8043838	44.55244	1
30110	NDC80	0.06137766	0.014254367	-2.0985725	8.761176	1
30111	SMCHD1	0.49011508	0.33025178	-0.5694118	11.935755	1
30113	EMILIN2	0.05298673	0.006300078	-3.05219	12.465102	1
30127	TGIF1	0.20334738	0.07023302	-1.5323817	21.197945	1
30128	GAPLINC	0.030383455	0.003442203	-3.1053076	7.907557	1
30148	EPB41L3	0.2222096	0.0148263555	-3.8966365	44.55244	1
30152	TMEM200C	0.022985294	0.078397855	1.7656791	7.7491913	1
30155	L3MBTL4	0.0059771617	0.11552536	4.2499166	21.353155	1
30167	LAMA1	0.017844701	1.3242243e-09	-7.487395	8.895892	1
30172	PTPRM	0.22731677	0.05452734	-2.0576437	37.22213	1
30184	MTCL1	0.02328207	0.002231517	-3.3260617	7.5379868	1
30197	RALBP1	0.5227231	0.36533043	-0.5167262	10.853871	1
30203	RAB31	0.75262487	0.3541473	-1.0873659	44.55244	1
30207	VAPA	1.18607	0.7718327	-0.6197638	43.85347	1
30216	NAPG	0.2735705	0.13165592	-1.0545721	17.345005	1
30221	PIEZO2	0.29063827	1.3503386	2.2156353	44.55244	1
30250	TUBB6	0.5316499	0.16943444	-1.6491696	44.55244	1
30256	PSMG2	0.47609982	0.33478767	-0.50788987	9.529587	1
30280	FAM210A	0.29091242	0.10437621	-1.4779062	30.84486	1
30281	RNMT	0.7523696	0.4523431	-0.7338969	28.53091	1
30307	ESCO1	0.22890073	0.11375793	-1.0081174	13.533122	1
30317	GATA6-AS1	0.055177618	0.0037949078	-3.8270342	17.972517	1
30318	GATA6	0.16693592	0.010770997	-3.9416022	44.55244	1
30326	RBBP8	0.09269906	0.04788591	-0.95149934	5.188657	1
30331	RIOK3	0.615771	0.25827685	-1.2531514	44.55244	1
30333	NPC1	0.08335413	0.029313492	-1.5045054	9.108618	1
30343	OSBPL1A	0.23819458	0.578763	1.2804759	41.73027	1
30346	IMPACT	0.22491913	0.14189671	-0.6641902	6.798874	1
30379	CDH2	1.535054	0.26049408	-2.5585072	44.55244	1
30389	DSC3	0.02096391	0.0030305164	-2.7503006	5.375593	1
30390	DSC2	0.19929561	0.040842514	-2.283962	35.539402	1
30399	DSG2	0.5156978	0.16076429	-1.6809615	44.55244	1
30446	GALNT1	0.74914414	0.47102112	-0.669338	24.269554	1
30453	ELP2	0.27156305	0.13627373	-0.9942526	15.875137	1
30457	FHOD3	0.049567774	1.3242243e-09	-8.956147	19.849192	1
30485	SYT4	0.08613323	0.0030939064	-4.75485	16.412737	1
30504	HAUS1	0.24691859	0.15330929	-0.68723375	7.8386836	1
30506	RNF165	0.060122576	0.009047241	-2.718896	13.833854	1
30521	IER3IP1	0.6077865	0.25155607	-1.2723486	44.55244	1
30526	SMAD2	0.40333974	0.26667127	-0.59674996	10.249952	1
30533	SMAD7	0.43084976	0.20304003	-1.0850451	29.351809	1
30536	DYM	0.18948598	0.08314805	-1.187364	14.966251	1
30548	ACAA2	0.53211606	0.2995863	-0.828559	24.62195	1
30557	SKA1	0.019704055	0.0010038349	-4.1651998	7.761853	1
30578	RAB27B	0.20774724	0.03660073	-2.5016427	40.49042	1
30581	CCDC68	0.58666617	0.3696951	-0.66605973	17.181145	1
30612	NARS	0.44032508	0.29061797	-0.59927636	11.384977	1
30617	NEDD4L	0.07671938	0.02936823	-1.38231	7.299861	1
30624	ALPK2	0.0386136	1.3242243e-09	-8.596678	15.438012	1
30641	LMAN1	1.2670012	0.44412908	-1.512156	44.55244	1
30643	CCBE1	0.17125972	0.0009047733	-7.4140143	44.55244	1
30649	PMAIP1	0.17933437	0.063776135	-1.4901073	15.081642	1
30658	AC090409.1	0.012836637	1.3242243e-09	-7.0153	6.947052	1
30662	RNF152	0.042524494	0.010619469	-1.9914494	7.429933	1
30672	BCL2	0.09461977	0.2752929	1.5397538	23.214487	1
30675	KDSR	0.3371541	0.1824853	-0.88526523	16.188122	1
30690	SERPINB8	0.045216274	0.0123766735	-1.8607959	7.2007737	1
30697	LINC01916	0.0037993882	0.11191236	4.8442664	21.121998	1
30699	CDH7	0.039956428	0.22559033	2.4942389	29.21754	1
30702	CDH19	0.1832424	1.3242243e-09	-10.840305	44.55244	1
30714	TMX3	0.3835281	0.20624422	-0.8946554	19.537718	1
30715	CCDC102B	0.40664208	0.26000845	-0.64500105	9.751254	1
30742	CBLN2	0.0048731747	0.07745614	3.963002	14.243332	1
30752	TIMM21	0.11592126	0.04751406	-1.2849296	10.175346	1
30754	CYB5A	0.42871594	0.21097906	-1.022575	26.59749	1
30827	NFATC1	0.22746842	0.014568918	-3.955466	44.55244	1
30844	TXNL4A	0.657362	0.38889876	-0.75714195	28.145115	1
30859	PLPP2	0.09790677	0.00720468	-3.7459886	28.57937	1
30860	MIER2	0.075802825	0.036055002	-1.0699582	5.1719713	1
30871	CDC34	0.43553394	0.28813487	-0.5958715	11.274755	1
30874	BSG	1.2819672	0.602464	-1.0892854	44.55244	1
30879	RNF126	0.16928145	0.085074216	-0.9917872	9.70025	1
30883	PALM	0.113051586	0.056924224	-0.98860997	6.5473356	1
30888	PLPPR3	0.08375452	0.03733086	-1.1636604	6.330803	1
30899	WDR18	0.16962677	0.09844435	-0.7843691	6.8831196	1
30901	GRIN3B	0.012577178	1.3242243e-09	-6.9860706	5.340127	1
30902	TMEM259	0.29627827	0.20059228	-0.5624545	6.621619	1
30907	POLR2E	0.49624512	0.29052126	-0.7722034	20.520264	1
30917	FAM174C	0.3819646	0.12786719	-1.5780425	44.55244	1
30926	DAZAP1	0.2843724	0.18797606	-0.59697235	7.104995	1
30931	C19orf25	0.24823643	0.15686616	-0.6618424	7.524464	1
30943	ATP8B3	0.027079983	0.0019976143	-3.6957233	8.689758	1
30948	KLF16	0.09177968	0.040464886	-1.1795143	7.0996966	1
30952	ABHD17A	0.54850847	0.36550754	-0.5854812	14.55553	1
30957	BTBD2	0.18209077	0.11110942	-0.71217084	6.0111537	1
30960	MOB3A	0.09833535	0.05296836	-0.89132446	5.190704	1
30962	AP3D1	0.40337884	0.26816544	-0.58883184	10.2790985	1
30965	PLEKHJ1	0.385336	0.21925408	-0.81322986	16.44923	1
30966	SF3A2	0.18558948	0.113084204	-0.7142194	6.319648	1
30969	OAZ1	1.6521955	0.98119956	-0.7517061	44.55244	1
30974	LSM7	0.922873	0.6175374	-0.57952845	27.840078	1
30980	GADD45B	0.17867371	0.04249549	-2.069362	27.666103	1
30981	GNG7	0.06816544	0.024013495	-1.5013146	7.2695785	1
30989	SLC39A3	0.17962487	0.10305247	-0.80101174	7.445897	1
31000	TLE6	0.0145768225	1.3242243e-09	-7.1973767	6.264807	1
31001	TLE2	0.14305626	0.0031491849	-5.461369	44.55244	1
31003	TLE5	0.9371793	0.55871683	-0.74610364	42.939655	1
31004	GNA11	0.15820643	0.09050821	-0.8050062	6.7153287	1
31010	NCLN	0.1384018	0.05533778	-1.3209634	12.77417	1
31018	MFSD12	0.13022138	0.051299877	-1.3422369	12.195119	1
31022	HMG20B	0.38220134	0.23775423	-0.6846326	12.537877	1
31023	GIPC3	0.03902212	0.006470749	-2.573855	9.111712	1
31024	TBXA2R	0.081054516	0.015716992	-2.3591962	16.265305	1
31033	MRPL54	0.39091372	0.22167277	-0.81813693	16.758831	1
31037	ATCAY	0.059575103	0.001007476	-5.751782	20.33828	1
31039	DAPK3	0.22391656	0.0932536	-1.2628279	19.248472	1
31055	MPND	0.07756056	0.036798935	-1.0736028	5.2384205	1
31058	SH3GL1	0.34058747	0.22091171	-0.62432605	9.466455	1
31060	CHAF1A	0.07163544	0.02844972	-1.3292094	6.5324965	1
31062	UBXN6	0.22314297	0.11951563	-0.90020883	11.252917	1
31072	MYDGF	1.301525	0.43783566	-1.5715231	44.55244	1
31083	PLIN3	0.53365177	0.23354664	-1.1918406	44.55244	1
31086	KDM4B	0.30902252	0.13023873	-1.2459129	25.857676	1
31095	MICOS13	0.70202327	0.3880888	-0.8549659	36.103294	1
31096	HSD11B1L	0.11789765	0.059018392	-0.99707925	6.785418	1
31097	LONP1	0.21603744	0.08961702	-1.2684953	18.493479	1
31121	CLPP	0.54635143	0.25763825	-1.0841868	40.54709	1
31168	STXBP2	0.03783574	0.002164355	-4.0663857	12.658727	1
31171	TRAPPC5	0.91826653	0.5588196	-0.71642935	39.13287	1
31183	TGFBR3L	0.06491105	0.0040353015	-3.9746206	20.120647	1
31186	CTXN1	0.15406549	0.087918796	-0.8085963	6.331337	1
31188	TIMM44	0.16458535	0.07843345	-1.068333	10.439353	1
31197	CD320	0.37798235	0.08767783	-2.106772	44.55244	1
31198	NDUFA7	0.49740487	0.25103605	-0.9862415	30.784292	1
31201	ANGPTL4	0.73989874	0.2409248	-1.6183411	44.55244	1
31247	ZNF846	0.1207295	0.041005947	-1.5555537	13.699436	1
31249	FBXL12	0.18952516	0.111611	-0.76337904	7.289822	1
31252	PIN1	0.5349968	0.3521739	-0.60310245	14.506806	1
31253	OLFM2	0.22923951	0.015732529	-3.8565214	44.55244	1
31254	COL5A3	0.054387636	0.008259412	-2.7044556	9.858857	1
31257	SHFL	0.18592505	0.11349136	-0.71164393	6.199979	1
31259	ANGPTL6	0.03814612	0.00095831923	-5.1754665	13.046909	1
31260	PPAN	0.11574202	0.052187532	-1.1476197	8.397783	1
31265	MRPL4	0.3109116	0.21105328	-0.55867755	7.2168293	1
31268	ICAM1	0.026350792	0.00083676924	-4.8194733	8.340551	1
31276	ICAM3	0.11503322	0.029818201	-1.9442089	18.462708	1
31285	CDKN2D	0.21732683	0.09493149	-1.1940523	16.132349	1
31287	SLC44A2	0.24357496	0.087613285	-1.4740907	25.722101	1
31291	DNM2	0.16685243	0.09128152	-0.8694627	7.9277697	1
31292	TMED1	0.40183514	0.19732831	-1.0256337	25.726786	1
31295	YIPF2	0.34392872	0.09422758	-1.8667773	44.55244	1
31299	LDLR	0.2804151	0.12668508	-1.1456933	18.591873	1
31300	SPC24	0.038052507	0.0050957543	-2.8763728	9.886789	1
31301	KANK2	0.25784028	0.4323676	0.74555504	14.199385	1
31308	RAB3D	0.06485102	0.018344257	-1.8161806	9.313849	1
31311	CCDC159	0.07918893	0.03343313	-1.2415322	6.507549	1
31315	EPOR	0.12944493	0.05109543	-1.3393656	11.724048	1
31316	RGL3	0.009014844	0.049990334	2.4582424	6.7344675	1
31318	PRKCSH	0.62348133	0.2773044	-1.1685871	44.55244	1
31322	CNN1	0.17512101	0.0048396215	-5.1486316	44.55244	1
31358	MAN2B1	0.13926855	0.06452307	-1.1087837	9.524342	1
31362	DHPS	0.25150746	0.12805493	-0.9732856	13.931559	1
31381	MAST1	0.021925831	0.001942109	-3.4310648	5.9271655	1
31382	DNASE2	0.28861636	0.06718851	-2.1012206	44.55244	1
31387	FARSA	0.14772838	0.07957856	-0.8916598	7.36748	1
31390	AC092069.1	0.07980524	0.030013451	-1.4078821	7.6884875	1
31391	RAD23A	0.7037322	0.41545486	-0.7601926	30.141483	1
31392	GADD45GIP1	1.384714	0.94689727	-0.54826003	44.55244	1
31394	NFIX	0.13876112	0.035040572	-1.9824331	21.034374	1
31397	LYL1	0.087103985	0.0052671945	-4.022154	27.447393	1
31406	CACNA1A	0.06397532	0.011858691	-2.4217093	12.827645	1
31427	SAMD1	0.4455077	0.31472012	-0.50124645	8.521346	1
31430	ASF1B	0.0143186115	0.0012388207	-3.4288976	5.4532557	1
31441	PKN1	0.3222262	0.146258	-1.1390198	23.812511	1
31444	GIPC1	0.38282472	0.24116433	-0.6664461	11.90566	1
31446	TECR	0.34304172	0.20217586	-0.7624803	12.81367	1
31462	ILVBL	0.20090511	0.105201684	-0.9327037	10.362388	1
31464	NOTCH3	0.22501747	0.43780893	0.9599528	20.12233	1
31502	AP1M1	0.21061094	0.12531543	-0.74855036	7.927481	1
31512	SLC35E1	0.305203	0.09630904	-1.6630013	38.42955	1
31528	F2RL3	0.024506602	0.002911083	-3.0306911	7.0677094	1
31531	HAUS8	0.04715379	0.016667865	-1.4947311	5.285563	1
31533	MYO9B	0.2730493	0.11868844	-1.2012951	21.3603	1
31540	NR2F6	0.6233925	0.37340322	-0.73925173	24.630577	1
31542	BABAM1	0.37197965	0.25023204	-0.5717685	8.923023	1
31547	DDA1	0.30506957	0.19792284	-0.62394416	8.399645	1
31550	PLVAP	0.06189165	0.17280008	1.4797927	12.81219	1
31563	PGLS	0.97007036	0.6254619	-0.63308555	35.1022	1
31566	COLGALT1	0.2782561	0.049825836	-2.479073	44.55244	1
31567	UNC13A	0.048537258	0.0041271467	-3.5243058	15.431337	1
31569	MAP1S	0.14757106	0.0685678	-1.1046815	10.141191	1
31577	CCDC124	0.44197166	0.26221013	-0.75300676	17.268206	1
31579	ARRDC2	0.032573726	0.006664217	-2.2721362	6.5465655	1
31594	GDF15	0.059622888	0.012886618	-2.2012582	6.778958	1
31601	FKBP8	0.8134017	0.48331147	-0.7508938	36.76467	1
31603	KXD1	0.42946464	0.18613921	-1.2057183	36.13475	1
31607	CRLF1	0.021951532	1.3242243e-09	-7.784716	8.029308	1
31608	REX1BD	0.47847772	0.26578477	-0.8479521	22.76002	1
31609	TMEM59L	0.029016465	1.3242243e-09	-8.185673	11.681219	1
31615	CERS1	0.041015577	0.010352244	-1.9758725	6.7495537	1
31617	COPE	0.94396186	0.5523829	-0.77295154	44.55244	1
31619	HOMER3	0.40420434	0.22687651	-0.83289856	18.213444	1
31623	SLC25A42	0.06073498	0.01929092	-1.6495199	8.070829	1
31723	LINC00662	0.14837219	0.08367359	-0.8256253	6.2578754	1
31755	PLEKHF1	0.020496592	0.0012693757	-3.9108155	6.378145	1
31758	CCNE1	0.033862498	0.0073501174	-2.1886075	6.932238	1
31760	URI1	0.6072617	0.39552456	-0.61842406	17.9236	1
31771	TSHZ3	0.090366624	0.031936537	-1.4976673	9.650727	1
31787	PDCD5	0.8709463	0.49060684	-0.82788813	44.55244	1
31813	CEBPG	0.15805033	0.0547497	-1.5277408	16.712477	1
31823	GPI	0.823302	0.2225082	-1.8870902	44.55244	1
31844	GRAMD1A	0.25405625	0.15350433	-0.72649676	8.938087	1
31853	FXYD1	0.061865956	0.0187528	-1.716697	7.92954	1
31854	FXYD7	0.045329005	1.3242243e-09	-8.827451	15.732153	1
31855	FXYD5	1.158995	0.10311248	-3.4893095	44.55244	1
31877	TMEM147	0.6423072	0.34283432	-0.90555596	36.150627	1
31884	RBM42	0.2545584	0.16560958	-0.61990625	6.907776	1
31888	UPK1A-AS1	0.032637075	1.3242243e-09	-8.354763	10.759732	1
31893	PSENEN	0.41393238	0.24829052	-0.7371334	15.335023	1
31895	LIN37	0.09035021	0.034042235	-1.4055662	8.88709	1
31904	APLP1	0.09094444	0.035996392	-1.3347162	8.107989	1
31911	SDHAF1	0.11789282	0.05797105	-1.0228081	7.312558	1
31916	THAP8	0.09087278	0.034402817	-1.3987206	8.850645	1
31919	POLR2I	0.53449386	0.32536545	-0.715939	19.627363	1
31920	TBCB	0.7049947	0.39713174	-0.8278362	35.05	1
31921	CAPNS1	0.939169	0.5212771	-0.84921104	44.55244	1
31943	ZNF850	0.056035373	0.009937046	-2.4835753	11.595666	1
31987	SPINT2	0.13038805	0.022318574	-2.5411513	24.48105	1
31988	PPP1R14A	0.2864788	0.08372651	-1.7734534	35.457584	1
31990	YIF1B	0.19171654	0.053990267	-1.8262861	28.070337	1
31992	KCNK6	0.15478015	0.0022381896	-6.0496163	44.55244	1
31995	PSMD8	1.4361876	0.852691	-0.7520806	44.55244	1
32007	ACTN4	0.4348994	0.26701966	-0.7035272	14.608758	1
32014	ECH1	0.58932656	0.40946153	-0.5252319	12.822772	1
32020	SIRT2	0.18819913	0.11518004	-0.70788354	6.3302155	1
32021	NFKBIB	0.075521916	0.033661675	-1.1634179	5.7602983	1
32024	MRPS12	0.3395911	0.15742636	-1.1086301	24.035357	1
32026	FBXO17	0.32369298	0.22616155	-0.5170802	6.461236	1
32031	PAK4	0.07698773	0.032170486	-1.2562859	6.9925714	1
32033	NCCRP1	0.021071298	0.0019227975	-3.387686	5.932827	1
32038	LRFN1	0.029157642	0.004978272	-2.526404	6.7866864	1
32045	ZFP36	0.12381184	0.45610103	1.8803556	44.55244	1
32046	PLEKHG2	0.14149006	0.23857515	0.7533284	7.849362	1
32048	SUPT5H	0.38693243	0.27238753	-0.50626427	7.4954243	1
32049	TIMM50	0.15766497	0.0849712	-0.89103425	7.793641	1
32075	PLD3	1.4529159	0.8339583	-0.8008303	44.55244	1
32082	BLVRB	0.71506965	0.2784828	-1.3601795	44.55244	1
32084	SHKBP1	0.1344368	0.069009215	-0.96105087	7.3833814	1
32086	NUMBL	0.15405852	0.07345247	-1.0675689	10.262854	1
32090	SNRPA	0.2383368	0.12806265	-0.89563096	11.715224	1
32091	MIA	0.06373037	1.3242243e-09	-9.31808	17.756153	1
32094	EGLN2	0.28962755	0.14296941	-1.0179815	18.096323	1
32103	AXL	0.19431631	0.053804427	-1.8506736	28.068474	1
32106	TGFB1	0.75859797	0.22293036	-1.7662855	44.55244	1
32113	BCKDHA	0.2064123	0.07678698	-1.4254165	20.054358	1
32119	PCAT19	0.038870625	0.0020058712	-4.209898	11.963461	1
32137	RABAC1	1.554546	0.8213556	-0.92033166	44.55244	1
32152	MEGF8	0.1412559	0.073104225	-0.94933325	7.8926706	1
32179	ETHE1	0.23993103	0.12878215	-0.8971684	11.719751	1
32190	PLAUR	0.32852215	0.023111306	-3.82353	44.55244	1
32192	SMG9	0.093517095	0.039454613	-1.242926	7.5861764	1
32229	PVR	0.061341062	0.020786714	-1.5566177	7.7296195	1
32232	BCL3	0.14157678	0.014595277	-3.2691789	38.56419	1
32236	NECTIN2	0.5115509	0.19396386	-1.3986284	44.55244	1
32238	TOMM40	0.36572507	0.21000317	-0.80005604	15.289719	1
32239	APOE	1.9277182	0.97727597	-0.9799835	44.55244	1
32244	CLPTM1	0.17342061	0.099471234	-0.801306	7.2482224	1
32249	GEMIN7	0.12206688	0.04940065	-1.3033338	10.898787	1
32250	MARK4	0.18442646	0.10579916	-0.80113655	7.5837607	1
32254	TRAPPC6A	0.16213487	0.08906379	-0.86355406	7.354529	1
32256	EXOC3L2	0.043573063	0.011153899	-1.9563189	7.627607	1
32257	CKM	0.02958445	0.001795422	-3.9691164	9.160096	1
32260	PPP1R13L	0.07113203	0.01104428	-2.6762228	15.414479	1
32262	ERCC1	0.4182181	0.22820929	-0.87361073	20.582582	1
32266	VASP	0.45304036	0.2699297	-0.74683994	16.910673	1
32279	DMPK	0.06449877	0.02852117	-1.174424	5.1225333	1
32316	GNG8	0.10878059	0.0033875098	-4.9644055	34.09545	1
32317	DACT3	0.44731432	0.19171652	-1.2218844	37.145298	1
32323	SLC1A5	0.28803268	0.018870592	-3.9248967	44.55244	1
32328	TMEM160	0.5291626	0.3598489	-0.5561918	12.537044	1
32330	SAE1	0.2888357	0.1417086	-1.0268034	18.061666	1
32331	BBC3	0.17687134	0.05947948	-1.5706284	18.646502	1
32334	INAFM1	0.20733891	0.1219869	-0.7647781	7.7925644	1
32343	NAPA	0.21310987	0.11548205	-0.88335687	10.014918	1
32349	EHD2	0.36559278	0.16183966	-1.1751757	29.123392	1
32352	SELENOW	1.7862785	1.0733644	-0.7347634	44.55244	1
32372	EMP3	1.6238745	0.76853234	-1.0791634	44.55244	1
32373	TMEM143	0.04678386	0.016835371	-1.4690518	5.3747244	1
32376	GRIN2D	0.10503397	0.0071089617	-3.8662937	32.572937	1
32398	BCAT2	0.12610662	0.06671236	-0.91760063	6.518082	1
32400	HSD17B14	0.08396276	0.00918678	-3.1782165	22.050842	1
32402	PPP1R15A	0.7551198	0.42101154	-0.8426942	36.68372	1
32404	NUCB1	0.9547968	0.2683379	-1.8307565	44.55244	1
32407	DHDH	0.051076766	0.0010958798	-5.419345	18.772728	1
32408	BAX	0.84664565	0.5205953	-0.7014892	30.994413	1
32411	GYS1	0.086293295	0.04379227	-0.97695243	5.0453444	1
32412	RUVBL2	0.1759072	0.098687835	-0.8332292	7.8370104	1
32426	LIN7B	0.10002587	0.038632214	-1.3702089	9.742416	1
32430	TRPM4	0.07029987	0.019845698	-1.8194953	10.229327	1
32434	TEAD2	0.17464451	0.2583437	0.56460273	5.348714	1
32442	PIH1D1	0.32649487	0.20075907	-0.70131844	11.103374	1
32447	FCGRT	1.3007876	0.9057139	-0.52220964	36.25261	1
32448	RCN3	0.25642744	0.024115544	-3.4051077	44.55244	1
32449	NOSIP	0.3343401	0.23551148	-0.5053379	6.418466	1
32453	RRAS	1.0366423	0.5036155	-1.0413764	44.55244	1
32462	AP2A1	0.32444924	0.22544695	-0.5250095	6.6805234	1
32471	AKT1S1	0.1474597	0.08316038	-0.8255968	6.450365	1
32487	NR1H2	0.19051848	0.09465437	-1.0084237	11.402263	1
32494	EMC10	0.83852214	0.36230302	-1.2104261	44.55244	1
32496	AC020909.2	0.33852223	0.0152241625	-4.4657965	44.55244	1
32497	JOSD2	0.36582068	0.12240572	-1.5786817	44.55244	1
32504	CLEC11A	0.95726526	0.23961176	-1.9977688	44.55244	1
32509	C19orf48	0.22140479	0.10096097	-1.132112	15.352446	1
32540	VSIG10L	0.050377663	0.018145341	-1.4681171	5.8191323	1
32543	ETFB	0.98696	0.47483358	-1.055412	44.55244	1
32576	ZNF350	0.0009556027	0.031536218	4.9054384	7.0070605	1
32589	ZNF766	0.16738725	0.082277	-1.0237377	10.108312	1
32591	ZNF480	0.15341622	0.076644555	-1.0002548	8.756353	1
32618	ZNF160	0.19650434	0.11871896	-0.7265301	6.673249	1
32631	AC022137.4	0.042506386	0.0066881785	-2.6499734	9.3635235	1
32632	ZNF761	0.058846157	0.016227772	-1.8520699	8.381539	1
32634	ZNF331	0.07337988	0.03168978	-1.2087861	5.70365	1
32645	CACNG8	0.14737171	0.019359235	-2.9219115	35.497845	1
32657	MBOAT7	0.2245281	0.12875618	-0.80177665	9.306475	1
32658	TSEN34	0.39919004	0.21998161	-0.8593985	18.783852	1
32669	TTYH1	0.20586462	0.047003046	-2.1285043	28.563038	1
32699	EPS8L1	0.04709913	0.006218778	-2.901043	12.333006	1
32700	PPP1R12C	0.09672306	0.044117745	-1.1307251	7.206928	1
32702	TNNT1	0.088437684	1.3242243e-09	-9.790129	26.37601	1
32720	IL11	0.023691654	0.0008590282	-4.6327386	6.7032523	1
32725	UBE2S	0.44608504	0.2508468	-0.8302606	16.605398	1
32727	ISOC2	0.39010146	0.25392345	-0.61925757	10.465924	1
32731	NAT14	0.31444302	0.18429483	-0.770459	11.872078	1
32732	SSC5D	0.10086362	0.018135715	-2.4689968	20.676329	1
32742	ZNF581	0.3045586	0.14178295	-1.1024921	20.445662	1
32747	EPN1	0.35456452	0.24726532	-0.5198117	7.3911457	1
32795	ZNF805	0.11302321	0.05301883	-1.0905997	7.931586	1
32799	AC005261.1	0.19397278	0.12439067	-0.6405602	5.5648303	1
32807	ZNF749	0.09730234	0.051187668	-0.9253445	5.1213093	1
32845	ZNF274	0.1565037	0.077248484	-1.0176734	9.49586	1
32847	AC020915.2	0.059657305	0.018473087	-1.6859015	7.860716	1
32850	ERVK3-1	0.24368867	0.16849154	-0.53209895	5.219213	1
32853	A1BG	0.6387969	0.20626584	-1.6303791	44.55244	1
32854	A1BG-AS1	0.081397034	0.036778204	-1.1439791	6.1897745	1
32862	ZNF584	0.05386513	0.017914532	-1.5828664	6.732308	1
32871	SLC27A5	0.09883571	0.0382642	-1.3667306	9.290408	1
32874	TRIM28	0.47176278	0.32729125	-0.5273517	10.241421	1
32875	CHMP2A	0.7721317	0.5300826	-0.5425445	19.31052	1
32876	UBE2M	0.8850178	0.44489095	-0.9920936	44.55244	1
32893	TRIB3	0.211554	0.014805525	-3.8277888	44.55244	1
32894	RBCK1	0.41978255	0.28319103	-0.567701	10.076735	1
32895	TBC1D20	0.22289628	0.14512673	-0.61871266	6.1949854	1
32903	RSPO4	0.04240229	0.011328164	-1.894947	7.2301397	1
32905	PSMF1	0.3924649	0.22253813	-0.8182305	17.12263	1
32914	NSFL1C	0.29383835	0.19746903	-0.5731567	7.0454526	1
32958	ATRN	0.18320987	0.09784078	-0.9043028	9.097194	1
32966	CDC25B	0.08168703	0.017117204	-2.2480214	14.398546	1
32973	RNF24	0.4338669	0.2968618	-0.54730767	9.272976	1
32975	SMOX	0.13860637	0.03678002	-1.9111227	20.855898	1
32980	PRNP	0.2050018	0.046166368	-2.1483042	34.655716	1
32991	PCNA	0.15914041	0.09587491	-0.7304772	5.3034425	1
33001	GPCPD1	0.24924329	0.17031476	-0.549083	5.3647156	1
33003	CHGB	0.022215353	1.3242243e-09	-7.8018737	8.323477	1
33008	CRLS1	0.20858502	0.09908562	-1.0731242	13.313324	1
33009	LRRN4	0.022674574	1.3242243e-09	-7.831261	10.695067	1
33011	FERMT1	0.029687865	1.3242243e-09	-8.218562	12.972603	1
33014	BMP2	0.13390666	0.008449046	-3.9703975	34.68168	1
33021	TMX4	0.3580778	0.2078126	-0.78469855	13.996406	1
33023	PLCB1	0.10953096	0.045470297	-1.2664895	9.186199	1
33025	PLCB4	0.050803896	0.10971087	1.1091729	6.168567	1
33055	BTBD3	0.098213345	0.18539116	0.91589123	7.8523974	1
33063	SPTLC3	0.00086353003	0.03546897	5.206146	8.029679	1
33073	FLRT3	0.02020036	0.060435943	1.5762867	5.2881265	1
33093	DSTN	1.6248099	0.88965446	-0.86888045	44.55244	1
33099	MGME1	0.13046095	0.05931956	-1.1357136	9.217774	1
33113	DTD1	0.43148956	0.1534227	-1.491208	44.55244	1
33127	NAA20	0.38105175	0.26319	-0.53371274	7.9998536	1
33165	THBD	0.045518696	0.0074437335	-2.5962749	9.067613	1
33171	NXT1	0.21536241	0.09066757	-1.2471874	18.055122	1
33183	CST3	1.8110167	0.59882027	-1.5964437	44.55244	1
33202	APMAP	0.4555741	0.14206132	-1.6804732	44.55244	1
33212	PYGB	0.15295014	0.045363948	-1.7512094	20.380249	1
33215	ABHD12	0.14574046	0.059863817	-1.2822269	12.998464	1
33246	HM13	0.6321986	0.2626542	-1.2668923	44.55244	1
33257	TPX2	0.16571122	0.02368896	-2.8011775	23.087189	1
33259	FOXS1	0.084424675	0.30366108	1.8454925	30.109468	1
33268	TM9SF4	0.3457693	0.23223163	-0.5740413	8.295257	1
33286	MAPRE1	0.3701122	0.23999326	-0.6247575	10.353885	1
33301	SNTA1	0.17230764	0.02676675	-2.68193	38.3764	1
33304	NECAB3	0.07679977	0.026213557	-1.5471731	8.8010645	1
33308	E2F1	0.027769584	0.0008132935	-4.931469	10.22776	1
33309	PXMP4	0.04249052	0.012866053	-1.7157931	6.4105344	1
33317	EIF2S2	1.0981259	0.5708479	-0.9437438	44.55244	1
33321	AHCY	0.48035362	0.17635123	-1.4451276	44.55244	1
33323	ITCH	0.23671843	0.16361803	-0.5325682	5.08808	1
33329	PIGU	0.08517646	0.03940663	-1.1100527	5.938654	1
33334	ACSS2	0.07963943	0.030037005	-1.4037572	8.011459	1
33337	TRPC4AP	0.21365686	0.12930535	-0.72407347	7.4992566	1
33338	EDEM2	0.12627023	0.04498631	-1.4868953	13.701816	1
33339	PROCR	0.11181629	0.024607006	-2.1794279	18.85699	1
33341	MMP24OS	0.5921577	0.2494045	-1.2471592	44.55244	1
33343	EIF6	0.5632674	0.32621822	-0.7877966	24.60056	1
33352	ERGIC3	0.7785398	0.43501627	-0.8395552	40.965176	1
33354	CPNE1	0.75035405	0.49774545	-0.5920658	22.012894	1
33359	PHF20	0.3137069	0.20561731	-0.6092139	8.289599	1
33370	DLGAP4	0.39699578	0.21104161	-0.911276	20.691736	1
33372	MYL9	0.79706675	0.25098813	-1.6666878	44.55244	1
33374	RAB5IF	0.5869387	0.35851538	-0.7110184	21.519896	1
33377	DSN1	0.06135536	0.02149093	-1.5091136	7.2432723	1
33384	RPN2	0.95946515	0.32352477	-1.5680588	44.55244	1
33386	MANBAL	0.26199377	0.15344776	-0.77139544	10.23019	1
33388	SRC	0.08831154	0.041077286	-1.1023859	6.331156	1
33389	BLCAP	0.25997344	0.15917933	-0.7073599	8.682024	1
33390	NNAT	0.1581387	0.03139177	-2.3290558	27.40439	1
33411	SNHG17	0.15887932	0.08019485	-0.9854596	8.712811	1
33431	MAFB	0.18734759	1.5097461	3.0098424	44.55244	1
33438	LPIN3	0.06484214	0.015734052	-2.0361245	10.256187	1
33444	PTPRT	0.050758857	1.3242243e-09	-8.990336	18.93451	1
33454	MYBL2	0.048796143	1.3242243e-09	-8.9335575	17.308994	1
33457	TOX2	0.020804048	0.00320644	-2.6604316	5.0484776	1
33460	OSER1	0.19023083	0.08313783	-1.193198	14.176656	1
33471	SERINC3	0.5135997	0.32277584	-0.6699459	16.467512	1
33473	ADA	0.12266339	0.041940983	-1.546012	13.629792	1
33495	SDC4	0.08389482	0.0026646266	-4.9251437	28.951822	1
33499	DBNDD2	0.064218655	0.23162203	1.8490859	23.795534	1
33500	PIGT	0.4261977	0.13752729	-1.6310947	44.55244	1
33502	WFDC2	0.07289079	0.016334808	-2.15096	11.290121	1
33516	UBE2C	0.13315663	0.005807481	-4.4955206	23.077667	1
33524	CTSA	0.30638266	0.1481722	-1.0475572	19.853172	1
33526	PLTP	0.80674076	0.23018417	-1.8088688	44.55244	1
33530	MMP9	0.07115681	2.6670954	5.226152	44.55244	1
33532	SLC12A5	0.0690005	0.18632752	1.4318469	14.661497	1
33537	SLC35C2	0.24383138	0.11102366	-1.1343094	17.450666	1
33544	TP53RK	0.18798213	0.120097406	-0.645957	5.524934	1
33546	SLC2A10	0.07426332	0.023584671	-1.6506375	9.324388	1
33549	ZMYND8	0.42841753	0.2935557	-0.54522854	9.119001	1
33555	SULF2	0.28570917	0.021902312	-3.699325	44.55244	1
33578	CSE1L	0.14415617	0.08333817	-0.7898537	5.8048425	1
33583	KCNB1	0.0008727172	0.030963706	4.9970655	6.6291122	1
33588	RNF114	0.31260955	0.17504919	-0.83623904	13.446969	1
33589	SNAI1	0.025594264	0.0029585117	-3.0705447	7.448154	1
33592	TMEM189	0.14178635	0.08368607	-0.7599535	5.5962915	1
33597	CEBPB	0.3610101	0.08720516	-2.0483	44.55244	1
33612	KCNG1	0.054618098	0.0022629406	-4.533363	16.425196	1
33625	TSHZ2	0.09145116	0.36845917	2.009246	40.697346	1
33643	DOK5	0.20153108	0.014444509	-3.7931716	44.55244	1
33652	FAM210B	0.32348278	0.1813494	-0.8345674	13.741256	1
33653	AURKA	0.08933655	0.019577382	-2.1843262	13.025692	1
33656	RTF2	0.54817045	0.36806896	-0.57451975	14.240423	1
33671	RAE1	0.15513629	0.09572578	-0.6959801	5.031768	1
33674	RBM38	0.05845393	0.015119518	-1.9438434	9.232124	1
33688	VAPB	0.2527884	0.16257907	-0.6364721	7.321179	1
33689	APCDD1L	0.030581387	0.000897226	-4.9432993	9.737453	1
33705	CTSZ	0.44509166	0.14567178	-1.610715	44.55244	1
33742	OSBPL2	0.1646675	0.077986404	-1.0772884	10.67046	1
33743	ADRM1	0.45860186	0.28835118	-0.66922957	14.600622	1
33745	LAMA5	0.21507592	0.069728725	-1.6236242	25.274246	1
33753	GATA5	0.10473443	0.0034709729	-4.875652	33.904255	1
33771	MRGBP	0.22688231	0.09514376	-1.2528833	19.121908	1
33773	OGFR	0.18287829	0.11456581	-0.67423713	5.721995	1
33774	COL9A3	0.63751066	0.027720919	-4.518434	44.55244	1
33775	TCFL5	0.078052245	0.027069494	-1.5242997	8.731184	1
33778	GID8	0.2757479	0.18149118	-0.60317874	7.1083064	1
33795	ARFGAP1	0.16159625	0.06770849	-1.2537483	13.59439	1
33799	KCNQ2	0.06522111	0.0042213146	-3.9180074	17.76127	1
33802	EEF1A2	0.08384174	0.009986888	-3.0569074	18.017807	1
33804	PPDPF	1.6794727	0.7728016	-1.1197376	44.55244	1
33815	ARFRP1	0.120503776	0.058006156	-1.0535121	7.7377014	1
33819	SLC2A4RG	0.4765198	0.233504	-1.0287739	30.180935	1
33820	ZBTB46	0.06364101	0.19129391	1.5862511	16.932768	1
33825	TPD52L2	0.26210892	0.1049764	-1.319278	23.867432	1
33826	DNAJC5	0.10668108	0.0400824	-1.4100205	10.874453	1
33833	SOX18	0.025721708	0.073773116	1.5164651	6.0642486	1
33834	TCEA2	0.39929217	0.27961904	-0.5138276	8.095237	1
33836	RGS19	0.08963241	0.042610057	-1.0710533	6.095009	1
33838	LKAAEAR1	0.042003483	0.012604334	-1.7286189	5.42881	1
33906	HSPA13	0.31878078	0.16320372	-0.9654594	17.593485	1
33907	SAMSN1	0.019638514	0.05794933	1.5562661	5.278817	1
33913	NRIP1	0.18726301	0.5305459	1.5019133	44.55244	1
33920	MIR99AHG	0.079394974	0.2065898	1.3785317	14.39396	1
33928	CXADR	0.07024068	0.011267092	-2.629496	15.363536	1
33929	BTG3	0.4452709	0.12798855	-1.7978657	44.55244	1
33933	C21orf91	0.0764315	0.3239307	2.082005	38.881996	1
33936	CHODL	0.028244264	0.50936687	4.1678596	44.55244	1
33950	NCAM2	0.011396695	0.31136647	4.7597857	44.55244	1
33986	JAM2	0.052578393	0.015157626	-1.7876809	7.303432	1
33999	CYYR1	0.119322814	0.30976468	1.3755598	22.584305	1
34000	ADAMTS1	0.27539903	0.08854047	-1.6360097	27.716917	1
34002	ADAMTS5	0.029023863	0.22558674	2.9540482	32.2859	1
34014	LTN1	0.3326042	0.21527135	-0.62741363	9.208377	1
34024	BACH1	0.43605828	0.22355402	-0.96358305	24.245846	1
34070	TIAM1	0.14900458	0.03752324	-1.9866287	20.208168	1
34105	IFNAR2	0.26481536	0.088289134	-1.5835904	31.437746	1
34107	IL10RB	0.17385265	0.090450995	-0.9418923	9.259619	1
34108	IFNAR1	0.4339968	0.20489988	-1.0823936	30.86661	1
34109	IFNGR2	0.38126326	0.1382049	-1.4633135	42.54812	1
34115	DONSON	0.06325379	0.0189141	-1.7363613	8.743084	1
34121	MRPS6	0.66005105	0.4320398	-0.61129814	17.34945	1
34133	RCAN1	0.1592109	0.054493606	-1.5450411	15.522795	1
34137	RUNX1	0.094044976	0.21553466	1.195633	12.941234	1
34149	CBR3	0.034167547	0.0028605158	-3.5329225	10.840726	1
34167	PIGP	0.30210957	0.14553417	-1.0532004	19.577042	1
34168	TTC3	1.7299368	1.1551341	-0.5826176	44.55244	1
34173	VPS26C	0.1559416	0.079690605	-0.9676399	8.554319	1
34188	ERG	0.0071820635	0.03628381	2.3208776	5.057938	1
34191	ETS2	0.20524566	0.07272191	-1.4956099	19.945412	1
34206	GET1	0.2830224	0.12403195	-1.1895514	22.42441	1
34208	SH3BGR	0.06430824	0.016105892	-1.990727	9.733687	1
34221	BACE2	0.22543253	0.04312989	-2.3832343	43.34832	1
34235	RIPK4	0.015548389	1.3242243e-09	-7.289851	6.665987	1
34258	PDE9A	0.03590956	0.11650769	1.6952109	11.145175	1
34283	RRP1B	0.23380019	0.14133129	-0.72579175	8.193899	1
34284	PDXK	0.38099676	0.14424567	-1.4006294	38.967484	1
34286	CSTB	1.0995725	0.5974049	-0.88005155	44.55244	1
34297	ICOSLG	0.030897733	1.3242243e-09	-8.276	12.530932	1
34303	PFKL	0.37190717	0.0992468	-1.9047849	44.55244	1
34338	SUMO3	0.48846897	0.27168497	-0.8460966	22.979069	1
34339	PTTG1IP	0.93414044	0.43178976	-1.1131309	44.55244	1
34345	FAM207A	0.24797316	0.102753386	-1.2701763	21.322598	1
34350	ADARB1	0.10804853	0.028349327	-1.9265476	15.789523	1
34353	POFUT2	0.3128953	0.06569549	-2.2500803	44.55244	1
34360	BX322562.1	0.029297564	0.0033231857	-3.1022851	7.931052	1
34361	COL18A1	1.0186657	0.18454929	-2.4639628	44.55244	1
34364	SLC19A1	0.05962329	0.01903973	-1.6417232	7.641634	1
34368	PCBP3	0.030457463	0.0054770303	-2.453956	6.735816	1
34375	COL6A1	1.1939999	0.6538845	-0.8685952	44.55244	1
34380	COL6A2	1.5198541	0.6740872	-1.1728065	44.55244	1
34383	SPATC1L	0.24490394	0.12294238	-0.9936496	14.199783	1
34385	LSS	0.091016546	0.038123127	-1.2532673	7.8111434	1
34391	YBEY	0.19124407	0.095904805	-0.9949906	10.880002	1
34398	PRMT2	0.6430424	0.44970283	-0.5158456	13.949526	1
34432	HDHD5	0.21242505	0.119879186	-0.8248487	8.947177	1
34440	ATP6V1E1	0.4456124	0.21230358	-1.069305	30.67488	1
34441	BCL2L13	0.13064656	0.072757244	-0.84362864	6.1071496	1
34442	BID	0.18619916	0.03256982	-2.5115907	37.62081	1
34444	MICAL3	0.07016553	0.017874528	-1.9668634	11.524411	1
34453	USP18	0.041789755	0.007855474	-2.3965778	8.060818	1
34482	SLC25A1	0.29064247	0.122037485	-1.2512357	25.180803	1
34488	MRPL40	0.4544113	0.18673262	-1.2825698	41.959152	1
34493	CDC45	0.013881061	0.0010134891	-3.6503146	5.2427845	1
34495	CLDN5	0.0015442757	0.034156967	4.3808737	6.940521	1
34504	COMT	0.34655604	0.15829103	-1.1300142	24.623577	1
34518	DGCR6L	0.273102	0.17935316	-0.6063605	7.05057	1
34526	SCARF2	0.07773886	0.019834632	-1.9652137	12.288935	1
34528	MED15	0.1460086	0.08232632	-0.82586396	6.4020185	1
34539	THAP7	0.13184474	0.07760945	-0.7637719	5.063875	1
34558	YDJC	0.09605253	0.024437267	-1.9703501	15.316997	1
34561	SDF2L1	0.34824666	0.1815484	-0.939375	18.018955	1
34688	CHCHD10	0.82319164	0.44383273	-0.8910626	44.55244	1
34695	MIF	3.366046	1.896272	-0.82785577	44.55244	1
34698	GSTT2B	0.21515632	0.084063046	-1.3547968	20.676254	1
34701	DDT	0.9933786	0.4538484	-1.1299607	44.55244	1
34712	GUCD1	0.116144724	0.060448155	-0.9410103	6.2764106	1
34715	LRRC75B	0.1004295	0.022653868	-2.1434352	16.993244	1
34723	KIAA1671	0.078642	0.028828856	-1.4446243	8.065277	1
34727	AL022323.4	0.05630291	0.008755729	-2.6710868	13.106307	1
34752	SRRD	0.18956342	0.1050125	-0.8515073	8.575632	1
34755	TPST2	0.17927535	0.0660906	-1.4382834	17.923876	1
34783	MN1	0.030936243	0.07317989	1.2394634	5.124192	1
34785	TTC28-AS1	0.09125321	0.031901345	-1.513323	9.791278	1
34788	HSCB	0.14952472	0.089112855	-0.746025	5.48678	1
34790	XBP1	0.62509805	0.17735521	-1.8168584	44.55244	1
34803	GAS2L1	0.09608742	0.04999483	-0.9411864	5.4426684	1
34811	THOC5	0.10908788	0.045020685	-1.2749518	9.600634	1
34813	NIPSNAP1	0.21762186	0.13933004	-0.6429449	6.247335	1
34818	ZMAT5	0.14211556	0.08154066	-0.8007196	5.944946	1
34839	MTFP1	0.21115398	0.028451484	-2.887341	44.55244	1
34846	PES1	0.12749189	0.051646963	-1.3019905	11.30185	1
34849	SLC35E4	0.067482345	0.017650656	-1.9287741	10.207807	1
34850	DUSP18	0.065450415	0.026519218	-1.3001368	5.9456472	1
34858	SMTN	0.16274467	0.059628554	-1.4470038	16.413368	1
34860	SELENOM	0.9592981	0.19205046	-2.3198931	44.55244	1
34879	YWHAH	0.7168061	0.4907079	-0.54662573	15.822608	1
34897	RTCB	0.3402195	0.23039137	-0.56217706	8.046823	1
34899	FBXO7	0.35971427	0.20712446	-0.79605806	14.835528	1
34920	HMGXB4	0.44088566	0.28656116	-0.6213854	12.104387	1
34929	MB	0.06502494	0.0039234036	-4.0167217	18.517008	1
34941	APOL2	0.09478875	0.040977478	-1.2078894	7.8037148	1
34947	TXN2	0.57809055	0.38266933	-0.5950699	15.833542	1
34955	IFT27	0.21259722	0.12845439	-0.72642237	7.2923403	1
34964	TST	0.13033378	0.05825848	-1.1603034	9.710521	1
34965	MPST	0.4794188	0.14176357	-1.7570832	44.55244	1
34967	KCTD17	0.12310246	0.063625224	-0.9510946	6.705742	1
34970	IL2RB	0.011934889	0.051939927	2.1123962	6.819681	1
34972	C1QTNF6	0.28633437	0.14952098	-0.936892	15.288081	1
34974	RAC2	0.08719284	0.007600812	-3.502781	23.250603	1
34989	LGALS1	2.8583202	0.50575465	-2.498423	44.55244	1
34992	H1F0	0.41095257	0.19915654	-1.0446957	22.707602	1
34993	GCAT	0.050393835	0.014551411	-1.7850677	7.276547	1
35001	POLR2F	0.5074984	0.30645624	-0.7275358	18.926014	1
35013	TMEM184B	0.1416834	0.083810896	-0.7567586	5.4032693	1
35021	KDELR3	0.6380038	0.05058023	-3.6542962	44.55244	1
35025	CBY1	0.24158353	0.1446132	-0.7399225	8.905779	1
35033	SUN2	0.1237287	0.04442201	-1.4757551	13.064767	1
35040	NPTXR	0.05318678	0.01727309	-1.6169233	6.6609173	1
35047	APOBEC3C	0.17527333	0.07159047	-1.2905761	15.056817	1
35058	SYNGR1	0.37534094	0.11676105	-1.6837916	44.55244	1
35064	ATF4	0.89575833	0.6058393	-0.56409734	23.845737	1
35065	RPS19BP1	0.6534425	0.35489184	-0.88049525	35.59777	1
35073	ADSL	0.2992814	0.19369403	-0.62746036	8.121174	1
35079	MCHR1	0.06342263	1.3242243e-09	-9.311108	23.73946	1
35091	RANGAP1	0.091254584	0.046843387	-0.96055514	5.0190806	1
35097	ACO2	0.2598718	0.16379043	-0.6656234	7.9662085	1
35101	PMM1	0.21971217	0.07821187	-1.4889684	23.695114	1
35104	SNU13	1.0303078	0.63724107	-0.69307774	44.075317	1
35108	SREBF2	0.14778681	0.08890936	-0.7324645	5.38859	1
35111	CENPM	0.03364077	0.0035520804	-3.2077024	9.778842	1
35116	NAGA	0.1394945	0.047039304	-1.5662396	16.466675	1
35120	NDUFA6	0.7861429	0.5032045	-0.6435435	26.413437	1
35131	RRP7A	0.36754656	0.17971581	-1.0317994	23.888294	1
35135	CYB5R3	0.6920473	0.33021832	-1.0672222	44.55244	1
35138	ARFGAP3	0.5544773	0.28573206	-0.9562209	32.83136	1
35139	PACSIN2	0.20900853	0.11945021	-0.80663526	8.582941	1
35141	TTLL1	0.104115084	0.04564127	-1.1879958	8.246215	1
35144	TSPO	1.1055071	0.31593847	-1.8066669	44.55244	1
35145	TTLL12	0.04731959	0.015445731	-1.6089649	5.9694686	1
35158	PNPLA3	0.027932353	0.0070353085	-1.9740452	5.1853523	1
35159	SAMM50	0.31666538	0.1881252	-0.75095487	11.849936	1
35160	PARVB	0.05834664	0.0051360573	-3.4805675	18.136902	1
35171	PRR5	0.12552504	0.044350304	-1.4988589	13.837445	1
35179	KIAA0930	0.0649032	0.02178297	-1.5707022	8.028673	1
35182	FAM118A	0.15543458	0.047389455	-1.7115562	19.754742	1
35186	FBLN1	0.5538016	0.24627292	-1.168786	44.075317	1
35189	ATXN10	0.5231531	0.32416186	-0.69034976	18.324335	1
35201	PPARA	0.11317197	0.05002819	-1.1760968	8.556269	1
35207	GTSE1	0.079219654	0.004295868	-4.1734586	17.567907	1
35212	CERK	0.17743865	0.10541894	-0.75063103	6.4889483	1
35213	AL118516.1	0.045183364	0.012038865	-1.8993477	6.738239	1
35214	TBC1D22A	0.13733117	0.07464879	-0.8785871	6.5709925	1
35251	CRELD2	0.36884815	0.19688658	-0.90532064	18.52581	1
35253	PIM3	0.15199919	0.072748356	-1.0620441	9.211805	1
35259	PANX2	0.02464115	0.003118832	-2.9423034	6.671171	1
35268	MAPK12	0.089361414	0.023009572	-1.952775	14.706016	1
35276	ADM2	0.054171182	1.3242243e-09	-9.084023	20.107655	1
35278	LMF2	0.24431476	0.058361426	-2.0637743	41.639156	1
35279	NCAPH2	0.0803382	0.03150666	-1.3476522	8.134345	1
35280	SCO2	0.2563491	0.105746694	-1.2766961	22.240067	1
35282	TYMP	0.07875921	0.02458798	-1.6754705	10.189568	1
35283	ODF3B	0.025523514	0.0009073229	-4.66887	9.877183	1
35293	ARSA	0.11937629	0.03327525	-1.8398738	17.862473	1
35301	GTPBP6	0.22585127	0.11772406	-0.9393774	11.964272	1
35310	IL3RA	0.0016937832	0.05717157	4.996742	11.8572645	1
35314	ASMTL	0.13507822	0.042759523	-1.657175	16.7605	1
35320	DHRSX	0.26418594	0.08879477	-1.5719292	30.840452	1
35324	CD99	2.3529406	1.2040939	-0.9664584	44.55244	1
35334	MXRA5	0.1079578	0.049913917	-1.1114018	6.635408	1
35341	NLGN4X	0.044572055	0.19140989	2.0999742	22.240381	1
35346	PNPLA4	0.14583673	0.087186925	-0.74150556	5.24901	1
35387	RAB9A	0.17785765	0.10054549	-0.8222514	7.7135034	1
35395	FANCB	0.030803878	0.005780996	-2.3936555	6.8573184	1
35401	PIR	0.12587579	0.041148376	-1.6107372	15.107448	1
35409	AP1S2	0.41534308	0.13881487	-1.5804497	44.55244	1
35415	SYAP1	0.38584316	0.23705947	-0.7025308	13.313052	1
35427	CDKL5	0.1888129	0.33580604	0.83033645	12.2782955	1
35435	PDHA1	0.39142153	0.26162028	-0.5810659	9.682116	1
35437	SH3KBP1	0.34532416	0.21428323	-0.6881769	10.524706	1
35449	SMPX	0.037475973	1.3242243e-09	-8.553648	13.325876	1
35450	MBTPS2	0.09534347	0.04815817	-0.98387337	5.5132813	1
35452	SMS	0.50239015	0.22585164	-1.1530813	38.54576	1
35461	PRDX4	1.6280568	0.39536512	-2.0416174	44.55244	1
35462	ACOT9	0.24121457	0.11232931	-1.1018969	16.59175	1
35464	SAT1	1.2770932	0.50762	-1.3308717	44.55244	1
35471	PDK3	0.1917654	0.06759357	-1.5030038	20.0556	1
35489	IL1RAPL1	0.0080447635	0.093259595	3.5188537	16.67037	1
35490	AC003659.1	0.0011437525	0.032369997	4.706336	6.965453	1
35523	DYNLT3	0.380324	0.1524575	-1.3182551	35.099396	1
35528	SRPX	0.3444873	0.038399037	-3.1619751	44.55244	1
35532	TSPAN7	0.017376523	0.12511563	2.8409247	19.133335	1
35546	ATP6AP2	0.94718665	0.4936346	-0.94006526	44.55244	1
35549	CXorf38	0.17714137	0.09655092	-0.8748599	8.460083	1
35597	CDK16	0.23645791	0.1196529	-0.9821329	13.402114	1
35605	TIMP1	2.8437872	1.0724374	-1.4068362	44.55244	1
35608	UXT	0.81093776	0.45563683	-0.8315681	43.64935	1
35624	FTSJ1	0.11198067	0.041705407	-1.422776	11.325169	1
35626	PORCN	0.053764954	0.019952077	-1.4255953	5.775557	1
35627	EBP	0.29915524	0.10732951	-1.4779861	31.225796	1
35628	TBC1D25	0.06967225	0.02176516	-1.6740195	8.964056	1
35640	PCSK1N	0.1857893	0.05220548	-1.8294097	21.469723	1
35643	SLC35A2	0.12542483	0.03289147	-1.9278077	19.681454	1
35645	OTUD5	0.16590333	0.099896364	-0.7312647	5.9446845	1
35650	PRAF2	0.3764779	0.1817797	-1.0499637	24.896027	1
35654	PLP2	0.5351275	0.12570025	-2.0890176	44.55244	1
35686	SHROOM4	0.051711805	0.020013198	-1.3651384	5.3394156	1
35694	NUDT11	0.067829594	0.016568987	-2.0268738	11.1787405	1
35700	MAGED1	0.86970305	0.41811258	-1.0564524	44.55244	1
35720	TSPYL2	0.21901338	0.10330545	-1.0833653	14.097505	1
35734	TSR2	0.25992593	0.17307346	-0.58643764	6.334474	1
35739	TRO	0.09896753	0.16493666	0.7363023	5.180242	1
35749	MAGEH1	0.3475729	0.19152899	-0.8594147	16.067608	1
35780	MSN	1.247371	0.58735985	-1.0864441	44.55244	1
35784	HEPH	0.17835684	0.08829108	-1.0136025	10.561857	1
35785	EDA2R	0.039327886	0.009563451	-2.0286062	6.578775	1
35789	YIPF6	0.35978732	0.23207156	-0.63235396	10.298841	1
35808	PDZD11	0.39348406	0.26003644	-0.59740335	10.307724	1
35809	KIF4A	0.05686329	0.0070838425	-2.987205	12.352634	1
35835	NHSL2	0.085248604	0.18890738	1.1470032	10.976521	1
35879	MAGT1	0.39552048	0.14368051	-1.4602488	43.137466	1
35881	ATP7A	0.2207521	0.123789474	-0.834027	9.615128	1
35882	PGK1	2.0529165	0.46347928	-2.1468573	44.55244	1
35885	CYSLTR1	0.0227648	0.07850397	1.7814739	7.4841976	1
35890	ITM2A	0.29722592	0.0043558786	-6.0601916	44.55244	1
35891	TBX22	0.016717248	1.3242243e-09	-7.393779	6.404819	1
35909	KLHL4	0.08330122	0.0020481977	-5.2788696	27.81034	1
35921	DIAPH2	0.15476146	0.28748593	0.89301485	11.898097	1
35927	TSPAN6	0.31994787	0.2242634	-0.5124503	6.2209797	1
35928	SRPX2	0.2020909	0.014935441	-3.749279	44.55244	1
35929	SYTL4	0.027234083	0.0064429124	-2.0626962	5.4088426	1
35938	DRP2	0.025221903	0.0009763173	-4.5562105	9.84278	1
35940	TIMM8A	0.10326403	0.046153028	-1.1601144	7.638299	1
35943	GLA	0.21128184	0.055212602	-1.9341712	30.37455	1
35946	ARMCX1	0.012608639	0.2254055	4.149281	42.95038	1
35947	ARMCX6	0.52678126	0.3305419	-0.67220837	16.902758	1
35948	ARMCX3	0.9127241	0.6155463	-0.56823516	25.156115	1
35952	ARMCX2	0.35629317	0.14312197	-1.3152168	31.616615	1
35955	TCEAL2	0.039440587	0.0021817863	-4.1150985	10.7562685	1
35977	BEX1	0.5286225	0.07458321	-2.823655	44.55244	1
35982	BEX2	0.107278824	0.22247389	1.051575	10.61273	1
35983	TCEAL7	0.3146241	0.17993134	-0.80583954	11.938908	1
35991	TCEAL3	0.5018081	0.25512165	-0.9756726	29.465977	1
35994	MORF4L2	1.0962539	0.54037815	-1.0204053	44.55244	1
36011	NRK	0.08142406	0.7851595	3.2678719	44.55244	1
36014	RADX	0.02046122	0.0028407334	-2.805678	5.4501324	1
36016	TBC1D8B	0.15725891	0.030529285	-2.3610752	30.763666	1
36017	MORC4	0.20503727	0.050233223	-2.0270066	33.21425	1
36034	COL4A6	0.21337776	0.030589728	-2.798258	44.251408	1
36035	COL4A5	0.41165408	0.25258234	-0.7044582	13.246437	1
36036	AL035425.3	0.015692797	1.3242243e-09	-7.303104	5.646314	1
36042	ACSL4	0.15319428	0.08084127	-0.92135644	7.9548182	1
36048	CHRDL1	0.018391453	0.0011018309	-3.9435527	5.118059	1
36051	DCX	0.0017241394	0.04084488	4.488395	8.654299	1
36059	AMOT	0.0954141	0.22658333	1.2468927	14.453105	1
36079	IL13RA1	0.27492034	0.080393255	-1.7725985	37.646347	1
36088	SLC25A43	0.07127487	0.027678216	-1.3614624	7.147447	1
36095	SEPTIN6	1.0464123	0.38118038	-1.4566652	44.55244	1
36100	RNF113A	0.14002703	0.06315333	-1.147522	10.265233	1
36112	LAMP2	0.67702985	0.26686656	-1.3427736	44.55244	1
36135	GRIA3	0.047690928	0.01098521	-2.108101	8.718977	1
36143	TENM1	0.0031431117	0.11629402	5.1654944	22.837168	1
36159	ZDHHC9	0.156424	0.056644373	-1.4638346	15.978869	1
36163	ELF4	0.019763587	0.0010338796	-4.130787	7.439544	1
36166	RAB33A	0.17006023	0.012163347	-3.794469	44.55244	1
36190	GPC3	0.32879406	0.045735426	-2.843088	44.55244	1
36194	HPRT1	0.15424097	0.06645439	-1.2135153	12.223472	1
36200	FAM122C	0.050303113	0.01673507	-1.5820432	6.0401835	1
36203	SMIM10	0.12499212	0.043164294	-1.531742	13.6112385	1
36205	RTL8C	0.88951075	0.60532176	-0.55523366	24.31135	1
36207	RTL8A	0.4561149	0.2925497	-0.64053875	13.320646	1
36233	FHL1	0.32998496	0.22572935	-0.5476044	7.0902615	1
36234	MAP7D3	0.18717368	0.104693234	-0.8376025	8.04304	1
36253	ATP11C	0.15032327	0.23278704	0.63060266	5.6243844	1
36259	LINC00632	0.57750434	0.97478753	0.7551542	36.19702	1
36263	LDOC1	0.17085604	0.30441368	0.8328815	11.346876	1
36295	AFF2	0.020424487	0.070394695	1.7801685	7.3782625	1
36301	CXorf40A	0.03827654	0.011112529	-1.775113	5.3803177	1
36305	TMEM185A	0.2254341	0.070311	-1.6794728	28.655191	1
36312	CXorf40B	0.07032193	0.027572641	-1.3475645	6.9788513	1
36315	MAMLD1	0.026526576	0.0010701903	-4.508052	9.53043	1
36320	HMGB3	0.24132669	0.13563001	-0.83084536	9.130978	1
36325	VMA21	0.20139857	0.12841424	-0.6488413	5.8235655	1
36350	CETN2	0.27534917	0.184901	-0.5742529	6.575003	1
36351	NSDHL	0.07815456	0.030683804	-1.3460032	7.5639687	1
36368	CCNQ	0.15400754	0.073202886	-1.0719955	10.221619	1
36369	DUSP9	0.017269695	1.3242243e-09	-7.4404097	6.484605	1
36370	PNCK	0.054100893	0.0010059281	-5.6149874	15.641381	1
36371	SLC6A8	0.42057866	0.02306362	-4.182786	44.55244	1
36372	BCAP31	0.6845107	0.4093425	-0.74162304	28.333416	1
36378	SSR4	2.0278437	1.2176085	-0.7358488	44.55244	1
36380	L1CAM	0.17802113	0.008247638	-4.415347	44.55244	1
36384	NAA10	0.53152055	0.31100887	-0.7729774	22.247717	1
36388	TMEM187	0.0745376	0.02595106	-1.5185606	8.44976	1
36400	EMD	0.45320824	0.2106992	-1.104623	32.708473	1
36403	DNASE1L1	0.111989915	0.022154441	-2.3324914	23.524555	1
36406	ATP6AP1	0.47418448	0.19076581	-1.3131939	44.55244	1
36407	GDI1	0.2783862	0.17184596	-0.69565064	9.038187	1
36408	FAM50A	0.7612572	0.33405885	-1.1880394	44.55244	1
36409	PLXNA3	0.21323259	0.06407378	-1.7330486	28.237658	1
36410	LAGE3	0.32667676	0.14977814	-1.1245153	22.748857	1
36411	UBL4A	0.16582999	0.051796313	-1.6768706	20.990583	1
36412	SLC10A3	0.10185653	0.04345843	-1.2269304	8.332305	1
36413	FAM3A	0.18104224	0.06496482	-1.4771733	19.36513	1
36415	G6PD	0.16994141	0.04892435	-1.7943158	23.552738	1
36423	DKC1	0.24633758	0.1265234	-0.9606781	13.666082	1
36426	F8	0.20811556	0.003949964	-5.6840253	44.55244	1
36429	FUNDC2	0.7175711	0.32743287	-1.1316831	44.55244	1
36430	CMC4	0.33225814	0.066003226	-2.329946	44.55244	1
36433	VBP1	0.37416622	0.22158147	-0.7555766	14.456756	1
36494	DDX3Y	0.51754177	0.31418055	-0.71990114	18.664783	1
36500	NLGN4Y	0.05737923	0.200663	1.8043807	20.291035	1
36519	EIF1AY	0.3763992	0.23599398	-0.67328537	11.540779	1
36562	MT-CO2	2.725888	4.044606	0.56925577	44.55244	1
36565	MT-CO3	2.9873924	4.2509604	0.50888777	44.55244	1
36566	MT-ND3	1.7647482	2.9590209	0.7456245	44.55244	1
36570	MT-ND6	0.37054086	0.5293945	0.5145939	9.5156145	1
36571	MT-CYB	2.528267	3.5988693	0.509378	44.55244	1
36584	AC004556.3	0.09598203	0.03648093	-1.3931749	9.304357	1
