	gene	expression_1	expression_2	log2FC	-log10 p-val	significant
6	AL627309.5	0.042151686	0.011647906	-1.8466054	7.992191	1
29	HES4	0.5366854	0.85484785	0.67149097	43.55244	1
44	SDF4	0.8966614	0.44475472	-1.01139	44.55244	1
52	PUSL1	0.1330494	0.07032752	-0.9188347	9.713984	1
55	CPTP	0.088225275	0.05176483	-0.76806974	5.0481477	1
68	VWA1	0.14268133	0.04215792	-1.7565136	23.738012	1
72	TMEM240	0.07274353	0.027433056	-1.4036361	9.2406845	1
75	FNDC10	0.104948014	0.03572857	-1.5518664	15.976832	1
79	MMP23B	0.3560517	0.008938378	-5.3002844	44.55244	1
94	PRKCZ	0.02069971	0.0025160867	-2.991081	6.1837745	1
113	TNFRSF14	0.0002581371	0.022535233	5.9819145	12.013497	1
136	TPRG1L	0.15179878	0.09517185	-0.6729884	6.538935	1
142	SMIM1	0.15080108	0.041371938	-1.8633957	24.85631	1
145	CEP104	0.15847641	0.1031145	-0.61953247	5.988356	1
177	ACOT7	0.09187685	0.030697186	-1.5784723	14.479358	1
180	ESPN	0.069316655	-2.5465852e-10	-9.439142	22.002623	1
189	THAP3	0.15418084	0.075512476	-1.0288627	12.8646755	1
202	VAMP3	0.45914227	0.28325844	-0.69662726	23.203665	1
207	TNFRSF9	0.01398658	-2.5465852e-10	-7.138181	5.6680756	1
211	ERRFI1	0.25632674	0.018586049	-3.7785132	44.55244	1
219	ENO1	2.7464192	1.2018965	-1.1921716	44.55244	1
226	LNCTAM34A	0.02167294	0.004513758	-2.238522	5.224397	1
237	CLSTN1	0.3781249	0.24289194	-0.6383358	15.800426	1
245	RBP7	0.0033499	0.120618396	5.1289473	44.55244	1
250	PGD	0.33456245	0.4777204	0.5137618	15.066246	1
277	FBXO2	0.038686026	0.0037330475	-3.3389733	11.526645	1
280	MAD2L2	0.22739835	0.07405164	-1.6173055	35.850784	1
282	AGTRAP	0.22507313	0.124004915	-0.8594744	14.479245	1
287	NPPA	0.026259614	0.0016120623	-3.9445221	7.7068815	1
290	KIAA2013	0.21366613	0.11751354	-0.8619792	14.120965	1
291	PLOD1	1.3441424	0.20489343	-2.7131438	44.55244	1
344	TMEM51	0.07837493	0.016815634	-2.2138746	16.697613	1
350	EFHD2	0.06477592	0.26851642	2.0497923	44.55244	1
367	FBLIM1	0.31072462	0.52465904	0.7555545	31.320204	1
369	AL450998.2	0.06270787	0.03019432	-1.0518981	5.587358	1
374	HSPB7	0.20633769	0.0033277827	-5.9122868	44.55244	1
377	FAM131C	0.0139182275	-2.5465852e-10	-7.1311636	6.0366025	1
401	BX284668.5	0.06407937	0.020235715	-1.6580938	9.983468	1
403	MFAP2	1.1496667	0.56324077	-1.0292612	44.55244	1
416	RCC2	0.17665297	0.27639952	0.64554244	11.903	1
433	EMC1	0.19846399	0.10536479	-0.91284263	14.188579	1
464	CAMK2N1	0.16585352	0.26313895	0.6655937	9.219768	1
467	CDA	0.0063495478	0.07786602	3.5955756	30.084272	1
470	DDOST	1.0356848	0.6717528	-0.62450725	44.55244	1
477	ECE1	0.9989794	0.36495283	-1.4524941	44.55244	1
485	USP48	0.48109186	0.3186492	-0.5941905	18.53219	1
487	HSPG2	0.28975523	0.12777479	-1.1806005	27.01179	1
503	EPHB2	0.060031816	0.0010533521	-5.7042236	23.376974	1
517	TCEA3	0.07986632	0.035515476	-1.1668882	7.657846	1
528	LYPLA2	0.20528987	0.2911037	0.50366354	8.435066	1
530	HMGCL	0.22674482	0.08198915	-1.4664422	31.779406	1
531	FUCA1	0.12787119	0.03752896	-1.7659037	20.902792	1
545	NIPAL3	0.06321675	0.030623365	-1.0432512	5.8245683	1
547	RCAN3	0.11659631	0.036391087	-1.677143	18.596582	1
552	CLIC4	0.6643871	0.35705593	-0.8956873	44.55244	1
568	LDLRAP1	0.054730576	0.025200771	-1.1157993	5.4504137	1
570	MAN1C1	0.076801874	0.0033129058	-4.493946	25.515018	1
584	TRIM63	0.02311676	-2.5465852e-10	-7.8590264	9.194617	1
599	DHDDS	0.1838361	0.110692814	-0.73134035	9.203562	1
614	TRNP1	0.05956394	0.0041348413	-3.8164794	19.695934	1
619	TMEM222	0.15589464	0.09822887	-0.6658094	6.841666	1
631	IFI6	0.2609145	0.1166442	-1.160779	23.996454	1
651	SESN2	0.13796009	0.062047705	-1.1515232	12.326571	1
655	SNHG3	0.14787064	0.21194732	0.5190753	5.995657	1
659	RAB42	0.029802112	0.06303463	1.0781842	6.39568	1
666	EPB41	0.09476211	0.03485422	-1.4403653	11.86948	1
667	TMEM200B	0.046665374	0.012249213	-1.9210217	9.12271	1
672	PTPRU	0.04915507	0.013368734	-1.870658	8.587207	1
687	SDC3	0.43448722	0.052786175	-3.0386832	44.55244	1
691	ZCCHC17	0.43187287	0.26625264	-0.69760317	21.850277	1
693	FABP3	0.10387571	0.020176737	-2.358349	21.796446	1
694	SERINC2	0.09629308	0.039727636	-1.2751597	10.611726	1
697	TINAGL1	0.0022097137	0.03572569	3.9552085	14.614812	1
702	COL16A1	0.07373305	0.12154965	0.72039354	6.1381454	1
703	ADGRB2	0.033408914	0.0074626883	-2.147574	7.8229117	1
705	SPOCD1	0.02164476	0.0037552598	-2.4957678	5.5158286	1
708	PTP4A2	0.99194896	0.6893045	-0.52506065	42.665947	1
717	CCDC28B	0.6011763	0.42173174	-0.5113606	18.577648	1
729	FAM229A	0.09392939	0.02829053	-1.727702	15.634133	1
731	ZBTB8B	0.026385168	0.0020366965	-3.6317308	9.234252	1
732	ZBTB8A	0.28413448	0.14541723	-0.96589154	20.631462	1
738	YARS	0.3612141	0.17622773	-1.0349941	29.176563	1
742	TMEM54	0.13930877	0.025538364	-2.4429452	31.124575	1
746	AK2	0.32457885	0.22453767	-0.5314135	10.124646	1
757	CSMD2	0.015975427	-2.5465852e-10	-7.3287168	6.74944	1
767	GJA4	0.015438667	0.2746932	4.1444116	44.55244	1
770	TMEM35B	0.3188127	0.2213748	-0.526019	9.37362	1
777	KIAA0319L	0.24731389	0.1612625	-0.6166212	9.637403	1
792	ADPRHL2	0.19814155	0.10955376	-0.85430396	12.542311	1
797	SH3D21	0.13050537	0.027679428	-2.2331254	26.390213	1
816	GNL2	0.24693166	0.15485322	-0.67286307	10.84659	1
820	CDCA8	0.05346862	0.002417374	-4.4113965	13.876377	1
854	HEYL	0.114121616	0.29443327	1.3665948	38.405663	1
858	PPIE	0.25232968	0.173729	-0.5382126	7.882279	1
870	PPT1	0.20429301	0.1063215	-0.94155616	15.156745	1
871	RLF	0.36873668	0.19507082	-0.91824466	27.02851	1
875	COL9A2	0.10091247	0.0008725902	-6.698486	31.54182	1
892	KCNQ4	1.2732926e-09	0.013523873	7.089975	7.534804	1
922	P3H1	0.7683474	0.2381755	-1.6893159	44.55244	1
923	C1orf50	0.24185237	0.17065284	-0.5028135	6.900318	1
930	SLC2A1	0.55679506	0.0150068095	-5.2041345	44.55244	1
942	CDC20	0.075788096	0.0065542352	-3.511529	14.185323	1
944	MED8	0.42051768	0.2819588	-0.5765136	15.799188	1
950	PTPRF	0.22723518	0.03856437	-2.5557444	44.55244	1
961	B4GALT2	0.18100841	0.07880678	-1.1986324	19.176199	1
973	KIF2C	0.056373145	0.0026597313	-4.354965	15.436164	1
977	PLK3	0.093122825	0.05001662	-0.895394	6.3762774	1
979	BTBD19	0.016475534	0.04632913	1.4859749	7.453827	1
993	AKR1A1	0.5309769	0.37512922	-0.5011486	16.178919	1
1001	PIK3R3	0.094556205	0.14879292	0.65350616	6.4694085	1
1018	MKNK1	0.0674719	0.035595644	-0.9206754	5.19275	1
1026	CYP4X1	0.0016922882	0.03858834	4.4320245	17.218086	1
1035	CMPK1	0.48451564	0.32579392	-0.57243854	18.40863	1
1052	BEND5	0.17123666	0.05366542	-1.6720834	23.788744	1
1081	TXNDC12	0.5787412	0.28676435	-1.012799	44.55244	1
1094	GPX7	0.50963616	0.21232341	-1.262808	44.55244	1
1108	CZIB	0.3424766	0.23846747	-0.5220292	10.479792	1
1125	HSPB11	0.33471167	0.22276862	-0.58715624	12.103378	1
1126	LRRC42	0.22131422	0.14036669	-0.65651983	9.420838	1
1133	MRPL37	0.2543828	0.15833989	-0.68363243	11.721352	1
1140	ACOT11	0.09655433	0.031203507	-1.6265101	14.248208	1
1144	TTC4	0.1268782	0.08105204	-0.64588153	5.452831	1
1149	DHCR24	0.09670811	0.17390166	0.84590125	11.451366	1
1158	USP24	0.13960071	0.07856482	-0.8285487	8.301011	1
1167	PRKAA2	0.041555792	0.0009691673	-5.2839575	14.255068	1
1173	DAB1	0.022758612	0.0007875796	-4.6867175	7.6302104	1
1182	JUN	0.67822325	0.2764364	-1.2945038	44.55244	1
1199	AC099792.1	0.016363297	-2.5465852e-10	-7.363113	6.3137174	1
1208	L1TD1	0.004862506	0.033099942	2.7420402	10.37257	1
1209	KANK4	0.004423357	0.028929181	2.6820383	8.856084	1
1210	USP1	0.22985442	0.14183305	-0.6961373	10.268709	1
1226	ITGB3BP	0.17980984	0.08985178	-1.0000503	13.822839	1
1230	PGM1	0.34928337	0.116663694	-1.5812191	44.55244	1
1231	ROR1	0.024729593	0.058363568	1.2354773	6.8187213	1
1240	AK4	0.45876127	0.015854826	-4.8459935	44.55244	1
1241	DNAJC6	0.01679908	0.0019695517	-3.0295544	5.8638844	1
1244	LEPR	0.05776284	0.021783106	-1.4028196	7.6508827	1
1247	PDE4B	0.18409047	0.011613273	-3.9749823	44.55244	1
1249	SGIP1	0.06308773	0.014763266	-2.0878935	12.632358	1
1251	TCTEX1D1	0.005193214	0.024216482	2.1997187	7.004049	1
1263	GADD45A	0.58652055	0.24513786	-1.258246	44.55244	1
1267	WLS	0.34388605	0.20887984	-0.71898615	16.729053	1
1269	DEPDC1	0.052649472	0.0021016914	-4.5824723	14.081582	1
1285	ANKRD13C	0.12817839	0.08245503	-0.63585013	5.18946	1
1288	CTH	0.022779647	0.0043274206	-2.3695266	5.542675	1
1292	PTGER3	0.072603695	0.0044085598	-4.01129	21.439915	1
1336	PIGK	0.18032134	0.079423316	-1.18192	18.67326	1
1338	AK5	0.032223646	0.0020881975	-3.884775	11.516298	1
1343	MIGA1	0.22528537	0.11643494	-0.9516312	16.416876	1
1345	NEXN	0.1796314	0.096604906	-0.8941815	10.706848	1
1347	DNAJB4	0.17478226	0.058619108	-1.574482	26.909695	1
1353	IFI44L	0.04137316	0.088761486	1.0993803	8.550247	1
1354	IFI44	0.052335396	0.14837499	1.5016071	22.888573	1
1376	TTLL7	0.32161915	0.091307744	-1.8154134	44.55244	1
1387	CTBS	0.3327952	0.17674266	-0.91260177	23.636478	1
1391	SSX2IP	0.13010545	0.041567147	-1.6438075	20.282637	1
1393	LPAR3	0.024170468	-2.5465852e-10	-7.923062	9.177606	1
1398	C1orf52	0.25930297	0.17088404	-0.60133326	9.750226	1
1401	DDAH1	0.04348637	0.012318599	-1.8113748	8.095988	1
1403	AC092807.3	0.027748743	0.0065222397	-2.072221	5.6450224	1
1405	CCN1	0.54720455	0.30468222	-0.84456515	24.662191	1
1408	COL24A1	0.014878886	0.048590045	1.7006966	9.277241	1
1410	ODF2L	0.34330824	0.5097561	0.5701655	19.248528	1
1419	HS2ST1	0.18750204	0.11855155	-0.66094446	8.007736	1
1423	LMO4	0.8313758	0.24792509	-1.7451882	44.55244	1
1429	KYAT3	0.25695473	0.15677677	-0.7124437	12.78592	1
1431	GBP3	0.15382954	0.096534014	-0.6716672	6.8582377	1
1432	GBP1	0.05036814	0.08880277	0.8168554	5.5902786	1
1433	GBP2	0.32299814	0.039177686	-3.0401905	44.55244	1
1436	GBP4	0.55236256	0.017045915	-5.00994	44.55244	1
1442	LRRC8B	0.09008354	0.029919993	-1.5869405	13.815634	1
1443	LRRC8C-DT	0.06141957	0.009157489	-2.7323525	15.229774	1
1445	LRRC8C	0.08304968	0.02058373	-2.0072143	16.821655	1
1448	LRRC8D	0.07926346	0.029199086	-1.4376193	10.641826	1
1457	LINC02609	0.043626394	0.014015142	-1.6312609	6.80253	1
1481	CCDC18-AS1	0.2801835	0.13512895	-1.0514827	22.81683	1
1483	FNBP1L	0.65844244	0.44772038	-0.5563563	23.467527	1
1484	BCAR3	0.15373568	0.08336568	-0.88213515	9.812808	1
1488	GCLM	0.0900378	0.18751982	1.057608	18.058048	1
1503	TLCD4	0.017661497	0.00055952347	-4.7511854	7.2342954	1
1518	DPYD	0.028426375	0.0059301225	-2.2420373	7.44014	1
1527	PLPPR5	0.016083078	0.00041845976	-4.9641104	6.291732	1
1531	PALMD	0.08829492	0.045744754	-0.9472068	6.086339	1
1538	SASS6	0.061237965	0.028241578	-1.1138602	6.158758	1
1540	LRRC39	0.012023619	0.04342799	1.844123	9.367874	1
1544	RTCA	0.32360023	0.22862154	-0.5010661	9.427175	1
1552	EXTL2	0.31294268	0.21955009	-0.5111522	9.135245	1
1565	COL11A1	0.45590594	0.033788547	-3.7501829	44.55244	1
1568	RNPC3	0.25362274	0.13125679	-0.9497619	17.395971	1
1581	VAV3	0.059068307	0.26785663	2.179103	44.55244	1
1600	CLCC1	0.14540619	0.07750156	-0.90692294	10.526442	1
1604	TMEM167B	0.19699876	0.12250742	-0.6848724	9.080161	1
1610	PSRC1	0.05076756	0.018417738	-1.457838	6.7442646	1
1612	SORT1	0.074133955	0.12486063	0.75132245	7.1331663	1
1620	GNAI3	0.8100313	0.5551443	-0.5450331	32.6084	1
1623	AMPD2	0.11638829	0.059944175	-0.9560888	8.483708	1
1626	GSTM2	0.07190771	0.035965748	-0.997522	5.73247	1
1631	GSTM3	0.64193356	0.39392814	-0.7043502	35.68557	1
1636	CSF1	0.056477085	0.09602873	0.7647498	5.3364177	1
1665	LRIF1	0.29434082	0.20484273	-0.5227568	8.688063	1
1667	DRAM2	0.21563591	0.1460024	-0.56228656	7.0197635	1
1675	PIFO	0.03668735	0.010335115	-1.8177634	6.8154883	1
1679	WDR77	0.05695311	0.10679008	0.9057506	8.277141	1
1686	INKA2	0.023732416	0.004343056	-2.423301	5.982362	1
1708	SLC16A1	0.3771958	0.11297897	-1.7383653	44.55244	1
1712	LRIG2	0.1372498	0.08964714	-0.613917	5.1972685	1
1724	OLFML3	0.31010884	0.17564172	-0.81978303	17.560486	1
1726	SYT6	0.00041441462	0.018345369	5.164183	8.784112	1
1734	SIKE1	0.31498834	0.20660451	-0.6081865	12.226475	1
1741	NGF	0.023181163	0.068340786	1.5556933	10.164339	1
1743	VANGL1	0.04190269	0.0829894	0.9841827	7.2756367	1
1752	ATP1A1	0.75830996	0.20698096	-1.8727831	44.55244	1
1758	CD58	0.11606505	0.07252181	-0.6777012	5.2765846	1
1759	IGSF3	0.17214987	0.046410643	-1.8888701	30.460424	1
1763	PTGFRN	0.29360914	0.1769652	-0.7301073	14.678092	1
1778	TBX15	1.2732926e-09	0.021887792	7.7805405	11.892108	1
1781	WARS2	0.039020117	0.10625092	1.4428499	16.137974	1
1790	LINC00622	0.009101665	0.044029746	2.2617848	11.519871	1
1791	ZNF697	0.0576945	0.1400354	1.2778175	17.48971	1
1792	PHGDH	0.6672358	0.42888325	-0.6374916	26.647911	1
1796	NOTCH2	0.29074603	0.43008938	0.56471634	14.780163	1
1809	SRGAP2C	0.21110167	0.13227357	-0.67400604	9.19206	1
1822	LINC02802	0.2958796	0.08424459	-1.8111303	44.55244	1
1853	TXNIP	1.3997017	0.5659423	-1.3062407	44.55244	1
1858	NOTCH2NLA	0.057242323	0.10443184	0.8662702	7.1730595	1
1864	PRKAB2	0.17440191	0.07908274	-1.1399848	16.101824	1
1872	GJA5	0.058060165	0.0020614995	-4.749927	17.107676	1
1888	NBPF14	0.10007893	0.20972711	1.0666219	20.448711	1
1895	NBPF9	0.02836758	0.05909253	1.0560952	5.8112645	1
1899	NBPF19	0.0656349	0.11828831	0.84879524	7.6648045	1
1914	HIST2H2AC	0.105730966	0.050849974	-1.0546085	8.949077	1
1917	SV2A	0.0806966	0.022977388	-1.8078147	13.504306	1
1919	MTMR11	0.0574105	0.016850673	-1.7624829	9.741052	1
1925	ANP32E	0.5369228	0.2867936	-0.90446776	38.579037	1
1928	APH1A	0.52173334	0.31801888	-0.7140233	29.02212	1
1930	CIART	0.032282427	0.0054425285	-2.546595	8.11261	1
1935	ECM1	0.6789951	0.03921758	-4.1103673	44.55244	1
1942	GOLPH3L	0.0767488	0.03573044	-1.100837	7.075985	1
1945	CTSK	0.088543184	0.01062602	-3.046895	22.456722	1
1958	MLLT11	0.7232566	0.32105294	-1.1714467	44.55244	1
1976	SELENBP1	0.11191818	0.06593209	-0.7624937	5.9551225	1
2004	S100A10	2.3878913	0.70627	-1.7573016	44.55244	1
2066	S100A6	1.0984808	0.37059236	-1.5673468	44.55244	1
2068	S100A4	0.44753405	0.20629439	-1.116916	27.072971	1
2069	S100A3	0.04579419	0.0093714325	-2.276657	10.623187	1
2072	S100A16	0.8206301	0.01738394	-5.5528054	44.55244	1
2080	NPR1	0.19612515	0.047368955	-2.0474536	32.78377	1
2084	SLC27A3	0.545704	0.19046623	-1.5180906	44.55244	1
2089	SLC39A1	0.4374449	0.22553472	-0.95544195	37.296627	1
2093	JTB	0.7936218	0.48073158	-0.7231018	44.55244	1
2095	RAB13	1.6172527	0.93802506	-0.78578216	44.55244	1
2100	C1orf43	0.54042065	0.37274942	-0.53575677	18.168045	1
2102	HAX1	0.47859678	0.32043785	-0.5786174	17.60094	1
2106	IL6R	0.019616928	0.062743716	1.6723337	11.5476675	1
2120	PBXIP1	0.23624891	0.16016255	-0.5604808	7.4739246	1
2124	CKS1B	0.3770113	0.20327121	-0.8908749	21.570005	1
2131	ADAM15	0.08128935	0.01850771	-2.1289396	17.609074	1
2132	EFNA4	0.1618988	0.05372644	-1.5895963	24.262281	1
2133	EFNA3	0.07446915	0.004563718	-3.9990263	22.48901	1
2135	SLC50A1	0.22639388	0.092443824	-1.2912633	27.090664	1
2136	DPM3	0.25434428	0.1636343	-0.63599306	10.255325	1
2137	KRTCAP2	1.2631836	0.8023279	-0.65473485	44.55244	1
2138	TRIM46	0.03348198	0.008192694	-2.0177748	6.875869	1
2141	THBS3	0.06917776	0.01673143	-2.0412347	14.522828	1
2146	SCAMP3	0.18961199	0.10113963	-0.90603673	13.164223	1
2163	SYT11	0.13589808	0.020689063	-2.7096896	36.570118	1
2164	RIT1	0.37947792	0.20670441	-0.87612915	25.954014	1
2167	ARHGEF2	0.18825236	0.112460464	-0.7427339	9.278346	1
2175	MEX3A	0.28340524	0.19549063	-0.53553814	8.1311	1
2190	C1orf61	0.025388077	0.0035984055	-2.784847	5.698556	1
2191	MEF2D	0.14825472	0.23088816	0.638768	9.718759	1
2203	NES	0.5742979	0.3237546	-0.82670426	34.16498	1
2206	CRABP2	0.7881976	0.07678891	-3.357893	44.55244	1
2211	HDGF	0.49310878	0.32990238	-0.5797221	18.35036	1
2215	NTRK1	0.03106392	-2.5465852e-10	-8.283736	13.029096	1
2217	PEAR1	0.09308734	0.04312296	-1.1083361	8.64238	1
2235	CD1D	0.025656777	0.00074774754	-4.9251738	11.194004	1
2258	IFI16	0.93636364	0.6228978	-0.58799595	41.596752	1
2279	TAGLN2	0.9649528	0.51710814	-0.8998629	44.55244	1
2287	IGSF8	0.15152527	0.059225384	-1.3537889	18.610228	1
2292	PEA15	0.24077658	0.110023744	-1.1291685	23.474632	1
2296	COPA	0.85026246	0.5530525	-0.6204007	42.49174	1
2297	NCSTN	0.21558636	0.14411665	-0.58069724	7.7213635	1
2313	F11R	0.108613126	0.0067789494	-3.9821942	35.786816	1
2314	TSTD1	0.09690215	0.0025510383	-5.193387	33.01782	1
2315	USF1	0.014279976	0.036654264	1.3538504	5.449072	1
2328	ADAMTS4	0.036600307	0.00851703	-2.0905297	7.667512	1
2330	FCER1G	0.0008092208	0.017050968	4.2375154	8.898873	1
2331	APOA2	0.05413524	0.00038674762	-6.799913	13.1129055	1
2342	FCGR2A	0.007305652	0.051035017	2.787613	17.487387	1
2354	OLFML2B	0.0060424404	0.08467667	3.7867835	34.199177	1
2364	UAP1	0.185059	0.084517725	-1.1297328	17.937723	1
2366	DDR2	0.28649658	0.17799687	-0.6863591	12.228661	1
2369	RGS4	0.09047181	0.011477416	-2.9677486	20.4999	1
2370	RGS5	0.802142	0.15636195	-2.3582258	44.55244	1
2374	NUF2	0.05745219	0.0051623005	-3.4511054	13.598289	1
2391	UCK2	0.053909615	0.024928842	-1.1096247	5.366891	1
2414	CREG1	0.32644913	0.100102544	-1.7043809	44.55244	1
2416	RCSD1	0.21740483	0.0393217	-2.4639854	44.55244	1
2417	MPZL1	0.47442445	0.32187995	-0.5595116	17.03537	1
2437	ATP1B1	0.67632276	0.12720385	-2.4096491	44.55244	1
2461	PRRX1	0.33427957	0.09626014	-1.7949783	44.55244	1
2477	DNM3OS	0.17895569	0.2841203	0.6666011	12.285885	1
2481	SUCO	0.44315004	0.30163866	-0.5548212	15.104526	1
2492	ANKRD45	0.023222996	0.004647767	-2.296432	5.4189906	1
2505	RABGAP1L	0.1478107	0.09957491	-0.56942403	5.0009594	1
2513	KIAA0040	0.011544904	0.03205898	1.465523	5.2442493	1
2539	RALGPS2	0.052458733	0.09973766	0.9256536	7.928461	1
2561	QSOX1	0.47866073	0.07123422	-2.7466385	44.55244	1
2589	RGS16	0.09291323	0.45294842	2.2841573	44.55244	1
2593	NPL	0.0062187538	0.06677661	3.4037898	25.197777	1
2597	LAMC1	0.77995515	0.5097514	-0.6134994	34.427708	1
2608	RGL1	0.41707706	0.1493823	-1.4806851	44.55244	1
2611	COLGALT2	0.05869192	0.013404321	-2.122197	12.129619	1
2616	C1orf21	0.6282467	0.15328445	-2.0344086	44.55244	1
2621	NIBAN1	0.1480611	0.08631814	-0.7777605	7.161436	1
2626	IVNS1ABP	0.17448434	0.30288842	0.79533845	17.792116	1
2640	PTGS2	0.28872877	0.0041323123	-6.0926247	44.55244	1
2670	RGS2	0.22637285	0.12776281	-0.8247415	10.486872	1
2672	RO60	0.6183064	0.40293485	-0.6176508	27.530676	1
2673	GLRX2	0.2263386	0.13626866	-0.7316078	10.751568	1
2674	CDC73	0.40246582	0.27019182	-0.57470685	14.394665	1
2693	ASPM	0.14612058	0.006873537	-4.390112	22.264528	1
2707	MIR181A1HG	0.29106852	0.48720643	0.7429749	27.123554	1
2719	KIF14	0.04970164	0.004104507	-3.5661848	12.6578455	1
2725	KIF21B	0.025695432	0.1094582	2.08651	26.569252	1
2730	TMEM9	0.43265375	0.16877	-1.3576332	44.55244	1
2734	TNNT2	0.42420208	0.0055994354	-6.218129	44.55244	1
2737	TNNI1	0.39902523	0.029336559	-3.7611606	44.55244	1
2738	PHLDA3	0.4758082	0.23167263	-1.037973	41.03353	1
2742	NAV1	0.6649317	0.25655967	-1.3735666	44.55244	1
2747	SHISA4	0.11804131	0.03387903	-1.7977968	20.725391	1
2749	LMOD1	0.011771124	-2.5465852e-10	-6.8913164	5.474056	1
2756	ARL8A	0.25635505	0.13995771	-0.8726845	17.27889	1
2759	UBE2T	0.09394754	0.029600756	-1.6628906	12.883259	1
2766	PCAT6	0.13829628	0.0342771	-2.0092852	25.230965	1
2769	ADIPOR1	0.25766122	0.16605364	-0.63351727	10.611522	1
2770	CYB5R1	0.1716847	0.091078036	-0.91384333	12.126834	1
2772	PPFIA4	0.065997235	0.0020764575	-4.924536	22.622324	1
2782	BTG2	0.2437467	0.113247074	-1.1052272	18.660107	1
2783	FMOD	0.05957342	-2.5465852e-10	-9.220948	18.841698	1
2784	PRELP	0.03717695	-2.5465852e-10	-8.542144	13.821025	1
2786	ATP2B4	0.35248324	0.17417325	-1.0166126	28.43699	1
2796	ETNK2	0.045824442	0.01755823	-1.3789215	5.801932	1
2801	PLEKHA6	0.042243686	0.0035164254	-3.5495107	12.978344	1
2809	LRRN2	0.0025755248	0.02927141	3.4565187	12.117654	1
2833	SLC41A1	0.11316621	0.06457056	-0.80853647	6.557246	1
2838	RAB7B	0.1157068	0.04451053	-1.3762639	14.033819	1
2846	SRGAP2	0.17321959	0.094873644	-0.8678356	11.44797	1
2859	FCMR	0.06341143	0.025884388	-1.2893711	7.187649	1
2865	C4BPB	1.2732926e-09	0.008631787	6.448187	5.1831203	1
2907	SERTAD4-AS1	0.06524334	0.003992339	-3.9970427	20.91931	1
2908	SERTAD4	0.05377508	0.004079617	-3.6881754	16.603823	1
2916	TRAF5	0.19054641	0.11886473	-0.6803654	8.314453	1
2925	NEK2	0.03488886	0.0014103767	-4.5339155	10.501411	1
2931	DTL	0.035977326	0.006373758	-2.4784172	8.407793	1
2934	PPP2R5A	0.1291906	0.0648629	-0.99292946	10.215158	1
2940	NENF	0.7531774	0.37776604	-0.9953065	44.55244	1
2946	ATF3	0.13741109	0.034657475	-1.9841527	21.365808	1
2952	TATDN3	0.10309314	0.05067063	-1.023281	8.760489	1
2958	ANGEL2	0.1617359	0.10516195	-0.6205477	6.182546	1
2959	RPS6KC1	0.20810287	0.12551644	-0.7289646	10.052442	1
2964	PROX1	0.021865692	0.002890554	-2.8767672	5.8420973	1
2971	CENPF	0.22716053	0.044761155	-2.3408084	21.568495	1
2990	TGFB2	0.22358927	0.041193783	-2.4374995	44.55244	1
3003	EPRS	0.7473505	0.31269926	-1.256741	44.55244	1
3010	MARK1	0.030038606	0.073962964	1.2971396	9.725936	1
3012	MARC2	0.07276549	0.029917752	-1.2794199	8.0217495	1
3023	DUSP10	0.07431352	0.0104019465	-2.824908	19.363813	1
3036	AIDA	0.43910635	0.30046242	-0.5472343	14.965747	1
3041	DISP1	0.045978032	0.092084445	1.0004442	7.935586	1
3046	SUSD4	0.036047272	0.076760225	1.0883504	7.4653134	1
3049	CAPN2	0.60929376	0.33434808	-0.8655925	44.55244	1
3058	WDR26	0.2132149	0.31837615	0.57820046	11.768104	1
3069	ENAH	0.7416692	0.30410215	-1.28594	44.55244	1
3075	TMEM63A	0.10513354	0.16940756	0.687755	8.030303	1
3084	ACBD3	0.8251246	0.44763616	-0.8821382	44.55244	1
3095	PSEN2	0.014754617	0.06959157	2.2300727	17.542187	1
3105	SNAP47	0.13028494	0.066814326	-0.9623902	9.819247	1
3113	ARF1	1.3628136	0.8194591	-0.7337742	44.55244	1
3115	MRPL55	0.36825684	0.22799517	-0.69146806	18.03562	1
3117	GUK1	1.8919599	1.2345754	-0.615826	44.55244	1
3133	HIST3H2A	0.102083035	0.06013746	-0.76242286	5.162952	1
3135	RNF187	0.5075358	0.33531782	-0.5978346	20.202711	1
3136	RHOU	0.20066012	0.00896763	-4.4686036	44.55244	1
3145	CCSAP	0.06450736	0.026115159	-1.3012972	7.717829	1
3155	GALNT2	0.40252474	0.16050248	-1.3259416	44.55244	1
3158	PGBD5	0.016643653	0.0013543786	-3.5251396	5.2781687	1
3163	AGT	0.058059666	0.00092941785	-5.8201184	16.043884	1
3167	C1orf198	0.09047246	0.03851398	-1.2299491	9.558001	1
3180	EGLN1	0.2723468	0.0804774	-1.7575272	44.55244	1
3195	PCNX2	0.06396506	0.020537062	-1.6343002	11.242039	1
3198	KCNK1	0.058988582	0.004225317	-3.7720017	16.868265	1
3210	TARBP1	0.08051907	0.13683283	0.7642753	7.954643	1
3215	IRF2BP2	0.6518165	0.36324066	-0.8433645	44.55244	1
3247	ERO1B	0.036516916	0.08186138	1.1624339	8.977267	1
3254	ACTN2	0.034759916	0.005690377	-2.58984	9.1660795	1
3258	RYR2	0.017062208	0.0008970551	-4.105418	6.2161794	1
3263	LINC01139	0.0022018973	0.02605636	3.5062664	10.428848	1
3298	CEP170	0.71305174	0.48338705	-0.5607319	27.35156	1
3302	AKT3	0.3223496	0.16538732	-0.962353	25.293425	1
3316	DESI2	0.4281247	0.2652141	-0.69066674	21.092447	1
3320	COX20	0.54038924	0.3460445	-0.6428916	23.999	1
3329	SMYD3	0.15582332	0.09955265	-0.6458566	6.5097528	1
3335	CNST	0.09711977	0.039817672	-1.2842221	11.022354	1
3406	ZNF672	0.09974608	0.038410757	-1.3744442	12.8396435	1
3412	SH3YL1	0.21805312	0.12588641	-0.79207295	12.157436	1
3445	PXDN	1.4235084	0.9806875	-0.5375399	44.55244	1
3463	ADI1	0.29974955	0.5161181	0.783742	32.24392	1
3470	COLEC11	0.8160603	0.010931996	-6.209087	44.55244	1
3496	RNF144A-AS1	0.0017090872	0.029905047	4.0518713	12.661197	1
3497	RNF144A	0.027037514	0.11340668	2.064417	26.364645	1
3513	ID2	0.65888506	0.13160935	-2.3228881	44.55244	1
3515	MBOAT2	0.2052302	0.06946869	-1.5614358	32.10363	1
3520	ASAP2	0.14344649	0.071019605	-1.0131989	12.041505	1
3521	ITGB1BP1	0.6704154	0.4008035	-0.7420155	41.12952	1
3540	CYS1	0.033373248	0.007081413	-2.220669	7.585934	1
3542	RRM2	0.07252924	0.0045931367	-3.9519262	17.83075	1
3544	HPCAL1	0.04689266	0.013116305	-1.8301167	8.011139	1
3545	ODC1	0.31578952	0.08393143	-1.9104191	44.55244	1
3559	SLC66A3	0.090324454	0.03351456	-1.4276267	12.387358	1
3577	TRIB2	0.36151892	0.54334176	0.5876554	20.732384	1
3587	NBAS	0.25761706	0.1691296	-0.6068061	9.789917	1
3595	MYCN	0.01767957	0.0004073882	-5.1309867	6.4613633	1
3610	VSNL1	0.06769262	0.0012430904	-5.6575003	24.380978	1
3614	KCNS3	0.0959977	0.030935641	-1.630576	13.711835	1
3638	RHOB	0.33171234	0.6039317	0.8642569	42.31189	1
3644	GDF7	0.0106875105	0.03826784	1.8305357	8.172589	1
3665	KLHL29	0.016499178	0.083371475	2.3301716	22.058996	1
3672	FKBP1B	0.17295434	0.1150281	-0.5879851	5.973211	1
3674	FAM228B	0.15556015	0.06752139	-1.202848	15.723883	1
3691	EFR3B	0.036914043	0.008919199	-2.0370016	7.6485577	1
3699	KIF3C	0.071958534	0.031204963	-1.202778	7.9730806	1
3701	GAREM2	0.052798193	0.02005347	-1.3921902	6.894547	1
3712	KCNK3	0.028980164	-2.5465852e-10	-8.183895	9.751483	1
3714	CENPA	0.04388435	0.002077121	-4.336497	12.502424	1
3719	TMEM214	0.24248108	0.10362612	-1.2256879	27.144506	1
3726	EMILIN1	1.053787	0.2707679	-1.960059	44.55244	1
3727	KHK	0.022991043	0.0043754065	-2.3672428	5.9666348	1
3728	CGREF1	0.01704958	0.0009336853	-4.0523043	6.8563004	1
3734	ATRAID	1.0071342	0.50617373	-0.9924096	44.55244	1
3751	FNDC4	0.11173282	0.03928121	-1.5057641	16.062506	1
3756	GPN1	0.1875645	0.11479841	-0.70779693	9.089023	1
3762	BABAM2	0.15291978	0.10162726	-0.58901185	5.572558	1
3765	FOSL2	0.16058406	0.033208203	-2.2702775	34.357246	1
3772	PPP1CB	0.54996705	0.34058034	-0.6911888	28.331879	1
3787	LBH	0.22814512	0.48186222	1.078336	44.55244	1
3793	GALNT14	0.031165948	0.0026873434	-3.4876294	10.237987	1
3796	EHD3	0.18604144	0.09426211	-0.9801197	13.530847	1
3819	LTBP1	0.7100404	0.013766692	-5.6784086	44.55244	1
3821	RASGRP3	0.066388294	0.014518899	-2.1852658	13.245832	1
3823	FAM98A	0.37985232	0.21147919	-0.8446206	24.829952	1
3833	CRIM1	0.105025254	0.045289487	-1.2116791	10.198923	1
3842	CEBPZOS	0.26030222	0.13141057	-0.9855628	20.61141	1
3849	QPCT	0.11048753	0.011690843	-3.22945	29.07694	1
3855	RMDN2	0.027416207	0.059018943	1.1033388	6.213278	1
3857	CYP1B1	0.16016604	0.29079676	0.8600384	15.606309	1
3914	PLEKHH2	0.03992901	0.11635194	1.5406168	17.959288	1
3923	PREPL	0.22244151	0.15473965	-0.5232995	6.4476757	1
3955	MCFD2	0.72007227	0.450805	-0.67551863	40.110085	1
3964	EPCAM	0.03267872	0.007587079	-2.0922523	6.576013	1
3968	MSH6	0.3473686	0.23362324	-0.5720813	11.793375	1
3983	NRXN1	0.08251193	0.0405604	-1.0227257	5.7316327	1
3996	ERLEC1	0.75059307	0.42108935	-0.8337543	44.55244	1
4003	SPTBN1	1.7096264	0.99122894	-0.78632975	44.55244	1
4010	RTN4	1.5860915	0.82025015	-0.9512552	44.55244	1
4021	EFEMP1	0.03925411	-2.5465852e-10	-8.620375	13.047006	1
4026	CCDC85A	0.004619454	0.020181658	2.1034837	5.2669783	1
4050	KIAA1841	0.108845726	0.05537812	-0.97361875	8.468008	1
4057	XPO1	0.61039096	0.4155982	-0.5544334	22.562534	1
4059	FAM161A	0.1049386	0.056170613	-0.90046597	7.0258293	1
4077	UGP2	0.520635	0.34175393	-0.6071695	21.142975	1
4091	SERTAD2	0.124198586	0.06013422	-1.0451546	10.70209	1
4096	SLC1A4	0.042952143	0.01410149	-1.6000428	6.6699147	1
4099	RAB1A	0.69062454	0.48770526	-0.50180525	23.864712	1
4111	MEIS1	0.057314597	0.17328645	1.5945017	29.241415	1
4144	ANTXR1	0.56335896	0.87661153	0.63779163	44.55244	1
4146	GFPT1	0.46400627	0.22017357	-1.0751588	44.251408	1
4161	PCYOX1	0.57450366	0.3673876	-0.64487165	27.532562	1
4183	MCEE	0.11398756	0.04457723	-1.3525299	13.758451	1
4196	RAB11FIP5	0.050759252	0.0047423923	-3.3927186	15.126404	1
4227	MTHFD2	0.49073467	0.10936262	-2.1647987	44.55244	1
4233	WDR54	0.3916922	0.06790267	-2.5264254	44.55244	1
4234	RTKN	0.08946613	0.040648896	-1.1361923	8.543386	1
4237	MOGS	0.12870401	0.07983531	-0.6882726	6.1733046	1
4250	LOXL3	0.4441977	0.029736813	-3.8963614	44.55244	1
4251	DOK1	0.10000793	0.040021393	-1.3191125	11.761445	1
4257	HK2	0.1417602	0.0091873305	-3.9330623	40.42034	1
4264	EVA1A	0.016444718	0.13300596	3.0081327	44.55244	1
4317	TGOLN2	0.6237004	0.38083526	-0.71153873	35.622807	1
4325	MAT2A	0.37327835	0.8838853	1.2433842	44.55244	1
4327	VAMP8	0.03201363	0.18247072	2.5071976	44.55244	1
4328	VAMP5	0.28683954	0.50352556	0.8116048	29.953373	1
4329	RNF181	0.8062996	0.55661494	-0.53455615	31.542822	1
4335	ATOH8	0.060924556	0.006727843	-3.1598883	17.507263	1
4337	ST3GAL5	0.15685356	0.04563401	-1.7789984	25.828941	1
4347	KDM3A	0.33412546	0.15942362	-1.0670515	28.805716	1
4361	CYTOR	0.3431134	1.0714972	1.642585	44.55244	1
4369	THNSL2	0.069014356	0.036241062	-0.92738473	5.0424547	1
4373	EIF2AK3	0.081598274	0.024194626	-1.7496685	14.024839	1
4377	IGKC	0.16555275	-2.5465852e-10	-10.69395	44.55244	1
4476	FAHD2A	0.1298447	0.082071476	-0.6611881	5.7062902	1
4483	ANKRD36C	0.20893979	0.13443139	-0.63583475	8.368251	1
4496	NCAPH	0.03440361	0.0060336264	-2.4919353	7.535387	1
4514	FAHD2B	0.070814334	0.036277164	-0.96304417	5.6221848	1
4515	ANKRD36	0.113031216	0.064402945	-0.8105601	6.8901353	1
4528	ANKRD36B	0.0676392	0.025257202	-1.4175954	8.763832	1
4533	ZAP70	1.2732926e-09	0.018812517	7.563179	9.570985	1
4539	INPP4A	0.061912917	0.10765391	0.79709953	6.7292204	1
4542	MGAT4A	0.0096099675	0.037804544	1.9648325	8.790728	1
4544	KIAA1211L	0.002819088	0.024050899	3.0484872	8.653008	1
4557	AFF3	0.007833585	0.03822453	2.2722232	10.2628145	1
4569	NPAS2	0.034664452	0.09220519	1.4087989	13.362093	1
4587	IL1R1	0.27305162	0.02462221	-3.4658222	44.55244	1
4590	IL1RL1	0.027706593	-2.5465852e-10	-8.119287	7.7218266	1
4591	IL18R1	0.07771524	0.006424039	-3.5762155	23.542873	1
4632	C2orf49	0.2068137	0.14035319	-0.55893975	6.644563	1
4633	FHL2	0.17879696	0.044710763	-1.9972116	33.974983	1
4647	ST6GAL2	0.08821312	0.034462605	-1.3534158	10.070255	1
4659	SLC5A7	0.0012900459	0.034857146	4.652383	14.989169	1
4664	SULT1C4	0.10772805	0.3331763	1.6279862	44.55244	1
4673	SH3RF3	0.028593283	0.0015735421	-4.099736	9.703444	1
4683	MTLN	0.19047633	0.12641741	-0.591033	6.9229846	1
4689	BUB1	0.10051849	0.01010182	-3.301997	23.792847	1
4692	MIR4435-2HG	0.19628993	0.86859363	2.1451266	44.55244	1
4694	BCL2L11	0.05808416	0.13864137	1.2536997	15.856025	1
4696	AC108463.3	0.02755073	0.23015642	3.057852	44.55244	1
4698	AC068491.3	0.023423148	0.12646389	2.427713	35.63399	1
4705	MERTK	0.017570797	0.06131031	1.7971138	12.713122	1
4707	TMEM87B	0.25212884	0.08233915	-1.6133316	39.42775	1
4709	FBLN7	0.017733991	0.001474644	-3.501532	6.2310076	1
4712	ZC3H6	0.20480406	0.06750307	-1.599788	27.954695	1
4714	TTL	0.18920815	0.124876544	-0.59907913	6.838645	1
4720	SLC20A1	0.28233656	0.11319732	-1.317813	30.544306	1
4722	CKAP2L	0.0638646	0.0016888826	-5.1601434	19.135744	1
4771	INSIG2	0.36503318	0.06499611	-2.4877796	44.55244	1
4782	TMEM37	0.03893637	0.15381199	1.9792148	33.6908	1
4797	GLI2	0.10159114	0.011750046	-3.1012294	29.943827	1
4804	NIFK-AS1	0.087131165	0.045771085	-0.9272586	5.8666787	1
4827	BIN1	0.23850876	0.15440448	-0.6269984	9.144435	1
4860	CCDC74B	0.020914735	0.001689763	-3.5535607	6.8278093	1
4862	MZT2B	1.4526714	0.9791961	-0.56899077	44.55244	1
4864	CCDC115	0.18788001	0.105682045	-0.8294844	11.321505	1
4865	IMP4	0.20327407	0.12751025	-0.6723916	9.171972	1
4887	MZT2A	0.9683423	0.52355057	-0.88706166	44.55244	1
4889	CCDC74A	0.09877185	0.013852626	-2.8250232	27.260124	1
4905	NCKAP5	0.022334617	0.0032861186	-2.728022	6.3441815	1
4913	TMEM163	0.011268796	0.057987295	2.3531432	15.691871	1
4926	DARS	0.6132467	0.40603834	-0.5947316	23.914268	1
4930	THSD7B	0.0006139274	0.030278526	5.411131	14.449634	1
4946	LRP1B	0.017365232	0.0509578	1.5476456	8.525432	1
4959	ZEB2	0.8811169	0.61941564	-0.5083565	29.137375	1
4986	MMADHC	0.4723571	0.29988462	-0.6552948	21.176668	1
4992	RND3	0.8011293	0.17595235	-2.1862106	44.55244	1
5001	NMI	0.040531557	0.077281795	0.92939353	6.1936016	1
5002	TNFAIP6	0.101684965	0.009841373	-3.3559356	27.434978	1
5006	AC097448.1	0.11055134	0.055375397	-0.9961009	8.832442	1
5011	FMNL2	0.10830967	0.021834493	-2.3052201	24.306042	1
5015	ARL6IP6	0.19029006	0.10319513	-0.8821859	12.537034	1
5029	NR4A2	0.083620004	0.0033347188	-4.6073084	25.749485	1
5035	GALNT5	0.12639748	0.0008612673	-7.039955	44.55244	1
5040	ACVR1	0.13017456	0.046801113	-1.4738612	17.756544	1
5052	TANC1	0.190943	0.27869293	0.54529643	9.092619	1
5062	PLA2R1	0.074975334	0.02731905	-1.4531605	9.938831	1
5066	RBMS1	1.0396934	0.6201234	-0.745437	44.55244	1
5082	FAP	0.04972969	0.0012501262	-5.2058396	18.439144	1
5084	GCA	0.1301936	0.06384652	-1.0268285	10.124959	1
5085	KCNH7	0.012956315	0.000347448	-4.8668838	5.8729506	1
5096	CSRNP3	0.08556251	0.2251099	1.3945343	30.924702	1
5105	SCN9A	0.07353842	0.009396601	-2.9549758	20.236013	1
5111	B3GALT1	0.0058968114	0.027169686	2.1850305	6.94105	1
5112	STK39	0.17243081	0.10306763	-0.7418637	8.721663	1
5116	SPC25	0.04801398	0.0012131365	-5.1953673	14.532222	1
5126	CCDC173	0.0028889745	0.016424526	2.4668863	5.3743777	1
5127	PHOSPHO2	0.016438449	0.118364036	2.8405533	38.403336	1
5128	KLHL23	0.08005342	0.51430804	2.6820772	44.55244	1
5130	METTL5	0.4321134	0.3035115	-0.50951743	12.976857	1
5138	AC007405.3	0.052834455	0.011540997	-2.1849926	10.732035	1
5139	ERICH2	0.023467854	0.0012985773	-4.0747886	8.141448	1
5144	GORASP2	0.41483206	0.25889054	-0.6799757	19.814493	1
5148	CYBRD1	0.2012856	0.090455495	-1.1530864	19.135792	1
5159	ITGA6	0.043182407	0.01116709	-1.9416659	7.988745	1
5161	ITGA6-AS1	0.039399397	0.0027477355	-3.7939436	12.4080305	1
5162	AC078883.1	0.023410602	0.0042495495	-2.4343736	5.7278194	1
5163	PDK1	0.3047047	0.05958234	-2.352509	44.55244	1
5166	MAP3K20	0.26223478	0.11474721	-1.1916932	27.150774	1
5179	GPR155	0.11790736	0.05194656	-1.1810021	11.473703	1
5182	WIPF1	0.17357308	0.11353133	-0.61201346	6.737025	1
5194	HOXD13	1.2732926e-09	0.01148946	6.8566513	6.682969	1
5196	HOXD11	0.0063481415	0.049796384	2.95198	17.19921	1
5197	HOXD10	0.0004060596	0.016616264	5.045801	8.610144	1
5198	HOXD-AS2	0.006412303	0.1261757	4.2772655	44.55244	1
5199	HOXD9	0.0011840544	0.033894483	4.7265224	14.781148	1
5200	HOXD8	0.002755711	0.07085509	4.6349845	31.792976	1
5208	LINC01117	0.0011310314	0.014268034	3.544923	5.987708	1
5212	LINC01116	0.011326915	0.17829281	3.9645498	44.55244	1
5236	FKBP7	0.5119526	0.2101542	-1.2841574	44.55244	1
5237	PLEKHA3	0.36369154	0.24149671	-0.590511	14.052829	1
5238	TTN-AS1	0.038791295	0.08349848	1.1040294	8.457288	1
5239	TTN	0.3857812	0.07101337	-2.439964	44.55244	1
5248	CCDC141	0.059353665	0.01869922	-1.6610931	9.527427	1
5260	ITGA4	0.2567422	0.38459516	0.5828334	12.97584	1
5268	PDE1A	0.028254973	0.07704626	1.4439944	10.99304	1
5270	DNAJC10	0.5326889	0.3741844	-0.5094293	16.210829	1
5271	FRZB	0.06935924	0.248605	1.8401968	44.55244	1
5284	ZNF804A	0.10288227	0.0123740295	-3.0453966	25.846832	1
5301	GULP1	0.11088696	0.049040563	-1.175404	10.833262	1
5305	COL5A2	1.765519	1.2124614	-0.5421163	44.55244	1
5309	SLC40A1	0.06692708	0.4212753	2.6522896	44.55244	1
5318	C2orf88	0.016086793	0.067959405	2.0719776	16.350655	1
5337	MYO1B	0.40798977	0.64144826	0.6526714	30.786673	1
5340	CAVIN2	0.10845867	0.0010799483	-6.5236077	34.8501	1
5357	SLC39A10	0.45160586	0.3021724	-0.5795345	16.807077	1
5359	STK17B	0.06601337	0.6073513	3.1997547	44.55244	1
5360	AC114760.2	0.005505106	0.08630789	3.9463496	35.333744	1
5361	HECW2	0.4704048	0.095172524	-2.3040774	44.55244	1
5362	HECW2-AS1	0.002804726	0.093961425	5.0171294	44.55244	1
5368	ANKRD44	0.05639052	0.16544765	1.5511658	27.573969	1
5382	PLCL1	0.02597772	0.22481287	3.1084766	44.55244	1
5388	SATB2	0.017376289	0.093192816	2.416367	27.21782	1
5394	C2orf69	0.06910797	0.0294288	-1.2288156	7.460547	1
5398	SPATS2L	0.9906546	1.6387018	0.72604173	44.55244	1
5399	AC012459.1	0.023353314	0.07342212	1.6483866	13.211775	1
5401	SGO2	0.11760223	0.027751792	-2.0792997	18.477007	1
5412	NDUFB3	0.4218595	0.6199548	0.55529135	23.13338	1
5414	CFLAR	0.2516354	0.1626262	-0.62946147	9.803886	1
5417	CASP10	0.022219185	0.0031651836	-2.7730482	6.676554	1
5420	TRAK2	0.14777766	0.09528055	-0.6326371	6.0094233	1
5458	NRP2	0.20121498	0.13155234	-0.6127214	6.2997127	1
5468	ZDBF2	0.24110997	0.15808961	-0.6086347	8.789339	1
5469	ADAM23	0.12995501	0.07192027	-0.85264707	7.923912	1
5536	BARD1	0.1149906	0.045973178	-1.320771	12.917265	1
5569	IGFBP2	2.445048	0.4995547	-2.2909186	44.55244	1
5591	GPBAR1	0.10089707	0.02692419	-1.9019903	17.201048	1
5594	TMBIM1	0.18130328	0.03684679	-2.2956796	40.443977	1
5604	PLCD4	0.029934723	0.0075527527	-1.9725808	6.0718923	1
5630	CNPPD1	0.08673401	0.037629034	-1.2025851	9.046862	1
5631	RETREG2	0.20816608	0.13556829	-0.6183443	8.103684	1
5634	ABCB6	0.13875447	0.028540157	-2.2774625	29.505558	1
5635	ATG9A	0.105497055	0.059497524	-0.82524526	6.5788517	1
5636	ANKZF1	0.15975642	0.080664665	-0.9849806	12.638461	1
5639	TUBA4A	0.05285963	0.0971459	0.8767444	6.7335463	1
5641	DNAJB2	0.14430735	0.07074625	-1.0273807	11.705701	1
5642	PTPRN	0.12435421	0.0009545612	-6.882828	39.068615	1
5643	AC114803.1	0.015984748	-2.5465852e-10	-7.329553	6.1366262	1
5649	SPEG	0.09718574	0.01015681	-3.2456462	26.951426	1
5653	GMPPA	0.13817814	0.05827791	-1.2440786	15.637725	1
5655	CHPF	0.86491317	0.20793132	-2.0559213	44.55244	1
5658	OBSL1	0.29043153	0.16259593	-0.83651644	16.844233	1
5660	INHA	0.04215016	0.0011141828	-5.120899	14.419582	1
5663	SLC4A3	0.027946306	0.006435648	-2.1014085	5.9931574	1
5685	KCNE4	0.2224718	0.115726575	-0.94230455	13.540513	1
5688	SCG2	0.26221302	0.0014145911	-7.4362173	44.55244	1
5690	WDFY1	0.28808126	0.17248179	-0.7396962	14.594558	1
5693	SERPINE2	1.7932067	0.099222004	-4.174365	44.55244	1
5698	DOCK10	0.005080746	0.08025369	3.9551325	33.822018	1
5702	IRS1	0.13716848	0.025973776	-2.396329	29.884972	1
5706	COL4A4	0.05951214	0.0014189923	-5.29442	18.15772	1
5712	AGFG1	0.29077592	0.2044469	-0.5079721	8.080971	1
5739	SP140L	0.096547276	0.1513094	0.6476538	6.590586	1
5751	C2orf72	0.013347806	-2.5465852e-10	-7.071231	5.423898	1
5762	NMUR1	0.0051028156	0.049639747	3.2570348	19.22047	1
5796	DGKD	0.14491777	0.060954478	-1.2480607	14.904663	1
5809	HJURP	0.036452048	0.0009330711	-5.144941	11.410778	1
5819	ARL4C	0.16588072	0.010395419	-3.983184	43.40631	1
5822	SH3BP4	0.061666414	0.0278839	-1.1422256	6.1020617	1
5834	ACKR3	0.037319914	0.005563617	-2.7240107	8.734923	1
5838	COPS8	0.4713275	0.28168884	-0.7424215	26.123323	1
5849	LRRFIP1	0.614406	0.4078528	-0.59102494	23.864925	1
5852	RAMP1	0.13466865	0.0030174046	-5.4339957	36.040413	1
5894	GPC1	0.34657446	0.7905941	1.1895382	44.55244	1
5906	KIF1A	0.052039087	0.0024679585	-4.3436713	14.9429035	1
5912	SNED1	0.0017569473	0.026680995	3.850205	11.182736	1
5918	ANO7	0.025727393	0.006219948	-2.0309174	5.500194	1
5919	HDLBP	1.3654699	0.88535905	-0.62500566	44.55244	1
5923	FARP2	0.10608566	0.065402105	-0.6969757	5.023301	1
5925	STK25	0.3659089	0.23544696	-0.6358639	15.475177	1
5927	BOK	0.09522301	0.042646214	-1.1570278	9.498724	1
5931	DTYMK	0.3026129	0.1931618	-0.6473936	11.838387	1
5972	SUMF1	0.10094911	0.047433067	-1.0880532	9.648822	1
5978	ITPR1	0.08972737	0.044565454	-1.0079956	6.8338313	1
5982	BHLHE40	0.18955211	0.0318351	-2.5701404	42.54384	1
6000	LMCD1	0.10068677	0.035919048	-1.4844743	13.203362	1
6023	TADA3	0.4264134	0.2906651	-0.552737	14.517945	1
6025	TTLL3	0.11626032	0.06763516	-0.7806223	6.3761115	1
6032	CRELD1	0.30616024	0.19833957	-0.62605834	12.19604	1
6037	EMC3	0.41925642	0.2935976	-0.5138454	12.848001	1
6039	FANCD2	0.028876973	0.006660815	-2.0996377	6.3382583	1
6049	SEC13	0.6194671	0.3672958	-0.75392544	37.586536	1
6060	HRH1	0.09464578	0.0332671	-1.5056354	12.337193	1
6062	ATG7	0.09354642	0.04998884	-0.9027346	6.496196	1
6069	PPARG	0.090087436	0.5928445	2.7168987	44.55244	1
6072	MKRN2	0.15283723	0.094163716	-0.6981652	7.1163406	1
6082	HDAC11	0.046155285	0.013851162	-1.729233	8.100032	1
6083	FBLN2	0.8685183	0.004741529	-7.487116	44.55244	1
6088	TMEM43	0.19778812	0.09763626	-1.0177193	16.685234	1
6090	XPC	0.26438245	0.1654558	-0.6758543	11.0783	1
6094	SLC6A6	0.058132585	0.10887602	0.9041121	7.757591	1
6104	FGD5-AS1	0.37286824	0.23191889	-0.68481046	18.042477	1
6110	SH3BP5	0.3280442	0.06423206	-2.3507202	44.55244	1
6118	ANKRD28	0.08356338	0.22488336	1.4271501	32.740463	1
6125	RFTN1	0.06890723	0.18309739	1.4085795	26.88118	1
6148	RAB5A	0.3861361	0.27058113	-0.5128887	11.641564	1
6151	SGO1	0.040348243	0.008542484	-2.2265592	8.638094	1
6173	NGLY1	0.19888467	0.09330268	-1.0911213	18.12822	1
6177	LRRC3B	0.0023210016	0.04435507	4.198672	19.607317	1
6183	LINC01980	0.027134972	0.0067939586	-1.9820558	5.1256967	1
6196	TGFBR2	0.61476785	0.25606596	-1.2631977	44.55244	1
6211	TRIM71	0.012629305	0.06476243	2.3492293	18.025747	1
6213	GLB1	0.32881224	0.18424569	-0.835289	20.45629	1
6220	CLASP2	0.12620462	0.08158729	-0.62872386	5.1389503	1
6243	ITGA9	0.14009446	0.021599796	-2.691676	33.065975	1
6244	ITGA9-AS1	0.05289864	0.021079954	-1.323256	6.451352	1
6245	CTDSPL	0.2492842	0.10514048	-1.2446803	28.028124	1
6247	PLCD1	0.10855095	0.016933698	-2.6732373	27.15075	1
6251	OXSR1	0.23985532	0.14943568	-0.68227607	10.854226	1
6256	ACVR2B	0.13320002	0.08488011	-0.64947987	5.5663843	1
6265	CSRNP1	0.1044571	0.06253077	-0.73934746	5.363264	1
6275	SLC25A38	0.10302969	0.04873374	-1.0785096	9.225757	1
6295	CTNNB1	0.44049117	0.6374111	0.53301007	23.432337	1
6301	VIPR1	0.050087932	-2.5465852e-10	-8.9712	17.079039	1
6303	SEC22C	0.1975065	0.12852421	-0.6194681	7.7602487	1
6328	SNRK	0.08662879	0.17932016	1.0487591	16.879349	1
6352	KIF15	0.04109727	0.0040569506	-3.3089514	11.516444	1
6353	TMEM42	0.12175716	0.03613574	-1.7497057	19.919762	1
6360	TMEM158	0.1056493	0.021148158	-2.3152385	17.328835	1
6363	LIMD1	0.04011181	0.0723654	0.8496731	5.051497	1
6374	CCR1	1.2732926e-09	0.13235117	10.371226	44.55244	1
6378	CCRL2	1.2732926e-09	0.013005529	7.0340133	7.579726	1
6390	MYL3	0.09888536	0.003280727	-4.87181	30.500576	1
6391	PTH1R	0.08538046	0.042346384	-1.0099529	6.8107395	1
6406	MAP4	0.9318442	0.6221385	-0.58277583	43.64935	1
6409	ZNF589	0.035162877	0.012968469	-1.43206	5.0453634	1
6419	SHISA5	0.56835526	0.28463936	-0.99740505	44.55244	1
6420	PFKFB4	0.16555789	0.0074619204	-4.4533105	44.55244	1
6426	CELSR3	0.018008787	0.0032312663	-2.4425473	5.139651	1
6429	NCKIPSD	0.07408777	0.032072123	-1.2053702	8.0501995	1
6439	P4HTM	0.15147027	0.027547183	-2.4547825	36.36294	1
6441	DALRD3	0.25545013	0.12507181	-1.0296966	20.832392	1
6442	NDUFAF3	0.6575644	0.40473616	-0.7000135	36.54826	1
6461	DAG1	0.18968904	0.091070205	-1.0577623	16.704288	1
6484	SEMA3F	0.02761711	0.0021156357	-3.6449842	9.161518	1
6491	SEMA3B	0.020614114	0.0018483005	-3.410326	6.731458	1
6494	HYAL3	0.038854484	0.011507005	-1.7467936	7.0543957	1
6495	NAA80	0.05339942	0.02559667	-1.0579419	5.0407577	1
6497	HYAL2	0.5210696	0.32385996	-0.6859375	26.153006	1
6499	RASSF1	0.15991221	0.044199213	-1.852829	27.742256	1
6503	NPRL2	0.08238705	0.045038998	-0.86979336	5.298877	1
6508	C3orf18	0.029483808	0.007166168	-2.025541	6.647694	1
6509	HEMK1	0.07806331	0.035904367	-1.1183196	7.370466	1
6532	PCBP4	0.15640284	0.071849786	-1.1211265	14.7425995	1
6534	ABHD14A	0.261883	0.14341792	-0.8682421	18.017109	1
6539	POC1A	0.030989276	0.009933419	-1.6316038	5.3546243	1
6543	TWF2	0.32054615	0.20235488	-0.66338164	14.147586	1
6553	TNNC1	0.24082948	0.0038457864	-5.932154	44.55244	1
6559	GNL3	0.4054895	0.26425025	-0.6175696	16.317713	1
6560	GLT8D1	0.5648537	0.24106534	-1.2281102	44.55244	1
6571	PRKCD	0.026965901	0.05776736	1.0962734	5.9903607	1
6580	ACTR8	0.11998514	0.062993966	-0.9284836	8.657043	1
6593	WNT5A	0.16950175	0.059296306	-1.513706	22.414925	1
6607	APPL1	0.48791927	0.30334753	-0.685491	22.642473	1
6619	FLNB	0.18143918	0.051049825	-1.8274797	31.170322	1
6622	DNASE1L3	0.019772515	0.00042668998	-5.2376766	7.6345744	1
6627	PXK	0.17974873	0.08512831	-1.0773793	15.740256	1
6631	KCTD6	0.08686523	0.04235171	-1.034616	7.5531754	1
6637	C3orf67	0.02989664	0.00721643	-2.0355892	6.6242895	1
6664	AC092040.1	0.044335883	0.012021867	-1.8741133	8.37756	1
6666	PRICKLE2	0.07852867	0.02986446	-1.3918031	9.713521	1
6673	ADAMTS9-AS2	0.051656794	0.0016655587	-4.873552	16.85338	1
6693	TMF1	0.6284869	0.38208452	-0.71784294	34.367794	1
6695	ARL6IP5	1.0660096	0.7063302	-0.5937368	44.55244	1
6696	LMOD3	0.0068085883	0.028481197	2.0486035	7.5305333	1
6697	FRMD4B	0.41454053	0.12768891	-1.6980983	44.55244	1
6705	FOXP1	0.4798734	0.74551165	0.63547003	35.028965	1
6710	AC097634.1	0.00088986947	0.0133515205	3.7643871	6.111257	1
6726	SHQ1	0.068852164	0.03577807	-0.9424934	5.2464685	1
6727	GXYLT2	0.09625002	0.009265959	-3.3627863	28.524788	1
6754	GBE1	0.37312365	0.053219646	-2.807301	44.55244	1
6771	CHMP2B	0.33576912	0.22800559	-0.55819726	11.57415	1
6776	ZNF654	0.16278116	0.09910317	-0.7153617	7.826335	1
6779	EPHA3	0.065903306	0.11928772	0.8550443	7.400622	1
6781	PROS1	0.39956138	0.07443496	-2.4227889	44.55244	1
6817	ST3GAL6	0.10258539	0.027303755	-1.9057856	18.760178	1
6818	DCBLD2	0.29566735	0.43219933	0.5475678	13.192413	1
6824	COL8A1	0.18545273	0.011524867	-3.9965432	39.995533	1
6827	FILIP1L	0.15076233	0.2600837	0.78629786	13.678883	1
6829	TBC1D23	0.23441046	0.12672704	-0.8867899	16.088232	1
6833	TMEM45A	0.4818465	0.09727885	-2.3071926	44.55244	1
6836	ABI3BP	0.030293014	0.0065413807	-2.1941848	6.659989	1
6840	PCNP	0.6112634	0.39373192	-0.6344502	28.61665	1
6846	NXPE3	0.13292696	0.04773424	-1.4756031	17.997593	1
6848	NFKBIZ	0.24109368	0.34659168	0.5234611	10.034213	1
6854	ALCAM	0.1423534	0.08405266	-0.75940925	6.8497353	1
6869	CD47	0.38574833	0.1964011	-0.9734963	31.73173	1
6874	CIP2A	0.0505568	0.022614233	-1.1571594	5.4303527	1
6896	PHLDB2	0.15946731	0.077418596	-1.0415508	12.913709	1
6898	ABHD10	0.12333753	0.07477282	-0.7212671	6.1114626	1
6901	C3orf52	0.03354946	0.010593569	-1.6538402	5.559991	1
6906	CD200	0.06439908	0.009963358	-2.6801667	16.173502	1
6927	SIDT1	0.0010715539	0.020475445	4.1344285	9.280462	1
6945	ZBTB20	0.30537042	0.16466562	-0.89061725	20.109022	1
6954	GAP43	0.23625189	0.008731945	-4.742061	44.55244	1
6956	LSAMP	0.60105044	0.23436555	-1.35835	44.55244	1
6970	B4GALT4	0.10687819	0.04874395	-1.131065	10.483751	1
6974	TMEM39A	0.17138444	0.09487796	-0.85241294	10.789516	1
6982	POPDC2	0.019931436	0.049782712	1.3162742	6.6495714	1
6983	COX17	0.3137038	0.45593742	0.53928936	15.160457	1
6993	FSTL1	1.2948656	0.6781496	-0.9330256	44.55244	1
6996	HGD	0.016117139	-2.5465852e-10	-7.341379	7.4267664	1
7002	STXBP5L	0.048512477	0.0016049226	-4.8335485	16.785158	1
7004	POLQ	0.014914966	0.00048563886	-4.6802464	6.2534165	1
7017	FAM162A	1.370385	0.2868628	-2.2557511	44.55244	1
7022	PARP9	0.035027247	0.07518118	1.0996987	7.730252	1
7030	PDIA5	0.2727479	0.05285406	-2.3652837	44.55244	1
7033	ADCY5	0.012681542	0.042219404	1.7272575	8.066045	1
7035	HACD2	0.046522625	0.095939994	1.042605	9.004835	1
7042	KALRN	0.13029325	0.25906473	0.9910002	22.273716	1
7048	HEG1	0.25206244	0.16722074	-0.591737	8.898891	1
7052	SNX4	0.31644014	0.21861976	-0.53330475	9.877719	1
7057	LINC02614	0.032250114	0.010029843	-1.6751591	5.8077235	1
7094	PODXL2	0.105348945	0.022935595	-2.194608	21.723227	1
7099	SEC61A1	0.4854081	0.3179803	-0.61010444	19.697819	1
7106	GATA2	0.05138425	0.0053527774	-3.239068	15.13205	1
7107	GATA2-AS1	0.029409928	0.0026672108	-3.414696	9.855787	1
7124	COPG1	0.3236401	0.2246801	-0.52632177	10.000546	1
7126	HMCES	0.043204915	0.08957007	1.0500958	8.184227	1
7134	PLXND1	0.2540498	0.60634893	1.2547071	44.55244	1
7139	TRH	0.05262324	0.001977753	-4.665343	12.11278	1
7145	COL6A6	0.043596983	0.0057364414	-2.904373	10.582939	1
7148	ATP2C1	0.20453702	0.11325046	-0.8522769	12.887311	1
7159	ACPP	0.012002273	-2.5465852e-10	-6.919138	6.3528895	1
7161	ACAD11	0.07225124	0.036297027	-0.991197	6.236708	1
7163	UBA5	0.25912988	0.17016675	-0.6064353	10.063668	1
7167	TMEM108	0.014607275	0.036532987	1.3166134	5.10211	1
7175	SRPRB	0.27883297	0.16021411	-0.799017	16.213388	1
7177	RAB6B	0.02474682	0.004843102	-2.3295727	6.3066516	1
7183	AMOTL2	0.040216707	0.0068120654	-2.5441892	10.51299	1
7185	CEP63	0.29790512	0.19976921	-0.5762807	10.248944	1
7186	EPHB1	0.0033557606	0.04148651	3.5890405	16.682953	1
7208	DZIP1L	0.07150806	0.031181792	-1.1947988	7.5087605	1
7213	MRAS	0.16248384	0.008479728	-4.244108	44.55244	1
7230	AC046134.2	0.06289822	0.023257468	-1.4314272	8.103341	1
7233	RBP1	0.37094337	0.1325078	-1.4844221	44.55244	1
7244	SLC25A36	0.62874514	0.33934063	-0.8895457	44.55244	1
7252	RASA2	0.10378416	0.1525964	0.5556904	5.326882	1
7267	TRPC1	0.09610475	0.038048156	-1.3344947	11.731291	1
7275	CHST2	0.07220946	0.54770064	2.9213946	44.55244	1
7277	SLC9A9	0.053594302	0.10564455	0.9777423	8.6510105	1
7281	DIPK2A	0.21796279	0.06936789	-1.6503253	32.52585	1
7287	PLOD2	0.7612014	0.12902032	-2.5597517	44.55244	1
7290	PLSCR1	0.13558726	0.312266	1.2029521	36.15762	1
7291	PLSCR5	0.019622223	0.0012761638	-3.841098	5.9795136	1
7308	AGTR1	0.02152693	0.21472944	3.312291	44.55244	1
7314	HLTF	0.47260356	0.28221634	-0.74362314	25.375631	1
7316	HPS3	0.16205798	0.044271022	-1.8697103	28.487324	1
7317	CP	0.018259028	0.0009034664	-4.193425	5.8462305	1
7321	TM4SF1	1.0156095	0.036454372	-4.7963	44.55244	1
7325	WWTR1	1.1710346	0.5014178	-1.223534	44.55244	1
7331	PFN2	0.5108321	0.3074254	-0.73242605	28.65866	1
7346	SIAH2	0.14413626	0.054020647	-1.4141829	17.946957	1
7366	MBNL1	0.5212211	0.34621736	-0.5900776	20.241486	1
7371	P2RY1	0.32055923	0.107159235	-1.579939	43.090042	1
7373	RAP2B	0.48494187	0.84286916	0.7973706	44.55244	1
7380	ARHGEF26	0.0374868	0.013534397	-1.4629753	5.091275	1
7386	MME	0.11923633	0.017934656	-2.7261894	24.687454	1
7405	SSR3	1.3971797	0.9346427	-0.57997966	44.55244	1
7407	TIPARP	0.2909074	0.1762783	-0.72238284	13.33624	1
7412	LINC00881	0.02537546	-2.5465852e-10	-7.992968	10.799237	1
7417	VEPH1	0.025192136	0.0015804556	-3.9117646	9.63512	1
7418	PTX3	0.115428165	0.0043764743	-4.689738	23.054209	1
7423	SHOX2	0.061417006	0.0007139073	-6.239977	20.013817	1
7426	MLF1	0.21244815	0.12684609	-0.7435737	10.964415	1
7428	LXN	0.16104367	0.049462654	-1.7010221	22.49574	1
7431	RARRES1	0.048315603	0.0038744702	-3.6066375	12.58687	1
7446	SMC4	0.32040694	0.22117572	-0.53451043	8.127331	1
7447	TRIM59	0.10048176	0.057154913	-0.8128973	5.5670304	1
7451	PPM1L	0.029894747	0.19905385	2.7311018	44.55244	1
7453	NMD3	0.20396712	0.14216149	-0.52049863	5.986796	1
7469	BCHE	0.13520756	0.20839623	0.6237788	8.316475	1
7477	SERPINI1	0.14793293	1.1482699	2.9555974	44.55244	1
7487	MECOM	0.10893917	0.31480333	1.5300624	44.55244	1
7493	MYNN	0.10706949	0.06568514	-0.70406073	5.151049	1
7506	PRKCI	0.14144693	0.089370534	-0.661796	6.256444	1
7510	CLDN11	0.05291896	0.003998227	-3.6934366	15.000627	1
7517	EIF5A2	0.10801382	0.05456577	-0.9838414	8.375182	1
7520	TNIK	0.30697176	0.15069115	-1.026024	25.489979	1
7522	PLD1	0.06133425	0.023426568	-1.3847524	8.06725	1
7527	FNDC3B	0.7438446	0.5106076	-0.54269767	27.270578	1
7533	ECT2	0.083619036	0.03549713	-1.2337947	8.056497	1
7538	NAALADL2	0.037661705	0.010498845	-1.833017	6.6624246	1
7561	ZMAT3	0.47101688	0.20661025	-1.1884751	44.55244	1
7565	ZNF639	0.1733058	0.11894692	-0.54262185	5.3509374	1
7568	GNB4	0.42886952	0.2741247	-0.6455165	19.301342	1
7611	MCF2L2	0.024429042	0.0034416486	-2.791998	7.18031	1
7616	YEATS2	0.23420121	0.115016036	-1.0252756	19.415483	1
7619	PARL	0.3407223	0.22316505	-0.6102622	13.553864	1
7620	ABCC5	0.13330588	0.3383957	1.3433154	44.55244	1
7633	ALG3	0.2046382	0.10948923	-0.9016742	14.696718	1
7634	EEF1AKMT4	0.070509866	0.029025106	-1.2776065	8.131899	1
7641	POLR2H	0.44085905	0.30380914	-0.53700465	14.544408	1
7654	C3orf70	0.07128391	0.029777415	-1.2565436	8.04924	1
7658	TMEM41A	0.18727581	0.08423598	-1.1517146	18.344433	1
7671	CRYGS	0.0051945965	0.07528189	3.8316255	29.015375	1
7675	AHSG	0.020637922	-2.5465852e-10	-7.696131	5.868793	1
7686	ST6GAL1	0.12053591	0.02675386	-2.167458	25.941439	1
7687	RPL39L	0.2589061	0.14154215	-0.8707352	15.922035	1
7690	MASP1	0.76427734	0.001435097	-8.959811	44.55244	1
7697	BCL6	0.09537341	0.041148227	-1.2107668	9.386265	1
7712	P3H2	0.1025839	0.05042043	-1.0232711	8.513398	1
7717	IL1RAP	0.17093866	0.08739856	-0.9669913	13.025949	1
7733	MB21D2	0.030658575	0.0077685993	-1.9668099	6.387401	1
7735	PLAAT1	0.020973573	0.00033140637	-5.6102433	8.377509	1
7760	ATP13A3	0.5511027	0.14256872	-1.9499139	44.55244	1
7764	TMEM44	0.14855589	0.051893417	-1.5155758	21.14102	1
7767	LSG1	0.16767767	0.0902162	-0.89349407	11.531379	1
7768	FAM43A	0.12680656	0.02224054	-2.5060308	28.508556	1
7774	XXYLT1	0.26794982	0.110185586	-1.2812568	31.706186	1
7791	TFRC	0.23747739	0.10850514	-1.1293052	19.794495	1
7800	UBXN7	0.35143402	0.24234413	-0.536012	11.107772	1
7821	MELTF-AS1	0.03879469	0.012461835	-1.6305261	5.788759	1
7880	SPON2	0.2416734	0.57549804	1.2514063	39.29888	1
7886	UVSSA	0.09479769	0.0476405	-0.9911594	7.7887936	1
7892	AC147067.1	0.053743776	0.011737534	-2.185411	11.897801	1
7896	TACC3	0.066771336	0.010031272	-2.7225726	14.718762	1
7900	NSD2	0.12475438	0.06025492	-1.0487031	10.425419	1
7901	NELFA	0.1776749	0.092805944	-0.9362088	12.862806	1
7902	C4orf48	1.2971356	0.6758212	-0.9405136	44.55244	1
7914	TNIP2	0.24387312	0.16375102	-0.57433754	8.366944	1
7915	SH3BP2	0.19571006	0.27791622	0.50571406	7.8823466	1
7921	GRK4	0.05988291	0.120675795	1.0097078	10.867777	1
7929	LRPAP1	0.9134385	0.33180118	-1.4607118	44.55244	1
7938	LYAR	0.23102055	0.1348164	-0.7765799	11.966841	1
7941	NSG1	0.11278574	-2.5465852e-10	-10.140652	30.797007	1
7947	CYTL1	0.2814798	0.095344886	-1.560804	37.062466	1
7952	CRMP1	0.22255823	0.12134072	-0.87457865	14.159424	1
7961	MAN2B2	0.12686719	0.049649015	-1.3517158	16.416798	1
7977	GRPEL1	0.28310323	0.1617742	-0.8069646	17.046833	1
7982	AFAP1	0.27281427	0.16606808	-0.7158045	13.1853285	1
7989	HTRA3	0.22657706	0.08815864	-1.360829	25.30805	1
8069	BST1	0.07029653	0.0027609777	-4.620924	24.144949	1
8075	TAPT1	0.09013069	0.038997844	-1.206529	9.370682	1
8080	LDB2	0.31984162	0.16616482	-0.9443257	22.834766	1
8086	LAP3	0.19785064	0.32060477	0.69610494	16.17571	1
8091	NCAPG	0.07447589	0.0037592177	-4.272329	18.711853	1
8098	SLIT2	0.21778426	0.33372176	0.61551595	11.118429	1
8104	AC096576.6	0.021625891	0.052278105	1.2695487	6.3253837	1
8107	KCNIP4-IT1	0.008820149	0.029319193	1.7216179	5.1852913	1
8118	SOD3	0.18017884	0.011035162	-4.0170355	44.55244	1
8119	CCDC149	0.06537951	0.029740172	-1.1337876	6.2942033	1
8120	LGI2	0.08528417	0.008110342	-3.3784547	25.439259	1
8123	PI4K2B	0.06756368	0.025237441	-1.4171109	9.477583	1
8129	SEL1L3	0.025456227	0.0051688994	-2.2781014	6.133434	1
8154	PCDH7	0.29015446	0.6631781	1.1922957	44.55244	1
8183	RELL1	0.1045432	0.037503496	-1.4765399	14.57252	1
8195	KLF3	0.5279001	0.30241743	-0.80352	33.53218	1
8199	FAM114A1	1.146632	0.3521635	-1.7028015	44.55244	1
8212	SMIM14	0.27452308	0.15039027	-0.86778253	18.260775	1
8217	N4BP2	0.24127041	0.13051564	-0.88592124	15.920755	1
8231	UCHL1	0.9368074	0.44963107	-1.058844	44.55244	1
8267	GABRA2	0.042733587	0.00541447	-2.9574485	11.272015	1
8270	GABRA4	0.016668461	0.00042444485	-4.9988155	6.2427163	1
8271	GABRB1	0.02529222	0.0031241877	-2.9773788	7.343831	1
8276	ATP10D	0.22953299	0.38493612	0.7456639	21.654818	1
8282	NIPAL1	0.020464117	0.045860916	1.1602784	5.1817408	1
8294	DCUN1D4	0.17562401	0.105255	-0.7380526	8.932613	1
8297	SGCB	0.58629346	0.31132272	-0.912995	44.55244	1
8299	SPATA18	0.036956243	0.010797184	-1.7657613	6.2659245	1
8322	PDGFRA	0.5127201	1.1679754	1.1876087	44.55244	1
8332	KDR	0.16058876	0.030250125	-2.4044948	23.471739	1
8334	SRD5A3	0.19282801	0.10173708	-0.92179966	13.811485	1
8353	PAICS	0.40492478	0.1889449	-1.0992811	37.918797	1
8386	ADGRL3	0.030663462	0.00261148	-3.5040655	9.343145	1
8391	TECRL	0.035770096	0.0008952559	-5.1715703	11.049672	1
8406	UBA6-AS1	0.096837476	0.05515446	-0.81096345	5.5702853	1
8426	SULT1B1	0.00049554394	0.020502841	5.1124916	10.699348	1
8453	SLC4A4	0.028822452	0.0707163	1.2918917	9.422882	1
8457	ADAMTS3	0.13658054	0.023810595	-2.515086	25.901709	1
8462	ALB	0.093839474	0.0017104043	-5.6973476	24.442728	1
8463	AFP	0.04933419	0.0007691919	-5.829691	11.587427	1
8468	CXCL8	0.027936382	-2.5465852e-10	-8.13116	5.422884	1
8484	AREG	0.08061449	0.0230067	-1.8045166	6.8817534	1
8505	NAAA	0.08830776	0.020818304	-2.0794072	18.808867	1
8514	SCARB2	1.1686105	0.6171083	-0.9210883	44.55244	1
8517	STBD1	0.18398571	0.07505951	-1.29235	20.150822	1
8523	SEPTIN11	1.1322458	1.6252857	0.52146757	44.55244	1
8525	CCNG2	0.32385397	0.21437304	-0.59499246	11.2296915	1
8544	ANTXR2	0.36318094	0.2503642	-0.53648126	10.786837	1
8547	FGF5	0.014785066	0.0017891133	-2.9780846	5.574307	1
8550	PRKG2	0.043167368	0.0013232073	-4.9260616	14.5079565	1
8561	SCD5	0.042451248	0.004919054	-3.0837142	13.063929	1
8562	SEC31A	1.2060214	0.74983037	-0.68554664	44.55244	1
8563	THAP9-AS1	0.083972625	0.041392755	-1.0187767	6.6414375	1
8574	ABRAXAS1	0.19463293	0.1276979	-0.60763276	7.3605285	1
8585	ARHGAP24	0.06891505	0.17394875	1.3345085	23.090843	1
8586	MAPK10	0.044535004	0.14654115	1.7160425	27.514175	1
8588	PTPN13	0.14539652	1.0026294	2.7848759	44.55244	1
8592	AFF1	0.078037366	0.2967451	1.9256256	44.55244	1
8596	HSD17B11	0.16992475	0.10853962	-0.6461944	6.8390985	1
8599	SPARCL1	0.11667012	0.008472329	-3.7678401	23.52993	1
8606	SPP1	0.11843503	0.020549882	-2.5211082	12.359063	1
8613	HERC6	0.013348246	0.05653133	2.0741825	13.449269	1
8614	HERC5	0.031117156	0.11565092	1.8906126	23.30877	1
8626	SNCA	0.2255833	0.11065834	-1.0268843	17.4549	1
8631	MMRN1	0.006818343	0.024890363	1.8528734	5.514721	1
8633	CCSER1	0.009334151	0.049214184	2.3860383	13.889024	1
8648	PDLIM5	0.34033075	0.5226353	0.61871934	21.545544	1
8663	TSPAN5	0.57694	0.20359646	-1.5022504	44.55244	1
8691	EMCN	0.19548705	0.69435227	1.8280647	44.55244	1
8698	BANK1	0.0042265803	0.018992035	2.141672	5.3447256	1
8704	NFKB1	0.14453211	0.22314852	0.6262627	9.1067	1
8705	MANBA	0.14623107	0.07240685	-1.0130469	11.571854	1
8713	CENPE	0.13244858	0.018559076	-2.8285718	21.371883	1
8721	CXXC4	0.03360078	0.069714874	1.0507524	6.8218927	1
8746	PAPSS1	0.42323738	0.25115076	-0.75268	23.924837	1
8752	LEF1	0.104311965	0.1997534	0.9366551	15.077438	1
8753	LEF1-AS1	0.012521731	0.06038277	2.2606144	16.218487	1
8759	COL25A1	0.07283091	0.12464393	0.77436733	6.7245827	1
8763	MCUB	0.027552653	0.003164691	-3.0823996	8.356042	1
8766	PLA2G12A	0.33400893	0.18571088	-0.8464835	21.876324	1
8774	ENPEP	0.07271669	0.012039729	-2.584533	15.714715	1
8776	PANCR	0.032371942	0.006301318	-2.342753	7.898769	1
8783	FAM241A	0.06365714	0.33236685	2.3825517	44.55244	1
8785	AP1AR	0.10408969	0.1718829	0.7230525	8.6227045	1
8795	ANK2	0.080744594	0.02381042	-1.7575119	13.787127	1
8800	ARSJ	0.04253627	0.10507702	1.3026664	12.822195	1
8821	SEC24D	0.42584404	0.22215557	-0.9384442	33.523365	1
8822	SYNPO2	0.027284095	0.0053388015	-2.3319776	6.4947667	1
8823	MYOZ2	0.026213009	-2.5465852e-10	-8.039636	10.026998	1
8825	C4orf3	1.587358	0.95316386	-0.7357709	44.55244	1
8829	PDE5A	0.036187813	0.08961181	1.3058128	11.227766	1
8834	MAD2L1	0.12424323	0.038162667	-1.7003186	16.23629	1
8838	NDNF	0.018300155	-2.5465852e-10	-7.5235777	7.406094	1
8846	CCNA2	0.069452934	0.006453394	-3.4077973	16.430923	1
8857	FGF2	0.06433546	0.002637273	-4.5570436	24.916431	1
8862	SPRY1	0.87759167	0.19563	-2.1648493	44.55244	1
8865	LINC01091	0.053512722	0.004548512	-3.5277345	17.896662	1
8872	FAT4	0.114366956	0.07045676	-0.69807506	5.063356	1
8887	LARP1B	0.13658291	0.07193727	-0.9240174	9.622354	1
8888	PGRMC2	0.44579482	0.21786499	-1.032607	41.70487	1
8912	AC105383.1	0.037936393	0.009774123	-1.9456561	7.1428356	1
8913	PCDH10	0.29597425	0.12108569	-1.2887396	29.617714	1
8918	PABPC4L	0.088026054	0.033850465	-1.3761373	10.410338	1
8931	PCDH18	0.27120036	0.5227892	0.9466143	40.372112	1
8955	RAB33B	0.08906694	0.026407337	-1.7501172	14.876355	1
8960	MGST2	0.253468	0.41416425	0.7081786	21.504093	1
8964	SCOC	0.44169605	0.23115996	-0.93386495	34.62829	1
8966	CLGN	0.022224087	0.0019669551	-3.4330223	7.1532106	1
8971	TBC1D9	0.11591649	0.06477942	-0.83849704	7.105388	1
8980	IL15	0.036843836	0.0020083091	-4.1311755	13.408079	1
8981	INPP4B	0.09480108	0.1532024	0.69188386	7.0940347	1
8987	GAB1	0.10298349	0.24134183	1.2278624	28.314821	1
8999	HHIP-AS1	0.04490126	0.0035128898	-3.6387403	13.676413	1
9000	HHIP	0.05018212	0.0016362236	-4.856021	12.446737	1
9007	SMAD1	0.09700753	0.15905643	0.7127903	7.9410367	1
9027	EDNRA	0.19581398	0.61705184	1.6554052	44.55244	1
9046	DCLK2	0.07083634	0.12142253	0.7766269	6.855474	1
9049	MAB21L2	0.023296457	0.060220465	1.3663576	8.278684	1
9084	TRIM2	0.101162694	0.22021608	1.121472	22.689438	1
9086	TMEM131L	0.045320056	0.15664294	1.786999	31.763832	1
9110	GUCY1A1	0.11676353	0.4717713	2.0135686	44.55244	1
9111	AC104083.1	0.011122139	0.053646203	2.2598152	13.597005	1
9112	GUCY1B1	0.16778007	0.49038973	1.5467919	44.55244	1
9114	TDO2	0.013299372	0.41011795	4.9361534	44.55244	1
9123	GRIA2	0.0011874008	0.01254446	3.295972	5.2267556	1
9129	GASK1B	0.022240875	0.052897207	1.2462307	6.526654	1
9140	FNIP2	0.21424817	0.41793242	0.96365875	35.23308	1
9142	RAPGEF2	0.12541275	0.4355548	1.7953515	44.55244	1
9153	NPY1R	0.015945926	0.12280653	2.9372826	39.97123	1
9154	NPY5R	0.004793179	0.046759054	3.259484	17.341959	1
9167	TMEM192	0.123210296	0.07798604	-0.65915674	5.259262	1
9171	CPE	0.44177526	0.11103954	-1.9912668	44.55244	1
9182	DDX60L	0.02672953	0.05673475	1.0829515	6.0211363	1
9183	PALLD	0.49103495	0.32580313	-0.59167635	16.5744	1
9192	CLCN3	0.569514	0.16247857	-1.8088475	44.55244	1
9213	GALNT7	0.08028459	0.124605164	0.63353044	5.434829	1
9215	HMGB2	0.34145328	0.1111275	-1.618597	40.373665	1
9216	AC097534.2	0.1321482	0.016155228	-3.0242724	33.263287	1
9217	SAP30	0.43150142	0.16365844	-1.3981303	44.55244	1
9218	SCRG1	0.48212484	0.009756659	-5.6124635	44.55244	1
9222	AC093849.2	0.014419183	0.047955	1.7267263	9.01317	1
9223	HAND2	0.98229283	0.09842289	-3.3177693	44.55244	1
9224	HAND2-AS1	0.340541	0.037400804	-3.1832585	44.55244	1
9225	LINC02269	0.1867522	0.00033768715	-8.737782	41.501286	1
9228	LINC02268	0.029380972	0.0024077836	-3.5552993	8.7306385	1
9232	CEP44	0.21986355	0.1116397	-0.97712255	16.56679	1
9234	HPGD	0.0070786215	0.27860376	5.2788815	44.55244	1
9250	VEGFC	0.028698264	0.0034931705	-3.0026524	7.992615	1
9255	NEIL3	0.012337833	-2.5465852e-10	-6.958595	6.1873264	1
9257	AGA	0.058180932	0.025185585	-1.2047088	6.1124024	1
9271	TENM3-AS1	0.036611695	0.006421361	-2.4929948	8.546906	1
9272	TENM3	0.19879964	0.06551614	-1.5999181	29.411345	1
9301	IRF2	0.20362218	0.42118677	1.0481995	41.01778	1
9309	CENPU	0.04535374	0.01317301	-1.7759035	7.7376475	1
9319	SLC25A4	0.3581645	0.2312605	-0.6308825	14.0507765	1
9324	ANKRD37	0.383965	0.018462775	-4.3708663	44.55244	1
9325	UFSP2	0.31097567	0.1881102	-0.7249207	15.126706	1
9326	C4orf47	0.05324639	0.005694338	-3.202675	14.171557	1
9327	CCDC110	0.03549417	0.0022584228	-3.9157467	11.446056	1
9328	AC106897.1	0.060909126	0.0017173955	-5.069081	23.02137	1
9329	PDLIM3	1.0287932	0.002536384	-8.608317	44.55244	1
9330	SORBS2	0.057954304	0.0045191008	-3.6517193	17.594906	1
9373	FRG1	0.32354754	0.48042977	0.57020223	17.920261	1
9374	FRG2	1.2732926e-09	0.0425399	8.736042	17.87883	1
9381	SDHA	0.24407963	0.17141451	-0.5096123	7.1860275	1
9384	AHRR	0.027564362	0.008327497	-1.7148526	5.5191298	1
9405	NKD2	0.1800613	0.0004303411	-8.408153	44.55244	1
9406	SLC12A7	0.06707609	0.016012413	-2.059775	13.449896	1
9416	LPCAT1	0.124465525	0.05081497	-1.2907429	15.093742	1
9424	IRX4	0.017208878	-2.5465852e-10	-7.435372	6.8652935	1
9467	MED10	0.4934093	0.2891096	-0.77096194	29.897795	1
9472	SRD5A1	0.101113275	0.057802748	-0.80569476	6.009066	1
9474	TENT4A	0.09176105	0.046027165	-0.9938366	7.4239693	1
9533	DAP	0.45754763	0.14004497	-1.7073172	44.55244	1
9536	CTNND2	0.01569016	0.00032362124	-5.220107	5.745899	1
9561	ZNF622	0.22897911	0.13099506	-0.80523247	13.731705	1
9562	RETREG1	0.019225717	0.001286809	-3.8006809	6.116558	1
9565	MYO10	0.2400021	0.6643365	1.4684833	44.55244	1
9628	PURPL	0.035197757	0.0022891795	-3.8849895	8.87957	1
9657	NPR3	0.15664893	0.00087829615	-7.323969	31.323778	1
9679	BRIX1	0.22030732	0.15175372	-0.5374899	6.705172	1
9680	DNAJC21	0.5729398	0.36713514	-0.6419313	26.394197	1
9682	PRLR	0.18431048	0.0032432056	-5.785545	44.55244	1
9685	IL7R	0.059449177	0.86814123	3.8659425	44.55244	1
9713	EGFLAM	0.10087234	0.0066854996	-3.8953612	31.015394	1
9719	LIFR	0.22935627	0.079094596	-1.5347453	27.443138	1
9724	OSMR	0.12448485	0.025556734	-2.2797194	27.1795	1
9729	DAB2	0.38987696	1.1405255	1.5483644	44.55244	1
9742	C7	1.3736736	0.28135806	-2.2871523	44.55244	1
9746	OXCT1	0.08782725	0.046414126	-0.9186414	6.36256	1
9754	SELENOP	0.22370586	1.0427766	2.2202487	44.55244	1
9757	AC008875.3	0.012845031	0.038634516	1.5812213	6.7934475	1
9784	MRPS30-DT	0.05171715	0.017476121	-1.559813	7.4567304	1
9792	EMB	0.04119733	0.098047175	1.2488983	12.000263	1
9805	AC022126.1	0.08802584	0.0319207	-1.4605601	11.319976	1
9806	PELO	0.33854958	0.1540839	-1.1351411	33.23084	1
9807	ITGA1	0.8523238	0.2768142	-1.622132	44.55244	1
9815	FST	0.040994782	0.0022884815	-4.1047897	9.611517	1
9822	HSPB3	0.016943235	-2.5465852e-10	-7.413059	7.17931	1
9823	SNX18	0.15819778	0.25608182	0.694527	12.436845	1
9826	ESM1	0.0076448726	0.053741224	2.7973979	17.444979	1
9831	GZMA	1.2732926e-09	0.0094540045	6.5780153	5.975092	1
9833	GPX8	0.8676624	0.36513335	-1.2484816	44.55244	1
9839	PLPP1	0.5680956	0.13907294	-2.029509	44.55244	1
9854	MAP3K1	0.36739555	0.13542964	-1.4391184	44.55244	1
9873	RAB3C	0.050958645	0.0056651253	-3.1467314	13.118997	1
9876	PDE4D	0.1203575	0.03340753	-1.8459669	20.547672	1
9890	ZSWIM6	0.11895419	0.28286678	1.2490141	34.428318	1
9897	IPO11	0.03281973	0.08074262	1.2961636	10.278227	1
9900	AC122707.1	1.2732926e-09	0.0093527185	6.5626388	5.338495	1
9901	HTR1A	1.2732926e-09	0.03628914	8.507346	19.401468	1
9902	RNF180	0.0759552	0.15617193	1.03894	13.793382	1
9911	CENPK	0.07993925	0.03340225	-1.2564497	8.073558	1
9916	SGTB	0.10860324	0.048184138	-1.1707736	11.256331	1
9917	NLN	0.17982817	0.060461637	-1.5709449	27.25927	1
9919	ERBIN	0.35486203	0.53057605	0.58016676	21.37872	1
9926	AC092353.2	0.0050675794	0.03558747	2.7878573	12.131467	1
9928	MAST4	0.15785804	0.4219291	1.417801	44.55244	1
9929	MAST4-IT1	0.0065567945	0.035872355	2.4339893	11.001211	1
9940	PIK3R1	0.18508579	0.31089926	0.7479377	16.887741	1
9949	SLC30A5	0.16618375	0.11167405	-0.57306194	5.518597	1
9951	CCNB1	0.15126784	0.04881561	-1.6296918	14.381416	1
9952	CENPH	0.08481925	0.024956802	-1.7608894	13.461113	1
9979	MAP1B	2.1256616	0.5570117	-1.9319412	44.55244	1
9997	FOXD1	0.21846643	0.029021328	-2.9079237	44.55244	1
10013	ENC1	0.6707267	0.2851441	-1.2337433	44.55244	1
10014	HEXB	0.3520643	0.16038322	-1.1338261	34.521763	1
10039	F2R	0.68656003	0.22189495	-1.6290692	44.55244	1
10040	F2RL1	0.04840161	-2.5465852e-10	-8.921892	20.731113	1
10042	CRHBP	1.3994935	0.00088759634	-10.468799	44.55244	1
10048	WDR41	0.41552255	0.22336037	-0.8952549	31.291967	1
10055	SCAMP1	0.26496556	0.13522519	-0.9699187	21.12712	1
10057	ARSB	0.07412505	0.033498444	-1.1435118	7.2098217	1
10069	THBS4	0.20552896	0.011035123	-4.2068543	40.790134	1
10071	SERINC5	0.17285661	0.06644861	-1.3779298	19.59013	1
10090	SSBP2	0.2374805	0.37959048	0.67640734	18.393795	1
10107	XRCC4	0.1679833	0.08457659	-0.9891412	13.221599	1
10108	VCAN	2.7853668	1.3940642	-0.9985186	44.55244	1
10110	HAPLN1	1.102419	0.01977756	-5.793519	44.55244	1
10111	EDIL3	0.5981574	0.3248692	-0.88046354	41.24132	1
10136	TMEM161B-AS1	0.32516214	0.18629576	-0.80323386	17.964478	1
10143	MEF2C	0.47187185	1.0150843	1.104969	44.55244	1
10154	POLR3G	0.022777291	0.0046092733	-2.28034	5.5378685	1
10155	LYSMD3	0.16867281	0.10552784	-0.67609245	7.4399524	1
10157	LUCAT1	0.039717536	0.0014192361	-4.711986	13.254832	1
10164	ARRDC3	0.45291585	0.08349558	-2.438063	44.55244	1
10175	NR2F1-AS1	0.1266652	0.3065231	1.2743076	37.269825	1
10176	NR2F1	0.10273225	0.77842546	2.9204514	44.55244	1
10190	FAM81B	0.00081984047	0.011350425	3.6378736	5.1297393	1
10192	ARSK	0.13818924	0.056303013	-1.2938447	15.85079	1
10217	LNPEP	0.20512244	0.14373235	-0.5128003	5.9665956	1
10238	ST8SIA4	0.10403731	0.017887644	-2.5334089	24.549889	1
10247	PAM	0.7340435	0.14830214	-2.3065503	44.55244	1
10270	PJA2	0.9447764	0.66695505	-0.50231975	34.133434	1
10280	TSLP	0.021521827	0.00042623864	-5.3606277	8.017416	1
10283	CAMK4	0.055044845	0.2519447	2.1923814	44.55244	1
10290	EPB41L4A	0.16873394	0.045619305	-1.8847296	27.988968	1
10291	EPB41L4A-AS1	0.54422337	0.31119907	-0.8061628	29.877726	1
10301	MCC	0.18191259	0.08785362	-1.0492233	14.807555	1
10306	KCNN2	0.067330256	0.0027158633	-4.581747	20.021318	1
10316	CCDC112	0.2186981	0.08607236	-1.344303	25.423628	1
10317	FEM1C	0.08416944	0.040496588	-1.0536511	7.223196	1
10318	TICAM2	0.06111462	0.025475588	-1.2591089	7.2346215	1
10324	ATG12	0.56024903	0.36844897	-0.60446954	24.266392	1
10351	TNFAIP8	0.25668988	0.10793034	-1.2491517	27.2431	1
10361	LOX	0.6174608	0.04522488	-3.7682061	44.55244	1
10381	LINC01170	0.003944196	0.018346665	2.1894352	5.343429	1
10387	ZNF608	0.17610784	0.28690267	0.70378596	14.055416	1
10404	LMNB1	0.14172801	0.065423325	-1.114062	11.291617	1
10405	MARCH3	0.20011365	0.063681915	-1.650321	29.462744	1
10409	MEGF10	0.041122906	0.13549401	1.7177752	24.547884	1
10411	PRRC1	0.3082567	0.18124224	-0.765885	17.154797	1
10419	FBN2	0.26850128	0.13016808	-1.0439825	21.758415	1
10425	ADAMTS19	0.007640155	0.025150815	1.7058955	5.101399	1
10430	HINT1	1.5583678	2.4759436	0.66790825	44.55244	1
10433	RAPGEF6	0.1297289	0.2779131	1.0985413	27.600225	1
10444	P4HA2	1.382542	0.19851834	-2.799357	44.55244	1
10459	KIF3A	0.24500085	0.15540774	-0.65638906	10.42703	1
10497	SEC24A	0.19644831	0.091853626	-1.0959055	18.209305	1
10501	TXNDC15	0.39061394	0.13390814	-1.5437921	44.55244	1
10504	PITX1	0.005053244	0.06419674	3.641193	25.485435	1
10526	TGFBI	0.4515335	0.10018271	-2.1710794	44.55244	1
10529	SMIM32	0.00043077802	0.019317992	5.1931415	10.049875	1
10536	SPOCK1	0.18898673	0.005187037	-5.160445	44.55244	1
10543	FAM13B	0.09655664	0.17105816	0.82438934	11.194412	1
10549	KIF20A	0.045126688	0.0036093583	-3.6079328	13.675377	1
10552	CDC25C	0.023312464	0.0014627471	-3.9051206	8.842339	1
10556	REEP2	0.061668247	0.0020406952	-4.850714	22.192451	1
10560	CTNNA1	0.87203085	0.60273665	-0.5327774	35.305023	1
10563	SIL1	0.46673587	0.18255526	-1.3537921	44.55244	1
10574	DNAJC18	0.18862143	0.10399892	-0.8583032	11.674132	1
10575	ECSCR	0.0675828	0.023829825	-1.4999795	8.661621	1
10591	PURA	0.3226375	0.22432722	-0.5241135	9.46095	1
10594	CYSTM1	0.43487677	0.7419084	0.77049714	44.55244	1
10595	AC011379.1	0.009949381	0.03565123	1.8308862	7.2116284	1
10629	PCDHA12	0.10963111	0.045076817	-1.2803181	12.562845	1
10639	PCDHB2	0.33224168	0.23037328	-0.5280677	9.477843	1
10658	PCDHB14	0.05902549	0.025971074	-1.1813302	5.869584	1
10679	PCDHGB6	0.5120682	0.27206406	-0.91214126	36.67426	1
10680	PCDHGA10	0.62398034	0.2174774	-1.5202031	44.55244	1
10695	ARAP3	0.098353006	0.16641779	0.7581691	9.191672	1
10699	PCDH1	0.02163844	0.09026235	2.0554733	19.610394	1
10702	PCDH12	0.005735417	0.04656137	2.9993212	16.462872	1
10722	YIPF5	0.65071374	0.41761193	-0.6397364	32.539623	1
10723	KCTD16	0.044754438	0.0070371437	-2.651832	10.353375	1
10748	DPYSL3	0.2980768	0.020827638	-3.8326867	44.55244	1
10751	JAKMIP2	0.05247997	0.011065998	-2.2354012	10.867758	1
10755	C5orf46	0.014536383	-2.5465852e-10	-7.193419	6.4332356	1
10758	SPINK5	0.008426386	0.03778075	2.1514587	9.536857	1
10781	PCYOX1L	0.065226026	0.023949606	-1.4416447	8.833469	1
10784	CARMN	0.32441998	1.0167539	1.6477333	44.55244	1
10785	AC131025.2	0.004718852	0.025147699	2.3893905	7.3652177	1
10795	PDGFRB	0.68752193	1.4860537	1.1118958	44.55244	1
10799	ARSI	0.02778321	0.0007528031	-5.03104	11.0341425	1
10801	CD74	0.024362763	0.0050528105	-2.247156	5.832861	1
10806	SYNPO	0.3635001	0.011254739	-5.000986	44.55244	1
10813	SMIM3	0.37014732	0.05054931	-2.8698747	44.55244	1
10815	ZNF300	0.031216761	0.06337776	1.0193162	5.88493	1
10817	TNIP1	0.33971307	0.11199555	-1.6000123	44.55244	1
10820	CCDC69	0.029089129	0.0056123245	-2.3532813	7.277231	1
10821	GM2A	0.12615354	0.040738724	-1.6283141	19.49155	1
10829	SPARC	2.624657	1.5585781	-0.75186074	44.55244	1
10846	GALNT10	0.064869255	0.18226737	1.4890184	28.436592	1
10850	HAND1	0.045060888	-2.5465852e-10	-8.8189335	15.663045	1
10853	FAXDC2	0.05176505	0.020418774	-1.3378183	6.361882	1
10859	SGCD	0.10738473	0.0017442781	-5.8649316	37.08693	1
10893	EBF1	0.10027411	0.39537776	1.9782093	44.55244	1
10897	RNF145	0.31278038	0.2174781	-0.5240777	9.53009	1
10907	TTC1	0.36489168	0.25759494	-0.5021993	10.294602	1
10912	C1QTNF2	0.02542874	0.0007133349	-4.972129	10.81225	1
10915	PTTG1	0.3348804	0.050385777	-2.7301276	44.55244	1
10928	CCNG1	0.6016254	0.401723	-0.5825452	22.127785	1
10930	HMMR	0.09873222	0.0056662178	-4.099284	20.510866	1
10945	TENM2	0.17113239	0.005327211	-4.979601	44.55244	1
10954	AC026689.1	0.02429796	0.0010116771	-4.4559507	9.285936	1
10955	WWC1	0.028669685	0.0012863041	-4.3752337	11.165826	1
10956	RARS	0.45179528	0.20913073	-1.1108936	44.55244	1
10957	FBLL1	0.03394007	0.00976013	-1.7875555	6.211419	1
10958	PANK3	0.33879536	0.21291661	-0.6698739	15.031818	1
10960	SLIT3	0.14038776	0.03389286	-2.0471408	25.17222	1
10964	SPDL1	0.15376672	0.083325185	-0.8831264	9.502762	1
10967	INSYN2B	0.0666356	0.009792394	-2.754065	18.457056	1
10971	LCP2	0.0026736294	0.078033745	4.8160987	38.579937	1
10981	RANBP17	0.06330816	0.115695305	0.8688364	8.320192	1
10990	STK10	0.13825667	0.2114788	0.6128029	8.299323	1
10996	NEURL1B	0.039202485	0.0057851407	-2.7394717	9.788707	1
11009	BNIP1	0.1024178	0.057212014	-0.8389649	6.3776574	1
11010	NKX2-5	0.1635879	0.011644259	-3.80092	44.55244	1
11011	STC2	0.51576346	0.00032137416	-10.257671	44.55244	1
11039	SFXN1	0.37261283	0.14203481	-1.3908044	44.55244	1
11052	KIAA1191	0.26612177	0.14830379	-0.8431005	16.621653	1
11055	ARL10	0.1440329	0.05088674	-1.4992056	19.700016	1
11071	UIMC1	0.17044713	0.10463099	-0.703482	7.8086634	1
11078	MXD3	0.042192478	0.010165846	-2.0425487	8.699633	1
11080	LMAN2	0.8276706	0.5191694	-0.6727478	44.55244	1
11084	F12	0.09582524	0.015018169	-2.6656272	24.346544	1
11087	PRR7	0.16993204	0.031903423	-2.4095085	39.411037	1
11089	PDLIM7	0.5075182	0.33382767	-0.6042082	19.472963	1
11092	DDX41	0.21052559	0.106589675	-0.98126024	16.173258	1
11095	TMED9	1.6377851	0.74338245	-1.1394635	44.55244	1
11096	B4GALT7	0.20571974	0.09852339	-1.0613796	18.092398	1
11099	FAM153A	0.015902426	-2.5465852e-10	-7.3221507	5.7182198	1
11107	FAM153CP	0.06364423	0.016825048	-1.9131349	10.423349	1
11113	PHYKPL	0.22516279	0.15396391	-0.5480801	7.035621	1
11143	MGAT4B	0.64994025	0.35676023	-0.86516994	44.55244	1
11144	SQSTM1	0.83413243	0.5866524	-0.5076975	27.015532	1
11145	MRNIP	0.12849052	0.07640689	-0.74912274	6.65163	1
11154	GFPT2	0.09283314	0.0055588894	-4.0376024	30.21096	1
11157	SCGB3A1	0.015773239	0.04811992	1.6030328	8.134787	1
11161	MGAT1	0.32109365	0.20510876	-0.6463509	13.930949	1
11162	HEIH	0.07337585	0.023051333	-1.6661749	11.070924	1
11163	LINC00847	0.04316575	0.010495641	-2.0297546	8.515001	1
11168	BTNL9	0.0014685321	0.2080481	7.0520515	44.55244	1
11182	TRIM52-AS1	0.13144405	0.083151884	-0.65999115	5.6259804	1
11192	DUSP22	0.11141227	0.060797956	-0.87273675	7.5261607	1
11214	FOXC1	0.4267102	0.9191326	1.1068355	44.55244	1
11225	SERPINB1	0.3033903	0.14814954	-1.0336227	23.319742	1
11227	SERPINB9	0.36584938	0.030599859	-3.57534	44.55244	1
11229	SERPINB6	0.9985052	0.53339326	-0.9044443	44.55244	1
11231	NQO2	0.3733856	0.18430215	-1.0181972	32.107346	1
11238	TUBB2A	0.36192697	0.09769638	-1.8882442	44.55244	1
11240	TUBB2B	0.19439532	0.016704183	-3.532843	44.55244	1
11242	SLC22A23	0.005983744	0.022462528	1.8908974	5.364539	1
11245	PXDC1	0.13432176	0.063579306	-1.0778702	12.122634	1
11256	ECI2	0.51602274	0.33807737	-0.6099342	21.568567	1
11273	PPP1R3G	0.021914635	0.0040745065	-2.3987854	5.42474	1
11291	RREB1	0.18438387	0.2674173	0.5361375	8.554279	1
11294	SSR1	0.69176596	0.44018114	-0.65206766	34.505947	1
11301	BMP6	0.017177822	-2.5465852e-10	-7.432781	6.4368253	1
11302	TXNDC5	0.55698174	0.18878101	-1.5604115	44.55244	1
11303	BLOC1S5	0.1766886	0.1112834	-0.666491	7.676599	1
11307	SLC35B3	0.12978488	0.08119352	-0.6760213	5.8158	1
11310	TFAP2A	0.04935282	0.0024541134	-4.2751584	15.896121	1
11318	GCNT2	0.0070949886	0.03730193	2.3780487	10.861983	1
11330	ELOVL2	0.110025495	0.01059487	-3.3641577	30.620558	1
11335	NEDD9	0.16973817	0.010684609	-3.977115	44.55244	1
11347	EDN1	0.15327545	0.004026228	-5.2161	26.095335	1
11349	PHACTR1	0.03598505	0.099136576	1.4594707	14.6868305	1
11353	GFOD1	0.23913856	0.04364067	-2.4514027	44.55244	1
11375	JARID2	0.2333698	0.33805832	0.5344628	10.423881	1
11380	MYLIP	0.30170763	0.14515734	-1.0550181	24.563353	1
11381	GMPR	0.064117335	0.008094944	-2.970157	17.675457	1
11383	ATXN1	0.29199412	0.16339032	-0.83722806	18.502932	1
11391	RBM24	0.08393121	0.013641787	-2.6123557	21.245455	1
11392	CAP2	0.16701838	0.041379604	-2.0103965	30.665014	1
11397	KIF13A	0.1635498	0.103153735	-0.66441786	7.075168	1
11406	ID4	0.68936276	0.33932012	-1.0224006	44.55244	1
11424	CASC15	0.17371847	0.102931134	-0.754501	8.709749	1
11433	DCDC2	0.0013115968	0.08259703	5.8724356	41.185642	1
11447	RIPOR2	0.2413445	0.042293005	-2.5097933	44.55244	1
11469	HIST1H3B	0.021871543	0.0022393663	-3.2314465	6.346729	1
11473	HIST1H1C	0.2953093	0.16261482	-0.8603695	15.1653385	1
11478	HIST1H2AC	0.17893833	0.112287	-0.67179334	6.8744407	1
11479	HIST1H1E	0.14091077	0.06331617	-1.1528828	12.128914	1
11480	HIST1H2BD	0.1368139	0.06206072	-1.1391937	11.6333	1
11487	HIST1H4E	0.048322424	0.02086989	-1.2073561	5.04917	1
11491	HIST1H1D	0.08389166	0.030363776	-1.4631515	8.064355	1
11495	HIST1H2BH	0.02258683	0.005028004	-2.1453857	5.4885054	1
11502	BTN3A1	0.051298626	0.023428222	-1.1273376	5.2361035	1
11506	HCG11	0.0730685	0.031110635	-1.229185	8.561339	1
11522	HIST1H2AH	0.027025314	0.006332009	-2.0762985	5.6985135	1
11541	HIST1H2BN	0.051184468	0.014818223	-1.7814463	8.161493	1
11544	HIST1H1B	0.028140968	0.0025088163	-3.4363222	7.127921	1
11608	HLA-F-AS1	0.020274285	0.00054243236	-4.987061	8.065047	1
11613	HLA-A	1.2008204	0.5276236	-1.1862861	44.55244	1
11627	RPP21	0.45873976	0.27936107	-0.71534306	25.195192	1
11640	NRM	0.11665582	0.040833544	-1.5121388	16.50903	1
11645	FLOT1	0.4464634	0.31069767	-0.5228894	13.587271	1
11647	IER3	0.98282766	0.09189902	-3.4173949	44.55244	1
11652	DDR1	0.17036813	0.015589979	-3.441587	44.55244	1
11662	PSORS1C1	0.05333847	0.00027039245	-7.1726804	19.261103	1
11672	HLA-C	1.242924	0.45272776	-1.4568198	44.55244	1
11673	HLA-B	0.5964718	0.23289384	-1.356404	44.55244	1
11677	MICA	0.15648176	0.041706778	-1.9051074	28.610403	1
11686	NFKBIL1	0.25231385	0.15272392	-0.72392064	12.015557	1
11692	AIF1	0.041139446	0.07621205	0.88788587	5.2937245	1
11698	GPANK1	0.18124165	0.10211616	-0.827087	10.756538	1
11720	NEU1	0.2755481	0.18791671	-0.55196667	8.670444	1
11728	NELFE	0.38616964	0.26303947	-0.5537807	13.348584	1
11731	STK19	0.2217607	0.13418856	-0.7243178	11.098166	1
11757	HLA-DRB1	0.019314658	0.0005415372	-4.9194694	6.6788335	1
11766	PSMB8	0.11829993	0.191414	0.6937816	9.138912	1
11771	HLA-DMA	0.036349818	0.0065269805	-2.4594882	8.827774	1
11776	HLA-DPA1	0.12074633	0.06633981	-0.8630538	7.9976745	1
11777	HLA-DPB1	0.22032937	0.099234425	-1.1499509	21.769741	1
11779	COL11A2	0.027101668	0.0015605361	-4.033974	8.309944	1
11781	SLC39A7	0.7662973	0.33493426	-1.1937839	44.55244	1
11782	HSD17B8	0.039660834	0.012529448	-1.6545566	6.3606296	1
11788	B3GALT4	0.050917994	0.018208573	-1.4784869	7.1033735	1
11796	KIFC1	0.048163928	0.0021877096	-4.3989697	14.0217285	1
11797	PHF1	0.17653662	0.09246015	-0.9323214	12.381869	1
11799	SYNGAP1	0.1307137	0.05892101	-1.1482131	12.667315	1
11807	LEMD2	0.13412192	0.073689006	-0.8631426	8.325147	1
11814	SMIM29	0.20467812	0.108527325	-0.9146746	14.304906	1
11855	ETV7	0.0019383501	0.0733872	5.172019	35.600224	1
11862	CDKN1A	0.5689051	0.36001638	-0.6599785	19.702002	1
11869	C6orf89	0.3075634	0.18911988	-0.7012891	14.912682	1
11872	MTCH1	1.0654997	0.61006606	-0.8043917	44.55244	1
11874	PIM1	0.0562496	0.005001675	-3.4653625	16.030003	1
11896	KCNK17	0.0039014209	0.07112504	4.1538	29.071281	1
11899	DAAM2	0.063376956	0.12088369	0.9305077	9.303991	1
11911	OARD1	0.23019382	0.12184561	-0.91723794	16.485804	1
11920	TREM1	0.027251588	-2.5465852e-10	-8.095485	8.112931	1
11926	TFEB	0.020652913	0.0042246594	-2.2626555	5.2563996	1
11938	CCND3	0.16276577	0.08390035	-0.95521617	12.040993	1
11958	CNPY3	0.552849	0.30723667	-0.84732664	39.21295	1
11963	MEA1	0.6334371	0.3559969	-0.8311593	44.55244	1
11969	MRPL2	0.2366491	0.13802049	-0.7774316	13.313475	1
11971	PTK7	0.24260741	0.13227275	-0.8746121	16.24696	1
11975	DNPH1	0.3508913	0.5935587	0.75819874	37.00348	1
11987	YIPF3	0.7187325	0.44178057	-0.7019991	42.353783	1
11990	POLH	0.05195303	0.024051616	-1.1078625	5.319821	1
11994	RSPH9	0.047769427	0.0038840922	-3.5867817	15.6109085	1
11997	VEGFA	1.0134665	0.018510418	-5.7671866	44.55244	1
12010	SLC29A1	0.14381042	0.019252112	-2.894608	34.95897	1
12021	SUPT3H	0.14477243	0.08955289	-0.6923611	6.5846205	1
12022	RUNX2	0.013036448	0.12105033	3.2051513	43.511047	1
12023	AL096865.1	0.0012336009	0.019105067	3.8480883	9.369564	1
12039	ADGRF5	0.008041257	0.03958023	2.285097	10.8976555	1
12042	TNFRSF21	0.1237233	0.19819999	0.6794018	8.827505	1
12083	TRAM2	0.18231708	0.10441425	-0.8035412	10.517613	1
12085	TMEM14A	0.29895827	0.15992953	-0.90208846	20.860044	1
12087	GSTA1	0.14450392	0.00042120874	-8.11603	29.308722	1
12090	GSTA4	0.3360964	0.20959242	-0.6810296	15.184504	1
12097	GCLC	0.04242633	0.15593892	1.8754777	33.043922	1
12118	BMP5	0.12166924	0.20845664	0.77628946	11.042188	1
12119	COL21A1	0.20524839	0.10302986	-0.9936114	13.439526	1
12123	BEND6	0.044128153	0.006087605	-2.8375123	12.195944	1
12127	BAG2	0.0760929	0.02311694	-1.7144787	12.777838	1
12128	RAB23	0.08440354	0.039423294	-1.0963085	8.139842	1
12159	ADGRB3	0.04368951	0.089671105	1.0356659	7.971679	1
12162	COL9A1	0.05690958	0.0017790662	-4.9231167	17.754776	1
12177	LINC00472	0.05444013	0.24375151	2.1606128	44.55244	1
12180	RIMS1	0.011639397	-2.5465852e-10	-6.875218	5.990274	1
12186	KHDC1	0.065222405	0.029950958	-1.120167	6.1731853	1
12206	TMEM30A	0.5237193	0.306328	-0.77352124	32.630646	1
12208	FILIP1	0.20828053	0.096212566	-1.1134245	17.448418	1
12212	MYO6	0.39456904	0.66989493	0.7635069	41.800392	1
12228	LCA5	0.06821034	0.13404027	0.9735664	11.093054	1
12237	TTK	0.051559564	0.0059138504	-3.1026747	12.116967	1
12243	TENT5A	0.80908364	0.17296433	-2.2251587	44.55244	1
12252	TPBG	0.1927769	0.0989825	-0.9609782	13.887485	1
12256	PGM3	0.6671387	0.18120031	-1.8798217	44.55244	1
12257	RWDD2A	0.08219024	0.025495702	-1.6848197	13.662599	1
12258	ME1	0.10111489	0.018044405	-2.479825	25.008247	1
12259	PRSS35	0.13014068	0.007095038	-4.178034	36.3687	1
12267	MRAP2	0.058794253	0.0039141835	-3.8749485	18.816277	1
12270	TBX18	0.023005066	0.003253176	-2.784609	6.1860657	1
12274	NT5E	0.07798369	0.001609025	-5.513776	27.280666	1
12287	SLC35A1	0.22683154	0.10068683	-1.1709499	22.841	1
12288	RARS2	0.52649593	0.30353996	-0.7943348	34.007305	1
12289	ORC3	0.19191466	0.11526211	-0.7350469	9.369	1
12302	GABRR1	0.0009398944	0.22620052	7.765659	44.55244	1
12304	UBE2J1	0.39436266	0.65296733	0.7273431	40.013477	1
12306	ANKRD6	0.07903995	0.12575638	0.6693002	5.9674306	1
12360	ASCC3	0.48649037	0.26514706	-0.875371	34.68653	1
12362	GRIK2	0.11288244	0.007630676	-3.8693602	34.723255	1
12367	HACE1	0.034915615	0.083631486	1.2577718	10.787616	1
12370	LIN28B	0.06474219	0.18621424	1.5227331	30.369028	1
12373	POPDC3	0.042442314	0.006195173	-2.7565806	12.458589	1
12389	CD24	0.04320894	0.0036633862	-3.5245616	11.006501	1
12435	AMD1	0.24612159	0.397661	0.69194454	19.704771	1
12436	GTF3C6	0.6403746	0.9201113	0.5228238	37.485172	1
12445	TRAF3IP2-AS1	0.08745075	0.044223364	-0.982052	6.597946	1
12449	FYN	0.3892104	0.27359688	-0.50834185	11.299511	1
12453	FAM229B	0.30602592	0.17828345	-0.77914333	17.665941	1
12454	LAMA4	0.33869416	0.6069769	0.8414705	39.370903	1
12457	Z99289.3	0.0045412397	0.04391963	3.245565	16.92692	1
12478	FRK	0.0041760975	0.048001207	3.4917066	19.072857	1
12489	TRAPPC3L	0.0032174734	0.018468786	2.4847226	6.226529	1
12490	CALHM5	0.02639606	0.06055167	1.1947695	7.2280293	1
12500	VGLL2	1.2732926e-09	0.012295606	6.9536667	7.087825	1
12505	NUS1	0.18917492	0.12673014	-0.57758564	6.582603	1
12506	SLC35F1	0.004967432	0.07517697	3.8928819	29.314018	1
12508	PLN	0.14867836	0.3038189	1.0305216	22.2067	1
12513	FAM184A	0.036945604	0.007765393	-2.2357118	8.359196	1
12514	MAN1A1	0.34299505	0.16121368	-1.0887394	29.338026	1
12519	GJA1	0.60385674	0.14109877	-2.0967178	44.55244	1
12521	SERINC1	0.7065489	0.42593816	-0.730011	42.121075	1
12529	CLVS2	0.0015204785	0.015783193	3.2930093	5.754005	1
12530	TRDN	0.0512014	0.65636075	3.6776388	44.55244	1
12541	AL450332.1	0.010083628	0.031606127	1.6385101	5.743658	1
12544	HEY2	0.31172994	0.45075783	0.53191316	13.136998	1
12545	NCOA7	0.59905964	0.13297708	-2.1706784	44.55244	1
12547	HINT3	0.14598632	0.0713287	-1.0322453	12.1103325	1
12549	CENPW	0.21894948	0.10140165	-1.1097536	16.867775	1
12551	RSPO3	0.22317444	0.0056140563	-5.288159	44.55244	1
12554	KIAA0408	0.06731398	0.0051318365	-3.6876585	22.621489	1
12555	SOGA3	0.11432338	0.008640973	-3.7104442	35.872417	1
12559	PTPRK	0.07163805	0.15134256	1.0779601	14.8337965	1
12562	LAMA2	0.05550682	0.0050295345	-3.4383621	16.95256	1
12567	L3MBTL3	0.11202672	0.19342022	0.7873541	11.215294	1
12573	EPB41L2	0.463742	0.67734826	0.54647744	24.266167	1
12582	CCN2	0.41019428	0.20500575	-1.000291	17.648909	1
12599	SLC18B1	0.02951016	0.07399236	1.3232324	10.078044	1
12609	TCF21	0.23821422	0.0020483106	-6.7935185	44.55244	1
12613	SGK1	0.55563134	0.08635735	-2.6843271	44.55244	1
12629	AHI1	0.22224656	0.09500321	-1.225244	22.943193	1
12635	PDE7B	0.0572136	0.0036659883	-3.927777	21.630203	1
12639	MTFR2	0.011479775	0.00045244594	-4.3896303	5.510901	1
12642	MAP7	0.0022340673	0.07783896	5.0614266	36.198444	1
12643	AL024508.2	1.2732926e-09	0.009358412	6.5635076	5.186892	1
12644	MAP3K5	0.011697099	0.088464394	2.9082947	30.057785	1
12651	IL20RA	0.00046992244	0.009880052	4.13021	5.3111725	1
12658	WAKMAR2	0.017526878	0.048434075	1.4612211	8.115271	1
12663	PERP	0.16081497	0.08199182	-0.97098815	11.3096285	1
12664	ARFGEF3	0.04985312	0.0014389505	-5.020556	16.379929	1
12668	NHSL1	0.035951603	0.14832878	2.0416355	34.664185	1
12669	AL590617.2	0.117756985	0.17480028	0.5694953	6.027514	1
12673	REPS1	0.08664827	0.13834582	0.6744146	6.444787	1
12674	ABRACL	0.332737	0.52028424	0.64476156	24.337675	1
12679	CITED2	0.32661647	0.508878	0.63956416	21.09613	1
12694	ADGRG6	0.07682495	0.013058829	-2.5474205	18.17397	1
12703	AIG1	0.22898749	0.3375625	0.5596833	11.514287	1
12727	RAB32	0.5708444	0.3104786	-0.87839204	42.431866	1
12734	STXBP5	0.28041556	0.044619568	-2.6491024	44.55244	1
12743	SASH1	0.17826824	0.09125857	-0.9652467	13.257264	1
12753	PPIL4	0.5512125	0.34354144	-0.6819663	28.410528	1
12755	GINM1	0.6760967	0.3144561	-1.1041257	44.55244	1
12758	KATNA1	0.22459461	0.13790783	-0.7032154	10.913177	1
12762	PCMT1	0.5920639	0.392326	-0.5935761	24.353237	1
12764	LRP11	0.08988015	0.04536733	-0.98477656	7.4687414	1
12777	PLEKHG1	0.016137993	0.056411386	1.7991682	11.131391	1
12781	MTHFD1L	0.3278247	0.10287151	-1.6711195	44.55244	1
12785	AKAP12	0.49081397	1.6007937	1.7053355	44.55244	1
12788	ARMT1	0.14067611	0.20246783	0.52500254	6.4152966	1
12789	CCDC170	0.004100759	0.032088827	2.9378383	11.9099455	1
12798	MYCT1	0.046126742	0.008959131	-2.351283	8.701808	1
12801	FBXO5	0.09925484	0.053351488	-0.8943602	6.1468773	1
12803	MTRF1L	0.24774392	0.17188905	-0.5271151	7.3683844	1
12804	RGS17	0.14350918	0.016153073	-3.1433637	36.425095	1
12835	SYNJ2	0.19455071	0.08034173	-1.2748717	21.11382	1
12847	EZR	0.2843258	0.49382985	0.79625386	30.284166	1
12863	SOD2	0.14638203	0.083781846	-0.80429316	7.843922	1
12888	AGPAT4	0.34477776	0.07194475	-2.2591197	44.55244	1
12913	PDE10A	0.16452543	0.07969412	-1.0448328	11.875691	1
12933	RNASET2	0.16305986	0.045071185	-1.8528116	27.853825	1
12956	AFDN-DT	0.06559761	0.003569821	-4.1620593	20.583458	1
12957	AFDN	0.7371373	0.16422905	-2.1655416	44.55244	1
12980	THBS2	0.058022477	0.0027564422	-4.346805	20.694305	1
12987	PHF10	0.13493821	0.045124333	-1.5781965	19.414013	1
13004	DLL1	1.2732926e-09	0.020331416	7.6746273	11.50931	1
13025	FAM20C	0.05947928	0.14960486	1.3292383	19.26023	1
13032	PDGFA	0.26722348	0.38613027	0.53087467	10.722218	1
13038	SUN1	0.22081947	0.14091201	-0.64770246	9.123485	1
13042	COX19	0.2535079	0.1434512	-0.8210343	15.198834	1
13044	C7orf50	0.6106416	0.21300197	-1.5190182	44.55244	1
13046	GPR146	0.0256794	0.0020407087	-3.5900583	8.001766	1
13051	ZFAND2A	0.17423868	0.07961301	-1.1290056	16.876358	1
13065	ELFN1	0.016524753	0.048360925	1.5434891	8.5099	1
13071	MRM2	0.13742246	0.085366756	-0.6862319	6.4983873	1
13072	NUDT1	0.22295132	0.10448211	-1.0927396	19.928812	1
13075	CHST12	0.1416669	0.08898508	-0.6702651	6.2379627	1
13080	TTYH3	0.292526	0.19916224	-0.5543895	9.552082	1
13093	FOXK1	0.11584161	0.18794926	0.69771206	9.452298	1
13113	FSCN1	0.9800197	0.36997417	-1.4051436	44.55244	1
13121	EIF2AK1	0.46971405	0.26086262	-0.8482467	32.942307	1
13130	KDELR2	1.6450592	1.0175116	-0.69304025	44.55244	1
13132	ZDHHC4	0.25948828	0.16728815	-0.6330278	10.198182	1
13135	ZNF853	0.05998213	0.028895183	-1.0511227	5.3441296	1
13153	GLCCI1	0.03562127	0.072809294	1.0293193	6.6007066	1
13170	THSD7A	0.06996708	0.12204948	0.801839	6.62178	1
13176	SCIN	0.00245361	0.03748529	3.879558	14.297839	1
13178	ARL4A	0.24353679	1.0687184	2.133213	44.55244	1
13183	DGKB	0.020431237	0.0037217457	-2.4255168	5.9188848	1
13186	AGMO	0.0017756055	0.021293122	3.5117188	8.724186	1
13187	MEOX2	0.00028071488	0.019122219	5.65792	9.790599	1
13195	SOSTDC1	0.026030395	0.003731257	-2.7698393	6.5310936	1
13201	BZW2	0.34191555	0.5203009	0.6055617	21.812984	1
13213	HDAC9	0.035189733	0.1081964	1.6176648	17.841145	1
13232	ITGB8	0.050670262	0.009170369	-2.453285	11.76465	1
13240	RAPGEF5	0.044622116	0.12470949	1.4806672	18.042673	1
13241	STEAP1B	0.0034467794	0.020324565	2.5257237	6.352824	1
13255	GPNMB	0.03500709	0.0002632192	-6.594778	12.3358	1
13256	MALSU1	0.34221348	0.22022428	-0.6356897	14.331022	1
13257	IGF2BP3	0.4030181	0.27212662	-0.56639445	14.013615	1
13265	NPY	0.063570686	0.00022652038	-7.6073127	8.810432	1
13288	AC004540.2	0.003053966	0.016244937	2.3736048	5.3636994	1
13294	SKAP2	0.17050354	0.38831553	1.1869533	44.55244	1
13296	HOTAIRM1	0.01975945	0.12777255	2.686809	39.857212	1
13298	HOXA3	0.0039974037	0.022422198	2.4585657	6.377385	1
13302	HOXA5	0.0030476293	0.07501071	4.576681	33.459328	1
13304	HOXA7	0.0014563175	0.05834309	5.230824	26.939053	1
13306	HOXA9	0.010131864	0.08858733	3.115659	30.557903	1
13307	HOXA10-AS	0.003930569	0.054539982	3.7609017	22.481277	1
13308	HOXA10	0.016385475	0.14313002	3.1190665	44.55244	1
13309	HOXA11	0.0038209155	0.02600702	2.7351754	9.137391	1
13310	HOXA11-AS	0.00084192306	0.036928445	5.296881	18.242687	1
13323	JAZF1	0.08508125	0.04536496	-0.9057807	6.200957	1
13326	CREB5	0.17376713	0.05526979	-1.6508144	24.530518	1
13341	SCRN1	0.32775038	0.21555115	-0.6043381	12.611003	1
13343	FKBP14	0.5463868	0.18331465	-1.5750777	44.55244	1
13344	PLEKHA8	0.17854221	0.12269606	-0.5408088	5.4682803	1
13347	MTURN	0.0771611	0.036379553	-1.0826541	6.916269	1
13351	ZNRF2	0.028344171	0.06663059	1.2302152	7.9304523	1
13359	GARS	0.58478975	0.22927436	-1.3504606	44.55244	1
13364	AQP1	0.38217342	0.0006940966	-8.911075	44.55244	1
13380	FKBP9	0.42129982	0.15043426	-1.4850978	44.55244	1
13393	DPY19L1	0.15562639	0.09462736	-0.7171603	7.5767164	1
13395	TBX20	0.0867209	-2.5465852e-10	-9.761902	32.41631	1
13415	ANLN	0.07809461	0.009541642	-3.0197184	15.239399	1
13423	ELMO1	0.033962578	0.008098024	-2.0548396	6.75843	1
13426	EPDR1	0.1999387	0.024159195	-3.0436757	44.55244	1
13453	AMPH	0.017378716	0.09071275	2.3772957	23.450033	1
13462	RALA	0.5443782	0.3772179	-0.5290939	15.9578	1
13473	INHBA	0.40801764	0.018144898	-4.48342	44.55244	1
13475	GLI3	0.13021141	0.20367411	0.64500725	8.701808	1
13487	STK17A	0.1950862	0.3462869	0.82753325	21.90993	1
13489	BLVRA	0.17625858	0.29679176	0.75142527	16.290287	1
13500	AEBP1	0.6241808	0.31368008	-0.9924414	44.55244	1
13502	MYL7	0.3541265	0.0054234276	-6.0029645	44.55244	1
13504	YKT6	0.2214903	0.14091748	-0.65202063	9.41036	1
13509	TMED4	0.58527577	0.3681715	-0.6685933	29.67254	1
13523	NACAD	0.065559834	0.01159801	-2.488748	16.946508	1
13531	IGFBP3	1.6968975	0.25249395	-2.7480927	44.55244	1
13543	TNS3	0.1731949	0.5540678	1.6770936	44.55244	1
13552	UPP1	0.27051112	0.10658113	-1.342916	31.535852	1
13559	VWC2	0.019016134	0.0013744328	-3.696559	6.814645	1
13571	GRB10	0.094158135	0.026738988	-1.8122869	16.36648	1
13600	VOPP1	0.17140506	0.10546758	-0.7000844	8.285864	1
13610	SUMF2	0.55218536	0.3102665	-0.8314411	38.043457	1
13611	PHKG1	0.07128255	0.026272014	-1.4365637	8.787437	1
13665	VKORC1L1	0.16716874	0.10585936	-0.65865684	7.2815742	1
13666	GUSB	0.2290946	0.1007377	-1.1845379	23.490599	1
13668	CRCP	0.16880588	0.10981908	-0.6197778	6.5756474	1
13670	TPST1	0.1831364	0.097649634	-0.90654296	12.994705	1
13695	TYW1B	0.03677545	0.0102900835	-1.8274536	7.0662537	1
13706	FZD9	0.01088456	0.037471727	1.7741704	7.7877626	1
13709	TBL2	0.20245032	0.082408436	-1.2956668	24.535633	1
13712	VPS37D	0.06315854	0.01974766	-1.6722914	9.876871	1
13722	ELN	0.033762053	0.0015070535	-4.3971796	11.612079	1
13729	CLIP2	0.104579315	0.19474442	0.8963463	14.02426	1
13747	HIP1	0.22340728	0.31739938	0.50643194	9.171921	1
13750	RHBDD2	0.16120239	0.09378462	-0.78080696	8.839577	1
13752	TMEM120A	0.16301423	0.09617254	-0.7606864	8.490307	1
13753	STYXL1	0.097978756	0.05369281	-0.86652726	6.3137083	1
13771	GSAP	0.0050605754	0.07721522	3.9051485	32.032288	1
13774	PTPN12	0.4892772	0.90976983	0.89471334	44.55244	1
13778	PHTF2	0.19237883	0.5921973	1.6216217	44.55244	1
13788	GNAI1	0.33557937	0.5037774	0.585989	19.47336	1
13791	CD36	0.007837159	1.5221145	7.5833335	44.55244	1
13795	HGF	0.12950553	-2.5465852e-10	-10.339915	37.724762	1
13796	CACNA2D1	0.18340822	0.12760206	-0.5230629	5.270974	1
13804	SEMA3D	0.076171674	0.0066565205	-3.496795	21.281668	1
13808	AC005009.2	0.00087055156	0.011342965	3.5595121	5.151741	1
13813	TMEM243	0.14921698	0.21142009	0.50241643	6.04175	1
13815	CROT	0.06653951	0.1176831	0.8216828	7.572386	1
13840	CDK14	0.15505439	0.050083164	-1.6284292	23.004572	1
13850	CYP51A1	0.81781816	0.46967614	-0.7999831	44.55244	1
13856	GATAD1	0.46232256	0.31752452	-0.54188955	15.316281	1
13861	FAM133B	0.46140122	0.66256565	0.5219467	22.773182	1
13862	CDK6	0.29949647	0.4670815	0.6409624	20.63066	1
13872	TFPI2	0.85724294	0.027870622	-4.937888	44.55244	1
13875	BET1	0.23214999	0.14959893	-0.63361466	9.269943	1
13881	COL1A2	2.8266838	1.3251193	-1.0929303	44.55244	1
13883	SGCE	0.26334628	0.15470816	-0.76702726	14.208297	1
13884	PEG10	0.40206632	0.1802765	-1.1567808	33.437504	1
13889	PON2	0.50191206	0.26755324	-0.90735704	35.643784	1
13893	AC002451.1	0.0051813507	0.020349715	1.9531019	5.0844984	1
13894	PDK4	0.06316641	0.28692913	2.1816854	44.55244	1
13896	SLC25A13	0.20627561	0.34685636	0.7494817	19.753704	1
13902	TAC1	0.5388536	0.069989964	-2.9428813	44.55244	1
13903	ASNS	0.026826426	0.0031077205	-3.0694025	7.4428124	1
13922	BUD31	0.75237423	0.47237125	-0.67141575	41.84829	1
13951	TAF6	0.16918819	0.11514531	-0.55477333	5.497445	1
13953	CNPY4	0.27046385	0.18805538	-0.52404445	7.9589005	1
13970	PPP1R35	0.18295614	0.100192145	-0.8680776	11.544109	1
13973	TSC22D4	0.16396199	0.32944933	1.0062534	29.489399	1
13982	PCOLCE	0.334852	0.17235371	-0.95774513	23.626314	1
13984	TFR2	0.01409633	0.00035185931	-4.9735007	5.541365	1
14004	SERPINE1	0.16652848	0.0089997295	-4.1946673	39.679688	1
14006	VGF	0.024481975	0.001513905	-3.9289732	5.6558204	1
14009	PLOD3	0.5545201	0.21219815	-1.385408	44.55244	1
14015	IFT22	0.2991592	0.18719868	-0.6760548	13.876457	1
14019	CUX1	0.81192505	0.41139182	-0.98066056	44.55244	1
14035	RASA4	0.08959979	0.041940704	-1.0933177	7.8347726	1
14043	LRRC17	0.3546607	0.5537056	0.64253354	20.636786	1
14053	RELN	0.031926204	0.009908317	-1.6780536	5.4440436	1
14061	KMT2E	0.6743182	0.4761204	-0.5020141	21.938463	1
14072	NAMPT	0.3907711	0.11884818	-1.7163595	44.55244	1
14085	COG5	0.12725134	0.061804254	-1.0407037	10.715562	1
14096	LAMB1	0.7512389	0.26487345	-1.5036161	44.55244	1
14099	NRCAM	0.063806586	0.00496667	-3.6568549	18.116243	1
14101	THAP5	0.1627699	0.105628215	-0.6233596	6.275013	1
14102	DNAJB9	0.27725735	0.18614419	-0.5745505	8.268168	1
14112	LRRN3	0.038379725	0.009850957	-1.9511914	7.4188976	1
14113	DOCK4	0.30276534	0.19303168	-0.64909154	11.862342	1
14129	FOXP2	0.0064465324	0.10569819	4.01444	43.090042	1
14132	MDFIC	0.16369288	0.4135724	1.336616	44.55244	1
14139	TES	0.2007762	0.35110644	0.8060125	22.21786	1
14143	CAV2	0.33195436	0.054430593	-2.6062815	44.55244	1
14144	CAV1	1.0273323	0.036013663	-4.8303547	44.55244	1
14163	CTTNBP2	0.10295333	0.1520392	0.5620008	5.1710944	1
14174	ING3	0.12434176	0.18584187	0.579381	6.4637413	1
14175	CPED1	0.09681997	0.3152649	1.7021562	44.55244	1
14178	FAM3C	0.49359402	0.34420973	-0.5199102	15.944639	1
14198	WASL	0.625779	0.42125356	-0.5708525	23.903494	1
14228	SND1	0.50735736	0.32282013	-0.65210927	23.621838	1
14230	LRRC4	0.018742634	0.05406446	1.523346	9.008723	1
14235	IMPDH1	0.16426641	0.045831855	-1.8393486	29.994284	1
14236	HILPDA	0.49414837	0.10307932	-2.2600822	44.55244	1
14237	METTL2B	0.19389476	0.13156441	-0.55915225	6.4977055	1
14243	CALU	2.3353586	1.0786467	-1.1143497	44.55244	1
14246	FLNC	0.08513485	0.0038867218	-4.4181685	27.160238	1
14248	KCP	0.033923104	0.17331226	2.3496192	44.55244	1
14268	KLHDC10	0.16976827	0.116741806	-0.5398599	5.3494973	1
14280	MEST	0.4475314	0.060009673	-2.896642	44.55244	1
14284	AUXG01000058.1	0.13417627	0.050174598	-1.4173028	15.470419	1
14313	AKR1B1	0.30252287	0.09178544	-1.7196128	44.55244	1
14316	BPGM	0.1392667	0.068684824	-1.0187236	11.755606	1
14335	MTPN	1.146206	0.7447134	-0.6220413	44.55244	1
14340	CHRM2	0.104741275	0.04210737	-1.31264	12.113965	1
14341	PTN	1.1213229	0.14855157	-2.9153237	44.55244	1
14344	DGKI	0.13497281	0.0016718346	-6.2523494	42.002213	1
14345	CREB3L2	0.37194657	0.1362554	-1.4481113	44.55244	1
14349	TRIM24	0.7210425	0.33885324	-1.0891982	44.55244	1
14363	HIPK2	0.3319736	0.6363428	0.9385279	44.55244	1
14364	TBXAS1	0.0090737175	0.059655115	2.7034838	19.680927	1
14366	KDM7A	0.08548216	0.038711198	-1.1408371	7.722141	1
14367	KDM7A-DT	0.027896797	0.003669529	-2.8928056	7.8570747	1
14368	SLC37A3	0.14014433	0.067822844	-1.0459737	12.0639	1
14370	MKRN1	0.30664068	0.19175829	-0.67697835	13.83582	1
14484	EPHB6	0.08720664	0.04301178	-1.0180092	6.5546355	1
14524	ARHGEF35	0.059822254	0.09820809	0.71421826	5.2799063	1
14525	AC004889.1	0.19383612	0.56303936	1.5379105	44.55244	1
14529	OR2A1-AS1	0.016051484	0.059075076	1.873323	12.776497	1
14535	CNTNAP2	0.042021208	0.1694577	2.0091577	37.448856	1
14560	ZNF467	0.22611393	0.09303741	-1.2802551	24.870762	1
14578	ZNF775	0.07569888	0.036713026	-1.0419602	6.58734	1
14584	GIMAP4	0.0021982426	0.01659958	2.861209	5.3398204	1
14586	GIMAP2	0.0018667107	0.017189784	3.136063	6.596113	1
14587	GIMAP1	1.2732926e-09	0.016515443	7.376363	8.545741	1
14589	TMEM176B	0.08296705	0.009136847	-3.168804	20.364445	1
14590	TMEM176A	0.06815991	0.01087575	-2.636719	14.988711	1
14592	KCNH2	0.07134692	0.017623967	-2.0111704	13.8047085	1
14593	NOS3	0.078849964	0.013662344	-2.5202124	20.427776	1
14598	CDK5	0.13774222	0.0633124	-1.120181	12.769471	1
14599	SLC4A2	0.2008655	0.08296249	-1.274679	22.929483	1
14601	FASTK	0.23968057	0.16034572	-0.5796294	8.57644	1
14602	TMUB1	0.23368454	0.093065344	-1.3273141	28.51306	1
14609	CHPF2	0.21262746	0.12447905	-0.7719448	11.676283	1
14610	SMARCD3	0.16903429	0.06172615	-1.4518801	23.201963	1
14614	WDR86	0.022722334	0.0018145377	-3.5753784	7.459392	1
14628	XRCC2	0.027256258	0.0045642382	-2.5521576	7.2164974	1
14694	NCAPG2	0.048669524	0.017204134	-1.4948633	6.704609	1
14695	ESYT2	0.21093002	0.059804	-1.816724	35.441116	1
14703	ZNF596	0.00090919837	0.012477765	3.6395938	5.698621	1
14724	CLN8	0.14467047	0.083123535	-0.7987039	8.153843	1
14726	AC100810.1	0.26255718	0.14042114	-0.9023938	18.212593	1
14728	ARHGEF10	0.20002581	0.0655585	-1.6078534	31.061296	1
14758	ANGPT2	0.06406419	0.10564493	0.7207482	5.299364	1
14818	CLDN23	0.0037725898	0.023374213	2.5997062	7.7651205	1
14824	AC022784.1	0.017007297	0.0016252936	-3.309698	5.818083	1
14831	TNKS	0.28810522	0.1888555	-0.6090499	10.827694	1
14835	MSRA	0.06184185	0.15702994	1.3429718	21.604425	1
14864	FAM167A	0.0031935177	0.040554743	3.6257226	16.556883	1
14870	GATA4	0.5932881	0.0021962186	-8.013573	44.55244	1
14871	C8orf49	0.033353824	-2.5465852e-10	-8.386031	13.946075	1
14872	NEIL2	0.09614433	0.047228824	-1.0239825	7.8148875	1
14873	FDFT1	0.61256284	0.4058895	-0.59365094	22.85498	1
14875	CTSB	1.4487373	0.37345812	-1.955491	44.55244	1
14876	AC025857.2	0.017614007	0.000890628	-4.1604033	6.649761	1
14888	AC145124.1	0.0685762	0.029883811	-1.1956265	7.135033	1
14895	LONRF1	0.10034985	0.055343024	-0.85739756	6.188437	1
14905	SGCZ	0.000523243	0.013368693	4.4336715	6.7921205	1
14921	SLC7A2	0.116544984	0.015293168	-2.9217622	26.45722	1
14923	PDGFRL	0.035909593	0.0047583133	-2.889854	9.10339	1
14939	PSD3	0.32751173	0.15423428	-1.0859284	29.673122	1
14947	CSGALNACT1	0.08384292	0.005346074	-3.9461203	23.390385	1
14949	INTS10	0.23756678	0.15195107	-0.6443842	9.704573	1
14950	LPL	0.038898878	0.13439672	1.7860664	18.82806	1
14954	LZTS1	0.06583568	0.17195703	1.3837556	23.352528	1
14966	GFRA2	0.009480987	0.10756566	3.49024	38.942146	1
14973	NUDT18	0.03590241	0.007889382	-2.171938	7.630959	1
14975	REEP4	0.07958559	0.020874482	-1.9256837	15.623097	1
14978	BMP1	0.22704889	0.106463	-1.0919316	21.312687	1
14982	POLR3D	0.4257482	0.20660104	-1.0427935	38.596313	1
14985	SLC39A14	0.08428527	0.03530529	-1.2530261	9.642793	1
14991	PDLIM2	0.9473985	0.6408735	-0.563859	40.186672	1
15000	PEBP4	0.035709973	0.007935616	-2.155881	8.053194	1
15005	TNFRSF10B	0.26739013	0.08011769	-1.7374933	43.29717	1
15009	TNFRSF10D	0.24153218	0.043824833	-2.4597037	44.55244	1
15011	TNFRSF10A	0.011885677	0.000541432	-4.223871	5.41213	1
15015	R3HCC1	0.22077987	0.15370186	-0.522189	6.616538	1
15016	LOXL2	0.89450985	0.14327566	-2.6414585	44.55244	1
15018	ENTPD4	0.17418683	0.091088854	-0.9345341	12.917109	1
15022	SLC25A37	0.46729708	0.14066546	-1.7313553	44.55244	1
15027	STC1	0.34769216	0.1778355	-0.9668711	20.035383	1
15041	DOCK5	0.03512563	0.06636095	0.9158813	5.33764	1
15045	CDCA2	0.041787405	0.0008389886	-5.479265	13.410381	1
15050	EBF2	0.012715632	0.09451678	2.8841913	29.243397	1
15052	BNIP3L	1.3281124	0.7006854	-0.9224412	44.55244	1
15056	DPYSL2	0.588047	0.32842973	-0.840153	41.04634	1
15064	EPHX2	0.09687734	0.024628509	-1.9714724	17.66634	1
15065	CLU	0.13686801	0.0053178794	-4.659967	35.539326	1
15066	SCARA3	0.088441744	0.015349496	-2.518798	21.102482	1
15068	CCDC25	0.35161313	0.2472333	-0.5079427	10.157838	1
15069	ESCO2	0.03199786	0.0022671875	-3.7612312	9.2345	1
15070	PBK	0.05757194	0.002079136	-4.7260413	18.466246	1
15077	ZNF395	0.17774397	0.04163376	-2.0913253	35.302082	1
15087	HMBOX1	0.25198513	0.36155802	0.5207152	10.654591	1
15093	DUSP4	0.26133966	0.021827908	-3.5756378	44.55244	1
15115	RBPMS	0.40665704	0.2872507	-0.5013548	11.47083	1
15135	AC090204.1	0.45368013	0.29941672	-0.5993569	17.760647	1
15168	ERLIN2	0.16660981	0.09247143	-0.84870005	10.876227	1
15169	PLPBP	0.18086746	0.10246235	-0.8192291	10.826383	1
15170	ADGRA2	0.40821984	0.23769914	-0.7799562	22.885244	1
15171	BRF2	0.077894196	0.041270956	-0.9147485	5.5458674	1
15175	EIF4EBP1	1.0187774	0.3540528	-1.5245366	44.55244	1
15187	PLPP5	0.2524811	0.09757473	-1.3706893	31.830965	1
15193	FGFR1	0.47551817	0.27660084	-0.7814768	27.283773	1
15202	PLEKHA2	0.09816872	0.048421077	-1.0181206	7.834187	1
15206	ADAM9	0.27486056	0.1822192	-0.59275806	9.48931	1
15222	ZMAT4	0.014324764	-2.5465852e-10	-7.1724076	5.8881774	1
15224	SFRP1	1.1492189	0.56330764	-1.0285281	44.55244	1
15229	GINS4	0.034733813	0.09452165	1.4416819	13.91995	1
15242	PLAT	0.7055284	0.4288474	-0.7181079	25.178991	1
15245	POLB	0.13858145	0.08522345	-0.70076066	6.3462005	1
15247	VDAC3	0.578933	0.40709054	-0.5079416	18.868567	1
15248	SLC20A2	0.100169234	0.17668003	0.8180763	11.190865	1
15271	CEBPD	0.45876613	0.09005235	-2.3476362	44.55244	1
15274	MCM4	0.09855356	0.05680287	-0.7938698	5.1654534	1
15294	SNTG1	0.023668518	0.002361402	-3.2714996	6.703073	1
15322	TCEA1	0.8829416	0.4917638	-0.84422255	44.55244	1
15327	SOX17	0.10851049	0.006043903	-4.143864	30.680412	1
15336	LYN	0.15945339	0.26925698	0.7554801	14.882044	1
15341	PLAG1	0.20850265	0.14330079	-0.5407046	6.313635	1
15342	CHCHD7	0.29479882	0.18244623	-0.69195807	13.87408	1
15345	PENK	0.6300196	0.0008718124	-9.340733	44.55244	1
15346	AC012349.1	0.012413725	-2.5465852e-10	-6.967371	5.2704124	1
15350	IMPAD1	0.41958928	0.25725174	-0.70558006	21.49366	1
15361	FAM110B	0.26945046	0.16785885	-0.68244743	10.954195	1
15391	ASPH	0.9817625	0.37950328	-1.3710287	44.55244	1
15402	GGH	0.1940787	0.031904623	-2.6010327	44.55244	1
15419	CYP7B1	0.017803898	0.07771601	2.1197934	19.115038	1
15459	AC083967.1	0.028941683	0.30580106	3.3968682	44.55244	1
15463	SULF1	1.0584536	1.8808817	0.8293915	44.55244	1
15468	NCOA2	0.10471959	0.15663482	0.5804174	5.653877	1
15472	TRAM1	0.7053056	0.4400058	-0.68060267	38.656178	1
15477	EYA1	0.0014842735	0.028937751	4.1960363	13.529089	1
15480	MSC-AS1	0.03452014	-2.5465852e-10	-8.435472	14.354874	1
15481	MSC	0.017902516	-2.5465852e-10	-7.4920583	6.7848983	1
15511	JPH1	0.036535032	0.011441116	-1.6664412	5.9317174	1
15519	CRISPLD1	0.11753744	0.20964552	0.8342927	13.756413	1
15529	ZFHX4	0.03918618	0.1747141	2.1537278	42.95038	1
15535	PKIA	0.12638351	0.06463949	-0.9662315	9.174297	1
15538	ZC2HC1A	0.3019464	0.20905364	-0.53020704	9.186036	1
15539	IL7	0.0020654716	0.016733756	2.9586039	6.4770355	1
15543	STMN2	1.9061658	0.38602084	-2.303625	44.55244	1
15545	HEY1	0.53362596	0.1254941	-2.0873306	44.55244	1
15552	TPD52	0.13835588	0.0007839272	-7.291283	44.55244	1
15559	ZNF704	0.27996257	0.059865147	-2.223553	44.55244	1
15561	PAG1	0.18050765	0.053408682	-1.7550141	28.69854	1
15567	FABP5	1.4305516	2.9955215	1.0661829	44.55244	1
15571	FABP4	0.00594607	0.8329529	7.106267	44.55244	1
15579	SNX16	0.08502341	0.04557676	-0.89809567	6.1025805	1
15586	AC015522.1	0.06853404	-2.5465852e-10	-9.422784	24.59465	1
15587	RALYL	0.080056176	0.0050558485	-3.958532	25.058659	1
15624	AF117829.1	0.10459449	0.2011156	0.94255656	15.851105	1
15628	DECR1	0.33419937	0.68104565	1.0268228	44.55244	1
15637	C8orf88	0.06538703	0.112209946	0.7782045	6.6100483	1
15646	RUNX1T1	0.26450914	0.11774642	-1.1669549	24.777884	1
15674	GEM	0.056588948	0.11540751	1.0268472	9.924739	1
15682	DPY19L4	0.16305839	0.09879966	-0.72223556	8.083495	1
15700	GDF6	0.04017678	0.0011280266	-5.035535	13.486827	1
15711	TSPYL5	0.05141972	0.019114874	-1.4229013	6.675527	1
15715	MATN2	0.3721393	0.104742564	-1.8280058	44.55244	1
15721	NIPAL2	0.01990204	0.046621602	1.2239428	5.941308	1
15777	AZIN1	0.22697876	0.13561061	-0.7426592	11.772112	1
15785	BAALC	0.48124743	0.039132066	-3.6169734	44.55244	1
15788	FZD6	0.12005986	0.035772514	-1.7440042	20.022728	1
15790	CTHRC1	0.38977912	0.012455129	-4.956678	44.55244	1
15792	SLC25A32	0.115636304	0.06033769	-0.93732107	8.643872	1
15802	ZFPM2	0.14453408	0.043109395	-1.7429906	24.49412	1
15810	AC027031.2	0.21024996	0.06773197	-1.6327543	29.136255	1
15816	ANGPT1	0.19944118	0.550803	1.4651119	44.55244	1
15859	AARD	0.007742089	0.048508555	2.6319003	15.178174	1
15864	EXT1	0.49023128	0.19112778	-1.3584646	44.55244	1
15868	TNFRSF11B	0.021238627	0.0004850899	-5.1886654	5.2028637	1
15869	COLEC10	0.057403	-2.5465852e-10	-9.167497	14.267361	1
15874	CCN3	0.05023422	0.001359329	-5.1081624	15.246926	1
15876	ENPP2	0.004328745	0.06703915	3.9221845	27.307661	1
15879	DSCC1	0.02720677	0.008119861	-1.7320727	5.029521	1
15883	COL14A1	0.2591646	0.0053612716	-5.5690446	44.55244	1
15886	SNTB1	0.00969238	0.051767524	2.4051	15.656852	1
15890	HAS2	0.24089548	0.13067475	-0.881922	13.72575	1
15895	LINC01151	1.2732926e-09	0.0147810895	7.217318	8.461344	1
15900	ZHX2	0.026419682	0.06939093	1.3897613	10.030152	1
15912	ATAD2	0.0872557	0.039098047	-1.1561201	7.7589602	1
15914	FBXO32	0.0919912	0.011328644	-3.010409	20.440222	1
15934	MTSS1	0.34171072	0.05724341	-2.5754979	44.55244	1
15941	SQLE	0.6309228	0.41640237	-0.59936756	22.505836	1
15946	TRIB1	0.067292616	0.020400329	-1.7169436	10.341825	1
15968	MYC	0.098434635	0.1904792	0.9516879	14.371506	1
15969	PVT1	0.09137263	0.020959863	-2.118844	18.259125	1
16004	SLA	0.0024300385	0.027653804	3.4554543	9.841979	1
16007	NDRG1	0.2805761	0.014326791	-4.282084	44.55244	1
16024	KHDRBS3	0.06093648	0.015663492	-1.9530847	11.387951	1
16048	AC040970.1	0.027058527	0.007284552	-1.878823	5.138275	1
16056	GPR20	0.024800908	0.0044768583	-2.443769	6.46857	1
16058	PTP4A3	0.2459949	0.43945977	0.83684456	28.985504	1
16076	THEM6	0.04304725	0.078727216	0.8694252	5.5317545	1
16089	LY6E-DT	0.019170707	0.0019628636	-3.223689	5.5403776	1
16090	LY6E	1.0138645	0.6710839	-0.59522706	44.55244	1
16115	TIGD5	0.07645205	0.034854148	-1.1309773	7.2078924	1
16137	PLEC	0.31979194	0.17883357	-0.83816046	20.547716	1
16144	GPAA1	0.29650024	0.1730032	-0.77688724	16.685816	1
16147	MAF1	0.3957036	0.26147205	-0.5975764	15.136792	1
16150	MROH1	0.0660162	0.028416732	-1.2131952	7.1589317	1
16152	SCX	0.0099256	0.029115403	1.5430405	5.039191	1
16153	HSF1	0.23156323	0.14441909	-0.6807689	10.678081	1
16158	SLC52A2	0.22982663	0.15245298	-0.5918632	8.340616	1
16167	CYHR1	0.20714335	0.13693894	-0.5967398	7.6701913	1
16171	PPP1R16A	0.09172675	0.038291667	-1.2581213	9.822136	1
16195	C8orf33	0.34455374	0.18395156	-0.9050377	24.598179	1
16209	KANK1	0.070453	0.0061735385	-3.4913564	20.826504	1
16221	VLDLR-AS1	0.054694034	0.012145344	-2.1617856	10.018217	1
16223	VLDLR	0.21355233	0.06945601	-1.6190178	31.3688	1
16237	SLC1A1	0.043085076	0.0009499421	-5.362151	14.995113	1
16242	AK3	0.19496295	0.31330708	0.68409795	15.31651	1
16244	RCL1	0.055097748	0.1362605	1.3047445	17.735044	1
16246	JAK2	0.08279223	0.14725125	0.8299505	9.485104	1
16254	CD274	0.013206151	0.00050437305	-4.4605103	5.390813	1
16265	IL33	0.7127223	0.009168354	-6.2650857	44.55244	1
16267	UHRF2	0.1486833	0.079871684	-0.89565146	10.22702	1
16273	KDM4C	0.08123352	0.04348813	-0.8999147	5.5660753	1
16281	PTPRD	0.2700742	0.12268743	-1.1377269	24.261015	1
16303	NFIB	0.49945688	0.08880474	-2.4903166	44.55244	1
16313	TTC39B	0.03364225	0.011885602	-1.493254	5.2437563	1
16314	SNAPC3	0.2514426	0.14488794	-0.7948699	14.265499	1
16318	BNC2	0.009418598	0.06378591	2.7466767	20.322655	1
16330	HAUS6	0.14042215	0.08340549	-0.75085473	7.570142	1
16400	TEK	0.10401798	0.0019162415	-5.6904073	36.631405	1
16402	MOB3B	0.043612484	0.001565692	-4.713852	13.98357	1
16409	AL353746.1	0.01350693	0.06717991	2.3058343	16.756199	1
16410	LINGO2	0.010671167	0.06838956	2.6687095	20.872423	1
16412	AL162388.2	0.0014446091	0.016978238	3.4668455	7.286819	1
16415	ACO1	0.30188835	0.17205904	-0.8107508	17.728197	1
16428	B4GALT1	0.21144134	0.1212024	-0.80233157	12.172612	1
16434	AQP7	0.0003276459	0.0104235755	4.6210647	5.4645915	1
16439	ANKRD18B	0.012948701	-2.5465852e-10	-7.027766	5.164571	1
16463	NUDT2	0.23802115	0.14798276	-0.685292	10.923239	1
16470	CNTFR	0.29083806	0.008622108	-5.059891	44.55244	1
16472	RPP25L	0.1379161	0.086104214	-0.6790063	6.092872	1
16475	SIGMAR1	0.20535348	0.10868842	-0.9172868	14.869692	1
16476	GALT	0.13324435	0.08317975	-0.67911905	5.99321	1
16477	IL11RA	0.2773551	0.090989016	-1.6069052	41.814453	1
16479	AL162231.1	0.07599455	0.03908015	-0.95767015	5.738871	1
16480	AL162231.2	0.0812258	0.022171503	-1.8685142	14.771148	1
16482	CCL21	0.3650164	-2.5465852e-10	-11.834145	44.55244	1
16508	CCDC107	0.5492931	0.2935705	-0.9036406	43.55244	1
16513	CREB3	0.30722943	0.1668327	-0.8805193	21.247698	1
16529	RECK	0.18243432	0.113757975	-0.6809324	8.077252	1
16530	GLIPR2	0.26109412	0.13025379	-1.0026898	20.454678	1
16535	MELK	0.044135246	0.0059942235	-2.859682	12.386459	1
16542	EBLN3P	0.27320313	0.15687725	-0.7999464	15.995162	1
16544	ZCCHC7	0.2864902	0.17427805	-0.7167707	13.625888	1
16553	TRMT10B	0.10759826	0.06556914	-0.7137075	5.2743735	1
16555	DCAF10	0.20144801	0.13448589	-0.5825965	7.023	1
16557	SHB	0.10499307	0.008429912	-3.6229928	33.225555	1
16660	TJP2	0.07677287	0.036378723	-1.0754193	7.019341	1
16671	MAMDC2	0.10096492	0.030109424	-1.7422118	16.321033	1
16673	SMC5	0.48767322	0.3053068	-0.6754784	23.522577	1
16679	CEMIP2	0.062097006	0.2076082	1.7396411	39.23266	1
16696	RORB	0.07001166	0.0014506971	-5.498666	21.618286	1
16701	CARNMT1	0.12021303	0.07531502	-0.67386913	5.244817	1
16703	NMRK1	0.13757978	0.2014198	0.5496049	6.6486034	1
16704	OSTF1	0.24408351	0.6258874	1.3581679	44.55244	1
16707	RFK	0.12512083	0.07638032	-0.71131414	6.067889	1
16708	GCNT1	0.021752328	0.0013745085	-3.889481	7.680031	1
16709	PRUNE2	0.011635668	-2.5465852e-10	-6.8747597	5.232129	1
16714	VPS13A	0.10759083	0.052336052	-1.0382644	9.095002	1
16715	GNA14	0.034280453	0.0011197618	-4.8169174	12.513882	1
16719	PSAT1	0.2405665	0.04158691	-2.529369	44.55244	1
16728	TLE1	0.20200942	0.90489894	2.1627796	44.55244	1
16755	SLC28A3	0.026356196	-2.5465852e-10	-8.047465	10.941133	1
16758	NTRK2	0.16894187	0.04890776	-1.7862984	23.18829	1
16762	AGTPBP1	0.10879782	0.064500034	-0.75336826	5.4600716	1
16766	GOLM1	0.50021815	0.2574477	-0.9580064	40.7788	1
16768	C9orf153	0.002216044	0.024471568	3.4072552	10.062057	1
16774	GAS1	0.08710705	0.046264272	-0.91143125	5.635518	1
16779	DAPK1	0.13614212	0.023040898	-2.557656	33.758507	1
16793	S1PR3	0.14126697	0.6270131	2.1492805	44.55244	1
16809	SYK	0.002930012	0.049507827	4.033172	20.908262	1
16822	SPTLC1	0.3049609	0.21476077	-0.50569516	8.878179	1
16824	IARS	0.3837212	0.19637746	-0.9660706	29.596243	1
16829	ASPN	0.114716575	0.002784498	-5.314867	28.96626	1
16839	CARD19	0.30501047	0.09038076	-1.7536486	44.55244	1
16851	PTPDC1	0.10205314	0.05407171	-0.91512203	7.4257064	1
16892	HABP4	0.13818501	0.07623458	-0.8572362	9.007488	1
16893	CDC14B	0.075223275	0.16629596	1.1434528	17.550577	1
16900	CTSV	0.036224615	0.00101733	-5.0228205	13.128373	1
16907	TMOD1	0.032114156	0.003583641	-3.1284904	8.902616	1
16919	ANP32B	1.3790601	0.73779464	-0.9023033	44.55244	1
16921	NANS	0.37539968	0.242589	-0.6297029	15.634501	1
16922	TRIM14	0.022709351	0.0020692665	-3.394346	7.9284825	1
16923	CORO2A	0.16082652	0.0014034293	-6.7420015	44.55244	1
16928	GALNT12	0.019164631	0.0016378015	-3.4706194	6.5843644	1
16930	COL15A1	0.53941905	0.019933598	-4.7511806	44.55244	1
16932	TGFBR1	0.21361092	0.12389501	-0.7853785	11.6814785	1
16934	ALG2	0.20019236	0.13863955	-0.5297283	6.056834	1
16947	MSANTD3	0.30272868	0.14603163	-1.0512333	26.716324	1
16956	TMEM246	0.15243624	0.02665828	-2.5110948	37.920353	1
16966	SMC2	0.30548444	0.18640195	-0.71238035	13.6639185	1
16982	SLC44A1	0.54798126	0.3734227	-0.553194	18.638205	1
16993	ZNF462	0.17638321	0.29266396	0.7302069	15.253355	1
17006	CTNNAL1	0.42556453	0.09249551	-2.2007027	44.55244	1
17007	TMEM245	0.26777953	0.15141013	-0.8221699	16.552753	1
17008	FRRS1L	0.034344643	0.0029821075	-3.4822905	9.534356	1
17016	SVEP1	0.046979193	0.09611834	1.0312223	8.528077	1
17019	LPAR1	0.06285022	0.005490737	-3.4931011	19.55953	1
17026	DNAJC25	0.123383254	0.06960308	-0.82502115	7.278292	1
17027	GNG10	0.4132505	0.600719	0.53956485	21.684969	1
17031	SUSD1	0.06606866	0.028586013	-1.2058005	7.477095	1
17033	HSDL2	0.19390047	0.36144525	0.89811605	27.532734	1
17054	ALAD	0.08662246	0.038282093	-1.1759723	9.145552	1
17057	RGS3	0.2783754	0.17085849	-0.7039037	12.476986	1
17061	ZNF618	0.18735883	0.30546093	0.7048862	15.395224	1
17064	COL27A1	0.14094833	0.045104273	-1.6416584	21.625896	1
17077	TNC	0.19835277	0.008840158	-4.4723516	44.55244	1
17083	PAPPA	0.46093038	0.005753157	-6.299503	44.55244	1
17094	TLR4	0.08499296	0.2776758	1.7068092	44.55244	1
17095	AL160272.1	0.0041897655	0.04389457	3.3583548	17.260399	1
17108	PHF19	0.22641149	0.031150317	-2.8576417	44.55244	1
17109	TRAF1	0.037346292	0.0012284125	-4.817048	12.917995	1
17111	CNTRL	0.13198501	0.074385874	-0.82642794	7.311584	1
17116	STOM	0.16562667	0.10550749	-0.65009356	6.79962	1
17126	RBM18	0.16224958	0.10548669	-0.6206757	6.3093166	1
17128	PTGS1	0.019805308	-2.5465852e-10	-7.637013	7.2843156	1
17152	RABGAP1	0.34273663	0.5293264	0.6269089	23.68844	1
17155	STRBP	0.05315595	0.092971325	0.805394	5.90557	1
17157	DENND1A	0.06955983	0.025304986	-1.4552152	9.380498	1
17160	LHX2	0.040424876	-2.5465852e-10	-8.662667	13.630079	1
17164	NEK6	0.5552991	0.13579144	-2.0310702	44.55244	1
17174	OLFML2A	0.22358117	0.4844463	1.1151907	43.23022	1
17189	PBX3	0.41767156	0.17641741	-1.2429037	44.075317	1
17202	ANGPTL2	0.19751522	0.044981692	-2.1320803	38.311737	1
17210	NIBAN2	0.25382462	0.111863956	-1.1813658	25.790417	1
17211	STXBP1	0.11911657	0.023193615	-2.3555784	27.193472	1
17217	SH2D3C	0.037891958	0.073323525	0.95054835	5.542658	1
17221	ENG	0.78781253	0.30560496	-1.3658955	44.55244	1
17223	AK1	0.5550025	0.34815744	-0.67260015	25.51108	1
17228	DPM2	0.29597434	0.1754581	-0.75401086	16.414644	1
17229	FAM102A	0.114734374	0.046474874	-1.3019307	13.030978	1
17238	C9orf16	0.8571843	1.305955	0.6073701	44.55244	1
17240	DNM1	0.14864177	0.048294757	-1.6198871	23.033024	1
17241	GOLGA2	0.6420744	0.34985527	-0.87579477	44.55244	1
17242	SWI5	0.49696803	0.19524649	-1.3474079	44.55244	1
17247	URM1	0.24262263	0.16195534	-0.5828221	8.479799	1
17250	CERCAM	0.53252083	0.10810952	-2.2992814	44.55244	1
17252	ODF2	0.13621071	0.0873904	-0.63970226	5.750577	1
17256	SPTAN1	0.5734201	0.35684404	-0.6841463	28.084133	1
17263	ZDHHC12	0.11019581	0.028738474	-1.9353112	20.397997	1
17267	ENDOG	0.23846222	0.15181905	-0.6510628	9.953341	1
17269	KYAT1	0.020641316	0.0039755553	-2.3474388	5.476382	1
17279	CRAT	0.113234155	0.054457765	-1.0547262	10.015935	1
17283	IER5L	0.39030278	0.22560115	-0.79054946	21.86972	1
17298	NTMT1	0.34789327	0.21307126	-0.7070464	16.863352	1
17302	PRRX2	0.1364635	0.014048387	-3.2708623	34.970676	1
17304	PTGES	0.03269507	0.0033374098	-3.2540853	9.068736	1
17305	TOR1B	0.08496542	0.0368552	-1.2027954	9.190672	1
17312	GPR107	0.19942352	0.1388817	-0.52166384	6.0992403	1
17314	NCS1	0.2477127	0.11301841	-1.1314164	24.297651	1
17316	ASS1	0.09648149	0.00029615843	-7.9295254	31.28631	1
17324	LAMC3	0.107734695	0.0136935925	-2.9667513	27.85266	1
17334	POMT1	0.05760585	0.027208738	-1.079355	5.383725	1
17355	RALGDS	0.16125326	0.0515768	-1.642634	25.124714	1
17362	SURF1	0.21013278	0.14841205	-0.5014076	5.90802	1
17364	SURF4	0.5901603	0.27265465	-1.1137477	44.55244	1
17366	REXO4	0.1738337	0.10292382	-0.7555595	9.143397	1
17369	SLC2A6	0.16016927	0.042578813	-1.9089059	29.399582	1
17371	ADAMTSL2	0.28382763	0.00037215627	-9.232043	44.55244	1
17372	FAM163B	0.014924231	-2.5465852e-10	-7.231151	6.156172	1
17375	DBH-AS1	0.01754216	0.0023435145	-2.8519976	5.197303	1
17376	SARDH	0.037202906	0.013066734	-1.5023905	5.201377	1
17389	COL5A1	0.91284776	0.2194678	-2.0558658	44.55244	1
17395	OLFM1	0.084032856	0.0019722695	-5.3433857	25.15295	1
17403	MRPS2	0.27510783	0.16266061	-0.7577698	15.326665	1
17426	GPSM1	0.12922071	0.05566242	-1.2135882	13.141768	1
17433	SEC16A	0.2141598	0.13128243	-0.70558876	10.449412	1
17440	EGFL7	1.5270805	0.40466145	-1.9157269	44.55244	1
17441	AGPAT2	0.44903788	0.18787305	-1.2566326	44.55244	1
17442	DIPK1B	0.3449169	0.09832023	-1.8096402	44.55244	1
17443	SNHG7	0.90095097	0.41862905	-1.1055918	44.55244	1
17448	TMEM141	1.2680792	0.6257763	-1.0188091	44.55244	1
17449	CCDC183	0.20666027	0.026647788	-2.9504676	44.55244	1
17451	RABL6	0.7942078	0.35728672	-1.1522121	44.55244	1
17452	AJM1	0.04755088	0.0106342845	-2.150277	10.696372	1
17453	PHPT1	1.6209035	0.96374506	-0.75001407	44.55244	1
17458	FBXW5	0.43238652	0.29511088	-0.5509093	14.59459	1
17462	PTGDS	0.64402026	-2.5465852e-10	-12.653118	44.55244	1
17463	LCNL1	0.011019387	-2.5465852e-10	-6.796937	5.163647	1
17466	ABCA2	0.105397046	0.03421361	-1.6203496	15.44917	1
17469	NPDC1	0.45817247	0.24149783	-0.923598	34.348576	1
17470	ENTPD2	0.008856848	0.0675475	2.9169736	18.631973	1
17473	SAPCD2	0.039247062	0.011190851	-1.8011018	6.803381	1
17477	MAN1B1	0.3625633	0.14766209	-1.2953546	44.55244	1
17478	DPP7	0.3344478	0.14193867	-1.2359285	36.44423	1
17484	TPRN	0.072120346	0.038488302	-0.9042418	5.2137356	1
17488	RNF208	0.04108193	0.009174975	-2.1505964	8.463108	1
17500	NRARP	0.05309104	0.30153453	2.5035462	44.55244	1
17523	LARP4B	0.14531633	0.09710803	-0.58104193	5.090947	1
17550	PFKP	0.63306046	0.070006005	-3.1749613	44.55244	1
17577	AKR1C1	0.073761955	0.017160269	-2.0973766	13.206266	1
17580	AKR1C3	0.02696455	0.059303947	1.1341544	6.0693507	1
17588	NET1	0.044269525	0.12134632	1.4526777	17.98847	1
17601	GDI2	0.9191316	0.6493197	-0.50127715	36.14091	1
17610	PFKFB3	0.17002223	0.053138435	-1.6760316	26.38582	1
17612	LINC02649	0.01949893	0.003719917	-2.3591616	5.0512743	1
17613	LINC02656	0.012250642	0.0004496859	-4.489835	5.505938	1
17622	SFMBT2	0.010506867	0.1472941	3.7966084	44.55244	1
17625	ITIH5	0.019686952	-2.5465852e-10	-7.6284094	6.411334	1
17630	GATA3	0.037677497	0.4212958	3.4795768	44.55244	1
17647	CELF2	0.060442362	0.018009946	-1.7411629	9.824631	1
17658	ECHDC3	1.2732926e-09	0.01060761	6.7424746	5.6690836	1
17670	CCDC3	0.32390472	0.03347537	-3.2705395	44.55244	1
17671	OPTN	0.569238	0.30481726	-0.90086764	39.675632	1
17674	PHYH	0.26621905	0.18619527	-0.5155645	7.532801	1
17702	NMT2	0.17653988	0.06047379	-1.5440454	23.78906	1
17703	FAM171A1	0.3554078	0.11158659	-1.670425	44.55244	1
17705	ITGA8	0.20197943	0.021695083	-3.212848	44.251408	1
17722	HACD1	0.12997228	0.020818036	-2.6364944	29.64084	1
17736	ARL5B	0.23910826	0.1619938	-0.5614383	7.5944266	1
17742	PLXDC2	0.31854516	0.18850568	-0.75657755	15.758075	1
17745	NEBL	0.057612687	0.0011890607	-5.4844966	20.104712	1
17750	SKIDA1	0.023799354	0.057340205	1.2650894	7.261543	1
17753	DNAJC1	0.90604246	0.5286324	-0.7772001	44.55244	1
17768	PIP4K2A	0.3272121	0.13690886	-1.2563976	34.394997	1
17778	KIAA1217	0.045334857	0.14060597	1.6308122	23.875328	1
17779	AL356113.1	0.001717378	0.014888133	3.0438902	5.8933744	1
17782	PRTFDC1	0.16786769	0.09283772	-0.8538476	10.281267	1
17788	GPR158	0.03374042	-2.5465852e-10	-8.402607	12.576088	1
17799	YME1L1	0.65423745	0.4392681	-0.5746048	26.845123	1
17800	MASTL	0.040379237	0.013832915	-1.5386851	6.410126	1
17801	ACBD5	0.16966036	0.11474584	-0.563801	5.6339936	1
17816	BAMBI	1.2368988	0.19288279	-2.6803	44.55244	1
17822	SVIL	0.95572555	0.4360795	-1.1318254	44.55244	1
17823	JCAD	0.14997426	0.023082806	-2.6945493	38.292065	1
17839	ZEB1	0.32673135	0.50821203	0.6371681	22.439058	1
17872	CCNY	0.57433563	0.34549224	-0.73307455	33.542007	1
17877	FZD8	0.042969808	0.147822	1.7800877	29.016422	1
17891	ZNF25	0.07345763	0.034091905	-1.1052202	6.711347	1
17899	ZNF33B	0.045833893	0.08576905	0.9025792	6.409944	1
17935	CXCL12	0.23278435	0.016814578	-3.7832747	44.55244	1
17997	VSTM4	0.014433488	0.039807472	1.4572779	6.4259405	1
18005	ERCC6	0.210085	0.091151774	-1.2037352	21.940409	1
18026	PRKG1	0.18707187	0.5863076	1.6475401	44.55244	1
18030	CSTF2T	0.10352984	0.17747654	0.7770015	10.310049	1
18032	DKK1	0.07962031	0.012538818	-2.657086	14.49114	1
18051	UBE2D1	0.22821072	0.3343884	0.5509575	11.451011	1
18055	PHYHIPL	0.014994333	0.0473231	1.6515831	8.2605505	1
18060	SLC16A9	0.028193627	0.0610432	1.111715	6.1599174	1
18064	ANK3	0.48888126	0.31917787	-0.6149667	16.47051	1
18068	CDK1	0.0816796	0.03704419	-1.1386044	5.559788	1
18069	RHOBTB1	0.14754972	0.30770376	1.0598321	29.698547	1
18071	TMEM26	0.030617263	0.27531525	3.164487	44.55244	1
18077	ARID5B	0.4271401	0.69624466	0.70475465	36.525593	1
18098	CTNNA3	0.03675334	0.00047060527	-6.013159	14.046348	1
18102	DNAJC12	0.07880564	0.16518845	1.0667856	15.527859	1
18111	RUFY2	0.2772841	0.19191656	-0.5306543	8.370959	1
18114	TET1	0.71297616	0.15105787	-2.2380002	44.55244	1
18115	AL513534.2	0.09787952	0.031888288	-1.6149364	15.094584	1
18119	DDX50	0.34566966	0.2204161	-0.6489272	14.063119	1
18121	KIF1BP	0.23525387	0.13295569	-0.8228015	14.085988	1
18128	HK1	0.5569623	0.1908647	-1.5445328	44.55244	1
18136	COL13A1	0.058988173	0.0077441763	-2.9131756	15.668898	1
18139	AIFM2	0.05417115	0.016709682	-1.6908932	9.321383	1
18141	SAR1A	0.5923824	0.37928537	-0.6431083	27.88459	1
18147	PALD1	0.03208982	0.06368007	0.98650116	5.507686	1
18150	TBATA	1.2732926e-09	0.022483066	7.8190794	12.652962	1
18151	SGPL1	0.09227541	0.2301382	1.3175464	30.15361	1
18157	UNC5B-AS1	0.26444826	0.023467405	-3.488666	44.55244	1
18162	VSIR	0.0030097493	0.058900442	4.245856	26.319649	1
18163	PSAP	1.3097472	0.7625539	-0.78029823	44.55244	1
18168	ASCC1	0.17620774	0.10956896	-0.6849406	8.11192	1
18170	DDIT4	1.1194931	0.07349436	-3.9272356	44.55244	1
18171	DDIT4-AS1	0.012760032	-2.5465852e-10	-7.006754	5.146731	1
18180	P4HA1	1.8629544	0.33162296	-2.489619	44.55244	1
18187	DNAJC9	0.20669597	0.13659847	-0.59721106	7.2749043	1
18206	FUT11	0.28072146	0.09924021	-1.4992033	39.182796	1
18214	PLAU	0.08643953	0.012382501	-2.7934523	18.970776	1
18228	SAMD8	0.12001317	0.07370525	-0.7025991	5.6897597	1
18233	ZNF503	0.28755027	0.1432005	-1.0052722	21.087542	1
18267	ZCCHC24	0.5140408	0.20169345	-1.3492843	44.55244	1
18285	PLAC9	0.40783155	0.053248428	-2.9348094	44.55244	1
18286	ANXA11	0.34974372	0.16018091	-1.1261079	35.97571	1
18292	PRXL2A	1.0216687	0.6006774	-0.7661662	44.55244	1
18298	NRG3	0.052843034	0.14140092	1.4182986	20.368855	1
18328	LDB3	0.037091557	0.0014434782	-4.5907183	12.9320965	1
18330	BMPR1A	0.27247286	0.13809554	-0.97993076	21.596313	1
18331	MMRN2	0.03511698	0.17345452	2.301046	44.55244	1
18338	GLUD1	0.2721982	0.40267497	0.5647867	14.60581	1
18352	PAPSS2	0.2797327	0.12770626	-1.130606	27.897322	1
18364	STAMBPL1	0.025966708	0.0064545777	-1.9916337	5.473738	1
18366	ACTA2	0.87715566	0.13465284	-2.7026815	44.55244	1
18368	FAS	0.07522091	0.024844503	-1.5943286	11.2105875	1
18371	LIPA	0.608325	0.38008305	-0.6783854	26.217646	1
18372	IFIT2	0.15650907	0.43926677	1.4882579	44.55244	1
18374	IFIT3	0.29808494	0.797475	1.4194129	44.55244	1
18378	SLC16A12	0.060460445	0.007804076	-2.9377072	16.327152	1
18385	KIF20B	0.15619332	0.06623386	-1.2364388	12.941226	1
18396	ANKRD1	0.06492529	0.0039435215	-4.007317	11.401825	1
18401	PCGF5	0.06670273	0.1382508	1.050352	13.013184	1
18402	HECTD2	0.1307191	0.0825807	-0.6619507	5.6047907	1
18403	PPP1R3C	0.06724422	0.007432834	-3.1602895	17.592607	1
18413	KIF11	0.07282604	0.0109157255	-2.7268696	14.449844	1
18414	HHEX	0.14574781	0.01671808	-3.1163788	35.184998	1
18420	MYOF	0.15782426	0.053275023	-1.5649962	22.674314	1
18421	CEP55	0.061451726	0.0023142996	-4.672123	16.879152	1
18425	FRA10AC1	0.30907542	0.17996068	-0.77994233	16.604103	1
18426	LGI1	0.0015287957	0.06193846	5.2512856	28.562368	1
18427	AL157396.1	0.00040328177	0.023220291	5.5340757	11.991651	1
18429	SLC35G1	0.03682163	0.07557541	1.0353584	7.015496	1
18447	PDLIM1	0.5975291	0.27653208	-1.111282	44.55244	1
18449	ALDH18A1	0.16607001	0.07846416	-1.0807168	14.4240465	1
18451	ENTPD1	0.15885423	0.42416975	1.4163704	44.55244	1
18470	FRAT1	0.010492666	0.038303357	1.8581668	8.399394	1
18471	FRAT2	0.03842157	0.086700335	1.172034	9.727702	1
18475	PGAM1	0.96677625	0.33764222	-1.5174087	44.55244	1
18476	EXOSC1	0.24253774	0.15537295	-0.6421404	9.8828	1
18478	MMS19	0.13797298	0.067209244	-1.0365545	11.851131	1
18479	UBTD1	0.14583567	0.07749688	-0.91126204	10.075027	1
18483	MORN4	0.105485186	0.04722613	-1.1576985	10.246702	1
18485	AVPI1	0.0314284	0.004814934	-2.6814082	8.432393	1
18486	MARVELD1	0.29996577	0.12501048	-1.262076	34.88936	1
18500	GOT1	0.17433152	0.094112046	-0.88867724	11.124333	1
18510	COX15	0.13445668	0.07925736	-0.7617781	7.2811556	1
18515	ERLIN1	0.14998677	0.089213096	-0.7488532	8.131356	1
18520	BLOC1S2	0.27409634	0.18348354	-0.5787725	9.517573	1
18523	SCD	0.3342023	0.0508078	-2.7151945	44.55244	1
18537	LZTS2	0.19529407	0.13763689	-0.5044717	5.48988	1
18539	SFXN3	0.22027892	0.10404159	-1.0814399	19.881565	1
18541	KAZALD1	0.02247713	0.004853363	-2.188382	5.1585255	1
18551	DPCD	0.37697518	0.14385556	-1.3892287	44.55244	1
18552	POLL	0.08761062	0.048135065	-0.8626692	5.67586	1
18569	NFKB2	0.1283449	0.03395165	-1.9153528	23.529072	1
18570	PSD	0.1539186	0.056099564	-1.4544736	19.920296	1
18571	FBXL15	0.21547326	0.12558584	-0.7783561	11.7059555	1
18579	TRIM8	0.47205633	0.31759647	-0.5716155	16.219246	1
18587	AS3MT	0.045646437	0.015514889	-1.5507371	6.7499022	1
18598	CALHM2	0.05724682	0.018364606	-1.634951	8.970309	1
18611	STN1	0.20466498	0.10069385	-1.0225613	17.0523	1
18614	SFR1	0.061524555	0.019103307	-1.6821506	9.720603	1
18618	ITPRIP	0.099788554	0.04840826	-1.042089	8.603325	1
18637	ADD3-AS1	0.021931851	0.05529762	1.3302333	7.091708	1
18638	ADD3	0.6076296	1.0270119	0.7570919	44.55244	1
18639	MXI1	0.3856797	0.13605759	-1.5024998	44.55244	1
18643	DUSP5	0.096497476	0.21663217	1.1658559	22.842625	1
18645	RBM20	0.037925433	0.006472427	-2.5324667	9.014678	1
18649	BBIP1	0.20807374	0.14235736	-0.5472578	6.57941	1
18652	SHOC2	0.24291414	0.15914705	-0.6097736	9.236451	1
18681	VWA2	0.0035066388	0.023206374	2.6919978	7.896719	1
18683	AFAP1L2	0.10076064	0.4284122	2.086973	44.55244	1
18684	ABLIM1	0.047662247	0.011410449	-2.0529268	10.013638	1
18691	GFRA1	0.0039311824	0.15233392	5.240837	44.55244	1
18701	SHTN1	0.09766922	0.049976572	-0.96524453	7.4426723	1
18735	RGS10	0.34042293	0.6308322	0.88973314	40.540276	1
18737	BAG3	0.16200264	0.11037805	-0.5531478	5.361891	1
18741	PLPP4	0.036792133	0.0036361103	-3.3037043	12.615054	1
18751	FGFR2	0.03324962	0.00074237515	-5.3070636	12.61614	1
18762	PLEKHA1	0.3066488	0.14244413	-1.105649	29.206232	1
18765	HTRA1	1.2957455	0.44644275	-1.5370235	44.55244	1
18784	CPXM2	0.0864893	0.0051713022	-4.0379577	23.645811	1
18788	CHST15	0.0032706377	0.04940984	3.876622	21.665028	1
18793	FAM53B	0.015985059	0.047028862	1.5508896	8.048133	1
18812	UROS	0.46064362	0.7381249	0.6800963	42.732895	1
18815	FANK1	0.039864384	0.011933996	-1.7315991	7.173438	1
18829	PTPRE	0.082349576	0.20365386	1.3052434	24.30553	1
18833	MKI67	0.173753	0.012063157	-3.8372784	24.682838	1
18846	EBF3	0.01216779	0.039303165	1.6834362	6.978756	1
18861	BNIP3	1.586688	0.2929711	-2.436787	44.55244	1
18866	DPYSL4	0.10827584	0.06609408	-0.7112691	5.164721	1
18868	LRRC27	0.046077795	0.08064223	0.8061241	5.1220756	1
18891	ZNF511	0.30234632	0.18198623	-0.7320572	16.287714	1
18892	CALY	0.062103707	0.0029054112	-4.371366	21.46697	1
18910	LINC01001	0.06183524	0.016998798	-1.8568656	10.941683	1
18912	BET1L	0.22830403	0.09025271	-1.3379483	28.099436	1
18916	RIC8A	0.25795037	0.1727058	-0.5785009	9.177176	1
18917	SIRT3	0.06829616	0.035043083	-0.96067446	5.415699	1
18923	IFITM2	1.6403284	1.1586504	-0.5015028	44.55244	1
18925	IFITM1	0.24029455	0.06000068	-1.999951	40.82604	1
18933	B4GALNT4	0.13716894	0.07275067	-0.91399115	9.450332	1
18935	SIGIRR	0.29546472	0.08691222	-1.764184	44.55244	1
18946	RASSF7	0.031978656	0.0010433132	-4.8103213	12.017552	1
18947	MIR210HG	0.25488925	0.010964075	-4.5264816	44.55244	1
18951	SCT	0.032523558	0.0027140537	-3.5351925	9.371846	1
18955	EPS8L2	0.01888512	-2.5465852e-10	-7.568729	7.381303	1
18958	TALDO1	0.70390457	0.49697948	-0.50210834	22.572535	1
18970	CD151	0.8881634	0.46362963	-0.93770367	44.55244	1
18972	TSPAN4	0.6027236	0.3418704	-0.81786454	40.783802	1
18974	CHID1	0.7055016	0.32284555	-1.127563	44.55244	1
18983	TOLLIP	0.20018741	0.10457049	-0.936217	14.725008	1
19003	CTSD	0.73990774	0.5211366	-0.50560206	22.826187	1
19015	MRPL23	0.17988817	0.09540384	-0.9142715	12.830882	1
19018	H19	1.4331633	0.47081402	-1.6057681	44.55244	1
19019	IGF2	0.3539976	0.09603188	-1.88106	44.55244	1
19021	AC132217.1	0.026269663	0.0055866656	-2.2132242	5.8481693	1
19033	KCNQ1	0.03086189	0.0019974974	-3.8837526	9.881102	1
19039	SLC22A18	0.09428418	0.0156137105	-2.5865211	23.078758	1
19040	PHLDA2	0.328815	0.9985913	1.602324	44.55244	1
19043	CARS	0.2616161	0.12681597	-1.0441289	21.367048	1
19046	OSBPL5	0.043987926	0.017240033	-1.346277	5.572324	1
19062	PGAP2	0.12854739	0.07701251	-0.73838526	6.209179	1
19065	STIM1	0.1313025	0.25164124	0.93794876	19.974096	1
19067	RRM1	0.14086713	0.08686517	-0.69684917	6.09317	1
19154	CAVIN3	0.46219996	0.08657939	-2.4150681	44.55244	1
19157	SMPD1	0.112822145	0.045157302	-1.3191059	13.910931	1
19161	ARFIP2	0.1825508	0.12379043	-0.5600233	5.9715247	1
19164	RRP8	0.15621543	0.10600773	-0.5589304	5.078208	1
19167	TAF10	0.65015465	0.40600824	-0.6791405	34.845924	1
19169	TPP1	0.21146268	0.11029204	-0.938449	15.126372	1
19171	DCHS1	0.23969235	0.019787028	-3.591886	44.55244	1
19174	MRPL17	0.63106495	0.20532736	-1.6193887	44.55244	1
19184	ZNF215	0.04220284	0.014854897	-1.5001367	6.066052	1
19189	SYT9	0.037110373	0.0014625291	-4.57375	13.702904	1
19194	CYB5R2	0.09812628	0.011220665	-3.1171503	28.359491	1
19207	TUB	0.04197716	0.008465031	-2.296507	9.476379	1
19217	ST5	0.1805373	0.11819428	-0.6107154	6.920271	1
19225	NRIP3	0.060277443	0.010956791	-2.449077	13.825393	1
19229	DENND5A	0.18521884	0.09524412	-0.9587937	13.883487	1
19231	TMEM41B	0.25866666	0.1440866	-0.8437146	16.12146	1
19236	WEE1	0.120443575	0.035998035	-1.7395625	19.096958	1
19237	SWAP70	0.12735759	0.06774014	-0.90980613	9.108485	1
19245	ADM	0.23878023	0.0176551	-3.7499819	44.55244	1
19250	LYVE1	0.0042104027	0.023061186	2.4258146	7.0499625	1
19251	MRVI1	0.024472063	0.073093176	1.5746902	12.5427685	1
19260	GALNT18	0.04302877	0.015658194	-1.4525484	5.292587	1
19266	DKK3	0.36960346	0.10580332	-1.8036206	44.55244	1
19270	MICAL2	0.41006088	0.007331743	-5.7863455	44.55244	1
19294	SPON1	0.17044972	0.0051903334	-5.0106897	44.55244	1
19299	PDE3B	0.029413383	0.007394417	-1.9774811	6.1177745	1
19310	SOX6	0.39237142	0.030776292	-3.6680162	44.55244	1
19316	NUCB2	0.9962327	0.33658737	-1.5652181	44.55244	1
19318	NCR3LG1	0.018823445	0.0025738943	-2.8231604	5.3315725	1
19329	SERGEF	0.06681823	0.03091845	-1.1092728	6.1917334	1
19341	LDHA	2.55128	0.77231365	-1.7238321	44.55244	1
19359	CSRP3	0.024422709	0.00048471568	-5.3902392	8.985108	1
19363	NAV2	0.06155601	0.0108244065	-2.4966867	14.292657	1
19391	SVIP	0.06870599	0.033235107	-1.0454918	5.7471027	1
19406	FIBIN	0.046014074	0.012719913	-1.8468206	7.841088	1
19438	DCDC1	0.017036248	0.00027060963	-5.531007	7.134922	1
19449	RCN1	1.3036596	0.4259694	-1.6135175	44.55244	1
19452	WT1	0.096295774	0.027901722	-1.7834544	15.249825	1
19459	TCP11L1	0.05057387	0.01626454	-1.6306691	7.8835506	1
19463	HIPK3	0.24227329	0.1471149	-0.71930695	11.852041	1
19467	CD59	1.3252227	0.4996197	-1.4071528	44.55244	1
19474	LMO2	0.2824345	0.0572868	-2.2996361	44.55244	1
19480	CAT	0.170018	0.31928593	0.90876484	24.54212	1
19488	CD44	0.21812026	0.35947636	0.72051305	16.77613	1
19505	PRR5L	0.042686813	0.011216034	-1.9187977	8.309075	1
19512	C11orf74	0.005569776	0.025001638	2.1464179	6.2038994	1
19528	TTC17	0.30503812	0.19696265	-0.63080794	12.426041	1
19540	C11orf96	0.62368613	1.4140819	1.1808443	44.55244	1
19545	EXT2	0.26189047	0.17566982	-0.57582694	8.943945	1
19548	CD82	0.072853535	0.1252635	0.7810675	7.008504	1
19553	TSPAN18	0.31964028	0.03829494	-3.0579123	44.55244	1
19554	TP53I11	0.44475648	0.2206089	-1.0111951	33.931267	1
19574	SLC35C1	0.061612684	0.02950034	-1.0599535	5.7926292	1
19588	CREB3L1	0.21758965	0.011329189	-4.2514777	44.55244	1
19590	MDK	1.9410179	1.3396771	-0.53489476	44.55244	1
19596	ARHGAP1	0.20714584	0.12840107	-0.6895628	9.767078	1
19601	LRP4	0.028889425	0.0074837655	-1.9345405	5.617885	1
19607	PACSIN3	0.101101734	0.061509315	-0.71601355	5.033054	1
19608	DDB2	0.20892656	0.033303034	-2.6456351	44.55244	1
19614	MYBPC3	0.026823124	0.0016660481	-3.9302495	8.951476	1
19617	SLC39A13	0.18053947	0.089690134	-1.0084844	14.597996	1
19702	LRRC55	0.035922784	0.00049276993	-5.925294	12.631673	1
19703	APLNR	0.078084655	0.0018773415	-5.3052516	22.541681	1
19719	YPEL4	0.040327605	0.0009476443	-5.2701197	14.768066	1
19753	FAM111B	0.023677168	0.0033005886	-2.8057206	6.2733445	1
19777	TCN1	0.0029479214	0.06867051	4.4958925	17.539083	1
19790	MS4A7	0.028073581	0.3561924	3.660647	44.55244	1
19791	MS4A14	0.002427074	0.021338837	3.084687	8.7843275	1
19809	TMEM109	0.21322294	0.12875001	-0.7273464	10.580716	1
19811	TMEM132A	0.20340253	0.12489024	-0.70323133	9.652617	1
19837	MYRF	0.034500442	0.005823012	-2.5463877	8.570136	1
19838	TMEM258	1.2627587	0.8913922	-0.5023992	44.55244	1
19840	FADS2	0.2905519	0.1372196	-1.0817547	25.060566	1
19841	FADS1	0.56639045	0.18308395	-1.6287585	44.55244	1
19842	FADS3	0.070445105	0.022156874	-1.6642951	10.88589	1
19860	AHNAK	0.8195883	0.4151346	-0.98114884	44.55244	1
19869	B3GAT3	0.37103856	0.20982653	-0.82207334	22.9187	1
19870	GANAB	0.5590892	0.3296371	-0.7620203	34.715645	1
19878	BSCL2	0.20116703	0.10042671	-1.001532	16.266172	1
19886	TMEM223	0.38350266	0.2224959	-0.7851857	22.284315	1
19888	TMEM179B	0.4248684	0.25068554	-0.7609015	24.38709	1
19890	STX5	0.22141561	0.13460496	-0.71760535	10.957883	1
19894	WDR74	0.11693816	0.0668164	-0.8065473	6.8013453	1
19895	SNHG1	0.2649723	0.12267146	-1.1104106	21.853764	1
19910	PLAAT3	0.06357924	0.01350131	-2.2270775	13.986292	1
19912	ATL3	0.18794124	0.13059619	-0.524832	5.6372075	1
19914	RTN3	0.5083369	0.20366588	-1.3191562	44.55244	1
19918	RCOR2	0.04965487	0.00637944	-2.9408967	13.152506	1
19922	MACROD1	0.1075578	0.0484626	-1.1485354	10.35799	1
19929	TRPT1	0.1869322	0.12508325	-0.5792451	6.519208	1
19930	NUDT22	0.23887323	0.14840312	-0.68635577	10.9345875	1
19932	DNAJC4	0.28850317	0.203301	-0.50476027	8.015326	1
19933	VEGFB	0.697236	0.34791574	-1.0027015	44.55244	1
19940	BAD	0.5332592	0.35490316	-0.58727574	21.545315	1
19959	RASGRP2	0.06043564	0.13184221	1.1240495	13.2920885	1
19966	EHD1	0.14546897	0.07607963	-0.9342256	10.373631	1
19969	PPP2R5B	0.08722377	0.034653116	-1.3292321	10.120657	1
19973	ARL2	0.5164884	0.17013173	-1.6015153	44.55244	1
19975	SAC3D1	0.14249116	0.065536566	-1.1193129	13.714093	1
19977	CDCA5	0.03737575	0.005303251	-2.7940578	9.2443495	1
19978	ZFPL1	0.23098072	0.10311298	-1.1627724	23.194601	1
19982	TM7SF2	0.060293827	0.026974734	-1.157454	6.178	1
19987	MRPL49	0.14208184	0.075924166	-0.9032072	9.627874	1
19994	CDC42EP2	0.10249634	0.02205169	-2.2114906	21.313425	1
19999	FRMD8	0.15841143	0.051705576	-1.6134075	22.894533	1
20005	SCYL1	0.24025546	0.15613697	-0.6214337	9.404985	1
20006	LTBP3	0.2824015	0.11519794	-1.2928916	33.89423	1
20009	FAM89B	0.5269812	0.35490707	-0.5701775	20.10609	1
20010	EHBP1L1	0.14181566	0.06806479	-1.0579352	12.214016	1
20015	RELA	0.25702146	0.14547643	-0.8206731	15.562411	1
20027	EFEMP2	0.8946166	0.54281455	-0.7207057	44.55244	1
20030	CCDC85B	0.6849448	0.35231286	-0.9589318	44.55244	1
20031	FOSL1	0.029476717	0.0024412982	-3.5408244	9.109804	1
20032	C11orf68	0.19779629	0.11156355	-0.82558626	11.965454	1
20044	PACS1	0.3746362	0.2221835	-0.75347453	20.589321	1
20053	CNIH2	0.05044301	0.0040806322	-3.5957186	17.30884	1
20054	YIF1A	0.7898659	0.4245729	-0.8954384	44.55244	1
20058	RIN1	0.061762925	0.013970508	-2.1364007	12.504329	1
20061	B4GAT1	0.21378234	0.10084752	-1.0832119	19.068693	1
20072	ZDHHC24	0.122295	0.067619786	-0.8538953	7.8858147	1
20091	GRK2	0.11895436	0.07040619	-0.75579864	6.3794084	1
20093	SSH3	0.04204119	0.0072570476	-2.5180323	10.705094	1
20096	POLD4	0.5993262	0.37441695	-0.6785512	30.279392	1
20109	TMEM134	0.35088187	0.24050117	-0.54475284	11.397817	1
20114	GSTP1	2.25177	1.4397548	-0.6452001	44.55244	1
20118	NUDT8	0.09426984	0.04844634	-0.9589634	7.20569	1
20123	UNC93B1	0.043581367	0.012456128	-1.7986264	7.9196863	1
20132	C11orf24	0.26949334	0.08502195	-1.6631817	43.77429	1
20134	LRP5	0.20893113	0.060940698	-1.7758745	33.903896	1
20137	GAL	0.04119922	0.0062927324	-2.69161	9.857688	1
20139	CPT1A	0.09388969	0.03395969	-1.4644371	12.584359	1
20141	MRPL21	0.6467563	0.44586575	-0.53651243	22.782076	1
20161	CCND1	1.2551427	0.5769609	-1.1211708	44.55244	1
20183	CTTN	0.44277677	0.2815445	-0.65303	19.724155	1
20190	DHCR7	0.13419761	0.053383503	-1.3282677	16.388142	1
20192	NADSYN1	0.0696052	0.0355731	-0.96642977	5.598208	1
20235	STARD10	0.17874083	0.034477655	-2.370764	38.228546	1
20245	ARHGEF17	0.16518852	0.31441033	0.92812085	24.06374	1
20256	PAAF1	0.15587524	0.08081808	-0.94678307	11.394364	1
20263	PPME1	0.3164441	0.16080025	-0.9762399	25.444895	1
20264	P4HA3	0.13945653	0.011549923	-3.5824573	42.820045	1
20266	PGM2L1	0.21925338	0.055752207	-1.9735708	39.274487	1
20282	SLCO2B1	0.00066354184	0.011544077	3.9307451	6.049983	1
20294	MAP6	0.042788163	0.0040221266	-3.379119	13.129205	1
20306	WNT11	0.11226965	0.002879506	-5.2370353	37.699707	1
20320	TSKU	0.1239163	0.0704764	-0.813272	7.347505	1
20326	CAPN5	0.11530308	0.022353893	-2.3616443	25.806726	1
20371	PRCP	0.73224366	0.24030416	-1.607059	44.55244	1
20374	RAB30	0.12871239	0.20346346	0.6602074	8.93452	1
20393	SYTL2	0.01709395	0.06831946	1.9925057	15.005502	1
20396	PICALM	0.36079362	0.23645915	-0.6093726	14.264487	1
20402	ME3	0.016230075	0.04012565	1.3005844	5.38999	1
20408	FZD4	0.050526988	0.0922598	0.8673584	6.4889092	1
20417	CTSC	0.8519391	1.3408138	0.654225	44.55244	1
20439	FAT3	0.020318896	0.083159104	2.0277033	18.926197	1
20451	TAF1D	0.67690855	0.40820715	-0.7295193	36.809055	1
20456	PANX1	0.123454176	0.028201818	-2.126177	26.430292	1
20469	AMOTL1	0.38521662	0.23746543	-0.69771945	18.411255	1
20475	SRSF8	0.32735232	0.20443808	-0.67891526	14.99406	1
20476	ENDOD1	0.6078669	0.10736867	-2.5000765	44.55244	1
20478	SESN3	0.49602506	0.7436588	0.584131	27.511404	1
20483	CEP57	0.43627876	0.27062327	-0.68876207	20.250662	1
20488	JRKL	0.10651925	0.061213866	-0.79818267	6.176599	1
20498	ARHGAP42	0.1917888	0.44468096	1.2128245	44.55244	1
20524	MMP13	1.2732926e-09	0.76941174	12.909709	44.55244	1
20530	PDGFD	0.04349422	0.14543399	1.7391473	27.136507	1
20540	GRIA4	0.042771913	0.84923285	4.308225	44.55244	1
20544	AASDHPPT	0.34891835	0.49720287	0.5108219	15.709007	1
20554	SLN	0.08024706	-2.5465852e-10	-9.650105	16.754175	1
20565	POGLUT3	0.15641263	0.09316893	-0.7468107	8.099119	1
20573	RDX	1.0979757	0.5779801	-0.92563623	44.55244	1
20575	ZC3H12C	0.0341327	0.073317386	1.1007465	7.732571	1
20578	ARHGAP20	0.018944876	0.0020753497	-3.1300836	5.304494	1
20593	LAYN	0.390131	0.051307682	-2.9242725	44.55244	1
20597	ALG9	0.11840157	0.061332893	-0.94782305	8.7321825	1
20601	CRYAB	0.08124792	0.00080083177	-6.496704	25.008453	1
20604	DIXDC1	0.1842258	0.039786838	-2.2082734	39.137035	1
20626	NCAM1	0.7160605	0.006322329	-6.8010426	44.55244	1
20638	USP28	0.15124744	0.09726517	-0.6363866	6.1196775	1
20645	NNMT	0.045719903	0.0016864499	-4.680807	12.731634	1
20649	REXO2	0.6909317	0.36276186	-0.9293315	44.55244	1
20653	CADM1	0.19521813	0.7483929	1.9381627	44.55244	1
20670	ZPR1	0.15888074	0.10910616	-0.5417978	5.0363894	1
20675	APOC3	0.017688422	-2.5465852e-10	-7.474798	5.720509	1
20676	APOA1	0.043924596	0.0024332965	-4.119222	11.191683	1
20680	PAFAH1B2	0.40239066	0.24405634	-0.72115004	20.996359	1
20681	SIDT2	0.09459413	0.034101	-1.4692365	13.3744	1
20682	TAGLN	0.78417957	0.16528471	-2.245542	44.55244	1
20692	FXYD2	0.023474073	0.002204111	-3.3549187	6.4962835	1
20695	FXYD6	0.50733685	0.21324183	-1.2500614	44.55244	1
20716	TMEM25	0.11319729	0.033355262	-1.7598083	18.432486	1
20719	PHLDB1	0.31421235	0.11539604	-1.4443556	42.726364	1
20736	SLC37A4	0.043521702	0.08971009	1.0418314	8.21829	1
20743	H2AFX	0.19598491	0.12746635	-0.62023073	6.877818	1
20751	CBL	0.212936	0.3754655	0.8179673	24.77237	1
20752	MCAM	0.14616492	0.81015897	2.4697993	44.55244	1
20753	RNF26	0.09274127	0.050051622	-0.88847	6.6676884	1
20760	THY1	0.89312035	2.2511213	1.3336197	44.55244	1
20761	AP003396.5	0.008666185	0.0269655	1.6264342	5.171585	1
20783	SC5D	0.48701108	0.2439434	-0.99711305	39.532642	1
20785	SORL1	0.055912327	0.0064974003	-3.085775	15.91067	1
20789	MIR100HG	0.5735996	0.028627714	-4.3197803	44.55244	1
20793	UBASH3B	0.016234158	0.062434405	1.9367582	14.464038	1
20801	CLMP	0.102731146	0.0056144306	-4.1695237	32.495697	1
20804	GRAMD1B	0.06458544	0.018712975	-1.781713	10.508036	1
20811	OR8D4	0.03434244	-2.5465852e-10	-8.428047	14.228131	1
20840	ESAM	0.11460482	0.17143296	0.5805597	5.163124	1
20845	ROBO3	0.036592223	0.012053532	-1.5940988	5.789575	1
20857	PKNOX2	0.037902426	0.0045838905	-3.0203123	10.995651	1
20860	FEZ1	0.33090517	0.16310538	-1.020165	27.87851	1
20863	STT3A	0.31660527	0.1633639	-0.9541687	24.354599	1
20877	CDON	0.039187774	0.008490112	-2.1933317	8.454598	1
20884	SRPRA	0.3751161	0.23168664	-0.69492435	18.162138	1
20889	DCPS	0.15120521	0.09656011	-0.6464691	6.368298	1
20891	ST3GAL4	0.2112859	0.043697655	-2.2709537	43.40631	1
20904	ETS1	0.35000542	0.72281826	1.0460432	44.55244	1
20922	APLP2	1.6145242	0.9204311	-0.8106601	44.55244	1
20927	ADAMTS15	0.01706192	0.00063953915	-4.536441	7.243726	1
20937	NTM	0.4039524	0.04173953	-3.2716038	44.55244	1
20954	JAM3	0.3460716	0.11606519	-1.5753094	44.55244	1
20958	THYN1	0.30595312	0.14909615	-1.0365717	27.946135	1
20975	IQSEC3	0.0015410199	0.047286555	4.8518133	21.237158	1
20979	AC007406.3	0.001026386	0.032914422	4.8733234	16.305721	1
21012	CACNA1C	0.03956744	0.095057465	1.2623614	10.991972	1
21029	NRIP2	0.0088649765	0.04332034	2.2759993	11.517866	1
21031	FOXM1	0.040038258	0.007659917	-2.3708649	9.445943	1
21033	TULP3	0.18630584	0.12645839	-0.5586439	6.085227	1
21052	CCND2	0.8077859	0.5247148	-0.62234306	37.251926	1
21054	FGF23	0.07565774	0.00038173544	-7.2970085	13.635256	1
21057	RAD51AP1	0.043843687	0.010483856	-2.0537906	8.380236	1
21058	DYRK4	0.28926033	0.18798828	-0.6214571	11.421324	1
21083	CD9	0.72407633	0.4586062	-0.65877056	27.32077	1
21085	TNFRSF1A	0.50745803	0.7301874	0.5248916	27.282513	1
21095	NCAPD2	0.09260411	0.051714893	-0.83926636	5.8059206	1
21098	GAPDH	4.0520325	2.815795	-0.5250879	44.55244	1
21099	AC006064.4	0.041503005	0.01376886	-1.5848386	6.494249	1
21107	ING4	0.1984531	0.124516815	-0.6720261	8.534479	1
21110	PIANP	0.035570197	0.006845328	-2.3606045	8.245396	1
21119	P3H3	0.39510807	0.08877106	-2.1528268	44.55244	1
21121	CDCA3	0.05022721	0.0059757917	-3.0501945	13.250105	1
21122	USP5	0.15729806	0.10622599	-0.5659235	5.2987313	1
21123	TPI1	2.3578296	1.2732977	-0.8888376	44.55244	1
21125	LRRC23	0.07491892	0.037269253	-1.0054027	6.3346877	1
21127	ENO2	0.62977815	0.00574294	-6.7522345	44.55244	1
21128	ATN1	0.2036265	0.30789626	0.5962791	11.694069	1
21137	C1S	0.10196373	0.008314965	-3.6003692	31.42192	1
21138	C1R	0.07122317	0.017048553	-2.056284	13.328017	1
21158	SLC2A3	0.55569243	0.30282855	-0.8755688	32.020077	1
21162	C3AR1	0.012198348	0.06768707	2.4625456	20.515331	1
21194	A2M	0.14804232	0.9195062	2.6340322	44.55244	1
21202	KLRB1	1.2732926e-09	0.018113498	7.508846	9.997765	1
21210	CLEC2B	0.10629694	0.008751665	-3.587364	27.466644	1
21225	GABARAPL1	0.2476677	0.15662941	-0.6607121	10.58109	1
21230	AC022075.1	0.060086757	0.004900695	-3.5892458	18.3902	1
21240	YBX3	1.0786556	0.46795025	-1.2046328	44.55244	1
21247	PRR4	0.0508282	0.021388933	-1.244871	5.451352	1
21272	MANSC1	0.04158152	0.013922955	-1.5716176	6.5321865	1
21275	DUSP16	0.06307092	0.029961593	-1.0713392	5.622407	1
21277	CREBL2	0.07393984	0.039322346	-0.9092881	5.2837696	1
21279	GPR19	0.02117695	0.004399696	-2.241392	5.2925053	1
21281	CDKN1B	0.23511028	0.09044329	-1.3772715	28.960001	1
21286	GPRC5A	0.015792796	-2.5465852e-10	-7.312233	6.5747385	1
21290	HEBP1	0.35675296	0.19708192	-0.85580236	23.38906	1
21294	EMP1	0.25996092	0.03877493	-2.7419374	44.55244	1
21303	PLBD1	0.062185094	0.012461034	-2.3099318	14.785305	1
21315	ART4	0.01294466	0.00044376112	-4.5843425	5.5815687	1
21317	MGP	1.5717316	0.51190734	-1.6182102	44.55244	1
21338	AC092110.1	0.00041160203	0.05216411	6.674655	26.18789	1
21341	RERGL	0.0006869993	0.06191381	6.3000836	28.316952	1
21346	PLEKHA5	0.28005457	0.50847393	0.8602346	37.633503	1
21364	GOLT1B	0.34255525	0.1587307	-1.109268	33.647026	1
21375	ST8SIA1	0.03904604	0.0033518318	-3.5034325	12.593137	1
21387	SOX5	0.10287579	0.060630746	-0.76180625	5.2708325	1
21392	BCAT1	0.70993197	0.17566419	-2.014243	44.55244	1
21411	RASSF8	0.31225228	0.10689329	-1.5456536	44.55244	1
21412	BHLHE41	0.051554956	-2.5465852e-10	-9.012767	18.61589	1
21413	SSPN	0.14269593	0.034017086	-2.0653884	27.877728	1
21426	TM7SF3	0.24308787	0.13839912	-0.8121944	14.382045	1
21432	STK38L	0.20562103	0.30971614	0.590723	11.095465	1
21445	KLHL42	0.1887639	0.1323205	-0.51222056	5.346769	1
21447	PTHLH	0.064120665	0.0046300488	-3.7631109	16.001486	1
21464	TMTC1	0.09382403	0.049222466	-0.9292493	6.2698345	1
21472	CAPRIN2	0.20790946	0.07194816	-1.5296155	29.741644	1
21474	AC010198.2	0.044290543	0.0055357576	-2.9775708	12.780461	1
21479	SINHCAF	0.2327721	0.15432124	-0.5926666	8.310019	1
21482	DENND5B	0.07167792	0.024637498	-1.5368406	9.986923	1
21505	PKP2	0.029664565	0.00304061	-3.244479	8.636615	1
21519	CPNE8	0.4274417	0.22900598	-0.90005	29.230164	1
21524	ABCD2	0.0032438599	0.018581707	2.48204	5.69974	1
21536	PDZRN4	0.098021515	0.00041178585	-7.5828853	31.423021	1
21541	GXYLT1	0.2807534	0.10805533	-1.3767124	35.902653	1
21546	PRICKLE1	0.193096	0.071148776	-1.439128	23.791332	1
21556	PUS7L	0.23528463	0.16116284	-0.5456061	7.216242	1
21567	ANO6	0.2867821	0.1971943	-0.54010856	8.684009	1
21574	SLC38A1	0.18022725	0.0067836633	-4.711297	44.55244	1
21576	SLC38A2	0.70534486	0.28853074	-1.2893084	44.55244	1
21584	AMIGO2	0.18869837	0.029060258	-2.694771	44.55244	1
21618	CCDC184	0.07358953	0.006543021	-3.4715483	22.753454	1
21637	ADCY6	0.14952157	0.088236816	-0.7602315	7.549186	1
21643	FKBP11	0.25880024	0.10204234	-1.3418152	29.79709	1
21658	TUBA1A	1.7132441	1.1335375	-0.5958554	44.55244	1
21659	TUBA1C	0.594113	0.33902434	-0.8091659	31.715023	1
21664	TROAP	0.03229788	0.0032719227	-3.264256	9.333105	1
21688	RACGAP1	0.049112413	0.008730862	-2.4783962	10.837838	1
21696	AC008147.2	0.041664567	0.08770935	1.0720952	8.227163	1
21717	GALNT6	0.02390212	0.002548232	-3.1800604	7.8592687	1
21718	SLC4A8	0.01849723	0.003400143	-2.409602	5.2510695	1
21728	ACVRL1	0.035169873	0.085903734	1.2859629	10.840213	1
21730	GRASP	0.1800505	0.08936392	-1.0098249	14.235159	1
21731	NR4A1	0.19061865	0.027363284	-2.7958698	44.55244	1
21733	ATG101	0.3266552	0.17076734	-0.93533355	24.71884	1
21744	KRT81	1.2732926e-09	0.014741938	7.213517	7.8787513	1
21772	KRT8	0.89036727	0.37030017	-1.2654779	44.55244	1
21773	KRT18	0.78574336	0.50355154	-0.6418158	30.496557	1
21777	TNS2	0.16980624	0.3499195	1.0426964	32.84023	1
21778	SPRYD3	0.07846407	0.023632487	-1.7270063	13.386952	1
21779	IGFBP6	0.08933461	0.005777817	-3.927481	28.06358	1
21785	RARG	0.06777811	0.020251065	-1.7378421	10.92568	1
21792	AAAS	0.12198356	0.06688117	-0.8660413	8.152881	1
21795	AMHR2	0.082372084	-2.5465852e-10	-9.687766	28.57603	1
21796	PRR13	0.4552356	0.29203287	-0.64030564	20.480083	1
21814	HOTAIR	1.2732926e-09	0.01335385	7.071857	7.178018	1
21817	HOXC10	1.2732926e-09	0.016631987	7.3864465	8.901438	1
21818	HOXC6	0.005394358	0.029739134	2.4411829	9.632659	1
21820	HOXC9	0.0076805004	0.35204694	5.5001707	44.55244	1
21822	HOXC8	0.0046007037	0.028896565	2.6249335	9.19273	1
21844	ITGA5	0.33164978	0.124553524	-1.4121718	43.1545	1
21849	PDE1B	0.026153995	0.16794963	2.6782784	44.55244	1
21880	AC009779.2	0.05074561	0.013006037	-1.9558917	9.636181	1
21884	ORMDL2	0.27506486	0.13634908	-1.0119334	22.385782	1
21899	ERBB3	0.06953063	0.0009816906	-6.0083623	21.597708	1
21913	NABP2	0.18077542	0.11119126	-0.7006561	8.380438	1
21936	PRIM1	0.049504936	0.019559378	-1.3352661	6.23111	1
21943	TAC3	0.00826762	0.033517502	2.0063236	7.984383	1
21948	LRP1	0.7515008	0.37155455	-1.0160044	44.55244	1
21952	SHMT2	0.4350779	0.2890281	-0.5898965	15.311587	1
21953	NDUFA4L2	0.289687	0.1321943	-1.1312419	15.083936	1
21962	MARS	0.17198692	0.0972849	-0.8213675	10.318684	1
21963	DDIT3	0.22493246	0.11044019	-1.0255622	14.668502	1
21973	B4GALNT1	0.02506366	0.003984826	-2.6229951	7.053872	1
21974	OS9	0.90300834	0.43408012	-1.0566055	44.55244	1
21977	AGAP2-AS1	0.08427488	0.019834902	-2.081517	17.157314	1
21980	MARCH9	0.1405241	0.039045878	-1.8449116	24.11363	1
21997	LRIG3	0.05945698	0.11144984	0.90534586	7.7340655	1
22015	PPM1H	0.0029073916	0.019573487	2.709668	6.9665794	1
22017	AVPR1A	0.0023054245	0.020042436	3.0658746	6.938936	1
22019	DPY19L2	0.0051544155	0.048147567	3.1988542	18.512491	1
22021	RXYLT1	0.13648333	0.20350263	0.5759747	7.275618	1
22023	SRGAP1	0.2691865	0.88340485	1.7140962	44.55244	1
22024	AC079866.2	0.010252661	0.039085362	1.9203132	8.864753	1
22031	XPOT	0.16516158	0.08247038	-1.0010551	12.328946	1
22039	GNS	0.36106935	0.11254663	-1.6808712	44.55244	1
22049	MSRB3	0.3096477	0.17176583	-0.84981084	19.1366	1
22055	HMGA2	0.8773477	0.20087352	-2.1263077	44.55244	1
22057	HMGA2-AS1	0.08722335	0.010026177	-3.1082778	24.366667	1
22063	IRAK3	0.056969177	0.010083621	-2.4864612	13.837177	1
22065	HELB	0.058575317	0.024649497	-1.2453545	6.2428465	1
22073	DYRK2	0.23914325	0.34408304	0.5246977	10.680029	1
22088	SLC35E3	0.19814536	0.13104525	-0.5961215	7.086679	1
22089	MDM2	0.36634988	0.22490148	-0.7036813	15.154183	1
22092	CPM	0.02905502	0.13702072	2.2336304	32.20861	1
22115	PTPRB	0.02818707	0.0018254456	-3.8768785	10.081616	1
22126	THAP2	0.1034873	0.05781858	-0.83874893	5.8968267	1
22134	TRHDE	0.008787097	0.124847695	3.8134682	44.55244	1
22135	TRHDE-AS1	0.002397557	0.08925291	5.1609254	38.240067	1
22154	GLIPR1	0.16529635	0.09781712	-0.7562943	7.9710946	1
22161	PHLDA1	0.9425406	0.33261842	-1.5024061	44.55244	1
22173	E2F7	0.09379956	0.0004186841	-7.5001183	32.65942	1
22176	NAV3	0.12978035	0.5640582	2.1189165	44.55244	1
22185	SYT1	0.36741903	0.04251951	-3.108233	44.55244	1
22189	PAWR	0.213378	0.13374572	-0.67351645	9.226066	1
22202	ACSS3	0.10126004	0.03557005	-1.5067037	13.452731	1
22204	PPFIA2	0.046034034	0.007250681	-2.6498818	11.548929	1
22208	CCDC59	0.34735417	0.23853554	-0.54201376	10.803873	1
22214	TMTC2	0.053922575	0.0071097026	-2.9055507	14.245507	1
22219	SLC6A15	0.029902572	0.00096167094	-4.8206773	10.328305	1
22224	RASSF9	0.008460033	0.07119998	3.0582135	24.30268	1
22225	NTS	0.100709744	0.00082037644	-6.775195	21.121767	1
22226	MGAT4C	0.007055462	0.08781331	3.618965	30.772223	1
22234	TMTC3	0.21623346	0.1182618	-0.8700533	14.372037	1
22235	KITLG	0.07801556	0.01873964	-2.0518384	15.006558	1
22249	ATP2B1-AS1	0.052724253	0.09075892	0.78242767	5.4374576	1
22262	LUM	0.6973927	0.2128372	-1.7117501	44.55244	1
22263	DCN	0.1455427	0.009609472	-3.9068968	33.93228	1
22296	PLXNC1	0.0345939	0.0052444832	-2.6985598	8.968234	1
22320	LTA4H	0.23845203	0.15850702	-0.58884734	8.583465	1
22323	ELK3	0.45528823	0.3016683	-0.5936559	17.436302	1
22339	TMPO	0.4336907	0.1599568	-1.4384152	44.55244	1
22341	IKBIP	0.9168963	0.46189862	-0.9890274	44.55244	1
22342	APAF1	0.25664118	0.13092887	-0.97042984	20.713358	1
22356	ANO4	0.055545848	0.005755048	-3.2485213	17.811876	1
22361	ARL1	0.60696125	0.4146412	-0.5496308	22.44833	1
22367	CHPT1	0.20657396	0.11138519	-0.89050454	14.087242	1
22369	GNPTAB	0.19616242	0.30077836	0.6163963	11.996254	1
22380	IGF1	0.023256894	0.17266607	2.8868997	44.55244	1
22399	C12orf73	0.15337116	0.097176276	-0.6578076	6.292347	1
22410	SLC41A2	0.02787808	0.06166565	1.1425078	6.760628	1
22412	C12orf45	0.18720724	0.28998294	0.6310588	11.899366	1
22413	ALDH1L2	0.12437211	0.004058383	-4.903656	41.196606	1
22416	C12orf75	0.24865067	0.08983334	-1.4677724	31.885649	1
22422	NUAK1	0.2647558	0.019562777	-3.751668	44.55244	1
22424	CKAP4	1.4453828	0.5190843	-1.4772329	44.55244	1
22427	TCP11L2	0.07720397	0.033066005	-1.2208371	8.311902	1
22436	TMEM263	0.5733664	0.30458206	-0.9124046	44.55244	1
22458	CORO1C	0.33578455	0.21522819	-0.64142823	13.946054	1
22459	SSH1	0.2489636	0.17304242	-0.524555	7.284367	1
22468	ACACB	0.032909807	0.008689997	-1.9089603	6.026041	1
22475	MMAB	0.27077997	0.17710365	-0.6122453	10.172682	1
22476	MVK	0.10988676	0.05440585	-1.0128468	8.871987	1
22480	GLTP	0.40091917	0.19145387	-1.065921	37.841938	1
22486	C12orf76	0.25585958	0.15683325	-0.7057649	11.754745	1
22492	GPN3	0.20250213	0.1212962	-0.7389262	10.458649	1
22493	FAM216A	0.12721522	0.03536646	-1.8438776	21.636784	1
22508	SH2B3	0.112421215	0.17597795	0.6460172	7.54955	1
22513	ALDH2	0.42575032	0.22763507	-0.9029899	30.764927	1
22531	DTX1	0.0035728044	0.12726942	5.115993	44.55244	1
22541	PLBD2	0.1274577	0.06328763	-1.0088766	10.599516	1
22553	TBX5	0.050887875	-2.5465852e-10	-8.994014	19.671474	1
22554	TBX5-AS1	0.01301068	-2.5465852e-10	-7.034602	5.7831254	1
22556	TBX3	0.19777459	0.5014297	1.3417487	44.55244	1
22592	TESC	0.014369976	0.16359746	3.4998975	44.55244	1
22594	FBXO21	0.3055626	0.19057116	-0.68085325	13.969494	1
22606	TAOK3	0.2066099	0.1434517	-0.52603704	6.0119753	1
22628	CIT	0.041776992	0.0030662722	-3.7253006	13.624985	1
22650	COQ5	0.17642966	0.11158182	-0.66051626	7.5214133	1
22661	ACADS	0.06361085	0.031789135	-0.9984741	5.1723194	1
22665	HNF1A-AS1	0.014789594	0.00030641563	-5.1952047	5.2608843	1
22674	ANAPC5	0.6275022	0.41903666	-0.5824298	25.58085	1
22683	RHOF	0.07100375	0.031295985	-1.1793456	7.7733693	1
22726	C12orf65	0.1586081	0.10313955	-0.62038	6.1223526	1
22727	CDK2AP1	0.96685934	0.554272	-0.80260074	44.55244	1
22732	RILPL2	0.08368453	0.19055952	1.1862428	21.00287	1
22734	RILPL1	0.19397604	0.12761076	-0.603742	7.354146	1
22738	TMED2	0.7877131	0.54408	-0.5337694	31.092545	1
22742	TCTN2	0.027194291	0.007531364	-1.8385863	5.1699467	1
22756	RFLNA	0.01002928	0.028819406	1.5135064	5.0989656	1
22759	NCOR2	0.3154171	0.1448558	-1.1221051	31.677353	1
22761	SCARB1	0.12661321	0.018642876	-2.7571528	32.34099	1
22770	TMEM132B	0.05230944	0.009182204	-2.4972875	11.376879	1
22885	PXMP2	0.1360694	0.083035104	-0.71187294	6.6248903	1
22888	GOLGA3	0.4471383	0.25762406	-0.7952166	27.13006	1
22925	GJA3	0.029867945	0.0023722423	-3.599528	8.010088	1
22929	CRYL1	0.133261	0.025545806	-2.378542	29.938227	1
22932	AL161772.1	0.075472	0.014193936	-2.4024487	16.590412	1
22933	IL17D	0.07372956	0.0118808765	-2.6234653	18.398294	1
22940	SKA3	0.026442561	0.00513975	-2.3407378	6.5831127	1
22956	SACS	0.28117108	0.14052819	-1.0000753	22.392796	1
22960	TNFRSF19	0.051557697	0.002347476	-4.3996167	18.269508	1
22978	CENPJ	0.10838339	0.052278563	-1.0504258	9.268189	1
22984	MTMR6	0.23570813	0.15947624	-0.5633676	7.89952	1
22986	NUP58	0.3345141	0.17518939	-0.93275946	24.495663	1
22987	ATP8A2	0.0596755	0.0030413247	-4.250109	19.783785	1
22988	SHISA2	0.066813774	0.02116578	-1.6537694	9.274925	1
22994	WASF3	0.15175991	0.079032585	-0.94039726	10.683228	1
23021	FLT1	0.5445285	0.3759112	-0.53449684	14.521148	1
23027	SLC7A1	0.06696845	0.020968303	-1.6705601	10.191701	1
23028	UBL3	0.17928934	0.43332684	1.2726942	44.55244	1
23036	KATNAL1	0.1457087	0.0746314	-0.9642902	11.517855	1
23059	FRY	0.05142534	0.10900352	1.0823435	10.229709	1
23060	FRY-AS1	0.0031820897	0.02852395	3.124536	10.27213	1
23062	BRCA2	0.053511675	0.015262744	-1.8031113	9.399196	1
23066	PDS5B	0.35758716	0.6901507	0.94842213	44.55244	1
23070	STARD13	0.09217118	0.22113748	1.2616439	27.504597	1
23087	NBEA	0.112579815	0.070008926	-0.68455905	5.0927105	1
23099	SMAD9	0.19713454	0.13386235	-0.55808467	6.168325	1
23102	EXOSC8	0.2514462	0.1648085	-0.60915744	9.109763	1
23107	POSTN	0.5590792	0.3342274	-0.7420491	17.61217	1
23121	LHFPL6	0.4177179	0.7705652	0.88323003	44.55244	1
23122	COG6	0.19293989	0.113353506	-0.76679784	10.204004	1
23125	FOXO1	0.24510074	0.030817319	-2.987476	44.55244	1
23129	ELF1	0.3862469	0.24040927	-0.6838043	17.845787	1
23142	AKAP11	0.22304268	0.31671605	0.5056788	9.323168	1
23144	TNFSF11	1.2732926e-09	0.16217291	10.664188	44.55244	1
23148	EPSTI1	0.008846917	0.09533429	3.4150453	36.376163	1
23159	LACC1	0.050692283	0.6322356	3.638009	44.55244	1
23170	TSC22D1	1.0647174	0.66263664	-0.6840985	44.55244	1
23182	TPT1-AS1	0.25327602	0.1396658	-0.8582686	15.725412	1
23194	LCP1	0.010421667	0.032584082	1.6352249	6.2021365	1
23215	ITM2B	2.3575544	1.5409358	-0.6134519	44.55244	1
23219	LPAR6	0.057225052	0.13818951	1.270454	16.696882	1
23238	SPRYD7	0.174573	0.10341928	-0.75475717	9.523553	1
23239	DLEU2	0.07356652	0.2895997	1.9754771	44.55244	1
23247	RNASEH2B	0.14806767	0.22207938	0.5844943	8.215085	1
23250	FAM124A	0.027107535	0.0005048782	-5.491218	10.124195	1
23254	WDFY2	0.19313255	0.43019807	1.1549982	44.55244	1
23264	NEK3	0.11136208	0.04971148	-1.1620027	11.202863	1
23295	PCDH17	0.4282331	0.07888028	-2.4391687	44.55244	1
23300	DIAPH3	0.08737978	0.008869443	-3.2858593	18.468119	1
23307	PCDH20	0.17895836	0.0035113313	-5.6317554	44.55244	1
23325	PCDH9	0.12152321	0.6044823	2.3135202	44.55244	1
23342	MZT1	0.21195775	0.10340781	-1.0347177	17.611425	1
23344	DIS3	0.34064814	0.24005617	-0.50473285	9.498613	1
23346	KLF5	0.038991373	0.007781214	-2.3103607	8.842617	1
23349	KLF12	0.089417316	0.20368597	1.1868161	22.996946	1
23357	TBC1D4	0.17542465	0.03940962	-2.1513977	33.50126	1
23362	LMO7	0.15059415	0.061333172	-1.2945336	15.877093	1
23371	KCTD12	0.23230614	0.5073666	1.1266648	44.55244	1
23378	MYCBP2	0.5808901	0.8574963	0.56178504	36.436607	1
23386	EDNRB	0.15412001	0.0071090744	-4.419032	44.55244	1
23394	OBI1	0.16948535	0.109322414	-0.63210326	6.741001	1
23407	SPRY2	0.42147964	0.2893943	-0.5422703	12.743176	1
23426	SLITRK6	0.07169922	0.009426442	-2.9139588	14.197256	1
23468	GPR180	0.12526198	0.046332806	-1.4328834	16.849792	1
23474	ABCC4	0.054534078	0.0041533466	-3.683131	17.668833	1
23475	CLDN10	0.022389423	-2.5465852e-10	-7.8131065	6.260882	1
23481	UGGT2	0.3810446	0.14320141	-1.4112856	44.55244	1
23486	MBNL2	0.13954055	0.0738072	-0.9179311	9.792313	1
23489	RAP2A	0.16437373	0.09467994	-0.7952035	9.348507	1
23508	UBAC2	0.2672498	0.17178316	-0.6373002	10.862792	1
23533	TMTC4	0.1423169	0.048629243	-1.5472605	19.832893	1
23545	TPP2	0.20879157	0.3480833	0.73709255	19.129461	1
23551	POGLUT2	0.18705267	0.06487398	-1.5262816	27.119678	1
23568	EFNB2	0.20795079	0.98578537	2.2444842	44.55244	1
23569	AL138689.2	0.008119353	0.03866233	2.2375586	10.449569	1
23571	ARGLU1	1.0427645	1.6098682	0.6264804	44.55244	1
23622	ARHGEF7	0.17967731	0.3159057	0.81373954	20.040459	1
23651	F10	0.1170817	0.00040355703	-7.862376	39.82407	1
23658	LAMP1	0.8779628	0.44571236	-0.9778876	44.55244	1
23665	TMCO3	0.26167807	0.13834602	-0.91902065	19.060682	1
23667	AL442125.1	0.023705881	0.005917586	-1.9840614	5.038663	1
23671	TMEM255B	0.012195669	0.075011544	2.6108844	23.298517	1
23681	RASA3	0.14564823	0.06291769	-1.2096496	15.746996	1
23726	CCNB1IP1	0.47614413	0.25689834	-0.8899422	33.836594	1
23736	PIP4P1	0.13568944	0.060371473	-1.1670446	13.907169	1
23737	PNP	0.07090328	0.03154878	-1.1657357	7.224884	1
23745	ANG	0.13446495	0.00961502	-3.791942	39.820335	1
23746	RNASE4	0.39679924	0.028734157	-3.782922	44.55244	1
23752	RNASE1	0.18638599	0.007304588	-4.6545043	44.55244	1
23763	NDRG2	0.085719936	0.03888157	-1.1385206	8.21958	1
23775	LINC00641	0.05609812	0.025208466	-1.1509018	5.7167897	1
23927	SLC7A7	0.029430332	0.12566815	2.0904973	31.308363	1
23929	MMP14	0.39467824	0.8291638	1.0707887	44.55244	1
23932	RBM23	0.14296487	0.20759358	0.53778714	6.8260245	1
23934	PRMT5	0.13009208	0.081781514	-0.669032	5.8233433	1
23936	HAUS4	0.1321832	0.07330494	-0.8496808	8.015183	1
23947	SLC7A8	0.059072945	0.69411206	3.5523667	44.55244	1
23953	PABPN1	0.45452908	0.6558986	0.52900285	23.402256	1
23954	SLC22A17	0.21495731	0.076685384	-1.4858176	28.94284	1
23958	CMTM5	0.0355527	0.0009965999	-5.0229025	11.677209	1
23959	MYH6	0.18045904	0.00318854	-5.7788796	44.55244	1
23960	MYH7	0.03483427	0.00034873176	-6.2826457	13.788936	1
23982	PCK2	0.078939766	0.026112515	-1.5923228	11.735414	1
23986	EMC9	0.14846595	0.06891407	-1.106141	13.486842	1
23988	PSME2	0.3878385	0.59537274	0.6182076	26.830006	1
23999	MDP1	0.24354288	0.14064045	-0.79173094	14.040064	1
24012	ADCY4	0.02106914	0.07807658	1.884774	15.797707	1
24031	NOVA1	0.2923991	0.15811145	-0.88657814	19.65082	1
24082	AKAP6	0.058636066	0.011465544	-2.3444135	12.872732	1
24093	SNX6	1.021315	2.015286	0.980487	44.55244	1
24095	BAZ1A	0.22551613	0.36782402	0.70553756	18.483053	1
24098	FAM177A1	0.56933975	0.3638031	-0.64598906	26.890087	1
24103	NFKBIA	0.4384464	0.2541647	-0.7863984	22.95182	1
24142	SEC23A	0.47231793	0.24345225	-0.95583236	39.59708	1
24157	LRFN5	0.06793741	0.11046702	0.7005209	5.507622	1
24171	KLHL28	0.12078493	0.072147064	-0.7426235	6.3688235	1
24172	TOGARAM1	0.075768955	0.12589927	0.7318338	6.6871204	1
24185	MDGA2	0.010134126	0.05101745	2.3204281	14.348489	1
24192	LRR1	0.071838886	0.03496878	-1.0365846	6.2847695	1
24194	MGAT2	0.21614681	0.15031232	-0.52375615	6.574995	1
24214	MAP4K5	0.40138274	0.272049	-0.5609412	13.903584	1
24216	ATL1	0.042836916	0.015245585	-1.4843949	6.063191	1
24217	SAV1	0.19188228	0.11934148	-0.6846692	8.60215	1
24227	AL358334.2	0.0021510809	0.01478645	2.7253098	5.3954864	1
24242	GNG2	0.81930643	0.11492143	-2.8326764	44.55244	1
24249	PTGDR	0.0036568434	0.11596649	4.949287	44.55244	1
24253	ERO1A	0.84155524	0.16183291	-2.3778331	44.55244	1
24254	AL133453.1	0.41498277	0.07344966	-2.4966085	44.55244	1
24263	DDHD1	0.16053694	0.23114774	0.5256355	6.9823422	1
24266	AL365295.1	0.009258277	0.03456379	1.8891147	7.950406	1
24270	BMP4	0.07620037	0.02233972	-1.7656354	10.865799	1
24272	CDKN3	0.10188808	0.008627936	-3.5466163	21.23115	1
24277	SAMD4A	0.09457284	0.024880767	-1.9221328	18.793404	1
24282	MAPK1IP1L	0.4119859	0.29125795	-0.5001524	11.855927	1
24283	LGALS3	0.5886275	0.83631116	0.5066122	23.737045	1
24284	DLGAP5	0.09810127	0.006357724	-3.926644	17.859776	1
24287	FBXO34	0.17029412	0.095857404	-0.8284095	9.886125	1
24294	LINC00520	0.13235886	0.00027039245	-8.482274	38.07778	1
24296	AL138995.1	0.013892188	0.00044186262	-4.690551	5.779673	1
24297	PELI2	0.15253522	0.030981155	-2.295976	33.004738	1
24320	ARMH4	0.14426273	0.06376347	-1.1766355	14.649584	1
24324	PSMA3-AS1	0.25570437	0.38468817	0.5890235	14.495923	1
24330	TIMM9	0.3602475	0.2542901	-0.50234634	10.172623	1
24334	DAAM1	0.49468523	0.14595364	-1.760304	44.55244	1
24365	HIF1A-AS3	0.106281616	0.004262384	-4.6079884	29.605597	1
24366	SNAPC1	0.28853875	0.09992261	-1.5289387	38.357292	1
24389	ZBTB25	0.114292085	0.038418923	-1.5703479	15.667977	1
24401	FNTB	0.0632418	0.023943147	-1.3975322	8.108019	1
24407	FUT8	0.15906215	0.09867672	-0.6882543	7.111067	1
24426	ARG2	0.44115242	0.02796691	-3.974662	44.55244	1
24429	RDH11	0.44597843	0.29107007	-0.6154353	18.331331	1
24440	ACTN1	0.80481774	0.5205	-0.62866604	37.231785	1
24473	AC004816.2	0.007278386	0.032874078	2.1599553	8.323166	1
24487	RGS6	0.0026569467	0.11385286	5.3692217	44.55244	1
24501	AC005280.2	0.011528211	-2.5465852e-10	-6.861489	5.2184305	1
24526	BBOF1	0.048866678	0.01685224	-1.5303246	6.6904883	1
24527	ALDH6A1	0.08274164	0.03148606	-1.3910681	10.382754	1
24537	ISCA2	0.33796605	0.21357332	-0.6618983	14.84854	1
24545	DLST	0.11576531	0.07265854	-0.6712602	5.0881324	1
24547	PGF	0.10251388	0.38342825	1.9021069	44.55244	1
24555	TMED10	1.1003923	0.75048894	-0.55205417	44.55244	1
24562	JDP2	0.19178095	0.044821665	-2.0947282	36.528282	1
24567	ERG28	0.46387365	0.27393588	-0.7596781	25.610992	1
24570	TGFB3	0.094167314	0.28703827	1.606916	44.55244	1
24579	VASH1	0.304669	0.1316486	-1.2099284	30.601326	1
24605	VIPAS39	0.106241636	0.05782577	-0.8764294	7.1745534	1
24652	FLRT2	0.13906962	0.024374202	-2.5075107	32.674885	1
24666	GALC	0.22575597	0.07257425	-1.6358869	33.96627	1
24675	SPATA7	0.16184819	0.1084228	-0.57753414	5.548159	1
24712	RPS6KA5	0.048987985	0.09165253	0.90237796	6.5941277	1
24713	DGLUCY	0.06444351	0.12348049	0.93710715	9.910099	1
24718	CCDC88C	0.001966809	0.03862794	4.227898	17.34641	1
24724	FBLN5	0.065984175	0.0071810493	-3.1820867	20.54026	1
24726	ATXN3	0.23116577	0.15738176	-0.554367	7.257801	1
24733	LGMN	0.39431453	0.24288675	-0.698835	19.362158	1
24734	GOLGA5	0.26578957	0.14479615	-0.8758078	17.457727	1
24754	OTUB2	0.031301145	0.010397655	-1.5807502	5.3209286	1
24756	IFI27L1	0.2606006	0.1298049	-1.004938	21.399332	1
24758	IFI27L2	0.7503962	0.44243392	-0.76205677	44.55244	1
24762	SERPINA1	0.0819332	0.0007283181	-6.629879	17.107248	1
24782	SYNE3	0.03430471	0.001249558	-4.672047	12.118509	1
24795	C14orf132	0.08846656	0.015173318	-2.5357487	21.558088	1
24832	BCL11B	0.057258148	0.00595303	-3.2442691	16.978565	1
24835	SETD3	0.20525847	0.13726826	-0.58009577	7.406623	1
24843	EML1	0.069589004	0.022304164	-1.6371641	11.345159	1
24852	SLC25A29	0.08295447	0.019422164	-2.088945	16.520838	1
24856	WARS	0.15798515	0.06412677	-1.2994553	17.692415	1
24865	DLK1	1.8179156	0.06486635	-4.806528	44.55244	1
24866	MEG3	0.06383206	0.45215836	2.8225355	44.55244	1
24869	MEG8	0.027712416	0.1431927	2.365164	33.998062	1
24896	MOK	0.07132588	0.030107005	-1.2415639	7.7609024	1
24898	CINP	0.31437445	0.1796652	-0.80682904	19.089287	1
24900	ANKRD9	0.13067134	0.04494187	-1.5377078	19.126333	1
24912	TNFAIP2	0.018801019	0.069883525	1.8885515	14.755937	1
24918	CKB	0.12229735	0.040270425	-1.6002016	16.013744	1
24923	KLC1	0.507495	0.35114408	-0.5312041	17.087181	1
24931	ZFYVE21	0.27981132	0.17525741	-0.67467135	12.62673	1
24953	ADSSL1	0.062830135	0.013538155	-2.2061026	13.490607	1
24964	AHNAK2	0.029894134	-2.5465852e-10	-8.22854	11.005786	1
24966	CDCA4	0.07586535	0.02902833	-1.3829186	9.676491	1
24968	LINC02298	0.022591494	0.004095712	-2.435164	6.030457	1
24972	NUDT14	0.16531266	0.08434385	-0.97000545	12.394201	1
24973	BRF1	0.064274594	0.031426143	-1.0299428	5.8808136	1
24974	BTBD6	0.13777263	0.08433067	-0.70749706	6.694031	1
24980	CRIP2	0.5504752	0.28664908	-0.9411508	42.570168	1
24981	CRIP1	0.17538469	0.0726687	-1.2699552	15.368256	1
24982	TEDC1	0.045504086	0.00990357	-2.1886482	9.951451	1
24983	TMEM121	0.13993886	0.042602085	-1.7134488	23.391079	1
25228	PWRN1	0.0043609296	0.046490304	3.3846135	17.388065	1
25234	SNRPN	0.8722606	0.5505702	-0.66373605	44.55244	1
25290	LINC02249	0.037351213	0.011561205	-1.6832957	6.2930155	1
25306	LINC02352	0.012745982	0.0003228195	-4.9251313	5.2070103	1
25308	KLF13	0.35910314	0.228543	-0.6517031	15.449018	1
25319	ARHGAP11A	0.052194774	0.0044860095	-3.5113556	13.945356	1
25331	AVEN	0.1367282	0.19557112	0.51606524	5.877408	1
25335	EMC7	0.62315077	0.4164716	-0.5812483	25.239014	1
25344	GOLGA8A	0.15289101	0.08189664	-0.8998101	9.826027	1
25350	ACTC1	0.38824314	0.007974076	-5.587891	44.55244	1
25390	THBS1	0.24616295	0.03152408	-2.9611042	44.55244	1
25391	AC037198.1	0.021131298	0.0039044481	-2.406517	5.09398	1
25405	BUB1B	0.059868485	0.0050360966	-3.5454605	14.650757	1
25415	INAFM2	0.07774567	0.34198618	2.1356711	44.55244	1
25425	CHST14	0.13950437	0.07569937	-0.88108647	9.001556	1
25429	KNL1	0.08471351	0.009085785	-3.2068193	17.44506	1
25432	RAD51	0.027607584	0.0017600084	-3.8969	10.512272	1
25434	GCHFR	0.10202581	0.033167325	-1.6181697	14.619777	1
25440	SPINT1	0.033689562	0.0067561874	-2.3010993	8.020611	1
25445	DLL4	0.0019623337	0.028494315	3.7933786	11.698602	1
25446	CHAC1	0.060408313	0.008068434	-2.889002	13.079186	1
25455	OIP5	0.014112524	0.001476487	-3.1723776	5.2696104	1
25456	NUSAP1	0.12207468	0.0079792645	-3.9185774	22.740498	1
25463	TYRO3	0.08229814	0.035294794	-1.2190745	8.8078785	1
25473	EHD4	0.13670842	0.051079307	-1.4185245	18.00081	1
25487	SNAP23	0.33434573	0.2228908	-0.58478796	12.339937	1
25513	MAP1A	0.25982377	0.11298821	-1.20064	25.820904	1
25526	WDR76	0.029439025	0.009405661	-1.6357633	5.0067115	1
25527	FRMD5	0.019988434	0.00077186234	-4.526121	7.301722	1
25528	CASC4	0.4812349	0.23780473	-1.0166571	43.21002	1
25531	CTDSPL2	0.23555037	0.15893328	-0.5673192	7.859106	1
25533	EIF3J-DT	0.12618244	0.07239564	-0.80068785	7.1386952	1
25543	SORD	0.19693361	0.074123345	-1.4084969	23.8123	1
25558	GATM	0.09425735	0.005152394	-4.167088	23.10648	1
25567	BLOC1S6	0.42179734	0.27086344	-0.63879377	18.064888	1
25575	SEMA6D	0.093721844	0.22502722	1.2627447	27.442356	1
25593	FBN1	1.2398793	0.41463792	-1.5800442	44.55244	1
25609	FAM227B	0.08555411	0.007547013	-3.4855542	24.766895	1
25612	FGF7	0.024909928	0.0033647637	-2.8516722	7.0439863	1
25633	TNFAIP8L3	0.083247915	0.0011207332	-6.0933266	27.58692	1
25647	TMOD2	0.20028418	0.032400727	-2.6242247	44.55244	1
25649	TMOD3	0.839993	0.47444296	-0.82401043	44.55244	1
25661	GNB5	0.1218234	0.044468336	-1.451884	16.766554	1
25669	FAM214A	0.08070194	0.13055882	0.6933426	6.433004	1
25678	UNC13C	0.0045632944	0.1237614	4.7312336	44.55244	1
25686	CCPG1	0.6123884	0.35758322	-0.7760001	36.250748	1
25704	ZNF280D	0.1367678	0.19907092	0.5412239	6.3836174	1
25709	TCF12	0.46975046	0.30673966	-0.6147167	17.882038	1
25712	CGNL1	0.9999151	0.0076662987	-7.008579	44.55244	1
25718	POLR2M	0.13276574	0.25101164	0.91835964	18.742035	1
25720	ALDH1A2	0.006144771	0.444034	6.1522026	44.55244	1
25721	AC012653.2	0.0018592208	0.01887537	3.2757761	6.478462	1
25730	ADAM10	0.44695595	0.28232542	-0.6625855	20.456724	1
25733	MINDY2	0.35940808	0.1063037	-1.7564759	44.55244	1
25739	CCNB2	0.09353379	0.017083662	-2.4459918	15.512184	1
25742	MYO1E	0.12345951	0.37080267	1.5858345	44.55244	1
25756	ANXA2	1.9971938	0.6061287	-1.7201124	44.55244	1
25759	RORA	0.19717897	0.11854677	-0.73356444	9.494382	1
25795	RPS27L	1.4027733	0.9797728	-0.51771826	44.55244	1
25798	CA12	0.21782759	-2.5465852e-10	-11.089637	44.55244	1
25802	USP3	0.31938654	0.18468755	-0.78988755	18.268759	1
25807	DAPK2	0.0017134445	0.014043915	2.963377	5.4717307	1
25814	PCLAF	0.14235348	0.03557583	-1.9974718	20.005003	1
25818	OAZ2	0.4682794	0.9532681	1.0253559	44.55244	1
25821	AC100830.1	0.05182292	0.016752414	-1.6234163	7.8990197	1
25822	RBPMS2	0.20082533	0.10767641	-0.898618	13.732292	1
25823	PIF1	0.023125751	0.0022187566	-3.324302	5.9090037	1
25826	ANKDD1A	0.07871988	0.037655827	-1.0618602	6.7048388	1
25840	PARP16	0.03572562	0.012094425	-1.55477	5.169105	1
25863	SMAD6	0.57985884	0.018784218	-4.9406977	44.55244	1
25864	AC013564.1	0.06690426	0.001588375	-5.310546	25.41336	1
25869	SMAD3	0.17695571	0.09127957	-0.9542598	12.619909	1
25882	CLN6	0.044519898	0.08350026	0.90582013	6.4362707	1
25885	ITGA11	0.74677545	0.3925957	-0.92745584	44.55244	1
25887	CORO2B	0.020720584	0.069467306	1.7403989	13.072919	1
25902	KIF23	0.054254208	0.0017057146	-4.91175	15.472189	1
25908	TLE3	0.094756484	0.020947868	-2.1720722	21.224884	1
25916	UACA	0.48367012	1.1415027	1.2386672	44.55244	1
25920	LARP6	0.20114501	0.1189546	-0.7573296	10.424617	1
25924	THSD4	0.037926182	0.0016745054	-4.4215045	12.958454	1
25936	PKM	1.7950072	0.7766285	-1.2085876	44.55244	1
25940	HEXA	0.42380682	0.25243095	-0.7472871	22.917637	1
25952	ADPGK	0.2139142	0.12957758	-0.7227774	10.809168	1
25968	LOXL1-AS1	0.04149025	0.014121833	-1.5481379	6.2274656	1
25969	LOXL1	0.23872498	0.12778097	-0.901152	16.052969	1
25970	STOML1	0.054592233	0.023971878	-1.1839874	5.9239287	1
25977	ISLR	0.090641126	0.2213317	1.2870333	24.395884	1
25978	STRA6	0.09763515	0.020428607	-2.2512417	20.482948	1
25992	CLK3	0.14209603	0.09310235	-0.6094429	5.282764	1
25998	CSK	0.09255516	0.14441165	0.6412427	6.2526174	1
26002	SCAMP2	0.273057	0.13311587	-1.0359644	23.945267	1
26003	MPI	0.13725765	0.04513352	-1.602473	21.04196	1
26006	RPP25	0.22580746	0.020244673	-3.4730089	44.55244	1
26009	C15orf39	0.10804661	0.021855306	-2.3003469	24.011826	1
26029	CSPG4	0.22394459	0.66225815	1.5638256	44.55244	1
26036	UBE2Q2	0.35244727	0.20087951	-0.8107681	21.087004	1
26039	TMEM266	0.0013440768	0.012848979	3.164619	5.166903	1
26046	SCAPER	0.21462864	0.114740394	-0.9028844	14.722523	1
26052	PEAK1	0.20533778	0.42561945	1.0512015	41.57563	1
26053	HMG20A	0.14892238	0.22174785	0.57404155	7.8313727	1
26056	LINGO1	0.11937557	0.53892064	2.1736248	44.55244	1
26062	TBC1D2B	0.13758041	0.22699653	0.7219823	11.781343	1
26092	TMED3	0.87763596	0.29559556	-1.5696746	44.55244	1
26096	MTHFS	0.19087476	0.28479192	0.5770326	10.355364	1
26098	AC015871.7	0.04510623	0.079786085	0.8214226	5.1550694	1
26102	BCL2A1	0.058564972	0.017463334	-1.7399327	8.401465	1
26106	CTXND1	0.039357025	-2.5465852e-10	-8.624143	12.729515	1
26114	ABHD17C	0.019263986	0.049233217	1.3491834	7.520614	1
26117	CEMIP	0.014935835	0.2197818	3.8702514	44.55244	1
26119	MESD	0.9160576	0.57323813	-0.6762095	44.55244	1
26145	CPEB1	0.02463239	0.004863436	-2.3169906	5.864944	1
26153	HOMER2	0.20289303	0.015076111	-3.7415562	44.55244	1
26158	BTBD1	0.17829305	0.12489271	-0.5132154	5.153165	1
26163	TM6SF1	0.017123051	0.00029064677	-5.4623322	6.8742037	1
26164	HDGFL3	0.5371207	0.33888757	-0.6642827	24.364214	1
26181	NMB	0.46964893	0.12601465	-1.897154	44.55244	1
26187	ALPK3	0.18476146	0.01399468	-3.713222	44.55244	1
26217	AEN	0.07641201	0.023457056	-1.6995269	11.787429	1
26222	MFGE8	0.46564388	0.14921923	-1.6411368	44.55244	1
26227	FANCI	0.057240266	0.0137451375	-2.0501692	11.035981	1
26246	AP3S2	0.14737578	0.089850456	-0.71327543	7.134024	1
26251	IDH2	0.76936674	0.45417154	-0.76030415	44.55244	1
26253	SEMA4B	0.26382962	0.014794716	-4.1472807	44.55244	1
26254	CIB1	0.71685857	0.37924507	-0.91837907	44.55244	1
26260	IQGAP1	0.79316676	0.4961646	-0.6766967	42.29476	1
26272	FURIN	0.20771797	0.10117292	-1.037072	17.30364	1
26276	HDDC3	0.082966164	0.030216182	-1.454173	11.218024	1
26280	PRC1	0.1407866	0.015721966	-3.1545336	24.529167	1
26291	SLCO3A1	0.17869644	0.75144017	2.0715322	44.55244	1
26306	LINC01578	0.81883043	0.5570318	-0.55572224	32.07763	1
26342	NR2F2	0.33996618	0.77221745	1.1833786	44.55244	1
26350	LINC02253	0.033972114	0.007259464	-2.2109191	7.4131565	1
26359	ARRDC4	0.09944633	0.052311614	-0.92548156	6.951144	1
26377	SYNM	0.09314383	0.2713627	1.5416737	43.85347	1
26388	MEF2A	0.70894074	0.3292218	-1.1063706	44.55244	1
26414	CHSY1	1.0476207	0.17802002	-2.5563326	44.55244	1
26415	SELENOS	0.8063227	0.50073135	-0.68721133	44.55244	1
26418	PCSK6	0.048454136	0.0067773014	-2.8196797	12.184971	1
26425	TARSL2	0.1797425	0.057344534	-1.6464925	26.490078	1
26434	RHBDF1	0.10912049	0.051922385	-1.070039	10.009994	1
26446	FAM234A	0.23368311	0.12730895	-0.875704	15.70917	1
26452	TMEM8A	0.26478302	0.17265306	-0.616644	10.759399	1
26463	RAB40C	0.05812442	0.026982833	-1.1042458	5.7906365	1
26465	METTL26	0.6784644	0.3399632	-0.996683	44.55244	1
26466	MCRIP2	0.15009347	0.055214226	-1.4410995	18.920462	1
26474	JMJD8	0.15199159	0.09183698	-0.7262232	7.629422	1
26479	METRN	0.45249104	0.8971559	0.9873115	44.55244	1
26482	HAGHL	0.14014553	0.07768761	-0.85034233	8.903549	1
26536	TMEM204	0.14085312	0.36359707	1.3675218	44.55244	1
26546	NME3	0.5415533	0.30074683	-0.84834063	38.16864	1
26549	SPSB3	0.19430907	0.13429925	-0.5325704	5.8764606	1
26550	NUBP2	0.26250717	0.18356092	-0.5158616	7.660352	1
26572	ZNF598	0.10338922	0.0606099	-0.76947683	5.652227	1
26573	NPW	0.26423466	0.13699447	-0.9471952	15.746577	1
26574	SLC9A3R2	0.40557367	0.207625	-0.96564466	32.77778	1
26575	NTHL1	0.19827521	0.09212923	-1.1049358	18.381348	1
26586	MLST8	0.18595108	0.097522214	-0.9304175	13.283436	1
26593	ECI1	0.32038057	0.17657845	-0.8591108	20.842916	1
26598	CCNF	0.03914237	0.014344538	-1.4418882	5.69209	1
26610	PDPK1	0.19901921	0.121855594	-0.70727646	9.262887	1
26636	PKMYT1	0.016098041	0.0008649744	-4.069185	6.6491914	1
26637	PAQR4	0.04708067	0.012531207	-1.9012034	8.670661	1
26644	TNFRSF12A	0.25292474	0.08173913	-1.6284157	27.248968	1
26645	HCFC1R1	0.40631503	0.27632552	-0.55606294	13.255371	1
26651	IL32	0.049381137	0.010796272	-2.1830442	8.693136	1
26658	AC108134.2	0.049283233	0.0097375335	-2.3276527	9.613317	1
26684	TRAP1	0.15991461	0.087731816	-0.86538815	9.906216	1
26688	ADCY9	0.029098246	0.07376784	1.3390647	9.92436	1
26699	VASN	0.08677446	0.15101855	0.79867667	8.751208	1
26719	ROGDI	0.18123229	0.07188943	-1.3327788	21.815445	1
26751	PMM2	0.27203515	0.14151016	-0.94239855	20.317837	1
26770	GRIN2A	0.32018304	0.025388645	-3.6514208	44.55244	1
26778	EMP2	0.21763799	0.055025637	-1.9817978	40.10432	1
26804	LITAF	0.42438602	0.2792799	-0.6034889	15.2517	1
26806	TXNDC11	0.07591964	0.030784747	-1.2994778	9.365053	1
26841	MRTFB	0.12037424	0.20510498	0.76834106	11.56873	1
26858	PDXDC1	0.24783167	0.16607115	-0.57727265	8.897439	1
26865	BMERB1	0.2128154	0.05585228	-1.9280115	39.71054	1
26868	NDE1	0.08733095	0.03599542	-1.2763283	10.2316675	1
26914	SYT17	0.08583416	0.048960462	-0.8086708	5.1505957	1
26930	IQCK	0.05614395	0.100315735	0.8362155	6.678465	1
26944	ACSM3	0.059769806	0.0018166015	-4.9652066	18.044529	1
26954	TMEM159	0.2841134	0.11063518	-1.3598609	36.890553	1
26977	EEF2K	0.09710423	0.051343597	-0.9180276	7.0023565	1
26981	CDR2	0.1962869	0.07137263	-1.458236	26.262701	1
27008	PLK1	0.05595733	0.0015685305	-5.0702534	14.370118	1
27013	PRKCB	0.30864614	0.04827615	-2.6740532	44.55244	1
27026	LCMT1	0.22218467	0.1508279	-0.5585489	7.461987	1
27048	IL21R	0.00039243483	0.024071205	5.617213	12.446408	1
27056	XPO6	0.15956065	0.09891975	-0.68922055	7.5313077	1
27067	NUPR1	0.47361767	0.04064259	-3.539418	44.55244	1
27070	SULT1A2	0.016438177	0.0012709245	-3.5925791	5.7152953	1
27071	SULT1A1	0.12587866	0.01916188	-2.709359	33.516464	1
27108	KIF22	0.082045294	0.039870393	-1.0392462	6.933254	1
27113	PRRT2	0.09891227	0.016884917	-2.543353	23.408587	1
27114	PAGR1	0.26708636	0.18579504	-0.523358	8.106055	1
27115	MVP	0.096393205	0.035456024	-1.4403332	13.074598	1
27116	CDIPT	0.27614287	0.13610609	-1.0201459	23.400974	1
27118	SEZ6L2	0.94959265	0.42987415	-1.1432108	44.55244	1
27119	ASPHD1	0.0918699	0.016727071	-2.4503777	22.744268	1
27125	INO80E	0.14703538	0.08823745	-0.736047	7.436026	1
27130	ALDOA	0.17904179	0.031438503	-2.5059156	44.251408	1
27139	MAPK3	0.16844617	0.092379496	-0.8659383	11.013957	1
27148	TBC1D10B	0.12552258	0.079844125	-0.65203184	5.5162153	1
27172	SRCAP	0.08871054	0.14492747	0.70752347	7.388245	1
27197	VKORC1	1.548262	0.42523253	-1.8640797	44.55244	1
27198	BCKDK	0.34218737	0.15704346	-1.1231258	34.20937	1
27199	KAT8	0.13650338	0.07972291	-0.77511835	7.209882	1
27221	ARMC5	0.042453498	0.09496599	1.1596515	10.713254	1
27225	C16orf58	0.14860986	0.08325712	-0.835123	8.7082	1
27298	SHCBP1	0.04489919	0.0026033865	-4.0570593	13.630247	1
27302	ORC6	0.14022936	0.05631399	-1.3146919	14.17941	1
27303	MYLK3	0.0235203	0.0026961921	-3.078492	6.7450657	1
27304	C16orf87	0.19649455	0.12208035	-0.68621105	8.720572	1
27305	GPT2	0.085580654	0.015575992	-2.4504128	20.404514	1
27349	TENT4B	0.09171344	0.054612134	-0.7468446	5.0132575	1
27350	ADCY7	0.049899194	0.00912893	-2.4376698	12.494329	1
27409	IRX3	0.037204668	0.011163119	-1.7277498	6.125348	1
27417	CRNDE	0.32068944	0.13176334	-1.2825831	36.167877	1
27419	IRX5	0.028752984	0.0024763944	-3.485295	8.325079	1
27427	MMP2	0.9362002	0.17299017	-2.4354475	44.55244	1
27430	LPCAT2	0.11097029	0.018719573	-2.5611672	25.608128	1
27438	GNAO1	0.10815008	0.0033322137	-4.979085	37.312748	1
27446	OGFOD1	0.16434579	0.11054823	-0.57163167	5.6923933	1
27451	MT2A	0.055776943	0.28571773	2.3547704	44.55244	1
27453	MT1E	0.0070292684	0.039217785	2.4633563	8.971918	1
27460	MT1X	0.0022084366	0.02660473	3.5321074	7.123624	1
27464	HERPUD1	0.6038658	0.38318652	-0.65604377	26.16815	1
27475	ARL2BP	0.45275706	0.2918338	-0.63341457	19.360586	1
27480	CX3CL1	0.04699962	0.0029267315	-3.9598827	15.170197	1
27484	POLR2C	0.34710267	0.20637158	-0.7498348	18.897816	1
27485	DOK4	0.27937523	0.08919975	-1.6459923	43.121075	1
27488	ADGRG1	0.023567006	0.0039839214	-2.5348504	5.9302177	1
27501	MMP15	0.0549775	0.015760712	-1.7960055	9.263676	1
27513	NDRG4	0.048653446	0.0025572083	-4.197521	16.301674	1
27531	AC138305.1	0.0009268757	0.011071595	3.4435017	5.3074822	1
27549	BEAN1	0.02655692	0.0024157339	-3.405459	8.45471	1
27561	DYNC1LI2	0.89175105	0.56461143	-0.6592889	44.55244	1
27572	RRAD	0.021797873	0.0012292549	-4.0421014	7.146817	1
27573	CIAO2B	0.8447399	0.58836967	-0.5217099	32.703552	1
27577	CBFB	0.22312629	0.15702276	-0.5066148	6.026868	1
27579	B3GNT9	0.07256753	0.02874327	-1.3330761	9.172251	1
27580	TRADD	0.20665081	0.078493565	-1.39541	27.157576	1
27581	FBXL8	0.062086336	0.018235842	-1.7619312	11.005397	1
27583	NOL3	0.4847883	0.0709067	-2.7716253	44.55244	1
27594	LRRC36	1.2732926e-09	0.0155323595	7.2883735	8.323694	1
27595	TPPP3	0.015320905	0.12022644	2.9639945	34.926918	1
27596	ZDHHC1	0.03145704	0.06794629	1.1085546	7.1464415	1
27597	HSD11B2	0.022628179	0.4567046	4.3290234	44.55244	1
27599	ATP6V0D1	0.36417946	0.55611986	0.6106097	24.453396	1
27628	LCAT	0.026584622	0.0054068626	-2.2767062	6.276554	1
27629	SLC12A4	0.08647438	0.032938752	-1.3897809	11.22267	1
27642	PLA2G15	0.1249218	0.051305052	-1.2821976	14.328248	1
27651	ZFP90	0.162902	0.0879376	-0.8886979	10.8228035	1
27667	VPS4A	0.29720426	0.19482343	-0.60903245	11.599646	1
27678	NQO1	0.3611105	0.5390634	0.57788277	16.942263	1
27688	AARS	0.18111104	0.11102714	-0.7054597	8.576692	1
27693	ST3GAL2	0.15058982	0.22790092	0.5974577	8.852192	1
27721	MARVELD3	0.003606412	0.026710797	2.854719	9.453936	1
27744	ZFHX3	0.299218	0.6577328	1.1360419	44.55244	1
27765	GLG1	0.89640546	0.5019833	-0.83638567	44.55244	1
27767	MLKL	0.055291574	0.023384579	-1.2379528	6.500251	1
27770	ZNRF1	0.3228881	0.21175273	-0.6084193	12.523513	1
27788	TMEM231	0.040423185	0.013575451	-1.5671592	6.410188	1
27802	CNTNAP4	0.011120594	-2.5465852e-10	-6.810009	5.126918	1
27835	MAF	0.09560252	0.16294499	0.7686413	8.771316	1
27854	CENPN	0.08540471	0.01735655	-2.2922354	17.917603	1
27857	ATMIN	0.17526118	0.28998572	0.72614974	15.521931	1
27870	PLCG2	0.13586228	0.087887764	-0.6278316	5.2660155	1
27875	MPHOSPH6	0.07890418	0.1519276	0.94433236	12.102003	1
27878	CDH13	0.5671021	0.024301896	-4.538798	44.55244	1
27879	AC099506.1	0.0155975185	0.0006855284	-4.3207293	6.135831	1
27904	WFDC1	0.09187028	0.010911911	-3.0621028	25.75829	1
27909	MEAK7	0.11072221	0.066892676	-0.7261717	5.5093145	1
27920	ZDHHC7	0.119135775	0.07083143	-0.7493202	6.2100973	1
27925	GSE1	0.181717	0.067512654	-1.4271219	23.448885	1
27932	GINS2	0.06675475	0.02029714	-1.7126633	9.992229	1
27957	FOXF1	0.016825862	0.0011697616	-3.7366	5.5604157	1
27961	FOXC2	0.052418556	0.12671997	1.2718828	14.823012	1
27983	ZCCHC14	0.08717579	0.1769691	1.0206591	15.96947	1
27984	AC105429.1	0.011275752	0.036869127	1.7003591	7.536599	1
27994	SLC7A5	0.065338165	0.016320022	-1.9946764	11.753059	1
28006	ZNF469	0.04350502	0.0038655393	-3.4589052	13.96521	1
28007	ZFPM1	0.049301993	0.15791908	1.6774576	28.3611	1
28012	MVD	0.21283163	0.11401875	-0.89985436	13.698125	1
28024	CDT1	0.041769408	0.007263567	-2.5074198	10.844226	1
28026	GALNS	0.11420055	0.042418603	-1.4266661	15.585476	1
28039	CDH15	0.03462827	0.0073092612	-2.228709	7.622604	1
28065	SPIRE2	0.01523921	0.037214182	1.2825	5.1452727	1
28069	TUBB3	0.83933675	0.2497988	-1.7480776	44.55244	1
28073	GAS8	0.05339806	0.020456538	-1.3798894	6.8960342	1
28092	RFLNB	0.14021453	0.545359	1.9588064	44.55244	1
28097	TLCD3A	0.12574948	0.037981983	-1.7245187	20.258276	1
28118	PITPNA-AS1	0.16618846	0.11460108	-0.535809	5.035763	1
28121	SCARF1	0.03627291	0.07301423	1.0072879	6.3277903	1
28130	SERPINF1	0.35223868	0.099560075	-1.8218753	44.55244	1
28163	RAP1GAP2	0.013647976	-2.5465852e-10	-7.1030793	5.3765097	1
28178	ASPA	0.001018407	0.01590196	3.8387315	7.074046	1
28187	EMC6	0.5129281	0.3519324	-0.5433298	17.870323	1
28195	P2RX1	0.012599956	-2.5465852e-10	-6.988683	5.477245	1
28211	SMTNL2	0.06515528	0.0057839085	-3.4712481	19.150343	1
28214	PELP1	0.21504986	0.14722191	-0.5463699	6.7337465	1
28233	RNF167	0.2317478	0.11280365	-1.0380859	19.631058	1
28235	ENO3	0.067892164	0.006107407	-3.453306	20.43471	1
28237	CAMTA2	0.113374464	0.042919617	-1.399301	13.51403	1
28258	RPAIN	0.49159896	0.31578892	-0.63835806	21.315077	1
28273	PIMREG	0.040192034	0.0019301838	-4.3108125	11.0500145	1
28297	ASGR1	0.110214725	0.04312688	-1.3516246	13.448062	1
28305	CLDN7	0.015038323	0.058070213	1.9420753	13.223918	1
28317	PLSCR3	0.19228628	0.13479136	-0.51220804	5.664603	1
28318	TMEM256	0.60404056	0.3555067	-0.7646019	38.056858	1
28319	NLGN2	0.068532445	0.019575045	-1.8025239	11.928038	1
28323	TMEM102	0.025756631	0.005660092	-2.1663706	6.5402336	1
28325	FGF11	0.08976003	0.0068053086	-3.7019017	28.513958	1
28328	ZBTB4	0.15605865	0.064181894	-1.2805282	18.098738	1
28336	CD68	0.029734287	0.0070583713	-2.059268	6.233076	1
28349	TMEM88	0.030917333	0.007336819	-2.060317	6.2029405	1
28366	TMEM107	0.22914785	0.1053335	-1.1205748	21.95139	1
28369	AURKB	0.060842883	0.021223424	-1.5150187	7.4936886	1
28384	NDEL1	0.19599853	0.09925631	-0.9808953	15.601023	1
28396	STX8	0.33791316	0.22574541	-0.5817437	12.270403	1
28412	GAS7	0.13355498	0.005482966	-4.581338	44.55244	1
28446	MYOCD	0.023457324	0.0008339515	-4.656684	8.07105	1
28463	HS3ST3B1	0.08465993	0.031676706	-1.4154127	9.476632	1
28474	PMP22	0.54195064	0.24434628	-1.1489103	44.55244	1
28485	TRIM16	0.101892285	0.04832733	-1.0745666	9.219394	1
28494	ADORA2B	0.10455668	0.00570197	-4.172978	32.648838	1
28500	PIGL	0.07881096	0.03871622	-1.023566	6.6617584	1
28505	TRPV2	0.105971366	0.016747743	-2.654408	27.567526	1
28532	NT5M	0.02863249	0.007021776	-2.0123742	5.454053	1
28534	RASD1	0.05380075	0.00704428	-2.9154449	11.839978	1
28536	PEMT	0.16297798	0.111635774	-0.5454708	5.205873	1
28550	DRG2	0.18328328	0.11574403	-0.66267836	7.945582	1
28553	ALKBH5	0.30804193	0.15418312	-0.9980148	25.278206	1
28558	TOP3A	0.10692011	0.055971693	-0.93253744	7.843848	1
28570	TVP23B	0.08842286	0.036255505	-1.2838762	10.183256	1
28581	AC007952.4	0.05182524	0.022500964	-1.2000518	5.7285514	1
28592	B9D1	0.07512934	0.029426081	-1.3493055	9.22039	1
28594	MAPK7	0.095289126	0.04916541	-0.9532498	6.9920073	1
28595	MFAP4	0.31622645	0.010414818	-4.910918	44.55244	1
28602	SLC47A1	0.011987248	-2.5465852e-10	-6.917346	5.3249583	1
28604	ALDH3A2	0.12947969	0.035657357	-1.8575275	23.01425	1
28640	LINC02693	0.080717735	0.03806767	-1.0823208	7.2024837	1
28658	WSB1	1.7819711	1.0083548	-0.82140857	44.55244	1
28660	KSR1	0.11359169	0.061058477	-0.8945024	7.5234947	1
28677	IFT20	0.4964921	0.32275596	-0.6211706	20.511066	1
28691	UNC119	0.21654145	0.119380675	-0.8585321	13.951924	1
28692	PIGS	0.25965106	0.13154973	-0.98042506	20.278742	1
28693	ALDOC	0.17830652	0.010494949	-4.07372	44.55244	1
28695	SPAG5	0.025067022	0.0039745355	-2.626827	6.9070926	1
28706	RAB34	0.66795814	0.41426867	-0.6890587	38.09458	1
28722	DHRS13	0.038662724	0.006828337	-2.4840891	8.786884	1
28740	TP53I13	0.23178507	0.093522936	-1.3084761	27.395164	1
28764	CPD	0.21925709	0.07675086	-1.5131481	31.938225	1
28782	ADAP2	0.0033589075	0.11647677	5.07482	44.55244	1
28794	EVI2A	0.0036769356	0.027046734	2.8454905	10.1184025	1
28812	C17orf75	0.108299404	0.06603457	-0.7128803	5.1795015	1
28822	MYO1D	0.12819201	0.05692542	-1.1697541	12.783981	1
28831	TMEM98	0.56268275	0.27110606	-1.0531888	44.55244	1
28851	CCL2	0.21125264	0.013314844	-3.97775	34.129494	1
28872	UNC45B	0.013118905	-2.5465852e-10	-7.0464625	6.430425	1
28876	SLFN5	0.24019817	0.3682917	0.6164149	14.413817	1
28894	RASL10B	0.02293649	0.09194863	1.9984753	21.174564	1
28908	CCL14	1.2732926e-09	0.015313818	7.268062	9.085494	1
28940	AATF	0.17266877	0.114930734	-0.5868231	6.282294	1
28950	DUSP14	0.10354275	0.05257385	-0.9764605	8.146484	1
28987	LINC00672	0.13325837	0.018493963	-2.8424022	34.340137	1
28991	PLXDC1	0.13139124	1.0253398	2.9632041	44.55244	1
28992	AC091178.2	0.0019383623	0.018040663	3.153745	7.0945687	1
28997	STAC2	0.013709251	0.00053635956	-4.439649	5.08035	1
29007	TCAP	0.021128358	0.0033683004	-2.613692	5.7314725	1
29010	ERBB2	0.130244	0.046660833	-1.4789516	17.941133	1
29030	CDC6	0.03247838	0.009449913	-1.7703555	5.3285913	1
29031	RARA	0.18514891	0.12735443	-0.5394835	5.617818	1
29036	TOP2A	0.18907975	0.019843966	-3.2457335	23.878504	1
29107	KRT19	0.055188846	0.0010359351	-5.6050363	16.809692	1
29116	JUP	0.2259346	0.09738531	-1.2132869	23.915756	1
29117	P3H4	0.6635548	0.20594278	-1.6874892	44.55244	1
29118	FKBP10	1.1509321	0.41616482	-1.4673545	44.55244	1
29128	NKIRAS2	0.279155	0.18206392	-0.61634564	11.172277	1
29138	GHDC	0.025789818	0.004192511	-2.5924911	6.601881	1
29139	STAT5B	0.096007586	0.0411513	-1.2202107	10.124785	1
29145	CAVIN1	0.489135	0.03452317	-3.8207178	44.55244	1
29149	NAGLU	0.21335582	0.075405516	-1.4992836	30.581429	1
29154	PSMC3IP	0.054933485	0.023979647	-1.1924955	5.8999023	1
29157	TUBG1	0.15626915	0.08205505	-0.9285347	11.259321	1
29159	PLEKHH3	0.09823199	0.44727814	2.185762	44.55244	1
29160	CCR10	0.027817434	0.12777182	2.1954603	29.372805	1
29161	AC100793.2	0.04374794	0.22363481	2.3512087	44.55244	1
29162	CNTNAP1	0.122934595	0.069492824	-0.8220536	6.91178	1
29167	RAMP2	0.7635457	0.46602908	-0.71217394	39.444702	1
29168	VPS25	0.42614552	0.2885354	-0.5624365	14.841083	1
29179	PTGES3L	0.026537264	0.0072242473	-1.8626934	5.41096	1
29183	VAT1	0.61080706	0.3148329	-0.9559086	44.55244	1
29185	BRCA1	0.05353184	0.013029058	-2.0303264	10.32961	1
29192	ARL4D	0.490198	0.024229417	-4.3328853	44.55244	1
29195	ETV4	0.15772991	0.045052506	-1.8054926	27.81211	1
29198	SOST	0.06494058	-2.5465852e-10	-9.3452	11.486283	1
29199	DUSP3	0.18275893	0.07950829	-1.1997405	19.264326	1
29202	MPP3	0.02113585	0.0044390205	-2.226049	5.462885	1
29204	MPP2	0.06981884	0.0060129515	-3.5157404	21.813303	1
29211	NAGS	0.022856068	0.0036309606	-2.6212566	6.4331336	1
29212	TMEM101	0.24531662	0.11653481	-1.0732346	22.533892	1
29214	G6PC3	0.27714553	0.19406421	-0.5138868	8.1002035	1
29215	HDAC5	0.17197518	0.11439421	-0.5877643	5.9274464	1
29231	GRN	0.8493433	0.5182203	-0.7126737	44.55244	1
29236	FZD2	0.15014789	0.04699806	-1.6736051	23.841284	1
29239	CCDC43	0.21156646	0.14802954	-0.5149334	6.3083606	1
29245	GJC1	0.1797176	0.122227326	-0.5557875	5.5501447	1
29253	C1QL1	0.02168607	0.0021370135	-3.28376	5.9432445	1
29257	PLCD3	0.037371386	0.010669965	-1.7987758	6.7515354	1
29262	HEXIM2	0.043411765	0.017686598	-1.290615	5.3088403	1
29283	MAPT	0.033595216	0.37631017	3.48169	44.55244	1
29300	GOSR2	0.2614829	0.13028595	-1.0044796	21.849693	1
29301	RPRML	0.03421234	-2.5465852e-10	-8.422587	12.476399	1
29306	MYL4	0.25938734	0.013486942	-4.2553716	44.55244	1
29307	ITGB3	0.14788587	0.03820139	-1.9499906	29.57717	1
29322	SP6	0.06582872	0.0014433312	-5.4167876	20.007536	1
29334	COPZ2	0.31189066	0.03678505	-3.0803945	44.55244	1
29336	NFE2L1	0.45446473	0.27915853	-0.70288444	23.403715	1
29352	HOXB4	0.06089682	0.019668235	-1.62555	9.28999	1
29355	HOXB6	0.036947656	0.10212412	1.4642813	15.286885	1
29356	HOXB7	0.16173622	0.30655316	0.92207325	23.26534	1
29357	HOXB8	0.034385324	0.08201018	1.2515785	10.213346	1
29358	HOXB9	0.06817792	0.14644828	1.101885	14.316608	1
29361	LINC02086	0.014130287	0.04971623	1.8076512	9.998755	1
29363	PRAC2	0.007747248	0.02764063	1.8217418	6.017927	1
29378	ABI3	0.04052494	0.008780356	-2.1936765	9.277045	1
29388	NGFR	0.28161904	0.010298348	-4.759831	44.55244	1
29416	SGCA	0.030781621	0.0052486663	-2.5294974	8.068692	1
29417	COL1A1	2.8532398	0.74583566	-1.9355284	44.55244	1
29424	EME1	0.030602047	0.0054231305	-2.4747767	7.43546	1
29425	LRRC59	0.45595056	0.29354528	-0.6351194	19.580545	1
29427	ACSF2	0.10068221	0.055309612	-0.8630328	6.4662056	1
29437	CACNA1G	0.029874997	0.0042582476	-2.7819397	7.8480444	1
29453	SPAG9	0.72696143	0.4833802	-0.58862054	31.93944	1
29458	AC006141.1	0.06718793	0.12679684	0.91523653	9.331141	1
29464	CA10	0.00038259677	0.052924156	6.779688	25.692093	1
29478	MMD	0.0743832	0.14208117	0.93274343	11.29263	1
29493	SCPEP1	0.3820489	0.22051167	-0.7926258	22.070038	1
29500	MSI2	0.30541134	0.19821078	-0.6234628	11.545313	1
29509	VEZF1	0.23087633	0.14629474	-0.65788126	9.596029	1
29514	DYNLL2	0.1901746	0.11180473	-0.76581186	10.148936	1
29532	SEPTIN4	0.16561309	0.44753405	1.4336321	44.55244	1
29542	PRR11	0.089083865	0.0114079565	-2.9541512	20.145338	1
29557	RNFT1	0.08367512	0.14441393	0.78661495	8.45797	1
29560	HEATR6	0.1395803	0.07737402	-0.85034406	8.858565	1
29580	TBX2	0.4760589	0.9469696	0.9920274	44.55244	1
29601	TANC2	0.21072365	0.09044833	-1.2192768	21.798523	1
29616	LIMD2	0.540505	0.9218336	0.77008796	44.55244	1
29617	CCDC47	0.44005388	0.2916441	-0.5933045	16.753746	1
29637	PECAM1	0.01461786	0.03763776	1.3584409	5.2306147	1
29638	MILR1	0.010283181	0.035760354	1.7881413	7.6965947	1
29642	SMURF2	0.5151006	0.29234195	-0.8169841	31.227827	1
29649	RGS9	0.1803269	0.046537634	-1.9518479	33.518116	1
29654	PRKCA	0.11561846	0.06695066	-0.7872957	6.647518	1
29662	HELZ	0.27154157	0.39982042	0.55800873	13.801547	1
29673	C17orf58	0.17936973	0.10942277	-0.7125097	8.421689	1
29674	KPNA2	0.3568475	0.2360418	-0.5960584	10.493624	1
29683	AMZ2	0.15791391	0.09909013	-0.6717831	7.034646	1
29684	ARSG	0.10739071	0.053614635	-1.0008248	8.913163	1
29687	WIPI1	0.33743802	0.13287537	-1.3438909	43.32199	1
29689	FAM20A	0.01125423	0.4197108	5.2084374	44.55244	1
29693	ABCA8	0.18935306	0.05434782	-1.7988942	31.592777	1
29699	ABCA5	0.069569916	0.028561382	-1.2814277	7.9908814	1
29717	SOX9-AS1	0.09309383	0.0023367535	-5.257202	30.340284	1
29719	SOX9	0.5612105	0.046010807	-3.6056223	44.55244	1
29720	LINC00511	0.123114325	0.0016516725	-6.136293	38.408382	1
29726	SSTR2	0.0066793594	0.03501518	2.372874	9.485627	1
29729	FAM104A	0.21625595	0.1273772	-0.76316756	12.009065	1
29733	CDC42EP4	0.141762	0.054408778	-1.3799278	17.137486	1
29734	SDK2	0.043084204	0.0042372956	-3.3156362	14.76693	1
29755	GPRC5C	0.39795488	0.2517689	-0.6602945	15.417029	1
29771	FDXR	0.0856518	0.018701069	-2.1893523	18.340189	1
29778	CDR2L	0.121662475	0.04413739	-1.4607315	16.443504	1
29779	MRPL58	0.19400325	0.12173016	-0.67195296	8.8811865	1
29785	JPT1	0.847998	0.5117753	-0.7284385	44.55244	1
29799	TMEM94	0.06465003	0.11361301	0.81244457	7.115267	1
29807	SAP30BP	0.2838155	0.18103272	-0.6484144	12.186943	1
29811	GALK1	0.27349117	0.079481885	-1.7815096	44.55244	1
29816	WBP2	0.26614624	0.13322984	-0.9977615	22.007002	1
29825	TEN1	0.08129326	0.13696757	0.7519059	7.5349026	1
29838	SPHK1	0.15477988	0.052019928	-1.5712427	22.63962	1
29842	CYGB	0.30454916	0.7237049	1.2484522	44.55244	1
29854	MXRA7	0.5340973	0.28018177	-0.930495	42.285267	1
29856	JMJD6	0.1310522	0.069199264	-0.92033	9.195392	1
29867	SEC14L1	0.32525507	0.57851213	0.83058167	40.97783	1
29882	TNRC6C	0.12741561	0.07325957	-0.79761684	7.103862	1
29884	TMC6	0.108122535	0.16217455	0.5844358	6.154563	1
29888	TK1	0.08875511	0.0077274702	-3.5048368	22.801918	1
29889	AFMID	0.09319296	0.04391639	-1.0837274	8.234023	1
29890	BIRC5	0.1186534	0.012818951	-3.200408	23.17898	1
29904	TIMP2	0.6172879	0.15834886	-1.9621599	44.55244	1
29909	CANT1	0.18081126	0.12655467	-0.51438195	5.205799	1
29911	C1QTNF1	0.15130374	0.0046924525	-4.981493	44.55244	1
29931	GAA	0.24125019	0.09526637	-1.3395754	28.28967	1
29944	NPTX1	0.021832375	0.051465545	1.2333454	5.09861	1
29974	BAHCC1	0.026496837	0.080164514	1.5935076	13.786507	1
29985	CCDC137	0.159245	0.089733	-0.82683635	9.597377	1
29995	P4HB	2.140578	0.8962191	-1.2559835	44.55244	1
30003	NPB	0.07994717	0.006410177	-3.620082	23.802889	1
30004	PCYT2	0.07487237	0.024460936	-1.6099935	12.006917	1
30008	MAFG-DT	0.04944127	0.021612013	-1.1901375	5.5793676	1
30009	PYCR1	0.33387288	0.078235276	-2.091997	44.55244	1
30016	CENPX	0.3212251	0.20777118	-0.62834394	13.118007	1
30018	RAC3	0.5480942	0.22974442	-1.2540295	44.55244	1
30019	DCXR	0.32268217	0.2097274	-0.62135774	12.452342	1
30021	RFNG	0.2305312	0.14491424	-0.6693931	10.044308	1
30023	DUS1L	0.13228458	0.19013545	0.523051	5.9198313	1
30029	SLC16A3	0.55239224	0.027147992	-4.3417325	44.55244	1
30040	OGFOD3	0.19786772	0.10774657	-0.87628496	12.721945	1
30047	NARF	0.44683027	0.19816425	-1.1726251	44.55244	1
30054	WDR45B	0.4453428	0.25493366	-0.80455256	27.234982	1
30057	FN3KRP	0.112181485	0.060379885	-0.8925928	7.661446	1
30059	FN3K	0.036120135	0.009956915	-1.8486042	6.457468	1
30061	TBCD	0.091297716	0.05043153	-0.8549742	6.057442	1
30067	METRNL	0.28198728	0.0810032	-1.7983109	44.55244	1
30085	TYMSOS	0.02729533	0.007700126	-1.8123606	5.474762	1
30088	TYMS	0.26770476	0.0562855	-2.2477853	43.47326	1
30110	NDC80	0.06137766	0.014240261	-2.099991	9.9902935	1
30111	SMCHD1	0.49011508	0.34261718	-0.5163964	15.004297	1
30113	EMILIN2	0.05298673	0.01241002	-2.085267	9.959092	1
30118	MYOM1	0.027810993	0.0032353543	-3.0649214	8.501078	1
30127	TGIF1	0.20334738	0.07220225	-1.4925432	26.298391	1
30148	EPB41L3	0.2222096	0.026806204	-3.0465596	44.55244	1
30163	ARHGAP28	0.13745219	0.078601904	-0.80550855	7.5205517	1
30167	LAMA1	0.017844701	0.00091980427	-4.1371937	7.7408476	1
30172	PTPRM	0.22731677	0.074250855	-1.6129173	33.895786	1
30181	RAB12	0.0908888	0.051313404	-0.8235444	5.695603	1
30184	MTCL1	0.02328207	0.00329518	-2.7838426	7.4595165	1
30221	PIEZO2	0.29063827	1.1027764	1.9234784	44.55244	1
30241	IMPA2	0.04725806	0.14219752	1.5872287	23.704294	1
30264	CEP192	0.11988514	0.06641497	-0.85110486	7.647125	1
30280	FAM210A	0.29091242	0.12261558	-1.2457621	31.930658	1
30281	RNMT	0.7523696	0.45120126	-0.7375425	42.535404	1
30307	ESCO1	0.22890073	0.14496216	-0.658681	9.618212	1
30317	GATA6-AS1	0.055177618	0.0018903882	-4.7955737	20.732002	1
30318	GATA6	0.16693592	0.002626352	-5.9370427	44.55244	1
30328	CABLES1	0.03229583	0.06359706	0.9754186	5.559657	1
30331	RIOK3	0.615771	0.29376325	-1.0674833	44.55244	1
30333	NPC1	0.08335413	0.04156056	-1.0023011	6.788804	1
30343	OSBPL1A	0.23819458	0.34220415	0.5225326	10.168338	1
30346	IMPACT	0.22491913	0.15848179	-0.5048205	6.3809996	1
30379	CDH2	1.535054	0.25660568	-2.5801964	44.55244	1
30389	DSC3	0.02096391	0.0020536343	-3.289928	6.7941403	1
30399	DSG2	0.5156978	0.25952145	-0.990396	43.17223	1
30431	DTNA	0.07590566	0.026353788	-1.5226325	10.818836	1
30434	MAPRE2	0.12945837	0.18463361	0.5118442	5.47427	1
30436	ZNF397	0.17095749	0.08986272	-0.927082	11.748361	1
30453	ELP2	0.27156305	0.13391092	-1.0194676	22.742369	1
30455	MOCOS	0.012340891	-2.5465852e-10	-6.9589496	5.704677	1
30457	FHOD3	0.049567774	0.007961859	-2.6231258	13.053398	1
30485	SYT4	0.08613323	0.0044921623	-4.2309985	16.09508	1
30489	SETBP1	0.11350947	0.23932989	1.0755202	22.457472	1
30502	PSTPIP2	0.016734874	0.042518735	1.340035	6.2160935	1
30506	RNF165	0.060122576	0.009739191	-2.6136928	14.982943	1
30521	IER3IP1	0.6077865	0.39634112	-0.61669546	28.099428	1
30533	SMAD7	0.43084976	0.1670295	-1.3665532	44.55244	1
30536	DYM	0.18948598	0.098299176	-0.9461341	14.516251	1
30548	ACAA2	0.53211606	0.33841664	-0.65278536	24.697939	1
30557	SKA1	0.019704055	0.0015813649	-3.5580912	7.5488205	1
30574	POLI	0.113026425	0.069012426	-0.71091896	5.4688134	1
30576	C18orf54	0.062906764	0.031863756	-0.9790697	5.046559	1
30578	RAB27B	0.20774724	0.088356175	-1.2324888	20.510004	1
30617	NEDD4L	0.07671938	0.012891879	-2.5638602	18.319717	1
30624	ALPK2	0.0386136	-2.5465852e-10	-8.596701	15.438015	1
30637	SEC11C	0.16551962	0.30386373	0.87602556	20.555185	1
30641	LMAN1	1.2670012	0.6426433	-0.97921723	44.55244	1
30643	CCBE1	0.17125972	0.04603092	-1.8932219	23.476427	1
30658	AC090409.1	0.012836637	0.00041547656	-4.649412	6.381497	1
30675	KDSR	0.3371541	0.19321553	-0.80287826	19.42388	1
30690	SERPINB8	0.045216274	0.014791011	-1.6055876	7.821476	1
30697	LINC01916	0.0037993882	0.053139128	3.7711673	18.24089	1
30702	CDH19	0.1832424	-2.5465852e-10	-10.840328	44.55244	1
30704	DSEL	0.21903938	0.32890984	0.5862819	11.722653	1
30715	CCDC102B	0.40664208	0.8704029	1.0977349	44.55244	1
30720	AC090337.1	0.013378315	0.039679896	1.5613995	7.079683	1
30742	CBLN2	0.0048731747	0.058062837	3.5478587	20.211319	1
30743	NETO1	0.00802068	0.036775123	2.1829755	9.876181	1
30754	CYB5A	0.42871594	0.2928616	-0.5496469	13.997358	1
30760	CNDP2	0.11717442	0.22946113	0.9689901	18.947826	1
30769	ZADH2	0.12039585	0.17868869	0.569272	6.1783137	1
30827	NFATC1	0.22746842	0.011768255	-4.261121	44.55244	1
30850	PARD6G	0.074676566	0.18621108	1.3170553	24.398617	1
30859	PLPP2	0.09790677	0.011274521	-3.1070757	26.996098	1
30871	CDC34	0.43553394	0.27838975	-0.6454922	19.259209	1
30874	BSG	1.2819672	0.7606825	-0.7529158	44.55244	1
30881	FSTL3	0.06412724	0.019709656	-1.6969814	10.315227	1
30883	PALM	0.113051586	0.025068829	-2.168547	24.461245	1
30888	PLPPR3	0.08375452	0.021260556	-1.9729394	16.387388	1
30917	FAM174C	0.3819646	0.25962386	-0.55683804	13.344897	1
30918	EFNA2	0.0644467	0.032418065	-0.98910195	5.363016	1
30937	MEX3D	0.099672414	0.16784397	0.7512671	8.669392	1
30943	ATP8B3	0.027079983	0.0024463297	-3.4160533	8.769009	1
30948	KLF16	0.09177968	0.040768564	-1.1687542	9.252453	1
30957	BTBD2	0.18209077	0.11772268	-0.62883264	7.113149	1
30965	PLEKHJ1	0.385336	0.264262	-0.54397666	12.611442	1
30966	SF3A2	0.18558948	0.11427467	-0.6991244	8.641601	1
30980	GADD45B	0.17867371	0.039316904	-2.1812482	34.313675	1
30981	GNG7	0.06816544	0.016597524	-2.031521	13.159293	1
30990	SGTA	0.13707842	0.089336745	-0.6171139	5.2252617	1
31000	TLE6	0.0145768225	0.0011889719	-3.5092468	5.1307173	1
31001	TLE2	0.14305626	0.0036696517	-5.2470155	44.55244	1
31036	ZFR2	0.03048825	0.003811858	-2.9670517	8.800293	1
31037	ATCAY	0.059575103	0.0010534561	-5.6930943	20.597858	1
31039	DAPK3	0.22391656	0.13265419	-0.754848	12.031881	1
31052	FSD1	0.08098133	0.02091115	-1.9482147	15.826035	1
31053	STAP2	0.030128382	0.08279265	1.4553404	11.833305	1
31058	SH3GL1	0.34058747	0.5142918	0.59441894	21.352243	1
31060	CHAF1A	0.07163544	0.036199678	-0.98272926	5.4271765	1
31062	UBXN6	0.22314297	0.14619099	-0.6097738	8.578126	1
31072	MYDGF	1.301525	0.70481396	-0.8847947	44.55244	1
31083	PLIN3	0.53365177	0.3673904	-0.53846246	18.355705	1
31086	KDM4B	0.30902252	0.20923555	-0.5623613	10.262397	1
31096	HSD11B1L	0.11789765	0.056966763	-1.0480355	9.853119	1
31097	LONP1	0.21603744	0.10050488	-1.1032486	20.52215	1
31117	MLLT1	0.15416844	0.09382626	-0.71584255	7.381917	1
31121	CLPP	0.54635143	0.3276028	-0.7377054	32.434296	1
31124	GTF2F1	0.4659877	0.6948462	0.5762999	29.481514	1
31128	SLC25A23	0.18252355	0.11608025	-0.65250796	7.491785	1
31141	TRIP10	0.1323583	0.08089749	-0.7095892	6.242091	1
31168	STXBP2	0.03783574	0.0006479451	-5.6644816	14.891852	1
31183	TGFBR3L	0.06491105	0.0018648255	-5.048212	23.067783	1
31185	SNAPC2	0.17514303	0.092158526	-0.9256029	12.429531	1
31186	CTXN1	0.15406549	0.08338941	-0.8848147	9.884601	1
31188	TIMM44	0.16458535	0.09721422	-0.75898963	8.466284	1
31195	CERS4	0.08709965	0.037717447	-1.2052703	8.696316	1
31197	CD320	0.37798235	0.11262021	-1.7459542	44.55244	1
31198	NDUFA7	0.49740487	0.32322752	-0.6217144	21.380817	1
31201	ANGPTL4	0.73989874	0.26292816	-1.4923056	44.55244	1
31204	MARCH2	0.10774439	0.065652795	-0.71382695	5.336607	1
31211	ADAMTS10	0.06024133	0.02476074	-1.2792773	6.915308	1
31247	ZNF846	0.1207295	0.043651473	-1.4655693	16.43133	1
31252	PIN1	0.5349968	0.35841143	-0.57778096	20.295578	1
31253	OLFM2	0.22923951	0.07970471	-1.5229391	26.388971	1
31259	ANGPTL6	0.03814612	-2.5465852e-10	-8.579173	14.147859	1
31276	ICAM3	0.11503322	0.07063178	-0.7028737	5.5983186	1
31282	S1PR5	0.043132566	0.09030123	1.0642239	8.500221	1
31285	CDKN2D	0.21732683	0.12523755	-0.7947113	11.668443	1
31287	SLC44A2	0.24357496	0.111121505	-1.1315223	23.55292	1
31288	ILF3-DT	0.14579128	0.088024236	-0.7272828	6.7684803	1
31290	QTRT1	0.07369197	0.11563064	0.6492351	5.0260816	1
31292	TMED1	0.40183514	0.22451775	-0.8394907	26.615414	1
31294	CARM1	0.18408525	0.12343698	-0.57621455	6.35507	1
31295	YIPF2	0.34392872	0.11343574	-1.5993824	44.55244	1
31300	SPC24	0.038052507	0.00751832	-2.3242333	9.1206	1
31302	DOCK6	0.119183995	0.2427638	1.0257471	21.433052	1
31308	RAB3D	0.06485102	0.0062954966	-3.344224	20.06719	1
31310	TMEM205	0.2892708	0.19187245	-0.5920199	10.470904	1
31311	CCDC159	0.07918893	0.02588399	-1.6094965	11.877383	1
31315	EPOR	0.12944493	0.045588486	-1.5035499	17.903763	1
31316	RGL3	0.009014844	0.040800273	2.1658208	9.964674	1
31318	PRKCSH	0.62348133	0.2986594	-1.0615937	44.55244	1
31322	CNN1	0.17512101	0.005146457	-5.0616884	44.55244	1
31358	MAN2B1	0.13926855	0.08374011	-0.73319256	6.9938726	1
31362	DHPS	0.25150746	0.16149348	-0.63880557	10.223481	1
31381	MAST1	0.021925831	0.0029253077	-2.8640425	5.603506	1
31382	DNASE2	0.28861636	0.06252723	-2.2047908	44.55244	1
31391	RAD23A	0.7037322	0.49009958	-0.52186227	24.667356	1
31394	NFIX	0.13876112	0.012269814	-3.4887471	40.63831	1
31397	LYL1	0.087103985	0.0038773676	-4.4545083	30.09716	1
31403	IER2	1.2171464	0.7169829	-0.7634094	44.55244	1
31406	CACNA1A	0.06397532	0.0036893487	-4.0797467	21.325619	1
31423	IL27RA	0.14582439	0.09414229	-0.6307745	5.779439	1
31427	SAMD1	0.4455077	0.29822078	-0.5789097	16.25071	1
31430	ASF1B	0.0143186115	0.0018412783	-2.8928533	5.4284444	1
31438	ADGRE5	0.039243042	0.08463913	1.1069198	8.847046	1
31441	PKN1	0.3222262	0.18865646	-0.7719953	18.154491	1
31445	DNAJB1	0.23460437	0.15924439	-0.55869645	7.914178	1
31462	ILVBL	0.20090511	0.13826764	-0.5387257	6.1891074	1
31464	NOTCH3	0.22501747	0.40062723	0.83194244	25.928938	1
31502	AP1M1	0.21061094	0.13923709	-0.5966859	7.990789	1
31512	SLC35E1	0.305203	0.1320426	-1.208146	32.998043	1
31526	SIN3B	0.20080373	0.1349726	-0.5727693	6.8171916	1
31533	MYO9B	0.2730493	0.1385996	-0.977726	21.518822	1
31550	PLVAP	0.06189165	0.27612546	2.1557004	44.55244	1
31553	BST2	0.56375915	0.39272246	-0.5214575	13.53738	1
31561	SLC27A1	0.07208453	0.03308169	-1.1213022	6.8943305	1
31566	COLGALT1	0.2782561	0.106928565	-1.3789357	35.70779	1
31569	MAP1S	0.14757106	0.089491345	-0.72095585	7.208665	1
31583	PIK3R2	0.10707014	0.17757161	0.72931015	9.34765	1
31597	ISYNA1	0.41491467	0.20414339	-1.0228729	34.11719	1
31603	KXD1	0.42946464	0.26174855	-0.7141426	22.688356	1
31607	CRLF1	0.021951532	0.0008483873	-4.5392585	7.3155284	1
31609	TMEM59L	0.029016465	0.0006628244	-5.2543406	11.066564	1
31615	CERS1	0.041015577	0.0153662795	-1.4105589	5.4349055	1
31623	SLC25A42	0.06073498	0.030474715	-0.99256206	5.2121396	1
31639	CILP2	0.0172915	0.0018591793	-3.150061	5.49747	1
31642	LPAR2	0.03550067	0.011504429	-1.617229	5.6135807	1
31665	ZNF85	0.014387317	0.04361834	1.5934483	7.737443	1
31708	AC092329.4	0.044993624	0.016704481	-1.4240775	6.017408	1
31723	LINC00662	0.14837219	0.08841529	-0.7461942	7.480646	1
31771	TSHZ3	0.090366624	0.018763395	-2.2617962	18.92555	1
31786	DPY19L3	0.15172957	0.0939604	-0.69079345	7.1410604	1
31813	CEBPG	0.15805033	0.0502931	-1.6499984	23.266935	1
31817	KCTD15	0.07298352	0.19720842	1.4328345	28.615751	1
31818	AC008556.1	0.001672283	0.015722496	3.1582963	6.5846934	1
31823	GPI	0.823302	0.30328465	-1.4404489	44.55244	1
31852	LGI4	0.017318971	0.0011791781	-3.7673702	5.858288	1
31853	FXYD1	0.061865956	0.0022636463	-4.71239	21.395638	1
31854	FXYD7	0.045329005	0.001403224	-4.917482	14.6220455	1
31855	FXYD5	1.158995	0.22401175	-2.3707087	44.55244	1
31871	FFAR2	0.0016916064	0.02064851	3.533682	8.461495	1
31873	DMKN	0.10739097	0.25956702	1.2724472	26.541317	1
31888	UPK1A-AS1	0.032637075	-2.5465852e-10	-8.354785	10.759733	1
31895	LIN37	0.09035021	0.04569441	-0.9819523	7.094902	1
31904	APLP1	0.09094444	0.017146293	-2.4002845	20.427238	1
31911	SDHAF1	0.11789282	0.04191072	-1.4898696	16.45675	1
31915	CLIP3	0.13235775	0.07236632	-0.8701496	8.6050005	1
31916	THAP8	0.09087278	0.030994417	-1.5487795	13.170642	1
31919	POLR2I	0.53449386	0.33137628	-0.6895377	27.167639	1
31920	TBCB	0.7049947	0.43865773	-0.6843925	38.79021	1
31943	ZNF850	0.056035373	0.010293313	-2.4332545	12.893649	1
31961	ZNF875	0.035981618	0.06734579	0.9024644	5.154632	1
31987	SPINT2	0.13038805	0.009991911	-3.6926465	35.72651	1
31988	PPP1R14A	0.2864788	0.06663121	-2.102498	44.55244	1
31990	YIF1B	0.19171654	0.069091015	-1.4710704	26.974512	1
31992	KCNK6	0.15478015	0.010370264	-3.8867826	44.55244	1
31998	SPRED3	0.033534586	0.006618827	-2.3236644	7.987162	1
31999	FAM98C	0.13226919	0.08558371	-0.6274744	5.2146072	1
32026	FBXO17	0.32369298	0.2239051	-0.53154004	9.986858	1
32028	FBXO27	0.016357426	0.0016445781	-3.2377887	5.0469184	1
32033	NCCRP1	0.021071298	-2.5465852e-10	-7.72597	7.891845	1
32038	LRFN1	0.029157642	0.003930698	-2.859712	8.564983	1
32040	GMFG	0.0719519	0.5257822	2.8676312	44.55244	1
32044	MED29	0.18556349	0.12604506	-0.55760646	6.1103263	1
32045	ZFP36	0.12381184	0.29906526	1.2716286	34.491943	1
32046	PLEKHG2	0.14149006	0.24413916	0.78657454	14.487949	1
32075	PLD3	1.4529159	0.7955344	-0.86887294	44.55244	1
32082	BLVRB	0.71506965	0.37464526	-0.93237543	44.55244	1
32085	LTBP4	0.596293	0.21636416	-1.4621352	44.55244	1
32086	NUMBL	0.15405852	0.06784755	-1.1819211	15.996493	1
32090	SNRPA	0.2383368	0.15356074	-0.6338583	9.5765915	1
32091	MIA	0.06373037	0.0013964371	-5.4146395	16.852623	1
32103	AXL	0.19431631	0.026364435	-2.8770225	44.55244	1
32106	TGFB1	0.75859797	0.4085294	-0.8927328	44.55244	1
32109	TMEM91	0.12332501	0.069705844	-0.8222151	7.1330285	1
32113	BCKDHA	0.2064123	0.08880294	-1.2159246	21.158875	1
32119	PCAT19	0.038870625	0.0071949363	-2.41742	8.665384	1
32121	LINC01480	0.00079217926	0.014006277	3.9828598	6.5094285	1
32137	RABAC1	1.554546	1.0098659	-0.6222795	44.55244	1
32141	POU2F2	0.015774824	0.041978605	1.4063463	6.1197023	1
32148	CIC	0.1636059	0.0987285	-0.72810733	7.961865	1
32178	PHLDB3	0.056782167	0.024290549	-1.2216543	6.015409	1
32189	CADM4	0.057354137	0.026128732	-1.1312628	5.501908	1
32190	PLAUR	0.32852215	0.047400124	-2.7904265	44.55244	1
32198	AC006213.2	0.043515634	0.012550283	-1.7856756	7.2643957	1
32229	PVR	0.061341062	0.020069735	-1.6070111	10.207848	1
32232	BCL3	0.14157678	0.025470337	-2.4700603	34.089005	1
32236	NECTIN2	0.5115509	0.22175546	-1.2055398	44.55244	1
32239	APOE	1.9277182	0.6627703	-1.5401704	44.55244	1
32245	RELB	0.10308092	0.06180364	-0.73708004	5.1349587	1
32250	MARK4	0.18442646	0.10985495	-0.74691516	9.684342	1
32254	TRAPPC6A	0.16213487	0.108331166	-0.5813045	5.683762	1
32257	CKM	0.02958445	0.0014458998	-4.263189	9.837995	1
32260	PPP1R13L	0.07113203	0.008121989	-3.1149669	19.309717	1
32263	FOSB	0.43558505	0.28327307	-0.620583	15.178917	1
32271	GIPR	0.016860683	0.056677647	1.7431289	10.639852	1
32301	HIF3A	0.2974286	0.09591919	-1.6316335	42.44185	1
32315	PTGIR	0.07538406	0.028510168	-1.399644	9.077167	1
32316	GNG8	0.10878059	0.0011650174	-6.427446	36.923874	1
32317	DACT3	0.44731432	0.114638954	-1.9632561	44.55244	1
32323	SLC1A5	0.28803268	0.073279254	-1.973289	44.55244	1
32325	AP2S1	1.6169021	2.3296552	0.52685666	44.55244	1
32326	ARHGAP35	0.20022444	0.29945928	0.580503	10.966041	1
32327	NPAS1	0.014819778	0.086280964	2.5334873	26.205107	1
32330	SAE1	0.2888357	0.20245038	-0.51246756	8.280672	1
32331	BBC3	0.17687134	0.06288749	-1.4903785	21.868702	1
32334	INAFM1	0.20733891	0.1303001	-0.6697415	8.982215	1
32335	C5AR1	0.0014138145	0.015608434	3.375279	7.2291775	1
32349	EHD2	0.36559278	0.11897638	-1.6187449	44.55244	1
32352	SELENOW	1.7862785	1.1261513	-0.665509	44.55244	1
32362	LIG1	0.08819448	0.047120914	-0.9028973	6.1332526	1
32372	EMP3	1.6238745	0.96659034	-0.7484033	44.55244	1
32376	GRIN2D	0.10503397	0.004610741	-4.480131	36.737385	1
32393	MAMSTR	0.0405304	0.007686981	-2.3834236	9.888868	1
32398	BCAT2	0.12610662	0.072271325	-0.80229753	7.371922	1
32400	HSD17B14	0.08396276	0.021296304	-1.9741054	15.909715	1
32402	PPP1R15A	0.7551198	0.39878306	-0.9209308	44.55244	1
32404	NUCB1	0.9547968	0.34745967	-1.4580842	44.55244	1
32407	DHDH	0.051076766	0.0007425882	-5.9245176	19.547188	1
32411	GYS1	0.086293295	0.041254286	-1.0628825	7.654149	1
32412	RUVBL2	0.1759072	0.111489065	-0.65743876	7.7452493	1
32426	LIN7B	0.10002587	0.036520984	-1.4510723	13.737954	1
32429	HRC	0.06585425	0.005803658	-3.4817846	16.732687	1
32430	TRPM4	0.07029987	0.027460517	-1.3529699	8.8235235	1
32434	TEAD2	0.17464451	0.27050468	0.63093954	11.307321	1
32436	DKKL1	0.03963815	0.005409897	-2.8504276	10.383328	1
32448	RCN3	0.25642744	0.03658569	-2.8058238	44.55244	1
32453	RRAS	1.0366423	0.5191909	-0.9974425	44.55244	1
32460	CPT1C	0.034479056	0.0060318243	-2.4955103	8.400838	1
32487	NR1H2	0.19051848	0.120734304	-0.6576579	8.206704	1
32494	EMC10	0.83852214	0.39449972	-1.0876311	44.55244	1
32496	AC020909.2	0.33852223	0.0077967783	-5.422269	44.55244	1
32497	JOSD2	0.36582068	0.1983897	-0.88246673	26.190224	1
32499	LRRC4B	0.18014468	0.08104383	-1.1514033	17.629065	1
32502	C19orf81	0.041289933	0.015564255	-1.4018037	5.6497955	1
32504	CLEC11A	0.95726526	0.42905536	-1.1575695	44.55244	1
32509	C19orf48	0.22140479	0.12846303	-0.7848621	11.92687	1
32540	VSIG10L	0.050377663	0.017000763	-1.5615845	7.812643	1
32543	ETFB	0.98696	0.6899537	-0.5164291	38.633183	1
32576	ZNF350	0.0009556027	0.034788307	5.0466046	17.469208	1
32589	ZNF766	0.16738725	0.0824091	-1.0214261	13.787878	1
32594	ZNF880	0.010700899	0.03370473	1.6460739	6.1230164	1
32604	ZNF83	0.2085028	0.12857687	-0.6970057	9.582802	1
32607	ZNF611	0.07970847	0.033499237	-1.2481134	8.742328	1
32618	ZNF160	0.19650434	0.1026679	-0.9359054	13.752197	1
32632	ZNF761	0.058846157	0.026884694	-1.1272565	5.5752635	1
32645	CACNG8	0.14737171	0.020955535	-2.8081667	38.498936	1
32657	MBOAT7	0.2245281	0.13420258	-0.7420514	11.624561	1
32658	TSEN34	0.39919004	0.27464983	-0.5393185	12.918429	1
32669	TTYH1	0.20586462	0.032049637	-2.679522	40.265488	1
32699	EPS8L1	0.04709913	0.012239739	-1.9354483	9.513309	1
32702	TNNT1	0.088437684	0.0005427453	-7.105901	25.976467	1
32720	IL11	0.023691654	0.0003987825	-5.575901	7.139751	1
32725	UBE2S	0.44608504	0.2933702	-0.60442823	13.663103	1
32731	NAT14	0.31444302	0.14404754	-1.1257111	30.52384	1
32732	SSC5D	0.10086362	0.01331676	-2.9117274	27.106241	1
32742	ZNF581	0.3045586	0.14777513	-1.042814	25.163692	1
32776	ZNF667-AS1	0.063916616	0.11727854	0.8746503	7.7313805	1
32795	ZNF805	0.11302321	0.049620412	-1.1859847	11.909752	1
32798	ZNF460	0.08574258	0.046781134	-0.8726859	5.658485	1
32799	AC005261.1	0.19397278	0.13046889	-0.5717865	6.638186	1
32804	TRAPPC2B	0.20446195	0.14008752	-0.5451799	6.527456	1
32845	ZNF274	0.1565037	0.089743525	-0.80163187	8.968744	1
32853	A1BG	0.6387969	0.3101029	-1.042371	44.55244	1
32871	SLC27A5	0.09883571	0.03864201	-1.3525925	11.896538	1
32876	UBE2M	0.8850178	0.62256485	-0.5074137	33.07478	1
32893	TRIB3	0.211554	0.03450142	-2.6128047	39.09399	1
32895	TBC1D20	0.22289628	0.14512369	-0.61874276	9.018639	1
32903	RSPO4	0.04240229	0.007991257	-2.3931048	10.876902	1
32905	PSMF1	0.3924649	0.25248477	-0.6361636	16.697968	1
32910	SDCBP2	0.07040302	0.032874506	-1.0963339	6.1880083	1
32939	CPXM1	0.34419444	0.5354514	0.63738227	23.775635	1
32942	PCED1A	0.0736486	0.14087944	0.9347971	11.023046	1
32952	LZTS3	0.026748527	0.0067529716	-1.9700414	5.1970735	1
32958	ATRN	0.18320987	0.09868501	-0.8919203	12.376684	1
32965	CENPB	0.1616453	0.11030521	-0.5509155	5.37972	1
32966	CDC25B	0.08168703	0.023777654	-1.7762111	13.275629	1
32973	RNF24	0.4338669	0.20653114	-1.0705272	38.48306	1
32975	SMOX	0.13860637	0.06333782	-1.128619	13.287351	1
32980	PRNP	0.2050018	0.062447324	-1.71332	32.490154	1
32985	SLC23A2	0.03322909	0.08263304	1.3116816	10.792967	1
32991	PCNA	0.15914041	0.10140178	-0.64970136	6.1802917	1
33003	CHGB	0.022215353	0.0024536205	-3.1274207	6.3382945	1
33008	CRLS1	0.20858502	0.13812926	-0.594264	7.398984	1
33009	LRRN4	0.022674574	-2.5465852e-10	-7.831284	10.695068	1
33011	FERMT1	0.029687865	0.0028662353	-3.3280199	10.0686455	1
33014	BMP2	0.13390666	0.041398644	-1.6911685	18.296537	1
33021	TMX4	0.3580778	0.1870795	-0.9362534	26.19907	1
33023	PLCB1	0.10953096	0.065759644	-0.7351886	5.5989604	1
33055	BTBD3	0.098213345	0.15089296	0.61902213	6.230512	1
33063	SPTLC3	0.00086353003	0.045355663	5.5599866	21.627577	1
33073	FLRT3	0.02020036	0.10941484	2.431549	29.559538	1
33113	DTD1	0.43148956	0.23068357	-0.9031194	32.225796	1
33165	THBD	0.045518696	0.0059488914	-2.9148827	11.193604	1
33183	CST3	1.8110167	1.0183934	-0.83044285	44.55244	1
33202	APMAP	0.4555741	0.2126281	-1.0989918	44.55244	1
33212	PYGB	0.15295014	0.04614764	-1.7265527	25.173956	1
33215	ABHD12	0.14574046	0.0808564	-0.84917396	9.579416	1
33246	HM13	0.6321986	0.40319562	-0.64876837	30.541517	1
33257	TPX2	0.16571122	0.038695857	-2.0955672	19.447342	1
33259	FOXS1	0.084424675	0.14820062	0.81108016	8.154038	1
33262	PDRG1	0.1532969	0.09960447	-0.62153924	5.8102727	1
33301	SNTA1	0.17230764	0.03854603	-2.1574316	35.75941	1
33302	CBFA2T2	0.12329753	0.07687847	-0.68078655	5.595153	1
33304	NECAB3	0.07679977	0.035732668	-1.1017038	7.144053	1
33308	E2F1	0.027769584	0.0072726873	-1.9184289	5.466531	1
33321	AHCY	0.48035362	0.29815945	-0.68782943	23.343834	1
33334	ACSS2	0.07963943	0.029477969	-1.4307703	10.8717575	1
33338	EDEM2	0.12627023	0.04697757	-1.424545	16.731087	1
33339	PROCR	0.11181629	0.01654942	-2.748876	27.393326	1
33341	MMP24OS	0.5921577	0.35371318	-0.74323744	34.51255	1
33349	CEP250	0.13585106	0.06775954	-1.0024637	10.683162	1
33354	CPNE1	0.75035405	0.4620254	-0.69947946	44.55244	1
33359	PHF20	0.3137069	0.21104254	-0.57165974	11.017662	1
33362	NORAD	0.98078734	0.6926916	-0.50166595	34.871178	1
33366	EPB41L1	0.07730584	0.25061974	1.6955612	44.55244	1
33370	DLGAP4	0.39699578	0.25750554	-0.6243235	16.29052	1
33372	MYL9	0.79706675	0.2400807	-1.7307613	44.55244	1
33377	DSN1	0.06135536	0.023412384	-1.386118	8.28795	1
33381	RBL1	0.039114628	0.014952946	-1.3813461	5.499439	1
33384	RPN2	0.95946515	0.5501874	-0.80219537	44.55244	1
33390	NNAT	0.1581387	0.01900874	-3.049798	39.646805	1
33411	SNHG17	0.15887932	0.10149312	-0.6460364	6.2867937	1
33431	MAFB	0.18734759	2.1253626	3.5032177	44.55244	1
33438	LPIN3	0.06484214	0.01655802	-1.9629382	12.124123	1
33444	PTPRT	0.050758857	-2.5465852e-10	-8.990359	18.934513	1
33454	MYBL2	0.048796143	0.003287724	-3.8513324	14.519279	1
33460	OSER1	0.19023083	0.08676974	-1.1315837	17.646545	1
33495	SDC4	0.08389482	0.003691845	-4.4693284	28.672672	1
33499	DBNDD2	0.064218655	0.29630682	2.2042694	44.55244	1
33500	PIGT	0.4261977	0.17604342	-1.2751106	44.55244	1
33502	WFDC2	0.07289079	0.012747867	-2.5061855	15.284952	1
33516	UBE2C	0.13315663	0.012463109	-3.406942	20.989037	1
33524	CTSA	0.30638266	0.20010453	-0.6143307	11.954297	1
33526	PLTP	0.80674076	0.3304276	-1.2875134	44.55244	1
33530	MMP9	0.07115681	5.0828543	6.1564956	44.55244	1
33531	SLC12A5-AS1	0.004429212	0.09533392	4.39717	42.671627	1
33532	SLC12A5	0.0690005	0.3557522	2.36451	44.55244	1
33533	NCOA5	0.047546815	0.09018337	0.92208046	7.192164	1
33534	CD40	0.07339697	0.15263717	1.0552944	14.120169	1
33537	SLC35C2	0.24383138	0.15564238	-0.64731383	10.168188	1
33549	ZMYND8	0.42841753	0.29176798	-0.55403835	13.805522	1
33555	SULF2	0.28570917	0.03346891	-3.0898545	44.55244	1
33573	PREX1	0.018620385	0.06338163	1.761729	13.153623	1
33578	CSE1L	0.14415617	0.08861127	-0.70144373	6.852439	1
33583	KCNB1	0.0008727172	0.047019523	5.5981607	23.370718	1
33584	PTGIS	0.054380722	0.014747257	-1.8755494	9.350593	1
33588	RNF114	0.31260955	0.19555253	-0.6765294	13.629889	1
33597	CEBPB	0.3610101	0.15294921	-1.2384431	37.794014	1
33606	BCAS4	0.06354339	0.021010658	-1.5920391	9.7282505	1
33612	KCNG1	0.054618098	0.010858471	-2.3199718	11.296841	1
33625	TSHZ2	0.09145116	0.24278443	1.40762	31.99819	1
33643	DOK5	0.20153108	0.016292695	-3.620593	44.55244	1
33653	AURKA	0.08933655	0.017575242	-2.3391347	15.866541	1
33671	RAE1	0.15513629	0.09708952	-0.6755931	6.8600698	1
33674	RBM38	0.05845393	0.02272622	-1.3590741	7.4055605	1
33688	VAPB	0.2527884	0.1653021	-0.61252326	9.856773	1
33689	APCDD1L	0.030581387	-2.5465852e-10	-8.261224	10.640271	1
33705	CTSZ	0.44509166	0.3122278	-0.5113657	12.1802	1
33716	PHACTR3	0.0070667067	0.023558788	1.722994	5.3574243	1
33742	OSBPL2	0.1646675	0.0772668	-1.0906452	14.817751	1
33745	LAMA5	0.21507592	0.03266556	-2.7152646	44.55244	1
33753	GATA5	0.10473443	0.00091851404	-6.685503	37.286385	1
33771	MRGBP	0.22688231	0.13673107	-0.7301839	11.570055	1
33773	OGFR	0.18287829	0.102356955	-0.83665454	11.219722	1
33774	COL9A3	0.63751066	0.01031532	-5.935897	44.55244	1
33775	TCFL5	0.078052245	0.030731523	-1.3418812	9.61741	1
33795	ARFGAP1	0.16159625	0.073832996	-1.128996	15.591615	1
33799	KCNQ2	0.06522111	-2.5465852e-10	-9.351409	21.963165	1
33802	EEF1A2	0.08384174	0.0009564098	-6.3121467	25.9558	1
33804	PPDPF	1.6794727	0.7542025	-1.1548792	44.55244	1
33809	HELZ2	0.052928876	0.019092007	-1.4662727	7.488525	1
33815	ARFRP1	0.120503776	0.07265286	-0.7291991	6.001111	1
33819	SLC2A4RG	0.4765198	0.28737143	-0.72942036	25.496735	1
33820	ZBTB46	0.06364101	0.16189474	1.345653	21.717941	1
33825	TPD52L2	0.26210892	0.1488203	-0.81617624	15.835722	1
33826	DNAJC5	0.10668108	0.063337214	-0.75125474	5.8349953	1
33833	SOX18	0.025721708	0.1311573	2.3457413	32.859924	1
33834	TCEA2	0.39929217	0.2440442	-0.71007246	20.584341	1
33837	OPRL1	0.018590609	0.0013700746	-3.6683524	7.04657	1
33838	LKAAEAR1	0.042003483	0.012309126	-1.7625382	6.6560483	1
33906	HSPA13	0.31878078	0.13790895	-1.2082552	34.42224	1
33911	LINC02246	0.008471822	0.02634627	1.6253905	5.0162296	1
33913	NRIP1	0.18726301	0.5241372	1.4843836	44.55244	1
33928	CXADR	0.07024068	0.003478232	-4.2970405	23.484245	1
33929	BTG3	0.4452709	0.20584771	-1.1127292	44.55244	1
33933	C21orf91	0.0764315	0.2672872	1.8048048	44.55244	1
33936	CHODL	0.028244264	0.642058	4.5017996	44.55244	1
33986	JAM2	0.052578393	0.004662494	-3.4674222	15.50728	1
34000	ADAMTS1	0.27539903	0.10922303	-1.3334498	26.437159	1
34002	ADAMTS5	0.029023863	0.5218244	4.1635675	44.55244	1
34024	BACH1	0.43605828	0.24888298	-0.80880463	25.828915	1
34070	TIAM1	0.14900458	0.080843	-0.8813462	8.3975525	1
34105	IFNAR2	0.26481536	0.0846907	-1.6435535	42.665947	1
34107	IL10RB	0.17385265	0.10226897	-0.7649162	9.550543	1
34108	IFNAR1	0.4339968	0.26069695	-0.73508984	24.16768	1
34109	IFNGR2	0.38126326	0.19311625	-0.9809494	31.986856	1
34115	DONSON	0.06325379	0.027349008	-1.206677	6.928025	1
34133	RCAN1	0.1592109	0.06583926	-1.2726353	15.072777	1
34137	RUNX1	0.094044976	0.6172954	2.7132387	44.55244	1
34149	CBR3	0.034167547	0.00488462	-2.7812874	9.79259	1
34167	PIGP	0.30210957	0.20428558	-0.5642559	10.300363	1
34168	TTC3	1.7299368	1.2104099	-0.5151879	44.55244	1
34191	ETS2	0.20524566	0.05856904	-1.8073832	31.8264	1
34206	GET1	0.2830224	0.17547461	-0.6893416	13.396075	1
34208	SH3BGR	0.06430824	0.017074328	-1.9069917	11.175502	1
34221	BACE2	0.22543253	0.045266792	-2.313627	44.55244	1
34235	RIPK4	0.015548389	-2.5465852e-10	-7.289874	6.665989	1
34241	ZBTB21	0.066851385	0.029470414	-1.1789595	6.827147	1
34258	PDE9A	0.03590956	0.14705493	2.030884	35.148468	1
34284	PDXK	0.38099676	0.26358354	-0.53134984	11.889572	1
34297	ICOSLG	0.030897733	0.0066234744	-2.2048838	7.071213	1
34303	PFKL	0.37190717	0.1609673	-1.2076668	42.425335	1
34312	LRRC3	0.035774488	0.009350741	-1.924459	7.0619745	1
34338	SUMO3	0.48846897	0.30235088	-0.6918614	24.301367	1
34339	PTTG1IP	0.93414044	0.43745255	-1.0943377	44.55244	1
34345	FAM207A	0.24797316	0.10956651	-1.1776426	25.985489	1
34350	ADARB1	0.10804853	0.010202004	-3.3920171	30.981157	1
34353	POFUT2	0.3128953	0.085565135	-1.8693608	44.55244	1
34361	COL18A1	1.0186657	0.6685049	-0.60759634	35.792732	1
34368	PCBP3	0.030457463	0.000864115	-4.9861755	11.843593	1
34380	COL6A2	1.5198541	1.0672071	-0.5100524	44.55244	1
34383	SPATC1L	0.24490394	0.116415024	-1.072289	22.074457	1
34385	LSS	0.091016546	0.028839145	-1.6546909	15.041415	1
34388	MCM3AP	0.14054017	0.20528653	0.54633296	6.8736672	1
34391	YBEY	0.19124407	0.103744306	-0.88174707	12.593453	1
34397	S100B	0.01771175	0.0014727243	-3.5014915	5.132488	1
34432	HDHD5	0.21242505	0.117873505	-0.84916997	13.17604	1
34436	CECR2	0.10284646	0.052510522	-0.96847093	7.3830986	1
34444	MICAL3	0.07016553	0.02962104	-1.2413325	7.9076533	1
34482	SLC25A1	0.29064247	0.20452268	-0.5067756	8.58316	1
34488	MRPL40	0.4544113	0.31808528	-0.514449	14.298724	1
34495	CLDN5	0.0015442757	0.03196041	4.285269	13.518932	1
34499	GP1BB	0.033779457	0.09542709	1.4954991	14.525938	1
34526	SCARF2	0.07773886	0.025535189	-1.602365	11.841518	1
34530	PI4KA	0.05715723	0.105107225	0.87770396	7.5467315	1
34558	YDJC	0.09605253	0.02856634	-1.745967	16.432688	1
34561	SDF2L1	0.34824666	0.51234215	0.55686545	17.06758	1
34564	YPEL1	0.05799575	0.024895357	-1.2167727	6.1774077	1
34688	CHCHD10	0.82319164	0.5129578	-0.68228215	44.55244	1
34689	MMP11	0.12367735	0.2292386	0.8897319	14.97633	1
34695	MIF	3.366046	2.2952929	-0.55235666	44.55244	1
34696	MIF-AS1	0.02362723	0.0060970862	-1.9368818	5.276679	1
34698	GSTT2B	0.21515632	0.083233446	-1.369088	27.374449	1
34701	DDT	0.9933786	0.6767135	-0.5537304	44.55244	1
34708	ADORA2A	0.027173089	0.0061905254	-2.1162257	5.274808	1
34715	LRRC75B	0.1004295	0.03692823	-1.4409213	13.00468	1
34723	KIAA1671	0.078642	0.021591717	-1.8599893	14.117022	1
34727	AL022323.4	0.05630291	0.016615797	-1.7545575	9.737812	1
34755	TPST2	0.17927535	0.09568569	-0.9050995	12.231435	1
34757	CRYBB1	0.0016413301	0.034572102	4.3155136	16.796364	1
34785	TTC28-AS1	0.09125321	0.03277757	-1.4743518	12.098011	1
34786	TTC28	0.14418691	0.0593177	-1.2799758	16.238255	1
34788	HSCB	0.14952472	0.09193082	-0.7011595	7.1049504	1
34790	XBP1	0.62509805	0.2973433	-1.0716985	44.55244	1
34793	ZNRF3	0.025985563	0.0050723935	-2.3343477	6.6877275	1
34797	KREMEN1	0.04326932	0.016663084	-1.3713874	5.5122585	1
34799	EMID1	0.029900463	0.07970474	1.4114896	11.446299	1
34806	AP1B1	0.06913922	0.13269511	0.9395407	10.866189	1
34813	NIPSNAP1	0.21762186	0.13894361	-0.64694875	8.998718	1
34822	MTMR3	0.05508515	0.10046605	0.8657914	6.769165	1
34823	AC003681.1	0.04954502	0.088607654	0.83740956	5.7193365	1
34836	SEC14L2	0.033978824	0.005764802	-2.5387213	8.684872	1
34839	MTFP1	0.21115398	0.060234953	-1.8079127	35.292336	1
34849	SLC35E4	0.067482345	0.015120296	-2.15065	14.247475	1
34850	DUSP18	0.065450415	0.033470254	-0.9654215	5.282048	1
34860	SELENOM	0.9592981	0.22942351	-2.0634875	44.55244	1
34875	PISD	0.083134204	0.04610382	-0.84916437	5.340703	1
34899	FBXO7	0.35971427	0.24001336	-0.5835367	13.145708	1
34920	HMGXB4	0.44088566	0.28195423	-0.6447591	19.3852	1
34925	HMOX1	0.04023638	0.07342847	0.86622125	5.2977242	1
34929	MB	0.06502494	0.001451879	-5.3911223	21.32657	1
34931	APOL6	0.02094934	0.050343677	1.2608986	6.3549037	1
34955	IFT27	0.21259722	0.14615767	-0.540289	6.472444	1
34964	TST	0.13033378	0.06743575	-0.9495943	9.822685	1
34965	MPST	0.4794188	0.16353954	-1.5510659	44.55244	1
34967	KCTD17	0.12310246	0.039899275	-1.6229852	19.218351	1
34970	IL2RB	0.011934889	0.07208783	2.584533	22.501055	1
34974	RAC2	0.08719284	0.009292189	-3.21633	23.49255	1
34983	CDC42EP1	0.26980492	0.15816791	-0.77008235	14.833106	1
34989	LGALS1	2.8583202	0.56858754	-2.3295097	44.55244	1
34992	H1F0	0.41095257	0.115395516	-1.831486	44.55244	1
35013	TMEM184B	0.1416834	0.09155359	-0.6294253	5.7536654	1
35021	KDELR3	0.6380038	0.111521	-2.5151827	44.55244	1
35025	CBY1	0.24158353	0.14944217	-0.6925668	11.500744	1
35030	JOSD1	0.2209811	0.14498885	-0.6076391	8.459203	1
35031	GTPBP1	0.08415553	0.047122046	-0.83531076	5.3610945	1
35033	SUN2	0.1237287	0.04855887	-1.347571	14.965808	1
35040	NPTXR	0.05318678	0.012806175	-2.0457163	10.706956	1
35041	CBX6	0.30353686	0.15369812	-0.9813091	24.070345	1
35047	APOBEC3C	0.17527333	0.06836212	-1.3570515	21.378448	1
35058	SYNGR1	0.37534094	0.13342527	-1.4914732	44.55244	1
35076	MRTFA	0.092460826	0.05086912	-0.8607783	6.1529713	1
35079	MCHR1	0.06342263	0.00031776473	-7.248436	23.46481	1
35101	PMM1	0.21971217	0.085974135	-1.3526195	27.243853	1
35111	CENPM	0.03364077	0.006711079	-2.3085377	8.381268	1
35116	NAGA	0.1394945	0.03974332	-1.8088323	25.427662	1
35138	ARFGAP3	0.5544773	0.28431097	-0.9634115	44.55244	1
35141	TTLL1	0.104115084	0.054676343	-0.92793924	7.691653	1
35144	TSPO	1.1055071	0.5066574	-1.1254716	44.55244	1
35160	PARVB	0.05834664	0.024032969	-1.2761147	7.12774	1
35171	PRR5	0.12552504	0.07629142	-0.7176416	6.1630025	1
35172	ARHGAP8	0.024644181	0.001406002	-4.038294	7.934872	1
35182	FAM118A	0.15543458	0.047337245	-1.7131432	24.508018	1
35186	FBLN1	0.5538016	0.1291387	-2.0995917	44.55244	1
35201	PPARA	0.11317197	0.06027671	-0.90772694	7.802937	1
35207	GTSE1	0.079219654	0.005415045	-3.8462338	17.558332	1
35212	CERK	0.17743865	0.08754495	-1.0183902	14.402228	1
35276	ADM2	0.054171182	0.0062505775	-3.0952268	14.932808	1
35278	LMF2	0.24431476	0.104767755	-1.2207602	26.541	1
35279	NCAPH2	0.0803382	0.03838389	-1.0636262	7.692935	1
35283	ODF3B	0.025523514	0.0032885608	-2.9187236	7.917537	1
35293	ARSA	0.11937629	0.055015396	-1.116197	11.801856	1
35303	PPP2R3B	0.07866176	0.043033745	-0.8686784	5.427823	1
35310	IL3RA	0.0016937832	0.05703488	4.9932942	24.54579	1
35314	ASMTL	0.13507822	0.051072072	-1.4014342	17.091343	1
35320	DHRSX	0.26418594	0.13519442	-0.9659972	20.216745	1
35324	CD99	2.3529406	1.5366313	-0.61466116	44.55244	1
35330	ARSE	0.014764029	0.00046510744	-4.7171564	5.94321	1
35334	MXRA5	0.1079578	0.040023964	-1.4292672	12.041056	1
35341	NLGN4X	0.044572055	0.14750098	1.7242577	25.721344	1
35368	ARHGAP6	0.028036712	0.075996116	1.4353691	11.709281	1
35390	GPM6B	0.20700356	0.07736328	-1.4187678	25.362915	1
35399	PIGA	0.034664173	0.011110386	-1.6327654	5.750847	1
35401	PIR	0.12587579	0.07686391	-0.7108925	5.9848657	1
35426	SCML2	0.027192434	0.0020477157	-3.6676261	8.8074255	1
35427	CDKL5	0.1888129	0.332163	0.81460434	20.266298	1
35434	ADGRG2	0.001829821	0.017267227	3.1698287	6.460791	1
35437	SH3KBP1	0.34532416	0.59997755	0.7967801	36.793804	1
35449	SMPX	0.037475973	0.0006186133	-5.708451	12.831961	1
35450	MBTPS2	0.09534347	0.05167378	-0.8824248	6.3023863	1
35460	PTCHD1	0.04188567	0.011872289	-1.8101981	7.4509044	1
35461	PRDX4	1.6280568	0.6520719	-1.3199154	44.55244	1
35464	SAT1	1.2770932	0.8413312	-0.6020596	44.55244	1
35471	PDK3	0.1917654	0.08025998	-1.2555454	20.325396	1
35523	DYNLT3	0.380324	0.23698348	-0.6822131	17.865408	1
35528	SRPX	0.3444873	0.072123446	-2.2543304	44.55244	1
35532	TSPAN7	0.017376523	0.21301207	3.6081223	44.55244	1
35546	ATP6AP2	0.94718665	0.6540883	-0.534095	39.959175	1
35575	DIPK2B	0.001236818	0.012835127	3.2744193	5.1325355	1
35597	CDK16	0.23645791	0.15571442	-0.60236466	8.767848	1
35605	TIMP1	2.8437872	1.784353	-0.67238224	44.55244	1
35606	CFP	0.0028902853	0.017966682	2.5949764	6.287195	1
35626	PORCN	0.053764954	0.02292156	-1.2263613	6.1850033	1
35627	EBP	0.29915524	0.20683031	-0.5322314	8.73932	1
35628	TBC1D25	0.06967225	0.03486452	-0.9967616	5.643666	1
35640	PCSK1N	0.1857893	0.019137187	-3.272474	42.01086	1
35643	SLC35A2	0.12542483	0.05291823	-1.2434124	13.974711	1
35650	PRAF2	0.3764779	0.16867217	-1.1578711	40.735535	1
35654	PLP2	0.5351275	0.32949176	-0.6994722	26.180202	1
35694	NUDT11	0.067829594	0.014757242	-2.192874	14.518097	1
35700	MAGED1	0.86970305	0.4717893	-0.8822404	44.55244	1
35719	GPR173	0.057101507	0.02499115	-1.1888746	5.8435526	1
35720	TSPYL2	0.21901338	0.088529326	-1.3058215	25.000824	1
35735	FGD1	0.076588064	0.120124936	0.64866215	5.381587	1
35739	TRO	0.09896753	0.15614986	0.6573708	6.9694695	1
35749	MAGEH1	0.3475729	0.18328889	-0.92282426	25.3779	1
35768	LINC01278	0.11589457	0.17924473	0.628678	7.257147	1
35784	HEPH	0.17835684	0.11722782	-0.60503	6.5678854	1
35789	YIPF6	0.35978732	0.24179947	-0.5731375	12.95576	1
35792	PJA1	0.1480191	0.08882331	-0.7361242	7.372175	1
35809	KIF4A	0.05686329	0.017941998	-1.6586734	7.729324	1
35835	NHSL2	0.085248604	0.24668017	1.5317869	39.890976	1
35838	ERCC6L	0.012461398	0.0009946506	-3.5204546	5.5369782	1
35861	JPX	0.4448679	0.6675029	0.585289	28.339153	1
35879	MAGT1	0.39552048	0.25555703	-0.6299074	16.375631	1
35882	PGK1	2.0529165	0.7240494	-1.5033859	44.55244	1
35890	ITM2A	0.29722592	0.00936514	-4.9732776	44.55244	1
35891	TBX22	0.016717248	-2.5465852e-10	-7.3938017	6.40482	1
35902	APOOL	0.15682666	0.10118108	-0.6317257	6.1508617	1
35909	KLHL4	0.08330122	0.013224944	-2.645939	19.925852	1
35918	NAP1L3	0.1266792	0.051543802	-1.2956508	13.964988	1
35921	DIAPH2	0.15476146	0.45486042	1.5547628	44.55244	1
35922	RPA4	0.003134594	0.01734683	2.4313083	5.731192	1
35928	SRPX2	0.2020909	0.012795391	-3.9707909	44.55244	1
35938	DRP2	0.025221903	0.0021251047	-3.5084407	9.11184	1
35943	GLA	0.21128184	0.10720337	-0.97815603	15.445231	1
35945	ARMCX4	0.07076972	0.031955197	-1.144611	7.2468677	1
35946	ARMCX1	0.012608639	0.2635046	4.374494	44.55244	1
35947	ARMCX6	0.52678126	0.31735805	-0.73091197	28.63065	1
35952	ARMCX2	0.35629317	0.15816945	-1.1710868	36.024708	1
35955	TCEAL2	0.039440587	-2.5465852e-10	-8.627194	12.851358	1
35958	BEX5	0.037310857	0.0124291405	-1.5781696	5.657284	1
35963	TMSB15A	0.1298044	0.07889199	-0.717672	5.787484	1
35977	BEX1	0.5286225	0.019675108	-4.740753	44.55244	1
35979	BEX4	0.8357412	0.5672193	-0.55906785	35.364822	1
35981	TCEAL5	0.065891944	0.006145282	-3.4014513	19.132992	1
35983	TCEAL7	0.3146241	0.08955424	-1.8116438	44.55244	1
35991	TCEAL3	0.5018081	0.19180238	-1.3870506	44.55244	1
36011	NRK	0.08142406	0.44696656	2.4551919	44.55244	1
36016	TBC1D8B	0.15725891	0.043877825	-1.8392106	28.100273	1
36017	MORC4	0.20503727	0.07083767	-1.5319659	29.29372	1
36034	COL4A6	0.21337776	0.013755672	-3.9455373	44.55244	1
36035	COL4A5	0.41165408	0.15534836	-1.4053475	44.55244	1
36036	AL035425.3	0.015692797	0.00047852204	-4.770751	5.248818	1
36048	CHRDL1	0.018391453	0.0012341946	-3.7928176	5.2669263	1
36049	PAK3	0.018877095	0.06616445	1.8039759	13.749668	1
36051	DCX	0.0017241394	0.096547246	5.727441	41.63336	1
36065	LRCH2	0.096043386	0.046440206	-1.04671	8.1258745	1
36079	IL13RA1	0.27492034	0.12098135	-1.1835616	28.344511	1
36088	SLC25A43	0.07127487	0.033560544	-1.0843576	6.808782	1
36095	SEPTIN6	1.0464123	0.57725835	-0.85805035	44.55244	1
36100	RNF113A	0.14002703	0.090648286	-0.62679297	5.5519876	1
36112	LAMP2	0.67702985	0.36570036	-0.88837606	44.55244	1
36135	GRIA3	0.047690928	0.014371014	-1.7235708	8.6249895	1
36159	ZDHHC9	0.156424	0.06193182	-1.3353035	18.319159	1
36163	ELF4	0.019763587	0.0038824675	-2.3183916	5.2748046	1
36166	RAB33A	0.17006023	0.011774797	-3.8409193	44.55244	1
36190	GPC3	0.32879406	0.017237894	-4.245622	44.55244	1
36195	MIR503HG	0.1399365	0.3320614	1.2460814	37.90807	1
36200	FAM122C	0.050303113	0.020253818	-1.3082135	5.8516	1
36203	SMIM10	0.12499212	0.071303956	-0.808915	7.06287	1
36207	RTL8A	0.4561149	0.3170794	-0.5244145	14.26642	1
36213	ZNF75D	0.02527838	0.0524841	1.0510267	5.5409913	1
36234	MAP7D3	0.18717368	0.107954934	-0.79338324	10.346337	1
36242	AL683813.1	0.07684146	0.028306069	-1.437562	9.38054	1
36253	ATP11C	0.15032327	0.22980414	0.6120047	8.840094	1
36298	IDS	0.48505136	0.33920842	-0.5158377	15.0217495	1
36301	CXorf40A	0.03827654	0.012805708	-1.5722154	5.8025136	1
36305	TMEM185A	0.2254341	0.09500347	-1.2457756	24.55264	1
36312	CXorf40B	0.07032193	0.027388372	-1.3572034	9.239171	1
36315	MAMLD1	0.026526576	0.002971967	-3.1156323	8.197334	1
36369	DUSP9	0.017269695	-2.5465852e-10	-7.4404325	6.484606	1
36370	PNCK	0.054100893	0.0014158868	-5.160083	15.533393	1
36371	SLC6A8	0.42057866	0.023791885	-4.138126	44.55244	1
36380	L1CAM	0.17802113	0.0040922486	-5.408991	44.55244	1
36383	ARHGAP4	0.032419115	0.0048226407	-2.7237837	7.6381774	1
36400	EMD	0.45320824	0.22170505	-1.0312	41.828983	1
36403	DNASE1L1	0.111989915	0.03254139	-1.779882	21.061646	1
36404	TAZ	0.11413816	0.07051118	-0.6940762	5.2733526	1
36406	ATP6AP1	0.47418448	0.23865661	-0.99021184	41.499744	1
36407	GDI1	0.2783862	0.1668613	-0.738092	14.088668	1
36408	FAM50A	0.7612572	0.40305334	-0.9172448	44.55244	1
36409	PLXNA3	0.21323259	0.08580966	-1.312212	24.914957	1
36410	LAGE3	0.32667676	0.12633204	-1.3699431	40.56117	1
36411	UBL4A	0.16582999	0.06476925	-1.3549678	20.134224	1
36412	SLC10A3	0.10185653	0.05319626	-0.935848	7.7261324	1
36413	FAM3A	0.18104224	0.089832716	-1.010205	14.979581	1
36415	G6PD	0.16994141	0.057229657	-1.5685326	25.039793	1
36423	DKC1	0.24633758	0.17024799	-0.5327374	7.607848	1
36426	F8	0.20811556	0.005374137	-5.2493024	44.55244	1
36429	FUNDC2	0.7175711	0.37228078	-0.94654423	44.55244	1
36430	CMC4	0.33225814	0.06863972	-2.2735226	44.55244	1
36431	MTCP1	0.013040865	0.00041200244	-4.6817656	5.1741915	1
36494	DDX3Y	0.51754177	0.27788562	-0.89694387	38.94262	1
36500	NLGN4Y	0.05737923	0.14753284	1.3609009	20.152813	1
36513	TTTY14	0.10366411	0.041580196	-1.3158735	11.91317	1
36518	TTTY10	0.024486106	0.067918375	1.4680814	10.436088	1
36562	MT-CO2	2.725888	4.2829742	0.6518676	44.55244	1
36564	MT-ATP6	2.89942	4.1354885	0.5122786	44.55244	1
36565	MT-CO3	2.9873924	4.428015	0.5677578	44.55244	1
36566	MT-ND3	1.7647482	3.085673	0.8060878	44.55244	1
36571	MT-CYB	2.528267	3.715431	0.5553625	44.55244	1
36584	AC004556.3	0.09598203	0.05328468	-0.84784085	6.049289	1
