	gene	expression_1	expression_2	log2FC	-log10 p-val	significant
29	HES4	0.461089	0.6822947	0.56524855	7.65986	1
43	TNFRSF4	-1.3096724e-10	0.003258753	5.0698557	8.146799	1
44	SDF4	0.9671661	0.37872848	-1.3523681	36.27777	1
45	B3GALT6	0.25928432	0.1345369	-0.94601727	5.483776	1
50	SCNN1D	-1.3096724e-10	0.0022391586	4.5479198	6.1639814	1
73	SSU72	0.8195963	0.5445048	-0.5898797	11.735894	1
79	MMP23B	0.24218315	0.063900016	-1.9205499	8.417392	1
104	RER1	0.68625385	0.436488	-0.6526802	10.456661	1
110	HES5	-1.3096724e-10	0.006144322	5.964475	12.864655	1
111	AL139246.5	-1.3096724e-10	0.012046455	6.9243937	30.146389	1
142	SMIM1	0.1907351	0.055655587	-1.7751383	6.510294	1
180	ESPN	0.13806878	0.00033149697	-8.3228655	7.1515923	1
189	THAP3	0.18606055	0.07504011	-1.3088921	5.6320148	1
194	CAMTA1	0.8072558	0.55503905	-0.5403554	10.236759	1
202	VAMP3	0.45284063	0.2089652	-1.115369	11.216967	1
211	ERRFI1	0.19678389	0.036762353	-2.417125	8.233072	1
219	ENO1	2.9418674	1.158982	-1.3437985	44.55244	1
241	LZIC	0.5601495	0.32703334	-0.7761908	11.263674	1
245	RBP7	0.0037107149	0.032600146	3.1011634	10.937311	1
253	CORT	-1.3096724e-10	0.009163857	6.533543	22.981709	1
280	MAD2L2	0.2693845	0.08662982	-1.6356021	9.956442	1
291	PLOD1	1.465244	0.23413786	-2.645193	44.55244	1
342	AL031293.1	-1.3096724e-10	0.0025048843	4.7031493	5.8301797	1
367	FBLIM1	0.19782151	0.32316095	0.7077707	6.1803594	1
374	HSPB7	0.2165226	0.014247048	-3.916358	10.7456875	1
401	BX284668.5	0.09933612	0.013783943	-2.8403528	6.1399655	1
403	MFAP2	1.3080293	0.7729482	-0.75887483	22.67975	1
438	CAPZB	0.9016398	0.6288778	-0.5197021	10.695674	1
449	PLA2G5	-1.3096724e-10	0.003433194	5.142903	10.058722	1
464	CAMK2N1	0.1753044	0.35726333	1.0267066	10.696401	1
467	CDA	0.009471719	0.10060676	3.3952389	44.251408	1
470	DDOST	1.1308858	0.5806301	-0.9616411	28.663849	1
471	KIF17	-1.3096724e-10	0.0018028285	4.250076	5.15696	1
477	ECE1	0.85651684	0.1640447	-2.383682	37.767323	1
482	ALPL	-1.3096724e-10	0.0032680596	5.073848	10.485925	1
495	WNT4	-1.3096724e-10	0.0021840539	4.513527	5.1881022	1
530	HMGCL	0.26293156	0.08301595	-1.6620386	9.925883	1
531	FUCA1	0.18660223	0.06831272	-1.4484028	5.5269895	1
547	RCAN3	0.16394117	0.03878967	-2.076599	7.840444	1
552	CLIC4	0.6573743	0.31241605	-1.0730044	15.281856	1
565	TMEM50A	0.91087306	0.56006825	-0.7015482	16.520857	1
570	MAN1C1	0.1243503	0.0072538485	-4.0809264	7.768269	1
573	AL020996.1	-1.3096724e-10	0.0042166803	5.4318523	10.848229	1
576	AUNIP	-1.3096724e-10	0.0062943627	5.9987307	16.164148	1
581	EXTL1	-1.3096724e-10	0.0020719806	4.4409413	5.7045603	1
593	SH3BGRL3	1.948618	1.0851989	-0.844433	39.618202	1
599	DHDDS	0.23419107	0.095763944	-1.2892418	6.5852575	1
625	WASF2	1.2747257	0.87619853	-0.5408057	20.264683	1
627	BX293535.1	-1.3096724e-10	0.0022913616	4.5797625	5.879029	1
631	IFI6	0.34955865	0.12142345	-1.5247123	9.837163	1
636	AL020997.2	-1.3096724e-10	0.0019798125	4.3783836	5.0901937	1
649	AL353622.1	-1.3096724e-10	0.003462393	5.1547766	8.355479	1
664	OPRD1	-1.3096724e-10	0.0029306146	4.9215403	7.592632	1
687	SDC3	0.45801365	0.09706305	-2.2372258	20.09653	1
691	ZCCHC17	0.3844792	0.24932612	-0.62466806	5.2053022	1
697	TINAGL1	-1.3096724e-10	0.041779086	8.710088	44.55244	1
717	CCDC28B	0.61498225	0.3794373	-0.6965378	8.223969	1
718	AL049795.1	-1.3096724e-10	0.0021454692	4.488947	6.1403093	1
723	FAM167B	-1.3096724e-10	0.0034099927	5.133398	8.221804	1
729	FAM229A	0.1054117	0.024943098	-2.074918	5.3243823	1
738	YARS	0.444146	0.16134746	-1.460294	12.111892	1
741	HPCA	-1.3096724e-10	0.0034515013	5.150359	8.355561	1
742	TMEM54	0.16648453	0.039425194	-2.07541	6.1858606	1
746	AK2	0.4067013	0.18841629	-1.109635	10.483371	1
753	AL513327.1	-1.3096724e-10	0.0042107543	5.42987	10.715284	1
767	GJA4	0.0020275884	0.175116	6.3637714	44.55244	1
770	TMEM35B	0.4138297	0.19659317	-1.073439	10.309956	1
774	SFPQ	0.77183515	1.0965166	0.5065077	11.8967905	1
777	KIAA0319L	0.2555429	0.13280733	-0.94370925	5.0463257	1
780	TFAP2E	-1.3096724e-10	0.0018320179	4.2720385	5.7756224	1
787	AL139286.3	-1.3096724e-10	0.004109666	5.395636	10.398369	1
792	ADPRHL2	0.22625786	0.10994308	-1.040537	5.340221	1
797	SH3D21	0.16452041	0.032008026	-2.3581374	6.50375	1
808	GRIK3	-1.3096724e-10	0.0042506815	5.4431715	10.111832	1
825	C1orf122	0.9339812	0.6599878	-0.50089	10.474395	1
832	POU3F1	0.007870299	0.059271697	2.8970697	14.670271	1
851	BMP8A	-1.3096724e-10	0.002424047	4.657669	6.7347536	1
854	HEYL	0.08538603	0.24287942	1.5070735	16.298426	1
871	RLF	0.46147928	0.20378084	-1.1788522	12.994997	1
875	COL9A2	0.19014606	0.014413197	-3.7124293	9.4483185	1
881	AL603839.3	-1.3096724e-10	0.002061191	4.433757	5.6304636	1
892	KCNQ4	-1.3096724e-10	0.0068830955	6.125797	17.81267	1
896	CTPS1	0.04844529	0.105033435	1.1148183	5.336426	1
901	AC093151.3	-1.3096724e-10	0.001713142	4.180422	5.0066423	1
922	P3H1	0.7935794	0.20960514	-1.9201941	28.739452	1
930	SLC2A1	0.6932184	0.02342709	-4.8811235	29.919498	1
944	MED8	0.39561847	0.25169867	-0.65220374	5.3724403	1
950	PTPRF	0.23469612	0.07153856	-1.7126002	8.493446	1
960	ATP6V0B	0.93521845	0.55723274	-0.74691874	18.6464	1
961	B4GALT2	0.18433326	0.08714921	-1.0798849	5.0742426	1
972	ARMH1	-1.3096724e-10	0.003087018	4.9941373	8.230779	1
993	AKR1A1	0.60017437	0.3400038	-0.8196471	11.216911	1
994	NASP	0.5862467	0.94354695	0.68649316	14.512247	1
1026	CYP4X1	-1.3096724e-10	0.036185164	8.503238	44.55244	1
1035	CMPK1	0.48334298	0.25754026	-0.90798783	10.594936	1
1052	BEND5	0.2724262	0.08702548	-1.6452281	7.99758	1
1069	RNF11	0.3178899	0.17032304	-0.8998605	6.1824555	1
1081	TXNDC12	0.6251208	0.28482547	-1.1337813	17.578825	1
1094	GPX7	0.5445255	0.19986475	-1.4455189	16.022865	1
1107	AL606760.2	-1.3096724e-10	0.0022520917	4.5558743	5.7009344	1
1128	TMEM59	1.3630977	0.77970475	-0.8058099	34.398705	1
1149	DHCR24	0.034418184	0.114050224	1.7255051	11.195216	1
1152	DHCR24-DT	-1.3096724e-10	0.0024601805	4.6781754	6.274377	1
1164	AC119674.1	-1.3096724e-10	0.0028443786	4.8798933	7.213095	1
1166	PLPP3	0.0587829	0.15334688	1.3818185	9.090006	1
1186	LINC02777	-1.3096724e-10	0.0022000014	4.523565	6.0795584	1
1190	AC093425.1	-1.3096724e-10	0.0019529274	4.3596125	5.2948027	1
1205	TM2D1	0.567244	0.2882218	-0.9765439	12.448021	1
1230	PGM1	0.44301924	0.109221384	-2.0191193	17.488228	1
1231	ROR1	0.02913737	0.14217755	2.2828226	21.057232	1
1232	ROR1-AS1	-1.3096724e-10	0.0036841535	5.241901	9.690061	1
1240	AK4	0.55442935	0.024614964	-4.4878073	33.277576	1
1247	PDE4B	0.27236176	0.015993645	-4.0814905	13.753195	1
1263	GADD45A	0.7180888	0.17249754	-2.0569513	26.522459	1
1267	WLS	0.39972907	0.22093529	-0.8551067	6.5695896	1
1268	RPE65	-1.3096724e-10	0.0037395358	5.2628617	11.155606	1
1332	AC104458.1	-1.3096724e-10	0.0022194474	4.5357113	6.044463	1
1336	PIGK	0.29027	0.07787239	-1.8968571	11.662084	1
1344	NEXN-AS1	-1.3096724e-10	0.006172245	5.970912	15.032065	1
1346	FUBP1	0.4237879	0.28026518	-0.59637564	5.101162	1
1349	AC103591.3	-1.3096724e-10	0.0020108952	4.399785	5.926755	1
1352	PTGFR	-1.3096724e-10	0.018616237	7.5481486	35.998177	1
1376	TTLL7	0.27563712	0.09621078	-1.5175242	9.010047	1
1387	CTBS	0.36351636	0.13043424	-1.4779887	11.304988	1
1395	WDR63	-1.3096724e-10	0.008647997	6.450883	22.396383	1
1396	MCOLN3	-1.3096724e-10	0.011962924	6.914438	29.15812	1
1398	C1orf52	0.30186668	0.16611664	-0.8613245	5.7538123	1
1401	DDAH1	0.009948694	0.042741455	2.0919995	6.276341	1
1405	CCN1	0.19140609	0.41395345	1.1124268	9.348524	1
1416	SH3GLB1	0.82540405	0.56036854	-0.55864185	9.933905	1
1423	LMO4	1.1921566	0.4361982	-1.4503084	27.36422	1
1429	KYAT3	0.2867124	0.1317854	-1.1208225	7.715866	1
1431	GBP3	0.1538122	0.058086105	-1.403361	5.0286508	1
1432	GBP1	0.010312208	0.089789376	3.1098747	33.01007	1
1433	GBP2	0.3238522	0.019590842	-4.0401845	15.328387	1
1436	GBP4	0.47544727	0.008833831	-5.734166	22.237627	1
1445	LRRC8C	0.10460556	0.021311099	-2.2899075	5.386839	1
1447	AC099568.2	-1.3096724e-10	0.00258377	4.746191	6.5826263	1
1463	CDC7	0.028261896	0.07054161	1.3165644	5.0257306	1
1481	CCDC18-AS1	0.36211714	0.18297215	-0.98444235	7.767644	1
1483	FNBP1L	0.74048835	0.49579328	-0.5786423	6.7994704	1
1484	BCAR3	0.18444104	0.045001518	-2.0326939	6.9438834	1
1491	ARHGAP29	0.3873146	0.14332432	-1.4335885	9.055736	1
1499	CNN3	0.7397113	1.0754684	0.5398701	14.393564	1
1544	RTCA	0.36808363	0.16991231	-1.1147863	9.498648	1
1551	VCAM1	0.033118863	0.11883514	1.8401003	10.814631	1
1562	OLFM3	0.014524667	0.046940487	1.6854993	5.1478972	1
1565	COL11A1	0.618626	0.115848415	-2.4158175	20.141851	1
1568	RNPC3	0.3704106	0.13568543	-1.448186	10.4745865	1
1580	NTNG1	0.008360191	0.029785652	1.8206909	5.4651694	1
1581	VAV3	0.03575589	0.12948675	1.8536361	11.54368	1
1608	SARS	0.6873981	0.44052124	-0.64181674	8.294413	1
1609	CELSR2	0.0013791473	0.012576351	3.0993018	9.3046055	1
1620	GNAI3	0.8141307	0.5419402	-0.5870378	11.551507	1
1628	AC000032.1	-1.3096724e-10	0.0019017846	4.323217	5.0261874	1
1631	GSTM3	0.77564234	0.3473586	-1.1587365	24.84667	1
1637	AHCYL1	0.6698702	0.44144526	-0.6015356	8.904034	1
1653	LAMTOR5	1.0023603	0.67414904	-0.57219166	14.175997	1
1665	LRIF1	0.34296367	0.17772691	-0.9480027	6.377716	1
1667	DRAM2	0.31460515	0.096747786	-1.7002097	11.94104	1
1708	SLC16A1	0.4662179	0.10767167	-2.1133358	17.205402	1
1726	SYT6	0.0028455015	0.03917469	3.7370148	22.41737	1
1729	BCAS2	0.43012935	0.24284278	-0.8244893	8.03706	1
1734	SIKE1	0.41610762	0.20835088	-0.9975958	9.297206	1
1739	AL049825.1	-1.3096724e-10	0.0019432112	4.3527684	5.425732	1
1741	NGF	0.020351315	0.0693816	1.7644374	7.340312	1
1747	SLC22A15	0.005308323	0.025242794	2.2283225	5.3939395	1
1752	ATP1A1	0.78696406	0.21829595	-1.849535	28.638065	1
1759	IGSF3	0.20556518	0.05020619	-2.0314896	9.513795	1
1763	PTGFRN	0.29546657	0.15439537	-0.9359194	5.8694973	1
1764	CD101	-1.3096724e-10	0.0030240172	4.9653325	8.058607	1
1778	TBX15	-1.3096724e-10	0.006221123	5.982111	17.5743	1
1790	LINC00622	-1.3096724e-10	0.030341791	8.249911	44.55244	1
1792	PHGDH	0.7175805	0.40116593	-0.8387831	10.595124	1
1798	SEC22B	0.45104632	0.30040988	-0.58618295	5.033669	1
1809	SRGAP2C	0.21523766	0.10633888	-1.0165755	5.2346225	1
1822	LINC02802	0.24983118	0.08325855	-1.584129	8.888708	1
1844	ITGA10	0.20950398	0.03233882	-2.6918728	8.311494	1
1853	TXNIP	1.5925221	0.6126511	-1.3780309	44.55244	1
1925	ANP32E	0.6146314	0.3934697	-0.64333713	7.0481815	1
1928	APH1A	0.5627559	0.3325336	-0.75883174	11.706497	1
1935	ECM1	0.7814458	0.020860402	-5.220592	43.95038	1
1936	FALEC	-1.3096724e-10	0.0031529197	5.0236654	7.9104447	1
1949	CERS2	0.28715092	0.16064326	-0.8375532	5.308504	1
1958	MLLT11	0.64155585	0.38246232	-0.7461051	9.95939	1
1968	PSMD4	0.7292566	0.48892438	-0.576718	9.246704	1
1981	AL365436.2	-1.3096724e-10	0.0017008114	4.170577	5.1882634	1
2004	S100A10	2.1976745	0.32618114	-2.7518559	44.55244	1
2066	S100A6	0.9736513	0.37910533	-1.3605741	16.200394	1
2072	S100A16	0.62858397	0.03520311	-4.1544676	32.927494	1
2076	AL162258.2	-1.3096724e-10	0.0036603508	5.232797	9.756855	1
2080	NPR1	0.24771829	0.04313963	-2.5188565	9.754763	1
2084	SLC27A3	0.62753445	0.15845251	-1.9849638	17.809528	1
2086	AL358472.5	-1.3096724e-10	0.0028693797	4.8920918	7.591164	1
2089	SLC39A1	0.45285025	0.20392859	-1.1505812	12.526373	1
2093	JTB	0.8184976	0.44060048	-0.8933561	17.732681	1
2095	RAB13	1.7038093	0.8913617	-0.93460375	44.55244	1
2100	C1orf43	0.71318537	0.31804273	-1.1648053	19.354343	1
2102	HAX1	0.5241267	0.26406118	-0.9887726	11.492645	1
2123	SHC1	0.52744704	0.35503462	-0.5709339	5.7898107	1
2130	DCST1-AS1	-1.3096724e-10	0.0030284245	4.967366	7.5689793	1
2133	EFNA3	0.10366374	0.017177595	-2.5863283	5.299491	1
2135	SLC50A1	0.2179803	0.098527685	-1.1447948	5.674883	1
2137	KRTCAP2	1.3120089	0.72217226	-0.86127275	32.995583	1
2164	RIT1	0.36959904	0.19315691	-0.93583125	7.5893044	1
2173	LAMTOR2	0.58008087	0.3792328	-0.6130387	7.6180863	1
2176	LMNA	1.1904019	0.70801574	-0.7495129	22.81124	1
2206	CRABP2	0.8877747	0.18802734	-2.2386465	37.096745	1
2258	IFI16	1.0127612	0.58850676	-0.78306043	19.406363	1
2279	TAGLN2	0.66153353	0.33816406	-0.96788263	11.924691	1
2280	IGSF9	-1.3096724e-10	0.00412387	5.4004955	10.015676	1
2287	IGSF8	0.2052975	0.058622338	-1.8064374	7.543042	1
2292	PEA15	0.24373446	0.11370581	-1.0993279	6.2690873	1
2294	AL139011.1	-1.3096724e-10	0.0041677747	5.415414	9.965595	1
2296	COPA	0.8710837	0.51336473	-0.7627117	16.551296	1
2297	NCSTN	0.30462554	0.12533015	-1.2806262	9.2685175	1
2298	NHLH1	-1.3096724e-10	0.0018945016	4.3179584	5.2582994	1
2313	F11R	0.11403394	0.011316123	-3.3215833	7.2350364	1
2314	TSTD1	0.12240292	0.011659822	-3.380878	7.3051805	1
2335	MPZ	-1.3096724e-10	0.00735965	6.221038	19.637856	1
2342	FCGR2A	0.005593303	0.040571265	2.836672	13.40672	1
2354	OLFML2B	-1.3096724e-10	0.06565442	9.360946	44.55244	1
2370	RGS5	0.86017835	0.440383	-0.9657174	9.6604595	1
2375	PBX1	0.20746478	0.51928896	1.3232536	28.40772	1
2376	AL391001.1	-1.3096724e-10	0.003245091	5.0639753	8.179431	1
2377	AL357568.1	-1.3096724e-10	0.0019551665	4.3611856	5.191209	1
2386	MGST3	1.7451885	1.2109026	-0.5272636	33.59979	1
2392	AL358115.1	-1.3096724e-10	0.0028596623	4.8873625	7.195682	1
2414	CREG1	0.40902612	0.10856158	-1.9127035	14.540088	1
2416	RCSD1	0.23942001	0.059125107	-2.0158653	7.4878807	1
2417	MPZL1	0.4810758	0.25741738	-0.90189433	9.398749	1
2423	TIPRL	0.55253494	0.39057368	-0.5003628	5.0391946	1
2437	ATP1B1	0.8535505	0.15808854	-2.4320006	29.160831	1
2452	KIFAP3	0.45339912	0.22137728	-1.033941	9.867572	1
2461	PRRX1	0.39807773	0.14181612	-1.4883739	7.7280984	1
2475	DNM3	0.005512107	0.034322392	2.616733	9.164783	1
2477	DNM3OS	0.16132428	0.56049764	1.7961081	40.63091	1
2478	AL137157.1	-1.3096724e-10	0.0033396892	5.1042085	7.752129	1
2481	SUCO	0.5133484	0.30528054	-0.7496114	8.219346	1
2489	PRDX6	1.6138822	1.0339397	-0.6423331	33.626545	1
2507	RABGAP1L-IT1	-1.3096724e-10	0.0018646176	4.2961783	5.4954963	1
2536	C1orf220	-1.3096724e-10	0.018073862	7.505723	40.37037	1
2537	AL137796.1	-1.3096724e-10	0.0047197547	5.5908895	10.494435	1
2539	RALGPS2	0.04948079	0.13220428	1.4160066	6.588264	1
2554	TOR1AIP2	0.49640125	0.28162917	-0.8174884	9.169998	1
2561	QSOX1	0.58241045	0.064444594	-3.1739159	25.668407	1
2589	RGS16	0.122838266	0.24973416	1.0230367	5.173958	1
2593	NPL	0.0018259102	0.025840351	3.7515857	21.760622	1
2597	LAMC1	0.82165533	0.40670776	-1.0143619	18.308514	1
2605	NCF2	-1.3096724e-10	0.004721152	5.5913076	11.758568	1
2608	RGL1	0.45590916	0.15697363	-1.5376219	14.99542	1
2616	C1orf21	0.80450547	0.20360945	-1.9817686	34.110863	1
2640	PTGS2	0.31705153	0.013248653	-4.570406	16.23615	1
2647	AL691515.1	-1.3096724e-10	0.005226164	5.735027	11.704453	1
2672	RO60	0.6679357	0.38363087	-0.79983056	11.18146	1
2673	GLRX2	0.24731454	0.11075094	-1.1583092	6.043922	1
2674	CDC73	0.45738113	0.27345294	-0.7418922	6.878825	1
2686	CFH	0.27191436	0.09207206	-1.5612813	8.531047	1
2700	LHX9	-1.3096724e-10	0.006890312	6.127287	13.174	1
2725	KIF21B	0.034698654	0.09353793	1.4280615	8.098918	1
2726	AL358473.1	-1.3096724e-10	0.005632596	5.841119	13.757196	1
2728	CACNA1S	-1.3096724e-10	0.0021951734	4.520533	5.5496497	1
2729	ASCL5	-1.3096724e-10	0.0024392426	4.6663284	6.7387056	1
2730	TMEM9	0.44282913	0.19573626	-1.1774279	11.903331	1
2734	TNNT2	0.49420282	9.917103e-05	-11.277171	23.606756	1
2737	TNNI1	0.46724087	0.04636368	-3.3302996	16.354225	1
2738	PHLDA3	0.39673054	0.21919325	-0.85566163	6.4901743	1
2740	CSRP1	0.10024069	0.22533643	1.1678138	9.236921	1
2742	NAV1	0.59689623	0.26974586	-1.1455864	13.160737	1
2761	SYT2	-1.3096724e-10	0.0033111547	5.0921903	8.327054	1
2766	PCAT6	0.20913835	0.03771934	-2.467951	8.926116	1
2769	ADIPOR1	0.2916245	0.13283478	-1.1338879	7.1666145	1
2783	FMOD	0.086613216	0.0028826536	-4.8615837	5.0977454	1
2798	REN	0.005580436	0.05036537	3.1512203	17.300924	1
2809	LRRN2	0.006421271	0.026595172	2.0333538	6.076412	1
2813	NFASC	-1.3096724e-10	0.006840136	6.116894	15.686553	1
2849	AC244034.2	-1.3096724e-10	0.0021183034	4.471387	5.9626303	1
2855	IL10	-1.3096724e-10	0.0025718969	4.7397943	7.127166	1
2865	C4BPB	-1.3096724e-10	0.004008255	5.3604555	10.7457695	1
2877	CD46	0.74853987	0.44854146	-0.73870903	12.288692	1
2879	CD34	-1.3096724e-10	0.015281301	7.2650356	36.089157	1
2896	CAMK1G	-1.3096724e-10	0.028021773	8.135546	44.55244	1
2901	TRAF3IP3	-1.3096724e-10	0.0049349177	5.6538982	13.204477	1
2934	PPP2R5A	0.19588225	0.05604177	-1.8035765	7.57421	1
2940	NENF	0.70118153	0.3851767	-0.86409897	14.1497345	1
2951	NSL1	0.38186938	0.21814722	-0.8074936	6.288296	1
2952	TATDN3	0.17795494	0.04692181	-1.9209206	7.40445	1
2973	KCNK2	-1.3096724e-10	0.0050586937	5.6889358	12.134473	1
2990	TGFB2	0.29931608	0.09460095	-1.6607007	9.39618	1
2999	LYPLAL1-AS1	-1.3096724e-10	0.0024784228	4.688419	7.0491977	1
3001	ZC3H11B	-1.3096724e-10	0.0037072843	5.2506924	9.565295	1
3003	EPRS	0.7280239	0.33336353	-1.126655	16.065617	1
3023	DUSP10	0.108779095	0.014428637	-2.9057558	6.2655764	1
3030	AL513314.2	-1.3096724e-10	0.0029048284	4.9092126	7.6317263	1
3049	CAPN2	0.5555606	0.29421002	-0.91686743	11.323598	1
3053	DEGS1	0.484894	0.3029974	-0.6781854	6.898673	1
3057	CNIH4	0.57007974	0.34610775	-0.7197789	9.317006	1
3069	ENAH	0.6215633	0.43255198	-0.52292657	5.9289894	1
3081	AL512343.2	-1.3096724e-10	0.0021172357	4.470692	5.2472305	1
3084	ACBD3	0.8363618	0.41086978	-1.0252675	22.975668	1
3088	PARP1	0.35470906	0.5881077	0.7292829	12.019557	1
3090	STUM	-1.3096724e-10	0.0090606	6.517372	22.11953	1
3099	AL353689.3	-1.3096724e-10	0.0019311105	4.3441987	5.347596	1
3113	ARF1	1.4179574	0.78391635	-0.8549603	35.24605	1
3115	MRPL55	0.37894166	0.22316183	-0.7636198	6.132838	1
3117	GUK1	1.9819388	1.0415267	-0.92814684	44.55244	1
3121	OBSCN-AS1	0.0013791473	0.015923062	3.4373124	14.013957	1
3123	AL353593.1	-1.3096724e-10	0.010498078	6.7276607	24.313082	1
3135	RNF187	0.5246178	0.2900719	-0.8546339	10.319322	1
3142	RAB4A	0.48709002	0.3309911	-0.5572564	5.435261	1
3155	GALNT2	0.40854484	0.13094296	-1.6408077	14.226632	1
3168	AL118511.1	-1.3096724e-10	0.0020098204	4.39905	5.732728	1
3180	EGLN1	0.3427322	0.094482645	-1.8578551	13.554783	1
3186	DISC1-IT1	-1.3096724e-10	0.0019457809	4.354582	5.770878	1
3189	SIPA1L2	0.14015901	0.28302774	1.0133594	8.4996395	1
3215	IRF2BP2	0.73172474	0.2896319	-1.3367797	21.879457	1
3231	TOMM20	1.4869392	1.0036948	-0.5669783	23.743654	1
3248	EDARADD	-1.3096724e-10	0.0062243873	5.982856	16.395668	1
3255	MTR	0.489308	0.2513131	-0.9609779	12.090427	1
3268	CHRM3	-1.3096724e-10	0.069152735	9.435729	44.55244	1
3269	CHRM3-AS2	-1.3096724e-10	0.03724345	8.544713	44.55244	1
3286	KMO	-1.3096724e-10	0.0018684036	4.298956	5.058444	1
3298	CEP170	0.71926624	0.48295286	-0.5745455	8.555751	1
3316	DESI2	0.48927024	0.25916123	-0.9165199	10.487345	1
3320	COX20	0.5984969	0.33443624	-0.8394224	10.776789	1
3323	AL356512.1	-1.3096724e-10	0.0030934212	4.997033	7.923803	1
3350	AL390728.5	-1.3096724e-10	0.0046409895	5.567118	11.750397	1
3414	ALKAL2	-1.3096724e-10	0.0041746227	5.417727	8.887588	1
3445	PXDN	1.3067757	0.8822957	-0.56662416	15.581387	1
3463	ADI1	0.2071866	0.33215806	0.68067724	6.1137323	1
3470	COLEC11	1.0450962	0.035883192	-4.8603067	35.183174	1
3496	RNF144A-AS1	0.002144539	0.016929584	2.923552	8.207189	1
3497	RNF144A	0.026090764	0.09122715	1.8019857	9.937424	1
3513	ID2	0.8640072	0.24724309	-1.8046967	23.903425	1
3515	MBOAT2	0.26154542	0.09890987	-1.4019686	8.93711	1
3521	ITGB1BP1	0.58599734	0.355523	-0.7207919	10.243936	1
3526	AC073195.1	-1.3096724e-10	0.00471767	5.5902658	11.783623	1
3545	ODC1	0.38300863	0.1541171	-1.3127906	10.440997	1
3549	RN7SL832P	-1.3096724e-10	0.0029318826	4.922144	7.57165	1
3553	PDIA6	2.2875578	1.5136904	-0.5957058	40.75963	1
3610	VSNL1	0.0883222	0.0037800525	-4.5102606	5.445527	1
3622	LINC01376	-1.3096724e-10	0.0024135301	4.651645	6.3250284	1
3623	OSR1	0.016012168	0.062192515	1.9509083	7.7776403	1
3638	RHOB	0.22991182	0.4221289	0.8763172	8.869327	1
3645	AC012065.4	-1.3096724e-10	0.0042644674	5.4477353	11.583906	1
3687	AC012073.1	-1.3096724e-10	0.0021217382	4.473619	5.64646	1
3703	HADHB	0.71193	0.4894821	-0.5403873	8.302695	1
3724	AC013403.2	-1.3096724e-10	0.0029130122	4.9131365	7.4236236	1
3726	EMILIN1	1.1647782	0.40394738	-1.5275829	32.631157	1
3729	ABHD1	-1.3096724e-10	0.0022746818	4.5696645	5.905992	1
3734	ATRAID	1.1162049	0.50458366	-1.1452798	37.00533	1
3765	FOSL2	0.16633603	0.026533244	-2.6436677	8.1044	1
3772	PPP1CB	0.59043556	0.35175177	-0.7470563	9.733995	1
3786	YPEL5	0.4905982	0.31021604	-0.6610977	7.253571	1
3787	LBH	0.2583849	0.5186362	1.0049211	15.697749	1
3803	DPY30	0.567816	0.30869454	-0.87903047	11.491252	1
3819	LTBP1	0.6049002	0.025734773	-4.5495496	28.684387	1
3823	FAM98A	0.3887349	0.18019815	-1.1087731	9.527221	1
3842	CEBPZOS	0.30040827	0.12913895	-1.2173637	8.369052	1
3849	QPCT	0.15699561	0.012717888	-3.6154125	6.9165473	1
3886	SLC8A1	0.05881473	0.14451437	1.2955105	8.307302	1
3894	C2orf91	-1.3096724e-10	0.002332142	4.6041574	6.0402966	1
3899	COX7A2L	1.1312381	0.6832574	-0.727318	20.513277	1
3909	AC010883.3	-1.3096724e-10	0.0030498416	4.9772096	7.8620553	1
3914	PLEKHH2	0.06055093	0.18916452	1.6418023	16.228415	1
3923	PREPL	0.30025232	0.15470216	-0.95623004	6.619027	1
3955	MCFD2	0.79523355	0.39637026	-1.0043474	21.527082	1
3983	NRXN1	0.14472102	0.40027466	1.4670796	18.519918	1
3986	AC007682.1	-1.3096724e-10	0.005180228	5.7225304	11.985857	1
3996	ERLEC1	0.7967643	0.37610686	-1.082808	23.563913	1
4003	SPTBN1	1.7756999	0.95465714	-0.8952632	41.93649	1
4007	EML6	-1.3096724e-10	0.06775662	9.406348	44.55244	1
4010	RTN4	1.5828717	0.8615282	-0.87749803	44.55244	1
4017	CFAP36	0.4377548	0.22240266	-0.9766299	9.000328	1
4026	CCDC85A	-1.3096724e-10	0.046117283	8.85229	44.55244	1
4033	LINC01122	-1.3096724e-10	0.008471045	6.421401	20.077654	1
4077	UGP2	0.54945356	0.2918366	-0.91260517	10.661972	1
4085	LGALSL-DT	-1.3096724e-10	0.0024483837	4.6715126	6.7839904	1
4088	AC008074.2	-1.3096724e-10	0.0021072624	4.464188	5.7674365	1
4099	RAB1A	0.75742966	0.44469756	-0.7681536	16.243898	1
4111	MEIS1	0.058378037	0.40354756	2.7871292	44.55244	1
4112	MEIS1-AS2	0.0025167565	0.042589534	4.028031	30.41452	1
4113	LINC01798	-1.3096724e-10	0.007104434	6.170815	15.780943	1
4118	LINC01828	-1.3096724e-10	0.0021968682	4.5215983	6.184558	1
4119	LINC01829	-1.3096724e-10	0.0058410517	5.892648	13.711147	1
4122	LINC02831	-1.3096724e-10	0.0024479674	4.671277	6.595791	1
4123	AC007422.1	-1.3096724e-10	0.0022561287	4.5583487	6.2991867	1
4130	AC017083.2	-1.3096724e-10	0.0039783055	5.3499	10.406354	1
4146	GFPT1	0.49128088	0.20234734	-1.279295	13.575763	1
4149	ANXA4	0.28780997	0.1281942	-1.1661618	7.2440257	1
4154	ASPRV1	-1.3096724e-10	0.001795365	4.2444057	5.372422	1
4161	PCYOX1	0.6041531	0.34850028	-0.7935794	11.326889	1
4183	MCEE	0.12927	0.041735288	-1.6287109	5.0945396	1
4185	MPHOSPH10	0.5883113	0.37752166	-0.6398835	7.7415905	1
4217	ACTG2	-1.3096724e-10	0.041515514	8.700979	44.55244	1
4218	DGUOK	0.82752794	0.5675979	-0.5438588	10.372232	1
4227	MTHFD2	0.6009479	0.15103272	-1.991664	18.47722	1
4233	WDR54	0.45148912	0.10343197	-2.1249344	21.951517	1
4236	WBP1	0.38155013	0.22632547	-0.7532145	6.0670867	1
4250	LOXL3	0.61667883	0.042747464	-3.8474715	31.30309	1
4257	HK2	0.16427632	0.0134896925	-3.5964177	10.2182865	1
4264	EVA1A	0.010269896	0.108333215	3.3863335	42.34832	1
4308	SUCLG1	0.50867414	0.3464582	-0.5539279	5.5345397	1
4313	KCMF1	0.4179387	0.2520199	-0.72952646	6.4866533	1
4315	TCF7L1	0.21236646	0.36747628	0.79080856	8.789914	1
4317	TGOLN2	0.6444211	0.3403849	-0.92063683	14.041642	1
4325	MAT2A	0.36975312	0.58299065	0.6567678	10.038781	1
4327	VAMP8	0.02074758	0.06409446	1.622569	6.572661	1
4329	RNF181	0.91618234	0.41928747	-1.1275085	27.675806	1
4337	ST3GAL5	0.16237874	0.036933403	-2.133352	6.8514194	1
4347	KDM3A	0.45410955	0.1576597	-1.5256294	15.297887	1
4358	AC068279.2	-1.3096724e-10	0.005182589	5.723175	13.326216	1
4360	LINC01943	-1.3096724e-10	0.012357685	6.960894	32.31262	1
4361	CYTOR	0.15859544	0.6366504	2.0044672	44.55244	1
4377	IGKC	0.20737205	6.891332e-05	-10.262418	9.408411	1
4470	MRPS5	0.51980686	0.35687086	-0.54244703	5.5209823	1
4485	ADRA2B	-1.3096724e-10	0.006706958	6.08894	17.525925	1
4495	ITPRIPL1	-1.3096724e-10	0.011298911	6.832754	28.318533	1
4501	FER1L5	-1.3096724e-10	0.0039061785	5.3241568	9.0286045	1
4533	ZAP70	-1.3096724e-10	0.0069914013	6.1480007	18.38658	1
4540	COA5	0.32316712	0.19602868	-0.7209262	5.2354765	1
4542	MGAT4A	0.008616414	0.06829465	2.972077	24.91223	1
4544	KIAA1211L	0.0020655142	0.013023749	2.5993984	5.3949714	1
4557	AFF3	0.0057639075	0.09359985	3.9981124	44.55244	1
4570	AC092168.2	-1.3096724e-10	0.0020504284	4.426554	6.1675053	1
4577	RNF149	0.26817605	0.13342005	-1.0066618	5.170771	1
4579	RFX8	-1.3096724e-10	0.0030968376	4.9985757	9.229436	1
4587	IL1R1	0.16892074	0.024763806	-2.7650814	8.193803	1
4637	NCK2	0.5354198	0.2863688	-0.9025621	9.638709	1
4659	SLC5A7	-1.3096724e-10	0.060404897	9.240911	44.55244	1
4664	SULT1C4	0.111378916	0.26329347	1.2404487	12.91463	1
4667	LIMS1	1.4840168	0.8108653	-0.8718925	26.360712	1
4683	MTLN	0.22310849	0.10564849	-1.0777547	5.7543497	1
4692	MIR4435-2HG	0.10990524	0.5328783	2.2765045	44.55244	1
4694	BCL2L11	0.052714784	0.121730596	1.2058628	6.3391194	1
4696	AC108463.3	0.0026822265	0.13750722	5.6281724	44.55244	1
4698	AC068491.3	0.01112409	0.07875813	2.812661	26.658083	1
4702	AC017002.1	-1.3096724e-10	0.0018877807	4.3130884	5.5408278	1
4707	TMEM87B	0.29685727	0.090188675	-1.7176384	10.085866	1
4711	AC092645.2	-1.3096724e-10	0.003883865	5.3160987	9.616288	1
4712	ZC3H6	0.31263366	0.100515194	-1.6360862	9.763032	1
4720	SLC20A1	0.30286258	0.07243908	-2.062309	10.707858	1
4733	PSD4	-1.3096724e-10	0.0018115698	4.2566876	5.43444	1
4743	PGM5P4-AS1	-1.3096724e-10	0.02357569	7.8872647	44.55244	1
4751	AC104653.1	-1.3096724e-10	0.003208983	5.048318	8.117181	1
4771	INSIG2	0.48273963	0.07991999	-2.5931118	21.218208	1
4785	CFAP221	-1.3096724e-10	0.011489692	6.8567004	27.413193	1
4793	INHBB	-1.3096724e-10	0.002145041	4.488672	5.7143507	1
4808	AC011246.1	-1.3096724e-10	0.009323032	6.558121	21.78658	1
4822	GYPC	1.0666924	0.70859087	-0.59005105	16.24211	1
4826	AC012508.1	-1.3096724e-10	0.002053764	4.42879	5.719917	1
4847	AC012306.3	-1.3096724e-10	0.0071288757	6.175701	18.44719	1
4862	MZT2B	1.4673574	0.9306223	-0.6568959	34.672737	1
4887	MZT2A	0.9086657	0.47130722	-0.9469345	21.365995	1
4903	LYPD1	-1.3096724e-10	0.023022879	7.853179	44.55244	1
4912	MGAT5	0.21669567	0.09804877	-1.1432939	5.371134	1
4926	DARS	0.74416304	0.37619358	-0.98395395	16.324396	1
4929	CXCR4	0.23899767	0.07809666	-1.6124213	5.5630875	1
4930	THSD7B	-1.3096724e-10	0.032426998	8.345496	44.55244	1
4946	LRP1B	0.018871296	0.1023998	2.433731	14.550212	1
4981	KIF5C	0.031924073	0.13178669	2.0420702	18.817717	1
4983	LYPD6B	-1.3096724e-10	0.0021949387	4.5203857	5.677007	1
4986	MMADHC	0.4995606	0.23288994	-1.1006808	12.202107	1
4992	RND3	0.94507825	0.3099674	-1.6080047	30.640316	1
5004	NEB	-1.3096724e-10	0.004326523	5.468104	11.311175	1
5035	GALNT5	0.1096383	0.004883803	-4.4606767	7.338444	1
5066	RBMS1	1.1552643	0.5488256	-1.0736651	34.456303	1
5077	DPP4	-1.3096724e-10	0.003333857	5.10176	7.3818884	1
5096	CSRNP3	0.12185147	0.2830031	1.2150203	12.397151	1
5102	TTC21B-AS1	-1.3096724e-10	0.0027439469	4.8298244	6.879057	1
5106	SCN7A	0.0057968926	0.026636047	2.1807594	5.4143887	1
5111	B3GALT1	-1.3096724e-10	0.022003464	7.7881308	44.55244	1
5127	PHOSPHO2	0.018725201	0.05911956	1.6534085	5.8352547	1
5128	KLHL23	0.1033007	0.32793835	1.6656185	22.352585	1
5130	METTL5	0.501032	0.27557623	-0.8622158	10.332523	1
5138	AC007405.3	0.12103387	0.009257737	-3.694299	6.9607563	1
5144	GORASP2	0.39252812	0.21822838	-0.84666365	7.219656	1
5148	CYBRD1	0.23601083	0.11053729	-1.0936265	5.3763986	1
5163	PDK1	0.3960467	0.0575669	-2.7802193	21.026575	1
5177	CIR1	0.5910524	0.40157974	-0.55748457	6.8110957	1
5182	WIPF1	0.19481441	0.082180895	-1.2442113	5.759021	1
5192	LNPK	0.3075062	0.16278015	-0.9172737	6.353025	1
5194	HOXD13	-1.3096724e-10	0.010932502	6.7856183	26.79462	1
5196	HOXD11	0.003012543	0.0609897	4.2947636	42.251408	1
5197	HOXD10	-1.3096724e-10	0.02691042	8.077374	44.55244	1
5198	HOXD-AS2	-1.3096724e-10	0.10436809	10.028849	44.55244	1
5199	HOXD9	-1.3096724e-10	0.04457355	8.803279	44.55244	1
5200	HOXD8	0.004951197	0.059967514	3.5718877	32.151825	1
5201	HOXD3	-1.3096724e-10	0.011457686	6.8527107	26.453886	1
5202	HOXD4	-1.3096724e-10	0.008690966	6.4579515	21.190924	1
5205	HAGLROS	-1.3096724e-10	0.0022438683	4.550822	6.2399807	1
5208	LINC01117	-1.3096724e-10	0.013116021	7.046146	30.42339	1
5212	LINC01116	0.014247936	0.13741879	3.2607138	44.55244	1
5218	NFE2L2	0.6960053	0.42892593	-0.69824076	11.128575	1
5228	PDE11A	-1.3096724e-10	0.015748886	7.3082395	37.248898	1
5234	PRKRA	0.3760942	0.20461492	-0.87786126	6.457235	1
5236	FKBP7	0.6517854	0.22288035	-1.5477018	22.966553	1
5237	PLEKHA3	0.40321895	0.22334032	-0.85203165	8.145131	1
5239	TTN	0.42748845	0.046448205	-3.1994252	18.717783	1
5241	AC009948.2	-1.3096724e-10	0.0046784063	5.5784597	12.140949	1
5244	AC010680.4	-1.3096724e-10	0.004374482	5.4836507	11.570978	1
5245	AC010680.5	-1.3096724e-10	0.001990728	4.3859353	5.3484144	1
5257	AC068196.1	-1.3096724e-10	0.001881116	4.3082433	5.2054806	1
5260	ITGA4	0.15648624	0.6051184	1.9504985	44.55244	1
5268	PDE1A	0.020301625	0.20846245	3.3537235	44.55244	1
5270	DNAJC10	0.51228976	0.34089178	-0.58750486	5.462921	1
5271	FRZB	0.09413119	0.35430855	1.9111367	25.012688	1
5276	AC021851.1	-1.3096724e-10	0.003084405	4.992954	8.072594	1
5297	AC007319.1	-1.3096724e-10	0.0022486271	4.5537477	5.769343	1
5299	TFPI	1.2189367	0.6871028	-0.8269337	19.946459	1
5305	COL5A2	1.6465929	1.0444093	-0.6567462	31.760794	1
5309	SLC40A1	0.07934347	0.2554187	1.6854281	22.335629	1
5315	AC013468.1	-1.3096724e-10	0.0020762195	4.443754	5.7510095	1
5340	CAVIN2	0.094295524	0.00704719	-3.7232707	5.4199214	1
5357	SLC39A10	0.41186598	0.25398272	-0.69722694	5.6259885	1
5359	STK17B	0.07977679	0.2774006	1.7966425	17.693611	1
5360	AC114760.2	0.010653957	0.038381334	1.8392913	5.6671815	1
5361	HECW2	0.26684695	0.07916715	-1.751758	8.719165	1
5362	HECW2-AS1	0.0022010254	0.022207772	3.2771976	13.151817	1
5367	PGAP1	0.43171614	0.19136116	-1.1733654	10.128469	1
5376	MOB4	0.5172104	0.33665133	-0.61934674	6.54179	1
5382	PLCL1	0.02762653	0.23699345	3.0961168	44.55244	1
5383	AC011997.2	-1.3096724e-10	0.0067572324	6.0995564	17.070202	1
5392	FTCDNL1	-1.3096724e-10	0.0025204765	4.711759	7.072238	1
5458	NRP2	0.1499423	0.705131	2.2327268	44.55244	1
5464	AC007383.3	-1.3096724e-10	0.0045734993	5.546433	11.621275	1
5468	ZDBF2	0.2963471	0.14979121	-0.9838589	6.178897	1
5527	IKZF2	0.004118452	0.02246949	2.4195883	6.9275146	1
5528	AC079610.1	-1.3096724e-10	0.002116294	4.4700794	5.1900325	1
5550	LINC00607	-1.3096724e-10	0.0022888482	4.578245	6.8459377	1
5551	LINC01614	-1.3096724e-10	0.0045897504	5.551441	12.334372	1
5569	IGFBP2	2.6755743	0.7392695	-1.855535	44.55244	1
5583	DIRC3	0.0027422418	0.06941579	4.61224	44.55244	1
5585	AC010136.1	-1.3096724e-10	0.00900723	6.5089426	21.157143	1
5594	TMBIM1	0.14301215	0.036035825	-1.9856443	5.6819406	1
5631	RETREG2	0.25862315	0.13040416	-0.9873132	6.0301924	1
5634	ABCB6	0.14293925	0.030804753	-2.2105105	6.8889227	1
5636	ANKZF1	0.20101835	0.0933021	-1.1065178	5.252297	1
5642	PTPRN	0.21241486	0.0007251996	-8.008605	12.060617	1
5649	SPEG	0.14433336	0.0210968	-2.7684858	6.690905	1
5655	CHPF	1.1221845	0.13910976	-3.0111063	44.55244	1
5658	OBSL1	0.34915334	0.15602344	-1.1615866	7.5279155	1
5660	INHA	0.082071654	0.0009844113	-6.243657	5.8170786	1
5674	EPHA4	0.028005645	0.15288256	2.4444354	20.381094	1
5680	SGPP2	-1.3096724e-10	0.0067207813	6.091867	16.588022	1
5683	ACSL3	0.74040824	0.38217536	-0.9539037	15.603573	1
5688	SCG2	0.35668483	0.023723194	-3.9046156	8.313378	1
5693	SERPINE2	1.970982	0.21069574	-3.22507	44.55244	1
5694	FAM124B	-1.3096724e-10	0.0020731036	4.441687	6.0943604	1
5698	DOCK10	-1.3096724e-10	0.06101726	9.255438	44.55244	1
5702	IRS1	0.16755088	0.03751998	-2.155889	7.319934	1
5709	MFF	0.51338315	0.29831752	-0.7829848	8.997645	1
5729	PID1	0.04373037	0.12736654	1.5401158	8.673488	1
5744	ITM2C	2.026552	1.3405664	-0.596148	43.511047	1
5756	AC017104.1	-1.3096724e-10	0.0030685845	4.9857683	8.365841	1
5761	AC017104.6	-1.3096724e-10	0.0020771327	4.4443593	6.5236163	1
5782	EIF4E2	0.6953591	0.47934082	-0.5366131	7.557601	1
5819	ARL4C	0.1455901	0.009123329	-3.9814713	6.189108	1
5838	COPS8	0.55042243	0.2597889	-1.0829064	13.14656	1
5849	LRRFIP1	0.5591687	0.325457	-0.7806314	8.779084	1
5852	RAMP1	0.15733787	0.018766863	-3.060856	6.3564386	1
5917	PPP1R7	0.42957753	0.2648288	-0.6976496	7.0588646	1
5919	HDLBP	1.3168374	0.8125869	-0.6964153	27.385944	1
5969	CRBN	0.44341493	0.27279964	-0.70061225	6.4308696	1
5978	ITPR1	0.052913923	0.1385976	1.3874995	9.238757	1
5979	EGOT	-1.3096724e-10	0.0020880655	4.451586	5.4574137	1
5982	BHLHE40	0.22311151	0.023312198	-3.2530792	11.693448	1
6014	THUMPD3	0.3269439	0.19135	-0.77251655	5.1250634	1
6023	TADA3	0.39187106	0.23852558	-0.7159983	5.567474	1
6024	ARPC4	0.7201584	0.5072693	-0.50547826	7.775819	1
6032	CRELD1	0.31306127	0.14774705	-1.0828003	7.778937	1
6037	EMC3	0.4171553	0.23908924	-0.8027779	7.5744534	1
6049	SEC13	0.5336598	0.3240746	-0.7194198	8.021853	1
6057	SLC6A1	-1.3096724e-10	0.0031923568	5.0410504	9.876	1
6065	AC022001.3	-1.3096724e-10	0.0019322798	4.345029	5.6033406	1
6069	PPARG	0.09599598	0.30092633	1.6473416	20.806442	1
6083	FBLN2	0.77447593	0.018805262	-5.356547	39.393913	1
6098	CCDC174	0.3280629	0.18629237	-0.8160692	5.1021705	1
6103	FGD5	0.024203146	0.069360875	1.5150576	5.665931	1
6110	SH3BP5	0.23335817	0.08666361	-1.4280021	6.908539	1
6125	RFTN1	0.051195107	0.11476604	1.1630592	5.1349945	1
6126	AC090948.1	-1.3096724e-10	0.002029152	4.412209	5.9160166	1
6145	KCNH8	-1.3096724e-10	0.0035107927	5.174246	8.66738	1
6148	RAB5A	0.48678434	0.2548841	-0.93317187	10.315334	1
6173	NGLY1	0.23275131	0.11674299	-0.9948377	5.196243	1
6176	AC099754.1	-1.3096724e-10	0.0023454432	4.612026	6.412316	1
6177	LRRC3B	0.006369893	0.042781018	2.7285254	10.596444	1
6178	NEK10	-1.3096724e-10	0.009363493	6.564303	23.83975	1
6196	TGFBR2	0.7402207	0.22366342	-1.7261763	24.458704	1
6201	OSBPL10-AS1	-1.3096724e-10	0.0016679154	4.143979	5.161756	1
6213	GLB1	0.39260107	0.15016612	-1.3859116	10.91212	1
6214	TMPPE	-1.3096724e-10	0.0018103337	4.2557545	5.190261	1
6215	CRTAP	1.0519966	0.66815245	-0.654802	17.743755	1
6231	DCLK3	-1.3096724e-10	0.0017183768	4.1845813	5.2163396	1
6245	CTDSPL	0.31927288	0.14571883	-1.1310648	8.074928	1
6247	PLCD1	0.11606398	0.019129677	-2.5947564	6.0490727	1
6266	AC092053.3	-1.3096724e-10	0.0020363538	4.417081	5.8299437	1
6278	AC099332.1	-1.3096724e-10	0.0028356018	4.8755865	6.9473176	1
6283	EIF1B	1.1556797	0.79218864	-0.5447684	14.619266	1
6285	ENTPD3	-1.3096724e-10	0.010902299	6.781663	24.210678	1
6353	TMEM42	0.14104025	0.036577307	-1.9441698	6.1213946	1
6374	CCR1	-1.3096724e-10	0.031951148	8.324234	44.55244	1
6378	CCRL2	-1.3096724e-10	0.0031942797	5.041893	9.4943495	1
6404	AC112512.1	-1.3096724e-10	0.0027232051	4.819264	7.4105153	1
6419	SHISA5	0.5327269	0.28515482	-0.90141577	11.726802	1
6420	PFKFB4	0.26528868	0.011849611	-4.473071	16.40576	1
6439	P4HTM	0.19488215	0.05460885	-1.833496	7.248403	1
6441	DALRD3	0.28581294	0.12555197	-1.1861426	7.636856	1
6442	NDUFAF3	0.72942966	0.3572335	-1.0296955	19.012573	1
6487	GNAI2	1.2128725	0.8479054	-0.5164015	15.685077	1
6497	HYAL2	0.59212416	0.2821818	-1.0690074	14.380702	1
6499	RASSF1	0.16998889	0.05633111	-1.5917262	5.255638	1
6519	TEX264	0.27973855	0.1581735	-0.8221749	5.058554	1
6534	ABHD14A	0.2761954	0.14718626	-0.90758866	5.384904	1
6543	TWF2	0.29075816	0.16051221	-0.8567342	5.085127	1
6549	DNAH1	-1.3096724e-10	0.005164354	5.7181864	13.67719	1
6552	SEMA3G	-1.3096724e-10	0.0032494816	5.065868	9.1801605	1
6553	TNNC1	0.22174698	0.0022969758	-6.5322056	14.144258	1
6555	STAB1	-1.3096724e-10	0.0038019437	5.286123	9.730166	1
6560	GLT8D1	0.53032124	0.24162178	-1.1337911	13.974846	1
6561	SPCS1	1.2859077	0.7802022	-0.7207944	29.197348	1
6581	SELENOK	0.73001534	0.46659103	-0.6456567	10.500742	1
6605	IL17RD	0.0020771206	0.053165507	4.6127086	44.55244	1
6607	APPL1	0.5194348	0.3490877	-0.57321787	5.213309	1
6613	ARF4	1.0808494	0.72244316	-0.5811433	16.686546	1
6628	PDHB	0.44248435	0.30286303	-0.5468106	5.1184626	1
6644	PTPRG	0.19260153	0.45252454	1.2319467	21.529484	1
6671	ADAMTS9	0.10246639	0.20301326	0.98572636	6.689427	1
6673	ADAMTS9-AS2	0.08754585	0.006709954	-3.6859689	5.722122	1
6677	MAGI1-IT1	-1.3096724e-10	0.0028733928	4.89404	7.529723	1
6693	TMF1	0.7390991	0.33521864	-1.1404305	19.640629	1
6695	ARL6IP5	1.0471509	0.4846356	-1.1113372	33.051746	1
6697	FRMD4B	0.47173116	0.052896064	-3.1543136	21.744102	1
6701	SAMMSON	-1.3096724e-10	0.002362	4.621761	6.577042	1
6705	FOXP1	0.39607367	0.56104887	0.5022507	5.44705	1
6710	AC097634.1	-1.3096724e-10	0.0076841568	6.2824707	20.464006	1
6728	PPP4R2	0.5717352	0.40269145	-0.5055665	5.5483866	1
6734	CNTN3	-1.3096724e-10	0.012692052	6.999106	27.130793	1
6745	ROBO1	0.51876736	0.31993565	-0.69713324	6.9642053	1
6746	AC117461.1	-1.3096724e-10	0.0025670328	4.7371655	6.1978917	1
6754	GBE1	0.48916003	0.033981897	-3.8435237	28.011791	1
6769	VGLL3	-1.3096724e-10	0.006655789	6.0780544	17.662067	1
6771	CHMP2B	0.39524636	0.23702657	-0.7374598	6.5295777	1
6781	PROS1	0.43307778	0.09022877	-2.2617016	20.405207	1
6790	EPHA6	-1.3096724e-10	0.006517172	6.048145	14.722477	1
6811	CLDND1	0.48390538	0.26325548	-0.8780116	10.069413	1
6818	DCBLD2	0.1687195	0.39898592	1.2412177	18.151798	1
6820	LINC00973	-1.3096724e-10	0.0018515169	4.2865257	5.5988526	1
6827	FILIP1L	0.030962547	0.30947584	3.3170447	44.55244	1
6829	TBC1D23	0.2634455	0.12346956	-1.0927285	6.2207446	1
6833	TMEM45A	0.5823057	0.09891661	-2.556282	25.851461	1
6835	TFG	0.85706747	0.46571243	-0.8798281	20.845741	1
6837	IMPG2	-1.3096724e-10	0.0067157825	6.0908093	16.680698	1
6840	PCNP	0.69166857	0.40013978	-0.78942496	13.3149185	1
6869	CD47	0.4266142	0.14299095	-1.5763377	14.375802	1
6889	NECTIN3-AS1	-1.3096724e-10	0.011185439	6.8183208	27.94197	1
6922	BOC	0.041004173	0.13566115	1.723714	12.438807	1
6927	SIDT1	-1.3096724e-10	0.0073061	6.210644	20.155651	1
6954	GAP43	0.18522672	0.034818146	-2.408022	5.2307534	1
6956	LSAMP	0.859093	0.3363684	-1.3525113	22.710224	1
6974	TMEM39A	0.252461	0.09316149	-1.4372783	8.3511095	1
6977	TIMMDC1	0.40783083	0.26029193	-0.6476398	5.214169	1
6980	ADPRH	-1.3096724e-10	0.0037322792	5.260133	10.475333	1
6985	MAATS1	-1.3096724e-10	0.002503207	4.70222	5.7810574	1
6993	FSTL1	1.4294918	0.7767074	-0.8799743	29.090267	1
6995	NDUFB4	1.2608962	0.8034964	-0.65002084	23.205452	1
7007	HCLS1	0.003012543	0.027641809	3.1558962	11.426791	1
7016	CCDC58	0.20029642	0.09374102	-1.0945661	5.1935234	1
7017	FAM162A	1.852525	0.33339274	-2.4738438	44.55244	1
7029	SEMA5B	0.047104232	0.19098681	2.01724	23.343744	1
7030	PDIA5	0.22970541	0.06271349	-1.8712665	8.599988	1
7033	ADCY5	0.01711535	0.055810302	1.6994187	5.6706467	1
7035	HACD2	0.041045073	0.1020629	1.3120799	6.5096755	1
7037	MYLK	0.038896754	0.2630764	2.754604	44.55244	1
7052	SNX4	0.3843694	0.18557318	-1.0501033	9.2890625	1
7067	AC079848.2	-1.3096724e-10	0.0038868233	5.3171697	9.648417	1
7094	PODXL2	0.15485579	0.043097533	-1.8428358	5.791716	1
7096	MGLL	0.35102835	0.09100733	-1.9463594	11.56407	1
7110	RPN1	0.5086456	0.2965425	-0.7782192	8.509902	1
7111	RAB7A	0.62954676	0.36018813	-0.8053916	12.493166	1
7112	AC112484.3	-1.3096724e-10	0.0027624024	4.8391566	7.13271	1
7116	KIAA1257	-1.3096724e-10	0.0029500285	4.9307528	7.6170373	1
7128	H1FX-AS1	0.002157647	0.0142141115	2.6645463	5.8703156	1
7142	LINC02021	-1.3096724e-10	0.0022233475	4.538135	5.76028	1
7155	AC107027.3	-1.3096724e-10	0.0031026131	5.0011797	7.8028545	1
7185	CEP63	0.35294172	0.21043104	-0.7458057	5.4527807	1
7228	AC024933.1	-1.3096724e-10	0.0024141022	4.6519732	6.9432654	1
7229	COPB2	0.8236343	0.532933	-0.62795424	12.244521	1
7233	RBP1	0.37986037	0.20206933	-0.91028476	6.2436	1
7238	CLSTN2	0.0040303874	0.026078103	2.6640117	6.074772	1
7244	SLC25A36	0.76569766	0.34336367	-1.1568058	22.530546	1
7257	ATP1B3	0.61844367	0.4238789	-0.544883	6.4576483	1
7275	CHST2	0.07497317	0.42768785	2.5105262	44.55244	1
7281	DIPK2A	0.27354342	0.08774155	-1.6393217	8.426259	1
7287	PLOD2	0.87098193	0.14267832	-2.6090314	37.106102	1
7308	AGTR1	0.015297917	0.15554284	3.3374321	41.130672	1
7309	CPB1	-1.3096724e-10	0.017953962	7.4961734	37.15883	1
7314	HLTF	0.52369934	0.26348454	-0.9907487	11.350598	1
7316	HPS3	0.162589	0.05445888	-1.5762308	5.868094	1
7320	TM4SF18	0.0015507364	0.022509983	3.7757783	20.8174	1
7321	TM4SF1	0.978684	0.050632566	-4.2700067	35.109657	1
7325	WWTR1	1.2703601	0.31721485	-2.0013642	44.55244	1
7331	PFN2	0.55275524	0.3840026	-0.5254101	5.7206473	1
7340	SERP1	1.0342888	0.6494357	-0.67129785	19.327454	1
7341	EIF2A	0.53233486	0.31541875	-0.75487936	8.665881	1
7346	SIAH2	0.18268333	0.048088007	-1.9233884	6.3670745	1
7366	MBNL1	0.6007293	0.32669917	-0.8785509	11.3283825	1
7371	P2RY1	0.39751893	0.063894175	-2.6353738	16.00719	1
7373	RAP2B	0.59689516	0.3966134	-0.58962226	5.7311153	1
7379	ARHGEF26-AS1	-1.3096724e-10	0.0024794806	4.6890106	6.191723	1
7400	KCNAB1	0.00812257	0.04567806	2.4769952	11.42041	1
7405	SSR3	1.4172838	0.78162885	-0.8584903	33.31252	1
7407	TIPARP	0.3947347	0.13383089	-1.55976	11.243744	1
7426	MLF1	0.25342485	0.10164478	-1.3171723	7.75368	1
7428	LXN	0.16335954	0.04038412	-2.0135055	5.3772264	1
7440	SCHIP1	0.0024087508	0.016518844	2.727779	6.5140376	1
7451	PPM1L	0.018351726	0.13327648	2.8536766	39.446377	1
7455	LINC02067	-1.3096724e-10	0.0026580086	4.7855573	6.831207	1
7467	SLITRK3	-1.3096724e-10	0.023772031	7.8991795	44.55244	1
7477	SERPINI1	0.27872846	0.5792649	1.0550946	13.684056	1
7480	GOLIM4	0.7900979	0.5375666	-0.55550206	9.432796	1
7487	MECOM	0.0741144	0.35540217	2.2600873	40.448326	1
7489	AC007849.1	-1.3096724e-10	0.003910931	5.325867	10.480135	1
7492	AC078802.1	-1.3096724e-10	0.0023424486	4.610258	6.2649503	1
7510	CLDN11	0.10282003	0.009101516	-3.4835086	5.1015973	1
7517	EIF5A2	0.14083607	0.040010925	-1.8129737	5.045524	1
7520	TNIK	0.35998803	0.107433535	-1.7435629	11.882227	1
7527	FNDC3B	0.6883596	0.36602375	-0.91104084	12.4525795	1
7536	NLGN1	-1.3096724e-10	0.0036056112	5.2116413	8.25462	1
7545	LINC01209	-1.3096724e-10	0.0021158543	4.469793	5.851293	1
7561	ZMAT3	0.49430883	0.26304042	-0.9098716	7.2717147	1
7577	PEX5L	-1.3096724e-10	0.0024903489	4.6950765	5.7837625	1
7588	FXR1	0.9203177	0.64834696	-0.50530016	10.582247	1
7616	YEATS2	0.2776406	0.126382	-1.134806	6.1988125	1
7617	YEATS2-AS1	-1.3096724e-10	0.0023336674	4.605062	5.936079	1
7619	PARL	0.35700414	0.20265588	-0.81660104	6.999235	1
7620	ABCC5	0.097395934	0.18985063	0.96221054	6.768336	1
7633	ALG3	0.22257572	0.08321763	-1.4182506	6.535452	1
7641	POLR2H	0.48244038	0.2756682	-0.8071935	8.027227	1
7658	TMEM41A	0.19525586	0.081766985	-1.2547508	5.965144	1
7663	IGF2BP2-AS1	-1.3096724e-10	0.0018103019	4.2557306	5.0927773	1
7686	ST6GAL1	0.15964864	0.021919953	-2.8589203	8.499404	1
7690	MASP1	0.88511145	0.0013699742	-9.234088	44.55244	1
7697	BCL6	0.115440965	0.027357074	-2.0731547	5.373	1
7706	LPP	0.792939	0.5297365	-0.58184445	9.61626	1
7709	TPRG1	-1.3096724e-10	0.00347323	5.1591587	9.699525	1
7714	CLDN1	-1.3096724e-10	0.006237689	5.985887	14.847963	1
7729	FGF12	-1.3096724e-10	0.009783794	6.626995	22.848536	1
7760	ATP13A3	0.46959093	0.13610145	-1.7859695	15.132653	1
7767	LSG1	0.21867192	0.10013981	-1.1259719	5.5373726	1
7778	ACAP2	0.6275552	0.38560337	-0.70248055	8.996786	1
7791	TFRC	0.4053318	0.0895401	-2.177243	13.685099	1
7809	NRROS	-1.3096724e-10	0.0027447112	4.830212	7.3109345	1
7812	PAK2	0.90991795	0.6163082	-0.56200886	11.163052	1
7854	TMEM271	-1.3096724e-10	0.0055083083	5.8094954	13.625694	1
7864	AC139887.4	-1.3096724e-10	0.0044785594	5.516824	11.799945	1
7902	C4orf48	1.1850629	0.49368215	-1.2631389	30.919786	1
7918	MFSD10	0.5050717	0.27778283	-0.8622973	9.772948	1
7929	LRPAP1	1.0626717	0.31421423	-1.7575523	41.39468	1
7938	LYAR	0.25258616	0.12107434	-1.0602622	5.287079	1
7947	CYTL1	0.3964171	0.0819365	-2.273045	13.529357	1
7961	MAN2B2	0.15416497	0.046274915	-1.7339939	6.7234964	1
7977	GRPEL1	0.29134086	0.1350707	-1.1084206	7.3288536	1
7989	HTRA3	0.24120915	0.05456034	-2.142316	9.033756	1
8049	NKX3-2	0.0022010254	0.04355245	4.2457137	35.76059	1
8050	LINC01096	-1.3096724e-10	0.0043378067	5.471777	9.816653	1
8080	LDB2	0.45366547	0.21508819	-1.076348	10.224715	1
8098	SLIT2	0.11146336	0.24054195	1.1090248	7.202615	1
8099	SLIT2-IT1	-1.3096724e-10	0.0018526799	4.2873855	5.0673246	1
8105	AC096576.3	-1.3096724e-10	0.0026061768	4.758186	6.3625045	1
8107	KCNIP4-IT1	0.0065644346	0.077067755	3.5334437	19.238302	1
8118	SOD3	0.23296319	0.01465356	-3.9815862	11.002307	1
8131	SMIM20	0.4142873	0.2263604	-0.871721	8.717145	1
8147	AC097480.1	-1.3096724e-10	0.004785973	5.6105757	11.93291	1
8154	PCDH7	0.39489612	0.62328184	0.65827775	8.009154	1
8179	NWD2	-1.3096724e-10	0.0063186805	6.0042067	14.246706	1
8183	RELL1	0.1567591	0.052343857	-1.5806235	5.221942	1
8195	KLF3	0.51057386	0.28002286	-0.86634254	9.480955	1
8199	FAM114A1	1.1484733	0.30361217	-1.9190664	44.55244	1
8205	RFC1	0.71300614	0.4563548	-0.64364487	10.492022	1
8212	SMIM14	0.2959409	0.16143742	-0.87392795	5.484624	1
8228	APBB2	0.059623692	0.14599435	1.2905252	8.547799	1
8267	GABRA2	0.025140017	0.10093791	2.001112	15.38426	1
8276	ATP10D	0.2291827	0.38813528	0.75980365	8.825589	1
8278	CORIN	0.009891483	0.03736149	1.9066377	5.7618666	1
8284	TXK	-1.3096724e-10	0.0023123834	4.592389	6.604458	1
8287	SLC10A4	-1.3096724e-10	0.013344167	7.0708385	29.736671	1
8295	AC027271.1	-1.3096724e-10	0.002443746	4.6688848	6.5287623	1
8296	LRRC66	-1.3096724e-10	0.002162386	4.499775	5.5383945	1
8297	SGCB	0.5945066	0.27444714	-1.1148818	15.553781	1
8322	PDGFRA	0.5748306	1.0623373	0.88591796	27.279629	1
8337	TMEM165	0.8738797	0.5629724	-0.6342792	10.915154	1
8341	NMU	-1.3096724e-10	0.0035725264	5.198703	8.208748	1
8353	PAICS	0.43489832	0.19962606	-1.1229873	10.1817465	1
8354	SRP72	0.77878046	0.53406006	-0.5441297	10.343509	1
8355	ARL9	-1.3096724e-10	0.011119739	6.8098974	26.926552	1
8361	NOA1	0.18770678	0.08321101	-1.1726701	5.299736	1
8395	EPHA5	-1.3096724e-10	0.0030884452	4.994783	7.0346045	1
8402	AC104806.2	-1.3096724e-10	0.0021086955	4.4651246	6.304039	1
8426	SULT1B1	-1.3096724e-10	0.007499758	6.2478833	20.827711	1
8427	SULT1E1	-1.3096724e-10	0.099644385	9.962093	44.55244	1
8450	GRSF1	0.49472463	0.32395738	-0.610668	6.3360467	1
8457	ADAMTS3	0.1676138	0.032081958	-2.3816774	6.5617185	1
8488	PARM1	-1.3096724e-10	0.017519906	7.4610643	39.46854	1
8501	G3BP2	0.79309934	0.48893476	-0.6977465	13.765338	1
8502	USO1	0.49965188	0.2756222	-0.8579966	9.800118	1
8514	SCARB2	1.2418642	0.4819253	-1.3654429	44.55244	1
8517	STBD1	0.20642854	0.03668408	-2.4891877	10.559337	1
8519	SHROOM3	0.010239127	0.0833045	3.012011	23.85135	1
8522	SOWAHB	-1.3096724e-10	0.0028870418	4.9006476	7.1460724	1
8523	SEPTIN11	1.0029714	1.6417869	0.7109304	31.255615	1
8525	CCNG2	0.40102056	0.22774291	-0.8159964	6.5244336	1
8547	FGF5	-1.3096724e-10	0.0038961882	5.3205547	10.325736	1
8557	ENOPH1	0.2663674	0.13086475	-1.0247804	6.0103626	1
8562	SEC31A	1.1466643	0.7185314	-0.67424494	22.796011	1
8585	ARHGAP24	0.06946582	0.16513963	1.2481091	8.436978	1
8588	PTPN13	0.17580672	0.50581825	1.5240937	31.42321	1
8590	C4orf36	-1.3096724e-10	0.0024315643	4.661959	6.917531	1
8592	AFF1	0.08976162	0.26553318	1.5636584	19.378546	1
8626	SNCA	0.29332447	0.11100983	-1.4010026	7.8356657	1
8640	GRID2	-1.3096724e-10	0.0077078864	6.286862	16.628223	1
8652	UNC5C	0.18042454	0.29770222	0.72215945	5.8396564	1
8663	TSPAN5	0.52168256	0.28019115	-0.89652264	7.2559686	1
8670	AC019131.2	-1.3096724e-10	0.0037697186	5.274159	10.045722	1
8691	EMCN	0.15500732	0.5469966	1.8185289	31.137096	1
8692	AC097459.1	-1.3096724e-10	0.002085759	4.4500647	5.461067	1
8705	MANBA	0.23950918	0.049659308	-2.267645	11.192213	1
8707	AC018797.3	-1.3096724e-10	0.003151913	5.0232186	8.711069	1
8717	TACR3	-1.3096724e-10	0.0031392125	5.0175734	8.1573515	1
8721	CXXC4	0.029755516	0.12449279	2.061151	16.944345	1
8738	AC109361.1	-1.3096724e-10	0.003199217	5.0440536	8.396875	1
8740	AIMP1	0.5098837	0.33981103	-0.5852941	6.372727	1
8743	AC092445.1	-1.3096724e-10	0.001902379	4.323645	5.3469706	1
8744	DKK2	-1.3096724e-10	0.013615422	7.099657	29.137138	1
8746	PAPSS1	0.46097556	0.22685415	-1.0226023	10.277073	1
8748	AC096564.1	-1.3096724e-10	0.0019526932	4.359448	5.6716485	1
8756	OSTC	1.8574806	1.2905464	-0.525331	34.643288	1
8766	PLA2G12A	0.35803816	0.17034966	-1.0711704	8.629687	1
8770	RRH	-1.3096724e-10	0.0031561772	5.0251093	8.229239	1
8774	ENPEP	0.11269707	0.006665222	-4.0594487	5.3350654	1
8783	FAM241A	0.072308354	0.20551898	1.5057453	14.261948	1
8800	ARSJ	0.010544935	0.108913414	3.3562665	26.981329	1
8803	NDST4	-1.3096724e-10	0.011398012	6.8452425	22.55504	1
8806	AC093765.5	-1.3096724e-10	0.006148018	5.9653287	14.260968	1
8807	AC093765.4	-1.3096724e-10	0.006393635	6.0209565	15.311942	1
8818	PRSS12	0.0056883446	0.040521383	2.8110168	7.6145744	1
8821	SEC24D	0.44620067	0.20037284	-1.1546091	11.369724	1
8824	USP53	0.029765002	0.07267897	1.2850658	5.0766163	1
8825	C4orf3	1.7591932	0.8129047	-1.1136603	44.55244	1
8829	PDE5A	0.026906637	0.079514325	1.5597141	5.7446556	1
8842	ANXA5	1.4530141	0.98245716	-0.5645347	23.40289	1
8862	SPRY1	0.9394201	0.5305353	-0.8242035	13.999923	1
8888	PGRMC2	0.51912457	0.22462063	-1.2082261	15.796313	1
8903	LINC02377	-1.3096724e-10	0.0025302393	4.717124	6.5691614	1
8929	LINC02511	-1.3096724e-10	0.005174172	5.720875	13.051587	1
8931	PCDH18	0.38992977	0.5620658	0.5274115	5.6466236	1
8958	AC112236.3	-1.3096724e-10	0.0017650418	4.221138	5.057205	1
8964	SCOC	0.52411425	0.24842794	-1.0767485	13.184401	1
8975	ZNF330	0.25133586	0.13139607	-0.9351706	5.030156	1
8989	SMARCA5-AS1	-1.3096724e-10	0.002980143	4.944927	7.871531	1
8993	GYPE	-1.3096724e-10	0.0029555012	4.933339	7.0048885	1
9027	EDNRA	0.19693555	0.874013	2.1493638	44.55244	1
9028	LINC02507	-1.3096724e-10	0.0026247671	4.768063	6.984151	1
9075	AC023424.3	-1.3096724e-10	0.0023482789	4.613698	6.3264933	1
9086	TMEM131L	0.044354577	0.15492254	1.8020742	15.406574	1
9091	SFRP2	-1.3096724e-10	0.1341595	10.390811	44.55244	1
9110	GUCY1A1	0.08112784	0.36752358	2.178183	40.989315	1
9111	AC104083.1	0.0032914577	0.053841624	3.9914217	31.179642	1
9112	GUCY1B1	0.15442123	0.36962375	1.2586427	16.988628	1
9114	TDO2	0.01839591	0.19306196	3.3845327	37.274162	1
9122	GLRB	-1.3096724e-10	0.006608009	6.067815	16.599422	1
9123	GRIA2	0.0020771206	0.081621505	5.2302227	44.55244	1
9129	GASK1B	0.0315719	0.13148335	2.0547016	14.566065	1
9130	FAM198B-AS1	-1.3096724e-10	0.00637203	6.016148	15.034776	1
9142	RAPGEF2	0.107436486	0.26898474	1.3232343	15.668291	1
9144	LINC02233	-1.3096724e-10	0.013251716	7.060883	28.82242	1
9147	FSTL5	-1.3096724e-10	0.07347608	9.523095	44.55244	1
9149	AC021134.1	-1.3096724e-10	0.0023277525	4.6015515	5.9117713	1
9153	NPY1R	0.013749284	0.2578275	4.2190824	44.55244	1
9154	NPY5R	0.0032632188	0.026727937	2.9958215	9.447739	1
9158	AC093788.1	-1.3096724e-10	0.0076676416	6.2794065	18.81308	1
9160	APELA	-1.3096724e-10	0.006704745	6.088471	15.852963	1
9176	SPOCK3	-1.3096724e-10	0.03508165	8.458681	44.55244	1
9183	PALLD	0.29920268	0.51596266	0.7859412	11.191408	1
9192	CLCN3	0.69590473	0.14250821	-2.2870402	23.352741	1
9216	AC097534.2	0.19486254	0.026163997	-2.8920386	9.708205	1
9217	SAP30	0.57445157	0.17458867	-1.7176503	19.385258	1
9218	SCRG1	0.7387037	0.03714746	-4.309977	35.828537	1
9223	HAND2	1.1515465	0.29213366	-1.9785037	40.77465	1
9224	HAND2-AS1	0.45928255	0.09818155	-2.2247033	17.609627	1
9225	LINC02269	0.33607152	0.00047296833	-9.196527	12.132629	1
9232	CEP44	0.2891717	0.11328544	-1.3511897	9.192726	1
9234	HPGD	0.007345068	0.09720368	3.7081375	44.55244	1
9236	GLRA3	-1.3096724e-10	0.0026298696	4.770762	5.4608116	1
9278	DCTD	0.38204482	0.21159603	-0.8521253	7.203996	1
9289	ING2	0.33188665	0.19090237	-0.7975346	5.7390094	1
9295	STOX2	0.025788922	0.10964429	2.083739	16.081593	1
9296	AC074194.1	-1.3096724e-10	0.0025107376	4.7063875	6.018995	1
9302	AC099343.2	-1.3096724e-10	0.0020368462	4.417413	5.817633	1
9305	LINC02427	-1.3096724e-10	0.0035876287	5.204623	8.779593	1
9319	SLC25A4	0.4300908	0.17521004	-1.295068	12.015411	1
9324	ANKRD37	0.5623763	0.016687416	-5.0663404	26.990463	1
9325	UFSP2	0.35219195	0.18582846	-0.92202383	7.053221	1
9329	PDLIM3	0.6472677	0.016151652	-5.315927	31.575832	1
9334	TLR3	-1.3096724e-10	0.0019820002	4.3799005	5.2389855	1
9337	KLKB1	-1.3096724e-10	0.0063800234	6.017929	15.02027	1
9374	FRG2	-1.3096724e-10	0.0091854865	6.5369077	21.15234	1
9405	NKD2	0.19503102	0.000626296	-8.06967	12.737498	1
9412	CLPTM1L	0.31888193	0.186048	-0.77702445	5.541745	1
9441	IRX1	-1.3096724e-10	0.006738064	6.095518	13.245636	1
9459	ADAMTS16	-1.3096724e-10	0.005455152	5.7957563	15.561695	1
9467	MED10	0.5629097	0.26242608	-1.1006992	13.867376	1
9503	SEMA5A	0.7583225	0.43223557	-0.8108503	11.733735	1
9507	SNHG18	0.35372078	0.19469039	-0.86109626	5.715584	1
9524	MARCH6	0.5265945	0.35380197	-0.57361674	5.75316	1
9533	DAP	0.4712275	0.15139607	-1.6374495	17.237196	1
9545	OTULINL	0.051006466	0.1344591	1.3966621	8.019959	1
9548	ANKH	0.20668049	0.05149104	-2.0029075	8.480986	1
9561	ZNF622	0.26167387	0.11768353	-1.1521832	7.080295	1
9566	BASP1	0.6066223	0.94073915	0.6329118	12.939396	1
9604	AC091938.1	-1.3096724e-10	0.0036046787	5.2112784	7.663852	1
9657	NPR3	0.24311924	0.0022201452	-6.7118983	6.7812552	1
9680	DNAJC21	0.6020472	0.37525302	-0.6818682	9.041008	1
9682	PRLR	0.27819452	0.032548405	-3.091528	12.061312	1
9685	IL7R	0.07743706	0.30598807	1.9809889	27.265188	1
9707	GDNF	-1.3096724e-10	0.017863424	7.48892	37.06872	1
9713	EGFLAM	0.13443	0.01199699	-3.475208	7.896288	1
9719	LIFR	0.21056297	0.07082115	-1.5706489	5.401998	1
9724	OSMR	0.106775075	0.019898897	-2.4179332	5.768163	1
9729	DAB2	0.36903566	0.54014534	0.5494637	6.478887	1
9742	C7	1.3826905	0.19143216	-2.8519242	30.925467	1
9752	GHR	0.022372	0.0715603	1.6730456	7.274456	1
9754	SELENOP	0.36389267	0.9777161	1.4256537	44.251408	1
9757	AC008875.3	0.0021366354	0.019710548	3.1468668	10.906842	1
9772	AC114956.3	-1.3096724e-10	0.0027410125	4.8283353	7.456677	1
9792	EMB	0.019586328	0.057023	1.5368778	6.078677	1
9800	AC010478.1	-1.3096724e-10	0.009669162	6.6101646	21.759485	1
9801	ISL1	0.028607357	0.11230742	1.969245	10.820673	1
9806	PELO	0.33373666	0.14268999	-1.2252475	8.744813	1
9807	ITGA1	0.6116587	0.37879524	-0.69116384	5.648482	1
9826	ESM1	0.007113168	0.061154757	3.086117	17.484215	1
9828	GZMK	-1.3096724e-10	0.0017320565	4.195394	5.5341825	1
9831	GZMA	-1.3096724e-10	0.0027491988	4.832486	8.574004	1
9833	GPX8	0.86043155	0.42172247	-1.0285922	22.235525	1
9839	PLPP1	0.51091415	0.11120708	-2.198818	18.640238	1
9844	AC008914.1	-1.3096724e-10	0.004611614	5.5581512	12.656602	1
9847	ANKRD55	-1.3096724e-10	0.0032899845	5.0832086	9.043231	1
9854	MAP3K1	0.5257175	0.22989258	-1.1929748	12.683544	1
9900	AC122707.1	-1.3096724e-10	0.003403051	5.1305423	9.398147	1
9901	HTR1A	-1.3096724e-10	0.014383337	7.178252	38.442356	1
9903	RGS7BP	-1.3096724e-10	0.06647783	9.3789	44.55244	1
9905	SREK1IP1	0.444819	0.280439	-0.6653414	5.7176533	1
9908	AC092354.1	-1.3096724e-10	0.002500129	4.7005134	6.774685	1
9928	MAST4	0.14577985	0.25629833	0.81360614	6.127622	1
9930	MAST4-AS1	-1.3096724e-10	0.0031733343	5.032691	8.081333	1
9940	PIK3R1	0.24434204	0.37819812	0.6300311	5.2958646	1
9956	AK6	0.3753595	0.20730881	-0.8561801	7.0298166	1
9957	TAF9	0.5345441	0.32481	-0.7185388	8.462743	1
9963	SERF1B	-1.3096724e-10	0.0034538729	5.151322	8.383905	1
9979	MAP1B	2.0618086	0.70681745	-1.5443666	44.55244	1
9987	TNPO1	0.6336599	0.39544463	-0.680096	8.515722	1
9989	AC008972.2	-1.3096724e-10	0.0019182864	4.335061	5.544443	1
9997	FOXD1	0.2180963	0.013167369	-4.0396724	13.036416	1
10013	ENC1	0.7316098	0.35775435	-1.0318992	12.804839	1
10014	HEXB	0.43603352	0.10206706	-2.0938396	18.640936	1
10021	GCNT4	-1.3096724e-10	0.0026735875	4.793683	8.759237	1
10033	SV2C	-1.3096724e-10	0.002346505	4.6126523	5.5731773	1
10039	F2R	0.65001005	0.32362407	-1.0059193	13.871813	1
10042	CRHBP	1.2903808	0.00391199	-8.329375	27.449274	1
10048	WDR41	0.36798692	0.21168363	-0.7974554	6.301442	1
10055	SCAMP1	0.28516892	0.13065508	-1.1254554	6.996681	1
10106	TMEM167A	0.9724305	0.64753544	-0.5865616	12.7738	1
10107	XRCC4	0.19107859	0.07025983	-1.442097	6.1873617	1
10108	VCAN	2.8447027	1.4126784	-1.0097934	44.55244	1
10110	HAPLN1	1.040824	0.017715853	-5.8685594	33.703625	1
10111	EDIL3	0.48355624	0.23576483	-1.0360216	10.287994	1
10129	CCNH	0.22079273	0.11369922	-0.9568552	5.0574713	1
10136	TMEM161B-AS1	0.42313638	0.24717602	-0.7753413	6.013097	1
10140	MEF2C-AS2	-1.3096724e-10	0.007549611	6.257316	18.61687	1
10143	MEF2C	0.59561074	0.8991988	0.59418845	10.850116	1
10155	LYSMD3	0.20137696	0.094920665	-1.0843017	5.312887	1
10164	ARRDC3	0.61644524	0.1444021	-2.0931163	22.502802	1
10175	NR2F1-AS1	0.11760927	0.27972844	1.2493145	9.985505	1
10176	NR2F1	0.085035145	0.78109384	3.1978538	44.55244	1
10184	KIAA0825	0.0076443506	0.033414833	2.1135838	6.5248246	1
10190	FAM81B	-1.3096724e-10	0.0058568823	5.896487	15.346234	1
10192	ARSK	0.16701138	0.05755124	-1.5353864	5.637889	1
10195	SPATA9	-1.3096724e-10	0.005327565	5.762235	14.2744055	1
10197	RHOBTB3	1.3580168	0.79990077	-0.76353437	25.852423	1
10236	FAM174A	0.20640418	0.08516255	-1.2761868	5.931343	1
10247	PAM	0.8191173	0.17327088	-2.2403846	30.363184	1
10270	PJA2	0.99394	0.6401484	-0.6346721	15.391556	1
10283	CAMK4	0.07896389	0.17432757	1.1415372	8.854821	1
10290	EPB41L4A	0.12911668	0.023353713	-2.461904	6.8834	1
10291	EPB41L4A-AS1	0.70688015	0.34417003	-1.0381292	14.5149765	1
10299	REEP5	0.6237018	0.35844967	-0.79891485	11.552515	1
10320	TMED7	0.5044183	0.2616699	-0.94660753	12.311219	1
10324	ATG12	0.58766216	0.35330412	-0.7339138	9.904407	1
10325	AP3S1	0.6562653	0.46086034	-0.5098564	6.245948	1
10333	SEMA6A	0.32244506	0.49604973	0.6212749	6.7253175	1
10335	SEMA6A-AS2	-1.3096724e-10	0.0029191182	4.916057	7.55919	1
10351	TNFAIP8	0.36269712	0.07592563	-2.254605	16.332539	1
10357	AC114284.1	-1.3096724e-10	0.0077913785	6.3022075	18.97012	1
10361	LOX	0.59059423	0.04422617	-3.736181	22.283358	1
10378	PRDM6	0.013514437	0.07711714	2.5037837	20.471935	1
10405	MARCH3	0.18419465	0.04641171	-1.9863483	6.093806	1
10411	PRRC1	0.30578762	0.16702159	-0.8721036	5.9916906	1
10424	ADAMTS19-AS1	-1.3096724e-10	0.003910529	5.3257227	8.691828	1
10425	ADAMTS19	0.004074763	0.10330347	4.6304464	44.55244	1
10430	HINT1	1.4691743	2.1175628	0.527369	35.27273	1
10444	P4HA2	1.3225634	0.20787226	-2.668983	44.55244	1
10459	KIF3A	0.30380604	0.16461928	-0.88361573	5.321039	1
10482	VDAC1	1.224097	0.7445563	-0.71718913	26.889639	1
10489	UBE2B	0.78858614	0.528712	-0.57669646	9.6559305	1
10497	SEC24A	0.22339351	0.086594045	-1.3662281	6.6521645	1
10501	TXNDC15	0.41836414	0.16643074	-1.3293154	13.971394	1
10504	PITX1	-1.3096724e-10	0.0664933	9.379235	44.55244	1
10529	SMIM32	-1.3096724e-10	0.0049452656	5.6568604	13.464075	1
10536	SPOCK1	0.12327244	0.013579445	-3.1729386	5.839021	1
10559	HSPA9	0.774307	0.45075572	-0.78042626	12.481888	1
10563	SIL1	0.45019522	0.14773414	-1.6068918	16.196077	1
10574	DNAJC18	0.28321996	0.1217821	-1.2169459	7.395624	1
10587	PSD2	-1.3096724e-10	0.0021509712	4.492478	5.693149	1
10591	PURA	0.38693848	0.2039568	-0.92350614	6.926745	1
10593	AC011379.2	-1.3096724e-10	0.002833518	4.874562	7.5723257	1
10628	PCDHA11	-1.3096724e-10	0.004917107	5.6487856	12.007062	1
10639	PCDHB2	0.39821982	0.21334656	-0.90005237	6.895438	1
10648	PCDHB7	-1.3096724e-10	0.00196155	4.3656597	5.3942184	1
10676	PCDHGA8	-1.3096724e-10	0.007851775	6.3132067	20.072592	1
10678	PCDHGA9	-1.3096724e-10	0.0019659868	4.368761	5.52046	1
10679	PCDHGB6	0.55420667	0.28454044	-0.9615438	11.355746	1
10680	PCDHGA10	0.6597126	0.17173107	-1.9410654	20.128708	1
10699	PCDH1	0.0032632188	0.10299476	4.9379845	44.55244	1
10702	PCDH12	0.005145516	0.024635486	2.2374258	7.943834	1
10707	NDFIP1	0.69000465	0.41322112	-0.7395522	11.676686	1
10708	SPRY4	0.41069266	0.2264457	-0.8586082	6.931534	1
10722	YIPF5	0.6745677	0.3488399	-0.9511985	17.07379	1
10755	C5orf46	-1.3096724e-10	0.00247205	4.684849	8.172819	1
10770	ADRB2	0.005911193	0.05437376	3.1798384	20.21068	1
10784	CARMN	0.21492249	1.0020671	2.2205637	44.55244	1
10786	CSNK1A1	1.3831439	0.97698146	-0.5015048	19.719368	1
10795	PDGFRB	0.6997457	1.3355182	0.93239886	26.926092	1
10806	SYNPO	0.2645523	0.019494925	-3.755546	16.197218	1
10813	SMIM3	0.43580094	0.09774373	-2.155449	14.891806	1
10817	TNIP1	0.38230944	0.114513785	-1.7383375	16.067795	1
10821	GM2A	0.16921005	0.04544805	-1.8942064	7.1905637	1
10829	SPARC	2.3734882	1.5210701	-0.6418881	35.743458	1
10846	GALNT10	0.034844518	0.15623343	2.1614883	25.03629	1
10852	LARP1	0.734804	0.5056567	-0.5391122	8.254009	1
10865	HAVCR2	-1.3096724e-10	0.0016506143	4.1297913	5.1447444	1
10868	ITK	-1.3096724e-10	0.0017668661	4.2225485	5.2873807	1
10876	ADAM19	0.033746142	0.11827609	1.8063143	12.39627	1
10877	NIPAL4	-1.3096724e-10	0.001771699	4.2262783	5.0249615	1
10893	EBF1	0.081709124	0.45639303	2.4802592	44.55244	1
10894	AC136424.2	-1.3096724e-10	0.005643271	5.8438025	14.214758	1
10897	RNF145	0.40579128	0.18362527	-1.1435432	9.809127	1
10907	TTC1	0.4269881	0.2440143	-0.8069769	7.2391567	1
10914	SLU7	0.3535493	0.1802417	-0.97158635	7.5382752	1
10915	PTTG1	0.38987416	0.12810127	-1.6049678	6.692863	1
10928	CCNG1	0.68575776	0.3519348	-0.9621915	15.400355	1
10945	TENM2	0.11319567	0.015111138	-2.8968928	5.212783	1
10956	RARS	0.47635165	0.2227643	-1.0961642	11.814279	1
10958	PANK3	0.42789704	0.24023712	-0.8325413	7.3416867	1
10971	LCP2	0.00360523	0.020954981	2.5065267	8.24269	1
10976	AC027306.1	-1.3096724e-10	0.0023579195	4.6193676	6.2987747	1
10994	AC011407.1	-1.3096724e-10	0.0021000714	4.4594803	5.361734	1
11006	ATP6V0E1	1.362057	0.9532181	-0.5148634	19.467407	1
11010	NKX2-5	0.14045648	0.012573394	-3.471275	7.714448	1
11011	STC2	0.47623646	0.0028682237	-7.326237	23.038225	1
11017	BOD1	0.67529297	0.46037656	-0.55259955	7.8377814	1
11023	CPEB4	0.23920304	0.11059968	-1.1121876	5.3903327	1
11039	SFXN1	0.4093613	0.17017321	-1.2658756	11.883227	1
11052	KIAA1191	0.31158763	0.12905158	-1.2710356	9.254509	1
11059	FAF2	0.50043577	0.30766463	-0.7016458	7.4905367	1
11080	LMAN2	0.8939375	0.4074656	-1.1333032	26.401165	1
11081	RGS14	0.2291358	0.08183708	-1.484244	7.4242463	1
11084	F12	0.110987484	0.014695267	-2.9084888	6.4564977	1
11087	PRR7	0.20887549	0.035534658	-2.5519807	10.904783	1
11092	DDX41	0.31238964	0.097714394	-1.6756897	11.142523	1
11095	TMED9	1.5692909	0.67318887	-1.2209072	44.55244	1
11107	FAM153CP	0.121049955	0.01578454	-2.9310987	5.5869193	1
11124	ZNF454	0.0013791473	0.009243585	2.6592107	5.43605	1
11131	AC109479.1	-1.3096724e-10	0.0017271299	4.1915092	6.0045276	1
11140	CANX	1.1845894	0.8335439	-0.5070057	16.000378	1
11143	MGAT4B	0.6030184	0.24039766	-1.3264184	18.53347	1
11144	SQSTM1	0.892926	0.47353318	-0.914932	19.007317	1
11145	MRNIP	0.18739235	0.08351	-1.1650844	5.1652784	1
11158	FLT4	-1.3096724e-10	0.0045348243	5.534445	11.40504	1
11161	MGAT1	0.34057745	0.1538662	-1.1457927	9.070315	1
11168	BTNL9	-1.3096724e-10	0.06770044	9.405152	44.55244	1
11213	FOXCUT	-1.3096724e-10	0.0016969114	4.167449	5.1551414	1
11223	MYLK4	-1.3096724e-10	0.0034201453	5.137565	9.141225	1
11225	SERPINB1	0.2674279	0.07299796	-1.8717861	10.965379	1
11227	SERPINB9	0.37550756	0.02221576	-4.0730915	21.425055	1
11229	SERPINB6	0.96399754	0.4066484	-1.2450424	29.766718	1
11231	NQO2	0.43884823	0.14843039	-1.5632925	13.940384	1
11256	ECI2	0.6012531	0.385859	-0.6397648	8.076684	1
11294	SSR1	0.6366441	0.370333	-0.78150123	10.151498	1
11302	TXNDC5	0.47609985	0.18705441	-1.3473381	13.4080305	1
11320	AL358777.1	-1.3096724e-10	0.0024699525	4.683672	6.3304963	1
11325	TMEM14B	0.6467539	0.4516536	-0.5179039	6.0289125	1
11335	NEDD9	0.15284668	0.01763968	-3.107977	7.3270764	1
11345	AL157373.2	-1.3096724e-10	0.0034188833	5.137048	8.643823	1
11350	AL008729.1	-1.3096724e-10	0.0022598254	4.5606103	6.153165	1
11352	AL008729.2	-1.3096724e-10	0.004599374	5.5543985	12.362157	1
11353	GFOD1	0.291339	0.05666616	-2.360091	10.810951	1
11357	NOL7	0.918311	0.5879506	-0.6431996	14.711699	1
11360	MCUR1	0.39651817	0.25760397	-0.622036	5.164084	1
11380	MYLIP	0.38306051	0.13760114	-1.4764084	11.735669	1
11383	ATXN1	0.31156984	0.16424952	-0.9232513	6.244272	1
11392	CAP2	0.1681222	0.036225665	-2.211307	6.6012964	1
11393	AL138824.1	-1.3096724e-10	0.002318048	4.5957727	5.29429	1
11398	NHLRC1	-1.3096724e-10	0.0027655996	4.840767	7.2441993	1
11406	ID4	0.785419	0.33679768	-1.2213356	12.953589	1
11433	DCDC2	0.0026822265	0.021858126	2.980443	9.2492	1
11440	ACOT13	0.46891043	0.20797929	-1.1724865	10.539222	1
11447	RIPOR2	0.3354012	0.06546636	-2.3552902	10.383649	1
11466	HIST1H3A	-1.3096724e-10	0.0022785284	4.5719995	5.869209	1
11473	HIST1H1C	0.3671721	0.19865638	-0.885848	5.5383925	1
11520	HIST1H4I	-1.3096724e-10	0.0032082486	5.0479975	9.305866	1
11529	AL021918.5	-1.3096724e-10	0.001978194	4.3772607	5.4934425	1
11570	GPX5	-1.3096724e-10	0.004334089	5.4705677	11.790949	1
11572	AL049543.1	-1.3096724e-10	0.0025933767	4.751346	6.1177883	1
11575	AL662890.1	-1.3096724e-10	0.0019135884	4.331699	5.0001616	1
11613	HLA-A	1.3587402	0.43419033	-1.6456441	44.55244	1
11616	PPP1R11	0.34318084	0.18367273	-0.9014665	6.2807	1
11627	RPP21	0.44517946	0.29620373	-0.5876343	5.354333	1
11629	HLA-E	0.6532571	0.38253638	-0.7718977	9.890462	1
11635	MRPS18B	0.45935327	0.26141083	-0.81304747	8.842668	1
11645	FLOT1	0.47863054	0.25179082	-0.9264154	9.847502	1
11647	IER3	0.7673691	0.112056024	-2.7746017	26.429337	1
11652	DDR1	0.230906	0.02647669	-3.1196969	11.484159	1
11672	HLA-C	1.293169	0.28065372	-2.2036455	44.55244	1
11673	HLA-B	0.61962676	0.17160526	-1.851698	20.2708	1
11686	NFKBIL1	0.31406274	0.14341334	-1.1303272	7.5715666	1
11716	HSPA1L	-1.3096724e-10	0.0016672593	4.1434436	5.0800753	1
11719	SNHG32	1.2066832	0.84985125	-0.5057145	13.907523	1
11720	NEU1	0.35719025	0.16211446	-1.139194	8.507258	1
11776	HLA-DPA1	0.13643873	0.037253607	-1.8699907	6.4106226	1
11777	HLA-DPB1	0.21507922	0.08049459	-1.4167838	6.437963	1
11781	SLC39A7	0.81472677	0.36377117	-1.1630657	24.554163	1
11784	AL645940.1	-1.3096724e-10	0.0066067968	6.067554	16.890743	1
11797	PHF1	0.22889528	0.09078018	-1.3332802	6.61654	1
11814	SMIM29	0.213923	0.089676864	-1.2533503	6.906521	1
11815	AL354740.1	0.01768342	0.057443775	1.6941271	6.4332094	1
11829	SCUBE3	0.027844502	0.086079106	1.6247737	8.197856	1
11860	SRSF3	0.85736203	1.2440009	0.5369588	15.830647	1
11862	CDKN1A	0.70316404	0.18066415	-1.9599578	21.62724	1
11872	MTCH1	1.0740273	0.6673758	-0.68637747	19.857054	1
11878	AL096712.2	-1.3096724e-10	0.0022391458	4.5479116	6.2748575	1
11884	MDGA1	-1.3096724e-10	0.012020898	6.921355	29.442223	1
11886	ZFAND3	0.36480325	0.19588564	-0.896766	7.2504387	1
11900	AL590999.1	-1.3096724e-10	0.0024404181	4.666996	6.743564	1
11910	UNC5CL	-1.3096724e-10	0.0019127111	4.33107	5.0350914	1
11911	OARD1	0.27704078	0.13536985	-1.0326471	6.2675257	1
11958	CNPY3	0.5774137	0.28247312	-1.031231	12.801841	1
11963	MEA1	0.649194	0.3423095	-0.92314917	14.36591	1
11978	CRIP3	-1.3096724e-10	0.0019252567	4.340035	5.0590367	1
11987	YIPF3	0.75664115	0.3913316	-0.95103973	18.434992	1
11997	VEGFA	1.3756882	0.06119047	-4.4884515	44.55244	1
12010	SLC29A1	0.15634432	0.035017524	-2.1553862	7.0109854	1
12021	SUPT3H	0.18746091	0.07690644	-1.2843082	5.0362883	1
12029	RCAN2	0.016506849	0.061261345	1.8855518	8.517178	1
12031	CYP39A1	-1.3096724e-10	0.007924059	6.3262625	18.174444	1
12039	ADGRF5	0.0014041965	0.04344436	4.855421	44.55244	1
12085	TMEM14A	0.27878475	0.13364394	-1.0601954	7.0947676	1
12087	GSTA1	0.24620011	7.7826386e-05	-10.435732	7.5793066	1
12097	GCLC	0.016368063	0.086719856	2.3983543	18.239647	1
12118	BMP5	0.12761185	0.33512208	1.3922248	18.73897	1
12119	COL21A1	0.24498378	0.4404864	0.8461499	8.186279	1
12126	ZNF451-AS1	-1.3096724e-10	0.0024295663	4.66082	6.78984	1
12147	EYS	-1.3096724e-10	0.0076909102	6.283722	19.81445	1
12170	SMAP1	0.6392629	0.35897636	-0.83234453	11.631692	1
12173	AL589935.1	-1.3096724e-10	0.0023239595	4.5992956	6.302	1
12198	SLC17A5	0.33922374	0.14700213	-1.2058442	8.654462	1
12204	COL12A1	0.03559565	0.173306	2.2803335	22.714159	1
12206	TMEM30A	0.5733747	0.24964373	-1.1992813	15.594788	1
12230	AL451064.1	-1.3096724e-10	0.002264435	4.5634255	5.6346426	1
12240	AL359715.3	-1.3096724e-10	0.002366494	4.6243916	6.8189383	1
12243	TENT5A	0.90337795	0.21067928	-2.0997562	31.172274	1
12250	IBTK	0.3854187	0.23059121	-0.74083775	6.4564033	1
12256	PGM3	0.6554898	0.19800672	-1.7265157	25.634235	1
12257	RWDD2A	0.11553237	0.036370974	-1.6647246	5.356254	1
12279	HTR1E	-1.3096724e-10	0.01807116	7.5055084	39.50985	1
12287	SLC35A1	0.22130461	0.08963787	-1.3028965	6.5689325	1
12288	RARS2	0.5358	0.24306704	-1.1400161	14.029625	1
12289	ORC3	0.2388234	0.11939176	-0.999637	5.385728	1
12293	CNR1	-1.3096724e-10	0.002736907	4.826249	6.0735016	1
12302	GABRR1	-1.3096724e-10	0.11851477	10.2120695	44.55244	1
12305	RRAGD	0.31180397	0.12935673	-1.2686318	7.662663	1
12335	UFL1	0.61416584	0.34063554	-0.85021085	11.427162	1
12360	ASCC3	0.45944992	0.27371216	-0.7470351	6.5046825	1
12362	GRIK2	0.1788629	0.036045846	-2.3077586	7.887968	1
12365	AL590608.1	-1.3096724e-10	0.0018892282	4.314139	5.5472164	1
12396	SEC63	0.7621882	0.5260177	-0.5349508	8.335562	1
12407	FOXO3	0.35645524	0.20533329	-0.7954556	6.5041423	1
12413	AL390208.1	-1.3096724e-10	0.0022302123	4.5423913	5.8391232	1
12415	CD164	1.1795577	0.79260844	-0.57350606	18.676771	1
12416	AL359711.2	-1.3096724e-10	0.0020276317	4.4111786	5.52196	1
12427	WASF1	0.06217688	0.18197851	1.5477921	15.019592	1
12429	METTL24	-1.3096724e-10	0.0044929073	5.5213375	10.698323	1
12437	RPF2	0.38224983	0.18198292	-1.0702976	8.696858	1
12449	FYN	0.3978037	0.23376508	-0.7667428	6.3434515	1
12453	FAM229B	0.33979765	0.18031862	-0.91375196	6.680188	1
12456	Z99289.2	-1.3096724e-10	0.0027798195	4.8479085	7.7423058	1
12457	Z99289.3	-1.3096724e-10	0.01807392	7.505728	44.55244	1
12470	FO393415.1	-1.3096724e-10	0.002041866	4.4207983	5.8108115	1
12478	FRK	-1.3096724e-10	0.019330539	7.602184	44.55244	1
12479	AL357141.1	-1.3096724e-10	0.0031224373	5.0100822	8.284307	1
12500	VGLL2	-1.3096724e-10	0.0030649076	4.984093	9.132999	1
12506	SLC35F1	0.00474767	0.16663495	5.104121	44.55244	1
12508	PLN	0.12717621	0.24132088	0.9235876	5.5049105	1
12514	MAN1A1	0.40264967	0.20756043	-0.9556569	6.2037134	1
12519	GJA1	0.5201432	0.095915794	-2.4378426	18.531267	1
12521	SERINC1	0.79866546	0.39979425	-0.99815357	20.771826	1
12529	CLVS2	-1.3096724e-10	0.014034009	7.1430287	31.52015	1
12530	TRDN	0.07536182	0.23928949	1.665541	17.491781	1
12534	NKAIN2	-1.3096724e-10	0.012171123	6.9391255	28.42859	1
12539	HDDC2	0.5390814	0.36064032	-0.57981014	6.1207337	1
12545	NCOA7	0.52804375	0.12570956	-2.069689	17.630095	1
12551	RSPO3	0.31641835	0.1114915	-1.5040619	5.058383	1
12556	C6orf58	-1.3096724e-10	0.002864833	4.889881	7.5136733	1
12567	L3MBTL3	0.07085227	0.16588998	1.2261753	9.067484	1
12569	SAMD3	-1.3096724e-10	0.0024330607	4.6628118	6.3842716	1
12582	CCN2	0.11100721	0.29832628	1.425422	10.888671	1
12583	AL133346.1	-1.3096724e-10	0.003171925	5.0320697	8.048572	1
12585	LINC01013	-1.3096724e-10	0.0028339722	4.8747854	7.2167153	1
12586	MOXD1	-1.3096724e-10	0.062429555	9.288397	44.55244	1
12597	VNN2	-1.3096724e-10	0.0040106243	5.3612876	9.829644	1
12609	TCF21	0.29952464	0.0642119	-2.2199986	8.504	1
12613	SGK1	0.62723815	0.1498911	-2.0643666	19.84411	1
12633	AL035604.1	-1.3096724e-10	0.020583576	7.6923437	44.251408	1
12640	BCLAF1	0.60836464	0.86237735	0.50331306	9.163493	1
12641	AL023284.4	-1.3096724e-10	0.0018469734	4.283163	5.1716	1
12642	MAP7	-1.3096724e-10	0.029394394	8.204299	44.55244	1
12643	AL024508.2	-1.3096724e-10	0.0043639885	5.480263	11.216345	1
12644	MAP3K5	0.010599445	0.046037804	2.1084137	8.512537	1
12651	IL20RA	-1.3096724e-10	0.0037901937	5.281772	10.864326	1
12658	WAKMAR2	0.0051449086	0.023355909	2.1609619	5.3234215	1
12663	PERP	0.17983791	0.05454291	-1.7193929	6.437569	1
12664	ARFGEF3	0.09011437	0.00094748713	-6.428353	5.801009	1
12667	HEBP2	0.63798755	0.2683754	-1.2489647	20.444403	1
12707	FUCA2	0.3457321	0.18582489	-0.8953518	7.131953	1
12708	PHACTR2	0.29400313	0.47952217	0.7055763	8.613501	1
12727	RAB32	0.52308667	0.26555964	-0.97774684	12.607098	1
12734	STXBP5	0.32435244	0.04300469	-2.91209	15.439509	1
12753	PPIL4	0.58828974	0.39034948	-0.5916363	6.759965	1
12755	GINM1	0.73561984	0.3172057	-1.2132832	22.160488	1
12762	PCMT1	0.53846395	0.35052946	-0.6191705	6.4713254	1
12777	PLEKHG1	0.0056135077	0.03708169	2.7021437	11.168689	1
12781	MTHFD1L	0.25292817	0.08589742	-1.5569326	8.067192	1
12785	AKAP12	0.40101632	1.0419644	1.377352	35.419178	1
12789	CCDC170	0.0015507364	0.018465463	3.4914396	15.548175	1
12790	ESR1	-1.3096724e-10	0.0021397083	4.485241	5.5713944	1
12799	VIP	-1.3096724e-10	0.008576221	6.438997	13.896595	1
12804	RGS17	0.1691475	0.019162828	-3.1352432	8.093198	1
12830	ZDHHC14	-1.3096724e-10	0.021289494	7.7407603	44.55244	1
12831	SNX9	0.42781425	0.22435376	-0.9309033	8.933319	1
12836	AL139330.1	-1.3096724e-10	0.0020689333	4.4389157	5.740803	1
12857	FNDC1	-1.3096724e-10	0.004981423	5.6671624	13.604848	1
12868	MRPL18	0.3964507	0.25357023	-0.64455116	5.6752234	1
12874	SLC22A1	-1.3096724e-10	0.0019204585	4.3366127	5.669844	1
12888	AGPAT4	0.38917586	0.07447396	-2.384049	16.876934	1
12892	PACRG	-1.3096724e-10	0.0035747592	5.1995797	8.368002	1
12933	RNASET2	0.20966604	0.046036042	-2.184815	8.699548	1
12956	AFDN-DT	0.098844215	0.0052000154	-4.222547	6.075795	1
12957	AFDN	0.8964395	0.19158071	-2.225662	37.848236	1
13004	DLL1	-1.3096724e-10	0.006607767	6.0677624	18.404675	1
13011	AL031259.1	-1.3096724e-10	0.0020466812	4.424038	5.571627	1
13025	FAM20C	0.049285054	0.16041523	1.7005638	15.544844	1
13032	PDGFA	0.19371036	0.3826932	0.98191947	10.599715	1
13039	GET4	-1.3096724e-10	0.0037715335	5.274835	9.311357	1
13042	COX19	0.2960074	0.13574988	-1.1241071	7.5327687	1
13044	C7orf50	0.672744	0.27977052	-1.2655126	18.65942	1
13050	GPER1	-1.3096724e-10	0.008879205	6.4885178	22.357681	1
13051	ZFAND2A	0.19878887	0.07420539	-1.4204237	6.3969994	1
13077	LFNG	0.008081832	0.044829227	2.4571586	10.783897	1
13080	TTYH3	0.36211592	0.21769392	-0.7338862	5.2448316	1
13108	AC092171.5	-1.3096724e-10	0.0019735058	4.374002	5.1691236	1
13113	FSCN1	0.974865	0.4344115	-1.1659561	30.801298	1
13121	EIF2AK1	0.5084381	0.28195465	-0.85038126	10.55303	1
13130	KDELR2	1.6633269	0.84650326	-0.97440046	44.55244	1
13144	COL28A1	-1.3096724e-10	0.0020455765	4.4232955	5.184261	1
13153	GLCCI1	0.04153398	0.10923032	1.39286	7.949246	1
13170	THSD7A	0.077289306	0.19576204	1.3396316	8.942223	1
13176	SCIN	-1.3096724e-10	0.013996158	7.13916	33.153366	1
13178	ARL4A	0.2841481	0.52036417	0.8726483	9.977033	1
13179	AC011287.1	-1.3096724e-10	0.0024222631	4.6566486	7.722006	1
13186	AGMO	-1.3096724e-10	0.011182575	6.8179545	29.042702	1
13187	MEOX2	-1.3096724e-10	0.09040888	9.821918	44.55244	1
13188	AC005550.2	-1.3096724e-10	0.008287716	6.390208	18.12496	1
13189	LINC02587	-1.3096724e-10	0.0027692458	4.842602	6.342465	1
13206	AHR	0.2889333	0.088539675	-1.7052112	9.575385	1
13240	RAPGEF5	0.024498517	0.07940483	1.6924711	9.870269	1
13241	STEAP1B	0.0017724475	0.012378784	2.7364802	6.383374	1
13246	TOMM7	1.3829339	0.86003083	-0.6852085	30.94316	1
13256	MALSU1	0.36393094	0.1879224	-0.9531564	8.2286825	1
13279	AC005165.1	-1.3096724e-10	0.0026676517	4.7905927	6.3246875	1
13288	AC004540.2	0.0021028186	0.037790716	4.1044216	30.418674	1
13296	HOTAIRM1	0.02099411	0.095859066	2.1855788	14.723064	1
13297	HOXA2	-1.3096724e-10	0.009653798	6.607894	22.575256	1
13298	HOXA3	0.0025058354	0.0386657	3.8949628	26.17085	1
13299	HOXA-AS2	-1.3096724e-10	0.0049628676	5.661885	12.461264	1
13302	HOXA5	0.0075846706	0.0577833	2.913092	15.1766205	1
13303	HOXA6	-1.3096724e-10	0.013241992	7.059832	28.95029	1
13304	HOXA7	0.0017724475	0.048746202	4.7052493	44.55244	1
13306	HOXA9	-1.3096724e-10	0.119122036	10.219437	44.55244	1
13307	HOXA10-AS	-1.3096724e-10	0.047551274	8.896373	44.55244	1
13308	HOXA10	0.0076090964	0.2956156	5.2615047	44.55244	1
13309	HOXA11	0.0017724475	0.055116285	4.882097	44.55244	1
13310	HOXA11-AS	-1.3096724e-10	0.030492388	8.2570305	44.55244	1
13312	HOXA13	-1.3096724e-10	0.007036908	6.157229	16.527172	1
13341	SCRN1	0.37826204	0.20578422	-0.87793416	7.4061227	1
13343	FKBP14	0.5220807	0.18078119	-1.5295068	16.975016	1
13352	LINC01176	-1.3096724e-10	0.005589056	5.830119	13.887713	1
13359	GARS	0.5954931	0.22575371	-1.3989384	13.985605	1
13364	AQP1	0.38599777	0.0057303044	-6.049251	15.197035	1
13380	FKBP9	0.47408283	0.12972829	-1.8688385	19.756388	1
13395	TBX20	0.10585873	0.00022447854	-8.351164	7.0975266	1
13400	AC018647.3	-1.3096724e-10	0.007555171	6.2583647	19.656704	1
13403	AC018647.1	-1.3096724e-10	0.003978874	5.350101	10.168198	1
13426	EPDR1	0.17430669	0.01876598	-3.2085965	10.217849	1
13429	STARD3NL	0.48819953	0.29535016	-0.7248516	7.63298	1
13453	AMPH	0.009406747	0.09120304	3.2636392	37.245674	1
13455	POU6F2	-1.3096724e-10	0.0026852135	4.799718	7.5279617	1
13461	AC004837.4	-1.3096724e-10	0.0040306696	5.3683057	10.461796	1
13473	INHBA	0.50547403	0.08960626	-2.4946418	13.470047	1
13488	COA1	0.49602768	0.30922848	-0.6815718	7.034439	1
13500	AEBP1	0.7167429	0.24822617	-1.5294207	24.327312	1
13502	MYL7	0.23308676	9.255018e-09	-11.187137	14.950672	1
13509	TMED4	0.6470189	0.38539043	-0.74733585	10.741541	1
13522	CCM2	0.3815388	0.23104061	-0.7234371	5.8609676	1
13531	IGFBP3	1.9551495	0.75861764	-1.3657178	34.18017	1
13542	AC087175.1	-1.3096724e-10	0.004445032	5.5062203	11.886845	1
13543	TNS3	0.2024571	0.3777584	0.89951706	9.469365	1
13552	UPP1	0.2406828	0.0708758	-1.7623332	9.710366	1
13590	VSTM2A	-1.3096724e-10	0.007298363	6.209136	14.397914	1
13594	SEC61G	1.8929149	1.1209023	-0.7558965	44.55244	1
13610	SUMF2	0.59092385	0.26230586	-1.1714165	15.435001	1
13666	GUSB	0.2829813	0.09679988	-1.5466496	10.704285	1
13670	TPST1	0.23451096	0.07528003	-1.6380161	9.052724	1
13678	TMEM248	0.38610536	0.2261382	-0.7715255	6.7530065	1
13697	AC211476.2	-1.3096724e-10	0.002964859	4.937751	8.065577	1
13709	TBL2	0.22442298	0.08261559	-1.4406319	7.1939006	1
13719	METTL27	-1.3096724e-10	0.0019159139	4.333364	5.0720773	1
13725	EIF4H	0.7260397	0.45818353	-0.66400677	10.523064	1
13739	AC211486.5	-1.3096724e-10	0.0024935366	4.696851	7.241832	1
13754	MDH2	0.79834867	0.49333018	-0.69435376	12.8349085	1
13757	YWHAG	0.60633844	0.42144445	-0.5246765	6.403237	1
13771	GSAP	-1.3096724e-10	0.03781436	8.566603	44.55244	1
13778	PHTF2	0.20077814	0.3665041	0.8679023	8.760758	1
13791	CD36	0.0029005422	0.56814176	7.565138	44.55244	1
13795	HGF	0.2165059	0.010572658	-4.343081	10.110306	1
13797	AC006145.1	-1.3096724e-10	0.0032019743	5.045259	7.715552	1
13805	LINC00972	-1.3096724e-10	0.006927936	6.1350307	16.071754	1
13806	GRM3	0.0029005422	0.017396323	2.5437567	5.126079	1
13808	AC005009.2	-1.3096724e-10	0.008815523	6.4782495	22.61994	1
13850	CYP51A1	0.6715817	0.44715926	-0.58666646	7.289046	1
13856	GATAD1	0.49703547	0.32598472	-0.6083923	5.811882	1
13862	CDK6	0.19610421	0.5062098	1.3676645	27.50998	1
13863	AC000065.2	-1.3096724e-10	0.002853001	4.884112	8.3256445	1
13864	AC000065.1	-1.3096724e-10	0.004931272	5.652853	12.165494	1
13872	TFPI2	1.0465025	0.011609997	-6.481829	26.039917	1
13874	GNG11	1.1383717	0.6956898	-0.7103751	13.470881	1
13875	BET1	0.29092532	0.13177103	-1.142017	7.3831105	1
13879	AC002074.1	-1.3096724e-10	0.002617723	4.7643285	7.4499407	1
13881	COL1A2	2.7707267	1.6001133	-0.79205227	44.55244	1
13889	PON2	0.4803354	0.16073257	-1.5787829	14.098861	1
13893	AC002451.1	-1.3096724e-10	0.013008813	7.034395	33.08433	1
13898	DLX6-AS1	-1.3096724e-10	0.003414744	5.1353498	8.014791	1
13902	TAC1	0.76156974	0.39318854	-0.9535775	5.240613	1
13909	BRI3	1.6754732	1.1712307	-0.5165064	22.491955	1
13915	AC004893.3	-1.3096724e-10	0.0018978458	4.320375	5.3136396	1
13919	ARPC1A	0.84195536	0.5498537	-0.61460495	12.824679	1
13920	ARPC1B	0.7970162	0.4865353	-0.7119491	10.920333	1
13922	BUD31	0.8367738	0.4082304	-1.0352732	20.458344	1
13932	ZSCAN25	0.0037581578	0.026651245	2.7936218	11.56936	1
13952	AC073842.2	-1.3096724e-10	0.002198632	4.5227056	5.993144	1
14005	AP1S1	0.56612545	0.38898	-0.5413099	6.7508216	1
14009	PLOD3	0.5839135	0.16631263	-1.8112367	25.395334	1
14019	CUX1	0.91978955	0.47996086	-0.9382433	19.162199	1
14046	ARMC10	0.33259898	0.17458211	-0.9294856	6.6386137	1
14061	KMT2E	0.7922059	0.54389006	-0.5424773	8.163917	1
14070	CDHR3	0.00577548	0.025816342	2.1410835	5.126664	1
14071	SYPL1	0.4596061	0.2885749	-0.6712662	6.329609	1
14072	NAMPT	0.4996778	0.09272527	-2.4286973	20.526678	1
14082	AC006387.1	-1.3096724e-10	0.003973155	5.348077	9.677576	1
14096	LAMB1	0.68312055	0.24018344	-1.5076141	21.673412	1
14102	DNAJB9	0.29632705	0.14614834	-1.0192568	5.4313636	1
14113	DOCK4	0.4746284	0.12894598	-1.8792171	16.908922	1
14139	TES	0.15724453	0.28158775	0.84016967	6.930091	1
14143	CAV2	0.31309184	0.068919905	-2.1819623	14.018376	1
14144	CAV1	0.90966576	0.11565287	-2.9744473	34.792645	1
14149	CAPZA2	0.6238584	0.4259607	-0.550391	7.4771132	1
14166	ANKRD7	-1.3096724e-10	0.0046794084	5.578762	11.778043	1
14171	KCND2	0.0017724475	0.013601057	2.87129	7.305392	1
14175	CPED1	0.12897429	0.30592847	1.2454641	13.765596	1
14178	FAM3C	0.5545194	0.3308665	-0.7448131	9.7660475	1
14198	WASL	0.7320882	0.41964844	-0.80268973	13.293001	1
14228	SND1	0.47035217	0.29914844	-0.6527044	6.433223	1
14236	HILPDA	0.5839276	0.12011235	-2.2804513	20.02411	1
14241	AC018638.6	-1.3096724e-10	0.004521522	5.530298	12.35261	1
14243	CALU	2.28692	1.0132068	-1.1743978	44.55244	1
14274	CPA4	-1.3096724e-10	0.004650904	5.5701323	11.166476	1
14283	AC007938.3	0.0054255533	0.03911889	2.827358	13.055488	1
14284	AUXG01000058.1	0.11162955	0.27649063	1.3077414	12.84568	1
14287	KLF14	-1.3096724e-10	0.0027479478	4.831853	6.26215	1
14288	AC016831.6	-1.3096724e-10	0.003543776	5.187364	8.368658	1
14289	AC016831.7	-1.3096724e-10	0.00563837	5.842571	14.241712	1
14301	AC018643.1	-1.3096724e-10	0.0033864442	5.1236863	8.216442	1
14313	AKR1B1	0.31003883	0.10600146	-1.5474695	10.077748	1
14319	AC083870.1	0.008364619	0.03310743	1.9719892	5.509813	1
14324	AC083862.3	-1.3096724e-10	0.005322775	5.760961	13.064257	1
14335	MTPN	1.181515	0.66853577	-0.8214675	28.296808	1
14341	PTN	1.3962661	0.61075234	-1.1927816	23.44291	1
14344	DGKI	0.17433298	0.0057468107	-4.898879	9.856774	1
14345	CREB3L2	0.33080396	0.15081134	-1.1327113	7.809172	1
14349	TRIM24	0.652502	0.3255927	-1.0026921	14.285915	1
14350	SVOPL	-1.3096724e-10	0.009444327	6.5765734	22.584795	1
14364	TBXAS1	0.005797856	0.031969767	2.4429514	10.084233	1
14370	MKRN1	0.35859236	0.20564306	-0.8019032	6.181962	1
14377	MRPS33	0.52024317	0.35614327	-0.54660076	5.439465	1
14387	AC004918.4	-1.3096724e-10	0.0020157956	4.40313	5.75009	1
14525	AC004889.1	0.20884037	0.43245104	1.049779	17.13075	1
14530	OR2A1	-1.3096724e-10	0.001689033	4.16111	5.226568	1
14533	TPK1	0.0030285097	0.02151345	2.7883818	7.1811666	1
14535	CNTNAP2	0.03518592	0.16791554	2.25143	22.900524	1
14548	PDIA4	1.0308317	0.54995567	-0.90629923	22.241098	1
14560	ZNF467	0.29186293	0.106072344	-1.459377	10.045283	1
14571	ACTR3C	-1.3096724e-10	0.003172984	5.0325365	8.835673	1
14582	GIMAP8	-1.3096724e-10	0.0050553265	5.687994	13.608488	1
14584	GIMAP4	-1.3096724e-10	0.013281208	7.0640664	31.332106	1
14585	GIMAP6	-1.3096724e-10	0.004008996	5.360716	11.358171	1
14587	GIMAP1	-1.3096724e-10	0.010256665	6.6944175	24.699806	1
14593	NOS3	0.09155474	0.014287653	-2.6713781	5.40495	1
14599	SLC4A2	0.21632022	0.084168725	-1.360766	6.2817745	1
14602	TMUB1	0.18848103	0.08190113	-1.2014688	5.3007903	1
14618	RHEB	0.8077661	0.5095422	-0.6646313	13.87496	1
14624	GALNT11	0.38286328	0.23587078	-0.69859785	6.0226107	1
14640	PAXIP1-AS2	-1.3096724e-10	0.007825167	6.308371	19.397057	1
14695	ESYT2	0.22571519	0.054161206	-2.0571494	9.508213	1
14703	ZNF596	-1.3096724e-10	0.009352307	6.5625963	22.311203	1
14704	AC004908.2	-1.3096724e-10	0.004322537	5.466804	10.860338	1
14726	AC100810.1	0.3383398	0.13404116	-1.3351471	10.0183935	1
14728	ARHGEF10	0.24487223	0.07729492	-1.6623074	8.48609	1
14735	MYOM2	-1.3096724e-10	0.0075911786	6.265135	18.256	1
14765	AF233439.1	-1.3096724e-10	0.0027547681	4.835304	7.314369	1
14822	PPP1R3B	0.27464443	0.10522107	-1.383296	8.505078	1
14830	AC021242.3	-1.3096724e-10	0.003271406	5.0752807	8.558066	1
14838	AC104964.3	-1.3096724e-10	0.00594746	5.918259	16.13204	1
14858	AF131216.4	-1.3096724e-10	0.0024579542	4.6769204	6.3653874	1
14870	GATA4	0.62164026	0.0013090391	-8.785457	36.320026	1
14873	FDFT1	0.62486416	0.34924898	-0.8391047	9.086127	1
14875	CTSB	1.4613824	0.27664047	-2.400827	44.55244	1
14901	AC019270.1	-1.3096724e-10	0.010116593	6.6747723	23.853653	1
14905	SGCZ	-1.3096724e-10	0.018784733	7.5610785	39.5253	1
14921	SLC7A2	0.10852676	0.011613677	-3.2131135	5.4548926	1
14933	ASAH1	0.7327646	0.32576272	-1.1692824	20.589651	1
14939	PSD3	0.3423102	0.1537766	-1.1539516	8.353947	1
14954	LZTS1	0.056021363	0.15831135	1.4970537	11.732275	1
14966	GFRA2	0.006696398	0.07230399	3.413227	27.98388	1
14980	AC105206.3	-1.3096724e-10	0.0024292867	4.6606607	7.079675	1
14982	POLR3D	0.48835966	0.22049151	-1.1468621	12.610955	1
14991	PDLIM2	0.9422467	0.504808	-0.90023726	21.005901	1
15005	TNFRSF10B	0.3126582	0.083736055	-1.8994049	11.074446	1
15009	TNFRSF10D	0.29489136	0.047465794	-2.6326761	13.533307	1
15016	LOXL2	0.87407905	0.21436691	-2.0271738	32.743576	1
15022	SLC25A37	0.5846683	0.16193272	-1.8515799	21.33814	1
15027	STC1	0.5281189	0.078783125	-2.7433474	19.278822	1
15035	NEFM	0.022802	0.1799725	2.9750323	42.519016	1
15036	NEFL	0.010182849	0.039822172	1.9569503	5.152187	1
15050	EBF2	0.032439493	0.11575829	1.8320976	10.890826	1
15051	PPP2R2A	0.49891835	0.30676082	-0.70150846	7.623738	1
15052	BNIP3L	1.5013524	0.78877944	-0.928482	43.598198	1
15057	ADRA1A	-1.3096724e-10	0.006829625	6.1147075	17.064692	1
15064	EPHX2	0.16457869	0.03993912	-2.0401716	6.9239097	1
15065	CLU	0.24362794	0.029377235	-3.0475986	9.176293	1
15077	ZNF395	0.20381267	0.055051796	-1.8864716	8.878852	1
15087	HMBOX1	0.24027409	0.3958483	0.72003067	7.3504705	1
15089	AC108449.2	-1.3096724e-10	0.004860977	5.6325545	12.564173	1
15093	DUSP4	0.41408637	0.030356554	-3.7654555	21.37937	1
15104	SARAF	1.1093746	0.6233271	-0.83158386	27.559921	1
15112	AC026979.3	-1.3096724e-10	0.0041289073	5.402215	10.588723	1
15115	RBPMS	0.43859234	0.2800237	-0.6471455	5.325266	1
15116	GTF2E2	0.294094	0.15340342	-0.93849695	6.1368074	1
15126	AC068672.2	-1.3096724e-10	0.00438659	5.4875493	11.309734	1
15130	NRG1	0.004380397	0.03951869	3.1444829	17.101402	1
15135	AC090204.1	0.5391828	0.27641138	-0.9637033	12.208377	1
15168	ERLIN2	0.21509299	0.091241695	-1.2362856	5.6467996	1
15169	PLPBP	0.24723735	0.1027295	-1.2662259	7.759515	1
15175	EIF4EBP1	1.0707259	0.28727898	-1.8976976	38.690937	1
15194	AC087623.3	-1.3096724e-10	0.0045906263	5.5517106	11.015342	1
15199	TACC1	0.31454843	0.18135415	-0.79413563	5.014599	1
15202	PLEKHA2	0.109811224	0.024935393	-2.1342978	5.4033375	1
15229	GINS4	0.027264072	0.101272434	1.8893106	14.827357	1
15230	AC009630.2	-1.3096724e-10	0.0025926153	4.750938	7.0930285	1
15247	VDAC3	0.57482433	0.39010292	-0.55914754	6.8524575	1
15250	SMIM19	0.48337075	0.31878492	-0.6003927	6.2245035	1
15258	FNTA	0.5600519	0.32495725	-0.78512436	10.430089	1
15271	CEBPD	0.35908332	0.06487281	-2.4668124	11.703718	1
15275	UBE2V2	0.597886	0.35762367	-0.74126637	9.204437	1
15298	AC090186.1	-1.3096724e-10	0.0024962008	4.698332	6.6425476	1
15299	PCMTD1	0.50346845	0.3058841	-0.7187314	7.898896	1
15302	AC064807.4	-1.3096724e-10	0.002405778	4.6471887	6.3990545	1
15314	OPRK1	-1.3096724e-10	0.007825469	6.3084264	15.670049	1
15322	TCEA1	1.0592238	0.5525612	-0.9386763	21.273182	1
15334	TMEM68	0.17761204	0.06775702	-1.3889714	6.0014563	1
15342	CHCHD7	0.30766204	0.13707443	-1.1658037	7.8609447	1
15345	PENK	0.9192572	0.007036723	-7.00922	19.970425	1
15350	IMPAD1	0.3714322	0.21223037	-0.8071764	6.591698	1
15391	ASPH	1.073484	0.3296479	-1.7029997	41.458317	1
15402	GGH	0.24074408	0.037914693	-2.6634705	10.821394	1
15410	AC018953.1	-1.3096724e-10	0.0018777597	4.305797	5.379826	1
15437	RRS1-AS1	-1.3096724e-10	0.0019115183	4.330215	5.596321	1
15446	TCF24	-1.3096724e-10	0.021765195	7.7724943	43.10528	1
15447	PPP1R42	-1.3096724e-10	0.0029509615	4.931194	7.8551702	1
15448	COPS5	0.4785809	0.32124326	-0.5749491	5.602866	1
15459	AC083967.1	0.00544463	0.22118028	5.3186398	44.55244	1
15463	SULF1	0.9433828	1.6429396	0.8002991	28.399435	1
15472	TRAM1	0.7526153	0.37774792	-0.9942987	18.628193	1
15477	EYA1	-1.3096724e-10	0.015417222	7.2777286	36.124832	1
15485	KCNB2	-1.3096724e-10	0.006193449	5.975781	14.303376	1
15488	AC022893.2	-1.3096724e-10	0.0019843094	4.3814993	5.168594	1
15491	AC022893.1	-1.3096724e-10	0.0057942313	5.8812337	14.083268	1
15492	SBSPON	-1.3096724e-10	0.00528295	5.750327	13.425559	1
15494	C8orf89	-1.3096724e-10	0.0033362287	5.102756	8.330394	1
15505	ELOC	0.7746128	0.4299202	-0.8492572	15.831871	1
15523	HNF4G	-1.3096724e-10	0.0028562073	4.8856773	7.400554	1
15527	ZFHX4-AS1	-1.3096724e-10	0.01856983	7.544567	39.031273	1
15529	ZFHX4	0.012111775	0.3008997	4.6234174	44.55244	1
15539	IL7	0.004695867	0.037018295	2.952267	14.977001	1
15540	AC083837.1	-1.3096724e-10	0.009968641	6.653727	22.988543	1
15541	LINC02605	-1.3096724e-10	0.01770048	7.4757743	39.758537	1
15543	STMN2	1.9353456	0.8027186	-1.2695199	41.316406	1
15545	HEY1	0.74444413	0.14588517	-2.3505356	27.176168	1
15552	TPD52	0.239791	0.0027515343	-6.394497	14.406354	1
15559	ZNF704	0.35194683	0.12165995	-1.5317276	9.102529	1
15571	FABP4	-1.3096724e-10	0.34887502	11.768909	44.55244	1
15592	RBIS	0.8866599	0.5886807	-0.59081316	12.060359	1
15611	RMDN1	0.3682552	0.22719578	-0.69652665	5.3759956	1
15641	OTUD6B-AS1	0.4222497	0.2745312	-0.62094253	5.5979395	1
15644	SLC26A7	0.0034832128	0.10894338	4.9275045	44.55244	1
15662	FAM92A	0.38082987	0.23193207	-0.7152012	5.7550488	1
15709	AP003117.1	-1.3096724e-10	0.0017792342	4.2320747	5.4058676	1
15714	LAPTM4B	0.6605413	0.44171733	-0.5804173	6.970804	1
15715	MATN2	0.45200357	0.12309796	-1.8756748	15.793672	1
15727	OSR2	-1.3096724e-10	0.002363524	4.6226535	5.57134	1
15739	SPAG1	-1.3096724e-10	0.006832375	6.1152797	16.424469	1
15757	ZNF706	0.8145483	0.5568435	-0.5486464	8.874558	1
15785	BAALC	0.69218993	0.059055746	-3.5487862	31.47031	1
15790	CTHRC1	0.40696108	0.03347712	-3.5996947	14.5529	1
15801	LRP12	0.3167936	0.17446302	-0.86025035	6.1066175	1
15802	ZFPM2	0.13046022	0.030011106	-2.1163478	6.34296	1
15810	AC027031.2	0.2820834	0.09194932	-1.616154	8.213391	1
15811	OXR1	0.5596822	0.28363043	-0.9803448	12.327642	1
15816	ANGPT1	0.24493404	0.4914249	1.0042822	13.960945	1
15819	RSPO2	-1.3096724e-10	0.0027301328	4.8227997	6.05659	1
15844	CSMD3	-1.3096724e-10	0.057388477	9.167131	44.55244	1
15864	EXT1	0.39136666	0.22466843	-0.80045	5.129087	1
15865	SAMD12	-1.3096724e-10	0.018837811	7.565128	44.55244	1
15876	ENPP2	-1.3096724e-10	0.034002896	8.413753	44.55244	1
15882	AC091563.1	-1.3096724e-10	0.0019311813	4.3442492	5.3258824	1
15883	COL14A1	0.3247185	0.029226778	-3.4693432	15.617117	1
15886	SNTB1	0.005551082	0.025443148	2.1763375	5.4404254	1
15895	LINC01151	-1.3096724e-10	0.003378788	5.120515	10.300483	1
15904	DERL1	0.33620432	0.15640837	-1.1035274	8.536385	1
15914	FBXO32	0.1042069	0.008247368	-3.6433694	5.2708735	1
15934	MTSS1	0.44151512	0.025983896	-4.081558	23.600607	1
15948	AC016074.2	-1.3096724e-10	0.0022817256	4.5739374	6.4231796	1
15968	MYC	0.059608843	0.16481072	1.4656687	11.657319	1
15972	CCDC26	-1.3096724e-10	0.0022012272	4.5243335	6.1715927	1
16001	AF230666.2	-1.3096724e-10	0.0028713325	4.89304	8.368513	1
16004	SLA	-1.3096724e-10	0.028086832	8.13888	44.55244	1
16006	CCN4	0.0058101183	0.046865035	2.9903283	15.854729	1
16007	NDRG1	0.34674376	0.019282605	-4.1614513	15.555918	1
16040	PEG13	-1.3096724e-10	0.0021968794	4.521605	6.194644	1
16090	LY6E	1.14388	0.59370756	-0.94599444	23.556807	1
16093	LY6H	0.019978618	0.062452547	1.6394087	5.7690945	1
16105	MAFA	-1.3096724e-10	0.005331	5.763148	12.787217	1
16136	AC109322.2	-1.3096724e-10	0.014323596	7.172289	33.573395	1
16137	PLEC	0.3433092	0.16421658	-1.0634506	8.514868	1
16139	GRINA	0.56827307	0.33225074	-0.77413166	9.293309	1
16152	SCX	0.006619573	0.110357605	4.0389795	44.55244	1
16195	C8orf33	0.35978132	0.16810565	-1.097295	7.7034583	1
16199	PGM5P3-AS1	-1.3096724e-10	0.015393013	7.275476	34.092426	1
16223	VLDLR	0.26136684	0.0476797	-2.4521582	12.410485	1
16247	IGHEP2	-1.3096724e-10	0.0016636957	4.1405315	5.4145927	1
16265	IL33	0.50685906	0.012566221	-5.322811	19.557104	1
16267	UHRF2	0.20389968	0.09072104	-1.1674684	5.1509457	1
16281	PTPRD	0.42995858	0.25898495	-0.73110795	5.9022355	1
16294	LURAP1L-AS1	-1.3096724e-10	0.0024183677	4.654419	6.4290295	1
16295	LURAP1L	0.050568745	0.13312803	1.3947297	7.5480013	1
16307	AL159169.2	-1.3096724e-10	0.0032964607	5.0859623	8.007243	1
16314	SNAPC3	0.29757792	0.13940981	-1.0933856	7.679985	1
16318	BNC2	0.0032972523	0.08579772	4.6601796	44.55244	1
16321	BNC2-AS1	-1.3096724e-10	0.0047071557	5.5871134	11.649388	1
16331	PLIN2	0.8362407	0.43943664	-0.9281074	12.345434	1
16343	MLLT3	0.2791053	0.15230633	-0.87340343	5.052068	1
16367	AL359922.2	-1.3096724e-10	0.0031004723	5.0002146	8.081049	1
16381	ELAVL2	-1.3096724e-10	0.026285801	8.04362	44.55244	1
16398	LRRC19	-1.3096724e-10	0.0021730931	4.506587	6.003781	1
16409	AL353746.1	0.004484119	0.060597606	3.7269235	37.78073	1
16410	LINGO2	0.015593322	0.05632288	1.8461295	6.6970477	1
16412	AL162388.2	-1.3096724e-10	0.013356114	7.0721197	32.8895	1
16432	CHMP5	0.76838005	0.53269285	-0.5284331	9.133602	1
16434	AQP7	-1.3096724e-10	0.006779234	6.104178	17.68095	1
16450	AL356489.3	-1.3096724e-10	0.0026458665	4.7791915	7.7704663	1
16454	PRSS3	-1.3096724e-10	0.009038574	6.5138993	22.898273	1
16463	NUDT2	0.2787343	0.12051271	-1.209026	7.3771873	1
16470	CNTFR	0.39518	0.092729665	-2.090217	14.533829	1
16480	AL162231.2	0.11567702	0.025859335	-2.1570237	5.563345	1
16482	CCL21	0.27198297	0.003649173	-6.18133	11.717796	1
16508	CCDC107	0.6557187	0.28369352	-1.2084554	20.899866	1
16518	AL133410.1	-1.3096724e-10	0.002316085	4.594601	5.9948144	1
16542	EBLN3P	0.31512457	0.15760756	-0.99912816	6.8295918	1
16544	ZCCHC7	0.33097824	0.16606864	-0.994524	6.8351703	1
16557	SHB	0.09756684	0.008716153	-3.4696476	6.000078	1
16567	CNTNAP3	-1.3096724e-10	0.003967612	5.3461123	9.409688	1
16577	BMS1P14	-1.3096724e-10	0.003082338	4.9920173	8.365422	1
16581	BX255923.1	-1.3096724e-10	0.0028712086	4.89298	6.615352	1
16612	AL590399.1	-1.3096724e-10	0.0067926394	6.1069865	16.865274	1
16628	FP326651.1	-1.3096724e-10	0.0027216198	4.818454	7.653997	1
16649	PGM5-AS1	-1.3096724e-10	0.02730539	8.098318	44.55244	1
16651	AL161457.1	-1.3096724e-10	0.0027552927	4.835569	6.8302574	1
16670	MAMDC2-AS1	-1.3096724e-10	0.0069825426	6.1461973	17.16113	1
16671	MAMDC2	0.1487029	0.012318142	-3.5828815	7.960038	1
16676	TRPM3	0.0020655142	0.028549053	3.7257059	20.278439	1
16691	ANXA1	0.26604852	0.46085107	0.7923821	7.8949513	1
16696	RORB	0.10534824	0.0025694224	-5.3038635	6.7063236	1
16718	CEP78	0.0800611	0.17392887	1.1183524	6.8268766	1
16719	PSAT1	0.29434302	0.07640065	-1.9444445	8.733397	1
16722	TLE4	0.23034114	0.38856465	0.7541275	6.991117	1
16728	TLE1	0.24974456	0.7537777	1.5932997	44.251408	1
16768	C9orf153	0.0022010254	0.01510803	2.7244844	6.424879	1
16781	CTSL	0.5097399	0.301135	-0.759155	7.8010883	1
16788	SPIN1	0.27040783	0.39898652	0.5610313	5.3680873	1
16793	S1PR3	0.13605429	0.6636004	2.2852895	44.55244	1
16809	SYK	0.0032325177	0.1152665	5.113468	44.55244	1
16824	IARS	0.4335431	0.21125813	-1.0368184	8.286687	1
16828	OMD	-1.3096724e-10	0.0018860992	4.3118677	5.3700037	1
16829	ASPN	0.18871133	0.033812184	-2.4770696	5.6097493	1
16839	CARD19	0.34189022	0.091984116	-1.8929307	14.207841	1
16853	AL158152.1	0.055022813	0.11439077	1.0545098	5.2038565	1
16919	ANP32B	1.4404826	0.9417339	-0.6131079	21.49704	1
16921	NANS	0.3414152	0.18453443	-0.88727814	6.146892	1
16923	CORO2A	0.17836092	0.004096592	-5.4102464	11.653347	1
16925	GABBR2	-1.3096724e-10	0.003111379	5.005123	8.414406	1
16930	COL15A1	0.61781305	0.021397501	-4.845163	23.992615	1
16934	ALG2	0.266007	0.12161941	-1.1284472	7.043308	1
16944	ERP44	0.6752792	0.31401208	-1.1044184	18.921156	1
16947	MSANTD3	0.33580956	0.14751169	-1.1862658	8.973926	1
16956	TMEM246	0.18871641	0.032339115	-2.5411777	10.392129	1
16978	ABCA1	0.32811552	0.1603246	-1.032748	5.6108737	1
16982	SLC44A1	0.5810714	0.18444714	-1.6549743	18.981594	1
16993	ZNF462	0.19164616	0.333951	0.8008706	6.908673	1
16994	AL807761.4	-1.3096724e-10	0.0038142756	5.2906756	9.167039	1
16996	RAD23B	0.6091004	0.4184396	-0.54155284	6.876355	1
17006	CTNNAL1	0.45152852	0.12580426	-1.8428094	14.250699	1
17011	PALM2-AKAP2	0.39076394	0.5595754	0.5179239	5.171707	1
17016	SVEP1	0.026636746	0.109283246	2.0324962	15.169851	1
17061	ZNF618	0.15145978	0.27250984	0.84695053	7.6185913	1
17074	TNFSF15	0.0017724475	0.01388346	2.9007244	7.815609	1
17083	PAPPA	0.19922331	0.019505486	-3.345781	7.45538	1
17086	PAPPA-AS1	-1.3096724e-10	0.0021104934	4.4662986	6.137624	1
17094	TLR4	0.050364476	0.121064626	1.2636284	7.7090416	1
17112	RAB14	0.6512072	0.4573979	-0.5095731	6.8465347	1
17113	GSN	0.941515	0.5804956	-0.6976037	15.855722	1
17116	STOM	0.20791517	0.081035554	-1.3582826	6.5937815	1
17120	AL596244.1	-1.3096724e-10	0.0028642404	4.8895926	7.79811	1
17123	NDUFA8	0.6161505	0.34864542	-0.82134277	12.928391	1
17154	MIR600HG	-1.3096724e-10	0.0027225674	4.8189383	7.22272	1
17164	NEK6	0.6408296	0.13160802	-2.2828226	28.103115	1
17202	ANGPTL2	0.19488043	0.058723956	-1.7288536	7.4879827	1
17210	NIBAN2	0.31559345	0.10823035	-1.5430868	10.16947	1
17217	SH2D3C	0.01715618	0.09947523	2.5286736	21.58976	1
17221	ENG	0.8047017	0.24008647	-1.7444785	24.705656	1
17223	AK1	0.6502759	0.36796057	-0.8213306	10.087401	1
17228	DPM2	0.3160188	0.15608375	-1.0172224	7.7695293	1
17241	GOLGA2	0.63129073	0.34716716	-0.8624872	11.4500265	1
17242	SWI5	0.5050282	0.17159046	-1.5568397	19.198479	1
17250	CERCAM	0.5400151	0.11242082	-2.2630749	25.089499	1
17283	IER5L	0.48280263	0.30987334	-0.63958824	5.544948	1
17284	AL158151.3	-1.3096724e-10	0.0035084365	5.173304	8.22513	1
17302	PRRX2	0.17003317	0.02734077	-2.6322715	7.189219	1
17309	FNBP1	0.5332658	0.33604908	-0.66602427	6.5542336	1
17314	NCS1	0.23491697	0.115815125	-1.0196961	5.373144	1
17316	ASS1	0.13473217	0.0029563995	-5.4631877	7.468862	1
17364	SURF4	0.5596619	0.24946272	-1.1654109	15.926449	1
17369	SLC2A6	0.15015668	0.03436697	-2.1241426	6.698263	1
17371	ADAMTSL2	0.30624843	0.0008753272	-8.295072	16.964985	1
17389	COL5A1	0.6926249	0.36341456	-0.9302695	11.685438	1
17403	MRPS2	0.35117665	0.16090244	-1.125525	9.294318	1
17428	CARD9	-1.3096724e-10	0.0022280514	4.541053	5.7057605	1
17440	EGFL7	1.6709442	0.3228046	-2.37157	44.55244	1
17441	AGPAT2	0.54884034	0.15325019	-1.8398194	21.00632	1
17442	DIPK1B	0.3263126	0.130999	-1.31604	10.50735	1
17443	SNHG7	1.0425696	0.48304403	-1.109757	25.236494	1
17448	TMEM141	1.2217708	0.4593016	-1.411264	40.006973	1
17449	CCDC183	0.19892476	0.024330188	-3.026211	10.695545	1
17451	RABL6	0.7821836	0.32791328	-1.2539375	21.821974	1
17453	PHPT1	1.4895549	0.9696723	-0.6192602	26.022442	1
17458	FBXW5	0.49941963	0.22525612	-1.1483347	14.446931	1
17462	PTGDS	1.030815	0.0033452164	-8.225115	32.369774	1
17469	NPDC1	0.4332029	0.21318251	-1.0226102	9.659239	1
17470	ENTPD2	-1.3096724e-10	0.037647296	8.560231	44.55244	1
17477	MAN1B1	0.31351528	0.13340324	-1.232121	9.624015	1
17478	DPP7	0.41397464	0.101229794	-2.0308323	17.702137	1
17489	CYSRT1	-1.3096724e-10	0.0020351158	4.4162445	5.2660656	1
17498	BX255925.1	-1.3096724e-10	0.002091502	4.4538503	5.5919313	1
17500	NRARP	0.027610809	0.24150904	3.1241536	44.55244	1
17532	ADARB2	-1.3096724e-10	0.008380463	6.406073	20.11679	1
17550	PFKP	0.7330811	0.07915564	-3.209584	39.750336	1
17573	MANCR	-1.3096724e-10	0.0020372067	4.4176564	5.483901	1
17588	NET1	0.039194662	0.149992	1.9334419	17.942484	1
17610	PFKFB3	0.17692935	0.037026122	-2.253482	9.192467	1
17614	PRKCQ	-1.3096724e-10	0.004316103	5.464704	10.298988	1
17622	SFMBT2	0.0049698427	0.08197603	4.016948	44.55244	1
17630	GATA3	0.05158296	0.3714102	2.8456411	44.55244	1
17646	SFTA1P	-1.3096724e-10	0.0064427964	6.0318375	18.253035	1
17658	ECHDC3	-1.3096724e-10	0.005442798	5.7925444	13.5971365	1
17670	CCDC3	0.24351555	0.06800234	-1.8388299	7.2298546	1
17671	OPTN	0.4753649	0.27553692	-0.7865697	7.066871	1
17674	PHYH	0.34413463	0.13677828	-1.3304987	10.1063595	1
17699	ACBD7	-1.3096724e-10	0.002437675	4.665437	6.1130733	1
17702	NMT2	0.24519733	0.068421006	-1.8399134	8.4819765	1
17703	FAM171A1	0.36807847	0.13962063	-1.3978602	10.496086	1
17719	AL133415.1	-1.3096724e-10	0.002564001	4.7355247	7.0615473	1
17727	MRC1	-1.3096724e-10	0.0030262196	4.966349	8.92848	1
17736	ARL5B	0.31434786	0.1818122	-0.7895785	5.0895023	1
17741	AL353147.1	-1.3096724e-10	0.0020109434	4.399818	5.5573983	1
17753	DNAJC1	0.9600119	0.46529937	-1.0447334	25.747736	1
17768	PIP4K2A	0.49726048	0.12829958	-1.9536513	17.92489	1
17778	KIAA1217	0.0409794	0.11457319	1.4810411	9.809716	1
17791	MYO3A	-1.3096724e-10	0.023161616	7.8618093	44.55244	1
17793	APBB1IP	-1.3096724e-10	0.0031323303	5.0145044	9.439342	1
17799	YME1L1	0.6615044	0.43155247	-0.61609864	9.192103	1
17816	BAMBI	1.5005487	0.21553999	-2.7988896	44.55244	1
17822	SVIL	1.13486	0.39751428	-1.5132	39.907658	1
17823	JCAD	0.18442404	0.021794122	-3.0751934	10.2913475	1
17872	CCNY	0.5994223	0.31015688	-0.95035017	13.280185	1
17877	FZD8	0.040484045	0.21176569	2.3841653	31.311527	1
17909	CSGALNACT2	0.25122565	0.13306817	-0.9163085	5.0616636	1
17938	TMEM72-AS1	-1.3096724e-10	0.005902578	5.907512	13.917567	1
17940	TMEM72	-1.3096724e-10	0.0060705626	5.947332	14.683378	1
17942	AL353801.3	-1.3096724e-10	0.0026376843	4.774886	6.7396083	1
18005	ERCC6	0.23769312	0.09371596	-1.3418018	6.518899	1
18007	SLC18A3	-1.3096724e-10	0.0025567135	4.7315726	5.4807043	1
18012	TIMM23B-AGAP6	-1.3096724e-10	0.0024441169	4.669095	6.9930735	1
18026	PRKG1	0.15652986	0.5223071	1.7378153	35.94534	1
18028	AC022537.1	-1.3096724e-10	0.0044695316	5.513976	11.412819	1
18031	PRKG1-AS1	-1.3096724e-10	0.0041601574	5.4128366	10.513226	1
18046	AC010996.1	-1.3096724e-10	0.0029627113	4.9367394	7.7106447	1
18069	RHOBTB1	0.10670509	0.19232313	0.8493018	5.288424	1
18071	TMEM26	0.029111117	0.13501443	2.2095923	22.138088	1
18077	ARID5B	0.4484671	0.67909247	0.5984967	8.331302	1
18109	PBLD	0.0049338215	0.027080407	2.4328413	10.285663	1
18114	TET1	0.842462	0.34937117	-1.2696095	21.32087	1
18128	HK1	0.58224213	0.18340208	-1.6660707	20.594343	1
18141	SAR1A	0.6156386	0.32922202	-0.90281916	11.331987	1
18142	PPA1	0.27409998	0.42305598	0.6259612	7.293743	1
18149	ADAMTS14	-1.3096724e-10	0.0048596566	5.63217	13.664234	1
18150	TBATA	-1.3096724e-10	0.006346925	6.0105414	17.934002	1
18151	SGPL1	0.07558966	0.14583035	0.9471118	5.1963053	1
18157	UNC5B-AS1	0.35052782	0.015595896	-4.481481	14.151896	1
18162	VSIR	0.002759181	0.022677582	2.9939408	9.360543	1
18163	PSAP	1.3726523	0.61237997	-1.1643367	44.55244	1
18168	ASCC1	0.26786765	0.10125591	-1.4026285	9.451004	1
18169	ANAPC16	0.91695774	0.60095733	-0.60950994	14.393849	1
18170	DDIT4	1.5085914	0.07461493	-4.3357573	44.55244	1
18180	P4HA1	2.0895317	0.41458827	-2.3331494	44.55244	1
18202	AC073389.2	-1.3096724e-10	0.0027931253	4.854559	7.464534	1
18206	FUT11	0.33429185	0.081761345	-2.0302854	13.367864	1
18209	ZSWIM8-AS1	-1.3096724e-10	0.0039216904	5.329732	9.788761	1
18229	VDAC2	1.2870466	0.807271	-0.67287266	26.325247	1
18252	DLG5-AS1	-1.3096724e-10	0.0035658886	5.196093	8.727098	1
18267	ZCCHC24	0.60682094	0.24707763	-1.2959604	17.675909	1
18286	ANXA11	0.33918288	0.12627049	-1.424829	11.369299	1
18292	PRXL2A	1.0010055	0.60348225	-0.72997177	16.525093	1
18298	NRG3	0.03353683	0.087296255	1.3775297	6.150552	1
18299	AC010157.2	-1.3096724e-10	0.0026858898	4.8000684	7.160501	1
18306	GHITM	0.6989038	0.43162602	-0.6951843	11.544697	1
18314	CCSER2	0.39226663	0.23789859	-0.7212493	5.774091	1
18331	MMRN2	0.014120369	0.057487193	2.0177891	8.988117	1
18340	AL136982.3	-1.3096724e-10	0.003188333	5.0392866	8.999318	1
18352	PAPSS2	0.26744613	0.11919226	-1.1652871	6.1944838	1
18353	ATAD1	0.49057811	0.22818331	-1.1039515	11.864813	1
18354	KLLN	-1.3096724e-10	0.0051156348	5.704773	12.29199	1
18365	ACTA2-AS1	-1.3096724e-10	0.00328904	5.0828066	9.473864	1
18370	CH25H	-1.3096724e-10	0.003913116	5.326653	8.035147	1
18371	LIPA	0.6113399	0.195375	-1.6452267	16.934435	1
18372	IFIT2	0.123152256	0.23370738	0.9237064	6.42459	1
18374	IFIT3	0.25731152	0.42023903	0.7074768	6.63307	1
18414	HHEX	0.14168856	0.010260023	-3.774642	7.887337	1
18425	FRA10AC1	0.40330896	0.2125612	-0.92368627	6.982902	1
18426	LGI1	-1.3096724e-10	0.047128007	8.883501	44.55244	1
18427	AL157396.1	-1.3096724e-10	0.020991398	7.720513	44.55244	1
18429	SLC35G1	0.038024966	0.1377188	1.8539647	13.518429	1
18475	PGAM1	1.0951432	0.327794	-1.73995	44.55244	1
18476	EXOSC1	0.3018442	0.15955837	-0.9192937	5.3677473	1
18479	UBTD1	0.17086294	0.053913	-1.662305	5.8022394	1
18486	MARVELD1	0.3451541	0.15773086	-1.1292791	8.251827	1
18497	AL139243.1	-1.3096724e-10	0.0019233072	4.3386455	5.048694	1
18498	HPSE2	0.006530587	0.044291776	2.743084	11.772145	1
18499	CNNM1	0.0068677473	0.046057843	2.7278118	15.394829	1
18507	AL133353.1	-1.3096724e-10	0.0032677832	5.0737295	8.602237	1
18515	ERLIN1	0.1975611	0.08760229	-1.1723427	5.1748624	1
18523	SCD	0.28456557	0.07648341	-1.8941641	9.360033	1
18539	SFXN3	0.21520127	0.08031813	-1.4207642	6.57437	1
18540	AL133215.2	-1.3096724e-10	0.005442552	5.7924805	13.098577	1
18543	TLX1	-1.3096724e-10	0.0026681514	4.790853	6.271633	1
18551	DPCD	0.4394042	0.1339555	-1.7130466	18.87968	1
18570	PSD	0.2564459	0.06317339	-2.0195463	9.754462	1
18571	FBXL15	0.24433151	0.10464315	-1.2225744	7.4673347	1
18579	TRIM8	0.5350459	0.25144812	-1.089098	12.061532	1
18582	SFXN2	0.0015507364	0.024840463	3.9173067	24.498087	1
18611	STN1	0.22953	0.07630284	-1.587613	8.802512	1
18612	SLK	0.49368984	0.33358327	-0.5654178	5.7429066	1
18614	SFR1	0.12567504	0.024403213	-2.359803	6.0933337	1
18616	GSTO1	1.2804776	0.69437355	-0.882803	30.124828	1
18625	SORCS3	-1.3096724e-10	0.002726901	4.8211513	6.0510025	1
18633	LINC01435	-1.3096724e-10	0.0018343225	4.2737584	5.1819897	1
18639	MXI1	0.48445472	0.15463421	-1.6468673	15.961248	1
18650	AL158163.2	-1.3096724e-10	0.0020617242	4.4341125	5.6026244	1
18653	ADRA2A	0.0088533955	0.065047055	2.8631933	19.128092	1
18655	AL136119.1	-1.3096724e-10	0.0041905814	5.423103	9.505162	1
18666	TCF7L2	0.33271664	0.58392787	0.8113097	14.6497755	1
18667	AL158212.2	0.010425403	0.049123645	2.225476	10.289791	1
18676	AL592546.3	-1.3096724e-10	0.0041387035	5.405553	10.422001	1
18683	AFAP1L2	0.10548472	0.27749288	1.3945694	18.804504	1
18691	GFRA1	-1.3096724e-10	0.18162686	10.827558	44.55244	1
18692	AC012470.1	-1.3096724e-10	0.0045437184	5.5372105	11.460017	1
18707	SLC18A2	-1.3096724e-10	0.004420015	5.4982576	11.232681	1
18721	FAM204A	0.6424374	0.4403589	-0.5447731	7.161018	1
18736	TIAL1	0.56092435	0.37524718	-0.57983786	6.8394585	1
18744	WDR11-AS1	-1.3096724e-10	0.0022615253	4.561649	5.489534	1
18757	AL731566.2	-1.3096724e-10	0.003485382	5.164057	9.019179	1
18762	PLEKHA1	0.30909827	0.17047039	-0.8581649	5.7065806	1
18765	HTRA1	1.1000515	0.62454224	-0.81660026	18.828823	1
18788	CHST15	-1.3096724e-10	0.017869687	7.4894233	44.55244	1
18817	ADAM12	0.27663577	0.13587767	-1.0251392	5.2293506	1
18825	INSYN2A	-1.3096724e-10	0.0037726078	5.2752357	9.609493	1
18846	EBF3	0.022159189	0.075695835	1.7677176	7.6899323	1
18861	BNIP3	1.9678577	0.29116827	-2.756279	44.55244	1
18888	ADAM8	-1.3096724e-10	0.0019573444	4.3627133	5.5603037	1
18912	BET1L	0.21482521	0.07845127	-1.4521282	7.948964	1
18925	IFITM1	0.2487282	0.030792452	-3.0098238	11.673914	1
18931	AC136475.5	-1.3096724e-10	0.0023301102	4.6029515	6.6266184	1
18935	SIGIRR	0.210485	0.084209606	-1.3206338	6.074811	1
18939	RNH1	0.7070494	0.41846925	-0.7565488	12.66238	1
18940	AC137894.3	-1.3096724e-10	0.0032908623	5.0835824	8.953442	1
18943	LRRC56	-1.3096724e-10	0.0027547197	4.835279	7.0873613	1
18947	MIR210HG	0.3230969	0.017022794	-4.2384233	19.91834	1
18970	CD151	0.6621127	0.3400327	-0.961197	15.135939	1
18972	TSPAN4	0.64583415	0.22027098	-1.5514529	23.615713	1
18974	CHID1	0.8737893	0.30454174	-1.520337	32.56493	1
18983	TOLLIP	0.2504493	0.109598175	-1.1915549	6.880563	1
19003	CTSD	0.8022315	0.3171899	-1.3383969	22.541786	1
19015	MRPL23	0.17856245	0.068079315	-1.3898305	5.379305	1
19039	SLC22A18	0.093263306	0.011003549	-3.0718348	5.401164	1
19040	PHLDA2	0.22595133	0.46320134	1.0353004	13.737194	1
19043	CARS	0.24109666	0.097809695	-1.3006862	6.69078	1
19060	CHRNA10	-1.3096724e-10	0.004687152	5.5810976	11.868664	1
19084	OR51D1	-1.3096724e-10	0.004614035	5.5588923	10.552184	1
19085	OR51E1	-1.3096724e-10	0.016432641	7.3691754	38.565853	1
19086	OR51E2	-1.3096724e-10	0.005821001	5.887771	15.490291	1
19154	CAVIN3	0.35532185	0.07342909	-2.2731452	13.170738	1
19167	TAF10	0.717908	0.37336332	-0.9430336	17.244493	1
19169	TPP1	0.23132905	0.08550958	-1.4347258	7.642495	1
19171	DCHS1	0.26435828	0.09242928	-1.5150582	8.081223	1
19174	MRPL17	0.76414585	0.2423385	-1.6564181	27.553028	1
19191	OLFML1	0.0024094721	0.028084364	3.489439	16.328253	1
19194	CYB5R2	0.100290015	0.013257767	-2.9098651	6.1206098	1
19231	TMEM41B	0.31834018	0.1672816	-0.9278815	6.1266427	1
19245	ADM	0.36127025	0.012528859	-4.8386817	16.450111	1
19250	LYVE1	0.002580053	0.023241078	3.1225379	10.708068	1
19251	MRVI1	0.017564638	0.08876386	2.3307326	17.110523	1
19266	DKK3	0.25735396	0.07298461	-1.8166748	8.851852	1
19270	MICAL2	0.23964724	0.016494976	-3.8526957	12.546492	1
19294	SPON1	0.15643436	0.0061590085	-4.6444016	7.7626786	1
19310	SOX6	0.4645178	0.113297604	-2.0346541	16.818592	1
19316	NUCB2	1.0677992	0.29677027	-1.846871	42.820045	1
19330	TPH1	-1.3096724e-10	0.0067487303	6.0977664	16.45319	1
19341	LDHA	2.8074236	0.7789221	-1.8495619	44.55244	1
19345	TSG101	0.54511046	0.34953734	-0.64095414	6.9934106	1
19398	LUZP2	0.0028170564	0.03817998	3.714005	21.089996	1
19401	ANO3	-1.3096724e-10	0.0071991207	6.1896524	15.708043	1
19406	FIBIN	0.034728672	0.14863421	2.0943892	20.39768	1
19407	BBOX1	-1.3096724e-10	0.003024688	4.965642	7.6440268	1
19415	BDNF	0.0074006226	0.12495595	4.0594196	44.55244	1
19443	AC131571.1	-1.3096724e-10	0.0027287898	4.822115	7.011121	1
19444	PAX6	-1.3096724e-10	0.0031644986	5.0287914	8.033005	1
19449	RCN1	1.3195002	0.52108693	-1.340228	44.55244	1
19463	HIPK3	0.26199886	0.12896596	-1.0220025	5.78476	1
19467	CD59	1.0927484	0.39103827	-1.4823427	27.163456	1
19474	LMO2	0.2795183	0.036854725	-2.919628	12.039737	1
19496	FJX1	0.07919724	0.23695618	1.5798864	15.91148	1
19503	AL136146.2	-1.3096724e-10	0.002447561	4.6710467	6.5441465	1
19512	C11orf74	-1.3096724e-10	0.028327689	8.1511545	44.55244	1
19518	LRRC4C	0.044682454	0.23654935	2.4017453	33.60727	1
19528	TTC17	0.39829952	0.20653722	-0.9471157	8.164779	1
19538	ALKBH3-AS1	-1.3096724e-10	0.0019047366	4.3253427	5.7761745	1
19540	C11orf96	0.61426973	0.9151335	0.57503265	8.379661	1
19545	EXT2	0.30628487	0.14414944	-1.0867794	7.2363496	1
19553	TSPAN18	0.31894422	0.07879056	-2.0158317	12.967577	1
19554	TP53I11	0.49495083	0.2014713	-1.2962863	10.941999	1
19559	SYT13	-1.3096724e-10	0.014039829	7.143623	32.318493	1
19568	CHST1	0.02864065	0.10309739	1.8442419	10.374883	1
19570	AC044839.1	-1.3096724e-10	0.0020659335	4.436919	5.6777725	1
19588	CREB3L1	0.14420293	0.044386853	-1.6976496	5.548207	1
19608	DDB2	0.24732375	0.04489964	-2.4589987	10.645634	1
19627	C1QTNF4	0.0066241915	0.032164704	2.2625241	6.121937	1
19703	APLNR	0.11560564	0.0010219452	-6.6883135	6.0827403	1
19812	SLC15A3	-1.3096724e-10	0.0028176391	4.8667316	7.2735534	1
19830	LRRC10B	-1.3096724e-10	0.010476002	6.7246523	25.583937	1
19838	TMEM258	1.3344574	0.8297307	-0.6854725	31.744957	1
19841	FADS1	0.48210755	0.2420029	-0.9940337	10.498669	1
19869	B3GAT3	0.38773042	0.18384513	-1.0761504	8.895176	1
19870	GANAB	0.58132094	0.30253616	-0.9419987	12.596931	1
19879	GNG3	-1.3096724e-10	0.0028079085	4.861912	6.6726723	1
19883	POLR2G	0.52094996	0.35964027	-0.5344661	5.15082	1
19886	TMEM223	0.3987198	0.22266154	-0.8402367	7.362562	1
19888	TMEM179B	0.41136587	0.20097929	-1.0330082	10.090941	1
19895	SNHG1	0.33420563	0.17950226	-0.89636207	5.205872	1
19896	SLC3A2	0.91979724	0.41824108	-1.1367931	18.372276	1
19914	RTN3	0.5253626	0.23842415	-1.1394528	11.89439	1
19929	TRPT1	0.22897151	0.09464999	-1.2736003	6.522593	1
19930	NUDT22	0.24006876	0.114208214	-1.0711194	5.4256105	1
19933	VEGFB	0.7728263	0.3383777	-1.1912701	20.597956	1
19936	PPP1R14B	1.6528486	1.1646885	-0.50497395	26.734531	1
19940	BAD	0.569916	0.32860774	-0.7941971	10.008955	1
19959	RASGRP2	0.04174466	0.10713288	1.3576319	7.3500643	1
19973	ARL2	0.52217126	0.21430124	-1.284486	15.1161175	1
19978	ZFPL1	0.253736	0.10153519	-1.3204964	7.47019	1
19999	FRMD8	0.13293259	0.03253905	-2.0271087	5.6615686	1
20000	NEAT1	2.9487042	1.9349806	-0.6077363	31.868893	1
20006	LTBP3	0.35762212	0.14106062	-1.3415016	10.241198	1
20009	FAM89B	0.5378129	0.33255747	-0.6933353	8.15723	1
20015	RELA	0.30860323	0.14066058	-1.132977	7.4686737	1
20027	EFEMP2	1.0049343	0.4164718	-1.2706077	31.856731	1
20030	CCDC85B	0.7438325	0.3407427	-1.1260657	19.765345	1
20032	C11orf68	0.23365526	0.10886246	-1.1011677	5.727599	1
20044	PACS1	0.34404656	0.19543344	-0.81560767	5.7915926	1
20054	YIF1A	0.7074001	0.34427366	-1.0387557	17.211576	1
20061	B4GAT1	0.28903955	0.09784867	-1.561668	10.819672	1
20077	CCS	0.4622776	0.3014742	-0.61655843	5.607065	1
20081	SPTBN2	-1.3096724e-10	0.0024757737	4.686936	6.6743054	1
20096	POLD4	0.5376338	0.2857328	-0.91172075	11.441178	1
20101	TBC1D10C	-1.3096724e-10	0.003972793	5.3479486	11.823678	1
20109	TMEM134	0.40770203	0.22155108	-0.8795786	8.276593	1
20110	AIP	0.31054467	0.18116167	-0.7771914	5.4043245	1
20122	LINC02754	-1.3096724e-10	0.0063672606	6.0150847	16.093143	1
20132	C11orf24	0.27960038	0.08763926	-1.6725878	9.971053	1
20133	AP002813.1	-1.3096724e-10	0.0018464742	4.282793	5.125575	1
20134	LRP5	0.33068117	0.061408237	-2.4270256	14.653126	1
20141	MRPL21	0.6606822	0.42010188	-0.6530923	8.745771	1
20161	CCND1	1.4224669	0.6411729	-1.1494862	26.388071	1
20172	ANO1	0.0041924194	0.022060089	2.368101	6.858695	1
20221	AP000593.4	-1.3096724e-10	0.0034059084	5.131718	9.200238	1
20235	STARD10	0.2119804	0.04810932	-2.1372273	9.2082815	1
20236	AP002381.2	-1.3096724e-10	0.0058208937	5.887745	14.173714	1
20244	AP002761.3	-1.3096724e-10	0.0038168437	5.2916217	10.166786	1
20251	RAB6A	0.42101955	0.26514828	-0.66688645	5.932273	1
20255	COA4	0.5422325	0.38128823	-0.50791746	5.3130693	1
20256	PAAF1	0.22009484	0.08050147	-1.4499027	6.6791244	1
20259	UCP2	-1.3096724e-10	0.007679028	6.28152	20.784712	1
20263	PPME1	0.3903291	0.14387211	-1.4392711	13.178574	1
20264	P4HA3	0.1438471	0.012494518	-3.5146708	8.390104	1
20266	PGM2L1	0.23047586	0.063397616	-1.8604671	7.773478	1
20277	AP001992.2	-1.3096724e-10	0.0018350467	4.274298	5.021506	1
20292	SERPINH1	2.1337986	1.2830962	-0.73374975	44.55244	1
20304	AP003168.2	-1.3096724e-10	0.0026314778	4.7716117	6.5074725	1
20306	WNT11	0.16209988	0.009570417	-4.068051	9.74392	1
20326	CAPN5	0.14403026	0.035463955	-2.0188856	5.8977327	1
20371	PRCP	0.6617797	0.21679492	-1.6095728	20.458317	1
20393	SYTL2	0.0057692444	0.092001334	3.9719753	44.55244	1
20409	FZD4-DT	-1.3096724e-10	0.0062110904	5.9798193	15.115791	1
20439	FAT3	0.026685607	0.10983302	2.037095	15.185211	1
20451	TAF1D	0.7794494	0.41386223	-0.91314137	16.820927	1
20476	ENDOD1	0.55152434	0.12353273	-2.1576254	21.800032	1
20483	CEP57	0.5972203	0.33735424	-0.823813	10.936352	1
20496	CNTN5	-1.3096724e-10	0.02442712	7.9382358	44.55244	1
20498	ARHGAP42	0.16449566	0.35243455	1.0988383	12.278641	1
20499	PGR	-1.3096724e-10	0.001845099	4.2817736	5.2119417	1
20509	BIRC3	-1.3096724e-10	0.0042103543	5.4297366	9.940742	1
20511	TMEM123	0.5311514	0.32444388	-0.7109813	7.0400906	1
20520	MMP10	-1.3096724e-10	0.002272651	4.56843	5.7270474	1
20524	MMP13	-1.3096724e-10	0.18200518	10.830558	44.55244	1
20530	PDGFD	0.067673266	0.19434611	1.5205822	11.961944	1
20537	CARD16	-1.3096724e-10	0.006701795	6.0878453	17.698082	1
20540	GRIA4	0.021756165	0.7834874	5.163982	44.55244	1
20563	ATM	0.48477966	0.29789013	-0.7023622	6.3088264	1
20566	EXPH5	-1.3096724e-10	0.00410338	5.39348	10.032052	1
20573	RDX	1.097941	0.6193818	-0.82579815	24.19664	1
20593	LAYN	0.49388736	0.054020926	-3.1902156	20.720078	1
20603	C11orf52	-1.3096724e-10	0.0020103762	4.3994303	5.7314715	1
20615	PTS	0.2990488	0.1667825	-0.84203064	5.448814	1
20617	AP002884.3	-1.3096724e-10	0.0019382985	4.349295	5.888451	1
20618	LINC02762	0.15483381	0.052334055	-1.5630759	5.1592026	1
20626	NCAM1	0.6857077	0.058857862	-3.540048	29.288876	1
20642	ZBTB16	-1.3096724e-10	0.0027353629	4.8254633	6.7248397	1
20645	NNMT	0.0024538287	0.02193763	3.1092353	10.277096	1
20649	REXO2	0.61878496	0.284761	-1.1194131	16.83465	1
20653	CADM1	0.3479408	0.6160021	0.82391304	11.627723	1
20654	AP000465.1	-1.3096724e-10	0.0020222247	4.4075074	5.207416	1
20655	AP000462.3	-1.3096724e-10	0.002759427	4.837656	6.7300196	1
20657	AP000462.2	-1.3096724e-10	0.0041601867	5.4128466	9.9820385	1
20682	TAGLN	0.15514074	0.46526507	1.5838556	23.459974	1
20695	FXYD6	0.53376406	0.32228744	-0.72767705	7.803889	1
20700	SCN4B	-1.3096724e-10	0.0057376814	5.8673253	13.630739	1
20718	ARCN1	0.7538367	0.5041692	-0.58024925	10.788783	1
20726	CXCR5	-1.3096724e-10	0.0019517356	4.3587747	5.23175	1
20735	TRAPPC4	0.4461188	0.2525801	-0.8204392	8.021162	1
20751	CBL	0.1787457	0.321391	0.8460628	8.394944	1
20752	MCAM	0.06491456	0.72047365	3.4703112	44.55244	1
20758	USP2-AS1	-1.3096724e-10	0.0019672099	4.369615	5.54099	1
20760	THY1	0.80123055	1.850164	1.2072618	44.55244	1
20761	AP003396.5	0.0020302862	0.02165001	3.3518968	13.930645	1
20783	SC5D	0.39793086	0.20343423	-0.9676088	6.5996947	1
20789	MIR100HG	0.6845304	0.14984873	-2.190856	22.182558	1
20793	UBASH3B	0.014815291	0.047355454	1.6697818	6.894845	1
20794	AP002762.3	-1.3096724e-10	0.0034611323	5.154266	8.7167015	1
20839	VSIG2	-1.3096724e-10	0.0019140799	4.332051	5.3148937	1
20847	ROBO4	-1.3096724e-10	0.006367037	6.0150347	15.41083	1
20853	SLC37A2	-1.3096724e-10	0.002198267	4.5224767	6.1286416	1
20860	FEZ1	0.31096372	0.13072036	-1.249623	7.967371	1
20863	STT3A	0.32986125	0.17379734	-0.92406064	6.7801576	1
20884	SRPRA	0.37170377	0.22235072	-0.7410556	5.809799	1
20891	ST3GAL4	0.22136074	0.04262238	-2.373987	10.090722	1
20904	ETS1	0.2956543	0.51408505	0.7978887	10.347833	1
20922	APLP2	1.6303704	0.78097486	-1.0617555	44.55244	1
20932	SNX19	0.023749929	0.06616361	1.4742317	5.638072	1
20937	NTM	0.2988982	0.11554571	-1.370425	6.3237247	1
20954	JAM3	0.40170267	0.13688537	-1.5524652	14.488593	1
20958	THYN1	0.37952065	0.18264121	-1.0547564	9.3554	1
20975	IQSEC3	-1.3096724e-10	0.022293406	7.806932	44.55244	1
20978	AC026369.2	-1.3096724e-10	0.002099558	4.4591436	6.9146447	1
20979	AC007406.3	-1.3096724e-10	0.015311147	7.2678323	41.958046	1
20980	SLC6A12	-1.3096724e-10	0.004610634	5.5578513	11.981349	1
20982	AC007406.4	-1.3096724e-10	0.0020027251	4.3941903	5.5932684	1
20994	WNK1	0.5948491	0.40171003	-0.5662527	5.6153717	1
21005	AC005343.1	-1.3096724e-10	0.0053227544	5.760956	13.133529	1
21012	CACNA1C	0.0314825	0.12598085	1.9971519	9.368358	1
21024	LINC02371	-1.3096724e-10	0.0022595625	4.5604496	5.849878	1
21029	NRIP2	0.005151542	0.061462753	3.551245	31.500124	1
21036	AC125807.2	-1.3096724e-10	0.0020165246	4.4036274	6.112088	1
21050	AC084375.1	-1.3096724e-10	0.0019485526	4.356535	5.999228	1
21058	DYRK4	0.32288152	0.15985663	-1.0137707	7.7034063	1
21059	AKAP3	-1.3096724e-10	0.0029806162	4.945149	8.304307	1
21083	CD9	0.72297907	0.26664215	-1.4387077	15.84393	1
21098	GAPDH	4.287785	2.6996584	-0.66743606	44.55244	1
21113	AC125494.2	-1.3096724e-10	0.0020678996	4.438228	5.5462394	1
21116	LAG3	-1.3096724e-10	0.004791859	5.612313	12.438373	1
21117	CD4	0.23304336	0.06340941	-1.876175	8.598128	1
21119	P3H3	0.44464904	0.108762	-2.0304909	18.796066	1
21123	TPI1	2.4342842	1.2699435	-0.9386789	44.55244	1
21127	ENO2	0.83631617	0.016193189	-5.68188	39.74319	1
21137	C1S	0.1544493	0.015927492	-3.2694466	7.57843	1
21155	NANOG	-1.3096724e-10	0.0029307175	4.9215894	8.081291	1
21156	SLC2A14	-1.3096724e-10	0.0017972906	4.2458706	5.1125317	1
21157	AC006517.2	-1.3096724e-10	0.0016452394	4.125355	5.2769485	1
21158	SLC2A3	0.69640344	0.17465684	-1.9947815	21.55157	1
21159	AC006511.6	-1.3096724e-10	0.0026062503	4.7582254	7.3940773	1
21194	A2M	0.20351568	0.5608068	1.4619125	24.518547	1
21202	KLRB1	-1.3096724e-10	0.0038259898	5.2949867	11.368945	1
21210	CLEC2B	0.13446814	0.0067784856	-4.290102	6.187012	1
21221	CLEC1A	-1.3096724e-10	0.0022951001	4.582016	6.076798	1
21222	CLEC7A	-1.3096724e-10	0.0113894595	6.844169	25.297508	1
21225	GABARAPL1	0.289436	0.14230222	-1.023771	6.9628816	1
21240	YBX3	0.98711336	0.42828974	-1.2044381	23.518303	1
21255	TAS2R46	-1.3096724e-10	0.0017918275	4.2417107	5.164448	1
21281	CDKN1B	0.3214132	0.10345171	-1.6345266	10.422269	1
21290	HEBP1	0.41109893	0.20588541	-0.9972943	8.965882	1
21294	EMP1	0.15974653	0.033150595	-2.2652352	6.7559233	1
21322	RERG	0.06653083	0.19967766	1.5841334	14.951673	1
21325	PTPRO	-1.3096724e-10	0.0036533743	5.2301183	8.036786	1
21326	EPS8	0.4623461	0.24113901	-0.938822	8.363185	1
21338	AC092110.1	-1.3096724e-10	0.01821416	7.5168176	44.55244	1
21341	RERGL	-1.3096724e-10	0.052029278	9.025952	44.55244	1
21364	GOLT1B	0.31957346	0.14366892	-1.152847	8.679755	1
21370	KCNJ8	0.011158041	0.049424432	2.1371846	6.521879	1
21374	CMAS	0.3990059	0.22467178	-0.82831055	6.8525887	1
21380	AC053513.2	-1.3096724e-10	0.0030239548	4.9653034	7.9375606	1
21392	BCAT1	0.72242796	0.22444902	-1.686023	27.636015	1
21411	RASSF8	0.34984282	0.11514716	-1.6023879	10.336116	1
21412	BHLHE41	0.0808934	0.0028332775	-4.787219	5.0174413	1
21436	PPFIBP1	0.77416193	0.50480443	-0.61681134	8.688882	1
21452	AC022079.1	-1.3096724e-10	0.0021947273	4.5202527	6.03144	1
21455	FAR2	0.028875256	0.11852615	2.0335288	16.379889	1
21462	OVCH1-AS1	-1.3096724e-10	0.00188198	4.308872	5.2377253	1
21472	CAPRIN2	0.2421402	0.06908207	-1.8079683	8.189519	1
21492	AC016957.2	-1.3096724e-10	0.0036797172	5.240208	9.408103	1
21503	AC084824.4	-1.3096724e-10	0.0050112694	5.6756115	12.758332	1
21508	SYT10	-1.3096724e-10	0.012962314	7.0292687	26.276403	1
21519	CPNE8	0.526133	0.16218135	-1.6972046	16.148664	1
21522	KIF21A	0.2747077	0.13727684	-1.0002836	5.7870684	1
21527	SLC2A13	0.32657853	0.12774733	-1.3534496	8.857388	1
21531	LRRK2	-1.3096724e-10	0.0021730606	4.506566	5.692372	1
21534	CNTN1	0.0031546964	0.07219318	4.4732647	44.55244	1
21536	PDZRN4	0.13186117	0.023399161	-2.4894323	5.386555	1
21544	ZCRB1	0.7850303	0.5400379	-0.53960437	8.08955	1
21547	AC079601.1	-1.3096724e-10	0.0036889545	5.2437296	8.816978	1
21574	SLC38A1	0.1680948	0.02439217	-2.7797406	7.2230706	1
21576	SLC38A2	0.69262046	0.3039109	-1.1881503	17.782019	1
21584	AMIGO2	0.19094783	0.05236144	-1.8646045	6.9673615	1
21593	AC004241.3	-1.3096724e-10	0.0032365874	5.060303	8.329182	1
21619	AC024257.3	-1.3096724e-10	0.002400432	4.6441073	6.275378	1
21643	FKBP11	0.23158838	0.08146944	-1.506085	6.496352	1
21659	TUBA1C	0.50013053	0.2183437	-1.1953316	9.235777	1
21674	FMNL3	0.14230579	0.25623187	0.848005	6.1367493	1
21695	LIMA1	0.47594628	0.8273832	0.7976283	17.191574	1
21696	AC008147.2	0.017371044	0.07514356	2.1066024	9.7720175	1
21721	AC068987.1	-1.3096724e-10	0.0034552612	5.1518855	8.66293	1
21730	GRASP	0.19852671	0.09080501	-1.127628	5.176773	1
21731	NR4A1	0.2570738	0.07059944	-1.862973	7.954606	1
21732	AC025259.3	-1.3096724e-10	0.0018928197	4.316741	5.0914116	1
21733	ATG101	0.33277497	0.17738457	-0.9072867	6.642888	1
21742	KRT86	-1.3096724e-10	0.0025306707	4.717361	7.5452905	1
21744	KRT81	-1.3096724e-10	0.007295923	6.20866	19.295012	1
21772	KRT8	0.8239397	0.26983148	-1.6101207	23.953608	1
21773	KRT18	0.5948168	0.36443603	-0.7066266	6.819682	1
21791	C12orf10	0.3755857	0.23398907	-0.68246853	5.48326	1
21795	AMHR2	0.09898758	0.00036781194	-7.7266316	5.9346085	1
21796	PRR13	0.49745044	0.24034113	-1.049159	12.460612	1
21800	AC023509.3	-1.3096724e-10	0.003845487	5.3021336	9.890981	1
21814	HOTAIR	-1.3096724e-10	0.016490357	7.374203	38.278133	1
21815	HOXC11	-1.3096724e-10	0.009260615	6.5485334	21.507915	1
21817	HOXC10	-1.3096724e-10	0.025489893	7.999432	44.55244	1
21818	HOXC6	0.003435891	0.035961438	3.3503113	14.83555	1
21819	HOXC-AS2	-1.3096724e-10	0.0071192193	6.173773	16.568848	1
21820	HOXC9	-1.3096724e-10	0.24626766	11.266599	44.55244	1
21821	HOXC-AS1	-1.3096724e-10	0.007251489	6.1999664	16.153706	1
21822	HOXC8	-1.3096724e-10	0.029198611	8.194691	44.55244	1
21824	AC012531.1	-1.3096724e-10	0.0018216659	4.2642875	5.3527393	1
21825	HOXC5	-1.3096724e-10	0.0035778845	5.200806	8.577795	1
21839	COPZ1	0.6604315	0.42641595	-0.63102776	9.268889	1
21844	ITGA5	0.23480667	0.11537963	-1.0244492	5.1958847	1
21849	PDE1B	0.037077203	0.1021643	1.4598124	7.789284	1
21884	ORMDL2	0.23118743	0.115447596	-1.0011996	5.0033536	1
21899	ERBB3	0.11158776	0.0019980788	-5.7342587	6.241759	1
21901	AC034102.4	-1.3096724e-10	0.002183234	4.513009	5.822292	1
21908	MYL6B	0.8684215	0.5972467	-0.539993	10.800873	1
21921	CNPY2	1.119381	0.6853605	-0.7076845	24.294102	1
21934	PTGES3	1.5824184	1.0707483	-0.56346816	30.947165	1
21948	LRP1	0.864366	0.35036024	-1.3025585	29.947134	1
21952	SHMT2	0.438476	0.24774767	-0.823373	6.5616484	1
21953	NDUFA4L2	0.3819468	0.11902395	-1.6812857	6.2223864	1
21954	STAC3	-1.3096724e-10	0.005052862	5.687304	13.009921	1
21963	DDIT3	0.3088429	0.07615884	-2.0183637	9.315407	1
21972	SLC26A10	-1.3096724e-10	0.0071228663	6.1745014	16.682428	1
21974	OS9	0.94803107	0.3900149	-1.2811875	30.838951	1
21977	AGAP2-AS1	0.09723638	0.011031421	-3.1283414	6.2163005	1
21991	AC083805.3	-1.3096724e-10	0.0020361617	4.416951	5.157249	1
22012	LINC01465	-1.3096724e-10	0.0031241835	5.010864	8.2080345	1
22014	AC048341.2	-1.3096724e-10	0.0110458825	6.800369	27.501911	1
22023	SRGAP1	0.27033737	0.54933727	1.0226604	16.761488	1
22024	AC079866.2	0.0054559694	0.0241768	2.1274679	5.0744276	1
22028	AC025576.1	-1.3096724e-10	0.0023096944	4.5907803	6.438191	1
22039	GNS	0.44856983	0.1141694	-1.973215	18.107216	1
22050	AC026124.1	0.05490649	0.14456265	1.3950187	10.0483265	1
22066	GRIP1	0.00951155	0.06862219	2.837935	18.361498	1
22074	AC078777.1	-1.3096724e-10	0.0036145605	5.2151217	8.295054	1
22082	LINC02384	-1.3096724e-10	0.0066963853	6.0866976	16.968557	1
22091	AC025423.4	-1.3096724e-10	0.0018430774	4.2802734	5.083822	1
22097	AC020656.1	-1.3096724e-10	0.0026972075	4.8059173	7.0667167	1
22121	TSPAN8	-1.3096724e-10	0.0024697355	4.68355	6.1490383	1
22122	LGR5	-1.3096724e-10	0.03487746	8.450284	44.55244	1
22134	TRHDE	0.0015507364	0.20243597	6.938925	44.55244	1
22135	TRHDE-AS1	-1.3096724e-10	0.1254006	10.293481	44.55244	1
22154	GLIPR1	0.042587295	0.109762184	1.3638163	8.353354	1
22161	PHLDA1	0.805353	0.30200014	-1.4147737	27.609238	1
22176	NAV3	0.14896955	0.44785342	1.5873631	25.281801	1
22185	SYT1	0.3943129	0.105039954	-1.9073956	9.05978	1
22194	PPP1R12A-AS1	-1.3096724e-10	0.008470432	6.421298	21.461012	1
22208	CCDC59	0.4135202	0.2368088	-0.8039747	6.384738	1
22210	AC089998.4	-1.3096724e-10	0.0026652238	4.789326	6.274066	1
22224	RASSF9	0.013232436	0.05035285	1.9199954	6.711378	1
22225	NTS	0.110338725	0.0030671046	-5.1239376	5.3554177	1
22226	MGAT4C	0.014645563	0.05554313	1.9159226	7.8069854	1
22233	CEP290	0.565614	0.33185732	-0.7690751	8.447164	1
22240	AC024909.1	-1.3096724e-10	0.0021460743	4.4893355	5.9071426	1
22247	AC025034.1	-1.3096724e-10	0.004772795	5.6066794	11.930678	1
22248	ATP2B1	0.58811027	0.9873232	0.7473366	15.049412	1
22273	BTG1	1.6668102	0.9355913	-0.8330718	36.65897	1
22280	EEA1	0.63374746	0.41940045	-0.59546334	7.541257	1
22328	CFAP54	-1.3096724e-10	0.0039023992	5.3227954	9.590603	1
22341	IKBIP	0.9370025	0.36866173	-1.3455179	30.141937	1
22342	APAF1	0.30120045	0.14044014	-1.1002206	7.159778	1
22343	ANKS1B	-1.3096724e-10	0.002868631	4.891728	7.4705954	1
22352	SCYL2	0.26288587	0.1377835	-0.9315354	5.0479407	1
22361	ARL1	0.6380975	0.3458045	-0.8836292	13.282863	1
22367	CHPT1	0.21161927	0.08071713	-1.3894194	7.1290507	1
22368	SYCP3	-1.3096724e-10	0.0042681918	5.448966	11.483214	1
22378	HELLPAR	0.024478922	0.10744888	2.129499	16.77612	1
22380	IGF1	0.010080006	0.25499663	4.6472335	44.55244	1
22413	ALDH1L2	0.09909693	0.010477005	-3.2293644	5.3958607	1
22422	NUAK1	0.24626027	0.054474484	-2.1744711	8.725478	1
22424	CKAP4	1.2874969	0.55687445	-1.208998	36.248375	1
22436	TMEM263	0.5855558	0.29587093	-0.98459756	12.826473	1
22441	BTBD11	-1.3096724e-10	0.0038180526	5.292067	9.921271	1
22458	CORO1C	0.31758714	0.18071032	-0.81312966	5.482946	1
22479	TRPV4	-1.3096724e-10	0.0021922113	4.51867	5.7601924	1
22480	GLTP	0.45832592	0.22561812	-1.0221664	10.271472	1
22492	GPN3	0.2373877	0.116687804	-1.0239632	5.3997197	1
22493	FAM216A	0.1675	0.048964083	-1.772283	6.361258	1
22513	ALDH2	0.45745277	0.19403441	-1.2368822	12.180488	1
22517	ERP29	1.680985	0.8947429	-0.90968627	44.55244	1
22526	RPH3A	-1.3096724e-10	0.002644367	4.7784038	5.5436206	1
22531	DTX1	0.00360523	0.051100492	3.7885227	38.608425	1
22532	RASAL1	-1.3096724e-10	0.0038668339	5.309918	9.883356	1
22541	PLBD2	0.1431436	0.04958935	-1.527462	5.255185	1
22553	TBX5	0.060529575	9.255018e-09	-9.243745	5.079416	1
22592	TESC	0.017607963	0.072921894	2.043931	10.903732	1
22626	TMEM233	-1.3096724e-10	0.002291906	4.5800905	5.652291	1
22674	ANAPC5	0.58081585	0.40642828	-0.5149736	5.9493403	1
22722	ARL6IP4	1.2770863	0.8860398	-0.5273627	19.932238	1
22727	CDK2AP1	0.8883428	0.5690046	-0.64258504	12.493792	1
22734	RILPL1	0.25262573	0.11500572	-1.1346129	6.3395805	1
22738	TMED2	0.88733983	0.46009797	-0.9473948	22.897152	1
22752	AC068790.2	-1.3096724e-10	0.0016322824	4.114604	5.081371	1
22761	SCARB1	0.18859558	0.02169761	-3.1138186	10.514327	1
22827	FZD10-AS1	-1.3096724e-10	0.0021109926	4.4666243	5.1631556	1
22888	GOLGA3	0.49136516	0.23628038	-1.0559788	12.103454	1
22929	CRYL1	0.14912899	0.027113978	-2.4551082	7.5305443	1
22939	SAP18	1.3058714	0.91857094	-0.50750315	19.605562	1
22962	PCOTH	-1.3096724e-10	0.0016314915	4.1139455	5.1362705	1
22984	MTMR6	0.27731645	0.13746603	-1.011929	5.814276	1
22986	NUP58	0.486964	0.17895032	-1.4437461	15.460444	1
22997	GPR12	-1.3096724e-10	0.0020869453	4.450847	5.0038977	1
23008	MTIF3	0.5875236	0.38736576	-0.6008235	7.406195	1
23010	POLR1D	0.79857093	0.5590654	-0.51432604	8.462308	1
23021	FLT1	0.56077987	0.25921628	-1.1129792	9.615374	1
23045	ALOX5AP	-1.3096724e-10	0.0018152831	4.2594876	5.4864874	1
23057	RXFP2	-1.3096724e-10	0.0033288088	5.0996375	6.485944	1
23066	PDS5B	0.34128317	0.6439331	0.915743	18.290289	1
23069	KL	-1.3096724e-10	0.0025817326	4.7450953	6.879864	1
23070	STARD13	0.103903756	0.22273616	1.0993478	9.834952	1
23072	STARD13-AS	-1.3096724e-10	0.006845019	6.1179085	17.24723	1
23088	MAB21L1	-1.3096724e-10	0.002179638	4.510735	5.5765576	1
23094	SPART	0.67811817	0.46143574	-0.5553072	7.552989	1
23095	SPART-AS1	-1.3096724e-10	0.006547396	6.0547194	16.478754	1
23096	CCNA1	-1.3096724e-10	0.0023493539	4.6143312	7.1642838	1
23097	SERTM1	-1.3096724e-10	0.0043688463	5.4818325	11.617934	1
23101	ALG5	0.38011107	0.21067218	-0.851116	7.0107403	1
23107	POSTN	0.7338424	0.4061584	-0.8532693	6.722586	1
23108	TRPC4	-1.3096724e-10	0.0027231225	4.8192215	7.565345	1
23111	LINC00571	-1.3096724e-10	0.0039362614	5.3349495	10.544086	1
23112	UFM1	0.69915974	0.40558037	-0.7854851	13.193969	1
23121	LHFPL6	0.37940758	0.54313415	0.51744556	5.402283	1
23122	COG6	0.21735969	0.09016979	-1.2684329	6.14497	1
23125	FOXO1	0.20676646	0.03514495	-2.5532112	10.479348	1
23129	ELF1	0.4634736	0.18350822	-1.3361677	12.880755	1
23144	TNFSF11	-1.3096724e-10	0.044438325	8.798905	44.55244	1
23148	EPSTI1	-1.3096724e-10	0.039856564	8.642291	44.55244	1
23158	AL512506.1	-1.3096724e-10	0.0039488836	5.339454	10.356909	1
23159	LACC1	0.056050617	0.20898896	1.8967432	20.37197	1
23170	TSC22D1	1.1130904	0.68717307	-0.69574505	15.730511	1
23182	TPT1-AS1	0.3315814	0.17593375	-0.9139461	5.4486804	1
23190	SIAH3	-1.3096724e-10	0.0044958023	5.522247	10.474663	1
23198	RUBCNL	-1.3096724e-10	0.0017580095	4.2156878	5.5918565	1
23209	AL157369.1	-1.3096724e-10	0.0028969035	4.9054027	7.057882	1
23215	ITM2B	2.4420595	1.3649334	-0.8392212	44.55244	1
23217	RB1	0.36186734	0.21596634	-0.7443851	5.323903	1
23225	CYSLTR2	-1.3096724e-10	0.007875356	6.3174787	18.301311	1
23238	SPRYD7	0.20205262	0.08281106	-1.2858084	5.9510775	1
23239	DLEU2	0.0656819	0.22374266	1.7667224	21.179363	1
23273	SUGT1	0.60135174	0.41244787	-0.5438875	7.1576858	1
23284	AL442636.1	-1.3096724e-10	0.005916989	5.9109716	15.400392	1
23295	PCDH17	0.5262637	0.20388135	-1.3676227	9.498983	1
23307	PCDH20	0.32355735	0.024505995	-3.7173855	13.798321	1
23325	PCDH9	0.11195042	0.8381912	2.9033034	44.55244	1
23326	PCDH9-AS1	-1.3096724e-10	0.005712847	5.861175	13.857828	1
23342	MZT1	0.2588274	0.11961471	-1.112947	5.9705596	1
23344	DIS3	0.37458935	0.21143158	-0.8248219	6.6527095	1
23349	KLF12	0.104037195	0.23172104	1.1545261	12.050619	1
23357	TBC1D4	0.17155896	0.05929053	-1.5312403	6.195105	1
23371	KCTD12	0.18535559	0.50973976	1.4589702	27.899008	1
23384	SLAIN1	-1.3096724e-10	0.00699738	6.1492167	15.904131	1
23386	EDNRB	0.27234298	0.017433507	-3.9577677	14.890346	1
23414	SLITRK1	-1.3096724e-10	0.011875157	6.9039025	26.167906	1
23432	MIR4500HG	-1.3096724e-10	0.008957411	6.501029	18.156994	1
23434	SLITRK5	0.0060370797	0.11048454	4.1714535	44.55244	1
23462	GPC6	0.09661673	0.30233023	1.6447649	21.499346	1
23463	AL160159.1	-1.3096724e-10	0.0029242563	4.9185104	7.452811	1
23464	GPC6-AS2	-1.3096724e-10	0.002863657	4.8893085	7.2711935	1
23470	SOX21-AS1	-1.3096724e-10	0.0021064596	4.4636636	5.7764273	1
23481	UGGT2	0.45074648	0.14275517	-1.658083	17.01205	1
23508	UBAC2	0.34792942	0.1480482	-1.2321681	9.989824	1
23538	FGF14	-1.3096724e-10	0.006094175	5.952842	14.380901	1
23551	POGLUT2	0.21027383	0.077935934	-1.4307446	6.4639196	1
23568	EFNB2	0.097307645	0.6293039	2.6918793	44.55244	1
23570	AL138689.1	-1.3096724e-10	0.0033949318	5.1271944	9.322149	1
23574	AL163534.1	-1.3096724e-10	0.0035116826	5.174601	10.294703	1
23588	MYO16	-1.3096724e-10	0.01171657	6.8846693	24.730675	1
23621	ARHGEF7-AS2	-1.3096724e-10	0.00501659	5.6771126	13.636727	1
23641	AL139384.1	-1.3096724e-10	0.002092338	4.4544	5.5155406	1
23651	F10	0.10489754	0.013640283	-2.933872	5.8727436	1
23658	LAMP1	0.8721457	0.3825692	-1.1886369	26.930605	1
23726	CCNB1IP1	0.53236496	0.31063983	-0.7769795	8.245159	1
23731	TEP1	0.0032430592	0.024473414	2.8778574	8.109615	1
23745	ANG	0.15737437	0.011984519	-3.703885	9.145186	1
23746	RNASE4	0.43838155	0.032278597	-3.7594035	22.09479	1
23752	RNASE1	0.09463538	0.0048153	-4.268552	5.8493743	1
23761	AL161668.3	-1.3096724e-10	0.0017256421	4.190334	5.007796	1
23782	TOX4	0.530685	0.31925473	-0.7329679	8.924344	1
23921	DAD1	1.6729193	1.0946078	-0.6119082	40.106182	1
23930	LRP10	0.38460106	0.23794124	-0.6925262	6.1378694	1
23947	SLC7A8	0.09402731	0.2858661	1.6031588	22.784098	1
23954	SLC22A17	0.23459218	0.07572486	-1.6300269	8.394741	1
23959	MYH6	0.23179588	0.000106097585	-10.135934	13.52965	1
23987	AL136295.2	-1.3096724e-10	0.0030739328	4.9882016	7.8598022	1
24032	AL079343.1	-1.3096724e-10	0.0054542134	5.7955127	12.448213	1
24084	NPAS3	0.011024976	0.038421303	1.7918544	5.2509704	1
24087	EGLN3	0.43621135	0.2294871	-0.9263164	7.0718656	1
24097	SRP54	0.5779611	0.36497605	-0.66302496	8.561472	1
24098	FAM177A1	0.5414207	0.27278754	-0.9887101	10.920211	1
24101	PSMA6	1.0356269	0.6828405	-0.6008118	17.247156	1
24103	NFKBIA	0.49953395	0.2740685	-0.8658087	7.880533	1
24123	PAX9	-1.3096724e-10	0.0021070575	4.464054	5.350831	1
24138	SSTR1	-1.3096724e-10	0.012219121	6.9447575	27.912193	1
24139	CLEC14A	-1.3096724e-10	0.009906845	6.6448455	23.273588	1
24142	SEC23A	0.43059108	0.22154199	-0.95842224	8.8396015	1
24157	LRFN5	0.066164814	0.21282138	1.6840059	16.287651	1
24185	MDGA2	0.016964875	0.070532575	2.0493038	11.127767	1
24229	AL358334.4	-1.3096724e-10	0.0029870516	4.9481597	7.6903067	1
24232	LINC00519	-1.3096724e-10	0.0028907899	4.9024568	8.931746	1
24242	GNG2	0.8839001	0.11308567	-2.9653552	39.249363	1
24247	NID2	0.46287838	0.2292634	-1.0133096	9.792851	1
24249	PTGDR	0.006589123	0.038488343	2.5282762	9.145285	1
24253	ERO1A	1.1158311	0.12577881	-3.1481407	44.55244	1
24254	AL133453.1	0.5526036	0.056214787	-3.2949202	23.141209	1
24258	AL139317.3	-1.3096724e-10	0.004801047	5.61502	12.079478	1
24273	CNIH1	0.50148135	0.33148688	-0.59709686	6.096472	1
24283	LGALS3	0.5998888	0.38018683	-0.6578477	5.341018	1
24294	LINC00520	0.13427849	0.00035768282	-8.197739	7.9671	1
24297	PELI2	0.18852082	0.0272821	-2.784184	9.936767	1
24321	ACTR10	0.5073125	0.32898784	-0.62468636	6.4108777	1
24324	PSMA3-AS1	0.2517251	0.41959265	0.73691106	9.4113655	1
24330	TIMM9	0.39791718	0.23436901	-0.76343334	6.4775867	1
24334	DAAM1	0.47095963	0.23016348	-1.032624	10.14551	1
24358	TMEM30B	-1.3096724e-10	0.0027336434	4.8245883	6.391592	1
24359	AL359220.1	-1.3096724e-10	0.0034556617	5.152048	8.43002	1
24365	HIF1A-AS3	0.18404534	0.0050360626	-5.164038	9.577182	1
24366	SNAPC1	0.40597364	0.10234826	-1.9868459	15.212581	1
24371	KCNH5	-1.3096724e-10	0.0035145006	5.1757264	8.833152	1
24389	ZBTB25	0.16235834	0.040412202	-2.0036414	7.546122	1
24397	SPTB	-1.3096724e-10	0.0027642434	4.840084	7.193351	1
24412	AL359232.1	-1.3096724e-10	0.0030986848	4.9994087	8.045931	1
24417	FAM71D	-1.3096724e-10	0.0019128689	4.3311834	5.3453045	1
24419	AL135978.2	-1.3096724e-10	0.0029710396	4.940657	7.262393	1
24422	PLEK2	-1.3096724e-10	0.002489161	4.6944146	6.514363	1
24426	ARG2	0.60232097	0.02422222	-4.6304255	24.248236	1
24428	VTI1B	0.53167987	0.31205657	-0.7685595	8.175724	1
24429	RDH11	0.4612529	0.2647553	-0.8006663	7.794207	1
24434	AL121820.3	-1.3096724e-10	0.004424276	5.4996166	11.779264	1
24462	COX16	0.6694857	0.466787	-0.5201953	7.426275	1
24466	ADAM20	-1.3096724e-10	0.0018413059	4.2789574	5.1939464	1
24467	MED6	0.44097278	0.26395068	-0.7402019	6.9225974	1
24476	AC004825.3	-1.3096724e-10	0.0047861356	5.610624	11.648206	1
24483	SIPA1L1	0.0391171	0.097392626	1.3138101	5.2601714	1
24484	AC004974.1	-1.3096724e-10	0.0039882446	5.3534117	9.905048	1
24487	RGS6	0.002221203	0.03231014	3.8035007	24.163143	1
24494	AL442663.3	-1.3096724e-10	0.0024726584	4.68519	5.988595	1
24509	ACOT2	-1.3096724e-10	0.0152883185	7.2656937	37.04128	1
24519	AC005520.5	-1.3096724e-10	0.0036335094	5.222462	9.40848	1
24522	AC005520.3	-1.3096724e-10	0.0018874382	4.31284	5.0919013	1
24527	ALDH6A1	0.14088406	0.042896476	-1.7132416	5.076765	1
24536	NPC2	1.580251	1.0477993	-0.5927448	28.856735	1
24537	ISCA2	0.40663	0.19955944	-1.0265301	8.682502	1
24547	PGF	0.10359138	0.26346684	1.3458728	13.309943	1
24555	TMED10	1.1402544	0.6459606	-0.8197407	29.365988	1
24562	JDP2	0.24719292	0.04828167	-2.3536885	9.492325	1
24567	ERG28	0.48034248	0.2651611	-0.8569507	8.314992	1
24611	SNW1	0.6346393	0.44111288	-0.5246895	6.812872	1
24626	DIO2	-1.3096724e-10	0.0026089903	4.759685	6.6021485	1
24630	AC007262.2	-1.3096724e-10	0.0031485152	5.0217104	7.862395	1
24633	AL136040.1	-1.3096724e-10	0.0057912557	5.880505	14.126597	1
24636	SEL1L	0.5238248	0.2741489	-0.933874	11.151066	1
24666	GALC	0.27172795	0.062327467	-2.1224408	12.021257	1
24687	AL357093.2	-1.3096724e-10	0.003081904	4.9918203	7.6725817	1
24691	FOXN3-AS2	-1.3096724e-10	0.0019403385	4.3507385	5.021597	1
24714	GPR68	-1.3096724e-10	0.0036359713	5.2234135	10.007509	1
24718	CCDC88C	0.0066619646	0.027373446	2.0225236	5.9018803	1
24724	FBLN5	0.042552687	0.09443993	1.148287	5.273507	1
24733	LGMN	0.40098426	0.14074971	-1.5097487	13.925918	1
24734	GOLGA5	0.29374024	0.1283946	-1.1933241	7.8546953	1
24746	AL122023.1	-1.3096724e-10	0.0047703	5.605941	12.271678	1
24755	DDX24	1.0510111	0.71187705	-0.56201255	13.580071	1
24756	IFI27L1	0.264101	0.12226244	-1.1104751	6.4720006	1
24758	IFI27L2	0.7603276	0.37881392	-1.0049409	18.229296	1
24772	GSC	-1.3096724e-10	0.010536789	6.7329206	21.371777	1
24849	YY1	1.0106511	0.7104901	-0.50833833	13.3761215	1
24865	DLK1	2.372454	0.34341067	-2.788014	42.342926	1
24866	MEG3	-1.3096724e-10	0.83688134	13.030982	44.55244	1
24869	MEG8	0.014123735	0.2244422	3.9806144	44.55244	1
24871	MEG9	-1.3096724e-10	0.017686816	7.4746666	41.68145	1
24890	AL137779.1	-1.3096724e-10	0.003282028	5.0798187	8.6989565	1
24893	DYNC1H1	1.0762955	0.739002	-0.54236287	13.11807	1
24898	CINP	0.3639152	0.14213307	-1.3557416	11.314159	1
24916	EIF5	1.1775283	0.7061863	-0.73755914	26.231483	1
24924	COA8	0.50227976	0.32093662	-0.64604056	6.620459	1
24972	NUDT14	0.21743262	0.08979613	-1.2749008	6.085736	1
24983	TMEM121	0.15259668	0.03138535	-2.277916	7.454838	1
25228	PWRN1	0.0031025773	0.022249334	2.8029265	7.363917	1
25233	NPAP1	-1.3096724e-10	0.0036294588	5.2208962	10.153524	1
25234	SNRPN	0.9126783	0.5047077	-0.8545305	21.334023	1
25257	GABRG3	0.007474474	0.039906565	2.401019	10.329844	1
25297	AC026150.3	-1.3096724e-10	0.0019774868	4.3767695	5.711063	1
25308	KLF13	0.3945929	0.17901862	-1.1398152	10.572824	1
25316	AC123768.3	-1.3096724e-10	0.0050042113	5.673618	12.466303	1
25327	RYR3	-1.3096724e-10	0.006342918	6.0096445	15.341106	1
25328	AC010809.3	-1.3096724e-10	0.002215698	4.533377	6.320699	1
25335	EMC7	0.7078029	0.3389678	-1.0619777	16.801443	1
25350	ACTC1	0.3460294	0.006947175	-5.6181226	19.713688	1
25358	DPH6-DT	-1.3096724e-10	0.002600952	4.7553983	7.0018015	1
25374	SPRED1	0.67200637	0.3961556	-0.7622583	9.813425	1
25445	DLL4	-1.3096724e-10	0.014749896	7.214311	35.306484	1
25483	TMEM87A	0.5093981	0.2727689	-0.9008688	9.352834	1
25497	AC090510.1	-1.3096724e-10	0.0069707376	6.1437907	16.189884	1
25520	PDIA3	2.0064895	1.3550957	-0.5662442	36.41784	1
25528	CASC4	0.49314407	0.2655975	-0.8925171	9.375267	1
25554	AC051619.8	-1.3096724e-10	0.0026693884	4.7914977	7.1983986	1
25556	SLC28A2	-1.3096724e-10	0.0027026278	4.80871	6.9906087	1
25567	BLOC1S6	0.44771692	0.28463224	-0.65330327	5.5788865	1
25574	AC073941.1	-1.3096724e-10	0.0030841061	4.9928184	7.713633	1
25575	SEMA6D	0.101932935	0.25948432	1.3471682	14.989565	1
25593	FBN1	1.1532612	0.508394	-1.1815417	27.658815	1
25607	COPS2	0.6019078	0.40199682	-0.5822393	6.8843856	1
25609	FAM227B	0.10264554	0.019263837	-2.407639	5.2889037	1
25647	TMOD2	0.19182624	0.042908188	-2.1578686	8.467278	1
25649	TMOD3	0.8334087	0.4035251	-1.0461814	22.27355	1
25658	AC023906.5	-1.3096724e-10	0.0023274673	4.601382	6.381718	1
25670	AC009754.1	-1.3096724e-10	0.0021337012	4.481366	6.239531	1
25678	UNC13C	-1.3096724e-10	0.05471917	9.098538	44.55244	1
25686	CCPG1	0.69100267	0.23848645	-1.534388	20.173798	1
25702	AC084782.3	-1.3096724e-10	0.0020267854	4.4106045	5.5723605	1
25709	TCF12	0.50401384	0.33107188	-0.6061694	5.544504	1
25712	CGNL1	0.79573005	0.04417252	-4.167977	34.320965	1
25718	POLR2M	0.15188673	0.30604383	1.0102642	10.858884	1
25720	ALDH1A2	-1.3096724e-10	0.6638038	12.69676	44.55244	1
25721	AC012653.2	-1.3096724e-10	0.03286785	8.364918	44.55244	1
25730	ADAM10	0.46789467	0.24147128	-0.9540431	9.825335	1
25733	MINDY2	0.4337734	0.09724378	-2.1561134	21.461227	1
25744	AC092756.1	-1.3096724e-10	0.005022158	5.678682	13.959246	1
25745	AC092868.2	0.003601691	0.020353459	2.4660883	7.5889864	1
25756	ANXA2	1.8657374	0.5319017	-1.8103205	44.55244	1
25775	VPS13C	0.51278615	0.26846159	-0.93338567	10.126759	1
25795	RPS27L	1.4044651	0.7853048	-0.8386151	26.746382	1
25798	CA12	0.236921	0.0003376336	-9.081076	13.601968	1
25802	USP3	0.35733315	0.16793509	-1.0889109	8.515167	1
25803	USP3-AS1	-1.3096724e-10	0.006263574	5.9917674	15.508345	1
25812	PPIB	2.822282	1.9431577	-0.538436	44.55244	1
25832	AC013553.3	-1.3096724e-10	0.004586221	5.550355	11.696379	1
25841	IGDCC3	0.11655614	0.35872942	1.6210359	17.497803	1
25849	RAB11A	0.7741225	0.5397431	-0.5202079	9.633205	1
25856	MAP2K1	0.23156586	0.105193175	-1.1376336	5.675672	1
25861	LCTL	-1.3096724e-10	0.0050231474	5.6789603	13.096807	1
25863	SMAD6	0.7249812	0.025850374	-4.8043156	44.55244	1
25864	AC013564.1	0.07853442	0.0017353042	-5.4210696	5.8961897	1
25868	AC087482.1	-1.3096724e-10	0.0025429318	4.724069	6.4045634	1
25875	AC016355.1	-1.3096724e-10	0.0036950682	5.246056	9.457484	1
25885	ITGA11	0.7771355	0.15073699	-2.3653615	29.77093	1
25913	LINC02204	-1.3096724e-10	0.0035359417	5.184259	10.216752	1
25915	SALRNA2	-1.3096724e-10	0.013432357	7.0802712	35.64281	1
25916	UACA	0.42593676	0.7653791	0.8453851	16.95037	1
25936	PKM	1.8896269	0.6526748	-1.5335205	44.55244	1
25940	HEXA	0.5816772	0.18772429	-1.6310831	21.080944	1
25941	HEXA-AS1	-1.3096724e-10	0.001872209	4.3017426	5.0545096	1
25944	AC079322.1	-1.3096724e-10	0.0022362403	4.5461187	5.76087	1
25952	ADPGK	0.27091375	0.12632391	-1.1000966	6.91806	1
25955	NEO1	0.17993301	0.29462934	0.71112907	5.7195992	1
25964	INSYN1	-1.3096724e-10	0.002748944	4.8323574	7.4708	1
25974	ISLR2	-1.3096724e-10	0.002946571	4.9291162	7.810862	1
25975	AC010931.2	-1.3096724e-10	0.009474516	6.5811296	22.290045	1
25977	ISLR	0.12160933	0.40254498	1.7260685	23.009455	1
26002	SCAMP2	0.2788991	0.121987924	-1.1923399	7.8915887	1
26003	MPI	0.16783181	0.045857187	-1.869513	6.886603	1
26006	RPP25	0.22006759	0.015660388	-3.804227	13.215399	1
26025	IMP3	0.45311993	0.22262704	-1.0249345	9.3972435	1
26030	AC105020.4	-1.3096724e-10	0.003325385	5.0981965	9.670546	1
26036	UBE2Q2	0.38239777	0.19319123	-0.9846751	7.590732	1
26046	SCAPER	0.2793024	0.1361702	-1.0358742	5.63121	1
26047	RCN2	1.1356311	0.6959688	-0.7063194	22.125648	1
26049	TSPAN3	0.7429152	0.5074063	-0.54996604	9.7678175	1
26051	AC090181.2	-1.3096724e-10	0.0044883834	5.519916	10.735552	1
26052	PEAK1	0.19142959	0.36826894	0.9435841	12.9792185	1
26056	LINGO1	0.11710053	0.3997459	1.770465	29.588264	1
26075	CRABP1	0.019221092	0.23225568	3.5880864	44.55244	1
26083	CHRNB4	-1.3096724e-10	0.003628311	5.2204523	8.544349	1
26092	TMED3	0.8796319	0.23669143	-1.8934469	38.09742	1
26102	BCL2A1	0.12646036	0.004974043	-4.6405463	5.953214	1
26119	MESD	0.93787646	0.5217768	-0.8458425	18.116028	1
26121	AC068870.2	-1.3096724e-10	0.002405248	4.6468835	6.2987046	1
26147	AP3B2	-1.3096724e-10	0.0021799242	4.5109158	5.7849526	1
26153	HOMER2	0.26636022	0.015305393	-4.112413	15.029697	1
26169	ADAMTSL3	-1.3096724e-10	0.03520751	8.463833	44.55244	1
26178	AC048382.1	-1.3096724e-10	0.0030206095	4.963758	7.6262045	1
26179	AC048382.6	-1.3096724e-10	0.0018369234	4.2756968	5.43464	1
26181	NMB	0.57930744	0.06709333	-3.1081884	27.270033	1
26187	ALPK3	0.17364533	0.008347267	-4.3623457	9.816257	1
26211	NTRK3	-1.3096724e-10	0.05520704	9.111321	44.55244	1
26220	ACAN	0.002988906	0.04302984	3.8035185	24.113169	1
26221	HAPLN3	0.002644076	0.015808214	2.5353794	5.0969477	1
26222	MFGE8	0.5406034	0.22327037	-1.2753997	15.40957	1
26251	IDH2	0.89841825	0.37041485	-1.2780164	31.298231	1
26253	SEMA4B	0.29756245	0.024146385	-3.6178358	13.801523	1
26254	CIB1	0.73055714	0.26119313	-1.4835255	23.8732	1
26260	IQGAP1	0.7776969	0.3964728	-0.9718078	18.233194	1
26272	FURIN	0.17685893	0.06779557	-1.3820252	5.222359	1
26291	SLCO3A1	0.16324352	0.43560588	1.4154453	22.193415	1
26306	LINC01578	1.0314243	0.5601187	-0.8807158	23.514101	1
26307	CHD2	0.805685	0.5639832	-0.51448697	7.1735864	1
26328	LINC01197	-1.3096724e-10	0.014693231	7.2087955	32.05026	1
26331	LINC00924	-1.3096724e-10	0.0040732673	5.383107	10.319359	1
26336	AC024337.2	-1.3096724e-10	0.006441276	6.0315022	15.077809	1
26337	NR2F2-AS1	0.055776257	0.17487979	1.646881	13.236243	1
26338	AC012409.3	-1.3096724e-10	0.0044407705	5.504867	10.601029	1
26342	NR2F2	0.25597715	1.1171777	2.1253374	44.55244	1
26356	LINC00923	-1.3096724e-10	0.0064728227	6.038443	16.50791	1
26378	AC036108.2	-1.3096724e-10	0.0020493323	4.4258184	6.06902	1
26388	MEF2A	0.83212686	0.30281034	-1.458086	26.001934	1
26398	AC027020.2	-1.3096724e-10	0.0051217894	5.7064743	12.468517	1
26414	CHSY1	1.1456863	0.17993733	-2.66997	44.55244	1
26415	SELENOS	0.7886712	0.43366238	-0.8627021	18.073595	1
26435	MPG	0.66892636	0.40331942	-0.7297825	11.343161	1
26444	Z69706.1	-1.3096724e-10	0.0053048	5.756171	14.105027	1
26451	MRPL28	0.4415927	0.26330465	-0.7457621	7.601901	1
26452	TMEM8A	0.27692303	0.13406433	-1.0460047	7.131394	1
26453	NME4	1.425731	0.98945934	-0.5269448	20.336576	1
26464	WFIKKN1	-1.3096724e-10	0.002084786	4.449422	6.231942	1
26465	METTL26	0.66645354	0.35030216	-0.9277092	15.1385765	1
26466	MCRIP2	0.16843155	0.04692726	-1.8414495	5.5081334	1
26476	Z92544.2	-1.3096724e-10	0.0030566326	4.980316	8.196751	1
26482	HAGHL	0.14255421	0.05121527	-1.4750623	5.223023	1
26520	TSR3	0.4960309	0.33326635	-0.5736124	5.7602253	1
26521	GNPTG	0.28933126	0.13829169	-1.0644634	6.811748	1
26529	AL031600.3	-1.3096724e-10	0.0017025201	4.1719456	5.047887	1
26546	NME3	0.55672705	0.31236628	-0.8335289	9.760267	1
26574	SLC9A3R2	0.43431884	0.25461254	-0.7702167	6.94493	1
26586	MLST8	0.2223152	0.10785821	-1.0427824	5.1536536	1
26593	ECI1	0.35233405	0.17914633	-0.9754097	7.8288627	1
26607	ATP6V0C	1.0884438	0.7448965	-0.5470939	14.579195	1
26613	AC093525.7	-1.3096724e-10	0.0070317676	6.15619	17.70138	1
26664	LINC00921	-1.3096724e-10	0.002868525	4.8916764	7.4588885	1
26684	TRAP1	0.22712171	0.0888864	-1.3524438	6.8782372	1
26687	AC005736.1	-1.3096724e-10	0.0027480514	4.8319054	7.9655123	1
26697	AC012676.1	-1.3096724e-10	0.0021258115	4.4762616	5.5626407	1
26703	NMRAL1	0.20704472	0.09220498	-1.1661586	5.81902	1
26721	AC020663.3	-1.3096724e-10	0.004458476	5.5104814	11.601557	1
26770	GRIN2A	0.46310696	0.022166621	-4.378702	18.666515	1
26830	AC109597.2	-1.3096724e-10	0.002217676	4.534609	6.399313	1
26848	BFAR	0.46416178	0.26299894	-0.8193331	8.499674	1
26858	PDXDC1	0.2995804	0.15717807	-0.9301071	6.1931114	1
26860	NTAN1	0.68142503	0.41963392	-0.69929165	11.517485	1
26871	MYH11	0.004467718	0.09663767	4.4045324	44.55244	1
26877	ABCC6	-1.3096724e-10	0.010032703	6.662877	23.433907	1
26882	AC138969.1	-1.3096724e-10	0.0037117817	5.2523956	9.751176	1
26902	ARL6IP1	0.73539174	0.4772771	-0.6235798	6.8486004	1
26906	TMC7	-1.3096724e-10	0.013063668	7.0404196	33.117744	1
26954	TMEM159	0.28658366	0.12602286	-1.1846298	7.6113153	1
26969	UQCRC2	0.71895593	0.44602615	-0.68865234	11.090659	1
26988	HS3ST2	-1.3096724e-10	0.0045339838	5.534183	11.537191	1
27013	PRKCB	0.36709785	0.020862719	-4.13066	15.333832	1
27024	LCMT1-AS1	-1.3096724e-10	0.002985733	4.947543	7.5478826	1
27027	LCMT1-AS2	-1.3096724e-10	0.0021888139	4.51653	5.9094067	1
27042	KDM8	-1.3096724e-10	0.006990026	6.147721	17.109066	1
27048	IL21R	-1.3096724e-10	0.0062394785	5.9862943	17.551888	1
27053	AC016597.1	-1.3096724e-10	0.002330919	4.6034317	6.361458	1
27058	SBK1	0.021209272	0.06264615	1.5580456	5.7794976	1
27067	NUPR1	0.51957214	0.18222858	-1.5110611	8.286601	1
27071	SULT1A1	0.13754591	0.021929445	-2.643457	7.9992046	1
27103	SPN	-1.3096724e-10	0.0019720488	4.372988	5.4052935	1
27116	CDIPT	0.27573282	0.12799002	-1.1066359	7.1616735	1
27118	SEZ6L2	1.1025206	0.4229866	-1.3819116	44.55244	1
27122	TMEM219	0.637335	0.4414776	-0.52961135	6.2475653	1
27130	ALDOA	0.21224271	0.029512128	-2.8421345	11.861469	1
27197	VKORC1	1.6820881	0.40989438	-2.036663	44.55244	1
27198	BCKDK	0.37005177	0.14284565	-1.3726501	11.23815	1
27271	AC136944.2	-1.3096724e-10	0.0035254464	5.1800885	9.605951	1
27311	ITFG1	0.33207297	0.1603591	-1.049729	6.840802	1
27312	AC007494.2	-1.3096724e-10	0.0017604579	4.2175875	5.034014	1
27342	AC027348.1	-1.3096724e-10	0.0037697293	5.274163	10.167892	1
27386	TOX3	-1.3096724e-10	0.050755795	8.990271	44.55244	1
27417	CRNDE	0.37888533	0.10685108	-1.8251909	14.376815	1
27427	MMP2	1.0245718	0.37513426	-1.4492984	31.058142	1
27438	GNAO1	0.15346631	0.018802837	-3.0221872	9.022641	1
27447	AC092140.2	-1.3096724e-10	0.0019422023	4.352056	5.2516065	1
27451	MT2A	0.044136908	0.20366992	2.2036185	25.931026	1
27453	MT1E	-1.3096724e-10	0.032503452	8.348883	44.55244	1
27460	MT1X	-1.3096724e-10	0.011473562	6.854691	20.492098	1
27464	HERPUD1	0.6009256	0.28213477	-1.0905309	12.396534	1
27468	NLRC5	-1.3096724e-10	0.0026205105	4.7658076	7.591755	1
27475	ARL2BP	0.4913631	0.2913545	-0.7538125	8.1368265	1
27484	POLR2C	0.41246593	0.20128539	-1.0346656	9.744005	1
27485	DOK4	0.3135349	0.101172864	-1.6308383	11.06719	1
27529	AC040174.1	-1.3096724e-10	0.004135113	5.4043307	11.103878	1
27531	AC138305.1	-1.3096724e-10	0.005202396	5.7285743	14.263229	1
27538	CDH11	0.66871274	1.0708588	0.6792288	17.041075	1
27539	LINC02126	-1.3096724e-10	0.0074756164	6.2432933	19.616213	1
27553	AC010542.4	-1.3096724e-10	0.0019803462	4.3787537	5.4028387	1
27559	CMTM3	0.8520978	0.5271423	-0.6927222	14.544208	1
27561	DYNC1LI2	0.88875437	0.57344633	-0.63203704	13.7787	1
27573	CIAO2B	0.94329506	0.53662485	-0.8136793	20.269613	1
27580	TRADD	0.18906687	0.053474464	-1.820042	7.951659	1
27583	NOL3	0.6587583	0.04602311	-3.8364065	33.404358	1
27589	TMEM208	0.5254108	0.30483076	-0.78523874	10.070811	1
27594	LRRC36	-1.3096724e-10	0.005485672	5.803661	14.831267	1
27595	TPPP3	0.006927827	0.067035474	3.255925	29.123348	1
27597	HSD11B2	0.044905216	0.20351382	2.1776714	25.677794	1
27605	AC027682.2	-1.3096724e-10	0.0019691456	4.3709655	5.8482323	1
27608	AC027682.1	-1.3096724e-10	0.001920656	4.336754	5.319423	1
27639	AC020978.5	-1.3096724e-10	0.0041022967	5.393108	10.787864	1
27676	AC009032.1	-1.3096724e-10	0.0024911864	4.695543	6.7075443	1
27683	CLEC18A	-1.3096724e-10	0.0015975419	4.085377	5.0866795	1
27685	AC009060.1	-1.3096724e-10	0.0060211937	5.935743	14.83012	1
27721	MARVELD3	-1.3096724e-10	0.015201696	7.25755	39.28904	1
27744	ZFHX3	0.2719346	0.5904555	1.1182826	23.891113	1
27765	GLG1	0.97635114	0.5125591	-0.929548	22.947021	1
27790	GABARAPL2	0.9173042	0.6432698	-0.5119093	9.901251	1
27831	AC092376.2	-1.3096724e-10	0.004757904	5.602264	11.733961	1
27835	MAF	0.12740901	0.22752905	0.83608544	6.729758	1
27837	AC009159.3	-1.3096724e-10	0.002289806	4.5788236	6.071734	1
27840	MAFTRR	-1.3096724e-10	0.0025977404	4.7536817	6.141325	1
27849	CDYL2	0.0017724475	0.012930807	2.7989292	6.860037	1
27867	AC092139.1	-1.3096724e-10	0.0025851638	4.74694	6.9845805	1
27878	CDH13	0.47554398	0.08096934	-2.5526538	20.826855	1
27904	WFDC1	0.11236608	0.023627415	-2.244863	5.145433	1
27911	COTL1	1.0112318	0.6127462	-0.7226594	11.358051	1
27935	AC018695.9	-1.3096724e-10	0.0022846886	4.575731	5.8111496	1
27962	FOXL1	-1.3096724e-10	0.001986683	4.3831415	5.4948444	1
27981	MAP1LC3B	0.8011091	0.4273604	-0.90638804	15.884642	1
28007	ZFPM1	0.057376567	0.13182436	1.1986651	6.5464306	1
28011	CYBA	0.98796844	0.6333525	-0.6413745	12.676579	1
28020	AC138028.4	-1.3096724e-10	0.0017756837	4.2293468	5.457754	1
28023	AC138028.1	-1.3096724e-10	0.0019411641	4.351322	5.8379197	1
28062	VPS9D1-AS1	-1.3096724e-10	0.002429904	4.6610126	6.4151125	1
28069	TUBB3	0.6574417	0.21227984	-1.6304356	15.728291	1
28092	RFLNB	0.13905363	0.26982483	0.9558791	8.343544	1
28130	SERPINF1	0.42671958	0.10472479	-2.0256464	14.833836	1
28142	HIC1	0.031873763	0.12177283	1.9304161	16.37265	1
28178	ASPA	-1.3096724e-10	0.0076965555	6.284767	20.18254	1
28182	AC027796.1	-1.3096724e-10	0.0031749804	5.0334163	7.8068047	1
28186	TAX1BP3	0.3838032	0.551097	0.52182555	6.601069	1
28187	EMC6	0.4860064	0.31068644	-0.64534867	7.138486	1
28207	SPNS2	-1.3096724e-10	0.0020549134	4.42956	5.610702	1
28216	AC091153.3	-1.3096724e-10	0.0022071076	4.5280156	5.716733	1
28235	ENO3	0.085055836	0.0051544756	-4.018487	5.500939	1
28236	SPAG7	0.56435925	0.3800411	-0.57033455	7.062218	1
28251	ZNF594	0.0044437563	0.03316244	2.8719368	13.6576395	1
28258	RPAIN	0.59252787	0.4163978	-0.5088176	5.588727	1
28269	WSCD1	-1.3096724e-10	0.0048536845	5.630432	11.978518	1
28289	RNASEK	1.7401981	1.2287953	-0.50197244	33.688087	1
28292	BCL6B	-1.3096724e-10	0.006340368	6.0090733	15.474121	1
28293	SLC16A13	-1.3096724e-10	0.0029163535	4.914736	6.9386983	1
28299	ACADVL	0.5989342	0.4089191	-0.55047023	6.622893	1
28318	TMEM256	0.7037913	0.3262252	-1.1090424	19.53277	1
28325	FGF11	0.12279499	0.019955933	-2.6153252	6.72548	1
28365	VAMP2	0.61517245	0.4241689	-0.53624654	6.1039658	1
28366	TMEM107	0.24197511	0.10629241	-1.1860596	6.717965	1
28376	ARHGEF15	-1.3096724e-10	0.005200666	5.7281036	12.799207	1
28396	STX8	0.36759725	0.1775186	-1.0497355	8.809321	1
28412	GAS7	0.1706435	0.051626965	-1.7228422	6.2400393	1
28463	HS3ST3B1	0.1284124	0.026875198	-2.252202	5.827656	1
28474	PMP22	0.5564593	0.19102488	-1.5420197	18.048737	1
28494	ADORA2B	0.084590524	0.005693762	-3.8696284	6.3909006	1
28499	AC002553.1	-1.3096724e-10	0.007657316	6.2774878	19.20339	1
28505	TRPV2	0.07435364	0.008772795	-3.068882	5.3226433	1
28530	AC055811.3	-1.3096724e-10	0.0022051004	4.5267596	5.778917	1
28546	AC122129.1	-1.3096724e-10	0.0023501643	4.6148086	5.7058997	1
28553	ALKBH5	0.3183163	0.14624083	-1.1215818	7.6048937	1
28577	GRAP	-1.3096724e-10	0.002807055	4.8614883	7.561169	1
28580	AC007952.2	-1.3096724e-10	0.0027505704	4.833181	6.8691983	1
28591	EPN2-AS1	-1.3096724e-10	0.0033663397	5.115343	8.18355	1
28595	MFAP4	0.42144242	0.18132758	-1.2162839	6.4916534	1
28632	AC087393.2	-1.3096724e-10	0.0035936255	5.206968	8.835507	1
28658	WSB1	2.0519102	1.0873644	-0.9160695	44.55244	1
28677	IFT20	0.48289815	0.29437828	-0.7138564	6.501886	1
28692	PIGS	0.258649	0.108271524	-1.2555674	6.752346	1
28693	ALDOC	0.2661297	0.018299604	-3.854925	15.910252	1
28731	TIAF1	-1.3096724e-10	0.0032565165	5.068895	9.102665	1
28740	TP53I13	0.22998655	0.0821246	-1.4845346	8.294922	1
28759	SLC6A4	-1.3096724e-10	0.0023466765	4.6127534	6.2444263	1
28764	CPD	0.22827512	0.07844235	-1.5398628	8.435631	1
28772	AC127024.2	-1.3096724e-10	0.0028997064	4.906751	7.7417564	1
28782	ADAP2	0.0030923728	0.06253073	4.29417	43.061077	1
28802	UTP6	0.27751285	0.15725279	-0.8190715	5.0569186	1
28810	RHBDL3	-1.3096724e-10	0.0027899533	4.8529763	7.3349204	1
28823	AC079336.5	-1.3096724e-10	0.0018322755	4.2722306	5.8095183	1
28831	TMEM98	0.6341008	0.3004872	-1.0771562	16.31173	1
28852	CCL7	-1.3096724e-10	0.0021686838	4.5037856	5.928891	1
28854	CCL8	-1.3096724e-10	0.0064241732	6.027725	15.288339	1
28892	AP2B1	0.5513933	0.37404728	-0.5597371	6.1874256	1
28894	RASL10B	0.014310699	0.06637345	2.205638	11.000308	1
28896	MMP28	-1.3096724e-10	0.008942251	6.498612	19.537802	1
28901	AC015849.4	-1.3096724e-10	0.0036817845	5.2409973	9.764924	1
28908	CCL14	-1.3096724e-10	0.00573167	5.865839	15.888476	1
28910	CCL15	-1.3096724e-10	0.0029152976	4.9142303	8.794755	1
28931	GGNBP2	0.61469597	0.4257388	-0.5298003	6.396892	1
28977	PCGF2	0.30480173	0.1594576	-0.93426704	6.1709566	1
28987	LINC00672	0.16943045	0.029754164	-2.5055404	8.110096	1
28989	AC006441.4	-1.3096724e-10	0.0020965172	4.457148	5.557048	1
28991	PLXDC1	0.1486547	0.6098371	2.035725	44.55244	1
28999	AC005288.1	-1.3096724e-10	0.002199435	4.5232096	5.7620764	1
29037	IGFBP4	1.0317837	0.670183	-0.6224381	11.557884	1
29117	P3H4	0.6469407	0.1992565	-1.6985059	24.35909	1
29118	FKBP10	1.2534311	0.41965154	-1.5783904	44.55244	1
29134	RAB5C	0.7062835	0.49777818	-0.504659	7.2744904	1
29144	STAT3	0.6271756	0.39615253	-0.66267943	9.477579	1
29149	NAGLU	0.22851172	0.07416224	-1.6221986	7.9574842	1
29159	PLEKHH3	0.13051133	0.3257104	1.3187524	18.857979	1
29160	CCR10	0.03194517	0.09040214	1.497845	8.239272	1
29161	AC100793.2	0.06684628	0.17132825	1.356529	11.212872	1
29165	AC100793.4	-1.3096724e-10	0.008727659	6.4639606	20.107342	1
29168	VPS25	0.46905574	0.27390894	-0.77584404	7.376413	1
29174	AOC2	-1.3096724e-10	0.0024373864	4.665273	6.430271	1
29183	VAT1	0.59239054	0.2362591	-1.3258117	19.051329	1
29192	ARL4D	0.5378381	0.030487975	-4.1364036	24.69863	1
29195	ETV4	0.20783521	0.04553173	-2.1880248	8.27277	1
29212	TMEM101	0.31606928	0.13781042	-1.1969656	8.151798	1
29215	HDAC5	0.26333997	0.1224325	-1.1043097	6.107915	1
29231	GRN	0.88390386	0.39931548	-1.1461625	25.849512	1
29233	ITGA2B	-1.3096724e-10	0.0019431269	4.352709	5.1606927	1
29246	HIGD1B	-1.3096724e-10	0.014485574	7.1884003	34.34737	1
29283	MAPT	0.022837544	0.2046508	3.1580863	44.55244	1
29284	MAPT-IT1	-1.3096724e-10	0.002716842	4.8160086	7.5172133	1
29286	STH	-1.3096724e-10	0.0017752359	4.229002	5.3659506	1
29291	LRRC37A	-1.3096724e-10	0.0034176887	5.1365576	9.034429	1
29300	GOSR2	0.30034566	0.13848159	-1.1163684	7.2662234	1
29306	MYL4	0.2664369	0.015365426	-4.107217	13.301767	1
29307	ITGB3	0.1436732	0.023437478	-2.610763	6.965932	1
29313	AC025682.1	-1.3096724e-10	0.0025231605	4.7132363	6.1694984	1
29334	COPZ2	0.25167528	0.05536664	-2.1824443	11.462045	1
29336	NFE2L1	0.49997875	0.23102522	-1.1134806	12.814257	1
29353	AC103702.1	0.0041085696	0.019599473	2.2267551	5.441369	1
29355	HOXB6	0.02707541	0.07899995	1.541375	6.687925	1
29358	HOXB9	0.067830935	0.14641412	1.108899	6.053416	1
29361	LINC02086	0.01730855	0.052904624	1.6063223	5.376066	1
29385	PHB	0.79950005	0.5556222	-0.5249146	9.478198	1
29388	NGFR	0.20735936	0.02313553	-3.1584244	7.91865	1
29417	COL1A1	2.6899428	1.4933276	-0.84900177	44.55244	1
29453	SPAG9	0.73350376	0.5112112	-0.52079934	7.808063	1
29464	CA10	-1.3096724e-10	0.041126937	8.687446	44.55244	1
29475	HLF	-1.3096724e-10	0.022100484	7.7944493	44.55244	1
29493	SCPEP1	0.5258656	0.2172492	-1.2749537	16.748951	1
29500	MSI2	0.36390516	0.20881326	-0.8010547	5.0449457	1
29531	SEPTIN4-AS1	-1.3096724e-10	0.008294543	6.3913817	22.661816	1
29532	SEPTIN4	0.18195662	0.31252724	0.78005624	7.1013403	1
29595	MRC2	1.3548042	0.7885352	-0.7807609	26.255033	1
29601	TANC2	0.25306168	0.06677109	-1.9206045	9.407749	1
29610	ACE	-1.3096724e-10	0.0033827648	5.122163	8.728472	1
29617	CCDC47	0.4636441	0.25926614	-0.8383388	8.385965	1
29637	PECAM1	0.005805463	0.035888758	2.6074243	9.555693	1
29642	SMURF2	0.4618863	0.23322499	-0.98550916	8.320944	1
29648	AC037487.2	-1.3096724e-10	0.0025939306	4.7516427	6.934206	1
29649	RGS9	0.2456375	0.039974403	-2.616365	12.246656	1
29658	CACNG4	-1.3096724e-10	0.0149677275	7.23532	34.145844	1
29668	AC110921.1	-1.3096724e-10	0.0025537242	4.7299485	7.061674	1
29673	C17orf58	0.27186197	0.09066703	-1.5831646	9.54194	1
29683	AMZ2	0.21761549	0.08643481	-1.3310914	5.9989944	1
29687	WIPI1	0.3493689	0.092999265	-1.9083223	15.284416	1
29689	FAM20A	0.0019143702	0.14511314	6.1716995	44.55244	1
29693	ABCA8	0.2252333	0.053514943	-2.0713534	10.724854	1
29696	ABCA6	-1.3096724e-10	0.0026254111	4.768404	6.633724	1
29697	ABCA10	-1.3096724e-10	0.0027154956	4.815319	7.5225043	1
29707	KCNJ2-AS1	-1.3096724e-10	0.0022667265	4.564823	5.8933835	1
29717	SOX9-AS1	0.16914277	0.0020473031	-6.3004246	10.796059	1
29719	SOX9	0.7746874	0.055055637	-3.8122203	35.844055	1
29720	LINC00511	0.21767592	0.002085675	-6.638622	10.123293	1
29726	SSTR2	-1.3096724e-10	0.017583296	7.466245	41.668777	1
29755	GPRC5C	0.5672981	0.16710114	-1.7627766	18.123322	1
29771	FDXR	0.10661319	0.024231143	-2.1328626	5.163951	1
29785	JPT1	0.7901334	0.51200795	-0.6258309	9.025768	1
29805	SMIM5	-1.3096724e-10	0.0025329797	4.7186265	6.17245	1
29811	GALK1	0.2431937	0.08716566	-1.479213	8.408951	1
29816	WBP2	0.31605715	0.110972315	-1.5091425	12.374074	1
29833	RNF157-AS1	-1.3096724e-10	0.0021293263	4.478538	5.6026154	1
29836	QRICH2	-1.3096724e-10	0.0032945336	5.0851436	8.575251	1
29838	SPHK1	0.11590587	0.021899417	-2.3986607	6.0579667	1
29853	AC005837.1	-1.3096724e-10	0.0030780574	4.990075	7.5937862	1
29854	MXRA7	0.45988852	0.22398101	-1.0375774	10.40784	1
29857	METTL23	0.36134028	0.17361872	-1.0570041	8.125951	1
29904	TIMP2	0.54608136	0.19777457	-1.4647939	18.136549	1
29906	CEP295NL	-1.3096724e-10	0.001883441	4.3099356	5.3303227	1
29908	LGALS3BP	0.47730744	0.27077663	-0.8175852	6.372568	1
29911	C1QTNF1	0.09623816	0.007596695	-3.6457965	5.909516	1
29931	GAA	0.27664644	0.080011755	-1.7884789	11.085805	1
29993	MCRIP1	0.6995697	0.4922151	-0.5070921	6.8018537	1
29995	P4HB	2.1877625	0.72767067	-1.5879662	44.55244	1
29998	ARHGDIA	0.7605747	0.5168149	-0.55735284	9.029046	1
30003	NPB	0.102034256	0.008911125	-3.5026157	6.3555303	1
30009	PYCR1	0.256613	0.07942782	-1.6906246	9.386722	1
30018	RAC3	0.52882934	0.2097905	-1.3334382	16.693987	1
30019	DCXR	0.3411593	0.16991124	-1.0052383	6.4591646	1
30021	RFNG	0.26897377	0.1316208	-1.0305185	6.294097	1
30029	SLC16A3	0.65718555	0.0268988	-4.605553	39.220722	1
30030	CSNK1D	0.37234682	0.2150039	-0.7920007	5.816918	1
30047	NARF	0.4650923	0.19035171	-1.288402	14.97244	1
30054	WDR45B	0.48607048	0.25401738	-0.93596727	9.411099	1
30067	METRNL	0.28399694	0.0798159	-1.8298287	11.035287	1
30070	AC139099.2	-1.3096724e-10	0.0017159606	4.182663	5.111353	1
30093	AP001020.1	-1.3096724e-10	0.0018834149	4.3099165	5.234581	1
30102	LINC00470	-1.3096724e-10	0.0026772828	4.795604	6.822569	1
30127	TGIF1	0.28464666	0.07529018	-1.9172304	10.8778	1
30129	DLGAP1	-1.3096724e-10	0.00852415	6.430312	19.057003	1
30148	EPB41L3	0.20907992	0.043521322	-2.2616389	9.197483	1
30172	PTPRM	0.28479707	0.05029237	-2.4991634	12.045591	1
30189	AP005899.1	-1.3096724e-10	0.0021196865	4.472286	5.9070354	1
30191	ANKRD12	1.1362364	0.6628626	-0.77739066	19.51537	1
30198	AP005432.1	-1.3096724e-10	0.0027890191	4.85251	7.7917943	1
30203	RAB31	0.7297323	0.41131878	-0.82695746	12.791965	1
30207	VAPA	1.2683195	0.8398515	-0.594654	22.08085	1
30215	APCDD1	0.0015671708	0.012602289	2.9296148	7.71227	1
30221	PIEZO2	0.2601593	0.9584996	1.8809787	44.55244	1
30256	PSMG2	0.5660166	0.3597384	-0.6537502	8.078749	1
30258	AP005482.3	-1.3096724e-10	0.0038757354	5.313152	9.858533	1
30276	AP005131.1	-1.3096724e-10	0.0024828082	4.690871	6.606742	1
30277	AP005131.7	-1.3096724e-10	0.0022424588	4.549954	6.067716	1
30280	FAM210A	0.37291452	0.11942759	-1.6418881	13.691646	1
30281	RNMT	0.9259519	0.45989305	-1.0094811	20.924456	1
30307	ESCO1	0.28652918	0.14070308	-1.0255065	6.9029055	1
30328	CABLES1	0.014376374	0.046801478	1.6959332	6.4534917	1
30331	RIOK3	0.76538944	0.26315752	-1.5399078	27.477484	1
30346	IMPACT	0.29515225	0.15697654	-0.9104803	5.9286523	1
30372	CHST9	-1.3096724e-10	0.013504802	7.087974	27.761261	1
30379	CDH2	1.6223711	0.383458	-2.080676	44.55244	1
30390	DSC2	0.21901987	0.07432105	-1.5579377	7.1329618	1
30399	DSG2	0.5847817	0.18188465	-1.6843282	22.15303	1
30408	AC009831.1	-1.3096724e-10	0.0044365884	5.5035377	11.921001	1
30409	RNF125	-1.3096724e-10	0.003818808	5.292345	10.415399	1
30444	AC007998.3	-1.3096724e-10	0.0019167202	4.333941	5.3023396	1
30446	GALNT1	0.7567167	0.5061272	-0.580159	8.012207	1
30453	ELP2	0.33818242	0.15828444	-1.0947975	8.302014	1
30469	MIR924HG	-1.3096724e-10	0.01378249	7.1171246	33.76778	1
30488	AC120049.1	-1.3096724e-10	0.0059164814	5.91085	14.673567	1
30489	SETBP1	0.102886684	0.18882571	0.87536126	5.0743794	1
30519	AC012254.3	-1.3096724e-10	0.0021093008	4.46552	5.588523	1
30521	IER3IP1	0.5940405	0.37042728	-0.6812246	9.276332	1
30533	SMAD7	0.4656302	0.16890459	-1.462432	14.362688	1
30536	DYM	0.20483178	0.09495808	-1.1082625	5.1168747	1
30541	C18orf32	0.8436458	0.5731049	-0.55775744	11.533792	1
30546	LIPG	-1.3096724e-10	0.0039211167	5.3295264	9.871519	1
30548	ACAA2	0.5080866	0.3088686	-0.7178984	7.7147193	1
30550	MYO5B	-1.3096724e-10	0.003134634	5.0155325	8.517807	1
30569	DCC	-1.3096724e-10	0.004412636	5.4959006	9.478914	1
30578	RAB27B	0.22237891	0.047691923	-2.2188299	8.769428	1
30581	CCDC68	0.7324959	0.47905988	-0.6125106	7.4118013	1
30582	LINC01929	-1.3096724e-10	0.0015135992	4.0122123	6.211432	1
30609	ONECUT2	-1.3096724e-10	0.019822104	7.638228	38.367817	1
30612	NARS	0.51381487	0.3342794	-0.6200436	5.9152427	1
30641	LMAN1	1.2728109	0.5287953	-1.2670774	41.450348	1
30643	CCBE1	0.22273037	0.013919305	-3.9904592	9.552983	1
30665	AC027514.1	-1.3096724e-10	0.0028383485	4.8769355	7.5026617	1
30674	AC022726.2	-1.3096724e-10	0.002289129	4.578415	5.943273	1
30689	AC009802.1	-1.3096724e-10	0.0022186246	4.535199	5.6010013	1
30692	LINC00305	-1.3096724e-10	0.0027418162	4.8287435	7.6027575	1
30697	LINC01916	-1.3096724e-10	0.15013607	10.553018	44.55244	1
30699	CDH7	0.06363461	0.18200426	1.5146157	9.742939	1
30702	CDH19	0.34399787	0.00025912139	-9.904132	16.13396	1
30705	AC110597.3	-1.3096724e-10	0.0028806874	4.897575	7.442341	1
30730	LINC01909	-1.3096724e-10	0.0021073	4.464213	5.871853	1
30738	LINC01541	-1.3096724e-10	0.003826971	5.295347	8.780382	1
30742	CBLN2	0.0059446236	0.067772105	3.4890945	28.884401	1
30754	CYB5A	0.49777076	0.2605888	-0.93344265	9.062208	1
30758	DIPK1C	-1.3096724e-10	0.0027682756	4.8421135	8.144831	1
30760	CNDP2	0.0671055	0.13629554	1.0211452	6.189523	1
30802	MBP	0.0021899366	0.018246405	3.0021179	8.788085	1
30824	AC125437.3	-1.3096724e-10	0.0038161299	5.2913585	10.019312	1
30827	NFATC1	0.27982593	0.014823482	-4.2293887	14.619373	1
30844	TXNL4A	0.70187926	0.4335865	-0.694776	12.022326	1
30849	PARD6G-AS1	-1.3096724e-10	0.0037657602	5.272682	9.013637	1
30859	PLPP2	0.12222514	0.011815534	-3.3598056	7.628254	1
30868	MADCAM1	-1.3096724e-10	0.0030616485	4.982607	7.813934	1
30871	CDC34	0.4569948	0.29520622	-0.6302817	5.788963	1
30874	BSG	1.3727247	0.6475587	-1.0838417	43.251408	1
30904	CNN2	0.27809942	0.413835	0.57328486	5.8513374	1
30916	CIRBP-AS1	-1.3096724e-10	0.0070686038	6.1636224	18.933283	1
30917	FAM174C	0.397894	0.18402207	-1.112084	10.093852	1
30952	ABHD17A	0.57057124	0.40106067	-0.50847983	5.939308	1
30954	ADAT3	-1.3096724e-10	0.0019967763	4.390103	5.2634373	1
30969	OAZ1	1.6756802	1.1212031	-0.57965666	33.817078	1
31001	TLE2	0.18138035	0.01742214	-3.3725624	11.27923	1
31037	ATCAY	0.08066159	0.0028650968	-4.767518	5.0939307	1
31062	UBXN6	0.2514096	0.12335255	-1.0266566	6.193674	1
31072	MYDGF	1.2585235	0.5639443	-1.1579664	36.68576	1
31083	PLIN3	0.4742453	0.30721435	-0.62622255	5.310986	1
31086	KDM4B	0.32726377	0.16014577	-1.0306083	7.267201	1
31089	AC005790.1	-1.3096724e-10	0.0019824049	4.380181	5.3746696	1
31097	LONP1	0.21525316	0.09985949	-1.1072891	5.381753	1
31099	PRR22	-1.3096724e-10	0.0029227308	4.9177823	7.6576557	1
31121	CLPP	0.5804379	0.29501632	-0.9761066	13.50764	1
31132	TUBB4A	-1.3096724e-10	0.008192876	6.3738027	17.863773	1
31197	CD320	0.40081245	0.14724426	-1.4440963	11.999848	1
31198	NDUFA7	0.42547613	0.2693089	-0.65961975	5.5607114	1
31201	ANGPTL4	0.8789927	0.23860188	-1.8808054	26.037392	1
31206	HNRNPM	0.50844127	0.84288067	0.7291346	16.678518	1
31247	ZNF846	0.15268065	0.044787556	-1.7670743	5.756447	1
31259	ANGPTL6	0.080197684	0.0016225302	-5.5427575	5.0808234	1
31282	S1PR5	0.034700606	0.09430411	1.4397372	7.3575354	1
31285	CDKN2D	0.2491177	0.11754169	-1.0830071	5.6091566	1
31287	SLC44A2	0.27507618	0.0908225	-1.5976461	9.906215	1
31288	ILF3-DT	0.21652144	0.0906328	-1.25548	5.2099786	1
31292	TMED1	0.41450855	0.21718955	-0.9321311	8.6989765	1
31295	YIPF2	0.34671566	0.10846507	-1.675609	13.819907	1
31301	KANK2	0.23262198	0.41104484	0.8210392	10.864601	1
31315	EPOR	0.20659661	0.05297949	-1.9612882	9.026439	1
31316	RGL3	0.011014438	0.037423674	1.7553661	5.0612655	1
31318	PRKCSH	0.6614576	0.3079299	-1.1027964	18.993069	1
31374	JUNB	0.96442413	0.6438017	-0.58297694	9.068429	1
31382	DNASE2	0.369164	0.06794425	-2.4401073	17.678637	1
31391	RAD23A	0.8290948	0.45463547	-0.86668354	18.014853	1
31394	NFIX	0.12305866	0.031313017	-1.9710835	5.5332475	1
31441	PKN1	0.35188285	0.16100526	-1.1275015	8.71393	1
31457	SLC1A6	-1.3096724e-10	0.0033330221	5.1014094	8.667583	1
31462	ILVBL	0.25577226	0.12142309	-1.0741932	6.010663	1
31464	NOTCH3	0.21766727	0.3765951	0.7906101	8.684593	1
31509	C19orf44	-1.3096724e-10	0.017081592	7.4247217	41.176044	1
31511	AC008764.6	-1.3096724e-10	0.004300581	5.459624	10.720155	1
31512	SLC35E1	0.31732523	0.12072986	-1.3934397	9.4578705	1
31520	SMIM7	0.6442962	0.41967344	-0.61833715	9.592339	1
31533	MYO9B	0.30759314	0.14292328	-1.1052421	7.522184	1
31541	USHBP1	-1.3096724e-10	0.0041705193	5.4163413	10.99557	1
31556	AC010319.4	-1.3096724e-10	0.0033934822	5.126596	9.01235	1
31565	NIBAN3	-1.3096724e-10	0.0018088068	4.254601	5.1515803	1
31566	COLGALT1	0.2994932	0.098832764	-1.5984845	10.567557	1
31601	FKBP8	0.88817966	0.53333485	-0.73570186	19.293867	1
31603	KXD1	0.42283267	0.22107793	-0.9352204	8.71718	1
31619	HOMER3	0.45878863	0.239908	-0.9350616	9.693292	1
31711	LINC01224	-1.3096724e-10	0.00397787	5.3497458	10.678793	1
31721	AC073534.2	-1.3096724e-10	0.0033090292	5.091291	8.98037	1
31726	AC006504.7	-1.3096724e-10	0.0018126303	4.257488	5.2223706	1
31761	AC008507.2	-1.3096724e-10	0.0022173622	4.5344133	5.701577	1
31799	RHPN2	-1.3096724e-10	0.0049649347	5.6624737	12.427098	1
31811	CEBPA-DT	-1.3096724e-10	0.002113718	4.4684014	5.3441114	1
31813	CEBPG	0.20417885	0.06806779	-1.5833777	6.085315	1
31823	GPI	0.9301863	0.30361578	-1.6149529	37.519684	1
31844	GRAMD1A	0.3229662	0.16130537	-1.0011411	7.3337297	1
31855	FXYD5	1.2122158	0.20729098	-2.5473404	44.55244	1
31866	FFAR3	-1.3096724e-10	0.0028924337	4.9032493	8.833251	1
31871	FFAR2	-1.3096724e-10	0.0053710355	5.773744	14.979974	1
31877	TMEM147	0.66916823	0.44826788	-0.5779017	8.60703	1
31919	POLR2I	0.50297046	0.34216914	-0.5556294	5.516691	1
31920	TBCB	0.66600925	0.45065883	-0.5634032	8.439056	1
31921	CAPNS1	0.8550337	0.5907728	-0.5333024	10.469717	1
31987	SPINT2	0.15182683	0.042924598	-1.820143	5.528819	1
31990	YIF1B	0.17272833	0.06989412	-1.3040341	5.6989474	1
31992	KCNK6	0.10467268	0.016994575	-2.615652	5.2903423	1
32014	ECH1	0.6752926	0.41379127	-0.7064746	10.823032	1
32040	GMFG	0.079326734	0.19223186	1.2759011	9.68673	1
32045	ZFP36	0.1755486	0.28860125	0.71688515	5.2667413	1
32046	PLEKHG2	0.11326243	0.22151755	0.96712947	7.7852035	1
32075	PLD3	1.6284666	0.8697771	-0.90471923	44.55244	1
32082	BLVRB	0.65093905	0.29357862	-1.1485059	17.022532	1
32091	MIA	0.14497887	0.0008343303	-7.278689	6.253206	1
32103	AXL	0.20226839	0.061762508	-1.7098467	7.501939	1
32106	TGFB1	0.715463	0.25436953	-1.491586	23.284288	1
32113	BCKDHA	0.23702857	0.086630575	-1.4510568	7.5294666	1
32121	LINC01480	-1.3096724e-10	0.010474638	6.7244663	25.47733	1
32137	RABAC1	1.3661381	0.8360632	-0.7083525	29.610643	1
32190	PLAUR	0.53761584	0.034044795	-3.9771063	27.208996	1
32232	BCL3	0.15681972	0.02089902	-2.9016328	9.09347	1
32236	NECTIN2	0.44222194	0.19630039	-1.171299	11.133201	1
32239	APOE	2.208617	1.0238011	-1.109132	43.64935	1
32248	GEMIN7-AS1	-1.3096724e-10	0.008555905	6.4356146	20.254026	1
32250	MARK4	0.24974129	0.112623975	-1.1482176	6.8298254	1
32262	ERCC1	0.47240207	0.3017002	-0.6467269	6.4240365	1
32263	FOSB	0.4419289	0.24943613	-0.824892	6.076228	1
32271	GIPR	0.0119306445	0.045988563	1.9376949	5.9120517	1
32283	AC092301.1	-1.3096724e-10	0.0046418915	5.567393	11.966634	1
32301	HIF3A	0.3705641	0.19271308	-0.9429094	6.50525	1
32316	GNG8	0.15193771	0.0072712414	-4.366378	8.19248	1
32317	DACT3	0.59783	0.26652262	-1.1651776	15.983974	1
32318	DACT3-AS1	-1.3096724e-10	0.0021859072	4.514697	5.641194	1
32323	SLC1A5	0.32502925	0.066586114	-2.2855551	15.281703	1
32335	C5AR1	-1.3096724e-10	0.0043838606	5.4866714	12.830132	1
32336	C5AR2	-1.3096724e-10	0.0018339482	4.273479	5.931164	1
32340	AC073548.2	-1.3096724e-10	0.0038252322	5.294708	9.234702	1
32352	SELENOW	1.5899314	1.0851942	-0.550969	23.401096	1
32372	EMP3	1.5561655	0.9456705	-0.71852607	32.802216	1
32376	GRIN2D	0.11843274	0.009460823	-3.6320071	8.003479	1
32391	NTN5	-1.3096724e-10	0.002684359	4.7992754	6.4123626	1
32392	FUT2	-1.3096724e-10	0.0025094575	4.70568	6.93009	1
32400	HSD17B14	0.13472693	0.033267796	-2.0145802	5.950819	1
32402	PPP1R15A	0.7397391	0.33748496	-1.131961	18.49101	1
32404	NUCB1	0.94885504	0.2904157	-1.7077237	40.5827	1
32427	C19orf73	-1.3096724e-10	0.006316535	6.0037246	16.066107	1
32447	FCGRT	1.4990973	1.0102255	-0.5693701	20.636896	1
32448	RCN3	0.22455852	0.027905215	-3.0039663	9.210443	1
32453	RRAS	0.85755664	0.47461474	-0.8533394	17.02488	1
32458	ADM5	-1.3096724e-10	0.0036113975	5.2138925	8.81797	1
32487	NR1H2	0.24355799	0.09412468	-1.3706806	7.2524543	1
32494	EMC10	0.96487623	0.35527784	-1.4411398	29.916122	1
32496	AC020909.2	0.28746682	0.0016453876	-7.364206	16.001717	1
32497	JOSD2	0.33061466	0.14624938	-1.1761702	9.758902	1
32504	CLEC11A	1.0321524	0.4074497	-1.3407481	20.357752	1
32506	AC010325.1	-1.3096724e-10	0.0019755156	4.3754	5.4619265	1
32543	ETFB	1.0704132	0.49152166	-1.1226823	29.126493	1
32575	ZNF350-AS1	-1.3096724e-10	0.0034631444	5.155081	8.275378	1
32576	ZNF350	0.0032430592	0.030376565	3.1884594	12.044889	1
32589	ZNF766	0.21662056	0.084821	-1.3516427	6.7979274	1
32604	ZNF83	0.23177981	0.123413704	-0.908706	5.069417	1
32608	ZNF600	-1.3096724e-10	0.003990828	5.354323	10.242977	1
32613	AC010487.2	-1.3096724e-10	0.0031085776	5.003864	8.576102	1
32618	ZNF160	0.24629089	0.10626763	-1.2118897	6.8775473	1
32642	AC008440.2	-1.3096724e-10	0.006641685	6.0750394	16.602535	1
32645	CACNG8	0.14354661	0.029941969	-2.2574728	6.9719257	1
32658	TSEN34	0.42529827	0.26746127	-0.6689449	5.5796995	1
32669	TTYH1	0.21967521	0.058950957	-1.8959962	7.2468433	1
32702	TNNT1	0.08497274	0.0028363545	-4.856599	5.5747676	1
32742	ZNF581	0.3332866	0.1483452	-1.1672657	8.529907	1
32764	EDDM13	-1.3096724e-10	0.003452739	5.1508617	8.68489	1
32765	AC006116.5	-1.3096724e-10	0.002353869	4.616988	6.631463	1
32771	AC006116.11	-1.3096724e-10	0.002421186	4.6560326	6.2553306	1
32779	AC005498.2	-1.3096724e-10	0.0024455034	4.669881	6.9222236	1
32794	AURKC	-1.3096724e-10	0.0026572528	4.7851615	7.319485	1
32797	ZNF460-AS1	-1.3096724e-10	0.002765978	4.8409576	7.1831856	1
32832	AC010326.3	-1.3096724e-10	0.0030070827	4.957491	8.208236	1
32840	ZSCAN1	-1.3096724e-10	0.0022099095	4.5297666	6.1614738	1
32842	ZSCAN18	0.2558734	0.121779084	-1.0705433	5.98983	1
32845	ZNF274	0.21585977	0.08240556	-1.3881993	7.0514674	1
32848	AC020915.1	-1.3096724e-10	0.003155403	5.024766	7.618635	1
32853	A1BG	0.6493507	0.2431988	-1.4164909	20.871365	1
32864	AC012313.5	-1.3096724e-10	0.0019720425	4.3729835	5.244608	1
32865	ZNF132	-1.3096724e-10	0.0017251198	4.189921	5.001303	1
32875	CHMP2A	0.85290563	0.53775007	-0.6653512	14.905916	1
32876	UBE2M	0.8848948	0.53868985	-0.7159463	14.175482	1
32893	TRIB3	0.2528925	0.025924915	-3.2811291	9.220422	1
32894	RBCK1	0.49508995	0.2802761	-0.82061875	8.570671	1
32905	PSMF1	0.38890633	0.24009469	-0.69558936	5.940481	1
32920	AL109809.5	-1.3096724e-10	0.003425423	5.1397266	9.128829	1
32944	PTPRA	0.76235425	0.51851124	-0.5559973	9.019016	1
32962	HSPA12B	-1.3096724e-10	0.021040246	7.7238503	44.55244	1
32973	RNF24	0.49963698	0.29653603	-0.75247514	7.2142572	1
32975	SMOX	0.1774574	0.04882547	-1.859628	6.6968064	1
32980	PRNP	0.29504147	0.06429434	-2.1964006	13.113048	1
32981	PRND	-1.3096724e-10	0.0024723816	4.6850348	6.7670164	1
32998	LINC00654	-1.3096724e-10	0.0022507228	4.5550346	6.172368	1
33001	GPCPD1	0.3560082	0.20728767	-0.7799854	5.8423767	1
33007	AL035461.2	-1.3096724e-10	0.0033307076	5.100436	9.26246	1
33014	BMP2	0.20368409	0.025886264	-2.9712203	9.161826	1
33021	TMX4	0.36040163	0.21054661	-0.77518106	5.2579618	1
33025	PLCB4	0.05125105	0.14510947	1.4996699	10.246655	1
33063	SPTLC3	0.0029739225	0.024335103	2.9908025	9.341771	1
33073	FLRT3	0.041667566	0.105455264	1.3375435	5.0554485	1
33085	SNRPB2	0.98763895	0.61123824	-0.692159	13.615433	1
33112	SMIM26	0.7480926	0.486256	-0.621397	10.396757	1
33113	DTD1	0.4973911	0.18842587	-1.3999082	15.961812	1
33120	AL136090.2	-1.3096724e-10	0.001969055	4.370902	5.365344	1
33183	CST3	1.7625331	0.79549146	-1.1476325	44.55244	1
33202	APMAP	0.45339113	0.15334053	-1.5633947	16.333817	1
33233	LINC01597	-1.3096724e-10	0.003655285	5.2308526	9.193324	1
33246	HM13	0.52495027	0.32140294	-0.7076237	7.9500747	1
33249	HM13-IT1	-1.3096724e-10	0.0021602176	4.4983916	6.041172	1
33266	CCM2L	-1.3096724e-10	0.0031186128	5.008369	8.559188	1
33301	SNTA1	0.20352252	0.042993277	-2.2403624	8.82862	1
33305	C20orf144	-1.3096724e-10	0.0016921622	4.1636314	5.095834	1
33317	EIF2S2	1.2589484	0.6891283	-0.86928004	26.86109	1
33318	AL031668.2	-1.3096724e-10	0.003950752	5.34012	9.781824	1
33321	AHCY	0.45896268	0.2589756	-0.8253181	8.182906	1
33327	DYNLRB1	1.0545253	0.6487041	-0.7008756	21.176954	1
33341	MMP24OS	0.60885227	0.27848756	-1.1281984	14.624488	1
33352	ERGIC3	0.8163236	0.47876537	-0.7696978	14.876156	1
33354	CPNE1	0.72533286	0.4929044	-0.5572416	8.892482	1
33362	NORAD	1.1072756	0.7470859	-0.56760544	14.4354515	1
33366	EPB41L1	0.055058237	0.1840992	1.7396185	17.085932	1
33372	MYL9	0.4893979	0.30750942	-0.670203	5.409643	1
33384	RPN2	1.0049628	0.4307048	-1.2221794	27.5671	1
33431	MAFB	0.19486125	1.3166122	2.7556808	44.55244	1
33471	SERINC3	0.5727495	0.29998183	-0.9328002	11.896651	1
33495	SDC4	0.10312245	0.0077832667	-3.7108195	6.4553437	1
33499	DBNDD2	0.04828452	0.21458991	2.149637	30.14344	1
33500	PIGT	0.5209731	0.15832743	-1.7176636	21.231258	1
33502	WFDC2	0.119858325	0.015071803	-2.9830687	5.170561	1
33524	CTSA	0.31633788	0.14612652	-1.1137172	7.532627	1
33526	PLTP	0.92693985	0.23999883	-1.949003	38.813515	1
33530	MMP9	0.123695195	2.3962078	4.274786	44.55244	1
33532	SLC12A5	0.09147278	0.19653688	1.1025431	9.089566	1
33542	SLC13A3	-1.3096724e-10	0.0018813979	4.308449	5.343025	1
33545	AL031055.1	-1.3096724e-10	0.0020970025	4.4574666	6.177763	1
33555	SULF2	0.24017097	0.049887527	-2.2650223	7.979112	1
33574	AL035106.1	-1.3096724e-10	0.0025287555	4.71631	6.6588	1
33575	AL133342.1	-1.3096724e-10	0.0024834129	4.6912084	6.8329306	1
33583	KCNB1	-1.3096724e-10	0.043829802	8.779058	44.55244	1
33588	RNF114	0.4017963	0.19844721	-1.0173411	9.093582	1
33597	CEBPB	0.43315774	0.122667015	-1.8193024	16.577675	1
33609	DPM1	0.32812938	0.19310024	-0.7646074	5.353779	1
33625	TSHZ2	0.13617326	0.70604384	2.3734596	44.55244	1
33627	AL391097.1	-1.3096724e-10	0.023070246	7.8561316	44.55244	1
33630	AL354993.1	-1.3096724e-10	0.0030068771	4.957395	7.5787935	1
33632	AL157838.1	-1.3096724e-10	0.003522172	5.1787853	9.3143635	1
33643	DOK5	0.18133374	0.014166459	-3.6687436	9.507212	1
33652	FAM210B	0.36356142	0.17211106	-1.078418	8.578835	1
33656	RTF2	0.5868493	0.39066246	-0.58694404	7.318809	1
33705	CTSZ	0.31370842	0.15995911	-0.9712793	5.8698964	1
33706	TUBB1	-1.3096724e-10	0.0019490313	4.356872	5.267951	1
33710	EDN3	-1.3096724e-10	0.0075022927	6.2483644	15.507708	1
33745	LAMA5	0.17731032	0.03931791	-2.1701667	7.432036	1
33753	GATA5	0.100796275	0.0022793175	-5.4061813	5.994502	1
33774	COL9A3	0.887278	0.031760525	-4.799707	38.272316	1
33777	AL117379.1	-1.3096724e-10	0.004141806	5.4066086	10.548667	1
33793	NKAIN4	0.0013791473	0.049790215	5.075919	44.55244	1
33799	KCNQ2	0.1352228	0.02254323	-2.5792534	6.4315577	1
33802	EEF1A2	0.13708907	0.0027189453	-5.604866	7.8244867	1
33804	PPDPF	1.8022517	0.8321593	-1.1147757	44.55244	1
33813	RTEL1	-1.3096724e-10	0.01423543	7.163443	34.684456	1
33819	SLC2A4RG	0.5297715	0.27836296	-0.92815715	11.056346	1
33820	ZBTB46	0.072037645	0.16226491	1.1704156	8.314584	1
33825	TPD52L2	0.25673988	0.13792573	-0.8959319	5.088782	1
33832	C20orf204	-1.3096724e-10	0.00212584	4.4762797	5.5359974	1
33834	TCEA2	0.44592807	0.284226	-0.64958847	5.720625	1
33849	FP565260.6	-1.3096724e-10	0.002903718	4.9086795	7.5483546	1
33860	CU633906.5	-1.3096724e-10	0.0020365792	4.417233	5.616275	1
33906	HSPA13	0.36861295	0.16245222	-1.1815947	9.170506	1
33913	NRIP1	0.18591511	0.4795679	1.366616	24.985714	1
33929	BTG3	0.44753084	0.15422527	-1.536335	14.413824	1
33933	C21orf91	0.093448736	0.19102032	1.0306913	6.8040533	1
33936	CHODL	0.070251234	0.31033555	2.141646	16.057274	1
33950	NCAM2	0.009514626	0.1093407	3.5087748	39.76978	1
33951	AP001136.1	-1.3096724e-10	0.0021481598	4.4906745	5.279529	1
33996	AP001596.1	-1.3096724e-10	0.002680921	4.797493	7.047972	1
33997	CYYR1-AS1	-1.3096724e-10	0.0022759493	4.570434	5.74586	1
34002	ADAMTS5	0.03053247	0.257901	3.074243	38.96882	1
34024	BACH1	0.41528964	0.23146707	-0.8430351	7.2323008	1
34027	BACH1-AS1	-1.3096724e-10	0.0034168602	5.136218	9.131443	1
34070	TIAM1	0.24768184	0.096728116	-1.3555726	5.904655	1
34072	AP000251.1	-1.3096724e-10	0.002278263	4.5718384	5.658356	1
34105	IFNAR2	0.24558595	0.08315312	-1.5612391	8.142454	1
34107	IL10RB	0.1914916	0.08055205	-1.2482512	5.681182	1
34108	IFNAR1	0.47622958	0.2183458	-1.1246847	13.7181635	1
34109	IFNGR2	0.43131372	0.17929348	-1.2659445	12.685645	1
34121	MRPS6	0.76542026	0.50338817	-0.6044827	7.695799	1
34132	KCNE1	-1.3096724e-10	0.0021563899	4.4959464	6.1265335	1
34137	RUNX1	0.08177296	0.29399475	1.844822	22.610897	1
34167	PIGP	0.3340226	0.16016315	-1.0599347	7.6606894	1
34188	ERG	-1.3096724e-10	0.024873056	7.9642305	44.55244	1
34191	ETS2	0.23342691	0.06382274	-1.8691877	8.023754	1
34201	AF129408.1	-1.3096724e-10	0.0019494888	4.357194	5.11603	1
34203	BRWD1-AS2	-1.3096724e-10	0.0023540414	4.6170897	6.2873945	1
34206	GET1	0.27537802	0.14799523	-0.89541197	5.5820575	1
34221	BACE2	0.21751006	0.03782106	-2.520674	9.405146	1
34284	PDXK	0.35901684	0.20742853	-0.79114354	6.3364525	1
34286	CSTB	1.1814959	0.76675844	-0.6237045	17.510674	1
34303	PFKL	0.40690565	0.15085913	-1.4308907	14.283701	1
34306	AP001062.1	-1.3096724e-10	0.0031072502	5.003267	8.155034	1
34338	SUMO3	0.52501965	0.30303794	-0.7926718	9.1949835	1
34339	PTTG1IP	0.94160575	0.46554127	-1.0160575	24.523796	1
34345	FAM207A	0.25068298	0.13652034	-0.8762671	5.09741	1
34353	POFUT2	0.31781632	0.09131086	-1.7982094	13.027455	1
34361	COL18A1	0.9183755	0.414986	-1.145831	16.553967	1
34375	COL6A1	1.2032704	0.7999168	-0.58897865	13.677098	1
34380	COL6A2	1.6086812	0.8749218	-0.8785773	42.04729	1
34381	FTCD	-1.3096724e-10	0.0023457636	4.612215	5.8430986	1
34398	PRMT2	0.69323343	0.45374522	-0.611349	9.085627	1
34432	HDHD5	0.33747375	0.13770646	-1.2925591	9.236226	1
34440	ATP6V1E1	0.49844941	0.22828136	-1.1262915	12.850088	1
34442	BID	0.22574821	0.09937084	-1.183008	6.1116023	1
34452	AC008079.1	-1.3096724e-10	0.006537603	6.0525923	16.10354	1
34461	TMEM191B	-1.3096724e-10	0.0019280784	4.3420434	5.260967	1
34481	LINC01311	-1.3096724e-10	0.0047179675	5.5903544	12.651027	1
34488	MRPL40	0.43366146	0.258765	-0.744702	6.3518615	1
34495	CLDN5	-1.3096724e-10	0.034435026	8.431918	44.55244	1
34497	AC000067.1	-1.3096724e-10	0.0025547552	4.730509	7.5260797	1
34504	COMT	0.34559467	0.17080721	-1.0162851	7.4779534	1
34507	AC006547.1	-1.3096724e-10	0.0018125882	4.2574563	5.3811207	1
34526	SCARF2	0.11850533	0.025670957	-2.2023509	6.0561767	1
34562	AP000553.2	-1.3096724e-10	0.0019077518	4.327511	5.263476	1
34687	C22orf15	-1.3096724e-10	0.003713467	5.253033	9.319471	1
34688	CHCHD10	0.82284415	0.50645417	-0.70007795	12.86633	1
34695	MIF	3.5716932	2.227987	-0.68084294	44.55244	1
34698	GSTT2B	0.23152801	0.09350248	-1.3071911	6.92174	1
34700	AC253536.6	-1.3096724e-10	0.0025236118	4.7134843	6.736022	1
34701	DDT	0.96725935	0.56864816	-0.766262	18.319872	1
34755	TPST2	0.2117073	0.06698928	-1.6585981	7.48641	1
34771	LINC01638	-1.3096724e-10	0.0026303043	4.770992	6.85822	1
34783	MN1	0.01075628	0.076015584	2.809662	22.542826	1
34790	XBP1	0.6093532	0.25230938	-1.27175	17.654722	1
34795	ZNRF3-AS1	-1.3096724e-10	0.002006988	4.3971124	5.202596	1
34802	EWSR1	0.30312327	0.4450597	0.55394244	5.5103517	1
34804	RASL10A	-1.3096724e-10	0.0024470843	4.670777	6.6814575	1
34839	MTFP1	0.28727934	0.056898497	-2.3339605	11.038836	1
34860	SELENOM	0.91096646	0.23706906	-1.9416406	32.132195	1
34874	AL096701.4	-1.3096724e-10	0.002012701	4.4010186	5.4849434	1
34899	FBXO7	0.44709376	0.20809594	-1.1029581	11.704993	1
34906	LARGE1	0.02475241	0.06964114	1.4886243	6.8683553	1
34920	HMGXB4	0.5396226	0.30474627	-0.8241363	10.339951	1
34949	EIF3D	0.72768146	0.49277213	-0.562292	9.026058	1
34965	MPST	0.37194887	0.20700204	-0.84515023	6.117159	1
34972	C1QTNF6	0.31226188	0.16889124	-0.8862699	6.3519773	1
34989	LGALS1	2.4060426	0.76523745	-1.652554	41.310394	1
34992	H1F0	0.61181897	0.19463693	-1.6518142	16.699167	1
35000	AL031587.3	-1.3096724e-10	0.0021836467	4.5132694	6.001078	1
35007	SLC16A8	-1.3096724e-10	0.0038479778	5.303044	9.090876	1
35021	KDELR3	0.556578	0.10807893	-2.3634236	26.560654	1
35039	DNAL4	0.18528335	0.06679384	-1.4705665	6.2326717	1
35047	APOBEC3C	0.18723704	0.06927048	-1.4332424	5.8051105	1
35058	SYNGR1	0.36639592	0.1371587	-1.4168994	11.503908	1
35064	ATF4	0.94505626	0.623646	-0.5995941	11.270264	1
35065	RPS19BP1	0.6932986	0.39511704	-0.8110398	13.471372	1
35079	MCHR1	0.08208614	0.00028819626	-7.725965	5.8175974	1
35104	SNU13	1.0997949	0.76691073	-0.52004695	17.326838	1
35105	MEI1	-1.3096724e-10	0.0016585127	4.136286	5.066632	1
35116	NAGA	0.17775474	0.046320047	-1.9378796	7.048582	1
35120	NDUFA6	0.8400794	0.5784368	-0.5382888	9.948479	1
35121	AL021878.2	-1.3096724e-10	0.0029802	4.944954	7.7826514	1
35127	OGFRP1	-1.3096724e-10	0.0020466188	4.423996	5.780156	1
35135	CYB5R3	0.5877061	0.38460726	-0.6115793	7.427896	1
35138	ARFGAP3	0.6257663	0.28011978	-1.1592957	18.255224	1
35144	TSPO	0.89649266	0.3305901	-1.438973	30.834702	1
35186	FBLN1	0.54772234	0.2929485	-0.9025687	10.232255	1
35256	MLC1	-1.3096724e-10	0.0027073852	4.811157	6.891102	1
35278	LMF2	0.2134801	0.09840161	-1.116558	5.396311	1
35293	ARSA	0.124066934	0.033453222	-1.8877578	6.0941176	1
35310	IL3RA	0.0025568882	0.03392006	3.6785765	20.833092	1
35320	DHRSX	0.28924987	0.11750299	-1.2988902	7.872518	1
35321	DHRSX-IT1	-1.3096724e-10	0.0019791792	4.377944	5.5513134	1
35324	CD99	2.3038566	1.268318	-0.86108315	44.55244	1
35333	LINC01546	-1.3096724e-10	0.0021842702	4.5136633	5.8451843	1
35341	NLGN4X	0.04065868	0.12725464	1.6436722	12.194171	1
35358	GPR143	-1.3096724e-10	0.0089811385	6.504803	21.116571	1
35372	FRMPD4	-1.3096724e-10	0.026373703	8.048418	44.55244	1
35375	TLR7	-1.3096724e-10	0.0033877331	5.12422	9.154451	1
35387	RAB9A	0.24963608	0.11771088	-1.0839314	7.005136	1
35410	GRPR	-1.3096724e-10	0.002098901	4.4587126	5.3258452	1
35461	PRDX4	1.5903476	0.58874106	-1.4334826	44.55244	1
35464	SAT1	1.2356066	0.44091618	-1.4864328	37.09435	1
35471	PDK3	0.26933637	0.057558972	-2.2243273	11.784253	1
35489	IL1RAPL1	0.009608958	0.08152168	3.0715642	25.249235	1
35490	AC003659.1	0.0032967995	0.024245294	2.841395	7.701384	1
35495	NR0B1	-1.3096724e-10	0.0056052087	5.8342094	12.00007	1
35508	AL591378.1	-1.3096724e-10	0.002371948	4.6275783	5.622827	1
35509	AL591501.1	-1.3096724e-10	0.008383404	6.4065733	18.691845	1
35523	DYNLT3	0.40638444	0.17263542	-1.2346361	11.071313	1
35528	SRPX	0.44886982	0.049198586	-3.1870003	21.959219	1
35532	TSPAN7	0.019087156	0.07929392	2.0488877	12.332438	1
35546	ATP6AP2	1.0310705	0.51799226	-0.9930018	28.463232	1
35549	CXorf38	0.21286938	0.092909284	-1.1951994	5.4634604	1
35551	MED14OS	0.0031230021	0.029798865	3.2136135	12.3774605	1
35575	DIPK2B	-1.3096724e-10	0.009686666	6.612747	22.773336	1
35605	TIMP1	3.1089928	1.4736049	-1.0770459	44.55244	1
35606	CFP	-1.3096724e-10	0.005672863	5.851217	15.716374	1
35608	UXT	0.8095344	0.5346895	-0.5982994	10.860897	1
35609	UXT-AS1	-1.3096724e-10	0.0020591477	4.432392	5.8580394	1
35650	PRAF2	0.37105772	0.17207037	-1.1081954	9.33064	1
35654	PLP2	0.47339588	0.1612792	-1.5528972	14.999357	1
35663	AC232271.1	-1.3096724e-10	0.004438616	5.5041823	11.054115	1
35664	AC232271.2	-1.3096724e-10	0.002352739	4.616324	6.3835335	1
35700	MAGED1	0.8022623	0.47346827	-0.76068145	12.9849825	1
35720	TSPYL2	0.27243277	0.10071815	-1.4346743	8.142363	1
35724	KDM5C-IT1	-1.3096724e-10	0.0029862763	4.9477973	7.6089087	1
35739	TRO	0.087222435	0.1675454	0.9409886	5.7640533	1
35757	NBDY	1.0204625	0.6143168	-0.7320749	20.625813	1
35780	MSN	1.2268474	0.766732	-0.67809105	24.635733	1
35789	YIPF6	0.43242362	0.22445181	-0.94573057	9.293536	1
35835	NHSL2	0.09681212	0.19389814	1.0012938	7.0267253	1
35879	MAGT1	0.4119366	0.19002727	-1.115807	10.875698	1
35881	ATP7A	0.30143225	0.12364324	-1.2849625	8.419581	1
35882	PGK1	2.3610861	0.5982275	-1.9805045	44.55244	1
35890	ITM2A	0.41167977	0.044327293	-3.2123547	14.94971	1
35901	HDX	0.017429201	0.052767355	1.5926169	5.4174795	1
35921	DIAPH2	0.13473508	0.2631748	0.96537346	8.81259	1
35926	TNMD	-1.3096724e-10	0.035124067	8.46042	44.55244	1
35927	TSPAN6	0.42410263	0.2682042	-0.66088384	5.43035	1
35928	SRPX2	0.22838032	0.030523602	-2.899354	10.291941	1
35943	GLA	0.29565865	0.0704765	-2.0671604	10.498301	1
35946	ARMCX1	0.0055261315	0.22106652	5.296846	44.55244	1
35947	ARMCX6	0.5586007	0.31543124	-0.824293	9.055969	1
35948	ARMCX3	0.98425263	0.6056246	-0.7005132	16.236933	1
35952	ARMCX2	0.36923876	0.17022048	-1.1166927	7.4827385	1
35976	Z93943.1	-1.3096724e-10	0.007290036	6.2075114	17.757746	1
35977	BEX1	0.5387515	0.079247974	-2.7636223	19.226465	1
35987	Z69733.1	-1.3096724e-10	0.0018929773	4.316855	5.4749236	1
35991	TCEAL3	0.55286556	0.23274791	-1.2478017	14.164615	1
35994	MORF4L2	1.1266023	0.66204274	-0.7668922	21.92461	1
35997	TMEM31	-1.3096724e-10	0.0019247493	4.3396735	5.0743523	1
35998	PLP1	-1.3096724e-10	0.0020348218	4.4160457	5.202989	1
36009	IL1RAPL2	-1.3096724e-10	0.013302189	7.0663266	30.030794	1
36011	NRK	0.038749494	0.70971334	4.191472	44.55244	1
36016	TBC1D8B	0.15006153	0.037409972	-2.0011692	6.4826126	1
36017	MORC4	0.17524205	0.07217021	-1.2786989	5.2937746	1
36034	COL4A6	0.33977982	0.025205716	-3.7474895	17.083466	1
36035	COL4A5	0.5156378	0.17673886	-1.5442024	15.1321335	1
36049	PAK3	0.0027499045	0.043137178	3.923287	28.195944	1
36050	CAPN6	-1.3096724e-10	0.02305202	7.854996	44.55244	1
36051	DCX	0.0025510865	0.12401123	5.5489063	44.55244	1
36058	LHFPL1	-1.3096724e-10	0.0026381453	4.7751293	7.1986756	1
36059	AMOT	0.12362899	0.25572515	1.0479745	9.48396	1
36072	AGTR2	-1.3096724e-10	0.0024080975	4.6485233	5.6163397	1
36079	IL13RA1	0.31696397	0.09786622	-1.6944176	10.721269	1
36085	PGRMC1	0.7960275	0.53730655	-0.56698555	9.619831	1
36095	SEPTIN6	1.0605117	0.5997782	-0.8221552	20.56715	1
36100	RNF113A	0.2100797	0.07533999	-1.4782219	7.4069486	1
36112	LAMP2	0.7678327	0.27760956	-1.4674032	24.753515	1
36143	TENM1	-1.3096724e-10	0.085261	9.737435	44.55244	1
36146	DCAF12L2	-1.3096724e-10	0.005496854	5.806546	12.484792	1
36150	AL008633.1	-1.3096724e-10	0.0033468406	5.1072044	9.528155	1
36160	AL034405.1	-1.3096724e-10	0.0021380994	4.4842043	5.1754494	1
36166	RAB33A	0.25024536	0.013613896	-4.1902094	13.417774	1
36190	GPC3	0.42003733	0.12921014	-1.7000254	11.035712	1
36195	MIR503HG	0.1369535	0.3081139	1.1691927	12.761633	1
36205	RTL8C	0.83273506	0.56039673	-0.5713248	10.034231	1
36252	MCF2	-1.3096724e-10	0.0025836239	4.7461123	6.346232	1
36295	AFF2	0.010084371	0.049104463	2.2724323	10.304815	1
36298	IDS	0.56270295	0.33704656	-0.7392541	8.287297	1
36305	TMEM185A	0.18762352	0.07150264	-1.3905246	6.386032	1
36324	AF274853.1	-1.3096724e-10	0.0022522507	4.555972	6.049508	1
36363	ZFP92	-1.3096724e-10	0.003537032	5.1846914	9.40783	1
36371	SLC6A8	0.4922083	0.028088707	-4.126373	14.462693	1
36378	SSR4	2.112356	1.4078193	-0.5853566	39.246223	1
36380	L1CAM	0.14621788	0.02099001	-2.7944744	7.606928	1
36400	EMD	0.48355317	0.2379321	-1.0228167	11.329806	1
36403	DNASE1L1	0.12886178	0.02160631	-2.5707572	7.3914557	1
36406	ATP6AP1	0.48500195	0.19824082	-1.2903063	14.775235	1
36408	FAM50A	0.79113966	0.37329328	-1.0834188	19.791111	1
36409	PLXNA3	0.24312918	0.08967989	-1.437852	6.6522117	1
36410	LAGE3	0.40357938	0.16506639	-1.2892897	10.806207	1
36411	UBL4A	0.22884075	0.061670527	-1.8899837	9.213466	1
36413	FAM3A	0.20467082	0.07696804	-1.4098055	6.6886873	1
36426	F8	0.29919532	0.007254365	-5.346825	13.945267	1
36429	FUNDC2	0.6642222	0.37446874	-0.8266527	12.788814	1
36430	CMC4	0.3683143	0.07573367	-2.2804186	15.902531	1
36454	LINC00278	-1.3096724e-10	0.0017607482	4.217813	5.5517893	1
36494	DDX3Y	0.6055097	0.28284255	-1.0978793	16.92017	1
36500	NLGN4Y	0.058992215	0.18041004	1.611039	16.221209	1
36515	AC010889.1	-1.3096724e-10	0.004480097	5.517308	11.552196	1
36519	EIF1AY	0.43125844	0.26846033	-0.68364096	5.73973	1
36561	MT-CO1	2.8664663	4.3968196	0.61716956	37.99168	1
36562	MT-CO2	2.094844	3.9596293	0.91849005	44.55244	1
36564	MT-ATP6	2.4711778	3.9204135	0.66578543	34.34649	1
36565	MT-CO3	2.3602703	4.1322613	0.8079533	44.55244	1
36566	MT-ND3	1.292232	2.8844938	1.1583914	44.55244	1
36570	MT-ND6	0.29338938	0.46964508	0.67856985	6.762235	1
36571	MT-CYB	1.9640288	3.4550292	0.8148501	39.80124	1
