	gene	expression_1	expression_2	log2FC	-log10 p-val	significant
23	SAMD11	0.21982221	0.48292813	1.1351138	37.91914	1
29	HES4	0.2376281	0.37287813	0.6497785	11.831339	1
30	ISG15	0.15205686	0.2232619	0.55382365	5.7324724	1
44	SDF4	0.27602124	0.4078605	0.5631276	11.372891	1
52	PUSL1	0.040399544	0.08185377	1.0169047	5.8120832	1
58	MXRA8	0.17694682	0.33067608	0.9017239	18.352947	1
59	AURKAIP1	0.4627058	0.66127867	0.5150697	17.846087	1
68	VWA1	0.03404453	0.08122757	1.25209	7.3636765	1
79	MMP23B	0.14795244	0.23749821	0.68241566	8.3151	1
136	TPRG1L	0.0501097	0.10688082	1.0913142	8.081895	1
142	SMIM1	0.09040333	0.15770698	0.8021181	7.220836	1
189	THAP3	0.074125424	0.13016374	0.81145024	6.1586475	1
202	VAMP3	0.13917233	0.23362966	0.7469322	9.940726	1
219	ENO1	1.2846433	1.9708228	0.6173911	44.55244	1
237	CLSTN1	0.18228692	0.272552	0.5800585	7.724297	1
247	KIF1B	0.28387934	0.40322065	0.5061413	9.180388	1
254	DFFA	0.17912377	0.2541443	0.50445336	5.705805	1
290	KIAA2013	0.08573178	0.14095387	0.7166624	5.660857	1
291	PLOD1	0.2984761	0.52522355	0.81510764	27.051086	1
297	TNFRSF1B	0.03895788	0.08893166	1.1887047	7.777567	1
339	KAZN	0.10664094	0.27831993	1.3831487	28.82215	1
362	PLEKHM2	0.14304052	0.21500744	0.5876253	6.28442	1
367	FBLIM1	0.16119063	0.23524348	0.5451053	5.997606	1
374	HSPB7	0.017022505	0.07913799	2.2102983	13.880968	1
388	NECAP2	0.17531054	0.27053732	0.62562525	8.778671	1
431	UBR4	0.10347192	0.17627709	0.7680302	7.844775	1
434	MRTO4	0.17459275	0.2502333	0.5190304	5.9459653	1
436	AKR7A2	0.256511	0.3647796	0.5078375	8.374454	1
468	PINK1	0.21084318	0.29838842	0.5008205	6.8221054	1
477	ECE1	0.02861382	0.07711826	1.4271969	8.729585	1
485	USP48	0.2839002	0.40667218	0.5183291	9.956477	1
530	HMGCL	0.08337072	0.16714312	1.0026047	10.87452	1
562	RSRP1	0.26635033	0.41371143	0.63510686	13.79992	1
589	ZNF593	0.1725057	0.25177118	0.54520583	6.354469	1
628	AHDC1	0.14158823	0.23000532	0.6995745	8.969339	1
658	TAF12	0.12676987	0.18925701	0.5777593	5.3747706	1
662	GMEB1	0.115396015	0.17959511	0.63770807	5.9022527	1
667	TMEM200B	0.006514961	0.031723633	2.2662942	6.3804746	1
669	SRSF4	0.5075658	0.72161645	0.5075531	18.990522	1
691	ZCCHC17	0.21041603	0.3311001	0.6537729	11.535215	1
702	COL16A1	0.09756492	0.18360908	0.9115106	10.564748	1
717	CCDC28B	0.29208302	0.45547652	0.64082104	15.822718	1
729	FAM229A	0.026425485	0.08174048	1.6254356	10.644498	1
732	ZBTB8A	0.15116258	0.21996646	0.5408841	5.4675965	1
733	ZBTB8OS	0.13957192	0.20327926	0.5421306	5.1545095	1
738	YARS	0.10357175	0.16456228	0.6674873	5.7951818	1
742	TMEM54	0.05135229	0.10699118	1.0575325	7.514513	1
770	TMEM35B	0.12322662	0.20254287	0.71645516	8.13574	1
772	ZMYM1	0.06949886	0.13735324	0.9818054	8.673872	1
795	MAP7D1	0.16413686	0.25644878	0.64345515	8.587883	1
797	SH3D21	0.04063033	0.09143557	1.168229	7.392492	1
798	EVA1B	0.6305531	1.0035201	0.6702947	44.55244	1
800	STK40	0.07756688	0.13382949	0.7861023	6.378072	1
801	LSM10	0.2084268	0.31313694	0.5870214	9.189466	1
825	C1orf122	0.53548664	0.7708699	0.5255546	21.794228	1
830	FHL3	0.12147707	0.22926015	0.9157435	13.289077	1
831	UTP11	0.22789146	0.3281779	0.52593774	7.9234424	1
832	POU3F1	0.10907839	0.17816687	0.7073512	6.043468	1
852	PABPC4	0.328035	0.47464558	0.53286517	12.161114	1
871	RLF	0.21646868	0.35688087	0.72102207	14.456044	1
899	SCMH1	0.04928732	0.09059421	0.8768698	5.0075393	1
915	PPCS	0.18211298	0.2632032	0.5310993	6.396864	1
922	P3H1	0.17189485	0.29201376	0.7641649	12.871611	1
930	SLC2A1	0.02612984	0.13375981	2.351442	24.185627	1
934	EBNA1BP2	0.12420219	0.19508371	0.65098095	6.6336045	1
944	MED8	0.18359491	0.28858572	0.65218794	9.940563	1
946	SZT2	0.055997	0.10044057	0.8417823	5.3556867	1
961	B4GALT2	0.0635046	0.114907265	0.854522	6.064352	1
967	DMAP1	0.10363554	0.15897223	0.6167717	5.0374737	1
971	TMEM53	0.015024423	0.042825393	1.5049514	5.3110356	1
977	PLK3	0.033070594	0.072645694	1.132957	5.8630323	1
1041	TRABD2B	0.0167057	0.052938122	1.6580791	6.8958373	1
1049	SPATA6	0.15796264	0.25392276	0.6844613	9.391891	1
1052	BEND5	0.11676432	0.23898514	1.0326898	16.022165	1
1081	TXNDC12	0.2755688	0.39218196	0.508955	9.248144	1
1094	GPX7	0.20827882	0.3217197	0.62704396	10.448019	1
1125	HSPB11	0.1620901	0.23166472	0.51497525	5.3935366	1
1133	MRPL37	0.08492281	0.16641876	0.96976286	10.70594	1
1209	KANK4	0.019597085	0.05679836	1.530405	6.99119	1
1230	PGM1	0.14554812	0.2488083	0.77312726	10.95273	1
1237	JAK1	0.43682843	0.7070687	0.69465744	31.142954	1
1240	AK4	0.04512382	0.13084345	1.533789	14.434308	1
1263	GADD45A	0.107105136	0.18249908	0.7683055	7.7855244	1
1325	ACADM	0.17171954	0.244457	0.5092767	5.5614834	1
1342	USP33	0.24279751	0.3466916	0.5137212	8.193707	1
1428	GTF2B	0.17460868	0.24872711	0.5101924	5.7065854	1
1487	DNTTIP2	0.23976272	0.34511638	0.52529186	8.322407	1
1491	ARHGAP29	0.043925352	0.10598791	1.2688538	9.753507	1
1544	RTCA	0.11275726	0.19877212	0.81734186	9.653642	1
1565	COL11A1	0.13953033	0.26808262	0.9416033	14.524008	1
1604	TMEM167B	0.10466045	0.18460539	0.8181318	8.939156	1
1620	GNAI3	0.45180395	0.66234446	0.5517833	19.489698	1
1631	GSTM3	0.26289868	0.48739862	0.8903426	28.142841	1
1636	CSF1	0.021184098	0.05321326	1.3247185	5.4950256	1
1637	AHCYL1	0.30959243	0.5119278	0.72538614	22.394775	1
1665	LRIF1	0.14226621	0.22264595	0.6457924	7.375104	1
1734	SIKE1	0.18154958	0.257638	0.5047472	5.8700233	1
1752	ATP1A1	0.18400799	0.2807345	0.60916793	8.62794	1
1822	LINC02802	0.04793982	0.09348563	0.96205634	5.9846735	1
1852	POLR3GL	0.22160268	0.33576077	0.5992371	9.968999	1
1853	TXNIP	0.84595263	1.6713899	0.98231536	44.55244	1
1864	PRKAB2	0.08746374	0.13964505	0.67439175	5.0856633	1
1891	PDE4DIP	0.049758982	0.09487	0.9296184	5.8229647	1
1899	NBPF19	0.05614437	0.09967641	0.82698995	5.040388	1
1918	SF3B4	0.14429575	0.22505051	0.6408614	7.431865	1
1935	ECM1	0.00845534	0.03429178	2.0071669	5.9014783	1
1968	PSMD4	0.38177192	0.5921391	0.63309103	21.32128	1
1988	MRPL9	0.19215646	0.2770861	0.52782273	6.761055	1
2072	S100A16	0.07603189	0.14088595	0.8889785	7.5165596	1
2074	S100A13	0.37192443	0.62863845	0.7570627	29.97158	1
2081	INTS3	0.12031297	0.20386988	0.76036537	8.869684	1
2084	SLC27A3	0.11576221	0.24274848	1.0676464	17.319181	1
2089	SLC39A1	0.17106165	0.26798174	0.64731336	9.051307	1
2095	RAB13	0.75888914	1.1973221	0.6577807	44.55244	1
2102	HAX1	0.20090237	0.2919214	0.53886145	7.3517	1
2120	PBXIP1	0.14307526	0.23911543	0.7405282	10.049966	1
2123	SHC1	0.20273432	0.36482698	0.8473059	19.427853	1
2135	SLC50A1	0.10523718	0.16934821	0.6858297	6.144074	1
2162	GON4L	0.27431577	0.41404486	0.5937721	12.627801	1
2164	RIT1	0.18142469	0.28922665	0.67253333	10.348253	1
2176	LMNA	0.1949427	0.38943702	0.9979704	26.329058	1
2184	GLMP	0.13368528	0.19832265	0.56865746	5.534258	1
2203	NES	0.35615277	0.5080579	0.51237565	12.336455	1
2206	CRABP2	0.19866931	0.30623007	0.62399185	9.200983	1
2212	PRCC	0.148879	0.2561976	0.78271085	11.881396	1
2258	IFI16	0.45728338	0.6468485	0.50024706	15.469016	1
2279	TAGLN2	0.0770113	0.13205472	0.7772137	5.953339	1
2331	APOA2	0.003298616	0.033299524	3.2968082	8.688754	1
2387	ALDH9A1	0.15602289	0.24998046	0.6797103	9.138304	1
2481	SUCO	0.28985864	0.41014537	0.50064	9.3124695	1
2485	TNFSF18	0.0046648066	0.02886295	2.603719	7.066175	1
2489	PRDX6	0.7269958	1.051509	0.532381	34.641163	1
2559	CEP350	0.31468982	0.48134458	0.61298096	15.671429	1
2608	RGL1	0.1605196	0.31400615	0.9676042	19.940943	1
2616	C1orf21	0.18824375	0.308071	0.71036285	11.896619	1
2672	RO60	0.3449193	0.49627608	0.52475655	12.553811	1
2673	GLRX2	0.06957878	0.122621916	0.8166016	5.8142962	1
2674	CDC73	0.26144847	0.40743372	0.63984114	13.59795	1
2675	B3GALT2	0.015989004	0.045563307	1.5049604	5.132907	1
2686	CFH	0.03632005	0.0971019	1.4162515	9.516415	1
2694	ZBTB41	0.07330262	0.1211051	0.7235469	5.0203414	1
2705	PTPRC	0.00044914678	0.018603804	5.089996	6.4084935	1
2717	ZNF281	0.20847598	0.3056584	0.551819	7.8737354	1
2730	TMEM9	0.23388961	0.36788586	0.6532058	12.685957	1
2734	TNNT2	0.01641529	0.1911683	3.5337236	44.075317	1
2737	TNNI1	0.05721274	0.21693623	1.9210081	31.180748	1
2738	PHLDA3	0.12990147	0.27052552	1.0577698	19.245731	1
2740	CSRP1	0.11129398	0.21360143	0.9399253	12.623726	1
2742	NAV1	0.28937438	0.49648443	0.7786034	22.954256	1
2766	PCAT6	0.034352086	0.07877334	1.1949463	6.7760215	1
2770	CYB5R1	0.06604154	0.117619954	0.8317304	5.8366637	1
2817	DSTYK	0.13508362	0.20777844	0.62081987	6.5004168	1
2899	G0S2	0.1522528	0.40428853	1.4083261	34.40232	1
2951	NSL1	0.1831051	0.27451485	0.58395	7.8518844	1
2959	RPS6KC1	0.088782325	0.15248615	0.7796555	6.9806647	1
2964	PROX1	0.027642308	0.0651961	1.234909	5.7057147	1
2990	TGFB2	0.15245345	0.23264498	0.6094352	6.516427	1
3003	EPRS	0.29372913	0.41789463	0.508507	9.563226	1
3037	BROX	0.11555482	0.18098548	0.6468455	5.9917607	1
3049	CAPN2	0.20540036	0.3058212	0.57401913	8.613471	1
3084	ACBD3	0.34862173	0.5367054	0.622323	18.535568	1
3115	MRPL55	0.19556203	0.29449627	0.5903752	8.582836	1
3117	GUK1	0.83185387	1.264197	0.60376	44.55244	1
3135	RNF187	0.23293343	0.3486591	0.5816939	9.962215	1
3142	RAB4A	0.26033354	0.3862057	0.5688278	10.842695	1
3180	EGLN1	0.123895854	0.21118286	0.7688838	8.840282	1
3194	NTPCR	0.22612062	0.32896233	0.5406304	8.203244	1
3198	KCNK1	0.011172768	0.054846186	2.2851777	10.512981	1
3215	IRF2BP2	0.23911461	0.34151942	0.51408434	8.04618	1
3231	TOMM20	0.91376346	1.3146582	0.52474684	44.55244	1
3249	LGALS8	0.10354017	0.16131483	0.6391899	5.4472837	1
3254	ACTN2	0.0040617785	0.025576776	2.625192	5.7311144	1
3255	MTR	0.18534894	0.27393886	0.5633584	7.4337864	1
3268	CHRM3	0.18862613	0.11393182	-0.72685766	7.205118	1
3276	GREM2	0.0010391382	0.03978701	5.1299043	10.804608	1
3294	PLD5	0.017746257	0.05632716	1.6607683	7.252177	1
3301	SDCCAG8	0.18183133	0.2889432	0.667891	10.220773	1
3302	AKT3	0.1528889	0.25706336	0.7492581	10.724004	1
3314	ADSS	0.14019907	0.20943284	0.578671	5.9393654	1
3342	AHCTF1	0.13803282	0.20924619	0.59983444	6.246481	1
3412	SH3YL1	0.109249875	0.19164596	0.8102447	9.109319	1
3466	RNASEH1	0.15351024	0.23950128	0.6413612	7.9822636	1
3470	COLEC11	0.02377527	0.17427789	2.8686283	36.06167	1
3481	SOX11	0.10860582	0.04926333	-1.1389176	8.057607	1
3515	MBOAT2	0.08734362	0.16369595	0.9054746	9.274695	1
3521	ITGB1BP1	0.19165596	0.27858844	0.5393817	7.092006	1
3523	IAH1	0.22495319	0.32221383	0.51820004	7.626573	1
3618	RDH14	0.13552365	0.19915666	0.5550192	5.285775	1
3726	EMILIN1	0.48953867	0.78854775	0.6876637	34.64603	1
3734	ATRAID	0.46513873	0.67434686	0.53573364	18.68807	1
3740	MPV17	0.21915844	0.31080192	0.5038271	7.06251	1
3751	FNDC4	0.049456116	0.09686623	0.9684192	6.229828	1
3765	FOSL2	0.0074880915	0.03160947	2.0631049	5.9173365	1
3809	YIPF4	0.24830005	0.3670225	0.56359607	10.128058	1
3835	FEZ2	0.21168834	0.3063651	0.53309953	7.593698	1
3842	CEBPZOS	0.13090922	0.19440392	0.5701309	5.2244253	1
3886	SLC8A1	0.057376638	0.13230403	1.2038994	10.491349	1
3901	MTA3	0.17231947	0.2624438	0.6066354	7.9700575	1
3903	HAAO	0.036148954	0.08932484	1.3027363	8.852964	1
3913	THADA	0.056526	0.100779414	0.8330952	5.1805964	1
3914	PLEKHH2	0.2316771	0.34489223	0.57382584	9.220274	1
3923	PREPL	0.12359231	0.19087362	0.62661755	6.0255475	1
3940	EPAS1	0.021067914	0.053842958	1.3495556	5.668559	1
3946	RHOQ	0.15797393	0.23593408	0.5783957	6.7016582	1
3951	SOCS5	0.09271674	0.14994179	0.69290745	5.6577024	1
3955	MCFD2	0.31190246	0.48805416	0.6457795	17.181145	1
3968	MSH6	0.2610327	0.38670006	0.566805	10.682199	1
3994	ASB3	0.09541897	0.15987706	0.7440059	6.7048388	1
3996	ERLEC1	0.30067694	0.44084165	0.5518938	12.040099	1
4003	SPTBN1	0.63619304	1.0314596	0.69706386	44.55244	1
4046	REL	0.08762988	0.1552724	0.8245901	7.5181146	1
4126	C1D	0.32219842	0.51513827	0.6768427	20.127415	1
4144	ANTXR1	0.24588235	0.35964102	0.5484038	9.417056	1
4146	GFPT1	0.17599528	0.25887114	0.55643505	6.921531	1
4147	NFU1	0.15948047	0.22842252	0.51805234	5.366415	1
4148	AAK1	0.28760406	0.40957272	0.50988626	9.585994	1
4161	PCYOX1	0.2352714	0.35210824	0.58148956	10.225916	1
4233	WDR54	0.11863906	0.22446786	0.9193568	12.639005	1
4235	INO80B	0.037005372	0.07430785	1.0038267	5.2011533	1
4248	AUP1	0.19732629	0.2803085	0.50621593	6.466685	1
4250	LOXL3	0.033044428	0.08499247	1.360265	8.83333	1
4308	SUCLG1	0.23457433	0.33854002	0.5290924	8.467418	1
4317	TGOLN2	0.24959566	0.36299103	0.54016054	9.354099	1
4329	RNF181	0.3387732	0.5204457	0.61927944	17.297033	1
4347	KDM3A	0.16390117	0.27535093	0.74808925	11.413361	1
4470	MRPS5	0.28716826	0.40633205	0.50061554	9.146906	1
4487	DUSP2	0.035537537	0.08382092	1.2356327	7.0146456	1
4489	STARD7	0.10982304	0.17180319	0.6451025	5.880483	1
4492	CIAO1	0.24219844	0.36777517	0.6024311	11.348078	1
4587	IL1R1	0.0127374325	0.04302094	1.7480321	6.5904746	1
4633	FHL2	0.09087895	0.15049465	0.7270658	5.9633727	1
4647	ST6GAL2	0.0548119	0.15693732	1.5159167	17.518866	1
4667	LIMS1	0.47258773	0.71148896	0.59015673	22.983505	1
4712	ZC3H6	0.11393891	0.17907391	0.6518344	5.794862	1
4768	CCDC93	0.13936897	0.21799636	0.64502156	7.324756	1
4805	NIFK	0.32029352	0.46231535	0.5293444	11.628675	1
4806	TSN	0.15877111	0.23095025	0.5403498	5.857129	1
4832	MAP3K2	0.21277559	0.3198958	0.5880424	9.461818	1
4865	IMP4	0.071029216	0.12653208	0.8321287	6.372369	1
4881	PLEKHB2	0.08976148	0.16289392	0.8590434	8.60708	1
4903	LYPD1	0.02328695	0.0030373896	-2.898067	6.1073394	1
4926	DARS	0.31280854	0.5568089	0.8317004	29.28181	1
4946	LRP1B	0.1909848	0.28384826	0.57141495	7.481572	1
4978	MBD5	0.22370422	0.3430906	0.6167727	10.755038	1
4981	KIF5C	0.21126148	0.4523543	1.0980595	33.23069	1
5059	CD302	0.08985818	0.15315308	0.7685896	6.673788	1
5062	PLA2R1	0.0091057075	0.03910334	2.0903761	7.420509	1
5066	RBMS1	0.40197024	0.57940423	0.52737176	15.21433	1
5105	SCN9A	0.13706459	0.21233608	0.6311206	5.909862	1
5144	GORASP2	0.15535001	0.23280445	0.5832875	6.5335646	1
5163	PDK1	0.070283264	0.15036774	1.0961499	10.700069	1
5166	MAP3K20	0.07922744	0.1508175	0.9278682	8.845662	1
5186	ATF2	0.16124824	0.23474108	0.54150695	5.920658	1
5192	LNPK	0.13314934	0.22383764	0.74896866	9.286316	1
5218	NFE2L2	0.26422006	0.44627327	0.75596476	19.940535	1
5224	AGPS	0.13093862	0.22478166	0.779174	10.201758	1
5236	FKBP7	0.24791591	0.38336995	0.6286808	12.725606	1
5237	PLEKHA3	0.1697847	0.27246767	0.68205845	9.940157	1
5239	TTN	0.053507246	0.27656993	2.3676658	44.55244	1
5284	ZNF804A	0.04579389	0.106197536	1.2117342	8.754345	1
5293	ITGAV	0.22585158	0.39244518	0.79684496	18.812277	1
5299	TFPI	0.3999881	0.69910467	0.8053971	36.661148	1
5301	GULP1	0.06674623	0.15816525	1.2434263	13.643353	1
5316	ORMDL1	0.34983376	0.5059868	0.53230315	13.128538	1
5337	MYO1B	0.116022296	0.17641883	0.6041771	5.391713	1
5439	BMPR2	0.4227545	0.6374411	0.5923571	20.430563	1
5444	NBEAL1	0.3643193	0.5216059	0.51763755	13.210961	1
5468	ZDBF2	0.12958492	0.20317031	0.64838874	6.93577	1
5543	FN1	0.77513856	1.3493354	0.7996437	44.55244	1
5569	IGFBP2	0.7863869	1.1347395	0.52899367	31.057991	1
5593	PNKD	0.2807409	0.41231304	0.55433697	11.270939	1
5599	CTDSP1	0.1408939	0.21700746	0.6227764	6.8470826	1
5632	ZFAND2B	0.108010545	0.17023037	0.6558284	5.9249797	1
5636	ANKZF1	0.09346977	0.1687625	0.85173464	8.814432	1
5638	STK16	0.09475343	0.16622156	0.8102034	8.032798	1
5645	DNPEP	0.12239805	0.2206903	0.84991795	11.342726	1
5655	CHPF	0.07709399	0.13657697	0.82420975	6.9174223	1
5658	OBSL1	0.16327071	0.2315253	0.50364345	5.200403	1
5685	KCNE4	0.12892056	0.28414765	1.1395475	20.624367	1
5688	SCG2	0.035150293	0.19182892	2.444865	23.73986	1
5690	WDFY1	0.1662156	0.2422513	0.5431764	6.2598267	1
5702	IRS1	0.029891413	0.06403138	1.096481	5.010158	1
5729	PID1	0.19475603	0.31480277	0.6924978	11.593952	1
5767	COPS7B	0.08384071	0.13953619	0.7342302	5.8390346	1
5849	LRRFIP1	0.18605672	0.2848534	0.6142083	8.727395	1
5919	HDLBP	0.6479469	0.98412156	0.60288495	38.439648	1
5925	STK25	0.17253207	0.24527055	0.50726163	5.614012	1
6023	TADA3	0.17069684	0.28679332	0.74823296	12.129242	1
6024	ARPC4	0.35584116	0.5108877	0.5216498	13.061919	1
6032	CRELD1	0.12804419	0.22011535	0.78114694	9.89662	1
6037	EMC3	0.19368042	0.29184523	0.59127486	8.530016	1
6049	SEC13	0.24387914	0.3539681	0.537269	9.138315	1
6063	VGLL4	0.482663	0.7039315	0.54432493	20.514324	1
6083	FBLN2	0.03671944	0.08676955	1.2383828	7.683573	1
6090	XPC	0.22629477	0.32168615	0.5072615	7.316562	1
6125	RFTN1	0.02555056	0.09216445	1.8467846	13.815248	1
6159	UBE2E2	0.16419162	0.2540333	0.62932646	8.134661	1
6189	RBMS3	0.15497628	0.29348242	0.9207875	17.17913	1
6209	CNOT10	0.098267585	0.15722796	0.6775202	5.728651	1
6237	LRRFIP2	0.12725824	0.2015959	0.6632895	7.005453	1
6265	CSRNP1	0.016073342	0.05065917	1.6500506	7.0817657	1
6304	SS18L2	0.13613036	0.20011777	0.55552167	5.217163	1
6353	TMEM42	0.036719926	0.0760842	1.0490049	5.412656	1
6357	EXOSC7	0.15982397	0.23624264	0.5634937	6.409388	1
6360	TMEM158	0.055815082	0.122653134	1.1344504	8.577197	1
6390	MYL3	0.009015863	0.074820645	3.0389123	16.865427	1
6391	PTH1R	0.047892615	0.13921598	1.5374764	15.544355	1
6419	SHISA5	0.24145055	0.3453062	0.5159688	8.352964	1
6420	PFKFB4	0.018420901	0.05199678	1.4920399	5.956716	1
6423	UQCRC1	0.17608404	0.25125197	0.5126256	5.845844	1
6431	PRKAR2A	0.30849066	0.46384183	0.58824944	14.082829	1
6441	DALRD3	0.10823661	0.18712336	0.7892396	8.529286	1
6442	NDUFAF3	0.28997007	0.43957514	0.6000365	13.620926	1
6443	IMPDH2	0.4531455	0.7078148	0.6432832	27.740736	1
6446	QARS	0.18637812	0.28162566	0.59528446	8.398939	1
6450	KLHDC8B	0.10094921	0.16808486	0.73498976	6.86903	1
6472	INKA1	0.28915706	0.41021067	0.5043645	9.513147	1
6498	TUSC2	0.11485713	0.17202526	0.5823629	5.013672	1
6533	ABHD14B	0.043273296	0.08497733	0.97196764	5.5920997	1
6534	ABHD14A	0.12796246	0.1952495	0.60920995	6.04133	1
6553	TNNC1	0.012861829	0.13963862	3.4303894	32.199207	1
6556	NT5DC2	0.25241584	0.43142313	0.773064	20.431995	1
6559	GNL3	0.19939029	0.29670545	0.573199	8.3740635	1
6560	GLT8D1	0.21414977	0.34587175	0.6913605	13.247514	1
6573	TKT	0.51424885	0.8141442	0.6627143	34.649483	1
6593	WNT5A	0.34278283	0.18171117	-0.9152748	19.611109	1
6679	SLC25A26	0.07729043	0.13095827	0.75998133	5.727453	1
6693	TMF1	0.27781814	0.46917164	0.7557633	21.333618	1
6730	PDZRN3	0.17267515	0.27277195	0.6593283	9.334855	1
6738	LINC00960	0.11368738	0.2153111	0.920752	12.355388	1
6740	ROBO2	0.16884242	0.28713945	0.76572216	11.363461	1
6776	ZNF654	0.09608494	0.15946633	0.7302733	6.3810964	1
6777	C3orf38	0.09618895	0.15950601	0.7290728	6.520217	1
6781	PROS1	0.09820011	0.16812657	0.7751405	7.406333	1
6788	MTRNR2L12	0.28151762	0.43939131	0.6420971	15.286381	1
6794	CRYBG3	0.21441798	0.3491317	0.7030859	13.149474	1
6796	RIOX2	0.08129418	0.13553527	0.7367348	5.658723	1
6818	DCBLD2	0.14515465	0.23985401	0.7241735	9.594326	1
6833	TMEM45A	0.13669863	0.26362082	0.9469576	15.149675	1
6839	TRMT10C	0.22378919	0.34684458	0.6319204	11.521622	1
6841	ZBTB11	0.101849884	0.15850772	0.63760287	5.200736	1
6848	NFKBIZ	0.094544224	0.23351899	1.3035712	21.41537	1
6869	CD47	0.13318361	0.19977888	0.5846266	5.4883733	1
6890	NECTIN3	0.21317112	0.30801064	0.5307598	7.388451	1
6909	ATG3	0.16301152	0.24146654	0.56656194	6.513836	1
6926	SPICE1	0.0739026	0.12888019	0.80150163	6.125503	1
6977	TIMMDC1	0.17622878	0.2713845	0.6226018	8.636996	1
7007	HCLS1	0.035930585	0.07210588	1.0028942	5.0063567	1
7017	FAM162A	0.42442074	0.9946572	1.2285094	44.55244	1
7030	PDIA5	0.027268456	0.068128474	1.31786	6.902653	1
7037	MYLK	0.100588016	0.17759608	0.8195199	8.602134	1
7045	ITGB5	0.068948194	0.1581156	1.1962162	13.438679	1
7048	HEG1	0.031772677	0.070035286	1.1378202	5.8701606	1
7053	OSBPL11	0.105181314	0.16226774	0.6250156	5.213281	1
7106	GATA2	0.008040852	0.038093686	2.2300825	7.361354	1
7130	MBD4	0.16531473	0.24749592	0.5818998	7.0004787	1
7139	TRH	0.0027384069	0.029665558	3.3904905	7.9953494	1
7156	MRPL3	0.23064725	0.32684177	0.5027201	7.430227	1
7160	DNAJC13	0.11041422	0.16887715	0.6125962	5.218465	1
7167	TMEM108	0.03425597	0.07226983	1.0748274	5.353075	1
7180	RYK	0.26728868	0.38735557	0.5350925	9.914108	1
7210	DBR1	0.04003441	0.08598881	1.100986	6.5873094	1
7213	MRAS	0.01913884	0.051542204	1.4245288	5.877284	1
7229	COPB2	0.41327474	0.6059717	0.5520384	17.387789	1
7244	SLC25A36	0.32952777	0.5058665	0.61820424	16.565575	1
7257	ATP1B3	0.16498819	0.26268548	0.6706486	9.245523	1
7259	TFDP2	0.34818977	0.51370275	0.5609266	14.313879	1
7261	XRN1	0.2319767	0.32954842	0.5063264	7.5417604	1
7287	PLOD2	0.17345937	0.33873153	0.96513885	20.484083	1
7314	HLTF	0.210814	0.34544888	0.7122349	13.794261	1
7325	WWTR1	0.18558443	0.27469918	0.5655248	7.3868947	1
7341	EIF2A	0.2356189	0.33796832	0.52024734	8.050703	1
7342	SELENOT	0.19661573	0.285226	0.5364987	7.0814667	1
7346	SIAH2	0.028123133	0.064722374	1.1996138	5.6627336	1
7371	P2RY1	0.020429632	0.12823756	2.6441638	26.709805	1
7398	GMPS	0.25291592	0.36563846	0.5315842	9.059594	1
7412	LINC00881	0.0010564656	0.018977955	4.044112	5.723139	1
7413	CCNL1	0.362873	0.5194911	0.5175145	12.887789	1
7451	PPM1L	0.08648781	0.1913289	1.1445729	14.525141	1
7453	NMD3	0.0994715	0.17471512	0.81202507	8.436859	1
7467	SLITRK3	0.018520867	0.08716631	2.2285047	14.962286	1
7520	TNIK	0.05584214	0.11670054	1.0620395	8.444256	1
7527	FNDC3B	0.23376893	0.38595518	0.72310686	15.951067	1
7568	GNB4	0.2316792	0.3880198	0.74375093	16.71934	1
7588	FXR1	0.5881102	0.8415716	0.5169256	23.705837	1
7616	YEATS2	0.11008324	0.17688026	0.68368363	6.5077105	1
7619	PARL	0.16539165	0.26840734	0.6982031	10.202848	1
7629	DVL3	0.1690929	0.24241422	0.51940036	5.756668	1
7630	AP2M1	0.5290965	0.8279462	0.64590776	33.97725	1
7633	ALG3	0.057949618	0.10477004	0.8532441	5.5210457	1
7641	POLR2H	0.22911835	0.33790657	0.56032866	9.058546	1
7658	TMEM41A	0.08064256	0.13219102	0.71231395	5.163148	1
7706	LPP	0.28328422	0.43483576	0.618043	14.088647	1
7778	ACAP2	0.27558613	0.40641853	0.56029445	11.12793	1
7817	NCBP2AS2	0.21211451	0.30266154	0.5126585	6.9763937	1
7852	ZNF721	0.21285824	0.30376175	0.5128444	7.0117245	1
7886	UVSSA	0.039229844	0.079750285	1.0216731	5.5251975	1
7894	SLBP	0.14713006	0.22355545	0.6032057	6.705422	1
7907	MXD4	0.39639413	0.5761926	0.53950214	15.665907	1
7929	LRPAP1	0.28607616	0.4151522	0.53708434	10.601325	1
7946	MSX1	0.053394455	0.1265269	1.2431227	10.790813	1
7947	CYTL1	0.12585746	0.2281925	0.8579468	10.814174	1
7968	BLOC1S4	0.20957546	0.35804862	0.77240026	16.360611	1
7977	GRPEL1	0.0962081	0.16435808	0.77199084	7.1028957	1
7988	SH3TC1	0.019971557	0.053720936	1.423015	6.226286	1
8067	FBXL5	0.11518974	0.21353108	0.8898574	11.972526	1
8084	QDPR	0.12633541	0.19398032	0.6182532	6.0634136	1
8086	LAP3	0.12210726	0.18437418	0.5940889	5.553695	1
8131	SMIM20	0.19378516	0.30875725	0.6717377	11.175801	1
8184	PGM2	0.044632424	0.09948337	1.1545839	8.172427	1
8185	TBC1D1	0.13903604	0.33466154	1.2666376	31.096457	1
8195	KLF3	0.25916418	0.4379605	0.75670725	19.221106	1
8199	FAM114A1	0.20683841	0.46316123	1.1626245	39.457573	1
8243	SLC30A9	0.1323535	0.20746998	0.6481119	7.080199	1
8273	COMMD8	0.122322224	0.18430278	0.59099495	5.459156	1
8289	FRYL	0.14636864	0.21387242	0.54683304	5.5154896	1
8301	USP46	0.24834943	0.36341396	0.54905844	9.484033	1
8332	KDR	0.018569954	0.07386425	1.9861099	10.674856	1
8337	TMEM165	0.33921054	0.51765704	0.6096691	17.005573	1
8353	PAICS	0.15829961	0.24970415	0.6572287	8.531043	1
8363	IGFBP7	0.75277203	1.5130017	1.0070324	44.55244	1
8386	ADGRL3	0.079807006	0.16317585	1.0309175	10.335411	1
8391	TECRL	0.0010100432	0.02612645	4.562335	7.6747913	1
8403	CENPC	0.14837311	0.21621701	0.54294544	5.5577784	1
8405	UBA6	0.14085114	0.20726982	0.55701077	5.5845613	1
8447	UTP3	0.14726129	0.21202768	0.5255753	5.1674194	1
8462	ALB	0.005660803	0.07572923	3.7184122	19.590422	1
8463	AFP	0.002404446	0.027965413	3.48623	7.235927	1
8488	PARM1	0.030217396	0.12630004	2.0597792	19.292778	1
8501	G3BP2	0.4013575	0.58807343	0.5509945	16.921434	1
8502	USO1	0.19044843	0.27769175	0.54384595	7.1194105	1
8512	NUP54	0.14970791	0.21858384	0.5457328	5.5676413	1
8514	SCARB2	0.38656235	0.58989924	0.60963887	20.176027	1
8519	SHROOM3	0.10482018	0.16127919	0.6211624	5.0891724	1
8544	ANTXR2	0.271751	0.55035657	1.0178127	39.75024	1
8546	PRDM8	0.02234023	0.05472666	1.2887902	5.049827	1
8562	SEC31A	0.6161658	0.89724797	0.54211473	28.077333	1
8586	MAPK10	0.053492017	0.09953508	0.8946356	5.476131	1
8588	PTPN13	0.17857355	0.3073154	0.7828634	13.807699	1
8596	HSD17B11	0.09032499	0.15127987	0.7433799	6.282154	1
8597	NUDT9	0.16066968	0.24658571	0.61767876	7.7439594	1
8652	UNC5C	0.3492025	0.49763557	0.51090246	11.625396	1
8691	EMCN	0.41036728	0.7673067	0.90272415	44.55244	1
8744	DKK2	0.026591094	0.06615119	1.3115878	5.764274	1
8759	COL25A1	0.28624597	0.17496003	-0.70990956	10.416577	1
8777	PITX2	0.17058471	0.26243395	0.6211701	7.717818	1
8799	CAMK2D	0.20737176	0.314495	0.6005807	9.226407	1
8800	ARSJ	0.03945883	0.12785104	1.6935202	16.574253	1
8803	NDST4	0.033530343	0.008880157	-1.9049511	5.593091	1
8821	SEC24D	0.14626782	0.21900815	0.5820448	6.425685	1
8825	C4orf3	0.73844737	1.1058002	0.5824588	40.87859	1
8865	LINC01091	0.006309651	0.027283592	2.094994	5.2143507	1
8888	PGRMC2	0.21539985	0.32175788	0.57873684	9.1558695	1
8950	ELF2	0.21155699	0.3079297	0.54134125	7.7842093	1
8960	MGST2	0.10862888	0.1668784	0.6189264	5.210671	1
8975	ZNF330	0.11565714	0.18638821	0.6879832	6.7000875	1
8999	HHIP-AS1	0.007850294	0.03269629	2.0444527	5.2355604	1
9046	DCLK2	0.10642503	0.20380534	0.936707	11.729709	1
9080	ARFIP1	0.13484795	0.2044764	0.60023665	6.140685	1
9110	GUCY1A1	0.1449166	0.23241585	0.6811111	8.00678	1
9112	GUCY1B1	0.16130586	0.28735402	0.8326382	13.61914	1
9114	TDO2	0.02760874	0.13056222	2.2374291	19.728012	1
9183	PALLD	0.45801058	0.66684276	0.54186714	18.107094	1
9223	HAND2	0.5268963	0.81643057	0.63171405	29.423489	1
9224	HAND2-AS1	0.18285185	0.34816185	0.9287084	20.208336	1
9228	LINC02268	0.008228279	0.031506423	1.9241277	5.0749345	1
9232	CEP44	0.09720281	0.15622394	0.68398535	5.753448	1
9324	ANKRD37	0.023176312	0.073095866	1.6528996	8.896685	1
9330	SORBS2	0.0021465041	0.024960674	3.4796717	6.7322397	1
9381	SDHA	0.09729702	0.1676912	0.7847175	7.808003	1
9386	EXOC3	0.13287026	0.2299295	0.7907154	10.592689	1
9420	MRPL36	0.23728992	0.3391662	0.5151589	7.970738	1
9467	MED10	0.20465913	0.30567148	0.57852596	8.659224	1
9469	UBE2QL1	0.004602778	0.0315438	2.7503378	7.410178	1
9503	SEMA5A	0.12140702	0.2615487	1.1065913	19.204529	1
9507	SNHG18	0.08283311	0.19513822	1.2352153	17.453926	1
9561	ZNF622	0.100237735	0.16784996	0.7431671	7.2636685	1
9617	LINC02228	0.0012389208	0.03635841	4.7671094	10.676048	1
9657	NPR3	0.004666732	0.03004027	2.66062	6.3949633	1
9674	RAI14	0.12219616	0.20126274	0.71941763	7.8069677	1
9680	DNAJC21	0.33898345	0.507205	0.5812131	14.854235	1
9682	PRLR	0.09831192	0.21188262	1.107041	14.692563	1
9685	IL7R	0.0138743045	0.044588655	1.6771322	6.518202	1
9729	DAB2	0.23155758	0.43011293	0.893057	23.630978	1
9738	PTGER4	0.018895399	0.05170581	1.447464	5.5214643	1
9806	PELO	0.08656407	0.16018863	0.88716614	8.791404	1
9807	ITGA1	0.13514243	0.2956563	1.128861	22.356577	1
9812	MOCS2	0.25618047	0.37896866	0.56473565	10.324896	1
9822	HSPB3	-1.542503e-09	0.014806398	7.21981	5.1668715	1
9823	SNX18	0.23644678	0.34506738	0.5451706	8.665188	1
9826	ESM1	0.065160535	0.023988808	-1.4378479	7.7104654	1
9838	MTREX	0.11699333	0.17857072	0.6096443	5.495608	1
9839	PLPP1	0.08977445	0.15185861	0.7576955	6.4234915	1
9843	IL6ST	0.37109315	0.76375526	1.0411292	44.55244	1
9854	MAP3K1	0.31049332	0.4796987	0.6274024	15.905866	1
9873	RAB3C	0.023520423	0.108097695	2.195563	19.180172	1
9909	ADAMTS6	0.23144826	0.34486496	0.5751369	8.740745	1
9928	MAST4	0.11470617	0.18441504	0.68453825	6.877706	1
9957	TAF9	0.23234588	0.33010298	0.5064582	7.490161	1
9987	TNPO1	0.27495646	0.3898702	0.503636	9.104163	1
10027	POLK	0.14752626	0.23014115	0.64119625	7.6259284	1
10039	F2R	0.17479056	0.281564	0.68752265	10.20937	1
10042	CRHBP	0.008290942	0.071007185	3.0830908	12.22508	1
10043	AGGF1	0.18956952	0.28136173	0.56945086	7.7237496	1
10048	WDR41	0.18319876	0.26594296	0.53746206	6.6862464	1
10175	NR2F1-AS1	0.17150061	0.29393968	0.77695614	13.148558	1
10176	NR2F1	0.49790645	0.7121755	0.516271	14.790546	1
10187	MCTP1	0.033986174	0.010896811	-1.6321015	5.0349717	1
10197	RHOBTB3	0.56509626	0.9550856	0.7570291	44.55244	1
10219	LIX1	0.008197615	0.034261096	2.0500076	5.4521084	1
10220	RIOK2	0.09256089	0.16291994	0.815016	7.893867	1
10270	PJA2	0.58001137	0.8428672	0.5391466	25.439186	1
10283	CAMK4	0.09015529	0.19581996	1.118181	15.029515	1
10291	EPB41L4A-AS1	0.34397987	0.547977	0.6716351	20.620615	1
10299	REEP5	0.19864967	0.29830897	0.5863383	8.63967	1
10314	PGGT1B	0.12504575	0.20992611	0.74695945	8.828322	1
10361	LOX	0.005409149	0.048010964	3.1264644	11.6281595	1
10372	SNX2	0.4022911	0.6130184	0.60756737	20.57053	1
10374	SNX24	0.06693369	0.12383622	0.88663954	6.7439713	1
10375	PPIC	0.34680015	0.6403399	0.8845428	37.272655	1
10378	PRDM6	0.040729877	0.09006517	1.1429449	6.9860816	1
10411	PRRC1	0.14180161	0.21096686	0.57280904	5.9236784	1
10425	ADAMTS19	0.19363877	0.122557014	-0.65948296	6.3118906	1
10434	FNIP1	0.16847706	0.24875548	0.56189996	6.6701508	1
10444	P4HA2	0.19731747	0.5369511	1.4438099	44.55244	1
10445	PDLIM4	0.11490998	0.23437522	1.0276763	15.952144	1
10452	IRF1	0.04341308	0.096597366	1.1520275	7.6443677	1
10468	AFF4	0.3355178	0.475165	0.50191295	11.467308	1
10473	HSPA4	0.37739322	0.55305326	0.55122864	15.662702	1
10482	VDAC1	0.5631642	0.8156235	0.53426856	24.156256	1
10489	UBE2B	0.361375	0.52152205	0.52910906	13.659885	1
10496	SAR1B	0.16125256	0.22935371	0.5079867	5.229903	1
10501	TXNDC15	0.15499525	0.23784885	0.61749697	7.48225	1
10563	SIL1	0.10882142	0.17937954	0.72053164	7.135799	1
10574	DNAJC18	0.120153785	0.18636456	0.6328192	6.0195875	1
10575	ECSCR	0.032167282	0.009784363	-1.7068523	5.116797	1
10579	UBE2D2	0.52409154	0.7746041	0.56355125	24.891542	1
10581	CXXC5	0.32327434	0.5829175	0.8503341	31.607658	1
10602	SRA1	0.17958301	0.25404578	0.5002022	5.568504	1
10612	HARS	0.15673655	0.22687963	0.533301	5.6537275	1
10680	PCDHGA10	0.14731607	0.2862014	0.9576408	17.257156	1
10717	NR3C1	0.34050047	0.5240748	0.6219677	17.34964	1
10722	YIPF5	0.28198528	0.4219569	0.5813061	12.509267	1
10793	HMGXB3	0.17904177	0.26923072	0.5882769	7.9598	1
10795	PDGFRB	0.56733876	0.954477	0.75039685	44.55244	1
10817	TNIP1	0.10874467	0.2442522	1.1666913	19.152802	1
10829	SPARC	0.8119849	1.2792337	0.65569013	44.55244	1
10908	PWWP2A	0.14421096	0.24320003	0.75355554	10.457451	1
10914	SLU7	0.14816932	0.2325669	0.6500458	7.6706986	1
10928	CCNG1	0.32220644	0.50068134	0.6357479	17.492516	1
10960	SLIT3	0.20550162	0.34943822	0.76559854	14.941302	1
10975	KCNMB1	0.019900152	0.05552872	1.4758189	6.731126	1
10989	FBXW11	0.17744696	0.25305	0.5117917	5.8517065	1
11010	NKX2-5	0.009532639	0.051834617	2.4306936	10.472208	1
11039	SFXN1	0.16482599	0.2353779	0.5137729	5.4547215	1
11059	FAF2	0.27408168	0.39470822	0.5260199	9.801145	1
11071	UIMC1	0.09239392	0.14511342	0.6507443	5.0283675	1
11075	NSD1	0.3467602	0.4932874	0.5083665	11.782365	1
11080	LMAN2	0.3022176	0.4378166	0.5345912	11.25099	1
11092	DDX41	0.072576396	0.12764551	0.8137138	6.110536	1
11095	TMED9	0.6008398	0.8895315	0.56598735	29.71999	1
11096	B4GALT7	0.09073364	0.15364428	0.7592341	6.6406593	1
11113	PHYKPL	0.11862794	0.18299921	0.62496597	5.784338	1
11129	ADAMTS2	0.016470777	0.057984386	1.8095092	8.676175	1
11134	RUFY1	0.115201935	0.20009226	0.7959695	9.032941	1
11143	MGAT4B	0.12193989	0.18918298	0.63319194	6.1765876	1
11144	SQSTM1	0.33992273	0.481232	0.50140107	11.094713	1
11161	MGAT1	0.09655293	0.15568921	0.6887099	5.9502125	1
11214	FOXC1	0.33340326	0.6055709	0.86083335	32.359898	1
11229	SERPINB6	0.2809955	0.48295477	0.78112656	23.565023	1
11231	NQO2	0.1059452	0.17232469	0.701287	6.623445	1
11298	AL031058.1	0.01335381	0.045778096	1.7697909	6.8409004	1
11299	DSP	0.10174839	0.23325107	1.1960789	17.980593	1
11302	TXNDC5	0.1385215	0.22708814	0.71273637	9.115705	1
11353	GFOD1	0.0488079	0.13292556	1.4435639	14.409784	1
11358	RANBP9	0.07299282	0.13144216	0.84772366	6.877219	1
11360	MCUR1	0.1330699	0.21614864	0.699423	8.255015	1
11380	MYLIP	0.07724001	0.1629028	1.0756099	11.674189	1
11383	ATXN1	0.13566792	0.2035968	0.58528066	5.854964	1
11397	KIF13A	0.090758726	0.14505476	0.6758949	5.2443047	1
11406	ID4	0.2128935	0.41110688	0.94905496	24.250355	1
11440	ACOT13	0.13679451	0.21400961	0.64528495	7.19734	1
11461	TRIM38	0.13132659	0.19864704	0.59667623	5.8741183	1
11500	BTN3A2	0.056594353	0.099940926	0.81931335	5.0534244	1
11561	ZSCAN26	0.06862248	0.12827532	0.90151393	7.1728697	1
11578	TRIM27	0.2056636	0.31856042	0.63103193	10.263542	1
11613	HLA-A	0.27476752	0.5406925	0.97633886	37.212975	1
11629	HLA-E	0.15445012	0.25673404	0.73276156	10.6152525	1
11631	GNL1	0.16299538	0.2843328	0.8023719	13.647155	1
11635	MRPS18B	0.2248304	0.33113867	0.55839235	8.863964	1
11639	PPP1R18	0.13540158	0.22183482	0.7118264	8.71957	1
11640	NRM	0.06034064	0.11309479	0.90521675	6.412323	1
11645	FLOT1	0.19010037	0.2794392	0.55553055	7.5123744	1
11647	IER3	0.05053691	0.17371668	1.7793052	23.086264	1
11653	GTF2H4	0.06851909	0.12122391	0.8221819	5.9331326	1
11672	HLA-C	0.1064033	0.20566328	0.95008737	12.574205	1
11686	NFKBIL1	0.11481135	0.20913993	0.86463684	10.795731	1
11694	BAG6	0.14445452	0.21248789	0.5564457	5.629199	1
11698	GPANK1	0.09620675	0.15606117	0.697327	5.8757668	1
11699	CSNK2B	0.53383297	0.7865989	0.559153	24.881529	1
11723	EHMT2	0.2544346	0.36216158	0.5091701	8.457971	1
11728	NELFE	0.19577853	0.28165075	0.5244601	6.8756785	1
11731	STK19	0.15006691	0.22731407	0.5987545	6.7639685	1
11746	RNF5	0.24721946	0.35793567	0.5337275	8.892206	1
11749	PBX2	0.16360402	0.23757108	0.5378766	5.956433	1
11750	GPSM3	0.040024187	0.08107187	1.0165075	5.6808853	1
11777	HLA-DPB1	0.07280111	0.15828189	1.1193945	12.286281	1
11781	SLC39A7	0.37102157	0.5451527	0.55503327	15.30251	1
11782	HSD17B8	0.024551276	0.06216905	1.336853	6.2090693	1
11799	SYNGAP1	0.076300226	0.1273263	0.7380142	5.3922706	1
11829	SCUBE3	0.117239326	0.17848161	0.6058969	5.110376	1
11847	SRPK1	0.19231667	0.27501932	0.5158236	6.5074406	1
11869	C6orf89	0.16273853	0.2367266	0.54038906	6.0275593	1
11872	MTCH1	0.5575219	0.8195846	0.55578166	26.447832	1
11938	CCND3	0.07089659	0.12740095	0.84468645	6.636695	1
11951	TBCC	0.10660714	0.17229198	0.692036	6.427781	1
11958	CNPY3	0.25029355	0.3981762	0.6695718	14.846739	1
11963	MEA1	0.26681525	0.42957857	0.6868761	16.5811	1
11965	RRP36	0.19073433	0.28610018	0.5847038	8.178487	1
11967	CUL7	0.07924723	0.13132456	0.7279832	5.422294	1
11971	PTK7	0.16559632	0.2526265	0.6090353	7.7003794	1
11975	DNPH1	0.26170522	0.37449774	0.5168483	8.964812	1
11995	MRPS18A	0.12167672	0.19486488	0.67897594	6.9379277	1
11997	VEGFA	0.12703829	0.27984446	1.1387421	20.919224	1
12092	FBXO9	0.19375813	0.27488437	0.5043483	6.2349024	1
12125	ZNF451	0.18315428	0.26045808	0.50775796	5.93207	1
12128	RAB23	0.041307747	0.081090435	0.971409	5.241201	1
12204	COL12A1	0.31359693	0.20535783	-0.61052895	8.879101	1
12206	TMEM30A	0.16762565	0.25736254	0.61825913	8.191776	1
12212	MYO6	0.30200103	0.5995063	0.98898464	41.937542	1
12243	TENT5A	0.19930147	0.39256018	0.9776052	23.670301	1
12250	IBTK	0.1619845	0.25294933	0.64267236	8.636523	1
12256	PGM3	0.20334852	0.30149361	0.567942	8.234322	1
12298	PNRC1	0.9174902	1.3782997	0.58707243	44.55244	1
12335	UFL1	0.2728217	0.44510606	0.70598614	17.69675	1
12362	GRIK2	0.104396895	0.17832574	0.7718637	7.322464	1
12390	MTRES1	0.09540267	0.15444894	0.6944508	5.830017	1
12428	CDC40	0.35824457	0.5193007	0.5355006	13.390958	1
12437	RPF2	0.13605683	0.2236809	0.71681756	8.8141	1
12453	FAM229B	0.169746	0.25552285	0.5897895	7.2908444	1
12480	NT5DC1	0.078089625	0.15208918	0.9608167	9.520288	1
12485	TSPYL1	0.20042486	0.2958246	0.56144834	7.981692	1
12492	RWDD1	0.6132833	0.92359966	0.590635	32.910545	1
12503	DCBLD1	0.02178679	0.053601526	1.2949027	5.3538094	1
12504	GOPC	0.36194775	0.5909506	0.70710176	25.140635	1
12508	PLN	0.016733715	0.052912205	1.654971	6.536782	1
12514	MAN1A1	0.30237314	0.43665177	0.5300065	9.981375	1
12519	GJA1	0.124112196	0.1997304	0.68596923	6.9570847	1
12537	RNF217	0.10606426	0.1902184	0.84211683	9.68293	1
12538	TPD52L1	0.02853539	0.12058516	2.0753772	19.02126	1
12539	HDDC2	0.28548193	0.43363437	0.6029071	13.573389	1
12545	NCOA7	0.09189814	0.19416253	1.078331	13.984152	1
12551	RSPO3	0.352534	0.24918033	-0.5004025	6.703228	1
12580	ENPP1	0.016972117	0.050568882	1.5694581	6.399378	1
12586	MOXD1	0.17437057	0.1032394	-0.75559336	7.215293	1
12606	TARID	0.009341137	0.035446577	1.9126784	5.7696795	1
12609	TCF21	0.1617907	0.23839758	0.55895454	5.7451377	1
12613	SGK1	0.2181836	0.47634497	1.1261058	36.55471	1
12618	AL078590.2	0.0037155976	0.04316597	3.503252	12.3624115	1
12712	PLAGL1	0.43510664	0.6545708	0.5890692	20.737734	1
12727	RAB32	0.158319	0.2561152	0.6936106	9.657871	1
12735	SAMD5	0.104401246	0.17215961	0.7210643	6.535347	1
12753	PPIL4	0.39250562	0.572489	0.5444193	15.832076	1
12759	LATS1	0.09210298	0.15252523	0.7271081	6.177884	1
12781	MTHFD1L	0.05303685	0.10755124	1.0185803	7.539211	1
12785	AKAP12	0.4224817	0.6701183	0.66540086	24.246891	1
12787	RMND1	0.07752648	0.12675378	0.7085457	5.1116514	1
12831	SNX9	0.1509468	0.22216454	0.5572822	5.8887186	1
12872	IGF2R	0.25139254	0.37925312	0.59302574	11.280766	1
13042	COX19	0.11395548	0.18127848	0.66926754	6.4527903	1
13074	EIF3B	0.24233416	0.3743449	0.6271604	12.386987	1
13101	WIPI2	0.22311191	0.33293086	0.5772418	9.388794	1
13114	RNF216	0.2321775	0.3434594	0.56471	9.328914	1
13132	ZDHHC4	0.13994567	0.20790705	0.5707351	5.662041	1
13170	THSD7A	0.31565595	0.46992952	0.57394147	12.122494	1
13178	ARL4A	0.18988171	0.29257727	0.6234501	8.946292	1
13187	MEOX2	0.2379018	0.15168664	-0.64892775	7.25358	1
13206	AHR	0.033379305	0.07624995	1.1893575	6.427196	1
13222	TWISTNB	0.1840751	0.26725814	0.53769547	6.5776367	1
13288	AC004540.2	0.1069774	0.04077312	-1.3894297	11.047711	1
13343	FKBP14	0.16863064	0.2933323	0.7983057	13.733705	1
13355	GGCT	0.12319683	0.18387516	0.57737523	5.2040277	1
13364	AQP1	0.00042577228	0.020122798	5.265401	6.299126	1
13380	FKBP9	0.11251373	0.18174617	0.69133574	6.756771	1
13388	BMPER	0.029674536	0.0970202	1.7056924	12.187311	1
13459	YAE1	0.089261554	0.14190243	0.66818947	5.082596	1
13473	INHBA	0.092418365	0.19122815	1.0482374	12.075912	1
13481	MRPL32	0.21099417	0.30202812	0.5172736	7.2961555	1
13496	DBNL	0.20985697	0.30021104	0.5163637	7.1254253	1
13500	AEBP1	0.1876497	0.3052473	0.7016404	11.877596	1
13501	POLD2	0.15368232	0.22209913	0.5309635	5.5057373	1
13502	MYL7	0.015623298	0.26343763	4.0670333	44.55244	1
13504	YKT6	0.06986018	0.12033978	0.78370595	5.6083307	1
13506	NUDCD3	0.09977278	0.1550183	0.6352054	5.0473304	1
13531	IGFBP3	1.186756	2.2730963	0.9375773	44.55244	1
13590	VSTM2A	0.02728779	0.0033088706	-3.0061672	7.2804856	1
13596	EGFR	0.27887756	0.409817	0.5551829	10.6042595	1
13600	VOPP1	0.0518357	0.101623416	0.9698533	6.4609632	1
13610	SUMF2	0.17985363	0.33689216	0.90508974	19.759867	1
13709	TBL2	0.0703472	0.119512334	0.7637519	5.3565392	1
13713	DNAJC30	0.06766002	0.121502995	0.8436726	6.32327	1
13716	ABHD11	0.052402597	0.096673235	0.8822193	5.3851395	1
13729	CLIP2	0.079006605	0.12906916	0.7073917	5.179985	1
13747	HIP1	0.15425594	0.24109067	0.6439131	7.9665217	1
13750	RHBDD2	0.07562067	0.12633477	0.73963416	5.2712593	1
13778	PHTF2	0.16895922	0.25128445	0.5723667	7.0312552	1
13780	MAGI2	0.15408064	0.257707	0.7416697	10.5571375	1
13795	HGF	0.027178252	0.11411605	2.0659423	16.38161	1
13796	CACNA2D1	0.08103747	0.14844646	0.87247396	7.746143	1
13804	SEMA3D	0.28451154	0.15286522	-0.89579046	15.1218405	1
13855	ANKIB1	0.18222895	0.26740322	0.5530125	7.0702314	1
13856	GATAD1	0.29350227	0.43092254	0.5539002	11.586901	1
13902	TAC1	0.54811645	0.89594674	0.70882833	28.138546	1
13919	ARPC1A	0.37263605	0.5698795	0.6127557	19.277884	1
13922	BUD31	0.27263045	0.39139608	0.5215221	9.606664	1
13947	ZNF3	0.0963931	0.1548653	0.6834474	5.6351137	1
13953	CNPY4	0.16425048	0.25912163	0.6574104	8.93515	1
13970	PPP1R35	0.12494503	0.20431824	0.7090762	7.920456	1
13982	PCOLCE	0.21238878	0.37838078	0.83283323	19.212439	1
13994	TRIP6	0.17038183	0.26770207	0.65154904	9.209185	1
14000	MUC12	0.0072556236	0.029560057	2.0116017	5.8123426	1
14003	TRIM56	0.17448443	0.24848449	0.50981134	5.7221622	1
14009	PLOD3	0.07904345	0.14907944	0.91450685	8.711365	1
14025	PRKRIP1	0.15248257	0.23848456	0.64491045	7.9721665	1
14027	ORAI2	0.16866206	0.24470545	0.5366452	6.2330236	1
14061	KMT2E	0.56671315	0.8039817	0.5044689	20.913107	1
14072	NAMPT	0.06960209	0.13239549	0.92666954	7.9261107	1
14081	PRKAR2B	0.10450263	0.17756334	0.7642268	7.5965543	1
14083	HBP1	0.22929302	0.34570384	0.5921324	10.241958	1
14095	DLD	0.15369014	0.22994511	0.5809538	6.529493	1
14116	ZNF277	0.115605146	0.1957189	0.759067	8.360288	1
14118	IFRD1	0.10433204	0.2048646	0.9728104	12.794169	1
14124	GPR85	0.005613901	0.031835113	2.4825957	6.2658577	1
14175	CPED1	0.29996476	0.43993127	0.5523322	11.361322	1
14198	WASL	0.38273168	0.54768777	0.516907	13.844561	1
14203	TMEM229A	0.1146151	0.22567862	0.97685367	13.929995	1
14208	GPR37	0.14930832	0.2254378	0.5941087	6.353494	1
14224	ARF5	0.2678825	0.4730115	0.82004154	25.1752	1
14236	HILPDA	0.1252054	0.19616845	0.6473797	6.4214845	1
14243	CALU	0.81788427	1.2376267	0.5975477	44.55244	1
14248	KCP	0.06519096	0.12626174	0.9526045	7.826327	1
14265	UBE2H	0.37548435	0.5385096	0.5201031	13.781734	1
14300	PLXNA4	0.15661702	0.23853587	0.6066491	6.258799	1
14335	MTPN	0.5298285	0.8256781	0.6399565	33.887447	1
14340	CHRM2	0.102354	0.21279843	1.0551891	14.552953	1
14345	CREB3L2	0.1414485	0.20453386	0.5317484	5.017053	1
14349	TRIM24	0.32787415	0.5795313	0.82155347	30.053644	1
14371	DENND2A	0.08944822	0.1438489	0.6848201	5.4100437	1
14535	CNTNAP2	0.19671804	0.31350982	0.6721083	11.187315	1
14543	CUL1	0.18030663	0.27831733	0.6259966	8.928744	1
14575	RARRES2	0.059934184	0.12255023	1.0306938	8.326455	1
14589	TMEM176B	0.052614715	0.09888403	0.90899	5.5801144	1
14590	TMEM176A	0.033431325	0.08041548	1.2637566	7.238083	1
14592	KCNH2	0.062447272	0.11456222	0.87437123	6.2007146	1
14602	TMUB1	0.055246662	0.108331665	0.9702179	6.901578	1
14609	CHPF2	0.054655753	0.10059723	0.8789416	5.754734	1
14613	NUB1	0.20147344	0.28608075	0.5056209	6.5091033	1
14726	AC100810.1	0.11001931	0.18224092	0.7275709	7.4910088	1
14870	GATA4	0.0007092284	0.016099935	4.323297	5.266928	1
14872	NEIL2	0.03559211	0.08045213	1.1743176	6.947637	1
14875	CTSB	0.15886045	0.3272357	1.042103	22.806404	1
14925	MTUS1	0.017307254	0.104191504	2.5828612	21.158419	1
14933	ASAH1	0.17918506	0.2631047	0.5539299	6.94316	1
14939	PSD3	0.13471982	0.2070299	0.61950326	6.5384536	1
14949	INTS10	0.109311365	0.18414548	0.75186664	7.9207144	1
14950	LPL	0.029292649	0.13931093	2.2458165	20.2014	1
14972	FAM160B2	0.0741445	0.12787	0.78544956	5.8619914	1
14982	POLR3D	0.19658744	0.2872559	0.54693377	7.4491143	1
14988	SORBS3	0.09551057	0.18360108	0.94211805	11.110708	1
14991	PDLIM2	0.26749825	0.52707624	0.97821677	36.339592	1
14992	C8orf58	0.042668577	0.0888767	1.0568763	6.4976363	1
14995	BIN3	0.05287778	0.09529318	0.8484987	5.008909	1
15015	R3HCC1	0.15099506	0.21846998	0.5326388	5.3721805	1
15016	LOXL2	0.14592507	0.21787795	0.57796603	6.1885133	1
15022	SLC25A37	0.17832775	0.25902918	0.5383314	6.496274	1
15035	NEFM	0.5963694	0.40317723	-0.5646763	9.792248	1
15050	EBF2	0.11242167	0.05808641	-0.9514488	6.7217636	1
15051	PPP2R2A	0.20582801	0.32411087	0.65479225	11.191799	1
15052	BNIP3L	0.931511	1.3817829	0.5688358	44.55244	1
15077	ZNF395	0.066546455	0.1252111	0.91091424	6.889106	1
15087	HMBOX1	0.32008785	0.48871636	0.61037403	15.391189	1
15115	RBPMS	0.17237072	0.2467577	0.5173282	5.782765	1
15130	NRG1	0.09506949	0.044030413	-1.1087259	7.0922503	1
15168	ERLIN2	0.08675149	0.13989769	0.6887805	5.3107476	1
15170	ADGRA2	0.25522745	0.3697943	0.5347645	9.325917	1
15188	NSD3	0.6250964	0.93100166	0.5746292	32.960907	1
15224	SFRP1	1.8451172	2.6272695	0.5098284	44.55244	1
15227	GOLGA7	0.3017537	0.5069602	0.7483077	23.321499	1
15229	GINS4	0.06788855	0.12629938	0.89462566	7.133497	1
15241	AP3M2	0.110211	0.18736665	0.7650573	8.061752	1
15242	PLAT	0.44258532	0.7250169	0.7119321	29.895256	1
15271	CEBPD	0.024179483	0.07318688	1.5938174	8.875725	1
15275	UBE2V2	0.28455243	0.40757918	0.51823294	9.716902	1
15285	SNAI2	0.18458752	0.37887627	1.037021	26.037369	1
15335	TGS1	0.1701543	0.24218057	0.5089875	5.5858116	1
15342	CHCHD7	0.11973743	0.18083218	0.5943704	5.2547436	1
15345	PENK	0.021318935	0.087114	2.0256732	9.362787	1
15350	IMPAD1	0.1577986	0.23136915	0.5518215	5.9927864	1
15391	ASPH	0.27984932	0.54705065	0.96677256	36.49769	1
15485	KCNB2	0.014106289	0.045425553	1.6801469	5.8881326	1
15489	TERF1	0.28716925	0.43883678	0.61160964	13.508209	1
15496	RDH10	0.042230822	0.09416452	1.1550063	6.7866	1
15506	TMEM70	0.10726379	0.20364745	0.92427444	11.284885	1
15531	PEX2	0.15664223	0.22412804	0.5165728	5.156461	1
15538	ZC2HC1A	0.2941288	0.42422783	0.5282408	10.202516	1
15543	STMN2	0.7405013	1.1276263	0.60664797	25.187637	1
15545	HEY1	0.1331954	0.26125818	0.9714013	15.198325	1
15586	AC015522.1	0.005350266	0.028624503	2.3978834	6.279956	1
15611	RMDN1	0.16715693	0.25103036	0.58637035	7.2907043	1
15627	NBN	0.21324636	0.30343333	0.5086574	6.887065	1
15644	SLC26A7	0.17276186	0.25879985	0.58277446	5.9305296	1
15674	GEM	0.03174352	0.076326184	1.2630671	7.11116	1
15677	VIRMA	0.23175597	0.34143493	0.55880415	9.246166	1
15715	MATN2	0.1498578	0.25574052	0.77068806	11.053651	1
15740	RNF19A	0.19278099	0.28696617	0.57367235	7.857521	1
15774	KLF10	0.24230234	0.39450055	0.7029893	15.329827	1
15790	CTHRC1	0.05110122	0.10801276	1.0782866	7.113982	1
15811	OXR1	0.21889968	0.32217103	0.5573457	8.447672	1
15816	ANGPT1	0.5406056	0.7964759	0.5589684	22.901802	1
15822	EMC2	0.18727987	0.26871195	0.52063125	6.338665	1
15856	UTP23	0.16865467	0.24517259	0.5394586	6.055807	1
15869	COLEC10	0.0043085204	0.059481453	3.756497	15.579337	1
15883	COL14A1	0.059866946	0.13245486	1.1443502	9.696019	1
15890	HAS2	0.17927286	0.38290903	1.0944166	27.255514	1
15992	EFR3A	0.11390894	0.18275036	0.68151647	6.7244267	1
16008	ST3GAL1	0.08306472	0.15863189	0.93254846	9.559636	1
16045	PTK2	0.2891813	0.4525066	0.6457846	15.713638	1
16100	TOP1MT	0.031769525	0.07004923	1.1382496	5.836007	1
16143	EXOSC4	0.08279041	0.1396625	0.7537002	5.910098	1
16146	SHARPIN	0.1234736	0.19149943	0.6327227	6.2481427	1
16147	MAF1	0.18790638	0.29064476	0.62897146	9.433057	1
16153	HSF1	0.095085345	0.15044527	0.66138595	5.2269855	1
16167	CYHR1	0.16168967	0.24851455	0.6197912	7.7150455	1
16174	MFSD3	0.033419747	0.07834935	1.2267503	7.0944057	1
16184	ZNF251	0.04818313	0.09087833	0.91400373	5.275747	1
16188	ZNF7	0.07201789	0.14037655	0.9619001	8.662013	1
16191	ZNF250	0.0492582	0.09482097	0.9434371	5.62334	1
16195	C8orf33	0.14658496	0.2245347	0.6148599	6.92209	1
16281	PTPRD	0.29531136	0.43853304	0.5702892	12.06958	1
16297	MPDZ	0.22380108	0.31816116	0.50734955	7.312594	1
16310	FREM1	0.19661163	0.42514998	1.1122289	32.739326	1
16329	RRAGA	0.24536732	0.35374713	0.5275952	8.825983	1
16331	PLIN2	0.18027496	0.30463558	0.7565588	12.872623	1
16370	CDKN2B-AS1	0.011819385	0.07718921	2.6969573	15.464947	1
16372	CDKN2B	0.022154782	0.06649295	1.5812541	8.335362	1
16427	SMU1	0.21656245	0.31285423	0.53050244	7.7644835	1
16431	BAG1	0.2177058	0.31712028	0.54244256	8.186277	1
16463	NUDT2	0.08211008	0.16317508	0.98991746	10.516186	1
16470	CNTFR	0.18936479	0.3140517	0.72953147	12.35826	1
16477	IL11RA	0.30289245	0.4986997	0.71917874	20.481731	1
16492	VCP	0.49092346	0.76449424	0.6389024	29.96334	1
16496	STOML2	0.3773403	0.54590195	0.5326578	14.74183	1
16513	CREB3	0.112535685	0.17271012	0.6175237	5.3725533	1
16544	ZCCHC7	0.14899585	0.2206054	0.56588185	5.9562945	1
16548	POLR1E	0.048252687	0.09071602	0.90935075	5.412851	1
16648	PGM5	0.08960524	0.15202706	0.76201254	6.544583	1
16691	ANXA1	0.14902951	0.24287826	0.7042614	8.071048	1
16769	ISCA1	0.16379897	0.23867345	0.54283565	6.029139	1
16781	CTSL	0.19026819	0.2997341	0.65537184	10.358692	1
16827	OGN	0.103695236	0.05326684	-0.95972484	5.545883	1
16829	ASPN	0.10063119	0.05185341	-0.95522004	6.037833	1
16833	BICD2	0.11367974	0.18726593	0.71961504	7.5481105	1
16840	NINJ1	0.07948331	0.13061702	0.71590924	5.0606666	1
16860	PCAT7	0.1547815	0.23068322	0.57537353	6.1834874	1
16872	PTCH1	0.029060211	0.08764682	1.5893457	10.255752	1
16892	HABP4	0.05395746	0.11246888	1.0582424	8.241591	1
16921	NANS	0.13444301	0.20354551	0.5979925	6.051392	1
16944	ERP44	0.22039878	0.31773144	0.5274911	7.8857102	1
16982	SLC44A1	0.118182205	0.19005978	0.6849791	6.88897	1
17019	LPAR1	0.0939844	0.14894055	0.66367745	5.178405	1
17024	PTGR1	0.2354465	0.36718956	0.640906	12.51457	1
17029	UGCG	0.13751781	0.23344027	0.7630041	10.352066	1
17047	SLC31A1	0.06516741	0.11471062	0.81482136	5.714593	1
17049	PRPF4	0.09953084	0.16217247	0.70375395	6.2035136	1
17113	GSN	0.21254264	0.3299075	0.6340679	10.885724	1
17164	NEK6	0.11871798	0.22326465	0.9106477	13.253202	1
17210	NIBAN2	0.060124196	0.13100836	1.1223445	10.317078	1
17221	ENG	0.09711258	0.36070698	1.8920122	44.55244	1
17223	AK1	0.32308838	0.53724605	0.7334762	23.171974	1
17224	ST6GALNAC6	0.108774506	0.16912743	0.6362972	5.59777	1
17229	FAM102A	0.08581247	0.1537785	0.84085214	7.810053	1
17239	CIZ1	0.1549488	0.22770105	0.555052	6.062667	1
17241	GOLGA2	0.33427656	0.4924818	0.5588896	13.814563	1
17242	SWI5	0.15790321	0.24328358	0.623278	7.7376523	1
17250	CERCAM	0.09008508	0.16736123	0.8928664	9.296644	1
17267	ENDOG	0.08752202	0.1428231	0.70587367	5.489444	1
17281	PTPA	0.088872686	0.15208995	0.77443874	6.8872795	1
17283	IER5L	0.30302417	0.5093507	0.7490338	22.978756	1
17298	NTMT1	0.15380077	0.25761524	0.7437773	10.933144	1
17302	PRRX2	0.030339692	0.11254162	1.8877144	16.655987	1
17304	PTGES	0.030149467	0.071171395	1.2364135	6.1613235	1
17309	FNBP1	0.24077219	0.36907002	0.6160175	11.751531	1
17324	LAMC3	0.032154504	0.119311325	1.888367	18.202198	1
17362	SURF1	0.09703594	0.16541795	0.7689107	7.388232	1
17366	REXO4	0.10021639	0.15916899	0.666908	5.6559906	1
17389	COL5A1	0.32700568	0.5753333	0.814892	30.193768	1
17403	MRPS2	0.13056976	0.19857141	0.604459	6.1123405	1
17416	UBAC1	0.17837895	0.2568737	0.5258666	6.211931	1
17440	EGFL7	0.2711754	0.6232974	1.200394	44.55244	1
17441	AGPAT2	0.1121258	0.20695832	0.88363284	11.190022	1
17442	DIPK1B	0.14123909	0.21925896	0.63413316	7.1067667	1
17443	SNHG7	0.53469086	0.7995424	0.58038014	26.283611	1
17448	TMEM141	0.32079473	0.5922177	0.88427114	35.5548	1
17451	RABL6	0.23546274	0.40415993	0.77917176	19.006908	1
17458	FBXW5	0.14063735	0.21388057	0.6044745	6.438172	1
17462	PTGDS	0.009282054	0.05245252	2.4857843	8.810103	1
17464	PAXX	0.23209025	0.3343371	0.5264274	8.131434	1
17477	MAN1B1	0.097973585	0.19073966	0.9604245	11.899262	1
17478	DPP7	0.10489326	0.19446556	0.88995963	10.377432	1
17501	EXD3	0.032598898	0.06756381	1.0491422	5.045942	1
17550	PFKP	0.037464086	0.15249908	2.0223203	24.16506	1
17630	GATA3	0.24125548	0.43275636	0.8427288	20.999031	1
17664	NUDT5	0.21892752	0.3259312	0.57389784	9.19441	1
17670	CCDC3	0.039499987	0.24254614	2.615282	44.55244	1
17671	OPTN	0.115922585	0.18074778	0.6403702	6.040812	1
17705	ITGA8	0.1287514	0.21600682	0.74603635	8.644722	1
17745	NEBL	0.004358139	0.03957885	3.153857	9.615639	1
17751	MLLT10	0.15983573	0.24549203	0.6187715	7.6298122	1
17753	DNAJC1	0.4232804	0.68141866	0.68679875	27.784851	1
17760	BMI1	0.12793894	0.22424337	0.80912596	10.594039	1
17771	MSRB2	0.31461003	0.5250714	0.7387652	23.384865	1
17778	KIAA1217	0.030714156	0.08081861	1.3928783	8.404029	1
17798	ANKRD26	0.17184415	0.2561391	0.57555044	7.005159	1
17801	ACBD5	0.09082859	0.1476887	0.7007301	5.658392	1
17804	RAB18	0.20512797	0.29381198	0.51815665	7.016971	1
17816	BAMBI	0.22777015	0.8193592	1.8464601	44.55244	1
17822	SVIL	0.38770628	0.7898185	1.0263678	44.55244	1
17856	NRP1	0.29560825	0.46192887	0.64380854	14.378248	1
17869	CREM	0.19095422	0.30418226	0.671428	10.819261	1
17935	CXCL12	0.46752274	0.7753792	0.729743	30.301775	1
17956	NCOA4	0.21775135	0.3156188	0.535296	7.943672	1
18087	NRBF2	0.22133695	0.37779772	0.7710998	17.208326	1
18111	RUFY2	0.15655266	0.22696568	0.53554046	5.5986013	1
18114	TET1	0.52472866	0.7539793	0.52286977	19.556816	1
18119	DDX50	0.20387432	0.34308755	0.7506097	14.586183	1
18128	HK1	0.13794507	0.24388258	0.8216387	11.852361	1
18141	SAR1A	0.2679415	0.39204425	0.5489281	10.47429	1
18156	UNC5B	0.5874006	1.0426	0.82766193	44.55244	1
18159	CDH23	0.0038645074	0.024052663	2.6069686	5.9111347	1
18163	PSAP	0.48363996	0.71211684	0.5580849	22.01532	1
18170	DDIT4	0.12915261	0.28240022	1.1280586	20.254831	1
18180	P4HA1	0.57358855	1.0881218	0.923633	44.55244	1
18206	FUT11	0.058802284	0.11313821	0.94296527	6.8282495	1
18286	ANXA11	0.07792419	0.13660228	0.8090439	6.6146665	1
18328	LDB3	0.003041278	0.025117105	3.0049791	6.3413334	1
18352	PAPSS2	0.04840679	0.14328897	1.5636754	17.75958	1
18353	ATAD1	0.17338265	0.26351893	0.60366243	8.043314	1
18355	PTEN	0.5381522	0.99944466	0.8929886	44.55244	1
18374	IFIT3	0.12465109	0.20040283	0.68457013	7.309035	1
18396	ANKRD1	0.004021841	0.032147434	2.9678237	7.484843	1
18420	MYOF	0.039861407	0.10047812	1.3316371	10.240683	1
18423	RBP4	0.004249348	0.026934655	2.6359391	5.5662045	1
18475	PGAM1	0.2731357	0.5178211	0.9225864	31.841919	1
18486	MARVELD1	0.16271503	0.23335008	0.51988024	5.568272	1
18492	R3HCC1L	0.061282013	0.10786468	0.8146715	5.28306	1
18551	DPCD	0.13471004	0.24551272	0.8654573	12.792301	1
18557	NPM3	0.12945022	0.20654723	0.67365855	7.5600953	1
18565	NOLC1	0.16205604	0.23369983	0.5278911	5.694784	1
18568	GBF1	0.085601136	0.1612313	0.91264004	9.083163	1
18570	PSD	0.071734615	0.15409462	1.1020013	11.878376	1
18571	FBXL15	0.08372474	0.14819272	0.82299984	7.3721585	1
18579	TRIM8	0.14830373	0.24811704	0.7420748	10.423969	1
18597	PDCD11	0.12866817	0.18937618	0.55724037	5.040789	1
18607	SH3PXD2A	0.18868198	0.29798838	0.659019	10.511475	1
18611	STN1	0.050208967	0.11602599	1.2068034	10.0838175	1
18616	GSTO1	0.38092396	0.555329	0.54372096	15.258165	1
18639	MXI1	0.11076862	0.16827613	0.6028365	5.0254173	1
18652	SHOC2	0.10980086	0.16691369	0.60376364	5.092988	1
18729	DENND10	0.20480786	0.32669675	0.6734182	11.904091	1
18740	SEC23IP	0.115247294	0.1731938	0.5872358	5.197665	1
18765	HTRA1	0.50901145	0.7383407	0.5365005	18.938055	1
18778	BUB3	0.2083765	0.2971737	0.51190704	6.960203	1
18797	ABRAXAS2	0.0983847	0.1551522	0.6566422	5.3555775	1
18812	UROS	0.25751802	0.37378678	0.53736794	9.588481	1
18817	ADAM12	0.11914348	0.18519284	0.63589674	5.8051367	1
18841	MGMT	0.32034153	0.52181304	0.70374846	21.745668	1
18861	BNIP3	0.41673812	0.89408463	1.1010855	44.55244	1
18866	DPYSL4	0.071662575	0.12373063	0.7870646	5.6856647	1
18891	ZNF511	0.19674297	0.28478456	0.5333321	6.9606805	1
18892	CALY	0.026094632	0.06270415	1.2615888	5.957462	1
18895	FUOM	0.11983961	0.17960718	0.5833399	5.1539965	1
18916	RIC8A	0.09328421	0.16189323	0.794683	7.689974	1
18918	PSMD13	0.36331955	0.517468	0.51011246	12.884197	1
18925	IFITM1	0.01817003	0.06735409	1.884427	10.497371	1
18939	RNH1	0.26875684	0.42474312	0.6600921	15.617328	1
18947	MIR210HG	0.03460185	0.10983386	1.6635513	13.10085	1
18956	TMEM80	0.09401566	0.16067083	0.772499	7.140476	1
18970	CD151	0.1640998	0.26040784	0.66587436	9.344099	1
18972	TSPAN4	0.16972564	0.3029644	0.8355699	15.239203	1
18974	CHID1	0.26792744	0.46479884	0.7945362	23.325691	1
19003	CTSD	0.21073416	0.32018316	0.60323924	9.830568	1
19018	H19	0.8697851	1.2488751	0.521848	38.43035	1
19030	TSSC4	0.19012529	0.29895294	0.65269184	10.332624	1
19037	CDKN1C	0.7638437	1.1127982	0.5427833	34.77056	1
19040	PHLDA2	0.043205578	0.11688913	1.4337497	12.751008	1
19043	CARS	0.054791875	0.10282499	0.90692884	5.9479465	1
19154	CAVIN3	0.030045968	0.07160341	1.2500768	6.8029466	1
19166	ILK	0.27897334	0.39981154	0.51903665	9.6105995	1
19167	TAF10	0.30999616	0.45518893	0.5540668	12.55639	1
19174	MRPL17	0.24669366	0.45541513	0.8841936	25.934177	1
19240	SBF2	0.15607965	0.23061287	0.56289196	6.2806077	1
19273	PARVA	0.21484667	0.3127607	0.5415417	8.107576	1
19316	NUCB2	0.2511199	0.3650628	0.539589	9.006373	1
19341	LDHA	0.934721	1.5931273	0.7691901	44.55244	1
19349	SPTY2D1	0.15086825	0.21610184	0.51813364	5.079951	1
19406	FIBIN	0.3687279	0.23610894	-0.6428842	11.422742	1
19452	WT1	0.05827691	0.112317406	0.9453956	6.8665247	1
19463	HIPK3	0.086231545	0.14636621	0.7626081	6.4772553	1
19526	API5	0.13730358	0.22620405	0.7198428	9.087139	1
19528	TTC17	0.19956578	0.2832895	0.505199	6.435956	1
19534	HSD17B12	0.2115076	0.30219463	0.5145638	7.064309	1
19540	C11orf96	0.20187666	0.39106897	0.9536033	22.078362	1
19588	CREB3L1	0.046767738	0.109003805	1.2190343	9.536271	1
19601	LRP4	0.02088593	0.061069343	1.5433865	7.8841496	1
19603	C11orf49	0.08683386	0.1389924	0.67805356	5.1370707	1
19607	PACSIN3	0.0641	0.12996005	1.0185326	8.678699	1
19622	NDUFS3	0.33888915	0.48083052	0.5045894	11.471033	1
19630	FNBP4	0.39654845	0.56972265	0.52265215	14.468888	1
19704	TNKS1BP1	0.08985988	0.14301626	0.669834	5.225215	1
19706	SSRP1	0.24779938	0.3567321	0.5254907	8.739303	1
19716	UBE2L6	0.16173144	0.23948838	0.566066	6.455462	1
19717	SERPING1	0.21847944	0.3127555	0.51733863	7.383263	1
19722	MED19	0.17666888	0.27333465	0.6293317	8.678905	1
19809	TMEM109	0.07462383	0.12314085	0.72184014	5.02873	1
19860	AHNAK	0.47267228	0.6990749	0.5645081	20.016047	1
19869	B3GAT3	0.14868988	0.2580529	0.79494923	12.153533	1
19878	BSCL2	0.116074026	0.19304077	0.73336524	7.9153647	1
19886	TMEM223	0.20792764	0.32779732	0.6564688	11.259489	1
19888	TMEM179B	0.15900147	0.25857	0.70116544	10.036659	1
19890	STX5	0.13052851	0.20272583	0.63477165	6.6757584	1
19895	SNHG1	0.20917252	0.30469224	0.5424433	7.7034245	1
19896	SLC3A2	0.23260127	0.36484784	0.6492111	12.483909	1
19930	NUDT22	0.077289045	0.14119971	0.8685572	7.556035	1
19932	DNAJC4	0.18098274	0.30409497	0.74834716	13.006683	1
19933	VEGFB	0.2957474	0.42351285	0.5178932	10.150784	1
19940	BAD	0.27260378	0.4074012	0.5794696	11.47049	1
19973	ARL2	0.21924481	0.31506926	0.52292615	7.55285	1
20006	LTBP3	0.14367674	0.23077352	0.6832724	8.323006	1
20008	ZNRD2	0.11713504	0.19631156	0.744476	8.129137	1
20018	RNASEH2C	0.31960854	0.4587847	0.52137446	11.328628	1
20027	EFEMP2	0.32009566	0.5605238	0.8080793	28.710001	1
20029	FIBP	0.32459486	0.49138373	0.5980592	15.484283	1
20030	CCDC85B	0.29090506	0.44334948	0.6077256	13.989277	1
20044	PACS1	0.11714486	0.18522689	0.6605475	6.5564246	1
20050	RAB1B	0.14490697	0.2245357	0.6314651	7.4388394	1
20054	YIF1A	0.23435843	0.38332316	0.70960534	15.463704	1
20057	CD248	0.18647628	0.36902404	0.9843401	24.288122	1
20077	CCS	0.29754168	0.42590317	0.5172877	10.211394	1
20092	ANKRD13D	0.106112786	0.18618473	0.810552	8.802416	1
20096	POLD4	0.2068124	0.3436489	0.73233503	14.127451	1
20103	RPS6KB2	0.14754963	0.23937596	0.69770306	8.995429	1
20109	TMEM134	0.21026587	0.3139934	0.57829285	8.775855	1
20132	C11orf24	0.050839942	0.094014585	0.88562095	5.202961	1
20161	CCND1	0.5156945	0.86372054	0.7439352	42.13914	1
20177	PPFIA1	0.19870782	0.28862387	0.5383158	7.1977854	1
20209	NUMA1	0.35421818	0.5174748	0.5467219	14.135747	1
20235	STARD10	0.05788687	0.109842345	0.922949	6.2981486	1
20256	PAAF1	0.073540054	0.1406242	0.9343078	8.2959175	1
20357	TENM4	0.067750886	0.12755089	0.911764	7.2968745	1
20371	PRCP	0.16102342	0.32424176	1.0093485	21.80882	1
20391	CREBZF	0.21785405	0.32581204	0.5804586	9.360565	1
20396	PICALM	0.16711828	0.23736931	0.5060085	5.426694	1
20405	PRSS23	0.1516798	0.26295006	0.79335755	11.617295	1
20407	AP001528.1	0.04793081	0.10833388	1.1747836	8.549797	1
20417	CTSC	0.5623446	0.93814117	0.73824775	41.744904	1
20439	FAT3	0.19784296	0.098821454	-1.0007294	12.215207	1
20476	ENDOD1	0.1131054	0.20705312	0.87175477	10.986627	1
20498	ARHGAP42	0.15941037	0.2299538	0.528321	5.50955	1
20510	BIRC2	0.18053573	0.25760126	0.51261616	5.978729	1
20511	TMEM123	0.29324454	0.41863683	0.51344776	9.607806	1
20521	MMP1	0.0693148	0.015108918	-2.190326	13.789923	1
20527	DYNC2H1	0.14636186	0.21394935	0.5474185	5.478818	1
20534	CASP4	0.0435792	0.09515037	1.1247783	7.6536145	1
20563	ATM	0.24516058	0.3596967	0.5528664	9.772666	1
20593	LAYN	0.04353078	0.12654895	1.5374168	14.948026	1
20604	DIXDC1	0.10638051	0.1708722	0.6831724	6.207852	1
20608	NKAPD1	0.21996057	0.31152245	0.5018984	6.969356	1
20676	APOA1	0.005512461	0.026727322	2.2569978	5.069916	1
20682	TAGLN	0.12350567	0.22953565	0.8936018	11.286025	1
20683	PCSK7	0.14526464	0.233576	0.68483317	8.703834	1
20688	CEP164	0.11719258	0.20337382	0.7947314	9.368973	1
20719	PHLDB1	0.08452054	0.1503912	0.83059937	7.4697604	1
20735	TRAPPC4	0.17858991	0.27133235	0.6031345	8.246679	1
20774	OAF	0.14453556	0.21591358	0.57869977	5.892695	1
20778	ARHGEF12	0.23120762	0.33228698	0.523051	8.082045	1
20783	SC5D	0.14433226	0.22972834	0.6701637	8.038894	1
20785	SORL1	0.015753483	0.043864958	1.4715543	5.433788	1
20801	CLMP	0.09841372	0.20055959	1.0263536	12.121144	1
20860	FEZ1	0.06808046	0.16450876	1.2716107	15.200933	1
20889	DCPS	0.03467326	0.074359156	1.098471	5.80432	1
20904	ETS1	0.1861699	0.28360033	0.6069732	8.613309	1
20937	NTM	0.17340627	0.3211294	0.8886161	14.826599	1
21025	FKBP4	0.14101294	0.20886743	0.5664278	5.63611	1
21033	TULP3	0.09726565	0.15230168	0.646394	5.152169	1
21087	LTBR	0.07587637	0.15055937	0.9876676	9.517648	1
21107	ING4	0.20045376	0.29515165	0.5579561	7.7619987	1
21117	CD4	0.03622126	0.1231379	1.7625599	17.6598	1
21119	P3H3	0.10165996	0.19484322	0.9378839	11.676642	1
21123	TPI1	1.3108549	1.9398196	0.5653787	44.55244	1
21127	ENO2	0.032796215	0.11741077	1.8367994	16.22082	1
21137	C1S	0.022622814	0.07529037	1.7302387	10.443688	1
21158	SLC2A3	0.094188705	0.20975263	1.1542196	16.21741	1
21163	NECAP1	0.09126493	0.14501083	0.66744274	5.263973	1
21189	M6PR	0.2765107	0.4329232	0.6465875	15.292477	1
21194	A2M	0.069728956	0.121116765	0.7956919	5.6887784	1
21225	GABARAPL1	0.13014881	0.20994024	0.68939555	7.9101205	1
21311	WBP11	0.28151122	0.40205917	0.5140618	9.5845995	1
21319	ARHGDIB	0.098356195	0.18868676	0.93920374	11.282302	1
21326	EPS8	0.062395904	0.11560819	0.8886574	6.315727	1
21331	MGST1	0.19229864	0.12820004	-0.58457696	5.2682853	1
21355	PDE3A	0.1378529	0.25019455	0.8594509	12.735696	1
21363	RECQL	0.11111297	0.16837732	0.59922945	5.011445	1
21375	ST8SIA1	0.014127404	0.04252684	1.5830898	5.661605	1
21392	BCAT1	0.20257448	0.31758332	0.64842486	10.769548	1
21442	MRPS35	0.18841687	0.2865792	0.6047435	8.665971	1
21479	SINHCAF	0.14693114	0.23054251	0.64953667	7.773221	1
21491	RESF1	0.17299111	0.2807533	0.6982851	10.503605	1
21519	CPNE8	0.063830495	0.1263826	0.98436284	7.9525905	1
21522	KIF21A	0.06039785	0.11883664	0.9752375	7.6194224	1
21543	PPHLN1	0.2543768	0.36567226	0.5234116	8.902703	1
21558	TWF1	0.20278226	0.30985802	0.6114301	9.546595	1
21576	SLC38A2	0.25087363	0.45196396	0.84899116	24.311367	1
21592	RPAP3	0.121769704	0.18147913	0.5752588	5.073796	1
21615	PFKM	0.11847839	0.17782953	0.58546495	5.0956078	1
21618	CCDC184	0.015456856	0.046055477	1.5689514	6.2822895	1
21667	SPATS2	0.36817294	0.52877444	0.52215	13.509804	1
21699	LARP4	0.13611497	0.20759712	0.60859597	6.392194	1
21713	DAZAP2	0.19087553	0.27765515	0.54042584	6.977233	1
21730	GRASP	0.09473385	0.15616623	0.72053206	6.187464	1
21733	ATG101	0.12633221	0.20648511	0.70837224	8.1213045	1
21772	KRT8	0.11466681	0.37297314	1.700753	44.55244	1
21773	KRT18	0.15961795	0.37011904	1.2128526	32.131542	1
21791	C12orf10	0.18393861	0.27782446	0.5946843	8.26588	1
21796	PRR13	0.1724103	0.25241438	0.5496829	6.6350493	1
21807	CALCOCO1	0.18516459	0.26535198	0.5188637	6.2464776	1
21887	PYM1	0.111524925	0.17900611	0.6821554	6.569252	1
21946	NAB2	0.15857422	0.25807747	0.7022953	10.078376	1
21948	LRP1	0.2894142	0.44702065	0.6270301	15.071589	1
21952	SHMT2	0.13776526	0.20629108	0.5821217	5.9219313	1
21960	GLI1	0.0011186666	0.02069998	4.093207	6.6273737	1
21966	DCTN2	0.3432101	0.51177096	0.57626796	15.255823	1
21979	CDK4	0.53371876	0.77944016	0.54627335	24.615799	1
22065	HELB	0.0237902	0.057673465	1.2739882	5.5498896	1
22125	ZFC3H1	0.21287	0.30839384	0.5345913	7.556677	1
22131	TBC1D15	0.15580273	0.22793286	0.5485956	5.8365893	1
22161	PHLDA1	0.13410878	0.29086143	1.1163487	21.753574	1
22171	CSRP2	0.35608968	0.5327321	0.5810355	13.989539	1
22224	RASSF9	0.032360822	0.09209735	1.5060257	10.316721	1
22249	ATP2B1-AS1	0.14913902	0.27402672	0.8772181	14.425071	1
22262	LUM	0.70259273	1.2668183	0.8503576	44.55244	1
22263	DCN	0.23517233	0.35284272	0.5851024	9.000804	1
22273	BTG1	0.7995417	1.162769	0.5402629	38.43949	1
22341	IKBIP	0.18659446	0.34169778	0.8724639	18.512476	1
22350	ACTR6	0.13151076	0.19807059	0.5904653	5.751954	1
22361	ARL1	0.26214093	0.38463458	0.55297065	10.415586	1
22416	C12orf75	0.06043688	0.12330628	1.0275296	8.242092	1
22436	TMEM263	0.23859824	0.39865372	0.74030995	17.148962	1
22489	ATP2A2	0.15970723	0.24048999	0.59024394	7.045127	1
22493	FAM216A	0.04229349	0.112779625	1.4128705	11.834478	1
22497	TCTN1	0.078576945	0.13204375	0.7480954	5.6479383	1
22513	ALDH2	0.15621561	0.25738633	0.7200339	10.241167	1
22535	RITA1	0.031747736	0.07594416	1.2556467	7.248707	1
22556	TBX3	0.110522084	0.34752	1.6518716	44.075317	1
22650	COQ5	0.07888117	0.13292554	0.75212264	5.690834	1
22655	MLEC	0.5065827	0.76501805	0.5945998	26.111214	1
22674	ANAPC5	0.31440532	0.47003254	0.5799832	13.824952	1
22679	ORAI1	0.076164044	0.12742588	0.7417151	5.3910356	1
22697	MLXIP	0.25884083	0.37031478	0.5165192	8.864786	1
22722	ARL6IP4	0.71069753	1.0329454	0.539393	35.36788	1
22734	RILPL1	0.105805516	0.17070398	0.6895638	6.3761473	1
22759	NCOR2	0.16636029	0.26209068	0.65543824	9.020687	1
22888	GOLGA3	0.20177051	0.29427344	0.5442172	7.6335173	1
22937	LATS2	0.033331815	0.070928104	1.0871682	5.6286917	1
22986	NUP58	0.16588369	0.23686329	0.51362205	5.5464816	1
22987	ATP8A2	0.02396679	0.063228816	1.3958185	7.0078564	1
23021	FLT1	0.061399918	0.19288503	1.6498325	23.532625	1
23028	UBL3	0.19298655	0.30191085	0.64535266	9.963697	1
23070	STARD13	0.1271969	0.19878295	0.64372236	6.5681095	1
23099	SMAD9	0.24638355	0.48870596	0.9877705	32.342903	1
23101	ALG5	0.13256411	0.20653716	0.6393215	6.9593596	1
23102	EXOSC8	0.1585357	0.2267471	0.5160027	5.367156	1
23121	LHFPL6	0.20796794	0.32388505	0.6388725	10.580536	1
23122	COG6	0.06332756	0.122905865	0.95554537	7.7636924	1
23125	FOXO1	0.023979958	0.06776497	1.4948342	7.9377637	1
23129	ELF1	0.10185865	0.16571826	0.7016187	6.4260535	1
23137	RGCC	0.08156811	0.036323868	-1.1648886	6.4867487	1
23140	DGKH	0.12069574	0.21699703	0.84577036	10.60551	1
23159	LACC1	0.029934991	0.06428311	1.1000382	5.2155156	1
23182	TPT1-AS1	0.17124316	0.26130506	0.60939837	7.929513	1
23203	ESD	0.6993857	0.9908036	0.50245017	28.594206	1
23273	SUGT1	0.33695525	0.47743136	0.5026104	11.17114	1
23295	PCDH17	0.3194755	0.4937178	0.62782204	15.194295	1
23341	DACH1	0.059718158	0.22947231	1.9402933	33.00603	1
23344	DIS3	0.16453157	0.23459573	0.5115506	5.407028	1
23374	CLN5	0.14796102	0.21447952	0.53532046	5.2606587	1
23426	SLITRK6	0.160283	0.2657904	0.7293104	9.69837	1
23481	UGGT2	0.11197835	0.17470056	0.6412022	5.778595	1
23486	MBNL2	0.09055717	0.1592913	0.81407976	7.5996075	1
23533	TMTC4	0.08843379	0.2000026	1.1764398	16.431387	1
23545	TPP2	0.11006288	0.17144714	0.6389669	5.6154246	1
23553	ERCC5	0.14472201	0.21071076	0.54166764	5.3119006	1
23605	COL4A1	0.45119905	0.8909745	0.9814624	44.55244	1
23606	COL4A2	0.5158585	1.0186812	0.9815173	44.55244	1
23651	F10	0.030755652	0.08212065	1.4139661	8.383003	1
23681	RASA3	0.031135725	0.07717096	1.3067294	7.74387	1
23688	CHAMP1	0.082183346	0.13960528	0.76371413	6.209816	1
23726	CCNB1IP1	0.29638067	0.48903945	0.72230774	20.84819	1
23782	TOX4	0.28624257	0.45569324	0.67063737	17.007624	1
23926	OXA1L	0.28498644	0.4645392	0.7047115	18.81412	1
23944	C14orf119	0.2659293	0.38162595	0.52095205	9.454888	1
23955	EFS	0.0934231	0.14691024	0.6525219	5.0171123	1
23959	MYH6	0.008791116	0.12315787	3.7931714	31.950172	1
23960	MYH7	0.0018335447	0.05215861	4.7563486	14.877671	1
23975	DHRS4-AS1	0.09423515	0.15298502	0.6984658	5.731122	1
23999	MDP1	0.14130539	0.21501084	0.60524315	6.4643574	1
24001	GMPR2	0.122546785	0.19031508	0.63463837	6.216952	1
24060	SCFD1	0.23313217	0.36865187	0.6608835	13.254699	1
24072	NUBPL	0.067702256	0.12319283	0.8626837	6.5223503	1
24087	EGLN3	0.15452738	0.24379782	0.657481	7.925013	1
24103	NFKBIA	0.25637394	0.4078552	0.6695986	14.409311	1
24142	SEC23A	0.16140515	0.23977484	0.5707017	6.551869	1
24172	TOGARAM1	0.09590983	0.16700304	0.7994839	7.8343754	1
24201	KLHDC2	0.22365043	0.32311502	0.53060377	7.9837236	1
24214	MAP4K5	0.24570039	0.35664725	0.537415	8.991877	1
24253	ERO1A	0.06964886	0.13996713	1.0058769	8.901478	1
24254	AL133453.1	0.03766514	0.09159096	1.2797244	8.452594	1
24263	DDHD1	0.104336485	0.1863183	0.8359176	9.296298	1
24273	CNIH1	0.26264232	0.39064884	0.57259303	11.144145	1
24283	LGALS3	0.036892056	0.09213672	1.3181256	8.454275	1
24326	ARID4A	0.2280201	0.330483	0.5352189	8.172509	1
24330	TIMM9	0.19449817	0.28379387	0.5448535	7.4194994	1
24332	DACT1	0.05486547	0.10376226	0.9180741	6.0032945	1
24366	SNAPC1	0.09159576	0.1764497	0.9451474	10.441916	1
24391	ZBTB1	0.23238471	0.3375591	0.5384316	8.450848	1
24420	ATP6V1D	0.201511	0.29423505	0.545885	7.626489	1
24421	EIF2S1	0.15170683	0.25651225	0.7573533	11.129113	1
24537	ISCA2	0.16546011	0.23658724	0.51562685	5.543248	1
24562	JDP2	0.03916096	0.08163589	1.0578742	5.9994464	1
24579	VASH1	0.097196534	0.16887954	0.7963882	8.051033	1
24605	VIPAS39	0.05682897	0.10437609	0.875938	5.7113504	1
24636	SEL1L	0.20220236	0.30869344	0.6101289	9.532187	1
24652	FLRT2	0.22473364	0.36726904	0.7083722	13.403086	1
24712	RPS6KA5	0.16859925	0.29453838	0.80449176	13.156559	1
24734	GOLGA5	0.09264291	0.14966817	0.69142216	5.6846256	1
24755	DDX24	0.6607653	0.9354422	0.50144655	26.28822	1
24756	IFI27L1	0.100355856	0.15993753	0.67184854	5.8134317	1
24758	IFI27L2	0.2471209	0.43863776	0.82755816	22.615791	1
24762	SERPINA1	0.0031229656	0.05758034	4.161619	15.918697	1
24795	C14orf132	0.03213624	0.068675116	1.0932032	5.1420217	1
24865	DLK1	0.29649654	1.0709698	1.852479	44.55244	1
24866	MEG3	0.87578434	1.2930508	0.5620782	38.17004	1
24869	MEG8	0.18590757	0.35374594	0.92775995	19.962618	1
24906	CDC42BPB	0.30055508	0.44553736	0.5677608	12.567085	1
25234	SNRPN	0.41004938	0.6602997	0.6871902	27.486282	1
25344	GOLGA8A	0.17066067	0.26795083	0.6505307	8.766002	1
25350	ACTC1	0.020101802	0.24688405	3.611862	44.55244	1
25352	ZNF770	0.22401534	0.3186251	0.5080711	7.261842	1
25390	THBS1	0.06888622	0.16275884	1.2392418	13.942304	1
25427	CCDC32	0.17299911	0.24658532	0.5110735	5.729603	1
25428	RPUSD2	0.02614568	0.060206644	1.2002372	5.3080435	1
25463	TYRO3	0.057146	0.112342425	0.9739396	7.1668243	1
25465	MGA	0.16573851	0.23835011	0.5239084	5.7568355	1
25593	FBN1	0.41480204	0.6944956	0.7434026	31.75876	1
25607	COPS2	0.3553602	0.5130165	0.52959853	13.278413	1
25609	FAM227B	0.020382507	0.05045683	1.3035138	5.1278615	1
25619	GABPB1-IT1	0.14446265	0.23438948	0.6978284	8.83732	1
25649	TMOD3	0.3040727	0.46129715	0.60111845	14.416605	1
25653	LEO1	0.23458748	0.33530033	0.51514316	7.6503773	1
25678	UNC13C	0.02222351	0.06093235	1.4510103	7.045967	1
25684	PIGBOS1	0.13206348	0.20146453	0.60891825	6.090157	1
25730	ADAM10	0.19010177	0.2881325	0.59970224	8.569934	1
25736	RNF111	0.080673315	0.13866968	0.7807418	6.3545938	1
25742	MYO1E	0.043573692	0.09822373	1.1707752	8.155104	1
25750	BNIP2	0.13296479	0.19527203	0.5540951	5.190829	1
25790	TPM1	0.91490656	1.7479028	0.93385345	44.55244	1
25805	HERC1	0.1782107	0.26232365	0.55750436	6.9483666	1
25833	RASL12	0.0229813	0.054104373	1.2316848	5.1367183	1
25841	IGDCC3	0.63136196	0.91159713	0.5298588	24.957226	1
25844	HACD3	0.47780067	0.7063745	0.5639268	22.16213	1
25863	SMAD6	0.03356786	0.15331425	2.1879885	26.476896	1
25864	AC013564.1	0.001867548	0.022378422	3.51407	6.511379	1
25869	SMAD3	0.11205287	0.17767209	0.66456217	6.152552	1
25880	PIAS1	0.20437978	0.3272826	0.67901945	11.968294	1
25885	ITGA11	0.017765341	0.062920704	1.8186624	9.80338	1
25908	TLE3	0.028099047	0.11541531	2.0343657	18.348312	1
25936	PKM	0.58601356	0.94913256	0.6955813	41.46858	1
25940	HEXA	0.13215809	0.22530317	0.7691519	10.134866	1
25955	NEO1	0.24183723	0.35219863	0.542166	8.96304	1
25969	LOXL1	0.15108109	0.24261378	0.6829783	8.940914	1
26006	RPP25	0.0160928	0.05156298	1.6737784	6.674628	1
26019	SIN3A	0.12163296	0.1889644	0.6351578	6.2476964	1
26022	SNUPN	0.11737003	0.1794942	0.61244804	5.5289016	1
26025	IMP3	0.19879037	0.3214672	0.6931467	12.23887	1
26052	PEAK1	0.12522797	0.19907595	0.668335	7.0410647	1
26092	TMED3	0.16935706	0.3066366	0.8560805	16.225325	1
26181	NMB	0.03356174	0.06996557	1.0575958	5.249181	1
26190	PDE8A	0.03857112	0.077014714	0.99574965	5.3063188	1
26213	MRPL46	0.09889352	0.15828913	0.6780673	5.733406	1
26222	MFGE8	0.14682662	0.23726669	0.6920216	8.767694	1
26251	IDH2	0.26996472	0.42518392	0.65512115	15.267792	1
26254	CIB1	0.15254301	0.22759101	0.57691586	6.367623	1
26257	NGRN	0.45965236	0.70563525	0.6182701	25.808277	1
26377	SYNM	0.08823534	0.21493588	1.2835147	17.978912	1
26414	CHSY1	0.16209434	0.2667711	0.71841955	10.638966	1
26435	MPG	0.24438266	0.38963914	0.6727765	14.695827	1
26436	NPRL3	0.07973479	0.14740634	0.88568753	7.974642	1
26446	FAM234A	0.07819755	0.13347803	0.7706437	6.0984287	1
26453	NME4	0.791675	1.1621267	0.5537291	43.70734	1
26465	METTL26	0.31028923	0.446601	0.52523106	11.338175	1
26473	STUB1	0.40761247	0.5939568	0.5430489	16.65927	1
26534	IFT140	0.02917043	0.06879438	1.2349424	6.304779	1
26536	TMEM204	0.108184054	0.17763808	0.71493196	6.9792647	1
26547	MRPS34	0.35315257	0.5223171	0.5645021	15.2106085	1
26550	NUBP2	0.13822941	0.21585003	0.6425895	7.139433	1
26553	FAHD1	0.13074307	0.19249612	0.5577411	5.0546036	1
26561	NDUFB10	0.61380064	0.881654	0.52237105	26.28466	1
26573	NPW	0.3853293	0.78293	1.0226015	44.55244	1
26574	SLC9A3R2	0.27371216	0.39469925	0.5279327	9.759273	1
26588	PGP	0.16194414	0.23687597	0.5483539	6.1278214	1
26610	PDPK1	0.09121096	0.1558293	0.772032	6.910018	1
26632	FLYWCH2	0.22370037	0.31719497	0.50361216	7.18482	1
26645	HCFC1R1	0.18086909	0.3156936	0.80323845	15.089189	1
26658	AC108134.2	0.0198554	0.05920095	1.5712761	6.809766	1
26703	NMRAL1	0.062565655	0.11948699	0.9323135	7.1800656	1
26722	UBN1	0.17659013	0.2699464	0.61198574	8.444991	1
26754	CARHSP1	0.2770754	0.39508373	0.5117243	9.296275	1
26778	EMP2	0.051780347	0.12487681	1.2684003	11.492118	1
26787	DEXI	0.1407508	0.21617098	0.6186724	6.743309	1
26794	SOCS1	0.17981839	0.3286954	0.8698473	16.921728	1
26808	ZC3H7A	0.19932547	0.2901903	0.5416466	7.3687973	1
26848	BFAR	0.21822275	0.3099966	0.50625515	6.9800043	1
26860	NTAN1	0.24389909	0.3750403	0.62055445	12.106205	1
26969	UQCRC2	0.35083914	0.5078846	0.53356403	13.289822	1
26999	GGA2	0.105275184	0.16527346	0.65019256	5.641091	1
27013	PRKCB	0.0045516635	0.025195623	2.4430692	5.8172483	1
27017	RBBP6	0.33578715	0.47804773	0.5094799	11.426117	1
27026	LCMT1	0.11595029	0.2000934	0.78664434	9.277061	1
27033	HS3ST4	0.04714982	0.09567796	1.0193849	6.591736	1
27113	PRRT2	0.05589533	0.108538695	0.9561596	6.6196213	1
27114	PAGR1	0.16952322	0.25502503	0.5888706	7.557638	1
27118	SEZ6L2	0.36144403	0.6055903	0.744409	28.018648	1
27119	ASPHD1	0.007301972	0.03266658	2.1462436	6.432423	1
27122	TMEM219	0.31517017	0.48172015	0.6119061	15.947033	1
27130	ALDOA	0.02585805	0.067024924	1.3706665	6.77638	1
27134	YPEL3	0.1719353	0.27961373	0.7012464	10.702436	1
27139	MAPK3	0.06531972	0.12066973	0.88446146	6.7184134	1
27146	CD2BP2	0.1774644	0.26814198	0.59519273	8.114638	1
27155	SEPHS2	0.17835245	0.25464135	0.5134934	5.9116035	1
27185	ORAI3	0.09585334	0.16313705	0.7665636	7.1605735	1
27197	VKORC1	0.33554927	0.68819016	1.0360626	44.55244	1
27198	BCKDK	0.11454524	0.2338848	1.0292383	16.121113	1
27222	TGFB1I1	0.25770542	0.4658562	0.8539117	25.451311	1
27233	ZNF720	0.11631835	0.177767	0.6114803	5.518198	1
27311	ITFG1	0.12730864	0.19563594	0.61944556	6.1918674	1
27326	N4BP1	0.18171446	0.27571005	0.60120803	8.23338	1
27386	TOX3	0.09537171	0.15393014	0.69006747	5.269402	1
27427	MMP2	0.52060413	0.85745287	0.7197618	41.773563	1
27430	LPCAT2	0.03187649	0.0914886	1.5181564	10.99591	1
27438	GNAO1	0.037179638	0.08780776	1.2376027	7.7177677	1
27464	HERPUD1	0.1737855	0.28253323	0.7007935	10.746781	1
27482	CIAPIN1	0.17495345	0.25543433	0.5457216	6.551994	1
27484	POLR2C	0.19318362	0.32020676	0.72873485	13.129595	1
27485	DOK4	0.09692731	0.26477435	1.4488453	29.82405	1
27505	CSNK2A2	0.22690998	0.32454446	0.5161048	7.6046143	1
27538	CDH11	0.86297905	1.2342354	0.51616985	39.66973	1
27547	CDH5	0.02844926	0.0068214745	-2.044302	5.411579	1
27567	NAE1	0.17942376	0.27105126	0.59492296	8.117414	1
27583	NOL3	0.038385596	0.098041564	1.3505456	9.568771	1
27589	TMEM208	0.24035223	0.38782963	0.69004464	15.190143	1
27678	NQO1	0.086549565	0.16741838	0.95105493	10.157424	1
27681	NOB1	0.15139376	0.2534944	0.7432645	10.635503	1
27728	IST1	0.24635732	0.3493349	0.5036858	7.9185114	1
27765	GLG1	0.45557594	0.6666803	0.54920334	19.598192	1
27878	CDH13	0.11080507	0.21694289	0.9686549	12.959728	1
27911	COTL1	0.25123903	0.36016518	0.5194245	8.6135025	1
27916	CRISPLD2	0.09272567	0.15463613	0.7372143	6.2243123	1
27925	GSE1	0.24874952	0.42163375	0.7610588	18.936546	1
27961	FOXC2	0.018097172	0.08133112	2.161866	13.675883	1
28007	ZFPM1	0.10228129	0.18114197	0.823965	8.776732	1
28011	CYBA	0.2986909	0.50039726	0.74422616	22.689724	1
28094	VPS53	0.09531196	0.15084396	0.66177106	5.3996882	1
28149	TSR1	0.11091789	0.18643488	0.74865323	7.962073	1
28156	PAFAH1B1	0.45349303	0.6500122	0.5192903	17.276693	1
28235	ENO3	0.005120553	0.028570114	2.4572732	6.2019916	1
28278	MED31	0.1220912	0.19192015	0.6521174	6.435586	1
28290	C17orf49	0.35850406	0.5344325	0.5758859	16.026058	1
28297	ASGR1	0.08160506	0.13915808	0.7692637	6.0864916	1
28299	ACADVL	0.22320448	0.32187134	0.52792007	7.995558	1
28301	PHF23	0.2671064	0.39553875	0.5662291	11.0428095	1
28303	CTDNEP1	0.32729948	0.47297028	0.5310025	12.209017	1
28317	PLSCR3	0.10697364	0.16769297	0.648079	5.783554	1
28318	TMEM256	0.29912138	0.48824513	0.7066878	20.05089	1
28325	FGF11	0.036723506	0.090795524	1.3035822	8.4989195	1
28366	TMEM107	0.068463944	0.12439335	0.86054665	6.588286	1
28412	GAS7	0.06790395	0.13532872	0.9938433	8.880016	1
28441	MAP2K4	0.13390909	0.21425249	0.67765427	7.7296567	1
28474	PMP22	0.11246207	0.2613685	1.2159163	22.69818	1
28481	CDRT4	0.014887115	0.04333089	1.5349989	5.5070963	1
28589	EPN2	0.27995968	0.41145805	0.5553617	11.053559	1
28676	TMEM97	0.12508099	0.18640442	0.57519436	5.1209245	1
28677	IFT20	0.23125406	0.3340627	0.53044826	8.228678	1
28679	POLDIP2	0.11425718	0.18830477	0.7202885	7.6091704	1
28692	PIGS	0.090520434	0.14568086	0.685893	5.4758835	1
28693	ALDOC	0.030358888	0.096246675	1.6613716	12.197267	1
28706	RAB34	0.44945812	0.68700683	0.6120268	24.233168	1
28765	GOSR1	0.26821503	0.38185176	0.5094626	8.920579	1
28831	TMEM98	0.3180737	0.52272016	0.7165004	22.033266	1
28864	ZNF830	0.14513074	0.2131263	0.5540385	5.558993	1
28928	ZNHIT3	0.22352026	0.33103773	0.56638044	9.1988325	1
28931	GGNBP2	0.32357776	0.4752187	0.55433697	13.106538	1
28981	CWC25	0.14945994	0.22344767	0.57985866	6.1924586	1
29000	MED1	0.16976514	0.24825108	0.5479912	6.4063416	1
29020	PSMD3	0.20422569	0.31504512	0.6251456	10.200624	1
29031	RARA	0.10204553	0.16540502	0.6962489	6.301128	1
29117	P3H4	0.20063029	0.29455385	0.5537626	7.787176	1
29118	FKBP10	0.38161615	0.591179	0.63133895	21.2211	1
29128	NKIRAS2	0.15980284	0.23737083	0.5705548	6.506545	1
29144	STAT3	0.3136547	0.5136853	0.71152866	21.612106	1
29152	COASY	0.056318704	0.10341816	0.87563837	5.750505	1
29172	BECN1	0.08109266	0.13466682	0.73104393	5.4539514	1
29183	VAT1	0.14133427	0.24571781	0.7974577	11.617505	1
29188	NBR1	0.15618873	0.23009664	0.5586531	6.2295914	1
29192	ARL4D	0.027158584	0.088441536	1.6996439	11.750603	1
29199	DUSP3	0.038184054	0.08232314	1.1063057	6.446929	1
29212	TMEM101	0.1362607	0.23512568	0.78661764	10.565679	1
29215	HDAC5	0.08595681	0.13940743	0.6969806	5.3283515	1
29229	SLC25A39	0.18574066	0.2833493	0.6090244	8.708084	1
29231	GRN	0.25656858	0.3785981	0.56114143	10.772284	1
29236	FZD2	0.14505757	0.24128243	0.7337009	9.7174425	1
29239	CCDC43	0.099944934	0.17466329	0.8047541	8.194638	1
29283	MAPT	0.052858844	0.114287116	1.1109811	9.040397	1
29295	NSF	0.089375734	0.1455538	0.7029749	5.657376	1
29300	GOSR2	0.13472168	0.1976604	0.552701	5.222869	1
29302	AC005670.3	0.12521276	0.18619737	0.57207406	5.203185	1
29303	CDC27	0.15907243	0.23342334	0.55297625	6.187426	1
29306	MYL4	0.007612954	0.14640899	4.247562	37.81785	1
29319	MRPL10	0.15401876	0.24732436	0.6829451	8.985937	1
29321	SCRN2	0.09384042	0.1707917	0.8632644	8.9810095	1
29332	CDK5RAP3	0.13115785	0.19936228	0.60371226	6.103061	1
29334	COPZ2	0.06320253	0.14514922	1.1981953	12.419692	1
29336	NFE2L1	0.15466452	0.2540025	0.71533585	10.048299	1
29358	HOXB9	0.15199074	0.24082854	0.663673	8.267083	1
29360	AC103702.2	0.17724812	0.30176663	0.76732713	13.067695	1
29363	PRAC2	0.025156362	0.065902315	1.3858697	6.731191	1
29364	HOXB13	0.032316	0.093816556	1.5346735	11.302307	1
29367	CALCOCO2	0.2480257	0.4034466	0.70166415	15.773142	1
29388	NGFR	0.0107271345	0.041762132	1.9509944	6.5292325	1
29392	SPOP	0.26598215	0.38581362	0.5364062	9.844537	1
29396	KAT7	0.11101395	0.16779846	0.595549	5.1232557	1
29417	COL1A1	1.6003764	2.2820444	0.51188856	44.55244	1
29425	LRRC59	0.15176697	0.2366813	0.640747	7.9318485	1
29505	MRPS23	0.1847446	0.267683	0.5347515	6.681658	1
29527	SUPT4H1	0.38591594	0.5758318	0.5772376	17.759071	1
29541	SKA2	0.17056452	0.24232872	0.5063974	5.530653	1
29546	YPEL2	0.06872791	0.1181905	0.78126854	5.385216	1
29572	BCAS3	0.041586764	0.0875811	1.0726764	6.4838605	1
29580	TBX2	0.5363441	0.8272828	0.625127	31.144777	1
29591	TLK2	0.20966928	0.30315456	0.5317259	7.430409	1
29595	MRC2	0.5115589	0.78822625	0.6236105	29.292154	1
29617	CCDC47	0.21920417	0.31564668	0.52583414	7.616078	1
29641	CEP95	0.16847387	0.25256222	0.5838289	7.1580014	1
29642	SMURF2	0.14871356	0.26113483	0.8118412	12.587229	1
29649	RGS9	0.03507326	0.07813369	1.1533108	6.671832	1
29687	WIPI1	0.046209916	0.093157776	1.009903	6.538014	1
29689	FAM20A	0.022712722	0.10013109	2.1354196	17.246813	1
29693	ABCA8	0.028831769	0.067738056	1.2294403	6.197785	1
29791	MRPS7	0.25517204	0.38876432	0.6072313	12.223162	1
29807	SAP30BP	0.17027004	0.2517571	0.5639336	6.72358	1
29811	GALK1	0.09128918	0.17257187	0.9179378	9.892349	1
29821	MRPL38	0.14852907	0.2142366	0.52816194	5.173613	1
29831	EXOC7	0.18678716	0.2777958	0.57237643	7.73825	1
29842	CYGB	0.13804299	0.24559276	0.83069307	12.003742	1
29870	SEPTIN9	0.27177656	0.401025	0.5611002	11.027116	1
29908	LGALS3BP	0.10715688	0.20130253	0.9090116	11.405434	1
29926	TBC1D16	0.07704799	0.13449116	0.8028832	6.465949	1
29931	GAA	0.06732984	0.11417547	0.7610567	5.105137	1
29938	RNF213	0.16101454	0.23885433	0.56864816	6.5753083	1
29942	ENDOV	0.117535196	0.18994512	0.69202214	7.0473967	1
29984	OXLD1	0.09335359	0.16788754	0.84603214	8.582829	1
29990	MRPL12	0.13979065	0.20487073	0.5511183	5.3572345	1
29995	P4HB	0.54308146	0.9269995	0.77128994	44.55244	1
29998	ARHGDIA	0.3247046	0.4741769	0.5461577	12.7912655	1
30009	PYCR1	0.08937033	0.15327683	0.7775993	6.996074	1
30029	SLC16A3	0.05258748	0.18683454	1.8270011	25.547161	1
30030	CSNK1D	0.1684269	0.27085263	0.68506163	10.049467	1
30044	CYBC1	0.06687984	0.11454904	0.77542543	5.243076	1
30047	NARF	0.20234075	0.37572894	0.89257634	20.892801	1
30054	WDR45B	0.22902258	0.32774132	0.516878	7.6797495	1
30089	ENOSF1	0.08151508	0.13802393	0.75905555	5.9972854	1
30114	LPIN2	0.29645532	0.4537281	0.61384475	14.288739	1
30148	EPB41L3	0.065350555	0.11434137	0.80613136	5.1498528	1
30163	ARHGAP28	0.12348793	0.24257797	0.9735053	15.139292	1
30203	RAB31	0.13430864	0.39035505	1.5385306	44.55244	1
30250	TUBB6	0.10595708	0.21597165	1.0266688	14.82411	1
30280	FAM210A	0.089198135	0.16132504	0.85416245	8.049059	1
30281	RNMT	0.45476755	0.6691436	0.55708504	19.94069	1
30317	GATA6-AS1	0.0061611147	0.046204884	2.886673	10.737538	1
30318	GATA6	0.023326503	0.15594985	2.7357934	32.552322	1
30331	RIOK3	0.21168596	0.3215033	0.6026753	9.801687	1
30346	IMPACT	0.14129548	0.2046467	0.5341043	5.080385	1
30359	SS18	0.22879341	0.33803666	0.5629304	9.199773	1
30399	DSG2	0.1196932	0.21518005	0.8456686	10.847109	1
30436	ZNF397	0.16517225	0.24508747	0.5690408	6.714177	1
30453	ELP2	0.15285917	0.22023678	0.5265637	5.3104105	1
30506	RNF165	0.018456673	0.047880743	1.3705174	5.11372	1
30512	PIAS2	0.19639923	0.2836539	0.5301165	6.938233	1
30521	IER3IP1	0.31381613	0.46228778	0.5587241	12.800858	1
30533	SMAD7	0.1301531	0.29104424	1.1604162	23.502522	1
30548	ACAA2	0.2260255	0.37164026	0.71717113	15.2241335	1
30578	RAB27B	0.030087745	0.09964007	1.7242103	13.325328	1
30581	CCDC68	0.32723176	0.75379294	1.2036061	44.55244	1
30598	TXNL1	0.5494846	0.7997168	0.5413279	23.906773	1
30609	ONECUT2	0.060559314	0.008746681	-2.7775211	14.452199	1
30641	LMAN1	0.44288486	0.64714473	0.54705393	18.300129	1
30662	RNF152	0.04701968	0.09266237	0.9772099	5.9966073	1
30699	CDH7	0.36597502	0.6292133	0.78163916	26.732481	1
30715	CCDC102B	0.054262217	0.10510913	0.9525837	6.5067177	1
30742	CBLN2	0.091893375	0.17010275	0.88765246	7.749995	1
30802	MBP	0.04756841	0.010662823	-2.1469772	9.2084875	1
30850	PARD6G	0.05211829	0.094295524	0.85416317	5.062052	1
30866	SHC2	0.18822782	0.30309334	0.68699193	11.13742	1
30871	CDC34	0.22481057	0.3227695	0.5215996	7.7106423	1
30874	BSG	0.45407814	0.68942964	0.6023544	23.49494	1
30879	RNF126	0.07509349	0.13674586	0.863872	7.3041744	1
30896	ARID3A	0.17256084	0.2896684	0.7469593	12.343927	1
30917	FAM174C	0.10553902	0.19419254	0.87908775	10.648226	1
30925	GAMT	0.16355656	0.27242213	0.73570186	11.084534	1
30944	REXO1	0.08463582	0.14610042	0.7869036	6.693081	1
30952	ABHD17A	0.2428451	0.3801379	0.64627194	13.011968	1
30966	SF3A2	0.11057318	0.18097329	0.71026814	7.0206785	1
31022	HMG20B	0.18724285	0.28291512	0.59519804	8.434856	1
31042	ZBTB7A	0.15794314	0.22887672	0.53488255	5.817663	1
31044	MAP2K2	0.4510269	0.6792537	0.59062964	22.6294	1
31062	UBXN6	0.076879784	0.13090377	0.76705676	5.907451	1
31083	PLIN3	0.24297892	0.39200854	0.6898283	15.037829	1
31086	KDM4B	0.10224272	0.23726383	1.2136916	20.372835	1
31121	CLPP	0.21302736	0.3424534	0.68461305	12.854112	1
31124	GTF2F1	0.37043843	0.56008536	0.59628123	18.301163	1
31140	GPR108	0.055291448	0.11751699	1.0863613	8.68331	1
31201	ANGPTL4	0.17413361	0.27826825	0.67597157	9.880635	1
31257	SHFL	0.08312454	0.17690907	1.0887425	13.113928	1
31265	MRPL4	0.18132797	0.28673407	0.66081953	10.077873	1
31278	CDC37	0.4006437	0.5722597	0.51424235	14.530587	1
31282	S1PR5	0.020609861	0.055334564	1.420468	6.4269433	1
31292	TMED1	0.19839622	0.31353414	0.65997094	10.811385	1
31302	DOCK6	0.102832586	0.15939108	0.63177586	5.280029	1
31311	CCDC159	0.03486589	0.07236254	1.0512872	5.3773546	1
31317	CCDC151	0.006472321	0.045946673	2.8086221	10.4890175	1
31318	PRKCSH	0.2714839	0.4033665	0.57105106	11.175426	1
31322	CNN1	0.023273164	0.06431174	1.4624707	7.141992	1
31357	ZNF791	0.20667937	0.2928486	0.5025552	6.681197	1
31362	DHPS	0.11567965	0.19613731	0.76121765	8.434548	1
31372	HOOK2	0.09353262	0.16495964	0.8179042	8.03868	1
31387	FARSA	0.08059517	0.13063453	0.696086	5.0490093	1
31402	STX10	0.22645947	0.33670297	0.5720149	9.343284	1
31407	CCDC130	0.14890167	0.21348688	0.5194946	5.0114884	1
31428	PRKACA	0.16062132	0.23350728	0.5395239	5.898572	1
31444	GIPC1	0.1946471	0.2993886	0.620899	9.613766	1
31446	TECR	0.1860583	0.272136	0.5483278	7.0352597	1
31461	SYDE1	0.056849062	0.112737305	0.98650014	7.4301243	1
31462	ILVBL	0.08790436	0.1810514	1.0415491	12.601298	1
31471	AKAP8L	0.25053334	0.38157526	0.60676736	11.654316	1
31526	SIN3B	0.11301272	0.19462584	0.7836831	8.973288	1
31538	USE1	0.18411925	0.29443404	0.6770104	10.68404	1
31540	NR2F6	0.30156893	0.5226794	0.79323626	26.136452	1
31555	MVB12A	0.23553397	0.34257212	0.5402812	8.776763	1
31563	PGLS	0.49184373	0.7249261	0.5595398	22.371521	1
31596	SSBP4	0.4219787	0.6206115	0.55641085	18.198406	1
31597	ISYNA1	0.26106668	0.38773996	0.5704906	10.818735	1
31601	FKBP8	0.42575306	0.60312414	0.5023386	14.901386	1
31603	KXD1	0.17312655	0.24577194	0.505247	5.6086135	1
31608	REX1BD	0.225089	0.32729468	0.5398944	8.247247	1
31619	HOMER3	0.17610736	0.2692357	0.6121311	8.2858	1
31669	ZNF431	0.12641436	0.20528646	0.6990399	7.804915	1
31712	ZNF675	0.047487766	0.08910208	0.9064867	5.203163	1
31823	GPI	0.30119458	0.51591516	0.77623886	23.861666	1
31827	WTIP	0.055229787	0.10301509	0.89812714	5.9816027	1
31844	GRAMD1A	0.12485396	0.19909677	0.67279756	7.1912575	1
31860	USF2	0.13387047	0.21469966	0.68107665	7.8560786	1
31890	KMT2B	0.20151947	0.3134344	0.63698864	10.613179	1
31911	SDHAF1	0.071013756	0.12416275	0.8051933	5.886605	1
31921	CAPNS1	0.42542934	0.6382962	0.5851935	20.765339	1
31988	PPP1R14A	0.06209878	0.13276502	1.0950032	9.822868	1
32020	SIRT2	0.09473752	0.16090451	0.7635712	7.1209507	1
32024	MRPS12	0.13866556	0.22744408	0.71349657	9.090664	1
32026	FBXO17	0.29699972	0.4344044	0.5484235	11.454638	1
32043	PAF1	0.13547862	0.21570773	0.6706169	7.8752017	1
32048	SUPT5H	0.24109639	0.35786563	0.56961274	10.104801	1
32078	SERTAD1	0.18454172	0.37602684	1.0264907	25.764	1
32082	BLVRB	0.2226773	0.3633946	0.7063316	14.244395	1
32106	TGFB1	0.10755588	0.2672506	1.3123057	26.342117	1
32109	TMEM91	0.06052128	0.106334336	0.8120674	5.2740955	1
32113	BCKDHA	0.08516621	0.15382718	0.85220194	7.867077	1
32137	RABAC1	0.62494177	0.8992809	0.5249796	27.0483	1
32148	CIC	0.086588964	0.14710964	0.7639519	6.54664	1
32152	MEGF8	0.06297917	0.10941876	0.7959424	5.1963634	1
32181	XRCC1	0.105514266	0.16714542	0.663162	5.9138513	1
32217	ZNF226	0.13251176	0.2039756	0.6218949	6.368402	1
32236	NECTIN2	0.1193616	0.24198294	1.0189544	16.524492	1
32238	TOMM40	0.2009701	0.29384536	0.54784936	7.6011314	1
32239	APOE	0.54287267	1.2733989	1.2298462	44.55244	1
32240	APOC1	0.04979772	0.10440278	1.0664954	7.536584	1
32244	CLPTM1	0.08085257	0.13401492	0.728321	5.531473	1
32250	MARK4	0.09056145	0.14908086	0.7185013	5.8706517	1
32254	TRAPPC6A	0.08832532	0.17378338	0.9755885	10.9473	1
32256	EXOC3L2	0.016633576	0.048258536	1.5310249	5.8475466	1
32264	RTN2	0.05816327	0.13765809	1.2414784	12.548179	1
32266	VASP	0.15450263	0.22528332	0.543816	5.8039804	1
32306	CCDC8	0.1972092	0.3145518	0.67329794	11.38426	1
32313	CALM3	0.5645105	0.8088562	0.5188055	22.794018	1
32317	DACT3	0.32498097	0.46925277	0.5298735	12.028438	1
32323	SLC1A5	0.04405749	0.096610114	1.1310086	7.6208296	1
32327	NPAS1	0.0131282145	0.052415784	1.9891329	9.096655	1
32334	INAFM1	0.17635447	0.31499732	0.8365014	15.911393	1
32349	EHD2	0.104683444	0.17623699	0.7509243	7.5055704	1
32400	HSD17B14	0.04926292	0.09955727	1.0135474	6.711025	1
32402	PPP1R15A	0.18112305	0.33248064	0.87593764	17.697426	1
32404	NUCB1	0.20535548	0.37597972	0.8722126	20.755943	1
32411	GYS1	0.028734563	0.07010778	1.2838317	6.716304	1
32429	HRC	0.061150588	0.12397449	1.0184109	7.870967	1
32447	FCGRT	0.6229371	0.9407291	0.5946146	34.513233	1
32449	NOSIP	0.24239312	0.34736758	0.51893455	8.399902	1
32451	PRR12	0.109274976	0.17416385	0.67199063	6.3178973	1
32453	RRAS	0.24009329	0.49505547	1.0436857	36.967518	1
32462	AP2A1	0.20384902	0.30940533	0.6017556	9.587918	1
32494	EMC10	0.3544448	0.76630366	1.1121366	44.55244	1
32496	AC020909.2	0.020501837	0.25323057	3.620176	44.55244	1
32497	JOSD2	0.07642233	0.12813716	0.74486154	5.5204406	1
32504	CLEC11A	0.32492027	0.5810344	0.8383423	30.206026	1
32509	C19orf48	0.13183135	0.21747142	0.7217017	8.610722	1
32531	CTU1	0.043444216	0.08611219	0.9854107	5.7465568	1
32539	IGLON5	0.12977995	0.19173747	0.5627058	5.1641645	1
32543	ETFB	0.2999517	0.5210693	0.7965411	25.927914	1
32618	ZNF160	0.097239465	0.17677945	0.86166966	9.395133	1
32645	CACNG8	0.024521368	0.06558793	1.4157174	7.0949264	1
32652	PRPF31	0.21547864	0.32313973	0.58439016	9.395049	1
32657	MBOAT7	0.10043694	0.16141666	0.6839573	5.926124	1
32677	CDC42EP5	0.6221583	0.8889823	0.51480335	25.547981	1
32702	TNNT1	0.0056529557	0.0291872	2.3478951	5.4548497	1
32712	HSPBP1	0.0515585	0.10034953	0.9593932	6.3192663	1
32725	UBE2S	0.23463762	0.33998019	0.5348258	8.415374	1
32727	ISOC2	0.19688602	0.31889188	0.6954264	12.342398	1
32731	NAT14	0.20705573	0.34418228	0.7328761	14.409771	1
32732	SSC5D	0.04660505	0.08920734	0.93520015	5.563587	1
32741	ZNF580	0.41069448	0.6145189	0.5812754	19.231865	1
32742	ZNF581	0.13403852	0.2560467	0.9332466	15.222586	1
32744	U2AF2	0.11720812	0.17931414	0.6129906	5.5827107	1
32747	EPN1	0.17448388	0.2747698	0.6548281	9.50156	1
32793	ZNF264	0.078050554	0.13307123	0.7689544	5.840986	1
32842	ZSCAN18	0.15662272	0.22405253	0.5162664	5.183936	1
32845	ZNF274	0.05651034	0.11166808	0.9813707	7.265534	1
32847	AC020915.2	0.019033955	0.049728423	1.3808339	5.3479843	1
32853	A1BG	0.16043773	0.28320593	0.81944823	13.780396	1
32874	TRIM28	0.3051988	0.4552333	0.57670116	13.223587	1
32876	UBE2M	0.41780883	0.6169934	0.5623008	18.267853	1
32892	NRSN2	0.046010125	0.0946962	1.0397456	6.5807524	1
32894	RBCK1	0.21453622	0.32182294	0.5848218	9.470434	1
32897	TCF15	0.04610308	0.10198497	1.1437095	8.063522	1
32905	PSMF1	0.17965347	0.26088777	0.5379626	6.5194707	1
32939	CPXM1	0.33477753	0.48211315	0.52603745	12.173962	1
32971	PANK2	0.104299605	0.18853538	0.85348403	9.867828	1
33043	JAG1	0.16290508	0.24131483	0.56659734	6.2497783	1
33097	SNX5	0.21118605	0.3053245	0.5316181	7.575754	1
33127	NAA20	0.22622663	0.3257916	0.5259857	7.9985075	1
33215	ABHD12	0.051454462	0.09684959	0.9111375	5.663557	1
33246	HM13	0.24935165	0.38326767	0.6199684	12.39628	1
33259	FOXS1	0.077104576	0.15891618	1.0424151	11.184581	1
33275	ASXL1	0.24002546	0.3447165	0.5220403	8.151118	1
33302	CBFA2T2	0.098718114	0.15680349	0.66703	5.5483265	1
33321	AHCY	0.17689332	0.25383508	0.5207647	6.1111784	1
33328	MAP1LC3A	0.31124848	0.51559347	0.7279837	22.335491	1
33337	TRPC4AP	0.12389456	0.18334745	0.56509	5.0552926	1
33341	MMP24OS	0.19363791	0.30880052	0.673036	11.348574	1
33343	EIF6	0.29009068	0.42412096	0.5478147	11.450547	1
33349	CEP250	0.0794474	0.13967149	0.81318337	6.5993977	1
33354	CPNE1	0.40905684	0.66082245	0.6918271	28.461422	1
33360	SCAND1	0.57094765	0.81142235	0.5070197	22.44796	1
33370	DLGAP4	0.18571234	0.27730447	0.5781446	7.796575	1
33372	MYL9	0.08269073	0.29118636	1.814897	41.338657	1
33386	MANBAL	0.14616507	0.23581389	0.68967503	8.760448	1
33400	TGM2	0.010170318	0.047202643	2.20344	8.929718	1
33453	IFT52	0.13056643	0.19355772	0.5676205	5.38807	1
33471	SERINC3	0.18385684	0.26492456	0.52675855	6.582783	1
33485	STK4	0.16321485	0.23294675	0.5129635	5.398947	1
33497	SYS1	0.077587426	0.1283967	0.7259783	5.216281	1
33500	PIGT	0.112868555	0.1832404	0.69860345	7.070537	1
33518	SNX21	0.032146763	0.06754976	1.0689304	5.122163	1
33526	PLTP	0.12843473	0.28551012	1.1518887	23.438362	1
33530	MMP9	0.6550882	0.20052959	-1.7073749	44.55244	1
33537	SLC35C2	0.08779337	0.15046777	0.77658665	6.78832	1
33584	PTGIS	0.06268575	0.11177528	0.8333821	5.383993	1
33612	KCNG1	0.07594962	0.14069551	0.8885885	6.9953494	1
33671	RAE1	0.106266305	0.17436174	0.71386945	6.7964845	1
33693	STX16	0.21048425	0.31099424	0.562954	8.336405	1
33705	CTSZ	0.055843823	0.10180627	0.865192	5.524189	1
33753	GATA5	0.003536478	0.02712057	2.9040835	6.5363336	1
33776	DIDO1	0.15314749	0.23625404	0.62508607	7.5435166	1
33790	YTHDF1	0.08870353	0.17280522	0.9612925	10.608943	1
33804	PPDPF	0.78790265	1.2267889	0.6387322	44.55244	1
33825	TPD52L2	0.118296854	0.17806894	0.58961505	5.1579776	1
33834	TCEA2	0.25200203	0.40419042	0.68138427	15.450132	1
33906	HSPA13	0.16200024	0.23144732	0.5144209	5.367896	1
33920	MIR99AHG	0.18658614	0.12014325	-0.6346589	5.8142385	1
33929	BTG3	0.07228879	0.18210559	1.3317289	17.346025	1
33936	CHODL	0.09420225	0.16599248	0.8166227	6.3518496	1
34000	ADAMTS1	0.093699396	0.180657	0.94640094	9.966478	1
34009	LINC01697	0.0065990337	0.046279144	2.7914515	10.498511	1
34014	LTN1	0.17895201	0.26622155	0.57279044	7.3884053	1
34018	CCT8	0.638399	0.9095501	0.51062727	26.654589	1
34070	TIAM1	0.12791342	0.23056208	0.8494859	11.255695	1
34090	CFAP298	0.16144618	0.23971094	0.5699508	6.578028	1
34105	IFNAR2	0.06421166	0.11894763	0.8883867	6.7954326	1
34108	IFNAR1	0.12750849	0.19259152	0.5945687	5.7499375	1
34116	CRYZL1	0.15845838	0.23809002	0.5870989	6.80184	1
34117	ITSN1	0.1589046	0.25013733	0.65422845	8.480559	1
34145	CBR1	0.142256	0.23262903	0.70914775	8.929387	1
34208	SH3BGR	0.00943104	0.044082303	2.212763	8.015679	1
34264	NDUFV3	0.18842877	0.2687223	0.51186794	6.256072	1
34267	PKNOX1	0.1376182	0.20033829	0.5414389	5.0168014	1
34283	RRP1B	0.16381988	0.23504591	0.52056545	5.6127734	1
34303	PFKL	0.14521252	0.23942083	0.72099215	9.496907	1
34339	PTTG1IP	0.49924156	0.7132874	0.5146588	18.713444	1
34353	POFUT2	0.08600928	0.15746008	0.8716614	8.556337	1
34361	COL18A1	0.07156726	0.15068138	1.0730722	10.616747	1
34380	COL6A2	0.67813236	1.0468605	0.6263554	44.55244	1
34383	SPATC1L	0.13982646	0.23086332	0.72299486	9.12113	1
34432	HDHD5	0.1262104	0.20931634	0.7294005	8.451289	1
34482	SLC25A1	0.11031507	0.18607491	0.75372165	7.864419	1
34495	CLDN5	0.02978477	0.0065377024	-2.1706548	6.208349	1
34688	CHCHD10	0.36880383	0.7490106	1.021934	44.55244	1
34689	MMP11	0.07352799	0.1536193	1.061972	10.94179	1
34698	GSTT2B	0.088225156	0.14224222	0.6884674	5.3158064	1
34701	DDT	0.39922056	0.5883932	0.5594785	17.135693	1
34703	CABIN1	0.1418858	0.2203241	0.63453525	7.135748	1
34752	SRRD	0.089030705	0.14101988	0.6629268	5.0874305	1
34784	PITPNB	0.41194186	0.5887205	0.5150371	14.89635	1
34799	EMID1	0.05404693	0.104457945	0.94935125	6.527941	1
34813	NIPSNAP1	0.18818513	0.26703244	0.50463605	6.0039673	1
34839	MTFP1	0.05282978	0.11355269	1.1024802	8.354218	1
34860	SELENOM	0.2943116	0.4862866	0.7242689	20.222555	1
34897	RTCB	0.23351443	0.35327652	0.5970768	10.683435	1
34899	FBXO7	0.15966877	0.24108501	0.5941548	7.0753284	1
34903	TIMP3	0.28085455	0.4507058	0.68216926	15.264898	1
34929	MB	0.0042102193	0.040505663	3.235848	10.410025	1
34943	MYH9	0.31530476	0.51195544	0.6990957	20.75957	1
34967	KCTD17	0.053725723	0.10744237	0.9985375	7.271067	1
34972	C1QTNF6	0.08276409	0.14432502	0.80150175	6.9825683	1
34983	CDC42EP1	0.12598577	0.23088732	0.87340814	12.715965	1
34988	PDXP	0.02498582	0.05692576	1.1847417	5.016354	1
35021	KDELR3	0.089925505	0.16896272	0.90915287	9.714657	1
35047	APOBEC3C	0.05575436	0.099988505	0.8415345	5.134025	1
35058	SYNGR1	0.11557757	0.20176555	0.8032856	9.331105	1
35074	SGSM3	0.16933908	0.2525629	0.5764472	7.1149154	1
35097	ACO2	0.11591704	0.17418018	0.5870718	5.035112	1
35101	PMM1	0.12833095	0.20531337	0.6775372	7.5007005	1
35131	RRP7A	0.18582536	0.29345214	0.6588931	10.285514	1
35135	CYB5R3	0.23521486	0.36278388	0.6249155	11.875336	1
35144	TSPO	0.16146886	0.38140988	1.2395711	34.543888	1
35186	FBLN1	0.38956946	0.57387525	0.55873775	16.066647	1
35189	ATXN10	0.33185157	0.47613037	0.52068686	11.937777	1
35270	PLXNB2	0.13312373	0.20635086	0.63194734	6.7559457	1
35280	SCO2	0.07557971	0.12790714	0.75824577	5.7132964	1
35316	AKAP17A	0.1923254	0.28341717	0.55913675	7.516779	1
35320	DHRSX	0.10705745	0.18024233	0.7510058	7.580018	1
35361	WWC3	0.08737086	0.14418712	0.7220682	5.946894	1
35409	AP1S2	0.21346869	0.30795613	0.528493	7.195478	1
35417	RBBP7	0.28010827	0.39679942	0.50227386	9.076222	1
35449	SMPX	0.0009662185	0.017551642	4.049227	5.213846	1
35461	PRDX4	0.50664693	0.7701214	0.6040077	27.102663	1
35464	SAT1	0.23536988	0.42442843	0.85031855	22.111408	1
35471	PDK3	0.050329275	0.10994173	1.1257173	8.305857	1
35523	DYNLT3	0.07986112	0.16212693	1.0206428	11.089238	1
35544	BCOR	0.06230448	0.11010071	0.82041204	5.4128385	1
35584	KRBOX4	0.06811526	0.12527202	0.878049	6.831095	1
35597	CDK16	0.0864278	0.1473293	0.7687877	6.584329	1
35605	TIMP1	1.1077366	1.5883515	0.51987594	44.55244	1
35642	TIMM17B	0.30011082	0.43695682	0.54184496	11.52454	1
35650	PRAF2	0.15370631	0.28435045	0.8870626	15.792679	1
35720	TSPYL2	0.09483615	0.20711035	1.1260666	15.917725	1
35771	ARHGEF9	0.11438112	0.19247487	0.75030977	8.288519	1
35780	MSN	0.3657801	0.56068194	0.61606914	19.124928	1
35784	HEPH	0.097132914	0.18907167	0.9601793	11.821157	1
35789	YIPF6	0.1883795	0.26825988	0.50976133	6.2121496	1
35791	EFNB1	0.07875628	0.12953691	0.71717894	5.2095113	1
35792	PJA1	0.09808373	0.16742527	0.77082294	7.4951367	1
35800	IGBP1	0.35725582	0.53213304	0.5746969	15.878832	1
35808	PDZD11	0.19327737	0.27605015	0.5140339	6.5529532	1
35882	PGK1	0.553015	1.1294717	1.0301244	44.55244	1
35905	ZNF711	0.16322231	0.25253487	0.6293317	8.127369	1
35917	PCDH11X	0.05696501	0.12470244	1.1289679	9.140186	1
35921	DIAPH2	0.10775881	0.17485836	0.6978675	6.3992496	1
35943	GLA	0.042550188	0.08831805	1.0517888	6.3333597	1
35946	ARMCX1	0.20429696	0.29148674	0.5125513	6.603839	1
35991	TCEAL3	0.2484376	0.3625324	0.54504365	9.055335	1
36017	MORC4	0.051451508	0.10248849	0.9927823	6.7328606	1
36034	COL4A6	0.03082985	0.08609857	1.478664	9.921508	1
36035	COL4A5	0.17848285	0.29107264	0.7052812	11.255479	1
36051	DCX	0.15344036	0.25678134	0.7424841	10.083091	1
36069	PLS3	0.19196157	0.3401107	0.8248595	17.19543	1
36079	IL13RA1	0.084025964	0.14295562	0.76595306	6.2855325	1
36100	RNF113A	0.06563373	0.112720646	0.7793253	5.0408616	1
36112	LAMP2	0.20091322	0.30815452	0.6168316	9.688924	1
36135	GRIA3	0.015008976	0.04255943	1.4974589	5.2192793	1
36154	APLN	0.03120795	0.009064255	-1.7724396	5.182328	1
36170	RBMX2	0.21360666	0.30896455	0.5322763	7.675557	1
36175	IGSF1	0.010183891	0.038448274	1.9062802	6.520193	1
36179	FIRRE	0.05532996	0.12516455	1.1762403	10.5197	1
36190	GPC3	0.31303227	0.85553914	1.4502304	44.55244	1
36195	MIR503HG	0.16750345	0.34528196	1.0431408	24.01414	1
36233	FHL1	0.08858382	0.146434	0.7244926	5.9457736	1
36263	LDOC1	0.17822474	0.26077783	0.5488674	6.70096	1
36298	IDS	0.21127251	0.30786946	0.5429995	7.8802347	1
36366	BGN	0.2056781	0.55692536	1.4366536	44.55244	1
36377	IDH3G	0.26637295	0.4136145	0.6346465	13.929876	1
36400	EMD	0.17363805	0.28522673	0.71570116	11.473952	1
36405	AC244090.1	0.031437136	0.06722879	1.0941718	5.255178	1
36410	LAGE3	0.20456682	0.33043015	0.6915046	12.151434	1
36413	FAM3A	0.067704976	0.12475425	0.8807819	6.798068	1
36429	FUNDC2	0.29453433	0.4750178	0.6893597	18.644833	1
36452	ZFY	0.081122845	0.13238332	0.70585316	5.1740046	1
36494	DDX3Y	0.26812652	0.4535347	0.7580791	20.205568	1
36563	MT-ATP8	0.080638506	0.13245696	0.7152836	5.3847795	1
36570	MT-ND6	0.35927746	0.5284862	0.5566389	14.722496	1
