	gene	expression_1	expression_2	log2FC	-log10 p-val	significant
29	HES4	0.6243388	1.2281886	0.97601753	34.647957	1
30	ISG15	0.16468316	0.35735556	1.117195	8.575987	1
32	AGRN	0.25266615	0.12943636	-0.96444607	6.547321	1
44	SDF4	0.33279946	0.5691475	0.7739697	9.594776	1
59	AURKAIP1	0.6212476	1.0299728	0.7292738	19.89681	1
62	MRPL20	0.6021199	0.94222116	0.6459284	14.000538	1
71	ATAD3A	0.030571623	0.13969783	2.1883657	7.0712175	1
73	SSU72	0.47810397	0.86853844	0.8611298	19.291338	1
79	MMP23B	0.025070006	0.14521253	2.5293818	7.7021904	1
86	GNB1	0.61522245	1.1444037	0.89530754	32.464188	1
104	RER1	0.3920742	0.69859487	0.833168	13.718552	1
177	ACOT7	0.019423276	0.15971631	3.0331476	10.218995	1
202	VAMP3	0.185865	0.4495556	1.2737893	14.079904	1
211	ERRFI1	0.017765278	0.31367692	4.134509	21.47627	1
219	ENO1	0.73370034	1.7946386	1.2903142	44.55244	1
228	SPSB1	0.041052535	0.1664383	2.0168006	7.7056575	1
264	SRM	0.27677733	0.8188449	1.5645195	36.070892	1
291	PLOD1	0.11028115	0.5076867	2.2017288	26.1034	1
339	KAZN	0.10987962	0.24907385	1.1799164	6.4684587	1
350	EFHD2	0.050146177	0.13965325	1.475796	5.0119696	1
367	FBLIM1	0.28074628	0.6556626	1.223393	19.578844	1
374	HSPB7	0.014732699	0.2122283	3.8394437	14.9330015	1
388	NECAP2	0.21243241	0.35287493	0.7318828	5.1113224	1
403	MFAP2	0.9175688	0.40607896	-1.175858	33.820396	1
407	SDHB	0.15961504	0.30426225	0.93028915	6.2863817	1
438	CAPZB	0.48604095	0.92202944	0.9235947	23.019375	1
439	MICOS10	0.8657972	1.3738111	0.666021	29.402275	1
441	NBL1	0.028677197	0.11061879	1.9439021	5.3267198	1
467	CDA	0.09865702	0.017114798	-2.520234	10.330703	1
477	ECE1	0.083152406	0.33455616	2.0071156	15.195497	1
485	USP48	0.2846655	0.46681646	0.71339005	6.4321413	1
487	HSPG2	0.14155701	0.43111068	1.6059909	15.994985	1
531	FUCA1	0.09575078	0.025964689	-1.8786935	6.851534	1
552	CLIC4	0.23443475	0.8419441	1.844094	44.55244	1
565	TMEM50A	0.46067438	0.7745623	0.7495071	13.847724	1
593	SH3BGRL3	0.8317905	1.8488903	1.1522721	44.55244	1
611	NUDC	0.5798435	0.86919034	0.58392566	10.475401	1
614	TRNP1	1.3242243e-09	0.06290041	9.299198	5.4601817	1
635	STX12	0.16906284	0.4260228	1.3328565	13.287604	1
655	SNHG3	0.14594896	0.28114563	0.94537854	5.076911	1
691	ZCCHC17	0.21889803	0.37569562	0.77903026	5.808606	1
708	PTP4A2	0.5942593	0.9871628	0.73209876	17.881922	1
714	KPNA6	0.22463974	0.3951795	0.8146179	6.6168404	1
717	CCDC28B	0.3525361	0.54988205	0.6412044	6.778698	1
722	EIF3I	0.5447447	0.8165201	0.5838201	9.939266	1
738	YARS	0.12177845	0.28940642	1.2481521	8.1703825	1
742	TMEM54	0.016844716	0.097646214	2.5282054	5.783636	1
746	AK2	0.14625038	0.27627257	0.91718787	5.142126	1
754	PHC2	0.2201791	0.3918248	0.83124423	6.246198	1
762	SMIM12	0.20001481	0.35971278	0.8464183	6.4038486	1
781	PSMB2	0.5123185	0.9029765	0.8175256	18.803574	1
795	MAP7D1	0.23046778	0.3871019	0.74789494	5.763104	1
801	LSM10	0.222092	0.5880448	1.4043646	21.509047	1
803	MRPS15	0.29183093	0.585587	1.004503	14.272465	1
825	C1orf122	0.6361927	1.0212871	0.6827673	17.410069	1
830	FHL3	0.26317894	0.45100373	0.7768671	7.206145	1
832	POU3F1	0.06699359	0.0101357885	-2.7125525	7.9442043	1
842	MYCBP	0.07377351	0.21565978	1.546297	7.596733	1
845	AKIRIN1	0.46751845	0.7842104	0.746093	12.972818	1
847	MACF1	0.711751	1.0722327	0.59110546	14.280347	1
852	PABPC4	0.40507522	0.58173174	0.5220561	5.58813	1
854	HEYL	0.28362158	0.64749473	1.1906155	17.865217	1
869	CAP1	0.7303959	1.5838761	1.1166025	44.55244	1
876	SMAP2	0.23340878	0.5357428	1.198333	15.340217	1
905	HIVEP3	0.010656079	0.15439418	3.8443284	11.218104	1
922	P3H1	0.16826548	0.39529648	1.2317035	11.246033	1
930	SLC2A1	0.015309288	0.21582559	3.8086622	14.389175	1
934	EBNA1BP2	0.14000888	0.39840007	1.5080315	14.252352	1
943	ELOVL1	0.13759655	0.39140704	1.5075458	14.934078	1
944	MED8	0.22064589	0.48749134	1.1432859	13.877479	1
961	B4GALT2	0.0468338	0.20842987	2.1515548	10.602489	1
963	SLC6A9	0.062073767	0.013663174	-2.1754928	5.5361023	1
981	EIF2B3	0.09730086	0.22700198	1.2213339	6.733831	1
992	PRDX1	1.1516236	1.8283811	0.66685116	44.55244	1
1035	CMPK1	0.1889098	0.5043172	1.4161565	17.60002	1
1049	SPATA6	0.2704597	0.13917176	-0.9580441	7.1418552	1
1052	BEND5	0.09314687	0.0278313	-1.7391726	6.203975	1
1076	OSBPL9	0.39481893	0.7970811	1.0133511	19.11817	1
1077	NRDC	0.40568566	0.5779567	0.51049316	5.1502843	1
1133	MRPL37	0.1379287	0.28145787	1.0284632	6.37533	1
1149	DHCR24	0.07350541	0.19500837	1.4063919	6.3432975	1
1182	JUN	0.39029542	0.77108246	0.9821362	13.817602	1
1200	NFIA	1.0110277	0.4889155	-1.0480131	30.725454	1
1209	KANK4	0.0061489097	0.100576885	4.009984	6.7640615	1
1230	PGM1	0.07699319	0.21077035	1.4516809	6.802265	1
1264	GNG12	0.32088068	0.60409653	0.9125315	12.4286585	1
1268	RPE65	1.3242243e-09	0.06995199	9.452263	5.5578365	1
1345	NEXN	0.09284864	1.0539635	3.503384	44.55244	1
1347	DNAJB4	0.061506126	0.24174924	1.9729623	11.074597	1
1353	IFI44L	0.052725777	0.0015430631	-5.0067825	10.68583	1
1354	IFI44	0.09189597	0.014950064	-2.6118011	10.728431	1
1376	TTLL7	0.058835067	0.49289295	3.0643687	31.430676	1
1401	DDAH1	0.023530778	0.23637831	3.3229687	15.258135	1
1403	AC092807.3	0.012640676	0.34337974	4.7527113	23.064375	1
1405	CCN1	0.5082564	1.1891208	1.2261044	31.87335	1
1416	SH3GLB1	0.51654595	0.9731086	0.9135731	24.845024	1
1423	LMO4	0.7958009	0.26437485	-1.5894585	44.55244	1
1431	GBP3	0.06649681	0.22499946	1.7570375	9.5732	1
1432	GBP1	0.06454479	0.43629923	2.7550426	22.905758	1
1464	TGFBR3	0.1341865	0.01644327	-3.020998	18.119661	1
1483	FNBP1L	0.5979231	0.42175007	-0.50347096	5.5644608	1
1527	PLPPR5	0.025122793	2.1827873e-11	-7.978584	5.7143955	1
1544	RTCA	0.124604136	0.3003728	1.268725	8.882047	1
1551	VCAM1	0.094695576	0.026147047	-1.8526646	5.3875604	1
1562	OLFM3	0.065665424	0.0022855008	-4.784965	11.174701	1
1565	COL11A1	0.11207842	0.9081446	3.0172858	44.55244	1
1581	VAV3	0.18909504	0.033381842	-2.4984233	20.357332	1
1602	TAF13	0.088118576	0.20639905	1.2269808	5.731328	1
1608	SARS	0.35219145	0.68535995	0.960303	16.220352	1
1612	SORT1	0.14923406	0.28800043	0.9480285	5.639328	1
1613	PSMA5	0.48249745	0.7725948	0.6790784	11.629792	1
1620	GNAI3	0.45967042	0.7798654	0.7624965	13.663148	1
1631	GSTM3	0.31513146	0.5568487	0.821133	9.411331	1
1637	AHCYL1	0.38486442	0.61803246	0.68319106	8.494747	1
1684	RAP1A	0.27178356	0.44476813	0.7103889	6.356717	1
1699	CAPZA1	0.47267374	0.6967529	0.5597043	7.7156386	1
1702	RHOC	0.844264	1.6074206	0.9289003	44.55244	1
1741	NGF	0.023003163	0.2278023	3.3022532	13.108192	1
1752	ATP1A1	0.18889357	0.40027368	1.0830098	9.274804	1
1758	CD58	0.034559503	0.13974738	2.0125303	7.02745	1
1763	PTGFRN	0.120869264	0.26939267	1.1556054	6.8371005	1
1792	PHGDH	0.35506138	0.6760063	0.9287755	13.679456	1
1822	LINC02802	0.061952412	0.48517138	2.9672325	27.435339	1
1853	TXNIP	0.95511746	0.47285324	-1.0141318	24.154549	1
1864	PRKAB2	0.050773896	0.23243889	2.1924744	12.077476	1
1891	PDE4DIP	0.08016568	0.19837241	1.3060834	5.7118087	1
1923	PLEKHO1	0.34942305	0.6924933	0.98662096	15.977157	1
1925	ANP32E	0.29315892	0.5762063	0.974661	11.943033	1
1935	ECM1	0.006702736	0.1446333	4.411138	11.229806	1
1958	MLLT11	0.293379	0.6762047	1.204416	18.888363	1
2004	S100A10	0.13107656	1.4464004	3.4629848	44.55244	1
2066	S100A6	0.31070456	1.6305554	2.3913724	44.55244	1
2068	S100A4	0.110707484	1.1288867	3.3489013	44.55244	1
2069	S100A3	0.0039638914	0.08317085	4.356878	6.330056	1
2074	S100A13	0.52950686	0.9555251	0.85152286	20.146717	1
2084	SLC27A3	0.17571978	0.06613975	-1.4083283	8.390669	1
2093	JTB	0.4145383	0.6891771	0.7332308	11.556948	1
2098	TPM3	0.8452539	1.3563908	0.68225193	26.654861	1
2100	C1orf43	0.29161865	0.45434496	0.639528	5.406313	1
2102	HAX1	0.23099656	0.46505913	1.0092285	10.59705	1
2123	SHC1	0.26590395	0.6236208	1.2294528	18.916664	1
2142	MTX1	0.12536299	0.28932455	1.2059253	8.275193	1
2150	FDPS	0.3275098	0.9001028	1.4582716	34.38768	1
2160	DAP3	0.21282335	0.37001243	0.79762936	5.87593	1
2173	LAMTOR2	0.32178235	0.51988196	0.69192827	7.2993693	1
2176	LMNA	0.7012487	1.7193942	1.2937804	44.55244	1
2196	GPATCH4	0.09998702	0.3048014	1.6070879	11.042363	1
2203	NES	0.34604076	1.143358	1.7239727	44.55244	1
2211	HDGF	0.32396343	0.519096	0.68000317	6.66055	1
2231	KIRREL1	0.10299088	0.33228603	1.6889429	12.587874	1
2279	TAGLN2	0.227508	1.2013905	2.400202	44.55244	1
2292	PEA15	0.09341144	0.53325844	2.5118906	30.824038	1
2296	COPA	0.4085421	0.83327705	1.0281317	24.408583	1
2336	SDHC	0.4062272	0.5937067	0.5473516	6.2521687	1
2342	FCGR2A	0.04172146	0.0061326935	-2.7463157	5.093823	1
2354	OLFML2B	0.011474847	0.6110942	5.7225657	44.55244	1
2364	UAP1	0.08378443	0.22319368	1.4124674	7.0988655	1
2366	DDR2	0.26508158	0.58762556	1.1481622	16.364746	1
2370	RGS5	0.28683847	0.66929084	1.2221075	11.0104065	1
2391	UCK2	0.016535873	0.0879617	2.4042172	5.1595345	1
2417	MPZL1	0.24436016	0.40107518	0.7146329	5.718075	1
2420	MPC2	0.29069003	0.6175485	1.0868084	16.469585	1
2461	PRRX1	0.077224374	0.4010477	2.3751383	19.614882	1
2475	DNM3	0.016221454	0.12024293	2.88231	7.0243955	1
2489	PRDX6	0.84504604	1.3290873	0.65327185	23.219875	1
2497	GAS5	1.3783205	0.88944656	-0.631874	23.772484	1
2510	CACYBP	0.24561924	0.43165115	0.81318915	7.2036047	1
2532	RASAL2	0.1759324	0.3790635	1.106979	8.999423	1
2543	ABL2	0.08207024	0.218676	1.4127666	6.8972836	1
2597	LAMC1	0.38361493	0.86064994	1.1655594	26.86786	1
2616	C1orf21	0.12025729	0.3834508	1.6720941	13.848638	1
2626	IVNS1ABP	0.12580545	0.31199527	1.3096457	8.940461	1
2673	GLRX2	0.10208311	0.27321723	1.4194195	9.244646	1
2707	MIR181A1HG	0.38085967	0.24117982	-0.6589309	5.2131486	1
2738	PHLDA3	0.16912293	0.6239219	1.8826715	27.277176	1
2740	CSRP1	0.14785722	1.1340575	2.938369	44.55244	1
2742	NAV1	0.0818173	0.65307575	2.9952312	41.09019	1
2747	SHISA4	0.02320723	0.11285554	2.2769055	5.908311	1
2749	LMOD1	0.0011201352	0.3145877	8.010736	23.902641	1
2750	TIMM17A	0.1883151	0.5172874	1.4573303	17.759722	1
2751	RNPEP	0.07584516	0.19389045	1.3529557	6.163816	1
2756	ARL8A	0.15508279	0.2854674	0.87986255	5.2398863	1
2759	UBE2T	0.0132916635	0.094116636	2.8146467	5.925734	1
2767	RABIF	0.09184272	0.2108408	1.1980311	5.5180154	1
2769	ADIPOR1	0.108878575	0.302931	1.4754208	10.464259	1
2782	BTG2	0.26393166	0.123185486	-1.0987079	7.759076	1
2786	ATP2B4	0.16032326	0.35309717	1.1385903	8.877386	1
2870	CD55	0.2424627	0.10934719	-1.1481228	8.106734	1
2907	SERTAD4-AS1	0.014544431	0.29870582	4.3507843	20.95452	1
2908	SERTAD4	0.017182145	0.122116424	2.822084	6.9973025	1
2916	TRAF5	0.10666167	0.29452717	1.4644966	10.104771	1
2928	LPGAT1	0.17017262	0.33655939	0.9834432	7.217374	1
2934	PPP2R5A	0.04411286	0.15773009	1.8358343	7.378139	1
2940	NENF	0.31366318	0.5005222	0.67404634	6.563366	1
2946	ATF3	0.04720895	0.35801175	2.9202247	19.099932	1
2950	BATF3	0.005289143	0.07136618	3.7291331	5.102012	1
2990	TGFB2	0.04576935	0.29684392	2.6945882	16.455845	1
3003	EPRS	0.28387633	0.69564563	1.2927893	21.02923	1
3036	AIDA	0.21460418	0.5205422	1.2779421	16.501648	1
3049	CAPN2	0.21758458	0.73817134	1.761912	34.07377	1
3053	DEGS1	0.2566073	0.59265953	1.2073228	17.139423	1
3057	CNIH4	0.29055858	0.551438	0.9241348	11.71167	1
3069	ENAH	0.33948088	1.5055641	2.148573	44.55244	1
3079	LEFTY2	0.005018761	0.086599104	4.0821505	5.0450015	1
3084	ACBD3	0.36808702	0.69742346	0.92180306	15.249728	1
3097	CDC42BPA	0.30949488	0.47172233	0.6078622	5.145666	1
3113	ARF1	0.64179504	1.2400359	0.9500889	38.758358	1
3115	MRPL55	0.19397664	0.3510407	0.8554227	6.2511616	1
3117	GUK1	0.9414111	1.4899676	0.66232777	32.279476	1
3142	RAB4A	0.2837785	0.44545242	0.65032166	5.678958	1
3155	GALNT2	0.100258544	0.3775537	1.9119004	17.162518	1
3167	C1orf198	0.050410338	0.4353201	3.1077573	27.142916	1
3173	FAM89A	0.08399257	0.46325094	2.462055	26.12416	1
3189	SIPA1L2	0.28898212	0.15080974	-0.93779343	6.9215846	1
3244	NID1	0.32503244	0.71361464	1.1343199	19.631985	1
3285	FH	0.1551603	0.29464558	0.92478114	5.6270795	1
3302	AKT3	0.20938599	0.44239688	1.0788134	10.338785	1
3320	COX20	0.2955764	0.6422364	1.1193101	17.569004	1
3463	ADI1	0.2708366	0.43658084	0.688624	5.958388	1
3466	RNASEH1	0.15852469	0.34228054	1.1099833	8.519886	1
3497	RNF144A	0.12185065	0.033032075	-1.8799969	9.081556	1
3521	ITGB1BP1	0.3012737	0.82208747	1.447914	32.697777	1
3523	IAH1	0.26578835	0.5281897	0.9905089	11.765288	1
3527	YWHAQ	0.6387157	1.0255132	0.68301505	18.751621	1
3545	ODC1	0.11680511	0.24236274	1.0524251	5.5823326	1
3560	ROCK2	0.6307576	0.9567117	0.6009207	12.710354	1
3577	TRIB2	0.71358633	0.4700121	-0.60228544	8.949227	1
3578	AC064875.1	0.057802383	0.010479069	-2.45241	6.3711658	1
3589	DDX1	0.3337701	0.54837537	0.7161401	7.836917	1
3611	SMC6	0.154564	0.34533465	1.1592753	8.967651	1
3614	KCNS3	0.013084207	0.13529998	3.360345	8.595564	1
3638	RHOB	0.38213345	0.62694377	0.71411216	8.227238	1
3675	TP53I3	0.25058	0.43396202	0.7920542	7.0692225	1
3700	RAB10	0.35349396	0.65313816	0.8855155	13.486185	1
3744	EIF2B4	0.045742158	0.13655855	1.5758288	5.142373	1
3760	MRPL33	0.34175333	0.56279695	0.7194935	8.207476	1
3819	LTBP1	0.02121628	0.36471218	4.097126	22.879402	1
3823	FAM98A	0.14426851	0.49708578	1.7840288	21.478611	1
3833	CRIM1	0.03437771	0.46544412	3.755182	28.904552	1
3852	CDC42EP3	0.03428776	0.12942307	1.9132421	5.569255	1
3910	ZFP36L2	0.29305923	0.5012911	0.774252	6.794054	1
3914	PLEKHH2	0.1826932	0.040183105	-2.1819656	15.797088	1
3940	EPAS1	0.15737411	0.37841153	1.2652224	10.646971	1
3946	RHOQ	0.24874692	0.64347947	1.3708597	22.7679	1
3961	CALM2	1.3581535	2.0505242	0.59431034	44.55244	1
3983	NRXN1	0.3705414	0.044608224	-3.0514119	42.17223	1
4007	EML6	0.07663785	0.0023415913	-4.974045	14.852978	1
4010	RTN4	0.8301083	1.4168804	0.77127457	33.272797	1
4026	CCDC85A	0.07129485	0.020006556	-1.8281541	5.1664925	1
4076	MDH1	0.47401917	0.728057	0.61899996	9.147032	1
4077	UGP2	0.26283628	0.69604546	1.4046756	25.925987	1
4096	SLC1A4	0.0173173	0.094520636	2.441634	5.646099	1
4099	RAB1A	0.39065683	0.7940219	1.0230895	20.946907	1
4100	ACTR2	0.81454736	1.5098495	0.89025277	44.55244	1
4129	PPP3R1	0.14403476	0.2821744	0.96967995	5.933441	1
4146	GFPT1	0.16517669	0.3811768	1.2059555	9.942932	1
4148	AAK1	0.43462372	0.72846407	0.7449571	11.829355	1
4149	ANXA4	0.11065859	0.34120098	1.6236258	13.366754	1
4152	SNRNP27	0.1773642	0.31249043	0.8167455	5.2336106	1
4162	SNRPG	0.5690845	0.8619815	0.5989278	11.291657	1
4163	FAM136A	0.21427348	0.37344772	0.801166	6.1460166	1
4201	CCT7	0.35051295	0.5546099	0.6618543	7.269057	1
4217	ACTG2	0.002114366	1.2280383	9.115364	44.55244	1
4223	BOLA3	0.14666735	0.41487217	1.4994836	14.420979	1
4227	MTHFD2	0.10696532	0.50683296	2.2433038	25.340271	1
4250	LOXL3	0.034456406	0.12914912	1.9031295	6.137604	1
4264	EVA1A	0.09492089	0.029564168	-1.6795233	6.1220064	1
4308	SUCLG1	0.29660356	0.4868449	0.71473634	7.0389786	1
4317	TGOLN2	0.32759905	0.5302349	0.6945323	7.409691	1
4329	RNF181	0.3472654	0.5907452	0.7663263	9.428391	1
4343	IMMT	0.34338155	0.6347478	0.88617826	13.477961	1
4361	CYTOR	0.4695353	1.5184604	1.6930916	44.55244	1
4470	MRPS5	0.31140584	0.47706285	0.6152226	5.3647914	1
4487	DUSP2	0.16741303	0.01844734	-3.1749892	20.629873	1
4505	CNNM3	0.0293729	0.0020914031	-3.7494621	5.384738	1
4542	MGAT4A	0.07097239	2.1827873e-11	-9.4731455	15.60757	1
4553	TXNDC9	0.21092616	0.37495348	0.8296744	6.5992947	1
4554	EIF5B	0.6456156	0.9454509	0.5502563	11.2439165	1
4563	PDCL3	0.11957913	0.30628917	1.3561937	9.590836	1
4633	FHL2	0.07578973	0.19080321	1.3308649	5.5276203	1
4659	SLC5A7	0.11861479	0.03950337	-1.5838046	6.3768406	1
4664	SULT1C4	0.278897	0.09644093	-1.5310369	13.763588	1
4665	GCC2	0.72423315	0.4764681	-0.60397106	9.327033	1
4667	LIMS1	0.6720388	1.4165227	1.0756246	44.55244	1
4683	MTLN	0.0858326	0.22003557	1.3571148	6.8953876	1
4692	MIR4435-2HG	0.46383554	1.0037196	1.1135037	27.089869	1
4694	BCL2L11	0.17117345	0.037088286	-2.2033813	14.014873	1
4696	AC108463.3	0.12087266	0.26846272	1.1505778	6.6686373	1
4698	AC068491.3	0.047176383	0.19364227	2.0349472	9.342586	1
4705	MERTK	0.043960247	0.006577431	-2.7221127	5.2386208	1
4753	ACTR3	0.54558015	1.3813766	1.3400837	44.55244	1
4781	DBI	0.9757742	1.6697236	0.77492857	44.55244	1
4782	TMEM37	0.11838298	0.023400115	-2.3339403	11.025612	1
4785	CFAP221	0.032464847	0.0016364531	-4.2291	6.2517333	1
4808	AC011246.1	0.032467674	2.1827873e-11	-8.347297	7.3551807	1
4822	GYPC	0.31419566	0.6575786	1.0652605	17.511337	1
4840	LIMS2	0.008976067	0.33083856	5.188352	26.021938	1
4862	MZT2B	0.8294116	1.2056565	0.5396045	16.456842	1
4865	IMP4	0.065107055	0.2646797	2.0216925	12.809429	1
4887	MZT2A	0.41136634	0.68776363	0.74134827	11.288448	1
4892	C2orf27A	0.07513697	0.3611804	2.2636054	18.60659	1
4946	LRP1B	0.07906211	0.019688822	-2.0001245	6.5414777	1
4992	RND3	0.18666783	0.5487024	1.5550408	18.785284	1
5002	TNFAIP6	1.3242243e-09	0.13279302	10.376031	10.109377	1
5054	BAZ2B	0.51794416	0.3222354	-0.6845125	7.557651	1
5062	PLA2R1	0.026971042	0.11842305	2.1303453	5.8712077	1
5068	TANK	0.19085173	0.33208546	0.79878086	5.442535	1
5071	PSMD14	0.27893385	0.6004877	1.1059349	16.292439	1
5082	FAP	1.3242243e-09	0.06317485	9.3054695	5.0119824	1
5089	GRB14	0.04248527	2.1827873e-11	-8.73421	9.586641	1
5090	COBLL1	0.01394182	0.14724196	3.3913665	9.440944	1
5096	CSRNP3	0.30439508	0.15752743	-0.94990027	6.9803224	1
5130	METTL5	0.24424347	0.43667817	0.8379901	7.773014	1
5144	GORASP2	0.1664832	0.42231205	1.3424082	13.74984	1
5166	MAP3K20	0.17784454	0.45979863	1.3698882	14.451928	1
5196	HOXD11	0.042803023	0.14027637	1.7101489	5.601937	1
5218	NFE2L2	0.35480863	0.660941	0.8972922	14.105369	1
5224	AGPS	0.14802529	0.31323946	1.0809084	7.4525657	1
5260	ITGA4	0.46249813	0.95209575	1.0414989	24.71395	1
5271	FRZB	0.6529527	0.0980595	-2.7339995	44.55244	1
5272	NCKAP1	0.3626903	0.6257307	0.78663665	10.163875	1
5284	ZNF804A	0.019779963	0.20985177	3.400671	12.243701	1
5288	FSIP2	0.122818366	0.015576828	-2.970995	15.6060295	1
5293	ITGAV	0.5266807	1.375322	1.3845998	44.55244	1
5304	COL3A1	1.7483819	3.0543404	0.80480516	44.55244	1
5305	COL5A2	0.83847004	2.0062966	1.2586036	44.55244	1
5330	GLS	0.25569546	0.52196825	1.0292478	12.58457	1
5337	MYO1B	0.25313985	0.53653073	1.0834253	13.039772	1
5374	HSPD1	0.91080254	1.3607064	0.57909334	21.151777	1
5375	HSPE1	0.7001878	1.1001813	0.6518526	17.834545	1
5376	MOB4	0.32490686	0.5437434	0.74272114	8.616103	1
5382	PLCL1	0.3876587	0.12780367	-1.6001014	20.53141	1
5398	SPATS2L	0.72064334	1.0208163	0.5023071	9.769993	1
5414	CFLAR	0.13665648	0.27592716	1.013201	5.953796	1
5420	TRAK2	0.07133003	0.1856671	1.3788923	6.110761	1
5435	NOP58	0.1458182	0.28845495	0.9836861	6.228908	1
5444	NBEAL1	0.44447982	0.6593708	0.5688664	6.9699492	1
5446	ABI2	0.76043665	0.53133875	-0.5171144	7.914969	1
5448	RAPH1	0.21551697	0.08647868	-1.316387	8.458249	1
5458	NRP2	0.11821578	0.35054457	1.5673668	11.239303	1
5469	ADAM23	0.027437307	0.20115829	2.8695889	11.845992	1
5479	KLF7	0.11705292	0.30664578	1.3886505	9.478929	1
5492	CCNYL1	0.05163529	0.26221058	2.3420553	12.760821	1
5502	IDH1	0.1472758	0.2891632	0.97288305	5.846259	1
5536	BARD1	0.07542295	0.18939385	1.3271639	5.7408557	1
5543	FN1	2.3738542	3.521466	0.568925	44.55244	1
5569	IGFBP2	0.49374965	1.2054132	1.2875037	32.191288	1
5589	ARPC2	1.7088063	2.601609	0.60638624	44.55244	1
5655	CHPF	0.111445226	0.29102996	1.3840345	9.9572315	1
5683	ACSL3	0.32554165	0.51795435	0.66981834	6.6123514	1
5688	SCG2	0.026349232	0.42661983	4.0119915	20.520462	1
5693	SERPINE2	0.08765235	0.5011382	2.5139868	20.395163	1
5740	SP100	0.15977338	0.35934338	1.1688348	9.175917	1
5753	PSMD1	0.4688574	0.83171684	0.82680905	16.087528	1
5782	EIF4E2	0.420952	0.7157229	0.7656044	11.962715	1
5784	EFHD1	0.0031820086	0.09933482	4.9211	8.280216	1
5822	SH3BP4	0.01441393	0.09865759	2.7664535	6.0567074	1
5849	LRRFIP1	0.30597994	0.5995395	0.97018707	13.10335	1
5852	RAMP1	0.0019892599	0.14487448	6.116663	11.317989	1
5853	UBE2F	0.14083256	0.30503917	1.1144624	7.389945	1
5886	NDUFA10	0.45467556	0.64526105	0.50495183	5.8467503	1
5889	COPS9	0.65498644	0.93797547	0.51801866	10.421802	1
5917	PPP1R7	0.2339123	0.4728124	1.0149885	10.604041	1
5919	HDLBP	0.77821386	1.3057148	0.7465264	29.596987	1
5925	STK25	0.17252634	0.37729868	1.1284367	9.338744	1
5927	BOK	0.026319956	0.15368043	2.5411718	8.492394	1
5931	DTYMK	0.12864292	0.27952507	1.1190007	6.8841925	1
6000	LMCD1	0.055378985	0.5236975	3.238996	29.291492	1
6024	ARPC4	0.45833582	0.8580877	0.9045735	19.541836	1
6049	SEC13	0.24623375	0.6242356	1.3417075	20.610106	1
6063	VGLL4	0.8648128	0.5075211	-0.7688027	16.808664	1
6088	TMEM43	0.07919135	0.18966895	1.2590086	5.41237	1
6118	ANKRD28	0.096153945	0.26621345	1.4682076	8.4998455	1
6123	DPH3	0.26695123	0.6226172	1.2214607	19.03046	1
6142	SATB1	0.19039923	0.05925815	-1.6822671	11.162837	1
6208	DYNC1LI1	0.2238611	0.47288945	1.0785599	11.396148	1
6237	LRRFIP2	0.18930571	0.42609435	1.1700315	12.043106	1
6251	OXSR1	0.13614342	0.34127516	1.3251715	11.031037	1
6406	MAP4	0.56036186	1.3452201	1.2632613	44.55244	1
6419	SHISA5	0.26128626	0.4481719	0.77819085	6.843077	1
6423	UQCRC1	0.2203155	0.4709756	1.0957329	13.255142	1
6431	PRKAR2A	0.380772	0.67324483	0.82203937	12.099641	1
6442	NDUFAF3	0.34628364	0.5184125	0.582008	5.54411	1
6456	RHOA	1.218731	1.8690969	0.6169204	44.55244	1
6461	DAG1	0.102549255	0.21817853	1.088447	5.2682657	1
6469	GMPPB	0.026564617	0.11556602	2.1169667	5.9767075	1
6487	GNAI2	0.7061272	1.3104227	0.8919379	37.327526	1
6499	RASSF1	0.03342571	0.15171312	2.1789565	7.5516024	1
6543	TWF2	0.13275993	0.37140343	1.4834694	12.906079	1
6556	NT5DC2	0.53625405	0.82084197	0.61409456	10.618457	1
6559	GNL3	0.15295418	0.27693003	0.8559999	5.0446415	1
6560	GLT8D1	0.22887696	0.41213462	0.84826314	7.0078745	1
6561	SPCS1	0.6797524	0.9903114	0.5428063	12.393814	1
6573	TKT	0.5606899	1.1194954	0.9974451	32.923	1
6593	WNT5A	0.19554733	0.09681178	-1.0135114	5.461414	1
6613	ARF4	0.59612095	1.3097209	1.1354505	44.55244	1
6618	SLMAP	0.13316615	0.52679294	1.9831995	21.530102	1
6619	FLNB	0.045156654	0.2808037	2.6338737	14.847019	1
6628	PDHB	0.2858996	0.4561431	0.6737897	5.928254	1
6644	PTPRG	0.33931753	0.5173872	0.6084623	5.5441647	1
6654	THOC7	0.2431955	0.46098512	0.9223234	9.359113	1
6693	TMF1	0.29946843	0.5471532	0.8693229	10.975377	1
6705	FOXP1	0.6023199	1.0976244	0.86567456	26.03316	1
6734	CNTN3	0.050849076	0.004253391	-3.5488446	8.048253	1
6740	ROBO2	0.1416105	0.041089166	-1.7826098	9.511707	1
6769	VGLL3	0.0020576348	0.1629837	6.2400184	12.215615	1
6794	CRYBG3	0.34070373	0.19527619	-0.8026864	6.45576	1
6817	ST3GAL6	0.07087805	0.016665354	-2.08189	5.8816614	1
6818	DCBLD2	0.4016973	0.8124384	1.0159683	19.538513	1
6824	COL8A1	0.025885211	0.355026	3.7725682	21.143587	1
6827	FILIP1L	0.22333047	1.2732749	2.5107594	44.55244	1
6830	NIT2	0.10614981	0.23045754	1.1176666	5.8312554	1
6833	TMEM45A	0.05842465	0.18146929	1.6334038	7.1205497	1
6835	TFG	0.42115384	0.74198526	0.8168952	14.808264	1
6838	SENP7	0.27156955	0.14731897	-0.88193053	6.1113906	1
6846	NXPE3	0.05496273	0.14867006	1.4339362	5.0290756	1
6854	ALCAM	0.018067975	0.32508034	4.1617703	20.98846	1
6889	NECTIN3-AS1	0.0050593265	0.18439308	5.16024	10.628635	1
6896	PHLDB2	0.071444094	0.6058721	3.0823467	36.09423	1
6906	CD200	0.031154504	2.1827873e-11	-8.28792	7.2539	1
6930	NAA50	0.14994341	0.29846686	0.992674	5.879285	1
6945	ZBTB20	0.24030933	0.11802126	-1.0252242	6.5892277	1
6956	LSAMP	0.2743546	0.10407712	-1.3975289	12.64375	1
6977	TIMMDC1	0.24517736	0.4753248	0.95480305	9.907104	1
6983	COX17	0.26698786	0.48093146	0.8488169	8.544221	1
6993	FSTL1	0.74872375	1.3031971	0.7994679	30.698467	1
7020	KPNA1	0.15479773	0.29928085	0.9506659	5.872629	1
7030	PDIA5	0.04228432	0.24130389	2.5098462	13.16906	1
7037	MYLK	0.21746351	1.8207762	3.0651243	44.55244	1
7045	ITGB5	0.17309664	0.30958185	0.83837575	5.196309	1
7048	HEG1	0.07630439	0.29194945	1.9344851	12.684053	1
7096	MGLL	0.11620114	0.2534907	1.1246364	6.416361	1
7099	SEC61A1	0.19750041	0.41022292	1.0541737	10.050834	1
7110	RPN1	0.25168857	0.46753368	0.89316607	9.370845	1
7111	RAB7A	0.3069813	0.5220862	0.7659438	8.406656	1
7124	COPG1	0.141688	0.40184858	1.5032755	14.399009	1
7156	MRPL3	0.23468198	0.501189	1.094321	13.146071	1
7163	UBA5	0.111698404	0.25548783	1.1929195	6.692814	1
7172	CDV3	0.6439007	1.140442	0.8245854	27.075884	1
7175	SRPRB	0.09925794	0.23584116	1.24772	6.9496207	1
7183	AMOTL2	0.008679833	0.22902845	4.705819	16.394384	1
7185	CEP63	0.16900499	0.31257597	0.886749	5.5927277	1
7229	COPB2	0.49733147	0.85677636	0.7845893	16.892197	1
7233	RBP1	0.16267653	0.07084226	-1.1981755	5.5700636	1
7234	NMNAT3	0.025996692	2.1827873e-11	-8.027723	6.1507616	1
7254	RNF7	0.89597964	1.4102385	0.65434253	28.59072	1
7257	ATP1B3	0.30709586	0.74909353	1.2861798	25.32491	1
7259	TFDP2	0.378884	0.2182401	-0.79555976	6.951931	1
7275	CHST2	0.43357244	0.17538851	-1.3052291	17.238245	1
7277	SLC9A9	0.08607508	0.02054822	-2.0612533	7.376346	1
7287	PLOD2	0.116504885	0.34155887	1.5509282	12.512666	1
7290	PLSCR1	0.19203079	0.09090954	-1.077999	6.1135025	1
7308	AGTR1	0.27833965	0.06482542	-2.1005092	23.30447	1
7309	CPB1	0.023311429	2.1827873e-11	-7.871069	5.2265434	1
7331	PFN2	0.44115314	0.7735415	0.8100587	14.650002	1
7339	TSC22D2	0.122084364	0.29634044	1.2786826	8.506546	1
7340	SERP1	0.57216513	1.0142175	0.8257536	20.086693	1
7354	P2RY14	1.3242243e-09	0.11223854	10.133618	8.325235	1
7364	SUCNR1	0.08916471	0.0173812	-2.3522859	7.343835	1
7366	MBNL1	0.33420378	0.6053646	0.8568831	11.030323	1
7371	P2RY1	0.07728946	0.014588834	-2.3974173	8.109672	1
7386	MME	0.056456696	0.011706316	-2.260139	5.1864758	1
7405	SSR3	0.6462545	1.4193554	1.13494	44.55244	1
7407	TIPARP	0.11773752	0.27316675	1.2135109	7.591521	1
7426	MLF1	0.08560045	0.21092945	1.3000697	6.253151	1
7444	C3orf80	0.0008165939	0.2202546	7.9093285	14.590622	1
7446	SMC4	0.118073486	0.39515215	1.7418668	14.276559	1
7451	PPM1L	0.07234207	0.18033819	1.3166051	5.0136943	1
7467	SLITRK3	0.06551579	0.0027110372	-4.5448685	11.630704	1
7477	SERPINI1	0.69176716	0.25495654	-1.439678	27.028097	1
7487	MECOM	0.9347864	0.15366383	-2.604075	44.55244	1
7516	RPL22L1	0.54235595	1.0167681	0.90655464	23.93411	1
7527	FNDC3B	0.33160004	0.7010161	1.0797743	18.108538	1
7561	ZMAT3	0.17474255	0.40962002	1.2285819	10.962065	1
7568	GNB4	0.23450078	0.47767788	1.0261321	10.957602	1
7574	MRPL47	0.33017343	0.6198263	0.90843594	13.268577	1
7615	KLHL24	0.2774127	0.093385324	-1.569742	15.093068	1
7630	AP2M1	0.7872005	1.3566175	0.78513396	34.169453	1
7637	PSMD2	0.39675236	0.706362	0.8320097	13.708254	1
7638	EIF4G1	0.35405385	0.7261357	1.0360615	19.079803	1
7641	POLR2H	0.21078841	0.3939199	0.90178853	7.9775896	1
7673	DNAJB11	0.2942238	0.45599985	0.6319456	5.4189835	1
7706	LPP	0.62234604	0.9774249	0.6511846	14.006654	1
7717	IL1RAP	0.06942278	0.17428085	1.3266839	5.5080094	1
7724	CCDC50	0.32455915	0.6163037	0.92494977	13.180784	1
7751	HES1	0.55836105	0.24176039	-1.2072822	19.776361	1
7760	ATP13A3	0.12087685	0.29001674	1.2619026	8.447555	1
7795	PCYT1A	0.15512396	0.3411374	1.1364245	8.670507	1
7812	PAK2	0.5559026	0.79554635	0.51703566	8.066733	1
7880	SPON2	0.07066289	0.7188301	3.3447866	30.641253	1
7894	SLBP	0.18227094	0.32069373	0.81477	5.136043	1
7902	C4orf48	0.43361458	0.7143996	0.72018725	11.233662	1
7977	GRPEL1	0.091273226	0.25591907	1.4864078	9.419677	1
7982	AFAP1	0.12022325	0.41446912	1.7846973	16.641443	1
7989	HTRA3	0.03256066	0.18945715	2.5370069	10.096181	1
8031	WDR1	0.20417666	0.8009024	1.9712822	42.163273	1
8061	CPEB2	0.014211067	0.08655329	2.5981233	5.282242	1
8069	BST1	0.003270291	0.061280906	4.186845	5.365571	1
8098	SLIT2	0.10652026	0.26215485	1.2984878	7.371348	1
8101	KCNIP4	0.102418356	0.02727346	-1.9050325	7.5083323	1
8104	AC096576.6	0.088842064	0.017311981	-2.3527856	8.795101	1
8107	KCNIP4-IT1	0.17800966	0.04013362	-2.1462922	13.605816	1
8118	SOD3	0.01610332	0.15351996	3.2450044	9.446713	1
8185	TBC1D1	0.5403872	0.3609132	-0.58220905	6.5227284	1
8199	FAM114A1	0.20483029	1.0527027	2.3610299	44.55244	1
8209	UGDH	0.18839446	0.3514764	0.8993161	6.465985	1
8215	UBE2K	0.3741599	0.6230869	0.7356246	9.774189	1
8228	APBB2	0.17551425	0.34691274	0.98257864	7.1809535	1
8231	UCHL1	0.6371718	1.5254803	1.2593774	44.55244	1
8267	GABRA2	0.08991924	0.02435827	-1.8799111	6.23815	1
8271	GABRB1	0.053636707	0.0031379585	-4.0527515	9.302423	1
8286	SLAIN2	0.24495277	0.39643845	0.6943683	5.315343	1
8287	SLC10A4	0.028057829	2.1827873e-11	-8.137392	5.900562	1
8292	OCIAD2	0.37426725	0.1433054	-1.3843547	16.62543	1
8297	SGCB	0.29261932	0.46582857	0.6705909	6.1803603	1
8322	PDGFRA	1.4139004	0.17286852	-3.0312011	44.55244	1
8337	TMEM165	0.58649325	0.999448	0.76891536	20.672285	1
8353	PAICS	0.118954584	0.25202096	1.0824928	5.961637	1
8354	SRP72	0.42826137	0.6577066	0.6188352	8.221531	1
8357	HOPX	0.05069837	0.20064124	1.9824829	7.3525815	1
8363	IGFBP7	1.42747	3.5006225	1.2940912	44.55244	1
8453	SLC4A4	0.0039043843	0.06978235	4.1252756	5.5839877	1
8501	G3BP2	0.46010557	0.6765923	0.5562216	7.2055173	1
8502	USO1	0.2698015	0.4451148	0.7220686	6.495558	1
8517	STBD1	0.02687383	0.1658679	2.6212718	10.026533	1
8523	SEPTIN11	1.1213276	2.3270402	1.0532215	44.55244	1
8525	CCNG2	0.23642312	0.10942119	-1.1107712	7.442479	1
8547	FGF5	0.00091600575	0.0613695	5.9188905	5.158748	1
8562	SEC31A	0.5857755	1.1734728	1.0022413	37.02519	1
8585	ARHGAP24	0.16695935	0.42856014	1.3594736	13.784557	1
8586	MAPK10	0.104250394	0.036846094	-1.4979423	5.585346	1
8592	AFF1	0.31187013	0.10618907	-1.5534146	17.72892	1
8624	GPRIN3	0.27789396	0.03057531	-3.1799037	36.7143	1
8648	PDLIM5	0.26104656	0.84155834	1.6883751	36.786884	1
8662	RAP1GDS1	0.090214714	0.273694	1.6000578	10.491007	1
8663	TSPAN5	0.17376092	0.30784184	0.82472414	5.0741253	1
8687	H2AFZ	0.9880128	1.7272823	0.8058398	37.934082	1
8691	EMCN	0.69884527	0.29672104	-1.2355863	26.673132	1
8696	PPP3CA	0.5103369	0.30829912	-0.7269341	8.327414	1
8712	BDH2	0.34928194	0.19593796	-0.83367187	7.05411	1
8721	CXXC4	0.09282187	0.02991876	-1.6301539	5.6605134	1
8736	NPNT	0.03856663	0.21570194	2.4805467	10.403867	1
8740	AIMP1	0.2802975	0.46364415	0.7258557	6.861694	1
8746	PAPSS1	0.17375223	0.3221455	0.8902985	6.028497	1
8747	SGMS2	0.0009292897	0.103074424	6.6472926	8.567	1
8756	OSTC	1.1356219	1.7499888	0.6238185	40.006588	1
8759	COL25A1	0.18841131	0.06342073	-1.5693517	9.312259	1
8777	PITX2	0.06568292	0.18892592	1.5227991	6.3024616	1
8783	FAM241A	0.13509038	0.31134263	1.2039739	8.477232	1
8799	CAMK2D	0.27189836	0.4568062	0.74830014	6.684595	1
8800	ARSJ	0.06508162	0.6806835	3.384659	44.55244	1
8818	PRSS12	0.011024305	0.16389816	3.8818924	9.288807	1
8821	SEC24D	0.15110888	0.5012181	1.7291836	22.614094	1
8825	C4orf3	0.75676215	1.2595468	0.73491675	26.166878	1
8842	ANXA5	0.9649046	1.8736743	0.9573394	44.55244	1
8862	SPRY1	0.35513514	0.7328795	1.0449986	15.784451	1
8913	PCDH10	0.5245043	0.18597741	-1.4953268	22.760376	1
8931	PCDH18	0.52840877	0.35751268	-0.5635297	5.4571466	1
8940	SLC7A11	0.015654786	0.10715394	2.7671685	6.5361524	1
8961	MAML3	0.11474467	0.021838982	-2.3881154	11.397602	1
8981	INPP4B	0.12638636	0.333376	1.3986009	9.078084	1
9003	ABCE1	0.23581567	0.4002113	0.762851	6.009567	1
9022	TTC29	0.02272356	2.1827873e-11	-7.8343797	5.2552485	1
9032	ARHGAP10	0.08123124	0.24964416	1.6185695	9.093138	1
9086	TMEM131L	0.12289088	0.36054865	1.5520426	12.78579	1
9110	GUCY1A1	0.2375971	0.5854596	1.3006917	16.433874	1
9123	GRIA2	0.17115763	0.0024917838	-6.046079	29.109226	1
9129	GASK1B	0.09595387	0.24188173	1.3329825	6.661759	1
9153	NPY1R	0.15757664	0.32735696	1.0543363	6.3877254	1
9170	MSMO1	0.2052449	0.6259652	1.6082637	23.244225	1
9171	CPE	0.3134158	0.18268092	-0.7784226	5.118263	1
9176	SPOCK3	0.03351776	0.0026011977	-3.6375525	5.2482224	1
9183	PALLD	0.50203514	1.5781347	1.6521641	44.55244	1
9218	SCRG1	0.020159278	0.18151274	3.1642108	10.417734	1
9283	WWC2	0.12579878	0.2592994	1.0429108	5.9052796	1
9329	PDLIM3	0.0009579829	0.44144005	8.705084	30.490028	1
9342	FAT1	0.23291396	1.1180975	2.262687	44.55244	1
9412	CLPTM1L	0.15220508	0.28001	0.8790294	5.2153807	1
9420	MRPL36	0.2793805	0.47367954	0.76146835	7.3586197	1
9421	NDUFS6	0.6988746	1.0180308	0.54261094	12.54181	1
9459	ADAMTS16	0.0010704233	0.08318194	6.1529016	6.849682	1
9462	ICE1	0.21374147	0.37636638	0.8159793	6.2585063	1
9467	MED10	0.24177134	0.39177942	0.6961699	5.3138924	1
9503	SEMA5A	0.26592857	0.7462299	1.4882324	25.093151	1
9507	SNHG18	0.17313734	0.35226914	1.0243375	7.5528474	1
9519	CCT5	0.5507346	1.0126139	0.87853557	23.836	1
9533	DAP	0.13037662	0.3624452	1.4743695	12.320672	1
9565	MYO10	0.17890026	0.42147246	1.235819	11.642825	1
9611	CDH10	0.052779414	0.0028507945	-4.163531	8.721939	1
9650	GOLPH3	0.14697942	0.2811549	0.93528277	5.6352806	1
9664	TARS	0.2618177	0.57333535	1.1305175	15.825687	1
9674	RAI14	0.15861857	1.0427097	2.715933	44.55244	1
9680	DNAJC21	0.3376935	0.59862393	0.8257494	10.163968	1
9685	IL7R	0.18462464	0.36852235	0.99676716	6.8190565	1
9742	C7	0.13956214	0.023988815	-2.5355058	14.567455	1
9746	OXCT1	0.053810272	0.1514218	1.4908932	5.680187	1
9754	SELENOP	1.2076205	0.31817773	-1.9239285	44.55244	1
9768	HMGCS1	0.22299613	0.5797162	1.3779302	18.544752	1
9805	AC022126.1	0.02350138	0.26452604	3.487012	16.732666	1
9806	PELO	0.11140685	0.44780335	2.0060549	21.158918	1
9807	ITGA1	0.18257752	1.9878981	3.4439454	44.55244	1
9809	ITGA2	0.30927148	0.026200132	-3.5561981	41.092144	1
9833	GPX8	0.36651793	0.9161375	1.3214444	33.60232	1
9839	PLPP1	0.077095516	0.23902473	1.6311744	8.966055	1
9886	NDUFAF2	0.10969902	0.2868237	1.3858019	8.895606	1
9911	CENPK	0.015118057	0.11439015	2.9113674	6.891762	1
9917	NLN	0.076268286	0.18706046	1.2932302	5.552566	1
9955	CCDC125	0.061680432	0.015038197	-2.0289567	5.0667863	1
9956	AK6	0.14315228	0.26834926	0.90609115	5.0177193	1
9957	TAF9	0.26808268	0.4391007	0.7116643	6.239451	1
9979	MAP1B	0.62155956	1.9519892	1.6508223	44.55244	1
9997	FOXD1	0.0033629583	0.090885356	4.7155576	6.485747	1
10013	ENC1	0.13493378	0.5320345	1.9784706	22.370089	1
10024	HMGCR	0.1738841	0.34062162	0.969638	7.2510896	1
10037	F2RL2	0.0011567157	0.073871404	5.8792377	6.457591	1
10039	F2R	0.21861455	1.1727352	2.4228792	44.55244	1
10048	WDR41	0.15897591	0.44441888	1.4825292	16.199877	1
10090	SSBP2	0.4996125	0.2852309	-0.8084624	9.7448015	1
10106	TMEM167A	0.5114922	0.892851	0.8035867	17.35834	1
10108	VCAN	0.9219002	1.9861653	1.1072193	44.55244	1
10110	HAPLN1	0.008497949	0.10139444	3.5612645	7.0122924	1
10111	EDIL3	0.28047103	0.91360927	1.7033693	37.81768	1
10112	AC113383.1	0.022765618	0.12664184	2.4706411	6.9216185	1
10143	MEF2C	1.3586333	0.73821557	-0.8799528	33.36074	1
10164	ARRDC3	0.1694768	0.07260455	-1.2218213	6.5077744	1
10176	NR2F1	1.1802578	0.7378483	-0.67763263	16.950525	1
10191	TTC37	0.3046121	0.50770086	0.7368161	7.4351435	1
10247	PAM	0.13585228	0.27249458	1.0036565	6.06822	1
10286	STARD4	0.13690662	0.34077355	1.314991	10.177713	1
10291	EPB41L4A-AS1	0.36000252	0.16520302	-1.1232945	11.571967	1
10299	REEP5	0.288646	0.6310896	1.1282725	17.65129	1
10320	TMED7	0.22925168	0.39598387	0.78824437	6.299732	1
10333	SEMA6A	0.35861304	0.14209189	-1.334991	14.411919	1
10356	PRR16	0.1374265	0.0520188	-1.3998338	6.256214	1
10361	LOX	0.007915021	0.5997652	6.225788	38.496624	1
10375	PPIC	0.59684926	1.194884	1.001311	35.42091	1
10398	GRAMD2B	0.06324617	0.17064229	1.4304911	5.8343625	1
10411	PRRC1	0.13804029	0.29195824	1.0801219	7.1913857	1
10425	ADAMTS19	0.20826125	0.035434946	-2.5517766	19.942968	1
10444	P4HA2	0.124993384	0.84046996	2.7483623	44.55244	1
10445	PDLIM4	0.074649245	0.25765538	1.7858716	10.526842	1
10461	SEPTIN8	0.13895315	0.42325374	1.6062272	16.64383	1
10482	VDAC1	0.606408	1.0564076	0.80070454	21.812202	1
10489	UBE2B	0.5258267	0.79559803	0.59735924	9.840763	1
10496	SAR1B	0.2082597	0.3753922	0.8497066	6.695478	1
10500	C5orf24	0.47830635	0.7867672	0.7178837	12.712048	1
10501	TXNDC15	0.16225986	0.33813563	1.0588335	7.947055	1
10526	TGFBI	0.047528747	0.92985696	4.2872596	44.55244	1
10557	EGR1	1.2928886	0.44746795	-1.530531	44.55244	1
10558	ETF1	0.20149973	0.3750031	0.89579344	7.2719693	1
10559	HSPA9	0.39856932	0.5939518	0.57539624	6.260218	1
10579	UBE2D2	0.6446272	1.0326247	0.67969495	17.779266	1
10596	PFDN1	0.33799252	0.6613044	0.9681146	15.695625	1
10597	HBEGF	0.03419447	0.6418143	4.2263327	33.575657	1
10602	SRA1	0.21209882	0.49762583	1.2299345	14.650971	1
10679	PCDHGB6	0.3054696	0.14702085	-1.0544993	8.695998	1
10706	GNPDA1	0.33222866	0.19946367	-0.7357616	5.6451316	1
10708	SPRY4	0.18722627	0.32846037	0.81060517	5.185898	1
10710	FGF1	0.011863314	0.11132403	3.2193716	7.6463428	1
10717	NR3C1	0.32964006	0.5210677	0.66041857	6.8459816	1
10722	YIPF5	0.30385098	0.5637951	0.8915882	10.765166	1
10734	LARS	0.37050918	0.6272588	0.75939226	9.720863	1
10748	DPYSL3	0.016895441	0.1503754	3.146308	9.03932	1
10755	C5orf46	1.3242243e-09	0.113938384	10.155285	8.927897	1
10795	PDGFRB	1.7952846	1.1793172	-0.60621876	31.519176	1
10818	ANXA6	0.4761328	1.113248	1.2251658	41.00899	1
10829	SPARC	1.2803149	3.008258	1.2323649	44.55244	1
10832	ATOX1	0.7137125	1.051778	0.55935025	12.483684	1
10876	ADAM19	0.078519285	0.34512335	2.134575	15.962756	1
10915	PTTG1	0.029309988	0.16510706	2.4898973	6.0457573	1
10956	RARS	0.16809043	0.42295313	1.3307432	13.403585	1
10960	SLIT3	0.11613751	0.6160234	2.4061437	31.308527	1
10975	KCNMB1	0.050295405	0.31250936	2.6329968	16.145634	1
10996	NEURL1B	0.010761946	0.1037005	3.256459	6.7239647	1
11002	ERGIC1	0.16341436	0.31601945	0.95105237	6.507677	1
11007	CREBRF	0.25367403	0.14137338	-0.84301364	5.036067	1
11011	STC2	0.0010189915	0.12297089	6.7811465	7.4403853	1
11058	CLTB	0.32509258	0.5697579	0.80930793	9.762507	1
11079	PRELID1	0.5956832	1.234754	1.051481	40.743015	1
11089	PDLIM7	0.41684595	1.0914199	1.3884063	43.77429	1
11095	TMED9	0.51259375	1.174892	1.1964816	43.438496	1
11110	NHP2	0.36807925	0.62708557	0.7684841	10.528951	1
11112	HNRNPAB	0.5897783	1.035615	0.8121377	21.708076	1
11129	ADAMTS2	0.0030474006	0.2687362	6.416423	23.2436	1
11140	CANX	0.73635834	1.1322399	0.6206313	17.39152	1
11143	MGAT4B	0.22563493	0.393811	0.80323994	6.234575	1
11144	SQSTM1	0.43461248	0.62424	0.52227044	5.2084618	1
11214	FOXC1	0.5720559	0.37541097	-0.60755324	6.3552904	1
11229	SERPINB6	0.3507354	0.74234855	1.0814967	19.74168	1
11231	NQO2	0.12819853	0.29492158	1.2013158	8.556596	1
11238	TUBB2A	0.07874344	0.5343391	2.7609627	33.199017	1
11240	TUBB2B	0.03928264	0.16174522	2.038983	6.5078526	1
11245	PXDC1	0.043714438	0.2308837	2.3983128	12.245592	1
11294	SSR1	0.32357207	0.57120603	0.819731	10.364248	1
11302	TXNDC5	0.132053	0.44672763	1.7575091	18.673353	1
11318	GCNT2	0.049432	2.1827873e-11	-8.952217	11.163228	1
11335	NEDD9	0.011508058	0.16091888	3.7940314	10.699635	1
11346	HIVEP1	0.117953576	0.29878178	1.3401332	8.192981	1
11347	EDN1	0.0030102471	0.17091982	5.7809906	10.009324	1
11351	TBC1D7	0.089345045	0.1976102	1.1443138	5.272049	1
11357	NOL7	0.519826	0.8753831	0.75177294	15.82687	1
11360	MCUR1	0.21500656	0.48293197	1.167067	13.042139	1
11383	ATXN1	0.14988603	0.38568625	1.3629736	11.871057	1
11392	CAP2	0.03265745	0.25114238	2.939185	15.643964	1
11406	ID4	0.51693183	0.88660246	0.778197	12.561191	1
11423	SOX4	1.790204	1.0980382	-0.70514494	36.569057	1
11424	CASC15	0.17955321	0.081861496	-1.1321965	6.0305557	1
11440	ACOT13	0.17416221	0.3216271	0.88457763	5.636709	1
11442	C6orf62	0.17537323	0.3624565	1.0469548	8.199559	1
11447	RIPOR2	0.044976793	0.31556427	2.807934	16.82447	1
11480	HIST1H2BD	0.10774854	0.027229782	-1.9804609	8.545796	1
11613	HLA-A	0.34032476	0.6899696	1.019406	15.240659	1
11627	RPP21	0.2623766	0.43173203	0.7182814	6.170047	1
11639	PPP1R18	0.19966172	0.4818552	1.2706188	15.456619	1
11643	TUBB	1.2818207	2.1330178	0.7346566	44.55244	1
11647	IER3	0.07280747	1.2466899	4.096008	44.55244	1
11672	HLA-C	0.25093302	0.9409788	1.9064385	44.55244	1
11673	HLA-B	0.16770968	0.64621234	1.9454056	25.005564	1
11677	MICA	0.038177658	0.12656738	1.7264706	5.710174	1
11692	AIF1	0.07338299	0.007682166	-3.2391667	10.45888	1
11709	CLIC1	1.41584	2.0459836	0.5311048	44.55244	1
11714	VARS	0.059321597	0.15922852	1.4229451	5.672769	1
11719	SNHG32	0.8576876	0.5621835	-0.6093227	11.672952	1
11781	SLC39A7	0.33046752	0.5901571	0.8363986	11.096644	1
11805	UQCC2	0.3422188	0.5411425	0.6609348	6.949035	1
11836	TEAD3	0.058393877	0.16901769	1.53167	6.2519293	1
11849	MAPK14	0.103648365	0.22266817	1.1024545	5.478988	1
11858	KCTD20	0.19175205	0.44329643	1.2086029	12.6421	1
11862	CDKN1A	0.103674255	0.31410974	1.5982792	9.764545	1
11868	PPIL1	0.07803311	0.19083783	1.289097	5.6553783	1
11872	MTCH1	0.64979005	1.1636462	0.84050894	31.662651	1
11881	CCDC167	0.3149661	0.5805673	0.8820573	11.4213	1
11886	ZFAND3	0.15413156	0.30169967	0.9684931	6.5339074	1
11889	GLO1	0.45100206	0.6387986	0.50213313	5.646855	1
11899	DAAM2	0.122472145	0.44680482	1.8663365	19.76142	1
11947	MRPS10	0.18170929	0.364914	1.0055258	8.213968	1
11963	MEA1	0.29031998	0.46508524	0.6796647	5.9066577	1
11965	RRP36	0.21104212	0.46801305	1.1486424	12.6101885	1
12006	MRPL14	0.37745878	0.6059953	0.68284345	8.345106	1
12039	ADGRF5	0.010869291	0.2636568	4.587666	17.887844	1
12042	TNFRSF21	0.2189059	0.10349515	-1.0800133	6.9200077	1
12083	TRAM2	0.083286084	0.21118926	1.3413409	6.5612245	1
12085	TMEM14A	0.15628934	0.30284607	0.9539188	5.900613	1
12117	HMGCLL1	0.13008489	0.026240176	-2.3052251	11.92311	1
12118	BMP5	0.7123674	0.07753832	-3.1979833	44.55244	1
12119	COL21A1	0.59130126	0.11337514	-2.381761	44.55244	1
12127	BAG2	0.022061678	0.29292625	3.724891	18.2308	1
12128	RAB23	0.0267234	0.28773344	3.42367	18.689072	1
12159	ADGRB3	0.066670045	0.016625116	-1.9971848	5.441479	1
12161	COL19A1	0.022650737	0.22524297	3.3081372	13.619133	1
12204	COL12A1	0.058490418	1.0652404	4.184506	44.55244	1
12206	TMEM30A	0.2418955	0.49179056	1.023357	11.509685	1
12250	IBTK	0.19096774	0.36086947	0.91779256	7.040249	1
12256	PGM3	0.15533218	0.40475124	1.3811066	13.888175	1
12258	ME1	0.0025085874	0.1718534	6.042605	13.33676	1
12259	PRSS35	0.01319219	0.34847474	4.712817	20.378729	1
12274	NT5E	0.0023848119	0.11822538	5.573479	9.5844555	1
12277	SNHG5	0.67091095	1.0793227	0.6858517	18.307316	1
12298	PNRC1	1.3517492	0.76470715	-0.8217663	34.142986	1
12302	GABRR1	0.1941504	0.005091161	-5.2257166	38.9211	1
12313	BACH2	0.024026008	0.10981596	2.1877398	5.5430417	1
12360	ASCC3	0.19247653	0.5307521	1.4628781	18.745644	1
12371	BVES	0.010115664	0.07802361	2.9349756	5.247803	1
12373	POPDC3	0.0047137756	0.06500667	3.7575648	5.321572	1
12402	SNX3	0.8272872	1.2867856	0.6372493	24.474592	1
12419	MICAL1	0.037280675	0.12491229	1.7417054	5.1692357	1
12435	AMD1	0.22436482	0.3931743	0.80904645	6.0644727	1
12436	GTF3C6	0.5450902	0.8972172	0.7188584	16.340172	1
12453	FAM229B	0.20946133	0.3665268	0.8069397	5.7854395	1
12490	CALHM5	0.021222986	0.09637714	2.1777775	5.306908	1
12496	FAM162B	0.083181016	2.1827873e-11	-9.701843	17.127556	1
12506	SLC35F1	0.304131	0.13515003	-1.1695381	10.305267	1
12507	CEP85L	0.30499315	0.18423983	-0.7268818	5.080653	1
12508	PLN	0.19563204	0.72698754	1.8932492	25.15014	1
12514	MAN1A1	0.13376448	0.2967964	1.1491865	7.5682535	1
12519	GJA1	0.030244168	0.12494692	2.0429783	5.6570077	1
12522	PKIB	0.034777857	0.33002737	3.2426393	19.625097	1
12529	CLVS2	0.06585812	0.0036897683	-4.121369	10.5962925	1
12530	TRDN	0.34709007	0.02538229	-3.7681587	44.55244	1
12537	RNF217	0.10149113	0.2709218	1.4156344	8.682745	1
12544	HEY2	0.12403916	0.32724205	1.3988407	9.983538	1
12549	CENPW	0.06267732	0.21322192	1.764717	7.3043184	1
12551	RSPO3	0.0037678157	0.28099674	6.183404	19.48596	1
12559	PTPRK	0.2239902	0.08621015	-1.3764775	9.665399	1
12582	CCN2	0.34513733	1.5211236	2.139572	44.55244	1
12599	SLC18B1	0.093484856	0.021839242	-2.0927615	8.372389	1
12633	AL035604.1	0.10762045	2.1827873e-11	-10.073076	21.982437	1
12667	HEBP2	0.24588974	0.4532305	0.88196504	8.900002	1
12708	PHACTR2	0.6152066	0.38752615	-0.6666396	8.885279	1
12716	UTRN	0.2543268	0.49393737	0.9573696	9.790875	1
12727	RAB32	0.22601828	0.91002303	2.008984	44.55244	1
12762	PCMT1	0.31300232	0.59122217	0.91731024	12.956018	1
12781	MTHFD1L	0.03431081	0.25974786	2.9167333	16.813612	1
12785	AKAP12	1.0185373	1.6898391	0.7303308	33.426632	1
12794	SYNE1	0.36760736	0.5528022	0.58846635	5.4903564	1
12803	MTRF1L	0.1122641	0.25660506	1.1919304	7.0197997	1
12835	SYNJ2	0.070936404	0.23123918	1.7033792	9.144111	1
12839	GTF2H5	0.564947	0.95769304	0.76134306	19.61954	1
12844	TMEM181	0.11130981	0.23159544	1.0563534	5.3965254	1
12845	DYNLT1	0.6020554	1.1302618	0.90857685	29.229866	1
12866	ACAT2	0.059854936	0.31962168	2.4148662	17.530073	1
12867	TCP1	0.42521182	0.66868055	0.653012	8.294878	1
12868	MRPL18	0.21271485	0.50630385	1.2506896	15.515544	1
12926	MPC1	0.17421821	0.37547478	1.1073769	9.1652355	1
13008	PSMB1	0.956424	1.4125262	0.5625067	22.822426	1
13032	PDGFA	0.67942864	0.9665247	0.50842154	8.305156	1
13044	C7orf50	0.24815036	0.42196062	0.7656544	6.512604	1
13062	PSMG3	0.18289359	0.34995836	0.9358023	6.9591894	1
13072	NUDT1	0.07550635	0.20810103	1.4613979	6.5841556	1
13074	EIF3B	0.2806538	0.43866813	0.64415324	5.403773	1
13082	GNA12	0.10408614	0.26595578	1.3525653	8.526147	1
13093	FOXK1	0.13157791	0.30762935	1.2246487	8.9557085	1
13113	FSCN1	0.23607266	0.41670305	0.81952375	6.9160795	1
13120	AIMP2	0.053458408	0.2057257	1.9422381	9.401764	1
13130	KDELR2	0.66523397	1.4565289	1.1304828	44.55244	1
13160	AC060834.2	0.09577713	0.0015240873	-5.883486	18.620209	1
13168	PHF14	0.76685566	0.5224056	-0.55369663	8.70118	1
13170	THSD7A	0.250553	0.050297987	-2.3142536	23.289951	1
13182	ETV1	0.22316661	0.0489983	-2.1850226	19.657629	1
13183	DGKB	0.050707974	0.007979534	-2.652711	5.9512773	1
13206	AHR	0.046604287	0.18258645	1.9677427	8.450294	1
13240	RAPGEF5	0.16121253	0.061270125	-1.3942502	6.9419503	1
13249	FAM126A	0.11148003	0.30103946	1.4323529	10.421793	1
13256	MALSU1	0.12459227	0.2923026	1.2295841	8.588714	1
13257	IGF2BP3	0.21123819	0.39453453	0.9009636	7.4905434	1
13271	CYCS	0.37513	0.8695029	1.2125818	26.565866	1
13302	HOXA5	0.07518693	0.02139735	-1.8082405	5.4695597	1
13323	JAZF1	0.01923476	0.15457779	2.9999974	10.3941145	1
13326	CREB5	0.034419496	0.30809835	3.1583757	17.825052	1
13341	SCRN1	0.2105493	0.41947383	0.99408156	8.995071	1
13343	FKBP14	0.11087249	0.4686182	2.0785186	23.737467	1
13359	GARS	0.15041786	0.76619166	2.347959	41.701794	1
13364	AQP1	0.0045743887	0.09467985	4.3417306	7.121393	1
13426	EPDR1	0.024493568	0.11710179	2.2526417	6.2769094	1
13453	AMPH	0.17413439	0.06611638	-1.3957694	7.6191316	1
13462	RALA	0.33322138	0.5267517	0.66048324	6.8883224	1
13468	SUGCT	0.018304933	0.16910802	3.2006335	10.835241	1
13473	INHBA	0.07435379	1.1808301	3.9874344	44.55244	1
13487	STK17A	0.14365093	0.34275898	1.2540439	9.398114	1
13489	BLVRA	0.14308687	0.3424269	1.2583181	9.6628065	1
13496	DBNL	0.20844048	0.36254773	0.79824126	6.304934	1
13501	POLD2	0.124449976	0.3126037	1.3280716	9.654108	1
13504	YKT6	0.097897574	0.32633585	1.7359815	14.082325	1
13522	CCM2	0.20582527	0.39409772	0.9367985	8.31522	1
13543	TNS3	0.32968587	0.55030084	0.7389532	7.834057	1
13552	UPP1	0.024924574	0.3052978	3.609272	21.038198	1
13594	SEC61G	0.88897014	1.6400526	0.8834609	44.55244	1
13596	EGFR	0.23554257	0.11785687	-0.9983408	6.546774	1
13610	SUMF2	0.20561944	0.36888555	0.84288615	6.4999366	1
13665	VKORC1L1	0.07188044	0.22853337	1.6673592	9.278573	1
13679	SBDS	0.4032511	1.2003576	1.5734764	44.55244	1
13706	FZD9	0.020709723	2.1827873e-11	-7.7011137	5.0913944	1
13754	MDH2	0.3595126	0.7255041	1.0127391	17.849007	1
13756	HSPB1	1.2307452	1.9698737	0.67852694	44.55244	1
13757	YWHAG	0.34395292	0.6478094	0.9131616	13.263526	1
13774	PTPN12	0.94541717	0.52950984	-0.8361738	21.718925	1
13778	PHTF2	0.53731614	0.24642994	-1.1242769	17.856186	1
13780	MAGI2	0.41263267	0.103344776	-1.9963467	31.36344	1
13786	MAGI2-AS3	1.0352733	0.48654225	-1.0892175	36.76244	1
13791	CD36	0.3384477	0.83711797	1.3062444	15.578593	1
13800	SEMA3E	0.067364775	0.004739923	-3.8010786	10.090334	1
13822	SRI	0.5854298	0.95498276	0.70588315	15.445002	1
13849	AKAP9	0.8393154	0.5347644	-0.6502118	12.545749	1
13850	CYP51A1	0.33732483	0.83303654	1.3039869	27.814596	1
13862	CDK6	0.38189116	0.63400626	0.7311855	9.473039	1
13881	COL1A2	1.2468144	2.596602	1.058318	44.55244	1
13889	PON2	0.12031962	0.28753847	1.2561861	8.041903	1
13894	PDK4	0.120952375	0.037335616	-1.693148	7.0503926	1
13919	ARPC1A	0.45595306	0.73758966	0.6938124	10.754581	1
13920	ARPC1B	0.36480713	1.0252287	1.4904854	44.075317	1
13921	PDAP1	0.5573388	0.8408503	0.5932071	10.655659	1
13922	BUD31	0.3626353	0.72166246	0.992607	17.306807	1
13948	COPS6	0.402266	0.58196664	0.532676	5.6839914	1
13986	GNB2	0.49314654	0.9161254	0.89339375	23.261576	1
13988	POP7	0.14933583	0.3328207	1.1556524	9.01597	1
13994	TRIP6	0.18785642	0.4146847	1.1419644	10.524182	1
14004	SERPINE1	0.028803783	0.42256212	3.8701746	22.54862	1
14009	PLOD3	0.14961496	0.33065388	1.1435395	8.983373	1
14030	POLR2J	0.45033592	0.6382829	0.5031003	5.9037685	1
14043	LRRC17	0.9100346	0.13676096	-2.7333689	44.55244	1
14089	BCAP29	0.3151012	0.49084055	0.6392753	6.236394	1
14096	LAMB1	0.13435085	0.5619613	2.0636485	27.820679	1
14139	TES	0.30123395	0.75450796	1.3243642	24.795193	1
14143	CAV2	0.034942452	0.7953298	4.504559	44.55244	1
14144	CAV1	0.04212791	1.8197285	5.429462	44.55244	1
14149	CAPZA2	0.430395	0.66497725	0.6275255	7.904603	1
14208	GPR37	0.039552964	0.13664341	1.7859706	5.7820597	1
14228	SND1	0.22594516	0.44945392	0.9918831	10.116064	1
14235	IMPDH1	0.02073507	0.15219112	2.869746	9.263844	1
14243	CALU	0.82088566	1.8800945	1.195453	44.55244	1
14280	MEST	0.15092622	0.36227316	1.262677	9.635586	1
14316	BPGM	0.06250017	0.20072156	1.6816757	7.9640536	1
14318	CALD1	2.2328672	4.011933	0.8453715	44.55244	1
14335	MTPN	0.58952326	0.8357197	0.50339836	8.387116	1
14345	CREB3L2	0.123877846	0.3000135	1.2754259	8.634894	1
14350	SVOPL	0.049747698	2.1827873e-11	-8.961383	11.389565	1
14374	NDUFB2	1.0343996	1.5010413	0.53712666	25.736324	1
14390	SSBP1	0.72942686	1.0635006	0.54392356	13.356722	1
14505	ZYX	0.3640776	0.8199122	1.1710032	26.098125	1
14525	AC004889.1	0.47603104	0.2623821	-0.8591397	10.249366	1
14535	CNTNAP2	0.12249071	0.03674069	-1.7344776	8.000969	1
14543	CUL1	0.17409126	0.3876465	1.1544415	10.129508	1
14548	PDIA4	0.4606873	0.8294951	0.8483064	15.6412525	1
14602	TMUB1	0.06607517	0.1669339	1.3357791	5.263028	1
14609	CHPF2	0.08379255	0.19934633	1.249386	5.8935475	1
14614	WDR86	0.023678051	2.1827873e-11	-7.8934865	5.522588	1
14618	RHEB	0.47445107	0.92347175	0.96066076	23.52921	1
14619	PRKAG2	0.036044903	0.22711672	2.6522048	12.3202915	1
14627	LINC01003	0.0819717	0.024572019	-1.734009	5.2037745	1
14652	INSIG1	0.06565237	0.17222837	1.3900453	5.3918777	1
14685	PTPRN2	0.121066995	0.04164016	-1.5374887	6.459075	1
14695	ESYT2	0.054687764	0.14932421	1.4474882	5.3091455	1
14728	ARHGEF10	0.06884155	0.17426474	1.3386629	5.0155077	1
14811	PRAG1	0.025932342	0.16970596	2.7055101	9.8295355	1
14873	FDFT1	0.24498267	0.6235587	1.3474883	20.616777	1
14888	AC145124.1	0.045634564	0.14840737	1.6991777	6.1066504	1
14899	DLC1	0.33010232	0.81848747	1.3097863	26.915985	1
14966	GFRA2	0.07405043	0.009632358	-2.9295938	9.149019	1
14978	BMP1	0.055816185	0.33276185	2.5735855	18.92529	1
14982	POLR3D	0.17715773	0.3794438	1.0984179	9.498865	1
14988	SORBS3	0.21117097	0.47864807	1.180172	12.949401	1
14991	PDLIM2	0.37677076	1.2475631	1.7270867	44.55244	1
14997	EGR3	0.26263425	0.040596534	-2.6906264	29.40872	1
15016	LOXL2	0.12563568	1.0777655	3.0997112	44.55244	1
15022	SLC25A37	0.117843166	0.2619588	1.1517987	6.8070674	1
15050	EBF2	0.12047549	0.04130015	-1.5422287	6.5602813	1
15087	HMBOX1	0.57700187	0.33214086	-0.7965966	11.171115	1
15106	LEPROTL1	0.18896855	0.35216367	0.8977462	7.0868335	1
15115	RBPMS	0.30822173	0.5371422	0.8011362	8.95411	1
15116	GTF2E2	0.118972845	0.24091728	1.0172921	5.387617	1
15121	PPP2CB	0.32455215	0.62588745	0.9472391	13.760736	1
15165	ZNF703	0.061613232	0.1614211	1.388071	5.1631136	1
15170	ADGRA2	0.3852899	0.67525905	0.809336	11.948288	1
15175	EIF4EBP1	0.16219983	0.75948846	2.2265565	37.979633	1
15183	LSM1	0.31362638	0.6607845	1.0748914	17.904364	1
15199	TACC1	0.15952751	0.39722282	1.3156022	12.608395	1
15206	ADAM9	0.13455334	0.44054618	1.7103707	18.450043	1
15242	PLAT	1.4975746	0.28798002	-2.3781826	44.55244	1
15245	POLB	0.14139448	0.057569284	-1.2948707	5.8888655	1
15247	VDAC3	0.35121974	0.58573127	0.7377006	9.460241	1
15257	HOOK3	0.4275514	0.6640992	0.63518083	8.574423	1
15260	HGSNAT	0.1492248	0.30625197	1.0367362	6.997669	1
15272	PRKDC	0.7246623	1.0426745	0.5248474	12.194001	1
15275	UBE2V2	0.30594906	0.57838327	0.9185124	12.384748	1
15285	SNAI2	0.34515175	0.67636997	0.9703772	13.973405	1
15322	TCEA1	0.5506099	0.7892221	0.5193217	8.015594	1
15325	MRPL15	0.20240466	0.34243897	0.7583129	5.1504827	1
15350	IMPAD1	0.17984685	0.31297833	0.7989527	5.040326	1
15361	FAM110B	0.28928715	0.07847911	-1.8807831	20.20721	1
15379	RAB2A	0.85636413	1.4329048	0.74257874	35.42086	1
15391	ASPH	0.24225365	0.578465	1.2553651	19.020592	1
15459	AC083967.1	0.20213899	0.82377744	2.0263686	22.993996	1
15472	TRAM1	0.33163464	0.7096539	1.0972893	19.5512	1
15505	ELOC	0.34656203	0.67079115	0.952549	15.259024	1
15535	PKIA	0.18282415	0.056369603	-1.6956991	10.614816	1
15543	STMN2	0.26540762	1.2508806	2.2362344	44.55244	1
15549	MRPS28	0.12520666	0.24406153	0.9623728	5.0089583	1
15561	PAG1	0.03782193	0.17927586	2.2418814	8.773704	1
15571	FABP4	0.12037237	0.35251102	1.5493752	6.0450964	1
15592	RBIS	0.5367407	0.7809652	0.54094887	8.535188	1
15627	NBN	0.26519224	0.4348022	0.71310854	5.993262	1
15700	GDF6	1.3242243e-09	0.118463404	10.211424	8.408795	1
15706	SDC2	0.24792993	1.6328986	2.7189374	44.55244	1
15707	CPQ	0.09898599	0.26720747	1.431747	9.202573	1
15713	MTDH	0.856291	1.247277	0.54255605	17.485699	1
15751	YWHAZ	1.4852844	2.186923	0.558132	44.55244	1
15757	ZNF706	0.48431396	0.725365	0.5826656	8.047977	1
15774	KLF10	0.32645583	0.16009042	-1.0275418	8.942508	1
15777	AZIN1	0.12707505	0.25506714	1.0046269	5.573706	1
15785	BAALC	0.0076419297	0.34972867	5.4978113	24.368177	1
15790	CTHRC1	0.0052093877	0.13169765	4.6336355	7.59243	1
15793	DCAF13	0.17713752	0.33441973	0.91640717	6.608726	1
15820	EIF3E	1.7440693	1.148859	-0.6022127	32.52797	1
15844	CSMD3	0.057741724	0.0051923753	-3.4501233	8.544771	1
15859	AARD	0.05439816	0.009854915	-2.4527268	5.95336	1
15863	MED30	0.15034878	0.06673525	-1.1705912	5.170721	1
15864	EXT1	0.1796187	0.67018706	1.8990386	33.30414	1
15865	SAMD12	0.05179446	0.009183507	-2.4828386	5.5143356	1
15886	SNTB1	0.011743178	0.12636249	3.4165814	8.077128	1
15904	DERL1	0.12726836	0.293047	1.2026174	8.492646	1
15941	SQLE	0.18246034	0.8929888	2.2904303	44.55244	1
15956	LRATD2	0.054756515	0.0029822448	-4.1536098	9.154498	1
16004	SLA	0.06976425	0.0026515322	-4.6662474	13.147884	1
16045	PTK2	0.365744	0.59887785	0.71127415	8.41124	1
16135	EPPK1	0.004969665	0.07270011	3.8439786	5.1976204	1
16137	PLEC	0.17746459	0.32503468	0.8726935	5.6488924	1
16145	CYC1	0.24018942	0.53612554	1.1580669	15.290213	1
16158	SLC52A2	0.09771529	0.2676694	1.4528592	8.949597	1
16226	PUM3	0.19268233	0.35606414	0.8855694	6.3481107	1
16253	PLGRKT	0.12975663	0.27245706	1.0696386	6.2875924	1
16281	PTPRD	0.31374598	0.18736415	-0.7434419	5.1315975	1
16295	LURAP1L	0.09099285	0.303597	1.7372228	11.999023	1
16310	FREM1	0.14181814	0.018941019	-2.8978765	18.355587	1
16315	PSIP1	0.716544	0.38600397	-0.8922673	16.377844	1
16343	MLLT3	0.22453097	0.09961207	-1.1717167	7.4232454	1
16369	CDKN2A	0.07191408	0.25741148	1.8382858	9.42467	1
16372	CDKN2B	0.0109582525	0.16631025	3.911549	11.096245	1
16389	TUSC1	0.13245972	0.27491283	1.0528564	6.272349	1
16395	PLAA	0.11518239	0.23137642	1.0056931	5.0702577	1
16415	ACO1	0.13699313	0.3292166	1.264319	9.30447	1
16419	NDUFB6	0.44876632	0.6742115	0.5871295	7.587373	1
16428	B4GALT1	0.11800046	0.23550333	0.9963453	5.1396184	1
16492	VCP	0.6582907	1.0022029	0.6063026	13.758842	1
16496	STOML2	0.45912793	0.68242085	0.57166284	7.915293	1
16497	FAM214B	0.050904058	0.18008906	1.8208275	8.071955	1
16508	CCDC107	0.23579688	0.62939155	1.4160306	22.42327	1
16511	TPM2	1.4612523	3.4115336	1.2231586	44.55244	1
16512	TLN1	1.1740446	1.8654671	0.66800416	44.55244	1
16513	CREB3	0.14713651	0.29350594	0.9957456	6.004874	1
16530	GLIPR2	0.17456493	0.71778584	2.0391645	34.24937	1
16551	TOMM5	0.60206324	1.0359745	0.78290117	22.027946	1
16675	KLF9	0.061098613	0.26285154	2.103226	12.221163	1
16676	TRPM3	0.075598985	2.1827873e-11	-9.56413	15.207786	1
16691	ANXA1	0.17301396	1.9965822	3.5278108	44.55244	1
16704	OSTF1	0.16323033	0.44081646	1.4327126	15.2562475	1
16719	PSAT1	0.04440033	0.25310272	2.5084047	12.818889	1
16728	TLE1	0.8550063	0.3739395	-1.192913	32.163944	1
16781	CTSL	0.21976733	0.38584048	0.811745	6.132804	1
16793	S1PR3	0.8248527	0.36118904	-1.191158	29.422401	1
16796	CKS2	0.12471858	0.2919215	1.2262418	7.0845075	1
16824	IARS	0.14691773	0.45861766	1.6416162	18.18891	1
16842	WNK2	0.058149792	0.011106671	-2.377895	5.9801526	1
16846	FAM120A	0.24217555	0.52357155	1.1120135	14.000586	1
16864	AOPEP	0.1976661	0.3581287	0.85708576	6.3221655	1
16892	HABP4	0.060196564	0.272547	2.1768866	13.425678	1
16894	PRXL2C	0.09229732	0.2088127	1.1769773	5.3717875	1
16921	NANS	0.13082689	0.36107478	1.4639356	13.340139	1
16932	TGFBR1	0.10249831	0.31645626	1.6254549	11.734405	1
16935	SEC61B	1.2798849	1.9149069	0.5812228	43.95038	1
16948	TMEFF1	0.094378434	0.030908551	-1.607319	5.64377	1
16978	ABCA1	0.20377597	0.08125004	-1.3254768	8.497482	1
16996	RAD23B	0.33755478	0.68609875	1.0230777	18.594019	1
16999	KLF4	0.01136478	0.08079897	2.8189125	5.624221	1
17011	PALM2-AKAP2	0.51169014	1.1836858	1.2097837	43.061077	1
17014	TXN	1.1374768	1.8887534	0.7315468	44.55244	1
17022	ECPAS	0.11702709	0.24159148	1.0450919	5.502237	1
17027	GNG10	0.4248766	0.6595644	0.63434887	8.577331	1
17047	SLC31A1	0.074170105	0.18508607	1.318122	5.8314443	1
17077	TNC	0.024001976	0.37762797	3.9701242	23.025404	1
17083	PAPPA	0.004628789	0.5224845	6.7880497	30.058273	1
17108	PHF19	0.025902318	0.20522837	2.981221	12.722202	1
17113	GSN	0.69847196	1.3104165	0.9076548	37.382908	1
17164	NEK6	0.069638446	0.23514163	1.7541174	8.978509	1
17174	OLFML2A	0.3054887	0.9986282	1.708501	44.55244	1
17177	ARPC5L	0.36882734	0.61224914	0.7310178	9.246578	1
17181	RABEPK	0.04490392	0.13420694	1.5774112	5.1009994	1
17182	HSPA5	1.1806145	1.7968906	0.60592276	29.775421	1
17186	MAPKAP1	0.20031336	0.5024189	1.3261992	15.92565	1
17210	NIBAN2	0.08318978	0.2345273	1.4941595	8.05851	1
17223	AK1	0.37405726	0.5946573	0.6686564	7.4032116	1
17238	C9orf16	0.99128103	0.691119	-0.5202967	10.688686	1
17241	GOLGA2	0.31100684	0.56485504	0.860726	10.643507	1
17242	SWI5	0.14074	0.33413887	1.2468222	9.930334	1
17250	CERCAM	0.10375043	0.30943653	1.5756024	11.118318	1
17256	SPTAN1	0.3690224	0.6963088	0.91583526	14.939301	1
17267	ENDOG	0.08943656	0.22487108	1.3291907	7.4368153	1
17270	LRRC8A	0.066868104	0.254715	1.9279041	11.350966	1
17298	NTMT1	0.17402789	0.3954995	1.1838932	10.913154	1
17302	PRRX2	0.017673263	0.10548466	2.5706198	5.7198696	1
17314	NCS1	0.06596087	0.2960201	2.1643143	14.669179	1
17364	SURF4	0.20618333	0.46931797	1.1862458	13.64019	1
17369	SLC2A6	0.01837266	0.11307572	2.615101	6.5697026	1
17389	COL5A1	0.109786175	1.5590571	3.8266845	44.55244	1
17448	TMEM141	0.32961515	0.57628983	0.8058248	10.33856	1
17451	RABL6	0.2750925	0.53684485	0.9643328	12.054388	1
17453	PHPT1	0.7789182	1.3407257	0.78339267	33.36323	1
17483	SSNA1	0.29562807	0.5084554	0.7821339	8.035944	1
17484	TPRN	0.021655818	0.10510231	2.273693	5.800499	1
17492	TUBB4B	0.3668303	0.95745623	1.3838513	32.74911	1
17506	MRPL41	0.5381933	0.94951856	0.8189557	20.42429	1
17518	DIP2C	0.07796459	0.23889267	1.6142262	9.263381	1
17526	GTPBP4	0.24613579	0.43188706	0.81094766	6.8240542	1
17529	IDI1	0.29055017	0.78865653	1.4402964	29.55013	1
17550	PFKP	0.055843282	0.36700773	2.7141666	22.607008	1
17551	PITRM1	0.059967645	0.15638077	1.3813254	5.179589	1
17562	KLF6	0.5926045	1.4472786	1.2880573	44.55244	1
17568	LINC00702	1.3242243e-09	0.08713762	9.768787	7.4218016	1
17601	GDI2	0.5073552	0.8954047	0.81942046	18.386272	1
17622	SFMBT2	0.09017666	0.027041163	-1.7338705	6.0386615	1
17628	ATP5F1C	0.7574763	1.1157916	0.55873376	14.881956	1
17630	GATA3	0.8949681	0.13714322	-2.7052624	44.55244	1
17646	SFTA1P	0.0010789755	0.08044209	6.0941377	6.160403	1
17664	NUDT5	0.25157696	0.4255938	0.75824296	6.517905	1
17670	CCDC3	0.006094541	0.72867906	6.8783402	44.55244	1
17671	OPTN	0.3106763	0.8358488	1.4275382	32.56931	1
17682	FRMD4A	0.12534977	0.4555129	1.8606987	20.486467	1
17689	FAM107B	0.38977003	0.20484509	-0.92775583	9.1293545	1
17705	ITGA8	0.14717613	0.017031569	-3.1037946	17.606739	1
17711	RSU1	0.14812478	0.55309016	1.8999889	26.275078	1
17718	VIM	2.9933767	4.598889	0.61949474	44.55244	1
17722	HACD1	0.018837417	0.36649597	4.2748795	26.463661	1
17771	MSRB2	0.4166747	0.7749334	0.8949908	17.13047	1
17799	YME1L1	0.4327589	0.6183111	0.51466954	5.5628524	1
17804	RAB18	0.28303143	0.4539198	0.68128335	6.1168914	1
17814	WAC-AS1	0.16453195	0.32703122	0.9906251	6.6938424	1
17822	SVIL	0.29843077	0.5762386	0.949037	11.123407	1
17844	KIF5B	0.81384605	1.3529466	0.7332065	29.702166	1
17893	ZNF33A	0.24253164	0.11356272	-1.0940086	7.4897346	1
17909	CSGALNACT2	0.106745586	0.2532595	1.2456586	7.4888387	1
17943	RASSF4	0.083842814	0.2485602	1.5666969	8.9047785	1
18032	DKK1	0.003936525	0.111989185	4.7953897	6.8170824	1
18055	PHYHIPL	0.17933157	0.020635644	-3.113249	22.426014	1
18062	CCDC6	0.2532464	0.45007354	0.82936996	7.362381	1
18064	ANK3	0.36324167	0.17490983	-1.0538908	10.345076	1
18071	TMEM26	0.16674446	0.045136265	-1.882952	11.865437	1
18085	EGR2	0.14478694	0.03931613	-1.8780695	10.104681	1
18120	DDX21	0.24628443	0.5108239	1.0521973	11.6557045	1
18121	KIF1BP	0.11208554	0.2637361	1.2337551	7.474387	1
18130	TSPAN15	0.08927286	0.44012022	2.3003166	22.389456	1
18141	SAR1A	0.26819882	0.55138105	1.0394707	13.798819	1
18142	PPA1	0.26259714	0.68927926	1.3918976	23.642008	1
18165	CHST3	0.04581906	0.18669534	2.0242934	8.967147	1
18180	P4HA1	0.2348564	0.7443704	1.6638215	32.411114	1
18187	DNAJC9	0.09438513	0.2262578	1.2604458	6.17658	1
18189	MRPS16	0.26122227	0.41686094	0.6740821	5.343823	1
18192	ANXA7	0.23934716	0.4087844	0.7719856	6.347142	1
18207	CHCHD1	0.40498927	0.6771159	0.74137604	11.049086	1
18216	VCL	0.77761984	1.7549139	1.17416	44.55244	1
18229	VDAC2	0.72884125	1.1615511	0.6723024	21.524706	1
18275	NUTM2B-AS1	0.22303256	0.3720649	0.7380408	5.330108	1
18285	PLAC9	0.12693942	0.36714074	1.5314499	11.518542	1
18286	ANXA11	0.125049	0.38155934	1.6086386	14.622625	1
18306	GHITM	0.39431867	0.6190202	0.65049183	8.315897	1
18314	CCSER2	0.22726417	0.41502225	0.86853135	7.6084514	1
18352	PAPSS2	0.06554617	0.34288526	2.3853638	18.477346	1
18366	ACTA2	0.18587385	3.8443458	4.3696036	44.55244	1
18372	IFIT2	0.27474615	0.06757057	-2.0220237	20.417406	1
18374	IFIT3	0.4562532	0.17924105	-1.347445	19.254889	1
18396	ANKRD1	0.004326005	0.36255974	6.3564677	15.034807	1
18401	PCGF5	0.05913093	0.26211157	2.1463087	11.706274	1
18420	MYOF	0.02224537	0.7319521	5.0338984	44.55244	1
18426	LGI1	0.012035345	0.112007976	3.207602	7.1465583	1
18447	PDLIM1	0.4920126	1.4743938	1.5831596	44.55244	1
18448	SORBS1	0.020928454	0.101566575	2.2734308	5.2086997	1
18449	ALDH18A1	0.07012754	0.17040472	1.2797028	5.0146112	1
18475	PGAM1	0.22514823	0.64040756	1.5076998	24.455292	1
18479	UBTD1	0.0376966	0.14265664	1.9172294	6.159733	1
18486	MARVELD1	0.119189225	0.3611854	1.5986751	13.243797	1
18499	CNNM1	0.13455053	0.018539032	-2.852821	16.401297	1
18523	SCD	0.029385226	0.23253763	2.9800203	14.877435	1
18551	DPCD	0.10330611	0.2490036	1.2684245	7.2621884	1
18576	ACTR1A	0.21671852	0.37775475	0.8013437	6.3570857	1
18581	ARL3	0.4732802	0.7307492	0.6265744	9.39337	1
18596	ATP5MD	0.9074471	1.5144438	0.7388388	43.85347	1
18616	GSTO1	0.55542326	0.84818625	0.6107038	10.903029	1
18639	MXI1	0.21740317	0.102220476	-1.0879415	6.5678988	1
18684	ABLIM1	0.03902285	0.14625254	1.9033643	6.295125	1
18691	GFRA1	0.42009744	0.03865226	-3.438715	44.55244	1
18731	PRDX3	0.334314	0.495559	0.5677128	5.2406507	1
18735	RGS10	0.104257755	0.2589662	1.311783	7.2852063	1
18741	PLPP4	0.0030212933	0.08202037	4.7175245	6.629798	1
18765	HTRA1	0.55157363	1.4400359	1.384318	44.55244	1
18789	OAT	0.19323896	0.4603833	1.2520164	13.810038	1
18817	ADAM12	0.058486044	0.343384	2.5516138	17.264904	1
18833	MKI67	0.005672005	0.1414076	4.615663	6.4196224	1
18852	GLRX3	0.31210467	0.6013842	0.94603485	13.555021	1
18861	BNIP3	0.18895528	0.58718723	1.6352581	20.373762	1
18875	INPP5A	0.07834595	0.21961613	1.48587	8.064408	1
18895	FUOM	0.086104356	0.30432418	1.8202502	12.903179	1
18896	ECHS1	0.36776182	0.56460506	0.61833376	6.9890747	1
18912	BET1L	0.056297902	0.1760877	1.6433998	6.8511443	1
18916	RIC8A	0.14497858	0.27091938	0.90156144	5.274503	1
18918	PSMD13	0.40558988	0.7008248	0.7888824	12.845249	1
18939	RNH1	0.35026446	0.7413357	1.0814652	20.053314	1
18942	HRAS	0.13738687	0.43007	1.6456131	17.096083	1
18958	TALDO1	0.33407727	0.67368454	1.0116738	16.382172	1
18970	CD151	0.29741204	0.9126456	1.6172647	42.812077	1
18971	POLR2L	0.5862133	1.1169251	0.92991793	29.358736	1
18972	TSPAN4	0.14660317	0.34257552	1.2239431	9.577008	1
18975	AP2A2	0.1754521	0.3135912	0.83744586	5.247172	1
18990	DUSP8	0.005323029	0.08200499	3.920299	6.320886	1
19018	H19	0.5329642	0.94066226	0.81952083	11.935117	1
19034	KCNQ1OT1	1.83776	0.97413725	-0.9156818	44.55244	1
19037	CDKN1C	1.094331	0.3343952	-1.7101237	44.55244	1
19040	PHLDA2	0.37358746	0.917258	1.2956527	26.184818	1
19043	CARS	0.057466228	0.20643787	1.8431118	9.129392	1
19063	RHOG	0.11720401	0.2815025	1.2634076	8.613661	1
19085	OR51E1	0.0043160794	0.13326482	4.9164686	9.424554	1
19154	CAVIN3	0.068821445	0.4368406	2.6644123	21.207022	1
19166	ILK	0.3484757	0.9410641	1.4329745	38.502213	1
19174	MRPL17	0.16614306	0.3291363	0.98582923	6.9196887	1
19217	ST5	0.09976593	0.26154563	1.3895497	8.191764	1
19220	AKIP1	0.07462688	0.17753606	1.2492253	5.220733	1
19229	DENND5A	0.10839938	0.26403388	1.2835824	7.996793	1
19232	IPO7	0.26538414	0.4598492	0.79284894	7.468014	1
19251	MRVI1	0.12938993	0.32536218	1.3296499	10.106055	1
19266	DKK3	0.08744682	0.3736591	2.093982	17.882235	1
19270	MICAL2	0.0030701954	0.30865455	6.605745	22.616684	1
19273	PARVA	0.2777491	0.8056178	1.5359732	33.907234	1
19276	TEAD1	0.3274948	0.5624418	0.780048	9.148256	1
19296	RRAS2	0.032180868	0.17301603	2.422988	9.637732	1
19297	COPB1	0.5562383	0.9483466	0.76960415	18.000433	1
19316	NUCB2	0.23650523	0.47898465	1.0177987	10.533439	1
19341	LDHA	0.46045098	1.4190947	1.6236398	44.55244	1
19372	HTATIP2	0.016229538	0.13462679	3.0444808	9.221512	1
19406	FIBIN	0.053881835	0.24826255	2.2019017	10.769088	1
19410	LGR4	0.047033656	0.14351824	1.6074095	5.5377083	1
19415	BDNF	0.038015556	0.25730485	2.7555873	12.377044	1
19449	RCN1	0.28777006	0.92028344	1.6768173	41.94178	1
19452	WT1	0.08799749	0.01093483	-2.9970365	11.988537	1
19453	WT1-AS	0.042274978	0.0034337945	-3.5839226	6.7637224	1
19467	CD59	0.40148577	0.83768827	1.0608777	20.685474	1
19488	CD44	0.0507021	0.26355636	2.3756986	12.838742	1
19496	FJX1	0.08461734	0.25632554	1.5978107	8.538564	1
19518	LRRC4C	0.14307208	0.059108447	-1.2738754	5.013205	1
19588	CREB3L1	0.010745204	0.4040555	5.2197814	29.005695	1
19590	MDK	1.5109462	0.827941	-0.8677736	37.406723	1
19618	PSMC3	0.38794377	0.661765	0.77031755	11.5319195	1
19620	CELF1	0.33360532	0.5340928	0.6787859	6.9655657	1
19628	MTCH2	0.22708012	0.42866105	0.9163372	8.406363	1
19704	TNKS1BP1	0.10266472	0.23506877	1.1943514	6.678628	1
19706	SSRP1	0.3191857	0.487926	0.6121101	5.175742	1
19754	FAM111A-DT	0.021943146	2.1827873e-11	-7.784186	5.0120506	1
19803	CCDC86	0.016162667	0.15858078	3.2864916	10.2824	1
19809	TMEM109	0.080380864	0.27952042	1.7967519	11.905324	1
19840	FADS2	0.12274195	0.30026713	1.2899234	8.666023	1
19841	FADS1	0.18375784	0.5489343	1.5783055	20.673811	1
19842	FADS3	0.02839771	0.13871326	2.2842276	7.389032	1
19860	AHNAK	0.57616377	1.4257436	1.3070146	44.55244	1
19875	UQCC3	0.15079708	0.28011733	0.89298123	5.0723886	1
19896	SLC3A2	0.30933213	0.5003126	0.6934953	6.308366	1
19912	ATL3	0.10858196	0.2554414	1.2334445	7.005346	1
19914	RTN3	0.22987765	0.37866575	0.7198121	5.095473	1
19927	STIP1	0.23566784	0.43788213	0.89350504	8.014242	1
19936	PPP1R14B	0.8430034	1.7771935	1.0759006	44.55244	1
19939	PLCB3	0.042697985	0.16024643	1.9055774	7.79568	1
19959	RASGRP2	0.09679945	0.23203969	1.2604328	6.62919	1
19966	EHD1	0.05729048	0.23618677	2.0416555	10.664989	1
19969	PPP2R5B	0.024421189	0.10513215	2.1014748	5.1956005	1
19973	ARL2	0.16855942	0.44113523	1.3874351	14.010663	1
19978	ZFPL1	0.087384775	0.20169188	1.2057642	5.669698	1
19990	CAPN1	0.15754722	0.29311395	0.8952539	5.321607	1
20018	RNASEH2C	0.48748967	0.70366436	0.52942497	7.1611624	1
20027	EFEMP2	0.35264292	0.58002585	0.7177489	8.252134	1
20029	FIBP	0.41357237	0.65875965	0.6714826	9.197922	1
20030	CCDC85B	0.25454488	0.509445	1.000723	11.450038	1
20033	DRAP1	0.622652	1.1162508	0.84206074	26.097004	1
20054	YIF1A	0.25436974	0.803311	1.6586442	37.196785	1
20057	CD248	0.40057835	0.7255074	0.85674465	13.836879	1
20096	POLD4	0.2596029	0.655995	1.3370427	22.012346	1
20100	PPP1CA	0.54816914	0.8981885	0.7122945	15.304002	1
20103	RPS6KB2	0.18612342	0.3293635	0.8230841	5.682101	1
20112	CDK2AP2	0.16915824	0.397127	1.2307376	10.705675	1
20117	NDUFV1	0.20855744	0.39523098	0.92192453	8.06012	1
20132	C11orf24	0.075105414	0.26430705	1.8138521	11.216855	1
20141	MRPL21	0.3489148	0.5371907	0.6224147	6.694854	1
20161	CCND1	0.7344296	0.42147145	-0.8010435	13.380072	1
20175	FADD	0.043603595	0.1431454	1.7126648	5.800913	1
20183	CTTN	0.29480106	0.59037405	1.0016427	14.586068	1
20190	DHCR7	0.023676515	0.1260591	2.4076352	6.7679424	1
20214	ANAPC15	0.11528024	0.2740041	1.2483276	7.990578	1
20251	RAB6A	0.2688397	0.42094645	0.6466968	5.0421033	1
20255	COA4	0.32056606	0.55702573	0.7969314	9.741417	1
20263	PPME1	0.12278248	0.27826527	1.1796999	7.141163	1
20292	SERPINH1	1.1729674	1.865087	0.66903436	44.55244	1
20317	LRRC32	0.061464865	0.5124029	3.057381	32.30317	1
20337	AAMDC	0.27646303	0.533873	0.9491586	11.280312	1
20374	RAB30	0.11105042	0.3023563	1.4442133	9.886277	1
20390	TMEM126A	0.1824491	0.33487064	0.87575	6.090975	1
20393	SYTL2	0.13441911	0.29983053	1.1568171	7.1892476	1
20396	PICALM	0.22326443	0.5891581	1.3995004	19.894526	1
20399	HIKESHI	0.3444385	0.54749495	0.6684441	6.6732225	1
20405	PRSS23	0.41755018	1.7914122	2.100811	44.55244	1
20448	SMCO4	0.042727962	0.15700775	1.8751295	7.2788606	1
20476	ENDOD1	0.07252147	0.2574319	1.826283	11.5765295	1
20478	SESN3	0.6602417	0.23918413	-1.4644881	32.54001	1
20484	MTMR2	0.10377363	0.22867894	1.1391248	5.8117614	1
20498	ARHGAP42	0.35773224	0.5467797	0.6119402	6.1542835	1
20525	DCUN1D5	0.2824422	0.5963328	1.0778933	15.585817	1
20530	PDGFD	0.25403297	0.028822629	-3.135313	33.160954	1
20540	GRIA4	1.101623	0.26909077	-2.0330608	44.55244	1
20549	GUCY1A2	0.031518877	0.31175736	3.3020282	20.683228	1
20565	POGLUT3	0.08274344	0.2094574	1.338886	6.3070855	1
20573	RDX	0.4634951	0.9584338	1.0479641	27.153357	1
20601	CRYAB	0.0011063882	0.33927938	8.136061	13.503843	1
20604	DIXDC1	0.09398428	0.21451436	1.189721	5.5613093	1
20615	PTS	0.12936111	0.2873634	1.1508595	7.570716	1
20645	NNMT	0.0019522515	0.8484409	8.691633	44.55244	1
20649	REXO2	0.2014472	0.96279615	2.2562623	44.55244	1
20682	TAGLN	0.21927984	3.9206288	4.159619	44.55244	1
20683	PCSK7	0.22151777	0.40690833	0.8769847	7.309342	1
20718	ARCN1	0.48595917	0.7512395	0.62833303	9.929812	1
20719	PHLDB1	0.13327876	0.2749785	1.0443144	5.982406	1
20736	SLC37A4	0.06493659	0.015315483	-2.0768716	5.7080703	1
20738	HYOU1	0.1317895	0.29834005	1.1781113	8.082738	1
20752	MCAM	0.68783396	1.9009075	1.4664222	44.55244	1
20760	THY1	1.3695654	1.9830881	0.53399813	26.826982	1
20783	SC5D	0.17064229	0.40637988	1.2513635	11.937598	1
20837	NRGN	0.34078556	0.099692665	-1.7722816	21.474152	1
20860	FEZ1	0.10324038	0.33361718	1.6912218	13.297438	1
20862	EI24	0.36590353	0.62174326	0.76469356	10.331609	1
20863	STT3A	0.120883755	0.33438876	1.4671443	11.618162	1
20864	CHEK1	0.03738661	0.15768898	2.073549	7.685727	1
20884	SRPRA	0.21037932	0.3690976	0.8107146	6.175175	1
20922	APLP2	0.7636289	1.1909728	0.6411291	20.050545	1
20937	NTM	0.020146646	0.14261663	2.8173985	7.6980705	1
20994	WNK1	0.3214058	0.49215087	0.614549	5.6290236	1
20998	ERC1	0.3070864	0.4698551	0.6134085	5.14328	1
21025	FKBP4	0.22327974	0.38981378	0.8036567	6.256127	1
21029	NRIP2	0.12713349	0.017086567	-2.8881252	16.10648	1
21052	CCND2	0.4433419	0.9605542	1.1152722	27.084352	1
21070	KCNA1	0.0021639972	0.06744566	4.898919	5.6656303	1
21083	CD9	0.2226141	0.4898294	1.137381	11.077239	1
21119	P3H3	0.07973664	0.20578949	1.3667473	6.7940946	1
21123	TPI1	1.0458963	1.6714821	0.67633647	41.424686	1
21143	CLSTN3	0.080023564	0.020572469	-1.9545159	6.370583	1
21194	A2M	0.9136411	0.6191473	-0.5612698	10.337889	1
21238	MAGOHB	0.14805904	0.34620425	1.2248935	10.024178	1
21240	YBX3	0.30793783	0.7869712	1.3533868	27.782492	1
21259	SMIM10L1	0.2907886	0.46358755	0.67268634	5.9069643	1
21269	ETV6	0.11886237	0.27496442	1.2092642	7.6488447	1
21294	EMP1	0.017053073	0.097925454	2.5146894	5.9705544	1
21310	H2AFJ	0.54239863	0.838879	0.62901515	10.022329	1
21319	ARHGDIB	0.28566626	0.5115087	0.8402053	9.234656	1
21326	EPS8	0.14959301	1.031551	2.7848763	44.55244	1
21328	STRAP	0.5008596	1.0661061	1.0897201	37.03163	1
21341	RERGL	0.09345972	0.01976702	-2.235512	7.6847196	1
21363	RECQL	0.24351837	0.49830976	1.0327094	11.477761	1
21364	GOLT1B	0.107834995	0.34027398	1.656958	13.251961	1
21392	BCAT1	0.11762344	0.53396595	2.1816163	27.18258	1
21401	KRAS	0.31192327	0.55299014	0.82586116	10.172765	1
21413	SSPN	0.07459741	0.23591712	1.6597613	9.15733	1
21421	ITPR2	0.02666006	0.2189295	3.0329719	14.6990795	1
21424	INTS13	0.051072214	0.14337504	1.4873672	5.208186	1
21432	STK38L	0.18982558	0.7383279	1.9590229	33.76255	1
21455	FAR2	0.09478785	0.2601592	1.4556537	9.178631	1
21536	PDZRN4	0.0042057033	0.34535286	6.326096	21.569935	1
21567	ANO6	0.18036057	0.36157605	1.0030143	8.142855	1
21574	SLC38A1	0.013669986	0.106923364	2.9583268	6.808674	1
21576	SLC38A2	0.28107372	0.48008806	0.77213776	6.984026	1
21644	ARF3	0.2624965	0.5182378	0.9810451	11.668641	1
21656	TUBA1B	1.0750444	2.1873782	1.0247381	44.55244	1
21658	TUBA1A	1.1711975	2.1041718	0.8452133	44.55244	1
21659	TUBA1C	0.13835184	0.6432229	2.2161589	30.521593	1
21695	LIMA1	0.83955777	1.3149754	0.6472722	22.677664	1
21696	AC008147.2	0.092328705	0.028865878	-1.6739866	5.8150663	1
21703	METTL7A	0.10178685	0.023203092	-2.1283746	8.727418	1
21733	ATG101	0.15527372	0.3017845	0.958254	6.082723	1
21772	KRT8	0.23056924	0.53786325	1.221682	14.427743	1
21773	KRT18	0.2415306	0.7926851	1.7141267	27.35209	1
21796	PRR13	0.202506	0.43053624	1.0877926	10.876361	1
21844	ITGA5	0.07567524	0.2963148	1.967819	13.3783245	1
21849	PDE1B	0.13401121	0.037880685	-1.820092	9.5228615	1
21884	ORMDL2	0.09288078	0.2186547	1.2343097	6.037391	1
21888	DGKA	0.031230727	0.13015655	2.0557058	6.376705	1
21900	PA2G4	0.53111935	0.8088242	0.6066967	10.337634	1
21903	ESYT1	0.091997124	0.23592682	1.3577228	7.5172687	1
21933	ATP5F1B	0.778718	1.1425102	0.5529752	14.981237	1
21946	NAB2	0.23710863	0.13163191	-0.8485517	5.016978	1
21948	LRP1	0.35132742	0.63093287	0.84448844	11.260122	1
21962	MARS	0.08208388	0.24143606	1.5553112	9.2129545	1
21966	DCTN2	0.42633688	0.67968607	0.6727486	9.420296	1
22023	SRGAP1	0.48237675	0.2698873	-0.8375679	9.936906	1
22031	XPOT	0.05549071	0.16180226	1.5422075	5.794558	1
22049	MSRB3	0.2311322	1.1180826	2.2737417	44.55244	1
22055	HMGA2	0.3785092	0.7512556	0.98878646	15.416045	1
22060	LLPH	0.23097633	0.39232057	0.7640312	5.956851	1
22073	DYRK2	0.20883825	0.44730017	1.0984892	11.21306	1
22134	TRHDE	0.3251321	0.1627995	-0.9974873	8.29919	1
22135	TRHDE-AS1	0.19804554	0.09330433	-1.0849992	5.907684	1
22154	GLIPR1	0.07765553	0.46637195	2.584773	25.615095	1
22161	PHLDA1	0.25451785	0.5125788	1.0097216	10.885533	1
22167	OSBPL8	0.4323766	0.7982593	0.8844162	17.663794	1
22176	NAV3	0.51814413	0.12780553	-2.0185533	39.73793	1
22185	SYT1	0.13608904	0.04313851	-1.6552218	7.8504605	1
22221	LRRIQ1	0.041309413	0.003250441	-3.6275358	7.214242	1
22224	RASSF9	0.096296355	0.02360744	-2.0236387	7.513349	1
22239	DUSP6	0.14484347	0.30389744	1.0685687	6.5234857	1
22262	LUM	0.071638614	0.8715847	3.6029847	44.55244	1
22273	BTG1	1.1579787	0.6861033	-0.7550253	22.379652	1
22280	EEA1	0.39981285	0.7755889	0.95579267	18.219463	1
22286	NUDT4	0.35788047	0.70229864	0.9724093	16.000103	1
22287	UBE2N	0.36060932	0.5614653	0.6386172	6.7514377	1
22305	NDUFA12	0.58768207	1.0579253	0.848021	24.667667	1
22312	NTN4	0.004577956	0.07462667	3.997673	5.479002	1
22341	IKBIP	0.25219756	0.74280554	1.5580525	29.747847	1
22356	ANO4	0.003098695	0.07639258	4.5797644	6.11827	1
22361	ARL1	0.2973998	0.5994969	1.0111043	14.431304	1
22367	CHPT1	0.048649922	0.15625963	1.6813961	6.386754	1
22378	HELLPAR	0.19962925	0.07673433	-1.3782227	8.21774	1
22380	IGF1	0.51634735	0.14691082	-1.812699	28.839354	1
22400	TDG	0.29813558	0.45234376	0.6012861	5.1316423	1
22406	TXNRD1	0.2321334	0.50028694	1.1074687	12.7218485	1
22413	ALDH1L2	0.004250572	0.20435578	5.55444	15.76795	1
22416	C12orf75	0.09165846	0.7066716	2.945331	38.649796	1
22422	NUAK1	0.027460422	0.38728544	3.8130999	24.826618	1
22424	CKAP4	0.43326342	1.0900886	1.3309284	44.55244	1
22436	TMEM263	0.26951373	0.57654846	1.0967983	14.923401	1
22443	PWP1	0.21704008	0.39858356	0.876618	7.5580792	1
22458	CORO1C	0.12277801	0.49529845	2.0113623	23.209158	1
22475	MMAB	0.118855275	0.3894522	1.7113973	15.57693	1
22489	ATP2A2	0.1823439	0.5153495	1.4983783	18.99304	1
22491	ARPC3	1.1885663	1.7071108	0.5222974	33.26118	1
22492	GPN3	0.08696228	0.23190618	1.4140434	7.3350234	1
22494	VPS29	0.39707845	0.76911616	0.95360184	18.53219	1
22509	ATXN2	0.41094032	0.6016767	0.54994845	6.0095625	1
22525	PTPN11	0.23471692	0.46243083	0.9780131	9.636501	1
22556	TBX3	0.5815779	0.14846209	-1.9691546	42.47326	1
22651	RNF10	0.22904545	0.373407	0.70487165	5.224261	1
22655	MLEC	0.5980689	0.94100887	0.6538088	13.531124	1
22674	ANAPC5	0.377711	0.5652394	0.5814528	5.895233	1
22692	PSMD9	0.38709673	0.6909322	0.83568627	13.372647	1
22697	MLXIP	0.22601739	0.39289862	0.7974523	6.2689476	1
22704	CLIP1	0.19022381	0.41895938	1.1386985	11.014139	1
22722	ARL6IP4	0.7877536	1.1874868	0.59203345	18.548126	1
22727	CDK2AP1	0.46775985	1.0364047	1.1475784	36.615612	1
22734	RILPL1	0.09587343	0.21383749	1.1564823	5.3800297	1
22738	TMED2	0.35951006	0.84376246	1.2305746	29.029427	1
22747	CCDC92	0.13777211	0.2686245	0.96279716	5.5319524	1
22759	NCOR2	0.13346249	0.29528466	1.14508	7.1417313	1
22834	STX2	0.14367509	0.34726307	1.2726307	10.36983	1
22837	RAN	1.0378869	1.506897	0.5378883	23.337425	1
22888	GOLGA3	0.20181611	0.45436525	1.170414	12.163707	1
22937	LATS2	0.05321361	0.25259456	2.2448187	13.724872	1
22956	SACS	0.119846225	0.5384738	2.1667564	26.401192	1
23007	GTF3A	0.25586334	0.6475902	1.3393668	22.459333	1
23021	FLT1	0.27341616	0.6390873	1.2246128	15.220137	1
23022	POMP	1.2303667	1.9663172	0.67636377	44.55244	1
23027	SLC7A1	0.008034073	0.13838129	4.0895696	10.318251	1
23054	HSPH1	0.1982518	0.37931737	0.9357242	7.3118563	1
23059	FRY	0.07540222	0.20242688	1.4235224	6.6059604	1
23087	NBEA	0.15797018	0.054197326	-1.541612	8.390146	1
23107	POSTN	0.3251434	1.7174621	2.4007707	44.55244	1
23112	UFM1	0.32938734	0.6223045	0.9176296	13.03018	1
23149	DNAJC15	0.20731552	0.46379665	1.1612796	11.262476	1
23151	ENOX1	0.0204143	0.11938241	2.5420964	6.7111807	1
23170	TSC22D1	0.68660665	0.46268213	-0.5693609	7.51774	1
23236	KPNA3	0.214059	0.35807845	0.7419962	5.034503	1
23273	SUGT1	0.366089	0.6241714	0.7695851	10.321708	1
23295	PCDH17	0.19783665	0.044781163	-2.1408567	15.98049	1
23300	DIAPH3	0.004190314	0.11283971	4.718326	7.0222178	1
23325	PCDH9	0.7533234	0.43867418	-0.7799822	12.323826	1
23341	DACH1	0.11789021	0.011147742	-3.3909597	17.497217	1
23360	UCHL3	0.14831051	0.3439803	1.213152	9.121656	1
23362	LMO7	0.076340556	0.38309705	2.3256762	20.19613	1
23378	MYCBP2	0.5886139	0.8985924	0.6102607	11.429451	1
23407	SPRY2	0.44032356	0.18660645	-1.2381198	16.346334	1
23414	SLITRK1	0.045954384	2.1827873e-11	-8.847195	9.599616	1
23434	SLITRK5	0.1517246	0.012738661	-3.563839	21.95088	1
23462	GPC6	0.17981479	0.4122083	1.1964097	10.973548	1
23489	RAP2A	0.096262395	0.3162621	1.7150346	12.317985	1
23496	FARP1	0.82688814	1.5531789	0.9093783	44.55244	1
23568	EFNB2	1.1861321	0.33784646	-1.8115199	44.55244	1
23569	AL138689.2	0.06507201	2.1827873e-11	-9.348108	14.455719	1
23597	IRS2	0.07161777	0.011416118	-2.6386762	8.101788	1
23605	COL4A1	2.0932899	3.738791	0.83676946	44.55244	1
23606	COL4A2	1.8835819	3.0995433	0.71854675	44.55244	1
23658	LAMP1	0.32699895	0.52425075	0.68080515	6.9519753	1
23681	RASA3	0.03344244	0.12698306	1.9217122	6.0155125	1
23746	RNASE4	0.021545785	0.125824	2.5403953	7.245383	1
23921	DAD1	0.93920964	1.43433	0.61080486	24.825733	1
23928	MRPL52	0.4519443	0.699283	0.62961864	9.151795	1
23930	LRP10	0.25804022	0.4566707	0.82331526	7.793397	1
23937	AJUBA	0.021306124	0.10098269	2.2394404	5.248107	1
23940	PSMB5	0.90930134	1.3162968	0.5336054	18.37919	1
23947	SLC7A8	0.21962927	0.03946981	-2.4732552	23.124004	1
23988	PSME2	0.3733868	0.5937134	0.66895247	7.71812	1
24031	NOVA1	0.4484672	0.18109383	-1.3077903	17.569742	1
24060	SCFD1	0.29677323	0.50927967	0.7788945	8.290742	1
24068	HEATR5A	0.06642517	0.20750503	1.6418693	8.329069	1
24087	EGLN3	0.49273527	0.084175244	-2.5479245	44.55244	1
24089	SPTSSA	0.19784227	0.4164172	1.0732963	10.014914	1
24094	CFL2	0.2465837	0.69713473	1.4989821	28.067083	1
24095	BAZ1A	0.16189949	0.29610196	0.8705918	5.188259	1
24097	SRP54	0.3612817	0.5476734	0.60005593	6.1737103	1
24098	FAM177A1	0.24965927	0.6575216	1.3967195	23.631756	1
24101	PSMA6	0.53718466	0.78186685	0.5414208	8.34255	1
24142	SEC23A	0.17176606	0.5296979	1.6241574	21.149801	1
24157	LRFN5	0.14697298	0.06435944	-1.1900686	5.043813	1
24185	MDGA2	0.07965012	0.012703238	-2.638978	8.964294	1
24193	RPL36AL	1.0931228	1.6072518	0.5560982	33.365665	1
24194	MGAT2	0.09421187	0.21523859	1.1910955	5.472417	1
24205	ARF6	0.19002385	0.3391686	0.8354883	5.7961593	1
24214	MAP4K5	0.25274694	0.44493896	0.8156674	7.455927	1
24237	FRMD6	0.21936002	0.5312605	1.2757328	14.0298195	1
24239	FRMD6-AS1	0.017108126	0.08947788	2.3800526	5.2201757	1
24247	NID2	0.14428894	0.61966383	2.1017585	32.255455	1
24249	PTGDR	0.0031684786	0.06441149	4.302865	5.2106905	1
24251	TXNDC16	0.06808406	0.016877053	-2.0058484	5.779644	1
24253	ERO1A	0.11476552	0.26344144	1.1980839	7.288198	1
24257	GNPNAT1	0.11357708	0.24312952	1.0973768	5.9313617	1
24261	FERMT2	0.5197736	1.2665048	1.2847337	44.55244	1
24277	SAMD4A	0.026456935	0.19028257	2.8417408	10.8346615	1
24283	LGALS3	0.21740334	0.90872073	2.0629582	44.55244	1
24311	EXOC5	0.16834337	0.34997654	1.0554067	8.26828	1
24321	ACTR10	0.2794379	0.45291758	0.69652313	6.0188065	1
24322	PSMA3	0.45603734	0.7712718	0.75795823	13.280726	1
24332	DACT1	0.052422002	0.20737672	1.9819556	9.0121355	1
24334	DAAM1	0.17338306	0.3604299	1.0553242	7.9402423	1
24336	L3HYPDH	0.02475246	0.124549165	2.3264127	6.8334246	1
24364	HIF1A	0.3751985	0.6336808	0.7559455	10.268091	1
24373	RHOJ	0.13519038	0.2881991	1.0915068	6.7846155	1
24396	PLEKHG3	0.036307964	0.1617487	2.15232	7.2061515	1
24400	RAB15	0.023716087	0.110737726	2.2184408	5.709899	1
24420	ATP6V1D	0.25978473	0.47666124	0.8753951	8.907142	1
24421	EIF2S1	0.19916481	0.43907255	1.1401008	11.892859	1
24428	VTI1B	0.24448358	0.5844527	1.2570057	18.49446	1
24429	RDH11	0.22388922	0.41740263	0.89835596	7.8414474	1
24439	ZFP36L1	1.7332897	1.0714442	-0.69390476	34.943478	1
24440	ACTN1	0.3032326	2.030047	2.7426116	44.55244	1
24483	SIPA1L1	0.07521842	0.2228904	1.5659071	7.9828873	1
24536	NPC2	1.0960277	0.71122503	-0.62383515	15.852962	1
24538	LTBP2	0.013069369	0.13598523	3.3692524	9.529675	1
24555	TMED10	0.59215695	0.8905916	0.58870274	11.536383	1
24559	FOS	1.7493274	1.1959453	-0.54861075	20.04062	1
24562	JDP2	0.03021004	0.1348776	2.1548524	7.3326526	1
24589	IRF2BPL	0.41351297	0.23655178	-0.8055156	7.927045	1
24610	SLIRP	0.45794308	0.6672572	0.54297584	6.596385	1
24636	SEL1L	0.24756758	0.39676008	0.6802254	5.137718	1
24696	PSMC1	0.45299247	0.73611	0.70031184	10.693673	1
24700	CALM1	1.5323256	2.6716416	0.8019634	44.55244	1
24712	RPS6KA5	0.1107394	0.03691159	-1.5824219	6.07908	1
24728	CPSF2	0.1210497	0.2731818	1.1735984	7.744635	1
24733	LGMN	0.11568523	0.37523842	1.6967406	15.388544	1
24758	IFI27L2	0.37631416	0.6350546	0.7547869	10.242883	1
24777	DICER1	0.4064124	0.6669845	0.7145702	10.41725	1
24785	GLRX5	0.5510513	0.81287134	0.560756	9.8348675	1
24856	WARS	0.037774093	0.18902157	2.3200307	10.042063	1
24866	MEG3	0.5407616	1.2697892	1.2313712	30.532251	1
24869	MEG8	0.10700748	0.43059218	2.0075977	18.016321	1
24893	DYNC1H1	0.7142253	1.1180775	0.64649606	18.071175	1
24906	CDC42BPB	0.37016	0.5829397	0.6550554	7.3903894	1
24924	COA8	0.2899406	0.47472146	0.7111304	6.516685	1
24931	ZFYVE21	0.13556959	0.2986056	1.1386268	7.6669025	1
24956	AKT1	0.18048313	0.42730305	1.2429339	13.040727	1
24980	CRIP2	0.34112242	0.8770952	1.3621856	30.782112	1
24981	CRIP1	0.23186785	1.380119	2.5729003	44.55244	1
25216	CYFIP1	0.30066252	0.46906337	0.6414656	5.9094243	1
25257	GABRG3	0.061517958	0.0056495923	-3.4218194	9.067273	1
25331	AVEN	0.09986075	0.33899313	1.7622479	14.667233	1
25335	EMC7	0.3255899	0.5503279	0.75705475	8.596426	1
25350	ACTC1	0.008553114	0.28034526	5.018356	12.211702	1
25374	SPRED1	0.4965877	0.30550465	-0.7006725	7.1529956	1
25390	THBS1	0.041073937	1.2538614	4.9286175	44.55244	1
25398	EIF2AK4	0.38763443	0.5821111	0.58647364	6.089106	1
25403	BMF	0.107162155	0.011194097	-3.2475004	14.789891	1
25473	EHD4	0.04589473	0.1564567	1.7671447	6.7758746	1
25513	MAP1A	0.13036402	0.7370643	2.4983344	42.812077	1
25534	EIF3J	0.3351676	0.64108735	0.93543303	13.64264	1
25558	GATM	0.004469661	0.10133553	4.4723325	6.664025	1
25586	MYEF2	0.18870087	0.07019414	-1.425389	8.6854	1
25592	DUT	0.42513233	0.66070455	0.6359724	7.8864694	1
25593	FBN1	0.32447255	1.5860224	2.2888913	44.55244	1
25649	TMOD3	0.40577555	0.60754377	0.58218837	6.971216	1
25654	MAPK6	0.1305342	0.26282835	1.009137	5.471217	1
25667	ARPP19	0.31460565	0.4933543	0.6489133	6.443376	1
25678	UNC13C	0.04834906	0.0015053239	-4.9155326	9.355379	1
25718	POLR2M	0.33207002	0.16373609	-1.0196686	9.176609	1
25720	ALDH1A2	0.90429133	0.08403174	-3.4262252	44.55244	1
25748	GTF2A2	0.44005808	0.8230588	0.90314907	18.636261	1
25756	ANXA2	0.36050624	2.1462514	2.57339	44.55244	1
25759	RORA	0.171366	0.06529994	-1.3905613	7.5699406	1
25790	TPM1	1.2173431	3.9889836	1.712203	44.55244	1
25794	LACTB	0.107518815	0.22871466	1.0882491	5.4450884	1
25795	RPS27L	0.5962627	1.1983906	1.0069566	29.661882	1
25885	ITGA11	0.12073157	0.7122718	2.559633	35.346443	1
25915	SALRNA2	0.0019188839	0.13032362	6.0135036	10.260111	1
25916	UACA	0.35439786	2.526196	2.8331747	44.55244	1
25920	LARP6	0.088306546	0.39839578	2.1723392	19.5773	1
25936	PKM	0.43101695	1.3341129	1.6298378	44.55244	1
25955	NEO1	0.40605503	0.23541789	-0.7861939	7.1693296	1
25960	NPTN	0.28629822	0.6109704	1.0933162	15.865285	1
25969	LOXL1	0.24395457	0.570506	1.2252911	14.664737	1
25977	ISLR	0.42049912	0.11174493	-1.9109459	30.588099	1
26005	COX5A	0.55356866	0.80564797	0.5413058	8.147553	1
26006	RPP25	0.0050073876	0.070901215	3.7971864	5.619573	1
26009	C15orf39	0.0073554846	0.0882678	3.5671468	6.8215175	1
26029	CSPG4	0.31882933	0.74739033	1.2288183	23.4383	1
26036	UBE2Q2	0.17585644	0.34869576	0.9871641	7.567901	1
26041	ETFA	0.29593876	0.53401303	0.8513591	9.930878	1
26052	PEAK1	0.37580252	0.59208786	0.65569645	7.284715	1
26056	LINGO1	0.36059168	0.601102	0.73708373	8.848207	1
26062	TBC1D2B	0.18322834	0.3469531	0.9207265	6.4028	1
26092	TMED3	0.15831462	0.51169556	1.6918622	21.896301	1
26122	TLNRD1	0.08292486	0.20977028	1.3378826	6.7673626	1
26220	ACAN	0.0036288735	0.8897278	7.8986425	44.55244	1
26221	HAPLN3	0.0073316703	0.14305182	4.2677155	10.229393	1
26222	MFGE8	0.20819642	0.64512956	1.6311744	25.253914	1
26251	IDH2	0.2716265	0.5884217	1.1149404	16.217463	1
26254	CIB1	0.23956284	0.5094033	1.0880853	13.185697	1
26260	IQGAP1	0.39932626	0.9524826	1.253915	33.42381	1
26272	FURIN	0.049730826	0.18644069	1.90438	8.11395	1
26291	SLCO3A1	0.6130398	0.334735	-0.8727657	12.2186575	1
26337	NR2F2-AS1	0.2227529	0.105927385	-1.0716548	6.814906	1
26377	SYNM	0.09970555	0.2671332	1.4209073	8.36267	1
26415	SELENOS	0.36272064	0.82508016	1.1854527	25.764643	1
26416	SNRPA1	0.22235852	0.4239043	0.93054247	8.167003	1
26435	MPG	0.36962795	0.6181053	0.741622	9.996462	1
26453	NME4	0.76123273	1.4388721	0.91843957	44.55244	1
26473	STUB1	0.45922792	0.7317546	0.6720326	10.179175	1
26479	METRN	0.22226897	0.4553238	1.0342541	10.47992	1
26520	TSR3	0.29191792	0.5144049	0.817128	9.211228	1
26536	TMEM204	0.28885084	0.14990206	-0.94584167	6.9143376	1
26547	MRPS34	0.40759453	0.6778149	0.73361564	10.589233	1
26561	NDUFB10	0.7509059	1.0914812	0.5395234	13.586058	1
26573	NPW	0.27576733	0.11612931	-1.2470006	9.642822	1
26574	SLC9A3R2	0.267331	0.48096013	0.84705055	8.237429	1
26588	PGP	0.19229615	0.46388856	1.2700093	13.753547	1
26632	FLYWCH2	0.27381533	0.42855906	0.64610064	5.2303095	1
26644	TNFRSF12A	0.06513695	0.86179346	3.7237482	44.55244	1
26645	HCFC1R1	0.30967787	0.6149383	0.9894423	14.491502	1
26675	NAA60	0.08911829	0.20569006	1.2057619	5.604375	1
26696	PAM16	0.14837624	0.28938738	0.9632683	5.8589535	1
26719	ROGDI	0.076990634	0.18855542	1.291126	5.496484	1
26751	PMM2	0.0882082	0.3222238	1.8678914	13.773632	1
26770	GRIN2A	0.08052881	2.1827873e-11	-9.655151	17.40137	1
26813	GSPT1	0.46398652	0.8216863	0.8243696	16.074879	1
26858	PDXDC1	0.14711268	0.2910605	0.98391265	6.139328	1
26860	NTAN1	0.35590276	0.6183428	0.7967519	10.699544	1
26865	BMERB1	0.14243668	0.3254784	1.1916716	8.62183	1
26871	MYH11	0.052409373	1.0713589	4.3508577	44.55244	1
26912	ITPRIPL2	0.32572234	0.49286032	0.59738594	5.371622	1
26954	TMEM159	0.10795193	0.27472296	1.3467776	8.237052	1
26981	CDR2	0.054049306	0.2042818	1.916252	8.747447	1
27003	NDUFAB1	0.738542	1.0813589	0.5500316	14.609419	1
27047	IL4R	0.0678221	0.18045577	1.4104916	6.118999	1
27056	XPO6	0.0661888	0.17298633	1.3846548	5.6729217	1
27058	SBK1	0.070231915	0.0060947924	-3.5050516	11.367759	1
27067	NUPR1	0.07173704	0.26258692	1.8705444	7.9666147	1
27080	TUFM	0.3672683	0.5534988	0.59161377	6.3452535	1
27090	SPNS1	0.08101132	0.19052395	1.2327542	5.1851687	1
27099	BOLA2	0.04133015	0.15387195	1.8939146	6.585071	1
27110	MAZ	0.3664482	0.6142876	0.74514633	9.543431	1
27179	BCL7C	0.46452698	0.7045574	0.60084915	8.39212	1
27197	VKORC1	0.35826528	0.8098273	1.1763617	25.703388	1
27222	TGFB1I1	0.5591133	1.0315756	0.8835187	27.014729	1
27309	NETO2	0.16303152	0.047450032	-1.7785174	9.766756	1
27386	TOX3	0.067684256	0.0070442525	-3.2460952	8.857876	1
27417	CRNDE	0.07630514	0.24160807	1.6615239	9.579532	1
27427	MMP2	0.39469922	0.23334678	-0.7580254	6.630914	1
27464	HERPUD1	0.2588531	0.58152163	1.1673901	16.092983	1
27475	ARL2BP	0.29446262	0.5105791	0.7938428	8.509924	1
27494	KIFC3	0.0360537	0.13387929	1.8897948	6.2915554	1
27538	CDH11	0.9475002	1.508815	0.6711612	28.800135	1
27561	DYNC1LI2	0.531077	0.89727825	0.75652343	17.328386	1
27567	NAE1	0.17791441	0.37107387	1.060101	8.942501	1
27573	CIAO2B	0.5100708	0.82357126	0.6910883	13.836898	1
27583	NOL3	0.03316567	0.12878527	1.9539813	6.1190777	1
27597	HSD11B2	0.24452917	0.029150728	-3.064052	30.766533	1
27622	NUTF2	0.56418866	0.85733885	0.60360044	11.580531	1
27629	SLC12A4	0.029947393	0.122321665	2.0265472	5.9770994	1
27665	SNTB2	0.08507532	0.29681835	1.8015587	12.628064	1
27667	VPS4A	0.13967167	0.354574	1.3434215	11.2919035	1
27678	NQO1	0.20101532	0.48490664	1.2699814	13.26585	1
27744	ZFHX3	0.6116642	0.9919127	0.69738305	15.533969	1
27758	PSMD7	0.49903765	1.0227326	1.0350605	30.59977	1
27777	BCAR1	0.1664986	0.37842137	1.1839983	9.92892	1
27793	KARS	0.12995973	0.27880493	1.1005989	6.708927	1
27826	AC027279.1	0.028460167	2.1827873e-11	-8.157861	6.8597174	1
27853	CMC2	0.1781518	0.32302773	0.85818785	5.7166696	1
27878	CDH13	0.008985831	0.21930188	4.5938134	16.272844	1
27904	WFDC1	0.037478838	0.27955902	2.8956764	14.834716	1
27911	COTL1	0.3383726	1.3663373	2.0133083	44.55244	1
27937	EMC8	0.13852027	0.28468895	1.0387549	6.523694	1
27981	MAP1LC3B	0.42237264	0.6809068	0.6888113	9.326751	1
27994	SLC7A5	0.002024589	0.09116048	5.4247346	7.2675395	1
28011	CYBA	0.48053333	0.83771926	0.80170244	15.696185	1
28012	MVD	0.0547121	0.22362067	2.0291321	10.244843	1
28019	PIEZO1	0.02214264	0.11973734	2.4296777	6.6218987	1
28025	APRT	0.485477	0.8499664	0.8078755	16.507252	1
28069	TUBB3	0.16169478	0.4842392	1.5818526	16.337755	1
28070	DEF8	0.14521365	0.42991	1.5652	17.059803	1
28092	RFLNB	0.13685584	0.2683516	0.97095114	5.5700536	1
28114	CRK	0.29810733	0.53013813	0.8303249	9.5103245	1
28116	MYO1C	0.22617033	0.6352945	1.4896052	23.659262	1
28126	MIR22HG	0.080661274	0.29474503	1.8682212	12.487921	1
28149	TSR1	0.0952181	0.21132809	1.1493449	5.503741	1
28156	PAFAH1B1	0.52359694	0.8539694	0.7056211	14.74936	1
28186	TAX1BP3	0.51879996	0.88641185	0.77268344	16.449919	1
28187	EMC6	0.2679166	0.52799773	0.9784828	11.443156	1
28189	ITGAE	0.21084389	0.48070535	1.1885935	13.688679	1
28196	ATP2A3	0.021062855	2.1827873e-11	-7.72539	5.0697203	1
28225	PSMB6	0.7020775	1.0890248	0.63326156	17.108713	1
28232	SLC25A11	0.19365728	0.3462597	0.8380205	6.1988316	1
28243	KIF1C	0.08187593	0.20573324	1.3282038	6.3969355	1
28260	C1QBP	0.44720536	0.7928334	0.8259397	14.866246	1
28263	DERL2	0.31418672	0.5100623	0.69887507	7.0237703	1
28277	TXNDC17	0.5542486	0.9908269	0.8379852	21.881462	1
28304	ELP5	0.3005853	0.509055	0.7598507	8.392812	1
28309	EIF5A	0.562247	1.1386139	1.0178729	36.22128	1
28317	PLSCR3	0.1018265	0.21755669	1.0945252	5.2254324	1
28343	ATP1B2	0.30504334	0.08850895	-1.7839627	19.759073	1
28348	KDM6B	0.2669755	0.14375922	-0.89258975	6.17099	1
28349	TMEM88	0.0073398296	0.06822874	3.199151	5.194276	1
28355	TRAPPC1	0.64107895	0.97081697	0.59862083	12.992039	1
28384	NDEL1	0.074538045	0.20645827	1.4685657	7.015612	1
28446	MYOCD	0.015136078	0.167566	3.4600267	9.461931	1
28455	HS3ST3A1	0.06376749	0.007604119	-3.05138	8.671022	1
28463	HS3ST3B1	0.06430812	0.0027649712	-4.49065	11.71107	1
28474	PMP22	0.16273071	0.4946818	1.6034195	18.599493	1
28525	MPRIP	0.3734999	0.5618744	0.5890105	6.018852	1
28553	ALKBH5	0.12535512	0.25446406	1.0208572	5.6498084	1
28616	SPECC1	0.14988552	0.45331636	1.5960132	16.875027	1
28635	TMEM11	0.14553763	0.3067001	1.0749158	7.263992	1
28677	IFT20	0.2690517	0.5522441	1.0371479	13.13534	1
28679	POLDIP2	0.14161654	0.274846	0.95614004	5.2917056	1
28706	RAB34	0.42448944	0.6736423	0.6661284	9.063174	1
28820	PSMD11	0.33036244	0.6301141	0.9313558	13.797746	1
28822	MYO1D	0.070612304	0.19327505	1.4513685	6.7713895	1
28831	TMEM98	0.24658497	0.3936389	0.6745694	5.0979214	1
28876	SLFN5	0.4173426	0.22871535	-0.86739403	9.148584	1
28950	DUSP14	0.04646367	0.15779121	1.7616541	6.9241595	1
28976	CISD3	0.07086237	0.20811006	1.5529138	7.2195344	1
28979	PSMB3	0.5333532	0.80475473	0.5933666	9.385633	1
28984	LASP1	0.23471706	1.2247785	2.3830297	44.55244	1
28987	LINC00672	0.036556993	0.16234593	2.1477993	7.8675885	1
29011	MIEN1	0.21856077	0.3661783	0.74424577	5.2639174	1
29020	PSMD3	0.22628674	0.40187803	0.8283271	6.903606	1
29117	P3H4	0.18092115	0.33868617	0.90421665	6.170515	1
29118	FKBP10	0.3668557	0.63732845	0.79665756	10.88331	1
29123	ACLY	0.14958216	0.4196362	1.4875805	14.978872	1
29134	RAB5C	0.39963135	0.76708585	0.94054544	18.989271	1
29145	CAVIN1	0.030550027	1.6027955	5.708648	44.55244	1
29157	TUBG1	0.07941047	0.20917587	1.3961891	6.7352333	1
29159	PLEKHH3	0.48270842	0.21848342	-1.1432668	15.971979	1
29160	CCR10	0.15552336	0.060421996	-1.3625271	6.775993	1
29161	AC100793.2	0.2896929	0.0941245	-1.6208481	16.029789	1
29170	COA3	0.3251864	0.49932548	0.6185589	5.5215735	1
29173	PSME3	0.0846924	0.20307818	1.2607385	5.902527	1
29183	VAT1	0.18059981	0.45324326	1.3270087	15.267479	1
29199	DUSP3	0.055551443	0.23509008	2.0793362	11.587218	1
29231	GRN	0.36535662	0.55012673	0.5903262	5.8735027	1
29236	FZD2	0.09521345	0.21909994	1.2014956	5.9705706	1
29256	NMT1	0.14606632	0.27453378	0.90989804	5.1148286	1
29283	MAPT	0.16385086	0.07720325	-1.0846624	5.119813	1
29300	GOSR2	0.1139546	0.23724702	1.0572733	5.8052244	1
29303	CDC27	0.21375036	0.37243134	0.8007601	6.1773157	1
29306	MYL4	0.0113792475	0.33739763	4.8777776	20.59169	1
29307	ITGB3	0.017650023	0.14073287	2.9880912	9.438548	1
29314	KPNB1	0.582578	1.085456	0.8976634	27.155855	1
29334	COPZ2	0.037201647	0.2966037	2.9917116	18.747465	1
29336	NFE2L1	0.24158502	0.40216088	0.7350033	6.0230207	1
29358	HOXB9	0.08580747	0.25976664	1.5969157	9.792755	1
29368	ATP5MC1	0.3892291	0.83441883	1.0999545	24.05459	1
29370	SNF8	0.45117807	0.7758195	0.78189033	14.452291	1
29385	PHB	0.43651927	0.76568645	0.8105664	14.532978	1
29406	ITGA3	0.14669871	0.32763657	1.1586972	8.920668	1
29417	COL1A1	0.8817217	3.338586	1.9207215	44.55244	1
29423	MRPL27	0.36339977	0.54795706	0.5923717	6.4583836	1
29425	LRRC59	0.16267109	0.677444	2.05747	35.767803	1
29453	SPAG9	0.46692562	0.6852742	0.55339026	7.7147555	1
29455	NME1	0.28784326	0.8133466	1.4982632	32.559944	1
29456	NME2	1.7022271	2.6029255	0.61268115	44.55244	1
29464	CA10	0.112382896	0.008706537	-3.674987	17.001135	1
29475	HLF	0.061190244	0.006370549	-3.2436974	7.98096	1
29541	SKA2	0.23037456	0.3950574	0.7778199	6.168221	1
29542	PRR11	0.009568476	0.08051933	3.0597653	5.03487	1
29545	GDPD1	0.026291246	2.1827873e-11	-8.043916	6.1799326	1
29551	CLTC	0.80588764	1.170856	0.5388572	15.543207	1
29553	VMP1	0.60789806	1.0994562	0.8547827	25.45988	1
29580	TBX2	0.93828285	0.5615232	-0.74057406	16.562862	1
29620	PSMC5	0.42601356	0.72076505	0.75849134	12.370636	1
29636	TEX2	0.031128347	0.118056364	1.9197693	5.533997	1
29666	PSMD12	0.41475403	0.5995536	0.53152555	5.8594766	1
29667	PITPNC1	0.22864854	0.06456615	-1.8226799	15.172916	1
29674	KPNA2	0.16145113	0.3717418	1.2026981	8.950719	1
29687	WIPI1	0.057117015	0.3181184	2.475501	18.586557	1
29689	FAM20A	0.07688515	0.011288357	-2.7570207	10.375777	1
29755	GPRC5C	0.22698785	0.09965392	-1.1868051	7.8128877	1
29778	CDR2L	0.032427326	0.12969501	1.9965109	6.2008696	1
29784	NT5C	0.31690747	0.51805186	0.70885825	7.2291956	1
29785	JPT1	0.26221737	0.7155999	1.4480416	24.426884	1
29791	MRPS7	0.27859396	0.45315087	0.7016281	6.210161	1
29795	GRB2	0.2504565	0.45487428	0.86064905	8.541267	1
29842	CYGB	0.2530302	0.41245386	0.7047028	5.203199	1
29854	MXRA7	0.19783866	0.50251675	1.3444054	16.969559	1
29856	JMJD6	0.037013587	0.12832616	1.7909198	5.5723186	1
29858	SRSF2	0.47095564	0.72738105	0.62701225	9.080497	1
29888	TK1	0.005759517	0.13546498	4.532059	9.42431	1
29890	BIRC5	0.004517851	0.09464163	4.358705	5.1919193	1
29904	TIMP2	0.19258289	0.52412754	1.4439647	19.036417	1
29908	LGALS3BP	0.2588843	0.4462325	0.7852542	6.9537134	1
29964	NDUFAF8	0.2540385	0.64295614	1.3393297	22.149693	1
29981	NPLOC4	0.10703229	0.2412116	1.1715038	6.4254847	1
29985	CCDC137	0.049572874	0.15182012	1.6127828	5.972486	1
29990	MRPL12	0.12512985	0.30343166	1.2772684	8.340798	1
29993	MCRIP1	0.41227967	0.6926025	0.74826276	11.177036	1
29995	P4HB	0.5459021	1.3309622	1.2855996	44.55244	1
29998	ARHGDIA	0.3650615	0.9681989	1.4069178	39.888588	1
30001	ALYREF	0.19219781	0.39511907	1.0393102	9.031912	1
30002	ANAPC11	0.7171048	1.2328476	0.78165436	28.750677	1
30004	PCYT2	0.02343581	0.12615809	2.4234464	7.1762853	1
30006	MAFG	0.18912919	0.33328986	0.8170755	5.5199056	1
30009	PYCR1	0.037088677	0.23806572	2.6790304	13.26408	1
30016	CENPX	0.15691745	0.34375104	1.1308587	8.908614	1
30018	RAC3	0.110960886	0.3197605	1.5260919	11.28526	1
30019	DCXR	0.11765312	0.29304445	1.3158463	8.5646105	1
30024	FASN	0.087855086	0.22732592	1.3705577	7.192848	1
30029	SLC16A3	0.010519821	0.14111894	3.7331023	9.283494	1
30067	METRNL	0.06253789	0.19092734	1.6086715	6.8973775	1
30076	USP14	0.41301703	0.7326184	0.8267084	14.190527	1
30088	TYMS	0.03823669	0.1699719	2.149347	7.215402	1
30123	MYL12B	1.2778757	1.8903322	0.56485575	43.40631	1
30152	TMEM200C	0.078397855	0.018939108	-2.0436873	6.710669	1
30155	L3MBTL4	0.11552536	0.0021431115	-5.687813	22.601511	1
30188	NDUFV2	0.6544755	0.9978735	0.6084419	13.638847	1
30197	RALBP1	0.36533043	0.7063054	0.9508996	16.330482	1
30203	RAB31	0.3541473	0.8608676	1.2812022	28.61713	1
30216	NAPG	0.13165592	0.2538126	0.94646424	5.0998826	1
30221	PIEZO2	1.3503386	0.65612054	-1.0411754	44.55244	1
30250	TUBB6	0.16943444	0.98238415	2.5348556	44.55244	1
30302	ROCK1	0.5889644	0.8895125	0.5947516	11.547983	1
30379	CDH2	0.26049408	0.6781945	1.3801076	21.773268	1
30427	ASXL3	0.13040677	0.03866441	-1.7513199	8.193026	1
30521	IER3IP1	0.25155607	0.53933644	1.0999998	13.572203	1
30548	ACAA2	0.2995863	0.484537	0.69345146	6.4911156	1
30572	MBD2	0.222855	0.37460133	0.7489885	5.403693	1
30581	CCDC68	0.3696951	0.20038676	-0.883219	7.588731	1
30612	NARS	0.29061797	0.544926	0.90670484	10.989362	1
30615	ATP8B1	0.07119908	0.21083954	1.564874	7.416625	1
30641	LMAN1	0.44412908	0.96248364	1.1156081	29.514277	1
30672	BCL2	0.2752929	0.09107843	-1.5947268	15.163422	1
30697	LINC01916	0.11191236	0.03296735	-1.7601784	7.17452	1
30699	CDH7	0.22559033	0.014924017	-3.909002	35.604958	1
30704	DSEL	0.18585013	0.42052522	1.1776195	11.05189	1
30714	TMX3	0.20624422	0.38900724	0.91511476	7.7383823	1
30715	CCDC102B	0.26000845	0.6434327	1.3069003	18.82144	1
30754	CYB5A	0.21097906	0.40174863	0.92886865	8.250507	1
30769	ZADH2	0.18154033	0.0865424	-1.0679395	5.601847	1
30844	TXNL4A	0.38889876	0.6734564	0.79203326	11.838295	1
30850	PARD6G	0.07261527	0.18744081	1.3668742	6.3202276	1
30871	CDC34	0.28813487	0.44745702	0.63482654	5.293383	1
30904	CNN2	0.30276895	0.86363465	1.5118946	36.881165	1
30907	POLR2E	0.29052126	0.48298597	0.7331397	6.978052	1
30915	CIRBP	1.6857206	1.0849134	-0.63573813	33.26172	1
30917	FAM174C	0.12786719	0.31101465	1.2816722	9.339524	1
30926	DAZAP1	0.18797606	0.36591658	0.96059275	7.383025	1
30962	AP3D1	0.26816544	0.43207273	0.68794686	5.809344	1
30965	PLEKHJ1	0.21925408	0.43901756	1.0013456	10.065826	1
30969	OAZ1	0.98119956	1.6971738	0.7904538	44.55244	1
30974	LSM7	0.6175374	0.98505926	0.67359686	17.768507	1
30980	GADD45B	0.04249549	0.38885775	3.1908407	22.14183	1
31033	MRPL54	0.22167277	0.38440752	0.7939295	6.337326	1
31039	DAPK3	0.0932536	0.31715995	1.7648878	13.040567	1
31053	STAP2	0.06762484	0.013169681	-2.3515515	6.421245	1
31072	MYDGF	0.43783566	1.0864497	1.3109634	44.075317	1
31083	PLIN3	0.23354664	0.5529154	1.2429913	16.307384	1
31095	MICOS13	0.3880888	0.83064836	1.0976532	23.857628	1
31121	CLPP	0.25763825	0.5017986	0.9614895	11.092289	1
31171	TRAPPC5	0.5588196	0.9056455	0.696465	14.669065	1
31197	CD320	0.08767783	0.23159486	1.4002975	7.724457	1
31198	NDUFA7	0.25103605	0.42149884	0.7474018	6.259859	1
31201	ANGPTL4	0.2409248	0.44695073	0.89125687	7.156631	1
31252	PIN1	0.3521739	0.5376533	0.6102471	6.1405573	1
31253	OLFM2	0.015732529	0.47996536	4.9222674	34.001163	1
31254	COL5A3	0.008259412	0.66422844	6.3123517	44.55244	1
31265	MRPL4	0.21105328	0.36722055	0.79874885	6.072605	1
31276	ICAM3	0.029818201	0.14957611	2.3227487	8.370177	1
31278	CDC37	0.5003973	0.71579576	0.51638716	6.809572	1
31282	S1PR5	0.045636255	0.26774937	2.5500116	14.346686	1
31285	CDKN2D	0.09493149	0.23914689	1.3320227	7.330723	1
31291	DNM2	0.09128152	0.19967984	1.1284367	5.250394	1
31297	SMARCA4	0.40001246	0.64205706	0.6825207	9.13077	1
31299	LDLR	0.12668508	0.5128033	2.0163019	25.080418	1
31322	CNN1	0.0048396215	0.89518565	7.501804	44.55244	1
31374	JUNB	0.92550266	0.62402654	-0.5685544	10.442234	1
31391	RAD23A	0.41545486	0.65393585	0.65433085	8.889662	1
31403	IER2	1.3823155	0.72201097	-0.9368989	37.399788	1
31413	AC020916.1	0.32931805	0.59466666	0.85240424	10.285789	1
31441	PKN1	0.146258	0.29522946	1.0128237	6.512711	1
31444	GIPC1	0.24116433	0.56966597	1.2397548	17.6278	1
31461	SYDE1	0.10234538	0.24597272	1.2642298	7.2835426	1
31464	NOTCH3	0.43780893	0.9241516	1.0776548	26.400126	1
31493	TPM4	1.9847159	3.0426502	0.6163706	44.55244	1
31495	RAB8A	0.35332847	0.5345589	0.5972006	6.0471196	1
31504	KLF2	0.3433361	0.72908205	1.0862374	17.047113	1
31533	MYO9B	0.11868844	0.3091409	1.3803366	10.095984	1
31540	NR2F6	0.37340322	0.5648372	0.59696996	6.327747	1
31547	DDA1	0.19792284	0.42763403	1.1110471	10.659369	1
31550	PLVAP	0.17280008	0.030518085	-2.4974825	17.233932	1
31553	BST2	0.7603601	0.106815174	-2.830406	44.55244	1
31566	COLGALT1	0.049825836	0.26232976	2.3940728	14.649784	1
31577	CCDC124	0.26221013	0.42385444	0.6926357	5.2021756	1
31591	JUND	1.1036116	1.6020588	0.53765386	25.737413	1
31592	LSM4	0.45521256	0.6644912	0.5456099	6.7218437	1
31597	ISYNA1	0.4226048	0.24239957	-0.8016683	7.9005666	1
31608	REX1BD	0.26578477	0.4720362	0.8284021	7.6701794	1
31617	COPE	0.5523829	0.96518797	0.80502963	19.052273	1
31681	ZNF43	0.11795434	0.04702047	-1.3250252	5.090949	1
31787	PDCD5	0.49060684	1.0192434	1.0547068	31.200214	1
31813	CEBPG	0.0547497	0.17976764	1.7133799	7.069147	1
31823	GPI	0.2225082	0.5121482	1.2023362	14.513462	1
31827	WTIP	0.07328329	0.18455754	1.3313286	5.8291774	1
31855	FXYD5	0.10311248	0.2490945	1.2716548	7.2899237	1
31893	PSENEN	0.24829052	0.4289311	0.788472	6.8132095	1
31920	TBCB	0.39713174	0.756205	0.9289873	16.971403	1
31921	CAPNS1	0.5212771	0.9573142	0.87681586	23.92192	1
31988	PPP1R14A	0.08372651	1.7160866	4.355656	44.55244	1
31990	YIF1B	0.053990267	0.2222642	2.0394835	11.201321	1
31992	KCNK6	0.0022381896	0.2806631	6.9078174	21.208641	1
31995	PSMD8	0.852691	1.5237329	0.83744055	44.55244	1
32007	ACTN4	0.26701966	1.2790992	2.259683	44.55244	1
32024	MRPS12	0.15742636	0.3850256	1.2897357	11.31678	1
32045	ZFP36	0.45610103	0.23465829	-0.9584936	10.787863	1
32049	TIMM50	0.0849712	0.19308576	1.183246	5.1736584	1
32064	PSMC4	0.3885444	0.56599224	0.5425865	5.45	1
32082	BLVRB	0.2784828	0.457635	0.7164064	6.5359545	1
32085	LTBP4	0.5731224	0.33156785	-0.7893559	9.967141	1
32094	EGLN2	0.14296941	0.27912173	0.9646959	5.629051	1
32103	AXL	0.053804427	0.23454802	2.1220226	11.402025	1
32106	TGFB1	0.22293036	0.49635214	1.1544145	13.799156	1
32137	RABAC1	0.8213556	1.295084	0.6569026	24.071413	1
32190	PLAUR	0.023111306	0.09817979	2.082067	5.00571	1
32236	NECTIN2	0.19396386	0.34404695	0.8264932	5.697278	1
32238	TOMM40	0.21000317	0.41069856	0.96733314	8.223555	1
32260	PPP1R13L	0.01104428	0.0895133	3.0074096	5.8191614	1
32262	ERCC1	0.22820929	0.3977099	0.80108964	6.5668783	1
32266	VASP	0.2699297	0.84857553	1.6520951	36.623592	1
32279	DMPK	0.02852117	0.21676725	2.9216576	13.591599	1
32301	HIF3A	0.2149951	0.08350617	-1.3632934	9.277033	1
32313	CALM3	0.7335843	1.0556986	0.5251034	11.643349	1
32317	DACT3	0.19171652	0.35043654	0.8698378	5.969993	1
32323	SLC1A5	0.018870592	0.26763675	3.8189785	18.693085	1
32330	SAE1	0.1417086	0.295479	1.0595986	6.7398148	1
32349	EHD2	0.16183966	0.6123329	1.9190954	28.412132	1
32350	NOP53	0.6683672	0.40034348	-0.7392583	12.097836	1
32352	SELENOW	1.0733644	2.0485075	0.9323691	44.55244	1
32370	ZNF114	0.026983498	2.1827873e-11	-8.08127	6.449684	1
32372	EMP3	0.76853234	1.3884825	0.8532473	35.245663	1
32389	DBP	0.057077866	0.012275437	-2.2079773	5.291149	1
32390	CA11	0.10347179	0.019397255	-2.4092882	10.356508	1
32401	PLEKHA4	0.24510394	0.12709053	-0.9469909	6.004814	1
32404	NUCB1	0.2683379	0.45396274	0.75830334	6.871754	1
32408	BAX	0.5205953	0.88246226	0.76125866	15.33475	1
32429	HRC	0.08096547	0.015646404	-2.3640652	7.919108	1
32453	RRAS	0.5036155	1.2956071	1.3630586	44.55244	1
32462	AP2A1	0.22544695	0.41588095	0.8830896	7.847825	1
32497	JOSD2	0.12240572	0.415914	1.7637829	19.721853	1
32499	LRRC4B	0.13156831	0.054581493	-1.2677836	5.147636	1
32543	ETFB	0.47483358	0.7035873	0.56720877	7.454485	1
32641	MYADM	0.46416616	1.05178	1.1799462	36.31837	1
32725	UBE2S	0.2508468	0.5282667	1.0741581	10.952525	1
32727	ISOC2	0.25392345	0.49552894	0.96429884	10.7607	1
32853	A1BG	0.20626584	0.5396295	1.3870324	18.180326	1
32876	UBE2M	0.44489095	0.8146021	0.87249666	17.948488	1
32896	CSNK2A1	0.42342138	0.6311841	0.5758547	6.969283	1
32932	SNRPB	0.58877766	0.962	0.7082189	15.955131	1
32939	CPXM1	0.39303595	0.12225934	-1.6839039	24.813984	1
32954	ITPA	0.28036618	0.44585347	0.66906637	5.981522	1
32990	TMEM230	0.4753143	0.77206516	0.6997243	12.729057	1
33043	JAG1	0.32997307	1.4904853	2.1750216	44.55244	1
33093	DSTN	0.88965446	2.506152	1.4940522	44.55244	1
33094	RRBP1	1.0190696	1.5178249	0.5747064	28.17695	1
33127	NAA20	0.26319	0.5035864	0.9358732	11.150784	1
33171	NXT1	0.09066757	0.20997313	1.2106428	5.866138	1
33183	CST3	0.59882027	1.1087189	0.88858783	25.94609	1
33215	ABHD12	0.059863817	0.1582827	1.4012506	5.496172	1
33246	HM13	0.2626542	0.42760885	0.7029153	5.852492	1
33252	ID1	1.0178947	0.51472217	-0.9835839	24.11702	1
33257	TPX2	0.02368896	0.14841509	2.6422455	5.3928127	1
33284	COMMD7	0.35672563	0.56059426	0.6519951	6.9941835	1
33286	MAPRE1	0.23999326	0.48982847	1.0289761	11.843597	1
33301	SNTA1	0.02676675	0.19485596	2.8592546	12.270142	1
33317	EIF2S2	0.5708479	1.150585	1.0110619	35.960075	1
33328	MAP1LC3A	0.4966815	0.7206485	0.5368846	7.146942	1
33341	MMP24OS	0.2494045	0.4485967	0.84667456	7.773044	1
33343	EIF6	0.32621822	0.63319576	0.9566	14.503611	1
33366	EPB41L1	0.111135304	0.32055604	1.5274117	10.942924	1
33370	DLGAP4	0.21104161	0.48749498	1.2074722	14.500914	1
33372	MYL9	0.25098813	2.5075238	3.3200552	44.55244	1
33374	RAB5IF	0.35851538	0.72674006	1.0192006	18.579014	1
33384	RPN2	0.32352477	0.6472663	1.0002604	15.054189	1
33389	BLCAP	0.15917933	0.29138198	0.8718476	5.265795	1
33400	TGM2	0.023355605	0.12992777	2.4708152	7.1450815	1
33431	MAFB	1.5097461	0.33037537	-2.191787	44.55244	1
33454	MYBL2	1.3242243e-09	0.07803034	9.60972	5.9544106	1
33458	JPH2	0.009957651	0.18445627	4.1976957	12.538325	1
33473	ADA	0.041940983	0.13389836	1.672347	5.6702285	1
33499	DBNDD2	0.23162203	0.42617315	0.8793829	7.59588	1
33530	MMP9	2.6670954	1.0940444	-1.2855202	44.55244	1
33597	CEBPB	0.08720516	0.2851398	1.7080364	11.892146	1
33609	DPM1	0.16334002	0.30945778	0.92144734	6.151994	1
33612	KCNG1	0.0022629406	0.062386286	4.7248845	5.232688	1
33680	PMEPA1	0.39001518	0.5878729	0.5918496	5.7828665	1
33705	CTSZ	0.14567178	0.46605054	1.6770844	17.406528	1
33743	ADRM1	0.28835118	0.56625634	0.973383	12.391289	1
33745	LAMA5	0.069728725	0.17129527	1.2954347	5.1976027	1
33804	PPDPF	0.7728016	1.1473485	0.5700728	15.844423	1
33819	SLC2A4RG	0.233504	0.47939005	1.0374359	11.238418	1
33820	ZBTB46	0.19129391	0.0942487	-1.0204704	5.2998676	1
33825	TPD52L2	0.1049764	0.24557498	1.2253122	6.633968	1
33907	SAMSN1	0.05794933	0.005022959	-3.5022302	9.303853	1
33913	NRIP1	0.5305459	0.30351853	-0.8054898	10.561955	1
33920	MIR99AHG	0.2065898	0.058929235	-1.8079656	11.722208	1
33929	BTG3	0.12798855	0.3051676	1.2529329	8.694643	1
33933	C21orf91	0.3239307	0.096818276	-1.7412897	20.940777	1
33936	CHODL	0.50936687	0.105524704	-2.270041	36.921463	1
33950	NCAM2	0.31136647	0.008396604	-5.196047	44.55244	1
33999	CYYR1	0.30976468	0.062270667	-2.3126986	28.37347	1
34000	ADAMTS1	0.08854047	0.24962719	1.4943154	7.2593374	1
34002	ADAMTS5	0.22558674	0.41535288	0.8803631	6.079845	1
34021	MAP3K7CL	0.01526908	0.43147823	4.811519	25.946352	1
34024	BACH1	0.22355402	0.45370138	1.0207922	8.893673	1
34109	IFNGR2	0.1382049	0.2842414	1.0397718	6.4821744	1
34121	MRPS6	0.4320398	0.6388069	0.5641076	6.3922853	1
34133	RCAN1	0.054493606	0.23869206	2.1289508	10.539511	1
34284	PDXK	0.14424567	0.39569438	1.4552232	13.131956	1
34286	CSTB	0.5974049	1.0158118	0.7657527	19.14923	1
34303	PFKL	0.0992468	0.28091252	1.5000888	10.003148	1
34338	SUMO3	0.27168497	0.43352887	0.67399514	5.594492	1
34345	FAM207A	0.102753386	0.2306016	1.1654387	6.1575127	1
34350	ADARB1	0.028349327	0.13877359	2.2873058	7.6354837	1
34353	POFUT2	0.06569549	0.21955016	1.739147	8.455575	1
34354	LINC00205	0.067023166	0.1940202	1.5320675	6.820928	1
34361	COL18A1	0.18454929	1.8258244	3.3057675	44.55244	1
34375	COL6A1	0.6538845	1.2862679	0.97597504	33.989876	1
34380	COL6A2	0.6740872	1.3125403	0.9612504	36.687138	1
34398	PRMT2	0.44970283	0.72219115	0.68328786	10.173669	1
34442	BID	0.03256982	0.13177678	2.01316	6.191646	1
34482	SLC25A1	0.122037485	0.3754068	1.620333	14.176361	1
34488	MRPL40	0.18673262	0.43261975	1.2116865	12.465381	1
34490	UFD1	0.38178796	0.6919798	0.8577891	13.809195	1
34498	SEPTIN5	0.04117501	0.15114395	1.8735368	6.9336915	1
34499	GP1BB	0.076452896	0.27885067	1.865481	11.717837	1
34504	COMT	0.15829103	0.43106762	1.444758	15.104336	1
34512	RANBP1	0.62110084	1.0493649	0.75652224	20.465784	1
34528	MED15	0.08232632	0.19489054	1.2422272	5.5264063	1
34557	UBE2L3	0.5778029	0.9206976	0.672057	14.157971	1
34561	SDF2L1	0.1815484	0.5037169	1.4717509	16.498148	1
34567	MAPK1	0.21847674	0.35607898	0.7044624	5.0073886	1
34688	CHCHD10	0.44383273	0.9735637	1.1330825	30.445127	1
34689	MMP11	0.16776645	0.37204736	1.14856	8.292375	1
34701	DDT	0.4538484	0.89763653	0.9837639	22.3508	1
34752	SRRD	0.1050125	0.23310067	1.1496377	6.034539	1
34755	TPST2	0.0660906	0.21140355	1.6759837	8.124681	1
34790	XBP1	0.17735521	0.5900138	1.7335383	25.588062	1
34799	EMID1	0.06543058	0.014287253	-2.1873772	6.300107	1
34860	SELENOM	0.19205046	0.6828164	1.8294725	28.892979	1
34879	YWHAH	0.4907079	1.2357295	1.3322494	44.55244	1
34943	MYH9	0.6378211	1.8334333	1.5231766	44.55244	1
34983	CDC42EP1	0.20308359	0.473604	1.221202	13.420271	1
34989	LGALS1	0.50575465	2.2358963	2.144123	44.55244	1
34998	MICALL1	0.02755285	0.15164806	2.456178	8.7104025	1
35001	POLR2F	0.30645624	0.5085551	0.73053616	7.3265347	1
35021	KDELR3	0.05058023	0.44572407	3.1369793	29.118382	1
35065	RPS19BP1	0.35489184	0.64441717	0.86043304	12.973121	1
35076	MRTFA	0.056529928	0.15374833	1.4418721	5.118266	1
35101	PMM1	0.07821187	0.24599403	1.6519068	9.257602	1
35102	DESI1	0.12132455	0.26919785	1.1491425	6.6862965	1
35120	NDUFA6	0.5032045	0.715254	0.5072258	6.377796	1
35131	RRP7A	0.17971581	0.38793498	1.1096668	9.466326	1
35135	CYB5R3	0.33021832	0.8287529	1.3272592	29.610022	1
35138	ARFGAP3	0.28573206	0.5005434	0.80861574	8.634868	1
35144	TSPO	0.31593847	0.93520105	1.5653307	37.275826	1
35179	KIAA0930	0.02178297	0.11107131	2.344904	6.387473	1
35251	CRELD2	0.19688658	0.35229367	0.8390905	5.7958684	1
35276	ADM2	1.3242243e-09	0.062231094	9.28379	5.6633043	1
35280	SCO2	0.105746694	0.28838518	1.4465209	10.122367	1
35310	IL3RA	0.05717157	0.008919851	-2.6666436	6.6105413	1
35341	NLGN4X	0.19140989	0.061948974	-1.6259396	11.027253	1
35351	ANOS1	0.017675051	0.14009656	2.9795253	6.9700565	1
35385	EGFL6	0.0073753577	0.1010243	3.7578435	6.978379	1
35409	AP1S2	0.13881487	0.3969428	1.5150934	13.938472	1
35415	SYAP1	0.23705947	0.44476792	0.9075195	9.011344	1
35437	SH3KBP1	0.21428323	0.38929427	0.8610396	6.921595	1
35452	SMS	0.22585164	0.6801189	1.5899851	29.034012	1
35461	PRDX4	0.39536512	0.94335055	1.2543964	36.2539	1
35462	ACOT9	0.11232931	0.3600716	1.6796662	15.12843	1
35464	SAT1	0.50762	0.32025895	-0.6643439	6.6144595	1
35489	IL1RAPL1	0.093259595	0.018610585	-2.3189435	9.180026	1
35505	DMD	0.031319004	0.2443536	2.9598513	14.325786	1
35523	DYNLT3	0.1524575	0.5693471	1.9002086	26.792603	1
35528	SRPX	0.038399037	0.1401315	1.8649162	5.853545	1
35532	TSPAN7	0.12511563	0.01246484	-3.3169506	18.174047	1
35546	ATP6AP2	0.4936346	0.70459	0.51325303	6.8413982	1
35550	MED14	0.07713915	0.18129344	1.2317182	5.26554	1
35553	USP9X	0.2774449	0.5328431	0.9412605	11.542452	1
35589	RP2	0.0328476	0.11561911	1.8123819	5.082705	1
35605	TIMP1	1.0724374	1.854896	0.79038805	41.616932	1
35627	EBP	0.10732951	0.27488002	1.3559363	9.0718565	1
35630	RBM3	0.7570057	1.2055125	0.67119974	21.337605	1
35654	PLP2	0.12570025	0.5457005	2.117239	27.317764	1
35700	MAGED1	0.41811258	0.6941564	0.7312322	11.22751	1
35780	MSN	0.58735985	1.3900591	1.2426878	44.55244	1
35808	PDZD11	0.26003644	0.44753265	0.7830468	7.2260537	1
35879	MAGT1	0.14368051	0.31584615	1.1358104	8.249233	1
35882	PGK1	0.46347928	0.9787601	1.0782866	26.456434	1
35885	CYSLTR1	0.07850397	0.0075500496	-3.361061	11.407968	1
35917	PCDH11X	0.07339458	0.012226594	-2.5758636	8.567463	1
35926	TNMD	0.0061889086	0.5346923	6.410025	32.128506	1
35952	ARMCX2	0.14312197	0.28026688	0.969063	5.9248495	1
35981	TCEAL5	0.05638905	0.00794092	-2.8125386	6.8587294	1
35982	BEX2	0.22247389	0.028504893	-2.9599504	28.300232	1
35991	TCEAL3	0.25512165	0.4110073	0.6877643	5.0187306	1
35994	MORF4L2	0.54037815	1.0957152	1.0196962	33.209564	1
36011	NRK	0.7851595	0.3576233	-1.1343255	25.2153	1
36016	TBC1D8B	0.030529285	0.13008529	2.0875828	6.451315	1
36017	MORC4	0.050233223	0.21159516	2.0724053	10.393139	1
36059	AMOT	0.22658333	0.04702855	-2.266005	20.76971	1
36069	PLS3	0.35260096	0.9933317	1.4939753	41.90213	1
36079	IL13RA1	0.080393255	0.18697876	1.2167059	5.181685	1
36093	UBE2A	0.27536103	0.5065111	0.8790305	10.045798	1
36114	MCTS1	0.34632042	0.55203944	0.6725088	7.3553286	1
36143	TENM1	0.11629402	0.020378161	-2.5068588	12.206979	1
36175	IGSF1	0.0299377	0.17690356	2.558932	9.861737	1
36205	RTL8C	0.60532176	0.9252016	0.6119832	12.591101	1
36233	FHL1	0.22572935	0.5642416	1.3213357	16.960135	1
36234	MAP7D3	0.104693234	0.27940774	1.4153426	9.332521	1
36243	RBMX	0.8181817	0.5147425	-0.66846645	12.629054	1
36263	LDOC1	0.30441368	0.15644076	-0.9599685	7.430371	1
36277	SLITRK4	0.022822047	2.1827873e-11	-7.840592	5.5207047	1
36295	AFF2	0.070394695	0.011475034	-2.6064982	7.9817863	1
36350	CETN2	0.184901	0.33961183	0.8767783	6.1763015	1
36366	BGN	0.9128617	1.9476448	1.0931785	44.55244	1
36380	L1CAM	0.008247638	0.24199973	4.8580894	18.929577	1
36384	NAA10	0.31100887	0.5806597	0.90052193	11.360377	1
36389	IRAK1	0.060604636	0.16173841	1.4146755	5.506114	1
36398	FLNA	0.6017041	1.7813269	1.5656674	44.55244	1
36400	EMD	0.2106992	0.4609882	1.1291733	11.740548	1
36407	GDI1	0.17184596	0.31673756	0.8817881	6.155002	1
36408	FAM50A	0.33405885	0.75769466	1.181273	24.377338	1
36409	PLXNA3	0.06407378	0.21952215	1.7749677	9.214922	1
36415	G6PD	0.04892435	0.17667922	1.8503783	8.186159	1
36430	CMC4	0.066003226	0.18601209	1.4933792	6.6081924	1
36433	VBP1	0.22158147	0.40625802	0.8742631	7.359358	1
36500	NLGN4Y	0.200663	0.08059084	-1.3150166	8.495983	1
